time_s,ice_torque_nm,em1_speed_rpm,em1_torque_nm,em1_torque_ist_nm,em1_power_kw,em1_power_ist_kw,em1_elpower_kw,em1_elpower_ist_kw,em2_speed_rpm,em2_torque_nm,em2_torque_ist_nm,em2_power_kw,em2_power_ist_kw,em2_elpower_kw,em2_elpower_ist_kw,soc_1,ice_speed_soll_rpm,brake_perc,car_speed_kmph,car_acc_mpsh2,grade_perc,sun_speed_rpm,carrier_speed_rpm,ring_speed_rpm,brake_trq_nm,brake_pwr_kw
0.0,-24.644444,172.38017,58.3502,58.3502,1.0533154,1.0533154,2.1646593,2.1646593,0.6540092,82.26335,82.26335,0.0056340266,0.0056340266,0.017003307,0.017003307,0.49497277,1666.5751,0.0,0.034051433,0.12871277,0.0,172.38017,72.110535,0.6540092,0.0,0.0
0.5,-24.644444,2880.021354,42.124903,42.124903,10.37912572,10.37912572,11.47376777,11.47376777,2.89185537,82.337636,82.337636,0.02495227835,0.02495227835,0.0745546179,0.0745546179,0.49490719,1666.5751,0.0,0.1505663969,0.132220901,0.0,2880.021354,1200.086694,2.89185537,0.0,0.0
1.0,-24.644444,3961.64222,11.1981275,11.1981275,4.64303858,4.64303858,5.12512441,5.12512441,8.1238971,87.1774501,87.1774501,0.074523353,0.074523353,0.21888602,0.21888602,0.49483454,1666.5751,0.0,0.422976185,0.159232274,0.0,3961.64222,1653.21207,8.1238971,0.0,0.0
1.5,-24.644444,4001.04518,10.89159315,10.89159315,4.56432347,4.56432347,5.04647392,5.04647392,14.0136313,94.758165,94.758165,0.1394698824,0.1394698824,0.40174048,0.40174048,0.494789917,1676.93462,0.0,0.729629154,0.181993279,0.0,4001.04518,1673.04693,14.0136313,0.0,0.0
2.0,-24.644444,4098.93897,11.2408741,11.2408741,4.82496915,4.82496915,5.31810061,5.31810061,20.710776,102.3389233,102.3389233,0.222421657,0.222421657,0.62713759,0.62713759,0.494740468,1720.21254,0.0,1.07832052,0.205901748,0.0,4098.93897,1717.69163,20.710776,0.0,0.0
2.5,-24.644444,4198.63013,11.2135187,11.2135187,4.93034761,4.93034761,5.43028455,5.43028455,28.2540932,109.919155,109.919155,0.325746372,0.325746372,0.897417094,0.897417094,0.49468743,1765.90445,0.0,1.47106841,0.230458128,0.0,4198.63013,1763.57838,28.2540932,0.0,0.0
3.0,-24.644444,4256.86978,10.300087,10.300087,4.59155409,4.59155409,5.09442795,5.09442795,36.6675719,117.4993867,117.4993867,0.451757658,0.451757658,1.21443897,1.21443897,0.494632194,1793.46095,0.0,1.90912182,0.25654773,0.0,4256.86978,1792.72486,36.6675719,0.0,0.0
3.5,-24.644444,4240.88444,10.16720865,10.16720865,4.51529913,4.51529913,5.01522334,5.01522334,45.9688705,125.0050206,125.0050206,0.602357397,0.602357397,1.57895798,1.57895798,0.494576475,1793.7305,0.0,2.39340022,0.281029839,0.0,4240.88444,1791.50422,45.9688705,0.0,0.0
4.0,-24.644444,4226.70071,10.1737807,10.1737807,4.50310903,4.50310903,5.00154792,5.00154792,55.9031178,127.744736,127.744736,0.747838235,0.747838235,1.9077904,1.9077904,0.494517442,1793.7305,0.0,2.91063352,0.289842573,0.0,4226.70071,1791.40277,55.9031178,0.0,0.0
4.5,-24.644444,4212.66181,10.1741753,10.1741753,4.48832641,4.48832641,4.98559357,4.98559357,65.9225626,127.744736,127.744736,0.881872354,0.881872354,2.18854945,2.18854945,0.494455663,1793.7305,0.0,3.43230271,0.289789203,0.0,4212.66181,1791.4114,65.9225626,0.0,0.0
5.0,-24.644444,4198.63723,10.174202,10.174202,4.47339546,4.47339546,4.96950801,4.96950801,75.9400316,127.744736,127.744736,1.015879989,1.015879989,2.45435479,2.45435479,0.494391366,1793.7305,0.0,3.95386891,0.289727838,0.0,4198.63723,1791.42474,75.9400316,0.0,0.0
5.5,-24.6679773,4184.57843,10.1781905,10.1781905,4.460162,4.460162,4.95500173,4.95500173,85.9551736,127.744736,127.744736,1.14985651,1.14985651,2.70636185,2.70636185,0.494324685,1793.7305,0.0,4.47531403,0.289623584,0.0,4184.57843,1791.42255,85.9551736,0.0,0.0
6.0,-26.1707656,4167.7168,10.7811501,10.7811501,4.7051975,4.7051975,5.19433315,5.19433315,95.9307633,127.744736,127.744736,1.28330396,1.28330396,2.94475998,2.94475998,0.494254806,1793.7305,0.0,4.99469978,0.286745993,0.0,4167.7168,1790.23104,95.9307633,0.0,0.0
6.5,-28.5189518,4152.99227,11.7876705,11.7876705,5.1263455,5.1263455,5.63445081,5.63445081,105.7645827,127.7325534,127.7325534,1.41471434,1.41471434,3.16800832,3.16800832,0.494178745,1793.7305,0.0,5.50670425,0.282133917,0.0,4152.99227,1789.84592,105.7645827,0.0,0.0
7.0,-30.8671381,4139.46756,12.7675434,12.7675434,5.53441355,5.53441355,6.05864842,6.05864842,115.4066697,126.9420446,126.9420446,1.53403834,1.53403834,3.35408763,3.35408763,0.494096062,1793.7305,0.0,6.00872602,0.275044162,0.0,4139.46756,1789.84811,115.4066697,0.0,0.0
7.5,-33.2153245,4126.36064,13.74706355,13.74706355,5.94015478,5.94015478,6.47689739,6.47689739,124.767714,125.704107,125.704107,1.64230665,1.64230665,3.5087948,3.5087948,0.494007124,1793.7305,0.0,6.49611514,0.266501811,0.0,4126.36064,1789.86006,124.767714,0.0,0.0
8.0,-35.5635112,4113.66867,14.7265381,14.7265381,6.34382741,6.34382741,6.88953576,6.88953576,133.833367,124.4661685,124.4661685,1.74429765,1.74429765,3.6454765,3.6454765,0.493912083,1793.7305,0.0,6.96812441,0.257955396,0.0,4113.66867,1789.8722,133.833367,0.0,0.0
8.5,-37.9116974,4101.39051,15.70601245,15.70601245,6.74557691,6.74557691,7.29677996,7.29677996,142.603491,123.2282306,123.2282306,1.84012458,1.84012458,3.76576496,3.76576496,0.493811024,1793.7305,0.0,7.4247469,0.249405526,0.0,4101.39051,1789.88397,142.603491,0.0,0.0
9.0,-40.2598838,4089.52618,16.6854873,16.6854873,7.14553107,7.14553107,7.69882538,7.69882538,151.077985,121.9902918,121.9902918,1.92990098,1.92990098,3.87110857,3.87110857,0.49370407,1793.7305,0.0,7.86597701,0.240852876,0.0,4089.52618,1789.89538,151.077985,0.0,0.0
9.5,-42.6080699,4078.07585,17.6649585,17.6649585,7.54381553,7.54381553,8.10183351,8.10183351,159.256825,120.7645371,120.7645371,2.01394946,2.01394946,3.96324539,3.96324539,0.493591265,1793.7305,0.0,8.29181395,0.232337443,0.0,4078.07585,1789.90636,159.256825,0.0,0.0
10.0,-44.9562566,4066.99428,18.6437498,18.6437498,7.94018077,7.94018077,8.51498635,8.51498635,167.174577,120.31711,120.31711,2.10632919,2.10632919,4.07265033,4.07265033,0.493472369,1793.7305,0.0,8.7040569,0.226338788,0.0,4066.99428,1789.91834,167.174577,0.0,0.0
10.5,-47.235691,4056.26003,19.6104976,19.6104976,8.3298807,8.3298807,8.92057465,8.92057465,174.920945,120.31711,120.31711,2.20393013,2.20393013,4.19131859,4.19131859,0.493346933,1793.7305,0.0,9.1073771,0.22188637,0.0,4056.26003,1789.9748,174.920945,0.0,0.0
11.0,-45.1984107,4053.93467,18.8293245,18.8293245,7.9936026,7.9936026,8.5705482,8.5705482,182.617793,120.31711,120.31711,2.30090717,2.30090717,4.30541347,4.30541347,0.493218316,1793.7305,0.0,9.5081185,0.225498356,0.0,4053.93467,1793.50132,182.617793,0.0,0.0
11.5,-40.6939524,4045.60588,16.8704746,16.8704746,7.14743937,7.14743937,7.69816962,7.69816962,190.562201,120.31711,120.31711,2.40100335,2.40100335,4.41955485,4.41955485,0.493097355,1793.7305,0.0,9.92174965,0.234026836,0.0,4045.60588,1794.67431,190.562201,0.0,0.0
12.0,-36.1894941,4034.14165,14.99138175,14.99138175,6.3333644,6.3333644,6.874673,6.874673,198.797865,120.31711,120.31711,2.50476929,2.50476929,4.54682483,4.54682483,0.492985074,1793.7305,0.0,10.3505449,0.242406092,0.0,4034.14165,1794.71271,198.797865,0.0,0.0
12.5,-31.6850363,4022.20779,13.1146731,13.1146731,5.52415758,5.52415758,6.04421328,6.04421328,207.322915,120.31711,120.31711,2.61218124,2.61218124,4.68293643,4.68293643,0.492880843,1793.7305,0.0,10.79440735,0.250770165,0.0,4022.20779,1794.72468,207.322915,0.0,0.0
13.0,-27.1805776,4009.8682,11.2380123,11.2380123,4.71918422,4.71918422,5.20547408,5.20547408,216.136921,120.31711,120.31711,2.72323406,2.72323406,4.82015321,4.82015321,0.492784464,1793.7305,0.0,11.2533144,0.259122499,0.0,4009.8682,1794.73649,216.136921,0.0,0.0
13.5,-22.6761195,3997.12461,9.361356,9.361356,3.91866666,3.91866666,4.43040877,4.43040877,225.239471,120.31711,120.31711,2.83792233,2.83792233,4.95825929,4.95825929,0.492695503,1793.7305,0.0,11.7272449,0.267462515,0.0,3997.12461,1794.7487,225.239471,0.0,0.0
14.0,-18.171661,3983.97765,7.4847028,7.4847028,3.12284313,3.12284313,3.66944932,3.66944932,234.630126,120.31711,120.31711,2.95624065,2.95624065,5.09704636,5.09704636,0.492613079,1793.7305,0.0,12.2161757,0.275789538,0.0,3983.97765,1794.76131,234.630126,0.0,0.0
14.5,-13.6672029,3970.42803,5.60805355,5.60805355,2.33195207,2.33195207,2.85204526,2.85204526,244.308431,120.31711,120.31711,3.07818316,3.07818316,5.23631574,5.23631574,0.492537385,1793.7305,0.0,12.7200828,0.284102892,0.0,3970.42803,1794.7743,244.308431,0.0,0.0
15.0,-9.16274454,3956.47639,3.73140854,3.73140854,1.54623127,1.54623127,1.96642979,1.96642979,254.273891,120.31711,120.31711,3.20374377,3.20374377,5.375878,5.375878,0.492468851,1793.7305,0.0,13.23894165,0.292401841,0.0,3956.47639,1794.78768,254.273891,0.0,0.0
15.5,-4.70346449,3942.05154,1.86238194,1.86238194,0.769047678,0.769047678,0.987794852,0.987794852,264.525894,120.31711,120.31711,3.33291466,3.33291466,5.51555118,5.51555118,0.492408131,1793.7305,0.0,13.77271895,0.300619939,0.0,3942.05154,1794.77144,264.525894,0.0,0.0
16.0,-3.081726,3921.84287,1.14234318,1.14234318,0.469128365,0.469128365,0.602774709,0.602774709,274.993082,120.31711,120.31711,3.4647968,3.4647968,5.65424508,5.65424508,0.49235352,1793.7305,0.0,14.31770025,0.303519915,0.0,3921.84287,1792.47421,274.993082,0.0,0.0
16.5,-3.081726,3905.32555,1.19643369,1.19643369,0.489298519,0.489298519,0.628854625,0.628854625,285.4796,120.31711,120.31711,3.59692262,3.59692262,5.78939156,5.78939156,0.492298424,1793.7305,0.0,14.8636878,0.303172154,0.0,3905.32555,1791.72424,285.4796,0.0,0.0
17.0,-3.081726,3890.61509,1.1981019,1.1981019,0.488135767,0.488135767,0.627507482,0.627507482,295.956185,120.31711,120.31711,3.72892307,3.72892307,5.92075906,5.92075906,0.492242003,1793.7305,0.0,15.409158,0.302906387,0.0,3890.61509,1791.72028,295.956185,0.0,0.0
17.5,-3.081726,3914.57867,2.24549979,2.24549979,0.922258056,0.922258056,1.184980748,1.184980748,306.401842,120.31711,120.31711,3.86053405,3.86053405,6.04825294,6.04825294,0.492182505,1811.89457,0.0,15.9530188,0.300813707,0.0,3914.57867,1807.79089,306.401842,0.0,0.0
18.0,-3.081726,4050.99255,2.44274375,2.44274375,1.035142996,1.035142996,1.32738355,1.32738355,316.774969,120.31711,120.31711,3.99123106,3.99123106,6.17154874,6.17154874,0.492116144,1872.24675,0.0,16.4931029,0.300190522,0.0,4050.99255,1870.61047,316.774969,0.0,0.0
18.5,-3.081726,4087.31494,1.1026993,1.1026993,0.471940923,0.471940923,0.604793271,0.604793271,327.194391,120.31711,120.31711,4.12251123,4.12251123,6.29219959,6.29219959,0.492053271,1892.2722,0.0,17.0355964,0.302232304,0.0,4087.31494,1891.80828,327.194391,0.0,0.0
19.0,-3.081726,4068.87068,1.19456274,1.19456274,0.508990984,0.508990984,0.652461134,0.652461134,337.634312,120.31711,120.31711,4.2540499,4.2540499,6.41000347,6.41000347,0.491991987,1892.2722,0.0,17.5791579,0.30177299,0.0,4068.87068,1890.22928,337.634312,0.0,0.0
19.5,-3.081726,4054.16862,1.19846139,1.19846139,0.508808595,0.508808595,0.652379851,0.652379851,348.061626,120.31711,120.31711,4.38542966,4.38542966,6.52469725,6.52469725,0.491929413,1892.2722,0.0,18.1220632,0.301457656,0.0,4054.16862,1890.20012,348.061626,0.0,0.0
20.0,-3.081726,4039.58367,1.1986221,1.1986221,0.507046167,0.507046167,0.650271101,0.650271101,358.478054,120.31711,120.31711,4.51667237,4.51667237,6.63642106,6.63642106,0.491865744,1892.2722,0.0,18.6644016,0.301139781,0.0,4039.58367,1890.21327,358.478054,0.0,0.0
20.5,-3.081726,4025.01621,1.1987143,1.1987143,0.505256528,0.505256528,0.648126239,0.648126239,368.883344,120.31711,120.31711,4.64777461,4.64777461,6.74528532,6.74528532,0.491801005,1892.2722,0.0,19.2061599,0.300813017,0.0,4025.01621,1890.22723,368.883344,0.0,0.0
21.0,-3.081726,4010.46486,1.19880765,1.19880765,0.503469103,0.503469103,0.645983118,0.645983118,379.277179,120.31711,120.31711,4.77873256,4.77873256,6.85139586,6.85139586,0.491735236,1892.2722,0.0,19.7473225,0.300477281,0.0,4010.46486,1890.24117,379.277179,0.0,0.0
21.5,-3.081726,3898.84216,-12.92466782,-12.92466782,-4.429912578,-4.429912578,-3.926949537,-3.926949537,389.713264,120.243938,120.243938,4.90719747,4.90719747,6.96317872,6.96317872,0.491670776,1800.37351,0.0,20.2906839,0.32440987,0.0,3898.84216,1849.88769,389.713264,0.0,0.0
22.0,-3.081726,-326.416163,-27.29961226,-27.29961226,-2.993579768,-2.993579768,-2.089692348,-2.089692348,402.232638,115.4790166,115.4790166,4.86347695,4.86347695,6.83484715,6.83484715,0.491651269,134.4438996,0.0,20.9425132,0.333648309,0.0,-326.416163,99.03650139,402.232638,0.0,0.0
22.5,-3.081726,-433.153466,2.16536135,2.16536135,-0.1004782305,-0.1004782305,-0.0415876969,-0.0415876969,411.681363,108.0146524,108.0146524,4.65606258,4.65606258,6.49296983,6.49296983,0.491594336,70.90531,0.0,21.4344679,0.257890945,0.0,-433.153466,60.1393527,411.681363,0.0,0.0
23.0,-3.081726,-418.68379,1.23656084,1.23656084,-0.0542118302,-0.0542118302,-0.0214911862,-0.0214911862,420.216587,100.550322,100.550322,4.42419053,4.42419053,6.12799047,6.12799047,0.491539759,70.90531,0.0,21.8788598,0.235051577,0.0,-418.68379,71.1439436,420.216587,0.0,0.0
23.5,-3.081726,-428.953284,1.22414082,1.22414082,-0.054988757,-0.054988757,-0.0220742319,-0.0220742319,427.920839,93.0859912,93.0859912,4.17087811,4.17087811,5.74120832,5.74120832,0.491488699,70.90531,0.0,22.2799872,0.210641496,0.0,-428.953284,71.3691944,427.920839,0.0,0.0
24.0,-3.081726,-438.547694,1.23057372,1.23057372,-0.0565141409,-0.0565141409,-0.0229495206,-0.0229495206,434.780797,85.6216624,85.6216624,3.897951,3.897951,5.3470739,5.3470739,0.491441298,70.90531,0.0,22.6371548,0.18622518,0.0,-438.547694,71.382365,434.780797,0.0,0.0
24.5,-3.081726,-446.970621,1.23732013,1.23732013,-0.0579152636,-0.0579152636,-0.023755043,-0.023755043,440.797497,78.2306069,78.2306069,3.61079899,3.61079899,4.94956353,4.94956353,0.491397555,70.90531,0.0,22.950419,0.162072942,0.0,-446.970621,71.390631,440.797497,0.0,0.0
25.0,-3.081726,-454.487017,1.23996614,1.23996614,-0.0590146324,-0.0590146324,-0.0244210367,-0.0244210367,446.180552,75.53113,75.53113,3.52911039,3.52911039,4.82837865,4.82837865,0.491356511,70.90531,0.0,23.2306915,0.153124108,0.0,-454.487017,71.4061286,446.180552,0.0,0.0
25.5,-3.081726,-461.886737,1.23982901,1.23982901,-0.0599688772,-0.0599688772,-0.0250312169,-0.0250312169,451.470779,75.53113,75.53113,3.57095398,3.57095398,4.87241405,4.87241405,0.491315492,70.90531,0.0,23.5061304,0.152919413,0.0,-461.886737,71.4159764,451.470779,0.0,0.0
26.0,-3.081726,-469.282933,1.23988087,1.23988087,-0.0609317094,-0.0609317094,-0.0256517521,-0.0256517521,456.753895,75.53113,75.53113,3.61274127,3.61274127,4.91615318,4.91615318,0.49127409,70.90531,0.0,23.7811991,0.152712263,0.0,-469.282933,71.4231304,456.753895,0.0,0.0
26.5,-3.081726,-476.669204,1.23993893,1.23993893,-0.0618936417,-0.0618936417,-0.0262785164,-0.0262785164,462.029797,75.53113,75.53113,3.65447166,3.65447166,4.95959815,4.95959815,0.491232301,70.90531,0.0,24.0558929,0.152502974,0.0,-476.669204,71.4302117,462.029797,0.0,0.0
27.0,-3.081726,-484.045303,1.23999771,1.23999771,-0.0628543792,-0.0628543792,-0.0269113535,-0.0269113535,467.298434,75.53113,75.53113,3.69614445,3.69614445,5.00275129,5.00275129,0.491190115,70.90531,0.0,24.3302079,0.152291581,0.0,-484.045303,71.4372851,467.298434,0.0,0.0
27.5,-3.081726,-491.411115,1.240057,1.240057,-0.063813897,-0.063813897,-0.0275502232,-0.0275502232,472.559728,75.53113,75.53113,3.7377591,3.7377591,5.04561484,5.04561484,0.491147543,70.90531,0.0,24.6041408,0.152078085,0.0,-491.411115,71.444343,472.559728,0.0,0.0
28.0,-3.081726,-498.766542,1.24011696,1.24011696,-0.0647721917,-0.0647721917,-0.0281950907,-0.0281950907,477.813604,75.53113,75.53113,3.77931522,3.77931522,5.08819073,5.08819073,0.491104583,70.90531,0.0,24.8776872,0.151862507,0.0,-498.766542,71.4513971,477.813604,0.0,0.0
28.5,-3.081726,-506.111481,1.24017746,1.24017746,-0.065729249,-0.065729249,-0.02884592,-0.02884592,483.059987,75.53113,75.53113,3.82081201,3.82081201,5.13048135,5.13048135,0.491061245,70.90531,0.0,25.1508436,0.151644859,0.0,-506.111481,71.4584366,483.059987,0.0,0.0
29.0,-3.081726,-513.445847,1.2402385,1.2402385,-0.0666850521,-0.0666850521,-0.0295026754,-0.0295026754,488.298816,75.53113,75.53113,3.862249,3.862249,5.172489,5.172489,0.491017529,70.90531,0.0,25.423607,0.151425151,0.0,-513.445847,71.4654685,488.298816,0.0,0.0
29.5,-3.081726,-520.769525,1.2403002,1.2403002,-0.0676395941,-0.0676395941,-0.0301653187,-0.0301653187,493.530013,75.53113,75.53113,3.90362572,3.90362572,5.21421561,5.21421561,0.49097343,70.90531,0.0,25.6959726,0.151203399,0.0,-520.769525,71.4724881,493.530013,0.0,0.0
30.0,-3.081726,-528.082416,1.24036237,1.24036237,-0.0685928603,-0.0685928603,-0.0308338138,-0.0308338138,498.753506,75.53113,75.53113,3.94494145,3.94494145,5.2556634,5.2556634,0.49092896,70.90531,0.0,25.9679377,0.150979615,0.0,-528.082416,71.4795,498.753506,0.0,0.0
30.5,-3.081726,-535.384593,1.24041178,1.24041178,-0.0695441115,-0.0695441115,-0.031507796,-0.031507796,503.969425,75.568224,75.568224,3.98816411,3.98816411,5.29938507,5.29938507,0.490884123,70.90531,0.0,26.2395081,0.150873594,0.0,-535.384593,71.486552,503.969425,0.0,0.0
31.0,-3.081726,-542.813978,1.23838713,1.23838713,-0.0703938311,-0.0703938311,-0.0321464727,-0.0321464727,509.28332,77.9803574,77.9803574,4.15902917,4.15902917,5.50765417,5.50765417,0.490838293,70.90531,0.0,26.5161795,0.15844662,0.0,-542.813978,71.4978643,509.28332,0.0,0.0
31.5,-3.081726,-550.769653,1.23495885,1.23495885,-0.0712278215,-0.0712278215,-0.0328023041,-0.0328023041,514.96831,81.7590589,81.7590589,4.40924224,4.40924224,5.81580966,5.81580966,0.490789906,70.90531,0.0,26.8121721,0.170426739,0.0,-550.769653,71.5068769,514.96831,0.0,0.0
32.0,-3.081726,-559.307921,1.23163195,1.23163195,-0.0721371543,-0.0721371543,-0.0335199481,-0.0335199481,521.067109,85.5377605,85.5377605,4.6676609,4.6676609,6.13105945,6.13105945,0.490738614,70.90531,0.0,27.1297101,0.182385291,0.0,-559.307921,71.5150859,521.067109,0.0,0.0
32.5,-3.081726,-568.424524,1.228314,1.228314,-0.0731154594,-0.0731154594,-0.0342979808,-0.0342979808,527.57894,89.3164619,89.3164619,4.93476962,4.93476962,6.4553064,6.4553064,0.490684315,70.90531,0.0,27.4687532,0.194321809,0.0,-568.424524,71.5238172,527.57894,0.0,0.0
33.0,-3.081726,-578.118288,1.22500236,1.22500236,-0.0741618577,-0.0741618577,-0.0351376821,-0.0351376821,534.503067,93.0951625,93.0951625,5.21105107,5.21105107,6.797809,6.797809,0.490626837,70.90531,0.0,27.8292624,0.206235646,0.0,-578.118288,71.5330993,534.503067,0.0,0.0
33.5,-3.081726,-588.388,1.2217106,1.2217106,-0.07527644,-0.07527644,-0.0360408891,-0.0360408891,541.838473,96.83677,96.83677,5.49486646,5.49486646,7.14848585,7.14848585,0.490566021,70.90531,0.0,28.2111843,0.218006322,0.0,-588.388,71.5428828,541.838473,0.0,0.0
34.0,-3.081726,-599.094422,1.22050012,1.22050012,-0.0765705761,-0.0765705761,-0.0370583478,-0.0370583478,549.478712,98.20334,98.20334,5.65074524,5.65074524,7.32614264,7.32614264,0.490502417,70.90531,0.0,28.6089793,0.222072183,0.0,-599.094422,71.5489475,549.478712,0.0,0.0
34.5,-3.081726,-609.837291,1.22070029,1.22070029,-0.0779563866,-0.0779563866,-0.0381353492,-0.0381353492,557.149787,98.20334,98.20334,5.72963339,5.72963339,7.40062794,7.40062794,0.490437794,70.90531,0.0,29.0083794,0.221705499,0.0,-609.837291,71.5578518,557.149787,0.0,0.0
35.0,-3.081726,-620.559038,1.22080632,1.22080632,-0.0793338533,-0.0793338533,-0.0392218652,-0.0392218652,564.808114,98.20334,98.20334,5.8083904,5.8083904,7.47443534,7.47443534,0.490372458,70.90531,0.0,29.4071157,0.221334526,0.0,-620.559038,71.5680952,564.808114,0.0,0.0
35.5,-3.081726,-631.262654,1.2209107,1.2209107,-0.0807091305,-0.0807091305,-0.0403209098,-0.0403209098,572.453547,98.20334,98.20334,5.88701476,5.88701476,7.54757261,7.54757261,0.490306405,70.90531,0.0,29.8051799,0.220959128,0.0,-631.262654,71.578355,572.453547,0.0,0.0
36.0,-3.081726,-641.947969,1.22101626,1.22101626,-0.0820823825,-0.0820823825,-0.0414287455,-0.0414287455,580.085918,98.20334,98.20334,5.96550472,5.96550472,7.62112055,7.62112055,0.490239641,70.90531,0.0,30.2025651,0.220579334,0.0,-641.947969,71.588598,580.085918,0.0,0.0
36.5,-3.081726,-652.614562,1.22114423,1.22114423,-0.0834550211,-0.0834550211,-0.0424236918,-0.0424236918,587.70477,98.144262,98.144262,6.04019844,6.04019844,7.6981342,7.6981342,0.490172118,70.90531,0.0,30.5992451,0.220004419,0.0,-652.614562,71.598739,587.70477,0.0,0.0
37.0,-3.081726,-663.042367,1.22457741,1.22457741,-0.0850273749,-0.0850273749,-0.0434632249,-0.0434632249,595.141771,94.3025525,94.3025525,5.87685508,5.87685508,7.46877699,7.46877699,0.49010499,70.90531,0.0,30.9864574,0.207193129,0.0,-663.042367,71.6020624,595.141771,0.0,0.0
37.5,-3.081726,-672.595614,1.23024675,1.23024675,-0.086651689,-0.086651689,-0.0445176988,-0.0445176988,601.961736,88.2843676,88.2843676,5.56487013,5.56487013,7.05530199,7.05530199,0.490041416,70.90531,0.0,31.3415436,0.187360004,0.0,-672.595614,71.6090154,601.961736,0.0,0.0
38.0,-3.081726,-681.18449,1.23575528,1.23575528,-0.0881511019,-0.0881511019,-0.04549307,-0.04549307,608.096598,82.2661845,82.2661845,5.23838693,5.23838693,6.64101188,6.64101188,0.489981855,70.90531,0.0,31.6609594,0.167559111,0.0,-681.18449,71.6172135,608.096598,0.0,0.0
38.5,-3.081726,-688.815686,1.2412501,1.2412501,-0.0895349484,-0.0895349484,-0.0463922866,-0.0463922866,613.547475,76.2480014,76.2480014,4.89870961,4.89870961,6.21215922,6.21215922,0.489926357,70.90531,0.0,31.944763,0.147791239,0.0,-688.815686,71.6245444,613.547475,0.0,0.0
39.0,-3.081726,-695.490925,1.24673538,1.24673538,-0.0908020748,-0.0908020748,-0.0472129949,-0.0472129949,618.315529,70.2298161,70.2298161,4.54714002,4.54714002,5.76905922,5.76905922,0.489874982,70.90531,0.0,32.1930145,0.1280572726,0.0,-695.490925,71.630962,618.315529,0.0,0.0
39.5,-3.081726,-700.081831,1.7962337,1.7962337,-0.1312378861,-0.1312378861,-0.0728951001,-0.0728951001,622.401621,64.2707108,64.2707108,4.18883542,4.18883542,5.32152787,5.32152787,0.489827811,73.631264,0.0,32.4057601,0.1076069745,0.0,-700.081831,72.1064986,622.401621,0.0,0.0
40.0,-3.081726,233.454478,17.8749035,17.8749035,0.442484752,0.442484752,0.741070383,0.741070383,625.450727,62.094234,62.094234,4.06698905,4.06698905,5.17450438,5.17450438,0.489782921,485.646414,0.0,32.5645138,0.0724275637,0.0,233.454478,462.338196,625.450727,0.0,0.0
40.5,-3.081726,1975.36437,17.0936825,17.0936825,3.53284985,3.53284985,3.95423726,3.95423726,627.972697,62.094234,62.094234,4.08338803,4.08338803,5.19175356,5.19175356,0.489715664,1190.158356,0.0,32.6958219,0.073648041,0.0,1975.36437,1188.6323,627.972697,0.0,0.0
41.0,-3.081726,3658.81665,15.9654332,15.9654332,6.03831018,6.03831018,6.56210896,6.56210896,630.522655,62.094234,62.094234,4.09996913,4.09996913,5.20916963,5.20916963,0.489615507,1888.35022,0.0,32.8285862,0.075469261,0.0,3658.81665,1890.61813,630.522655,0.0,0.0
41.5,-3.081726,4320.56313,0.229113666,0.229113666,0.102570399,0.102570399,0.178776205,0.178776205,633.64008,62.094234,62.094234,4.12024015,4.12024015,5.23042733,5.23042733,0.489535936,2148.4998,0.0,32.9908982,0.1026732057,0.0,4320.56313,2167.79599,633.64008,0.0,0.0
42.0,-3.081726,4265.90248,1.19869121,1.19869121,0.535468011,0.535468011,0.684440995,0.684440995,637.152614,62.094234,62.094234,4.14308034,4.14308034,5.25433675,5.25433675,0.489486799,2148.4998,0.0,33.1737794,0.100794883,0.0,4265.90248,2147.10224,637.152614,0.0,0.0
42.5,-3.081726,4259.54365,1.25333973,1.25333973,0.559062507,0.559062507,0.714653796,0.714653796,640.63132,62.0765956,62.0765956,4.16451453,4.16451453,5.27661967,5.27661967,0.489435162,2148.4998,0.0,33.3549017,0.1004509809,0.0,4259.54365,2146.48744,640.63132,0.0,0.0
43.0,-3.081726,4254.7216,1.25542523,1.25542523,0.559358895,0.559358895,0.715074558,0.715074558,644.052284,60.9296171,60.9296171,4.10934605,4.10934605,5.21153014,5.21153014,0.489383569,2148.4998,0.0,33.5330159,0.0965478825,0.0,4254.7216,2146.47846,644.052284,0.0,0.0
43.5,-3.081726,4250.19183,1.25715778,1.25715778,0.559534528,0.559534528,0.715338451,0.715338451,647.286378,59.1328291,59.1328291,4.00819172,4.00819172,5.09358804,5.09358804,0.489332924,2148.4998,0.0,33.7014019,0.090551401,0.0,4250.19183,2146.48194,647.286378,0.0,0.0
44.0,-3.081726,4245.95389,1.2588233,1.2588233,0.559717172,0.559717172,0.715608781,0.715608781,650.313371,57.3360434,57.3360434,3.90457677,3.90457677,4.97227409,4.97227409,0.489283389,2148.4998,0.0,33.8590026,0.0845657562,0.0,4245.95389,2146.48596,650.313371,0.0,0.0
44.5,-3.081726,4242.00565,1.26048412,1.26048412,0.559934451,0.559934451,0.715920925,0.715920925,653.13359,55.539256,55.539256,3.79862026,3.79862026,4.84770522,4.84770522,0.489235003,2148.4998,0.0,34.0058414,0.0785909886,0.0,4242.00565,2146.48975,653.13359,0.0,0.0
45.0,-3.081726,4238.34626,1.26214179,1.26214179,0.560187173,0.560187173,0.716275887,0.716275887,655.747454,53.7424695,53.7424695,3.69044104,3.69044104,4.71999748,4.71999748,0.489187772,2148.4998,0.0,34.1419333,0.0726272204,0.0,4238.34626,2146.4933,655.747454,0.0,0.0
45.5,-3.081726,4234.97517,1.26379007,1.26379007,0.560472607,0.560472607,0.716670203,0.716670203,658.155437,51.9633223,51.9633223,3.58137569,3.58137569,4.59069779,4.59069779,0.489141753,2148.4998,0.0,34.2673063,0.0667315214,0.0,4234.97517,2146.4965,658.155437,0.0,0.0
46.0,-3.081726,4231.82621,1.26444888,1.26444888,0.560347861,0.560347861,0.716538101,0.716538101,660.408119,51.313515,51.313515,3.54872845,3.54872845,4.55076991,4.55076991,0.489096597,2148.4998,0.0,34.3845943,0.0644987697,0.0,4231.82621,2146.50155,660.408119,0.0,0.0
46.5,-3.081726,4228.70913,1.26443746,1.26443746,0.559930086,0.559930086,0.716030986,0.716030986,662.635739,51.313515,51.313515,3.56069875,3.56069875,4.56320313,4.56320313,0.489051476,2148.4998,0.0,34.5005765,0.0643716025,0.0,4228.70913,2146.50521,662.635739,0.0,0.0
47.0,-3.081726,4225.59664,1.26447154,1.26447154,0.559533014,0.559533014,0.715550291,0.715550291,664.858974,51.313515,51.313515,3.57264535,3.57264535,4.57559592,4.57559592,0.489006225,2148.4998,0.0,34.6163308,0.064244182,0.0,4225.59664,2146.50818,664.858974,0.0,0.0
47.5,-3.081726,4222.49024,1.26450697,1.26450697,0.559137353,0.559137353,0.715071288,0.715071288,667.077806,51.313515,51.313515,3.58456832,3.58456832,4.58794853,4.58794853,0.488960888,2148.4998,0.0,34.7318553,0.0641165839,0.0,4222.49024,2146.51119,667.077806,0.0,0.0
48.0,-3.081726,4219.39001,1.26454249,1.26454249,0.55874253,0.55874253,0.714593272,0.714593272,669.292215,51.313515,51.313515,3.59646748,3.59646748,4.60026081,4.60026081,0.48891543,2148.4998,0.0,34.8471501,0.06398882,0.0,4219.39001,2146.51415,669.292215,0.0,0.0
48.5,-3.081726,4216.29618,1.26457805,1.26457805,0.558348522,0.558348522,0.714116216,0.714116216,671.502201,51.313515,51.313515,3.60834294,3.60834294,4.61253299,4.61253299,0.48886986,2148.4998,0.0,34.9622148,0.0638608854,0.0,4216.29618,2146.51712,671.502201,0.0,0.0
49.0,-3.081726,4213.20838,1.26461366,1.26461366,0.557955322,0.557955322,0.713640101,0.713640101,673.707781,51.313515,51.313515,3.62019468,3.62019468,4.62476515,4.62476515,0.488824188,2148.4998,0.0,35.0770495,0.063732787,0.0,4213.20838,2146.52007,673.707781,0.0,0.0
49.5,-3.081726,4210.12665,1.26464932,1.26464932,0.55756294,0.55756294,0.71316494,0.71316494,675.908907,51.313515,51.313515,3.63202264,3.63202264,4.63695733,4.63695733,0.488778409,2148.4998,0.0,35.1916526,0.0636045292,0.0,4210.12665,2146.52305,675.908907,0.0,0.0
50.0,-3.081726,4207.05131,1.26468504,1.26468504,0.557171382,0.557171382,0.712690751,0.712690751,678.105591,51.313515,51.313515,3.64382648,3.64382648,4.64910971,4.64910971,0.488732514,2148.4998,0.0,35.3060252,0.0634761115,0.0,4207.05131,2146.52598,678.105591,0.0,0.0
50.5,-3.081726,4203.98224,1.2647208,1.2647208,0.556780631,0.556780631,0.712217517,0.712217517,680.297855,51.313515,51.313515,3.65560674,3.65560674,4.66122226,4.66122226,0.488686518,2148.4998,0.0,35.4201662,0.0633475393,0.0,4203.98224,2146.52889,680.297855,0.0,0.0
51.0,-3.081726,4200.91923,1.26475656,1.26475656,0.556390733,0.556390733,0.711745247,0.711745247,682.485677,51.313515,51.313515,3.66736295,3.66736295,4.67329517,4.67329517,0.488640405,2148.4998,0.0,35.5340765,0.0632188116,0.0,4200.91923,2146.53186,682.485677,0.0,0.0
51.5,-3.081726,4197.86257,1.26479007,1.26479007,0.556000635,0.556000635,0.711272657,0.711272657,684.669052,51.3198199,51.3198199,3.67954825,3.67954825,4.68585755,4.68585755,0.488594197,2148.4998,0.0,35.6477556,0.0631102935,0.0,4197.86257,2146.53481,684.669052,0.0,0.0
52.0,-3.081726,4194.7886,1.2644711,1.2644711,0.555453396,0.555453396,0.710599183,0.710599183,686.865967,51.7298194,51.7298194,3.72085729,3.72085729,4.73238389,4.73238389,0.488547749,2148.4998,0.0,35.762139,0.0643069399,0.0,4194.7886,2146.53844,686.865967,0.0,0.0
52.5,-3.081726,4191.62952,1.26391377,1.26391377,0.554790444,0.554790444,0.709783368,0.709783368,689.122795,52.3721029,52.3721029,3.77943356,3.77943356,4.79887746,4.79887746,0.488500751,2148.4998,0.0,35.8796434,0.0662519149,0.0,4191.62952,2146.54172,689.122795,0.0,0.0
53.0,-3.081726,4188.37609,1.2633739,1.2633739,0.554123023,0.554123023,0.708966115,0.708966115,691.446809,53.0143862,53.0143862,3.83868625,3.83868625,4.86592616,4.86592616,0.488453138,2148.4998,0.0,36.0006436,0.0681924107,0.0,4188.37609,2146.54488,691.446809,0.0,0.0
53.5,-3.081726,4185.02861,1.26283574,1.26283574,0.5534443,0.5534443,0.708135399,0.708135399,693.837828,53.656669,53.656669,3.89862808,3.89862808,4.93354065,4.93354065,0.488404912,2148.4998,0.0,36.1251346,0.0701284255,0.0,4185.02861,2146.548,693.837828,0.0,0.0
54.0,-3.081726,4181.58737,1.26229887,1.26229887,0.552754155,0.552754155,0.707291009,0.707291009,696.295709,54.2989524,54.2989524,3.95927167,3.95927167,5.00173157,5.00173157,0.488356051,2148.4998,0.0,36.2531049,0.0720599261,0.0,4181.58737,2146.55137,696.295709,0.0,0.0
54.5,-3.081726,4178.05283,1.26173883,1.26173883,0.552041894,0.552041894,0.70641927,0.70641927,698.820637,55.009247,55.009247,4.02561708,4.02561708,5.07624074,5.07624074,0.488306561,2148.4998,0.0,36.3845679,0.0742064849,0.0,4178.05283,2146.55486,698.820637,0.0,0.0
55.0,-3.081726,4174.17161,1.25737702,1.25737702,0.549622685,0.549622685,0.703366905,0.703366905,701.606073,60.0740528,60.0740528,4.41396639,4.41396639,5.51697952,5.51697952,0.488255076,2148.4998,0.0,36.5295928,0.0904280766,0.0,4174.17161,2146.56627,701.606073,0.0,0.0
55.5,-3.081726,4169.21262,1.25044534,1.25044534,0.545943417,0.545943417,0.698713469,0.698713469,705.152514,67.6443943,67.6443943,4.99535106,4.99535106,6.19487196,6.19487196,0.488197929,2148.4998,0.0,36.7142403,0.1147175811,0.0,4169.21262,2146.57351,705.152514,0.0,0.0
56.0,-3.081726,4163.0735,1.24370314,1.24370314,0.542200266,0.542200266,0.693990572,0.693990572,709.537746,75.214729,75.214729,5.58896576,5.58896576,6.9077152,6.9077152,0.488134048,2148.4998,0.0,36.9425601,0.138954323,0.0,4163.0735,2146.57946,709.537746,0.0,0.0
56.5,-3.081726,4155.76223,1.23698093,1.23698093,0.538322699,0.538322699,0.689107524,0.689107524,714.759972,82.7850725,82.7850725,6.19678911,6.19678911,7.63157183,7.63157183,0.488063071,2148.4998,0.0,37.2144588,0.163137768,0.0,4155.76223,2146.58639,714.759972,0.0,0.0
57.0,-3.081726,4319.41735,12.35123453,10.17231543,5.98526879,4.88120779,6.415187662,5.248596362,720.663977,90.3554085,84.9517959,6.8192959,6.41031087,8.3825144,7.877645,0.487973488,2252.34677,0.0,37.5218561,0.1542827656,0.0,4319.41735,2218.13185,720.663977,0.0,0.0
57.5,-3.081726,6387.74327,67.4929308,24.0315702,45.4377111,15.915367,47.8778381,16.7752951,722.673324,97.8514355,37.5386688,7.4051383,2.84097109,9.8841653,3.73893441,0.487745107,3152.69981,0.0,37.6264741,-0.02339700427,0.0,6387.74327,3079.95072,722.673324,0.0,0.0
58.0,-3.081726,7371.254510000001,-2.197912305,-2.197912305,-1.687542146,-1.687542146,-1.157988243,-1.157988243,726.023158,100.58925,100.58925,7.64769674,7.64769674,9.38900925,9.38900925,0.487567892,3397.256,0.0,37.8008845,0.226012503,0.0,7371.254510000001,3491.15296,726.023158,0.0,0.0
58.5,-3.081726,7133.94505,0.93695178,0.93695178,0.699646836,0.699646836,0.886999162,0.886999162,733.750036,100.58925,100.58925,7.72908902,7.72908902,9.4692574,9.4692574,0.487485647,3397.256,0.0,38.2031897,0.220080733,0.0,7133.94505,3396.91842,733.750036,0.0,0.0
59.0,-3.081726,7115.688520000001,1.2159653,1.2159653,0.906078684,0.906078684,1.14844641,1.14844641,741.337405,100.58925,100.58925,7.80901221,7.80901221,9.54773275,9.54773275,0.487386689,3397.256,0.0,38.5982318,0.219112085,0.0,7115.688520000001,3393.752,741.337405,0.0,0.0
59.5,-3.081726,7104.951510000001,1.22146154,1.22146154,0.908802507,0.908802507,1.1517108,1.1517108,748.903827,100.58925,100.58925,7.88871449,7.88871449,9.6256742,9.6256742,0.487286126,3397.256,0.0,38.9921829,0.218615922,0.0,7104.951510000001,3393.70223,748.903827,0.0,0.0
60.0,-3.081726,7094.37969,1.22169662,1.22169662,0.907624949,0.907624949,1.15005781,1.15005781,756.453287,100.58925,100.58925,7.96823787,7.96823787,9.7031271,9.7031271,0.487184691,3397.256,0.0,39.3852492,0.218125086,0.0,7094.37969,3393.71125,756.453287,0.0,0.0
60.5,-3.081726,7083.83425,1.22183589,1.22183589,0.906379095,0.906379095,1.14838382,1.14838382,763.985686,100.58925,100.58925,8.047582,8.047582,9.78009515,9.78009515,0.487082397,3397.256,0.0,39.7774304,0.217630619,0.0,7083.83425,3393.72137,763.985686,0.0,0.0
61.0,-3.081726,7073.312970000001,1.22197442,1.22197442,0.905135484,0.905135484,1.1467165,1.1467165,771.500949,100.58925,100.58925,8.1267454,8.1267454,9.8566439,9.8566439,0.486979243,3397.256,0.0,40.1687171,0.217132401,0.0,7073.312970000001,3393.73143,771.500949,0.0,0.0
61.5,-3.081726,7062.81571,1.22211395,1.22211395,0.903895405,0.903895405,1.14505418,1.14505418,778.998914,100.58925,100.58925,8.20572655,8.20572655,9.93702885,9.93702885,0.486875209,3397.256,0.0,40.5591036,0.216630467,0.0,7062.81571,3393.7415,778.998914,0.0,0.0
62.0,-3.081726,7052.34295,1.22225448,1.22225448,0.902658905,0.902658905,1.14339686,1.14339686,786.479469,100.58925,100.58925,8.2845241,8.2845241,10.019539,10.019539,0.48677026,3397.256,0.0,40.9485845,0.216124866,0.0,7052.34295,3393.75153,786.479469,0.0,0.0
62.5,-3.081726,6902.575019999999,-7.25079095,-7.25079095,-4.970532092,-4.970532092,-4.49777736,-4.49777736,794.020545,100.58925,100.58925,8.3639594,8.3639594,10.1025006,10.1025006,0.486672333,3314.2932,0.0,41.3412145,0.230337202,0.0,6902.575019999999,3335.83514,794.020545,0.0,0.0
63.0,-3.081726,4982.50502,-12.7805654045,-12.7805654045,-7.253863633,-7.253863633,-6.6758076463,-6.6758076463,802.534834,100.58925,100.58925,8.4536464,8.4536464,10.1959112,10.1959112,0.486661478,2558.49122,0.0,41.7845167,0.239389751,0.0,4982.50502,2541.85129,802.534834,0.0,0.0
63.5,-3.081726,4681.55603,2.01912568,2.01912568,0.988389676,0.988389676,1.257589376,1.257589376,810.122111,100.58925,100.58925,8.5335684,8.5335684,10.2789247,10.2789247,0.48656755,2433.236,0.0,42.1795527,0.213109008,0.0,4681.55603,2421.05435,810.122111,0.0,0.0
64.0,-3.081726,4694.73794,1.24163868,1.24163868,0.610433394,0.610433394,0.776635524,0.776635524,817.515408,100.58925,100.58925,8.61144675,8.61144675,10.35960655,10.35960655,0.486461431,2433.236,0.0,42.5644904,0.213942859,0.0,4694.73794,2430.85634,817.515408,0.0,0.0
64.5,-3.081726,4684.89199,1.22334697,1.22334697,0.600175016,0.600175016,0.763652587,0.763652587,824.903568,100.58925,100.58925,8.6892714,8.6892714,10.4400286,10.4400286,0.486355945,2433.236,0.0,42.9491597,0.213451049,0.0,4684.89199,2431.07328,824.903568,0.0,0.0
65.0,-3.081726,4674.5827,1.22315054,1.22315054,0.598758036,0.598758036,0.761920994,0.761920994,832.27383,100.58925,100.58925,8.7669074,8.7669074,10.5200536,10.5200536,0.48624959,2433.236,0.0,43.3328983,0.212924314,0.0,4674.5827,2431.08692,832.27383,0.0,0.0
65.5,-3.081726,4664.29015,1.22329173,1.22329173,0.597508657,0.597508657,0.760402217,0.760402217,839.625821,100.58925,100.58925,8.8443511,8.8443511,10.5996798,10.5996798,0.486142315,2433.236,0.0,43.7156837,0.212393633,0.0,4664.29015,2431.09692,839.625821,0.0,0.0
66.0,-3.081726,4654.02307,1.22344,1.22344,0.596265713,0.596265713,0.758891169,0.758891169,846.959408,100.58925,100.58925,8.9216002,8.9216002,10.6789082,10.6789082,0.486034131,2433.236,0.0,44.097513,0.211859614,0.0,4654.02307,2431.10667,846.959408,0.0,0.0
66.5,-3.081726,4643.78215,1.22360395,1.22360395,0.595033343,0.595033343,0.757393141,0.757393141,854.274248,100.548851,100.548851,8.995025,8.995025,10.75335135,10.75335135,0.485925047,2433.236,0.0,44.4783644,0.211191853,0.0,4643.78215,2431.11643,854.274248,0.0,0.0
67.0,-3.081726,4633.717439999999,1.22602415,1.22602415,0.594917774,0.594917774,0.757315295,0.757315295,861.455408,97.9255769,97.9255769,8.8337554,8.8337554,10.544514,10.544514,0.485816346,2433.236,0.0,44.8522561,0.202170959,0.0,4633.717439999999,2431.12151,861.455408,0.0,0.0
67.5,-3.081726,4624.26321,1.22996772,1.22996772,0.595613665,0.595613665,0.758266257,0.758266257,868.206019,93.817063,93.817063,8.5294589,8.5294589,10.1648763,10.1648763,0.485711441,2433.236,0.0,45.2037318,0.188367731,0.0,4624.26321,2431.12912,868.206019,0.0,0.0
68.0,-3.081726,4615.47956,1.2337987,1.2337987,0.596333971,0.596333971,0.75924386,0.75924386,874.480007,89.708553,89.708553,8.21487615,8.21487615,9.7765134,9.7765134,0.485610907,2433.236,0.0,45.5303915,0.17459675,0.0,4615.47956,2431.13752,874.480007,0.0,0.0
68.5,-3.081726,4607.36179,1.23761744,1.23761744,0.597127637,0.597127637,0.760310435,0.760310435,880.278465,85.6000401,85.6000401,7.89063201,7.89063201,9.3898756,9.3898756,0.485514697,2433.236,0.0,45.8322906,0.160858526,0.0,4607.36179,2431.14535,880.278465,0.0,0.0
69.0,-3.081726,4599.90813,1.24142684,1.24142684,0.597996644,0.597996644,0.761468503,0.761468503,885.60253,81.4915243,81.4915243,7.55735013,7.55735013,8.995736,8.995736,0.48542276,2433.236,0.0,46.1094934,0.147153687,0.0,4599.90813,2431.15249,885.60253,0.0,0.0
69.5,-3.081726,4593.116739999999,1.24521235,1.24521235,0.598934543,0.598934543,0.762709865,0.762709865,890.453626,77.423412,77.423412,7.21942972,7.21942972,8.5964478,8.5964478,0.485335119,2433.236,0.0,46.3620678,0.133613257,0.0,4593.116739999999,2431.15908,890.453626,0.0,0.0
70.0,-3.081726,4586.83598,1.24673288,1.24673288,0.598846131,0.598846131,0.76264078,0.76264078,894.947705,75.93817,75.93817,7.11682714,7.11682714,8.47150635,8.47150635,0.485250635,2433.236,0.0,46.5960565,0.128456848,0.0,4586.83598,2431.16969,894.947705,0.0,0.0
70.5,-3.081726,4580.63054,1.24672153,1.24672153,0.598030488,0.598030488,0.76164501,0.76164501,899.382769,75.93817,75.93817,7.15209549,7.15209549,8.5072087,8.5072087,0.485166261,2433.236,0.0,46.8269698,0.128113454,0.0,4580.63054,2431.17713,899.382769,0.0,0.0
71.0,-3.081726,4574.43815,1.24681407,1.24681407,0.597266388,0.597266388,0.760714652,0.760714652,903.805892,75.93817,75.93817,7.18726941,7.18726941,8.5427636,8.5427636,0.485081524,2433.236,0.0,47.057263,0.127769104,0.0,4574.43815,2431.18307,903.805892,0.0,0.0
71.5,-3.081726,4568.26249,1.24690993,1.24690993,0.5965059,0.5965059,0.759788721,0.759788721,908.217136,75.93817,75.93817,7.22234853,7.22234853,8.57817,8.57817,0.484996409,2433.236,0.0,47.2869371,0.127424,0.0,4568.26249,2431.18902,908.217136,0.0,0.0
72.0,-3.081726,4562.10335,1.24700606,1.24700606,0.595747626,0.595747626,0.758865353,0.758865353,912.616404,75.93817,75.93817,7.25733259,7.25733259,8.613429,8.613429,0.484910918,2433.236,0.0,47.5159889,0.127078151,0.0,4562.10335,2431.19492,912.616404,0.0,0.0
72.5,-3.081726,4555.96129,1.24710241,1.24710241,0.59499149,0.59499149,0.757944511,0.757944511,917.003729,75.93817,75.93817,7.29222152,7.29222152,8.6485411,8.6485411,0.484825074,2433.236,0.0,47.7444166,0.126731584,0.0,4555.96129,2431.20085,917.003729,0.0,0.0
73.0,-3.081726,4549.83577,1.24719892,1.24719892,0.594237518,0.594237518,0.757026204,0.757026204,921.379066,75.93817,75.93817,7.32701513,7.32701513,8.6835064,8.6835064,0.484738863,2433.236,0.0,47.9722214,0.126384304,0.0,4549.83577,2431.20667,921.379066,0.0,0.0
73.5,-3.081726,4543.727150000001,1.24729565,1.24729565,0.593485714,0.593485714,0.756110417,0.756110417,925.742349,75.93817,75.93817,7.36171311,7.36171311,8.7183252,8.7183252,0.48465228,2433.236,0.0,48.1994003,0.126036333,0.0,4543.727150000001,2431.21255,925.742349,0.0,0.0
74.0,-3.081726,4537.635380000001,1.24739259,1.24739259,0.592736077,0.592736077,0.7551972,0.7551972,930.093637,75.93817,75.93817,7.39631526,7.39631526,8.7529975,8.7529975,0.484565346,2433.236,0.0,48.4259525,0.125687686,0.0,4537.635380000001,2431.21838,930.093637,0.0,0.0
74.5,-3.081726,4531.56051,1.24748966,1.24748966,0.591988618,0.591988618,0.754286533,0.754286533,934.432821,75.93817,75.93817,7.43082156,7.43082156,8.7875243,8.7875243,0.484478035,2433.236,0.0,48.6518743,0.125338378,0.0,4531.56051,2431.22422,934.432821,0.0,0.0
75.0,-3.081726,4525.50249,1.24758694,1.24758694,0.591243327,0.591243327,0.753378405,0.753378405,938.759931,75.93817,75.93817,7.46523178,7.46523178,8.8219056,8.8219056,0.484390364,2433.236,0.0,48.8771683,0.124988425,0.0,4525.50249,2431.23,938.759931,0.0,0.0
75.5,-3.09553146,4519.43949,1.25001025,1.25001025,0.591597393,0.591597393,0.753871174,0.753871174,943.074906,75.93817,75.93817,7.49954533,7.49954533,8.8561411,8.8561411,0.484302336,2433.236,0.0,49.1018298,0.1246177566,0.0,4519.43949,2431.22665,943.074906,0.0,0.0
76.0,-3.9769301,4511.74723,1.60374093,1.60374093,0.757677303,0.757677303,0.965589532,0.965589532,947.356063,75.93817,75.93817,7.53359027,7.53359027,8.8900608,8.8900608,0.484213108,2433.236,0.0,49.3247325,0.1226265564,0.0,4511.74723,2430.52555,947.356063,0.0,0.0
76.5,-5.354167,4505.32339,2.19415418,2.19415418,1.035164977,1.035164977,1.31932259,1.31932259,951.543808,75.93817,75.93817,7.5668919,7.5668919,8.9231936,8.9231936,0.484120093,2433.236,0.0,49.5427687,0.1196514883,0.0,4505.32339,2430.29775,951.543808,0.0,0.0
77.0,-6.73140405,4499.59009,2.76853661,2.76853661,1.30449532,1.30449532,1.66270023,1.66270023,955.629487,75.93817,75.93817,7.59938226,7.59938226,8.9554752,8.9554752,0.48402288,2433.236,0.0,49.7554931,0.1167112214,0.0,4499.59009,2430.29772,955.629487,0.0,0.0
77.5,-8.1086412,4494.01213,3.34243928,3.34243928,1.57296426,1.57296426,2.00415151,2.00415151,959.613654,75.93817,75.93817,7.63106534,7.63106534,8.9869127,8.9869127,0.483921443,2433.236,0.0,49.962932,0.1137787535,0.0,4494.01213,2430.30297,959.613654,0.0,0.0
78.0,-9.4858781,4488.5761,3.91633112,3.91633112,1.84081579,1.84081579,2.32370292,2.32370292,963.496582,75.93817,75.93817,7.66194315,7.66194315,9.0175115,9.0175115,0.483815858,2433.236,0.0,50.1650987,0.1108533595,0.0,4488.5761,2430.30819,963.496582,0.0,0.0
78.5,-10.86311505,4483.28149,4.49022083,4.49022083,2.10807948,2.10807948,2.62783336,2.62783336,967.278482,75.93817,75.93817,7.6920177,7.6920177,9.04739555,9.04739555,0.483706296,2433.236,0.0,50.3620063,0.1079350981,0.0,4483.28149,2430.31324,967.278482,0.0,0.0
79.0,-12.24035225,4478.12782,5.0641084,5.0641084,2.3747806,2.3747806,2.92373973,2.92373973,970.959617,75.93817,75.93817,7.72129107,7.72129107,9.07767385,9.07767385,0.483592835,2433.236,0.0,50.5536674,0.1050240494,0.0,4478.12782,2430.31813,970.959617,0.0,0.0
79.5,-13.6175892,4473.11492,5.63799408,5.63799408,2.64094446,2.64094446,3.21175012,3.21175012,974.540246,75.93817,75.93817,7.74976506,7.74976506,9.107419,9.107419,0.483475479,2433.236,0.0,50.7400954,0.1021202917,0.0,4473.11492,2430.323,974.540246,0.0,0.0
80.0,-14.99482615,4468.24254,6.21187767,6.21187767,2.90659609,2.90659609,3.49217714,3.49217714,978.02062,75.93817,75.93817,7.77744168,7.77744168,9.1363079,9.1363079,0.483354292,2433.236,0.0,50.921303,0.099223892,0.0,4468.24254,2430.32774,978.02062,0.0,0.0
80.5,-16.3582452,4628.13698,10.53289845,10.53289845,5.12031543,5.12031543,5.67047553,5.67047553,981.308821,75.93817,75.93817,7.80359033,7.80359033,9.16358095,9.16358095,0.483219161,2508.43022,0.0,51.0925068,0.0898424896,0.0,4628.13698,2498.78094,981.308821,0.0,0.0
81.0,-16.854095,5090.50903,11.2636508,11.2636508,6.00374891,6.00374891,6.57784266,6.57784266,984.351023,75.93817,75.93817,7.82778248,7.82778248,9.18879495,9.18879495,0.483057121,2695.93382,0.0,51.2508989,0.0877335341,0.0,5090.50903,2692.95371,984.351023,0.0,0.0
81.5,-16.854095,5540.45793,11.20959305,11.20959305,6.5037386,6.5037386,7.11644798,7.11644798,987.382371,75.9898906,75.9898906,7.85724356,7.85724356,9.2200498,9.2200498,0.482886349,2884.51138,0.0,51.4087283,0.087736704,0.0,5540.45793,2881.95072,987.382371,0.0,0.0
82.0,-16.854095,5985.909610000001,10.77061013,10.77061013,6.74354428,6.74354428,7.40735131,7.40735131,990.55448,79.3483155,79.3483155,8.23100544,8.23100544,9.64592175,9.64592175,0.482703552,3070.3385,0.0,51.5738869,0.0990906132,0.0,5985.909610000001,3069.15861,990.55448,0.0,0.0
82.5,-16.854095,6144.018330000001,6.69407758,6.69407758,4.30682902,4.30682902,5.08543097,5.08543097,994.405204,84.6082125,84.6082125,8.8107736,8.8107736,10.3055681,10.3055681,0.482530491,3134.7678,0.0,51.7743767,0.1228708565,0.0,6144.018330000001,3137.19723,994.405204,0.0,0.0
83.0,-16.854095,6125.31601,6.96134464,6.96134464,4.46529349,4.46529349,5.24431965,5.24431965,998.930668,89.8681059,89.8681059,9.4011215,9.4011215,10.9779279,10.9779279,0.482363054,3134.7678,0.0,52.0099986,0.139034387,0.0,6125.31601,3132.05746,998.930668,0.0,0.0
83.5,-16.854095,6117.83494,6.96961279,6.96961279,4.46513963,4.46513963,5.24331682,5.24331682,1004.023667,95.1280045,95.1280045,10.0021087,10.0021087,11.6762143,11.6762143,0.482183573,3134.7678,0.0,52.2751685,0.1555974,0.0,6117.83494,3131.9183,1004.023667,0.0,0.0
84.0,-16.854095,6109.8968,6.96526223,6.96526223,4.45656248,4.45656248,5.23377619,5.23377619,1009.688965,100.3879015,100.3879015,10.6147228,10.6147228,12.3886527,12.3886527,0.481991948,3134.7678,0.0,52.5701364,0.172130284,0.0,6109.8968,3131.92312,1009.688965,0.0,0.0
84.5,-16.854095,6101.16658,6.96070437,6.96070437,4.4472826,4.4472826,5.22343683,5.22343683,1015.924637,105.5960751,105.5960751,11.23436985,11.23436985,13.10791605,13.10791605,0.481786904,3134.7678,0.0,52.8948011,0.188443735,0.0,6101.16658,3131.93138,1015.924637,0.0,0.0
85.0,-16.854095,6091.832469999999,6.95904399,6.95904399,4.43941902,4.43941902,5.21445527,5.21445527,1022.581875,107.49754,107.49754,11.5113231,11.5113231,13.4226769,13.4226769,0.481570452,3134.7678,0.0,53.2414146,0.194015754,0.0,6091.832469999999,3131.93445,1022.581875,0.0,0.0
85.5,-16.854095,6082.45175,6.95934582,6.95934582,4.43277507,4.43277507,5.20669705,5.20669705,1029.27907,107.49754,107.49754,11.5867146,11.5867146,13.49999345,13.49999345,0.481350993,3134.7678,0.0,53.5901088,0.193422221,0.0,6082.45175,3131.94151,1029.27907,0.0,0.0
86.0,-16.854095,6073.10424,6.95951526,6.95951526,4.42607066,4.42607066,5.19888142,5.19888142,1035.95573,107.49754,107.49754,11.6618743,11.6618743,13.5769525,13.5769525,0.481129968,3134.7678,0.0,53.9377323,0.192826884,0.0,6073.10424,3131.9504,1035.95573,0.0,0.0
86.5,-16.854095,6063.78574,6.95968136,6.95968136,4.41938486,4.41938486,5.19108755,5.19108755,1042.61176,107.49754,107.49754,11.73680185,11.73680185,13.6535543,13.6535543,0.480907346,3134.7678,0.0,54.2842837,0.19222956,0.0,6063.78574,3131.95935,1042.61176,0.0,0.0
87.0,-16.854095,6054.49626,6.95984795,6.95984795,4.41272013,4.41272013,5.18331801,5.18331801,1049.24709,107.49754,107.49754,11.8114967,11.8114967,13.72979915,13.72979915,0.480683135,3134.7678,0.0,54.6297562,0.191630286,0.0,6054.49626,3131.96824,1049.24709,0.0,0.0
87.5,-16.854095,6045.23597,6.96001505,6.96001505,4.40607673,4.40607673,5.17557288,5.17557288,1055.86167,107.49754,107.49754,11.8859581,11.8859581,13.8056882,13.8056882,0.480457301,3134.7678,0.0,54.9741498,0.191029098,0.0,6045.23597,3131.97712,1055.86167,0.0,0.0
88.0,-16.854095,6036.00458,6.9601827,6.9601827,4.39945434,4.39945434,5.1678523,5.1678523,1062.45547,107.49754,107.49754,11.9601851,11.9601851,13.8812219,13.8812219,0.480229831,3134.7678,0.0,55.3174595,0.190426047,0.0,6036.00458,3131.98601,1062.45547,0.0,0.0
88.5,-16.854095,6026.802460000001,6.96035086,6.96035086,4.39285341,4.39285341,5.16015614,5.16015614,1069.02836,107.49754,107.49754,12.0341769,12.0341769,13.95640105,13.95640105,0.480000718,3134.7678,0.0,55.6596822,0.189821165,0.0,6026.802460000001,3131.99479,1069.02836,0.0,0.0
89.0,-16.854095,6017.62988,6.96051943,6.96051943,4.38627369,4.38627369,5.15248478,5.15248478,1075.58031,107.49754,107.49754,12.1079328,12.1079328,14.03122585,14.03122585,0.479769934,3134.7678,0.0,56.0008138,0.189214499,0.0,6017.62988,3132.00365,1075.58031,0.0,0.0
89.5,-16.854095,6008.4865,6.96068858,6.96068858,4.37971558,4.37971558,5.14483798,5.14483798,1082.11126,107.49754,107.49754,12.1814525,12.1814525,14.1056978,14.1056978,0.479537468,3134.7678,0.0,56.340852,0.188606089,0.0,6008.4865,3132.01237,1082.11126,0.0,0.0
90.0,-16.854095,5999.37267,6.96085821,6.96085821,4.37317882,4.37317882,5.13721599,5.13721599,1088.62116,107.49754,107.49754,12.2547349,12.2547349,14.17981635,14.17981635,0.479303306,3134.7678,0.0,56.679794,0.187995977,0.0,5999.37267,3132.02108,1088.62116,0.0,0.0
90.5,-16.854095,5990.28873,6.96105436,6.96105436,4.36668031,4.36668031,5.12963557,5.12963557,1095.10952,107.424906,107.424906,12.3194236,12.3194236,14.2438575,14.2438575,0.479067436,3134.7678,0.0,57.0176155,0.187149636,0.0,5990.28873,3132.02974,1095.10952,0.0,0.0
91.0,-16.854095,4448.31654,-32.12213575,-32.12213575,-12.75028214,-12.75028214,-11.80072493,-11.80072493,1102.22855,102.7093605,102.7093605,11.8546928,11.8546928,13.6911242,13.6911242,0.478914104,2421.48069,0.0,57.3882722,0.239188043,0.0,4448.31654,2494.56049,1102.22855,0.0,0.0
91.5,-16.854095,187.9486664,-9.91527502,-9.91527502,-1.43360919365,-1.43360919365,-1.1414721686,-1.1414721686,1110.10411,95.3228353,95.3228353,11.0808856,11.0808856,12.7798229,12.7798229,0.47886258,789.329729,0.0,57.7983193,0.175947576,0.0,187.9486664,726.388426,1110.10411,0.0,0.0
92.0,-16.854095,46.5123947,7.94240004,7.94240004,0.0362746265,0.0362746265,0.10016506563,0.10016506563,1114.82454,87.9351535,87.9351535,10.2656484,10.2656484,11.83487795,11.83487795,0.478744272,680.94977,0.0,58.0440903,0.1205091518,0.0,46.5123947,670.291959,1114.82454,0.0,0.0
92.5,-16.854095,67.6769719,7.00512659,7.00512659,0.0496474443,0.0496474443,0.133252569,0.133252569,1118.61383,80.5481889,80.5481889,9.4352771,9.4352771,10.8942052,10.8942052,0.47863464,680.94977,0.0,58.2413841,0.0978759058,0.0,67.6769719,681.311248,1118.61383,0.0,0.0
93.0,-16.854095,64.031398,6.99298056,6.99298056,0.0468902297,0.0468902297,0.1262938324,0.1262938324,1121.57982,73.1613609,73.1613609,8.5927534,8.5927534,9.93873285,9.93873285,0.478535875,680.94977,0.0,58.3958085,0.0737113024,0.0,64.031398,681.526116,1121.57982,0.0,0.0
93.5,-16.854095,61.0568001,6.99929586,6.99929586,0.044752336,0.044752336,0.1208490291,0.1208490291,1123.71152,65.8885799,65.8885799,7.7533242,7.7533242,8.9848492,8.9848492,0.478447764,680.94977,0.0,58.506798,0.0499630158,0.0,61.0568001,681.533049,1123.71152,0.0,0.0
94.0,-16.854095,58.8140881,6.9995628,6.9995628,0.0431103798,0.0431103798,0.1166516834,0.1166516834,1125.33566,65.9093902,65.9093902,7.76714684,7.76714684,8.9984716,8.9984716,0.47836598,680.94977,0.0,58.591359,0.049865864,0.0,58.8140881,681.54815,1125.33566,0.0,0.0
94.5,-16.854095,56.0848699,6.99552092,6.99552092,0.0410861498,0.0410861498,0.111456739,0.111456739,1127.29239,70.1247628,70.1247628,8.2782931,8.2782931,9.5771357,9.5771357,0.478279829,680.94977,0.0,58.6932385,0.0633209185,0.0,56.0848699,681.555037,1127.29239,0.0,0.0
95.0,-16.854095,52.6955118,6.99178483,6.99178483,0.0385826137,0.0385826137,0.1049937095,0.1049937095,1129.71349,74.340136,74.340136,8.7947818,8.7947818,10.1598068,10.1598068,0.478187444,680.94977,0.0,58.8192948,0.0767298405,0.0,52.6955118,681.55837,1129.71349,0.0,0.0
95.5,-16.854095,48.6580262,6.98807018,6.98807018,0.0356075487,0.0356075487,0.0972594735,0.0972594735,1132.59739,78.55551,78.55551,9.31721495,9.31721495,10.747071,10.747071,0.478088644,680.94977,0.0,58.9694462,0.0900929909,0.0,48.6580262,681.562216,1132.59739,0.0,0.0
96.0,-16.854095,43.9748678,6.98436859,6.98436859,0.0321634387,0.0321634387,0.0882325089,0.0882325089,1135.94247,82.770883,82.770883,9.8461918,9.8461918,11.3395031,11.3395031,0.47798322,680.94977,0.0,59.1436106,0.1034101904,0.0,43.9748678,681.566691,1135.94247,0.0,0.0
96.5,-16.854095,38.6484443,6.98069461,6.98069461,0.0282528312,0.0282528312,0.0778866858,0.0778866858,1139.74691,86.944821,86.944821,10.3773528,10.3773528,11.93211985,11.93211985,0.477870919,680.94977,0.0,59.3416913,0.1165473948,0.0,38.6484443,681.571717,1139.74691,0.0,0.0
97.0,-16.854095,32.8349782,6.97934695,6.97934695,0.0239982601,0.0239982601,0.0665135903,0.0665135903,1143.89136,88.46881,88.46881,10.597504,10.597504,12.17445225,12.17445225,0.477753223,680.94977,0.0,59.5574745,0.1210742836,0.0,32.8349782,681.572591,1143.89136,0.0,0.0
97.5,-16.854095,26.9812219,6.97957146,6.97957146,0.0197205428,0.0197205428,0.0549541733,0.0549541733,1148.06992,88.46881,88.46881,10.6362161,10.6362161,12.21319905,12.21319905,0.477634487,680.94977,0.0,59.7750355,0.1206606,0.0,26.9812219,681.576637,1148.06992,0.0,0.0
98.0,-16.854095,21.1511282,6.97968971,6.97968971,0.01545959495,0.01545959495,0.0433142484,0.0433142484,1152.23425,88.46881,88.46881,10.674796,10.674796,12.2517771,12.2517771,0.477515409,680.94977,0.0,59.9918521,0.1202470155,0.0,21.1511282,681.582202,1152.23425,0.0,0.0
98.5,-16.854095,15.3411399,6.97980476,6.97980476,0.0112131931,0.0112131931,0.0315870458,0.0315870458,1156.38421,88.46881,88.46881,10.71324335,10.71324335,12.290187,12.290187,0.47739599,680.94977,0.0,60.2079243,0.1198333685,0.0,15.3411399,681.587773,1156.38421,0.0,0.0
99.0,-16.854095,9.5511751,6.97991972,6.97991972,0.00698128696,0.00698128696,0.0197716412,0.0197716412,1160.51992,88.46881,88.46881,10.7515583,10.7515583,12.3285036,12.3285036,0.477276246,680.94977,0.0,60.4232513,0.1194196665,0.0,9.5511751,681.593317,1160.51992,0.0,0.0
99.5,-16.854095,3.7812346,6.98003473,6.98003473,0.002763878303,0.002763878303,0.00786724472,0.00786724472,1164.64129,88.46881,88.46881,10.7897405,10.7897405,12.36774045,12.36774045,0.477156166,680.94977,0.0,60.637834,0.1190059258,0.0,3.7812346,681.598847,1164.64129,0.0,0.0
100.0,-16.854095,-1.968680083,6.98014979,6.98014979,-0.001439031266,-0.001439031266,-0.000384732988,-0.000384732988,1168.7484,88.46881,88.46881,10.82779005,10.82779005,12.40717135,12.40717135,0.47703573,680.94977,0.0,60.8516717,0.1185921641,0.0,-1.968680083,681.60437,1168.7484,0.0,0.0
100.5,-16.8827623,-7.74423117,6.98509013,6.98509013,-0.00566624024,-0.00566624024,-0.00199753313,-0.00199753313,1172.84111,88.46881,88.46881,10.8657068,10.8657068,12.4464376,12.4464376,0.476914849,680.94977,0.0,61.0647617,0.1181367018,0.0,-7.74423117,681.590826,1172.84111,0.0,0.0
101.0,-18.7119766,-16.9165723,7.71912777,7.71912777,-0.01377450935,-0.01377450935,-0.00491846238,-0.00491846238,1176.87452,88.46881,88.46881,10.9030745,10.9030745,12.4851092,12.4851092,0.476793515,680.94977,0.0,61.2747656,0.1143202489,0.0,-16.9165723,680.12923,1176.87452,0.0,0.0
101.5,-21.5702542,-23.4715383,8.9443645,8.9443645,-0.022039741,-0.022039741,-0.00798421598,-0.00798421598,1180.72505,88.46881,88.46881,10.9387472,10.9387472,12.5220038,12.5220038,0.476671743,680.94977,0.0,61.4752459,0.1084664773,0.0,-23.4715383,679.649952,1180.72505,0.0,0.0
102.0,-24.4285315,-28.6087348,10.13632975,10.13632975,-0.030418585,-0.030418585,-0.01119742825,-0.01119742825,1184.37496,88.46881,88.46881,10.97256155,10.97256155,12.5569543,12.5569543,0.476549552,680.94977,0.0,61.6652811,0.102689831,0.0,-28.6087348,679.643489,1184.37496,0.0,0.0
102.5,-27.2868096,-33.4400335,11.3272989,11.3272989,-0.0397145718,-0.0397145718,-0.0148124448,-0.0148124448,1187.82557,88.46881,88.46881,11.00452935,11.00452935,12.5899771,12.5899771,0.476426972,680.94977,0.0,61.8449378,0.0969342051,0.0,-33.4400335,679.647924,1187.82557,0.0,0.0
103.0,-30.1450871,-37.9927306,12.5182443,12.5182443,-0.0498503699,-0.0498503699,-0.0188116198,-0.0188116198,1191.07749,88.46881,88.46881,11.0346565,11.0346565,12.6210817,12.6210817,0.476304044,680.94977,0.0,62.0142513,0.0911980145,0.0,-37.9927306,679.652305,1191.07749,0.0,0.0
103.5,-33.0033646,-42.2682557,13.7091837,13.7091837,-0.0607238218,-0.0607238218,-0.0231871032,-0.0231871032,1194.13147,88.46881,88.46881,11.0629497,11.0629497,12.6502774,12.6502774,0.476180778,680.94977,0.0,62.1732582,0.0854813276,0.0,-42.2682557,679.656394,1194.13147,0.0,0.0
104.0,-35.8616413,-46.2675657,14.9001175,14.9001175,-0.0722327095,-0.0722327095,-0.0279104177,-0.0279104177,1196.9881,88.46881,88.46881,11.0894151,11.0894151,12.6775738,12.6775738,0.47605721,680.94977,0.0,62.3219922,0.0797842281,0.0,-46.2675657,679.660247,1196.9881,0.0,0.0
104.5,-38.7199211,-49.9916087,16.0910463,16.0910463,-0.0842752855,-0.0842752855,-0.0329504848,-0.0329504848,1199.64814,88.46881,88.46881,11.1140592,11.1140592,12.7029801,12.7029801,0.47593337,680.94977,0.0,62.46049,0.0741067951,0.0,-49.9916087,679.663818,1199.64814,0.0,0.0
105.0,-41.5781974,-53.4413399,17.2819694,17.2819694,-0.0967502767,-0.0967502767,-0.0382637279,-0.0382637279,1202.11224,88.46881,88.46881,11.1368877,11.1368877,12.726505,12.726505,0.475809285,680.94977,0.0,62.588785,0.0684490902,0.0,-53.4413399,679.66714,1202.11224,0.0,0.0
105.5,-44.3654165,-56.5046706,18.4609417,18.4609417,-0.1092607718,-0.1092607718,-0.0435825652,-0.0435825652,1204.38127,88.46881,88.46881,11.15790865,11.15790865,12.7481591,12.7481591,0.475684975,680.94977,0.0,62.7069229,0.0629144725,0.0,-56.5046706,679.717327,1204.38127,0.0,0.0
106.0,-42.6955486,-50.8372439,17.8350202,17.8350202,-0.0950422095,-0.0950422095,-0.0374205146,-0.0374205146,1206.56706,88.46881,88.46881,11.1781588,11.1781588,12.76901075,12.76901075,0.475560404,680.94977,0.0,62.8207268,0.0657193919,0.0,-50.8372439,683.351845,1206.56706,0.0,0.0
106.5,-38.4781283,-51.3281016,15.99312435,15.99312435,-0.0859131589,-0.0859131589,-0.0336664298,-0.0336664298,1208.97632,88.46881,88.46881,11.2004791,11.2004791,12.79198615,12.79198615,0.47543547,680.94977,0.0,62.9461656,0.0735867681,0.0,-51.3281016,684.554326,1208.97632,0.0,0.0
107.0,-34.2607074,-55.0085392,14.2335871,14.2335871,-0.0819326409,-0.0819326409,-0.0321325686,-0.0321325686,1211.65351,88.46881,88.46881,11.2252819,11.2252819,12.817506,12.817506,0.475310196,680.94977,0.0,63.0855572,0.0812823102,0.0,-55.0085392,684.586081,1211.65351,0.0,0.0
107.5,-30.043287,-59.1270277,12.4765103,12.4765103,-0.0771863054,-0.0771863054,-0.0302925918,-0.0302925918,1214.59616,88.46881,88.46881,11.2525439,11.2525439,12.845543,12.845543,0.475184556,680.94977,0.0,63.2387683,0.0889451271,0.0,-59.1270277,684.590534,1214.59616,0.0,0.0
108.0,-25.8258661,-63.6169403,10.7194876,10.7194876,-0.0713417353,-0.0713417353,-0.0279763964,-0.0279763964,1217.80321,88.46881,88.46881,11.2822556,11.2822556,12.87608445,12.87608445,0.475058518,680.94977,0.0,63.4057463,0.0965793132,0.0,-63.6169403,684.594842,1217.80321,0.0,0.0
108.5,-21.6084455,388.2654345,22.4773947,22.4773947,1.2502825546,1.2502825546,1.5988522901,1.5988522901,1221.01793,88.46881,88.46881,11.3120379,11.3120379,12.9066823,12.9066823,0.474927036,898.97345,0.0,63.5731222,0.0807058146,0.0,388.2654345,874.503474,1221.01793,0.0,0.0
109.0,-17.39102485,1351.92651,6.53005885,6.53005885,0.928449283,0.928449283,1.26106831,1.26106831,1224.21008,88.46881,88.46881,11.34161125,11.34161125,12.9370491,12.9370491,0.474772514,1247.6708,0.0,63.7393216,0.1130170587,0.0,1351.92651,1277.35381,1224.21008,0.0,0.0
109.5,-13.1736041,1284.20168,5.36437228,5.36437228,0.721573147,0.721573147,1.038460494,1.038460494,1228.24211,88.46881,88.46881,11.37896575,11.37896575,12.9753836,12.9753836,0.474630154,1247.6708,0.0,63.9492525,0.1195360575,0.0,1284.20168,1251.52732,1228.24211,0.0,0.0
110.0,-8.9561836,1275.9799,3.68984224,3.68984224,0.493132905,0.493132905,0.752237258,0.752237258,1232.50097,88.46881,88.46881,11.41842145,11.41842145,13.015847,13.015847,0.474490115,1247.6708,0.0,64.170995,0.1269110261,0.0,1275.9799,1250.59287,1232.50097,0.0,0.0
110.5,-4.78093986,1269.54596,1.94155165,1.94155165,0.258224297,0.258224297,0.400230074,0.400230074,1237.01794,88.46881,88.46881,11.4602685,11.4602685,13.0587323,13.0587323,0.474353843,1247.6708,0.0,64.406171,0.13433629,0.0,1269.54596,1250.55308,1237.01794,0.0,0.0
111.0,-3.2626655,1257.74853,1.26754364,1.26754364,0.166935402,0.166935402,0.259588201,0.259588201,1241.7269,88.46881,88.46881,11.5038947,11.5038947,13.10340695,13.10340695,0.474220712,1247.6708,0.0,64.6513475,0.136775783,0.0,1257.74853,1248.39359,1241.7269,0.0,0.0
111.5,-3.2626655,1249.42793,1.31825428,1.31825428,0.172479822,0.172479822,0.268795025,0.268795025,1246.44451,88.46881,88.46881,11.5476008,11.5476008,13.1481291,13.1481291,0.474087392,1247.6708,0.0,64.896976,0.136180981,0.0,1249.42793,1247.68596,1246.44451,0.0,0.0
112.0,-3.2626655,1242.80891,1.3198795,1.3198795,0.171777875,0.171777875,0.268172063,0.268172063,1251.14371,88.46881,88.46881,11.5911361,11.5911361,13.1926424,13.1926424,0.473953456,1247.6708,0.0,65.1416404,0.135671674,0.0,1242.80891,1247.67557,1251.14371,0.0,0.0
112.5,-3.2626655,1236.25392,1.32004808,1.32004808,0.170893688,0.170893688,0.267257486,0.267257486,1255.82537,88.46881,88.46881,11.6345087,11.6345087,13.23695555,13.23695555,0.473818943,1247.6708,0.0,65.385393,0.135164893,0.0,1236.25392,1247.68151,1255.82537,0.0,0.0
113.0,-3.2626655,1229.72411,1.32018942,1.32018942,0.170009246,0.170009246,0.266337515,0.266337515,1260.48945,88.46881,88.46881,11.6777194,11.6777194,13.2810694,13.2810694,0.473683845,1247.6708,0.0,65.6282329,0.134658174,0.0,1229.72411,1247.68777,1260.48945,0.0,0.0
113.5,-3.2626655,1223.21892,1.32033027,1.32033027,0.16912794,0.16912794,0.265417512,0.265417512,1265.13607,88.46881,88.46881,11.7207674,11.7207674,13.3249843,13.3249843,0.473548179,1247.6708,0.0,65.8701614,0.134151493,0.0,1223.21892,1247.69403,1265.13607,0.0,0.0
114.0,-3.2626655,1216.73819,1.3204711,1.3204711,0.168249828,0.168249828,0.264497595,0.264497595,1269.76514,88.46881,88.46881,11.76365315,11.76365315,13.3687005,13.3687005,0.47341192,1247.6708,0.0,66.1111787,0.133644867,0.0,1216.73819,1247.70025,1269.76514,0.0,0.0
114.5,-3.2626655,1210.28161,1.32058315,1.32058315,0.167371233,0.167371233,0.263572002,0.263572002,1274.37713,88.548994,88.548994,11.81709915,11.81709915,13.42408935,13.42408935,0.473275089,1247.6708,0.0,66.3513059,0.133397198,0.0,1210.28161,1247.70651,1274.37713,0.0,0.0
115.0,-3.2626655,1203.55097,1.31621246,1.31621246,0.16589006,0.16589006,0.261711626,0.261711626,1279.20028,93.7651409,93.7651409,12.56091335,12.56091335,14.2623547,14.2623547,0.473133442,1247.6708,0.0,66.6024249,0.149744427,0.0,1203.55097,1247.72204,1279.20028,0.0,0.0
115.5,-3.29405981,1195.63456,1.31409496,1.31409496,0.164531449,0.164531449,0.260122628,0.260122628,1284.82407,101.9369375,101.9369375,13.7156831,13.7156831,15.57093395,15.57093395,0.472975064,1247.6708,0.0,66.8952316,0.175528044,0.0,1195.63456,1247.71167,1284.82407,0.0,0.0
116.0,-5.29764697,1182.71945,2.11083932,2.11083932,0.261274439,0.261274439,0.414593702,0.414593702,1291.28979,110.1087333,110.1087333,14.8897761,14.8897761,16.8995892,16.8995892,0.472794828,1247.6708,0.0,67.2318739,0.197528373,0.0,1182.71945,1246.11291,1291.28979,0.0,0.0
116.5,-8.42838772,1495.22644,12.31976657,11.45051172,2.039506752,1.887477182,2.40337965,2.2312188,1298.10271,118.2805292,113.1195482,16.0791389,15.3769125,18.2434362,17.4469846,0.472576942,1398.02225,0.0,67.5865916,0.186618268,0.0,1495.22644,1380.12735,1298.10271,0.0,0.0
117.0,-11.55912805,1960.93978,4.05600583,3.9282833,0.830267563,0.804415604,1.139496776,1.104449556,1305.20757,126.4523241,123.3041915,17.2841914,16.8531964,19.6273787,19.138111,0.472315472,1565.895,0.0,67.9565104,0.228209268,0.0,1960.93978,1578.06258,1305.20757,0.0,0.0
117.5,-14.6898688,1913.51441,6.74300119,6.01097856,1.35091809,1.20431862,1.7644258,1.57334779,1312.78297,134.543936,120.236688,18.4968203,16.5292981,20.9789348,18.7475186,0.472049217,1565.895,0.0,68.3509272,0.210159335,0.0,1913.51441,1562.75175,1312.78297,0.0,0.0
118.0,-17.8206091,1903.39238,8.6016416,7.3711654,1.71438297,1.46914778,2.15913866,1.8503754,1319.79681,137.49959,117.9294516,19.0036529,16.2987647,21.531947,18.4672198,0.471782591,1565.895,0.0,68.7161116,0.195883269,0.0,1903.39238,1562.63523,1319.79681,0.0,0.0
118.5,-20.9513501,1894.44591,10.28919785,8.66622835,2.04109786,1.71915602,2.48475172,2.09293072,1326.33857,137.49959,115.892563,19.0978472,16.0966572,21.6187103,18.2213942,0.471515999,1565.895,0.0,69.0567109,0.182645255,0.0,1894.44591,1562.73223,1326.33857,0.0,0.0
119.0,-24.0820912,1885.73696,12.0360065,9.9720639,2.37666865,1.96912755,2.79923352,2.31933107,1332.4309,137.49959,113.990123,19.1855702,15.905157,21.7024719,17.9917244,0.471249424,1565.895,0.0,69.3739146,0.169871646,0.0,1885.73696,1562.66563,1332.4309,0.0,0.0
119.5,-27.2128306,1877.50521,13.8568462,11.27658775,2.7242921,2.21702116,3.15730432,2.56943196,1338.0794,137.49959,111.9703116,19.2669029,15.689556,21.7828259,17.7383548,0.470982883,1565.895,0.0,69.668006,0.156768087,0.0,1877.50521,1562.53849,1338.0794,0.0,0.0
120.0,-30.3435716,1869.95871,15.75535325,12.5841899,3.08511905,2.46417531,3.55171012,2.83688431,1343.26903,137.49959,109.8896871,19.3416269,15.45774335,21.8565032,17.467634,0.470716367,1565.895,0.0,69.938208,0.143513231,0.0,1869.95871,1562.42847,1343.26903,0.0,0.0
120.5,-33.4428694,1863.14251,17.7066871,13.8867693,3.45460747,2.70934779,3.95066264,3.09841949,1348.00585,137.49959,107.8920781,19.4098326,15.230277,21.9236899,17.2028312,0.47044988,1565.895,0.0,70.1848336,0.13062252,0.0,1863.14251,1562.35801,1348.00585,0.0,0.0
121.0,-34.570072,1862.60137,18.5386878,14.41232145,3.61599156,2.81113917,4.12385703,3.20596291,1352.38446,137.49959,106.891511,19.4728797,15.13811705,21.9862788,17.0920213,0.470183431,1565.895,0.0,70.412809,0.124644813,0.0,1862.60137,1564.68947,1352.38446,0.0,0.0
121.5,-34.570072,1858.63666,18.4954098,14.3506259,3.59986994,2.79314822,4.10772724,3.18719575,1356.67716,137.49959,106.6848206,19.5346896,15.15679855,22.04886,17.1075229,0.469916999,1565.895,0.0,70.6363108,0.1235816695,0.0,1858.63666,1565.54621,1356.67716,0.0,0.0
122.0,-34.570072,1852.66464,18.5421446,14.35086415,3.59736991,2.78421954,4.10620744,3.17803907,1360.92605,137.49959,106.417867,19.5958691,15.1662221,22.1117827,17.1134141,0.46965059,1565.895,0.0,70.8575315,0.1222192844,0.0,1852.66464,1565.54211,1360.92605,0.0,0.0
122.5,-34.570072,1846.7834,18.5886388,14.35128525,3.59494198,2.77546257,4.10474436,3.16905357,1365.12803,137.49959,106.154811,19.6563733,15.1754439,22.1739877,17.1191357,0.469384218,1565.895,0.0,71.0763114,0.1208731408,0.0,1846.7834,1565.54838,1365.12803,0.0,0.0
123.0,-34.570072,1840.96749,18.634531,14.3516528,3.59246808,2.7667929,4.1032145,3.16015163,1369.28384,137.49959,105.8960975,19.7162123,15.18454495,22.2354807,17.124774,0.469117864,1565.895,0.0,71.2926833,0.1195450909,0.0,1840.96749,1565.55487,1369.28384,0.0,0.0
123.5,-34.570072,1835.21532,18.679902,14.35201695,3.58996302,2.7582179,4.10163374,3.1513414,1373.39397,137.49959,105.6415764,19.7753936,15.19351895,22.2962729,17.1303219,0.468851546,1565.895,0.0,71.5066814,0.1182345164,0.0,1835.21532,1565.56125,1373.39397,0.0,0.0
124.0,-34.570072,1829.52619,18.7247594,14.3523761,3.5874283,2.74973625,4.10000411,3.14262158,1377.45913,137.49959,105.3911468,19.8339278,15.2023671,22.3563735,17.13578,0.468585257,1565.895,0.0,71.7183369,0.1169410849,0.0,1829.52619,1565.56756,1377.45913,0.0,0.0
124.5,-34.570072,1823.89917,18.7691105,14.3527306,3.58486561,2.74134678,4.09832764,3.13399102,1381.47982,137.49959,105.1447173,19.8918212,15.2110918,22.4157927,17.1411488,0.468318996,1565.895,0.0,71.9276796,0.1156644679,0.0,1823.89917,1565.57379,1381.47982,0.0,0.0
125.0,-34.570072,1818.33354,18.812963,14.3530806,3.58227662,2.73304816,4.09660652,3.12544883,1385.45671,137.49959,104.902191,19.9490844,15.21969375,22.4745388,17.1464314,0.46805276,1565.895,0.0,72.1347394,0.1144043485,0.0,1818.33354,1565.57998,1385.45671,0.0,0.0
125.5,-34.5371752,1812.88787,18.8500996,14.34954155,3.57859965,2.72419194,4.09369932,3.1163089,1389.3904,137.49959,104.667646,20.0057257,15.22878175,22.5326244,17.152312,0.467786555,1565.895,0.0,72.3395474,0.1132187566,0.0,1812.88787,1565.61082,1389.3904,0.0,0.0
126.0,-32.4417271,1813.40309,17.6526065,13.53169895,3.35219229,2.56964284,3.85149523,2.95241664,1393.3681,137.49959,105.3708254,20.063,15.3750465,22.5917836,17.3129453,0.467520373,1565.895,0.0,72.54665,0.1188779255,0.0,1813.40309,1568.14776,1393.3681,0.0,0.0
126.5,-29.1673514,1809.38481,15.5632392,12.09861155,2.94900747,2.29250193,3.41593761,2.65550765,1397.66336,137.49959,106.8545466,20.1248468,15.6396028,22.655956,17.6065963,0.467254213,1565.895,0.0,72.770285,0.129469526,0.0,1809.38481,1568.98368,1397.66336,0.0,0.0
127.0,-25.8929756,1802.62014,13.6281489,10.7324527,2.57270035,2.02604746,3.00735439,2.36837707,1402.31552,137.49959,108.2461199,20.191833,15.8960127,22.7252891,17.8904695,0.466988101,1565.895,0.0,73.012504,0.139601547,0.0,1802.62014,1568.88522,1402.31552,0.0,0.0
127.5,-22.6185999,1795.3163,11.7722411,9.36770075,2.21335821,1.76126266,2.66330202,2.11936425,1407.30425,137.49959,109.3764402,20.2636657,16.1191328,22.7993976,18.1362266,0.466722005,1565.895,0.0,73.2722442,0.148842963,0.0,1795.3163,1568.75892,1407.30425,0.0,0.0
128.0,-19.344224,1787.74853,9.9582848,8.00381667,1.86443706,1.49850675,2.32905419,1.87199503,1412.60636,137.49959,110.467617,20.3400099,16.3412839,22.8780308,18.38034,0.466455929,1565.895,0.0,73.5483004,0.15791617,0.0,1787.74853,1568.70577,1412.60636,0.0,0.0
128.5,-16.06984835,1779.76049,8.17296629,6.63873243,1.52337105,1.23739784,1.97879237,1.60738354,1418.22551,137.49959,111.6321445,20.4209202,16.5792454,22.9612812,18.6416968,0.466189893,1565.895,0.0,73.8408665,0.16718756,0.0,1779.76049,1568.66289,1418.22551,0.0,0.0
129.0,-12.79547245,1771.31034,6.41974598,5.27358286,1.19093657,0.978305595,1.61132562,1.32369112,1424.16895,137.49959,112.8790316,20.5064999,16.834692,23.0492411,18.9221351,0.465923881,1565.895,0.0,74.1503165,0.176682946,0.0,1771.31034,1568.61707,1424.16895,0.0,0.0
129.5,-9.5210966,1762.38617,4.70077174,3.90850258,0.867693345,0.721448171,1.224198,1.01790901,1430.44511,137.49959,114.2239031,20.596869,17.110347,23.1420234,19.2246641,0.465657894,1565.895,0.0,74.4770887,0.18645117,0.0,1762.38617,1568.56825,1430.44511,0.0,0.0
130.0,-6.24672078,1752.97421,3.01593237,2.54306343,0.553777215,0.466947224,0.794187675,0.669663233,1437.06883,137.49959,115.7700854,20.6922433,17.4222756,23.2426691,19.5696572,0.465391939,1565.895,0.0,74.8219555,0.196825179,0.0,1752.97421,1568.51939,1437.06883,0.0,0.0
130.5,-3.00521505,1742.95857,1.381408846,1.182245698,0.252281553,0.215907591,0.362206117,0.309983677,1444.05382,137.49959,117.3322891,20.7928201,17.7431943,23.3509021,19.926085,0.465126008,1565.895,0.0,75.1856365,0.207155636,0.0,1742.95857,1568.43032,1444.05382,0.0,0.0
131.0,-1.8263134,1727.92876,0.763354942,0.652429808,0.1381072535,0.1180389924,0.198663186,0.169795449,1451.29308,137.49959,117.6002691,20.8970571,17.872732,23.4579695,20.0630228,0.464860103,1565.895,0.0,75.5625541,0.209415867,0.0,1727.92876,1566.40324,1451.29308,0.0,0.0
131.5,-1.8263134,1716.27595,0.824586727,0.701627447,0.148200571,0.126101729,0.213468613,0.181637289,1458.47968,137.49959,116.9980347,21.0005367,17.8692687,23.5609654,20.0479301,0.464594232,1565.895,0.0,75.9367276,0.206479324,0.0,1716.27595,1565.75063,1458.47968,0.0,0.0
132.0,-1.8263134,1706.32749,0.83018464,0.703269696,0.148342151,0.125664524,0.213923115,0.181219802,1465.57322,137.49959,116.4779714,21.1026758,17.8763643,23.6628182,20.0450992,0.464328379,1565.895,0.0,76.3060573,0.203898777,0.0,1706.32749,1565.75285,1465.57322,0.0,0.0
132.5,-1.8263134,1696.52801,0.835379089,0.704540462,0.148412745,0.1251683436,0.214272621,0.180713162,1472.56809,137.49959,115.9701066,21.2033944,17.883369,23.7631915,20.0423564,0.464062565,1565.895,0.047061227177,76.6702515,0.195283519,0.0,1696.52801,1565.75947,1472.56809,-1.1540563,0.0713321
133.0,-1.8263134,1693.77062,0.963852272,0.810281843,0.170977232,0.143735637,0.246925428,0.207583047,1474.11046,137.49959,115.6910288,21.2256029,17.8590325,23.7847037,20.0122393,0.463796777,1565.895,3.05793803,76.7505541,-0.20243882335,0.0,1693.77062,1565.51269,1474.11046,-76.2277147,4.70401477
133.5,-1.8263134,1718.37644,1.1654922,0.988187737,0.209791082,0.177881003,0.302088308,0.25613795,1456.4334,137.49959,116.644677,20.9710722,17.7899119,23.5296664,19.9604373,0.463531013,1565.895,7.76245807,75.8301855,-0.818688676,0.0,1718.37644,1565.42983,1456.4334,-193.840717,11.8141215
134.0,-1.8263134,1772.86039,1.33634607,1.15774598,0.248190831,0.215040248,0.35509275,0.307657555,1417.58392,137.49959,119.1708069,20.4116818,17.6893546,22.9688803,19.9056712,0.46326528,1565.895,12.4669783,73.8074626,-1.4272568,0.0,1772.86039,1565.41707,1417.58392,-311.453721,18.473944
134.5,-1.8263134,1856.6382,1.47614145,1.32490306,0.287105093,0.257737371,0.406773598,0.365150537,1357.83286,137.49959,123.4552249,19.5513307,17.5511693,22.1060192,19.8449331,0.462999568,1565.895,17.1714982,70.6964833,-2.02779701,0.0,1856.6382,1565.38944,1357.83286,-429.066724,24.3754326
135.0,-1.8263134,1969.3036,1.5792719,1.48975428,0.325775258,0.307404058,0.456136097,0.430390646,1277.46436,137.49959,129.7547964,18.3941113,17.3521622,20.9630271,19.7764482,0.46273389,1565.895,21.8760186,66.5120426,-2.61983295,0.0,1969.3036,1565.34381,1277.46436,-546.679732,29.2161808
135.5,-1.8263134,2254.17343,7.29236094,6.59611438,1.814430861,1.638588924,2.124193421,1.921597395,1176.444,137.542661,128.918594,16.9445991,15.89968205,19.4848589,18.2819981,0.462468237,1638.55862,26.5334054,61.2523501,-3.23589985,0.0,2254.17343,1624.89519,1176.444,-663.138687,32.6356238
136.0,-1.8263134,3265.17562,11.33426195,10.18211215,3.86676155,3.4742489,4.34596162,3.90480035,1058.663645,140.344511,126.229587,15.55447145,13.9893067,18.1186007,16.2955515,0.462202617,1980.68996,28.227121,55.1200365,-3.4643137,0.0,3265.17562,1976.80952,1058.663645,-705.67804,31.2934324
136.5,-1.8263134,4319.62291,11.04529295,9.9321172,4.99638285,4.49267178,5.57255601,5.01076366,939.326756,144.733989,130.29898,14.2324027,12.8131985,16.86846,15.1863461,0.461937011,2347.80112,28.227121,48.9066799,-3.44042132,0.0,4319.62291,2345.89295,939.326756,-705.67804,27.7659089
137.0,-1.8263134,5363.609549999999,10.30805265,9.3474244,5.75635502,5.22332667,6.42153683,5.83009012,820.78313,149.123468,135.932669,12.8130133,11.67077475,15.53835025,14.15572335,0.461671628,2710.87709,28.227121,42.7346268,-3.41217581,0.0,5363.609549999999,2711.08674,820.78313,-705.67804,24.2618333
137.5,-1.8263134,5863.165709999999,1.06734679,1.06734679,0.656013177,0.656013177,0.829719615,0.829719615,704.324848,153.512943,153.512943,11.31824275,11.31824275,14.23193265,14.23193265,0.461463844,2841.5808,28.227121,36.6711482,-3.33322555,0.0,5863.165709999999,2850.95661,704.324848,-705.67804,20.8194005
138.0,-1.8263134,5995.46596,1.64982999,1.64982999,1.03596226,1.03596226,1.31004497,1.31004497,589.428473,157.902423,157.902423,9.7421519,9.7421519,12.74179695,12.74179695,0.461312929,2841.5808,28.227121,30.688991,-3.31362136,0.0,5995.46596,2838.92058,589.428473,-705.67804,17.4231354
138.5,-1.8263134,6154.53802,1.67499723,1.67499723,1.07953391,1.07953391,1.36474956,1.36474956,475.20949,162.311042,162.311042,8.07279626,8.07279626,11.21747315,11.21747315,0.461179525,2841.5808,28.227121,24.7421025,-3.29415341,0.0,6154.53802,2838.42001,475.20949,-705.67804,14.04689395
139.0,-1.8263134,6313.44306,1.66941033,1.66941033,1.10370836,1.10370836,1.39458426,1.39458426,361.697526,167.945545,167.945545,6.3550571,6.3550571,9.65438355,9.65438355,0.46106552,2841.5808,28.227121,18.8320254,-3.27181481,0.0,6313.44306,2838.26275,361.697526,-705.67804,10.69155175
139.5,-1.8263134,6471.22705,1.66284,1.66284,1.1268403,1.1268403,1.42331536,1.42331536,248.994839,174.285515,174.285515,4.53828786,4.53828786,8.05944003,8.05944003,0.46096871,2841.5808,28.227121,12.9640844,-3.24832028,0.0,6471.22705,2838.1116,248.994839,-705.67804,7.36013108
140.0,-1.8263134,6627.89923,1.6566159,1.6566159,1.14980249,1.14980249,1.45282382,1.45282382,137.0852055,180.625492,180.625492,2.5868658,2.5868658,5.58384711,5.58384711,0.460892866,2841.5808,28.227121,7.13743378,-3.22593196,0.0,6627.89923,2837.96088,137.0852055,-705.67804,4.0521526
140.5,-1.8263134,6779.513150000001,1.47403138,1.47403138,1.045625154,1.045625154,1.32180862,1.32180862,29.7980783253,186.965229,186.965229,0.57839301717,0.57839301717,1.52536376913,1.52536376913,0.460848313,2841.5808,28.227121,1.55145699118,-2.24542209691,0.0,6779.513150000001,2838.40433,29.7980783253,-529.2821306,0.880350476814
141.0,-1.8263134,6821.79277,0.703077779,0.703077779,0.502255267,0.502255267,0.635093984,0.635093984,0.063271672,193.305351,193.305351,0.00128087742,0.00128087742,0.00387387183,0.00387387183,0.460837561,2841.5808,28.227121,0.00329428231,-0.000141404097,0.0,6821.79277,2838.63522,0.063271672,-120.0332369,0.000318148475
141.5,-1.8263134,6957.35904,5.005157455,5.005157455,3.6854176,3.6854176,4.313959037,4.313959037,0.0641185479,199.620583,199.620583,0.00134037857,0.00134037857,0.004053834,0.004053834,0.460822575,2908.10594,28.1799834,0.00333837546,0.001475574974,0.0,6957.35904,2895.04587,0.0641185479,-122.481987,0.000328966184
142.0,-1.8263134,7623.544319999999,7.23701334,7.23701334,5.77531515,5.77531515,6.79299023,6.79299023,0.0696728705,204.307403,204.307403,0.00149093859,0.00149093859,0.00450913522,0.00450913522,0.460767875,3177.98888,25.1691827,0.00362756494,0.001607360089,0.0,7623.544319999999,3172.25375,0.0696728705,-124.5945916,0.000363664569
142.5,-1.8263134,8308.5113,7.1164513,7.1164513,6.1917275,6.1917275,7.43036523,7.43036523,0.0810179134,208.058207,208.058207,0.00176566854,0.00176566854,0.00533987677,0.00533987677,0.46070507,3461.95618,20.4646624,0.00421825234,-0.000874688864,0.0,8308.5113,3457.28033,0.0810179134,-126.8136978,0.000430530293
143.0,-1.8263134,8859.6559,3.0033890622,3.0033890622,2.7656418728,2.7656418728,3.4283823045,3.4283823045,0.1002007796,211.809771,211.809771,0.00222335077,0.00222335077,0.00672372964,0.00672372964,0.460647558,3682.58134,15.7601423,0.0052170211,7.4014363e-05,0.0,8859.6559,3686.62675,0.1002007796,-130.652795,0.000548852775
143.5,-1.8263134,8878.8418,0.629160164,0.629160164,0.584939391,0.584939391,0.791590082,0.791590082,0.1353602027,215.5617,215.5617,0.00305715158,0.00305715158,0.009244478,0.009244478,0.460637795,3698.0298,11.0556222,0.00704762022,0.001444103777,0.0,8878.8418,3694.63063,0.1353602027,-133.545047,0.000757511946
144.0,-1.8263134,8874.9702,0.75226475,0.75226475,0.699143494,0.699143494,0.945992132,0.945992132,0.29459302,219.312767,219.312767,0.00678228736,0.00678228736,0.0204947351,0.0204947351,0.460630283,3698.0298,6.35110207,0.0153381843,0.02716423577,0.0,8874.9702,3693.11259,0.29459302,-129.814057,0.001526330917
144.5,-1.8263134,8865.804399999999,0.641116369,0.641116369,0.595256561,0.595256561,0.805074261,0.805074261,7.12855977,223.026931,223.026931,0.1669490924,0.1669490924,0.493502732,0.493502732,0.460621613,3698.0298,1.70807995992,0.371153269,0.434719103,0.0,8865.804399999999,3693.28902,7.12855977,-42.860901316,0.00715430277
145.0,-1.8263134,8839.2865,0.608000788,0.608000788,0.562779267,0.562779267,0.760118779,0.760118779,25.7086272,224.38274,224.38274,0.604083458,0.604083458,1.71846279,1.71846279,0.460606317,3698.0298,0.9255324,1.338536977,0.523949705,0.0,8839.2865,3693.10343,25.7086272,-23.08115266,0.02708380867
145.5,-1.8263134,8818.271700000001,0.666431147,0.666431147,0.615406589,0.615406589,0.830335957,0.830335957,40.5685437,224.38274,224.38274,0.953251478,0.953251478,2.62901039,2.62901039,0.460581181,3698.0298,2.34942841,2.11222857,0.335773115,0.0,8818.271700000001,3693.03555,40.5685437,-58.6785516,0.1011421702
146.0,-1.8263134,8806.569950000001,0.718916652,0.718916652,0.662997427,0.662997427,0.894029853,0.894029853,48.923246,224.38274,224.38274,1.14956446,1.14956446,3.1155757,3.1155757,0.460549389,3698.0298,3.77332438,2.54722181,0.1476168051,0.0,8806.569950000001,3693.04471,48.923246,-94.2759535,0.193826637
146.5,-1.8263134,8803.9798,0.771213715,0.771213715,0.711021828,0.711021828,0.958668199,0.958668199,50.7734649,224.38274,224.38274,1.1930396,1.1930396,3.2209915,3.2209915,0.460514398,3698.0298,5.19722041,2.64355466,-0.04051517808,0.0,8803.9798,3693.04717,50.7734649,-129.8733525,0.276041415
147.0,-1.8263134,8810.49455,0.82349972,0.82349972,0.759792855,0.759792855,1.024760476,1.024760476,46.1201182,224.38274,224.38274,1.083698497,1.083698497,2.95427217,2.95427217,0.460479536,3698.0298,6.62111637,2.40127505,-0.228620025,0.0,8810.49455,3693.0409,46.1201182,-165.470753,0.318696377
147.5,-1.8263134,8826.1102,0.875574094,0.875574094,0.809274124,0.809274124,1.09234863,1.09234863,34.9671859,224.38274,224.38274,0.821634655,0.821634655,2.29278429,2.29278429,0.460448174,3698.0298,8.03075313,1.82059013,-0.414858443,0.0,8826.1102,3693.0268,34.9671859,-200.717895,0.29232213
148.0,-1.8263134,8848.7019,0.895711499,0.895711499,0.829995804,0.829995804,1.12157426,1.12157426,18.9408416,224.38274,224.38274,0.445058736,0.445058736,1.284994694,1.284994694,0.460423776,3698.0298,8.543376,0.986167689,-0.482850306,0.0,8848.7019,3693.06959,18.9408416,-213.5844,0.169456179
148.5,-1.8263134,8870.6793,0.851407094,0.851407094,0.790879969,0.790879969,1.069876,1.069876,3.4895184,224.38274,224.38274,0.08199428105,0.08199428105,0.2440724543,0.2440724543,0.460408484,3698.0298,8.543376,0.1816841273,-0.317921909256,0.0,8870.6793,3693.19254,3.4895184,-191.271683,0.03105890506
149.0,-1.8263134,8875.2628,0.753016007,0.753016007,0.699864535,0.699864535,0.946981437,0.946981437,0.171654286,224.38274,224.38274,0.00403341322,0.00403341322,0.0121957202,0.0121957202,0.460399909,3698.0298,8.543376,0.00893729615,-1.6275e-07,0.0,8875.2628,3693.16272,0.171654286,-139.213637,0.00100097915
149.5,-1.8263134,8875.0366,0.759743769,0.759743769,0.706099534,0.706099534,0.955407236,0.955407236,0.171651879,224.38274,224.38274,0.0040333567,0.0040333567,0.01219554945,0.01219554945,0.460392059,3698.0298,8.543376,0.0089371708,-8.167e-09,0.0,8875.0366,3693.06853,0.171651879,-139.211349,0.00100094871
150.0,-1.8263134,8875.031,0.759938767,0.759938767,0.706280327,0.706280327,0.955651627,0.955651627,0.17165181,224.38274,224.38274,0.004033355,0.004033355,0.012195544,0.012195544,0.460384181,3698.0298,8.543376,0.008937167,-1.56e-10,0.0,8875.031,3693.0664,0.17165181,-139.21129,0.0010009478
150.5,-1.8263134,8875.0308,0.759928739,0.759928739,0.706270977,0.706270977,0.955638966,0.955638966,0.171881099,224.38274,224.38274,0.00403874266,0.00403874266,0.0122118279,0.0122118279,0.460376298,3698.0298,8.5290839,0.0089491051,7.2691604e-05,0.0,8875.0308,3693.0663,0.171881099,-139.197047,0.00100218108
151.0,-1.8263134,8875.007000000001,0.759685358,0.759685358,0.706042878,0.706042878,0.955329177,0.955329177,0.18964963,224.38274,224.38274,0.00445625532,0.00445625532,0.01347366855,0.01347366855,0.46036842,3698.0298,7.61784351,0.0098742358,0.000890615839,0.0,8875.007000000001,3693.06673,0.18964963,-139.004847,0.00110424445
151.5,-1.8263134,8874.95365,0.759570175,0.759570175,0.70593159,0.70593159,0.955176014,0.955176014,0.227542163,224.38274,224.38274,0.0053466277,0.0053466277,0.01616427945,0.01616427945,0.46036052,3698.0298,6.1939476,0.01184713615,0.0013488214,0.0,8874.95365,3693.06667,0.227542163,-138.838336,0.00132327032
152.0,-1.8263134,8873.7439,0.739377061,0.739377061,0.68707226,0.68707226,0.929602816,0.929602816,1.167745953,224.38274,224.38274,0.02743888261,0.02743888261,0.0826579515,0.0826579515,0.460352539,3698.0298,4.77005158,0.0607994782,0.07931713884,0.0,8873.7439,3693.11212,1.167745953,-119.307933,0.0054941219
152.5,-1.8263134,8866.5309,0.699699481,0.699699481,0.649674928,0.649674928,0.878689411,0.878689411,6.3492887,224.38274,224.38274,0.1491911769,0.1491911769,0.44385398,0.44385398,0.46034324,3698.0298,3.34615561,0.330579996,0.217389105,0.0,8866.5309,3693.13627,6.3492887,-83.710532,0.0213476015
153.0,-1.8263134,8852.043,0.651378609,0.651378609,0.603826073,0.603826073,0.816092215,0.816092215,16.7349884,224.38274,224.38274,0.393227153,0.393227153,1.141798989,1.141798989,0.460330021,3698.0298,1.9222596,0.871318466,0.391600068,0.0,8852.043,3693.17192,16.7349884,-48.1131323,0.0320614374
153.5,-1.8263134,8828.5469,0.599014715,0.599014715,0.553815436,0.553815436,0.747628174,0.747628174,33.5225194,224.38274,224.38274,0.787688876,0.787688876,2.20278925,2.20278925,0.460309899,3698.0298,0.512654914834,1.74537259,0.577840016,0.0,8828.5469,3693.19716,33.5225194,-12.866042589,0.015740627029
154.0,-1.8263134,8798.0683,0.578883928,0.578883928,0.533342955,0.533342955,0.718892483,0.718892483,55.1827366,224.38274,224.38274,1.29664564,1.29664564,3.46357575,3.46357575,0.460279925,3698.0298,0.0,2.8731264,0.645782918,0.0,8798.0683,3693.16196,55.1827366,0.0,0.0
154.5,-1.8263134,8766.763500000001,0.580429759,0.580429759,0.532865456,0.532865456,0.717133328,0.717133328,77.5063943,224.38274,224.38274,1.82119147,1.82119147,4.64944747,4.64944747,0.460238963,3698.0298,0.0,4.03542267,0.645652436,0.0,8766.763500000001,3693.17056,77.5063943,0.0,0.0
155.0,-1.8263134,8735.516399999999,0.580521984,0.580521984,0.531050571,0.531050571,0.713583993,0.713583993,99.8248604,224.38274,224.38274,2.34561525,2.34561525,5.73351016,5.73351016,0.460187467,3698.0298,0.0,5.19744871,0.645481478,0.0,8735.516399999999,3693.19995,99.8248604,0.0,0.0
155.5,-1.8263134,8704.2802,0.580582263,0.580582263,0.529206568,0.529206568,0.7100035,0.7100035,122.1366751,224.38274,224.38274,2.86988278,2.86988278,6.72827444,6.72827444,0.460126004,3698.0298,0.0,6.35912833,0.645267658,0.0,8704.2802,3693.2299,122.1366751,0.0,0.0
156.0,-1.8263134,8673.05475,0.580653639,0.580653639,0.527372933,0.527372933,0.706437568,0.706437568,144.440357,224.38274,224.38274,3.39395916,3.39395916,7.64428025,7.64428025,0.460055042,3698.0298,0.0,7.5203844,0.645010977,0.0,8673.05475,3693.25981,144.440357,0.0,0.0
156.5,-1.8263134,8641.8431,0.580736886,0.580736886,0.525550429,0.525550429,0.702897307,0.702897307,166.734421,224.38274,224.38274,3.91780969,3.91780969,8.4904714,8.4904714,0.459975025,3698.0298,0.0,8.6811401,0.644711459,0.0,8641.8431,3693.28974,166.734421,0.0,0.0
157.0,-1.8263134,8556.15485,-0.891911539,-0.891911539,-0.794519493,-0.794519493,-0.516703773,-0.516703773,189.047932,224.38274,224.38274,4.44211699,4.44211699,9.2742281,9.2742281,0.459890885,3672.41311,0.0,9.842908,0.646929461,0.0,8556.15485,3670.66286,189.047932,0.0,0.0
157.5,-1.8263134,8312.02665,-1.43005747,-1.43005747,-1.24496229,-1.24496229,-0.945922425,-0.945922425,211.437637,224.38274,224.38274,4.96821466,4.96821466,9.9842648,9.9842648,0.459811572,3586.33825,0.0,11.0086432,0.647479547,0.0,8312.02665,3582.15247,211.437637,0.0,0.0
158.0,-1.8263134,8067.433379999999,-1.40127976,-1.40127976,-1.18383305,-1.18383305,-0.909623432,-0.909623432,233.81348,224.38274,224.38274,5.49398683,5.49398683,10.6353509,10.6353509,0.45972502,3497.81532,0.0,12.1736564,0.646999519,0.0,8067.433379999999,3493.44058,233.81348,0.0,0.0
158.5,-1.8263134,7823.99311,-1.301520583,-1.301520583,-1.067477155,-1.067477155,-0.828005762,-0.828005762,256.173081,224.38274,224.38274,6.01937716,6.01937716,11.23982475,11.23982475,0.45963135,3409.82178,0.0,13.33782415,0.646353632,0.0,7823.99311,3405.19889,256.173081,0.0,0.0
159.0,-1.8263134,7702.740360000001,0.699517959,0.699517959,0.564259779,0.564259779,0.724094867,0.724094867,278.447137,224.38274,224.38274,6.54275748,6.54275748,11.8008507,11.8008507,0.459520692,3374.7527,0.0,14.4975379,0.64235888,0.0,7702.740360000001,3367.75032,278.447137,0.0,0.0
159.5,-1.8263134,7678.282300000001,0.589368667,0.589368667,0.47389887,0.47389887,0.607730828,0.607730828,300.648473,224.38274,224.38274,7.06442927,7.06442927,12.3231978,12.3231978,0.459395182,3374.7527,0.0,15.6534657,0.641995525,0.0,7678.282300000001,3370.5364,300.648473,0.0,0.0
160.0,-1.8263134,7647.434630000001,0.58180511,0.58180511,0.465931428,0.465931428,0.597007625,0.597007625,322.833506,224.38274,224.38274,7.58571748,7.58571748,12.8119462,12.8119462,0.459263973,3374.7527,0.0,16.808544,0.641411786,0.0,7647.434630000001,3370.65408,322.833506,0.0,0.0
160.5,-1.83577455,7616.394259999999,0.58342897,0.58342897,0.465332927,0.465332927,0.595734423,0.595734423,344.997252,224.38274,224.38274,8.1065059,8.1065059,13.2701363,13.2701363,0.459126549,3374.7527,0.0,17.9625148,0.640759232,0.0,7616.394259999999,3370.67921,344.997252,0.0,0.0
161.0,-2.43947193,7584.254459999999,0.825829498,0.825829498,0.655774032,0.655774032,0.838776623,0.838776623,367.123339,224.38274,224.38274,8.6264092,8.6264092,13.7002411,13.7002411,0.458981818,3374.7527,0.0,19.114524,0.638954453,0.0,7584.254459999999,3370.22493,367.123339,0.0,0.0
161.5,-3.3827927,7553.005520000001,1.23036069,1.23036069,0.973047341,0.973047341,1.24354695,1.24354695,389.16942,224.38274,224.38274,9.144433,9.144433,14.1391798,14.1391798,0.458825768,3374.7527,0.0,20.2623682,0.636432035,0.0,7553.005520000001,3370.09444,389.16942,0.0,0.0
162.0,-4.32611356,7522.25411,1.62392391,1.62392391,1.27910707,1.27910707,1.63332799,1.63332799,411.128112,224.38274,224.38274,9.6604027,9.6604027,14.70319285,14.70319285,0.458655791,3374.7527,0.0,21.4056618,0.633889837,0.0,7522.25411,3370.12015,411.128112,0.0,0.0
162.5,-5.26943424,7491.63586,2.01717006,2.01717006,1.58241102,1.58241102,2.0189474,2.0189474,432.99825,224.38274,224.38274,10.17429235,10.17429235,15.2646148,15.2646148,0.458469711,3374.7527,0.0,22.5443457,0.631309907,0.0,7491.63586,3370.14942,432.99825,0.0,0.0
163.0,-6.21275513,7461.14326,2.41042055,2.41042055,1.88322834,1.88322834,2.40076264,2.40076264,454.778546,224.38274,224.38274,10.68607065,10.68607065,15.8080416,15.8080416,0.458266018,3374.7527,0.0,23.6783519,0.628692204,0.0,7461.14326,3370.17868,454.778546,0.0,0.0
163.5,-7.15607586,7430.77842,2.80368131,2.80368131,2.1815797,2.1815797,2.77882101,2.77882101,476.467701,224.38274,224.38274,11.1957071,11.1957071,16.3342803,16.3342803,0.458042573,3374.7527,0.0,24.8076119,0.62603729,0.0,7430.77842,3370.20773,476.467701,0.0,0.0
164.0,-8.09939664,7400.50613,3.20247074,3.19449399,2.48173794,2.47556599,3.15926513,3.15140956,498.058427,224.38274,223.880328,11.7030311,11.676388,16.8370909,16.7990043,0.457795984,3374.7527,0.0,25.9317475,0.621723209,0.0,7400.50613,3370.21787,498.058427,0.0,0.0
164.5,-9.0427175,7370.41961,3.7262766,3.59355495,2.87590051,2.77350496,3.64874411,3.51893591,519.159952,224.38274,216.592087,12.1988601,11.7737026,17.2236261,16.6244642,0.457532334,3374.7527,0.0,27.0304125,0.595420977,0.0,7370.41961,3370.01961,519.159952,0.0,0.0
165.0,-9.98603815,7342.15631,4.31512389,3.99705393,3.31762128,3.07311505,4.16972744,3.86254092,539.209537,224.38274,208.009048,12.66997125,11.7440333,17.560004,16.2776302,0.457267225,3374.7527,0.0,28.0743076,0.564936302,0.0,7342.15631,3369.96594,539.209537,0.0,0.0
165.5,-10.91989325,7315.384480000001,4.93240398,4.39547039,3.77840204,3.36712954,4.70444542,4.19249659,558.247421,224.44692,200.152795,13.1211178,11.69964115,17.8807336,15.9444472,0.457002141,3374.7527,0.0,29.0655276,0.536836635,0.0,7315.384480000001,3369.94207,558.247421,0.0,0.0
166.0,-11.2595215,7290.97956,5.33681036,4.55286602,4.07466248,3.47616263,5.05414234,4.3117683,576.449717,228.611516,195.031939,13.8012988,11.77271935,18.5474363,15.8219483,0.456737089,3374.7527,0.0,30.0132431,0.518709015,0.0,7290.97956,3370.41512,576.449717,0.0,0.0
166.5,-11.2595215,7266.50524,5.58591224,4.54405453,4.25052297,3.45778204,5.27156473,4.28840247,594.163495,235.133295,191.291497,14.631133,11.9016922,19.4745353,15.8420879,0.456472057,3374.7527,0.0,30.9355231,0.505728053,0.0,7266.50524,3370.57408,594.163495,0.0,0.0
167.0,-11.2595215,7242.319809999999,5.8614846,4.54814126,4.44537483,3.449373,5.51092172,4.27618697,611.418233,241.655072,187.521411,15.4735463,12.0060059,20.4285223,15.8510778,0.456207059,3374.7527,0.0,31.8339023,0.49262598,0.0,7242.319809999999,3370.58532,611.418233,0.0,0.0
167.5,-11.2595215,7218.76667,6.13881982,4.55155567,4.64056942,3.4407364,5.75064032,4.2638012,628.23522,248.176849,184.018713,16.3281524,12.1058554,21.3914038,15.8602387,0.455942086,3374.7527,0.0,32.7094894,0.480388109,0.0,7218.76667,3370.60406,628.23522,0.0,0.0
168.0,-11.2595215,7195.78734,6.41844046,4.55474553,4.83650344,3.43218718,5.99116344,4.25158846,644.64256,254.698626,180.752569,17.1948055,12.2015877,22.3627758,15.8692272,0.45567714,3374.7527,0.0,33.5637495,0.468914318,0.0,7195.78734,3370.62221,644.64256,0.0,0.0
168.5,-11.2595215,7173.3493,6.70003501,4.55825375,5.03295466,3.42411991,6.23214556,4.23998333,660.665237,261.172372,177.693507,18.0699896,12.2932647,23.3381195,15.8776094,0.455412231,3374.7527,0.0,34.3979812,0.458108637,0.0,7173.3493,3370.64115,660.665237,0.0,0.0
169.0,-11.2595215,7151.791899999999,6.90985794,4.56498196,5.17500126,3.41887086,6.40522957,4.23162381,676.322154,264.577574,174.794288,18.7387385,12.37931995,24.041644,15.8827463,0.455147344,3374.7527,0.0,35.2131675,0.447813706,0.0,7151.791899999999,3370.8129,676.322154,0.0,0.0
169.5,-11.2595215,7130.49697,7.05753985,4.56330681,5.26986421,3.40743851,6.52101771,4.21642377,691.638752,266.218791,172.136285,19.2819732,12.46718615,24.5827974,15.89472455,0.454882479,3374.7527,0.0,36.0106379,0.438312927,0.0,7130.49697,3370.89512,691.638752,0.0,0.0
170.0,-11.2595215,7079.62909,1.74161028,-0.63263988,1.45031052,-0.31757014,2.73143825,0.54454248,706.742773,267.860122,179.607499,19.8245284,13.3004269,25.2808341,17.0111952,0.454619113,3342.23488,0.0,36.797039,0.470606654,0.0,7079.62909,3358.5478,706.742773,0.0,0.0
170.5,-11.2842841,4194.26336,-17.49108381,-20.26003641,-10.319966481,-11.407397571,-9.217521898,-10.458404178,728.318976,269.500726,212.135978,20.5549436,16.152066,26.5549826,21.0135223,0.454475149,2185.28628,0.0,37.9204186,0.608653538,0.0,4194.26336,2170.52401,728.318976,0.0,0.0
171.0,-12.8619561,4635.465340000001,62.6587879,20.773508,31.3793279,10.1903316,33.3616255,10.84730085,740.399659,271.141966,97.328937,21.0229247,7.54260111,25.7808209,9.25587063,0.454226318,2473.48256,0.0,38.5494067,0.163260283,0.0,4635.465340000001,2361.16522,740.399659,0.0,0.0
171.5,-15.3272405,6357.24884,119.346493,21.570406,80.3338588,14.33652125,84.944442,15.1601337,742.872097,272.767072,50.7314023,21.2194783,3.94649543,26.6215697,4.93981898,0.45396155,3178.54533,0.0,38.6781372,0.00806641892,0.0,6357.24884,3079.05572,742.872097,0.0,0.0
172.0,-17.7925249,7839.511199999999,218.267191,19.8287751,180.8555824,16.2585627,192.139352,17.2602564,741.667593,273.3607,25.9508668,21.2311718,2.01594799,30.1922734,2.83647804,0.453696813,3883.60806,0.0,38.6154233,-0.0718737831,0.0,7839.511199999999,3695.13274,741.667593,0.0,0.0
172.5,-20.2578093,9015.801,300.0,17.8372079,283.239746,16.8220626,305.474155,18.1393579,738.487994,273.3607,16.2603608,21.1401514,1.25754287,32.8573946,1.95415871,0.453432102,4551.288399999999,0.0,38.4498743,-0.1025433783,0.0,9015.801,4182.73907,738.487994,0.0,0.0
173.0,-22.7230936,9872.5081,299.350448,16.1196482,309.462972,16.6570425,340.014261,18.2997697,734.855013,273.3607,14.7228194,21.0361528,1.13301128,33.2465325,1.79053039,0.453167416,4710.8345,0.0,38.2607213,-0.1073704145,0.0,9872.5081,4537.09995,734.855013,0.0,0.0
173.5,-25.1883782,10469.3553,254.652784,14.9275514,278.798671,16.3608079,309.357527,18.157801,731.159438,273.3607,16.1618239,20.9303625,1.23730977,32.6751537,1.92928312,0.452902765,4710.8345,0.0,38.0683087,-0.1031689623,0.0,10469.3553,4783.29452,731.159438,0.0,0.0
174.0,-27.6536623,10814.0071,125.5939375,13.1874872,141.977111,14.9296919,159.1990179,16.7679069,728.20031,273.3607,32.1874971,20.8456537,2.45397053,28.7594569,3.31596204,0.452638135,4710.8345,0.0,37.9142397,-0.05087486676,0.0,10814.0071,4924.97884,728.20031,0.0,0.0
174.5,-30.1189469,10615.5907,19.8430093,7.10863556,22.162486,7.9181511,27.3911213,9.91402845,730.754877,273.3607,107.901701,20.9187815,8.25965301,25.7417549,10.16662587,0.452373538,4710.8345,0.0,38.0472452,0.2016553107,0.0,10615.5907,4843.90791,730.754877,0.0,0.0
175.0,-32.584232,10136.4514,51.404709,11.41700545,54.457111,12.1098555,61.9608789,13.823873,736.078476,273.3607,65.6368873,21.0711759,5.05859993,26.1121896,6.25356803,0.45210896,4710.8345,0.0,38.3244225,0.05429076615,0.0,10136.4514,4647.64294,736.078476,0.0,0.0
175.5,-35.024858,10025.6743,110.0105947,14.05695805,115.4793334,14.75775675,128.910757,16.4782397,735.770054,273.3607,35.4978169,21.0623472,2.7352933,27.7698716,3.59598842,0.451844423,4695.20873,0.0,38.3083632,-0.0506710842,0.0,10025.6743,4601.36782,735.770054,0.0,0.0
176.0,-35.912365,9864.487,53.41983769,9.93753438,55.679502642,10.334457012,62.950075565,11.846964945,735.068769,273.3607,84.9315387,21.0422722,6.54359215,26.5019678,8.21471976,0.451579899,4409.92104,0.0,38.2718506,0.1153235882,0.0,9864.487,4533.887110000001,735.068769,0.0,0.0
176.5,-35.912365,8797.3897,17.270445569,5.755873764,15.43222187,5.142678948,17.543746295,5.983755155,745.899621,273.3607,144.00988,21.3523188,11.23217974,26.5920955,14.08767696,0.451315409,4091.81051,0.0,38.8357669,0.313200307,0.0,8797.3897,4096.18407,745.899621,0.0,0.0
177.0,-35.912365,8470.0982,80.5369664,15.4044207,71.4591755,13.6646192,77.3896417,14.8060271,749.922805,273.3607,53.8054851,21.4674874,4.22540533,26.7575114,5.25856683,0.451050946,4058.3823,0.0,39.0452355,0.00429019978,0.0,8470.0982,3962.34473,749.922805,0.0,0.0
177.5,-35.912365,8598.0311,109.2919889,16.4226991,98.4151996,14.78665465,106.2492039,15.96352045,749.099184,273.438793,41.1246094,21.4500318,3.22607447,27.247575,4.09786378,0.450786509,4058.3823,0.0,39.0023542,-0.0384820885,0.0,8598.0311,4015.09772,749.099184,0.0,0.0
178.0,-35.912365,8734.6625,101.087439,15.84538795,92.446718,14.49282305,100.287344,15.7232314,747.832036,278.518985,43.7445445,21.8115284,3.42569289,27.6044504,4.33494378,0.450522103,4058.3823,0.0,38.9363791,-0.0289312759,0.0,8734.6625,4071.21109,747.832036,0.0,0.0
178.5,-35.912365,8774.9841,79.4065134,14.7843074,72.9705276,13.5856584,79.678172,14.8356403,747.380181,286.47778,53.4913703,22.4213287,4.18654141,27.9588594,5.2193266,0.450257724,4058.3823,0.0,38.9128524,0.00447419343,0.0,8774.9841,4087.72547,747.380181,0.0,0.0
179.0,-35.912365,8720.280349999999,69.9777789,14.2587538,63.902342,13.02087595,69.9353047,14.2501962,748.005872,294.436582,59.9912425,23.0635736,4.69918373,28.4734242,5.80141716,0.449993357,4058.3823,0.0,38.9454303,0.0263879916,0.0,8720.280349999999,4065.32815,748.005872,0.0,0.0
179.5,-35.912365,8660.858199999999,77.0301604,14.61495915,69.860024,13.2550612,76.2342101,14.46494795,748.824921,302.395376,57.4599827,23.7129082,4.50580018,29.3812529,5.58250054,0.44972905,4058.3823,0.0,38.9880743,0.0175333882,0.0,8660.858199999999,4041.08053,748.824921,0.0,0.0
180.0,-35.912365,8650.94875,87.8498766,15.0476745,79.5863126,13.632095,86.6299082,14.8387177,749.162046,310.35417,53.2035233,24.3479331,4.17392355,30.3603257,5.20444278,0.449464762,4058.3823,0.0,39.0056274,0.002985676565,0.0,8650.94875,4037.15376,749.162046,0.0,0.0
180.5,-35.9170734,8671.2221,93.6561715,15.1668368,85.0448723,13.7722151,92.5374287,14.9855488,749.140371,318.16416,51.5270031,24.9599077,4.04228313,31.2028413,5.0533249,0.449200515,4058.3823,0.0,39.0044986,-0.00265299509,0.0,8671.2221,4045.57702,749.140371,0.0,0.0
181.0,-36.2170772,8690.11145,94.2206991,15.17748275,85.7432343,13.8119122,93.315811,15.0317372,749.015375,316.442854,50.9762383,24.820746,3.99840912,31.055949,5.00285106,0.448936303,4058.3823,0.0,38.99799,-0.00479466611,0.0,8690.11145,4053.36411,749.015375,0.0,0.0
181.5,-36.6858654,8693.5206,93.5391701,15.2292166,85.1565014,13.864422,92.6548541,15.0852327,748.806426,309.236539,50.3505047,24.2487453,3.94822788,30.3710155,4.94507144,0.448672129,4058.3823,0.0,38.987111,-0.00744162651,0.0,8693.5206,4054.66069,748.806426,0.0,0.0
182.0,-37.1546537,8686.20225,94.7372826,15.3749231,86.174447,13.98527545,93.6768551,15.2028635,748.471237,302.030228,49.0274857,23.6730726,3.84276756,29.7127838,4.82315766,0.448407995,4058.3823,0.0,38.9696592,-0.01249904395,0.0,8686.20225,4051.41973,748.471237,0.0,0.0
182.5,-37.6234417,8678.79435,98.166114,15.6058471,89.217232,14.1832266,96.850357,15.3967446,747.909171,294.823909,46.8869848,23.0909072,3.67224375,29.082011,4.62499523,0.44814389,4058.3823,0.0,38.9403952,-0.0203353751,0.0,8678.79435,4048.00906,747.909171,0.0,0.0
183.0,-38.0922298,8676.91345,102.5345262,15.8543189,93.167447,14.40593775,100.996834,15.6165971,747.055661,287.617596,44.4902236,22.5008141,3.48055666,28.4505872,4.40086268,0.447879818,4058.3823,0.0,38.8959566,-0.0290132538,0.0,8676.91345,4046.72808,747.055661,0.0,0.0
183.5,-38.561018,8679.687450000001,106.6587765,16.0751397,96.946003,14.61126045,104.968366,15.820387,745.911303,280.528137,42.2935728,21.9125875,3.30364267,27.8103902,4.19279428,0.4476158,4058.3823,0.0,38.8363742,-0.0369773732,0.0,8679.687450000001,4047.21421,745.911303,0.0,0.0
184.0,-39.0298079,8680.6325,110.7437429,16.1985376,100.6696296,14.725013,108.9271154,15.9328704,744.543298,280.92362,41.0982504,21.9031043,3.204375,27.8613656,4.07603324,0.447351807,4058.3823,0.0,38.7651486,-0.0415188005,0.0,8680.6325,4046.80857,744.543298,0.0,0.0
184.5,-39.4985981,8673.359699999999,117.007122,16.3413081,106.273671,14.84233905,114.8892436,16.0456857,743.036067,285.626488,39.9068942,22.2246905,3.10519881,28.3355171,3.95894218,0.447087853,4058.3823,0.0,38.6866742,-0.0460703911,0.0,8673.359699999999,4042.90223,743.036067,0.0,0.0
185.0,-39.967386,8664.4267,126.1888413,16.5447172,114.495017,15.01161365,123.6244802,16.208707,741.333117,290.329355,38.0881607,22.5388389,2.95690148,28.9038195,3.79164619,0.44682394,4058.3823,0.0,38.5980078,-0.0527437066,0.0,8664.4267,4038.19078,741.333117,0.0,0.0
185.5,-40.4324238,8656.702000000001,138.005825,16.7492847,125.105304,15.1836775,134.916146,16.3745292,739.372768,295.03222,35.8341125,22.8433556,2.77456852,29.8206943,3.62155052,0.446560051,4058.3823,0.0,38.495941,-0.0608075398,0.0,8656.702000000001,4033.83193,739.372768,0.0,0.0
186.0,-40.6620408,8654.4057,151.528144,16.9469102,137.328521,15.35877515,147.933793,16.5449595,737.130506,299.735093,33.5453528,23.1370927,2.58948036,30.8013604,3.44684855,0.446296207,4058.3823,0.0,38.3791975,-0.0686817005,0.0,8654.4057,4031.56722,737.130506,0.0,0.0
186.5,-40.7571029,8664.282799999999,163.731078,17.0795627,148.558069,15.4966682,159.93332,16.6832956,734.646757,304.31675,31.7584333,23.4116154,2.4432739,31.6635915,3.30424197,0.446032398,4058.3823,0.0,38.2498801,-0.0746480116,0.0,8664.282799999999,4034.22685,734.646757,0.0,0.0
187.0,-40.8521653,8682.4951,172.48545,17.1918489,156.829963,15.6313425,168.77022,16.8214487,731.968675,301.135316,30.0254193,23.0826818,2.30153686,31.7119678,3.16181961,0.44576864,4058.3823,0.0,38.1104425,-0.0803912671,0.0,8682.4951,4040.24133,731.968675,0.0,0.0
187.5,-40.9472277,8706.605249999999,176.243795,17.2537317,160.691155,15.7311568,172.914604,16.9277932,729.108539,293.486417,28.7351544,22.4084887,2.19401107,31.163569,3.05120762,0.445504893,4058.3823,0.0,37.9615284,-0.0846054582,0.0,8706.605249999999,4048.60389,729.108539,0.0,0.0
188.0,-41.0422895,8729.6289,175.115197,17.2547763,160.08355,15.7737025,172.306076,16.9780471,726.146967,285.837516,28.1656194,21.7358347,2.14177524,30.4117693,2.99668672,0.445241193,4058.3823,0.0,37.8073311,-0.08637592,0.0,8729.6289,4056.45492,726.146967,0.0,0.0
188.5,-41.137352,8746.6477,170.55483,17.2254748,156.21851,15.7776146,168.206955,16.9884282,723.155559,278.188611,28.0965744,21.0670519,2.12771361,29.5259561,2.98204065,0.444977529,4058.3823,0.0,37.651581,-0.0864727414,0.0,8746.6477,4061.78988,723.155559,0.0,0.0
189.0,-41.2324142,8755.8848,164.519817,17.1930198,150.850256,15.7645215,162.473903,16.9792553,720.177185,270.539711,28.2729724,20.4034291,2.13225093,28.5820857,2.98695023,0.444713905,4058.3823,0.0,37.4965097,-0.0857710542,0.0,8755.8848,4063.89445,720.177185,0.0,0.0
189.5,-41.3274793,8758.1838,158.804516,17.1777236,145.648353,15.7546326,156.888936,16.9705156,717.224226,262.965865,28.4449382,19.7509048,2.13642631,27.6552478,2.99142712,0.444450313,4058.3823,0.0,37.3427623,-0.0851155714,0.0,8758.1838,4063.12678,717.224226,0.0,0.0
190.0,-41.4225427,8754.6358,154.835508,17.1576577,141.950762,15.72985525,152.916689,16.9450127,714.302083,260.19937,28.8327732,19.463313,2.15672451,27.1878745,3.01266935,0.444186759,4058.3823,0.0,37.1906191,-0.0837567026,0.0,8754.6358,4059.94429,714.302083,0.0,0.0
190.5,-41.5166518,8745.7602,154.030428,17.1693575,141.06928,15.72461895,151.941195,16.9364852,711.422457,260.19937,29.0045378,19.384849,2.16084052,27.0648924,3.01693704,0.443923243,4058.3823,0.0,37.0406899,-0.0831527294,0.0,8745.7602,4054.56961,711.422457,0.0,0.0
191.0,-41.550877,8737.5976,156.452623,17.2251666,143.153839,15.7610084,154.123542,16.9687663,708.532516,260.19937,28.6507066,19.3061038,2.12582034,27.0673868,2.98039739,0.443659757,4058.3823,0.0,36.8902231,-0.084256556,0.0,8737.5976,4049.48582,708.532516,0.0,0.0
191.5,-41.550877,8735.7955,160.569845,17.2899998,146.891027,15.81707205,158.086751,17.0226269,705.586703,260.19937,28.0220756,19.2258366,2.07053668,27.1350223,2.92227982,0.443396316,4058.3823,0.0,36.7368473,-0.0862231875,0.0,8735.7955,4047.01594,705.586703,0.0,0.0
192.0,-41.550877,8740.3375,164.735429,17.3401195,150.780264,15.8711707,162.235879,17.0769957,702.571172,260.19937,27.3919973,19.143669,2.0153286,27.2022442,2.86365559,0.443132912,4058.3823,0.0,36.5798407,-0.0881658559,0.0,8740.3375,4047.14508,702.571172,0.0,0.0
192.5,-41.550877,8749.031200000001,167.855023,17.3663035,153.788374,15.91094635,165.465215,17.1190321,699.497227,260.19937,26.9222531,19.0599105,1.97209655,27.2293944,2.81736512,0.442869538,4058.3823,0.0,36.4197947,-0.0895456038,0.0,8749.031200000001,4048.96782,699.497227,0.0,0.0
193.0,-41.550877,8759.2891,169.48656,17.3697172,155.465117,15.9327302,167.286052,17.1441889,696.38824,260.19937,26.6672767,18.9751969,1.94473132,27.202759,2.78795503,0.442606205,4058.3823,0.0,36.2579233,-0.0901896163,0.0,8759.2891,4051.4208,696.38824,0.0,0.0
193.5,-41.550877,8768.98575,169.734937,17.3570983,155.865202,15.93878005,167.747298,17.1538437,693.268897,260.19937,26.6082878,18.8902007,1.9317331,27.1271091,2.77404874,0.442342907,4058.3823,0.0,36.0955121,-0.0901717773,0.0,8768.98575,4053.63434,693.268897,0.0,0.0
194.0,-41.550877,8776.8427,169.043479,17.3368978,155.369296,15.93449435,167.247803,17.1527415,690.158718,260.19937,26.68576,18.8054539,1.92866336,27.017699,2.77090075,0.442079645,4058.3823,0.0,35.9335784,-0.0897004958,0.0,8776.8427,4055.08766,690.158718,0.0,0.0
194.5,-41.550877,8782.46535,167.970908,17.3167528,154.482401,15.92617515,166.322806,17.1468484,687.06897,260.19937,26.8248965,18.7212648,1.9300392,26.893519,2.7725446,0.441816419,4058.3823,0.0,35.7727086,-0.0890317116,0.0,8782.46535,4055.62312,687.06897,0.0,0.0
195.0,-41.550877,8786.1683,167.009177,17.3019832,153.662684,15.9193017,165.461147,17.1416117,684.002306,260.19937,26.9564435,18.6377047,1.93084819,26.7718162,2.77353442,0.441553226,4058.3823,0.0,35.6130418,-0.0883989027,0.0,8786.1683,4055.37343,684.002306,0.0,0.0
195.5,-41.550877,8759.384399999999,116.78789756,14.25435316,107.4340103,13.1114513,116.07361794,14.29241314,681.316509,260.162856,58.3176154,18.5619144,4.16116734,25.4031741,5.5461226,0.441290076,3906.13526,0.0,35.4732026,0.01848968353,0.0,8759.384399999999,4042.66025,681.316509,0.0,0.0
196.0,-41.550877,6678.99921,-12.80168063,-12.80168063,-9.48036989,-9.48036989,-8.74189085,-8.74189085,695.344377,257.78379,251.775608,18.770084,18.3272088,25.1113233,24.5263714,0.441086869,3048.21381,0.0,36.2035743,0.690647904,0.0,6678.99921,3185.18727,695.344377,0.0,0.0
196.5,-41.550877,4984.85783,38.0717496,15.79878429,19.82716111,8.22539855,21.23568057,8.82446707,711.570262,254.058881,119.4542281,18.9311062,8.89528894,23.4981665,11.0791926,0.440841295,2567.5334,0.0,37.0483852,0.2118459425,0.0,4984.85783,2489.71675,711.570262,0.0,0.0
197.0,-41.550877,5155.1497,47.2609479,18.6677028,25.493758,10.0737083,27.1699855,10.7367275,716.542186,250.332985,99.2215121,18.7838603,7.44583114,23.1146873,9.1626901,0.440578242,2567.5334,0.0,37.3072518,0.14105339,0.0,5155.1497,2563.47951,716.542186,0.0,0.0
197.5,-41.550877,5173.315000000001,38.1152699,16.8326059,20.6492254,9.1190379,22.1018787,9.7605805,722.161805,246.607177,108.9017655,18.6493749,8.23567375,22.9494555,10.13459555,0.440315221,2567.5334,0.0,37.5998416,0.175223872,0.0,5173.315000000001,2574.3195,722.161805,0.0,0.0
198.0,-41.550877,5139.5956,39.2709869,17.2298284,21.1362409,9.27336485,22.5896016,9.9110229,728.09772,242.88137,106.5769145,18.5185995,8.1259731,22.7435947,9.9799134,0.440052239,2567.5334,0.0,37.9088988,0.166641909,0.0,5139.5956,2563.75454,728.09772,0.0,0.0
198.5,-41.550877,5136.23985,39.1022113,17.2770657,21.0317696,9.2927458,22.4739785,9.9299806,733.778569,239.192117,105.6817804,18.3796163,8.1207018,22.5351171,9.95671705,0.439789294,2567.5334,0.0,38.2046754,0.163303804,0.0,5136.23985,2565.67516,733.778569,0.0,0.0
199.0,-41.550877,5127.42504,38.793986,17.2128963,20.8301237,9.2423375,22.2651653,9.87906615,739.416487,237.84451,105.5307598,18.416661,8.1713799,22.5456404,10.00339445,0.439526385,2567.5334,0.0,38.4982179,0.162568669,0.0,5127.42504,2565.2993,739.416487,0.0,0.0
199.5,-41.550877,5117.95902,39.1153026,17.2460262,20.9638839,9.2430306,22.4060144,9.87887015,744.993047,237.84451,104.866395,18.555557,8.1811736,22.679319,9.9993546,0.439263522,2567.5334,0.0,38.7885654,0.160004437,0.0,5117.95902,2564.61645,744.993047,0.0,0.0
200.0,-41.550877,5110.64876,39.3126931,17.2478766,21.0395884,9.2308206,22.4874522,9.8660501,750.488071,237.84451,104.3498432,18.6924212,8.200929,22.8111387,10.00794025,0.439000674,2567.5334,0.0,39.0746678,0.157975265,0.0,5110.64876,2564.78311,750.488071,0.0,0.0
200.5,-41.550877,5103.07534,39.4876196,17.245721,21.1018876,9.215989,22.5549589,9.85059975,755.917146,237.84451,103.8748566,18.8276436,8.2226549,22.9411316,10.01915695,0.438737872,2567.5334,0.0,39.3573359,0.156089354,0.0,5103.07534,2564.8018,755.917146,0.0,0.0
201.0,-41.550877,5095.547860000001,39.6736916,17.2469102,21.1700502,9.203029,22.6284253,9.83701295,761.280339,237.84451,103.3948236,18.9612246,8.24272625,23.0691594,10.0285124,0.438475113,2567.5334,0.0,39.6365733,0.154183053,0.0,5095.547860000001,2564.80103,761.280339,0.0,0.0
201.5,-41.550877,5088.15403,39.8538018,17.2482291,21.2353004,9.1903778,22.6987577,9.8237442,766.578452,237.820166,102.9251879,19.0912246,8.2623908,23.192927,10.0375506,0.438212379,2567.5334,0.0,39.9124237,0.15231202,0.0,5088.15403,2564.81801,766.578452,0.0,0.0
202.0,-41.550877,5081.87357,39.8387034,17.2639912,21.2010773,9.1874228,22.6613224,9.82021555,771.806129,236.236453,102.3713962,19.09331,8.2739794,23.1613853,10.0368498,0.437949693,2567.5334,0.0,40.1846064,0.150145808,0.0,5081.87357,2565.25701,771.806129,0.0,0.0
202.5,-41.550877,5075.456380000001,39.5335394,17.2473659,21.012115,9.16698485,22.4614746,9.7992995,776.969516,233.75532,101.9793579,19.0191711,8.2974348,23.0444783,10.0535384,0.437687034,2567.5334,0.0,40.4534408,0.148561227,0.0,5075.456380000001,2565.60164,776.969516,0.0,0.0
203.0,-41.550877,5068.10085,39.2990277,17.2480593,20.8571978,9.154067,22.2965032,9.78576755,782.07355,231.274187,101.5035998,18.9409119,8.31297625,22.9279534,10.06284395,0.437424419,2567.5334,0.0,40.7191863,0.146677429,0.0,5068.10085,2565.52118,782.07355,0.0,0.0
203.5,-41.550877,5061.076800000001,39.0646568,17.2500135,20.7040768,9.14241595,22.1332965,9.7735246,787.111574,228.793051,101.0284334,18.8584191,8.32736285,22.8068139,10.0708616,0.437161829,2567.5334,0.0,40.9814942,0.144795523,0.0,5061.076800000001,2565.54013,787.111574,0.0,0.0
204.0,-41.550877,5054.15544,38.8157893,17.2500908,20.5440445,9.1299541,21.9628519,9.760485,792.086004,226.311924,100.5740178,18.7718011,8.3422991,22.6812529,10.0796776,0.436899289,2567.5334,0.0,41.240492,0.142986178,0.0,5054.15544,2565.56453,792.086004,0.0,0.0
204.5,-41.550877,5047.29459,38.5626546,17.2497448,20.3823622,9.1173775,21.7906663,9.74733625,796.998456,223.855136,100.132956,18.6831825,8.3572274,22.5538095,10.0886038,0.436636778,2567.5334,0.0,41.496261,0.141222885,0.0,5047.29459,2565.57804,796.998456,0.0,0.0
205.0,-41.550877,5039.44937,38.503749,17.2345731,20.3195644,9.0951983,21.7255929,9.7245481,801.85706,222.95773,99.7969709,18.7218214,8.3799606,22.5806061,10.107171,0.4363743,2567.5334,0.0,41.7492289,0.139827044,0.0,5039.44937,2565.15049,801.85706,0.0,0.0
205.5,-41.550877,4927.51592,26.8694969,13.69425715,13.96580175,7.09943076,15.10291995,7.69053466,807.295938,222.95773,118.5459336,18.8488091,10.0251411,22.8087247,12.13696455,0.436111861,2497.64403,0.0,42.0324075,0.206246451,0.0,4927.51592,2521.74989,807.295938,0.0,0.0
206.0,-41.550877,4290.49024,17.7989693,11.0443564,7.97807667,4.95121387,8.79490455,5.45819783,816.17769,222.95773,138.371653,19.0561808,11.8264665,23.1466274,14.3650826,0.43584946,2257.34529,0.0,42.494842,0.274398248,0.0,4290.49024,2261.86478,816.17769,0.0,0.0
206.5,-41.550877,3669.04378,18.4522551,11.71351725,7.09459558,4.50105652,7.83664272,4.97196348,825.721423,222.95773,141.44366,19.2790087,12.2310479,23.4024751,14.8470999,0.435587097,2009.76043,0.0,42.9917427,0.282493826,0.0,3669.04378,2008.84882,825.721423,0.0,0.0
207.0,-41.550877,3064.73655,18.5129043,12.09349,5.9230125,3.87031008,6.5873013,4.30464634,835.794515,222.95773,145.983376,19.514196,12.7770076,23.6882248,15.5102011,0.435324764,1766.49746,0.0,43.5162045,0.295805578,0.0,3064.73655,1763.27376,835.794515,0.0,0.0
207.5,-41.550877,2820.42662,30.0825565,17.7897257,8.88599366,5.25460616,9.6906021,5.73050576,845.080103,222.896478,131.94959,19.7255524,11.67677895,23.7852634,14.0801274,0.435062469,1684.751,0.0,43.9996641,0.239818001,0.0,2820.42662,1667.0364,845.080103,0.0,0.0
208.0,-41.550877,2852.22823,28.7074447,17.280188,8.5745525,5.16134363,9.3544572,5.63081814,853.319206,218.91184,131.762827,19.5613795,11.7742445,23.5510046,14.1756023,0.434800211,1684.751,0.0,44.4286396,0.239492228,0.0,2852.22823,1685.08001,853.319206,0.0,0.0
208.5,-41.550877,2839.85188,27.9299552,17.2151499,8.30610975,5.11958547,9.0661969,5.58807656,861.562759,212.669341,131.079083,19.1871481,11.82623455,23.0614005,14.2141317,0.434537996,1684.751,0.0,44.8578459,0.236783798,0.0,2839.85188,1684.74345,861.562759,0.0,0.0
209.0,-41.550877,2828.39138,27.309386,17.22605,8.0887875,5.10215699,8.8305767,5.57005739,869.687866,206.426837,130.204644,18.7995798,11.8581345,22.556684,14.2279407,0.434275805,1684.751,0.0,45.2808849,0.233328643,0.0,2828.39138,1684.71882,869.687866,0.0,0.0
209.5,-41.550877,2817.25618,26.6519627,17.2261572,7.86298884,5.08210173,8.5859785,5.54939564,877.697784,200.184337,129.382585,18.3989732,11.8917948,22.0389863,14.24439295,0.434013655,1684.751,0.0,45.6979265,0.2300648,0.0,2817.25618,1684.76233,877.697784,0.0,0.0
210.0,-41.550877,2806.25088,25.9826019,17.2270615,7.63556851,5.06251477,8.33944865,5.5292022,885.596174,193.941832,128.583889,17.9856293,11.9247414,21.5084566,14.26037875,0.43375154,1684.751,0.0,46.1091621,0.226878147,0.0,2806.25088,1684.79481,885.596174,0.0,0.0
210.5,-41.550877,2795.37764,25.30208,17.224221,7.40677357,5.04206988,8.0914239,5.50814061,893.385865,187.770383,127.818847,17.5664952,11.9580637,20.9734454,14.277234,0.433489462,1684.751,0.0,46.5147378,0.223809833,0.0,2795.37764,1684.8187,893.385865,0.0,0.0
211.0,-41.550877,2781.84551,25.1666808,17.195034,7.33136074,5.00914858,8.01226978,5.47437974,901.080439,186.150308,127.1864314,17.5653804,12.0013727,20.9395894,14.3067899,0.43322742,1684.751,0.0,46.9153602,0.221218762,0.0,2781.84551,1683.68065,901.080439,0.0,0.0
211.5,-41.550877,2770.0751,25.5126986,17.2297901,7.40073828,4.99804479,8.0887298,5.46267466,908.670837,187.149492,126.3884776,17.8084228,12.026548,21.1959895,14.3142908,0.432965416,1684.751,0.0,47.3105602,0.217983787,0.0,2770.0751,1683.21493,908.670837,0.0,0.0
212.0,-41.550877,2759.65573,25.7937399,17.2299223,7.45411992,4.9792834,8.14876855,5.44330119,916.156787,188.14868,125.6796149,18.0509947,12.0576212,21.4520494,14.329462,0.43270345,1684.751,0.0,47.700321,0.215100618,0.0,2759.65573,1683.25033,916.156787,0.0,0.0
212.5,-41.550877,2749.31588,26.07489,17.2306478,7.50713639,4.96083591,8.2083977,5.42423972,923.544255,189.147865,124.9900069,18.2931828,12.0881565,21.7074427,14.3443223,0.432441515,1684.751,0.0,48.0849544,0.212281735,0.0,2749.31588,1683.2613,923.544255,0.0,0.0
213.0,-41.550877,2739.11192,26.3552476,17.2314201,7.5596917,4.94264541,8.267523,5.40543552,930.835362,190.147052,124.3192279,18.5349987,12.1182057,21.9621907,14.35892665,0.432179616,1684.751,0.0,48.464571,0.209526715,0.0,2739.11192,1683.27259,930.835362,0.0,0.0
213.5,-41.550877,2729.06293,26.6323052,17.2363512,7.6111385,4.92591953,8.3252755,5.38810769,938.032243,191.064911,123.6563174,18.7684374,12.1467799,22.2067712,14.3720559,0.431917758,1684.751,0.0,48.8392808,0.206793023,0.0,2729.06293,1683.29333,938.032243,0.0,0.0
214.0,-41.550877,2722.451,26.2529238,17.2731609,7.48461036,4.92448518,8.1865779,5.38635058,945.124775,186.773356,122.8851995,18.4851201,12.1623149,21.840013,14.3696158,0.431655933,1684.751,0.0,49.2085582,0.203657656,0.0,2722.451,1684.68334,945.124775,0.0,0.0
214.5,-41.550877,2714.07789,25.280967,17.2330422,7.18537188,4.89793347,7.86203241,5.35918472,952.127841,179.483846,122.3431984,17.8952843,12.1983871,21.1143039,14.3925859,0.431394143,1684.751,0.0,49.5731777,0.20140054,0.0,2714.07789,1685.28828,952.127841,0.0,0.0
215.0,-41.550877,2704.36371,24.3768422,17.234746,6.90360441,4.88088533,7.55514262,5.34152935,959.046841,172.194329,121.7398526,17.2932412,12.226438,20.376195,14.4060466,0.431132398,1684.751,0.0,49.9334204,0.198874904,0.0,2704.36371,1685.28607,959.046841,0.0,0.0
215.5,-41.5133213,2694.917,23.4517507,17.2314438,6.6184185,4.86290532,7.24451896,5.32293963,965.879559,164.904817,121.1601708,16.6791456,12.2549162,19.6265454,14.420443,0.430870673,1684.751,0.0,50.2891697,0.196481133,0.0,2694.917,1685.34479,965.879559,0.0,0.0
216.0,-39.1151134,2692.97458,20.9659812,16.3008062,5.91260464,4.59697008,6.49898528,5.05312454,972.761447,157.615299,122.5853578,16.0554052,12.4876502,18.881912,14.6860662,0.430608987,1684.751,0.0,50.64748,0.204926313,0.0,2692.97458,1688.55481,972.761447,0.0,0.0
216.5,-35.3677865,2684.31462,17.5127522,14.6372708,4.92318218,4.11471813,5.45402195,4.55858387,980.141665,150.39731,125.7332216,15.43635315,12.90547985,18.1526549,15.1764165,0.430347343,1684.751,0.0,51.0317362,0.221749399,0.0,2684.31462,1689.26062,980.141665,0.0,0.0
217.0,-31.620461,2669.66245,14.99089645,13.0590703,4.19121112,3.65106857,4.67887493,4.07593635,988.08735,147.76074,128.680233,15.2891391,13.31502755,17.975906,15.65487475,0.43008574,1684.751,0.0,51.445434,0.237721301,0.0,2669.66245,1687.80316,988.08735,0.0,0.0
217.5,-27.8731342,2656.4747,12.9520024,11.5240161,3.603279,3.20598325,4.05268496,3.60588569,996.567806,147.76074,131.425355,15.4203613,13.7158029,18.1241851,16.1207374,0.429824164,1684.751,0.0,51.8869745,0.252913354,0.0,2656.4747,1687.26736,996.567806,0.0,0.0
218.0,-24.1258077,2643.42149,10.98283295,9.9593471,3.04047223,2.75711343,3.47628356,3.15244212,1005.567562,147.76074,133.941736,15.5596184,14.1046067,18.2793465,16.5699951,0.429562625,1684.751,0.0,52.3555529,0.267365312,0.0,2643.42149,1687.09068,1005.567562,0.0,0.0
218.5,-20.3784809,2629.80145,9.11839035,8.39915783,2.51135266,2.31324836,2.97430285,2.73981106,1015.036702,147.76074,136.04985,15.7061389,14.46151645,18.4396965,16.9784398,0.429301126,1684.751,0.0,52.848569,0.280440717,0.0,2629.80145,1686.95222,1015.036702,0.0,0.0
219.0,-16.6311549,2615.69941,7.30217436,6.83634466,2.00040118,1.8727749,2.45897467,2.30221148,1024.962343,147.76074,138.265328,15.8597231,14.8407438,18.6073879,17.4118559,0.429039659,1684.751,0.0,53.3653545,0.293820041,0.0,2615.69941,1686.87975,1024.962343,0.0,0.0
219.5,-12.8838287,2600.93748,5.53786608,5.27321416,1.50857269,1.43646685,1.92758227,1.83555299,1035.35685,147.76074,140.60842,16.020562,15.245311,18.7832893,17.8743322,0.428778229,1684.751,0.0,53.9065515,0.307562513,0.0,2600.93748,1686.8065,1035.35685,0.0,0.0
220.0,-9.136502,2585.49667,3.82757444,3.71030028,1.036555193,1.00478627,1.37585029,1.33374604,1046.23266,147.76074,143.098378,16.188849,15.6782877,18.9702521,18.3719569,0.428516842,1684.751,0.0,54.4728083,0.321727115,0.0,2585.49667,1686.73179,1046.23266,0.0,0.0
220.5,-5.44485546,2569.25118,2.17989123,2.1553148,0.586733799,0.580113216,0.786895085,0.778017103,1057.61528,147.76074,145.881584,16.3649775,16.1571255,19.1669628,18.9235062,0.428255485,1684.751,0.0,55.065453,0.33670562,0.0,2569.25118,1686.61814,1057.61528,0.0,0.0
221.0,-5.25297858,2545.56189,2.06548258,2.02040567,0.550391988,0.538389898,0.739302853,0.723179308,1069.28233,147.76074,144.939928,16.5455074,16.2292738,19.343773,18.9741653,0.427994158,1684.751,0.0,55.6729057,0.333050729,0.0,2545.56189,1683.5732,1069.28233,0.0,0.0
221.5,-7.06123587,2527.35289,2.97603238,2.84676387,0.787531226,0.753332015,1.0589679,1.012979569,1080.52184,147.76074,141.565466,16.7194209,16.0181145,19.4979604,18.6801876,0.427732872,1684.751,0.0,56.2580967,0.317545709,0.0,2527.35289,1682.55891,1080.52184,0.0,0.0
222.0,-8.8694934,3052.90152,75.29679335,21.11438418,28.839875788,7.51128913,30.74269557,8.10098055,1089.458,147.76074,86.5344615,16.8576945,9.86779056,20.1643196,11.58801047,0.427471622,2096.80698,0.0,56.7233649,0.1048742103,0.0,3052.90152,1906.46133,1089.458,0.0,0.0
222.5,-10.6777506,5756.71194,296.211398,27.8166501,179.044599,16.5372238,188.427649,17.4049007,1087.07783,147.76074,13.9713058,16.8208648,1.59075995,24.1603303,2.27991555,0.42721041,3980.19837,0.0,56.5994385,-0.144155094,0.0,5756.71194,3030.14708,1087.07783,0.0,0.0
223.0,-12.4860082,7797.554399999999,300.0,20.8635215,244.967398,16.9714479,259.684546,17.9856489,1082.05625,147.76074,10.2852793,16.7431639,1.16554816,24.3491436,1.69499444,0.426949232,4832.1655,0.0,56.3379868,-0.145711404,0.0,7797.554399999999,3876.42462,1082.05625,0.0,0.0
223.5,-14.29426555,9240.9339,299.842232,17.4547643,290.151011,16.8635039,314.330457,18.2633131,1076.99848,147.76074,8.60636085,16.6649031,0.970706328,24.2611408,1.41315796,0.426688087,4832.1655,0.0,56.0746517,-0.146916357,0.0,9240.9339,4474.07224,1076.99848,0.0,0.0
224.0,-16.10252285,10311.3896,241.460982,15.1618945,259.599047,16.3544199,287.408408,18.1175125,1071.95795,147.76074,9.5051136,16.5869081,1.066800623,24.1732507,1.55478756,0.426426976,4832.1655,0.0,55.812212,-0.141467592,0.0,10311.3896,4916.55363,1071.95795,0.0,0.0
224.5,-17.9107804,10845.5351,44.36009423,4.55759423,50.54101635,5.251594,58.03513119,6.98447714,1069.35594,147.76074,78.2139202,16.5466461,8.76420093,20.8091997,10.44006439,0.426174289,4832.1655,0.0,55.6767378,0.0978961658,0.0,10845.5351,5137.29626,1069.35594,0.0,0.0
225.0,-19.7190376,10156.62555,8.49947367,4.661325883,8.9772117,4.92519854,11.6569504,6.48646385,1076.67172,147.76074,99.5338001,16.6598468,11.2180405,19.3526174,13.0376518,0.425952567,4832.1655,0.0,56.0576392,0.1640601633,0.0,10156.62555,4854.90761,1076.67172,0.0,0.0
225.5,-21.5091504,10053.0995,21.7797573,9.13628275,22.9299592,9.6185242,27.2605492,11.44015115,1079.31068,147.76074,62.2598256,16.7006804,7.03683364,19.5117647,8.22040551,0.425691711,4832.1655,0.0,56.1950364,0.0333083443,0.0,10053.0995,4813.37051,1079.31068,0.0,0.0
226.0,-22.160185,10081.6801,23.3503846,9.4338828,24.6518531,9.9597645,29.0737022,11.74665825,1080.17387,147.76074,59.7015742,16.7140365,6.75319202,19.5766495,7.90973272,0.425430743,4832.1655,0.0,56.2399803,0.0236624392,0.0,10081.6801,4825.767229999999,1080.17387,0.0,0.0
226.5,-22.160185,10087.2024,22.0036493,9.1665585,23.2431206,9.6829089,27.6287644,11.5099626,1081.11991,147.76074,61.5536758,16.728676,6.96878019,19.5456599,8.142264,0.425169812,4832.1655,0.0,56.2892376,0.0300329921,0.0,10087.2024,4828.617469999999,1081.11991,0.0,0.0
227.0,-22.160185,10081.3669,22.1894996,9.20006425,23.4258517,9.7126744,27.8187196,11.5340337,1082.15025,147.76074,61.2668288,16.7446185,6.94290612,19.5690957,8.11402945,0.424908905,4832.1655,0.0,56.3428822,0.0289517495,0.0,10081.3669,4826.790770000001,1082.15025,0.0,0.0
227.5,-22.160185,10080.48685,22.3325994,9.2225909,23.5748753,9.73560765,27.9772557,11.5536387,1083.12952,147.76074,61.0197994,16.759771,6.92117419,19.5907444,8.0902627,0.424648045,4832.1655,0.0,56.3938675,0.0280212417,0.0,10080.48685,4826.996270000001,1083.12952,0.0,0.0
228.0,-22.160185,10079.5035,22.3058137,9.2119529,23.5443037,9.7234299,27.9496874,11.5427846,1084.09755,147.76074,61.0227344,16.7747503,6.92769298,19.60601,8.09695635,0.424387217,4832.1655,0.0,56.4442709,0.0279587303,0.0,10079.5035,4827.15257,1084.09755,0.0,0.0
228.5,-22.160185,10077.9874,22.3353663,9.212617,23.5719499,9.72266775,27.9819636,11.54165595,1085.05886,147.76074,60.946687,16.7896244,6.9251942,19.6231277,8.0939255,0.424126432,4832.1655,0.0,56.4943203,0.0276216109,0.0,10077.9874,4827.08263,1085.05886,0.0,0.0
229.0,-22.160185,10076.66715,22.3679887,9.2138188,23.6032859,9.7226625,28.0181749,11.54124305,1086.00742,147.76074,60.8656311,16.8043024,6.92203067,19.6401677,8.09018035,0.423865669,4832.1655,0.0,56.5437092,0.0272683816,0.0,10076.66715,4827.08738,1086.00742,0.0,0.0
229.5,-22.160185,10075.3739,22.3926964,9.2135037,23.6263256,9.7210822,28.0457833,11.5394738,1086.94478,147.76074,60.7963905,16.818806,6.92012363,19.6567333,8.0877931,0.42360495,4832.1655,0.0,56.5925112,0.0269570144,0.0,10075.3739,4827.09652,1086.94478,0.0,0.0
230.0,-22.160185,10074.0714,22.4192001,9.2135807,23.6512305,9.7199058,28.0752835,11.5380517,1087.87126,147.76074,60.7250393,16.8331421,6.91789358,19.673179,8.0850598,0.423344261,4832.1655,0.0,56.640749,0.0266390855,0.0,10074.0714,4827.09521,1087.87126,0.0,0.0
230.5,-22.158019,10072.7944,22.4454193,9.2136312,23.675889,9.7187275,28.1045123,11.53663565,1088.7867,147.76074,60.6543655,16.8473073,6.9156571,19.6894318,8.0823217,0.423083617,4832.1655,0.0,56.6884134,0.0263268518,0.0,10072.7944,4827.09855,1088.7867,0.0,0.0
231.0,-22.019534,10072.6266,22.2641909,9.1730094,23.4843311,9.6757172,27.9101986,11.499235,1089.70412,147.76074,60.8760407,16.8615035,6.94678621,19.6984345,8.1155699,0.422823002,4832.1655,0.0,56.7361797,0.0271890502,0.0,10072.6266,4827.56446,1089.70412,0.0,0.0
231.5,-21.803147,10072.2619,21.7360323,9.063574,22.9264079,9.55993995,27.3348578,11.3982257,1090.6905,147.76074,61.610983,16.8767656,7.03701819,19.69575,8.2124277,0.422562428,4832.1655,0.0,56.7875346,0.0299164325,0.0,10072.2619,4827.9885,1090.6905,0.0,0.0
232.0,-21.5867605,10070.4258,21.2992947,8.9710068,22.4616572,9.4605788,26.8539525,11.3105818,1091.76635,147.76074,62.2324105,16.8934133,7.11500623,19.6973146,8.29592115,0.422301881,4832.1655,0.0,56.8435521,0.0322389724,0.0,10070.4258,4827.852779999999,1091.76635,0.0,0.0
232.5,-21.3703738,10057.61625,16.4740284,5.6490639,17.3979237,5.9840173,21.5005206,7.82104835,1092.97338,147.76074,71.2832494,16.9120901,8.1597148,19.7054927,9.50880655,0.422042116,4810.54315,0.0,56.9063965,0.0674254578,0.0,10057.61625,4823.2274,1092.97338,0.0,0.0
233.0,-21.153987,6071.74438,-59.0104818,-59.0104818,-37.7464503,-37.7464503,-36.0023085,-36.0023085,1102.05955,147.76074,147.76074,17.0526843,17.0526843,19.8724657,19.8724657,0.422011288,3067.76592,0.0,57.379473,0.426725951,0.0,6071.74438,3169.98214,1102.05955,0.0,0.0
233.5,-20.9376004,2323.80507,12.56014053,9.5579339,3.08303656,2.35046755,3.58268039,2.75679977,1113.60786,147.76074,122.131751,17.231377,14.24117955,19.9241565,16.4703063,0.421917809,1721.1747,0.0,57.9807446,0.22373273,0.0,2323.80507,1617.17986,1113.60786,0.0,0.0
234.0,-20.721214,2558.23951,10.5308576,8.8363987,2.82093821,2.36705637,3.31513643,2.78185255,1121.14086,147.76074,123.9328314,17.3479386,14.5505127,20.0470728,16.8143942,0.421657605,1721.1747,0.0,58.3729536,0.230297247,0.0,2558.23951,1719.12821,1121.14086,0.0,0.0
234.5,-20.5048271,2550.44066,10.0930792,8.462442,2.69567901,2.26016914,3.19796928,2.681308,1129.12786,147.76074,123.8823972,17.4715249,14.6480631,20.1703955,16.9107929,0.421397192,1721.1747,0.0,58.7888026,0.230264148,0.0,2550.44066,1720.54662,1129.12786,0.0,0.0
235.0,-20.2884406,2539.20438,10.0362047,8.3787773,2.66868185,2.22796615,3.17354314,2.64945053,1137.05178,147.76074,123.3517205,17.5941356,14.6876742,20.2903648,16.9385063,0.421136808,1721.1747,0.0,59.201367,0.228169954,0.0,2539.20438,1720.49783,1137.05178,0.0,0.0
235.5,-20.0742274,2528.21312,9.9705511,8.28957905,2.63974806,2.19470637,3.14709094,2.61651291,1144.90513,147.76074,122.842383,17.7156535,14.7280528,20.4091278,16.967301,0.42087646,1721.1747,0.0,59.6102554,0.226153503,0.0,2528.21312,1720.50976,1144.90513,0.0,0.0
236.0,-19.996319,2516.96977,9.9770347,8.25468415,2.62970502,2.17573933,3.13910499,2.5972015,1152.68243,147.76074,122.2512956,17.835996,14.7567412,20.5261538,16.9824702,0.420616146,1721.1747,0.0,60.0151878,0.223621691,0.0,2516.96977,1720.37246,1152.68243,0.0,0.0
236.5,-19.996319,2506.09532,10.03575755,8.25920285,2.633756,2.16752604,3.1449607,2.58823635,1160.36343,147.76074,121.6021218,17.9548481,14.7761933,20.6415933,16.9872956,0.420355871,1721.1747,0.0,60.4151045,0.220746814,0.0,2506.09532,1720.33242,1160.36343,0.0,0.0
237.0,-19.996319,2495.47596,10.09054085,8.2600422,2.63691198,2.15856071,3.14999323,2.57856557,1167.94563,147.76074,120.9542405,18.0721702,14.7935054,20.7589171,16.9928272,0.420095631,1721.1747,0.0,60.8098755,0.217887406,0.0,2495.47596,1720.34081,1167.94563,0.0,0.0
237.5,-19.996319,2485.0015,10.144916,8.2609958,2.63999398,2.1497485,3.1549145,2.56904814,1175.4294,147.756906,120.316752,18.1874978,14.8098305,20.874968,16.9982064,0.419835432,1721.1747,0.0,61.1995249,0.215066441,0.0,2485.0015,1720.35205,1175.4294,0.0,0.0
238.0,-19.996319,2474.74207,10.1823573,8.2624952,2.63880045,2.14126201,3.15465983,2.55985727,1182.81647,147.507301,119.6933112,18.2708571,14.825684,20.9544533,17.0032606,0.419575263,1721.1747,0.0,61.5841377,0.212295008,0.0,2474.74207,1720.39627,1182.81647,0.0,0.0
238.5,-19.996319,2464.56448,10.2068875,8.2624029,2.63427894,2.13243179,3.15053425,2.55033699,1190.10898,147.116218,119.0878155,18.3347643,14.8416296,21.0118079,17.0086461,0.419315131,1721.1747,0.0,61.9638265,0.209589417,0.0,2464.56448,1720.41931,1190.10898,0.0,0.0
239.0,-19.996319,2454.48878,10.23155035,8.263134,2.62984873,2.12390188,3.14643989,2.54110779,1197.30871,146.725135,118.4954459,18.396648,14.85714455,21.0670198,17.013741,0.419055032,1721.1747,0.0,62.3386853,0.206929835,0.0,2454.48878,1720.43063,1197.30871,0.0,0.0
239.5,-19.996319,2444.54055,10.2552432,8.2638591,2.62525507,2.11547915,3.1421312,2.53198742,1204.41736,146.334052,117.9169235,18.4565465,14.8723894,21.1201388,17.0187291,0.418794971,1721.1747,0.0,62.7088011,0.204320086,0.0,2444.54055,1720.44182,1204.41736,0.0,0.0
240.0,-19.996319,2434.71748,10.27797585,8.26457025,2.62050184,2.10715968,3.13761361,2.52297177,1211.43661,145.942958,117.3517816,18.5144971,14.8873711,21.1712053,17.0236135,0.418534941,1721.1747,0.0,63.0742646,0.201758625,0.0,2434.71748,1720.45285,1211.43661,0.0,0.0
240.5,-19.996319,3305.95616,149.4856201,29.3241185,60.09971191,10.7118138,63.79428351,11.45242875,1215.48825,145.555707,53.8299027,18.5271568,6.85343244,22.8782707,8.09002641,0.418274954,2440.3436,0.0,63.2852142,-0.0410293221,0.0,3305.95616,2085.34739,1215.48825,0.0,0.0
241.0,-19.996319,5777.91015,287.435288,27.0924273,173.023572,16.2355141,182.136589,17.0908657,1210.56377,145.41423,13.6998577,18.4341539,1.73683227,25.9859149,2.44745936,0.418014994,3403.3997,0.0,63.0288207,-0.167316854,0.0,5777.91015,3111.07033,1210.56377,0.0,0.0
241.5,-19.996319,7264.80524,97.602022,12.9455589,72.35195646,9.69675456,76.86244945,10.55541051,1205.95838,145.41423,54.4393973,18.3640241,6.8745807,23.2556209,8.19348965,0.417756175,3403.3997,0.0,62.7890356,-0.0095889602,0.0,7264.80524,3727.08928,1205.95838,0.0,0.0
242.0,-19.996319,6673.27456,2.86736041,1.446872375,1.864331064,0.896609705,2.67477213,1.51876472,1211.9017,145.41423,119.5514228,18.4545274,15.1678978,21.1356592,17.3808172,0.41752562,3403.3997,0.0,63.0984794,0.220724367,0.0,6673.27456,3484.41929,1211.9017,0.0,0.0
242.5,-19.996319,6456.45779,13.41232905,8.3080649,9.06829385,5.61722235,10.3576302,6.4161757,1216.98723,145.41423,90.1530928,18.5319686,11.48924565,21.14663,13.11027325,0.417267008,3403.3997,0.0,63.3632603,0.1131067234,0.0,6456.45779,3397.16958,1216.98723,0.0,0.0
243.0,-19.996319,6459.06768,13.4397948,8.3055415,9.0905749,5.61780482,10.38502695,6.41775421,1220.84149,145.41423,89.8582625,18.5906603,11.4880444,21.2066232,13.104571,0.417007191,3403.3997,0.0,63.5639347,0.1117483764,0.0,6459.06768,3400.50609,1220.84149,0.0,0.0
243.5,-19.996319,6453.46934,13.43534355,8.28723865,9.07967945,5.60056297,10.37635485,6.40038346,1224.6939,145.41423,89.6951798,18.6493237,11.5033653,21.2666842,13.1178193,0.416747406,3403.3997,0.0,63.7645128,0.110846418,0.0,6453.46934,3400.42601,1224.6939,0.0,0.0
244.0,-19.996319,6448.09846,13.4787976,8.2903985,9.1014657,5.59803582,10.4006607,6.39713142,1228.50422,145.41423,89.4396215,18.7073462,11.50627955,21.3260349,13.1169502,0.416487663,3403.3997,0.0,63.9628997,0.109610698,0.0,6448.09846,3400.41587,1228.50422,0.0,0.0
244.5,-19.996319,6442.82727,13.51568205,8.2904467,9.1189115,5.59349214,10.4206853,6.39199346,1232.27313,145.41423,89.196091,18.7647387,11.5101535,21.3859208,13.11796845,0.416227951,3403.3997,0.0,64.1591306,0.1084225056,0.0,6442.82727,3400.4232,1232.27313,0.0,0.0
245.0,-19.996319,6437.60823,13.55320865,8.2908245,9.1368228,5.58921589,10.4411737,6.38711876,1236.00095,145.41423,88.9531773,18.8215047,11.5135326,21.445557,13.11872445,0.415968271,3403.3997,0.0,64.3532235,0.1072388578,0.0,6437.60823,3400.42816,1236.00095,0.0,0.0
245.5,-20.0197,6432.3776,13.47511445,8.25189805,9.0768304,5.55846593,10.3799822,6.35664977,1239.6882,145.41423,88.8889168,18.8776533,11.53956815,21.5041232,13.145076,0.415708631,3402.83893,0.0,64.5452024,0.106664858,0.0,6432.3776,3400.40465,1239.6882,0.0,0.0
246.0,-21.5100579,6018.15004,1.308783896,1.060150771,0.8373594867,0.6768833497,1.0587864243,0.8584172823,1245.52583,145.41423,125.114609,18.966547,16.3193526,21.660277,18.6381141,0.41544904,3215.68647,0.0,64.8491432,0.234010122,0.0,6018.15004,3231.45003,1245.52583,0.0,0.0
246.5,-23.8388878,5164.63271,2.91462013,2.38622511,1.56530241,1.2820679,1.98535452,1.62609373,1253.31972,145.41423,119.4347024,19.0852306,15.67520685,21.7542185,17.8674016,0.415189458,2884.58555,0.0,65.2549364,0.209792943,0.0,5164.63271,2880.8459,1253.31972,0.0,0.0
247.0,-26.1677173,4359.01957,4.50803897,3.56801554,2.04031674,1.61660627,2.58811784,2.05129102,1260.29089,145.41423,116.0588469,19.1913858,15.3168914,21.8490669,17.4380908,0.414929924,2554.5393,0.0,65.6178949,0.193356505,0.0,4359.01957,2549.6947,1260.29089,0.0,0.0
247.5,-28.4965475,3967.48,19.4117708,12.22515395,8.06831919,5.0807406,8.87454956,5.59022382,1265.39499,145.41423,92.251886,19.2691094,12.22416555,21.9027563,13.8950457,0.414670425,2415.035,0.0,65.8836442,0.0980033444,0.0,3967.48,2389.75255,1265.39499,0.0,0.0
248.0,-30.8253769,4013.22616,20.8219311,12.86022605,8.7506683,5.40467291,9.5862354,5.92076838,1268.48018,145.41423,89.8385193,19.3160899,11.9336496,21.9491661,13.56039015,0.414410955,2415.035,0.0,66.0442735,0.0860272918,0.0,4013.22616,2410.58924,1268.48018,0.0,0.0
248.5,-33.1542067,4007.03971,22.9913295,13.75746975,9.6474197,5.77281087,10.529069,6.30044986,1271.23585,145.41423,87.0734414,19.3580527,11.5914544,22.0053327,13.1765994,0.41415153,2415.035,0.0,66.1877512,0.0725064681,0.0,4007.03971,2409.624,1271.23585,0.0,0.0
249.0,-35.4830362,4003.1276,25.516125,14.7443981,10.696454,6.18092076,11.6261882,6.71824278,1273.49187,145.41423,84.0802786,19.3924067,11.21287485,22.0589958,12.75469805,0.413892136,2415.035,0.0,66.3052121,0.0581440773,0.0,4003.1276,2409.31345,1273.49187,0.0,0.0
249.5,-37.811866,4000.05437,28.1622065,15.7152908,11.7966514,6.58287147,12.7704555,7.12636568,1275.26047,145.41423,81.1952795,19.4193385,10.843183,22.1044915,12.342468,0.413632785,2415.035,0.0,66.3972944,0.0442128845,0.0,4000.05437,2409.06736,1275.26047,0.0,0.0
250.0,-40.1406954,3997.54548,30.9847419,16.6877204,12.97083885,6.98582816,13.98517345,7.53221744,1276.55129,145.41423,78.3642875,19.4389948,10.47572325,22.1422897,11.93251065,0.413373459,2415.035,0.0,66.464503,0.0305061239,0.0,3997.54548,2408.77709,1276.55129,0.0,0.0
250.5,-42.446142,3995.61584,34.0005698,17.656372,14.2264725,7.38776434,15.2888876,7.93951787,1277.37146,145.41423,75.5587591,19.4514842,10.1071804,22.1726651,11.5211057,0.413114164,2415.035,0.0,66.5072045,0.0169671573,0.0,3995.61584,2408.45305,1277.37146,0.0,0.0
251.0,-43.284615,4002.78893,35.5971877,18.1255465,14.921279,7.59769183,16.0222673,8.15829885,1277.80075,145.41423,74.0425832,19.4580217,9.9077113,22.1888828,11.2982216,0.412854924,2415.035,0.0,66.529558,0.01021811285,0.0,4002.78893,2411.6884,1277.80075,0.0,0.0
251.5,-43.284615,4007.40996,35.2308494,18.0012993,14.78480235,7.55433537,15.8781379,8.1129783,1278.17248,145.41423,74.2987351,19.463682,9.9448794,22.1930556,11.3394403,0.412595704,2415.035,0.0,66.54891,0.01122191995,0.0,4007.40996,2413.82832,1278.17248,0.0,0.0
252.0,-43.284615,4005.9644,35.2597025,18.0056025,14.7915721,7.55341512,15.88548615,8.1120296,1278.55888,145.41423,74.2570905,19.4695661,9.9423091,22.1993311,11.3362883,0.412336522,2415.035,0.0,66.569029,0.01103721705,0.0,4005.9644,2413.45245,1278.55888,0.0,0.0
252.5,-43.284615,4005.48096,35.2899637,18.0088439,14.8024805,7.55386341,15.8971837,8.1125019,1278.93638,145.41423,74.2064401,19.475314,9.9384613,22.205524,11.3317166,0.412077382,2415.035,0.0,66.5886836,0.0108260115,0.0,4005.48096,2413.47165,1278.93638,0.0,0.0
253.0,-43.284615,4004.981,35.3063664,18.0079737,14.8075123,7.55255552,15.90267135,8.11114025,1279.30788,145.41423,74.1684125,19.4809711,9.9362537,22.2115445,11.32898,0.411818265,2415.035,0.0,66.6080268,0.01066348125,0.0,4004.981,2413.48057,1279.30788,0.0,0.0
253.5,-43.284615,4281.90728,132.2319826,26.0676227,61.9444993,11.82553757,65.4864854,12.5375482,1278.49859,145.41423,43.4459688,19.4686481,5.8191268,23.9027905,6.89847589,0.411559193,2773.60995,0.0,66.5658901,-0.1031974733,0.0,4281.90728,2528.2391,1278.49859,0.0,0.0
254.0,-43.284615,5465.674489999999,300.0,28.1189462,171.709227,16.0481937,180.747716,16.893131,1272.36241,145.41423,13.6392584,19.375208,1.81746046,27.0723885,2.53879738,0.411300152,3982.86324,0.0,66.2464075,-0.204253617,0.0,5465.674489999999,3017.23052,1272.36241,0.0,0.0
254.5,-43.284615,6344.01902,300.0,24.6175976,199.303235,16.3394112,209.809675,17.2006146,1265.3261,145.41423,11.93775615,19.26806,1.58188053,27.1288363,2.22721957,0.41104115,4455.6265,0.0,65.8800554,-0.202874842,0.0,6344.01902,3378.60766,1265.3261,0.0,0.0
255.0,-43.284615,6944.002129999999,300.0,22.6844562,218.152257,16.4890756,229.952599,17.3809357,1258.33188,145.41423,10.99868415,19.1615544,1.44936432,27.0073943,2.04280562,0.41078218,4455.6265,0.0,65.5158964,-0.201775491,0.0,6944.002129999999,3624.18116,1258.33188,0.0,0.0
255.5,-43.284615,7378.79951,300.0,21.4536299,231.811824,16.5740856,244.715277,17.4965096,1251.37319,145.41423,10.40109275,19.0555892,1.36302504,26.886314,1.92314016,0.410523244,4455.6265,0.0,65.1535881,-0.200805789,0.0,7378.79951,3801.04052,1251.37319,0.0,0.0
256.0,-43.284615,7702.908989999999,300.0,20.5903962,241.994021,16.6074192,256.141651,17.578193,1244.4467,145.41423,9.9820778,18.9501145,1.30086696,26.7655408,1.8373663,0.41026434,4455.6265,0.0,64.7929562,-0.199907923,0.0,7702.908989999999,3931.86049,1244.4467,0.0,0.0
256.5,-43.284615,7948.06286,300.0,19.9663106,249.695758,16.6173669,265.031766,17.6378854,1237.55033,145.41423,9.6791732,18.8450982,1.2543971,26.6450403,1.77358513,0.41000548,4455.6265,0.0,64.4338919,-0.199059411,0.0,7948.06286,4029.84411,1237.55033,0.0,0.0
257.0,-43.284615,8135.663409999999,300.0,19.5073113,255.589404,16.6189792,271.945787,17.6824389,1230.68264,145.41423,9.4564166,18.7405186,1.21872391,26.5247911,1.72494375,0.409746651,4455.6265,0.0,64.0763223,-0.19824705,0.0,8135.663409999999,4103.89607,1230.68264,0.0,0.0
257.5,-43.284615,8280.500600000001,300.0,19.1633077,260.139596,16.6167917,277.356021,17.716474,1223.84254,145.41423,9.2894745,18.6363596,1.19055213,26.4047752,1.68682191,0.409487857,4455.6265,0.0,63.7201878,-0.197461922,0.0,8280.500600000001,4160.1701,1223.84254,0.0,0.0
258.0,-43.284615,8393.178,300.0,18.9031659,263.679465,16.6143947,281.589272,17.7428617,1217.02921,145.41423,9.1632389,18.532608,1.16783382,26.2849803,1.65634851,0.409229106,4455.6265,0.0,63.3654467,-0.196698401,0.0,8393.178,4203.07778,1217.02921,0.0,0.0
258.5,-43.284615,8481.329249999999,300.0,18.70261,266.448814,16.6108403,284.931966,17.7630926,1210.242,145.482592,9.07000505,18.4378961,1.14950214,26.1776739,1.6320337,0.408970387,4455.6265,0.0,63.012065,-0.195938385,0.0,8481.329249999999,4235.79506,1210.242,0.0,0.0
259.0,-43.284615,8548.6892,300.0,18.5044021,268.564999,16.5653517,287.526515,17.7349001,1203.4928,149.928749,9.2462499,18.8950373,1.16528084,26.8544007,1.65614338,0.408711701,4455.6265,0.0,62.6606651,-0.194283056,0.0,8548.6892,4259.88342,1203.4928,0.0,0.0
259.5,-43.284615,8595.358900000001,300.0,18.3285502,270.031173,16.4975493,289.354875,17.6781222,1196.81338,156.894031,9.5839378,19.6631299,1.20113519,27.9745125,1.70884026,0.408453041,4455.6265,0.0,62.3128972,-0.192135242,0.0,8595.358900000001,4275.40284,1196.81338,0.0,0.0
260.0,-43.284615,8625.36675,300.0,18.1925899,270.973881,16.4323657,290.548539,17.6194047,1190.20754,163.859306,9.9352398,20.4227401,1.23829054,29.0845031,1.76347761,0.408194422,4455.6265,0.0,61.9689574,-0.190025225,0.0,8625.36675,4284.03203,1190.20754,0.0,0.0
260.5,-43.284615,8642.4492,300.0,18.0869184,271.510547,16.3692875,291.247979,17.5592486,1183.67409,170.824585,10.2974684,21.1740103,1.2763924,30.1845105,1.81955442,0.407935846,4455.6265,0.0,61.6287893,-0.187944415,0.0,8642.4492,4287.32551,1183.67409,0.0,0.0
261.0,-43.284615,8649.4595,300.0,18.0044903,271.730785,16.3079124,291.561261,17.4980363,1177.2122,177.789863,10.6685611,21.9170799,1.31517135,31.2746741,1.87668895,0.407677294,4455.6265,0.0,61.2923455,-0.185886798,0.0,8649.4595,4286.46952,1177.2122,0.0,0.0
261.5,-43.284615,8648.599,300.0,17.9407038,271.703747,16.2485235,291.57182,17.4366804,1170.82101,184.68678,11.0433803,22.6437319,1.3539879,32.343188,1.933969,0.407418785,4455.6265,0.0,60.9595865,-0.183861115,0.0,8648.599,4282.37967,1170.82101,0.0,0.0
262.0,-43.284615,8641.3442,273.394281,17.6816447,247.430574,16.0007815,265.65943,17.1857045,1164.50177,187.2059,12.6812197,22.8290742,1.54602599,32.3701563,2.18086968,0.407160309,4348.32464,0.0,60.6305685,-0.177264718,0.0,8641.3442,4275.671189999999,1164.50177,0.0,0.0
262.5,-43.284615,5035.8284,-50.873268,-53.7090126,-23.8408869,-26.391895,-21.9873441,-24.8073438,1168.90796,187.2059,172.4490293,22.915454,21.11878135,26.8240712,24.71882714,0.407028551,2352.10377,0.0,60.8599805,0.4649582383,0.0,5035.8284,2777.96217,1168.90796,0.0,0.0
263.0,-43.284615,-409.60087,3.9839602,6.5889302,-1.061244601,-1.102044015,-0.66011957,-0.736509205,1182.56382,187.2059,140.91924,23.1831653,17.4512032,26.7129467,20.1094846,0.40686011,594.05025,0.0,61.5709809,0.256786569,0.0,-409.60087,520.052319,1182.56382,0.0,0.0
263.5,-43.284615,-349.552576,18.6795637,18.6795637,-0.68507013,-0.68507013,-0.440336493,-0.440336493,1190.56924,187.2059,138.032067,23.3401051,17.2091807,26.8523182,19.7988372,0.406601714,557.4253,0.0,61.9877901,0.225575229,0.0,-349.552576,549.71319,1190.56924,0.0,0.0
264.0,-43.284615,-340.228825,17.9640379,17.9640379,-0.640031218,-0.640031218,-0.407078121,-0.407078121,1198.31854,187.2059,137.000351,23.492024,17.1918017,27.0023816,19.7607386,0.406343341,557.4253,0.0,62.3912631,0.222683265,0.0,-340.228825,558.117625,1198.31854,0.0,0.0
264.5,-43.284615,-350.541638,17.9502525,17.9502525,-0.658929243,-0.658929243,-0.421982784,-0.421982784,1205.96552,187.2059,136.31925,23.6419368,17.2154982,27.1521498,19.7715595,0.406085015,557.4253,0.0,62.7894093,0.219710237,0.0,-350.541638,558.291413,1205.96552,0.0,0.0
265.0,-43.284615,-361.097595,17.950793,17.950793,-0.678792278,-0.678792278,-0.437769608,-0.437769608,1213.51072,187.2059,135.662224,23.7898536,17.2397162,27.2998188,19.7832773,0.405826717,557.4253,0.0,63.1822529,0.216795786,0.0,-361.097595,558.304563,1213.51072,0.0,0.0
265.5,-43.2424183,-371.453546,17.9444825,17.9444825,-0.698010935,-0.698010935,-0.453243958,-0.453243958,1220.95634,187.2059,135.020599,23.9358176,17.2634555,27.4453916,19.7947043,0.405568454,557.4253,0.0,63.5699118,0.213997697,0.0,-371.453546,558.342794,1220.95634,0.0,0.0
266.0,-40.543292,-376.614272,16.8625409,16.8625409,-0.664955056,-0.664955056,-0.429010876,-0.429010876,1228.35952,187.2059,134.129672,24.0809521,17.253502,27.5885619,19.7666429,0.40531023,557.4253,0.0,63.9553677,0.215358606,0.0,-376.614272,560.518098,1228.35952,0.0,0.0
266.5,-36.3258706,-385.418596,15.05601535,15.05601535,-0.607515465,-0.607515465,-0.384880059,-0.384880059,1235.87315,187.2059,133.105356,24.228251,17.2264745,27.7330315,19.7184113,0.405052044,557.4253,0.0,64.34657,0.219302513,0.0,-385.418596,561.241704,1235.87315,0.0,0.0
267.0,-32.1084494,-396.087327,13.29854975,13.29854975,-0.551435615,-0.551435615,-0.34358625,-0.34358625,1243.52231,187.2059,132.098548,24.3782058,17.2019846,27.8801292,19.6730565,0.404793886,557.4253,0.0,64.7448295,0.223198294,0.0,-396.087327,561.268649,1243.52231,0.0,0.0
267.5,-27.8910279,-406.982942,11.54255115,11.54255115,-0.49176704,-0.49176704,-0.301416211,-0.301416211,1251.30541,187.2059,131.08499,24.5307868,17.176836,28.0296822,19.6268277,0.40453577,557.4253,0.0,65.15006,0.227050187,0.0,-406.982942,561.27939,1251.30541,0.0,0.0
268.0,-23.6736065,-418.063045,9.78662395,9.78662395,-0.42828369,-0.42828369,-0.2521298,-0.2521298,1259.21959,187.2059,130.025281,24.6859379,17.1457285,28.1814118,19.5735381,0.404277682,557.4253,0.0,65.5621165,0.230733199,0.0,-418.063045,561.289916,1259.21959,0.0,0.0
268.5,-19.4561853,-429.315386,8.030753,8.030753,-0.360873026,-0.360873026,-0.195196814,-0.195196814,1267.2569,187.2059,128.916821,24.8435023,17.1080662,28.3351372,19.5125351,0.404019627,557.4253,0.0,65.9805859,0.234239455,0.0,-429.315386,561.300642,1267.2569,0.0,0.0
269.0,-15.23876405,-440.739034,6.27485675,6.27485675,-0.289435636,-0.289435636,-0.142719646,-0.142719646,1275.41672,187.2059,127.8387373,25.0034688,17.0742358,28.4912717,19.4559805,0.403761611,557.4253,0.0,66.4054315,0.23782498,0.0,-440.739034,561.311637,1275.41672,0.0,0.0
269.5,-11.0213426,-452.338368,4.51893475,4.51893475,-0.213879031,-0.213879031,-0.0953235235,-0.0953235235,1283.70203,187.2059,126.7946393,25.1658948,17.0447979,28.6498841,19.4045069,0.403503632,557.4253,0.0,66.8368124,0.24150084,0.0,-452.338368,561.322792,1283.70203,0.0,0.0
270.0,-6.80392136,-464.118731,2.76297169,2.76297169,-0.1341069163,-0.1341069163,-0.0561188852,-0.0561188852,1292.11668,187.2059,125.803575,25.3308576,17.02243,28.8111437,19.3612063,0.403245692,557.4253,0.0,67.2749268,0.245327996,0.0,-464.118731,561.33418,1292.11668,0.0,0.0
270.5,-2.63491397,-476.164615,1.015119437,1.015119437,-0.0504335824,-0.0504335824,-0.0213583833,-0.0213583833,1300.66557,187.2059,124.841324,25.498451,17.0039881,28.9750039,19.3223859,0.402987778,557.4253,0.0,67.7200293,0.249156883,0.0,-476.164615,561.313423,1300.66557,0.0,0.0
271.0,-1.50974588,-494.18576,0.499712153,0.499712153,-0.0259247493,-0.0259247493,-0.0112432265,-0.0112432265,1309.27892,187.2059,124.0389164,25.6673085,17.0065998,29.1407764,19.3080517,0.402729903,557.4253,0.0,68.1684894,0.247800066,0.0,-494.18576,558.843949,1309.27892,0.0,0.0
271.5,-2.12412024,-508.036482,0.814475318,0.814475318,-0.0433583182,-0.0433583182,-0.019075681,-0.019075681,1317.76906,187.2059,123.3696604,25.8337506,17.0245272,29.3046094,19.3118419,0.402472067,557.4253,0.0,68.6105327,0.243408786,0.0,-508.036482,558.037881,1317.76906,0.0,0.0
272.0,-2.73849463,-519.760502,1.072995575,1.072995575,-0.0584279822,-0.0584279822,-0.026035443,-0.026035443,1326.1106,187.2059,122.71499,25.9972797,17.0413825,29.4653779,19.3147497,0.402214247,557.4253,0.0,69.044841,0.239173348,0.0,-519.760502,558.030011,1326.1106,0.0,0.0
272.5,-3.35286904,-531.236503,1.32982696,1.32982696,-0.0740047832,-0.0740047832,-0.0333867496,-0.0333867496,1334.30721,187.2059,122.0820254,26.1579675,17.0582734,29.6232054,19.3180494,0.401956491,557.4253,0.0,69.4716045,0.235021765,0.0,-531.236503,558.0407,1334.30721,0.0,0.0
273.0,-3.96724343,-542.512666,1.58660518,1.58660518,-0.0901626844,-0.0901626844,-0.0411681039,-0.0411681039,1342.36168,187.2059,121.4702234,26.3158676,17.0752447,29.7781542,19.3217808,0.401698753,557.4253,0.0,69.8909651,0.230949413,0.0,-542.512666,558.051538,1342.36168,0.0,0.0
273.5,-4.5816178,-553.593592,1.84336152,1.84336152,-0.1068880622,-0.1068880622,-0.0493782815,-0.0493782815,1350.27665,187.2059,120.8788275,26.4710348,17.0923044,29.9302844,19.3259422,0.401441049,557.4253,0.0,70.3030645,0.226953776,0.0,-553.593592,558.062203,1350.27665,0.0,0.0
274.0,-5.19599223,-564.482594,2.10010348,2.10010348,-0.1241662641,-0.1241662641,-0.0580150418,-0.0580150418,1358.05457,187.2059,120.2994685,26.6235138,17.108367,30.0815697,19.3305317,0.401183381,557.4253,0.0,70.7080256,0.223007785,0.0,-564.482594,558.072663,1358.05457,0.0,0.0
274.5,-5.81036655,-575.181338,2.35683559,2.35683559,-0.141982439,-0.141982439,-0.0670754156,-0.0670754156,1365.69656,187.2059,119.7290175,26.7733284,17.1230578,30.2327311,19.3355457,0.400925754,557.4253,0.0,71.1059125,0.219101409,0.0,-575.181338,558.082942,1365.69656,0.0,0.0
275.0,-6.42474097,-585.692732,2.6135471,2.6135471,-0.160321355,-0.160321355,-0.0765558036,-0.0765558036,1373.20478,187.2059,119.1775086,26.9205206,17.1378895,30.3811722,19.3409809,0.400668161,557.4253,0.0,71.4968319,0.215267179,0.0,-585.692732,558.093055,1373.20478,0.0,0.0
275.5,-7.04597237,-596.031214,2.87138964,2.87138964,-0.179244748,-0.179244748,-0.0864904604,-0.0864904604,1380.58159,187.2059,118.6445584,27.0651376,17.1529057,30.5269313,19.3468687,0.400410601,557.4253,0.0,71.880912,0.211493853,0.0,-596.031214,558.098434,1380.58159,0.0,0.0
276.0,-8.09780364,-607.00855,3.30355722,3.30355722,-0.21004605,-0.21004605,-0.1025395751,-0.1025395751,1387.82015,187.2059,118.1639346,27.2070433,17.1729954,30.6700501,19.358837,0.400153073,557.4253,0.0,72.2577909,0.207096865,0.0,-607.00855,557.757203,1387.82015,0.0,0.0
276.5,-9.39573765,-617.195726,3.85312976,3.85312976,-0.249083731,-0.249083731,-0.1255581899,-0.1255581899,1394.8983,187.2059,117.7419447,27.3458045,17.1989431,30.8101241,19.3778043,0.399895576,557.4253,0.0,72.6263214,0.202413136,0.0,-617.195726,557.651123,1394.8983,0.0,0.0
277.0,-10.6936714,-626.888466,4.39471332,4.39471332,-0.288547206,-0.288547206,-0.151455918,-0.151455918,1401.81714,187.2059,117.3532084,27.4814421,17.2271878,30.9470502,19.3996628,0.39963813,557.4253,0.0,72.9865546,0.19786584,0.0,-626.888466,557.657761,1401.81714,0.0,0.0
277.5,-11.99160565,-636.357296,4.93603249,4.93603249,-0.328976934,-0.328976934,-0.179476968,-0.179476968,1408.5806,187.2059,116.9923105,27.6140337,17.2570731,31.0808884,19.4236461,0.399380702,557.4253,0.0,73.3386972,0.193423847,0.0,-636.357296,557.666844,1408.5806,0.0,0.0
278.0,-13.2895395,-645.613487,5.47731911,5.47731911,-0.370356039,-0.370356039,-0.209539802,-0.209539802,1415.19224,187.2059,116.658041,27.7436494,17.2885386,31.2117115,19.4496731,0.399123318,557.4253,0.0,73.6829374,0.189082651,0.0,-645.613487,557.67576,1415.19224,0.0,0.0
278.5,-14.5874737,-498.734663,18.63677422,15.66153692,-0.395372682,-0.450953827,-0.081419791,-0.189847811,1421.58558,187.2059,116.041892,27.8689854,17.27478415,31.3401302,19.4265611,0.398865966,661.754741,0.0,74.0158121,0.1671161526,0.0,-498.734663,622.526147,1421.58558,0.0,0.0
279.0,-15.8854076,2197.90111,158.2495345,39.7150164,42.4404755,8.87805087,45.96071647,9.7423393,1423.70253,187.2059,55.3799126,27.9104872,8.25833202,32.5309423,9.48985096,0.398608649,2002.31817,0.0,74.1260329,-0.0727260273,0.0,2197.90111,1745.85229,1423.70253,0.0,0.0
279.5,-17.1833418,5121.29454,299.615717,28.1978766,160.727708,14.9196333,169.504568,15.736527,1418.71489,187.2059,17.6571453,27.8127078,2.62363062,37.0704677,3.49163831,0.398351373,3677.09485,0.0,73.8663457,-0.176181461,0.0,5121.29454,2959.38563,1418.71489,0.0,0.0
280.0,-18.4812759,6940.690059999999,300.0,21.5515791,218.048205,15.61137695,230.35697,16.4914798,1412.56555,187.2059,13.4584688,27.6921552,1.99096152,38.0187822,2.73266204,0.398094122,4287.6104,0.0,73.546178,-0.179118782,0.0,6940.690059999999,3712.85892,1412.56555,0.0,0.0
280.5,-19.7662102,8213.56498,276.407029,18.2142526,236.998445,15.6380484,253.106065,16.7044334,1406.36487,187.2059,12.3821696,27.5705966,1.8234849,38.0401867,2.51568661,0.39783691,4287.6104,0.0,73.2233346,-0.177509598,0.0,8213.56498,4238.89118,1406.36487,0.0,0.0
281.0,-20.233486,9050.06615,105.44627178,12.28073125,98.90439487,11.58872973,108.5574497,12.8664749,1400.96216,187.2059,36.12788335,27.4646808,5.29809906,34.4401489,6.34962388,0.397579733,4287.6104,0.0,72.9420375,-0.0897925985,0.0,9050.06615,4583.810820000001,1400.96216,0.0,0.0
281.5,-20.233486,8572.7632,3.57487279,0.57361882,3.025747,0.40265798,4.60803161,1.30389427,1403.92169,187.2059,108.0590886,27.5227004,15.88251375,31.0394996,17.9158934,0.397322598,4287.6104,0.0,73.0961281,0.163110504,0.0,8572.7632,4386.92952,1403.92169,0.0,0.0
282.0,-20.233486,8275.2032,25.2637159,8.53400915,21.8942135,7.39561211,25.329175,8.5619439,1406.07926,187.2059,63.7360561,27.5649979,9.3847516,31.2731829,10.6461167,0.39706549,4287.6104,0.0,73.208466,0.00557244734,0.0,8275.2032,4264.37232,1406.07926,0.0,0.0
282.5,-20.233486,8323.794899999999,26.1856038,8.72162665,22.8239478,7.60211534,26.3582582,8.7802124,1406.03646,187.2059,62.3778956,27.5641588,9.18450995,31.2842683,10.4238311,0.396808421,4287.6104,0.0,73.2062381,0.000841778373,0.0,8323.794899999999,4284.56693,1406.03646,0.0,0.0
283.0,-20.233486,8326.266,24.1229409,8.3054363,21.0333693,7.24171029,24.5363577,8.4477854,1406.23541,187.2059,64.454383,27.5680586,9.4915928,31.2295805,10.7522421,0.396551386,4287.6104,0.0,73.2165961,0.00826378948,0.0,8326.266,4285.71102,1406.23541,0.0,0.0
283.5,-20.233486,8319.4979,24.6612469,8.41822115,21.4852667,7.33408703,24.9925649,8.53132865,1406.49022,187.2059,63.9074191,27.5730539,9.412751,31.2403837,10.6646843,0.396294385,4287.6104,0.0,73.22986,0.0062675154,0.0,8319.4979,4283.04373,1406.49022,0.0,0.0
284.0,-20.233486,8320.853500000001,24.729616,8.4291701,21.5483419,7.34482238,25.0603547,8.54190465,1406.69485,187.2059,63.8089369,27.5770656,9.39961425,31.2457902,10.6500952,0.396037421,4287.6104,0.0,73.2405148,0.00590446238,0.0,8320.853500000001,4283.72738,1406.69485,0.0,0.0
284.5,-20.233486,8320.725699999999,24.6677196,8.4139368,21.4940782,7.33143608,25.0061596,8.52937555,1406.90296,187.2059,63.8542627,27.5811447,9.4076823,31.2485806,10.658612,0.395780489,4287.6104,0.0,73.2513515,0.00605247401,0.0,8320.725699999999,4283.79544,1406.90296,0.0,0.0
285.0,-20.233486,8244.44865,13.83351856,4.26997653,12.07982359,3.74912881,14.520516225,4.743713165,1407.59178,187.2059,86.6049753,27.5946485,12.7680977,31.1898729,14.42222865,0.395523591,4227.02449,0.0,73.2872136,0.08673570195,0.0,8244.44865,4252.45847,1407.59178,0.0,0.0
285.5,-20.2343138,7237.0793,-2.92144513,-2.92144513,-2.24657019,-2.24657019,-1.7768974,-1.7768974,1414.031,187.2059,125.6563904,27.7208847,18.6059081,31.2343223,20.9646328,0.395266735,3825.62029,0.0,73.6224771,0.22486049,0.0,7237.0793,3837.04438,1414.031,0.0,0.0
286.0,-20.2871541,6119.09253,1.026087177,-0.195855003,0.54645118,-0.1885152865,1.012204305,0.124050911,1421.23619,187.2059,113.8432356,27.8621364,16.9417645,31.3429168,19.0590553,0.395009905,3388.00464,0.0,73.9976195,0.1809798855,0.0,6119.09253,3376.04886,1421.23619,0.0,0.0
286.5,-20.3697193,5773.56259,24.0560382,9.6445417,14.54898775,5.83242837,16.19277135,6.49341308,1424.7534,187.2059,75.3347265,27.9310879,11.23987065,31.5068083,12.67853855,0.394753114,3268.1768,0.0,74.1807454,0.0387226062,0.0,5773.56259,3234.32499,1424.7534,0.0,0.0
287.0,-20.4522846,5857.565479999999,20.4517793,8.5622519,12.5450475,5.25207046,14.2695242,5.97452524,1426.20119,187.2059,78.3879964,27.959471,11.70741055,31.5084763,13.1934205,0.39449636,3268.1768,0.0,74.2561273,0.0501986189,0.0,5857.565479999999,3270.1246,1426.20119,0.0,0.0
287.5,-20.5348499,5843.865449999999,20.1410644,8.46487675,12.3256171,5.18021315,14.0508448,5.90532559,1427.99823,187.2059,78.6917992,27.9947,11.7675267,31.5419756,13.25861555,0.39423964,3268.1768,0.0,74.3496893,0.0510375934,0.0,5843.865449999999,3265.47319,1427.99823,0.0,0.0
288.0,-20.6174152,5841.05383,20.5444908,8.5806256,12.56652495,5.24854321,14.29298695,5.96961876,1429.71632,187.2059,78.1892174,28.0283822,11.7064518,31.5811579,13.19031905,0.393982954,3268.1768,0.0,74.4391461,0.0489013583,0.0,5841.05383,3265.30638,1429.71632,0.0,0.0
288.5,-20.6999805,5839.22641,20.6294904,8.5983706,12.61456635,5.25775135,14.34263925,5.978013,1431.3929,187.2059,78.0286375,28.0612496,11.6961081,31.616412,13.1779224,0.393726294,3268.1768,0.0,74.5264378,0.0480477831,0.0,5839.22641,3265.52496,1431.3929,0.0,0.0
289.0,-20.7825457,5836.79842,20.7748229,8.63460215,12.69815295,5.27771087,14.4274063,5.99643826,1433.03557,187.2059,77.8094673,28.0934531,11.6766406,31.6515108,13.1554964,0.39346968,3268.1768,0.0,74.6119614,0.0469764163,0.0,5836.79842,3265.47378,1433.03557,0.0,0.0
289.5,-20.8651114,5834.56466,20.915909,8.6694591,12.779496,5.29698848,14.5098953,6.01422461,1434.64146,187.2059,77.5965229,28.1249352,11.6577342,31.6858101,13.1337106,0.393213105,3268.1768,0.0,74.6955736,0.0459318801,0.0,5834.56466,3265.48202,1434.64146,0.0,0.0
290.0,-20.9476763,5832.366599999999,21.0560422,8.7039822,12.8602701,5.31607848,14.59172085,6.03181299,1436.21164,187.2059,77.387054,28.1557162,11.638989,31.719356,13.1121238,0.392956558,3268.1768,0.0,74.777324,0.0449033859,0.0,5832.366599999999,3265.48418,1436.21164,0.0,0.0
290.5,-21.030752,5830.215529999999,21.196913,8.7386767,12.941534,5.33530003,14.67394035,6.04950608,1437.74633,187.2059,77.1791925,28.1858036,11.62013065,31.7521721,13.0904335,0.392700043,3268.1768,0.0,74.8572311,0.0438833775,0.0,5830.215529999999,3265.48519,1437.74633,0.0,0.0
291.0,-21.1458761,5827.92389,21.3750484,8.7843499,13.04516115,5.36107673,14.778191,6.07328986,1439.24398,187.2059,76.936954,28.2151639,11.5957244,31.7845531,13.0626543,0.392443566,3268.1768,0.0,74.9352091,0.0427001888,0.0,5827.92389,3265.40615,1439.24398,0.0,0.0
291.5,-21.2793171,5825.77332,21.598302,8.8431995,13.17654885,5.39500121,14.9098153,6.10467124,1440.69654,187.2059,76.65175,28.2436402,11.56439925,31.8164175,13.0272778,0.39218712,3268.1768,0.0,75.0108376,0.0413390563,0.0,5825.77332,3265.35934,1440.69654,0.0,0.0
292.0,-21.4127585,5823.82583,21.8118548,8.89891935,13.3023839,5.42717956,15.0357789,6.13438149,1442.10298,187.2059,76.3794564,28.271213,11.5345683,31.8472353,12.9935743,0.391930715,3268.1768,0.0,75.084066,0.0400306916,0.0,5823.82583,3265.3702,1442.10298,0.0,0.0
292.5,-21.5461993,5821.91496,22.0263867,8.95473115,13.42881235,5.45942566,15.16210975,6.16409217,1443.46454,187.2059,76.109914,28.2979043,11.5047145,31.8771232,12.9598713,0.391674339,3268.1768,0.0,75.1549516,0.0387365043,0.0,5821.91496,3265.37004,1443.46454,0.0,0.0
293.0,-21.6796405,5820.06805,22.2419442,9.010641,13.55592995,5.49176932,15.2889117,6.1938357,1444.78152,187.2059,75.8428753,28.3237228,11.47480935,31.9060921,12.9261372,0.391418009,3268.1768,0.0,75.2235241,0.037455638,0.0,5820.06805,3265.3705,1444.78152,0.0,0.0
293.5,-21.8130812,5818.283249999999,22.4580714,9.06651395,13.6834571,5.5241282,15.4159076,6.22353522,1446.05451,187.2059,75.5787474,28.3486782,11.44492275,31.9341485,12.892448,0.391161714,3268.1768,0.0,75.2898024,0.0361895918,0.0,5818.283249999999,3265.3711,1446.05451,0.0,0.0
294.0,-21.9465225,5816.55927,22.6748949,9.122388,13.8114718,5.55652466,15.5431742,6.25321177,1447.28392,187.2059,75.3173491,28.3727803,11.41503575,31.9613044,12.858783,0.390905431,3268.1768,0.0,75.353814,0.0349376698,0.0,5816.55927,3265.3717,1447.28392,0.0,0.0
294.5,-22.0799636,5814.89624,22.8924699,9.1782795,13.9400117,5.58897038,15.670747,6.28287621,1448.46952,187.2059,75.0585975,28.3960223,11.38513865,31.9875523,12.8251314,0.390649195,3268.1768,0.00390326589,75.4155399,0.0331946815,0.0,5814.89624,3265.37183,1448.46952,-0.095785403,0.0058136836
295.0,-22.2134047,5813.803,23.1330251,9.2419955,14.08384845,5.62671184,15.8127846,6.31745077,1449.1668,187.2059,74.7944025,28.409693,11.350529,32.0040211,12.78657095,0.390392997,3268.1768,0.2534204909,75.4518479,-0.00087535393,0.0,5813.803,3265.32407,1449.1668,-6.31867213,0.383558525
295.5,-22.345506,5815.116169999999,23.3861781,9.31444495,14.241195,5.67210316,15.9668444,6.35941113,1448.22919,187.2059,74.564713,28.3913114,11.30835375,31.9872461,12.7406261,0.390136836,3268.1768,0.643298167,75.403029,-0.0532667721,0.0,5815.116169999999,3265.32307,1448.22919,-16.065614,0.974530834
296.0,-22.39355,5819.58309,23.507891,9.3557041,14.326303,5.70160335,16.0492528,6.38730519,1445.49378,187.2059,74.505263,28.3376862,11.27799005,31.932687,12.70874835,0.389880706,3268.1768,1.033175861,75.260609,-0.1047310744,0.0,5819.58309,3265.58455,1445.49378,-25.8125559,1.56279478
296.5,-22.39355,5826.29268,23.4816429,9.3614823,14.32680545,5.71170265,16.0478257,6.3978259,1440.99841,187.2059,74.6347845,28.2495585,11.26245685,31.8409044,12.6942457,0.389624606,3268.1768,1.42305351,75.0265536,-0.155247711,0.0,5826.29268,3265.75172,1440.99841,-35.5594976,2.14620469
297.0,-22.39355,5835.03709,23.4636086,9.3758768,14.3372869,5.72907133,16.0548266,6.4153869,1434.76242,187.2059,74.8073046,28.1273067,11.239633,31.7135794,12.6727035,0.389368556,3268.1768,1.81293119,74.7018736,-0.2054263,0.0,5835.03709,3265.7492,1434.76242,-45.3064393,2.722641
297.5,-22.39355,5846.28038,23.4226862,9.3899478,14.33985585,5.74872525,16.0529976,6.43550861,1426.79995,187.2059,75.0505975,27.9712092,11.21359925,31.5506775,12.64860235,0.38911252,3268.1768,2.19890029,74.2873015,-0.254661036,0.0,5846.28038,3265.77837,1426.79995,-54.9575964,3.28429612
298.0,-22.39355,5859.4057,23.3358748,9.395686,14.3187742,5.76515048,16.027245,6.45303017,1417.57127,187.2059,75.3754475,27.7902885,11.1892835,31.3613242,12.6271023,0.388856536,3268.1768,2.339266,73.806803,-0.271111052,0.0,5859.4057,3265.85136,1417.57127,-58.48165,3.47258698
298.5,-22.39355,5872.555,23.2158424,9.392587,14.2770922,5.77618279,15.98119225,6.46562235,1408.23877,187.2059,75.7401786,27.607333,11.16940695,31.1693464,12.61053305,0.388600579,3268.1768,2.339266,73.3209014,-0.268787569,0.0,5872.555,3265.87372,1408.23877,-58.48165,3.44972548
299.0,-22.39355,5885.485360000001,23.1055287,9.3921423,14.24054,5.78862692,15.9400608,6.47946399,1398.98584,187.2059,76.0982057,27.4259365,11.1484691,30.9788681,12.5927154,0.38834466,3268.1768,2.339266,72.8391396,-0.266507511,0.0,5885.485360000001,3265.85147,1398.98584,-58.48165,3.42705878
299.5,-22.39355,5898.3295,22.9953347,9.39156995,14.2035535,5.80090615,15.8984863,6.49313765,1389.81148,187.2059,76.4581956,27.2460814,11.1277519,30.7897986,12.5750669,0.388088772,3268.1768,2.339266,72.3614695,-0.264237698,0.0,5898.3295,3265.83913,1389.81148,-58.48165,3.40458463
300.0,-22.39355,5911.06213,22.8853937,9.3909159,14.16616055,5.81302373,15.8564862,6.50664179,1380.71545,187.2059,76.8201425,27.0677614,11.1072565,30.6021357,12.5575893,0.387832918,3268.1768,2.339266,71.88788,-0.261978008,0.0,5911.06213,3265.82617,1380.71545,-58.48165,3.38230228
300.5,-22.39355,5923.685100000001,22.7761117,9.3902957,14.1286216,5.82505252,15.8143158,6.52004293,1371.69735,187.2059,77.1836258,26.8909689,11.0869219,30.4158808,12.5402161,0.3875771,3268.1768,2.339266,71.4183466,-0.25972977,0.0,5923.685100000001,3265.81303,1371.69735,-58.48165,3.36021083
301.0,-22.39355,5936.19967,22.6673706,9.3896737,14.09087335,5.83697185,15.7719156,6.53332321,1362.75674,187.2059,77.5487459,26.7156963,11.06676335,30.2310299,12.5229647,0.387321321,3268.1768,2.339266,70.952849,-0.257492377,0.0,5936.19967,3265.80013,1362.75674,-58.48165,3.33830936
301.5,-22.39355,5948.60363,22.5595707,9.3889555,14.0531647,5.84872102,15.7295924,6.54642578,1353.89328,187.2059,77.9133284,26.5419356,11.0464756,30.048545,12.505892,0.387065573,3268.1768,2.339266,70.4913671,-0.255272459,0.0,5948.60363,3265.7862,1353.89328,-58.48165,3.31659677
302.0,-22.39355,5960.89056,22.4557232,9.3883921,14.0173678,5.86045026,15.6893664,6.55948766,1345.10578,187.2059,78.2689489,26.3696639,11.0248708,29.8712809,12.488862,0.386809855,3268.1768,2.339266,70.0338396,-0.253097406,0.0,5960.89056,3265.7679,1345.10578,-58.48165,3.29507028
302.5,-22.39355,5973.08612,22.3528162,9.38787025,13.9816785,5.87211387,15.6492511,6.57247149,1336.39318,187.2059,78.6248946,26.1988604,11.0032731,29.6956889,12.4719107,0.386554181,3268.1768,2.339266,69.5802114,-0.250936667,0.0,5973.08612,3265.75533,1336.39318,-58.48165,3.2737272
303.0,-22.39355,5985.17798,22.2500655,9.3872537,13.9455821,5.88361485,15.60871295,6.5852865,1327.75509,187.2059,78.9827899,26.0295186,10.9819133,29.521355,12.45512975,0.386298536,3268.1768,2.339266,69.1304658,-0.248784577,0.0,5985.17798,3265.74313,1327.75509,-58.48165,3.25256676
303.5,-22.39355,5997.17523,22.1468463,9.3885155,13.9087112,5.89620193,15.5667438,6.59907662,1319.19122,187.14228,79.3351345,25.8528677,10.95975885,29.3383923,12.4373747,0.386042931,3268.1768,2.339266,68.6845793,-0.246668515,0.0,5997.17523,3265.73496,1319.19122,-58.48165,3.23158803
304.0,-22.39355,6011.121450000001,21.6531952,9.4152257,13.6301946,5.92672165,15.2466963,6.62962764,1310.69149,183.009133,79.578815,25.1194452,10.9225796,28.5236992,12.4028599,0.385787351,3268.1768,2.339266,68.2420335,-0.244962052,0.0,6011.121450000001,3266.57504,1310.69149,-58.48165,3.21076639
304.5,-22.39355,6024.10362,20.6916644,9.38278795,13.0530988,5.91906218,14.61007835,6.62509368,1302.2674,176.535362,80.0533636,24.0751476,10.9170988,27.3528591,12.4034317,0.385531814,3268.1768,2.339266,67.8034316,-0.242420382,0.0,6024.10362,3267.0583,1302.2674,-58.48165,3.19013034
305.0,-22.39355,6035.50882,19.8471992,9.3842462,12.54408065,5.93119124,14.0396816,6.63835147,1293.92319,170.061585,80.4114784,23.0436939,10.8956754,26.1960377,12.3862128,0.385276301,3268.1768,2.339266,67.3689837,-0.240329376,0.0,6035.50882,3266.932,1293.92319,-58.48165,3.16968959
305.5,-22.39355,6280.530250000001,72.2762826,16.00958855,48.56196035,10.61410189,51.7638364,11.37104535,1284.38974,163.587813,48.4169871,22.0034164,6.51972541,26.3126442,7.6495589,0.385020833,3491.92939,2.339266,66.8726174,-0.354242464,0.0,6280.530250000001,3363.32075,1284.38974,-58.48165,3.14633574
306.0,-22.39355,7366.310289999999,252.3394,20.3010076,196.352706,15.64946355,207.872386,16.5647468,1269.43076,157.114036,13.3131866,20.8867936,1.77132369,29.0331884,2.45189881,0.3847654,4155.04866,2.339266,66.0937675,-0.47441909,0.0,7366.310289999999,3806.38733,1269.43076,-58.48165,3.10969111
306.5,-22.39355,8454.57762,300.0,18.2883201,265.608389,16.1743486,284.305503,17.3105512,1252.78697,150.703886,9.1963133,19.7719585,1.2066834,27.8908157,1.70213724,0.384509996,4807.851570000001,2.339266,65.2271971,-0.482828483,0.0,8454.57762,4249.50524,1252.78697,-58.48165,3.0689192
307.0,-22.39355,9324.0087,300.0,16.480558,292.922371,16.0813555,319.101795,17.5159894,1236.1181,148.36327,8.15357431,19.2050278,1.05555769,27.1597901,1.49274262,0.384254629,4993.011,2.339266,64.3593238,-0.481277289,0.0,9324.0087,4601.54913,1236.1181,-58.48165,3.02808598
307.5,-22.39355,10027.0691,297.171663,15.1748882,311.970932,15.92813385,345.371659,17.6329042,1219.51447,148.36327,7.57670478,18.9470643,0.967632183,26.8626048,1.37187274,0.383999294,4993.011,2.339266,63.4948416,-0.479096689,0.0,10027.0691,4884.40301,1219.51447,-58.48165,2.98741245
308.0,-22.39355,10603.72355,229.656659,13.9925936,254.463079,15.53137125,284.153273,17.3499782,1203.06829,148.36327,9.22313727,18.6915477,1.16137294,26.5667576,1.65084531,0.38374399,4993.011,2.339266,62.6385617,-0.469693521,0.0,10603.72355,5114.750389999999,1203.06829,-58.48165,2.94712469
308.5,-22.39355,10969.5317,67.63196378,9.24569892,77.51838218,10.62028973,88.26147648,12.35000608,1187.85263,148.36327,44.39871015,18.4551483,5.51053675,23.6298703,6.63802695,0.383488732,4993.011,2.339266,61.8463472,-0.3453841121,0.0,10969.5317,5258.081560000001,1187.85263,-58.48165,2.90985133
309.0,-22.39355,10458.3522,8.945791116,4.008813046,9.67416244,4.33384758,12.620091563,5.808587023,1180.98906,148.36327,92.6804503,18.348513,11.4675527,21.1196234,13.192311,0.383233501,4993.011,2.339266,61.488993,-0.17916068832,0.0,10458.3522,5041.36832,1180.98906,-58.48165,2.89303791
309.5,-22.39355,10285.8376,30.6923352,9.6572336,33.0641586,10.40270385,38.6892081,12.18362855,1171.19118,148.36327,47.1220972,18.1962872,5.78048234,21.4291446,6.80534069,0.382978308,4993.011,2.33535764,60.9788591,-0.334933279,0.0,10285.8376,4963.86282,1171.19118,-58.3858646,2.86435843
310.0,-22.39355,10360.7457,32.2667927,9.8676673,35.0054544,10.70575835,40.7607945,12.4681912,1159.80094,148.36327,45.4220676,18.0193213,5.51626603,21.288619,6.51682933,0.382723145,4993.011,2.08584558,60.3858164,-0.306809455,0.0,10360.7457,4988.38184,1159.80094,-52.1629794,2.53452004
310.5,-22.39355,10387.232800000002,27.5473932,9.2442313,29.9647006,10.05540725,35.5357614,11.9253495,1150.38925,148.36327,49.7933694,17.8730967,5.99836672,21.023842,7.05572316,0.382468015,4993.011,1.6959679,59.8957919,-0.239156133,0.0,10387.232800000002,4993.90811,1150.38925,-42.4160377,2.04419628
311.0,-22.39355,10381.3859,27.697732,9.29041,30.1112127,10.0999417,35.6626594,11.96217,1143.05788,148.36327,49.7765732,17.7591926,5.95836377,20.9085222,7.0149566,0.382212928,4993.011,1.3060902,59.5140795,-0.187075845,0.0,10381.3859,4987.19445,1143.05788,-32.6690949,1.56442385
311.5,-22.39355,10389.1914,28.3823763,9.3990641,30.8787009,10.2257449,36.4565285,12.0728932,1137.43752,148.36327,49.1323923,17.6718711,5.85226254,20.836557,6.90028809,0.381957868,4993.011,0.916212556,59.2214521,-0.1373117095,0.0,10389.1914,4987.16067,1137.43752,-22.9221535,1.092283027
312.0,-22.39355,10397.6967,27.992562,9.34797505,30.4795223,10.1784868,36.0388132,12.0350025,1133.60836,148.36327,49.5439473,17.6123789,5.88140852,20.765162,6.93423473,0.381702846,4993.011,0.526334865,59.0220835,-0.0840309531,0.0,10397.6967,4988.46408,1133.60836,-13.17521155,0.625715826
312.5,-22.39355,10399.7117,27.7450594,9.3151242,30.2159027,10.1446849,35.761495,12.00656195,1131.61679,148.36327,49.8113076,17.5814369,5.90277056,20.7266262,6.95873254,0.381447856,4993.011,0.140372379453,58.9183913,-0.03193314955,0.0,10399.7117,4988.13947,1131.61679,-3.5240552199,0.16707909368
313.0,-22.39355,10399.7563,27.7687751,9.3181214,30.2418597,10.14799225,35.7890889,12.009427,1130.97507,148.36327,49.7853729,17.5714666,5.89635264,20.7171371,6.95192612,0.381192905,4993.011,0.0,58.8849792,-0.01333572945,0.0,10399.7563,4987.78339,1130.97507,0.0,0.0
313.5,-22.39355,10400.369,27.8159364,9.3235606,30.2950083,10.1545147,35.8462889,12.01523595,1130.51102,148.36327,49.7297184,17.5642572,5.88734409,20.7112372,6.94217704,0.380937985,4993.011,0.0,58.8608178,-0.01348001815,0.0,10400.369,4987.76748,1130.51102,0.0,0.0
314.0,-22.39355,10401.16065,27.8171293,9.3222864,30.2986121,10.1538997,35.8518857,12.01495465,1130.04506,148.36327,49.7206732,17.557018,5.88384736,20.7040899,6.93851904,0.3806831,4993.011,0.0,58.8365593,-0.0134616358,0.0,10401.16065,4987.824689999999,1130.04506,0.0,0.0
314.5,-22.39355,10401.7916,27.8205691,9.3214285,30.3041968,10.15358095,35.8593939,12.01487885,1129.58009,148.36327,49.7100247,17.5497929,5.88016655,20.6969974,6.93465686,0.380428249,4993.011,0.0,58.8123476,-0.013449235,0.0,10401.7916,4987.8157,1129.58009,0.0,0.0
315.0,-22.39355,10402.4182,27.8330011,9.3218637,30.3195661,10.15466695,35.8771244,12.0160117,1129.11478,148.36327,49.6901501,17.5425641,5.87539431,20.6901413,6.92958792,0.38017343,4993.011,0.0,58.7881219,-0.0134689399,0.0,10402.4182,4987.804709999999,1129.11478,0.0,0.0
315.5,-22.4176094,10403.0288,27.8485132,9.32270715,30.3382434,10.1561816,35.8983458,12.0175094,1128.64881,148.36327,49.6675038,17.5353246,5.87029327,20.6833455,6.92415466,0.379918653,4993.011,0.0,58.7638615,-0.0135261392,0.0,10403.0288,4987.78674,1128.64881,0.0,0.0
316.0,-23.9514623,10388.7738,30.5919228,9.6957629,33.2794364,10.54787555,38.9376213,12.34481665,1128.06822,148.36327,47.1665447,17.5263041,5.57187596,20.7397102,6.59291318,0.379663904,4993.011,0.0,58.7336324,-0.0239907741,0.0,10388.7738,4981.516030000001,1128.06822,0.0,0.0
316.5,-26.34825,10363.1091,40.7301467,10.7605081,44.1990133,11.6773662,50.5324173,13.3529596,1126.75544,148.36327,39.4630797,17.505908,4.65652912,20.9909331,5.58083727,0.37940919,4993.011,0.0,58.6652813,-0.0534263252,0.0,10363.1091,4970.07027,1126.75544,0.0,0.0
317.0,-28.745038,10340.2376,57.1089833,11.6973483,61.834482,12.6659962,70.194693,14.3806137,1124.3402,148.36327,30.666059,17.4683832,3.61085861,22.0379545,4.54925155,0.379154518,4993.011,0.0,58.5395292,-0.0860732721,0.0,10340.2376,4959.14329,1124.3402,0.0,0.0
317.5,-31.1418256,10308.7619,82.2414495,12.59233555,88.7724317,13.59353995,100.1362042,15.33599235,1120.84867,148.36327,22.9525159,17.4141374,2.69428953,23.2330641,3.58994207,0.378899868,4993.011,0.0,58.3577413,-0.1150445295,0.0,10308.7619,4944.00718,1120.84867,0.0,0.0
318.0,-33.538614,10125.6049,43.2928632,6.95724526,46.585396723,7.524853003,53.29314792,9.06738037,1117.68874,148.36327,66.0904363,17.3650426,7.73695676,21.5976092,9.21261518,0.378646632,4767.28211,0.0,58.1932176,0.0317051551,0.0,10125.6049,4865.94904,1117.68874,0.0,0.0
318.5,-35.9354012,8683.64199,0.686018248,0.342085148,0.492199841,0.195176066,1.181555686,0.791672972,1124.6617,148.36327,130.8135141,17.473379,15.4030778,20.2192666,17.8299813,0.378413208,4241.71755,0.0,58.5562702,0.249285633,0.0,8683.64199,4270.009110000001,1124.6617,0.0,0.0
319.0,-38.3321895,7325.45034,5.51594098,4.08186931,4.21180513,3.1177937,5.29148974,3.91743246,1131.50207,148.36327,109.9149536,17.5796544,13.0237481,20.2432444,14.9970751,0.37815928,3714.89276,0.0,58.9124175,0.171691023,0.0,7325.45034,3708.84967,1131.50207,0.0,0.0
319.5,-40.7289772,6054.443450000001,7.54477135,5.41947851,4.73438825,3.40751704,5.72035328,4.12235173,1137.27104,148.36327,107.919819,17.6692846,12.8523782,20.3304591,14.78823005,0.377904776,3190.76873,0.0,59.2127829,0.159565777,0.0,6054.443450000001,3183.34275,1137.27104,0.0,0.0
320.0,-43.1257649,5380.23702,47.3358941,17.8258071,26.6742492,10.04308372,28.4521088,10.7221114,1139.91245,148.36327,58.8052621,17.7103231,7.01991104,20.6788538,8.18454595,0.377650305,2978.0046,0.0,59.3503101,-0.0239487608,0.0,5380.23702,2904.34278,1139.91245,0.0,0.0
320.5,-45.4985075,5509.599029999999,63.7219994,20.0898454,36.7636178,11.5906031,39.0481933,12.31087945,1137.93706,148.36327,46.7796457,17.679632,5.57446905,20.9063605,6.59185452,0.377395862,2978.0046,0.0,59.2474587,-0.0694027087,0.0,5509.599029999999,2957.01788,1137.93706,0.0,0.0
321.0,-46.361427,5572.891180000001,59.023417,19.4211299,34.4449025,11.33392895,36.6167467,12.04861885,1135.62623,148.36327,48.8250553,17.6437297,5.8063463,20.8159778,6.85019299,0.377141453,2978.0046,0.0,59.1271449,-0.0624040404,0.0,5572.891180000001,2982.00492,1135.62623,0.0,0.0
321.5,-46.361427,5566.751979999999,56.5336851,19.1443394,32.9562257,11.1601635,35.0503171,11.86929905,1133.58914,148.36327,50.2414201,17.6120804,5.96411781,20.7466245,7.02559194,0.37688708,2978.0046,0.0,59.0210836,-0.0571379364,0.0,5566.751979999999,2978.26094,1133.58914,0.0,0.0
322.0,-46.361427,5559.273709999999,57.5500452,19.2915449,33.5036784,11.2308788,35.6250583,11.9419967,1131.59071,148.36327,49.7378039,17.5810315,5.89393588,20.7281312,6.94897469,0.376632741,2978.0046,0.0,58.9170337,-0.0588273485,0.0,5559.273709999999,2973.9823,1131.59071,0.0,0.0
322.5,-46.361427,5564.685670000001,58.0240024,19.3442017,33.8124664,11.27249415,35.9498774,11.9850701,1129.53641,148.36327,49.4619832,17.5491149,5.85059875,20.7027845,6.90198279,0.376378435,2978.0046,0.0,58.8100738,-0.0596115315,0.0,5564.685670000001,2975.0347,1129.53641,0.0,0.0
323.0,-46.361427,5569.65743,57.7634739,19.3093105,33.6907227,11.26221595,35.8218941,11.9746289,1127.48651,148.36327,49.5949311,17.5172663,5.8556763,20.6668101,6.90850681,0.376124167,2978.0046,0.0,58.703345,-0.0589211598,0.0,5569.65743,2975.90664,1127.48651,0.0,0.0
323.5,-46.361427,5571.8226,57.6617699,19.299451,33.6444849,11.26084245,35.773064,11.9732798,1125.45835,148.36327,49.6577227,17.4857552,5.85254606,20.6329989,6.90593986,0.375869924,2978.0046,0.0,58.5977464,-0.0585035155,0.0,5571.8226,2975.62331,1125.45835,0.0,0.0
324.0,-46.361427,5574.22039,57.7146905,19.3076352,33.6898545,11.2704649,35.8205971,11.9832749,1123.43766,148.36327,49.6333117,17.4543611,5.83916691,20.6015666,6.89203003,0.37561573,2978.0046,0.0,58.4925398,-0.0584006082,0.0,5574.22039,2975.4412,1123.43766,0.0,0.0
324.5,-46.361427,5577.21457,57.7244138,19.3093138,33.7136293,11.2774995,35.8454738,11.99061945,1121.4214,148.36327,49.6290955,17.4230356,5.82819133,20.5696624,6.88077171,0.375361558,2978.0046,0.0,58.3875604,-0.0582218763,0.0,5577.21457,2975.50984,1121.4214,0.0,0.0
325.0,-46.361427,5580.11313,57.7021911,19.3073376,33.7181645,11.2822057,35.85011,11.9955617,1119.41276,148.36327,49.6431203,17.3918283,5.81939632,20.5373887,6.87191716,0.37510743,2978.0046,0.0,58.2829802,-0.0579788311,0.0,5580.11313,2975.54316,1119.41276,0.0,0.0
325.5,-46.361427,5582.87097,57.6912868,19.3069888,33.7284531,11.287578,35.8607859,12.00118495,1117.41225,148.36327,49.6516429,17.3607471,5.80999362,20.5053728,6.86238267,0.374853327,2978.0046,0.0,58.1788217,-0.0577575356,0.0,5582.87097,2975.52257,1117.41225,0.0,0.0
326.0,-46.361427,5585.64392,57.6870235,19.30737,33.7427128,11.2934071,35.8756399,12.00728025,1115.41904,148.36327,49.6562917,17.3297797,5.800173,20.4735587,6.85237712,0.374599268,2978.0046,0.0,58.0750436,-0.0575511002,0.0,5585.64392,2975.51262,1115.41904,0.0,0.0
326.5,-46.361427,5588.434429999999,57.6800129,19.3073538,33.7554674,11.2990397,35.8889153,12.0131735,1113.43305,148.36327,49.6622778,17.2989237,5.79054367,20.4418094,6.84257547,0.374345226,2978.0046,0.0,57.9716409,-0.0573406865,0.0,5588.434429999999,2975.51415,1113.43305,0.0,0.0
327.0,-46.361427,5591.20752,57.6717558,19.307196,33.7673829,11.30455395,35.9013078,12.0189439,1111.45431,148.36327,49.6689803,17.2681815,5.78103334,20.4101431,6.83289768,0.374091236,2978.0046,0.0,57.8686187,-0.0571287448,0.0,5591.20752,2975.51277,1111.45431,0.0,0.0
327.5,-46.361427,5593.959919999999,57.6647716,19.3062049,33.7799142,11.30953805,35.9144044,12.0241669,1109.48294,148.385616,49.6797027,17.2401477,5.77202499,20.3815421,6.8237683,0.373837272,2978.0046,0.0,57.7659777,-0.0569034306,0.0,5593.959919999999,2975.50691,1109.48294,0.0,0.0
328.0,-46.361427,5595.10025,57.9459288,19.2773651,33.9515317,11.2949463,36.0983879,12.00915885,1107.52845,149.837451,49.8473254,17.3781258,5.78129628,20.5450911,6.83487088,0.373583346,2978.0046,0.0,57.6642155,-0.0561240223,0.0,5595.10025,2974.84021,1107.52845,0.0,0.0
328.5,-46.361427,5595.336209999999,58.943761,19.2972578,34.5376556,11.3070791,36.7203964,12.02167455,1105.59054,152.111493,49.8001666,17.6109997,5.76572439,20.8264925,6.81845147,0.373329449,2978.0046,0.0,57.5633163,-0.0561258723,0.0,5595.336209999999,2973.80692,1105.59054,0.0,0.0
329.0,-46.361427,5598.17997,59.9658604,19.3139309,35.1544166,11.3225997,37.3748524,12.0377619,1103.64748,154.385528,49.7252704,17.8428677,5.74693333,21.107619,6.79846134,0.373075588,2978.0046,0.0,57.4621492,-0.0562120525,0.0,5598.17997,2973.85567,1103.64748,0.0,0.0
329.5,-46.361427,5601.4576,60.8089297,19.3089784,35.6695205,11.3263231,37.9224318,12.0417016,1101.70808,156.659566,49.7450499,18.0738698,5.73911562,21.3853176,6.79061996,0.372821766,2978.0046,0.0,57.361173,-0.0559549249,0.0,5601.4576,2974.087,1101.70808,0.0,0.0
330.0,-46.361427,5604.12121,61.6495116,19.3051579,36.1797867,11.32946715,38.4648644,12.0450249,1099.77854,158.933604,49.7693475,18.3041133,5.73186286,21.6620833,6.78339655,0.372567972,2978.0046,0.0,57.2607109,-0.0556863309,0.0,5604.12121,2974.06874,1099.77854,0.0,0.0
330.5,-46.361427,5606.69717,62.5302787,19.3097642,36.713545,11.3373803,39.0317635,12.05326125,1097.85664,161.115567,49.7548866,18.5229889,5.72018548,21.9265676,6.77126112,0.372314215,2978.0046,0.0,57.1606459,-0.0555586729,0.0,5606.69717,2974.01845,1097.85664,0.0,0.0
331.0,-46.361427,5615.7239,62.2840347,19.4270284,36.6275325,11.4246007,38.9321315,12.1434308,1095.90252,157.407776,49.0983732,18.0646553,5.63466755,21.406927,6.67719353,0.37206049,2978.0046,0.0,57.0589041,-0.0577013727,0.0,5615.7239,2976.63357,1095.90252,0.0,0.0
331.5,-46.361427,5629.09643,59.0330009,19.3531472,34.7983761,11.4082376,36.9907261,12.12698525,1093.91249,150.31245,49.2799293,17.2190498,5.64521547,20.4051185,6.68974262,0.3718068,2978.0046,0.0,56.9552901,-0.0567984882,0.0,5629.09643,2981.03601,1093.91249,0.0,0.0
332.0,-46.361427,5631.51389,56.3619003,19.3419739,33.2383552,11.4065559,35.3324781,12.1252963,1091.98045,143.217118,49.344434,16.37727035,5.64265791,19.4102118,6.68753582,0.371553143,2981.64094,0.0,56.8546986,-0.0563543719,0.0,5631.51389,2980.91383,1091.98045,0.0,0.0
332.5,-46.361427,5964.797909999999,273.117961,25.2642165,171.385413,15.779318,180.443151,16.6156396,1087.89997,136.121794,13.5713487,15.50802285,1.54674318,22.2153939,2.19329811,0.371299522,3920.50242,0.0,56.6422449,-0.184226477,0.0,5964.797909999999,3117.21322,1087.89997,0.0,0.0
333.0,-46.361427,6538.672909999999,300.0,23.7470654,205.418467,16.2540431,216.384244,17.1215921,1081.28674,129.0264631,10.22103755,14.6103426,1.15741878,21.2507373,1.68345291,0.371045941,4102.4985,0.0,56.297924,-0.192178167,0.0,6538.672909999999,3352.14537,1081.28674,0.0,0.0
333.5,-46.361427,6950.7716,300.0,22.5443212,218.36493,16.4067308,230.220475,17.2974763,1074.62998,122.00086,9.1732905,13.7297521,1.03236766,19.9979238,1.50367669,0.370792382,4102.4985,0.0,55.9513339,-0.192910046,0.0,6950.7716,3519.73592,1074.62998,0.0,0.0
334.0,-46.361427,7255.643129999999,300.0,21.6915298,227.942756,16.4797532,240.510641,17.3883262,1067.96221,119.43551,8.6370515,13.3572783,0.965956692,19.4828913,1.40893637,0.370538865,4102.4985,0.0,55.604173,-0.19255578,0.0,7255.643129999999,3642.70198,1067.96221,0.0,0.0
334.5,-46.361427,7481.063619999999,300.0,21.062194,235.024544,16.4995487,248.307014,17.4319639,1061.32119,119.43551,8.3861826,13.2742169,0.932063385,19.3889026,1.3614086,0.370285377,4102.19646,0.0,55.2584024,-0.191650884,0.0,7481.063619999999,3732.62342,1061.32119,0.0,0.0
335.0,-46.361427,7648.780199999999,300.0,20.60645,240.293515,16.5048409,254.25865,17.4640163,1054.70984,119.43551,8.2045186,13.19152745,0.906189213,19.2950722,1.32546809,0.370031933,4100.96596,0.0,54.914179,-0.190833771,0.0,7648.780199999999,3798.55122,1054.70984,0.0,0.0
335.5,-46.361427,7774.697289999999,300.0,20.2744747,244.249322,16.5064865,258.770981,17.4878408,1048.12555,119.43551,8.0722032,13.1091761,0.886007082,19.201364,1.29775637,0.369778513,4099.67041,0.0,54.5713638,-0.190080797,0.0,7774.697289999999,3847.10171,1048.12555,0.0,0.0
336.0,-46.361427,7869.75374,300.0,20.0272435,247.235606,16.504675,262.236148,17.5060485,1041.56651,119.43551,7.97366513,13.02713995,0.869713063,19.1077545,1.27566323,0.369525127,4098.37491,0.0,54.2298619,-0.189373526,0.0,7869.75374,3882.82566,1041.56651,0.0,0.0
336.5,-46.361427,7941.8746,300.0,19.8436283,249.501352,16.5032881,264.873329,17.5200596,1035.03126,119.43551,7.90048396,12.94540195,0.856322914,19.0142252,1.25776722,0.369271787,4097.792,0.0,53.8895993,-0.188701892,0.0,7941.8746,3909.01973,1035.03126,0.0,0.0
337.0,-46.361427,7996.88866,300.0,19.7060733,251.22967,16.5024517,266.888816,17.5310445,1028.51872,119.43551,7.84566222,12.8639482,0.845029354,18.9207624,1.24289905,0.369018466,4097.792,0.0,53.5505197,-0.188057541,0.0,7996.88866,3928.10888,1028.51872,0.0,0.0
337.5,-46.361427,8039.041190000001,300.0,19.6023257,252.553925,16.5021187,268.435241,17.5398163,1022.028065,119.43551,7.80431533,12.782768,0.835270789,18.8273559,1.2302447,0.368765184,4097.792,0.0,53.2125798,-0.187434614,0.0,8039.041190000001,3941.85895,1022.028065,0.0,0.0
338.0,-46.361427,8071.45966,300.0,19.5234527,253.572382,16.5020113,269.629349,17.5469661,1015.558655,119.43551,7.77288367,12.7018534,0.826640352,18.7339977,1.2192136,0.368511936,4097.792,0.0,52.8757462,-0.186828832,0.0,8071.45966,3951.5712,1015.558655,0.0,0.0
338.5,-46.361427,8096.435670000001,300.0,19.4630164,254.357032,16.5018397,270.558228,17.552919,1009.109937,119.43551,7.74879877,12.6211976,0.818845743,18.6406813,1.20938112,0.368258722,4097.792,0.0,52.5399888,-0.186237105,0.0,8096.435670000001,3958.19853,1009.109937,0.0,0.0
339.0,-46.361427,8115.72875,300.0,19.4170345,254.963142,16.5020881,271.276412,17.5579376,1002.68146,119.43551,7.73047454,12.5407949,0.811705014,18.5474019,1.20048331,0.368005545,4097.792,0.0,52.2052861,-0.185657495,0.0,8115.72875,3962.47302,1002.68146,0.0,0.0
339.5,-46.361427,8130.69076,300.0,19.3814529,255.433185,16.5022168,271.833737,17.5617716,996.272834,119.489196,7.71963843,12.4662255,0.805385374,18.4624305,1.19277226,0.367752401,4097.792,0.0,51.8716181,-0.185076793,0.0,8130.69076,3964.95681,996.272834,0.0,0.0
340.0,-46.361427,8140.911719999999,300.0,19.3215168,255.754283,16.4718646,272.234212,17.5332545,989.89415,122.976998,7.91918311,12.7476768,0.820896486,18.9051786,1.21741305,0.367499293,4097.792,0.0,51.5395061,-0.1837496,0.0,8140.911719999999,3965.48536,989.89415,0.0,0.0
340.5,-46.3626869,8144.027550000001,300.0,19.2588487,255.852171,16.4247279,272.380728,17.485798,983.571875,128.439966,8.2442062,13.22894305,0.849130514,19.6455467,1.2609948,0.367246212,4097.792,0.0,51.2103337,-0.182004401,0.0,8144.027550000001,3963.09035,983.571875,0.0,0.0
341.0,-46.4431839,8139.940549999999,300.0,19.2147513,255.723779,16.3788982,272.257783,17.4378884,977.308291,133.902934,8.57523135,13.7037983,0.877600994,20.3781381,1.30503021,0.366993173,4097.792,0.0,50.8842147,-0.180377124,0.0,8139.940549999999,3957.73244,977.308291,0.0,0.0
341.5,-46.568961,8127.23257,300.0,19.1924484,255.324537,16.3343454,271.812483,17.3891584,971.099251,139.365899,8.9147712,14.17228315,0.906553935,21.1029717,1.34988699,0.366740157,4097.792,0.0,50.5609371,-0.178823555,0.0,8127.23257,3948.81915,971.099251,0.0,0.0
342.0,-46.6947369,8107.47372,300.0,19.1875829,254.703796,16.2905003,271.103938,17.3394309,964.943689,144.828866,9.2618966,14.6344748,0.935883746,21.8253291,1.39574339,0.366487183,4097.792,0.0,50.2404433,-0.1772838,0.0,8107.47372,3937.00316,964.943689,0.0,0.0
342.5,-46.8205141,8082.29184,300.0,19.1965452,253.912684,16.2474832,270.19312,17.2892433,958.841151,150.238147,9.612475,15.0850823,0.96516701,22.5386868,1.44206038,0.366234242,4097.792,0.0,49.92271,-0.175765086,0.0,8082.29184,3922.96159,958.841151,0.0,0.0
343.0,-46.9462909,8054.33768,300.0,19.2472495,253.034479,16.2340427,269.165654,17.2689745,952.781219,152.2133,9.7656505,15.18708525,0.974366051,22.7324609,1.45845959,0.365981335,4097.792,0.0,49.6071963,-0.174993458,0.0,8054.33768,3907.79127,952.781219,0.0,0.0
343.5,-47.0720678,8027.62417,300.0,19.315183,252.195248,16.2373095,268.181822,17.2665857,946.737202,152.2133,9.80012665,15.0907454,0.971603285,22.629525,1.45698119,0.365728461,4097.792,0.0,49.2925105,-0.17465755,0.0,8027.62417,3893.14647,946.737202,0.0,0.0
344.0,-47.197845,8002.39856,300.0,19.3799223,251.402767,16.2405398,267.253573,17.2644954,940.704746,152.2133,9.8329812,14.99458975,0.968648944,22.5264104,1.45520446,0.365475624,4097.792,0.0,48.9784274,-0.174325412,0.0,8002.39856,3879.12772,940.704746,0.0,0.0
344.5,-47.3236217,7978.357829999999,300.0,19.4421621,250.647504,16.2437514,266.369525,17.2626499,934.683711,152.2133,9.8645658,14.898616,0.965540613,22.4231136,1.45318444,0.365222816,4097.792,0.0,48.6649377,-0.173997087,0.0,7978.357829999999,3865.60853,934.683711,0.0,0.0
345.0,-47.4493985,7955.263989999999,300.0,19.5024446,249.921983,16.2469544,265.520857,17.261006,928.67397,152.2133,9.89515715,14.8028221,0.962307505,22.3196341,1.45096393,0.364970044,4097.792,0.0,48.3520357,-0.173672596,0.0,7955.263989999999,3852.48992,928.67397,0.0,0.0
345.5,-47.5739151,7932.93379,300.0,19.5611925,249.220468,16.2501539,264.700792,17.2595306,922.675369,152.2133,9.92496835,14.7072058,0.958972165,22.2159691,1.44857595,0.364717305,4097.792,0.0,48.0397147,-0.173350428,0.0,7932.93379,3839.69566,922.675369,0.0,0.0
346.0,-47.619198,7912.52728,300.0,19.6154566,248.579376,16.2533191,263.951727,17.258436,916.68912,152.2133,9.95252,14.611787,0.955395475,22.1121378,1.44580842,0.364464602,4097.792,0.0,47.7280372,-0.172935735,0.0,7912.52728,3827.70904,916.68912,0.0,0.0
346.5,-47.619198,7896.7655,300.0,19.6583053,248.084207,16.2563786,263.373113,17.2582243,910.718512,152.2133,9.97428295,14.51661695,0.951248598,22.0082011,1.44215947,0.364211935,4097.792,0.0,47.4171741,-0.172469213,0.0,7896.7655,3817.6642,910.718512,0.0,0.0
347.0,-47.619198,7885.03188,300.0,19.6911571,247.715583,16.2593528,262.94213,17.2587802,904.763969,152.2133,9.9909697,14.4217034,0.946610289,21.9041653,1.43774368,0.363959299,4097.792,0.0,47.1071466,-0.172006026,0.0,7885.03188,3809.30496,904.763969,0.0,0.0
347.5,-47.619198,7870.70687,257.028206,19.4237594,211.896121,16.0097862,224.985742,17.0004343,898.867315,152.2133,11.9240129,14.3277117,1.122026959,21.6622086,1.69223133,0.363706692,3855.42261,0.0,46.8001329,-0.164563302,0.0,7870.70687,3799.90125,898.867315,0.0,0.0
348.0,-47.619198,6847.29242,13.5108694,-4.9014876,12.39083562,-2.68132828,14.18766946,-1.90420964,898.333805,152.2133,117.9405372,14.3192078,11.10491093,17.63329,13.42417023,0.363496298,3033.75852,0.0,46.7723551,0.222728255933,0.0,6847.29242,3373.7394,898.333805,0.0,0.0
348.5,-47.619198,4028.11871,-0.9830073422,-0.9830073422,-0.5222324343,-0.5222324343,-0.3852218851,-0.3852218851,909.401349,152.245234,152.245234,14.4986793,14.4986793,17.4039133,17.4039133,0.363344788,2188.12328,0.0,47.3485943,0.326191969,0.0,4028.11871,2207.1227,909.401349,0.0,0.0
349.0,-47.619198,2435.94696,19.91446149,14.7089205,4.902101326,3.621287276,5.415396136,4.005727346,919.382868,154.322662,126.7429544,14.8580065,12.19885825,17.6642081,14.5152176,0.36311589,1590.65921,0.0,47.8682891,0.21562993,0.0,2435.94696,1550.43638,919.382868,0.0,0.0
349.5,-47.619198,2456.84842,28.3118506,20.3224894,7.28272206,5.2277038,7.97200446,5.72249582,925.170536,157.57724,113.076955,15.26681235,10.9554634,18.0564546,12.9573063,0.362864104,1568.1385,0.0,48.1696271,0.16115637,0.0,2456.84842,1562.51302,925.170536,0.0,0.0
350.0,-47.619198,2458.54721,27.8970962,19.7388792,7.18226592,5.08193457,7.86912501,5.56793138,930.838328,160.831816,113.7994549,15.67758845,11.0928196,18.525647,13.10801725,0.362611642,1568.1385,0.0,48.4647238,0.164058312,0.0,2458.54721,1566.52926,930.838328,0.0,0.0
350.5,-47.619198,2449.69357,28.6361088,19.7703631,7.34601279,5.07171709,8.04996955,5.55772942,936.471059,164.086395,113.2845227,16.0916212,11.10945365,18.9956249,13.1143672,0.362359221,1568.1385,0.0,48.7579974,0.161883596,0.0,2449.69357,1566.13414,936.471059,0.0,0.0
351.0,-47.619198,2441.94461,29.3197624,19.7701628,7.49759895,5.05562289,8.2177293,5.54120404,942.034643,167.340973,112.8363375,16.5082818,11.1312425,19.4681307,13.1270414,0.362106835,1568.1385,0.0,49.0476678,0.159982889,0.0,2441.94461,1566.15826,942.034643,0.0,0.0
351.5,-47.619198,2434.2454,30.0062339,19.7726419,7.64895187,5.04031421,8.3852545,5.5255025,947.533091,170.563619,112.3929071,16.9243947,11.1522132,19.9393081,13.13889315,0.361854478,1568.1385,0.0,49.3339483,0.15809559,0.0,2434.2454,1566.16504,947.533091,0.0,0.0
352.0,-47.619198,2428.25538,30.3759143,19.7911518,7.72417696,5.03262057,8.46877935,5.51775966,952.961517,171.74078,111.894353,17.1386815,11.16635595,20.172202,13.14278745,0.361602157,1568.1385,0.0,49.6165834,0.156005135,0.0,2428.25538,1566.84219,952.961517,0.0,0.0
352.5,-47.619198,2421.4599,30.4504989,19.7713266,7.72146861,5.01350806,8.467565,5.49794425,958.326726,171.74078,111.508719,17.2351727,11.19052115,20.2665593,13.15875555,0.361349871,1568.1385,0.0,49.8959272,0.154349443,0.0,2421.4599,1567.14725,958.326726,0.0,0.0
353.0,-47.619198,2413.99418,30.5645465,19.7723042,7.72649253,4.99829763,8.474697,5.48231367,963.632203,171.74078,111.0982405,17.3305899,11.2110522,20.3596557,13.1705401,0.361097618,1568.1385,0.0,50.1721601,0.152579654,0.0,2413.99418,1567.13853,963.632203,0.0,0.0
353.5,-47.619198,2406.64972,30.6776941,19.7725847,7.73150082,4.98316151,8.4817974,5.46674754,968.87682,171.74078,110.6900506,17.4249129,11.23065375,20.4529227,13.182261,0.360845396,1568.1385,0.0,50.4452251,0.150821162,0.0,2406.64972,1567.14475,968.87682,0.0,0.0
354.0,-47.619198,2399.37727,30.7957292,19.7732907,7.73779543,4.96828057,8.49029005,5.45144177,974.059893,171.74078,110.2697696,17.5181285,11.24786315,20.5487281,13.1937226,0.360593213,1568.1385,0.0,50.7150845,0.149025597,0.0,2399.37727,1567.14499,974.059893,0.0,0.0
354.5,-47.619198,2392.20404,30.9132086,19.7720478,7.74409214,4.95311655,8.4987932,5.43582248,979.181353,171.769041,109.8614276,17.613141,11.26513335,20.6469166,13.20549945,0.360341054,1568.1385,0.0,50.9817364,0.147274905,0.0,2392.20404,1567.15053,979.181353,0.0,0.0
355.0,-47.619198,2383.65494,31.3171009,19.7561519,7.81718726,4.93144406,8.58113035,5.41337317,984.247497,173.607594,109.5187874,17.8938875,11.2880996,20.9628231,13.2241075,0.360088946,1568.1385,0.0,51.2455103,0.145764784,0.0,2383.65494,1566.55126,984.247497,0.0,0.0
355.5,-47.619198,2375.98658,31.9910486,19.7751266,7.95974203,4.92030318,8.739085,5.40205138,989.254601,176.487956,109.0945376,18.2833055,11.30157705,21.4055904,13.2315887,0.359836856,1568.1385,0.0,51.5062076,0.143932735,0.0,2375.98658,1566.28403,989.254601,0.0,0.0
356.0,-47.619198,2369.09663,32.6287884,19.7751257,8.09487795,4.90603507,8.8890377,5.38734721,994.201493,179.36832,108.707805,18.6746136,11.317829,21.850256,13.242454,0.3595848,1568.1385,0.0,51.7637717,0.14225808,0.0,2369.09663,1566.30553,994.201493,0.0,0.0
356.5,-47.619198,2362.24149,33.2693802,19.7755271,8.22992,4.89193831,9.0389265,5.37281733,999.09106,182.248683,108.3289346,19.0678113,11.3338528,22.296764,13.2531457,0.359332787,1568.1385,0.0,52.0183497,0.140611014,0.0,2362.24149,1566.30799,999.09106,0.0,0.0
357.0,-47.619198,2355.46664,33.9122208,19.7759893,8.36488255,4.87802252,9.1887609,5.35846971,1003.924125,185.12905,107.9576078,19.4628639,11.3496423,22.7450784,13.2636566,0.3590808,1568.1385,0.0,52.2699856,0.138991068,0.0,2355.46664,1566.31098,1003.924125,0.0,0.0
357.5,-47.619198,2348.77915,34.5561393,19.7781034,8.4995152,4.86469248,9.3382389,5.34473423,1008.701636,187.981148,107.5901164,19.8567469,11.36483435,23.1916633,13.2735564,0.358828851,1568.1385,0.0,52.5187308,0.137383501,0.0,2348.77915,1566.31778,1008.701636,0.0,0.0
358.0,-47.619198,2344.73664,35.3143072,19.9484933,8.671255,4.89822307,9.52517505,5.38061278,1013.416327,189.02296,106.8353374,20.0600064,11.337787,23.4146777,13.2338436,0.358576933,1570.03631,0.0,52.7642034,0.134236193,0.0,2344.73664,1567.38854,1013.416327,0.0,0.0
358.5,-47.619198,2463.49954,41.3774706,21.8970865,10.6806014,5.6498501,11.6594945,6.16785297,1017.649947,189.02296,100.135752,20.1438096,10.67108915,23.4881107,12.4427701,0.358325052,1629.51195,0.0,52.9846303,0.1088016323,0.0,2463.49954,1619.27863,1017.649947,0.0,0.0
359.0,-47.619198,2682.59205,42.8062389,21.7450661,12.02747615,6.10832735,13.0684704,6.63709051,1021.161602,189.02296,96.0673018,20.2133201,10.2729269,23.551892,11.96970045,0.358073189,1715.98595,0.0,53.1674674,0.0955922936,0.0,2682.59205,1712.49506,1021.161602,0.0,0.0
359.5,-47.619198,2866.63141,41.8769006,20.9159443,12.56381995,6.27603393,13.61964075,6.80353333,1024.307906,189.02296,94.4541937,20.2755996,10.1317742,23.6128743,11.7994271,0.357821384,1787.90678,0.0,53.3312814,0.0915321486,0.0,2866.63141,1790.91233,1024.307906,0.0,0.0
360.0,-47.619198,2879.35908,37.8536178,19.5102023,11.4135225,5.88270918,12.39688605,6.38955072,1027.73892,189.02296,97.4279995,20.3435143,10.4856238,23.6882121,12.2095797,0.357569599,1795.4994,0.0,53.5099197,0.1032985434,0.0,2879.35908,1798.21174,1027.73892,0.0,0.0
360.5,-47.619198,2863.64244,38.7342446,19.8024951,11.6156168,5.93836959,12.6146015,6.44909093,1031.24675,189.02296,96.6375793,20.41295,10.43606485,23.7579932,12.14621095,0.357317856,1795.4994,0.0,53.6925568,0.0999210771,0.0,2863.64244,1793.72012,1031.24675,0.0,0.0
361.0,-47.619198,2860.36665,38.7985125,19.7898097,11.62158455,5.92777883,12.6221427,6.43812975,1034.68157,189.02296,96.4130434,20.4809402,10.4465019,23.8272974,12.1533447,0.357066136,1795.4994,0.0,53.8713926,0.0989102783,0.0,2860.36665,1794.36261,1034.68157,0.0,0.0
361.5,-47.619198,2855.52215,38.8804484,19.7866787,11.6264001,5.91680204,12.62863675,6.42685108,1038.08418,189.02296,96.1951666,20.5482928,10.4571699,23.8959108,12.1607972,0.356814457,1795.4994,0.0,54.0485527,0.097906497,0.0,2855.52215,1794.33356,1038.08418,0.0,0.0
362.0,-47.619198,2850.79775,38.9745966,19.7879282,11.6352714,5.907386,12.6394226,6.41720701,1041.45093,189.02296,95.968813,20.6149364,10.46639935,23.9637326,12.1666159,0.356562807,1795.4994,0.0,54.2238452,0.0968698455,0.0,2850.79775,1794.33352,1041.45093,0.0,0.0
362.5,-47.619198,2846.14263,39.0646674,19.7880868,11.6431175,5.89778697,12.6491001,6.40736453,1044.78235,189.02296,95.7483125,20.6808795,10.47575445,24.030801,12.1726347,0.356311197,1795.4994,0.0,54.3972971,0.0958562466,0.0,2846.14263,1794.34164,1044.78235,0.0,0.0
363.0,-47.619198,2841.53074,39.1540942,19.7883683,11.6508611,5.88831404,12.6586554,6.39765055,1048.07889,189.02296,95.5309954,20.7461326,10.48495685,24.0971234,12.1785262,0.356059615,1795.4994,0.0,54.5689345,0.094854929,0.0,2841.53074,1794.34747,1048.07889,0.0,0.0
363.5,-47.619198,2836.96764,39.2425468,19.7886447,11.6584294,5.87894023,12.6680099,6.38803633,1051.34108,189.02296,95.317004,20.8107052,10.4940319,24.1627102,12.1843187,0.355808072,1795.4994,0.0,54.7387819,0.0938665576,0.0,2836.96764,1794.35344,1051.34108,0.0,0.0
364.0,-47.619198,2817.91493,36.9050797,18.9697385,10.8979879,5.60044125,11.8603661,6.09540177,1054.61685,189.02296,97.292843,20.8755483,10.74520955,24.2324422,12.4731329,0.355556554,1782.50244,0.0,54.9093383,0.1013782711,0.0,2817.91493,1788.33821,1054.61685,0.0,0.0
364.5,-47.619198,2570.14429,29.8706047,16.723381,8.03929978,4.49945071,8.8447001,4.9502886,1058.72865,189.02296,105.768927,20.9569381,11.7267055,24.3305256,13.6144268,0.355305072,1680.46673,0.0,55.1234199,0.132338966,0.0,2570.14429,1687.63987,1058.72865,0.0,0.0
365.0,-47.619198,2262.27577,29.7340018,17.1298357,7.04640806,4.05804256,7.8012342,4.49285517,1063.44997,189.02296,108.843191,21.0503945,12.1213877,24.4310386,14.0680426,0.355053625,1561.74841,0.0,55.3692392,0.14114596,0.0,2262.27577,1562.29024,1063.44997,0.0,0.0
365.5,-47.619198,1971.22936,28.7400706,17.1142872,5.93513066,3.53288138,6.63949806,3.95228073,1068.52561,189.02296,112.4965835,21.150864,12.5880539,24.5394906,14.6048,0.354802212,1443.03014,0.0,55.6335057,0.152525929,0.0,1971.22936,1444.14732,1068.52561,0.0,0.0
366.0,-47.619198,1704.47575,30.3339244,18.2791887,5.40300645,3.25672437,6.10558341,3.68025429,1073.93175,189.02296,114.044881,21.2578749,12.8255222,24.6514361,14.8730108,0.354550831,1341.72132,0.0,55.9149798,0.155014009,0.0,1704.47575,1336.30574,1073.93175,0.0,0.0
366.5,-47.619198,1672.55395,33.9460277,20.0202268,5.94546392,3.50643559,6.70512301,3.95445721,1079.02607,189.02296,111.4735782,21.3587151,12.59599765,24.7483619,14.5949931,0.354299488,1329.4513,0.0,56.1802211,0.143190552,0.0,1672.55395,1325.99741,1079.02607,0.0,0.0
367.0,-47.619198,1673.19857,33.550607,19.7659331,5.87862767,3.46332646,6.63255221,3.90749208,1083.97598,189.02296,111.3581479,21.4566955,12.6406613,24.8472897,14.638145,0.354048174,1329.4513,0.0,56.4379413,0.142797707,0.0,1673.19857,1329.15585,1083.97598,0.0,0.0
367.5,-47.619198,1665.7945,33.6748457,19.7752622,5.87428704,3.44962808,6.62997591,3.89339995,1088.88468,189.02296,111.0004175,21.5538602,12.6571116,24.9448743,14.6484251,0.353796894,1329.4513,0.0,56.6935144,0.141163849,0.0,1665.7945,1328.94107,1088.88468,0.0,0.0
368.0,-47.619198,1659.02552,33.7818778,19.7760263,5.86901234,3.43574333,6.62623559,3.87902463,1093.73747,189.02296,110.6529169,21.6499182,12.6737192,25.0412582,14.6589893,0.353545651,1329.4513,0.0,56.9461776,0.139581145,0.0,1659.02552,1328.958,1093.73747,0.0,0.0
368.5,-47.619198,1652.31368,33.886595,19.7763784,5.86338756,3.42190441,6.62208382,3.86468322,1098.53604,189.02296,110.3129566,21.7449039,12.69021515,25.136475,14.66952065,0.353294435,1329.4513,0.0,57.1960205,0.138026662,0.0,1652.31368,1328.96701,1098.53604,0.0,0.0
369.0,-47.619198,1645.67555,33.9901293,19.7768097,5.85767435,3.40823131,6.61780402,3.8505052,1103.28134,189.02296,109.979353,21.838834,12.7064898,25.2305434,14.67989015,0.353043258,1329.4513,0.0,57.4430862,0.136495704,0.0,1645.67555,1328.97557,1103.28134,0.0,0.0
369.5,-47.619198,1639.11103,34.0923144,19.777227,5.85184808,3.39470779,6.61336978,3.83647286,1107.97409,189.02296,109.6520396,21.9317243,12.7225598,25.3234817,14.69011495,0.35279211,1329.4513,0.0,57.6874174,0.134988198,0.0,1639.11103,1328.98407,1107.97409,0.0,0.0
370.0,-47.619198,1632.6188,34.1931918,19.7776386,5.84591692,3.38133237,6.60879039,3.82258513,1112.61513,189.02296,109.3308302,22.0235908,12.73842685,25.4153101,14.70019645,0.352541,1329.4513,0.0,57.929057,0.133503509,0.0,1632.6188,1328.9925,1112.61513,0.0,0.0
370.5,-47.619198,1626.19782,34.2927869,19.7780448,5.83988601,3.36810282,6.6040718,3.80884006,1117.20522,189.02296,109.0155506,22.1144496,12.7540939,25.5060474,14.7101362,0.352289922,1329.4513,0.0,58.1680423,0.13204108,0.0,1626.19782,1329.0008,1117.20522,0.0,0.0
371.0,-47.619198,1619.84696,34.3911243,19.778444,5.8337604,3.35501699,6.59922036,3.79523563,1121.74511,189.02296,108.7060415,22.2043139,12.76956435,25.5957091,14.7199365,0.352038873,1329.4513,0.0,58.4044155,0.130600356,0.0,1619.84696,1329.00897,1121.74511,0.0,0.0
371.5,-47.619198,1613.56483,34.4882828,19.7788139,5.82755275,3.34206789,6.59432512,3.78180704,1126.23558,189.02296,108.401866,22.2932006,12.7848084,25.6843145,14.7295624,0.351787858,1329.4513,0.0,58.6382157,0.129179982,0.0,1613.56483,1329.01688,1126.23558,0.0,0.0
372.0,-47.619198,1607.34726,34.5852071,19.7792047,5.82141204,3.32925569,6.59018099,3.768913,1130.67716,189.02296,108.1002671,22.3811188,12.79951825,25.7718725,14.7386545,0.351536885,1329.4513,0.0,58.869468,0.127770933,0.0,1607.34726,1329.02312,1130.67716,0.0,0.0
372.5,-47.619198,1601.20117,34.6812189,19.7796171,5.81525134,3.31659465,6.58615134,3.75625938,1135.0703,189.02296,107.8032639,22.4680786,12.81394665,25.8583977,14.7475079,0.351285934,1329.4513,0.0,59.0981998,0.126379751,0.0,1601.20117,1329.0308,1135.0703,0.0,0.0
373.0,-47.619198,1595.12242,34.7759827,19.7799957,5.80900398,3.30406684,6.58198812,3.74372727,1139.4157,189.02296,107.5115693,22.5540936,12.82819795,25.9439079,14.7562405,0.351035034,1329.4513,0.0,59.3244468,0.1250088446,0.0,1595.12242,1329.03864,1139.4157,0.0,0.0
373.5,-47.619198,1589.10938,34.8695838,19.7803707,5.80268262,3.29167409,6.57770561,3.73131927,1143.71407,189.02296,107.2250139,22.6391765,12.8422711,26.0284196,14.7648504,0.350784152,1329.4513,0.0,59.5482428,0.1236575805,0.0,1589.10938,1329.04633,1143.71407,0.0,0.0
374.0,-47.619198,1583.16117,34.962042,19.7807403,5.79629113,3.27941428,6.57330892,3.71903359,1147.96599,189.02296,106.9434605,22.7233421,12.8561683,26.1119479,14.773339,0.350533302,1329.4513,0.0,59.7696245,0.1223255191,0.0,1583.16117,1329.05394,1147.96599,0.0,0.0
374.5,-47.619198,1577.27698,35.0533776,19.7811039,5.78983378,3.26728563,6.568803,3.70686877,1152.17224,189.02296,106.6667866,22.8066018,12.86989195,26.1945081,14.781708,0.350282496,1329.4513,0.0,59.9886246,0.1210122214,0.0,1577.27698,1329.06145,1152.17224,0.0,0.0
375.0,-47.619198,1571.45576,35.1436068,19.781465,5.78331384,3.25528661,6.56419212,3.69482358,1156.33341,189.02296,106.394874,22.8889697,12.8834468,26.2761158,14.78996105,0.350031717,1329.4513,0.0,60.2052777,0.1197173195,0.0,1571.45576,1329.06888,1156.33341,0.0,0.0
375.5,-47.619198,1565.69642,35.2327476,19.7817686,5.77673391,3.24340579,6.55947996,3.68288615,1160.45011,189.02296,106.1273179,22.9704572,12.8967995,26.3569267,14.7981396,0.34978097,1329.4513,0.0,60.4196168,0.1184395654,0.0,1565.69642,1329.07608,1160.45011,0.0,0.0
376.0,-47.619198,1559.98548,35.3237916,19.7820592,5.77053593,3.23162284,6.55517484,3.67103696,1164.52253,189.02296,105.8553661,23.0510688,12.9088949,26.4391046,14.8062397,0.349530258,1329.4513,0.0,60.6316502,0.1171506141,0.0,1559.98548,1329.07757,1164.52253,0.0,0.0
376.5,-47.619198,1554.34764,35.4152966,19.7825394,5.76457536,3.2200218,6.55109842,3.6593638,1168.55036,189.02296,105.5844324,23.1307979,12.9203906,26.5211355,14.8141647,0.349279579,1329.4513,0.0,60.8413626,0.1158676795,0.0,1554.34764,1329.08345,1168.55036,0.0,0.0
377.0,-47.619198,1548.77491,35.5054475,19.7828842,5.75852939,3.2085331,6.54689215,3.64779217,1172.5342,189.02296,105.3181906,23.2096558,12.93174755,26.6022233,14.82198925,0.34902893,1329.4513,0.0,61.0487835,0.114603212,0.0,1548.77491,1329.09074,1172.5342,0.0,0.0
377.5,-47.619198,1543.26255,35.5945468,19.7832298,5.75243329,3.19716931,6.54259642,3.63633721,1176.47461,189.02296,105.0564074,23.2876537,12.9429545,26.6823819,14.8296987,0.348778321,1329.4513,0.0,61.2539439,0.1133562104,0.0,1543.26255,1329.09778,1176.47461,0.0,0.0
378.0,-47.619198,1537.81008,35.6826014,19.7835717,5.74628969,3.1859284,6.53821482,3.62499694,1180.37221,189.02296,104.7989745,23.3648045,12.9540134,26.7616251,14.83729415,0.348527738,1329.4513,0.0,61.4568746,0.112126318,0.0,1537.81008,1329.10476,1180.37221,0.0,0.0
378.5,-47.619198,1532.41666,35.769629,19.7839077,5.74010208,3.17480869,6.53375103,3.61376987,1184.22758,189.02296,104.5457884,23.4411195,12.96492625,26.8399659,14.84477765,0.348277191,1329.4513,0.0,61.6576086,0.1109131663,0.0,1532.41666,1329.11162,1184.22758,0.0,0.0
379.0,-47.619198,1527.08149,35.8556472,19.78424,5.73387344,3.16380862,6.52920931,3.60265483,1188.04129,189.02296,104.2967414,23.5166099,12.97569475,26.9174175,14.85215,0.348026673,1329.4513,0.0,61.8561704,0.109716411,0.0,1527.08149,1329.11841,1188.04129,0.0,0.0
379.5,-47.619198,1521.80379,35.9406739,19.7845677,5.72760685,3.15292642,6.52459342,3.59165041,1191.8139,189.02296,104.051736,23.5912867,12.986321,26.9939926,14.85941325,0.347776194,1329.4513,0.0,62.0525948,0.1085357056,0.0,1521.80379,1329.12512,1191.8139,0.0,0.0
380.0,-47.619198,1516.58277,36.0247251,19.7848907,5.72130523,3.14216065,6.51990702,3.58075526,1195.54599,189.02296,103.8106729,23.6651613,12.9968064,27.0697041,14.8665681,0.34752574,1329.4513,0.0,62.2469074,0.1073707238,0.0,1516.58277,1329.13177,1195.54599,0.0,0.0
380.5,-47.619198,1511.41772,36.1078181,19.7852098,5.71497169,3.13150985,6.51515368,3.56996804,1199.23804,189.02296,103.573458,23.7382435,13.0071527,27.1445637,14.8736161,0.347275323,1329.4513,0.0,62.4391377,0.1062211385,0.0,1511.41772,1329.13831,1199.23804,0.0,0.0
381.0,-47.619198,1506.30784,36.1899676,19.7855248,5.70860878,3.1209724,6.51033702,3.55928761,1202.89065,189.02296,103.340002,23.8105443,13.01736235,27.2185846,14.88055875,0.347024938,1329.4513,0.0,62.6293117,0.1050866481,0.0,1506.30784,1329.14479,1202.89065,0.0,0.0
381.5,-47.619198,1501.22406,36.2741279,19.7806813,5.70257221,3.10967913,6.50593958,3.54776408,1206.50431,189.101699,103.116745,23.8920364,13.02826235,27.3031685,14.8883451,0.34677458,1329.4513,0.0,62.8174597,0.1039969649,0.0,1501.22406,1329.13937,1206.50431,0.0,0.0
382.0,-47.619198,1491.89394,37.2049443,19.7320696,5.81238492,3.08274734,6.63638854,3.51977084,1210.08994,194.224005,103.0102031,24.6123767,13.0534784,28.1177294,14.9126026,0.346524272,1329.4513,0.0,63.0041485,0.1033629688,0.0,1491.89394,1327.35068,1210.08994,0.0,0.0
382.5,-47.619198,1484.9279,38.9494873,19.7878447,6.05662886,3.07703517,6.91806835,3.51468047,1213.64003,202.248851,102.7500231,25.7044732,13.05870825,29.356276,14.9139586,0.34627398,1329.4513,0.0,63.1889875,0.1020528416,0.0,1484.9279,1326.52496,1213.64003,0.0,0.0
383.0,-47.619198,1480.14731,40.5791285,19.7866112,6.28972289,3.06693792,7.18685834,3.50438675,1217.14938,210.273695,102.5299992,26.8016399,13.0684249,30.6000129,14.9205184,0.346023726,1329.4513,0.0,63.3717036,0.1009749952,0.0,1480.14731,1326.58479,1217.14938,0.0,0.0
383.5,-47.619198,1475.25737,42.2168169,19.7866727,6.52194758,3.05681521,7.45488623,3.49407642,1220.62186,218.29854,102.3141238,27.9038622,13.07811485,31.8488752,14.9270964,0.345773504,1329.4513,0.0,63.5524995,0.0999111542,0.0,1475.25737,1326.57756,1220.62186,0.0,0.0
384.0,-47.619198,1471.68842,46.2088612,20.4829998,7.12377223,3.15740758,8.13312479,3.60539693,1224.05546,226.323383,101.2751651,29.0109983,12.9815955,33.1014713,14.8120445,0.345523315,1339.82206,0.0,63.7312729,0.0949995411,0.0,1471.68842,1327.09737,1224.05546,0.0,0.0
384.5,-47.619198,2767.2896,268.521075,40.6458352,81.0413426,11.5322861,87.1347599,12.44538446,1223.49451,234.269492,38.60395,30.0152047,4.94796022,36.6665429,5.96832697,0.345273158,2926.69283,0.0,63.7020673,-0.1434296509,0.0,2767.2896,1865.87906,1223.49451,0.0,0.0
385.0,-47.619198,4373.37796,300.0,29.9707023,137.3937184,13.66960285,145.282259,14.4555268,1217.69993,237.17203,23.7138401,30.2435218,3.0241685,39.5696284,3.95445538,0.345023036,4626.015020000001,0.0,63.4003673,-0.173051909,0.0,4373.37796,2530.80084,1217.69993,0.0,0.0
385.5,-47.619198,5218.60224,300.0,25.9071451,163.947225,14.14280925,172.989598,14.9229629,1211.65933,237.17203,20.4903614,30.0934949,2.60002443,40.322334,3.48329152,0.344772939,4648.8804,0.0,63.085861,-0.175921149,0.0,5218.60224,2878.97787,1211.65933,0.0,0.0
386.0,-47.619198,5755.5515,300.0,23.8635517,180.815984,14.3772264,190.785179,15.1698263,1205.55529,237.17203,18.8710394,29.94189,2.38244744,40.6297532,3.23270118,0.34452288,4648.8804,0.0,62.7680488,-0.177039274,0.0,5755.5515,3098.8423,1205.55529,0.0,0.0
386.5,-47.619198,6122.14833,300.0,22.6352276,192.332964,14.50911575,203.131428,15.3236796,1199.42614,237.17203,17.8981455,29.7896625,2.24811222,40.749283,3.07512194,0.344272858,4648.8804,0.0,62.44893,-0.17745636,0.0,6122.14833,3247.80718,1199.42614,0.0,0.0
387.0,-47.619198,6382.481760000001,300.0,21.8401851,200.511578,14.596136,211.923755,15.4268564,1193.28955,237.17203,17.2685899,29.6372507,2.1579272,40.7663937,2.9682206,0.344022864,4648.8804,0.0,62.1294245,-0.177503837,0.0,6382.481760000001,3352.55078,1193.28955,0.0,0.0
387.5,-47.619198,6572.19616,300.0,21.297751,206.471633,14.65730615,218.342981,15.5000336,1187.15535,237.17203,16.8391368,29.484898,2.09343707,40.7228873,2.89131983,0.343772909,4648.8804,0.0,61.8100426,-0.177338139,0.0,6572.19616,3427.91056,1187.15535,0.0,0.0
388.0,-47.619198,6712.893889999999,300.0,20.9151019,210.891775,14.7024063,223.107902,15.55405185,1181.02929,237.17203,16.53622,29.3327484,2.04516514,40.6407062,2.83357907,0.343522975,4648.8804,0.0,61.491087,-0.17703961,0.0,6712.893889999999,3482.87902,1181.02929,0.0,0.0
388.5,-47.619198,6818.68573,300.0,20.6407212,214.215334,14.7383463,226.666645,15.5950155,1174.91523,237.17203,16.3190162,29.1808955,2.00784979,40.5322184,2.7888943,0.343273078,4648.8804,0.0,61.1727535,-0.176652853,0.0,6818.68573,3523.32982,1174.91523,0.0,0.0
389.0,-47.619198,6899.30456,300.0,20.4407136,216.748047,14.7681779,229.352356,15.62697545,1168.81562,237.17203,16.1607078,29.029402,1.97804686,40.4056456,2.75321399,0.343023217,4648.8804,0.0,60.8551733,-0.176207061,0.0,6899.30456,3553.31435,1168.81562,0.0,0.0
389.5,-47.619198,6961.34326,300.0,20.2916309,218.69705,14.7923389,231.417467,15.6527286,1162.73213,237.17203,16.0427068,28.8783085,1.95338173,40.2671564,2.72374183,0.342773389,4648.8804,0.0,60.538432,-0.175722537,0.0,6961.34326,3575.57696,1162.73213,0.0,0.0
390.0,-47.619198,7009.44274,300.0,20.1789762,220.208134,14.8118798,233.017541,15.6734799,1156.66589,237.17203,15.9535329,28.7276434,1.93238798,40.1284752,2.69927212,0.342523591,4648.8804,0.0,60.2225893,-0.175211784,0.0,7009.44274,3592.04955,1156.66589,0.0,0.0
390.5,-47.619198,7046.974679999999,300.0,20.0935494,221.387238,14.82816345,234.265177,15.6907072,1150.61763,237.17203,15.88592335,28.5774254,1.91413601,39.9865869,2.67832829,0.342273833,4648.8804,0.0,59.9076817,-0.174682662,0.0,7046.974679999999,3604.13531,1150.61763,0.0,0.0
391.0,-47.619198,7076.48621,300.0,20.0286243,222.31437,14.8421572,235.24535,15.70545525,1144.58789,237.17203,15.834541,28.4276675,1.89794564,39.8397957,2.65986436,0.342024091,4648.8804,0.0,59.5937386,-0.174140992,0.0,7076.48621,3612.89453,1144.58789,0.0,0.0
391.5,-47.619198,7086.9473,241.6490076,19.0955112,179.4532797,14.17395455,190.07901,15.0242164,1138.66444,237.17203,21.0650751,28.2805485,2.51074131,38.352,3.33738873,0.341774392,3981.28665,0.0,59.2853313,-0.1545664565,0.0,7086.9473,3613.78885,1138.66444,0.0,0.0
392.0,-47.619198,4351.75906,-28.9004597,-29.94375013,-12.79918717,-13.55990437,-11.83566445,-12.71913625,1145.13784,237.17203,198.328782,28.4413261,23.7808542,33.635239,28.2253681,0.34156092,2180.79074,0.0,59.6223732,0.504703324,0.0,4351.75906,2479.43655,1145.13784,0.0,0.0
392.5,-47.619198,1553.25213,47.9413307,20.60110746,7.84066233,3.36334953,8.91002924,3.82658178,1155.9792,237.17203,104.5407518,28.7105886,12.65429085,32.9607654,14.528368,0.341327136,1422.5228,0.0,60.1868351,0.1123566861,0.0,1553.25213,1321.28739,1155.9792,0.0,0.0
393.0,-47.619198,1799.80648,48.3431267,20.519549,9.10512025,3.86520711,10.1949144,4.32787772,1159.2962,237.17203,100.6871025,28.7929717,12.22365135,33.0322286,14.0233607,0.341077521,1422.5228,0.0,60.3595383,0.0996671814,0.0,1799.80648,1425.81725,1159.2962,0.0,0.0
393.5,-47.619198,1789.22688,45.6585439,19.6071168,8.5546573,3.67364351,9.5992928,4.12224269,1162.88953,237.17203,101.852717,28.8822179,12.40335185,33.1247334,14.2252852,0.340827949,1422.5228,0.0,60.5466269,0.1046691616,0.0,1789.22688,1423.51312,1162.88953,0.0,0.0
394.0,-47.619198,1779.6539,46.3237056,19.8058404,8.63311185,3.69111409,9.68853145,4.14236189,1166.46547,237.17203,101.4032045,28.9710322,12.38659435,33.2158149,14.20145675,0.3405784,1422.5228,0.0,60.7328097,0.1025094365,0.0,1779.6539,1421.6177,1166.46547,0.0,0.0
394.5,-47.619198,1775.75898,46.3759473,19.7864313,8.6239307,3.6794266,9.6804134,4.1301781,1169.99149,237.17203,101.1890029,29.0586059,12.3977937,33.30599,14.2099323,0.340328891,1422.5228,0.0,60.9163948,0.1014946284,0.0,1775.75898,1422.0558,1169.99149,0.0,0.0
395.0,-47.619198,1770.76519,46.4776695,19.7864176,8.61854015,3.6690764,9.67674395,4.11957362,1173.48198,237.17203,100.967699,29.145298,12.40758515,33.3951932,14.21682925,0.340079411,1422.5228,0.0,61.0981303,0.1004256674,0.0,1770.76519,1422.01593,1173.48198,0.0,0.0
395.5,-47.619198,1765.93497,46.5813363,19.7872098,8.6142023,3.65921462,9.6741627,4.10947362,1176.93535,237.17203,100.7470064,29.2310686,12.4168992,33.4833991,14.22322345,0.339829967,1422.5228,0.0,61.2779333,0.0993599897,0.0,1765.93497,1422.02245,1176.93535,0.0,0.0
396.0,-47.619198,1761.1583,46.6821322,19.7874054,8.60949125,3.64935296,9.6711462,4.09936238,1180.35225,237.17203,100.530479,29.315932,12.42618385,33.5706314,14.2296298,0.33958055,1422.5228,0.0,61.4558348,0.0983115185,0.0,1761.1583,1422.02992,1180.35225,0.0,0.0
396.5,-47.619198,1756.429,46.7821132,19.7877011,8.60476185,3.63960765,9.6680828,4.08936677,1183.7331,237.17203,100.3171334,29.3999011,12.4353298,33.6569017,14.2359215,0.339331168,1422.5228,0.0,61.6318608,0.0972758412,0.0,1756.429,1422.0361,1183.7331,0.0,0.0
397.0,-47.619198,1751.75003,46.8809884,19.7879851,8.5999774,3.62996414,9.6649326,4.07947089,1187.07836,237.17203,100.1070005,29.4829862,12.4443512,33.7422216,14.2421146,0.339081819,1422.5228,0.0,61.8060347,0.0962532421,0.0,1751.75003,1422.04241,1187.07836,0.0,0.0
397.5,-47.619198,1747.12013,46.9787925,19.7882651,8.59514135,3.62042119,9.66169965,4.06967365,1190.38851,237.17203,99.9000134,29.5651988,12.45324915,33.8266049,14.24820985,0.338832496,1422.5228,0.0,61.9783792,0.0952434566,0.0,1747.12013,1422.04865,1190.38851,0.0,0.0
398.0,-47.619198,1742.53866,47.0755452,19.7885416,8.59025805,3.61097796,9.65838865,4.05997441,1193.66393,237.17203,99.696092,29.6465501,12.46202555,33.9100648,14.25420865,0.338583214,1422.5228,0.0,62.1489175,0.0942462346,0.0,1742.53866,1422.05474,1193.66393,0.0,0.0
398.5,-47.619198,1738.00515,47.1712623,19.788815,8.58533,3.601633,9.6550036,4.05037173,1196.90515,237.17203,99.4951741,29.7270497,12.47068115,33.9926129,14.2601117,0.33833396,1422.5228,0.0,62.3176733,0.0932613499,0.0,1738.00515,1422.06085,1196.90515,0.0,0.0
399.0,-47.619198,1733.51894,47.2659609,19.7890848,8.5803602,3.59238534,9.6515474,4.04086477,1200.11247,237.17203,99.2971949,29.8067092,12.4792179,34.0742612,14.2659206,0.33808474,1422.5228,0.0,62.4846656,0.0922885666,0.0,1733.51894,1422.06684,1200.11247,0.0,0.0
399.5,-47.619198,1729.09684,47.3578521,19.7925412,8.57511115,3.58384659,9.6476904,4.03211598,1203.28637,237.112441,99.0975104,29.87802,12.4870588,34.1464232,14.27097225,0.337835553,1422.5228,0.0,62.6499161,0.091307355,0.0,1729.09684,1422.07997,1203.28637,0.0,0.0
400.0,-47.619198,1727.96329,46.82343,19.8342823,8.4727803,3.58905077,9.5323892,4.03789911,1206.41888,233.245113,98.8017021,29.4670659,12.4821956,33.6675199,14.26149305,0.337586406,1422.5228,0.0,62.8130115,0.0899519226,0.0,1727.96329,1423.43737,1206.41888,0.0,0.0
400.5,-47.5979567,1725.51772,45.5661994,19.7862379,8.2336656,3.57529059,9.2652723,4.02324545,1209.51605,227.188712,98.6505476,28.7756122,12.4950961,32.8687942,14.27245135,0.337337272,1422.5228,0.0,62.9742686,0.0892482079,0.0,1725.51772,1424.22815,1209.51605,0.0,0.0
401.0,-46.2410419,1724.99998,42.1293023,18.9509315,7.61193917,3.42389284,8.5800234,3.8595501,1212.64091,221.13231,99.5204118,28.0808619,12.63794655,32.0681684,14.4324529,0.337088184,1417.921,0.0,63.1369667,0.09476518,0.0,1724.99998,1425.83731,1212.64091,0.0,0.0
401.5,-44.1208001,1441.88706,26.8414389,13.6070253,4.07844644,2.06179078,4.79785225,2.42653385,1216.61975,215.075907,109.006033,27.4013084,13.8880982,31.2954046,15.8617762,0.336839125,1288.15324,0.0,63.3441273,0.1368023964,0.0,1441.88706,1310.35513,1216.61975,0.0,0.0
402.0,-42.000559,948.262798,24.2867432,13.2375521,2.42270412,1.31697014,3.04979442,1.65874091,1221.69061,209.019507,113.8055225,26.7406607,14.5599285,30.5349956,16.6258771,0.336590098,1102.55234,0.0,63.6081474,0.154913117,0.0,948.262798,1107.91531,1221.69061,0.0,0.0
402.5,-39.8803187,520.773685,23.9133631,13.8204467,1.28508938,0.741397762,1.87636498,1.083059316,1227.30963,203.022694,117.1830799,26.0929121,15.06081745,29.795376,17.1978682,0.336341105,935.350576,0.011448214912,63.9007014,0.165226681,0.0,520.773685,933.314783,1227.30963,-0.28097296,0.014474861
403.0,-37.7600786,447.308231,27.6809554,16.0616845,1.29573635,0.751841417,1.93639652,1.12358066,1231.66633,200.83362,116.5274269,25.9034797,15.0296824,29.564124,17.1536576,0.336092148,907.269,0.742481278,64.1275395,0.06491525216,0.0,447.308231,905.289149,1231.66633,-18.51606402,0.95550037
403.5,-35.6398375,460.05043,25.520476,14.84886205,1.22944023,0.715340656,1.84988598,1.07634563,1231.39692,200.83362,116.8389501,25.8978128,15.0665552,29.5601686,17.1972039,0.335843214,907.269,1.88476015,64.11351,-0.0803118702,0.0,460.05043,910.433962,1231.39692,-47.0730352,2.42778286
404.0,-33.5195957,467.229916,23.9446197,14.0117479,1.17141298,0.68548916,1.77264396,1.03732024,1226.1227,200.83362,117.5139236,25.7868898,15.088644,29.4508523,17.2325419,0.335594315,907.269,3.02703907,63.838906,-0.224486388,0.0,467.229916,910.341806,1226.1227,-75.630007,3.88356905
404.5,-31.3993554,481.768861,22.3061808,13.1691289,1.12510475,0.664261147,1.70372662,1.005877588,1215.89387,200.83362,118.5644205,25.5717635,15.09644595,29.2370637,17.2602981,0.335345461,907.269,4.16931786,63.3063315,-0.366917962,0.0,481.768861,910.41901,1215.89387,-104.186981,5.30512006
405.0,-29.2791145,503.107771,20.6236525,12.3255053,1.0862007,0.649193067,1.63800239,0.978982665,1200.7723,200.83362,120.0269606,25.253739,15.0924845,28.9198408,17.2835082,0.335096623,907.269,5.3115967,62.5190189,-0.507515807,0.0,503.107771,910.468934,1200.7723,-132.7439506,6.67500132
405.5,-27.1662939,531.141808,18.9109298,11.4820532,1.05138086,0.638416503,1.57130846,0.954109561,1180.82588,200.83362,121.9449596,24.8342406,15.07878405,28.5001427,17.304697,0.334847821,907.269,6.4424157,61.4804949,-0.644694694,0.0,531.141808,910.48754,1180.82588,-161.019953,7.96233786
406.0,-25.5193531,562.597771,17.4582915,10.79342215,1.02823251,0.635746964,1.51627539,0.937478775,1157.40939,200.83362,124.1715149,24.3417624,15.0495868,28.0100769,17.317645,0.334599056,907.269,6.8536735,60.2612995,-0.686557748,0.0,562.597771,909.903866,1157.40939,-171.34183,8.3069005
406.5,-24.1386805,594.858469,16.26182735,10.22988005,1.01267018,0.63709256,1.48100783,0.931737066,1133.88142,200.83362,126.3519986,23.8469407,15.00257545,27.5299439,17.3197047,0.334350323,907.269,6.8536735,59.0363004,-0.674587728,0.0,594.858469,909.589999,1133.88142,-171.34183,8.1380369
407.0,-22.7580064,627.083347,15.0820266,9.6525872,0.990084878,0.633706704,1.45262235,0.929759818,1110.7659,200.83362,128.5467244,23.360792,14.9520005,27.0572702,17.3180008,0.334101616,907.269,6.8536735,57.8327753,-0.662634779,0.0,627.083347,909.50203,1110.7659,-171.34183,7.97213341
407.5,-21.3773337,658.724958,13.9346678,9.0744383,0.960929447,0.625812228,1.42187326,0.92602483,1088.06606,200.83362,130.799648,22.8833865,14.9031364,26.5913108,17.3180559,0.333852941,907.269,6.8536735,56.6508931,-0.65057715,0.0,658.724958,909.414074,1088.06606,-171.34183,7.80921327
408.0,-19.9966614,689.789739,12.82179145,8.49687595,0.925884904,0.613614856,1.39063442,0.92164004,1065.78376,200.83362,133.1034,22.4147616,14.85503755,26.1321506,17.3187621,0.333604306,907.269,6.8536735,55.4907501,-0.638438965,0.0,689.789739,909.329871,1065.78376,-171.34183,7.64928964
408.5,-18.6159886,720.272565,11.73755425,7.91879483,0.885046779,0.597138228,1.34931527,0.910399065,1043.92762,200.83362,135.50432,21.9550996,14.8128534,25.6803559,17.3263259,0.3333557,907.269,6.84221426,54.3527948,-0.624585306,0.0,720.272565,909.25235,1043.92762,-171.060857,7.4802525
409.0,-17.2353162,748.458027,10.6544201,7.31469492,0.834842104,0.573178821,1.29420341,0.888585527,1023.805253,200.83362,137.88377,21.5319009,14.7825395,25.2634459,17.3444627,0.333107119,907.269,6.11119198,53.3051109,-0.516133618,0.0,748.458027,909.231241,1023.805253,-152.825767,6.55570212
409.5,-15.85464335,769.323425,9.6103274,6.6931743,0.774092992,0.539134219,1.22443271,0.852802093,1008.756217,200.83362,139.863844,21.2154012,14.7745723,24.951665,17.3765709,0.33285858,907.269,4.96891306,52.5215721,-0.354872346,0.0,769.323425,909.126457,1008.756217,-124.2687955,5.25214883
410.0,-14.4739705,782.393832,8.6322521,6.0748452,0.707182489,0.497675377,1.14481528,0.805670617,999.244376,200.83362,141.31411,21.0153554,14.78712755,24.7571918,17.4200283,0.332610073,907.269,3.82663421,52.0263322,-0.195826689,0.0,782.393832,909.011265,999.244376,-95.711822,4.00680592
410.5,-13.1071521,787.844182,7.70785274,5.45894587,0.635907447,0.450370197,1.0571668,0.748727039,995.191545,200.83362,142.205341,20.9301195,14.820095,24.677181,17.4732985,0.332361598,907.269,2.6843554,51.8153193,-0.039085742536,0.0,787.844182,908.912796,995.191545,-67.1548524,2.79958281
411.0,-12.610063,783.413182,7.32394533,5.18794103,0.600843779,0.425610934,1.01404528,0.71830395,996.486675,200.83362,142.258687,20.9573571,14.84493965,24.7057063,17.5000492,0.332113151,907.269,1.5420765,51.8827499,0.1128714014,0.0,783.413182,907.825231,996.486675,-38.5978794,1.61071861
411.5,-12.610063,773.377364,7.34121959,5.17358583,0.594550279,0.419002085,1.00849761,0.710723379,1002.950231,200.83362,141.526095,21.0932945,14.86422445,24.8392266,17.5039592,0.331864745,907.269,0.411246984715,52.2192806,0.259331053,0.0,773.377364,907.423273,1002.950231,-10.3218807305,0.43279990911
412.0,-12.610063,758.788233,7.38010563,5.15893917,0.586414456,0.409929003,1.00177619,0.700281664,1013.190334,200.83362,140.384558,21.3086561,14.8948369,25.0509421,17.510731,0.331616357,907.269,0.0,52.7524385,0.309319066,0.0,758.788233,907.331763,1013.190334,0.0,0.0
412.5,-12.610063,743.864727,7.44809606,5.16252636,0.580178608,0.402146853,0.997471506,0.691387508,1023.801092,200.83362,139.199374,21.5318136,14.92376495,25.2717649,17.5159561,0.331368009,907.269,0.0,53.3048929,0.304545631,0.0,743.864727,907.317493,1023.801092,0.0,0.0
413.0,-12.610063,729.242741,7.51169994,5.1638206,0.57363147,0.394340779,0.992552947,0.682323845,1034.24925,200.83362,138.055203,21.7515515,14.95215175,25.4890537,17.5213521,0.331119689,907.269,0.0,53.8488857,0.299913651,0.0,729.242741,907.333791,1034.24925,0.0,0.0
413.5,-12.610063,714.840825,7.57415218,5.16506896,0.566977908,0.386646361,0.987290127,0.673272356,1044.53957,200.83362,136.949866,21.96797,14.9800191,25.7026672,17.5267369,0.330871416,907.269,0.0,54.3846576,0.295412194,0.0,714.840825,907.349502,1044.53957,0.0,0.0
414.0,-12.610063,1306.287564,49.99813913,22.77981699,8.853851219,3.75320684,9.965376754,4.275112073,1053.55627,200.83362,108.3198154,22.1576026,11.94657598,25.8110412,13.9212315,0.330623165,1255.86736,0.0,54.854118,0.1713725808,0.0,1306.287564,1158.719643,1053.55627,0.0,0.0
414.5,-12.610063,3968.37238,169.32934,29.6802254,74.0009539,12.175354,78.4284128,12.9271082,1054.79996,200.83362,38.8694,22.1837588,4.29434256,27.6679227,5.26557091,0.330374935,2476.12268,0.0,54.9188714,-0.06543611546,0.0,3968.37238,2267.15893,1054.79996,0.0,0.0
415.0,-12.610063,6225.093370000001,284.101472,22.9056758,184.46433,14.82220485,194.779905,15.6506166,1051.07443,200.83362,16.20983095,22.1054059,1.78426876,31.464505,2.53839896,0.330126746,3412.87678,0.0,54.7248977,-0.126776662,0.0,6225.093370000001,3204.02188,1051.07443,0.0,0.0
415.5,-12.610063,7653.659799999999,90.2883801,9.22640277,70.60291594,7.26138125,75.63215706,8.13457916,1048.16744,200.83362,73.5880759,22.0442685,8.08252572,27.9958511,9.80301421,0.32987907,3463.39,0.0,54.5735437,0.0828955141,0.0,7653.659799999999,3796.76162,1048.16744,0.0,0.0
416.0,-12.610063,7021.61871,-0.2969981224,-1.3295806424,-0.3424302215,-1.0833028275,0.370154996,-0.560852474,1058.40995,200.83362,144.1061754,22.2596808,15.9628528,26.0881946,18.7440771,0.329639268,3463.39,0.0,55.1068271,0.328634181,0.0,7021.61871,3539.74511,1058.40995,0.0,0.0
416.5,-12.610063,6810.1565,9.932915,5.20642461,7.08363143,3.71295849,8.62491015,4.52114329,1066.46699,200.83362,105.4302709,22.4291303,11.7742024,26.015661,13.6570184,0.329391184,3463.39,0.0,55.5263223,0.191368962,0.0,6810.1565,3456.45858,1066.46699,0.0,0.0
417.0,-12.610063,6810.08064,9.998141,5.21657744,7.13018847,3.72020941,8.6821194,4.52993917,1072.98605,200.83362,104.7763218,22.5662346,11.77297485,26.1536652,13.6445631,0.329143123,3463.39,0.0,55.865742,0.188629802,0.0,6810.08064,3460.23344,1072.98605,0.0,0.0
417.5,-12.610063,6800.70187,9.9861083,5.1910064,7.11177807,3.69686653,8.66410625,4.50380349,1079.48459,200.83362,104.3988088,22.7029065,11.80155845,26.2915648,13.66704125,0.328895096,3463.39,0.0,56.2040932,0.186849791,0.0,6800.70187,3460.12532,1079.48459,0.0,0.0
418.0,-12.610063,6791.653260000001,10.0491125,5.19638181,7.14712884,3.69577212,8.70581735,4.50176832,1085.9021,200.83362,103.8504681,22.837875,11.8093694,26.4272398,13.66541925,0.328647102,3463.39,0.0,56.5382244,0.18446662,0.0,6791.653260000001,3460.10731,1085.9021,0.0,0.0
418.5,-12.610063,6782.797909999999,10.0984988,5.19647572,7.17288845,3.69102007,8.73682405,4.49578908,1092.24074,200.83362,103.344516,22.9711848,11.8204337,26.5611356,13.6677425,0.328399126,3463.39,0.0,56.8682496,0.182233713,0.0,6782.797909999999,3460.12364,1092.24074,0.0,0.0
419.0,-12.610063,6774.0317,10.14863215,5.19712082,7.19918153,3.68670721,8.7684079,4.49030947,1098.50265,200.83362,102.8467779,23.1028809,11.83094525,26.6932434,13.6695675,0.328151208,3463.39,0.0,57.1942807,0.180030225,0.0,6774.0317,3460.13223,1098.50265,0.0,0.0
419.5,-12.610063,6765.37334,10.19810545,5.1977235,7.22503005,3.68242192,8.79962055,4.48495234,1104.68904,200.83362,102.3597139,23.2329886,11.8412295,26.8235983,13.6712706,0.327903301,3463.39,0.0,57.5163796,0.177865174,0.0,6765.37334,3460.14152,1104.68904,0.0,0.0
420.0,-12.610063,6756.81862,10.24695655,5.19831501,7.25045988,3.67818417,8.8303504,4.47966815,1110.80126,200.83362,101.8833195,23.3615364,11.85133185,26.9522372,13.67290235,0.327655432,3463.39,0.0,57.8346166,0.175738462,0.0,6756.81862,3460.15073,1110.80126,0.0,0.0
420.5,-12.6328354,6748.32313,10.2996989,5.20094268,7.27861386,3.67541552,8.86401285,4.47598056,1116.84053,200.814371,101.4060226,23.4862923,11.8599415,27.0765706,13.6729382,0.327407598,3463.39,0.0,58.1490541,0.173582755,0.0,6748.32313,3460.14198,1116.84053,0.0,0.0
421.0,-14.08435215,6733.38257,11.6712902,5.72662119,8.22920373,4.03777858,9.90679505,4.86140789,1122.66747,199.565077,98.0962799,23.461867,11.5324358,27.0248864,13.2838608,0.327159796,3463.39,0.0,58.4524389,0.159709515,0.0,6733.38257,3457.32743,1122.66747,0.0,0.0
421.5,-16.3524904,6722.32089,14.51643935,6.76393969,10.2188303,4.76148616,12.0412444,5.61107935,1127.76421,197.608635,92.2010162,23.3373411,10.8886493,26.8562691,12.5305401,0.326912024,3463.39,0.0,58.7178046,0.135693508,0.0,6722.32089,3455.70057,1127.76421,0.0,0.0
422.0,-18.6206282,6715.75594,17.3495595,7.70712519,12.20129565,5.42015407,14.10445345,6.26606888,1132.08197,195.652193,87.0211519,23.1947636,10.31630005,26.6924248,11.8719019,0.326664284,3463.39,0.0,58.9426103,0.1142307191,0.0,6715.75594,3455.48992,1132.08197,0.0,0.0
422.5,-20.8887667,6709.608389999999,20.4677896,8.65594385,14.3810953,6.08186711,16.3127087,6.89928787,1135.66808,193.695746,82.0101235,23.0355777,9.7530722,26.5359053,11.2350358,0.326416576,3463.39,0.0,59.1293249,0.0933736587,0.0,6709.608389999999,3455.02579,1135.66808,0.0,0.0
423.0,-23.1569046,6704.466069999999,23.8634329,9.6048562,16.754135,6.74343533,18.6549359,7.509061,1138.54854,191.739306,77.257699,22.8607517,9.2112201,26.3612362,10.6216166,0.326168912,3463.39,0.0,59.279298,0.073421339,0.0,6704.466069999999,3454.56794,1138.54854,0.0,0.0
423.5,-25.4250426,6699.96663,27.5864381,10.5443986,19.3550041,7.39811148,21.2199686,8.11128165,1140.75189,189.802113,72.6333444,22.6735891,8.6766478,26.1730387,10.01575085,0.325921256,3463.39,0.0,59.3940148,0.0539657262,0.0,6699.96663,3453.98216,1140.75189,0.0,0.0
424.0,-27.6931809,6694.21762,32.1285787,11.47298515,22.5224024,8.04270511,24.5699033,8.774089,1142.26456,189.09496,67.6263423,22.6190973,8.08925377,26.1426452,9.34929915,0.325673644,3463.39,0.0,59.4727743,0.0333590453,0.0,6694.21762,3452.47322,1142.26456,0.0,0.0
424.5,-29.9613189,6689.19048,37.7122697,12.4289768,26.4168586,8.706344,28.7017843,9.45966055,1143.05137,189.09496,62.4201643,22.6346774,7.47167828,26.2358905,8.66008475,0.32542606,3463.39,0.0,59.5137397,0.01213285159,0.0,6689.19048,3450.84086,1143.05137,0.0,0.0
425.0,-32.2294575,6685.00096,44.288662,13.3721982,31.0041054,9.3611971,33.5518053,10.1307355,1143.10309,189.09496,57.1903634,22.6357022,6.84601362,26.4041443,7.98536782,0.325178515,3463.39,0.0,59.5164333,-0.009076199816,0.0,6685.00096,3449.12771,1143.10309,0.0,0.0
425.5,-34.4748896,6681.198480000001,52.0385423,14.3134549,36.4086902,10.0144297,39.2447675,10.794845,1142.42993,189.09496,52.1029724,22.6223725,6.23338251,26.5586465,7.31761773,0.324931,3463.39,0.0,59.4813842,-0.0297236084,0.0,6681.198480000001,3447.15242,1142.42993,0.0,0.0
426.0,-35.291443,6693.4655,58.3074701,14.9567332,40.8705618,10.4837949,43.9368456,11.2703623,1141.12397,189.09496,48.5189108,22.5965108,5.79794178,26.6519092,6.83846091,0.32468352,3463.39,0.0,59.413387,-0.0432650164,0.0,6693.4655,3451.4942,1141.12397,0.0,0.0
426.5,-35.291443,6424.46269,22.2085084,1.6810807,16.1189926,1.6850088,18.0055495,2.4256799,1141.25437,189.09496,108.4984465,22.5990932,12.9773743,26.4984336,15.21009465,0.324438045,3255.16638,0.0,59.4201776,0.17378885367,0.0,6424.46269,3339.63636,1141.25437,0.0,0.0
427.0,-35.291443,3834.76549,-11.8469613,-11.8469613,-4.90667464,-4.90667464,-4.46301456,-4.46301456,1153.12538,189.09496,160.841889,22.8341635,19.4179836,26.5497647,22.5853073,0.324200494,2244.85876,0.0,60.0382501,0.365586557,0.0,3834.76549,2268.97562,1153.12538,0.0,0.0
427.5,-35.291443,1177.285193,-5.51168054,-6.3409577,-1.103192501,-1.123876881,-0.819240569,-0.865985429,1164.00392,189.09496,135.033517,23.0495803,16.4580886,26.5664772,18.9706223,0.323953109,1183.89808,0.0,60.6046496,0.271431814,0.0,1177.285193,1169.530377,1164.00392,0.0,0.0
428.0,-35.291443,332.4865,25.9635236,16.6920602,0.898826527,0.577156971,1.45371282,0.933796286,1171.67542,189.09496,121.7790974,23.2014907,14.94182315,26.6467869,17.1606524,0.323705751,861.7688,0.0,61.0040703,0.187690772,0.0,332.4865,822.482705,1171.67542,0.0,0.0
428.5,-35.291443,419.485896,22.9831663,14.67413685,1.009629983,0.644625284,1.56481853,0.999097625,1178.13787,189.09496,120.7186325,23.3294599,14.89355545,26.772684,17.0917172,0.323458425,861.7688,0.0,61.3405424,0.187112281,0.0,419.485896,862.457172,1178.13787,0.0,0.0
429.0,-35.291443,409.524174,23.0033486,14.6294551,0.986495105,0.627386757,1.54041478,0.979664081,1184.57312,189.09496,120.2528455,23.4568903,14.91712265,26.9012383,17.1075173,0.323211131,861.7688,0.0,61.6755973,0.18502728,0.0,409.524174,862.069525,1184.57312,0.0,0.0
429.5,-35.291443,400.563694,23.1039107,14.6344255,0.969131117,0.613869231,1.52262242,0.964460989,1190.93112,189.09496,119.7698604,23.582792,14.93695425,27.027987,17.1190881,0.322963872,861.7688,0.0,62.0066327,0.182804199,0.0,400.563694,862.053416,1190.93112,0.0,0.0
430.0,-35.291443,391.778956,23.1957213,14.6348752,0.951643851,0.600424911,1.50432183,0.949126633,1197.21336,189.09496,119.2993528,23.7071919,14.9567601,27.153131,17.1307914,0.32271664,861.7688,0.0,62.3337204,0.180633735,0.0,391.778956,862.066165,1197.21336,0.0,0.0
430.5,-35.291443,383.093766,23.2862853,14.63546805,0.93418052,0.587138147,1.48572621,0.933786197,1203.42123,189.09496,118.840084,23.8301203,14.976438,27.2766991,17.1425016,0.32246944,861.7688,0.0,62.6569371,0.178503684,0.0,383.093766,862.076915,1203.42123,0.0,0.0
431.0,-35.291443,374.510728,23.3753839,14.63604835,0.916745005,0.574006331,1.46684097,0.918439072,1209.55611,189.09496,118.3916888,23.9516034,14.9959914,27.3987217,17.1542197,0.322222275,861.7688,0.0,62.9763559,0.176413126,0.0,374.510728,862.087584,1209.55611,0.0,0.0
431.5,-35.291443,366.027828,23.4630481,14.63661775,0.899340383,0.561026552,1.44767183,0.903085053,1215.61946,189.09496,117.9538163,24.0716691,15.01542405,27.5192286,17.1659461,0.321975141,861.7688,0.0,63.2920452,0.1743609,0.0,366.027828,862.0981,1215.61946,0.0,0.0
432.0,-35.291443,357.643241,23.5493062,14.6371768,0.881969809,0.548196083,1.42822466,0.887724007,1221.61244,189.09496,117.526138,24.1903426,15.03473925,27.6382499,17.1776803,0.321728039,861.7688,0.0,63.6040749,0.172345908,0.0,357.643241,862.10848,1221.61244,0.0,0.0
432.5,-35.291443,349.335767,23.6362132,14.63433095,0.864661484,0.535359639,1.40863496,0.87216117,1227.53644,189.158575,117.109623,24.3158444,15.0541068,27.7651768,17.1896166,0.321480974,861.7688,0.0,63.9125125,0.170377145,0.0,349.335767,862.110654,1227.53644,0.0,0.0
433.0,-35.291443,338.796613,24.1913665,14.6113785,0.858183993,0.518387036,1.40927619,0.851256429,1233.39601,193.2872,116.7377612,24.96548,15.0779379,28.4904795,17.2068969,0.32123393,861.7688,0.0,64.217594,0.168591727,0.0,338.796613,861.146594,1233.39601,0.0,0.0
433.5,-35.291443,329.761382,25.1325946,14.63875265,0.867829485,0.505513053,1.43395088,0.835265915,1239.19067,199.752815,116.3422574,25.9217937,15.09745235,29.5648193,17.2192637,0.320986928,861.7688,0.0,64.5192956,0.166646194,0.0,329.761382,860.770425,1239.19067,0.0,0.0
434.0,-35.291443,321.74426,26.0348138,14.6389373,0.877127715,0.493229422,1.45906514,0.820445562,1244.91923,206.218436,115.9480275,26.8845282,15.115851,30.645451,17.2304615,0.320739951,861.7688,0.0,64.8175604,0.164756301,0.0,321.74426,860.77931,1244.91923,0.0,0.0
434.5,-35.291443,313.783694,26.9459604,14.6395744,0.885364406,0.48104687,1.48763213,0.80825483,1250.58206,212.684043,115.5453963,27.8535546,15.1318802,31.7321794,17.2390305,0.320493005,861.7688,0.0,65.1123969,0.162842704,0.0,313.783694,860.773336,1250.58206,0.0,0.0
435.0,-35.291443,305.931051,27.8614355,14.6401413,0.892535613,0.469026532,1.51530025,0.796266311,1256.17909,219.149665,115.150226,28.8287407,15.14762125,32.8249589,17.2473986,0.320246094,861.7688,0.0,65.4038099,0.160957728,0.0,305.931051,860.773874,1256.17909,0.0,0.0
435.5,-35.291443,298.183061,28.7797016,14.6435848,0.898604827,0.457254477,1.54138107,0.784310847,1261.71148,225.551663,114.7604869,29.8015566,15.1628389,33.9149632,17.2557347,0.319999214,861.7688,0.0,65.6918584,0.159089716,0.0,298.183061,860.78019,1261.71148,0.0,0.0
436.0,-35.291443,292.87373,29.2356588,14.66980715,0.896648372,0.449920243,1.5484535,0.776981579,1267.17678,227.88866,114.3451598,30.240469,15.1734058,34.3979238,17.2594456,0.31975237,861.7688,0.0,65.9764118,0.157103895,0.0,292.87373,861.762086,1267.17678,0.0,0.0
436.5,-35.291443,286.309937,29.2744824,14.6410558,0.877710338,0.438972667,1.52992169,0.76516353,1272.57762,227.88866,113.9679396,30.3693577,15.18780865,34.5281722,17.2676462,0.319505556,861.7688,0.0,66.2576124,0.155341534,0.0,286.309937,862.184383,1272.57762,0.0,0.0
437.0,-35.291443,278.778164,29.371347,14.64235985,0.857448676,0.427462857,1.5100799,0.752816301,1277.91733,227.88866,113.6021868,30.4967866,15.2025904,34.6568523,17.2763776,0.31925878,861.7688,0.0,66.5356291,0.153568218,0.0,278.778164,862.16814,1277.91733,0.0,0.0
437.5,-35.291443,271.396179,29.4651633,14.64289775,0.837410005,0.416159049,1.48992502,0.740430777,1283.19622,227.88866,113.2444691,30.6227646,15.2173224,34.7839737,17.285148,0.319012018,861.7688,0.0,66.8104781,0.151826503,0.0,271.396179,862.178765,1283.19622,0.0,0.0
438.0,-35.291443,264.095719,29.5572436,14.643362,0.817430561,0.404977368,1.46929224,0.727925533,1288.41546,227.88866,112.8950911,30.7473186,15.2320785,34.9095677,17.2940386,0.318765298,861.7688,0.0,67.0822201,0.150116119,0.0,264.095719,862.188464,1288.41546,0.0,0.0
438.5,-35.291443,256.877116,29.6477703,14.643829,0.797522666,0.393920564,1.44819397,0.715304989,1293.57612,227.88866,112.5537906,30.8704744,15.2468561,35.0336612,17.3030464,0.318518608,861.7688,0.0,67.350912,0.14843606,0.0,256.877116,862.198,1293.57612,0.0,0.0
439.0,-35.291443,249.739036,29.7367408,14.6442871,0.777687993,0.382986312,1.42662907,0.70256718,1298.67918,227.88866,112.2203634,30.9922559,15.2616594,35.1562831,17.3121722,0.318271953,861.7688,0.0,67.6166073,0.146785644,0.0,249.739036,862.207447,1298.67918,0.0,0.0
439.5,-35.291443,242.680054,29.8241769,14.6447372,0.75792836,0.372172473,1.40459682,0.68971033,1303.72567,227.88866,111.8946104,31.1126882,15.27649125,35.2774614,17.3214182,0.318025322,861.7688,0.0,67.8793569,0.145164187,0.0,242.680054,862.216758,1303.72567,0.0,0.0
440.0,-35.291443,235.698779,29.9100997,14.6451792,0.738245489,0.361476948,1.38209649,0.676732668,1308.71661,227.88866,111.576343,31.2317942,15.2913549,35.3972219,17.3307862,0.317778734,861.7688,0.0,68.1392121,0.143571037,0.0,235.698779,862.225986,1308.71661,0.0,0.0
440.5,-35.291443,228.793867,29.9945272,14.64561365,0.718641031,0.350897711,1.35912703,0.663632388,1313.65298,227.88866,111.2653745,31.3495975,15.3062543,35.5155904,17.3402773,0.317532169,861.7688,0.0,68.3962284,0.142005555,0.0,228.793867,862.235087,1313.65298,0.0,0.0
441.0,-35.291443,226.550354,31.7067379,15.3615194,0.756625068,0.366382628,1.41947277,0.687603207,1318.53163,227.88866,110.7250669,31.4660246,15.28844475,35.6322366,17.3126991,0.317285641,869.655946,0.0,68.6502389,0.13846473,0.0,226.550354,864.150172,1318.53163,0.0,0.0
441.5,-35.291443,838.946607,59.463675,25.1749921,5.38387347,2.229398305,6.56182943,2.72785317,1322.43976,227.88866,97.4358824,31.5592895,13.492989,35.7124506,15.2688423,0.317039146,1164.871115,0.0,68.8537185,0.0779613276,0.0,838.946607,1121.254698,1322.43976,0.0,0.0
442.0,-35.291443,1948.13157,70.5840385,24.4583946,14.5138893,4.98265833,16.0310947,5.5074288,1324.09435,227.88866,79.3877904,31.5987756,11.0077154,35.8442925,12.4856608,0.316792681,1604.31545,0.0,68.9398655,0.02062439558,0.0,1948.13157,1583.76085,1324.09435,0.0,0.0
442.5,-35.291443,2925.15231,72.2287057,21.6450202,21.8799382,6.56737934,23.6772234,7.10815395,1324.03179,227.88866,68.9817769,31.5972827,9.56446575,35.9503976,10.88133155,0.316546241,1978.0538,0.0,68.9366076,-0.0081612291,0.0,2925.15231,1990.26986,1324.03179,0.0,0.0
443.0,-35.291443,3109.17744,33.897591,12.6812997,11.04326555,4.13022709,12.23809675,4.57750796,1325.02291,227.88866,85.3382953,31.6209354,11.8412746,35.8061745,13.4083739,0.316299838,2022.2089,0.0,68.9882119,0.0602395917,0.0,3109.17744,2067.42282,1325.02291,0.0,0.0
443.5,-35.291443,2976.85409,40.4070499,14.593785,12.5958565,4.54927322,13.87491255,5.01133493,1326.95269,227.88866,82.377828,31.6669883,11.4470285,35.882831,12.9709447,0.316053472,2022.2089,0.0,69.0886875,0.0471213978,0.0,2976.85409,2013.48885,1326.95269,0.0,0.0
444.0,-35.291443,2992.92783,41.2717073,14.7934181,12.9352044,4.63649969,14.2332278,5.10176756,1328.49089,227.88866,81.6793664,31.7036964,11.36317825,35.9270709,12.8769105,0.315807135,2022.2089,0.0,69.1687725,0.0443347026,0.0,2992.92783,2021.0754,1328.49089,0.0,0.0
444.5,-35.291443,2992.14546,40.7471582,14.6425738,12.76757565,4.58805509,14.0584576,5.05193644,1330.045,227.88866,81.8921202,31.7407844,11.4060958,35.9624061,12.9231414,0.315560821,2022.2089,0.0,69.2496909,0.045107681,0.0,2992.14546,2021.65727,1330.045,0.0,0.0
445.0,-35.291443,2988.60942,40.9064465,14.6745738,12.8023439,4.59264917,14.0955575,5.05657012,1331.59255,227.88866,81.751814,31.7777154,11.39980235,36.0011757,12.91490845,0.315314548,2022.2089,0.0,69.3302641,0.0444203534,0.0,2988.60942,2021.08951,1331.59255,0.0,0.0
445.5,-35.291443,2986.78012,40.9486186,14.6738976,12.8076988,4.58962674,14.1019243,5.05341105,1333.11983,227.88866,81.6634165,31.8141633,11.4005375,36.0389187,12.9144691,0.315068301,2022.2089,0.0,69.4097814,0.0439598625,0.0,2986.78012,2021.22007,1333.11983,0.0,0.0
446.0,-35.291443,2984.65168,40.9864706,14.6725456,12.81040195,4.58593334,14.10548395,5.04955339,1334.6321,227.88866,81.580587,31.8502532,11.4018936,36.0762359,12.9147296,0.314822088,2022.2089,0.0,69.4885184,0.0435201494,0.0,2984.65168,2021.21744,1334.6321,0.0,0.0
446.5,-35.291443,2982.54468,41.0313442,14.67312575,12.81537415,4.58287709,14.1114159,5.04635166,1336.12885,227.88866,81.4945895,31.8859717,11.402647,36.1132048,12.9143353,0.314575914,2022.2089,0.0,69.566451,0.0430683894,0.0,2982.54468,2021.21459,1336.12885,0.0,0.0
447.0,-35.291443,2980.47652,41.0740387,14.67320105,12.819813,4.5797228,14.11678415,5.04304995,1337.61005,227.88866,81.4102949,31.9213212,11.4034809,36.149776,12.9140421,0.314329758,2022.2089,0.0,69.6435716,0.0426246271,0.0,2980.47652,2021.21893,1337.61005,0.0,0.0
447.5,-35.291443,2978.42094,41.1169396,14.67255885,12.8243525,4.57636407,14.1223044,5.03953765,1339.07612,227.907634,81.3284005,31.9589687,11.40449515,36.1889632,12.9139606,0.314083637,2022.2089,0.0,69.7198994,0.0421914328,0.0,2978.42094,2021.21958,1339.07612,0.0,0.0
448.0,-35.291443,2975.49441,41.3283744,14.6601111,12.8776209,4.56798836,14.1824421,5.03083845,1340.52974,229.139125,81.2807845,32.166562,11.410191,36.4202433,12.9190667,0.313837552,2022.2089,0.0,69.7955849,0.0418909485,0.0,2975.49441,2020.85064,1340.52974,0.0,0.0
448.5,-35.291443,2972.85261,41.7701882,14.67424905,13.0037377,4.56833431,14.32106155,5.03112249,1341.96887,231.067703,81.1762934,32.4721185,11.407756,36.7630214,12.91519085,0.313591501,2022.2089,0.0,69.8705139,0.0413617105,0.0,2972.85261,2020.59162,1341.96887,0.0,0.0
449.0,-35.291443,2970.9981,42.1611503,14.67417215,13.1172634,4.56546062,14.44653775,5.02811436,1343.39115,232.99628,81.0941184,32.7778456,11.4082866,37.1057473,12.91460825,0.313345479,2022.2089,0.0,69.9445655,0.0409311399,0.0,2970.9981,2020.65043,1343.39115,0.0,0.0
449.5,-35.291443,2969.02165,42.549765,14.6735622,13.2293628,4.56223379,14.5705148,5.02473904,1344.79902,234.92486,81.015274,33.0837926,11.40913925,37.4486691,12.9143937,0.31309949,2022.2089,0.0,70.0178675,0.0405137977,0.0,2969.02165,2020.65007,1344.79902,0.0,0.0
450.0,-35.291443,2967.06258,42.9424401,14.6738956,13.3426421,4.55932722,14.6957346,5.02169352,1346.19237,236.853439,80.9352905,33.3899468,11.4096843,37.791822,12.9138506,0.312853522,2022.2089,0.0,70.0904129,0.0400926323,0.0,2967.06258,2020.64845,1346.19237,0.0,0.0
450.5,-35.291443,2965.12365,43.3355525,14.6722709,13.4559871,4.5558435,14.8211589,5.01805444,1347.57127,238.827308,80.860073,33.7026981,11.41075715,38.1423698,12.9139022,0.312607598,2022.2089,0.0,70.1622046,0.0396917795,0.0,2965.12365,2020.64678,1347.57127,0.0,0.0
451.0,-35.291443,2548.89204,11.44768837,3.26777058,3.626106318,1.107083498,4.233910868,1.387510138,1350.04029,243.695206,103.5474527,34.4529029,14.6408113,38.9238691,16.5397521,0.312361702,1786.7175,0.0,70.290757,0.1326131397,0.0,2548.89204,1848.89136,1350.04029,0.0,0.0
451.5,-35.291443,938.181939,0.551544916,0.1300229816,0.0095504498,-0.0145353402,0.0679304605,0.0172061069,1355.70266,250.226898,111.7366395,35.5247434,15.8630336,40.1047993,17.9082157,0.312115834,1174.757626,0.0,70.5855735,0.163936614,0.0,938.181939,1181.969223,1355.70266,0.0,0.0
452.0,-35.291443,-517.2903601,4.54913572,4.44691366,-0.3900807985,-0.3911503546,-0.2952162532,-0.2982737802,1361.29101,256.758583,113.2086604,36.6022923,16.1387236,41.3120124,18.2154089,0.311870006,588.699857,0.0,70.8765328,0.160532879,0.0,-517.2903601,579.59942,1361.29101,0.0,0.0
452.5,-35.291443,-875.109095,15.4407907,15.4407907,-1.41635816,-1.41635816,-1.12693605,-1.12693605,1366.76521,263.290267,117.8858396,37.6843346,16.8725845,42.5371079,19.0453884,0.311624203,444.20544,0.0,71.1615497,0.155898729,0.0,-875.109095,433.904754,1366.76521,0.0,0.0
453.0,-35.291443,-855.519697,14.6668819,14.6668819,-1.31399998,-1.31399998,-1.03311623,-1.03311623,1372.10454,269.82196,116.8815856,38.7700587,16.7942809,43.7399926,18.9471581,0.31137843,444.20544,0.0,71.4395461,0.153364398,0.0,-855.519697,445.173629,1372.10454,0.0,0.0
453.5,-35.291443,-862.246886,14.6433614,14.6433614,-1.32221176,-1.32221176,-1.0411147,-1.0411147,1377.3754,276.289386,116.5084116,39.8518219,16.8049724,44.9422179,18.9515391,0.311132688,444.20544,0.0,71.713977,0.15157256,0.0,-862.246886,445.452022,1377.3754,0.0,0.0
454.0,-35.291443,-869.528354,14.64339445,14.64339445,-1.33338062,-1.33338062,-1.05181753,-1.05181753,1382.58517,278.65024,116.159051,40.3440919,16.8179539,45.4793669,18.9586608,0.310886985,444.20544,0.0,71.9852276,0.149821688,0.0,-869.528354,445.464097,1382.58517,0.0,0.0
454.5,-35.291443,-876.73766,14.6438654,14.6438654,-1.34447898,-1.34447898,-1.06248142,-1.06248142,1387.73484,278.65024,115.8164839,40.4943613,16.8308134,45.6309321,18.9657459,0.310641305,444.20544,0.0,72.2533495,0.148096898,0.0,-876.73766,445.471126,1387.73484,0.0,0.0
455.0,-35.291443,-883.864331,14.64433775,14.64433775,-1.35545147,-1.35545147,-1.07305512,-1.07305512,1392.82534,278.65024,115.4802241,40.6429034,16.8435077,45.7806821,18.9727416,0.310395665,444.20544,0.0,72.518391,0.146397337,0.0,-883.864331,445.47797,1392.82534,0.0,0.0
455.5,-35.291443,-890.909335,14.6448032,14.6448032,-1.3662988,-1.3662988,-1.08353841,-1.08353841,1397.85751,278.65024,115.1500994,40.7897425,16.8560369,45.9286426,18.9796485,0.310150051,444.20544,0.0,72.7803946,0.144722427,0.0,-890.909335,445.48474,1397.85751,0.0,0.0
456.0,-35.291443,879.3008363,197.3459957,44.7446501,30.120581672,4.4729725114,34.248862447,5.365840574,1400.64487,278.65024,75.1314855,40.871078,11.02147725,46.6880261,12.51549256,0.309904462,1757.812806,0.0,72.9255181,-0.037204005,0.0,879.3008363,1183.709792,1400.64487,0.0,0.0
456.5,-35.291443,3657.49503,300.0,31.404744,114.9035974,11.8540591,122.2396902,12.61694545,1396.14516,278.65024,29.2129077,40.7397758,4.27155284,50.3860458,5.27204151,0.309658921,3915.70578,0.0,72.6912395,-0.16234608,0.0,3657.49503,2337.10956,1396.14516,0.0,0.0
457.0,-35.291443,5021.24721,300.0,24.5335864,157.747132,12.8631611,166.817247,13.60289475,1390.36006,278.65024,22.8021642,40.5709658,3.32014628,52.349561,4.28251815,0.309413403,4037.9856,0.0,72.3900344,-0.170752203,0.0,5021.24721,2901.19895,1390.36006,0.0,0.0
457.5,-35.291443,5902.51674,300.0,21.5210251,185.433029,13.2884297,196.30573,14.0673992,1384.39297,278.65024,19.9972274,40.3968441,2.89916989,53.1567207,3.81444115,0.309167916,4037.9856,0.0,72.0793504,-0.174032351,0.0,5902.51674,3264.41757,1384.39297,0.0,0.0
458.0,-35.291443,6538.09746,300.0,19.774869,205.400385,13.5326802,217.767159,14.34734365,1378.34575,278.65024,18.3724796,40.2203858,2.65195151,53.5541343,3.53092475,0.308922461,4037.9856,0.0,71.7645004,-0.175622828,0.0,6538.09746,3525.35653,1378.34575,0.0,0.0
458.5,-35.291443,7022.28645,300.0,18.6357048,220.611635,13.7007145,234.05139,14.5353453,1372.25893,278.65024,17.312873,40.0427713,2.48795117,53.7473084,3.33935218,0.308677035,4037.9856,0.0,71.4475871,-0.176407003,0.0,7022.28645,3723.27705,1372.25893,0.0,0.0
459.0,-35.291443,7403.43753,300.0,17.8187565,232.585854,13.81256155,247.082696,14.6733839,1366.15317,278.65024,16.5532662,39.8646034,2.36819838,53.8295268,3.19774366,0.308431648,4037.9856,0.0,71.1296846,-0.176764953,0.0,7403.43753,3878.31178,1366.15317,0.0,0.0
459.5,-35.291443,7707.309200000001,297.795622,17.1658905,240.332162,13.85321075,256.162771,14.7656844,1360.04146,278.65024,16.0627567,39.6862631,2.28771566,53.8100955,3.10187449,0.308186284,4037.9856,0.0,70.8114772,-0.176516734,0.0,7707.309200000001,4001.18639,1360.04146,0.0,0.0
460.0,-35.291443,7936.67674,265.841402,16.3719656,220.863522,13.60568605,236.716538,14.5833394,1354.01529,278.65024,17.1937003,39.510417,2.43780547,53.1815448,3.28065188,0.307940954,4037.9856,0.0,70.497717,-0.170566864,0.0,7936.67674,4093.10939,1354.01529,0.0,0.0
460.5,-35.291443,8064.92876,201.135337,15.2811038,169.828499,12.9050479,183.19871,13.9232175,1348.36871,278.65024,21.3243164,39.3456506,3.01073835,51.5007951,3.93720684,0.307695651,4037.9856,0.0,70.2037265,-0.154165779,0.0,8064.92876,4143.17886,1348.36871,0.0,0.0
461.0,-35.291443,8060.732150000001,135.2269105,13.9485356,114.1834734,11.7750871,123.978575,12.7870544,1343.4924,278.65024,29.0114954,39.2033589,4.0812933,48.7715602,5.06980453,0.30745039,4037.9856,0.0,69.9498383,-0.1263380124,0.0,8060.732150000001,4138.58538,1343.4924,0.0,0.0
461.5,-35.291443,7928.37061,101.574537,13.107116,84.3488355,10.8825199,91.8355225,11.8483643,1339.60659,278.65024,35.9801565,39.0899697,5.04731263,46.5150708,6.00492945,0.307205152,4037.9856,0.0,69.7475196,-0.1018701425,0.0,7928.37061,4081.24009,1339.60659,0.0,0.0
462.0,-35.291443,7777.73245,109.4668481,13.6123223,89.1364942,11.08602545,96.6302679,12.0188511,1336.08884,278.65024,34.7508595,38.9873213,4.86231239,46.7694562,5.8308796,0.306959951,4037.9856,0.0,69.5643653,-0.1063071444,0.0,7777.73245,4016.50434,1336.08884,0.0,0.0
462.5,-35.291443,7717.97188,137.029208,14.5755391,110.7481086,11.7802356,119.4507625,12.706562,1332.11026,278.65024,29.7374485,38.8712255,4.14849316,48.1768967,5.13960628,0.306714775,4037.9856,0.0,69.357217,-0.1237450247,0.0,7717.97188,3989.31441,1332.11026,0.0,0.0
463.0,-35.291443,7687.884609999999,105.3035389,10.14143667,85.2825992,8.25665095,92.3778281,9.16278559,1327.95759,278.65024,52.4654549,38.7500501,7.29434922,47.1113559,8.63275755,0.306469635,3859.02901,0.0,69.1410069,-0.0421409181,0.0,7687.884609999999,3974.37014,1327.95759,0.0,0.0
463.5,-35.291443,5256.29504,-18.9615076,-18.9615076,-11.04545296,-11.04545296,-10.3926161,-10.3926161,1336.55515,278.65024,175.765523,39.0009276,24.5880118,44.7711781,28.2756012,0.306224528,2841.10116,0.0,69.588643,0.406550248,0.0,5256.29504,2967.58783,1336.55515,0.0,0.0
464.0,-35.291443,2615.48786,17.12280893,2.34045731,3.73682924,0.196906364,4.58836172,0.57084138,1345.9224,278.65024,108.3039535,39.2742664,15.2617875,44.4290616,17.2696336,0.305979448,1941.53712,0.0,70.076356,0.1501594166,0.0,2615.48786,1874.19795,1345.9224,0.0,0.0
464.5,-35.291443,2488.30535,61.7843722,17.7054566,16.0722412,4.60602077,17.6667864,5.06308035,1348.20191,278.65024,79.8968096,39.3407831,11.280106,44.5330888,12.7688481,0.305734401,1866.0248,0.0,70.1950424,0.0312253273,0.0,2488.30535,1822.60737,1348.20191,0.0,0.0
465.0,-35.291443,2626.99802,47.9864971,14.4564393,13.2025714,3.97729155,14.6564591,4.4153987,1349.58482,278.65024,83.9468601,39.3811361,11.8641035,44.522529,13.4129724,0.30548939,1866.0248,0.0,70.2670432,0.049816623,0.0,2626.99802,1881.12587,1349.58482,0.0,0.0
465.5,-35.2643798,2583.78227,47.9598496,14.4901281,12.9761311,3.92051669,14.4178071,4.35610647,1351.36654,278.642104,84.202961,39.4319759,11.9159467,44.5703462,13.4687084,0.305244415,1866.0248,0.0,70.35981,0.0504144747,0.0,2583.78227,1864.18382,1351.36654,0.0,0.0
466.0,-33.5327435,2594.3968,46.7202077,14.19655845,12.6918388,3.85667418,14.11738105,4.28990928,1353.1191,278.113844,84.5039717,39.4082457,11.9741013,44.5334178,13.5313505,0.304999455,1866.0248,0.0,70.4510586,0.0537088303,0.0,2594.3968,1869.62392,1353.1191,0.0,0.0
466.5,-30.827051,2603.22213,40.8038469,12.78166705,11.12380075,3.48447103,12.4530259,3.90089962,1355.19856,277.286509,86.849302,39.3513943,12.3253555,44.4325292,13.91680585,0.304754526,1866.0248,0.0,70.5593286,0.0666676166,0.0,2603.22213,1874.5104,1355.19856,0.0,0.0
467.0,-28.1213584,2595.45079,36.2862658,11.65833945,9.86263965,3.16873289,11.1019527,3.56694393,1357.70089,276.459167,88.8097109,39.3064212,12.626839,44.3505669,14.2472084,0.304509645,1866.0248,0.0,70.6896109,0.0778246425,0.0,2595.45079,1872.73774,1357.70089,0.0,0.0
467.5,-25.4156661,2590.60216,32.0616699,10.5452715,8.6980959,2.86084506,9.8602459,3.24315766,1360.57672,275.631823,90.642818,39.2717971,12.9147684,44.2973343,14.56744245,0.304264784,1866.0248,0.0,70.8393461,0.0885072,0.0,2590.60216,1872.39942,1360.57672,0.0,0.0
468.0,-22.7099736,2585.05143,28.0440001,9.4127732,7.59187086,2.5481494,8.79802785,2.95310743,1363.80937,274.804494,92.2212261,39.2469431,13.1708755,44.2622026,14.8539419,0.304019956,1866.0248,0.0,71.0076542,0.0983566425,0.0,2585.05143,1871.9772,1363.80937,0.0,0.0
468.5,-20.0042809,2579.4266,24.2158784,8.28925004,6.54130366,2.23912209,7.78055237,2.66343913,1367.37678,273.98527,93.7694902,39.2322994,13.4270321,44.2375904,15.1400598,0.303775158,1866.0248,0.0,71.193394,0.1080526269,0.0,2579.4266,1871.71966,1367.37678,0.0,0.0
469.0,-17.2985884,2573.30369,20.531844,7.15799028,5.53303409,1.92896769,6.76151556,2.35734175,1371.28321,273.6862,95.3902428,39.301458,13.69813875,44.3065461,15.4426086,0.303530393,1866.0248,0.0,71.3967834,0.117955404,0.0,2573.30369,1871.45277,1371.28321,0.0,0.0
469.5,-14.5928959,2566.79718,17.0040383,6.03254712,4.57078821,1.62157905,5.7422894,2.0372767,1375.53399,273.6862,97.0664014,39.4232872,13.9820515,44.4338756,15.7591255,0.303285654,1866.0248,0.0,71.6181044,0.127985112,0.0,2566.79718,1871.22739,1375.53399,0.0,0.0
470.0,-11.88720335,2559.93691,13.5757944,4.90361272,3.63955205,1.31461029,4.70489816,1.69948892,1380.13513,273.6862,98.8190299,39.5551579,14.2821329,44.5714876,16.0933664,0.303040966,1866.0248,0.0,71.8576644,0.138225026,0.0,2559.93691,1871.05933,1380.13513,0.0,0.0
470.5,-9.20861995,2381.79368,0.3252755,-2.71182668,0.26258923,-0.549788516,0.83527791,-0.23838596,1385.46477,273.6862,110.2067487,39.7079073,15.99107835,44.7537882,18.0237869,0.302796292,1771.88301,0.0,72.135157,0.19078837,0.0,2381.79368,1800.04455,1385.46477,0.0,0.0
471.0,-8.234518,1203.243771,-8.39129313,-8.39129313,-1.074423546,-1.074423546,-0.823282774,-0.823282774,1392.8754,273.6862,113.2992577,39.920298,16.5255085,44.9634905,18.6133034,0.302551649,1307.41009,0.0,72.5209964,0.210938299,0.0,1203.243771,1313.96829,1392.8754,0.0,0.0
471.5,-8.234518,6.5710708,-12.95970278,-7.31910465,0.1670902333,-0.0088583132,0.4994306333,0.1504651633,1399.74443,273.6862,106.8709916,40.117167,15.6648473,45.1567829,17.6327588,0.302307045,805.270428,0.0,72.8786355,0.187442099,0.0,6.5710708,820.034696,1399.74443,0.0,0.0
472.0,-8.234518,-1213.759541,-23.1838998,-8.37729848,2.90007926,1.043521263,3.83351999,1.38041326,1405.79671,273.6862,99.0137513,40.290628,14.5759889,45.3276198,16.3982665,0.302062462,305.359237,0.0,73.1937524,0.163135029,0.0,-1213.759541,315.780016,1405.79671,0.0,0.0
472.5,-8.234518,-1833.7032,3.75225328,4.16766714,-0.715947679,-0.797230935,-0.444029779,-0.559048229,1411.59367,273.6862,110.2435985,40.4567703,16.2966124,45.5076964,18.3312085,0.301817923,99.452736,0.0,73.4955745,0.176933206,0.0,-1833.7032,61.2016851,1411.59367,0.0,0.0
473.0,-8.234518,-1749.97151,3.52005683,3.52005683,-0.645099202,-0.645099202,-0.450748997,-0.450748997,1417.67867,273.6862,109.1665105,40.6311685,16.2067049,45.685237,18.2226438,0.301573405,99.452736,0.0,73.8123971,0.173835791,0.0,-1749.97151,99.5960649,1417.67867,0.0,0.0
473.5,-8.234518,-1754.4972,3.38150759,3.38150759,-0.621285566,-0.621285566,-0.433269561,-0.433269561,1423.64806,273.6862,108.6238089,40.802253,16.1940586,45.8597314,18.20133,0.301328921,99.452736,0.0,74.1231965,0.171588891,0.0,-1754.4972,101.1983604,1423.64806,0.0,0.0
474.0,-8.234518,-1762.67919,3.37937406,3.37937406,-0.623789666,-0.623789666,-0.435433309,-0.435433309,1429.54436,273.6862,108.2088856,40.9712433,16.1990161,46.0320862,18.1999501,0.301084472,99.452736,0.0,74.4301911,0.169524176,0.0,-1762.67919,101.2365734,1429.54436,0.0,0.0
474.5,-8.234518,-1770.83358,3.37988851,3.37988851,-0.626770812,-0.626770812,-0.437932203,-0.437932203,1435.36988,273.6862,107.8041399,41.138206,16.204191,46.2022726,18.1989108,0.30084005,99.452736,0.0,74.7335005,0.167493551,0.0,-1770.83358,101.2449671,1435.36988,0.0,0.0
475.0,-8.234518,-1778.89171,3.38044335,3.38044335,-0.6297263,-0.6297263,-0.440412185,-0.440412185,1441.12578,273.6862,107.4071996,41.3031706,16.2092669,46.3703266,18.1978545,0.300595671,99.452736,0.0,75.0331841,0.165493853,0.0,-1778.89171,101.252716,1441.12578,0.0,0.0
475.5,-8.2284221,-143.065081,138.23022415,41.13838865,15.738117616,1.250646686,18.729574499,2.150366529,1445.93326,273.6862,91.449609,41.4409555,13.84647845,46.9545944,15.6314166,0.300351302,1143.4911108,0.0,75.2834904,0.0476864416,0.0,-143.065081,784.7393401,1445.93326,0.0,0.0
476.0,-7.83961407,3841.98351,184.5818645,25.4282593,68.4557028,9.64181098,73.2254267,10.32357814,1443.68155,273.6862,42.1387947,41.3764194,6.36983868,48.486404,7.42679303,0.300106972,2384.0488,0.0,75.1662529,-0.0839264428,0.0,3841.98351,2441.6327,1443.68155,0.0,0.0
476.5,-7.2320691,4191.17696,-5.92244937,-6.5356763053,-2.634925992,-2.941037649,-2.184869219,-2.5739754414,1446.73197,273.6862,119.328945,41.4638466,18.0771628,46.6064833,20.3242776,0.299862681,2384.0488,0.0,75.325075,0.221767401,0.0,4191.17696,2588.71579,1446.73197,0.0,0.0
477.0,-6.6245239,3686.76259,5.77961556,2.041234419,2.22609228,0.786246274,2.87402286,1.015088747,1452.80797,273.6862,98.01586,41.6379867,14.9115786,46.7055229,16.7264336,0.299618423,2384.0488,0.0,75.6414249,0.137861051,0.0,3686.76259,2382.37297,1452.80797,0.0,0.0
477.5,-6.01697876,3681.37412,7.47161134,2.62230052,2.8802362,1.010875994,3.71832604,1.30501987,1457.34181,273.6862,96.0174279,41.7679286,14.65351305,46.8367947,16.4318269,0.299374206,2384.0488,0.005637689346,75.8774824,0.12978872,0.0,3681.37412,2382.77807,1457.34181,-0.1381549,0.008445421
478.0,-5.40943364,3679.67493,6.21678542,2.20340668,2.39558275,0.849062536,3.09274008,1.09615494,1461.29068,273.6862,96.9706799,41.8811039,14.8390466,46.9528027,16.6360177,0.299130033,2384.0488,0.3650024105,76.083086,0.0864714406,0.0,3679.67493,2384.3768,1461.29068,-9.10275384,0.55732827
478.5,-4.80188851,3676.06212,5.60158929,1.99508661,2.15637011,0.768022174,2.78412403,0.991605741,1463.03691,273.6862,97.446438,41.9311523,14.929661,47.0041058,16.7358948,0.298885902,2384.0488,0.926544602,76.174003,0.01470591444,0.0,3676.06212,2383.89308,1463.03691,-23.1413084,1.41820608
479.0,-4.19434333,3677.23941,4.90993322,1.76121023,1.89069871,0.678200565,2.44105373,0.875614898,1462.31999,273.6862,98.137555,41.9106049,15.02816315,46.98358,16.8472147,0.298641816,2384.0488,1.48808677,76.136676,-0.0560076217,0.0,3677.23941,2383.96428,1462.31999,-37.1798627,2.27730335
479.5,-3.58679823,3681.62322,4.22141707,1.52721229,1.62748374,0.588787191,2.10103188,0.760106246,1459.17236,273.6862,98.9759606,41.8203922,15.1239052,46.8921447,16.9580551,0.29839775,2384.0488,2.04962895,75.9727925,-0.1259380966,0.0,3681.62322,2383.95052,1459.17236,-51.2184179,3.13034389
480.0,-2.97925312,3689.37064,3.54036857,1.29367059,1.36776619,0.49979059,1.76546344,0.645111607,1453.62053,273.6862,99.9645808,41.6612756,15.2168249,46.7305303,17.0683818,0.29815374,2384.0488,2.61117112,75.6837335,-0.195082398,0.0,3689.37064,2383.93267,1453.62053,-65.2569713,3.97311205
480.5,-2.37780633,3700.42323,2.86815375,1.060100347,1.11135856,0.410771407,1.43417594,0.530088437,1445.69472,273.6862,101.110931,41.4341179,15.30737065,46.4995297,17.1787399,0.297909763,2384.0488,3.16144015,75.2710687,-0.261972735,0.0,3700.42323,2383.9039,1445.69472,-79.019217,4.78478367
481.0,-2.1590672,3711.34723,2.52833459,0.942273227,0.982642388,0.366216722,1.26777815,0.472482689,1436.67976,273.6862,101.999526,41.1757468,15.3456687,46.2363185,17.231682,0.297665829,2384.0488,3.00425067,74.8016982,-0.236988317,0.0,3711.34723,2383.18568,1436.67976,-75.1285735,4.52159743
481.5,-2.1590672,3720.14676,2.52432413,0.944559426,0.983404066,0.367973421,1.26853023,0.474662859,1429.80765,273.6862,102.4041066,40.9787894,15.3328569,46.0353223,17.22484,0.297421939,2384.0488,2.44270846,74.443899,-0.160678339,0.0,3720.14676,2382.83464,1429.80765,-61.0900182,3.65905097
482.0,-2.1590672,3726.19068,2.45617932,0.921890215,0.958413072,0.359726103,1.23613855,0.463966228,1425.56455,273.6862,102.7168728,40.8571808,15.3340591,45.9111975,17.2308763,0.297178082,2384.0488,1.8811663,74.2229803,-0.0849492677,0.0,3726.19068,2382.87209,1425.56455,-47.0514643,2.80976927
482.5,-2.1590672,3728.45581,2.39718398,0.900983204,0.935963418,0.351782473,1.20712673,0.453699396,1423.92449,273.6862,102.8577555,40.8101764,15.3374307,45.8632207,17.2364847,0.296934276,2384.0488,1.31962412,74.1375873,-0.01010056525,0.0,3728.45581,2382.85702,1423.92449,-33.0129091,1.96907883
483.0,-2.1590672,3727.13196,2.34323847,0.880486696,0.914577544,0.343658337,1.17957717,0.443233632,1424.85712,273.6862,102.8311646,40.8369064,15.34350675,45.8905457,17.2422935,0.2966905,2384.0488,0.758081943,74.186147,0.0638892018,0.0,3727.13196,2382.85062,1424.85712,-18.9743552,1.13236344
483.5,-2.1590672,3722.24961,2.29348233,0.860191563,0.893986227,0.335297865,1.15313591,0.432494347,1428.33181,273.6862,102.6400242,40.9364914,15.3523251,45.9922537,17.2483776,0.296446764,2384.0488,0.20217376454,74.3670598,0.1363045666,0.0,3722.24961,2382.84793,1428.33181,-5.0739554181,0.30335745889
484.0,-2.1590672,3714.59243,2.27796281,0.85142656,0.886106154,0.33119718,1.14315321,0.427272835,1433.67926,273.6862,102.295554,41.0897511,15.358077,46.1486693,17.248946,0.296203073,2384.0488,0.0,74.6454765,0.161358452,0.0,3714.59243,2382.7841,1433.67926,0.0,0.0
484.5,-2.1590672,3706.75329,2.29425964,0.854264188,0.890562771,0.33159993,1.14908911,0.427861868,1439.22378,273.6862,101.9065869,41.2486592,15.3588495,46.3107362,17.2437054,0.295959419,2384.0488,0.0,74.9341559,0.159407671,0.0,3706.75329,2382.75951,1439.22378,0.0,0.0
485.0,-2.1590672,3699.0963,2.30370964,0.854631169,0.892383829,0.331057139,1.15162143,0.427229254,1444.70193,273.6862,101.5319569,41.4056642,15.3606339,46.4707817,17.239688,0.295715809,2384.0488,0.0,75.219378,0.1575132,0.0,3699.0963,2382.77208,1444.70193,0.0,0.0
485.5,-2.1590672,3691.51728,2.31347125,0.855139653,0.894329004,0.330575394,1.1543129,0.426674551,1450.11504,273.6862,101.1637624,41.5608068,15.3622762,46.6288412,17.2355946,0.295472238,2384.0488,0.0,75.5012165,0.155644845,0.0,3691.51728,2382.77898,1450.11504,0.0,0.0
486.0,-2.1590672,3684.02907,2.32317399,0.855657135,0.896258125,0.330104464,1.15698232,0.426132844,1455.46402,273.6862,100.8022042,41.7141097,15.3638358,46.7849439,17.2314898,0.295228705,2384.0488,0.0,75.7797161,0.153803475,0.0,3684.02907,2382.78648,1455.46402,0.0,0.0
486.5,-2.1590672,3676.62941,2.33275655,0.856160445,0.898147373,0.329635209,1.159599,0.425592324,1460.74981,273.6862,100.4471742,41.8656024,15.365324,46.9391208,17.2273853,0.294985223,2384.0488,0.0,76.0549238,0.151988749,0.0,3676.62941,2382.7936,1460.74981,0.0,0.0
487.0,-2.1590672,3669.31691,2.34224241,0.856657706,0.900005964,0.329170664,1.16217476,0.42505698,1465.97333,273.6862,100.0984793,42.0153108,15.36673915,47.0914018,17.2232778,0.294741756,2384.0488,0.0,76.326889,0.150199999,0.0,3669.31691,2382.80084,1465.97333,0.0,0.0
487.5,-2.1590672,3662.0903,2.3516292,0.857147774,0.901833235,0.328710317,1.16470878,0.424526133,1471.1354,273.6862,99.75596,42.1632583,15.3680829,47.2418148,17.2191678,0.294498345,2384.0488,0.0,76.5956557,0.148436683,0.0,3662.0903,2382.80793,1471.1354,0.0,0.0
488.0,-2.1590672,3654.94845,2.36091879,0.857630956,0.903630035,0.328254198,1.16720212,0.423999827,1476.23698,273.6862,99.419456,42.3094713,15.3693559,47.3903901,17.2150542,0.294254971,2384.0488,0.0,76.861274,0.14669826,0.0,3654.94845,2382.81495,1476.23698,0.0,0.0
488.5,-2.1590672,3647.89024,2.37011251,0.858107332,0.905397046,0.327802274,1.16965572,0.423478061,1481.27889,273.6862,99.0888156,42.4539732,15.3705602,47.5371517,17.210938,0.294011643,2384.0488,0.0,77.123785,0.144984201,0.0,3647.89024,2382.82184,1481.27889,0.0,0.0
489.0,-2.1590672,3640.9143,2.37921165,0.858577117,0.907134962,0.327354524,1.17207042,0.422960812,1486.26195,273.6862,98.763896,42.5967891,15.3716961,47.6821286,17.2068198,0.293768346,2384.0488,0.0,77.383229,0.143294002,0.0,3640.9143,2382.8287,1486.26195,0.0,0.0
489.5,-2.1590672,3634.01966,2.38821769,0.859040355,0.908844427,0.326910919,1.1744471,0.422448061,1491.18697,273.6862,98.4445451,42.7379419,15.3727652,47.8253478,17.2026974,0.293525094,2384.0488,0.0,77.6396557,0.141627171,0.0,3634.01966,2382.83551,1491.18697,0.0,0.0
490.0,-2.1590672,3627.20511,2.39713174,0.859497278,0.910526073,0.326471436,1.17678656,0.421939797,1496.05479,273.6862,98.1306291,42.8774564,15.3737684,47.9668337,17.1985728,0.293281884,2384.0488,0.0,77.8931004,0.139983236,0.0,3627.20511,2382.84215,1496.05479,0.0,0.0
490.5,-2.18296619,3620.42213,2.41094359,0.861578119,0.914058018,0.326649259,1.18151779,0.42222908,1500.86606,273.6862,97.81752,43.0153485,15.3739982,48.1066079,17.1936525,0.293038708,2384.0488,0.0,78.1436025,0.138316624,0.0,3620.42213,2382.82897,1500.86606,0.0,0.0
491.0,-3.70653382,3605.7465,3.99664266,1.395540645,1.50855234,0.526761059,1.95061196,0.681120142,1505.53354,273.6862,96.0494446,43.149121,15.14293785,48.2416085,16.9301323,0.292795573,2384.0488,0.0,78.3866189,0.129288876,0.0,3605.7465,2379.44771,1505.53354,0.0,0.0
491.5,-6.0872516,3595.07812,7.40276893,2.50216145,2.78681954,0.941958054,3.60417078,1.218226297,1509.72324,273.6862,92.7440575,43.2691982,14.6625337,48.3621998,16.3883982,0.292552484,2384.0488,0.0,78.6047605,0.1133502983,0.0,3595.07812,2377.45478,1509.72324,0.0,0.0
492.0,-8.46796949,3589.8831,10.6506504,3.49003214,4.00375818,1.31196675,5.16167486,1.69144867,1513.39113,273.6862,89.8394224,43.3743208,14.2378435,48.4700691,15.9105502,0.292309434,2384.0488,0.0,78.7957299,0.0989817239,0.0,3589.8831,2377.43473,1513.39113,0.0,0.0
492.5,-10.8486875,3584.62631,14.09981405,4.48328442,5.29265428,1.6828984,6.68638701,2.12618042,1516.57517,273.6862,87.1400524,43.4655775,13.8391137,48.591648,15.47119425,0.292066416,2384.0488,0.0,78.9615077,0.0853302676,0.0,3584.62631,2377.10651,1516.57517,0.0,0.0
493.0,-13.2294053,3823.97992,88.4752979,14.17460988,37.6503823,5.88879861,40.6475847,6.4372158,1518.53922,273.6862,61.8834023,43.521868,9.8411414,49.7757783,11.15553651,0.291823444,2670.57048,0.0,79.0637698,-0.0162050731,0.0,3823.97992,2477.85011,1518.53922,0.0,0.0
493.5,-15.61012325,5422.571760000001,296.58963,22.3300771,168.706743,12.6037725,178.680834,13.3484138,1514.6088,273.6862,20.6885537,43.409219,3.2817173,56.1503055,4.23971751,0.291580512,3610.64965,0.0,78.8591245,-0.165992575,0.0,5422.571760000001,3140.741,1514.6088,0.0,0.0
494.0,-17.9908411,6824.493460000001,249.94182,17.8323117,177.298839,12.69987685,188.572435,13.5111776,1508.80471,273.6862,19.829778,43.2428725,3.13282084,56.2880953,4.07233451,0.291337624,3679.6853,0.0,78.5569337,-0.162983632,0.0,6824.493460000001,3720.70207,1508.80471,0.0,0.0
494.5,-20.371559,7461.28991,56.37316929,6.842316435,44.1060036,5.382294483,48.44202582,6.14747297,1504.8726,273.6862,63.7096806,43.1301777,10.03986278,49.8801148,11.42949783,0.291094762,3679.6853,0.0,78.3522073,-0.0042279902,0.0,7461.28991,3983.38187,1504.8726,0.0,0.0
495.0,-22.7522767,6769.99725,17.021537774,4.075725905,11.84065155,2.8315317664,14.047065533,3.420254357,1507.33809,273.6862,79.982758,43.2008397,12.62435165,48.4824193,14.1588878,0.29085195,3679.6853,0.0,78.4805744,0.05025325188,0.0,6769.99725,3697.16942,1507.33809,0.0,0.0
495.5,-25.1091626,6587.09971,58.9549752,10.97071865,40.682247,7.56907445,44.5531954,8.2932153,1506.81273,273.6862,51.4933853,43.185783,8.12550233,49.316426,9.2764501,0.290609169,3679.6853,0.001300718043,78.4532201,-0.0567867458,0.0,6587.09971,3620.75765,1506.81273,-0.031967735,0.0020163927
496.0,-25.966246,6698.22555,69.6890996,11.9150148,48.8768672,8.3570467,53.2219493,9.10004765,1504.25332,273.6862,46.7997409,43.1124293,7.37209372,49.5041495,8.4650052,0.29036644,3679.6853,0.0844581043,78.3199641,-0.085249511,0.0,6698.22555,3665.50353,1504.25332,-2.106291045,0.132684139
496.5,-25.966246,6769.68088,59.0155713,10.91014285,41.8360119,7.73429171,45.7455658,8.457356,1501.22869,273.6862,50.6426478,43.025741,7.96132245,49.1981546,9.1030866,0.290123749,3679.6853,0.214393647,78.1624831,-0.0878378289,0.0,6769.68088,3693.47054,1501.22869,-5.35467967,0.336686013
497.0,-25.966246,6746.747259999999,54.0455569,10.445241,38.1837825,7.37969755,41.8543865,8.08912115,1498.0948,273.6862,52.8981203,42.9359236,8.2986724,48.979199,9.46671235,0.289881091,3679.6853,0.344329186,77.9993153,-0.0964805013,0.0,6746.747259999999,3682.09784,1498.0948,-8.60306828,0.539822801
497.5,-25.966246,6727.01001,57.2413808,10.7939704,40.3237735,7.60382481,44.1179977,8.3193299,1494.40125,273.6862,51.6266282,42.8300652,8.07927587,48.9405987,9.2318962,0.289638484,3679.6853,0.474264731,77.8070085,-0.117881391,0.0,6727.01001,3671.72842,1494.40125,-11.8514568,0.74182381
498.0,-25.966246,6740.731389999999,58.9383095,10.9626314,41.6037957,7.73838353,45.4856047,8.46040765,1489.97683,273.6862,50.9068179,42.7032603,7.94298841,48.8494908,9.08621315,0.289395904,3679.6853,0.604200276,77.5766474,-0.137093968,0.0,6740.731389999999,3674.85455,1489.97683,-15.09984545,0.942358378
498.5,-25.966246,6756.194890000001,57.9447159,10.8680987,40.9961895,7.68924644,44.8388801,8.4099852,1484.97357,273.765248,51.3454591,42.5721378,7.98450245,48.6906009,9.132032,0.28915337,3679.6853,0.732833646,77.3161486,-0.151858753,0.0,6756.194890000001,3678.36765,1484.97357,-18.3162664,1.13926044
499.0,-25.966246,6780.45359,73.8333277,11.88404735,52.4954335,8.44262726,57.0682967,9.1873377,1479.5116,278.894521,46.8311961,43.2098624,7.25677028,49.797491,8.3500773,0.288910871,3735.37526,0.77961326,77.0317671,-0.173714986,0.0,6780.45359,3685.27267,1479.5116,-19.490332,1.20788671
499.5,-25.966246,7155.122560000001,214.499537,16.2767088,161.622182,12.2067773,172.502291,13.0352388,1472.00719,286.926971,22.9178791,44.2286625,3.53398441,56.6584433,4.49757599,0.288668411,4086.04236,0.77961326,76.6410443,-0.257784685,0.0,7155.122560000001,3836.79344,1472.00719,-19.490332,1.20176005
500.0,-25.966246,7777.47499,294.956784,16.2749168,240.209414,13.2486949,257.276034,14.1892676,1462.57911,294.959422,16.2775573,45.1755894,2.49313727,60.5046529,3.33894823,0.288426,4186.195,0.77961326,76.150166,-0.278298866,0.0,7777.47499,4090.25396,1462.57911,-19.490332,1.19406285
500.5,-25.966246,8286.17827,235.070956,14.57259305,203.592473,12.63730705,220.963681,13.7215608,1453.11325,302.991868,19.0150835,46.1055339,2.89298853,60.6687711,3.80205808,0.288183618,4186.195,0.77961326,75.6573224,-0.26509679,0.0,8286.17827,4296.40204,1453.11325,-19.490332,1.18633488
501.0,-25.966246,8538.1696,105.1919571,11.0806142,93.9944311,9.90569145,104.5273435,11.061448,1444.77034,311.024317,35.8904326,47.0562398,5.42817805,56.4729534,6.4575754,0.287941287,4186.195,0.77961326,75.2229401,-0.203389441,0.0,8538.1696,4396.38604,1444.77034,-19.490332,1.17952366
501.5,-25.966246,8252.57986,30.1255956,6.07568989,26.041572,5.25091299,31.9179316,6.44168569,1439.80768,318.97772,64.9137969,48.0940692,9.7873453,54.4186421,11.0727444,0.287698985,4186.195,0.77961326,74.964558,-0.100132974,0.0,8252.57986,4274.65262,1439.80768,-19.490332,1.17547211
502.0,-25.966246,7900.39422,63.7768732,9.60869262,52.7141771,7.94517254,59.0546721,8.9202974,1435.62445,321.8809,49.7305822,48.3910065,7.47724126,55.6250761,8.58954073,0.287456726,4186.195,0.77961326,74.7467536,-0.1548585675,0.0,7900.39422,4125.663,1435.62445,-19.490332,1.17205686
502.5,-25.966246,7924.73285,99.3554175,11.8497369,82.472579,9.8345839,90.3344732,10.77237125,1429.45296,321.8809,38.5053134,48.1829825,5.76424319,56.2901333,6.73287663,0.287214512,4186.195,0.77961326,74.4254329,-0.194324,0.0,7924.73285,4132.1869,1429.45296,-19.490332,1.16701841
503.0,-25.966246,8053.90806,102.7910235,11.88108985,86.68306,10.01999245,95.1003479,10.993229,1422.59924,321.8809,37.2181266,47.951962,5.54440799,56.2848045,6.50743023,0.286972331,4186.195,0.77961326,74.0685881,-0.197708569,0.0,8053.90806,4181.93572,1422.59924,-19.490332,1.16142293
503.5,-25.966246,8131.41238,85.8665949,11.028937,73.112533,9.3911155,80.6499782,10.3599048,1416.00746,321.8809,41.4156386,47.7297709,6.14098273,55.4681798,7.13616766,0.286730194,4186.195,0.77961326,73.7253824,-0.181839782,0.0,8131.41238,4210.3371,1416.00746,-19.490332,1.15604138
504.0,-25.966246,8114.37538,73.2223042,10.32779755,62.2215624,8.77600355,69.012372,9.73397605,1410.01515,321.8809,45.4026567,47.5277859,6.70390561,54.9977525,7.7575112,0.286488098,4186.195,0.77961326,73.4133894,-0.166986979,0.0,8114.37538,4199.74896,1410.01515,-19.490332,1.1511492
504.5,-25.966246,8069.50144,75.1510914,10.5086286,63.5037445,8.8800564,70.2031697,9.8170536,1404.26744,321.8809,45.0360286,47.3340466,6.62285378,54.817572,7.66985027,0.286246036,4186.195,0.77961326,73.1141306,-0.167786078,0.0,8069.50144,4177.72041,1404.26744,-19.490332,1.14645671
505.0,-25.966246,8064.765429999999,81.8727089,10.92623495,69.1455647,9.22768805,76.235374,10.1738865,1398.347,321.8809,42.9747569,47.1344858,6.29307589,54.7398361,7.30843531,0.286004,4186.195,0.77961326,72.8058825,-0.174465772,0.0,8064.765429999999,4172.29303,1398.347,-19.490332,1.14162324
505.5,-25.966246,8090.91103,84.3048465,11.0526868,71.4295334,9.3646907,78.7381075,10.3228754,1392.26298,321.8809,42.2004489,46.9294085,6.1527128,54.5732712,7.15486641,0.285762028,4186.195,0.77961326,72.4891114,-0.176459758,0.0,8090.91103,4179.61989,1392.26298,-19.490332,1.13665617
506.0,-25.966246,8115.28229,82.1504593,10.9279709,69.8135082,9.28689675,77.0367076,10.2477802,1386.20447,321.8809,42.8169081,46.7251931,6.21538061,54.3181349,7.22538314,0.285520092,4186.195,0.77961326,72.17367,-0.1735227,0.0,8115.28229,4186.22347,1386.20447,-19.490332,1.13170993
506.5,-25.966246,8123.526,79.57849,10.79155785,67.696892,9.18030855,74.763592,10.1386218,1380.27252,321.8809,43.6488393,46.5252422,6.30905258,54.0538376,7.32996484,0.285278191,4186.195,0.77961326,71.8648191,-0.169885298,0.0,8123.526,4186.19004,1380.27252,-19.490332,1.12686702
507.0,-25.966246,8123.54949,79.1263776,10.7808507,67.3125056,9.1712283,74.3432135,10.1291521,1374.43044,321.8809,43.8573043,46.3283217,6.31238861,53.832515,7.3348593,0.285036332,4186.195,0.77961326,71.5606458,-0.168497107,0.0,8123.54949,4182.78866,1374.43044,-19.490332,1.12209752
507.5,-25.966246,8127.356119999999,80.0268233,10.8439363,68.1104735,9.22922125,75.2052112,10.1905858,1368.60342,321.8809,43.6185873,46.1319091,6.25142173,53.6399831,7.26885224,0.284794508,4186.195,0.77961326,71.2572577,-0.16868927,0.0,8127.356119999999,4180.97035,1368.60342,-19.490332,1.11734027
508.0,-25.966246,8137.232120000001,80.5974839,10.8824279,68.6794625,9.273233,75.8313001,10.2388879,1362.77084,321.8809,43.4619261,45.9353075,6.20241013,53.4418377,7.21597833,0.284552723,4186.195,0.77961326,70.953581,-0.168575822,0.0,8137.232120000001,4181.67415,1362.77084,-19.490332,1.1125785
508.5,-25.966246,8148.45307,80.320514,10.8719156,68.5377654,9.27704705,75.6932954,10.2455973,1356.95878,321.8809,43.5686728,45.7393992,6.19111532,53.227661,7.20469892,0.284310988,4186.195,0.77961326,70.6509735,-0.16753022,0.0,8148.45307,4182.94959,1356.95878,-19.490332,1.10783348
509.0,-25.966246,8157.33998,79.7485981,10.8464426,68.1239836,9.2654058,75.2574852,10.2356197,1351.19129,321.8809,43.7783168,45.5449924,6.19446568,53.01253,7.21010823,0.284069285,4186.195,0.77961326,70.3506835,-0.166133593,0.0,8157.33998,4183.28005,1351.19129,-19.490332,1.10312485
509.5,-25.966246,8164.221390000001,79.4482346,10.83771595,67.9246813,9.2657624,75.049452,10.2376691,1345.4681,321.8809,43.9089771,45.3520794,6.18664356,52.8062314,7.20349215,0.283827612,4186.195,0.77961326,70.0527031,-0.165029557,0.0,8164.221390000001,4182.80158,1345.4681,-19.490332,1.0984524
510.0,-25.966246,8171.16474,79.44476,10.8456562,67.9794843,9.2804375,75.115802,10.25467495,1339.77643,321.8809,43.9433587,45.1602302,6.1652992,52.6068911,7.18192143,0.283585991,4186.195,0.77961326,69.7563636,-0.164272529,0.0,8171.16474,4182.36767,1339.77643,-19.490332,1.09380565
510.5,-25.966246,8179.10371,79.466735,10.85328235,68.0643482,9.2959854,75.2167634,10.272837,1334.1096,321.941327,43.9699709,44.9776414,6.14293718,52.418531,7.15919587,0.283344407,4186.195,0.778308758,69.461314,-0.16337731,0.0,8179.10371,4182.36217,1334.1096,-19.4583642,1.08739617
511.0,-25.966246,8185.677650000001,79.6371864,10.81695095,68.2651876,9.2723121,75.461286,10.24973995,1328.63005,325.862309,44.2597752,45.3381893,6.15801603,52.845811,7.1777312,0.283102863,4186.195,0.695155157,69.176017,-0.150792749,0.0,8185.677650000001,4181.89806,1328.63005,-17.3840405,0.967541623
511.5,-25.966246,8188.5746,80.7919104,10.80731435,69.2795465,9.2673319,76.5901415,10.2452506,1323.73583,332.002597,44.4119247,46.0223865,6.15643899,53.6565518,7.17766082,0.28286135,4186.195,0.565219609,68.9211989,-0.1325644994,0.0,8188.5746,4180.246,1323.73583,-14.13565175,0.783852374
512.0,-25.966246,8192.39628,82.6125967,10.8318021,70.8739005,9.2926661,78.3479245,10.2726273,1319.45415,338.14288,44.3372109,46.721975,6.12620501,54.4974728,7.14572592,0.28261988,4186.195,0.435284069,68.698269,-0.1152016385,0.0,8192.39628,4179.33602,1319.45415,-10.88726325,0.601774666
512.5,-25.966246,8198.2273,84.3123935,10.84557105,72.383651,9.3111,80.0191431,10.2932932,1315.77123,344.283159,44.2874747,47.4376477,6.10224865,55.3533753,7.12050317,0.282378465,4186.195,0.305348526,68.5065156,-0.0978090565,0.0,8198.2273,4179.61204,1315.77123,-7.63887471,0.421053752
513.0,-25.966246,8203.9568,85.6245711,10.8370416,73.5615209,9.3102792,81.332776,10.29384265,1312.69556,350.423444,44.3508566,48.1708669,6.09669492,56.2198026,7.11539903,0.282137075,4186.195,0.175412982,68.346378,-0.0800816628,0.0,8203.9568,4180.20021,1312.69556,-4.39048603,0.241446623
513.5,-25.966246,8207.8566,86.78081,10.821332,74.590283,9.30120205,82.4823996,10.2853258,1310.23501,356.503296,44.4548528,48.9148144,6.09953742,57.0932353,7.11936235,0.281895724,4186.195,0.046781655062,68.2182686,-0.0624491639,0.0,8207.8566,4180.38623,1310.23501,-1.17406522785,0.064459146306
514.0,-25.966246,8211.6141,87.7998098,10.8452074,75.5006865,9.3259926,83.484115,10.31212205,1308.22778,358.7226,44.3115782,49.1440238,6.07056984,57.3807098,7.08801451,0.281654418,4186.195,0.0,68.113762,-0.056522793,0.0,8211.6141,4180.77766,1308.22778,0.0,0.0
514.5,-25.966246,8217.78485,87.9779615,10.85168605,75.710688,9.3385738,83.7222926,10.3267697,1306.27084,358.7226,44.2467561,49.0705098,6.05261722,57.3091663,7.06881687,0.28141314,4186.195,0.0,68.0118713,-0.0565232395,0.0,8217.78485,4182.20288,1306.27084,0.0,0.0
515.0,-25.966246,8222.64765,87.5170172,10.8270875,75.35858,9.322919,83.350466,10.3116285,1304.32772,358.7226,44.3785601,48.9975154,6.06161501,57.2246009,7.07940982,0.281171914,4186.195,0.0,67.9107043,-0.0558351958,0.0,8222.64765,4183.09175,1304.32772,0.0,0.0
515.5,-25.966246,8224.875100000001,87.116324,10.80778085,75.0338866,9.308816,83.0028252,10.2974542,1302.40964,358.7226,44.5035536,48.9254628,6.06975033,57.1414651,7.08903727,0.280930721,4186.195,0.0,67.810835,-0.055181367,0.0,8224.875100000001,4182.89864,1302.40964,0.0,0.0
516.0,-25.966246,8226.1034,87.095019,10.80854075,75.0267478,9.3108613,82.996338,10.29989175,1300.50752,358.7226,44.5180962,48.8540086,6.06286804,57.066521,7.08205504,0.280689571,4186.195,0.0,67.7118016,-0.0549218801,0.0,8226.1034,4182.2991,1300.50752,0.0,0.0
516.5,-25.966246,8161.972749999999,57.5118655,4.5930453,49.6696093,4.0871226,55.91167295,5.0990087,1299.02131,358.7226,77.1691627,48.7981777,10.50020978,56.6966023,12.18754392,0.280448455,4070.39056,0.0,67.634419,0.0615914635,0.0,8161.972749999999,4154.74611,1299.02131,0.0,0.0
517.0,-25.966246,5673.15067,-22.1360284,-22.1360284,-13.57755033,-13.57755033,-12.85130366,-12.85130366,1310.84129,358.7226,190.540374,49.2421999,26.1418411,56.9306039,30.2699631,0.280207387,3046.31641,0.0,68.2498354,0.473672108,0.0,5673.15067,3126.03037,1310.84129,0.0,0.0
517.5,-25.966246,2547.58954,-16.6315499,-16.6315499,-4.45195936,-4.45195936,-4.0427519,-4.0427519,1323.30198,358.7226,136.0428315,49.7102898,18.849474,56.5009228,21.4275857,0.279966346,1831.50564,0.0,68.898608,0.286355554,0.0,2547.58954,1832.73706,1323.30198,0.0,0.0
518.0,-25.966246,-260.082868,-33.5824951,-14.00496783,2.028167472,0.303433917,2.790652842,0.574819308,1331.39526,358.7226,106.4980245,50.0143159,14.8468735,56.5719316,16.7940882,0.27972535,627.708805,0.0,69.3199902,0.185265022,0.0,-260.082868,669.16944,1331.39526,0.0,0.0
518.5,-25.966246,-1635.9687,10.0748662,11.4059958,-1.71583022,-1.94392631,-1.321972,-1.6324642,1337.44925,358.7226,119.7216885,50.2417369,16.7685768,56.8727034,18.9824915,0.279484395,180.16922,0.0,69.6351969,0.183142005,0.0,-1635.9687,100.1880869,1337.44925,0.0,0.0
519.0,-25.966246,-1457.79608,11.0807301,11.0807301,-1.69181356,-1.69181356,-1.41550231,-1.41550231,1343.73368,358.7226,117.9735515,50.4778147,16.600623,57.0772561,18.7709953,0.279243485,180.16922,0.0,69.9623999,0.177327313,0.0,-1457.79608,177.99647,1343.73368,0.0,0.0
519.5,-25.966246,-1457.5065,10.7625417,10.7625417,-1.64268245,-1.64268245,-1.37150308,-1.37150308,1349.8139,358.7226,117.2095596,50.7062184,16.5678032,57.2981953,18.7216759,0.279002607,180.16922,0.0,70.27897,0.17470197,0.0,-1457.5065,181.667148,1349.8139,0.0,0.0
520.0,-25.966246,-1465.74372,10.7568842,10.7568842,-1.65109918,-1.65109918,-1.37951132,-1.37951132,1355.8174,358.7226,116.777381,50.9317428,16.5801317,57.520879,18.7251375,0.278761772,180.16922,0.0,70.5915484,0.172612594,0.0,-1465.74372,181.744997,1355.8174,0.0,0.0
520.5,-25.9429566,-1474.00744,10.75342605,10.75342605,-1.65987277,-1.65987277,-1.38785023,-1.38785023,1361.74895,358.7226,116.346801,51.1545623,16.5912656,57.7456189,18.7289855,0.27852097,180.16922,0.0,70.900377,0.170557001,0.0,-1474.00744,181.769774,1361.74895,0.0,0.0
521.0,-24.4526319,-1479.36006,10.1565346,10.1565346,-1.57338407,-1.57338407,-1.30235965,-1.30235965,1367.62309,358.7226,115.3571996,51.3752282,16.5210563,57.9630881,18.6395679,0.278280208,180.16922,0.0,71.2062198,0.169438053,0.0,-1479.36006,182.972387,1367.62309,0.0,0.0
521.5,-22.1239952,-1004.4203606,29.4812155,24.745581,-2.053444072,-2.0807295795,-1.608522453,-1.677224853,1373.39212,358.7226,117.1508629,51.5919421,16.8486871,58.2192013,19.0142733,0.278039491,432.47196,0.0,71.5065861,0.1519203221,0.0,-1004.4203606,383.966784,1373.39212,0.0,0.0
522.0,-19.7953579,1449.884381,201.9264054,34.4299345,36.53744858,5.380146625,40.70873108,6.080855404,1376.16741,358.7226,68.6456569,51.6961976,9.89311727,58.9718501,11.24668485,0.277798803,1729.66169,0.0,71.6510836,-0.0194379795,0.0,1449.884381,1406.841594,1376.16741,0.0,0.0
522.5,-17.4667213,4036.58923,300.0,26.5769428,126.8131906,11.0586247,134.7864174,11.7577491,1373.09611,358.74805,31.8350784,51.5844781,4.57800503,62.8565267,5.56526823,0.277558168,3081.161,0.0,71.491174,-0.1218380605,0.0,4036.58923,2481.39529,1373.09611,0.0,0.0
523.0,-15.1380841,5765.62963,292.25052,20.0596828,176.026662,12.0530147,186.877457,12.7956959,1368.67863,360.402665,24.7301823,51.6555794,3.54462262,65.926598,4.52279888,0.277317561,3435.7102,0.0,71.2611735,-0.130268268,0.0,5765.62963,3198.28232,1368.67863,0.0,0.0
523.5,-12.80944715,6993.85863,140.777219,13.05267022,101.1505602,9.46684732,109.0476873,10.27715115,1364.81988,362.994576,41.7246885,51.8804392,5.96246916,62.1446016,7.03682327,0.277077002,3435.7102,0.0,71.0602655,-0.0600088968,0.0,6993.85863,3707.10444,1364.81988,0.0,0.0
524.0,-10.4808103,6720.119650000001,-3.9928913255,-4.3616036275,-2.9096808615,-3.1560145975,-2.4529458228,-2.7641295828,1368.95765,365.586488,123.6929209,52.4095451,17.72911585,59.2595686,20.0566666,0.276836472,3435.7102,0.0,71.275705,0.237781874,0.0,6720.119650000001,3595.6157,1368.95765,0.0,0.0
524.5,-8.15217333,6297.65859,11.94740857,2.92942589,7.87412682,1.930791147,9.94095825,2.43764834,1374.86871,368.1784,91.6165065,53.0089161,13.1901215,59.749096,14.8672912,0.276595993,3435.7102,0.0,71.5834676,0.123345448,0.0,6297.65859,3423.27795,1374.86871,0.0,0.0
525.0,-5.82353634,6328.03741,11.3531666,2.80550676,7.52058151,1.85851554,9.50095673,2.34792095,1378.97387,370.770311,91.8928445,53.5414831,13.2701936,60.3292563,14.95250355,0.276355543,3435.7102,0.0,71.7972039,0.1266660494,0.0,6328.03741,3438.31573,1378.97387,0.0,0.0
525.5,-3.51827282,6330.03426,4.84846484,1.290030706,3.21472076,0.855330356,4.06169573,1.080682541,1383.89248,373.336765,99.3182732,54.1044057,14.3935134,60.9521772,16.2152282,0.276115138,3435.7102,0.0,72.0532914,0.155428502,0.0,6330.03426,3442.01854,1383.89248,0.0,0.0
526.0,-2.6798766,6304.19738,3.40599145,0.916829897,2.24835743,0.605219622,2.84099565,0.764747692,1389.44096,374.27405,100.8550915,54.4575907,14.6745352,61.3308147,16.5266517,0.275874765,3435.7102,0.0,72.3421816,0.161367523,0.0,6304.19738,3434.50745,1389.44096,0.0,0.0
526.5,-2.6798766,6291.12976,4.10914298,1.09314357,2.70711914,0.720167373,3.42082688,0.910033043,1394.92197,374.27405,99.5848833,54.672413,14.5469244,61.5499239,16.3768562,0.275634445,3435.7102,0.0,72.6275515,0.156292248,0.0,6291.12976,3432.2701,1394.92197,0.0,0.0
527.0,-2.6798766,6285.49796,4.0526879,1.07537812,2.66754873,0.707832483,3.37088807,0.894463187,1400.29544,374.27405,99.3036196,54.8830207,14.5617327,61.7658888,16.3879174,0.275394149,3435.7102,0.0,72.9073261,0.154764716,0.0,6285.49796,3433.06428,1400.29544,0.0,0.0
527.5,-2.6798766,6277.79327,4.04676599,1.07004236,2.66037756,0.703455022,3.36191425,0.888954796,1405.61776,374.27405,98.9672978,55.091623,14.5675672,61.9796033,16.3889187,0.275153905,3435.7102,0.0,73.184436,0.153041525,0.0,6277.79327,3432.96594,1405.61776,0.0,0.0
528.0,-2.6798766,6270.38505,4.075967,1.07370303,2.67641428,0.705029025,3.38226478,0.890966246,1410.87611,374.27405,98.5923231,55.2977173,14.56666475,62.1905832,16.382402,0.2749137,3435.7102,0.0,73.4582162,0.151182845,0.0,6270.38505,3432.95364,1410.87611,0.0,0.0
528.5,-2.6798766,6263.14438,4.08996009,1.07357066,2.68250144,0.70412809,3.39004061,0.88984957,1416.07218,374.27405,98.2427381,55.501371,14.568472,62.3989765,16.3790155,0.274673517,3435.7102,0.0,73.728752,0.149418146,0.0,6263.14438,3432.97466,1416.07218,0.0,0.0
529.0,-2.6798766,6255.94808,4.10623256,1.0740407,2.69007958,0.703626956,3.39970057,0.889237973,1421.2075,374.27405,97.8964495,55.7026458,14.5697666,62.6048261,16.3751248,0.274433382,3435.7102,0.0,73.996127,0.147668188,0.0,6255.94808,3432.9788,1421.2075,0.0,0.0
529.5,-2.6798766,6248.843589999999,4.12259039,1.07456966,2.69772887,0.703174055,3.40944985,0.888687037,1426.28272,374.27405,97.5559821,55.9015628,14.57094445,62.80816,16.3711755,0.274193292,3435.7102,0.0,74.2603696,0.145942089,0.0,6248.843589999999,3432.9859,1426.28272,0.0,0.0
530.0,-2.6798766,6241.82238,4.13852152,1.07502726,2.70511097,0.702683065,3.41886103,0.888087659,1431.2987,374.27405,97.2218274,56.0981599,14.57210345,63.0090222,16.3672767,0.273953236,3435.7102,0.0,74.521531,0.144241624,0.0,6241.82238,3432.99311,1431.2987,0.0,0.0
530.5,-2.6798766,6238.71862,4.62788489,1.19001364,3.02352776,0.77746859,3.82133162,0.982615557,1436.23468,374.27405,96.3327566,56.2916187,14.4885855,63.2060188,16.2682519,0.273713218,3438.31682,0.0,74.7785259,0.140555017,0.0,6238.71862,3434.58371,1436.23468,0.0,0.0
531.0,-2.6798766,6251.23413,4.96660079,1.26901149,3.25124949,0.830723612,4.10896888,1.04987864,1441.02526,374.27405,95.6180924,56.4793807,14.4291319,63.3972918,16.1964929,0.273473242,3445.51462,0.0,75.0279514,0.137509766,0.0,6251.23413,3442.58865,1441.02526,0.0,0.0
531.5,-2.6798766,6262.88681,4.83908351,1.23429715,3.17370324,0.809510959,4.01080557,1.02302922,1445.76387,374.27405,95.464537,56.6651054,14.4533223,63.5869518,16.2188486,0.273233309,3452.78806,0.0,75.2746715,0.136483155,0.0,6262.88681,3450.20431,1445.76387,0.0,0.0
532.0,-2.6798766,6270.73975,4.49359716,1.1478915,2.95080275,0.753784141,3.72901346,0.952578455,1450.46796,374.27405,95.5692989,56.8494768,14.51631195,63.7753587,16.2848076,0.272993406,3458.06967,0.0,75.519591,0.136383834,0.0,6270.73975,3456.21866,1450.46796,0.0,0.0
532.5,-2.6798766,6263.45198,4.07953326,1.04374758,2.67577761,0.684597583,3.38154014,0.865166899,1455.20217,374.27405,95.7715848,57.0350275,14.5944586,63.9649449,16.3677286,0.272753545,3458.307,0.0,75.7660786,0.136626568,0.0,6263.45198,3455.95036,1455.20217,0.0,0.0
533.0,-2.6798766,6255.64859,4.25139577,1.08231243,2.78504392,0.709011485,3.51971929,0.896043829,1459.88531,374.27405,95.286278,57.2185791,14.56724115,64.1517845,16.3323631,0.272513722,3458.307,0.0,76.009911,0.134400148,0.0,6255.64859,3455.43781,1459.88531,0.0,0.0
533.5,-2.6798766,6249.63284,4.25141207,1.07921786,2.78237993,0.70630529,3.51642426,0.892641935,1464.50519,374.27405,95.006832,57.399651,14.5704869,64.336189,16.3312777,0.272273945,3458.307,0.0,76.2504505,0.132918322,0.0,6249.63284,3455.63211,1464.50519,0.0,0.0
534.0,-2.6798766,6243.18157,4.2590032,1.0778942,2.7844689,0.704710374,3.51914145,0.890645772,1469.07499,374.27405,94.7239346,57.578759,14.57242925,64.5185011,16.3287882,0.272034198,3458.307,0.0,76.4883801,0.13142686,0.0,6243.18157,3455.61598,1469.07499,0.0,0.0
534.5,-2.6798766,6236.84099,4.27711352,1.07916152,2.79346948,0.704822438,3.53059278,0.890806553,1473.59227,374.27405,94.433339,57.7558091,14.57239655,64.6986285,16.3241433,0.271794493,3458.307,0.0,76.723576,0.12991083,0.0,6236.84099,3455.61526,1473.59227,0.0,0.0
535.0,-2.6798766,6230.59961,4.29094021,1.07942752,2.7996955,0.704290658,3.53853663,0.890153331,1478.05789,374.27405,94.1521689,57.9308331,14.5730372,64.8766187,16.3203143,0.271554832,3458.307,0.0,76.9560801,0.128431864,0.0,6230.59961,3455.62555,1478.05789,0.0,0.0
535.5,-2.6798766,6224.4175,4.30516059,1.07981547,2.80618682,0.703844719,3.54681539,0.889608382,1482.47268,374.27405,93.8749584,58.1038654,14.5735297,65.0525055,16.316379,0.271315193,3458.307,0.0,77.185939,0.126970283,0.0,6224.4175,3455.63087,1482.47268,0.0,0.0
536.0,-2.6798766,6218.30756,4.31938674,1.08023397,2.81269592,0.703426377,3.55511605,0.889098038,1486.83722,374.27405,93.6020331,58.27493,14.5739413,65.226317,16.3124106,0.271075614,3458.307,0.0,77.4131811,0.125527274,0.0,6218.30756,3455.63694,1486.83722,0.0,0.0
536.5,-2.6798766,6212.26728,4.33338032,1.08062533,2.81906735,0.702997675,3.56324224,0.888574376,1491.15226,374.27405,93.3335631,58.4440523,14.5743153,65.3980811,16.3084565,0.270836066,3458.307,0.0,77.6378466,0.1241034672,0.0,6212.26728,3455.64306,1491.15226,0.0,0.0
537.0,-2.6798766,6206.29516,4.3472543,1.08101597,2.82537424,0.70257571,3.57128643,0.888059066,1495.4184,374.27405,93.0693274,58.6112583,14.5746326,65.567825,16.3044963,0.270596555,3458.307,0.0,77.8599662,0.1226980635,0.0,6206.29516,3455.64901,1495.4184,0.0,0.0
537.5,-2.6798766,6200.39025,4.36105121,1.08129459,2.83164446,0.702088218,3.57928376,0.887460613,1499.63622,374.31953,92.809752,58.7837228,14.5749765,65.7435767,16.3006207,0.270357082,3458.307,0.0,78.0795691,0.1213125955,0.0,6200.39025,3455.65465,1499.63622,0.0,0.0
538.0,-2.6798766,6194.41368,4.40050191,1.07963986,2.85450273,0.700337982,3.60825053,0.885266234,1503.80714,377.275973,92.5632789,59.4129507,14.57670005,66.4301465,16.2983423,0.270117649,3458.307,0.0,78.2967316,0.1199774564,0.0,6194.41368,3455.60321,1503.80714,0.0,0.0
538.5,-2.6798766,6188.53422,4.47812596,1.08228124,2.9020987,0.701385058,3.66848769,0.88660746,1507.93089,381.907117,92.3007519,60.3071757,14.57521695,67.4128002,16.2925304,0.269878256,3458.307,0.0,78.5114382,0.1185875423,0.0,6188.53422,3455.56447,1507.93089,0.0,0.0
539.0,-2.6798766,6182.85605,4.54617882,1.08265443,2.94349834,0.700983196,3.7208919,0.886116573,1512.00743,386.538269,92.0525781,61.2034905,14.5753248,68.3975119,16.2885519,0.269638901,3458.307,0.0,78.7236878,0.1172526775,0.0,6182.85605,3455.58204,1512.00743,0.0,0.0
539.5,-2.6798766,6177.21109,4.61358374,1.0828249,2.98441345,0.700453466,3.77268524,0.885463908,1516.0383,391.169414,91.8091335,62.1018893,14.57553255,69.3842692,16.2847372,0.269399583,3458.307,0.0,78.933556,0.115938029,0.0,6177.21109,3455.58678,1516.0383,0.0,0.0
540.0,-2.6798766,6171.62819,4.68233255,1.08325186,3.02614796,0.700096332,3.8255155,0.885029205,1520.02394,395.800569,91.5682029,63.0023206,14.57550075,70.373016,16.2807062,0.269160307,3458.307,0.0,79.1410694,0.1146356012,0.0,6171.62819,3455.59078,1520.02394,0.0,0.0
540.5,-2.6798766,6166.111569999999,4.75090527,1.08370669,3.06772144,0.699764219,3.8781434,0.884625907,1523.96481,400.386232,91.330763,63.8974734,14.57539695,71.355601,16.2766449,0.268921069,3458.307,0.0,79.3462535,0.1133489338,0.0,6166.111569999999,3455.59639,1523.96481,0.0,0.0
541.0,-2.6798766,6160.79318,4.79421163,1.08614116,3.09301754,0.700731325,3.91019262,0.885864506,1527.8608,402.06094,91.0877604,64.328627,14.5737798,71.8199013,16.2709437,0.268681869,3458.307,0.0,79.5491019,0.112045397,0.0,6160.79318,3455.65811,1527.8608,0.0,0.0
541.5,-2.6798766,6155.514740000001,4.79725012,1.08421321,3.09232631,0.698888227,3.90938883,0.88355027,1531.71329,402.06094,90.8681421,64.4908318,14.5753011,71.9839824,16.2687971,0.26844271,3458.307,0.0,79.7496867,0.1108295394,0.0,6155.514740000001,3455.71118,1531.71329,0.0,0.0
542.0,-2.6798766,6150.14726,4.81039734,1.08447098,3.0980968,0.698444749,3.91675533,0.883005716,1535.52356,402.06094,90.6420134,64.6512588,14.5751966,72.1461975,16.264882,0.268203586,3458.307,0.0,79.9480671,0.1095931556,0.0,6150.14726,3455.7026,1535.52356,0.0,0.0
542.5,-2.6798766,6144.87284,4.82500136,1.08507286,3.10483748,0.698233069,3.92534748,0.882753906,1539.29105,402.06094,90.4176296,64.809885,14.5747887,72.306536,16.2606763,0.267964501,3458.307,0.0,80.1442268,0.1083662213,0.0,6144.87284,3455.70765,1539.29105,0.0,0.0
543.0,-2.6798766,6139.66121,4.83789146,1.08532967,3.11049186,0.697806004,3.93256577,0.8822296,1543.01657,402.06094,90.1980556,64.966743,14.5745845,72.4650261,16.2567439,0.267725464,3458.307,0.0,80.3381972,0.1071598344,0.0,6139.66121,3455.71431,1543.01657,0.0,0.0
543.5,-2.6798766,6134.50297,4.8510226,1.08566044,3.11631402,0.697432214,3.93999561,0.881772448,1546.70058,402.06094,89.9813358,65.1218534,14.5742798,72.6216975,16.2527461,0.26748645,3458.307,0.0,80.5300097,0.105966883,0.0,6134.50297,3455.719,1546.70058,0.0,0.0
544.0,-2.6798766,6129.40285,4.86416044,1.08598876,3.12215597,0.697063115,3.94744633,0.881320227,1550.34353,402.06094,89.7654331,65.2752354,14.5735545,72.7784455,16.2487456,0.267247485,3458.307,0.0,80.7196809,0.104780909,0.0,6129.40285,3455.72385,1550.34353,0.0,0.0
544.5,-2.6798766,6124.359979999999,4.87732562,1.08632287,3.1280306,0.696703909,3.95490811,0.880873706,1553.94557,402.06094,89.5506804,65.4268956,14.5724684,72.934995,16.2447414,0.26700856,3458.307,0.0,80.9072245,0.1036029864,0.0,6124.359979999999,3455.72876,1553.94557,0.0,0.0
545.0,-2.6798766,6119.37407,4.89038513,1.08663981,3.13385291,0.696339796,3.96229677,0.880419431,1557.50712,402.06094,89.337591,65.5768486,14.571112,73.090982,16.2407456,0.266769665,3458.307,0.0,81.0926585,0.10243482,0.0,6119.37407,3455.73361,1557.50712,0.0,0.0
545.5,-2.6798766,6114.44383,4.90360074,1.0869672,3.13979001,0.695988427,3.96983048,0.879981168,1561.02827,402.06094,89.1236768,65.7251026,14.5690853,73.2483237,16.2367356,0.266530815,3458.307,0.0,81.2759885,0.1012683093,0.0,6114.44383,3455.7381,1561.02827,0.0,0.0
546.0,-2.6798766,5831.89601,-4.41591174,-4.41591174,-2.68539012,-2.68539012,-2.187928864,-2.187928864,1565.55567,402.06094,105.5928847,65.9157213,17.3116234,73.4402389,19.2877888,0.266291998,3328.68278,0.0,81.5117105,0.163497917,0.0,5831.89601,3340.81139,1565.55567,0.0,0.0
546.5,-2.6798766,5441.55233,4.044317278,0.501114864,2.300132316,0.283035243,3.040434223,0.486127869,1570.43091,402.068366,90.7474332,66.1222084,14.9233929,73.67575,16.6280094,0.266053227,3198.726,0.0,81.7655429,0.1062811568,0.0,5441.55233,3181.23311,1570.43091,0.0,0.0
547.0,-2.6798766,5472.16659,6.51151253,1.41665131,3.73046021,0.811614323,4.72324615,1.027608556,1573.69256,402.551103,87.5424769,66.3391136,14.42678595,73.9218629,16.0757735,0.265814499,3198.726,0.0,81.9353635,0.09386369,0.0,5472.16659,3195.87634,1573.69256,0.0,0.0
547.5,-2.6798766,5473.837600000001,4.49876,0.993491544,2.57878478,0.569491218,3.26503084,0.721039744,1577.05612,403.307294,89.0508142,66.6057906,14.7066439,74.1748435,16.3779007,0.265575795,3198.726,0.0,82.1104906,0.0990244709,0.0,5473.837600000001,3198.53562,1577.05612,0.0,0.0
548.0,-2.6798766,5462.801399999999,4.94929742,1.08350738,2.83129145,0.619830801,3.58491314,0.784814807,1580.44226,404.063486,88.4898751,66.8739526,14.64537075,74.4735773,16.3096856,0.265337138,3198.726,0.0,82.286791,0.0965921515,0.0,5462.801399999999,3195.92054,1580.44226,0.0,0.0
548.5,-2.6798766,5459.554529999999,5.048761,1.10039365,2.88649685,0.629121355,3.65486594,0.796589899,1583.75353,404.819675,88.2240935,67.1394779,14.6319878,74.7632645,16.2934719,0.265098516,3198.726,0.0,82.4591936,0.0952503334,0.0,5459.554529999999,3196.50295,1583.75353,0.0,0.0
549.0,-2.6798766,5455.18315,4.99765181,1.08548057,2.85498489,0.620097553,3.61503753,0.785179581,1587.03273,405.575865,88.0897858,67.4041646,14.6399603,75.04924,16.3004455,0.264859934,3198.726,0.0,82.6299276,0.0943931256,0.0,5455.18315,3196.59871,1587.03273,0.0,0.0
549.5,-2.6798766,5450.4153,5.03513927,1.08904014,2.87388562,0.621587113,3.63904868,0.787082725,1590.27689,406.324629,87.8842049,67.6666434,14.63565025,75.3343705,16.2941074,0.264621389,3198.726,0.0,82.7988366,0.0932769987,0.0,5450.4153,3196.50896,1590.27689,0.0,0.0
550.0,-2.6798766,5446.00126,5.05540299,1.0902955,2.8831158,0.621799801,3.65080938,0.787367799,1593.48293,406.59808,87.690402,67.848674,14.632817,75.5297764,16.2893883,0.264382889,3198.726,0.0,82.9657606,0.0922072915,0.0,5446.00126,3196.54425,1593.48293,0.0,0.0
550.5,-2.70143138,5441.54735,5.06765742,1.09053175,2.8877397,0.621425669,3.65673834,0.786909958,1596.65284,406.59808,87.5033739,67.9836434,14.6306543,75.6727464,16.2854143,0.264144424,3198.726,0.0,83.1308046,0.0911403883,0.0,5441.54735,3196.54178,1596.65284,0.0,0.0
551.0,-4.07971398,5426.26853,7.12389786,1.49473794,4.04702677,0.849162849,5.12512826,1.075373847,1599.70349,406.59808,85.7350643,68.113539,14.36228925,75.8452418,15.99252,0.263906001,3198.726,0.0,83.2896422,0.0826927453,0.0,5426.26853,3191.96549,1599.70349,0.0,0.0
551.5,-6.23331026,5417.62485,16.6878545,3.13895063,9.47798161,1.78239911,11.79464953,2.22188239,1602.21436,406.59808,79.3084096,68.2204469,13.3064046,76.0971925,14.8415831,0.263667608,3214.26888,0.0,83.4203716,0.0561963621,0.0,5417.62485,3189.83485,1602.21436,0.0,0.0
552.0,-8.38690631,5801.93064,83.544928,10.4182266,51.2719104,6.36578783,56.5211945,7.03307192,1602.50206,406.59808,52.7087643,68.2326962,8.84556458,77.4117528,10.0259662,0.26342926,3470.36291,0.0,83.4353506,-0.045063793978,0.0,5801.93064,3349.91524,1602.50206,0.0,0.0
552.5,-10.54050285,6680.411,143.685939,12.9641497,100.8711414,9.0731612,109.319471,9.8338846,1599.80187,406.59808,36.9987885,68.1177267,6.19874981,79.4264461,7.22072804,0.263190951,3808.55871,0.0,83.2947625,-0.1024689357,0.0,6680.411,3713.88083,1599.80187,0.0,0.0
553.0,-12.69409895,7560.330809999999,179.3497,12.9015933,142.152859,10.21060775,154.403868,11.0893493,1595.74457,406.59808,29.3281349,67.9449721,4.90109934,82.6764109,5.96083919,0.262952672,4135.39917,0.0,83.0835185,-0.129135919,0.0,7560.330809999999,4077.65294,1595.74457,0.0,0.0
553.5,-14.8476951,8230.50628,118.864684,10.22492416,101.9665088,8.79306161,113.8626482,9.85898562,1591.46991,406.59808,36.8063511,67.762962,6.13340982,79.724191,7.18678069,0.262714439,4227.272,0.0,82.8609531,-0.1022433982,0.0,8230.50628,4354.02189,1591.46991,0.0,0.0
554.0,-17.0012912,8240.935679999999,20.07412375,3.27249482,17.4583122,2.84105601,22.24029515,3.63334091,1590.00597,406.59808,71.9496193,67.7006276,11.9801651,75.8192271,13.4080048,0.262476248,4227.272,0.0,82.784733,0.02124946157,0.0,8240.935679999999,4357.50688,1590.00597,0.0,0.0
554.5,-19.1548879,7815.06314,38.9294422,5.57385038,31.7449169,4.54929865,38.3707168,5.52064018,1590.61127,406.59808,61.4332537,67.7264006,10.23299265,76.2756951,11.5162861,0.262238088,4227.272,0.0,82.816248,-0.01932002623,0.0,7815.06314,4180.65158,1590.61127,0.0,0.0
555.0,-21.3084841,7747.22959,87.2357115,9.42154665,70.7943462,7.64479049,79.4443528,8.58543594,1588.65447,406.59808,44.3164996,67.643083,7.37288151,77.5130196,8.44707316,0.261999973,4227.272,0.0,82.714364,-0.0836484911,0.0,7747.22959,4151.28295,1588.65447,0.0,0.0
555.5,-23.4405032,7840.69349,111.4752229,10.6203693,91.5397349,8.72048405,100.7638275,9.5992954,1585.31014,406.59808,38.7786712,67.5006851,6.4378604,77.8931547,7.42879732,0.261761885,4227.272,0.0,82.5402406,-0.1056845381,0.0,7840.69349,4188.221240000001,1585.31014,0.0,0.0
556.0,-24.21584,7921.34084,115.387361,10.7104075,95.7137485,8.8843823,105.4233148,9.78567715,1581.54787,406.59808,37.7408821,67.3404915,6.2505984,77.978721,7.23800128,0.261523846,4227.272,0.0,82.3443536,-0.1095929925,0.0,7921.34084,4219.58258,1581.54787,0.0,0.0
556.5,-24.21584,7972.77212,106.5837055,10.3061383,88.9848065,8.6045372,98.5275679,9.52775585,1577.85261,406.59808,39.3225431,67.183152,6.49729031,77.4643325,7.49150994,0.261285844,4227.272,0.0,82.1519604,-0.1032699566,0.0,7972.77212,4238.82588,1577.85261,0.0,0.0
557.0,-24.21584,7973.11527,97.5045068,9.8678333,81.4116545,8.2391206,90.9780746,9.2073988,1574.41552,406.59808,41.1479566,67.0368049,6.78412664,77.1490009,7.80745582,0.261047879,4227.272,0.0,81.973004,-0.0961331686,0.0,7973.11527,4236.96171,1574.41552,0.0,0.0
557.5,-24.21584,7947.090200000001,96.3427463,9.8369798,80.1775609,8.18647095,89.6220733,9.15082995,1571.13932,406.59808,41.5194478,66.8973069,6.83117912,76.9687661,7.85961531,0.26080995,4227.272,0.0,81.8024275,-0.0944310071,0.0,7947.090200000001,4224.21956,1571.13932,0.0,0.0
558.0,-24.21584,7934.602929999999,100.3872679,10.0615467,83.4127632,8.36023725,92.7703781,9.2982085,1567.83779,406.59808,40.761398,66.7567315,6.69237812,76.8860499,7.70782848,0.26057206,4227.272,0.0,81.6305314,-0.0968264845,0.0,7934.602929999999,4217.09581,1567.83779,0.0,0.0
558.5,-24.21584,7944.63333,103.5213757,10.2159673,86.1258601,8.49928595,95.4885093,9.4232414,1564.45198,406.59808,40.1278026,66.6125692,6.57410827,76.7885381,7.57838932,0.260334223,4227.272,0.0,81.4542464,-0.0986879771,0.0,7944.63333,4219.29255,1564.45198,0.0,0.0
559.0,-24.21584,7961.82988,103.3426841,10.1992748,86.1628885,8.5037459,95.5889315,9.4340488,1561.0424,406.59808,40.1278426,66.4673916,6.5597698,76.6345054,7.56317733,0.260096403,4227.272,0.0,81.2767258,-0.0981995872,0.0,7961.82988,4224.45724,1561.0424,0.0,0.0
559.5,-24.21584,7971.871270000001,101.4743286,10.1056234,84.7119506,8.43629615,94.182874,9.3795013,1557.67738,406.59808,40.4909738,66.3241134,6.60486022,76.450811,7.61332175,0.259858632,4227.272,0.0,81.1015226,-0.0964090607,0.0,7971.871270000001,4226.67102,1557.67738,0.0,0.0
560.0,-24.21584,7973.265119999999,100.2874902,10.0524042,83.7358834,8.3933393,93.2065801,9.34264355,1554.37124,406.59808,40.7554425,66.183343,6.63389767,76.2784075,7.64577785,0.259620891,4227.272,0.0,80.9293884,-0.0950165358,0.0,7973.265119999999,4225.32032,1554.37124,0.0,0.0
560.5,-24.21584,7972.84929,100.464278,10.0686262,83.8791205,8.40644565,93.332838,9.3539079,1551.09564,406.59808,40.7507929,66.043869,6.61916875,76.1307456,7.63011322,0.259383202,4227.272,0.0,80.7588399,-0.0946205664,0.0,7972.84929,4223.23475,1551.09564,0.0,0.0
561.0,-24.21584,7975.91992,101.1596115,10.10754905,84.4922145,8.44219405,93.9409416,9.3862823,1547.82395,406.59808,40.627178,65.9045666,6.58517084,75.994362,7.59334066,0.25914554,4227.272,0.0,80.5884976,-0.0946506806,0.0,7975.91992,4222.60222,1547.82395,0.0,0.0
561.5,-24.21584,7982.187110000001,101.463481,10.1247791,84.8125786,8.4632291,94.2714963,9.40711,1544.55431,406.522836,40.5665028,65.753191,6.56144363,75.8412031,7.56811622,0.258907918,4227.272,0.0,80.4182615,-0.0944407151,0.0,7982.187110000001,4223.30075,1544.55431,0.0,0.0
562.0,-24.21584,7990.6268,100.8936521,10.1563084,84.4253155,8.49856255,93.7898275,9.4412235,1541.28949,401.631493,40.4305831,64.8249281,6.52563981,74.798187,7.52960744,0.258670336,4227.272,0.0,80.2482759,-0.0945004347,0.0,7990.6268,4224.90631,1541.28949,0.0,0.0
562.5,-24.21584,8001.0159,98.8193265,10.1461512,82.7969851,8.5010963,92.015655,9.4476321,1538.02837,393.969388,40.4504383,63.4536947,6.5150224,73.2301285,7.51880519,0.258432788,4227.272,0.0,80.078483,-0.0939854855,0.0,8001.0159,4227.32516,1538.02837,0.0,0.0
563.0,-24.21584,8007.806140000001,96.0060505,10.1005882,80.5082197,8.4701043,89.569586,9.42345075,1534.79825,386.307289,40.6425306,62.0889481,6.5322122,71.654658,7.53859471,0.258195284,4227.272,0.0,79.9103045,-0.0928564595,0.0,8007.806140000001,4228.26457,1534.79825,0.0,0.0
563.5,-24.21584,8010.51731,93.5798625,10.077083,78.5003166,8.4532559,87.3839935,9.4098907,1531.60492,378.645197,40.7743427,60.7308446,6.53976645,70.091492,7.54776435,0.257957824,4227.272,0.0,79.7440424,-0.0919663915,0.0,8010.51731,4227.52822,1531.60492,0.0,0.0
564.0,-24.21584,8012.647419999999,91.7950511,10.08769125,77.023579,8.464406,85.7234446,9.42046005,1528.43327,370.983094,40.7691955,59.3787101,6.52540302,68.5456685,7.53280618,0.257720394,4227.272,0.0,79.57891,-0.091582552,0.0,8012.647419999999,4226.56277,1528.43327,0.0,0.0
564.5,-24.21584,6833.630840000001,-2.1341634,-28.6534087,5.3135554,-16.9398716,9.3664878,-15.63927603,1530.55707,363.396238,174.6532761,58.2440002,28.02937715,67.2861902,32.5312869,0.257483008,3544.96091,0.0,79.689487,0.4085933535,0.0,6833.630840000001,3737.20521,1530.55707,0.0,0.0
565.0,-24.21584,1308.107464,-13.6943141,-22.92428261,-5.554340372,-5.85123743,-4.640917653,-5.231844695,1546.36808,360.6255,122.6097704,58.3979914,19.8465305,65.360937,22.247452,0.257245648,1507.52009,0.0,80.5126946,0.228320625,0.0,1308.107464,1447.22606,1546.36808,0.0,0.0
565.5,-24.2169979,591.019743,61.3708113,14.71562875,3.75803054,0.8989255,5.21842184,1.249034716,1549.60095,360.6255,86.6554398,58.5200793,14.0618635,65.3004929,15.6910744,0.257008336,1225.9447,0.0,80.681017,0.0460152298,0.0,591.019743,1150.72824,1549.60095,0.0,0.0
566.0,-24.2908429,828.220823,41.0160211,9.8982256,3.55985325,0.85905227,4.84903593,1.17028781,1551.30405,360.6255,86.9851421,58.5843963,14.1309492,65.3607451,15.7654388,0.256771061,1225.9447,0.0,80.7696915,0.0551417034,0.0,828.220823,1250.42379,1551.30405,0.0,0.0
566.5,-24.4062341,763.452905,40.5723778,9.8220334,3.2421863,0.784901946,4.49824496,1.08899424,1553.26021,360.6255,87.3159829,58.6582705,14.2025525,65.430839,15.84235155,0.256533832,1225.9447,0.0,80.8715412,0.0559531031,0.0,763.452905,1224.61557,1553.26021,0.0,0.0
567.0,-24.5216251,760.356638,42.6918892,10.3022404,3.39930222,0.820304647,4.63229072,1.11784421,1555.14975,360.6255,87.0275215,58.7296272,14.17285565,65.5100041,15.80912215,0.256296622,1225.9447,0.0,80.96992,0.0537952113,0.0,760.356638,1224.43047,1555.14975,0.0,0.0
567.5,-24.6370162,762.816583,42.4316257,10.22683855,3.3895198,0.816939893,4.62935144,1.11576319,1556.99855,360.6255,86.9163951,58.7994481,14.1715873,65.5842286,15.80682535,0.256059466,1225.9447,0.0,81.0661784,0.0531840256,0.0,762.816583,1226.53358,1556.99855,0.0,0.0
568.0,-24.7524071,758.732973,42.7060684,10.2792511,3.39317234,0.816729046,4.63031165,1.11450603,1558.8233,360.6255,86.8021857,58.8683602,14.1695517,65.6575646,15.8037064,0.255822338,1225.9447,0.0,81.161186,0.0523436364,0.0,758.732973,1225.89983,1558.8233,0.0,0.0
568.5,-24.8677984,756.294522,43.0033599,10.3360225,3.40581748,0.818601587,4.64049396,1.11536103,1560.61761,360.6255,86.6779751,58.936118,14.16556225,65.729894,15.79847685,0.255585256,1225.9447,0.0,81.254606,0.0514669847,0.0,756.294522,1225.93283,1560.61761,0.0,0.0
569.0,-24.9831894,753.923717,43.2508223,10.3813058,3.41467752,0.819610417,4.64748593,1.11551629,1562.38243,360.6255,86.5595409,59.002767,14.1622043,65.8009622,15.7939487,0.255348206,1225.9447,0.0,81.346494,0.0506327285,0.0,753.923717,1225.97677,1562.38243,0.0,0.0
569.5,-25.0985806,751.457326,43.5116385,10.42977785,3.42403106,0.820743529,4.65471579,1.11574,1564.11852,360.6255,86.4425123,59.0683292,14.15877245,65.8708745,15.78935355,0.255111199,1225.9447,0.0,81.4368859,0.0498010851,0.0,751.457326,1225.96419,1564.11852,0.0,0.0
570.0,-25.2139715,749.059666,43.7742475,10.47800625,3.4337054,0.821907931,4.66634981,1.11695948,1565.82574,360.6255,86.32168,59.1328033,14.1544133,65.9397285,15.78376395,0.254874232,1225.9447,0.0,81.5257712,0.048961173,0.0,749.059666,1225.96334,1565.82574,0.0,0.0
570.5,-25.3282043,746.706263,44.038636,10.5263156,3.44359136,0.823103228,4.68078407,1.11882276,1567.50382,360.6255,86.1990351,59.1961744,14.14945075,66.0074796,15.7775327,0.254637295,1225.9447,0.0,81.6131425,0.0481203172,0.0,746.706263,1225.96389,1567.50382,0.0,0.0
571.0,-25.36975,744.933705,44.2018641,10.5516954,3.44815503,0.823130169,4.68823236,1.11915654,1569.1548,360.6255,86.086634,59.2585235,14.1458842,66.073972,15.7728319,0.254400402,1225.9447,0.0,81.6991026,0.0474405458,0.0,744.933705,1226.19031,1569.1548,0.0,0.0
571.5,-25.36975,743.078387,44.2132169,10.5431202,3.44045029,0.820412838,4.68063442,1.11614819,1570.78608,360.6255,85.994192,59.3201286,14.1453843,66.1393097,15.77147525,0.254163545,1225.9447,0.0,81.7840378,0.0469353298,0.0,743.078387,1226.3708,1570.78608,0.0,0.0
572.0,-25.36975,740.707009,44.2606548,10.54306235,3.43314986,0.817790057,4.67388922,1.11333909,1572.39982,360.6255,85.9017499,59.3810714,14.1446948,66.2039581,15.7699211,0.253926731,1225.9447,0.0,81.8680569,0.0464174693,0.0,740.707009,1226.32632,1572.39982,0.0,0.0
572.5,-25.36975,979.080787,81.3084914,17.455946,8.89431149,1.882931697,10.70636906,2.27399494,1573.66249,360.6255,79.3537464,59.4287554,13.0769224,66.3789504,14.60490285,0.253689949,1406.91902,0.0,81.9338002,0.013056843963,0.0,979.080787,1326.25268,1573.66249,0.0,0.0
573.0,-25.36975,2130.78555,133.152367,22.4772034,29.9950645,5.00053422,33.0146289,5.50857635,1572.85684,360.6255,61.2961967,59.3983291,10.0963001,66.8874611,11.36596095,0.25345321,1874.33929,0.0,81.8918511,-0.0539968315,0.0,2130.78555,1805.01508,1572.85684,0.0,0.0
573.5,-25.36975,3325.10374,157.203751,20.8961429,55.0090748,7.26414934,59.223859,7.82261242,1570.2713,360.6255,48.191341,59.3006879,7.9248284,67.7194786,9.0475661,0.253216502,2345.19406,0.0,81.7572328,-0.0932985845,0.0,3325.10374,2300.47002,1570.2713,0.0,0.0
574.0,-25.36975,4379.29581,185.439914,19.6200832,85.0461885,8.97638215,90.8746999,9.5920255,1566.46956,360.6255,38.2436664,59.1571154,6.27369012,68.607986,7.27379599,0.252979845,2773.3243,0.0,81.5592926,-0.1227573354,0.0,4379.29581,2736.90728,1566.46956,0.0,0.0
574.5,-25.36975,5057.81906,95.858394,12.7521603,50.4846298,6.7323576,54.9315242,7.34788035,1562.79338,360.6255,51.1274331,59.018287,8.36666137,67.2166804,9.51358519,0.252743215,2850.494,0.0,81.3678903,-0.0686661442,0.0,5057.81906,3017.09939,1562.79338,0.0,0.0
575.0,-25.36975,4827.84902,30.5605537,6.07011586,15.4163103,3.06308298,18.490923,3.67570252,1562.14547,360.6255,71.9479444,58.9938185,11.76977855,66.0704681,13.1814092,0.25250662,2850.494,0.0,81.3341564,0.010439530023,0.0,4827.84902,2921.02883,1562.14547,0.0,0.0
575.5,-25.36975,4549.20016,59.9142195,10.2369492,28.5345776,4.87571926,31.6916707,5.4186009,1561.91743,360.6255,62.1300386,58.9852057,10.162296,66.3747479,11.43415815,0.252270066,2850.494,0.0,81.3222825,-0.02853094425,0.0,4549.20016,2804.9478,1561.91743,0.0,0.0
576.0,-25.36975,4626.50342,72.2760934,11.5975167,35.0128052,5.61833504,38.3922842,6.16064369,1560.53691,360.6255,57.8685042,58.9330717,9.4568063,66.6043054,10.68776435,0.252033559,2850.494,0.0,81.2504044,-0.0445112419,0.0,4626.50342,2836.30823,1560.53691,0.0,0.0
576.5,-25.36975,4682.39768,59.7136282,10.1585523,29.2882395,4.98215213,32.4980576,5.53076607,1559.1724,360.6255,61.547024,58.8815426,10.04909175,66.2943437,11.3132925,0.251797079,2836.25401,0.0,81.1793629,-0.0299316808,0.0,4682.39768,2858.7695,1559.1724,0.0,0.0
577.0,-25.36975,4474.73614,38.013117,7.36577225,17.8365671,3.45475003,20.9074407,4.0502419,1558.73007,360.6255,69.9083376,58.8648367,11.4111291,65.9756005,12.7894687,0.251560642,2744.12865,0.0,81.1563326,0.00204225164,0.0,4474.73614,2772.1017,1558.73007,0.0,0.0
577.5,-25.36975,4141.3803,41.1742273,7.98743579,17.8329042,3.46011735,20.7060192,4.01800155,1558.86838,360.6255,70.057709,58.8700607,11.4365218,65.9781546,12.81736295,0.251324238,2642.44367,0.0,81.1635335,0.001433921345,0.0,4141.3803,2633.47068,1558.86838,0.0,0.0
578.0,-25.36975,4006.87381,59.9392446,10.714237,25.1532446,4.49601983,27.8730487,4.98297508,1558.56488,360.6255,64.6550631,58.8585985,10.5525499,66.0855902,11.8480447,0.251087887,2609.5535,0.0,81.1477296,-0.020745884,0.0,4006.87381,2577.32434,1558.56488,0.0,0.0
578.5,-25.36975,4076.6934,64.0384053,11.19560545,27.3351451,4.77906465,30.1400565,5.26948283,1557.66616,360.6255,63.0448265,58.8246599,10.28376055,66.109114,11.5571938,0.250851553,2609.5535,0.0,81.1009401,-0.0266795104,0.0,4076.6934,2605.85205,1557.66616,0.0,0.0
579.0,-25.36975,4102.44721,58.1155369,10.4414294,24.9672233,4.48576098,27.6375693,4.96556775,1556.87061,360.6255,64.7850392,58.7946149,10.5622292,66.0006904,11.85676725,0.250615271,2609.5535,0.0,81.0595189,-0.0196300376,0.0,4102.44721,2616.10384,1556.87061,0.0,0.0
579.5,-25.36975,4083.11155,57.8647294,10.42296865,24.7417158,4.4566469,27.3887185,4.93345391,1556.22298,360.6255,64.9651669,58.7701579,10.58719965,65.9717835,11.8845412,0.250379021,2609.5535,0.0,81.0257983,-0.0189264981,0.0,4083.11155,2607.67999,1556.22298,0.0,0.0
580.0,-25.36975,4080.87496,59.2896369,10.6093205,25.3373504,4.53387772,28.0062934,5.01146019,1555.53686,360.6255,64.5333335,58.7442459,10.51218675,65.9530844,11.80219635,0.250142811,2609.5535,0.0,80.9900756,-0.0205559551,0.0,4080.87496,2606.34866,1555.53686,0.0,0.0
580.5,-25.36975,4087.01407,59.1552132,10.5885531,25.3178884,4.53180425,27.9857351,5.00933882,1554.82533,360.6255,64.5491216,58.7173755,10.5099467,65.924813,11.8000212,0.249906639,2609.5535,0.0,80.953027,-0.0203735819,0.0,4087.01407,2608.48773,1554.82533,0.0,0.0
581.0,-25.36975,4088.05926,58.8336553,10.5472481,25.1867213,4.51528287,27.8453791,4.99190671,1554.13094,360.6255,64.6499726,58.6911526,10.5216671,65.8955844,11.81321825,0.249670502,2609.5535,0.0,80.9168773,-0.0198821745,0.0,4088.05926,2608.51723,1554.13094,0.0,0.0
581.5,-25.36975,4087.7697,58.91163,10.5576614,25.2183162,4.51942087,27.8791473,4.99627331,1553.44447,360.6255,64.6289859,58.665229,10.513606,65.868998,11.80461935,0.249434404,2609.5535,0.0,80.8811343,-0.0198760628,0.0,4087.7697,2607.9959,1553.44447,0.0,0.0
582.0,-25.36975,4088.87934,58.9821589,10.5662122,25.2553612,4.52430881,27.918813,5.00144629,1552.75677,360.6255,64.6035426,58.6392581,10.5048142,65.842447,11.7952152,0.249198337,2609.5535,0.0,80.8453295,-0.0198811095,0.0,4088.87934,2608.05609,1552.75677,0.0,0.0
582.5,-25.36975,4090.12062,58.9575236,10.56254635,25.2524757,4.52411213,27.9157512,5.00125189,1552.07127,360.6255,64.6079725,58.61337,10.5008963,65.8154081,11.7911797,0.248962306,2609.5535,0.0,80.809637,-0.0197685638,0.0,4090.12062,2608.17232,1552.07127,0.0,0.0
583.0,-25.36975,4091.00194,58.9473108,10.56093675,25.253542,4.52439742,27.9169038,5.0015624,1551.38968,360.6255,64.6094398,58.5876301,10.49652375,65.7885766,11.786641,0.248726319,2609.5535,0.0,80.7741519,-0.0196697215,0.0,4091.00194,2608.14106,1551.38968,0.0,0.0
583.5,-25.36975,4091.8935,58.9582514,10.56200125,25.2637336,4.52583953,27.9278238,5.00309448,1550.71093,360.6255,64.603979,58.5619973,10.49104465,65.7619882,11.7808819,0.24849036,2609.5535,0.0,80.7388085,-0.0195983704,0.0,4091.8935,2608.11576,1550.71093,0.0,0.0
584.0,-25.36975,4092.86511,58.9630335,10.562219,25.2717818,4.52700759,27.9364549,5.00433813,1550.03472,360.6255,64.600039,58.5364589,10.48583,65.7354696,11.7754124,0.248254441,2609.5535,0.0,80.7036016,-0.0195210109,0.0,4092.86511,2608.12519,1550.03472,0.0,0.0
584.5,-25.36975,4093.8185,58.9636179,10.5619032,25.2779192,4.52792664,27.9430411,5.0053186,1549.36123,360.6255,64.5974663,58.5110265,10.48085685,65.709034,11.7702082,0.248018557,2609.5535,0.0,80.668537,-0.0194387097,0.0,4093.8185,2608.1287,1549.36123,0.0,0.0
585.0,-25.36975,4094.74963,58.9663368,10.5618617,25.2848344,4.52893874,27.9504595,5.00639703,1548.69058,360.6255,64.5942445,58.4856994,10.4757972,65.6827156,11.7649071,0.247782703,2609.5535,0.0,80.6336184,-0.019359405,0.0,4094.74963,2608.12457,1548.69058,0.0,0.0
585.5,-25.36975,4095.67621,58.9706258,10.560788,25.2923953,4.52950328,27.9587165,5.00700294,1548.02265,360.68473,64.5932444,58.4700759,10.47111715,65.6675645,11.76008,0.247546894,2609.5535,0.0,80.5988404,-0.0192715314,0.0,4095.67621,2608.12008,1548.02265,0.0,0.0
586.0,-25.36975,4094.68983,59.319415,10.526585,25.4358398,4.51374634,28.1216145,4.99035325,1547.3639,364.535227,64.6882617,59.0690975,10.48205775,66.3411278,11.7725099,0.247311117,2609.5535,0.0,80.5645432,-0.0188166571,0.0,4094.68983,2607.32504,1547.3639,0.0,0.0
586.5,-25.36975,4092.77183,60.5007248,10.55260875,25.9302506,4.52278542,28.665539,4.99987885,1546.71285,370.566898,64.6364246,60.0212015,10.46925235,67.4141084,11.7587659,0.247075373,2609.5535,0.0,80.5306455,-0.0189425599,0.0,4092.77183,2606.14675,1546.71285,0.0,0.0
587.0,-25.36975,4094.08042,61.6587871,10.57147185,26.435058,4.53231855,29.2209243,5.00995844,1546.05479,376.598565,64.5817336,60.9722072,10.4559428,68.4860505,11.7444692,0.246839667,2609.64708,0.0,80.4963849,-0.0190645677,0.0,4094.08042,2606.30703,1546.05479,0.0,0.0
587.5,-25.36975,4223.19353,97.6262135,13.7731303,43.3759,6.10635517,47.1904949,6.64726897,1544.9465,382.630229,55.0588386,61.9042732,8.90804494,70.2420712,10.1029431,0.246603998,2734.78761,0.0,80.438679,-0.0552771032,0.0,4223.19353,2659.38484,1544.9465,0.0,0.0
588.0,-25.36975,4754.68269,151.321749,16.4996429,75.5598644,8.21932729,81.1235589,8.8254885,1542.16729,388.661898,42.6192982,62.7669197,6.88307524,72.240237,7.92050919,0.246368366,2960.78454,0.0,80.2939786,-0.0999060789,0.0,4754.68269,2878.91865,1542.16729,0.0,0.0
588.5,-25.36975,5373.418299999999,152.2353994,15.3737124,85.3982035,8.6342162,91.8611634,9.28938675,1538.44516,394.634335,40.0562035,63.5776167,6.45305949,73.4339165,7.45239828,0.246132767,3114.25078,0.0,80.1001838,-0.105761706,0.0,5373.418299999999,3134.20579,1538.44516,0.0,0.0
589.0,-25.36975,5599.81923,62.0715943,8.5884567,36.58121889,5.05756604,40.8173853,5.6803374,1535.80327,396.8155,60.8505458,63.8194163,9.78620385,72.2316485,11.057236,0.245897205,3074.317,0.0,79.9626344,-0.0263658321,0.0,5599.81923,3226.87038,1535.80327,0.0,0.0
589.5,-25.36975,4832.69686,4.282449894,0.7542959737,2.043323294,0.3520078624,2.659290488,0.5047376057,1537.32958,396.8155,90.3202003,63.882841,14.54028805,71.307146,16.2297939,0.245661675,2848.02066,0.0,80.0421028,0.0824495574,0.0,4832.69686,2908.55628,1537.32958,0.0,0.0
590.0,-25.36975,4039.03862,33.3952265,6.18660071,13.948927,2.58885863,16.62936735,3.09433588,1539.24872,396.8155,75.5221565,63.9625897,12.1732851,71.6472715,13.6348195,0.245426186,2629.29264,0.0,80.1420221,0.02488259941,0.0,4039.03862,2579.42974,1539.24872,0.0,0.0
590.5,-25.36975,3924.07448,76.8240297,12.0004686,31.5987144,4.93427091,34.7585845,5.42822103,1539.08867,396.8155,62.2339584,63.9559392,10.03049045,72.0338121,11.2967271,0.245190726,2594.967,0.0,80.1336874,-0.0282111289,0.0,3924.07448,2531.49885,1539.08867,0.0,0.0
591.0,-25.36975,4096.99947,74.6063879,11.63144125,31.9908618,4.98832745,35.1983366,5.48870574,1537.98393,396.8155,61.9115738,63.9100327,9.9712738,71.9928024,11.2320365,0.244955311,2594.967,0.0,80.0761687,-0.0284780777,0.0,4096.99947,2602.80919,1537.98393,0.0,0.0
591.5,-25.36975,4117.86664,60.9918022,10.08868165,26.3033359,4.350735,29.2916471,4.84516959,1537.28757,396.85672,65.637353,63.8877308,10.5665819,71.776825,11.87136845,0.244719926,2594.967,0.0,80.0399165,-0.01364479865,0.0,4117.86664,2611.0856,1537.28757,0.0,0.0
592.0,-25.36975,4066.40622,62.6414576,10.2747654,26.6733027,4.37516547,29.6135041,4.85757415,1536.84117,399.536267,65.561248,64.3004022,10.5512774,72.2440154,11.85476095,0.24448458,2594.967,0.0,80.0166714,-0.0141522559,0.0,4066.40622,2589.41185,1536.84117,0.0,0.0
592.5,-25.36975,4063.76901,66.8605195,10.6951716,28.4532089,4.55141998,31.4435984,5.02977236,1536.27581,403.733686,64.5890401,64.9520181,10.39098545,72.9991674,11.6783612,0.244249264,2594.967,0.0,79.9872348,-0.017954968,0.0,4063.76901,2587.98441,1536.27581,0.0,0.0
593.0,-25.36975,4077.9719,67.0394726,10.6278534,28.6287663,4.5385517,31.6427291,5.01635735,1535.6539,407.931102,64.665207,65.6007237,10.3990234,73.7293704,11.6875762,0.24401399,2594.967,0.0,79.9548561,-0.0175097359,0.0,4077.9719,2593.53126,1535.6539,0.0,0.0
593.5,-25.36975,4078.90262,66.7758,10.5206748,28.5227129,4.4938194,31.5396289,4.96914103,1535.07137,412.128524,64.9305469,66.2505889,10.4377342,74.4566517,11.73059395,0.243778751,2594.967,0.0,79.9245285,-0.0163873861,0.0,4078.90262,2593.57828,1535.07137,0.0,0.0
594.0,-25.36975,4075.95382,67.653216,10.54417145,28.8766086,4.50059885,31.9285926,4.97627037,1534.50542,416.325939,64.8887729,66.9006568,10.4271741,75.1907209,11.7192673,0.243543543,2594.967,0.0,79.8950607,-0.0164882505,0.0,4075.95382,2592.0209,1534.50542,0.0,0.0
594.5,-25.36975,4076.88021,68.6078521,10.5738997,29.2907573,4.51431407,32.3821632,4.99076401,1533.93025,420.482138,64.8057765,67.5432042,10.4099336,75.9173446,11.7005779,0.243308375,2594.967,0.0,79.8651127,-0.0167323794,0.0,4076.88021,2592.07046,1533.93025,0.0,0.0
595.0,-25.36975,4079.9755,69.017533,10.5890126,29.4880199,4.52419848,32.5972612,5.00123357,1533.34905,422.0,64.7456956,67.7613579,10.396342,76.1665395,11.6859137,0.243073242,2594.967,0.0,79.834853,-0.0168761468,0.0,4079.9755,2593.0191,1533.34905,0.0,0.0
595.5,-25.36975,4082.78814,68.828688,10.5663827,29.4276046,4.51764157,32.5327931,4.99434107,1532.76882,422.0,64.7836138,67.735717,10.39849365,76.1395446,11.68861315,0.242838142,2594.967,0.0,79.8046408,-0.0166374112,0.0,4082.78814,2593.85064,1532.76882,0.0,0.0
596.0,-25.36975,4083.15764,68.7085836,10.55283355,29.3789149,4.51225713,32.48073,4.98865968,1532.19784,422.0,64.8143614,67.710487,10.39955395,76.113124,11.6901031,0.242603078,2594.967,0.0,79.7749149,-0.0164387866,0.0,4083.15764,2593.67101,1532.19784,0.0,0.0
596.5,-25.36975,4083.37679,68.7760205,10.55978185,29.4093294,4.51547079,32.5133331,4.99205546,1531.62971,422.0,64.7937183,67.685378,10.392387,76.0879631,11.68251705,0.242368052,2594.967,0.0,79.745335,-0.0164425198,0.0,4083.37679,2593.4305,1531.62971,0.0,0.0
597.0,-25.36975,4084.31238,68.8187836,10.5635611,29.4343582,4.51812176,32.540212,4.99486473,1531.06125,422.0,64.776404,67.6602571,10.3857535,76.0627134,11.6755186,0.24213306,2594.967,0.0,79.7157356,-0.0164300005,0.0,4084.31238,2593.48797,1531.06125,0.0,0.0
597.5,-25.36975,4085.2712,68.8072708,10.5614147,29.4363423,4.51826403,32.5424254,4.99502522,1530.4944,422.0,64.7740031,67.6352058,10.3815239,76.037204,11.6711709,0.241898104,2594.967,0.0,79.6862222,-0.0163591449,0.0,4085.2712,2593.55592,1530.4944,0.0,0.0
598.0,-25.36975,4086.01605,68.8043685,10.5603393,29.4404681,4.5186278,32.5469203,4.99541717,1529.93001,422.0,64.7702031,67.6102656,10.3770871,76.0118366,11.66659315,0.241663187,2594.967,0.0,79.6568386,-0.0162950175,0.0,4086.01605,2593.53627,1529.93001,0.0,0.0
598.5,-25.36975,4086.75599,68.8172525,10.5609749,29.451312,4.51971802,32.5586087,4.99657625,1529.3675,422.0,64.761999,67.585406,10.3719575,75.9866458,11.6612491,0.241428301,2594.967,0.0,79.6275505,-0.0162484076,0.0,4086.75599,2593.51573,1529.3675,0.0,0.0
599.0,-25.36975,4087.55534,68.8273089,10.5612567,29.4613773,4.52072261,32.5694659,4.99764554,1528.80658,422.0,64.7542415,67.560617,10.36691155,75.9615194,11.65599675,0.241193452,2594.967,0.0,79.5983461,-0.016199967,0.0,4087.55534,2593.52087,1528.80658,0.0,0.0
599.5,-25.36975,4088.35154,68.8328682,10.56104475,29.4694972,4.5215124,32.5782423,4.99848798,1528.24747,422.0,64.7477065,67.5359065,10.36207365,75.9364408,11.65097225,0.240958641,2594.967,0.0,79.5692336,-0.016146982,0.0,4088.35154,2593.52569,1528.24747,0.0,0.0
600.0,-25.36975,4089.127,68.839435,10.56094825,29.4778985,4.5223288,32.5873201,4.99935828,1527.69013,422.0,64.7409458,67.5112816,10.35721335,75.9114484,11.6459216,0.240723864,2594.967,0.0,79.5402145,-0.0160951893,0.0,4089.127,2593.52293,1527.69013,0.0,0.0
600.5,-25.36975,4089.90076,68.8473671,10.560994,29.4868739,4.52320424,32.5970131,5.00029081,1527.13453,422.0,64.733767,67.4867285,10.352299,75.8865435,11.64081,0.240489117,2594.967,0.0,79.5112896,-0.0160452491,0.0,4089.90076,2593.52051,1527.13453,0.0,0.0
601.0,-25.36975,4090.67739,68.855045,10.5610029,29.4957609,4.52406679,32.6066124,5.00120981,1526.58069,422.0,64.726605,67.4622516,10.3473993,75.8617116,11.6357134,0.240254409,2594.967,0.0,79.4824528,-0.0159954565,0.0,4090.67739,2593.5203,1526.58069,0.0,0.0
601.5,-25.36975,4091.45124,68.8623945,10.56097125,29.5044897,4.52490907,32.6160429,5.00210742,1526.02857,422.0,64.7194996,67.4378524,10.3425216,75.836956,11.6306396,0.240019742,2594.967,0.0,79.4537061,-0.0159456527,0.0,4091.45124,2593.5199,1526.02857,0.0,0.0
602.0,-25.36975,4092.22119,68.869895,10.5609509,29.5132568,4.52575195,32.6255141,5.00300547,1525.47815,422.0,64.7123286,67.4135275,10.3376456,75.812278,11.62556655,0.239785109,2594.967,0.0,79.4250481,-0.0158963369,0.0,4092.22119,2593.51885,1525.47815,0.0,0.0
602.5,-25.36975,4100.187,72.6931365,10.9413765,31.2176822,4.69843431,34.4469273,5.18469536,1524.90498,422.0,63.6463959,67.3882,10.16356985,75.8513206,11.4397034,0.239550507,2608.78992,0.0,79.3952055,-0.0199268271,0.0,4100.187,2596.49883,1524.90498,0.0,0.0
603.0,-25.36975,4246.75831,95.1812105,12.8798139,42.3722786,5.73092274,46.3201639,6.26528221,1523.81848,422.0,57.2605323,67.3401845,9.1373637,76.3178884,10.3549444,0.239315941,2694.26608,0.0,79.3386355,-0.0438140598,0.0,4246.75831,2656.85378,1523.81848,0.0,0.0
603.5,-25.36975,4535.73029,104.8222101,13.3161946,49.789774,6.32408668,54.2349634,6.88870484,1522.04141,422.0,53.6242474,67.261653,8.5470776,76.5502544,9.7273513,0.239081415,2789.80375,0.003384881938,79.2461101,-0.0565455416,0.0,4535.73029,2776.05952,1522.04141,-0.08274898,0.005272587
604.0,-25.36975,4807.12071,102.1346714,12.8007884,51.40724,6.44282079,56.0338234,7.02266255,1519.68247,422.0,52.8931235,67.157407,8.41746155,76.5061582,9.5892242,0.238846921,2885.34141,0.219084948,79.1232928,-0.0861125012,0.0,4807.12071,2887.60976,1519.68247,-5.46197912,0.3476027635
604.5,-25.36975,5021.62806,95.826693,12.1157253,50.3656479,6.36904692,54.9971423,6.95496357,1515.95178,422.0,53.394407,66.992542,8.47623195,76.2931729,9.6527553,0.238612464,2961.83915,0.556138713,78.9290509,-0.1273241129,0.0,5021.62806,2974.68954,1515.95178,-13.8883231,0.881780057
605.0,-25.36975,5091.29882,73.2985415,10.2386431,39.0844684,5.45924773,43.1973568,6.03464393,1511.14629,422.0,59.0040681,66.7801795,9.3369853,75.5941131,10.5689082,0.238378041,2968.2534,0.893192477,78.6788516,-0.149794079,0.0,5091.29882,3000.8742,1511.14629,-22.314667,1.41234013
605.5,-25.3911547,5022.725469999999,68.97101,9.9101542,36.2736492,5.21213049,40.3013744,5.79101992,1505.38318,422.0,60.6596318,66.525498,9.5626608,75.1918905,10.80836715,0.238143652,2968.2534,1.23024623,78.3787885,-0.187643185,0.0,5022.725469999999,2968.97526,1505.38318,-30.7410114,1.93825785
606.0,-26.7572629,4983.30308,79.524091,10.93057025,41.4975784,5.70393513,45.5496761,6.2610824,1497.97139,422.0,58.0899641,66.1979561,9.1126716,75.0729495,10.3341411,0.237909306,2968.2534,1.56729998,77.9928912,-0.242870259,0.0,4983.30308,2948.24362,1497.97139,-39.1673552,2.45738485
606.5,-28.8918986,4983.76782,93.8593949,12.11427985,48.9870471,6.32257819,53.501984,6.90545939,1488.54586,422.0,54.5365468,65.7814265,8.50146135,74.9455365,9.6856016,0.237674989,2968.2534,1.89760954,77.5021439,-0.301336493,0.0,4983.76782,2942.93347,1488.54586,-47.4282014,2.95697549
607.0,-31.026535,5004.35082,106.719782,13.0531053,55.9291532,6.84068785,60.8423243,7.44172182,1477.88342,422.0,51.6605365,65.3102336,7.99539708,74.7032686,9.1451784,0.237440709,2968.2534,1.80323762,76.9469957,-0.301095152,0.0,5004.35082,2945.27254,1477.88342,-45.0960852,2.79199594
607.5,-33.1611706,5020.03856,118.684466,13.84373945,62.393129,7.27768107,67.6482995,7.89075844,1468.06298,422.0,49.262517,64.8762533,7.57357019,74.4576923,8.6919825,0.237206464,2968.2534,1.46618386,76.4356885,-0.266958245,0.0,5020.03856,2946.06626,1468.06298,-36.6697416,2.25524068
608.0,-35.2958068,5025.12549,132.237517,14.6613668,69.587525,7.71526058,75.1928546,8.3368616,1459.42104,422.0,46.829828,64.4943499,7.15718875,74.2683458,8.24172075,0.236972251,2968.2534,1.1291301,75.9857412,-0.233136788,0.0,5025.12549,2943.13702,1459.42104,-28.2433968,1.72681246
608.5,-37.4304434,5025.3869,148.395642,15.5370693,78.094228,8.17649247,84.0814261,8.80351385,1451.93394,422.0,44.2275392,64.1634828,6.72478672,74.1462199,7.77091209,0.236738078,2968.2534,0.792076346,75.5959184,-0.200116238,0.0,5025.3869,2938.87409,1451.93394,-19.8170529,1.205444233
609.0,-39.5650788,5024.89444,166.954642,16.4276991,87.8523698,8.6443438,94.2436995,9.2734029,1445.58064,422.0,41.5660239,63.8827179,6.29243263,74.0814044,7.29686743,0.236503942,2968.2534,0.455022585,75.2651301,-0.16745967,0.0,5024.89444,2934.95951,1445.58064,-11.390709,0.689902661
609.5,-41.6997153,5023.36661,187.700965,17.3000879,98.7387624,9.10061685,105.5623054,9.72968465,1440.35508,421.985382,38.9344166,63.6495918,5.87272596,74.0967413,6.83643198,0.236269836,2968.2534,0.121352786827,74.9930585,-0.135253766,0.0,5023.36661,2931.27264,1440.35508,-3.0471139858,0.183971672754
610.0,-43.8343509,5016.36475,211.484352,18.1106501,111.0927706,9.5136693,118.5755135,10.15454965,1435.86426,421.035066,36.0991771,63.3083009,5.42810916,74.73879,6.40741415,0.23603577,2968.2534,0.0,74.7592415,-0.131661505,0.0,5016.36475,2925.73697,1435.86426,0.0,0.0
610.5,-45.9476005,5002.35228,240.334159,18.9561788,125.8936181,9.92998465,134.2055095,10.58568925,1431.08893,419.546392,33.1370453,62.8746655,4.9661546,75.6209879,5.97212309,0.235801736,2968.2534,0.0,74.5106094,-0.144587772,0.0,5002.35228,2917.11796,1431.08893,0.0,0.0
611.0,-46.71611,5006.273,271.571183,19.7087771,142.380584,10.33259065,151.602745,11.0019133,1425.89482,418.057738,30.3710639,62.4241823,4.53509932,76.4255622,5.55174968,0.235567741,2968.2534,0.0,74.2401734,-0.155102609,0.0,5006.273,2915.71659,1425.89482,0.0,0.0
611.5,-46.71611,5059.21349,292.452975,20.0266197,154.94906,10.6101545,164.867602,11.28934505,1420.41894,416.569093,28.5364138,61.9630283,4.24473547,76.7881405,5.26016925,0.235333776,2968.2534,0.0,73.9550722,-0.160920688,0.0,5059.21349,2934.54822,1420.41894,0.0,0.0
612.0,-46.71611,5125.48162,298.264772,19.9870523,160.089845,10.72774985,170.299289,11.41189295,1414.8175,415.080443,27.8164985,61.4981182,4.12128499,76.6021529,5.13347427,0.235099851,2968.2534,0.0,73.663428,-0.16249741,0.0,5125.48162,2958.85223,1414.8175,0.0,0.0
612.5,-46.71611,5176.63742,292.46598,19.7728609,158.541479,10.7187081,168.672776,11.403672,1409.21916,413.606416,27.9627218,61.037243,4.12652278,75.9921253,5.13754978,0.234865964,2968.2534,0.0,73.3719455,-0.160970604,0.0,5176.63742,2976.86972,1409.21916,0.0,0.0
613.0,-46.71611,5201.74349,281.564978,19.5210353,153.374429,10.6335781,163.224695,11.3165137,1403.70807,413.06808,28.6379326,60.7193428,4.20962254,75.3019245,5.2205634,0.234632108,2968.2534,0.0,73.0850085,-0.15767955,0.0,5201.74349,2984.09859,1403.70807,0.0,0.0
613.5,-46.71611,5202.87218,271.820631,19.3428878,148.100204,10.538854,157.654815,11.21876665,1398.31774,413.06808,29.3933552,60.4861757,4.30408251,74.6816383,5.31416743,0.234398282,2968.2534,0.0,72.8043516,-0.154273552,0.0,5202.87218,2981.42086,1398.31774,0.0,0.0
614.0,-46.71611,5186.43266,257.249473,19.097,139.727091,10.3721716,148.805314,11.04615325,1393.05179,413.06808,30.6832555,60.258391,4.47594694,73.8218179,5.48263956,0.2341645,2942.36541,0.0,72.5301799,-0.149041876,0.0,5186.43266,2971.50554,1393.05179,0.0,0.0
614.5,-46.71611,5109.29927,212.430064,18.2028122,113.7186059,9.7405877,121.3079559,10.3910221,1388.16806,413.06808,35.5018025,60.0471376,5.160588,71.4130768,6.13363067,0.233930752,2861.8208,0.0,72.2759054,-0.131316881,0.0,5109.29927,2936.55824,1388.16806,0.0,0.0
615.0,-46.71611,4915.188980000001,168.552178,17.1270248,86.8057342,8.8165354,92.9000785,9.4358035,1384.05643,413.06808,42.0047994,59.8692833,6.08794877,69.6749679,7.08471038,0.233697034,2791.7907,0.0,72.061831,-0.1079074904,0.0,4915.188980000001,2853.38674,1384.05643,0.0,0.0
615.5,-46.71611,4695.07369,176.653932,17.9595737,86.8145224,8.82789405,92.8267553,9.43937845,1380.39431,413.06808,42.0603675,59.7108758,6.08012345,69.502694,7.07699808,0.233463355,2783.4878,0.0,71.8711631,-0.1087311084,0.0,4695.07369,2759.65694,1380.39431,0.0,0.0
616.0,-46.71611,4623.4689,210.562439,19.4529954,101.9492195,9.4185659,108.7960101,10.0512484,1376.38704,413.06808,38.2312256,59.5375334,5.51059571,69.8142775,6.46099197,0.233229715,2783.4878,0.0,71.6625188,-0.1232389037,0.0,4623.4689,2727.5218,1376.38704,0.0,0.0
616.5,-46.71611,4669.35571,235.577956,20.0906512,115.2015705,9.8239513,122.7908366,10.47117195,1371.92792,413.06808,35.2482581,59.3446484,5.06412497,70.748951,6.03693372,0.232996105,2783.4878,0.0,71.430352,-0.133472045,0.0,4669.35571,2744.01199,1371.92792,0.0,0.0
617.0,-46.71611,4745.05239,242.612636,20.0751949,120.553689,9.97524425,128.447763,10.6284418,1367.24486,413.06808,34.181215,59.1420761,4.89399099,71.0037169,5.87553066,0.23276253,2783.4878,0.0,71.186524,-0.136347094,0.0,4745.05239,2772.77552,1367.24486,0.0,0.0
617.5,-46.71611,4800.59631,236.229752,19.7688753,118.753448,9.9380389,126.5518086,10.5906627,1362.56066,413.06808,34.5675023,58.9394546,4.93229888,70.6136299,5.90917818,0.232528997,2783.4878,0.0,70.9426411,-0.134014577,0.0,4800.59631,2793.1527,1362.56066,0.0,0.0
618.0,-46.71611,4820.38219,225.544292,19.4471322,113.8520594,9.8166956,121.3757899,10.4654268,1358.00344,413.06808,35.6158378,58.7423259,5.06487794,69.9402621,6.0302834,0.232295496,2783.4878,0.0,70.7053656,-0.129528535,0.0,4820.38219,2798.72478,1358.00344,0.0,0.0
618.5,-46.71611,4812.70821,217.956499,19.2752002,109.8475719,9.71443375,117.1424689,10.35956525,1353.59586,413.06808,36.5289451,58.5516708,5.17788865,69.3413407,6.13201577,0.232062023,2783.4878,0.0,70.4758792,-0.12575865,0.0,4812.70821,2792.95807,1353.59586,0.0,0.0
619.0,-46.71611,4796.5453,216.112399,19.2835878,108.5516587,9.68600215,115.7689004,10.3299923,1349.28176,413.06808,36.8582711,58.3650573,5.20794243,69.0062506,6.15746095,0.231828591,2783.4878,0.0,70.2512661,-0.1242034046,0.0,4796.5453,2783.71353,1349.28176,0.0,0.0
619.5,-46.71611,4787.57308,218.424118,19.3908944,109.50761,9.72168955,116.7746596,10.3668331,1344.98646,413.06808,36.6731159,58.1792588,5.16529833,68.8931674,6.11649382,0.231595195,2783.4878,0.0,70.0276278,-0.1244890533,0.0,4787.57308,2777.47213,1344.98646,0.0,0.0
620.0,-46.71611,4790.63762,221.779354,19.4936398,111.2612399,9.7794656,118.6240304,10.4266301,1340.66777,413.06808,36.3097022,57.9924477,5.09769183,68.8555105,6.05257194,0.231361835,2783.4878,0.0,69.802772,-0.1253430186,0.0,4790.63762,2776.22571,1340.66777,0.0,0.0
620.5,-46.71611,4801.84251,223.931975,19.5389395,112.6038335,9.8251139,120.0400475,10.47395205,1336.32486,413.06808,36.043166,57.8045891,5.04387321,68.7750935,6.00112619,0.231128509,2783.4878,0.0,69.5766559,-0.125782779,0.0,4801.84251,2778.35235,1336.32486,0.0,0.0
621.0,-46.71611,4814.78353,224.291755,19.5296861,113.0885235,9.8469227,120.5502394,10.4966344,1331.97913,413.06808,35.9674278,57.6166071,5.01689912,68.6121286,5.9743215,0.230895215,2783.4878,0.0,69.3503914,-0.125511647,0.0,4814.78353,2781.19978,1331.97913,0.0,0.0
621.5,-46.71611,4825.08642,223.466586,19.4954463,112.9135329,9.85069265,120.3634966,10.5006352,1327.65253,413.06808,36.0365661,57.4294533,5.01021176,68.3874515,5.96619969,0.230661961,2783.4878,0.0,69.1251224,-0.1247319904,0.0,4825.08642,2782.96053,1327.65253,0.0,0.0
622.0,-46.71611,4831.70048,222.406312,19.4649749,112.5318794,9.8487798,119.9580986,10.4987217,1323.35628,413.06808,36.1517669,57.2436146,5.00996373,68.1443252,5.96399373,0.230428734,2783.4878,0.0,68.9014344,-0.1238147705,0.0,4831.70048,2783.20423,1323.35628,0.0,0.0
622.5,-46.71611,4835.935579999999,221.760588,19.452295,112.3035411,9.850992,119.7143541,10.5010505,1319.08983,413.06808,36.2336284,57.0590623,5.00512179,67.9168382,5.95754695,0.230195555,2783.4878,0.0,68.6793004,-0.1230412376,0.0,4835.935579999999,2782.47533,1319.08983,0.0,0.0
623.0,-46.71611,4839.74151,221.675524,19.4560162,112.3488262,9.8606309,119.759671,10.5110658,1314.84611,413.06808,36.2547097,56.8754953,4.99192439,67.7163016,5.94341483,0.229962402,2783.4878,0.0,68.4583494,-0.1224970354,0.0,4839.74151,2781.58108,1314.84611,0.0,0.0
623.5,-46.71611,4844.40914,221.942012,19.4668052,112.5923849,9.87561505,120.014868,10.52665015,1310.6181,413.06808,36.2313864,56.6926071,4.97267237,67.5352899,5.92371501,0.229729289,2783.4878,0.0,68.2382145,-0.1221121824,0.0,4844.40914,2781.05466,1310.6181,0.0,0.0
624.0,-46.71611,4850.19468,222.262897,19.4758596,112.8898266,9.89200725,120.3272385,10.54371285,1306.4024,413.06808,36.1958924,56.5102517,4.95182154,67.3598445,5.90253822,0.229496211,2783.4878,0.0,68.0187224,-0.1217666715,0.0,4850.19468,2781.00053,1306.4024,0.0,0.0
624.5,-46.71611,4856.65037,222.445755,19.4792241,113.1330796,9.9068848,120.5825301,10.55922145,1302.19931,413.06808,36.1723038,56.3284405,4.93267238,67.179717,5.88291701,0.229263162,2783.4878,0.0,67.7998849,-0.1213757275,0.0,4856.65037,2781.23268,1302.19931,0.0,0.0
625.0,-46.71611,4863.173489999999,222.454931,19.4776553,113.2896931,9.91939175,120.7463429,10.5722793,1298.01088,413.06808,36.1678208,56.1472642,4.91619718,66.9919584,5.86574759,0.229030151,2783.4878,0.0,67.58181,-0.1209175496,0.0,4863.173489999999,2781.50134,1298.01088,0.0,0.0
625.5,-46.6714579,4869.48177,222.349416,19.4735588,113.3828388,9.9301699,120.843088,10.58354545,1293.83922,413.06808,36.177279,55.9668137,4.90167808,66.798894,5.85037194,0.228797177,2783.4878,0.0,67.3646129,-0.1203613534,0.0,4869.48177,2781.69045,1293.83922,0.0,0.0
626.0,-43.8179913,4916.15863,215.112464,19.1651308,110.7256521,9.86582265,118.0428224,10.51782975,1289.75329,413.06808,36.8087785,55.7900703,4.97142933,66.3483019,5.91197872,0.228564239,2783.4878,0.0,67.151874,-0.1140055049,0.0,4916.15863,2798.72736,1289.75329,0.0,0.0
626.5,-39.3593482,5046.89082,177.214877,17.5757037,93.5968278,9.28613145,100.0175318,9.9239816,1286.13993,413.06808,41.1107415,55.633769,5.53677526,65.3374597,6.50171988,0.228331334,2783.4878,0.0,66.9637436,-0.0917294519,0.0,5046.89082,2851.01613,1286.13993,0.0,0.0
627.0,-34.9007048,5119.98033,116.985062,14.4690417,62.7247808,7.75790817,67.7648158,8.38391569,1283.67698,413.06808,51.5656603,55.5272317,6.93159411,64.4100143,8.03767998,0.228098463,2783.4878,0.0,66.8355074,-0.047038178,0.0,5119.98033,2879.99116,1283.67698,0.0,0.0
627.5,-30.4420611,5036.57454,73.9039887,11.4056355,39.0084291,6.01820388,42.7104388,6.59011264,1282.97439,413.082702,63.9279812,55.498805,8.58891025,63.5068974,9.8273782,0.227865629,2783.4878,0.0,66.7989265,0.00356611471,0.0,5036.57454,2844.87509,1282.97439,0.0,0.0
628.0,-25.9834177,4927.02589,61.982819,10.295988,31.9828068,5.31254366,35.2920295,5.86234973,1283.56421,414.03305,68.764491,55.6520677,9.242963,63.5281065,10.5510379,0.227632828,2783.4878,0.0,66.8296355,0.0262815917,0.0,4927.02589,2799.63552,1283.56421,0.0,0.0
628.5,-21.5247745,4923.82847,53.2399581,9.2247745,27.4480699,4.75603552,30.9030611,5.35573502,1284.74107,415.521699,72.0477637,55.9033818,9.693214,63.7494018,11.05355105,0.227400064,2783.4878,0.0,66.8909121,0.0438295702,0.0,4923.82847,2798.99224,1284.74107,0.0,0.0
629.0,-17.0661311,4941.16362,37.5067021,7.08307648,19.4078691,3.66512404,22.7898099,4.30539219,1286.76382,417.010343,78.9097045,56.1920058,10.63322485,63.943411,12.0997934,0.227167336,2783.4878,0.0,66.9962249,0.0747246844,0.0,4941.16362,2807.38663,1286.76382,0.0,0.0
629.5,-12.6074877,4923.315909999999,24.5744277,5.05151227,12.6719,2.60475824,15.5325727,3.19349833,1289.91092,418.498994,86.121099,56.5305388,11.63337195,64.1810095,13.2075883,0.226934643,2783.4878,0.0,67.1600806,0.1064370183,0.0,4923.315909999999,2801.79753,1289.91092,0.0,0.0
630.0,-8.14884431,4906.870919999999,15.0557175,3.31679379,7.73711934,1.70447655,9.78783424,2.15643774,1294.08596,419.987638,92.6619661,56.9152582,12.5574962,64.5435439,14.2405513,0.226701982,2783.4878,0.0,67.377457,0.135347751,0.0,4906.870919999999,2797.39247,1294.08596,0.0,0.0
630.5,-3.76479318,4896.52694,6.14870707,1.455673042,3.15376385,0.746626064,4.00563258,0.948298975,1299.3126,421.461672,100.1093761,57.3457043,13.6216271,65.0203,15.44459375,0.22646936,2783.4878,0.0,67.6495866,0.167204076,0.0,4896.52694,2796.1401,1299.3126,0.0,0.0
631.0,-4.06844289,4850.100329999999,4.64646546,1.098731586,2.35559518,0.557062544,2.99303648,0.707805704,1305.32566,422.0,101.2248608,57.6846089,13.8364085,65.3744821,15.6809921,0.226236771,2783.4878,0.0,67.9626621,0.170415446,0.0,4850.100329999999,2780.33252,1305.32566,0.0,0.0
631.5,-7.05116152,4813.92692,13.1413068,2.89456842,6.62434311,1.45911791,8.41759836,1.85411781,1310.65474,422.0,93.4815328,57.9201088,12.83020075,65.5960221,14.5305864,0.226004214,2783.4878,0.0,68.2401219,0.138162174,0.0,4813.92692,2768.39217,1310.65474,0.0,0.0
632.0,-10.03388005,4812.58741,19.9722328,4.16445105,10.0652786,2.09873812,12.5937856,2.62623297,1315.00675,422.0,88.2045891,58.1124335,12.1462514,65.8065524,13.7543789,0.225771696,2783.4878,0.0,68.466712,0.1149109385,0.0,4812.58741,2770.37583,1315.00675,0.0,0.0
632.5,-13.0165989,4805.256149999999,27.023375,5.34577762,13.59766795,2.68992146,16.5866901,3.28160669,1318.62398,422.0,83.6653567,58.2722837,11.5528834,66.0505381,13.0949144,0.225539211,2783.4878,0.0,68.6550443,0.0942834624,0.0,4805.256149999999,2769.4374,1318.62398,0.0,0.0
633.0,-15.9993173,4796.89518,35.2795523,6.60526424,17.7214459,3.31794445,21.0547944,3.94250619,1321.52551,422.0,79.1594445,58.4005074,10.95476585,66.2649815,12.4299254,0.225306765,2783.4878,0.0,68.8061164,0.0737079584,0.0,4796.89518,2767.65246,1321.52551,0.0,0.0
633.5,-18.9820359,4790.804959999999,44.2963581,7.85641173,22.2226759,3.94143886,25.7372735,4.5652978,1323.7335,422.0,74.9656342,58.4980829,10.3917496,66.4429575,11.8030457,0.225074348,2783.4878,0.0,68.9210771,0.0542351091,0.0,4790.804959999999,2766.40754,1323.7335,0.0,0.0
634.0,-21.9647547,4785.38039,54.0953898,9.0968021,27.1080194,4.55856743,30.6287415,5.15117486,1325.28728,422.0,71.0649289,58.5667454,9.8626177,66.5864334,11.2130819,0.224841969,2783.4878,0.0,69.001973,0.0358037867,0.0,4785.38039,2765.05748,1325.28728,0.0,0.0
634.5,-24.9474733,4870.78423,103.5504405,13.1496112,53.1373706,6.72797221,57.6856846,7.31715373,1325.8236,422.0,56.7141534,58.5904471,7.87438491,67.3827013,9.04301756,0.224609624,2912.60428,0.0,69.0298986,-0.02118863412,0.0,4870.78423,2800.90789,1325.8236,0.0,0.0
635.0,-27.9301919,5421.24953,243.509453,18.0305515,139.1367986,10.2462844,148.2777594,10.92195985,1323.35664,422.0,32.1863778,58.4814285,4.46101652,71.5677101,5.43412725,0.224377318,3268.69566,0.0,68.9014566,-0.1122334416,0.0,5421.24953,3028.52011,1323.35664,0.0,0.0
635.5,-30.8829887,6052.500129999999,299.869998,17.7025461,190.059586,11.21481755,202.373214,11.94133105,1318.86869,422.0,24.918814,58.2830981,3.44164403,74.6979321,4.41067362,0.224145042,3425.7683,0.0,68.6677864,-0.138126905,0.0,6052.500129999999,3288.5677,1318.86869,0.0,0.0
636.0,-31.956861,6476.31592,275.391749,16.4345792,186.603127,11.1413979,199.409144,11.906679,1314.08278,422.0,25.2248086,58.0715996,3.47107769,74.3174156,4.44124406,0.223912803,3425.7683,0.0,68.4186051,-0.135646681,0.0,6476.31592,3462.12606,1314.08278,0.0,0.0
636.5,-31.956861,6719.19605,194.4656,14.51267735,136.720714,10.2089207,147.1942136,10.99392145,1309.75435,422.0,31.8970164,57.8803204,4.37454414,70.9283372,5.34992152,0.223680599,3425.7683,0.0,68.1932435,-0.1102407487,0.0,6719.19605,3560.663,1309.75435,0.0,0.0
637.0,-31.956861,6707.29944,108.9976537,11.7437483,76.6474184,8.25273395,83.471813,8.9906204,1306.78519,422.0,46.1119158,57.7491079,6.30997251,67.2931029,7.3491437,0.223448429,3425.7683,0.0,68.0386506,-0.0590946056,0.0,6707.29944,3553.97906,1306.78519,0.0,0.0
637.5,-31.956861,6452.57064,85.4941146,10.7455811,57.7368794,7.25830719,63.1983186,7.94512258,1305.35622,422.0,53.1137769,57.6859594,7.26050183,66.666199,8.3905644,0.223216295,3425.7683,0.0,67.9642524,-0.0345256535,0.0,6452.57064,3447.15014,1305.35622,0.0,0.0
638.0,-31.956861,6272.01927,116.2719554,12.6180949,76.3440876,8.28637593,82.9043053,8.9995283,1303.77106,422.0,46.0794683,57.6159059,6.29140701,67.1565066,7.33208261,0.222984197,3425.7683,0.0,67.8817185,-0.0603568249,0.0,6272.01927,3371.09579,1303.77106,0.0,0.0
638.5,-31.956861,6285.54545,148.248805,13.98799575,97.5947266,9.2076542,105.3915116,9.9434946,1301.25326,422.0,39.8874456,57.5046406,5.43543462,67.5432338,6.38404166,0.22275213,3425.7683,0.0,67.7506275,-0.0824949099,0.0,6285.54545,3375.25401,1301.25326,0.0,0.0
639.0,-31.956861,6379.86808,157.086318,14.1776913,104.9464747,9.4718932,113.2297461,10.2195013,1298.25856,422.0,38.0879201,57.3723006,5.17817589,67.6298529,6.10396165,0.222520103,3425.7683,0.0,67.5947063,-0.0883151234,0.0,6379.86808,3412.75381,1298.25856,0.0,0.0
639.5,-31.956861,6454.28837,146.376181,13.7088673,98.928153,9.2654566,106.932749,10.0152895,1295.28217,422.0,39.531502,57.2407696,5.36205667,67.2981965,6.30410201,0.222288107,3425.7683,0.0,67.4397399,-0.0824984048,0.0,6454.28837,3441.9828,1295.28217,0.0,0.0
640.0,-31.956861,6467.08113,131.566878,13.12731875,89.1029249,8.8902958,96.5472791,9.6331466,1292.59937,422.0,42.1103375,57.1222113,5.70003373,66.9654059,6.68217396,0.222056146,3425.7683,0.0,67.300057,-0.0728435908,0.0,6467.08113,3445.7394,1292.59937,0.0,0.0
640.5,-31.9631856,6434.39111,125.455265,12.9166147,84.5328723,8.7033034,91.6814288,9.4393024,1290.18858,422.0,43.4473242,57.0156732,5.8700859,66.7467045,6.87194903,0.221824222,3425.7683,0.0,67.1745376,-0.067887997,0.0,6434.39111,3430.72923,1290.18858,0.0,0.0
641.0,-32.3664312,6397.30537,129.979153,13.1594497,87.0736927,8.8157168,94.3447894,9.5519252,1287.81232,422.0,42.7429597,56.9106638,5.7643228,66.6945164,6.7552583,0.221592329,3425.7683,0.0,67.0508175,-0.0707927884,0.0,6397.30537,3413.91015,1287.81232,0.0,0.0
641.5,-32.9965378,6376.87909,141.27553,13.6451259,94.3408871,9.11198055,102.0131657,9.8531023,1285.23885,422.0,40.7872507,56.7969349,5.48960207,66.734455,6.45001468,0.221360477,3425.7683,0.0,66.916825,-0.0784129564,0.0,6376.87909,3403.90791,1285.23885,0.0,0.0
642.0,-33.6266454,6380.120699999999,153.253172,14.0863178,102.3933502,9.4114544,110.5163638,10.15813655,1282.39228,422.0,38.8082167,56.6711408,5.2116704,66.7764742,6.14091526,0.221128656,3425.7683,0.0,66.7686176,-0.0860022733,0.0,6380.120699999999,3403.59471,1282.39228,0.0,0.0
642.5,-34.2567519,6394.04809,162.719907,14.3648668,108.9554826,9.6184987,117.4604382,10.3693373,1279.31278,422.0,37.2657509,56.5350527,4.99250382,67.1037149,5.92565061,0.220896868,3425.7683,0.0,66.6082814,-0.0918706823,0.0,6394.04809,3407.59183,1279.31278,0.0,0.0
643.0,-34.8868582,6404.62031,170.421077,14.5667189,114.3002137,9.76976865,123.1167366,10.52337935,1276.05535,422.0,36.0793894,56.3911004,4.82125533,67.460477,5.7675463,0.220665116,3425.7683,0.0,66.43868,-0.0964356151,0.0,6404.62031,3410.08906,1276.05535,0.0,0.0
643.5,-35.5169655,6408.4494,178.181763,14.7699207,119.5762815,9.91196585,128.6897995,10.6674328,1272.64843,422.0,34.9900595,56.240544,4.66320898,67.77439,5.61943149,0.2204334,3425.7683,0.0,66.261297,-0.100672976,0.0,6408.4494,3409.69306,1272.64843,0.0,0.0
644.0,-36.1470724,6407.598950000001,187.345272,15.0044452,125.7089126,10.0680114,135.157625,10.82479225,1269.09031,422.0,33.8091321,56.0833045,4.4932333,68.127173,5.4580123,0.220201722,3425.7683,0.0,66.0760416,-0.1052454194,0.0,6407.598950000001,3407.26167,1269.09031,0.0,0.0
644.5,-36.7771783,6405.613869999999,198.342258,15.2695179,133.046698,10.24270205,142.889398,11.0004936,1265.36606,422.0,32.5007592,55.9187232,4.30668206,68.5359659,5.27825264,0.219970072,3425.7683,0.0,65.8821367,-0.110266332,0.0,6405.613869999999,3404.26113,1265.36606,0.0,0.0
645.0,-37.4072856,6404.972879999999,210.926319,15.54911235,141.474063,10.4292135,151.763669,11.1877932,1261.46336,422.0,31.122436,55.7462568,4.1113259,68.9766429,5.08689589,0.219738463,3425.7683,0.0,65.6789386,-0.1155207381,0.0,6404.972879999999,3401.71559,1261.46336,0.0,0.0
645.5,-38.0310655,6406.36739,224.636714,15.8277267,150.703046,10.6184037,161.476486,11.3775397,1257.37886,422.0,29.7468073,55.5657568,3.91688269,69.4169894,4.89309338,0.21950689,3425.7683,0.0,65.4662782,-0.1207390625,0.0,6406.36739,3399.91105,1257.37886,0.0,0.0
646.0,-38.25793,6415.340279999999,238.080481,16.0672882,159.947409,10.79423995,171.209303,11.55429125,1253.12569,422.0,28.4888231,55.3777992,3.73854408,69.8032949,4.71228742,0.21927534,3425.7683,0.0,65.244833,-0.1250299977,0.0,6415.340279999999,3401.1613,1253.12569,0.0,0.0
646.5,-38.25793,6440.906789999999,247.009467,16.1814753,166.606984,10.91425795,178.246464,11.67675415,1248.7552,422.0,27.648826,55.1846618,3.61564039,69.9920697,4.58577146,0.219043836,3425.7683,0.0,65.0172801,-0.127475369,0.0,6440.906789999999,3409.24774,1248.7552,0.0,0.0
647.0,-38.25793,6471.896650000001,249.602831,16.1740145,169.164585,10.96168865,180.980924,11.7273746,1244.33431,422.0,27.345781,54.9892939,3.56333181,69.9238835,4.53109916,0.218812362,3425.7683,0.0,64.7871056,-0.127968086,0.0,6471.896650000001,3419.56159,1244.33431,0.0,0.0
647.5,-38.25793,6497.59188,247.010909,16.091684,168.07191,10.9491853,179.867846,11.7176459,1239.92535,422.0,27.4910499,54.7944545,3.56955463,69.6419256,4.53677762,0.218580925,3425.7683,0.0,64.55755,-0.126882811,0.0,6497.59188,3427.67922,1239.92535,0.0,0.0
648.0,-38.25793,6512.76735,241.828276,15.9866872,164.930157,10.9031587,176.579458,11.67327435,1235.57134,422.0,27.8968067,54.6020434,3.60951499,69.2392057,4.57709996,0.21834952,3425.7683,0.0,64.3308554,-0.124922517,0.0,6512.76735,3431.45162,1235.57134,0.0,0.0
648.5,-38.25793,6517.42651,236.756942,15.90219055,161.587379,10.8532972,173.060511,11.6239139,1231.2888,422.0,28.3437353,54.4127894,3.65463375,68.821957,4.62241283,0.218118149,3425.7683,0.0,64.1078805,-0.1228735546,0.0,6517.42651,3430.88969,1231.2888,0.0,0.0
649.0,-38.25793,6515.28332,233.626197,15.8626406,159.398282,10.82274505,170.744572,11.59313055,1227.06916,422.0,28.6524608,54.2263183,3.68178749,68.4739222,4.64915011,0.217886819,3425.7683,0.0,63.8881839,-0.1213579331,0.0,6515.28332,3427.5341,1227.06916,0.0,0.0
649.5,-38.25793,6511.43722,232.981641,15.8691999,158.864604,10.8208277,170.169032,11.5908124,1222.88846,422.0,28.7443582,54.0415656,3.68101968,68.2294711,4.64742313,0.217655519,3425.7683,0.0,63.6705128,-0.1206296434,0.0,6511.43722,3423.49266,1222.88846,0.0,0.0
650.0,-38.25793,6549.844810000001,293.035373,16.6920478,201.019742,11.4492866,214.569694,12.2214369,1218.47026,422.0,24.1163099,53.8463163,3.07730488,70.2421905,4.01275456,0.217424253,3929.99678,0.0,63.4404752,-0.136561329,0.0,6549.844810000001,3436.8946,1218.47026,0.0,0.0
650.5,-38.2482734,6635.80867,300.0,16.6210248,208.470075,11.549852,222.573935,12.33124225,1213.69177,422.0,23.3814317,53.6351478,2.97173048,70.369365,3.898907,0.217193026,4602.25436,0.0,63.1916801,-0.138309944,0.0,6635.80867,3469.87459,1213.69177,0.0,0.0
651.0,-37.6330255,6716.27139,300.0,16.4653102,210.997892,11.5803532,225.396732,12.3706091,1208.92078,422.0,23.1624905,53.4243079,2.93233228,70.2436735,3.85549926,0.216961828,4624.683,0.0,62.9432749,-0.137531864,0.0,6716.27139,3500.57004,1208.92078,0.0,0.0
651.5,-36.6716341,6816.778029999999,300.0,16.2738454,214.155403,11.61690505,228.90036,12.4167424,1204.18494,422.0,22.8933602,53.2150256,2.88690948,70.1445971,3.80532608,0.216730668,4624.683,0.0,62.6967026,-0.136456012,0.0,6816.778029999999,3539.62642,1204.18494,0.0,0.0
652.0,-35.7102432,6937.811659999999,300.0,16.0495013,217.957779,11.6601102,233.080169,12.4691062,1199.48461,422.0,22.5779357,53.0073086,2.83602215,70.0703619,3.74892387,0.216499545,4624.683,0.0,62.4519753,-0.135478363,0.0,6937.811659999999,3587.24489,1199.48461,0.0,0.0
652.5,-34.7488523,7076.20912,300.0,15.7986683,222.305661,11.7067782,237.871508,12.5264728,1194.81666,422.0,22.2252307,52.8010226,2.78085593,70.016467,3.68752014,0.216268451,4624.683,0.0,62.2089339,-0.13458051,0.0,7076.20912,3642.10743,1194.81666,0.0,0.0
653.0,-33.7874605,7229.16732,300.0,15.5215849,227.110992,11.75001365,243.324665,12.58882965,1190.17834,422.0,21.8355742,52.5960467,2.72149691,69.9828194,3.62112768,0.216037394,4624.683,0.0,61.9674375,-0.133761482,0.0,7229.16732,3703.04619,1190.17834,0.0,0.0
653.5,-32.82607,7394.37163,300.0,15.2286725,232.301033,11.7916776,249.293227,12.65416745,1185.56741,422.0,21.4236123,52.3922826,2.65980815,69.9620714,3.55175549,0.215806375,4624.683,0.0,61.7273658,-0.132991754,0.0,7394.37163,3769.09669,1185.56741,0.0,0.0
654.0,-31.8646788,7570.15542,300.0,14.91895775,237.823447,11.8264356,255.848187,12.722705,1180.98221,422.0,20.9880079,52.1896551,2.59564995,69.9549931,3.47918494,0.215575382,4624.683,0.0,61.4886347,-0.132273754,0.0,7570.15542,3839.56438,1180.98221,0.0,0.0
654.5,-30.9032877,7755.10204,300.0,14.60063705,243.633717,11.8568291,262.868794,12.7928579,1176.42128,422.0,20.5402708,51.988099,2.53046722,69.9557721,3.4050007,0.215344433,4624.683,0.0,61.2511673,-0.13158433,0.0,7755.10204,3913.85888,1176.42128,0.0,0.0
655.0,-29.9418962,7948.305259999999,300.0,14.27372645,249.703373,11.8801002,270.399081,12.8646433,1171.88368,422.0,20.0804286,51.7875741,2.46427555,69.9644533,3.32918441,0.215113515,4624.683,0.0,61.0149144,-0.130923285,0.0,7948.305259999999,3991.60266,1171.88368,0.0,0.0
655.5,-28.9901625,8149.12189,300.0,13.9430457,256.012216,11.8980445,278.372696,12.93712265,1167.36862,422.0,19.6152807,51.5880472,2.39791879,69.9775821,3.25267604,0.214882633,4624.683,0.0,60.7798354,-0.130288127,0.0,8149.12189,4072.52779,1167.36862,0.0,0.0
656.0,-28.644018,8346.891500000002,300.0,13.6259478,262.225331,11.90976065,286.383582,13.00688445,1162.86642,422.0,19.1690011,51.3890875,2.33432279,69.9822455,3.1788866,0.214651785,4624.683,0.0,60.5454247,-0.130324194,0.0,8346.891500000002,4152.19229,1162.86642,0.0,0.0
656.5,-28.644018,8517.6745,300.0,13.35970055,267.590632,11.91610865,293.415523,13.06604635,1158.35536,422.0,18.7941809,51.1897348,2.27979792,69.959085,3.1156983,0.21442097,4624.683,0.0,60.3105521,-0.130621959,0.0,8517.6745,4220.62238,1158.35536,0.0,0.0
657.0,-28.644018,8662.4823,300.0,13.1400566,272.139902,11.9195493,299.447925,13.11556965,1153.83629,422.0,18.4849828,50.9900291,2.23354134,69.9067899,3.06215012,0.214190187,4622.36996,0.0,60.0752634,-0.13078942,0.0,8662.4823,4278.23932,1153.83629,0.0,0.0
657.5,-28.644018,8785.80425,300.0,12.9575276,276.014183,11.92137435,304.636454,13.1575639,1149.31334,422.0,18.2280445,50.7901503,2.19386019,69.826794,3.01613199,0.213959443,4602.39202,0.0,59.8397715,-0.130853721,0.0,8785.80425,4326.91351,1149.31334,0.0,0.0
658.0,-28.644018,8891.2039,300.0,12.8048977,279.325414,11.9223272,309.107234,13.193463,1144.78957,422.0,18.0131966,50.5902393,2.15946718,69.7243866,2.97621058,0.213728732,4579.02766,0.0,59.6042411,-0.130835536,0.0,8891.2039,4368.12978,1144.78957,0.0,0.0
658.5,-28.644018,8981.5867,300.0,12.67669805,282.164862,11.9229777,312.963437,13.22436105,1140.26768,422.0,17.8327415,50.3904084,2.12938822,69.6036159,2.94129136,0.213498056,4570.385,0.0,59.3688042,-0.130750505,0.0,8981.5867,4403.09836,1140.26768,0.0,0.0
659.0,-28.644018,9059.3267,300.0,12.5685918,284.607139,11.9236413,316.293624,13.25113395,1135.74964,422.0,17.6805706,50.19075,2.10285165,69.4677174,2.91049893,0.213267415,4570.385,0.0,59.1335712,-0.130611059,0.0,9059.3267,4432.80851,1135.74964,0.0,0.0
659.5,-28.644018,9126.389899999998,300.0,12.4771121,286.713995,11.9244972,319.173535,13.2744848,1131.23729,422.0,17.5518075,49.99134,2.07924242,69.3193089,2.88312961,0.213036807,4570.385,0.0,58.8986318,-0.130427111,0.0,9126.389899999998,4458.07939,1131.23729,0.0,0.0
660.0,-28.644018,7435.84271,28.4497380167,-17.4138388733,30.3407939822,-13.5073625418,36.6216906373,-12.3995053927,1136.83511,422.0,176.3328872,50.238718,21.00348868,61.6551341,25.87626392,0.212827293,3345.32564,0.0,59.1900862,0.4343664815,0.0,7435.84271,3757.89864,1136.83511,0.0,0.0
660.5,-28.6327289,5560.10619,48.6411988,8.25821675,28.0652548,4.7738965,31.6110343,5.40617568,1146.73243,422.0,77.6540651,50.6760975,9.32425826,58.4169282,10.74395675,0.212607379,3048.4614,0.0,59.7053972,0.0698901502,0.0,5560.10619,2983.16977,1146.73243,0.0,0.0
661.0,-27.9132308,5535.747939999999,103.5837069,13.41858125,60.0885305,7.78088909,65.1381097,8.43539301,1147.36964,422.0,54.892636,50.7042569,6.59550428,59.2858491,7.71072467,0.212376872,3048.4614,0.0,59.7385724,-0.01197984559,0.0,5535.747939999999,2973.40626,1147.36964,0.0,0.0
661.5,-26.7889427,5752.79616,98.2689102,12.82684095,59.1541059,7.72404552,64.2446329,8.38953915,1146.85044,422.0,55.2349052,50.6813111,6.6335763,59.2374412,7.75256501,0.2121464,3048.4614,0.0,59.7115409,-0.00849890538,0.0,5752.79616,3063.41841,1146.85044,0.0,0.0
662.0,-25.6646544,5827.22638,66.2695902,10.3363106,40.4477678,6.30827274,44.5910938,6.95717456,1147.23248,422.0,66.0990919,50.6981942,7.94110978,58.6180925,9.1809179,0.21191596,3048.4614,0.0,59.7314314,0.0322533327,0.0,5827.22638,3094.61247,1147.23248,0.0,0.0
662.5,-24.5403663,5736.96817,55.5835101,9.3406165,33.3911624,5.61134151,37.4245293,6.28920493,1148.78782,422.0,70.9235232,50.7669308,8.5321451,58.5778037,9.8448768,0.211685557,3048.4614,0.0,59.812413,0.0507606162,0.0,5736.96817,3057.96355,1148.78782,0.0,0.0
663.0,-23.4160777,5693.61081,59.7401967,9.8071454,35.6191633,5.84735321,39.5666901,6.495439,1150.46047,422.0,69.2890605,50.8408465,8.34764975,58.6791576,9.63463335,0.211455186,3048.4614,0.0,59.8994997,0.0458057141,0.0,5693.61081,3040.89885,1150.46047,0.0,0.0
663.5,-22.2917892,5717.557839999999,57.2530661,9.5155804,34.2783564,5.69721187,38.2867706,6.363699,1152.0813,421.992215,70.138176,50.9115318,8.4619056,58.7359863,9.76236515,0.211224851,3048.4614,0.0,59.9838882,0.0502058915,0.0,5717.557839999999,3051.80975,1152.0813,0.0,0.0
664.0,-21.167501,5726.06047,50.5053813,8.75150615,30.2850184,5.24772567,34.3346209,5.94969698,1154.01998,421.486519,73.0365215,50.9360797,8.8264187,58.7035261,10.17236065,0.21099455,3048.4614,0.0,60.0848294,0.0620291721,0.0,5726.06047,3056.47978,1154.01998,0.0,0.0
664.5,-20.043213,5713.57036,46.1494576,8.238901,27.612647,4.92957009,31.6279173,5.64647513,1156.32726,420.694483,75.097899,50.9420075,9.0936588,58.6610766,10.4715771,0.210764283,3048.4614,0.0,60.2049576,0.0706713184,0.0,5713.57036,3052.62981,1156.32726,0.0,0.0
665.0,-18.9189244,5706.64308,43.2426658,7.87743784,25.841794,4.70754973,29.8147765,5.43135946,1158.88054,419.90244,76.4951076,50.9583711,9.2832973,58.6400455,10.6826889,0.210534046,3049.01644,0.0,60.3378968,0.0768766255,0.0,5706.64308,3051.23812,1158.88054,0.0,0.0
665.5,-17.8059154,5744.5753,46.8499884,8.2959516,28.1882846,4.99112596,32.2447223,5.70967137,1161.46973,419.1104,74.2828593,50.9758906,9.0348613,58.6804804,10.4003743,0.210303851,3078.47627,0.0,60.4727046,0.0700323941,0.0,5744.5753,3068.53377,1161.46973,0.0,0.0
666.0,-17.401134,5865.85866,48.3905936,8.41519125,29.7233374,5.16894519,33.9163019,5.89811456,1163.77088,418.318358,72.746024,50.98036,8.8655432,58.6996128,10.2079299,0.210073689,3123.87587,0.0,60.5925133,0.0650906643,0.0,5865.85866,3120.34437,1163.77088,0.0,0.0
666.5,-17.401134,5977.73618,47.0557869,8.1961208,29.4558491,5.13056186,33.7516145,5.87878718,1166.02654,417.534099,72.7274122,50.9834103,8.8804475,58.692595,10.2232571,0.209843558,3169.27543,0.0,60.7099584,0.0651849824,0.0,5977.73618,3168.21442,1166.02654,0.0,0.0
667.0,-17.401134,6074.91396,46.3478986,8.05467255,29.4819452,5.12370795,33.8685996,5.88625027,1168.24955,417.24774,72.5163626,51.0455915,8.87159425,58.7569833,10.2117951,0.20961346,3210.18744,0.0,60.8256989,0.064522592,0.0,6074.91396,3209.94883,1168.24955,0.0,0.0
667.5,-17.401134,6111.1502,38.6420277,7.08490324,24.7302154,4.53416257,28.9664812,5.31119727,1170.70903,417.24774,76.5120595,51.1530583,9.3801825,58.8025243,10.78285045,0.209383404,3217.076,0.0,60.9537556,0.0788871643,0.0,6111.1502,3226.46304,1170.70903,0.0,0.0
668.0,-17.401134,6077.36608,37.8667641,6.98452375,24.0984526,4.44499901,28.290393,5.21828523,1173.51559,417.24774,76.9871568,51.275688,9.4609309,58.9220669,10.8717665,0.209153377,3217.076,0.0,61.0998812,0.0803193911,0.0,6077.36608,3214.04397,1173.51559,0.0,0.0
668.5,-17.401134,6066.75433,40.2849415,7.28626837,25.5934232,4.62903605,29.8628728,5.40125837,1176.18424,417.24774,75.475596,51.3922912,9.29629,59.0683272,10.6847986,0.208923385,3217.076,0.0,61.2388246,0.0746327864,0.0,6066.75433,3211.18658,1176.18424,0.0,0.0
669.0,-17.401134,6071.513629999999,40.2531471,7.26902274,25.5932385,4.62169711,29.8729729,5.39454718,1178.74128,417.24774,75.3437864,51.5040196,9.3002553,59.1865575,10.6875161,0.208693427,3217.076,0.0,61.3719598,0.073975492,0.0,6071.513629999999,3214.65995,1178.74128,0.0,0.0
669.5,-17.401134,6068.48948,39.7653158,7.19671007,25.2704933,4.57344356,29.5398707,5.34611358,1181.30964,417.24774,75.5121005,51.6162405,9.3413331,59.300242,10.73195775,0.208463504,3217.076,0.0,61.5056823,0.0743845485,0.0,6068.48948,3214.9012,1181.30964,0.0,0.0
670.0,-17.401134,6062.72235,39.9569156,7.21115657,25.3681054,4.57826702,29.64554,5.35023099,1183.86703,417.24774,75.3034045,51.7279839,9.3356779,59.4196902,10.72384935,0.208233615,3217.076,0.0,61.6388349,0.0734233919,0.0,6062.72235,3213.99478,1183.86703,0.0,0.0
670.5,-17.401134,6059.349469999999,40.1713204,7.22779343,25.4900504,4.58627764,29.7781432,5.35780957,1186.38623,417.24774,75.0730034,51.8380581,9.32692215,59.5377378,10.7122813,0.208003761,3217.076,0.0,61.7699984,0.072391247,0.0,6059.349469999999,3214.06216,1186.38623,0.0,0.0
671.0,-17.401134,6056.3998,40.2096839,7.22221729,25.501974,4.58050882,29.7955888,5.35170151,1188.87694,417.24774,74.9430522,51.9468871,9.3303253,59.6527732,10.7144009,0.207773942,3217.076,0.0,61.8996793,0.0717251597,0.0,6056.3998,3214.28912,1188.87694,0.0,0.0
671.5,-17.401134,6052.83797,40.2645989,7.21901903,25.5217826,4.57578765,29.8208423,5.34656377,1191.34513,417.24774,74.808065,52.0547321,9.3328541,59.7668357,10.7155516,0.207544152,3217.076,0.0,62.0281866,0.0710404981,0.0,6052.83797,3214.24819,1191.34513,0.0,0.0
672.0,-17.401134,6049.29904,40.3611864,7.22114001,25.5680459,4.57445583,29.8737808,5.34480766,1193.78795,417.24774,74.651044,52.1614692,9.332361,59.8800888,10.7133223,0.207314404,3217.076,0.0,62.1553742,0.0702773591,0.0,6049.29904,3214.20193,1193.78795,0.0,0.0
672.5,-17.401134,6045.96213,40.4471466,7.22196123,25.6083674,4.57245236,29.920553,5.34240628,1196.20467,417.24774,74.5007599,52.2670665,9.3324285,59.9920134,10.7117391,0.207084686,3217.076,0.0,62.2812042,0.0695404405,0.0,6045.96213,3214.22453,1196.20467,0.0,0.0
673.0,-17.401134,6042.64184,40.5228551,7.22159074,25.642211,4.56970681,29.9604807,5.33926725,1198.59654,417.24774,74.3577535,52.3715754,9.33313945,60.1026541,10.71089515,0.206855003,3217.076,0.0,62.4057363,0.0688312222,0.0,6042.64184,3214.23956,1198.59654,0.0,0.0
673.5,-17.401134,6039.31574,40.6016486,7.22170145,25.6779286,4.5672617,30.0023068,5.33642663,1200.96391,417.24774,74.2146172,52.4750157,9.3335719,60.2121581,10.7097542,0.206625353,3217.076,0.0,62.5289947,0.068122789,0.0,6039.31574,3214.23778,1200.96391,0.0,0.0
674.0,-17.401134,6036.03361,40.6817514,7.22205357,25.7146053,4.56500206,30.0451031,5.33377646,1203.30682,417.24774,74.0720996,52.577386,9.33382195,60.3205145,10.70842415,0.206395741,3217.076,0.0,62.6509797,0.0674179975,0.0,6036.03361,3214.24012,1203.30682,0.0,0.0
674.5,-17.401134,6032.794510000001,40.7599678,7.22224891,25.7502197,4.56267574,30.0867519,5.3310649,1205.62551,417.24774,73.931955,52.6787001,9.3341139,60.4277047,10.7071565,0.20616616,3217.076,0.0,62.7717052,0.0667231892,0.0,6032.794510000001,3214.24613,1205.62551,0.0,0.0
675.0,-17.401134,6029.58502,40.8371674,7.22239877,25.7852658,4.56034297,30.127764,5.32835051,1207.92035,417.24774,73.7937226,52.7789717,9.3343958,60.5337539,10.7058935,0.205936616,3217.076,0.0,62.8911876,0.0660366855,0.0,6029.58502,3214.25062,1207.92035,0.0,0.0
675.5,-17.3993612,6026.410440000001,40.9136848,7.22254454,25.8199786,4.55803373,30.1683868,5.32566378,1210.19161,417.24774,73.6571596,52.8782112,9.3346404,60.6386784,10.7046034,0.205707104,3217.076,0.0,63.0094415,0.0653596546,0.0,6026.410440000001,3214.25581,1210.19161,0.0,0.0
676.0,-17.2863696,6024.42504,40.7787467,7.19640527,25.7263482,4.54004197,30.0750155,5.30747175,1212.44522,417.24774,73.6308419,52.9766806,9.3486872,60.7408841,10.71882035,0.205477628,3217.076,0.0,63.1267769,0.0652157648,0.0,6024.42504,3214.74553,1212.44522,0.0,0.0
676.5,-17.1098071,6022.987090000001,40.132431,7.10661297,25.3125727,4.482326,29.6454387,5.24958909,1214.71442,417.24774,73.8818089,53.0758331,9.3981121,60.8389885,10.77272905,0.205248185,3217.076,0.0,63.2449255,0.0661518535,0.0,6022.987090000001,3215.47222,1214.71442,0.0,0.0
677.0,-16.9332438,6019.47422,39.5184703,7.02091058,24.9107967,4.42568869,29.2261117,5.19235558,1217.0182,417.24774,74.1255856,53.1764936,9.44700185,60.9387212,10.82599,0.205018777,3217.076,0.0,63.3648719,0.0670537196,0.0,6019.47422,3215.35561,1217.0182,0.0,0.0
677.5,-16.7566805,6015.78244,39.049777,6.95302463,24.6002504,4.38020761,28.901981,5.1461552,1219.34723,417.24774,74.2901575,53.278258,9.4860944,61.0409065,10.8682191,0.204789402,3217.076,0.0,63.4861339,0.0676651594,0.0,6015.78244,3215.17929,1219.34723,0.0,0.0
678.0,-16.5801172,6012.60565,38.5579086,6.88169972,24.2775619,4.33298582,28.5646286,5.09813014,1221.69743,417.24774,74.465763,53.380949,9.5268452,61.1438069,10.9122741,0.204560064,3217.076,0.0,63.6085001,0.0683155186,0.0,6012.60565,3215.22971,1221.69743,0.0,0.0
678.5,-16.4035539,6007.82494,35.8640281,6.5020216,22.5667989,4.09115669,26.6767638,4.83961749,1224.07979,417.24774,76.1084885,53.4850449,9.7561703,61.2227857,11.1668185,0.204330754,3208.14963,0.0,63.7325405,0.0742219171,0.0,6007.82494,3214.63144,1224.07979,0.0,0.0
679.0,-16.2269908,4928.93725,-13.13060547,-13.13060547,-6.72318082,-6.72318082,-6.1931418,-6.1931418,1231.47342,417.24774,149.4434175,53.8081022,19.2715483,61.8797464,22.1706249,0.204101481,2701.683,0.0,64.1174954,0.34504885,0.0,4928.93725,2770.01541,1231.47342,0.0,0.0
679.5,-16.0504277,3286.55815,14.17765881,0.58756876,4.56694581,0.064777151,5.92627819,0.457072042,1241.13007,417.24774,104.9767376,54.2300399,13.6407414,61.857309,15.5644737,0.203872245,2148.66769,0.0,64.6202746,0.1765769195,0.0,3286.55815,2092.24776,1241.13007,0.0,0.0
680.0,-15.8738652,3301.26871,42.7519062,8.63809839,14.76447025,2.98349868,17.10959965,3.45769564,1245.11856,417.24774,84.3378769,54.4043138,10.9967356,62.0238626,12.536842,0.203643039,2128.1042,0.0,64.827937,0.09552857,0.0,3301.26871,2100.69788,1245.11856,0.0,0.0
680.5,-15.6895396,3400.17691,29.8363166,6.35795107,10.6252814,2.26414021,12.9122856,2.75186982,1248.72202,417.24774,88.9359845,54.5617624,11.6299227,62.1096344,13.2387046,0.203413869,2128.1042,0.0,65.0155534,0.1141959455,0.0,3400.17691,2143.95826,1248.72202,0.0,0.0
681.0,-15.0177598,3357.22233,27.9849178,6.0167823,9.8382366,2.1152423,12.0689811,2.5948674,1252.78053,417.24774,89.7208714,54.7390961,11.7705308,62.2785675,13.39174465,0.203184734,2128.1042,0.0,65.2268626,0.1176777365,0.0,3357.22233,2128.45429,1252.78053,0.0,0.0
681.5,-14.0673828,3352.46873,27.5362119,5.92059658,9.6670154,2.07852009,11.8854435,2.55552731,1256.84347,417.24774,89.696528,54.9166232,11.80555695,62.4597793,13.4271241,0.202955634,2128.1042,0.0,65.4384046,0.1184324576,0.0,3352.46873,2128.84859,1256.84347,0.0,0.0
682.0,-13.11700585,3351.95661,24.9303674,5.41853081,8.7511028,1.9020192,10.8829219,2.36538401,1261.01725,417.24774,90.6666268,55.098991,11.9728721,62.6482718,13.613308,0.202726567,2128.1042,0.0,65.6557105,0.1230982374,0.0,3351.95661,2131.0725,1261.01725,0.0,0.0
682.5,-12.166629,3343.94122,22.8758698,5.01373857,8.01071704,1.75571841,10.0575536,2.20433741,1265.34185,417.24774,91.4290454,55.2879523,12.1149484,62.8427893,13.7703962,0.202497537,2128.1042,0.0,65.8808765,0.126905266,0.0,3343.94122,2130.26237,1265.34185,0.0,0.0
683.0,-11.21625215,3337.43927,20.9840741,4.63413451,7.33394658,1.61963089,9.290746,2.05178385,1269.78934,417.24774,92.1229845,55.4822813,12.249809,63.0424241,13.9189929,0.202268537,2128.1042,0.0,66.112438,0.130431581,0.0,3337.43927,2130.15371,1269.78934,0.0,0.0
683.5,-10.265875,3331.19534,19.0139135,4.23335142,6.63296248,1.47679349,8.48334255,1.88878286,1274.36294,417.24774,92.8733455,55.6821204,12.3940688,63.2476073,14.0780382,0.202039571,2128.1042,0.0,66.3505658,0.134161742,0.0,3331.19534,2130.22607,1274.36294,0.0,0.0
684.0,-9.3154984,3324.42026,17.0923606,3.8361748,5.95051818,1.33552039,7.68376084,1.72453619,1279.06519,417.24774,93.6189525,55.8875804,12.5396708,63.4582881,14.23833065,0.201810641,2128.1042,0.0,66.5953917,0.137854265,0.0,3324.42026,2130.15253,1279.06519,0.0,0.0
684.5,-8.36512145,3476.53053,76.9705102,10.35846121,29.63713884,3.92000229,32.5919075,4.37583032,1283.37331,417.24774,75.5082264,56.0758209,10.14654429,64.2101554,11.58308349,0.201581746,2365.98498,0.0,66.8196995,0.06860337484,0.0,3476.53053,2195.96224,1283.37331,0.0,0.0
685.0,-7.41474437,5014.270579999999,296.54138,20.1238589,156.021772,10.48666165,166.07881,11.162813,1282.16422,417.24774,28.4398728,56.0229883,3.81884259,70.4356181,4.79214922,0.201352881,3687.48973,0.0,66.756744,-0.0994639656,0.0,5014.270579999999,2835.12127,1282.16422,0.0,0.0
685.5,-6.47621321,6635.12463,300.0,16.2003945,208.448588,11.2202689,222.969619,12.0002871,1278.50032,417.24774,22.5476595,55.8628982,3.01890882,73.1365085,3.95072447,0.201124051,4424.2334,0.0,66.565979,-0.1102174948,0.0,6635.12463,3507.43123,1278.50032,0.0,0.0
686.0,-6.28280781,7959.10545,299.901346,13.8351745,249.95498,11.5108796,271.540081,12.5015352,1274.58426,417.24774,19.2582646,55.6917904,2.57057402,74.6649242,3.44552727,0.200895262,4424.2334,0.0,66.3620885,-0.116090468,0.0,7959.10545,4056.06287,1274.58426,0.0,0.0
686.5,-6.51522652,9050.3311,241.30949,11.6473514,227.464281,11.01505385,253.966945,12.3135313,1270.60425,417.24774,20.5688866,55.5178862,2.73656977,73.80179,3.62958305,0.200666497,4424.2334,0.0,66.1548652,-0.1078950366,0.0,9050.3311,4507.80606,1270.60425,0.0,0.0
687.0,-6.74764514,9598.711200000002,39.89207717,-0.26144098,40.3067342,-0.18290513,50.4237906,1.31232312,1269.53125,417.24774,94.8294933,55.4710039,12.61586183,65.0062774,14.60379196,0.200437773,4424.2334,0.0,66.0990007,0.1528419097,0.0,9598.711200000002,4735.36457,1269.53125,0.0,0.0
687.5,-6.9800638,8907.8459,1.53362529,-0.714199835,1.38031724,-0.694519377,2.59970731,-0.199249981,1277.87493,417.24774,106.2121832,55.8355727,14.2103976,63.4688055,16.1567899,0.200209081,4424.2334,0.0,66.5334187,0.189402756,0.0,8907.8459,4452.76205,1277.87493,0.0,0.0
688.0,-7.21248249,8780.0996,16.4901898,3.09828347,15.1627121,2.84882682,20.4137176,3.83542604,1282.38916,417.24774,79.1360542,56.0328161,10.62697,63.7809472,12.09597095,0.199980423,4424.2334,0.0,66.7684528,0.0943739039,0.0,8780.0996,4402.2418,1282.38916,0.0,0.0
688.5,-7.4449011,8815.8757,18.5829897,3.39824375,17.15493895,3.13713499,23.1318224,4.23018043,1285.32762,417.24774,76.3083284,56.1612119,10.27111785,63.963007,11.697914,0.199751797,4424.2334,0.0,66.9214501,0.0840955552,0.0,8815.8757,4418.84424,1285.32762,0.0,0.0
689.0,-7.67731975,8820.6476,16.2648266,3.07170684,15.0238109,2.83733204,20.273381,3.8287422,1288.3995,417.24774,78.7930723,56.2954344,10.630844,64.0547592,12.0961124,0.199523195,4424.2334,0.0,67.0813889,0.0920922821,0.0,8820.6476,4422.623519999999,1288.3995,0.0,0.0
689.5,-7.9097384,8805.218649999999,17.3042001,3.21223512,15.9557017,2.96191692,21.5142361,3.99377327,1291.52296,417.24774,77.5008665,56.4319114,10.48177715,64.2173126,11.9278421,0.19929463,4424.2334,0.0,67.2440145,0.0870505842,0.0,8805.218649999999,4418.02723,1291.52296,0.0,0.0
690.0,-8.1421571,8801.2024,18.6984864,3.39696297,17.2336403,3.13084374,23.232832,4.22071997,1294.41066,417.24774,75.8169236,56.5580872,10.2769866,64.376572,11.69765735,0.199066089,4424.2334,0.0,67.394364,0.080687187,0.0,8801.2024,4418.04201,1294.41066,0.0,0.0
690.5,-8.3722417,8799.808,19.2878782,3.46952322,17.7740304,3.19721165,23.9577427,4.30954616,1297.14178,417.24774,75.0623039,56.6774198,10.19617625,64.5119387,11.60559405,0.198837578,4424.2334,0.0,67.5365605,0.0775456299,0.0,8799.808,4419.05671,1297.14178,0.0,0.0
691.0,-8.455922,8797.1367,19.6781693,3.51620657,18.1281976,3.23924897,24.4099654,4.36171142,1299.78137,417.24774,74.5574563,56.7927553,10.1482182,64.6386602,11.5501923,0.198609095,4424.2334,0.0,67.673995,0.0754373795,0.0,8797.1367,4419.48627,1299.78137,0.0,0.0
691.5,-8.455922,8795.0997,19.6187852,3.50326501,18.0693102,3.22658014,24.3373944,4.34585227,1302.37919,417.24774,74.5045812,56.9062637,10.1612951,64.7551948,11.56281605,0.198380642,4424.2334,0.0,67.8092475,0.0749968946,0.0,8795.0997,4420.15549,1302.37919,0.0,0.0
692.0,-8.455922,8791.24,19.3873811,3.47094039,17.8483826,3.19540967,24.0436147,4.30454917,1304.96589,417.24774,74.6197266,57.0192885,10.1972296,64.8681025,11.6008845,0.198152217,4423.41996,0.0,67.9439295,0.0751287395,0.0,8791.24,4420.05983,1304.96589,0.0,0.0
692.5,-8.455922,8469.437,-2.27098,-3.319380674,-1.94519333,-2.90869286,-0.82574286,-2.12301964,1309.76952,417.24774,115.7733778,57.2291765,15.881203,64.9286632,18.019017,0.197923822,4257.91755,0.0,68.1940305,0.219526101,0.0,8469.437,4288.96009,1309.76952,0.0,0.0
693.0,-8.455922,7688.366899999999,-3.12983994,-3.12983994,-2.52292492,-2.52292492,-1.96428395,-1.96428395,1317.58406,417.24774,114.3148561,57.5706271,15.7726108,65.2078397,17.8650181,0.197695453,3970.31426,0.0,68.6009031,0.213618183,0.0,7688.366899999999,3968.51382,1317.58406,0.0,0.0
693.5,-8.455922,6992.60169,-1.59448415,-2.209883168,-1.20376524,-1.638109028,-0.68593713,-1.234910622,1324.77277,417.24774,109.1145741,57.8847314,15.1364809,65.5113315,17.1311124,0.197467113,3691.08838,0.0,68.975189,0.194378942,0.0,6992.60169,3683.19827,1324.77277,0.0,0.0
694.0,-8.455922,6714.17873,20.6545037,3.85323663,14.528012,2.7100802,18.0742916,3.37311078,1329.59947,417.24774,79.307824,58.09563,11.04205085,65.8733716,12.51939425,0.197238806,3609.5564,0.0,69.2264919,0.0868502541,0.0,6714.17873,3570.16266,1329.59947,0.0,0.0
694.5,-8.455922,6801.373140000001,22.543818,4.15962718,16.05148025,2.96190387,19.9784425,3.68721517,1332.24123,417.24774,77.1040131,58.2110597,10.7570798,66.0313334,12.2020599,0.197010527,3609.5564,0.0,69.3640379,0.0788653235,0.0,6801.373140000001,3607.98739,1332.24123,0.0,0.0
695.0,-8.455922,6810.2865,16.5580925,3.24746997,11.80913855,2.31606543,14.9312068,2.92837987,1335.3047,417.24774,81.820445,58.3449148,11.4412161,66.0781871,12.9576665,0.196782275,3609.5564,0.0,69.5235398,0.0953623515,0.0,6810.2865,3613.48499,1335.3047,0.0,0.0
695.5,-8.455922,6783.921980000001,17.7143874,3.423368,12.5842738,2.43196382,15.9028747,3.07330617,1338.55931,417.24774,80.6840472,58.4871207,11.3097195,66.2431963,12.80951185,0.196554052,3609.5564,0.0,69.6929932,0.0910068544,0.0,6783.921980000001,3604.41491,1338.55931,0.0,0.0
696.0,-8.455922,6782.54917,18.6181707,3.55849658,13.2238653,2.52748142,16.6884647,3.18967169,1341.62226,417.24774,79.7463446,58.620954,11.2039118,66.3960236,12.68991935,0.196325859,3609.5564,0.0,69.8524676,0.0873822209,0.0,6782.54917,3605.63211,1341.62226,0.0,0.0
696.5,-8.455922,6781.69764,18.22452,3.49109072,12.9426592,2.47929689,16.3569311,3.13333547,1344.64816,417.24774,79.9234365,58.7531683,11.25411985,66.5261581,12.74302905,0.196097695,3609.5564,0.0,70.0100145,0.0877215371,0.0,6781.69764,3607.04462,1344.64816,0.0,0.0
697.0,-8.455922,6776.039350000001,18.2110139,3.48286491,12.922258,2.47138834,16.3333466,3.12376105,1347.67209,417.24774,79.8006,58.8852971,11.2620833,66.6618132,12.74937825,0.195869558,3609.5564,0.0,70.1674574,0.086987403,0.0,6776.039350000001,3606.45582,1347.67209,0.0,0.0
697.5,-8.455922,6771.57515,18.3489678,3.49828886,13.01157505,2.48069836,16.4412401,3.13457509,1350.65801,417.24774,79.5500086,59.0157626,11.2515941,66.7981579,12.73533995,0.195641449,3609.5564,0.0,70.32292,0.0858020651,0.0,6771.57515,3606.34167,1350.65801,0.0,0.0
698.0,-8.455922,6767.79267,18.3744531,3.4962864,13.0223716,2.47789385,16.4554451,3.13113829,1353.60912,417.24774,79.3932581,59.1447086,11.25396015,66.9311571,12.7355534,0.195413374,3609.5564,0.0,70.476572,0.0849539626,0.0,6767.79267,3606.49088,1353.60912,0.0,0.0
698.5,-8.455922,6763.66645,18.3993253,3.49414481,13.03204695,2.47486599,16.4682704,3.12742601,1356.53187,417.24774,79.237846,59.2724164,11.2561821,67.0650129,12.7360427,0.195185321,3609.5564,0.0,70.628748,0.0841130756,0.0,6763.66645,3606.4805,1356.53187,0.0,0.0
699.0,-8.455922,6759.55699,18.4465462,3.49545346,13.05755485,2.47428867,16.4998491,3.12657242,1359.42421,417.24774,79.0646745,59.3987946,11.25552975,67.1994054,12.7336746,0.194957301,3609.5564,0.0,70.7793376,0.0832115309,0.0,6759.55699,3606.45934,1359.42421,0.0,0.0
699.5,-8.455922,6755.57399,18.4879,3.49585847,13.07911695,2.47311738,16.5267747,3.1250316,1362.28577,417.255528,78.8982819,59.524938,11.2554853,67.3334965,12.7319945,0.194729313,3609.5564,0.0,70.9283255,0.0823363864,0.0,6755.57399,3606.47287,1362.28577,0.0,0.0
700.0,-8.455922,6751.54097,18.5397194,3.49453593,13.1079449,2.47070575,16.5635088,3.12204222,1365.11783,417.761231,78.743358,59.7209949,11.256738,67.5465319,12.7317643,0.194501346,3609.5564,0.0,71.0757796,0.0815041213,0.0,6751.54097,3606.44825,1365.11783,0.0,0.0
700.5,-8.455922,6747.518959999999,18.622193,3.49599267,13.15841175,2.47026324,16.6265695,3.1213497,1367.92053,418.553275,78.5761781,59.9570662,11.25590005,67.8051245,12.7292378,0.19427341,3609.5564,0.0,71.2217046,0.0806301479,0.0,6747.518959999999,3606.41119,1367.92053,0.0,0.0
701.0,-8.455922,6743.661870000001,18.6997305,3.49672065,13.2056466,2.46936527,16.6858169,3.12013327,1370.69322,419.345311,78.4146015,60.1922824,11.2555228,68.0627092,12.72723615,0.194045504,3609.5564,0.0,71.3660659,0.0797784368,0.0,6743.661870000001,3606.42509,1370.69322,0.0,0.0
701.5,-8.455922,6739.834970000001,18.7714595,3.49659026,13.2487785,2.46787195,16.7401952,3.11822399,1373.43698,420.137355,78.2595954,60.426687,11.2557598,68.3193036,12.72592825,0.193817628,3609.5564,0.0,71.5089223,0.0789522421,0.0,6739.834970000001,3606.43476,1373.43698,0.0,0.0
702.0,-8.455922,6736.02637,18.8452965,3.49681034,13.2933763,2.46663266,16.7962956,3.11661174,1376.15223,420.929396,78.1048717,60.6602908,11.25571495,68.5750476,12.7243243,0.193589784,3609.5564,0.0,71.6502936,0.0781290934,0.0,6736.02637,3606.43541,1376.15223,0.0,0.0
702.5,-8.455922,6732.2649,18.9194485,3.49715775,13.3382305,2.46550013,16.8526731,3.11512611,1378.83921,421.713649,77.9514779,60.8919689,11.25554295,68.8286469,12.7225945,0.193361958,3609.5564,0.0,71.790193,0.0773127624,0.0,6732.2649,3606.43919,1378.83921,0.0,0.0
703.0,-8.455922,6728.622130000001,18.9789116,3.49867936,13.3729128,2.46523824,16.8957663,3.11466092,1381.49764,422.0,77.793815,61.050779,11.25443525,69.0000396,12.71984545,0.193134167,3609.5564,0.0,71.9286055,0.0764833399,0.0,6728.622130000001,3606.4756,1381.49764,0.0,0.0
703.5,-8.455922,6725.035730000001,19.0084928,3.4977016,13.3866179,2.46323574,16.9132863,3.11216855,1384.12829,422.0,77.6508841,61.167033,11.2551492,69.123125,12.7191243,0.192906406,3609.5564,0.0,72.0655717,0.075708641,0.0,6725.035730000001,3606.5193,1384.12829,0.0,0.0
704.0,-8.455922,6721.367840000001,19.0425377,3.49744256,13.40327905,2.46170985,16.9342699,3.11022843,1386.7323,422.0,77.5064684,61.2821073,11.2553515,69.2449951,12.71785185,0.192678672,3609.5564,0.0,72.2011501,0.074930484,0.0,6721.367840000001,3606.51343,1386.7323,0.0,0.0
704.5,-8.455922,6717.74783,19.081816,3.49801675,13.4236922,2.46078794,16.9596849,3.10899467,1389.30914,422.0,77.3596195,61.3959835,11.25490225,69.365647,12.715874,0.192450971,3609.5564,0.0,72.3353178,0.0741456814,0.0,6717.74783,3606.5118,1389.30914,0.0,0.0
705.0,-8.455922,6714.187339999999,19.1184533,3.49824248,13.4423372,2.45964242,16.9829974,3.10750275,1391.85913,422.0,77.2163299,61.5086722,11.25467455,69.4849762,12.7141552,0.192223289,3609.5564,0.0,72.4680829,0.0733756401,0.0,6714.187339999999,3606.51914,1391.85913,0.0,0.0
705.5,-8.455922,6710.65674,19.1541543,3.49841878,13.460357,2.45847294,17.0055399,3.10598435,1394.38272,421.99327,77.0751057,61.6192087,11.25445875,69.6019204,12.71246365,0.191995643,3609.5564,0.0,72.5994734,0.0726150011,0.0,6710.65674,3606.52357,1394.38272,0.0,0.0
706.0,-8.455922,6707.226729999999,19.1780637,3.49979089,13.4702714,2.45818014,17.0173977,3.10549261,1396.87968,421.556125,76.9294197,61.665595,11.25330175,69.6465884,12.7097465,0.191768023,3609.5564,0.0,72.7294826,0.0718404875,0.0,6707.226729999999,3606.5543,1396.87968,0.0,0.0
706.5,-8.455922,6703.85334,19.1755775,3.49897948,13.461752,2.45637421,17.0067872,3.10323897,1399.3507,420.871451,76.7964856,61.6743442,11.25372765,69.6486034,12.70879215,0.191540436,3609.5564,0.0,72.858134,0.071113626,0.0,6703.85334,3606.59341,1399.3507,0.0,0.0
707.0,-8.455922,6700.41066,19.1765574,3.49874409,13.4555259,2.45494754,16.9988558,3.10142457,1401.79665,420.186774,76.6625982,61.68164,11.2537449,69.6491014,12.7073993,0.191312873,3609.5564,0.0,72.9854865,0.0703852084,0.0,6700.41066,3606.58908,1401.79665,0.0,0.0
707.5,-8.455922,6697.01094,19.1821716,3.49926037,13.45263555,2.45406398,16.9948591,3.1002454,1404.21726,419.502098,76.5265747,61.6874713,11.2531757,69.6480993,12.7053722,0.191085337,3609.5564,0.0,73.1115161,0.0696511006,0.0,6697.01094,3606.58773,1404.21726,0.0,0.0
708.0,-8.455922,6693.666,19.1853668,3.49947705,13.4481566,2.45299012,16.9889704,3.09884676,1406.61272,418.817424,76.3936549,61.6918506,11.25279335,69.645506,12.7035655,0.190857837,3609.5564,0.0,73.236239,0.0689301122,0.0,6693.666,3606.59462,1406.61272,0.0,0.0
708.5,-8.455922,6690.35131,19.1873888,3.49995519,13.44291405,2.45211039,16.9820208,3.09767574,1408.98339,418.075888,76.2610533,61.6864068,11.2521934,69.6319246,12.701532,0.190630361,3609.5564,0.0,73.3596716,0.068212234,0.0,6690.35131,3606.59964,1408.98339,0.0,0.0
709.0,-8.455922,6687.64068,19.0860238,3.50999749,13.3664831,2.45814977,16.8816181,3.104597,1411.32629,413.697891,76.0807211,61.1418289,11.2442515,69.0109019,12.69140735,0.190402914,3609.5564,0.0,73.4816538,0.067326178,0.0,6687.64068,3606.83959,1411.32629,0.0,0.0
709.5,-8.455922,6697.47979,24.5329377,4.24964966,17.2229171,2.98262721,21.2587025,3.68840814,1413.57442,407.228547,72.3786225,60.2815914,10.713903,68.1129116,12.1043937,0.190175494,3631.95532,0.0,73.598703,0.0538004912,0.0,6697.47979,3612.24641,1413.57442,0.0,0.0
710.0,-8.455922,7009.37552,68.8197938,8.56340891,50.7156805,6.29926857,57.4645569,7.14697172,1414.09945,400.759196,50.7898676,59.3461319,7.52128811,68.2262758,8.64262828,0.189948103,3818.19704,0.0,73.6260419,-0.0236095322,0.0,7009.37552,3742.33516,1414.09945,0.0,0.0
710.5,-8.455922,7630.11848,82.6902733,9.16297784,65.9038824,7.30923142,74.2537808,8.24337442,1412.65458,394.289845,44.0074599,58.328514,6.51006349,67.5957968,7.54302483,0.189720743,4006.84924,0.0,73.5508126,-0.0464455536,0.0,7630.11848,3999.78725,1412.65458,0.0,0.0
711.0,-8.455922,7947.206759999999,17.205452985,2.717355065,14.350830564,2.268053901,17.821645765,2.860022951,1412.63849,387.820506,77.3509008,57.3705911,11.44376413,64.8634657,12.9225699,0.189493412,4031.6587,0.0,73.5499744,0.07261564862,0.0,7947.206759999999,4131.72063,1412.63849,0.0,0.0
711.5,-8.455922,6825.1716,-17.535262086,-17.5492717253,-12.25366801,-12.2651213984,-11.542430999,-11.557181821,1420.53825,381.414749,161.478699,56.7378996,24.0253902,64.4472454,27.310066,0.189266111,3623.06044,0.0,73.9612806,0.379096948,0.0,6825.1716,3669.44606,1420.53825,0.0,0.0
712.0,-8.455922,4407.56899,-15.0217839,-15.274634353,-7.24382461,-7.338012958,-6.70723977,-6.829148263,1433.03667,379.07587,133.745731,56.8868719,20.0658258,64.1478029,22.634915,0.189038837,2681.93155,0.0,74.6120196,0.283937229,0.0,4407.56899,2670.76153,1433.03667,0.0,0.0
712.5,-8.455922,3584.0783,23.5222323,4.87059184,8.85205845,1.83243276,10.99852797,2.27786715,1438.69052,379.07587,79.580062,57.1113101,11.98926225,64.2897872,13.49573795,0.188811587,2390.145,0.0,74.906391,0.0729258948,0.0,3584.0783,2331.40224,1438.69052,0.0,0.0
713.0,-8.455922,3742.51128,19.45564745,4.13593139,7.61728289,1.61950471,9.63525353,2.04927323,1441.11238,379.07587,80.8093881,57.2074522,12.19533625,64.3657686,13.7211354,0.18858437,2390.145,0.0,75.0324876,0.0778638962,0.0,3742.51128,2398.74148,1441.11238,0.0,0.0
713.5,-8.455922,3725.6291,14.0754523,3.1018205,5.49074451,1.2100207,7.08198101,1.56068684,1444.07135,379.07587,83.578013,57.3249131,12.6388702,64.4351989,14.2065267,0.188357182,2390.145,0.0,75.1865469,0.0882583167,0.0,3725.6291,2393.44439,1444.07135,0.0,0.0
714.0,-8.455922,3703.93687,16.3264175,3.53727642,6.33262101,1.37202341,8.1583789,1.76759654,1447.01946,379.07587,82.155443,57.4419413,12.44911955,64.5814145,13.99642235,0.18813002,2390.145,0.0,75.3400445,0.082530511,0.0,3703.93687,2386.13946,1447.01946,0.0,0.0
714.5,-8.455922,3707.12659,16.3256733,3.53145646,6.33778032,1.37094463,8.1682069,1.76689058,1449.84689,379.07587,81.9907748,57.5541829,12.44846735,64.6994921,13.9939344,0.187902889,2390.145,0.0,75.4872546,0.0816535379,0.0,3707.12659,2389.11762,1449.84689,0.0,0.0
715.0,-8.455922,3703.07894,16.0884622,3.47925303,6.23886865,1.34920348,8.0504851,1.74097948,1452.66826,379.07587,81.9782445,57.6661822,12.47077715,64.814472,14.0166529,0.187675787,2390.145,0.0,75.6341505,0.0813506895,0.0,3703.07894,2389.08078,1452.66826,0.0,0.0
715.5,-8.4577842,3698.28824,16.2118616,3.49719134,6.27858895,1.35440526,8.0999164,1.74729868,1455.46277,379.07587,81.7744872,57.7771157,12.4637117,64.9318806,14.00714205,0.18744871,2390.145,0.0,75.77965,0.0803074156,0.0,3698.28824,2388.71899,1455.46277,0.0,0.0
716.0,-8.57674535,3693.75684,16.4287125,3.53293661,6.35475831,1.36656911,8.19210185,1.76168462,1458.21823,379.07587,81.5254476,57.8864979,12.4492744,65.0485256,13.9895652,0.187221664,2390.145,0.0,75.9231145,0.078954608,0.0,3693.75684,2388.44236,1458.21823,0.0,0.0
716.5,-8.7626268,3689.08567,16.9353244,3.62417916,6.54244063,1.40009051,8.4169655,1.80124265,1460.9137,379.07587,81.130518,57.9934997,12.41186715,65.1654351,13.94681725,0.186994648,2390.145,0.0,76.0634572,0.0769620295,0.0,3689.08567,2388.07249,1460.9137,0.0,0.0
717.0,-8.94850865,3685.6193,17.3881576,3.70453869,6.7110714,1.42979101,8.61843855,1.83615585,1463.54167,379.07587,80.7681231,58.0978215,12.3786544,65.278988,13.9087149,0.186767655,2390.145,0.0,76.2002861,0.0751014581,0.0,3685.6193,2388.16458,1463.54167,0.0,0.0
717.5,-9.13438995,3682.06076,17.8174071,3.77986558,6.87010232,1.45745517,8.8079079,1.8685513,1466.1073,379.07587,80.4251652,58.1996682,12.3476999,65.3896351,13.8731314,0.186540701,2390.145,0.0,76.3338629,0.0733198815,0.0,3682.06076,2388.18192,1466.1073,0.0,0.0
718.0,-9.3202716,3678.50145,18.2650156,3.85817928,7.03588552,1.48621375,9.0047605,1.90210697,1468.61115,379.07587,80.0796779,58.2990615,12.31565435,65.497815,13.83638815,0.186313764,2390.145,0.0,76.4642301,0.0715321679,0.0,3678.50145,2388.16281,1468.61115,0.0,0.0
718.5,-9.5061532,3675.07957,18.7137272,3.93620255,7.20202885,1.5148588,9.20142195,1.93540788,1471.05358,379.07587,79.7399744,58.396019,12.28380595,65.6033858,13.7999009,0.18608686,2390.145,0.0,76.5913961,0.0697709334,0.0,3675.07957,2388.16503,1471.05358,0.0,0.0
719.0,-9.69203455,3671.73778,19.1633761,4.01391115,7.36837197,1.54336056,9.3977047,1.96842069,1473.43562,379.07587,79.406136,58.4905776,12.25218695,65.7063875,13.76370285,0.185859985,2390.145,0.0,76.715418,0.0680363862,0.0,3671.73778,2388.16536,1473.43562,0.0,0.0
719.5,-9.8779164,3668.47403,19.6163005,4.09174762,7.53581851,1.5718905,9.5946681,2.00134551,1475.75808,379.07587,79.0768705,58.5827722,12.2206138,65.8068785,13.7275933,0.185633137,2390.145,0.0,76.8363391,0.066323515,0.0,3668.47403,2388.16332,1475.75808,0.0,0.0
720.0,-10.06379785,3904.42452,129.9750393,12.6599498,56.42520344,5.37305824,61.0308268,5.89342804,1477.2434,379.07587,55.4985927,58.6417345,8.5860169,68.1402563,9.83232736,0.185406322,2812.54818,0.0,76.9136744,-0.02521991111,0.0,3904.42452,2487.21137,1477.2434,0.0,0.0
720.5,-10.2478126,5386.1989,300.0,18.57012,169.212427,10.42189075,180.308702,11.1049878,1473.63154,379.07587,23.4860476,58.4983547,3.62453521,74.5694885,4.61758464,0.185179534,4225.296339999999,0.0,76.7256176,-0.138872183,0.0,5386.1989,3101.67967,1473.63154,0.0,0.0
721.0,-10.314738,6744.835069999999,300.0,15.56556535,211.895247,10.9707011,227.188419,11.7614762,1468.70504,379.07587,19.6800304,58.3027898,3.02696016,76.2519605,3.95791433,0.184952772,4322.7417,0.0,76.4691185,-0.145415069,0.0,6744.835069999999,3664.14174,1468.70504,0.0,0.0
721.5,-10.314738,7849.68371,297.21796,13.6567969,244.205965,11.2111765,265.101858,12.1689749,1463.60939,379.07587,17.4192268,58.1005079,2.66988832,77.1990605,3.54723482,0.184726038,4322.7417,0.0,76.2038078,-0.148766636,0.0,7849.68371,4120.90202,1463.60939,0.0,0.0
722.0,-10.314738,8743.5177,204.5822615,11.2163448,186.1638224,10.2461883,207.458617,11.44680105,1458.644,379.07587,21.7182894,57.9034004,3.31692912,74.8286916,4.26622823,0.184499331,4322.7417,0.0,75.9452846,-0.130009726,0.0,8743.5177,4489.9338,1458.644,0.0,0.0
722.5,-10.314738,8978.82775,19.99261488,-0.89985117,19.24008804,-0.75122052,25.1224631,0.43077293,1457.24467,379.07587,88.5899982,57.8478502,13.52269946,65.8175027,15.28122374,0.18427266,4322.7417,0.0,75.8724266,0.1075569943,0.0,8978.82775,4587.03092,1457.24467,0.0,0.0
723.0,-10.314738,8337.11765,9.468328224,1.686127095,8.205406625,1.4593113196,10.82752407,1.979843413,1461.87683,379.07587,79.8017219,58.0317326,12.2158926,65.2481035,13.7311438,0.184046011,4322.7417,0.0,76.1136032,0.0741295086,0.0,8337.11765,4322.71521,1461.87683,0.0,0.0
723.5,-10.314738,8262.0331,30.5785725,4.81531652,26.4616589,4.16675274,33.5344122,5.28183488,1462.96455,379.07587,59.9853573,58.0749112,9.18982495,65.8650234,10.4216597,0.183819394,4322.7417,0.0,76.1702362,0.004417582834,0.0,8262.0331,4292.10723,1462.96455,0.0,0.0
724.0,-10.314738,8333.9966,30.36967,4.78401425,26.501153,4.17479352,33.7221584,5.31315021,1462.98624,379.07587,59.7714161,58.0757716,9.157199,65.878652,10.3871677,0.183592803,4322.7417,0.0,76.1713646,0.003764884823,0.0,8333.9966,4322.06444,1462.98624,0.0,0.0
724.5,-10.314738,8344.940400000001,24.2787876,4.09283598,21.2172519,3.57670847,27.5124456,4.63803443,1463.39492,379.07587,63.9023557,58.0919956,9.7928146,65.6041251,11.05910785,0.183366242,4322.7417,0.0,76.192643,0.01828324885,0.0,8344.940400000001,4326.85686,1463.39492,0.0,0.0
725.0,-10.314738,8321.19885,24.8036022,4.15758732,21.6133966,3.62285878,27.9502032,4.68513141,1464.04393,379.07587,63.5731176,58.1177588,9.7466602,65.6441506,11.008836,0.183139708,4322.7417,0.0,76.2264324,0.01702719315,0.0,8321.19885,4317.35674,1464.04393,0.0,0.0
725.5,-10.314738,8319.15855,26.4868201,4.3544247,23.074825,3.7934922,29.6859632,4.88036552,1464.54197,379.07587,62.3252127,58.1375293,9.55859675,65.7514706,10.81042815,0.182913197,4322.7417,0.0,76.2523647,0.0125832805,0.0,8319.15855,4316.79865,1464.54197,0.0,0.0
726.0,-10.314738,7507.73166,-12.3624884,-15.99919355,-8.8443879,-12.0140243,-6.97676616,-11.09200261,1469.36818,379.07587,152.8682828,58.3291147,23.5341703,66.1479365,26.7215648,0.182686727,3914.65534,0.0,76.5036467,0.3402388335,0.0,7507.73166,3981.97569,1469.36818,0.0,0.0
726.5,-10.314738,4857.3874,-19.4902978,-19.4902978,-9.94696815,-9.94696815,-9.33203513,-9.33203513,1482.2458,379.07587,143.351045,58.8403147,22.2479088,66.2071616,25.0369649,0.182460279,2883.17046,0.0,77.174127,0.313970271,0.0,4857.3874,2886.66718,1482.2458,0.0,0.0
727.0,-10.314738,2340.53684,-19.0046214,-19.0046214,-4.65923407,-4.65923407,-4.23398444,-4.23398444,1491.36637,379.07587,113.9898276,59.2023709,17.8006101,66.2869207,19.9317615,0.182233858,1845.12641,0.0,77.6489955,0.216961058,0.0,2340.53684,1844.71248,1491.36637,0.0,0.0
727.5,-10.314738,13.4836565,-29.9271942,-12.48035362,0.4210512098,-0.2706433365,1.149775287,-0.0212651903,1497.27408,379.07587,89.504064,59.4368856,14.03310335,66.5209549,15.70529545,0.182007468,856.190509,0.0,77.956583,0.1256227691,0.0,13.4836565,879.857931,1497.27408,0.0,0.0
728.0,-10.314738,-786.335081,4.28542316,5.32348963,-0.3407379544,-0.4309483917,-0.08663441,-0.2487676898,1500.93651,379.07587,90.5853326,59.5822744,14.23806155,66.636625,15.9237356,0.181781106,607.461,0.0,78.1472731,0.0976699146,0.0,-786.335081,549.185926,1500.93651,0.0,0.0
728.5,-10.314738,-654.342537,4.49204407,4.49204407,-0.307925979,-0.307925979,-0.16604296,-0.16604296,1504.28101,379.07587,89.9249299,59.7150391,14.1656773,66.76462,15.8379881,0.181554768,607.461,0.0,78.3214061,0.0965471614,0.0,-654.342537,606.061828,1504.28101,0.0,0.0
729.0,-10.314738,-652.860497,4.2698741,4.2698741,-0.291919651,-0.291919651,-0.155238694,-0.155238694,1507.60486,379.07587,89.6648676,59.8469854,14.15592615,66.8984391,15.8238446,0.181328464,607.461,0.0,78.4944625,0.0956603025,0.0,-652.860497,608.619266,1507.60486,0.0,0.0
729.5,-10.314738,-657.348784,4.26581669,4.26581669,-0.293647757,-0.293647757,-0.156470646,-0.156470646,1510.89418,379.07587,89.4767698,59.9775597,14.15705095,67.0308619,15.8219068,0.181102188,607.461,0.0,78.665724,0.0946303236,0.0,-657.348784,608.672279,1510.89418,0.0,0.0
730.0,-10.314738,-661.901881,4.2660227,4.2660227,-0.295695963,-0.295695963,-0.157919568,-0.157919568,1514.14791,379.07587,89.290029,60.1067228,14.15792865,67.1637615,15.8201898,0.180875939,607.461,0.0,78.8351301,0.093601071,0.0,-661.901881,608.677533,1514.14791,0.0,0.0
730.5,-10.314738,-666.407299,4.26630604,4.26630604,-0.297728481,-0.297728481,-0.159361969,-0.159361969,1517.36611,379.07587,89.1036475,60.2344755,14.15840505,67.2969201,15.81846725,0.180649712,607.461,0.0,79.0026884,0.0925765619,0.0,-666.407299,608.681855,1517.36611,0.0,0.0
731.0,-10.314738,-670.863482,4.26658739,4.26658739,-0.29973912,-0.29973912,-0.160793575,-0.160793575,1520.5491,379.07587,88.9199317,60.3608299,14.15885175,67.4285771,15.81673485,0.180423522,607.461,0.0,79.168415,0.0915643949,0.0,-670.863482,608.686125,1520.5491,0.0,0.0
731.5,-10.314738,-423.50374549,12.41100735,10.68465685,-0.414045592,-0.41469897051,-0.2579181367,-0.2597836291,1523.59555,379.07587,89.2985276,60.4817635,14.2476061,67.5528866,15.9133147,0.180197361,730.552102,0.0,79.3270308,0.0812304599,0.0,-423.50374549,713.393173,1523.59555,0.0,0.0
732.0,-10.314738,473.1881627,70.9692495,14.79846751,4.132101671,0.839710033,5.554322049,1.135028737,1525.95469,379.07587,81.1622264,60.575414,12.96931785,67.7974036,14.5145856,0.179971225,1189.596724,0.0,79.4498596,0.047453288,0.0,473.1881627,1087.890738,1525.95469,0.0,0.0
732.5,-10.314738,1809.11538,92.100085,16.4150874,17.4200273,3.07811457,19.7219796,3.4870235,1526.67239,379.073148,67.695186,60.6034708,10.8226134,68.0917446,12.15942935,0.179745115,1667.58648,0.0,79.4872282,0.00096409524,0.0,1809.11538,1644.19903,1526.67239,0.0,0.0
733.0,-10.314738,2884.53015,60.1483575,10.33801444,17.63297891,3.04345161,20.04131687,3.47093203,1526.55271,378.896356,67.7440905,60.5704559,10.8296591,68.0952544,12.17236025,0.179519038,2017.45286,0.0,79.4809945,0.01168325977,0.0,2884.53015,2091.61711,1526.55271,0.0,0.0
733.5,-10.314738,2889.10042,3.9374525636,0.8390064866,1.1781623348,0.2510036588,1.5671783238,0.3398622748,1528.51313,378.619484,85.5283065,60.603919,13.6900893,67.7334115,15.300433,0.179292987,2034.2413,0.0,79.5830674,0.0855047554,0.0,2889.10042,2094.66355,1528.51313,0.0,0.0
734.0,-10.314738,2685.89022,20.682049,4.26181062,5.81676769,1.19861724,7.56525533,1.55926321,1531.00239,378.342613,78.4164151,60.6582276,12.57212015,67.9229634,14.0777107,0.179066966,2034.2413,0.0,79.7126734,0.0562183629,0.0,2685.89022,2011.55974,1531.00239,0.0,0.0
734.5,-10.314738,2735.63703,22.9452681,4.69326209,6.57152171,1.34418252,8.47833157,1.73426976,1532.78954,378.06575,77.3163595,60.6845938,12.41032895,67.9666909,13.8995462,0.178840973,2034.2413,0.0,79.8057191,0.0516661625,0.0,2735.63703,2033.30325,1532.78954,0.0,0.0
735.0,-10.314738,2741.07815,20.0254445,4.14650353,5.74825326,1.19024282,7.51921829,1.556943,1534.65492,377.788879,78.2193217,60.7139506,12.57052545,67.9741615,14.07371605,0.178615006,2034.2413,0.0,79.902844,0.0552929064,0.0,2741.07815,2036.65654,1534.65492,0.0,0.0
735.5,-10.314738,2728.73058,20.6440126,4.26104613,5.89903945,1.21759716,7.69827008,1.58897091,1536.5476,377.514733,77.9301396,60.7447168,12.53949015,68.0064849,14.0385322,0.178389067,2034.2413,0.0,80.0013859,0.0539076854,0.0,2728.73058,2032.62376,1536.5476,0.0,0.0
736.0,-10.314738,2728.04533,20.867486,4.29924327,5.96142884,1.22820892,7.77248159,1.60133268,1538.39222,377.41464,77.7553968,60.8015202,12.5263983,68.065907,14.0230153,0.178163157,2034.2413,0.0,80.0974259,0.0530308081,0.0,2728.04533,2033.41566,1538.39222,0.0,0.0
736.5,-10.314738,2726.15284,20.7506745,4.27250021,5.9239457,1.21972231,7.7294622,1.59147263,1540.22004,377.41464,77.7078,60.873762,12.53360355,68.1401713,14.02972105,0.177937277,2034.2413,0.0,80.1925944,0.0526805289,0.0,2726.15284,2033.69542,1540.22004,0.0,0.0
737.0,-10.314738,2723.14627,20.7954466,4.27612442,5.93017809,1.21941031,7.73788667,1.59112573,1542.03169,377.41464,77.6072421,60.9453649,12.5321074,68.2148147,14.02691455,0.177711426,2034.2413,0.0,80.2869209,0.0521079346,0.0,2723.14627,2033.50222,1542.03169,0.0,0.0
737.5,-10.314738,2720.69628,20.8351622,4.27883553,5.93615917,1.21908582,7.74597592,1.5907608,1543.82324,377.41464,77.5079621,61.0161692,12.530617,68.2886155,14.024127,0.177485601,2034.2413,0.0,80.3801955,0.0515434318,0.0,2720.69628,2033.52879,1543.82324,0.0,0.0
738.0,-10.314738,2718.26139,20.8541966,4.27771361,5.93626458,1.21767544,7.74714471,1.58913191,1545.596,377.41464,77.4169281,61.0862359,12.53027195,68.3614935,14.0226042,0.177259804,2034.2413,0.0,80.4724971,0.0510145042,0.0,2718.26139,2033.55071,1545.596,0.0,0.0
738.5,-10.314738,2715.78481,20.8799621,4.27810466,5.93818376,1.21667719,7.750398,1.5879826,1547.35045,377.393281,77.3242559,61.1521127,12.52947845,68.42978,14.0206028,0.177034042,2034.2413,0.0,80.5638441,0.0504798274,0.0,2715.78481,2033.54464,1547.35045,0.0,0.0
739.0,-10.314738,2713.63916,20.8540072,4.28292101,5.92611876,1.21708471,7.73442154,1.58846739,1549.08571,376.006575,77.2227334,60.9957096,12.5270611,68.250241,14.0169682,0.176808299,2034.2413,0.0,80.6541933,0.0499111097,0.0,2713.63916,2033.66501,1549.08571,0.0,0.0
739.5,-10.314738,2711.51804,20.7338481,4.27833301,5.88736841,1.21483059,7.68543958,1.58585422,1550.80263,373.834808,77.1386772,60.7106179,12.5272947,67.9273796,14.01643245,0.176582588,2034.2413,0.0,80.7435834,0.0494174658,0.0,2711.51804,2033.78489,1550.80263,0.0,0.0
740.0,-10.314738,2709.05877,20.6349687,4.27781853,5.85397678,1.21358273,7.64275865,1.58441357,1552.50222,371.663045,77.0490301,60.4240737,12.5264497,67.6030984,14.0147249,0.176356908,2034.2413,0.0,80.832076,0.0489007149,0.0,2709.05877,2033.75395,1552.50222,0.0,0.0
740.5,-10.314738,2818.74208,48.2109098,8.48833509,14.57979553,2.55458836,16.83695147,2.96746951,1553.91255,369.491272,69.1693972,60.1255826,11.25549895,67.4841705,12.6285218,0.17613125,2150.26047,0.0,80.9055059,0.015917403777,0.0,2818.74208,2080.21749,1553.91255,0.0,0.0
741.0,-10.314738,3774.16647,122.7163616,15.75532355,48.7619815,6.22424235,52.8711276,6.75074712,1552.85122,367.319505,47.5533873,59.7314121,7.73308382,68.3193089,8.84209765,0.17590563,2574.76102,0.0,80.8502447,-0.0665310337,0.0,3774.16647,2477.15686,1552.85122,0.0,0.0
741.5,-10.314738,4634.16705,40.5339156024,5.951221396,19.4316475776,2.8612285637,21.9767643915,3.2999767312,1551.29344,365.155233,67.2685201,59.3198504,10.92806456,66.8246195,12.2885903,0.175680031,2680.7012,0.0,80.7691388,0.01446691032,0.0,4634.16705,2834.09992,1551.29344,0.0,0.0
742.0,-10.314738,4319.90675,5.762592333,0.873146181,2.540571836,0.374664271,3.35233074,0.582654946,1553.56452,363.469939,82.594924,59.132493,13.4368844,66.0532492,15.0082416,0.175454459,2680.7012,0.0,80.887384,0.0726387416,0.0,4319.90675,2704.65996,1553.56452,0.0,0.0
742.5,-10.314738,4205.50898,24.1919825,4.74256901,10.6573076,2.08916273,13.2428506,2.59632231,1555.15626,362.060034,71.1657086,58.9634868,11.5897005,66.073157,12.987089,0.175228917,2680.7012,0.0,80.9702596,0.0287052845,0.0,4205.50898,2657.98754,1555.15626,0.0,0.0
743.0,-10.314738,4263.41156,23.0590185,4.56534176,10.2936559,2.03803331,12.83927455,2.54219262,1556.09671,360.650147,71.4095499,58.7693949,11.6364982,65.8481255,13.03807585,0.175003403,2680.7012,0.0,81.0192268,0.0296705587,0.0,4263.41156,2682.63042,1556.09671,0.0,0.0
743.5,-10.314738,4259.9497,20.4123031,4.12476685,9.1059092,1.84005378,11.4735877,2.31849762,1557.2279,359.240247,72.593533,58.5821995,11.83800895,65.6123568,13.2586291,0.174777919,2680.7012,0.0,81.078121,0.0341176313,0.0,4259.9497,2681.85038,1557.2279,0.0,0.0
744.0,-10.314738,4249.19104,21.2603134,4.2836512,9.46028275,1.90611279,11.87950315,2.39355267,1558.37565,357.830352,72.1059679,58.3952935,11.7671647,65.4087291,13.1804326,0.174552463,2680.7012,0.0,81.1378772,0.0321098114,0.0,4249.19104,2678.0438,1558.37565,0.0,0.0
744.5,-10.314738,4250.61187,21.3349486,4.3076495,9.4966736,1.91743351,11.9187256,2.40646073,1559.46913,356.45697,71.9684795,58.2119868,11.75297335,65.2026505,13.1643845,0.174327034,2680.7012,0.0,81.1948099,0.0314756718,0.0,4250.61187,2679.27343,1559.46913,0.0,0.0
745.0,-10.314738,4249.15329,21.1772508,4.26736046,9.4232439,1.8988488,11.83736505,2.38531074,1560.56018,357.417332,72.021366,58.4096917,11.76983755,65.419734,13.1823956,0.174101632,2680.7012,0.0,81.2516165,0.0315700433,0.0,4249.15329,2679.30363,1560.56018,0.0,0.0
745.5,-10.314738,4246.46119,21.4123364,4.28128879,9.5218135,1.90383914,11.95785455,2.39091391,1561.64405,359.719574,71.9253214,58.8267552,11.7623052,65.8853283,13.17365375,0.173876259,2680.7012,0.0,81.3080488,0.0310891092,0.0,4246.46119,2678.81627,1561.64405,0.0,0.0
746.0,-10.314738,4245.21212,21.5984732,4.28663607,9.6017635,1.90565653,12.0570039,2.39294653,1562.71133,362.021817,71.850027,59.2437141,11.7580226,66.3504295,13.1684837,0.173650918,2680.7012,0.0,81.3636165,0.0306922515,0.0,4245.21212,2678.91971,1562.71133,0.0,0.0
746.5,-10.314738,4243.84927,21.7323872,4.28302006,9.6581941,1.90343777,12.12902735,2.3903898,1563.76734,364.324066,71.8008891,59.6607561,11.7579215,66.8151324,13.167904,0.1734256,2680.7012,0.0,81.4186016,0.0303970819,0.0,4243.84927,2678.9693,1563.76734,0.0,0.0
747.0,-10.314738,4242.31243,21.8893846,4.28333044,9.724443,1.9028863,12.21235545,2.38972293,1564.81254,366.626286,71.7417744,60.0778928,11.7560932,67.2801369,13.1654349,0.17320031,2680.7012,0.0,81.4730201,0.0300641789,0.0,4242.31243,2678.94002,1564.81254,0.0,0.0
747.5,-10.314738,4240.86805,22.0483123,4.28416408,9.7917126,1.90260867,12.29681165,2.38936963,1565.84609,368.905885,71.6815026,60.4913696,11.7539752,67.7410734,13.1626534,0.172975052,2680.7012,0.0,81.5268305,0.0297281036,0.0,4240.86805,2678.94248,1565.84609,0.0,0.0
748.0,-10.314738,4239.75863,22.1463878,4.28920231,9.8326969,1.90434781,12.3470568,2.39131658,1566.86721,369.7381,71.609073,60.6673489,11.7497557,67.9363103,13.1575723,0.17274982,2680.7012,0.0,81.579997,0.0293469495,0.0,4239.75863,2679.07709,1566.86721,0.0,0.0
748.5,-10.314738,4238.6884,22.1343255,4.28425434,9.8248609,1.90167096,12.3387241,2.38824686,1567.87694,369.7381,71.5650924,60.7064448,11.7501071,67.977729,13.15750895,0.172524618,2680.7012,0.0,81.6325694,0.0290766644,0.0,4238.6884,2679.22131,1567.87694,0.0,0.0
749.0,-10.314738,4237.19322,22.1446069,4.28306258,9.82595675,1.90047129,12.3406393,2.38684452,1568.8771,369.7381,71.512337,60.7451699,11.748935,68.0189325,13.1557792,0.172299441,2680.7012,0.0,81.6846441,0.0287726804,0.0,4237.19322,2679.18315,1568.8771,0.0,0.0
749.5,-10.314738,4235.77784,22.1697366,4.28436316,9.8338213,1.90041335,12.35036045,2.38674154,1569.86613,369.7381,71.452925,60.7834638,11.7465741,68.0598219,13.1527508,0.172074295,2680.7012,0.0,81.7361367,0.0284442334,0.0,4235.77784,2679.17168,1569.86613,0.0,0.0
750.0,-10.314738,4234.43417,22.1867186,4.28432746,9.8382322,1.89979469,12.3561003,2.38600325,1570.84405,369.7381,71.3975881,60.8213282,11.74478905,68.1001824,13.1503584,0.171849178,2680.7012,0.0,81.7870546,0.0281327185,0.0,4234.43417,2679.18364,1570.84405,0.0,0.0
750.5,-10.314738,4233.0801,22.2031456,4.28447017,9.8423679,1.89925032,12.36144755,2.38534912,1571.81133,369.712355,71.3423194,60.8545413,11.74292385,68.1353634,13.14788325,0.171624088,2680.7012,0.0,81.837416,0.0278224802,0.0,4233.0801,2679.18486,1571.81133,0.0,0.0
751.0,-10.314738,4232.09217,22.1562667,4.2904988,9.819296,1.90147889,12.3309587,2.38785527,1572.7667,368.040973,71.2701323,60.6162323,11.738172,67.8669177,13.142248,0.171399026,2680.7012,0.0,81.8871584,0.0274487966,0.0,4232.09217,2679.33172,1572.7667,0.0,0.0
751.5,-10.314738,4231.16872,21.9818214,4.28486568,9.7398603,1.89856812,12.2328633,2.38452357,1573.71118,365.42337,71.2308116,60.2212568,11.7387415,67.4224756,13.14245185,0.17117399,2680.7012,0.0,81.9363346,0.027203111,0.0,4231.16872,2679.49885,1573.71118,0.0,0.0
752.0,-10.314738,4233.94082,25.9925572,4.87772098,11.5348757,2.16412754,14.16658325,2.66446194,1574.63299,362.805769,69.6102702,59.8249031,11.4783465,67.0292018,12.85938655,0.170948982,2697.53987,0.0,81.9843296,0.0208183618,0.0,4233.94082,2681.19054,1574.63299,0.0,0.0
752.5,-10.314738,4832.37702,177.68806,15.6073244,92.539627,7.97639075,99.3012975,8.57873614,1573.41101,360.188167,35.7002491,59.3472887,5.88335907,70.802519,6.94198612,0.170724004,3228.16497,0.0,81.920706,-0.1073610986,0.0,4832.37702,2929.49083,1573.41101,0.0,0.0
753.0,-10.314738,6183.69364,300.0,16.4292708,194.266459,10.6084824,207.786682,11.3455274,1568.43744,357.570567,19.5975608,58.7297982,3.21898943,76.141788,4.17206974,0.170499056,4000.28237,0.0,81.6617514,-0.160255409,0.0,6183.69364,3488.87952,1568.43744,0.0,0.0
753.5,-10.314738,7364.86388,300.0,14.2814618,231.374024,10.99835275,249.559784,11.86138685,1562.81813,354.978709,16.9084705,58.0952023,2.76731253,76.7021842,3.65308572,0.170274134,4724.65927,0.0,81.3691779,-0.164461467,0.0,7364.86388,3977.09217,1562.81813,0.0,0.0
754.0,-10.314738,8353.509320000001,300.0,12.74863315,262.433234,11.1417643,288.097498,12.22915185,1557.08425,354.0325,15.0508541,57.7276483,2.45423277,77.210148,3.28219754,0.170049237,4884.6836,0.0,81.0706414,-0.167033903,0.0,8353.509320000001,4385.12684,1557.08425,0.0,0.0
754.5,-10.314738,9198.43035,297.419289,11.5726364,286.41104,11.1400846,321.082862,12.4875358,1551.28066,354.0325,13.7762736,57.5124831,2.23798932,77.6289996,3.02069087,0.169824371,4884.6836,0.0,80.7684727,-0.168334642,0.0,9198.43035,4733.31603,1551.28066,0.0,0.0
755.0,-10.314738,9908.454,219.517824,9.95904125,226.987426,10.32046625,262.745475,11.9769202,1545.58865,354.0325,16.4704347,57.3014556,2.66544641,76.0034556,3.52818458,0.169599535,4884.6836,0.0,80.4721141,-0.156062299,0.0,9908.454,5025.43863,1545.58865,0.0,0.0
755.5,-10.314738,10238.265150000005,42.55900295,1.73367098,45.80164048,1.90628983,59.28339068,3.59242711,1541.92035,354.0325,64.6398959,57.1654575,10.43790772,66.7119685,11.89577507,0.169374724,4884.6836,0.0,80.2811235,0.0145069585,0.0,10238.265150000005,5160.53361,1541.92035,0.0,0.0
756.0,-10.314738,9631.0171,5.08980258,0.245606851,5.050611024,0.21780083,7.66465689,0.914968894,1545.14134,354.0325,80.6725884,57.2848737,13.0524051,64.1105711,14.60056405,0.169149943,4884.6836,0.0,80.4488244,0.06866023825,0.0,9631.0171,4909.73404,1545.14134,0.0,0.0
756.5,-10.314738,9476.2003,30.6602578,4.42858599,30.4284641,4.39493875,40.992259,5.92701866,1545.42148,354.0325,51.9440656,57.2952591,8.40654888,65.236201,9.5687263,0.168925188,4884.6836,0.0,80.463411,-0.0316254471,0.0,9476.2003,4845.47707,1545.42148,0.0,0.0
757.0,-10.314738,9545.6362,37.7727986,5.05841284,37.7551586,5.05620202,50.1568804,6.7174737,1543.91032,354.0325,47.4228306,57.2392347,7.66719631,65.5113059,8.77515305,0.168700462,4884.6836,0.0,80.3847337,-0.0471622824,0.0,9545.6362,4873.48754,1543.91032,0.0,0.0
757.5,-10.314738,9594.079450000005,29.7196238,4.34785831,29.8585109,4.36820428,40.638782,5.94661578,1542.52102,354.0325,51.8760695,57.1877279,8.3796179,65.1298705,9.5428936,0.168475769,4884.6836,0.0,80.3123989,-0.0313366269,0.0,9594.079450000005,4892.83379,1542.52102,0.0,0.0
758.0,-10.314738,9574.1685,26.0902751,4.00374987,26.1579641,4.01414962,35.9903602,5.52305195,1541.6469,354.0325,54.3369248,57.155321,8.7722053,64.916252,9.9633408,0.168251095,4884.6836,0.0,80.266885,-0.0226545396,0.0,9574.1685,4884.03856,1541.6469,0.0,0.0
758.5,-10.314738,9556.174,28.7113437,4.26575946,28.7319646,4.26882596,39.1645972,5.81900704,1540.77573,354.0325,52.6319347,57.1230215,8.492161,65.0077217,9.66427,0.168026456,4884.6836,0.0,80.2215258,-0.0285092678,0.0,9556.174,4876.04219,1540.77573,0.0,0.0
759.0,-10.314738,9563.7974,30.1304994,4.39990364,30.1762381,4.40658348,40.9720487,5.98307946,1539.71631,354.0325,51.698922,57.0837455,8.33586735,65.0357165,9.4970829,0.167801843,4884.6836,0.0,80.166368,-0.031622276,0.0,9563.7974,4878.59571,1539.71631,0.0,0.0
759.5,-10.314738,9572.4603,29.2944855,4.32042383,29.3655107,4.33090073,39.9878442,5.89753221,1538.65018,354.0325,52.2104573,57.0442177,8.4125117,64.9575851,9.5795164,0.167577259,4884.6836,0.0,80.110857,-0.0296880267,0.0,9572.4603,4881.57788,1538.65018,0.0,0.0
760.0,-10.314738,9572.1968,28.7087662,4.26545568,28.7776139,4.27568471,39.2568995,5.83266324,1537.65622,354.0325,52.6007853,57.0073676,8.4699349,64.8911177,9.6412721,0.1673527,4884.6836,0.0,80.0591065,-0.028196996,0.0,9572.1968,4880.88789,1537.65622,0.0,0.0
760.5,-10.3257181,9570.82755,28.9611881,4.2904651,29.0264881,4.30013893,39.5620514,5.86093641,1536.67732,354.0325,52.4508405,56.9710769,8.4404164,64.864771,9.6098869,0.167128172,4884.6836,0.0,80.008143,-0.0286082234,0.0,9570.82755,4879.746450000001,1536.67732,0.0,0.0
761.0,-11.0272861,9564.4956,30.642366,4.44796698,30.6906201,4.45499879,41.6028147,6.03927611,1535.63902,354.0325,51.4331718,56.9325822,8.27108025,64.8996982,9.428436,0.166903667,4884.6836,0.0,79.954079,-0.0328524174,0.0,9564.4956,4876.505520000001,1535.63902,0.0,0.0
761.5,-12.1235146,9550.733900000005,36.4851553,4.95587857,36.4901013,4.95657955,48.6357327,6.60718663,1534.30193,354.0325,48.1791372,56.8830106,7.74107642,65.087956,8.8574152,0.166679196,4884.6836,0.0,79.8844625,-0.0453627332,0.0,9550.733900000005,4869.99846,1534.30193,0.0,0.0
762.0,-13.2197421,9548.7744,43.8562498,5.52153071,43.85407,5.52124431,57.4271704,7.23077282,1532.49425,354.0325,44.6375536,56.8159929,7.16359868,65.2809904,8.2307192,0.16645475,4884.6836,0.0,79.7903462,-0.058843751,0.0,9548.7744,4868.12763,1532.49425,0.0,0.0
762.5,-14.3159706,9553.4875,50.7553154,5.98734126,50.7778584,5.98998604,65.5633625,7.73465114,1530.2641,354.0325,41.8074809,56.7333115,6.69965517,65.4063048,7.72373226,0.166230336,4884.6836,0.0,79.6742324,-0.069793618,0.0,9553.4875,4868.78647,1530.2641,0.0,0.0
763.0,-15.41219865,9556.24035,57.7047127,6.40750606,57.7467241,6.41216838,73.6236725,8.175663,1527.68364,354.0325,39.3515551,56.6376424,6.29546624,65.4926146,7.27961245,0.166005942,4884.6836,0.0,79.539877,-0.0794071174,0.0,9556.24035,4868.42536,1527.68364,0.0,0.0
763.5,-16.5084266,9555.0531,65.8495377,6.82383267,65.8889681,6.82793405,82.9581785,8.5974696,1524.76754,354.0325,36.7330578,56.52953,5.86536304,66.0716792,6.85469872,0.165781582,4884.6836,0.0,79.3880495,-0.0894942554,0.0,9555.0531,4866.22861,1524.76754,0.0,0.0
764.0,-17.6046549,9550.9937,76.1392836,7.26975316,76.1524038,7.2710284,94.6093891,9.034188,1521.48543,354.0325,33.8524649,56.4078495,5.39378653,67.0948726,6.41487458,0.165557247,4884.6836,0.0,79.217164,-0.1004355904,0.0,9550.9937,4862.62324,1521.48543,0.0,0.0
764.5,-18.7008828,9547.7103,88.5944914,7.74079983,88.5795064,7.73950451,108.535403,9.4840945,1517.82337,354.0325,30.980458,56.2720819,4.92431579,68.1374695,5.96186284,0.165332942,4884.6836,0.0,79.026496,-0.1113443685,0.0,9547.7103,4859.11866,1517.82337,0.0,0.0
765.0,-19.7971111,9546.16735,102.8670331,8.20746523,102.8331942,8.20477185,124.3152795,9.9197472,1513.79415,354.0325,28.2896365,56.1227016,4.48468422,69.1264035,5.52310564,0.165108661,4884.6836,0.0,78.816711,-0.1216126589,0.0,9546.16735,4856.123939999999,1513.79415,0.0,0.0
765.5,-20.8823321,9545.193299999995,118.8852595,8.6595256,118.8340155,8.6558003,141.823936,10.3313509,1509.42388,354.0325,25.825182,55.960677,4.08218853,70.0366244,5.10839861,0.164884415,4884.6836,0.0,78.5891706,-0.131067311,0.0,9545.193299999995,4853.166859999999,1509.42388,0.0,0.0
766.0,-21.27702,9554.044899999995,135.097362,9.0487203,135.167413,9.0532808,159.608624,10.69080335,1504.7561,354.0325,23.7345409,55.7876238,3.74010439,70.7940885,4.74584351,0.16466019,4884.6836,0.0,78.3461414,-0.138362333,0.0,9554.044899999995,4854.124589999999,1504.7561,0.0,0.0
766.5,-21.27702,9589.3283,144.747547,9.22848745,145.356185,9.26719815,170.92932,10.89763925,1499.90206,354.0325,22.5761754,55.6076645,3.54605221,71.1308769,4.53590567,0.164435999,4884.6836,0.0,78.093412,-0.141794981,0.0,9589.3283,4865.972159999999,1499.90206,0.0,0.0
767.0,-21.27702,9632.1635,145.127902,9.1986845,146.385987,9.27847,172.452106,10.93068765,1494.99458,354.0325,22.4395317,55.4257244,3.5130182,70.9938776,4.49975669,0.164211833,4884.6836,0.0,77.8379019,-0.14155233,0.0,9632.1635,4880.930490000001,1494.99458,0.0,0.0
767.5,-21.27702,9422.1336,43.71449086,-1.1667506,44.47884523,-0.83171637,56.09871812,0.65321844,1491.78267,354.0325,82.2661197,55.3066428,12.85570027,64.947127,14.71590595,0.163987697,4589.8285,0.0,77.6706686,0.0703308372,0.0,9422.1336,4791.6602,1491.78267,0.0,0.0
768.0,-21.27702,7597.373269999999,-7.72970681,-7.72970681,-6.29932949,-6.29932949,-5.47946867,-5.47946867,1498.99363,354.0325,119.060535,55.5739839,18.686396,62.2483727,20.936647,0.163763586,3998.80735,0.0,78.046112,0.20001119,0.0,7597.373269999999,4036.57435,1498.99363,0.0,0.0
768.5,-21.27702,6074.71324,-4.48423245,-4.48423245,-2.85567763,-2.85567763,-2.30852948,-2.30852948,1504.2847,354.0325,100.671531,55.7701467,15.8584482,62.3592345,17.7320998,0.163539503,3407.78616,0.0,78.321596,0.134157309,0.0,6074.71324,3406.07377,1504.2847,0.0,0.0
769.0,-21.27702,5087.85889,37.80117051,5.88780142,19.94881518,3.10103419,22.96480564,3.64665053,1507.08248,354.0325,66.246195,55.8738727,10.4550173,63.1072829,11.79342055,0.163315446,3087.0476,0.0,78.4672667,0.0044294113,0.0,5087.85889,2997.07002,1507.08248,0.0,0.0
769.5,-21.27702,5176.27109,81.9636371,11.209736,44.4411996,6.07677825,48.682824,6.65688436,1505.62561,354.0325,48.4728731,55.8198605,7.64270503,63.9675885,8.75806815,0.163091421,3087.0476,0.0,78.3914128,-0.062196566,0.0,5176.27109,3033.00827,1505.62561,0.0,0.0
770.0,-21.27702,5372.70679,66.0970547,9.67371135,37.1671287,5.44071785,41.4081226,6.06477315,1503.61713,354.0325,52.008792,55.7453974,8.18911655,63.6341724,9.34708405,0.162867424,3087.0476,0.0,78.28684,-0.0478346802,0.0,5372.70679,3113.57388,1503.61713,0.0,0.0
770.5,-21.2615859,5353.63418,49.7984825,8.04775109,27.9208163,4.51203083,32.136478,5.1934164,1502.37362,354.0325,57.2134875,55.6992943,9.00128265,63.2121823,10.2153457,0.162643455,3087.0476,0.0,78.2220936,-0.0279817518,0.0,5353.63418,3104.91157,1502.37362,0.0,0.0
771.0,-20.2761162,5297.26658,52.5712625,8.38443945,29.1625384,4.65106023,33.3490516,5.31882799,1501.39966,354.0325,56.4798437,55.663186,8.8801218,63.2274056,10.0868401,0.162419508,3087.0476,0.0,78.1713846,-0.0296637635,0.0,5297.26658,3080.88793,1501.39966,0.0,0.0
771.5,-18.736265,5323.34482,50.3030699,8.12359832,28.0395667,4.52830958,32.2244699,5.20447774,1500.41451,354.0325,57.1828167,55.6266633,8.9847195,63.1396385,10.19809735,0.162195593,3087.0476,0.0,78.1200932,-0.0250176732,0.0,5323.34482,3091.16406,1500.41451,0.0,0.0
772.0,-17.1964147,5341.38393,41.8903326,7.13782095,23.4314385,3.99254708,27.4651271,4.68026798,1499.78108,354.0325,60.3429616,55.6031787,9.477256,62.8907893,10.7192147,0.161971707,3087.0476,0.0,78.087113,-0.01120318688,0.0,5341.38393,3098.30036,1499.78108,0.0,0.0
772.5,-15.6565641,5330.94234,36.0559657,6.40610572,20.1288539,3.57629657,23.9565512,4.25648438,1499.60485,354.0325,62.897736,55.5966447,9.8773507,62.7035385,11.1399071,0.161747849,3087.0476,0.0,78.0779389,0.00015384924,0.0,5330.94234,3093.85262,1499.60485,0.0,0.0
773.0,-14.1167132,5325.46047,32.1358493,5.87577527,17.9215375,3.27680594,21.5663154,3.94333972,1499.75916,354.0325,64.7275754,55.6023651,10.16575635,62.626507,11.4499609,0.161524014,3087.0476,0.0,78.0859704,0.00877146804,0.0,5325.46047,3091.66173,1499.75916,0.0,0.0
773.5,-12.5768624,5326.454650000001,27.717915,5.23668883,15.4606352,2.92094625,18.8558143,3.56253899,1500.22799,354.0325,66.8854877,55.6197479,10.5079577,62.6052656,11.8276723,0.161300211,3087.0476,0.0,78.1103836,0.0185981087,0.0,5326.454650000001,3092.34916,1500.22799,0.0,0.0
774.0,-11.0370115,5324.54557,23.3622141,4.5672516,13.02653995,2.54665014,16.1160582,3.1507614,1501.05107,354.0325,69.2084829,55.6502629,10.8788808,62.5944937,12.2363609,0.161076436,3087.0476,0.0,78.1532355,0.0289661391,0.0,5324.54557,3092.03543,1501.05107,0.0,0.0
774.5,-9.4971615,5321.27339,19.4680953,3.93035572,10.8485464,2.19017752,13.60793725,2.74736139,1502.22675,354.0325,71.468335,55.6938502,11.24291205,62.5982247,12.636673,0.160852688,3087.0476,0.0,78.2144485,0.0390274703,0.0,5321.27339,3091.36032,1502.22675,0.0,0.0
775.0,-7.95731032,3801.46979,-31.8267128,-36.46437977,-9.114838374,-11.698178444,-7.23320879,-10.50348083,1507.74407,354.0325,143.7494654,55.8984003,22.7060006,63.3714554,25.9336643,0.160628968,2369.30559,0.0,78.5017116,0.3442166,0.0,3801.46979,2462.18031,1507.74407,0.0,0.0
775.5,-6.43289764,1120.973356,27.1661539,6.11764579,3.257342147,0.733061936,4.59268987,1.034073839,1516.23323,354.0325,80.6571706,56.2131279,12.8065976,62.9612544,14.3437871,0.160405275,1456.4294,0.0,78.943705,0.066708872,0.0,1120.973356,1351.76267,1516.23323,0.0,0.0
776.0,-5.878512,1425.11749,13.001461,3.02226587,1.92929308,0.448611401,2.83731256,0.660033508,1518.60501,354.0325,82.6719631,56.3010612,13.14727785,63.0140548,14.7147423,0.160181612,1456.4294,0.0,79.0671931,0.0789328835,0.0,1425.11749,1479.70417,1518.60501,0.0,0.0
776.5,-5.878512,1371.34857,7.91039978,1.8709255,1.133250601,0.26804887,1.72327372,0.407600823,1521.52714,354.0325,83.9576872,56.4093971,13.377271,63.1007351,14.96409055,0.159957976,1456.4294,0.0,79.219335,0.084719155,0.0,1371.34857,1459.03674,1521.52714,0.0,0.0
777.0,-5.878512,1354.42986,10.8843424,2.55044554,1.54380536,0.361747879,2.35325813,0.551420745,1524.35626,354.0325,82.969599,56.5142829,13.2444489,63.2251798,14.8171869,0.159734367,1456.4294,0.0,79.3666336,0.0799674604,0.0,1354.42986,1453.64863,1524.35626,0.0,0.0
777.5,-5.878512,1359.14035,10.3697383,2.43014308,1.47592638,0.345882679,2.24793313,0.526802098,1527.11433,354.0325,82.9536054,56.6165367,13.2658609,63.3292558,14.83872255,0.159510787,1456.4294,0.0,79.510238,0.0797615196,0.0,1359.14035,1457.21913,1527.11433,0.0,0.0
778.0,-5.878512,1353.57449,10.3042489,2.4107361,1.46057817,0.341710608,2.22673844,0.520958083,1529.86175,354.0325,82.8309675,56.7183934,13.270075,63.4348459,14.84148475,0.159287234,1456.4294,0.0,79.6532808,0.0790362261,0.0,1353.57449,1456.50731,1529.86175,0.0,0.0
778.5,-5.878512,1349.57753,10.4000299,2.42828684,1.46980904,0.343183561,2.24238296,0.523570667,1532.57735,354.0325,82.6620736,56.8190747,13.26652625,63.5400635,14.8357912,0.159063712,1456.4294,0.0,79.7946738,0.0781003449,0.0,1349.57753,1456.42979,1532.57735,0.0,0.0
779.0,-5.878512,1346.03739,10.40164215,2.42452288,1.46618093,0.341752836,2.23824,0.52171242,1535.26345,354.0325,82.5207459,56.9186581,13.26705605,63.6436408,14.8345692,0.15884021,1456.4294,0.0,79.9345256,0.0772940366,0.0,1346.03739,1456.52508,1535.26345,0.0,0.0
779.5,-5.878512,1342.26129,10.419821,2.42451956,1.46462257,0.340793517,2.23734673,0.52059365,1537.92153,354.0325,82.3771115,57.0172046,13.26689345,63.7461857,14.8326085,0.158616738,1456.4294,0.0,80.07292,0.0764768158,0.0,1342.26129,1456.50583,1537.92153,0.0,0.0
780.0,-5.878512,1338.57881,10.4407412,2.42518243,1.46353704,0.339951505,2.23713796,0.519644064,1540.55135,354.0325,82.2344211,57.1147044,13.26656035,63.8476302,14.83047955,0.158393298,1456.4294,0.0,80.2098454,0.075664633,0.0,1338.57881,1456.50912,1540.55135,0.0,0.0
780.5,-5.878512,1334.94226,10.45899325,2.42528029,1.46211255,0.33904162,2.23639239,0.518585274,1543.15336,354.0325,82.0942239,57.2111706,13.26631205,63.9479593,14.82846055,0.158169886,1456.4294,0.0,80.3453198,0.0748646166,0.0,1334.94226,1456.51516,1543.15336,0.0,0.0
781.0,-5.878512,1331.33697,10.4776342,2.4255018,1.4607627,0.338156858,2.23574778,0.517560709,1545.72783,354.0325,81.9556711,57.3066178,13.2660169,64.0472039,14.8264081,0.157946494,1456.4294,0.0,80.4793629,0.0740727835,0.0,1331.33697,1456.5182,1545.72783,0.0,0.0
781.5,-5.878512,1327.77147,10.49615615,2.42572495,1.45942593,0.337282258,2.23510671,0.51654677,1548.27511,354.0325,81.8185739,57.4010544,13.2656502,64.145601,14.82434675,0.15772314,1456.4294,0.0,80.6119857,0.0732887329,0.0,1327.77147,1456.5219,1548.27511,0.0,0.0
782.0,-5.878512,1324.24278,10.5147231,2.42593356,1.4581221,0.336414815,2.23450076,0.515539204,1550.79524,354.0325,81.6811296,57.4944884,13.26492265,64.2445775,14.8222789,0.157499804,1456.4294,0.0,80.7432015,0.0725066492,0.0,1324.24278,1456.52511,1550.79524,0.0,0.0
782.5,-5.878512,1320.7526,10.5332706,2.4261623,1.45684443,0.335559801,2.23391895,0.51454592,1553.28853,354.0325,81.5449925,57.5869244,13.264105,64.3427972,14.820198,0.157276504,1456.4294,0.0,80.8730144,0.0717318146,0.0,1320.7526,1456.52862,1553.28853,0.0,0.0
783.0,-5.878512,1317.30019,10.55157745,2.42637314,1.45556164,0.334711745,2.2333137,0.513558641,1555.75514,354.0325,81.410589,57.6783722,13.2632718,64.4399499,14.8181119,0.157053229,1456.4294,0.0,81.0014405,0.0709656653,0.0,1317.30019,1456.53228,1555.75514,0.0,0.0
783.5,-5.878512,1313.88445,10.56972175,2.42658313,1.45428385,0.333872729,2.23270093,0.512580742,1558.19543,354.0325,81.2778746,57.768843,13.2624202,64.536044,14.81601725,0.15682998,1456.4294,0.0,81.1284951,0.070207994,0.0,1313.88445,1456.53581,1558.19543,0.0,0.0
784.0,-5.878512,1310.5052,10.587703,2.42679171,1.45301117,0.333042652,2.2320808,0.511612056,1560.60964,354.0325,81.1468176,57.8583488,13.26155055,64.6311005,14.81391435,0.156606759,1456.4294,0.0,81.254193,0.0694586866,0.0,1310.5052,1456.53934,1560.60964,0.0,0.0
784.5,-5.878512,1307.16197,10.60551645,2.4269976,1.45174291,0.332221216,2.23145248,0.510652269,1562.99812,354.0325,81.0173914,57.9468991,13.2606632,64.725124,14.8118033,0.156383568,1456.4294,0.0,81.378551,0.0687176331,0.0,1307.16197,1456.54284,1562.99812,0.0,0.0
785.0,-5.878512,1303.85447,10.6231673,2.42720115,1.45047951,0.331408396,2.23081685,0.509701374,1565.36111,354.0325,80.8895706,58.034505,13.2597581,64.8181261,14.8096842,0.156160401,1456.4294,0.0,81.5015803,0.0679847228,0.0,1303.85447,1456.54627,1565.36111,0.0,0.0
785.5,-5.878512,1300.58218,10.64065615,2.42740264,1.44922124,0.330604091,2.23017445,0.508759282,1567.69889,354.0325,80.7633264,58.1211776,13.25883565,64.9101218,14.8075574,0.155937265,1456.4294,0.0,81.6233004,0.0672598444,0.0,1300.58218,1456.54967,1567.69889,0.0,0.0
786.0,-5.878512,1297.34482,10.65798525,2.42760182,1.44796817,0.329808234,2.22952547,0.50782593,1570.01176,354.0325,80.6386324,58.2069252,13.25789565,65.0011229,14.8054222,0.155714156,1456.4294,0.0,81.7437208,0.0665428948,0.0,1297.34482,1456.55304,1570.01176,0.0,0.0
786.5,-5.878512,1294.13993,10.6753684,2.42741413,1.44674692,0.328968114,2.22891194,0.506820402,1572.3,354.099498,80.515912,58.3027969,13.2570127,65.1034525,14.8033604,0.155491077,1456.4294,0.0,81.8628584,0.065835884,0.0,1294.13993,1456.55553,1572.3,0.0,0.0
787.0,-5.878512,1290.45789,10.78812,2.41988498,1.45785956,0.327014485,2.24758956,0.504159154,1574.56476,358.44902,80.4039036,59.104088,13.257639,65.9932755,14.8029551,0.155268018,1456.4294,0.0,81.9807732,0.065179036,0.0,1290.45789,1456.3458,1574.56476,0.0,0.0
787.5,-5.878512,1286.89477,11.05035155,2.42852787,1.48917534,0.327276298,2.29790516,0.505010309,1576.80533,365.260921,80.2738861,60.3129886,13.2550355,67.3384932,14.7990383,0.155044993,1456.4294,0.0,82.097431,0.0644386525,0.0,1286.89477,1456.17139,1576.80533,0.0,0.0
788.0,-5.878512,1283.91325,11.2755412,2.42905002,1.51600309,0.326588452,2.34113611,0.504343978,1579.02098,372.072825,80.153857,61.5241165,13.2538144,68.685895,14.79663995,0.154821995,1456.4294,0.0,82.2127925,0.0637476606,0.0,1283.91325,1456.2245,1579.02098,0.0,0.0
788.5,-5.878512,1280.84519,11.49512065,2.42827378,1.54183219,0.325703851,2.38294639,0.503384105,1581.21317,378.884723,80.036927,62.737474,13.2528534,70.0356129,14.7945356,0.154599023,1456.4294,0.0,82.3269303,0.0630717375,0.0,1280.84519,1456.22783,1581.21317,0.0,0.0
789.0,-5.878512,1277.79272,11.72117455,2.42874262,1.56840607,0.324990378,2.42596617,0.502685304,1583.38197,385.696625,79.9200055,63.9530148,13.2516438,71.3876596,14.79217125,0.154376076,1456.4294,0.0,82.439848,0.0623964522,0.0,1277.79272,1456.22404,1583.38197,0.0,0.0
789.5,-5.878512,1274.79323,11.9462014,2.42929351,1.59476475,0.324300995,2.46868757,0.502015667,1585.52758,392.44153,79.804356,65.1595634,13.25039875,72.729542,14.7897787,0.154153162,1456.4294,0.0,82.5515626,0.0617279168,0.0,1274.79323,1456.22871,1585.52758,0.0,0.0
790.0,-5.878512,1272.31918,12.0792359,2.43727299,1.60940049,0.324734873,2.49296674,0.503015356,1587.64936,394.9039,79.6809516,65.6560319,13.2476136,73.2789736,14.78571745,0.153930276,1456.4294,0.0,82.6620332,0.0610242222,0.0,1272.31918,1456.43812,1587.64936,0.0,0.0
790.5,-5.878512,1269.84603,12.0546928,2.42917819,1.60300885,0.323027321,2.48468671,0.500696941,1589.74845,394.9039,79.5772389,65.7428375,13.2478632,73.3707946,14.7849753,0.153707415,1456.4294,0.0,82.7713244,0.0604149271,0.0,1269.84603,1456.63466,1589.74845,0.0,0.0
791.0,-5.878512,1266.8006,12.0681849,2.42850521,1.6009531,0.322163122,2.48349743,0.499759317,1591.82616,394.9039,79.4672241,65.8287591,13.2468378,73.4618245,14.7828531,0.153484582,1456.4294,0.0,82.8795013,0.0597749056,0.0,1266.8006,1456.5806,1591.82616,0.0,0.0
791.5,-5.878512,1263.91007,12.0924981,2.42999543,1.60051847,0.321625318,2.48472049,0.499306303,1593.88142,394.9039,79.3558956,65.913755,13.2453597,73.5519159,14.7802471,0.153261778,1456.4294,0.0,82.9865114,0.0591295647,0.0,1263.91007,1456.57789,1593.88142,0.0,0.0
792.0,-5.878512,1261.08577,12.1082962,2.42985264,1.59902842,0.320887782,2.48426225,0.498533575,1595.91472,394.9039,79.2476516,65.9978408,13.24416665,73.6409914,14.7779619,0.153039002,1456.4294,0.0,83.0923768,0.0584997125,0.0,1261.08577,1456.58993,1595.91472,0.0,0.0
792.5,-5.878512,1258.26483,12.1252649,2.42996398,1.59768731,0.32018464,2.48403274,0.497812722,1597.92634,394.9039,79.1404205,66.0810296,13.2429173,73.7291136,14.77562565,0.15281625,1456.4294,0.0,83.1971146,0.0578753346,0.0,1258.26483,1456.59071,1597.92634,0.0,0.0
793.0,-5.878512,1255.47822,12.1427053,2.43019606,1.59644199,0.31950606,2.48392933,0.497124488,1599.91652,394.9039,79.0342927,66.1633306,13.24162995,73.8162845,14.7732575,0.152593527,1456.4294,0.0,83.3007306,0.0572569335,0.0,1255.47822,1456.59322,1599.91652,0.0,0.0
793.5,-5.878512,1252.72338,12.15962315,2.43035431,1.59515839,0.318825753,2.48374525,0.496428375,1601.88537,394.9039,78.9294725,66.244753,13.24034165,73.9025095,14.77089805,0.152370833,1456.4294,0.0,83.4032406,0.056645482,0.0,1252.72338,1456.59651,1601.88537,0.0,0.0
794.0,-5.878512,1514.61272,94.2024792,12.8983377,17.9389208,2.368582093,20.34461494,2.718926118,1603.39907,394.9039,66.6026555,66.3073485,11.1831263,74.5188466,12.54534575,0.152148167,1783.51177,0.0,83.4820544,-0.001609999006,0.0,1514.61272,1566.45441,1603.39907,0.0,0.0
794.5,-5.878512,3566.6631,299.939194,23.1678625,112.0340493,8.47613617,120.0470954,9.0867142,1600.53004,394.9039,30.5800865,66.1887025,5.12594043,79.9323725,6.17450366,0.151925522,3200.2244,0.0,83.3326741,-0.135645281,0.0,3566.6631,2418.65256,1600.53004,0.0,0.0
795.0,-5.878512,5426.45868,297.670498,17.2419208,169.000211,9.7446292,180.680396,10.4171981,1595.55096,394.9039,22.8797771,65.9827987,3.82307652,83.588383,4.84096704,0.151702915,3546.8247,0.0,83.0734346,-0.14958171,0.0,5426.45868,3189.61996,1595.55096,0.0,0.0
795.5,-5.878512,6780.78456,181.643085,12.2089285,126.8417093,8.59912067,137.8817392,9.37934297,1590.6061,394.9039,29.0763923,65.7783058,4.84233362,80.5719979,5.87577003,0.15148033,3546.8247,0.0,82.8159785,-0.1201375877,0.0,6780.78456,3750.27763,1590.6061,0.0,0.0
796.0,-5.878512,6838.59572,-1.34815767,-5.69067718,-0.747530194,-4.048251824,0.634992454,-3.420536846,1591.04625,394.9039,100.4596289,65.7965079,16.7387054,73.4416769,18.6679534,0.151257772,3546.8247,0.0,82.8388951,0.1418889182,0.0,6838.59572,3774.59034,1591.04625,0.0,0.0
796.5,-5.878512,6274.50057,6.462170644,1.185435148,4.227974216,0.775494295,5.3492177036,0.9858843276,1594.70977,394.9039,76.4933562,65.948008,12.77400455,73.6485642,14.2648314,0.151035242,3546.8247,0.0,83.0296389,0.0519299674,0.0,6274.50057,3542.00532,1594.70977,0.0,0.0
797.0,-5.878512,6251.38152,16.3651657,2.85244803,10.71409515,1.86744811,13.540574,2.36009891,1595.90481,394.9039,68.893999,65.9974314,11.5137446,73.8625876,12.8858627,0.150812741,3546.8247,0.0,83.0918605,0.0242694709,0.0,6251.38152,3533.08303,1595.90481,0.0,0.0
797.5,-5.878512,6285.52502,14.32881,2.54604403,9.4311823,1.67580683,11.9178633,2.11765966,1596.78197,394.9039,70.1640355,66.0337048,11.7324727,73.8728194,13.1252532,0.150590265,3546.8247,0.0,83.1375305,0.0287875839,0.0,6285.52502,3547.8026,1596.78197,0.0,0.0
798.0,-5.878512,6278.46305,12.9244565,2.32696377,8.49750175,1.52992121,10.7382544,1.93335442,1597.86267,394.9039,71.1080256,66.078396,11.8983449,73.8987576,13.30651025,0.15036782,3546.8247,0.0,83.1937967,0.0320757657,0.0,6278.46305,3545.49502,1597.86267,0.0,0.0
798.5,-5.878512,6271.3598,13.6928353,2.44496547,8.99256465,1.60569457,11.36413545,2.02915753,1598.93333,394.9039,70.5240796,66.122672,11.8085415,73.9571314,13.2076603,0.150145401,3546.8247,0.0,83.2495434,0.0298336299,0.0,6271.3598,3543.1645,1598.93333,0.0,0.0
799.0,-5.878512,6272.433510000001,13.78242815,2.45720065,9.0529551,1.61400641,11.44041045,2.03965399,1599.94953,394.9039,70.402091,66.1646967,11.7956123,74.0032325,13.1930394,0.149923013,3546.8247,0.0,83.3024516,0.0292769903,0.0,6272.433510000001,3544.20461,1599.94953,0.0,0.0
799.5,-5.878512,6271.440720000001,13.6307413,2.43153815,8.95190475,1.59689757,11.3127489,2.01804,1600.96378,394.9039,70.4446507,66.2066411,11.81022395,74.0457036,13.2085896,0.149700667,3546.8247,0.0,83.355259,0.0293193118,0.0,6271.440720000001,3544.38372,1600.96378,0.0,0.0
800.0,-5.878512,6269.43334,13.673666,2.43596313,8.977219,1.59929132,11.34481665,2.02107879,1601.97046,394.9039,70.3531425,66.2482726,11.8022985,74.09074,13.1994542,0.149478369,3546.8247,0.0,83.4076729,0.0288764644,0.0,6269.43334,3544.13623,1601.97046,0.0,0.0
800.5,-5.88415097,6268.105219999999,13.7147827,2.4401553,9.0023071,1.60170436,11.37657245,2.02413739,1602.96078,394.9039,70.2623321,66.2892259,11.79435095,74.1350577,13.1903019,0.149256122,3546.8247,0.0,83.4592339,0.0284318198,0.0,6268.105219999999,3544.16183,1602.96078,0.0,0.0
801.0,-6.2450138,6263.49032,14.3350926,2.53198162,9.40244,1.66073893,11.88242545,2.09877496,1603.91701,394.9039,69.784151,66.328768,11.721063,74.1862897,13.1095734,0.149033926,3546.8247,0.0,83.50902,0.0261730138,0.0,6263.49032,3542.79983,1603.91701,0.0,0.0
801.5,-6.8088626,6258.077429999999,16.2706949,2.81813835,10.662875,1.84684619,13.4755574,2.33401236,1604.72783,394.9039,68.4407516,66.3623006,11.50123465,74.2500356,12.8682478,0.148811771,3546.8247,0.0,83.5512366,0.020559798,0.0,6258.077429999999,3541.02098,1604.72783,0.0,0.0
802.0,-7.37271141,6296.387830000001,31.5819737,4.61305559,20.89209105,3.04899417,25.3607674,3.7128336,1605.15537,394.9039,60.7357663,66.3799795,10.2092174,74.7111084,11.4833411,0.14858967,3597.65433,0.0,83.573496,-0.0081885623,0.0,6296.387830000001,3557.21179,1605.15537,0.0,0.0
802.5,-7.93656007,6685.44293,69.760973,8.01778357,48.8111352,5.61009181,56.0439851,6.44357429,1603.67881,394.9039,45.5513142,66.3189186,7.64974346,75.832769,8.74651815,0.148367612,3763.9354,0.0,83.4966175,-0.0637098909,0.0,6685.44293,3718.2384,1603.67881,0.0,0.0
803.0,-8.50040915,7002.06207,26.2203031,3.85653347,19.20791973,2.82608548,23.53324356,3.47275522,1602.23643,394.9039,62.0851992,66.2592702,10.4169877,74.5513131,11.7112573,0.148145613,3779.1733,0.0,83.421519,-0.0034601097,0.0,7002.06207,3849.14377,1602.23643,0.0,0.0
803.5,-9.0642577,6851.14046,11.22913651,1.98657642,8.03272619,1.42158969,10.15801238,1.79774452,1603.07247,394.9039,71.293986,66.2938431,11.968269,74.1176299,13.38019105,0.147923659,3779.1733,0.0,83.4650465,0.0288442175,0.0,6851.14046,3786.83231,1603.07247,0.0,0.0
804.0,-9.62810665,6771.541289999999,27.2375485,4.17593671,19.3165332,2.96144812,24.0200764,3.68344829,1603.36523,394.9039,60.8680187,66.3059504,10.2200029,74.5399244,11.48841295,0.147701751,3779.1733,0.0,83.4802924,-0.00939364701,0.0,6771.541289999999,3753.88145,1603.36523,0.0,0.0
804.5,-10.1919553,6816.482730000001,31.20438,4.63306188,22.2735919,3.30709193,27.4634575,4.07769416,1602.81392,394.82631,58.6194491,66.2701308,9.839052,74.6830751,11.0880962,0.147479898,3779.1733,0.0,83.4515888,-0.0180518152,0.0,6816.482730000001,3772.25996,1602.81392,0.0,0.0
805.0,-10.75580435,6833.311780000001,28.9625934,4.42122936,20.7251683,3.16375583,25.6746891,3.919325,1602.24241,389.789033,59.5022499,65.4013466,9.9836692,73.634008,11.2403967,0.147258089,3779.1733,0.0,83.4218319,-0.015404665,0.0,6833.311780000001,3778.92902,1602.24241,0.0,0.0
805.5,-11.3139933,6821.751429999999,30.0456684,4.61344816,21.4635571,3.29568629,26.4759913,4.06535634,1601.66673,381.900035,58.6621845,64.0546666,9.8391917,72.1866374,11.08829985,0.147036328,3779.1733,0.0,83.3918569,-0.0190259242,0.0,6821.751429999999,3773.78252,1601.66673,0.0,0.0
806.0,-11.517,6823.14364,31.9259856,4.89774759,22.8117172,3.49953947,27.9687636,4.2906728,1600.91289,374.011044,57.3813444,62.7019627,9.6198257,70.7652996,10.8569206,0.146814619,3779.1733,0.0,83.352608,-0.0237980099,0.0,6823.14364,3773.9216,1600.91289,0.0,0.0
806.5,-11.517,6834.669,30.8817921,4.85285811,22.1027568,3.47330311,27.1269956,4.26286212,1600.09046,366.122044,57.5333251,61.3478595,9.640342,69.2282729,10.87867095,0.146592957,3779.1733,0.0,83.3097876,-0.0231157416,0.0,6834.669,3778.23728,1600.09046,0.0,0.0
807.0,-11.517,6835.80993,29.4681013,4.76425408,21.0945937,3.41046478,25.9395937,4.19378332,1599.32224,358.233042,57.9168893,59.9971486,9.6999565,67.6776714,10.9416925,0.146371344,3779.1733,0.0,83.2697904,-0.0216141355,0.0,6835.80993,3778.26344,1599.32224,0.0,0.0
807.5,-11.517,6833.783969999999,29.0002036,4.78524674,20.7534794,3.42447642,25.5083716,4.2090631,1598.57383,350.42164,57.822924,58.6614227,9.6796891,66.1801751,10.92035845,0.146149782,3779.1733,0.0,83.2308246,-0.0218511039,0.0,6833.783969999999,3776.98343,1598.57383,0.0,0.0
808.0,-11.517,6833.8755,28.7717544,4.78577278,20.5902693,3.42489884,25.3074694,4.20953823,1597.81744,347.56992,57.8129981,58.1564598,9.6734473,65.6136125,10.9138318,0.145928267,3779.1733,0.0,83.1914415,-0.0217799984,0.0,6833.8755,3776.57986,1597.81744,0.0,0.0
808.5,-11.517,6833.806759999999,28.8431546,4.79393348,20.6411591,3.43070449,25.3655489,4.21593122,1597.06472,347.56992,57.7694358,58.129062,9.6616051,65.58823,10.90138975,0.145706802,3779.1733,0.0,83.1522524,-0.0218312406,0.0,6833.806759999999,3776.1117,1597.06472,0.0,0.0
809.0,-11.517,6834.97405,28.9177736,4.80232297,20.6980935,3.43729544,25.4310772,4.22329352,1596.30811,347.56992,57.7205082,58.101523,9.64884855,65.5630864,10.8879812,0.145485382,3779.1733,0.0,83.1128586,-0.0218999257,0.0,6834.97405,3776.15571,1596.30811,0.0,0.0
809.5,-11.517,6836.3235,28.8972454,4.79911462,20.6874828,3.43567707,25.4199764,4.22162665,1595.55279,347.56992,57.7226776,58.0740314,9.6446454,65.5342724,10.8836052,0.14526401,3779.1733,0.0,83.0735323,-0.0217833105,0.0,6836.3235,3776.27617,1595.55279,0.0,0.0
810.0,-11.517,6853.754579999999,42.3556649,5.96497995,30.467656,4.28670067,35.9048136,5.08956684,1594.72056,347.56992,52.8615529,58.0437391,8.82806108,65.8982261,10.0096244,0.145042692,3828.76166,0.0,83.0302011,-0.0393953715,0.0,6853.754579999999,3783.04341,1594.72056,0.0,0.0
810.5,-11.5285387,7359.974189999999,226.034497,12.648824,175.9132491,9.76968086,190.8358125,10.6041721,1591.36528,347.501694,21.2122056,57.9102659,3.53584496,74.2663901,4.4889813,0.14482142,4370.74475,0.0,82.8555051,-0.152972399,0.0,7359.974189999999,3991.726,1591.36528,0.0,0.0
811.0,-12.2645087,8225.29445,300.0,12.59124575,258.405249,10.8376795,283.329041,11.8814539,1585.51345,343.072547,14.40729265,56.9622701,2.39219095,76.3387561,3.2056649,0.144600196,4704.5283,0.0,82.5508263,-0.174969541,0.0,8225.29445,4348.37536,1585.51345,0.0,0.0
811.5,-13.4145219,8950.6968,290.948902,11.5690593,272.520449,10.83795715,304.11214,12.09486155,1579.41316,336.135967,13.3711848,55.5958313,2.21153224,75.072173,2.98622455,0.144379022,4704.5283,0.0,82.2332124,-0.177052583,0.0,8950.6968,4646.65873,1579.41316,0.0,0.0
812.0,-14.56453515,9496.0745,197.607061,9.94152195,195.978403,9.8770645,225.18428,11.38032825,1573.45339,329.199379,17.0516605,54.2430655,2.80922248,71.5150071,3.69472902,0.144157894,4704.5283,0.0,81.9229111,-0.162854885,0.0,9496.0745,4870.11452,1573.45339,0.0,0.0
812.5,-15.7145483,9667.86035,45.74998212,4.506787594,46.50027535,4.58201583,58.925847306,5.953757721,1569.09712,322.262796,48.2256776,52.952888,7.92309076,61.9332308,9.11083131,0.143936822,4704.5283,0.0,81.6961006,-0.05334438264,0.0,9667.86035,4939.05236,1569.09712,0.0,0.0
813.0,-16.8645616,9140.9953,13.47945286,2.15770623,12.721553095,2.032325479,17.051963276,2.827453536,1569.50566,315.32621,66.2620261,51.8264502,10.8905998,58.3559563,12.2411354,0.143715794,4704.5283,0.0,81.7173715,0.0078046892,0.0,9140.9953,4720.0583,1569.50566,0.0,0.0
813.5,-18.0145746,8907.539999999999,64.8007522,7.22525489,60.4360827,6.73905727,73.3693174,8.20148827,1567.55538,308.457852,35.4787855,50.6347962,5.82446628,59.749282,6.85549748,0.143494812,4704.5283,0.0,81.6158287,-0.1016985348,0.0,8907.539999999999,4621.777169999999,1567.55538,0.0,0.0
814.0,-19.164588,8960.7556,103.862928,8.85434845,97.484046,8.30928068,114.0168435,9.7208412,1563.34148,305.9504,26.1980973,50.0879785,4.28914467,62.2703342,5.33012637,0.143273879,4704.5283,0.0,81.396429,-0.135344175,0.0,8960.7556,4641.46007,1563.34148,0.0,0.0
814.5,-20.314601,9057.473000000002,118.762526,9.2107678,112.6495624,8.7364218,130.903028,10.1520421,1558.46444,305.9504,23.7357408,49.9317224,3.87375846,63.0695499,4.89291003,0.143052998,4704.5283,0.0,81.1425021,-0.144619522,0.0,9057.473000000002,4678.85732,1558.46444,0.0,0.0
815.0,-21.4646142,9114.74605,119.2007143,9.1694359,113.7758675,8.7521518,132.534284,10.1951523,1553.43249,305.9504,23.5349006,49.7705046,3.82853295,62.968736,4.84378702,0.142832165,4704.5283,0.0,80.8805105,-0.145863335,0.0,9114.74605,4699.75087,1553.43249,0.0,0.0
815.5,-22.6031139,9116.3081,119.7205806,9.1872469,114.2912821,8.77064595,133.076452,10.2122915,1548.38232,305.9504,23.4822995,49.6087021,3.8075874,62.808059,4.82063802,0.142611377,4704.5283,0.0,80.6175696,-0.146714208,0.0,9116.3081,4697.45206,1548.38232,0.0,0.0
816.0,-23.017132,9094.2038,128.1713369,9.4320658,122.0618235,8.9825272,141.140295,10.38689185,1543.25723,305.9504,22.5290462,49.4444982,3.64096458,63.0143523,4.64003067,0.142390641,4704.5283,0.0,80.3507284,-0.150022012,0.0,9094.2038,4685.26189,1543.25723,0.0,0.0
816.5,-23.017132,9096.1202,138.83635,9.68852335,132.2487854,9.2287639,151.916786,10.601447,1538.00615,305.9504,21.3576259,49.2762576,3.43989495,63.310239,4.4194712,0.142169952,4703.82267,0.0,80.077327,-0.153560995,0.0,9096.1202,4682.99312,1538.00615,0.0,0.0
817.0,-23.017132,9072.8032,95.3045189,8.35472273,90.6539081,7.9417729,106.9570081,9.41484695,1532.93286,305.9504,28.5597961,49.1137157,4.58387703,60.45119,5.60006975,0.141949313,4576.60107,0.0,79.8131816,-0.127299162,0.0,9072.8032,4670.32856,1532.93286,0.0,0.0
817.5,-23.017132,8596.85667,9.340202182,1.557898103,8.652374526,1.444478468,11.458603789,1.997652055,1531.0056,305.9504,72.2539123,49.0519675,11.5845287,55.174037,13.0093942,0.14172872,4358.41161,0.0,79.71284,0.0261484216,0.0,8596.85667,4471.15833,1531.0056,0.0,0.0
818.0,-23.017132,7905.56253,51.4741321,6.82759281,42.4163207,5.63441607,49.6194661,6.64117037,1530.99302,305.9504,45.342788,49.0515648,7.2703102,56.6299978,8.36175187,0.141508178,4273.7026,0.0,79.7121832,-0.070016566163,0.0,7905.56253,4183.49844,1530.99302,0.0,0.0
818.5,-23.017132,7865.74402,121.7901175,10.6153035,100.3715896,8.7452821,110.6751899,9.64664975,1527.16916,305.9504,27.0013198,48.9290523,4.31851382,60.7005785,5.3502789,0.14128768,4273.7026,0.0,79.5130912,-0.135468172,0.0,7865.74402,4164.69692,1527.16916,0.0,0.0
819.0,-23.017132,8026.527650000001,151.90977,11.2317554,127.6974365,9.440625,140.504956,10.3873645,1522.16098,305.9504,22.6332833,48.7685939,3.60780852,62.2318047,4.60357395,0.141067236,4273.7026,0.0,79.2523365,-0.150024626,0.0,8026.527650000001,4228.67595,1522.16098,0.0,0.0
819.5,-23.017132,8190.14903,140.703935,10.8022278,120.6459692,9.263862,133.378513,10.2422202,1517.00632,305.9504,23.5250943,48.6034441,3.73708156,61.69464,4.74272992,0.140846833,4273.7026,0.0,78.9839559,-0.145721927,0.0,8190.14903,4293.75017,1517.00632,0.0,0.0
820.0,-23.017132,8271.9312,107.225315,9.7532352,92.875703,8.44836444,104.568226,9.51643225,1512.23127,305.9504,27.9585323,48.450456,4.42730923,59.8146461,5.46253319,0.140626486,4273.7026,0.0,78.7353401,-0.1289338726,0.0,8271.9312,4324.99217,1512.23127,0.0,0.0
820.5,-23.017132,8235.4196,81.4673535,8.7940334,70.2681947,7.58445262,80.8471496,8.7271882,1508.12073,305.9504,33.0630118,48.3187572,5.22152521,57.808645,6.24579499,0.140406187,4273.7026,0.0,78.5213223,-0.110211637,0.0,8235.4196,4307.39929,1508.12073,0.0,0.0
821.0,-23.017132,8076.69953,46.3399263,6.40985949,39.3977614,5.43969951,46.8784723,6.51437007,1504.83036,305.9504,46.6820309,48.2133383,7.35576601,55.5917406,8.45263351,0.140185937,4168.48708,0.0,78.3500069,-0.06160401013,0.0,8076.69953,4239.43371,1504.83036,0.0,0.0
821.5,-23.017132,7411.48732,6.13352038,1.500886543,4.73603924,1.159666063,6.03783119,1.478509753,1504.88662,305.9504,76.237582,48.2151422,12.01435265,54.1092358,13.48251715,0.13996573,3921.51933,0.0,78.3529381,0.0425842798,0.0,7411.48732,3962.6668,1504.88662,0.0,0.0
822.0,-23.017132,6667.44976,19.0443085,3.99673267,13.23975745,2.78056385,16.4942417,3.46507258,1505.68855,305.9504,64.6960308,48.2408336,10.2009667,54.3385779,11.48998045,0.139745575,3673.85919,0.0,78.3946902,0.00080554641,0.0,6667.44976,3653.53551,1505.68855,0.0,0.0
822.5,-23.017132,6115.12862,21.4681614,4.49545528,13.7573764,2.87995216,17.0089172,3.56087307,1505.56245,305.9504,64.124806,48.2367925,10.1100517,54.3356622,11.388209,0.139525465,3428.06123,0.0,78.3881221,-0.001899465005,0.0,6115.12862,3423.63699,1505.56245,0.0,0.0
823.0,-23.017132,5739.46253,53.6721647,8.5946287,32.216299,5.1608211,36.381929,5.84390173,1504.83678,305.9504,50.5298393,48.2135446,7.96308469,55.1262018,9.09921165,0.139305406,3333.3735,0.0,78.3503432,-0.052900524,0.0,5739.46253,3266.89588,1504.83678,0.0,0.0
823.5,-23.017132,5814.872310000001,81.4390495,11.0688995,49.5971411,6.74043841,54.2635324,7.37467502,1502.26342,305.9504,41.6114216,48.1310957,6.54621499,55.6038145,7.5624728,0.139085397,3333.3735,0.0,78.216358,-0.085743163,0.0,5814.872310000001,3296.77178,1502.26342,0.0,0.0
824.0,-23.017132,5945.659079999999,71.5149691,10.212469,44.5160217,6.35764554,49.0858362,7.01173922,1499.38237,305.9504,43.7614817,48.03879,6.87109811,55.3708581,7.91944579,0.13886543,3333.3735,0.0,78.0663545,-0.0769306189,0.0,5945.659079999999,3349.51097,1499.38237,0.0,0.0
824.5,-23.017132,5669.71475,16.63099137,0.0761867,10.570115995,0.256658885,12.71286519,0.84333337,1498.20458,305.9504,79.676905,48.0010533,12.50205677,54.1671491,14.06467535,0.138645517,3133.21511,0.0,78.005032,0.0569979067,0.0,5669.71475,3234.0008,1498.20458,0.0,0.0
825.0,-23.017132,4223.90888,-3.22775262,-3.22775262,-1.472187384,-1.472187384,-1.17078205,-1.17078205,1501.9432,305.9504,91.5194056,48.1208367,14.3941386,53.8141592,16.09716155,0.138425652,2621.107,0.0,78.1996855,0.1006436196,0.0,4223.90888,2634.57321,1501.9432,0.0,0.0
825.5,-23.017132,2948.66459,-1.19150725,-1.65621599,-0.41538108,-0.53248792,-0.222688803,-0.381319123,1505.03408,305.9504,86.7405755,48.2198644,13.6707952,53.950735,15.2953913,0.138205832,2109.42449,0.0,78.360614,0.082044518,0.0,2948.66459,2105.73937,1505.03408,0.0,0.0
826.0,-23.017132,2290.86771,43.9624622,9.67515855,10.55436542,2.322022654,12.26462683,2.70330371,1506.63337,305.9504,68.7892891,48.2711031,10.8531656,54.2828351,12.2040568,0.137986064,1913.0967,0.0,78.4438805,0.00405870337,0.0,2290.86771,1832.95903,1506.63337,0.0,0.0
826.5,-23.017132,2480.73063,51.4674515,11.03126265,13.3478042,2.86167792,15.1549621,3.2494347,1506.34302,305.9504,65.625074,48.2618016,10.3519447,54.3229169,11.65197655,0.137766345,1913.0967,0.0,78.4287665,-0.008519890746,0.0,2480.73063,1911.79288,1506.34302,0.0,0.0
827.0,-23.017132,2509.8899,40.9458488,9.12126005,10.7626565,2.39749726,12.59202795,2.80504215,1506.287,305.9504,68.1460415,48.2600069,10.7492212,54.2815168,12.09042265,0.137546673,1913.0967,0.0,78.4258482,0.00296875986,0.0,2509.8899,1923.89356,1506.287,0.0,0.0
827.5,-23.017132,2475.03439,42.9408178,9.5113306,11.12945445,2.46516368,12.9204089,2.86188509,1506.37341,305.9504,67.7814794,48.2627754,10.69232855,54.2900625,12.0276358,0.137327044,1913.0967,0.0,78.4303481,0.001101198501,0.0,2475.03439,1909.44039,1506.37341,0.0,0.0
828.0,-23.017132,2481.07688,43.7516687,9.6550848,11.3674214,2.50855454,13.1507857,2.90210671,1506.38228,305.9504,67.5157715,48.26306,10.65047735,54.2945221,11.9814735,0.137107468,1913.0967,0.0,78.4308089,-1.062671e-05,0.0,2481.07688,1911.95991,1506.38228,0.0,0.0
828.5,-23.017132,2483.73915,43.2894136,9.5633276,11.2594296,2.48738904,13.05223235,2.88344804,1506.38958,305.9504,67.5885765,48.2632939,10.6620135,54.2936193,11.99419375,0.136887936,1913.0967,0.0,78.431189,0.000383646401,0.0,2483.73915,1913.07197,1506.38958,0.0,0.0
829.0,-23.017132,2482.16127,43.3512544,9.57166195,11.2683481,2.48797455,13.06078395,2.8837324,1506.40156,305.9504,67.5523316,48.2636778,10.6563807,54.2945805,11.9879739,0.136668457,1913.0967,0.0,78.4318144,0.000250427149,0.0,2482.16127,1912.42239,1506.40156,0.0,0.0
829.5,-23.017132,2482.2643,43.4244449,9.58111735,11.2878417,2.49053588,13.0804797,2.88606134,1506.40685,305.9504,67.504632,48.263847,10.648893,54.2955011,11.9797121,0.136449025,1913.0967,0.0,78.4320884,7.8926233e-05,0.0,2482.2643,1912.46834,1506.40685,0.0,0.0
830.0,-23.017132,2482.43239,43.4265917,9.5773323,11.28916435,2.48972054,13.0830778,2.88535147,1506.40802,305.9504,67.4745839,48.2638833,10.64416125,54.29601,11.9744918,0.136229639,1913.0967,0.0,78.4321468,-1.1855422e-05,0.0,2482.43239,1912.539,1506.40802,0.0,0.0
830.5,-23.017132,2482.37224,43.447867,9.57725645,11.29442105,2.48964045,13.0892202,2.88526983,1506.40578,305.9504,67.4410815,48.2638123,10.6388605,54.2964632,11.9686462,0.136010304,1913.0967,0.0,78.4320316,-0.000119819212,0.0,2482.37224,1912.51261,1506.40578,0.0,0.0
831.0,-23.017132,2482.37765,43.4726602,9.5778111,11.3008912,2.48979007,13.0965483,2.88540573,1506.39971,305.9504,67.4065056,48.2636168,10.6333634,54.2968061,11.9625859,0.135791016,1913.0967,0.0,78.431714,-0.000231857087,0.0,2482.37765,1912.51131,1506.39971,0.0,0.0
831.5,-23.017132,2482.40949,43.4929747,9.5793099,11.3063168,2.49021164,13.10237035,2.88579155,1506.38981,305.881285,67.3706684,48.2523977,10.6276401,54.2847786,11.9562781,0.135571774,1913.0967,0.0,78.4312008,-0.000349100207,0.0,2482.40949,1912.51878,1506.38981,0.0,0.0
832.0,-23.017132,2484.76251,43.0838883,9.61649115,11.2105482,2.50224648,12.979206,2.89701936,1506.37109,301.394256,67.2729085,47.5439848,10.61208685,53.4893702,11.9391312,0.135352583,1913.0967,0.0,78.4302256,-0.000727643765,0.0,2484.76251,1913.48698,1506.37109,0.0,0.0
832.5,-23.017132,2487.10123,41.9086383,9.5781985,10.91504775,2.49462859,12.6471881,2.89051274,1506.34673,294.367,67.2773084,46.4347061,10.61260885,52.2413898,11.93972125,0.135133439,1913.0967,0.0,78.4289574,-0.00064370289,0.0,2487.10123,1914.4459,1506.34673,0.0,0.0
833.0,-23.017132,2486.51414,40.899333,9.5729236,10.6496645,2.49266619,12.3414704,2.88864988,1506.32415,287.339747,67.254964,45.3255178,10.6089258,50.993894,11.93567035,0.134914345,1913.0967,0.0,78.4277824,-0.000703813362,0.0,2486.51414,1914.18842,1506.32415,0.0,0.0
833.5,-23.017132,2486.46214,39.9501751,9.5793095,10.402293,2.49427701,12.0530441,2.89009646,1506.29723,280.312491,67.2137989,44.216236,10.60224245,49.7465588,11.92831295,0.134695295,1913.0967,0.0,78.42638,-0.000844623192,0.0,2486.46214,1914.15111,1506.29723,0.0,0.0
834.0,-23.017132,2486.60954,38.9618036,9.578013,10.1455417,2.49408707,11.7558388,2.88994792,1506.26631,273.285234,67.1819791,43.1068786,10.59700585,48.4989855,11.9225529,0.134476299,1913.0967,0.0,78.4247692,-0.000941299906,0.0,2486.60954,1914.19435,1506.26631,0.0,0.0
834.5,-23.017132,2486.63196,37.9781553,9.57590445,9.8894924,2.49356069,11.459691,2.88947561,1506.23208,266.327098,67.1521697,42.0083763,10.5920636,47.2635808,11.9171199,0.134257344,1913.0967,0.0,78.4229884,-0.001029649,0.0,2486.63196,1914.18372,1506.23208,0.0,0.0
835.0,-23.017132,2484.22574,37.4530017,9.5389635,9.7433014,2.48153692,11.30085635,2.87823312,1506.19976,263.78687,67.1841945,41.6068055,10.5968867,46.8114338,11.92245955,0.134038445,1913.0967,0.0,78.4213054,-0.000857558076,0.0,2484.22574,1913.16358,1506.19976,0.0,0.0
835.5,-23.0243102,2482.17293,37.6544541,9.5794731,9.78761805,2.49001687,11.3424699,2.88557871,1506.16521,263.78687,67.1095046,41.6058513,10.5848631,46.8114672,11.90921385,0.133819582,1913.0967,0.0,78.4195065,-0.00117346322,0.0,2482.17293,1912.2892,1506.16521,0.0,0.0
836.0,-23.4817931,2479.36671,38.3295472,9.72066355,9.9517584,2.5238444,11.4961984,2.91553742,1506.10677,263.78687,66.9058766,41.6042371,10.552337,46.8125714,11.8733579,0.133600777,1913.0967,0.0,78.4164653,-0.00260279926,0.0,2479.36671,1911.08742,1506.10677,0.0,0.0
836.5,-24.1966561,2476.64586,39.9915827,10.0700304,10.37197295,2.61170138,11.88721165,2.99325744,1505.9662,263.78687,66.4312336,41.6003552,10.4764992,46.8150207,11.789743,0.133382015,1913.0967,0.0,78.409145,-0.00556082615,0.0,2476.64586,1909.87317,1505.9662,0.0,0.0
837.0,-24.9115191,2477.63982,41.4580241,10.3722572,10.7566193,2.69116544,12.24497265,3.06354102,1505.72623,263.78687,66.0034056,41.593726,10.4073709,46.8140275,11.7135672,0.133163305,1913.0967,0.0,78.3966509,-0.00827264878,0.0,2477.63982,1910.14664,1505.72623,0.0,0.0
837.5,-25.6263823,2477.94262,42.9181608,10.66104315,11.136814,2.7664292,12.64127165,3.14014559,1505.3929,263.821483,65.5430391,41.5899745,10.3324932,46.8169774,11.63107345,0.132944641,1913.0967,0.0,78.3792949,-0.0110541988,0.0,2477.94262,1910.07805,1505.3929,0.0,0.0
838.0,-26.3412449,2476.86407,44.7330636,10.940761,11.6026708,2.83777191,13.1526611,3.21687515,1504.96333,266.068526,65.0857616,41.9322228,10.2574788,47.2097139,11.5484574,0.132726022,1913.0967,0.0,78.3569305,-0.0137974308,0.0,2476.86407,1909.37841,1504.96333,0.0,0.0
838.5,-27.0561082,2476.12016,47.0242114,11.26054165,12.1933294,2.91984547,13.80118055,3.30487444,1504.43475,269.587661,64.5675903,42.471912,10.1722419,47.8260179,11.45457385,0.132507456,1913.0967,0.0,78.3294115,-0.0167945004,0.0,2476.12016,1908.76025,1504.43475,0.0,0.0
839.0,-27.7709714,2679.89922,150.9597755,19.34321725,45.2103065,5.6052821,48.9763061,6.11431897,1503.27866,273.106798,47.55826,42.9931973,7.48820978,50.4206975,8.63924864,0.132288934,2365.49391,0.0,78.269217,-0.0865135331,0.0,2679.89922,1992.8792,1503.27866,0.0,0.0
839.5,-28.4858342,3987.78524,300.0,23.456275,125.2799695,9.73695235,133.53076,10.37896705,1498.09032,276.625929,21.6432592,43.3967921,3.39563854,55.8672167,4.36872192,0.132070465,3260.822,0.0,77.9990818,-0.177874595,0.0,3987.78524,2534.07078,1498.09032,0.0,0.0
840.0,-29.2006977,4993.02037,300.0,19.7112602,156.860361,10.2886437,167.043654,10.9565418,1491.85858,280.145066,18.4128726,43.7660509,2.87670473,57.5981063,3.78527164,0.131852036,3260.822,0.0,77.6746228,-0.182039863,0.0,4993.02037,2948.71783,1491.85858,0.0,0.0
840.5,-29.9083991,5675.01955,288.94641,17.6333418,171.533016,10.4697674,182.882085,11.1626038,1485.54163,283.62959,17.3145458,44.1228122,2.69351405,58.5367455,3.57333655,0.131633661,3260.822,0.0,77.345727,-0.182026852,0.0,5675.01955,3228.81429,1485.54163,0.0,0.0
841.0,-30.165762,6106.45948,206.187294,15.22607055,131.554262,9.72912535,141.3117956,10.45457,1479.48487,284.9017,21.4019252,44.1401857,3.31542042,57.0247934,4.27549992,0.131415329,3260.822,0.0,77.0303751,-0.163802244,0.0,6106.45948,3404.80312,1479.48487,0.0,0.0
841.5,-30.165762,6198.168110000001,90.0767311,11.1606988,58.5793487,7.2507597,64.1179046,7.95310072,1474.69442,284.9017,37.213492,43.997264,5.74615099,52.0857735,6.77110156,0.131197049,3260.822,0.0,76.780958,-0.1049494666,0.0,6198.168110000001,3440.16665,1474.69442,0.0,0.0
842.0,-30.165762,5859.30636,52.0950321,8.83634025,31.9008576,5.41434261,36.060267,6.123434,1472.07135,284.9017,48.5560035,43.9190067,7.48523967,50.4334617,8.5949031,0.130978812,3260.822,0.0,76.6443859,-0.0638439996,0.0,5859.30636,3297.63226,1472.07135,0.0,0.0
842.5,-30.165762,5628.03673,88.8061622,12.0163717,52.3205731,7.0807538,57.0196459,7.71845195,1469.29015,284.9017,38.9925533,43.8360294,5.99983558,51.1312681,6.99402298,0.130760629,3260.822,0.0,76.4995814,-0.0999553046,0.0,5628.03673,3199.7753,1469.29015,0.0,0.0
843.0,-30.165762,5672.64093,118.5772592,13.5144974,70.4536541,8.02857987,76.3252035,8.6978454,1465.36109,284.9017,32.5208971,43.7188061,4.99052002,52.64769,6.00877014,0.130542493,3260.822,0.0,76.2950137,-0.1230094611,0.0,5672.64093,3216.04134,1465.36109,0.0,0.0
843.5,-30.165762,5783.264359999999,120.3777271,13.43376525,72.8950229,8.1353254,78.9755135,8.8139947,1461.03267,284.9017,31.7987633,43.5896689,4.86512769,52.7447993,5.88676364,0.1303244,3260.822,0.0,76.0696481,-0.124665976,0.0,5783.264359999999,3259.54524,1461.03267,0.0,0.0
844.0,-30.165762,5843.88961,105.7841829,12.7237985,64.7339474,7.78645685,70.3298565,8.4597594,1456.8747,284.9017,34.2948489,43.4656163,5.23203453,51.8067604,6.23514469,0.130106356,3260.822,0.0,75.8531625,-0.114834637,0.0,5843.88961,3282.34396,1456.8747,0.0,0.0
844.5,-30.165762,5831.1023,94.2416893,12.19143185,57.548779,7.44454884,62.6661121,8.1065624,1453.09073,284.9017,36.8574038,43.3527229,5.60844405,50.8836409,6.58249031,0.129888361,3260.822,0.0,75.6561476,-0.105140015,0.0,5831.1023,3274.8137,1453.09073,0.0,0.0
845.0,-30.165762,5792.74895,94.2515024,12.2498341,57.1731689,7.43085913,62.247132,8.090348,1449.49765,284.9017,37.0372327,43.2455237,5.62194971,50.7146581,6.59285578,0.129670414,3260.822,0.0,75.4690721,-0.1042057273,0.0,5792.74895,3256.75653,1449.49765,0.0,0.0
845.5,-30.165762,5779.50865,100.089514,12.5702606,60.5772533,7.6078929,65.8673469,8.2723043,1445.82661,284.9017,35.7929734,43.1359984,5.41933356,50.9831667,6.40505327,0.129452516,3260.822,0.0,75.2779364,-0.1083295224,0.0,5779.50865,3249.10373,1445.82661,0.0,0.0
846.0,-30.165762,5794.68747,103.8348146,12.7387372,63.0091365,7.73010677,68.4612265,8.39898415,1442.02809,284.9017,34.9550359,43.0226698,5.27853126,51.1243822,6.27253028,0.129234662,3260.822,0.0,75.0801655,-0.110861684,0.0,5794.68747,3253.20179,1442.02809,0.0,0.0
846.5,-30.165762,5815.77036,103.3154308,12.6940993,62.9214807,7.73102035,68.3754045,8.4011353,1438.19989,284.9017,35.0044835,42.9084589,5.27194039,50.9873383,6.2645381,0.129016858,3260.822,0.0,74.880849,-0.1101494626,0.0,5815.77036,3259.73932,1438.19989,0.0,0.0
847.0,-30.165762,5826.63883,100.974659,12.5767524,61.6110353,7.6738801,66.9827362,8.342949,1434.42956,284.9017,35.4846396,42.7959695,5.33024255,50.7177834,6.31688621,0.128799103,3260.822,0.0,74.6845418,-0.107924623,0.0,5826.63883,3262.06031,1434.42956,0.0,0.0
847.5,-30.165762,5827.3576,99.6291055,12.5193949,60.7976169,7.63982883,66.1141694,8.3079068,1430.72956,284.9017,35.8006224,42.6855804,5.36384754,50.5023148,6.34609305,0.128581391,3260.822,0.0,74.4918977,-0.1063444756,0.0,5827.3576,3260.19891,1430.72956,0.0,0.0
848.0,-30.165762,5826.55314,99.9145227,12.54272925,60.9633736,7.65301205,66.2880648,8.3214454,1427.06125,284.9017,35.7662252,42.5761361,5.34496339,50.3965073,6.32672162,0.128363728,3260.822,0.0,74.3009054,-0.1060434886,0.0,5826.55314,3257.72224,1427.06125,0.0,0.0
848.5,-30.165762,5830.02687,100.7744069,12.5878505,61.5247257,7.68512356,66.8854196,8.3547344,1423.39157,284.9017,35.5886179,42.4666528,5.30474539,50.3348516,6.2876027,0.128146119,3260.822,0.0,74.1098416,-0.1062451985,0.0,5830.02687,3257.02509,1423.39157,0.0,0.0
849.0,-30.165762,5837.11562,101.178009,12.6059052,61.8462054,7.70550211,67.2289474,8.37614535,1419.71911,284.9017,35.4967648,42.357085,5.2773983,50.2465007,6.26036438,0.127928549,3260.822,0.0,73.918631,-0.1061234258,0.0,5837.11562,3257.83038,1419.71911,0.0,0.0
849.5,-30.165762,5844.41043,100.9775164,12.59375375,61.800767,7.70769352,67.1820238,8.3788355,1416.0595,284.966297,35.5403768,42.2574699,5.27025786,50.1279742,6.25184948,0.127711031,3260.822,0.0,73.7280916,-0.1055135876,0.0,5844.41043,3258.72902,1416.0595,0.0,0.0
850.0,-30.165762,5847.68116,100.9998966,12.52891815,61.8490702,7.67230549,67.2523135,8.34256895,1412.43713,289.159925,35.8681659,42.7694606,5.30525169,50.6460003,6.28229371,0.127493564,3260.822,0.0,73.5394915,-0.1038985174,0.0,5847.68116,3257.97493,1412.43713,0.0,0.0
850.5,-30.165762,5845.577960000001,102.7859005,12.5161448,62.9200838,7.66172621,68.4207833,8.3315441,1408.86551,295.727696,36.0114237,43.6302934,5.31298521,51.6330834,6.28749968,0.127276134,3260.822,0.0,73.3535336,-0.1029772784,0.0,5845.577960000001,3255.01431,1408.86551,0.0,0.0
851.0,-30.165762,5845.9333,105.9273809,12.5627535,64.8472121,7.69072678,70.5026074,8.3614477,1405.30425,302.295454,35.8537165,44.4865395,5.27635099,52.7108605,6.25177908,0.127058759,3260.822,0.0,73.1681114,-0.1031358443,0.0,5845.9333,3253.08273,1405.30425,0.0,0.0
851.5,-30.165762,5851.32011,109.0808643,12.6011496,66.8393497,7.72134081,72.6561249,8.3933017,1401.73422,308.863219,35.6814743,45.3376027,5.23766093,53.7899339,6.21411101,0.126841432,3260.822,0.0,72.9822374,-0.1033276099,0.0,5851.32011,3253.23984,1401.73422,0.0,0.0
852.0,-30.165762,5858.989500000001,111.546147,12.6051138,68.4394969,7.73389153,74.3932313,8.4066829,1398.16582,315.430984,35.6449713,46.1838089,5.21897814,54.8201074,6.19491815,0.126624154,3260.822,0.0,72.7964452,-0.1030216769,0.0,5858.989500000001,3254.34755,1398.16582,0.0,0.0
852.5,-30.165762,5865.75346,113.4941555,12.58922185,69.715042,7.73305815,75.783793,8.4062263,1394.61535,321.934161,35.7102333,47.0162904,5.21525529,55.7998335,6.18956638,0.126406917,3260.822,0.0,72.611587,-0.102355015,0.0,5865.75346,3255.08894,1394.61535,0.0,0.0
853.0,-30.165762,5872.67687,115.0597035,12.6176522,70.760106,7.75967333,76.9096769,8.4340466,1391.0781,324.3083,35.5657374,47.2430767,5.180987,56.1332788,6.15594011,0.126189732,3260.822,0.0,72.4274189,-0.1024463026,0.0,5872.67687,3255.90444,1391.0781,0.0,0.0
853.5,-30.165762,5882.5957,115.4138976,12.6266503,71.097706,7.77831787,77.272265,8.45383475,1387.53595,324.3083,35.4805898,47.1227799,5.15541454,56.0341113,6.13034852,0.125972591,3260.822,0.0,72.2429975,-0.1023131255,0.0,5882.5957,3257.96355,1387.53595,0.0,0.0
854.0,-30.165762,5891.02736,114.7674662,12.59656235,70.8007965,7.77090453,76.9579935,8.4467023,1384.01223,324.3083,35.5949624,47.003108,5.15889464,55.8662517,6.1316802,0.125755499,3260.822,0.0,72.059528,-0.1014694941,0.0,5891.02736,3259.41447,1384.01223,0.0,0.0
854.5,-30.165762,5895.94095,114.0275506,12.56730025,70.4030445,7.75932063,76.5342838,8.4350626,1380.5211,324.3083,35.7428563,46.8845454,5.16726393,55.6880717,6.13752191,0.125538457,3260.822,0.0,71.8777638,-0.1005235401,0.0,5895.94095,3259.42065,1380.5211,0.0,0.0
855.0,-30.165762,5932.49048,171.124675,14.00637195,106.6191862,8.70813055,114.933866,9.4030273,1376.87767,324.3083,29.1514207,46.7608079,4.20406869,58.0369742,5.16376179,0.125321462,3433.26955,0.0,71.6880626,-0.1239188435,0.0,5932.49048,3272.50179,1376.87767,0.0,0.0
855.5,-30.165762,6249.4557,300.0,16.0162509,196.332443,10.4791581,210.26133,11.2224871,1371.64845,324.268544,17.3154313,46.5775167,2.48720833,62.5213615,3.33850931,0.125104511,4117.90589,0.0,71.4158009,-0.165363401,0.0,6249.4557,3401.34007,1371.64845,0.0,0.0
856.0,-30.165762,6586.84887,300.0,15.3611321,206.931961,10.5942551,222.109639,11.3712387,1365.91541,321.687571,16.4754144,46.0138538,2.3566553,62.1683235,3.18396746,0.1248876091,4201.342,0.0,71.1173085,-0.166329342,0.0,6586.84887,3538.38435,1365.91541,0.0,0.0
856.5,-30.165762,6864.38818,300.0,14.8830969,215.651115,10.69761935,231.80613,11.4989845,1360.14944,317.64548,15.7615284,45.2438822,2.24501751,61.4761861,3.05043419,0.1246707546,4201.342,0.0,70.8170982,-0.167190218,0.0,6864.38818,3650.50383,1360.14944,0.0,0.0
857.0,-30.165762,7097.037829999999,300.0,14.5146332,222.960019,10.7866631,239.874521,11.6049478,1354.35803,313.60339,15.17535735,44.4779565,2.15231842,60.7288877,2.93868614,0.124453948,4201.342,0.0,70.5155628,-0.167819168,0.0,7097.037829999999,3743.92948,1354.35803,0.0,0.0
857.5,-30.165762,7293.8652,300.0,14.2116568,229.143534,10.8546053,246.930746,11.6971612,1348.54744,309.561302,14.66681245,43.7163128,2.07126453,59.956303,2.84069085,0.1242371874,4201.342,0.0,70.2130314,-0.168305874,0.0,7293.8652,3822.43803,1348.54744,0.0,0.0
858.0,-30.165762,7461.30897,300.0,13.9638768,234.403933,10.9103211,253.04972,11.77815455,1342.72216,305.519202,14.2227364,42.9591174,1.99987347,59.1569907,2.75391783,0.1240204745,4201.342,0.0,69.9097314,-0.16867657,0.0,7461.30897,3888.71124,1342.72216,0.0,0.0
858.5,-30.165762,7604.40385,300.0,13.7568075,238.89939,10.95476145,258.4343,11.85051135,1336.88406,301.516872,13.8280353,42.2120026,1.93591808,58.3447463,2.67578397,0.1238038101,4201.342,0.00684576475,69.6057687,-0.169841035,0.0,7604.40385,3944.8453,1336.88406,-0.16784911,0.009380847
859.0,-30.165762,7727.034470000001,300.0,13.5689891,242.751949,10.97948465,263.099847,11.8997797,1330.26274,300.05573,13.5724042,41.7992004,1.89071315,57.9385611,2.62074152,0.123587192,4201.342,0.44370992,69.2610255,-0.227140489,0.0,7727.034470000001,3992.00677,1330.26274,-11.0646626,0.616081022
859.5,-30.165762,7831.98955,300.0,13.4034628,246.049207,10.9929127,267.193543,11.9375723,1320.86446,300.05573,13.406829,41.5038891,1.8544548,57.6790314,2.57717743,0.123370621,4201.342,1.12634058,68.7716971,-0.316461972,0.0,7831.98955,4030.19168,1320.86446,-28.1304287,1.55576186
860.0,-30.165762,7922.510679999999,300.0,13.268358,248.89301,11.0079165,270.752231,11.97468055,1308.38495,300.05573,13.2716958,41.1117608,1.81841958,57.2968846,2.53430009,0.123154099,4201.342,1.8089712,68.1219424,-0.405395345,0.0,7922.510679999999,4060.57145,1308.38495,-45.1961945,2.47617341
860.5,-30.165762,8001.586659999999,300.0,13.15839205,251.377254,11.02567155,273.864907,12.0119933,1292.83729,300.05573,13.16172865,40.6232258,1.78192317,56.7934968,2.49122117,0.1229376216,4201.342,2.4916019,67.3124441,-0.493960249,0.0,8001.586659999999,4084.3974,1292.83729,-62.261961,3.37074212
861.0,-30.165762,8071.632589999999,300.0,13.0684666,253.577818,11.0461973,276.630906,12.05041365,1274.23386,300.05573,13.07182715,40.0386733,1.74428559,56.1698785,2.44703728,0.122721193,4201.342,3.17423247,66.3438436,-0.582178334,0.0,8071.632589999999,4102.68161,1274.23386,-79.3277265,4.23292907
861.5,-30.165762,8134.523759999999,300.0,12.9937225,255.553597,11.068606,279.145169,12.0904039,1252.58775,300.117207,12.99969775,39.3665104,1.7051902,55.4368752,2.40128607,0.1225048116,4201.342,3.85000971,65.2168276,-0.669179778,0.0,8134.523759999999,4116.21204,1252.58775,-96.2256451,5.04750212
862.0,-30.165762,8190.32571,300.0,12.907804,257.306668,11.0708396,281.414756,12.10810145,1228.69515,304.10823,13.08459,39.1278937,1.68354011,55.2642687,2.37783012,0.1222884776,4201.342,4.0957837,63.9728416,-0.698778639,0.0,8190.32571,4125.48111,1228.69515,-102.3946,5.26999012
862.5,-30.165762,8236.7771,300.0,12.8239179,258.765987,11.0612848,283.328385,12.11123015,1204.59436,310.35868,13.26674845,39.1488428,1.67349244,55.4179867,2.36894571,0.122072191,4201.342,4.0957837,62.7180163,-0.695482553,0.0,8236.7771,4130.73751,1204.59436,-102.3946,5.16661943
863.0,-30.165762,8275.014299999999,300.0,12.7552814,259.96725,11.0531661,284.907853,12.1135748,1180.60666,316.609126,13.46151015,39.1419936,1.66424329,55.5257549,2.36084777,0.1218559525,4201.342,4.0957837,61.4690809,-0.692233283,0.0,8275.014299999999,4132.64212,1180.60666,-102.3946,5.06373399
863.5,-30.165762,8306.5101,300.0,12.6985874,260.956714,11.04592615,286.212383,12.1149596,1156.73046,322.859575,13.6662247,39.107511,1.65538162,55.6052632,2.35371248,0.121639757,4201.342,4.0957837,60.2259518,-0.689032896,0.0,8306.5101,4131.8066,1156.73046,-102.3946,4.96132672
864.0,-30.165762,8332.33465,300.0,12.6506265,261.768014,11.0384229,287.286497,12.1145027,1132.96401,329.110021,13.8781851,39.0455543,1.64651518,55.6906581,2.34842182,0.1214236121,4201.342,4.0957837,58.9885352,-0.68588385,0.0,8332.33465,4128.67538,1132.96401,-102.3946,4.85939028
864.5,-30.165762,8353.4478,300.0,12.61198085,262.431305,11.03258965,288.165329,12.11444465,1109.3071,335.298987,14.0960794,38.9492605,1.63744711,55.725666,2.34273445,0.1212075136,4201.342,4.08893027,57.7568224,-0.681905991,0.0,8353.4478,4123.64758,1109.3071,-102.22675,4.75019865
865.0,-30.165762,8371.22065,300.0,12.6013162,262.989648,11.04671955,288.872661,12.1339197,1086.5293,337.5584,14.17975855,38.4077606,1.61338779,55.1700173,2.31751702,0.120991462,4201.342,3.65207391,56.5708792,-0.621905703,0.0,8371.22065,4117.74312,1086.5293,-91.3299351,4.15791545
865.5,-30.1477446,8387.31285,300.0,12.6023548,263.495204,11.0688668,289.497862,12.16118255,1066.62059,337.5584,14.1808295,37.7040081,1.58394555,54.3802381,2.28451405,0.1207754605,4201.342,2.96944332,55.5343218,-0.529893571,0.0,8387.31285,4112.8147,1066.62059,-74.2641681,3.31909208
866.0,-28.9987925,8420.89765,300.0,12.5712118,264.550299,11.0856827,290.865691,12.18839035,1049.90484,337.5584,14.1459626,37.1131219,1.55530028,53.7278337,2.25156887,0.1205595031,4201.342,2.28681269,54.6640037,-0.436895465,0.0,8420.89765,4117.02944,1049.90484,-57.1984026,2.51637983
866.5,-27.2034544,8516.1332,296.795865,12.4209659,264.665053,11.07679175,291.682905,12.2077509,1036.41572,337.5584,14.1303095,36.6362947,1.5335584,53.193114,2.22647374,0.1203435914,4188.8837,1.60418202,53.9616835,-0.343147753,0.0,8516.1332,4148.78137,1036.41572,-40.1326365,1.74298966
867.0,-25.4081166,8072.910959999999,57.0327341,-10.5399323,53.2722572,-7.54569513,61.6020151,-6.38817574,1030.45486,337.5584,152.433776,36.4255836,16.47766106,46.7433524,20.69303734,0.120127728,3525.65399,0.921551376,53.6513268,0.2371449215,0.0,8072.910959999999,3960.87277,1030.45486,-23.0668698,0.995174897
867.5,-23.6127782,4687.92125,-18.08651015,-18.08651015,-9.24596102,-9.24596102,-8.65479489,-8.65479489,1046.9159,337.5584,177.46521,37.0074657,19.4444698,43.9300447,23.1260005,0.119911912,2503.32647,0.245766685816,54.5083826,0.421315596,0.0,4687.92125,2561.96516,1046.9159,-6.1689526315,0.26973943078
868.0,-21.81744,2080.025306,-13.05352973,-13.05352973,-2.94197605,-2.94197605,-2.597065188,-2.597065188,1058.95965,337.5584,131.6468894,37.4332013,14.5961792,43.6653742,17.0290857,0.1196961428,1485.78135,0.0,55.1354485,0.297926853,0.0,2080.025306,1483.8326,1058.95965,0.0,0.0
868.5,-20.0221019,897.220262,30.94146485,9.25496052,2.93213159,0.876407672,3.92066544,1.17304382,1066.79812,337.5584,102.194379,37.7102832,11.4162073,43.7285352,13.2382684,0.119480421,1068.7753,0.0,55.5435631,0.16519914,0.0,897.220262,996.235538,1066.79812,0.0,0.0
869.0,-18.2267638,1088.32785,27.4334521,8.20954061,3.11920585,0.93353481,4.21212938,1.2609492,1072.33785,337.5584,101.0168291,37.9061075,11.343795,43.9238056,13.1446412,0.1192647465,1068.7753,0.0,55.8319939,0.164770235,0.0,1088.32785,1078.99142,1072.33785,0.0,0.0
869.5,-16.4314258,1070.21922,21.656576,6.54643685,2.42736197,0.733755097,3.50925824,1.06079438,1078.20812,337.5584,102.0158196,38.1136161,11.5185694,44.137463,13.3390771,0.1190491196,1068.7753,0.0,56.1376337,0.172447082,0.0,1070.21922,1074.88391,1078.20812,0.0,0.0
870.0,-14.6360876,1055.29705,20.1129189,6.07953233,2.22276815,0.671875816,3.281837,0.992005288,1084.20452,337.5584,102.001815,38.3255822,11.58105405,44.3522015,13.40214975,0.1188335373,1068.7753,0.0,56.4498389,0.174746045,0.0,1055.29705,1072.17589,1084.20452,0.0,0.0
870.5,-12.8787258,1048.96109,17.4745961,5.29523771,1.91973408,0.581726238,2.92795531,0.887247583,1090.30883,337.5584,102.2505055,38.5413638,11.67465615,44.5712889,13.5011937,0.118618004,1068.7753,0.0,56.7676632,0.178389999,0.0,1048.96109,1073.10371,1090.30883,0.0,0.0
871.0,-13.51224375,1025.149145,17.7955264,5.36131272,1.90933954,0.575254189,2.92059538,0.879966901,1096.46048,337.5584,101.7646585,38.7588188,11.68465445,44.7895738,13.50276315,0.1184025163,1068.7753,0.0,57.0879539,0.175387403,0.0,1025.149145,1066.78728,1096.46048,0.0,0.0
871.5,-15.5120331,1007.789949,21.6179792,6.42457725,2.28130306,0.677976846,3.35801232,0.997996404,1102.36165,337.5584,100.3694674,38.9674189,11.5864934,44.9959843,13.37902515,0.1181870783,1068.7753,0.0,57.3952003,0.16613365,0.0,1007.789949,1063.00964,1102.36165,0.0,0.0
872.0,-17.5118217,1001.760689,24.6559474,7.24588436,2.5863165,0.760071157,3.69273834,1.0852564,1107.9655,337.5584,99.2387919,39.1655104,11.5142172,45.1923873,13.2860595,0.1179716842,1068.7753,0.0,57.6869707,0.158181846,0.0,1001.760689,1063.7729,1107.9655,0.0,0.0
872.5,-19.5116109,993.923703,27.7626256,8.07349046,2.88941857,0.840260803,4.0050071,1.16471026,1113.30136,337.5584,98.196485,39.3541278,11.44815675,45.3793307,13.20090225,0.1177563379,1068.7753,0.0,57.9647872,0.150528234,0.0,993.923703,1063.62742,1113.30136,0.0,0.0
873.0,-21.5114002,986.598539,30.947214,8.91049055,3.19715911,0.920548683,4.30345416,1.23910952,1118.37605,337.5584,97.2199481,39.5335135,11.385978,45.5570137,13.1208022,0.117541039,1068.7753,0.0,58.2290031,0.143093782,0.0,986.598539,1063.54247,1118.37605,0.0,0.0
873.5,-23.5111892,979.711546,34.1607774,9.7443225,3.50454217,0.999671744,4.58428916,1.30769755,1123.19818,337.5584,96.3127029,39.7039706,11.3283649,45.7257749,13.04651595,0.1173257856,1068.7753,0.0,58.4800709,0.135911288,0.0,979.711546,1063.49234,1123.19818,0.0,0.0
874.0,-25.510978,973.080507,37.4233343,10.57585645,3.81327554,1.07764018,4.87402126,1.37742255,1127.77485,337.5584,95.4221236,39.865751,11.2693446,45.8857407,12.9710955,0.1171105815,1068.7753,0.0,58.7183571,0.12880836,0.0,973.080507,1063.40538,1127.77485,0.0,0.0
874.5,-27.5107669,966.543618,40.8066209,11.4104111,4.13010691,1.15487346,5.24354385,1.46622291,1132.09936,337.5584,94.4170999,40.0186183,11.19340985,46.0363374,12.87660215,0.1168954229,1068.7753,0.0,58.9435157,0.1213528996,0.0,966.543618,1063.21037,1132.09936,0.0,0.0
875.0,-29.5105561,960.613658,44.2576595,12.2462956,4.45193849,1.23187787,5.6232733,1.55599998,1136.16674,337.5584,93.4300103,40.1623969,11.1161859,46.1777795,12.7811348,0.1166803106,1068.7753,0.0,59.1552863,0.1139768314,0.0,960.613658,1063.1178,1136.16674,0.0,0.0
875.5,-31.463767,955.167054,47.7452828,13.077672,4.7755687,1.30805764,6.0008159,1.64366753,1139.98186,337.5584,92.4821216,40.297258,11.04035905,46.3103166,12.68777945,0.1164652463,1068.7753,0.0,59.3539235,0.1068129484,0.0,955.167054,1063.07905,1139.98186,0.0,0.0
876.0,-30.4944869,970.031269,47.4773364,12.9613726,4.82150902,1.31629685,6.04460996,1.65021426,1143.63346,337.5584,92.1373968,40.4263382,11.0344843,46.438606,12.67554765,0.1162502273,1068.7753,0.0,59.5440473,0.1066667979,0.0,970.031269,1071.3963,1143.63346,0.0,0.0
876.5,-27.8548188,1033.820424,59.8434652,15.1968312,6.73084405,1.69336577,8.14948329,2.05757089,1147.36331,337.5584,88.8288622,40.558186,10.6724364,46.604716,12.2625084,0.1160352566,1147.02671,0.0,59.7382458,0.0948035757,0.0,1033.820424,1100.11729,1147.36331,0.0,0.0
877.0,-25.2151508,2344.35478,224.412823,28.7570396,58.4580757,7.03948435,63.4174476,7.6659766,1148.09462,337.5584,46.6399214,40.5840355,5.60826241,48.4703166,6.64842305,0.115820333,1943.72154,0.0,59.7763199,-0.0622567922,0.0,2344.35478,1645.86729,1148.09462,0.0,0.0
877.5,-22.5754826,4086.2506,300.0,22.7676439,128.373345,9.66756635,136.860117,10.3074135,1144.63677,337.5584,25.6444345,40.4618043,3.07413553,52.723316,4.00130864,0.115605456,2914.1754,0.0,59.5962862,-0.116381308,0.0,4086.2506,2368.66398,1144.63677,0.0,0.0
878.0,-19.9358146,5324.70878,300.0,18.4756972,167.280659,10.2734555,178.271009,10.94824835,1140.51481,337.5584,20.8015299,40.3160973,2.48454258,54.4569529,3.35479924,0.115390625,3466.8772,0.0,59.381673,-0.1211061351,0.0,5324.70878,2881.58886,1140.51481,0.0,0.0
878.5,-17.2961465,6334.960489999999,296.178572,15.9505704,196.342917,10.5636477,210.322158,11.3152209,1136.30337,337.5584,18.1790465,40.1672263,2.16323977,55.3782895,2.98215425,0.1151758394,3468.983,0.0,59.1623998,-0.1217117214,0.0,6334.960489999999,3299.50295,1136.30337,0.0,0.0
879.0,-14.65647845,7195.215450000001,195.077741,12.99337545,145.7665325,9.76253015,157.7197798,10.5746771,1132.37528,337.5584,23.8733358,40.0283709,2.83045486,53.0092958,3.71702844,0.114961104,3468.983,0.0,58.957881,-0.0947162392,0.0,7195.215450000001,3655.16783,1132.37528,0.0,0.0
879.5,-12.0168101,7351.908280000001,12.95793272,-1.09350185,10.40998525,-0.74539291,12.86605929,-0.01743838,1133.2148,337.5584,103.9585597,40.0580484,12.34250713,46.5351247,14.30283067,0.1147464121,3468.983,0.0,59.0015922,0.19186051647,0.0,7351.908280000001,3720.85907,1133.2148,0.0,0.0
880.0,-9.37714215,6739.39261,8.37577367,2.1087258836,5.8818974903,1.48116672884,7.4294703482,1.87093829606,1140.32134,337.5584,90.3629479,40.3092578,10.7894417,46.3631088,12.4094363,0.1145317684,3468.983,0.0,59.371599,0.144755912,0.0,6739.39261,3470.13623,1140.32134,0.0,0.0
880.5,-6.76615635,6720.346769999999,14.01443765,3.38421003,9.8590808,2.38094296,12.4261525,3.00107097,1144.49875,337.5584,81.7295885,40.4569248,9.7956902,46.5620044,11.2736419,0.114317171,3468.983,0.0,59.5890992,0.1172138106,0.0,6720.346769999999,3464.6503,1144.49875,0.0,0.0
881.0,-5.95663349,6733.19159,8.24425723,2.1794718,5.81329305,1.53680997,7.34738441,1.94236419,1149.08875,337.5584,89.2345169,40.6191768,10.7378489,46.629538,12.32668915,0.1141026206,3468.983,0.0,59.8280806,0.144083961,0.0,6733.19159,3472.67519,1149.08875,0.0,0.0
881.5,-6.17670006,6704.42791,9.681708,2.48931549,6.79721347,1.74767534,8.59029051,2.2087051,1153.96008,337.5584,86.8949576,40.7913728,10.5004753,46.8291086,12.0546916,0.1138881166,3468.983,0.0,60.0817075,0.135238752,0.0,6704.42791,3463.55064,1153.96008,0.0,0.0
882.0,-6.39676676,6701.23777,10.53141555,2.66459088,7.39043951,1.86988165,9.3399331,2.36312995,1158.5094,337.5584,85.4113709,40.9521871,10.3619881,47.0093503,11.8946129,0.1136736589,3468.983,0.0,60.3185723,0.129421649,0.0,6701.23777,3464.87955,1158.5094,0.0,0.0
882.5,-6.61683342,6696.08412,10.7855435,2.70933633,7.56292812,1.89981464,9.5577908,2.40092611,1162.93998,337.52079,84.7984885,41.1042159,10.32696375,47.170962,11.8511652,0.1134592464,3468.983,0.0,60.5492531,0.126660885,0.0,6696.08412,3465.32212,1162.93998,0.0,0.0
883.0,-6.83690005,6689.62205,11.2538127,2.81426789,7.88367709,1.97148999,9.9629735,2.49146467,1167.24914,335.0791,83.806075,40.9579342,10.2439201,46.9995473,11.75497785,0.1132448834,3468.983,0.0,60.7736135,0.1225778595,0.0,6689.62205,3465.14929,1167.24914,0.0,0.0
883.5,-7.05696688,6684.17603,11.605763,2.90485036,8.1236149,2.03329022,10.2660467,2.56952759,1171.42174,331.255106,82.9205593,40.6352579,10.1719176,46.6249373,11.6712685,0.1130305655,3468.983,0.0,60.9908617,0.1188776974,0.0,6684.17603,3465.3195,1171.42174,0.0,0.0
884.0,-7.27703351,6678.48755,11.95425565,2.99529501,8.36042505,2.0948136,10.56515185,2.64723674,1175.46897,327.431104,82.0520625,40.3049428,10.1001538,46.2418976,11.5879158,0.1128162955,3468.983,0.0,61.2015855,0.1152441546,0.0,6678.48755,3465.31569,1175.46897,0.0,0.0
884.5,-7.49710012,6672.97878,12.3146104,3.08881823,8.60534355,2.15843933,10.87449955,2.72760153,1179.38996,323.607109,81.1783985,39.9671076,10.0259437,45.8508504,11.5019098,0.1126020712,3468.983,0.0,61.4057334,0.1115999492,0.0,6672.97878,3465.31282,1179.38996,0.0,0.0
885.0,-7.71716682,6667.69225,12.6666507,3.18132975,8.844335,2.22132463,11.17635525,2.80702995,1183.18631,319.78311,80.3251165,39.6219574,9.95249405,45.4516869,11.4168426,0.1123878946,3468.983,0.0,61.603392,0.10803485,0.0,6667.69225,3465.32973,1183.18631,0.0,0.0
885.5,-7.93502878,6662.565219999999,13.0145881,3.27342964,9.0802915,2.2838751,11.47437205,2.88603423,1186.86045,315.996721,79.487932,39.2744048,9.87934975,45.0500816,11.3322023,0.1121737644,3468.983,0.0,61.7946897,0.104536363,0.0,6662.565219999999,3465.34164,1186.86045,0.0,0.0
886.0,-8.0142565,6658.320140000001,13.2221971,3.31833724,9.2192778,2.31373621,11.6498725,2.92373579,1190.42871,314.6144,78.9577112,39.220275,9.8429726,44.9815809,11.28886715,0.1119596783,3468.983,0.0,61.9804733,0.1022839289,0.0,6658.320140000001,3465.65876,1190.42871,0.0,0.0
886.5,-8.0142565,6654.05711,13.2018263,3.30629726,9.1991808,2.30386546,11.6243467,2.91122992,1193.94932,314.6144,78.7918204,39.3362664,9.851342,45.1037331,11.2957421,0.111745641,3468.983,0.0,62.1637745,0.1014058646,0.0,6654.05711,3465.94048,1193.94932,0.0,0.0
887.0,-8.0142565,6648.976799999999,13.2380378,3.30558275,9.217368,2.30160838,11.6471719,2.90833882,1197.43668,314.6144,78.5605986,39.4511626,9.8511204,45.225532,11.2930048,0.1115316495,3468.983,0.0,62.3453479,0.1002991872,0.0,6648.976799999999,3465.86278,1197.43668,0.0,0.0
887.5,-8.0142565,6644.13624,13.2881631,3.30772185,9.24553435,2.30142125,11.68261415,2.90806522,1200.88396,314.6144,78.3145733,39.5647383,9.84854225,45.3461014,11.2876529,0.111317703,3468.983,0.0,62.5248323,0.099142694,0.0,6644.13624,3465.86137,1200.88396,0.0,0.0
888.0,-8.0142565,6639.395170000001,13.3263552,3.30756178,9.265491,2.29966775,11.70768455,2.90581317,1204.29251,314.6144,78.0863045,39.6770374,9.8477084,45.465079,11.2842817,0.111103806,3468.983,0.0,62.7023022,0.0980506431,0.0,6639.395170000001,3465.87887,1204.29251,0.0,0.0
888.5,-8.0142565,6634.669800000001,13.3661727,3.30779069,9.2865609,2.29819005,11.73416195,2.90390967,1207.66352,314.6144,77.8591289,39.7880993,9.8465437,45.5827156,11.2805646,0.1108899539,3468.983,0.0,62.8778143,0.0969643796,0.0,6634.669800000001,3465.88081,1207.66352,0.0,0.0
889.0,-8.0142565,6630.003,13.4064092,3.30817007,9.30796475,2.29683697,11.761062,2.9021642,1210.99709,314.6144,77.634347,39.8979284,9.8452179,45.6990006,11.2766919,0.1106761493,3468.983,0.0,63.0513792,0.0958885209,0.0,6630.003,3465.8854,1210.99709,0.0,0.0
889.5,-8.0142565,6625.39033,13.4457905,3.30844771,9.3288123,2.2954316,11.7872605,2.90035316,1214.29372,314.6144,77.4134544,40.0065404,9.8439306,45.8139365,11.2728873,0.1104623909,3468.983,0.0,63.2230227,0.0948283428,0.0,6625.39033,3465.89104,1214.29372,0.0,0.0
890.0,-8.0142565,6620.82711,13.4848841,3.30873396,9.3494923,2.29404912,11.81324765,2.89857143,1217.55397,314.6144,77.1957113,40.113954,9.8425977,45.9275481,11.26905625,0.1102486785,3468.983,0.0,63.3927685,0.093781218,0.0,6620.82711,3465.89578,1217.55397,0.0,0.0
890.5,-8.0142565,6616.31464,13.5236736,3.30902482,9.36999505,2.2926871,11.8390125,2.89681597,1220.77825,314.6144,76.9810605,40.2201809,9.84122175,46.0398528,11.2652013,0.1100350101,3468.983,0.0,63.5606412,0.0927469772,0.0,6616.31464,3465.90066,1220.77825,0.0,0.0
891.0,-8.0142565,6611.851819999999,13.5620993,3.30930801,9.39028075,2.29133668,11.8645037,2.8950756,1223.96696,314.6144,76.7695166,40.3252376,9.83981355,46.1508697,11.26133375,0.1098213913,3468.983,0.0,63.7266648,0.0917256478,0.0,6611.851819999999,3465.90551,1223.96696,0.0,0.0
891.5,-8.0142565,6607.43803,13.6001898,3.30958795,9.41036835,2.29000088,11.8897455,2.89335402,1227.12058,314.6144,76.5609839,40.4291383,9.8383691,46.2606143,11.25744995,0.1096078188,3468.983,0.0,63.89086,0.0907169024,0.0,6607.43803,3465.91039,1227.12058,0.0,0.0
892.0,-8.0142565,6603.0728,13.63795025,3.30986484,9.4302615,2.28867943,11.9147427,2.89165113,1230.23955,314.6144,76.3553915,40.5318974,9.8368892,46.3691026,11.2535501,0.1093942906,3468.983,0.0,64.0532516,0.0897205105,0.0,6603.0728,3465.91508,1230.23955,0.0,0.0
892.5,-8.0142565,6598.7554,13.67538185,3.3101383,9.44996175,2.28737194,11.9394968,2.8899662,1233.32429,314.6144,76.1526866,40.6335283,9.8353745,46.4763539,11.2496348,0.109180812,3468.983,0.0,64.213862,0.0887362641,0.0,6598.7554,3465.91982,1233.32429,0.0,0.0
893.0,-8.0142565,6595.19131,14.5522623,3.45216707,10.0508646,2.38429419,12.6472397,3.00142191,1236.37071,314.6144,75.174764,40.7338964,9.73294715,46.5925132,11.13258165,0.108967376,3472.45792,0.0,64.372473,0.085006742,0.0,6595.19131,3466.21554,1236.37071,0.0,0.0
893.5,-8.0142565,6878.03474,73.9774781,9.29656743,53.8199882,6.72697891,59.7975791,7.51236401,1237.6272,314.6144,43.1782371,40.7752934,5.59636,48.4497904,6.61604456,0.1087539879,3704.48139,0.0,64.4378946,-0.02877792918,0.0,6878.03474,3584.64245,1237.6272,0.0,0.0
894.0,-8.0142565,7690.405220000001,163.866849,11.6309538,132.6293989,9.3699023,145.123537,10.24931525,1235.2007,314.6144,22.8640528,40.695348,2.9577975,53.472961,3.87350053,0.1085406459,4069.48006,0.0,64.3115565,-0.098329062,0.0,7690.405220000001,3921.25893,1235.2007,0.0,0.0
894.5,-8.0142565,8583.216400000001,247.729456,11.5016759,223.305079,10.3344623,247.838135,11.4633275,1231.30219,314.65033,14.78701275,40.5715328,1.90687095,56.54037,2.65389835,0.1083273513,4434.4787,0.0,64.10858,-0.1238312593,0.0,8583.216400000001,4290.488,1231.30219,0.0,0.0
895.0,-8.0142565,9426.6961,291.772634,10.7305632,287.831295,10.5845754,326.051867,11.99005985,1226.82135,316.982715,11.6606814,40.7233951,1.49807701,57.6725657,2.12157846,0.1081141022,4716.2819,0.0,63.8752795,-0.132136209,0.0,9426.6961,4638.8498,1226.82135,0.0,0.0
895.5,-8.0142565,10135.3618,184.2341935,8.8460388,194.6106025,9.3747471,232.009575,11.22963565,1222.45668,320.635495,16.3973686,41.0461448,2.09868828,56.6103217,2.87641777,0.1079009,4735.3765,0.0,63.6480333,-0.1130914569,0.0,10135.3618,4931.182330000001,1222.45668,0.0,0.0
896.0,-8.0142565,10160.5334,6.4747802,-7.63833958,7.713153,-7.72704988,14.1664825,-6.1334375,1223.13444,324.288269,134.3217381,41.537226,17.22850128,48.9120415,20.19677761,0.107687744,4687.01407,0.0,63.6833183,0.29695871592,0.0,10160.5334,4942.05202,1223.13444,0.0,0.0
896.5,-8.0142565,8033.948420000001,-17.4760426,-17.4760426,-14.8342553,-14.8342553,-13.8604996,-13.8604996,1239.83292,327.941046,185.443223,42.5787387,24.0684377,49.4796256,27.9883051,0.107474632,4041.22877,0.0,64.5527376,0.477804539,0.0,8033.948420000001,4066.91456,1239.83292,0.0,0.0
897.0,-8.0142565,5976.98908,-15.16769755,-15.16769755,-9.49697625,-9.49697625,-8.83159622,-8.83159622,1253.9907,331.59382,152.094424,43.5445009,19.9703802,49.996223,22.9312718,0.1072615662,3221.32153,0.0,65.2898707,0.364364251,0.0,5976.98908,3219.26517,1253.9907,0.0,0.0
897.5,-8.0142565,3991.77462,-15.0948029,-15.0948029,-6.31026704,-6.31026704,-5.81216644,-5.81216644,1265.40913,335.210669,131.6215115,44.4201894,17.4398091,50.6978168,19.9057668,0.1070485506,2401.41453,0.0,65.8843794,0.296760393,0.0,3991.77462,2399.86989,1265.40913,0.0,0.0
898.0,-8.0142565,2336.72973,0.57282296,-4.50971153,-0.157948573,-1.303177715,0.549397625,-0.998254095,1273.92997,336.53107,99.4658109,44.8951413,13.2667337,51.0476343,15.0855798,0.1068355772,1754.17147,0.0,66.3280224,0.1733917909,0.0,2336.72973,1716.1688,1273.92997,0.0,0.0
898.5,-8.0142565,2266.31515,19.5052274,4.78652786,4.61802612,1.133460835,6.0813919,1.49283115,1278.04328,336.53107,82.627556,45.040101,11.05865315,51.2355121,12.5797662,0.1066226538,1705.1843,0.0,66.5421846,0.102267777,0.0,2266.31515,1689.27048,1278.04328,0.0,0.0
899.0,-8.0142565,2316.67006,12.14698985,3.08872299,2.9473925,0.749453799,4.01398752,1.020666252,1281.80835,336.53107,85.537302,45.172788,11.48175965,51.3284605,13.0463641,0.1064097735,1705.1843,0.0,66.738216,0.1142204646,0.0,2316.67006,1712.42192,1281.80835,0.0,0.0
899.5,-8.0142565,2289.22081,12.8677752,3.24796523,3.08460733,0.778591457,4.20851965,1.0622796,1285.73566,336.53107,84.9818215,45.3111916,11.4420835,51.4773896,12.99918585,0.106196941,1705.1843,0.0,66.9426922,0.1117129226,0.0,2289.22081,1703.29322,1285.73566,0.0,0.0
900.0,-8.0142565,2286.34955,13.29931075,3.34032238,3.18420337,0.799760724,4.34514519,1.09134878,1289.55187,336.53107,84.519539,45.4456805,11.41364595,51.6209258,12.96455455,0.105984154,1705.1843,0.0,67.1413864,0.1096318261,0.0,2286.34955,1704.32673,1289.55187,0.0,0.0
900.5,-8.0142565,2282.06126,13.15338345,3.29732555,3.14335385,0.787984883,4.2905357,1.0755636,1293.32856,336.53107,84.361314,45.5787765,11.42563995,51.7585526,12.97478,0.105771414,1705.1843,0.0,67.3380247,0.1087738206,0.0,2282.06126,1704.74754,1293.32856,0.0,0.0
901.0,-8.0142565,2276.28998,13.221999,3.30427619,3.15175812,0.787648323,4.30353753,1.07548668,1297.0674,336.53107,84.1019606,45.7105391,11.4234416,51.8962392,12.9692999,0.1055587204,1705.1843,0.0,67.5326895,0.1075047076,0.0,2276.28998,1704.52916,1297.0674,0.0,0.0
901.5,-8.0142565,2271.21148,13.26793005,3.30608963,3.1556526,0.786322776,4.31020372,1.07401276,1300.76278,336.53107,83.8559425,45.8407692,11.42247655,52.0321147,12.9652197,0.1053460731,1705.1843,0.0,67.7250919,0.1062913016,0.0,2271.21148,1704.57367,1300.76278,0.0,0.0
902.0,-8.0142565,2266.11186,13.3026046,3.30536841,3.15679521,0.784386001,4.31312028,1.07170425,1304.41713,336.53107,83.619277,45.9695541,11.4222388,52.1663254,12.9619761,0.1051334685,1705.1843,0.0,67.9153564,0.105116022,0.0,2266.11186,1704.58541,1304.41713,0.0,0.0
902.5,-8.0142565,2261.04113,13.3424128,3.30591334,3.1591571,0.782759806,4.31769719,1.06981691,1308.03088,336.53107,83.3835615,46.0969081,11.42159555,52.2990134,12.95831405,0.1049209139,1705.1843,0.0,68.1035101,0.1039450399,0.0,2261.04113,1704.58545,1308.03088,0.0,0.0
903.0,-8.0142565,2256.04241,13.38100685,3.30624765,3.16129082,0.7811083,4.32212604,1.06793345,1311.60442,336.53107,83.1514822,46.2228438,11.4209233,52.4301529,12.9546506,0.1047084045,1705.1843,0.0,68.2895684,0.1027896223,0.0,2256.04241,1704.59203,1311.60442,0.0,0.0
903.5,-8.0142565,2251.09626,13.41915645,3.30654389,3.16335325,0.779465631,4.32670051,1.06611996,1315.13826,336.53107,82.922529,46.3473814,11.420163,52.5597737,12.9509195,0.104495939,1705.1843,0.0,68.4735601,0.101647781,0.0,2251.09626,1704.5973,1315.13826,0.0,0.0
904.0,-8.0142565,2246.20506,13.4570755,3.30686489,3.16539916,0.777847488,4.33123832,1.06433419,1318.63283,336.53107,82.6968998,46.4705365,11.41935255,52.6878899,12.9471633,0.1042835217,1705.1843,0.0,68.6555077,0.1005200454,0.0,2246.20506,1704.6025,1318.63283,0.0,0.0
904.5,-8.0142565,2241.36834,13.49460635,3.30717347,3.16739233,0.776245017,4.33568841,1.06256373,1322.08868,336.53107,82.474606,46.5923248,11.4185038,52.8145211,12.9433944,0.1040711504,1705.1843,0.0,68.8354387,0.0994064794,0.0,2241.36834,1704.60773,1322.08868,0.0,0.0
905.0,-8.0142565,2236.58512,13.53179225,3.30747852,3.16934239,0.774659904,4.34006376,1.06081097,1325.50629,336.53107,82.255553,46.7127666,11.4176147,52.9396888,12.9396104,0.1038588239,1705.1843,0.0,69.013377,0.0983067565,0.0,2236.58512,1704.6129,1325.50629,0.0,0.0
905.5,-8.0142565,2231.85472,13.56863945,3.30778053,3.17125108,0.773092059,4.34436707,1.05907582,1328.88609,336.53107,82.0396696,46.8318759,11.41668555,53.063411,12.935811,0.1036465446,1705.1843,0.0,69.1893506,0.0972206237,0.0,2231.85472,1704.618,1328.88609,0.0,0.0
906.0,-8.0142565,2227.1766,13.60514845,3.30807846,3.17311895,0.7715411,4.34859909,1.05735796,1332.22858,336.53107,81.8268924,46.9496706,11.415717,53.1857061,12.9319971,0.1034343109,1705.1843,0.0,69.3633795,0.096147846,0.0,2227.1766,1704.62306,1332.22858,0.0,0.0
906.5,-8.0142565,2222.55,13.64132525,3.30837286,3.17494731,0.770006881,4.35276156,1.05565723,1335.53423,336.53107,81.6171524,47.066166,11.41470945,53.3065958,12.92816855,0.1032221229,1705.1843,0.0,69.53549,0.09508819,0.0,2222.55,1704.62805,1335.53423,0.0,0.0
907.0,-8.0142565,2217.97443,13.6771739,3.30866363,3.17673747,0.768489188,4.35685673,1.05397346,1338.80345,336.53107,81.410387,47.1813775,11.4136629,53.4260965,12.9243254,0.103009981,1705.1843,0.0,69.7057035,0.0940414245,0.0,2217.97443,1704.63293,1338.80345,0.0,0.0
907.5,-8.0142565,2213.44913,13.71269895,3.30895094,3.17849056,0.766987867,4.36088583,1.05230652,1342.03668,336.53107,81.2065331,47.2953224,11.41257815,53.5442281,12.9204682,0.1027978863,1705.1843,0.0,69.874046,0.0930073276,0.0,2213.44913,1704.63781,1342.03668,0.0,0.0
908.0,-8.0142565,2208.97361,13.7479051,3.3092347,3.18020764,0.765502681,4.36485084,1.05065617,1345.23441,336.53107,81.0055271,47.408015,11.4114552,53.6610071,12.9165968,0.1025858355,1705.1843,0.0,70.0405375,0.0919856812,0.0,2208.97361,1704.6427,1345.23441,0.0,0.0
908.5,-8.0142565,2204.54724,13.7827959,3.3095152,3.18188994,0.764033486,4.36875333,1.04902231,1348.39705,336.53107,80.8073154,47.5194692,11.41029495,53.7764506,12.91271135,0.1023738315,1705.1843,0.0,70.2052002,0.0909762773,0.0,2204.54724,1704.64743,1348.39705,0.0,0.0
909.0,-8.0142565,2200.16938,13.8173756,3.30979224,3.18353856,0.762580083,4.37259479,1.04740477,1351.52494,336.53107,80.611836,47.6297023,11.4090974,53.8905769,12.9088122,0.1021618749,1705.1843,0.0,70.368057,0.0899789021,0.0,2200.16938,1704.65215,1351.52494,0.0,0.0
909.5,-8.0142565,2195.83932,13.85167345,3.31005464,3.1851599,0.761139624,4.37638426,1.04579969,1354.61856,336.53107,80.4186092,47.7387263,11.4078026,54.003704,12.9049031,0.1019499609,1705.1843,0.0,70.5291304,0.0889920115,0.0,2195.83932,1704.65673,1354.61856,0.0,0.0
910.0,-8.0142565,2454.93649,54.5273906,10.26429729,14.56514187,2.71845197,16.6121067,3.11439645,1357.04051,336.53107,67.0508298,47.8240775,9.52825954,54.3876117,10.8307945,0.1017380954,1899.89769,0.0,70.6552275,0.03338781139,0.0,2454.93649,1813.88309,1357.04051,0.0,0.0
910.5,-8.0142565,3416.66217,57.9587867,9.97765499,20.1241157,3.48454317,22.67348693,3.94388347,1357.2655,336.53107,61.629098,47.8320076,8.75963342,54.6250281,9.9957983,0.1015262765,2174.95983,0.0,70.666943,0.01626654779,0.0,3416.66217,2214.19564,1357.2655,0.0,0.0
911.0,-8.0142565,3464.29664,1.900227432,0.1663366835,0.678122894,0.05580082753,0.9590607194,0.15079865926,1359.83085,336.53107,85.7249124,47.9224138,12.207207,54.1127288,13.7837378,0.1013145014,2178.8547,0.0,70.8005099,0.1110166434,0.0,3464.29664,2235.51463,1359.83085,0.0,0.0
911.5,-8.0142565,3285.04692,14.3550147,3.27077317,4.93765194,1.125042577,6.41222839,1.46110428,1363.11253,336.53107,77.1805546,48.0380668,11.01699345,54.3636125,12.46756635,0.1011027715,2178.8547,0.0,70.9713753,0.0775925737,0.0,3285.04692,2162.84363,1363.11253,0.0,0.0
912.0,-8.0142565,3317.06649,15.8735503,3.58677172,5.51317557,1.24576738,7.15609453,1.61703249,1365.63631,336.53107,76.0254086,48.1270066,10.8723572,54.4737482,12.3061363,0.1008910895,2178.8547,0.0,71.1027745,0.0730024266,0.0,3317.06649,2177.64079,1365.63631,0.0,0.0
912.5,-8.0142565,3317.81523,14.1361501,3.22786045,4.91147618,1.12149142,6.39756906,1.46082727,1368.22922,336.53107,76.8408141,48.2183834,11.00979795,54.5558428,12.4568422,0.1006794536,2178.8547,0.0,71.237774,0.075960168,0.0,3317.81523,2179.46634,1368.22922,0.0,0.0
913.0,-8.0142565,3308.61548,14.5737073,3.31073128,5.04944631,1.14709097,6.57891706,1.49454324,1370.82896,336.53107,76.4575119,48.3100028,10.97568675,54.6567798,12.4176294,0.100467862,2178.8547,0.0,71.373134,0.0742688585,0.0,3308.61548,2177.15626,1370.82896,0.0,0.0
913.5,-8.0142565,3306.35773,14.675479,3.32539262,5.08125397,1.15138765,6.62075983,1.50023226,1373.37635,336.53107,76.254389,48.3997762,10.9668761,54.7529859,12.4064464,0.1002563154,2178.8547,0.0,71.505764,0.0732842832,0.0,3306.35773,2177.70412,1373.37635,0.0,0.0
914.0,-8.0142565,3303.0373,14.6367474,3.31134565,5.06275143,1.14537219,6.59724138,1.49252769,1375.8992,336.53107,76.1348595,48.4886864,10.9697985,54.8469747,12.408261,0.1000448164,2178.8547,0.0,71.6371191,0.0726227331,0.0,3303.0373,2177.79564,1375.8992,0.0,0.0
914.5,-8.0142565,3299.28917,14.6896381,3.31419859,5.0752793,1.14505801,6.61423409,1.49226891,1378.39365,336.53107,75.9267935,48.5765938,10.95965155,54.9412905,12.3956285,0.0998333879,2178.8547,0.0,71.7669931,0.0716481539,0.0,3299.28917,2177.69247,1378.39365,0.0,0.0
915.0,-8.0142565,3295.87492,14.7384654,3.31566637,5.08688029,1.14437974,6.62996223,1.49152215,1380.85318,336.53107,75.7084167,48.6632698,10.94762995,55.0344787,12.3809415,0.0996220766,2178.8547,0.0,71.895051,0.0706462073,0.0,3295.87492,2177.70787,1380.85318,0.0,0.0
915.5,-8.0142565,3292.49798,14.77829065,3.31523064,5.09539933,1.14305701,6.64166971,1.48993367,1383.27872,336.54671,75.4979141,48.7510187,10.93636735,55.1288529,12.367114,0.0994108852,2178.8547,0.0,72.021341,0.0696765799,0.0,3292.49798,2177.71897,1383.27872,0.0,0.0
916.0,-8.0142565,3288.97107,14.8523359,3.31290709,5.11544145,1.14103225,6.66842762,1.48743572,1385.6714,337.562094,75.2955945,48.9827125,10.925926,55.3859588,12.35421435,0.0991998158,2178.8547,0.0,72.1459137,0.0687401415,0.0,3288.97107,2177.64842,1385.6714,0.0,0.0
916.5,-8.0142565,3285.51338,14.97919195,3.31602474,5.15370958,1.14090529,6.71893949,1.48740879,1388.03083,339.1523,75.0803966,49.2972595,10.9132503,55.737017,12.33886095,0.0989888651,2178.8547,0.0,72.2687611,0.067756057,0.0,3285.51338,2177.58734,1388.03083,0.0,0.0
917.0,-8.0142565,3282.30251,15.09306315,3.31652685,5.18781366,1.13996296,6.76398608,1.48630884,1390.35682,340.742506,74.8743791,49.611398,10.9015429,56.0875238,12.32459865,0.098778034,2178.8547,0.0,72.3898635,0.0668097675,0.0,3282.30251,2177.60935,1390.35682,0.0,0.0
917.5,-8.0142565,3279.09459,15.2037379,3.31636392,5.22074731,1.13879287,6.80751415,1.48491159,1392.65047,342.332708,74.6726224,49.9251544,10.8901034,56.4375853,12.3106512,0.0985673234,2178.8547,0.0,72.5092842,0.0658818289,0.0,3279.09459,2177.61376,1392.65047,0.0,0.0
918.0,-8.0142565,3275.92069,15.3172497,3.3167263,5.25463476,1.13781494,6.85228703,1.48376328,1394.91214,343.922912,74.4716934,50.2385213,10.8784381,56.7872485,12.29647255,0.098356736,2178.8547,0.0,72.62704,0.0649590536,0.0,3275.92069,2177.61371,1394.91214,0.0,0.0
918.5,-8.0142565,3272.80061,15.4303922,3.31711568,5.28840711,1.13686468,6.89690761,1.48264876,1397.14208,345.497478,74.2728894,50.549204,10.86674205,57.133901,12.2822782,0.0981462672,2178.8547,0.0,72.743142,0.0640464874,0.0,3272.80061,2177.61746,1397.14208,0.0,0.0
919.0,-8.0142565,3269.89215,15.5122319,3.32003385,5.31173339,1.1368537,6.92787148,1.48275065,1399.34011,346.0723,74.0688985,50.712936,10.8539456,57.314617,12.266885,0.097935917,2178.8547,0.0,72.8575856,0.063116166,0.0,3269.89215,2177.69064,1399.34011,0.0,0.0
919.5,-8.0142565,3267.02134,15.539459,3.31748365,5.31638488,1.13498312,6.93447477,1.48042549,1401.50718,346.0723,73.8821281,50.7914705,10.84334305,57.3988519,12.2539364,0.09772569,2178.8547,0.0,72.9704153,0.0622543988,0.0,3267.02134,2177.76144,1401.50718,0.0,0.0
920.0,-8.0142565,3263.98295,15.57928145,3.31737924,5.32505167,1.1338918,6.94634832,1.47912314,1403.64431,346.0723,73.691217,50.8689222,10.83181625,57.4820252,12.2399828,0.0975155808,2178.8547,0.0,73.0816861,0.0613782119,0.0,3263.98295,2177.74498,1403.64431,0.0,0.0
920.5,-8.0142565,3261.02821,15.62318685,3.31809873,5.33522465,1.13311104,6.96017291,1.47822241,1405.75108,346.0723,73.5000081,50.9452729,10.8199264,57.5640539,12.22564515,0.0973055921,2178.8547,0.0,73.1913789,0.0605029129,0.0,3261.02821,2177.74555,1405.75108,0.0,0.0
921.0,-8.0142565,3258.12981,15.6637952,3.31823226,5.34433812,1.1321495,6.9726069,1.47708347,1407.82788,346.0723,73.3123946,51.0205367,10.80825205,57.6448937,12.21156345,0.0970957229,2178.8547,0.0,73.299508,0.0596435244,0.0,3258.12981,2177.75224,1407.82788,0.0,0.0
921.5,-8.0142565,3255.26497,15.704352,3.31884595,5.35346411,1.13136318,6.98505291,1.47617153,1409.87513,346.018256,73.1254822,51.0867456,10.7963729,57.7155823,12.1972725,0.0968859724,2178.8547,0.0,73.4060984,0.0587887978,0.0,3255.26497,2177.7555,1409.87513,0.0,0.0
922.0,-8.0142565,3253.03524,15.6356381,3.32855759,5.32639358,1.13389665,6.95014929,1.47956613,1411.89105,342.50958,72.9143896,50.640936,10.78059975,57.2083591,12.1786922,0.0966763451,2178.8547,0.0,73.5110582,0.0578434535,0.0,3253.03524,2178.00473,1411.89105,0.0,0.0
922.5,-8.0142565,3250.83336,15.3731371,3.31892,5.23342899,1.12984843,6.82924944,1.47437126,1413.87792,337.014562,72.7578465,49.8986035,10.77259255,56.3654583,12.1687191,0.0964668351,2178.8547,0.0,73.614507,0.0571114359,0.0,3250.83336,2178.24865,1413.87792,0.0,0.0
923.0,-8.0142565,1112.684354,-19.8195046,-24.53927284,-4.3824684888,-4.5657144245,-3.625891999,-3.9608506991,1419.58553,331.519542,104.9071465,49.2828696,15.590416,55.6263609,17.6171991,0.0962574434,1267.709568,0.0,73.9116762,0.2088886958,0.0,1112.684354,1291.88169,1419.58553,0.0,0.0
923.5,-8.0142565,355.540626,25.9453494,6.20188993,0.931970837,0.222927902,2.04201354,0.488457124,1423.39412,326.024542,78.1120563,48.5962854,11.6431624,54.7784917,13.1243499,0.096048174,1014.21313,0.0,74.1099731,0.0682527728,0.0,355.540626,979.052402,1423.39412,0.0,0.0
924.0,-8.0142565,474.070507,12.2034077,2.99867089,0.607545126,0.149263561,1.42635385,0.350480551,1425.8709,320.52951,78.7319055,47.860332,11.756016,53.9312345,13.247211,0.0958390224,1014.21313,0.0,74.2389299,0.0755255595,0.0,474.070507,1029.819705,1425.8709,0.0,0.0
924.5,-8.0142565,430.407418,12.81120595,3.18969933,0.577073899,0.143674302,1.4354704,0.357394778,1428.47707,315.01333,78.4643159,47.1226475,11.73744505,53.0955744,13.2251991,0.0956299906,1014.21313,0.0,74.3746201,0.0740084645,0.0,430.407418,1013.172923,1428.47707,0.0,0.0
925.0,-8.0142565,430.573523,13.34511705,3.38290878,0.601699001,0.15252993,1.49602668,0.379237288,1430.99656,308.144596,78.1115366,46.1764146,11.7052924,52.0266749,13.1882762,0.0954210771,1014.21313,0.0,74.5058,0.0722195923,0.0,430.573523,1014.713143,1430.99656,0.0,0.0
925.5,-8.0142565,429.13675,12.7319089,3.30286038,0.572174536,0.148427965,1.42503735,0.369673553,1433.48247,300.498163,77.9518199,45.1087977,11.7016501,50.8184153,13.1827765,0.0952122835,1014.21313,0.0,74.6352316,0.0715348508,0.0,429.13675,1015.566806,1433.48247,0.0,0.0
926.0,-8.0142565,424.816781,12.4856498,3.31443869,0.555452767,0.147448109,1.39066043,0.369161718,1435.93831,292.851731,77.7396245,44.0362782,11.68978895,49.6057297,13.168243,0.095003609,1014.21313,0.0,74.7630956,0.0705241032,0.0,424.816781,1015.203171,1435.93831,0.0,0.0
926.5,-8.0142565,421.579526,12.1997503,3.31657981,0.53859956,0.146419463,1.35378773,0.368033052,1438.35948,285.205299,77.5337151,42.9587898,11.67848435,48.3876807,13.1543433,0.0947950546,1014.21313,0.0,74.889157,0.0695538574,0.0,421.579526,1015.269835,1438.35948,0.0,0.0
927.0,-8.0142565,418.254876,11.89972465,3.31551711,0.521211093,0.145218138,1.31541418,0.366499506,1440.74774,277.55887,77.3326855,41.8764672,11.6675453,47.1644328,13.1408663,0.0945866164,1014.21313,0.0,75.0135004,0.0686085769,0.0,418.254876,1015.280904,1440.74774,0.0,0.0
927.5,-8.0142565,414.948857,11.6042625,3.31531654,0.504252379,0.144061697,1.27778693,0.365058556,1443.10335,269.987641,77.1334924,40.8007719,11.6565196,45.9489314,13.1273135,0.0943782998,1014.21313,0.0,75.1361495,0.0676712976,0.0,414.948857,1015.280676,1443.10335,0.0,0.0
928.0,-8.0142565,410.826368,11.4726549,3.30354259,0.4935694,0.142123313,1.25710022,0.36198155,1445.42787,267.2236,76.9464107,40.448261,11.646978,45.547926,13.11541445,0.0941701018,1014.21313,0.0,75.2571775,0.0667967547,0.0,410.826368,1014.92255,1445.42787,0.0,0.0
928.5,-8.0142565,524.388381,54.9875406,11.6636316,4.730395385,0.935336553,6.21382139,1.27842135,1447.58925,267.2236,71.2004548,40.5087441,10.79311185,45.7752301,12.1840159,0.0939620201,1202.391908,0.0,75.3697092,0.0334342871,0.0,524.388381,1063.438553,1447.58925,0.0,0.0
929.0,-8.0142565,2823.96341,298.155206,28.3536308,87.975882,7.95374591,94.9964135,8.60950424,1445.30486,267.2236,25.4609302,40.4448168,3.85425422,51.0679524,4.83799133,0.0937540606,2581.94554,0.0,75.2507705,-0.143316011,0.0,2823.96341,2018.97486,1445.30486,0.0,0.0
929.5,-8.0142565,4773.77881,170.3691803,15.5150138,82.1449222,7.60589874,88.4448279,8.21890924,1440.49922,267.2236,28.0216558,40.3103386,4.22607945,50.4417678,5.21366216,0.0935462165,2621.0923,0.0,75.0005624,-0.1121652755,0.0,4773.77881,2827.50148,1440.49922,0.0,0.0
930.0,-8.0142565,4760.70262,-4.81260426,-5.861425907,-2.402980701,-2.981547096,-1.849661601,-2.582859641,1441.48931,267.2236,94.2914116,40.3380464,14.23275865,45.3519967,15.9977157,0.0933384919,2621.0923,0.0,75.0521146,0.1393281252,0.0,4760.70262,2822.63844,1441.48931,0.0,0.0
930.5,-8.0142565,4250.16012,9.60116467,2.462418664,4.26180545,1.093178152,5.4439378,1.396438555,1444.63265,267.2236,70.3458093,40.4260069,10.64186155,45.6114396,12.00633575,0.0931308845,2621.0923,0.0,75.2157725,0.0470126154,0.0,4250.16012,2612.0334,1444.63265,0.0,0.0
931.0,-8.0142565,4256.345149999999,14.9627821,3.6971514,6.66864615,1.64777439,8.48260587,2.09601882,1445.8388,267.2236,66.0233439,40.4597607,9.9964639,45.7028734,11.291883,0.0929233984,2621.0923,0.0,75.2785721,0.030719997,0.0,4256.345149999999,2615.31136,1445.8388,0.0,0.0
931.5,-8.0142565,4270.08415,13.0315191,3.27819641,5.82724616,1.46589533,7.44805589,1.87362444,1446.98369,267.2236,67.2112484,40.4917973,10.1843754,45.7202632,11.499422,0.09271603,2621.0923,0.0,75.338179,0.0351493635,0.0,4270.08415,2621.69658,1446.98369,0.0,0.0
932.0,-8.0142565,4262.3014,13.1737432,3.30288678,5.88004636,1.47423071,7.51625654,1.8844573,1448.19388,267.2236,67.006186,40.5256636,10.1617857,45.7578421,11.47375085,0.0925087774,2621.0923,0.0,75.4011908,0.0342925055,0.0,4262.3014,2619.16481,1448.19388,0.0,0.0
932.5,-8.0142565,4261.11688,13.3610707,3.33764976,5.96201874,1.4893365,7.62114755,1.90379366,1449.35766,267.2236,66.7528845,40.5582309,10.13151075,45.7947167,11.43959325,0.0923016446,2621.0923,0.0,75.4617842,0.0332667329,0.0,4261.11688,2619.35141,1449.35766,0.0,0.0
933.0,-8.0142565,4259.98399,13.323702,3.32392671,5.94376294,1.48281867,7.59791611,1.89548807,1450.50111,267.2236,66.6653188,40.5902281,10.1262022,45.8288222,11.4330949,0.0920946281,2621.0923,0.0,75.5213173,0.0328642159,0.0,4259.98399,2619.54765,1450.50111,0.0,0.0
933.5,-8.0142565,4258.20719,13.35595205,3.32515826,5.95566449,1.48274926,7.61329422,1.8954403,1451.62749,267.2236,66.529663,40.6217479,10.113444,45.8630683,11.4183555,0.0918877311,2621.0923,0.0,75.579965,0.0322821351,0.0,4258.20719,2619.46604,1451.62749,0.0,0.0
934.0,-8.0142565,4256.67777,13.3879863,3.32638051,5.96780511,1.48276158,7.6289556,1.89549126,1452.7334,267.2236,66.394602,40.6526958,10.1006016,45.8967137,11.4035351,0.0916809555,2621.0923,0.0,75.6375404,0.0317044092,0.0,4256.67777,2619.47529,1452.7334,0.0,0.0
934.5,-8.0142565,4255.17174,13.4127807,3.32607382,5.97674197,1.48210026,7.64051988,1.8946805,1453.81989,267.2236,66.2657753,40.6831002,10.0885431,45.9297181,11.389593,0.091474293,2621.0923,0.0,75.6941139,0.0311518641,0.0,4255.17174,2619.48307,1453.81989,0.0,0.0
935.0,-8.0142565,4253.67098,13.4398282,3.32626981,5.98668228,1.48166492,7.65336674,1.89415847,1454.88731,267.2236,66.1363368,40.7129693,10.0762297,45.962178,11.375379,0.0912677485,2621.0923,0.0,75.7496871,0.0305987624,0.0,4253.67098,2619.48193,1454.88731,0.0,0.0
935.5,-8.02695485,4252.17819,13.4694829,3.32700366,5.99778565,1.4814716,7.6677004,1.8939457,1455.93564,267.2236,66.006162,40.7423057,10.06364285,45.994097,11.3608733,0.091061324,2621.0923,0.0,75.8042709,0.0300298959,0.0,4252.17819,2619.47278,1455.93564,0.0,0.0
936.0,-8.83697845,4244.53773,14.6656306,3.56995511,6.51837459,1.58673538,8.31037525,2.02300214,1456.92121,267.2236,65.1141714,40.7698857,9.9343526,46.034306,11.21711475,0.0908550156,2621.0923,0.0,75.8555854,0.0256552009,0.0,4244.53773,2616.86905,1456.92121,0.0,0.0
936.5,-10.1027042,4237.764,17.7972751,4.19604249,7.89800935,1.86210524,9.93672455,2.34285032,1457.6485,267.2236,63.0638695,40.7902383,9.6263489,46.1135978,10.8825819,0.0906488244,2621.0923,0.0,75.8934498,0.0163669101,0.0,4237.764,2614.47503,1457.6485,0.0,0.0
937.0,-11.3684297,4238.03709,20.6531734,4.73299042,9.16600915,2.10053095,11.39651835,2.61175076,1458.06843,267.2236,61.2810364,40.8019885,9.35690975,46.2185319,10.5990138,0.0904427494,2621.0923,0.0,75.9153136,0.00813672603,0.0,4238.03709,2614.83393,1458.06843,0.0,0.0
937.5,-12.63415575,4237.41243,23.5381364,5.24838844,10.4448056,2.32891956,12.84107205,2.86330007,1458.2158,267.2236,59.6240258,40.806113,9.10482715,46.3099178,10.33281355,0.090236795,2621.0923,0.0,75.9229884,0.000385699316,0.0,4237.41243,2614.66008,1458.2158,0.0,0.0
938.0,-13.8998811,4236.74503,26.6593127,5.77988214,11.8279534,2.5643642,14.3756121,3.11679281,1458.09507,267.2236,57.9720359,40.8027344,8.8518324,46.3936158,10.06468665,0.0900309571,2621.0923,0.0,75.9167035,-0.00734338155,0.0,4236.74503,2614.31183,1458.09507,0.0,0.0
938.5,-15.16560695,4236.70998,29.9254012,6.30946818,13.2769248,2.79930499,15.9551946,3.36407773,1457.71054,267.2236,56.3741483,40.791974,8.60558205,46.4671193,9.8027846,0.0898252355,2621.0923,0.0,75.8966794,-0.01486094155,0.0,4236.70998,2614.07274,1457.71054,0.0,0.0
939.0,-16.4313327,4236.985,33.3417848,6.83722075,14.79363,3.03364959,17.5807122,3.60527315,1457.06978,267.2236,54.8280474,40.7740431,8.3658924,46.5307138,9.5469892,0.089619631,2621.0923,0.0,75.8633194,-0.0221755326,0.0,4236.985,2613.81307,1457.06978,0.0,0.0
939.5,-17.6970583,4237.54221,36.9305918,7.36562011,16.3881343,3.26852946,19.2616921,3.84174272,1456.17903,267.2236,53.3239663,40.7491173,8.1314228,46.5850488,9.29593625,0.0894141459,2621.0923,0.0,75.8169425,-0.0293239138,0.0,4237.54221,2613.52478,1456.17903,0.0,0.0
940.0,-18.9627839,4238.42417,40.6959003,7.89407516,18.0627775,3.50376434,20.999225,4.07346943,1455.04399,267.2236,51.8607595,40.7173546,7.90213567,46.6303036,9.04964295,0.089208775,2621.0923,0.0,75.7578469,-0.0363095358,0.0,4238.42417,2613.22904,1455.04399,0.0,0.0
940.5,-20.2100061,4239.65132,44.6398394,8.421778,19.8190375,3.73906784,22.7935556,4.30034672,1453.67029,267.2236,50.4379031,40.6789125,7.67807895,46.6666266,8.8082159,0.0890035215,2621.0923,0.0,75.686322,-0.0431119601,0.0,4239.65132,2612.93751,1453.67029,0.0,0.0
941.0,-20.2931169,4385.6701,107.2388595,12.8165243,50.0214657,5.92605761,54.4778259,6.48419447,1451.62344,267.2236,36.6809377,40.6216358,5.57696007,48.6575022,6.6098351,0.0887983865,2823.71571,0.0,75.5797545,-0.09506788,0.0,4385.6701,2672.502,1451.62344,0.0,0.0
941.5,-19.7109674,5187.44507,284.325006,16.8952132,155.0562835,9.1677743,165.935501,9.811032,1446.76951,267.2236,16.08031815,40.4858043,2.43655188,54.3956007,3.26848124,0.0885933641,3431.69044,0.0,75.3270294,-0.167656473,0.0,5187.44507,3003.29224,1446.76951,0.0,0.0
942.0,-19.128818,6044.22371,300.0,15.122797,189.88489,9.56117155,204.201582,10.2815801,1440.85972,267.2236,13.4761876,40.3204278,2.03344858,55.1969089,2.78343399,0.0883884614,4050.93369,0.0,75.0193314,-0.17168664,0.0,6044.22371,3356.35347,1440.85972,0.0,0.0
942.5,-18.5466687,6751.81589,300.0,13.7727543,212.11455,9.73171885,229.119471,10.5116636,1434.91961,267.2236,12.27220805,40.1542013,1.8441274,55.2817864,2.53886768,0.0881836774,4500.63666,0.0,74.7100544,-0.171854618,0.0,6751.81589,3647.31938,1434.91961,0.0,0.0
943.0,-17.9645195,7362.457649999999,300.0,12.7832004,231.298429,9.85135485,250.950316,10.68792555,1428.982,267.2236,11.3898967,39.9880469,1.70445519,55.0896727,2.34813957,0.0879790077,4520.863,0.0,74.4009136,-0.17159455,0.0,7362.457649999999,3897.94503,1428.982,0.0,0.0
943.5,-17.3823702,7902.672530000001,300.0,11.9622531,248.269782,9.89623735,271.760357,10.83200975,1423.05713,267.2236,10.6580739,39.822248,1.58832382,54.8977127,2.18960633,0.0877744544,4520.863,0.0,74.0924285,-0.171137508,0.0,7902.672530000001,4119.27292,1423.05713,0.0,0.0
944.0,-16.8002209,8387.912950000002,300.0,11.26924815,263.514063,9.8961423,291.636535,10.95168715,1417.15068,267.2236,10.0403448,39.6569635,1.49005301,54.7060976,2.05549608,0.0875700195,4520.863,0.0,73.7849045,-0.170533121,0.0,8387.912950000002,4317.73639,1417.15068,0.0,0.0
944.5,-16.2180717,8829.47435,291.479293,10.62694155,269.397365,9.8231987,301.782969,11.0046756,1411.27322,267.2236,9.74536735,39.4924914,1.44023277,54.5151706,1.98809149,0.0873656976,4520.863,0.0,73.4788934,-0.16894064,0.0,8829.47435,4498.04146,1411.27322,0.0,0.0
945.0,-15.6359224,9207.68355,217.554741,9.4832895,209.455752,9.1396458,242.10149,10.57946825,1405.56902,267.2236,11.8223209,39.3328674,1.73993058,54.2441891,2.39889937,0.0871614951,4520.863,0.0,73.1818981,-0.15865708,0.0,9207.68355,4652.08648,1405.56902,0.0,0.0
945.5,-15.0596183,9423.643,83.9385598,6.71836346,82.7512938,6.62777023,102.1791344,8.27623682,1400.69261,267.2236,25.5946178,39.1964074,3.75321256,49.9272652,4.68774831,0.0869574072,4520.863,0.0,72.9280024,-0.1080488196,0.0,9423.643,4739.1016,1400.69261,0.0,0.0
946.0,-14.85002,9117.4584,5.066054573,0.995352828,4.81398795,0.944385733,6.701341144,1.411091166,1399.98842,267.2236,69.4929365,39.1767017,10.18801305,44.4101096,11.5406567,0.0867534355,4520.863,0.0,72.891341,0.04430898332,0.0,9117.4584,4611.28464,1399.98842,0.0,0.0
946.5,-14.85002,8769.150899999999,37.1355618,5.21533434,34.0675574,4.78633766,43.3041995,6.10661027,1399.86672,267.2236,39.6615957,39.1732962,5.81452658,46.1375404,6.82865871,0.0865495811,4520.863,0.0,72.885005,-0.0595031972,0.0,8769.150899999999,4466.28027,1399.86672,0.0,0.0
947.0,-14.85002,8787.1133,68.2106646,7.00981521,62.7809253,6.45085849,76.6670526,7.87944527,1396.91655,267.2236,27.5980763,39.0907404,4.0373273,48.8377827,5.04149064,0.0863458404,4520.863,0.0,72.7314028,-0.1013175314,0.0,8787.1133,4472.03216,1396.91655,0.0,0.0
947.5,-14.85002,8892.967,72.6341218,7.10747797,67.6347132,6.61863442,82.6886109,8.09236685,1393.27199,267.2236,26.1587362,38.9887512,3.81659177,49.1832165,4.81425286,0.0861422175,4520.863,0.0,72.5416434,-0.1057154706,0.0,8892.967,4513.95037,1393.27199,0.0,0.0
948.0,-14.85002,8963.1915,58.1147454,6.45140636,54.5430642,6.05521725,68.0161154,7.55360203,1389.80957,267.2236,29.7743527,38.8918614,4.33322933,47.9399032,5.33871724,0.0859387085,4520.863,0.0,72.3613734,-0.0924663304,0.0,8963.1915,4541.14968,1389.80957,0.0,0.0
948.5,-14.85002,8953.924799999999,44.8489269,5.78069484,42.0552081,5.42042007,53.4359535,6.88776693,1386.9249,267.2236,34.4704525,38.811138,5.00636547,46.4455286,5.99026868,0.0857353158,4520.863,0.0,72.2111786,-0.0757571745,0.0,8953.924799999999,4535.60946,1386.9249,0.0,0.0
949.0,-14.85002,8907.197900000001,44.8040404,5.80178742,41.7894918,5.41155517,52.9730146,6.86020003,1384.37317,267.2236,34.6382429,38.739731,5.02159898,46.3189175,6.00356855,0.0855320405,4520.863,0.0,72.0783225,-0.0749374864,0.0,8907.197900000001,4514.67609,1384.37317,0.0,0.0
949.5,-14.85002,8889.08995,51.8084334,6.1921131,48.2267554,5.76401997,60.4356094,7.22364859,1381.62944,267.2236,31.9772318,38.6629518,4.62665249,47.0177868,5.62586935,0.085328879,4520.863,0.0,71.9354686,-0.0838978702,0.0,8889.08995,4505.5392,1381.62944,0.0,0.0
950.0,-14.85002,8905.66135,56.1689928,6.39579281,52.3834569,5.96471931,65.3243424,7.4382634,1378.62335,267.2236,30.4323138,38.57883,4.39350119,47.3909579,5.39702021,0.0851258345,4520.863,0.0,71.7789528,-0.0888954395,0.0,8905.66135,4510.67944,1378.62335,0.0,0.0
950.5,-14.8438395,8929.1986,55.3039278,6.33738932,51.7122435,5.92583812,64.6446118,7.40786794,1375.55472,267.2236,30.6215721,38.4929597,4.41094735,47.2398116,5.41319769,0.0849229051,4520.863,0.0,71.6191846,-0.0878118139,0.0,8929.1986,4518.681790000001,1375.55472,0.0,0.0
951.0,-14.4492918,8944.8939,51.4060205,6.13294386,48.1517249,5.74473721,60.566884,7.22620119,1372.59825,267.2236,31.8876876,38.4102266,4.58343316,46.7696775,5.58066311,0.0847200924,4520.863,0.0,71.4652551,-0.0825511693,0.0,8944.8939,4523.48641,1372.59825,0.0,0.0
951.5,-13.8327854,8956.177650000001,45.4477152,5.80338364,42.6245431,5.4429075,54.130489,6.91260766,1369.89032,267.243428,34.142955,38.3372905,4.89790561,46.0296844,5.88007147,0.084517393,4520.863,0.0,71.3242609,-0.073643789,0.0,8956.177650000001,4526.60055,1369.89032,0.0,0.0
952.0,-13.216279,8956.937300000001,39.8169432,5.45075651,37.3471994,5.11264813,47.9057304,6.55833973,1367.52121,268.530574,36.7708788,38.4552816,5.26578206,45.4283601,6.22017058,0.0843148078,4520.863,0.0,71.2009119,-0.0635296602,0.0,8956.937300000001,4525.5333,1367.52121,0.0,0.0
952.5,-12.5997728,8951.7673,36.2702805,5.19074036,34.0008415,4.86594852,43.9298648,6.28700888,1365.46825,270.546407,38.7173129,38.6858029,5.53622262,45.2624672,6.47734898,0.0841123404,4520.863,0.0,71.0940234,-0.0558170106,0.0,8951.7673,4522.18341,1365.46825,0.0,0.0
953.0,-11.9832664,8950.101200000001,34.0192834,4.99190344,31.8846243,4.67867059,41.4280727,6.07912194,1363.63383,272.562244,39.9924212,38.9216954,5.71087495,45.4661004,6.67109974,0.0839099885,4520.863,0.0,70.9985143,-0.0504107829,0.0,8950.101200000001,4520.41888,1363.63383,0.0,0.0
953.5,-11.3667602,8953.5812,31.539126,4.76180995,29.5715099,4.46474308,38.6829072,5.84051878,1361.99129,274.57808,41.4555537,39.1623283,5.9126752,45.6728132,6.895583,0.0837077505,4520.863,0.0,70.912993,-0.044365567,0.0,8953.5812,4520.90791,1361.99129,0.0,0.0
954.0,-10.75025375,8956.7545,28.6461094,4.48236347,26.8685522,4.20422485,35.4379342,5.54524912,1360.58133,276.593915,43.2800894,39.4090069,6.16651509,45.865516,7.17674904,0.083505627,4520.863,0.0,70.839583,-0.037092579,0.0,8956.7545,4521.40496,1360.58133,0.0,0.0
954.5,-10.13374745,8957.2248,25.9959519,4.20976484,24.3841668,3.94875321,32.419878,5.25015495,1359.42592,278.548828,45.1067769,39.6538489,6.42132886,46.0543735,7.45775602,0.0833036205,4520.863,0.0,70.7794268,-0.029854223,0.0,8957.2248,4520.92609,1359.42592,0.0,0.0
955.0,-9.5172411,8958.091199999999,23.5649149,3.9766775,22.1059374,3.73047307,29.5945817,4.99436218,1358.50447,276.610347,46.6843694,39.3512409,6.64141221,45.6207679,7.69947756,0.0831017263,4520.863,0.0,70.7314506,-0.0235181271,0.0,8958.091199999999,4520.748610000001,1358.50447,0.0,0.0
955.5,-8.94014095,8960.0013,20.8406789,3.71082054,19.5545696,3.48182127,26.3883731,4.69880496,1357.8126,272.433222,48.5185333,38.7372472,6.89883131,44.8140231,7.98097975,0.0828999477,4520.863,0.0,70.695428,-0.0163680169,0.0,8960.0013,4521.139450000001,1357.8126,0.0,0.0
956.0,-10.8396514,8933.055900000001,23.1070559,3.98805982,21.6107465,3.73012962,28.8556098,4.98300762,1357.20403,268.256097,46.6252128,38.1262166,6.62671585,44.2070237,7.68273832,0.0826982826,4520.863,0.0,70.6637435,-0.0251086045,0.0,8933.055900000001,4509.57194,1357.20403,0.0,0.0
956.5,-14.1545653,8879.321899999999,40.1395659,5.47043793,37.3148813,5.08605064,47.6015515,6.49502139,1355.69801,264.078974,36.5532188,37.4909392,5.18961178,44.5345506,6.15670209,0.0824967327,4520.863,0.0,70.585332,-0.0639513475,0.0,8879.321899999999,4486.33341,1355.69801,0.0,0.0
957.0,-17.4694792,8841.3306,67.8744573,6.91557064,62.8322768,6.40244948,76.9865531,7.85163672,1352.8111,259.90185,26.8357277,36.8193938,3.80196032,46.4108154,4.78608009,0.0822952985,4520.863,0.0,70.4350217,-0.1014334126,0.0,8841.3306,4468.83923,1352.8111,0.0,0.0
957.5,-20.7843924,8800.3714,106.7208349,8.17132444,98.3318045,7.52997649,116.4753584,8.92596495,1348.79273,255.765808,19.8135749,36.1258575,2.79880405,47.7764813,3.69776173,0.0820939776,4520.863,0.0,70.225803,-0.129735563,0.0,8800.3714,4449.4496,1348.79273,0.0,0.0
958.0,-24.0993064,8738.1253,161.913892,9.2744014,148.115519,8.4858773,170.387768,9.76848095,1343.91662,254.25586,14.7258617,35.7826014,2.07263499,49.0909415,2.84127165,0.0818927722,4520.863,0.0,69.9719245,-0.151452168,0.0,8738.1253,4420.70149,1343.91662,0.0,0.0
958.5,-27.4142199,8642.1538,241.999612,10.304243,218.915956,9.3244212,245.432344,10.4591428,1338.36409,254.25586,10.9461686,35.6347613,1.53430635,49.6254997,2.13665164,0.0816916811,4520.863,0.0,69.6828278,-0.169240417,0.0,8642.1538,4377.52488,1338.36409,0.0,0.0
959.0,-30.7291335,8492.2347,299.861203,10.915403,266.666804,9.706667,296.208823,10.78189745,1332.30053,254.25586,9.2556976,35.4733162,1.29132778,49.4454328,1.79995468,0.0814907039,4520.863,0.0,69.3671265,-0.179367325,0.0,8492.2347,4311.60197,1332.30053,0.0,0.0
959.5,-34.0440477,8237.86887,300.0,11.2581658,258.800284,9.71092,285.689347,10.7196296,1326.04738,254.25586,9.5402273,35.3068217,1.32476843,49.2593944,1.84829665,0.0812898384,4520.863,0.0,69.0415509,-0.182334474,0.0,8237.86887,4202.10739,1326.04738,0.0,0.0
960.0,-37.358961,7881.059020000001,300.0,11.7629066,247.59077,9.70592255,271.181878,10.6303743,1319.69532,254.25586,9.967484,35.1376946,1.37746072,49.0700558,1.92364185,0.0810890911,4520.863,0.0,68.7108279,-0.185106084,0.0,7881.059020000001,4049.92721,1319.69532,0.0,0.0
960.5,-40.64059,7438.95577,300.0,12.4224405,233.701689,9.6741126,254.063891,10.5166758,1313.25051,254.25586,10.525951,34.9660973,1.44752837,48.8775834,2.02344639,0.0808884551,4520.863,0.0,68.3752719,-0.187668709,0.0,7438.95577,3862.20173,1313.25051,0.0,0.0
961.0,-41.834095,6962.932309999999,300.0,13.16795465,218.746968,9.5986872,236.779354,10.38986705,1306.75279,254.25586,11.1577843,34.7930911,1.5268285,48.6831558,2.13637692,0.080687934,4520.863,0.0,68.036964,-0.18760459,0.0,6962.932309999999,3660.33082,1306.75279,0.0,0.0
961.5,-41.834095,6549.62038,300.0,13.8678747,205.762393,9.50942735,222.250718,10.2713437,1300.29235,254.25586,11.7511348,34.6210779,1.60007663,48.4894681,2.24103842,0.080487528,4241.52602,0.0,67.700597,-0.186146649,0.0,6549.62038,3484.5765,1300.29235,0.0,0.0
962.0,-41.834095,6198.42051,257.478044,14.02319485,167.5797786,9.10610415,180.911361,9.8330771,1293.92912,254.25586,14.2490048,34.4516528,1.9303218,47.7075418,2.66545879,0.080287233,3383.00142,0.0,67.3692913,-0.177313206,0.0,6198.42051,3334.72417,1293.92912,0.0,0.0
962.5,-41.834095,5046.50749,19.1014076,-7.03630762,13.37269492,-2.84618123,15.6766697,-2.23916823,1291.6101,254.25586,94.6495811,34.389909,12.80662783,40.2501059,14.71559783,0.080087053,2506.67876,0.0,67.2485527,0.1207386826,0.0,5046.50749,2854.05068,1291.6101,0.0,0.0
963.0,-41.834095,2964.22264,66.34025057,12.22341795,20.03314925,3.705447993,22.2247287,4.129345895,1294.68003,254.25586,53.2299121,34.4716463,7.21736662,39.9305157,8.34154558,0.0798869888,2106.959,0.0,67.4083871,-0.0469893883,0.0,2964.22264,1989.38897,1294.68003,0.0,0.0
963.5,-41.834095,2989.86951,148.113752,20.0734668,46.4661975,6.28711278,50.3277117,6.81028833,1291.41191,254.25586,34.6494867,34.3846316,4.68613124,41.4676739,5.64680502,0.0796870367,2106.959,0.0,67.2382324,-0.120428683,0.0,2989.86951,1998.15266,1291.41191,0.0,0.0
964.0,-41.834095,3259.72108,151.739796,19.2869366,51.7595809,6.58057124,55.9126905,7.10859491,1287.05418,254.25586,32.3318851,34.2686054,4.35762935,41.9546595,5.33471587,0.0794871946,2106.959,0.0,67.0113454,-0.1260881272,0.0,3259.72108,2107.89549,1287.05418,0.0,0.0
964.5,-41.834095,3364.61536,124.1626952,17.4774138,43.7455249,6.15789177,47.3419353,6.66442859,1282.92864,254.25586,35.8503722,34.1587596,4.81627477,40.9004597,5.76511556,0.0792874722,2106.959,0.0,66.7965459,-0.1111040526,0.0,3364.61536,2149.13385,1282.92864,0.0,0.0
965.0,-41.834095,3314.62712,108.5616234,16.6270067,37.6849441,5.77137483,40.9339774,6.26898269,1279.33247,254.25586,38.9386101,34.0630087,5.216626,40.1370239,6.14681065,0.0790878594,2106.959,0.0,66.6093061,-0.0992292635,0.0,3314.62712,2126.23364,1279.33247,0.0,0.0
965.5,-41.814738,3251.61313,112.6663581,17.1030411,38.3616045,5.8235357,41.615874,6.31760228,1275.90245,254.25586,38.6123789,33.9716827,5.15912379,40.065151,6.08445595,0.078888361,2106.959,0.0,66.4307213,-0.1007089958,0.0,3251.61313,2098.01024,1275.90245,0.0,0.0
966.0,-40.5778777,3266.07249,117.0437126,17.3667522,40.0302213,5.9396479,43.3717657,6.43546737,1272.37068,254.25586,37.7266881,33.8776472,5.02679,40.1189796,5.9528716,0.078688975,2106.959,0.0,66.2468365,-0.1022059347,0.0,3266.07249,2101.96474,1272.37068,0.0,0.0
966.5,-38.645235,3324.63919,107.1265597,16.4921919,37.2904624,5.74131877,40.5220052,6.2390249,1268.96107,254.25586,39.158617,33.7868631,5.2035327,39.8396356,6.13561062,0.078489703,2106.959,0.0,66.0693135,-0.0934285925,0.0,3324.63919,2124.34395,1268.96107,0.0,0.0
967.0,-36.7125946,3342.24587,91.8429194,15.18822855,32.1459441,5.31595452,35.1205432,5.80803269,1265.97511,254.25586,42.0628288,33.70736,5.57630991,39.6114343,6.55291533,0.078290545,2106.959,0.0,65.9138445,-0.079185435,0.0,3342.24587,2129.92674,1265.97511,0.0,0.0
967.5,-34.779951,3324.94812,81.8540993,14.2960883,28.501712,4.97782713,31.2679115,5.46100079,1263.45224,254.25586,44.4068548,33.6401876,5.87536419,39.4285553,6.88627532,0.0780914984,2106.959,0.0,65.7824906,-0.0675212049,0.0,3324.94812,2121.2559,1263.45224,0.0,0.0
968.0,-32.8473108,3316.73863,75.531219,13.66894715,26.2340241,4.74759951,28.8620076,5.22323112,1261.27159,254.25586,46.0121424,33.5821266,6.07725832,39.2912653,7.11038884,0.077892566,2106.959,0.0,65.668955,-0.0587467514,0.0,3316.73863,2116.56658,1261.27159,0.0,0.0
968.5,-30.9146688,3321.80348,68.6260516,12.9072088,23.8717825,4.48983945,26.348463,4.95572017,1259.40238,254.25586,47.8230985,33.532357,6.30708636,39.1532576,7.36425939,0.0776937465,2106.959,0.0,65.5716325,-0.0491076684,0.0,3321.80348,2117.58266,1259.40238,0.0,0.0
969.0,-28.9820269,3324.27024,61.3554896,12.0469892,21.3589201,4.19376453,23.6629873,4.64622223,1257.88922,254.25586,49.9247565,33.492068,6.57635672,39.0118533,7.66013237,0.077495038,2106.959,0.0,65.4928496,-0.0383953409,0.0,3324.27024,2117.72562,1257.88922,0.0,0.0
969.5,-27.0493852,3322.44537,54.9555242,11.2323452,19.1205401,3.90803479,21.2597195,4.34530817,1256.74326,254.25586,51.9674766,33.4615577,6.83920732,38.8839749,7.94743707,0.0772964445,2106.959,0.0,65.4331869,-0.0279927868,0.0,3322.44537,2116.29719,1256.74326,0.0,0.0
970.0,-25.1167432,3324.12596,52.758485,10.8739093,18.3710469,3.78589828,20.4599925,4.21742723,1255.94059,254.25586,52.8033111,33.4401866,6.94481077,38.8228098,8.06172454,0.077097962,2121.10751,0.0,65.3913944,-0.0223140347,0.0,3324.12596,2116.52782,1255.94059,0.0,0.0
970.5,-23.2034878,3779.94886,194.3435114,18.27935,78.9008127,7.27392629,84.7616075,7.82608611,1253.77744,254.25586,26.8150065,33.3825898,3.52165799,42.749286,4.43948776,0.0768995931,2593.22372,0.0,65.2787642,-0.116821324,0.0,3779.94886,2304.93599,1253.77744,0.0,0.0
971.0,-22.507677,4773.37946,300.0,17.8312874,149.960141,8.8917134,160.391931,9.51008445,1248.84483,254.25586,15.121393,33.2512558,1.97766274,46.1118034,2.74192719,0.0767013369,3285.76041,0.0,65.0219475,-0.152862528,0.0,4773.37946,2715.42976,1248.84483,0.0,0.0
971.5,-22.507677,5559.626060000001,300.0,15.6906282,174.660805,9.1254806,187.60477,9.8013616,1243.52776,254.25586,13.30345265,33.1096865,1.73246541,46.5807237,2.43710333,0.0765031921,3786.14686,0.0,64.7451094,-0.15453858,0.0,5559.626060000001,3039.48814,1243.52776,0.0,0.0
972.0,-22.507677,6164.58467,300.0,14.3610761,193.666138,9.2658482,208.870432,9.9930699,1238.16922,254.25586,12.1750941,32.9670116,1.57867447,46.6076163,2.23186385,0.0763051619,3807.6772,0.0,64.4661145,-0.155358477,0.0,6164.58467,3288.08704,1238.16922,0.0,0.0
972.5,-22.507677,6651.52772,300.0,13.4456084,208.963909,9.36253825,226.081875,10.1293701,1232.79063,254.25586,11.3981392,32.8238041,1.47150226,46.4430181,2.08204813,0.0761072436,3807.6772,0.0,64.1860744,-0.155744264,0.0,6651.52772,3487.56718,1232.79063,0.0,0.0
973.0,-22.507677,7054.332240000001,300.0,12.7735961,221.618384,9.4343404,240.241826,10.2270643,1227.40346,254.25586,10.8279433,32.6803669,1.39177549,46.2778862,1.97085383,0.0759094345,3807.6772,0.0,63.9055882,-0.155876066,0.0,7054.332240000001,3652.03152,1227.40346,0.0,0.0
973.5,-22.507677,7392.281599999999,293.928859,12.199437,227.478605,9.44215345,247.428908,10.2703489,1222.01907,254.25586,10.5539668,32.5370047,1.35057516,46.1125717,1.91408487,0.0757117399,3807.6772,0.0,63.6252468,-0.155190552,0.0,7392.281599999999,3789.51088,1222.01907,0.0,0.0
974.0,-22.507677,7659.490820000001,242.630168,11.39969545,194.465127,9.1418023,212.741443,10.00229305,1216.74609,254.25586,12.0115248,32.3966093,1.53035008,45.913101,2.16867154,0.075514156,3807.6772,0.0,63.3507069,-0.148279781,0.0,7659.490820000001,3897.61977,1216.74609,0.0,0.0
974.5,-22.507677,7815.45635,150.039314,10.03735225,122.7293864,8.21366432,136.2040174,9.12867635,1211.92153,254.25586,17.4637887,32.268151,2.21603392,44.2220236,3.02883452,0.0753166878,3807.6772,0.0,63.0995117,-0.1274882415,0.0,7815.45635,3959.70112,1211.92153,0.0,0.0
975.0,-22.507677,7764.36598,63.5760311,7.56760669,51.7913881,6.15760186,60.3390353,7.1940478,1208.29217,254.25586,31.6857072,32.1715179,4.00882492,39.9661689,4.95002499,0.0751193274,3807.6772,0.0,62.9105467,-0.0768144061,0.0,7764.36598,3936.32292,1208.29217,0.0,0.0
975.5,-22.507677,7490.240640000001,44.3229876,6.74410337,34.719597,5.28617044,41.1111373,6.26376673,1206.34224,254.300419,39.0326553,32.1252242,4.93102448,38.2422782,5.86688324,0.0749220814,3807.6772,0.0,62.8090214,-0.0513731038,0.0,7490.240640000001,3821.11874,1206.34224,0.0,0.0
976.0,-22.507677,7312.43116,79.2878819,8.6895999,60.6894656,6.65301918,68.7939982,7.54933795,1203.95256,257.193152,28.6598585,32.4261799,3.61361545,41.0665785,4.56790469,0.0747249451,3807.6772,0.0,62.6846028,-0.088062221,0.0,7312.43116,3745.73559,1203.95256,0.0,0.0
976.5,-22.507677,7316.78577,117.2345344,9.90357115,89.8422133,7.58858599,99.4863215,8.40492675,1200.45886,261.723538,22.20946,32.9015764,2.79211785,43.6068157,3.69892402,0.0745279255,3807.6772,0.0,62.5026998,-0.110690247,0.0,7316.78577,3745.50759,1200.45886,0.0,0.0
977.0,-22.507677,7399.2115,135.92732,10.20988705,105.328331,7.91105697,116.0087026,8.7132253,1196.47441,266.253933,20.0061985,33.3599951,2.50669409,44.947063,3.37724911,0.0743310116,3807.6772,0.0,62.2952472,-0.1179440024,0.0,7399.2115,3777.47906,1196.47441,0.0,0.0
977.5,-22.507677,7483.94569,133.76623,10.00023875,104.8286146,7.83713078,116.0366012,8.6752991,1192.40406,270.784323,20.2458246,33.8122102,2.52802083,45.500412,3.40181393,0.0741342124,3807.6772,0.0,62.0833208,-0.1163872131,0.0,7483.94569,3810.36092,1192.40406,0.0,0.0
978.0,-22.507677,7531.32803,119.6482094,9.5569154,94.3608651,7.53724337,105.4525906,8.4238115,1188.48861,275.31471,22.0054929,34.2650354,2.73869209,45.5461254,3.63995572,0.0739375241,3807.6772,0.0,61.879461,-0.1095221658,0.0,7531.32803,3827.79093,1188.48861,0.0,0.0
978.5,-22.507677,7530.067939999999,105.9385962,9.1424437,83.539457,7.20930419,94.1654685,8.1265637,1184.84271,279.800543,24.1529654,34.7165234,2.99675821,45.4597724,3.92387308,0.073740947,3807.6772,0.01443913987,61.6896333,-0.103343761,0.0,7530.067939999999,3825.13773,1184.84271,-0.35361147,0.017526352
979.0,-22.507677,7499.352929999999,101.4821269,9.02951775,79.6966934,7.0911337,90.0119379,8.0089565,1179.76736,281.4382,25.0424386,34.7702674,3.09387245,45.2703169,4.02816532,0.073544483,3807.6772,0.934773609,61.4253831,-0.22097934,0.0,7499.352929999999,3809.39353,1179.76736,-23.31017137,1.150992711
979.5,-22.507677,7477.903510000001,106.90709,9.2267883,83.7167099,7.22533452,94.1375789,8.1249363,1168.8262,281.4382,24.3047203,34.4478075,2.97503383,45.1471368,3.89888546,0.073348129,3807.6772,2.37288686,60.8557239,-0.412509789,0.0,7477.903510000001,3794.07984,1168.8262,-59.2630047,2.89972555
980.0,-22.507677,7487.959540000001,116.745715,9.5119556,91.547006,7.4587401,102.3543752,8.3394663,1151.22586,281.4382,22.9465572,33.9290875,2.76658852,45.0244242,3.67107085,0.0731518855,3807.6772,3.81100006,59.9393496,-0.605549285,0.0,7487.959540000001,3787.9875,1151.22586,-95.2158334,4.58893804
980.5,-22.507677,7528.738770000001,125.2456493,9.7167847,98.7476359,7.6608526,109.9999086,8.5338676,1126.97347,281.4382,21.8432661,33.2143182,2.57806202,44.6220859,3.4634001,0.072955755,3807.6772,5.24911339,58.6766337,-0.797003402,0.0,7528.738770000001,3790.79531,1126.97347,-131.1686645,6.18859689
981.0,-22.507677,7588.546120000001,129.567355,9.8023476,102.96454,7.78965694,114.5789072,8.66832745,1096.14635,281.4382,21.2957799,32.3057764,2.44458242,43.8180067,3.31568601,0.0727597345,3807.6772,6.68722665,57.0715979,-0.985879073,0.0,7588.546120000001,3797.68178,1096.14635,-167.121499,7.66919379
981.5,-22.507677,7655.99623,129.858342,9.80288575,104.1111328,7.85929278,115.9461951,8.75272155,1058.83391,281.4382,21.2479542,31.2061002,2.35593988,42.6252547,3.21805294,0.0725638239,3807.6772,8.11091481,55.128902,-1.17061344,0.0,7655.99623,3803.9618,1058.83391,-202.720713,8.9863776
982.0,-22.507677,7723.781849999999,127.7670245,9.7666409,103.3405105,7.89955031,115.2684068,8.811365,1016.741944,281.4382,21.5159187,29.9655588,2.29072532,41.1557741,3.14618582,0.0723680276,3807.6772,8.628679,52.9373535,-1.23459463,0.0,7723.781849999999,3807.59072,1016.741944,-215.71698,9.18721085
982.5,-22.507677,7786.317569999999,122.0381829,9.6625606,99.5006392,7.87853268,111.3265046,8.8155016,974.153808,281.4382,22.3045092,28.7103959,2.27459481,39.4965579,3.12884077,0.0721723404,3799.23797,8.628679,50.7199746,-1.22820632,0.0,7786.317569999999,3808.74546,974.153808,-215.71698,8.8023876
983.0,-22.507677,7799.31215,82.01648,8.64250898,67.0124688,7.05954236,76.4934917,8.07057017,932.107817,281.4382,30.5176984,27.4712113,2.97320151,35.8391802,3.86057854,0.071976763,3719.18123,8.628679,48.530822,-1.19642163,0.0,7799.31215,3789.60218,932.107817,-215.71698,8.422463
983.5,-22.507677,7615.603870000001,33.6542354,6.16414225,26.9178685,4.9224848,32.2831379,5.91483444,892.067778,281.4382,53.106851,26.2911449,4.95337404,31.8935818,6.00313618,0.0717812981,3622.8986,8.628679,46.4461102,-1.11587037,0.0,7615.603870000001,3689.78077,892.067778,-215.71698,8.06066374
984.0,-22.507677,7265.409239999999,34.3873145,6.55438083,26.094403,4.97938998,30.8391944,5.89780491,854.060267,281.4382,55.1498039,25.1709826,4.93861187,30.6463196,6.00700235,0.0715859425,3537.57113,8.628679,44.4672244,-1.10703447,0.0,7265.409239999999,3521.86993,854.060267,-215.71698,7.71723059
984.5,-22.507677,7154.59903,76.1502389,9.5246799,57.0696265,7.13679195,63.5272275,7.9533862,814.619599,281.4382,35.906065,24.0085822,3.0678362,30.9085187,3.93827312,0.0713907007,3524.4556,8.628679,42.4137187,-1.17162049,0.0,7154.59903,3452.73185,814.619599,-215.71698,7.3608474
985.0,-22.507677,7262.414350000001,108.0021982,10.5507747,82.1626234,8.02451837,89.9771309,8.787971,773.568714,281.4382,27.5743695,22.7987241,2.23519917,31.5417403,3.09055529,0.071195565,3524.4556,8.628679,40.2763761,-1.19756192,0.0,7262.414350000001,3473.62528,773.568714,-215.71698,6.98991412
985.5,-22.4901651,7419.37653,114.2448822,10.5963181,88.7550175,8.2325882,97.242893,9.0199522,732.081521,281.4382,26.1103096,21.5760078,2.00138734,30.6751181,2.84545622,0.0710005425,3524.4556,8.628679,38.116319,-1.19967034,0.0,7419.37653,3514.71435,732.081521,-215.71698,6.61503889
986.0,-21.3735499,7572.42004,96.4606915,10.10483945,76.4521936,8.01185527,84.4996505,8.8583297,690.821803,281.4382,29.6434186,20.359996,2.14206413,28.483228,2.9939755,0.07080563,3524.4556,8.628679,35.9681026,-1.18356122,0.0,7572.42004,3554.30565,690.821803,-215.71698,6.24221888
986.5,-19.6287393,7700.53858,58.7427741,8.73239587,47.3393952,7.04029741,53.8194247,8.01819481,650.630931,281.4382,42.9814358,19.1754853,2.92144618,25.1242041,3.82102278,0.0706108274,3524.4556,8.628679,33.8755385,-1.1336735,0.0,7700.53858,3584.14953,650.630931,-215.71698,5.87905704
987.0,-17.8839286,7703.28633,28.6478844,6.67198482,23.1178833,5.38297181,27.5232706,6.41364965,612.901841,281.4382,66.2585737,18.0635281,4.24695613,23.0244193,5.41249511,0.0704161392,3524.4556,8.628679,31.9111471,-1.05067874,0.0,7703.28633,3563.26319,612.901841,-215.71698,5.53813939
987.5,-16.139118,7657.212829999999,26.1405555,6.58653469,20.9612232,5.28150856,25.0095796,6.30182832,577.12229,281.450386,70.9813585,17.0097443,4.29073858,21.8493899,5.51125854,0.0702215574,3524.4556,8.61427275,30.0482617,-1.02949677,0.0,7657.212829999999,3523.20032,577.12229,-215.36337,5.20652698
988.0,-14.39430765,7709.90524,24.9924173,6.5392976,20.1740694,5.27917875,24.1145413,6.31171214,543.216683,282.241561,74.035478,16.0551262,4.20869656,20.933795,5.48833197,0.0700270846,3524.4556,7.69390591,28.2829429,-0.894639478,0.0,7709.90524,3525.32877,543.216683,-192.406815,4.38191123
988.5,-12.649497,7765.4619,17.161787,5.40535423,13.9542526,4.39533825,17.1291061,5.39784989,516.479311,283.480646,89.7781138,15.33197725,4.85232798,20.184596,6.38916626,0.069832724,3524.4556,6.25579267,26.8908435,-0.648568858,0.0,7765.4619,3532.83445,516.479311,-156.453983,3.38754604
989.0,-10.9046865,7777.47987,12.59221135,4.54009103,10.25561375,3.69766314,12.8600693,4.63718928,498.219613,284.719728,102.7569326,14.85465415,5.36000658,19.7774837,7.13681373,0.0696384718,3524.4556,4.81767937,25.9401397,-0.412321777,0.0,7777.47987,3527.17355,498.219613,-120.5011544,2.51655416
989.5,-9.15987585,7787.471460000001,9.78003795,3.85915716,7.97541573,3.14709026,10.1661789,4.01217522,487.869073,285.958818,113.0079434,14.6094328,5.77289704,19.6088275,7.7488299,0.0694443304,3524.4556,3.37956612,25.4012321,-0.185586566,0.0,7787.471460000001,3525.28753,487.869073,-84.5483207,1.72861082
990.0,-7.41506532,7789.66332,7.0598779,3.0534468,5.75905575,2.49082293,7.41213417,3.20578464,485.437601,287.197909,124.3700905,14.5996953,6.32248684,19.7247914,8.5422373,0.0692503014,3524.4556,1.94145287,25.274636,0.0446236671,0.0,7789.66332,3524.77981,485.437601,-48.59549,0.987946544
990.5,-5.68776358,7779.987029999999,4.87803645,2.27072438,3.97447673,1.85009962,5.11345231,2.38028023,490.894478,288.424802,134.360722,14.82696005,6.90771501,20.0794339,9.35477355,0.0690563789,3524.4556,0.51777091957,25.5587519,0.268138147,0.0,7779.987029999999,3523.93975,490.894478,-12.996270639,0.26614649956
991.0,-5.059571,7757.61851,4.0851731,1.93482135,3.31860751,1.57177321,4.26578989,2.02038687,502.153255,288.8727,136.876477,15.1904773,7.19726977,20.4758906,9.7017133,0.0688625696,3524.4556,0.0,26.1449478,0.345794429,0.0,7757.61851,3521.2059,502.153255,0.0,0.0
991.5,-5.059571,7738.62219,4.36566362,2.01772598,3.53786393,1.63513728,4.54449888,2.10038721,513.890131,288.8727,133.51747,15.54552565,7.18494528,20.7895754,9.6087746,0.0686688653,3524.4556,0.0,26.7560364,0.33426783,0.0,7738.62219,3520.15448,513.890131,0.0,0.0
992.0,-5.059571,7722.97651,4.42670955,2.01457409,3.58008432,1.62928338,4.59672816,2.09195543,525.320688,288.8727,131.465993,15.891308,7.23193807,21.1040632,9.60428255,0.0684752731,3524.4556,0.0,27.3511757,0.327123423,0.0,7722.97651,3520.3184,525.320688,0.0,0.0
992.5,-5.059571,7707.29022,4.49889329,2.01629587,3.63107187,1.62736321,4.66019151,2.08859218,536.50861,288.8727,129.468356,16.2297499,7.27374061,21.4083654,9.5947366,0.0682817911,3524.4556,0.0,27.9336824,0.320144739,0.0,7707.29022,3520.32374,536.50861,0.0,0.0
993.0,-5.059571,7691.96526,4.57010341,2.01827263,3.68121239,1.62571985,4.72256086,2.08560766,547.460694,288.8727,127.5755595,16.5610575,7.31372816,21.7035233,9.5848272,0.0680884179,3524.4556,0.0,28.5039098,0.313505129,0.0,7691.96526,3520.34176,547.460694,0.0,0.0
993.5,-5.059571,7676.954760000001,4.63894118,2.02031968,3.72936985,1.62419279,4.78237577,2.08279252,558.189097,288.80441,125.780647,16.8815736,7.35214776,21.98487,9.5747629,0.0678951548,3524.4556,0.0,29.0624916,0.307182529,0.0,7676.954760000001,3520.35995,558.189097,0.0,0.0
994.0,-5.059571,7662.562459999999,4.64498342,2.02597108,3.72724309,1.62568366,4.77777107,2.08388382,568.700137,284.370817,124.0297572,16.9348356,7.3863436,21.9204019,9.5608072,0.0677020004,3524.4556,0.0,29.6097567,0.300996784,0.0,7662.562459999999,3520.50859,568.700137,0.0,0.0
994.5,-5.059571,7648.30123,4.58288798,2.02294291,3.67057088,1.620232,4.7032905,2.0760855,579.009904,277.427241,122.4577016,16.8208489,7.42492903,21.6482517,9.5557556,0.0675089554,3524.4556,0.0,30.1465409,0.295405298,0.0,7648.30123,3520.59423,579.009904,0.0,0.0
995.0,-5.059571,7634.11239,4.53637104,2.02481625,3.62657258,1.61872357,4.6451106,2.07334808,589.118106,270.483667,120.7291196,16.6861606,7.44790644,21.3859985,9.5456578,0.0673160197,3524.4556,0.0,30.6728309,0.289299972,0.0,7634.11239,3520.59217,589.118106,0.0,0.0
995.5,-5.059571,7620.27277,4.48733464,2.02680444,3.58086831,1.61737576,4.58483573,2.07083836,599.014988,263.5401,119.0318117,16.530941,7.46657139,21.1112734,9.535347,0.0671231918,3524.4556,0.0,31.1881194,0.28329767,0.0,7620.27277,3520.61224,599.014988,0.0,0.0
996.0,-5.059571,7606.72133,4.43244745,2.02834308,3.53077902,1.61572519,4.51902966,2.06795927,608.709364,256.596527,117.4197633,16.355887,7.48466282,20.8155396,9.5254205,0.0669304755,3524.4556,0.0,31.6928641,0.277574198,0.0,7606.72133,3520.63384,608.709364,0.0,0.0
996.5,-5.059571,7593.43661,4.37323447,2.02949102,3.47752778,1.61381648,4.44925928,2.0647671,618.210143,249.721247,115.8859007,16.1661237,7.50219546,20.5052659,9.5158215,0.0667378687,3524.4556,0.0,32.1875279,0.272106559,0.0,7593.43661,3520.65337,618.210143,0.0,0.0
997.0,-5.059571,7580.05723,4.37750531,2.02666123,3.47477478,1.60872568,4.44410924,2.0575018,627.529477,247.21127,114.4549866,16.2454232,7.52125495,20.5415863,9.5103104,0.0665453672,3524.4556,0.0,32.6727444,0.266981199,0.0,7580.05723,3520.52762,627.529477,0.0,0.0
997.5,-5.059571,7567.10464,4.44923207,2.03295086,3.52567764,1.61096158,4.50761924,2.05963352,636.665552,247.21127,112.9578444,16.4819373,7.53095414,20.7812192,9.49541695,0.0663529754,3524.4556,0.0,33.1484217,0.261628062,0.0,7567.10464,3520.47239,636.665552,0.0,0.0
998.0,-5.059571,7554.589669999999,4.50639998,2.03403128,3.56507362,1.60915208,4.55643154,2.05661776,645.62437,247.21127,111.5837691,16.7138616,7.54403362,21.0155487,9.48568545,0.066160696,3524.4556,0.0,33.6148675,0.25668479,0.0,7554.589669999999,3520.49587,645.62437,0.0,0.0
998.5,-5.059571,7495.19268,-0.44759773,-2.21134259,-0.2619107,-1.65529786,0.63514213,-1.1452024,654.802745,247.21127,139.9728414,16.9514712,9.61255285,21.604103,12.3811897,0.0659688714,3488.62866,0.0,34.0927463,0.355390456,0.0,7495.19268,3501.13949,654.802745,0.0,0.0
999.0,-5.059571,5882.054819999999,-19.5261169,-19.5261169,-12.09565815,-12.09565815,-11.39265655,-11.39265655,674.727322,247.21127,236.029283,17.4672762,16.6690799,23.2990539,22.2456281,0.065800561,2823.28859,0.0,35.1301327,0.695140396,0.0,5882.054819999999,2841.53472,674.727322,0.0,0.0
999.5,-5.059571,3654.30954,-18.118815,-18.118815,-6.93717697,-6.93717697,-6.43882003,-6.43882003,696.211219,247.21127,191.315951,18.0234489,13.9413419,23.2031412,17.9581831,0.065611492,1928.29802,0.0,36.2487055,0.546766218,0.0,3654.30954,1927.09773,696.211219,0.0,0.0
1000.0,-5.059571,1912.28198,-2.53021336,-4.7092788,-0.741548665,-1.145685842,-0.2862317645,-0.8549181505,711.882529,247.21127,133.0980484,18.4291471,9.9149641,22.9431582,12.36446355,0.0654196301,1246.63998,0.0,37.0646443,0.334160335,0.0,1912.28198,1211.37762,711.882529,0.0,0.0
1000.5,-5.059571,1870.45674,5.84420698,2.72190767,1.14182215,0.531876032,1.61068872,0.750308803,721.316352,247.21127,115.268816,18.6733685,8.7073769,23.011621,10.7302588,0.0652278739,1203.8196,0.0,37.5558212,0.262942046,0.0,1870.45674,1199.48216,721.316352,0.0,0.0
1001.0,-5.059571,1867.98236,4.182412,1.96441097,0.818072757,0.384240371,1.15768712,0.543752251,730.5471,247.21127,116.1461024,18.9123341,8.8853608,23.251783,10.9241536,0.0650362309,1203.8196,0.0,38.0364273,0.266523274,0.0,1867.98236,1203.84231,730.5471,0.0,0.0
1001.5,-5.059571,1853.25415,4.38807719,2.03675277,0.851599858,0.395277466,1.2071709,0.560318181,739.665588,247.21127,114.7445619,19.1483923,8.8877458,23.4727806,10.8949401,0.0648446926,1203.8196,0.0,38.5111877,0.261284388,0.0,1853.25415,1203.03801,739.665588,0.0,0.0
1002.0,-5.059571,1840.91636,4.42687352,2.03386377,0.853409138,0.392088872,1.21146825,0.556594278,748.62314,247.21127,113.5770189,19.3802839,8.9038536,23.6946758,10.8860314,0.0646532645,1203.8196,0.0,38.9775684,0.256936734,0.0,1840.91636,1203.13443,748.62314,0.0,0.0
1002.5,-5.059571,1828.57261,4.47435908,2.03509389,0.856779624,0.38969527,1.21799815,0.553990231,757.431963,247.21127,112.4398845,19.6083261,8.91843275,23.9122783,10.87601675,0.0644619436,1203.8196,0.0,39.4362053,0.252683042,0.0,1828.57261,1203.14149,757.431963,0.0,0.0
1003.0,-5.059571,1816.44653,4.52101213,2.03626638,0.859972325,0.387334055,1.22426259,0.55141085,766.096039,247.21127,111.3436274,19.8326211,8.93250605,24.1254453,10.86599225,0.0642707335,1203.8196,0.0,39.8873065,0.248564573,0.0,1816.44653,1203.15461,766.096039,0.0,0.0
1003.5,-5.059571,1804.51395,4.56717949,2.0372853,0.86304716,0.384982167,1.23034898,0.548825042,774.619728,247.21127,110.2732755,20.053281,8.9450667,24.3371961,10.85598815,0.0640796261,1203.8196,0.0,40.3310978,0.244533124,0.0,1804.51395,1203.16631,774.619728,0.0,0.0
1004.0,-5.059571,1792.76876,4.61577269,2.03847754,0.86655243,0.382700183,1.23703982,0.54631991,783.002479,247.21127,109.1763306,20.2702936,8.9519255,24.5589232,10.8459183,0.0638886306,1203.8196,0.0,40.767552,0.240418587,0.0,1792.76876,1203.17369,783.002479,0.0,0.0
1004.5,-5.059571,1781.23267,4.6640045,2.03964705,0.869973226,0.380455765,1.24359777,0.543848279,791.244376,247.21127,108.1092134,20.4836587,8.9577383,24.7782575,10.8358289,0.0636977416,1203.8196,0.0,41.1966711,0.236404124,0.0,1781.23267,1203.18583,791.244376,0.0,0.0
1005.0,-5.059571,1769.88838,4.71137252,2.04072146,0.873211939,0.378231858,1.24988479,0.541387198,799.349611,247.21127,107.0786334,20.6934867,8.9632352,24.9934432,10.8257436,0.0635069644,1203.8196,0.0,41.6186763,0.232511602,0.0,1769.88838,1203.19796,799.349611,0.0,0.0
1005.5,-5.059571,1758.23726,4.71092043,2.02267117,0.867396334,0.372425262,1.24325101,0.533801697,807.323887,247.21127,106.131973,20.8999238,8.97263345,25.2048209,10.8207974,0.0633162876,1203.49974,0.0,42.033863,0.228927237,0.0,1758.23726,1203.00598,807.323887,0.0,0.0
1006.0,-5.059571,1743.46294,4.70529468,2.00283743,0.859060192,0.36566662,1.2334442,0.525025804,815.18045,247.21127,105.227737,21.103314,8.9827528,25.412639,10.8170553,0.0631257234,1202.0033,0.0,42.4429193,0.225486185,0.0,1743.46294,1201.44564,815.18045,0.0,0.0
1006.5,-5.059571,1728.71104,4.76769068,2.0111143,0.863085818,0.36407047,1.24137471,0.523641185,822.913198,247.21127,104.2830274,21.3034982,8.986555,25.6164908,10.8059366,0.0629352681,1200.4358,0.0,42.8455307,0.221868707,0.0,1728.71104,1199.82237,822.913198,0.0,0.0
1007.0,-5.059571,1716.63746,4.90492421,2.04933322,0.881732737,0.36839948,1.26999702,0.530620947,830.517046,247.21127,103.2896565,21.5003459,8.9832017,25.8162469,10.7864677,0.0627449175,1199.9402,0.0,43.24143,0.218045748,0.0,1716.63746,1199.23828,830.517046,0.0,0.0
1007.5,-5.059571,1706.50909,4.93784301,2.04585051,0.88241499,0.365604322,1.27249708,0.527223634,837.997044,247.21127,102.423535,21.6939871,8.9881065,26.0126362,10.77739025,0.0625546757,1199.9402,0.0,43.6308813,0.214710971,0.0,1706.50909,1199.39132,837.997044,0.0,0.0
1008.0,-5.059571,1696.17388,4.98068596,2.046478,0.884680021,0.363501256,1.27732031,0.524830619,845.363043,247.21127,101.5743955,21.8846778,8.99194305,26.2055889,10.7673226,0.0623645414,1199.9402,0.0,44.0143962,0.211427511,0.0,1696.17388,1199.3917,845.363043,0.0,0.0
1008.5,-5.059571,1686.02338,5.02368516,2.04793181,0.886978045,0.361582452,1.28217472,0.522686654,852.616798,247.140796,100.7482344,22.066146,8.9953381,26.3876477,10.7570203,0.0621745148,1199.9402,0.0,44.3920698,0.208220546,0.0,1686.02338,1199.40346,852.616798,0.0,0.0
1009.0,-5.059571,1676.44143,4.98478687,2.05374247,0.875122195,0.360548541,1.26646703,0.521782849,859.76001,242.565608,99.93489,21.8386789,8.99747665,26.0815236,10.745492,0.0619845951,1199.9402,0.0,44.763985,0.205051108,0.0,1676.44143,1199.58716,859.76001,0.0,0.0
1009.5,-5.059571,1666.79183,4.86339706,2.04891052,0.848895903,0.357629158,1.22991728,0.518149782,866.797245,235.400289,99.1695664,21.3670388,9.0016541,25.4855591,10.7367072,0.061794783,1199.9402,0.0,45.1303832,0.202059089,0.0,1666.79183,1199.68088,866.797245,0.0,0.0
1010.0,-5.059571,1657.07172,4.75437716,2.05008697,0.825027471,0.355747699,1.19671375,0.516018111,873.731163,228.234966,98.412293,20.8823686,9.00437675,24.8761165,10.7264353,0.0616050786,1199.9402,0.0,45.4914023,0.199086168,0.0,1657.07172,1199.68496,873.731163,0.0,0.0
1010.5,-5.059571,1647.51956,4.64165276,2.05090338,0.80082371,0.353837884,1.16292335,0.513830067,880.563574,221.069641,97.67647,20.3849427,9.0069393,24.2535624,10.7162338,0.0614154794,1199.9402,0.0,45.8471354,0.196186845,0.0,1647.51956,1199.69963,880.563574,0.0,0.0
1011.0,-5.059571,1638.104,4.52608677,2.05168175,0.77642274,0.351949213,1.12875121,0.511659486,887.296941,213.904317,96.9604906,19.8750443,9.0092874,23.6182236,10.7060293,0.0612259895,1199.9402,0.0,46.1977126,0.193355353,0.0,1638.104,1199.71331,887.296941,0.0,0.0
1011.5,-5.059571,1628.81749,4.40844039,2.05133338,0.751954184,0.349895067,1.09438732,0.509235233,893.933549,206.888851,96.2658972,19.3670216,9.0116532,22.9871176,10.6960923,0.0610366051,1199.9402,0.0,46.5432526,0.190598541,0.0,1628.81749,1199.72416,893.933549,0.0,0.0
1012.0,-5.059571,1618.72774,4.47257059,2.04150324,0.758135005,0.346058902,1.10471833,0.504258215,900.478333,209.451974,95.611985,19.7513283,9.01596655,23.41574,10.6887225,0.0608473284,1199.9402,0.0,46.8840117,0.187993227,0.0,1618.72774,1199.34723,900.478333,0.0,0.0
1012.5,-5.059571,1609.28717,4.70769964,2.05433476,0.793345006,0.346204948,1.1575324,0.505128645,906.929355,217.522609,94.9239274,20.6593123,9.0152136,24.463976,10.6755191,0.0606581594,1199.9402,0.0,47.2198872,0.185241618,0.0,1609.28717,1199.18562,906.929355,0.0,0.0
1013.0,-5.059571,1600.41499,4.91615007,2.05448997,0.823906414,0.344322342,1.20391555,0.503130999,913.28851,225.593246,94.2782476,21.5760315,9.0166754,25.5206865,10.6651978,0.0604690956,1199.9402,0.0,47.5509817,0.182652818,0.0,1600.41499,1199.20694,913.28851,0.0,0.0
1013.5,-5.059571,1591.62498,5.12802586,2.05517222,0.854695486,0.342544892,1.25075552,0.501275364,919.559105,233.663881,93.6474911,22.5013326,9.0178453,26.5856346,10.654749,0.0602801383,1199.9402,0.0,47.8774641,0.180114927,0.0,1591.62498,1199.21066,919.559105,0.0,0.0
1014.0,-5.059571,1582.95943,5.342063,2.05587572,0.885522463,0.340796561,1.29776275,0.499446351,925.742861,241.734519,93.0320351,23.4350342,9.0188249,27.6586304,10.6442871,0.060091289,1199.9402,0.0,48.1994264,0.177630061,0.0,1582.95943,1199.21557,925.742861,0.0,0.0
1014.5,-5.059571,1574.41581,5.55782417,2.05705533,0.91631622,0.339151481,1.34483125,0.497753371,931.841599,249.725777,92.4303326,24.3691963,9.01952635,28.7303301,10.63370365,0.0599025465,1199.9402,0.0,48.5169602,0.175192404,0.0,1574.41581,1199.22147,931.841599,0.0,0.0
1015.0,-5.059571,1566.49123,5.67843602,2.0640149,0.931504632,0.338586906,1.36895041,0.49759107,937.85567,252.64316,91.829978,24.8125945,9.01877815,29.2222946,10.6216035,0.0597139095,1199.9402,0.0,48.8300881,0.172752668,0.0,1566.49123,1199.43558,937.85567,0.0,0.0
1015.5,-5.09998545,1558.36127,5.70341816,2.06015141,0.930741152,0.33619735,1.36971547,0.494760872,943.78862,252.64316,91.2662934,24.9695605,9.02012015,29.3767096,10.6121848,0.0595253804,1199.9402,0.0,49.1389902,0.170407003,0.0,1558.36127,1199.51684,943.78862,0.0,0.0
1016.0,-7.67574478,1536.31628,8.44330813,2.95755735,1.356887756,0.47533131,2.00020479,0.700706977,949.519151,252.64316,88.929332,25.1211709,8.84234255,29.5294308,10.3940044,0.0593369562,1199.9402,0.0,49.437353,0.157819146,0.0,1536.31628,1193.68978,949.519151,0.0,0.0
1016.5,-11.70062735,1520.657,14.3856852,4.83163191,2.29052121,0.76931266,3.23609045,1.087086224,954.602653,252.64316,85.0523416,25.2556642,8.5021875,29.6912643,9.9954043,0.0591486394,1199.9402,0.0,49.7020308,0.136908113,0.0,1520.657,1190.14204,954.602653,0.0,0.0
1017.0,-15.7255098,1514.419,20.0487097,6.50065299,3.17916795,1.03083603,4.26231572,1.3822419,959.025261,252.64316,82.0468635,25.3726724,8.2397756,29.8323171,9.688042,0.0589604282,1199.9402,0.0,49.9322964,0.119225468,0.0,1514.419,1190.12869,959.025261,0.0,0.0
1017.5,-19.7503925,1507.65845,26.0583309,8.17778653,4.11379476,1.29103056,5.244452,1.64607643,962.858234,252.64316,79.3822745,25.4740799,8.00405945,29.9551119,9.4120146,0.0587723234,1199.9402,0.0,50.1318629,0.10267911,0.0,1507.65845,1189.55362,962.858234,0.0,0.0
1018.0,-23.7752751,1501.8801,32.3788181,9.85855665,5.09213051,1.55044233,6.18756671,1.88418587,966.135838,252.64316,76.9988685,25.5607948,7.79018668,30.0610385,9.1617264,0.0585843257,1199.9402,0.0,50.3025149,0.0870811459,0.0,1501.8801,1189.06296,966.135838,0.0,0.0
1018.5,-27.8001574,1496.07414,39.1322384,11.52314,6.1304061,1.80522269,7.28170012,2.14430711,968.873919,252.64316,74.4758099,25.6332356,7.5562763,30.1557862,8.88944045,0.058396433,1199.9402,0.0,50.4450733,0.0711034527,0.0,1496.07414,1188.24583,968.873919,0.0,0.0
1019.0,-31.8250404,1490.7031,46.5134073,13.21001285,7.26072863,2.06209757,8.5396536,2.42539266,971.047621,252.64316,71.82189,25.6907444,7.30337241,30.2385272,8.5962042,0.0582086471,1199.9402,0.0,50.5582484,0.0547106324,0.0,1490.7031,1187.2801,971.047621,0.0,0.0
1019.5,-35.849923,1486.60976,54.3450868,14.889082,8.46003845,2.31783891,9.85262775,2.69945204,972.661629,252.64316,69.2784696,25.7334459,7.05646061,30.3049219,8.31000755,0.058020967,1199.9402,0.0,50.6422825,0.0387354667,0.0,1486.60976,1186.51924,972.661629,0.0,0.0
1020.0,-39.8748054,1483.0912,62.6744091,16.56634755,9.7336566,2.57285522,11.22510735,2.9671701,973.729956,252.64316,66.8340066,25.7617103,6.81496452,30.355431,8.03016649,0.0578333917,1199.9402,0.0,50.6979074,0.0231292578,0.0,1483.0912,1185.67895,973.729956,0.0,0.0
1020.5,-43.8593585,1479.90671,71.595333,18.2336939,11.09527245,2.82573096,12.7148665,3.23823729,974.258586,252.64316,64.3950848,25.7756966,6.5698467,30.3941369,7.74699004,0.0576459224,1199.9402,0.015103054112,50.7254295,0.0056963974,0.0,1479.90671,1184.66251,974.258586,-0.37062132,0.015125802
1021.0,-45.308395,1499.34677,77.5875281,19.2091437,12.18249035,3.01606757,13.91539355,3.4450998,972.598814,252.64316,62.5597854,25.7317843,6.3717585,30.4013381,7.52803197,0.0574585602,1199.9402,0.979739243,50.6390127,-0.130551865,0.0,1499.34677,1191.78251,972.598814,-24.4314664,0.994752212
1021.5,-45.308395,1532.88045,76.6131965,18.9987815,12.29789135,3.04969877,14.018177,3.47630197,964.652145,252.64316,62.6530337,25.521541,6.3290406,30.18185,7.48474807,0.0572713037,1199.9402,2.48703037,50.2252642,-0.328267707,0.0,1532.88045,1201.09614,964.652145,-62.1137445,2.50836791
1022.0,-45.308395,1551.90198,75.9094025,18.9671203,12.3363833,3.082457,14.0431587,3.50892069,949.911392,252.64316,63.132428,25.1315491,6.27999941,29.7738914,7.44006146,0.0570841514,1199.9402,3.99432151,49.4577773,-0.524490259,0.0,1551.90198,1200.40413,949.911392,-99.7960222,3.96850194
1022.5,-45.308395,1581.28693,75.7060569,19.0674751,12.5361742,3.15744539,14.2371495,3.58585619,928.389019,252.64316,63.6394117,24.5621375,6.18692934,29.1837081,7.3510719,0.0568971051,1199.9402,5.50161263,48.3371996,-0.72032722,0.0,1581.28693,1200.06465,928.389019,-137.4783015,5.34304983
1023.0,-45.308395,1718.80897,115.2921025,23.0637216,21.3871072,4.20335989,23.8592542,4.70058335,899.841809,252.64316,54.6481847,23.8068718,5.15915866,28.8160998,6.22430433,0.0567101655,1349.21813,7.00890375,46.8508707,-0.953128047,0.0,1718.80897,1240.6201,899.841809,-175.16058,6.5979692
1023.5,-45.308395,2571.58524,287.258901,27.15081,77.8774618,7.27051373,84.3385455,7.87873797,861.366741,252.64316,24.2048341,22.7889476,2.18734307,31.7507135,3.03412306,0.0565233307,2081.42801,8.4859402,44.8476392,-1.25177933,0.0,2571.58524,1573.00128,861.366741,-212.101614,7.64776609
1024.0,-45.308395,3247.48218,300.0,23.1613342,102.022662,7.86596442,109.5878599,8.4494463,817.803751,252.64316,19.5159938,21.636413,1.67212689,31.7286981,2.45140192,0.0563366017,2872.292,8.06400751,42.579504,-1.20212286,0.0,3247.48218,1828.8109,817.803751,-201.662203,6.91356917
1024.5,-45.308395,3621.55156,300.0,21.3535583,113.7743973,8.09520045,121.9995121,8.6804714,779.696836,252.64316,17.9888087,20.6282283,1.46909647,31.0119445,2.20837768,0.0561499776,3296.2905,6.55671638,40.5954404,-1.002334464,0.0,3621.55156,1962.21357,779.696836,-163.979924,5.36007449
1025.0,-45.308395,3850.45431,300.0,20.3977742,120.9655895,8.2236534,129.60882,8.8112643,748.504446,252.64316,17.1815773,19.8029797,1.34689119,30.3715138,2.06559924,0.0559634588,3296.2905,5.04942534,38.9713885,-0.802233421,0.0,3850.45431,2039.24869,748.504446,-126.2976461,3.96345709
1025.5,-45.308395,3996.60505,300.0,19.8366994,125.5570531,8.3016888,134.478625,8.89157765,724.228677,252.64316,16.7078255,19.1607227,1.26720493,29.8381112,1.97331416,0.055777045,3296.2905,3.54213413,37.7074551,-0.602238243,0.0,3996.60505,2085.88869,724.228677,-88.6153689,2.69098413
1026.0,-45.308395,4091.33733,300.0,19.4880012,128.533155,8.34933365,137.635739,8.9406268,706.862996,252.64316,16.4132907,18.7012833,1.21498127,29.4349819,1.91230678,0.0555907356,3296.2905,2.03484304,36.8032996,-0.402494558,0.0,4091.33733,2115.16775,706.862996,-50.9330905,1.50989014
1026.5,-45.308395,4152.07109,300.0,19.2619125,130.441163,8.3750801,139.659706,8.9669649,696.394155,252.573296,16.217858,18.4192374,1.18271766,29.1855171,1.87402419,0.0554045321,3296.2905,0.542686813884,36.2582306,-0.205031734,0.0,4152.07109,2134.32685,696.394155,-13.6214333983,0.39821718458
1027.0,-45.308395,4191.95273,300.0,19.1546294,131.694081,8.4084864,140.980411,9.0014064,691.079292,248.037681,15.8389063,17.9506854,1.14627631,28.6210812,1.82765201,0.0552184334,3296.2905,0.0,35.9815089,-0.133816385,0.0,4191.95273,2147.81863,691.079292,0.0,0.0
1027.5,-45.308395,4223.97151,300.0,19.1054969,132.699979,8.45098655,142.03746,9.04564375,686.430551,240.934346,15.34579875,17.3193316,1.10311912,27.8131232,1.77149742,0.0550324397,3296.2905,0.0,35.7394682,-0.135112143,0.0,4223.97151,2158.42746,686.430551,0.0,0.0
1028.0,-45.308395,4251.7065,300.0,19.0731841,133.571301,8.49209405,142.951559,9.0884652,681.737419,233.831011,14.86816335,16.6938076,1.06147789,26.9996082,1.71677221,0.054846551,3296.2905,0.0,35.4951192,-0.136385494,0.0,4251.7065,2167.22795,681.737419,0.0,0.0
1028.5,-45.308395,4276.63387,300.0,19.0519265,134.354412,8.5323646,143.771222,9.130392,677.000543,226.727677,14.40043715,16.0742259,1.02094285,26.1823974,1.6629552,0.0546607678,3296.2905,0.0,35.2484886,-0.137644829,0.0,4276.63387,2174.83452,677.000543,0.0,0.0
1029.0,-45.308395,4299.71996,300.0,19.037913,135.079685,8.5721157,144.528917,9.1717609,672.220292,219.624342,13.9390368,15.46069395,0.981253952,25.3626903,1.60970988,0.0544750884,3296.2905,0.0,34.9996015,-0.138895387,0.0,4299.71996,2181.64967,672.220292,0.0,0.0
1029.5,-45.308395,4321.59539,300.0,19.0278895,135.766928,8.6111914,145.245981,9.2124125,667.396916,212.590871,13.4854431,14.85818135,0.942510996,24.5483582,1.55719525,0.0542895134,3296.2905,0.0,34.7484699,-0.140126416,0.0,4321.59539,2187.9359,667.396916,0.0,0.0
1030.0,-45.308395,4340.713460000001,300.0,18.9769102,136.36753,8.6261055,145.881892,9.2279486,662.54326,210.02315,13.28565655,14.5716935,0.921779024,24.1836032,1.52980983,0.0541040446,3393.03963,0.0,34.4957611,-0.140429038,0.0,4340.713460000001,2193.05701,662.54326,0.0,0.0
1030.5,-45.308395,4353.38212,300.0,18.9208553,136.765534,8.62573215,146.308217,9.2275843,657.692602,210.02315,13.2463612,14.4650101,0.912323352,24.0734703,1.51833821,0.0539186786,3573.19373,0.0,34.2432087,-0.14018356,0.0,4353.38212,2195.49626,657.692602,0.0,0.0
1031.0,-45.308395,4361.12007,300.0,18.8837368,137.00863,8.6241149,146.569262,9.22591625,652.850589,210.02315,13.2203417,14.3585168,0.903827429,23.9595421,1.50818392,0.0537334172,3727.90306,0.0,33.9911053,-0.139930175,0.0,4361.12007,2195.88886,652.850589,0.0,0.0
1031.5,-45.308395,4365.58771,300.0,18.8591079,137.148983,8.6216908,146.720697,9.22340405,648.017407,210.02315,13.20307755,14.2522181,0.895964381,23.8429926,1.49888723,0.05354826,3747.4968,0.0,33.7394628,-0.139672427,0.0,4365.58771,2194.92586,648.017407,0.0,0.0
1032.0,-45.308395,4367.88292,300.0,18.842758,137.221088,8.61874555,146.799324,9.2203469,643.193193,210.02315,13.1916175,14.1461162,0.888522226,23.7245895,1.49014908,0.0533632088,3747.4968,0.0,33.4882865,-0.139412631,0.0,4367.88292,2193.06405,643.193193,0.0,0.0
1032.5,-45.308395,4368.73494,300.0,18.8319159,137.247857,8.6154669,146.829583,9.2169407,638.377967,210.02315,13.18401885,14.040212,0.881362231,23.6048355,1.48177309,0.0531782611,3747.4968,0.0,33.2375782,-0.139152308,0.0,4368.73494,2190.60707,638.377967,0.0,0.0
1033.0,-45.308395,4368.629279999999,300.0,18.8247448,137.244539,8.6119781,146.827735,9.2133156,633.571722,210.02315,13.1789937,13.9345057,0.874393132,23.4840642,1.47362981,0.0529934175,3664.06842,0.0,32.9873384,-0.138892454,0.0,4368.629279999999,2187.75676,633.571722,0.0,0.0
1033.5,-45.308395,4367.89006,300.0,18.8200246,137.221314,8.60836195,146.80464,9.2095568,628.774443,210.02315,13.17568685,13.8289965,0.867554599,23.3624959,1.46563343,0.0528086777,3361.13607,0.0,32.7375651,-0.138633732,0.0,4367.89006,2184.64809,628.774443,0.0,0.0
1034.0,-45.308395,4366.73336,300.0,18.8169417,137.184975,8.60467225,146.767544,9.2057214,623.986089,210.02315,13.1735274,13.7236836,0.86080672,23.2402765,1.45772712,0.0526240423,3334.5105,0.0,32.4882564,-0.138376576,0.0,4366.73336,2181.37086,623.986089,0.0,0.0
1034.5,-45.308395,4365.30383,300.0,18.8149525,137.140065,8.60094605,146.721293,9.20184725,619.206595,210.02315,13.1721348,13.6185656,0.854122939,23.1175022,1.44987285,0.0524395106,3334.5105,0.0,32.2394094,-0.138121272,0.0,4365.30383,2177.98533,619.206595,0.0,0.0
1035.0,-45.308395,4363.698050000001,300.0,18.813694,137.089618,8.5972072,146.669112,9.19795965,614.435919,210.02315,13.1712546,13.51364055,0.847485651,22.9942368,1.44204554,0.0522550834,3334.5105,0.0,31.9910194,-0.137867999,0.0,4363.698050000001,2174.53154,614.435919,0.0,0.0
1035.5,-45.308395,4361.98054,300.0,18.8129241,137.035655,8.59347155,146.613179,9.19407515,609.673912,210.02315,13.1707167,13.408908,0.840883137,22.8705204,1.4342283,0.0520707606,3334.5105,0.0,31.7430837,-0.137616883,0.0,4361.98054,2171.03641,609.673912,0.0,0.0
1036.0,-45.308395,4360.19436,300.0,18.81248,136.979544,8.5897494,146.554927,9.19020545,604.920583,210.02315,13.1704073,13.30436485,0.834307573,22.7463802,1.42640986,0.0518865409,3334.5105,0.0,31.4955979,-0.137367991,0.0,4360.19436,2167.51768,604.920583,0.0,0.0
1036.5,-45.308395,4358.36842,300.0,18.8122543,136.922182,8.5860497,146.495326,9.18635755,600.175814,210.02315,13.1702508,13.2000103,0.827753743,22.621832,1.41858268,0.0517024241,3334.5105,0.0,31.2485581,-0.137121376,0.0,4358.36842,2163.98747,600.175814,0.0,0.0
1037.0,-45.308395,4356.52207,300.0,18.8121738,136.864176,8.5823756,146.435018,9.1825369,595.439518,210.02315,13.1701967,13.09584275,0.821218147,22.496887,1.41074173,0.051518412,3334.5105,0.0,31.00196,-0.136877062,0.0,4356.52207,2160.45375,595.439518,0.0,0.0
1037.5,-45.308395,4354.66811,300.0,18.8121908,136.805934,8.57873105,146.374448,9.1787467,590.711633,210.02315,13.17021065,12.9918598,0.814698397,22.3715499,1.40288356,0.0513345034,3334.5105,0.0,30.7557999,-0.136635053,0.0,4354.66811,2156.92174,590.711633,0.0,0.0
1038.0,-45.308395,4352.81539,300.0,18.812273,136.747727,8.5751182,146.313894,9.17498935,585.992096,210.02315,13.1702701,12.8880596,0.808192919,22.2458236,1.39500573,0.0511506981,3334.5105,0.0,30.5100727,-0.136395363,0.0,4352.81539,2153.39504,585.992096,0.0,0.0
1038.5,-45.308395,4350.96653,300.0,18.8121825,136.689645,8.5714349,146.253508,9.17115895,581.28078,210.02315,13.1701849,12.78444135,0.801690013,22.1217238,1.38721466,0.050966997,3334.5105,0.0,30.2647753,-0.13615818,0.0,4350.96653,2149.87478,581.28078,0.0,0.0
1039.0,-45.308395,4348.99914,300.0,18.8100612,136.627837,8.5665932,146.189696,9.1661238,576.577615,210.02315,13.16866425,12.6810017,0.795111707,22.0194354,1.38064096,0.0507833989,3334.5105,0.0,30.0199022,-0.135924478,0.0,4348.99914,2146.31001,576.577615,0.0,0.0
1039.5,-45.308395,4346.79458,300.0,18.8082242,136.558577,8.56141455,146.118074,9.1607382,571.882484,210.02315,13.16737825,12.57773915,0.788560005,21.9225397,1.37443123,0.0505999046,3264.67062,0.0,29.7754465,-0.135692805,0.0,4346.79458,2142.65126,571.882484,0.0,0.0
1040.0,-45.308395,4344.42898,300.0,18.8070913,136.484265,8.55624,146.041032,9.1553566,567.19534,210.02315,13.166586,12.47465175,0.782049894,21.8249523,1.36823066,0.0504165137,2750.44348,0.0,29.5314074,-0.135463038,0.0,4344.42898,2138.93014,567.19534,0.0,0.0
1040.5,-45.280043,4335.47137,263.368734,18.5037521,119.6074766,8.4011995,128.038457,8.9940294,562.562415,210.02315,15.0414472,12.3727575,0.885849592,21.2727094,1.51798904,0.0502332255,2157.92702,0.0,29.2901917,-0.1283504681,0.0,4335.47137,2132.4977,562.562415,0.0,0.0
1041.0,-43.4718209,3806.18319,40.96448374,2.00879164,18.86418939,1.4159186,20.72156566,1.89465966,561.747848,210.02315,108.3972765,12.3548424,6.38980141,17.0333251,8.5930253,0.0500500407,1565.41055,0.0,29.2477808,0.20588730157,0.0,3806.18319,1911.78132,561.747848,0.0,0.0
1041.5,-40.6463182,2078.93044,28.59532429,11.65984847,5.96748746,2.422693333,6.80872552,2.80051434,571.104138,210.02315,99.8610351,12.56062045,5.96904817,16.1599002,7.69009445,0.0498669644,1218.08625,0.0,29.7349226,0.1644944514,0.0,2078.93044,1198.52177,571.104138,0.0,0.0
1042.0,-37.8208161,2100.14008,43.577864,16.9762081,9.5705152,3.7297143,10.6689217,4.15802303,574.875009,210.02315,81.9152125,12.6435555,4.93154534,16.196899,6.31736126,0.0496840094,1215.704,0.0,29.9312557,0.1002484908,0.0,2100.14008,1209.54901,574.875009,0.0,0.0
1042.5,-34.9953152,2135.92166,34.0626628,14.34749075,7.62013401,3.20949662,8.5909108,3.61849698,578.867896,210.02315,88.469696,12.7313734,5.36310003,16.2475643,6.84421203,0.0495011764,1215.704,0.0,30.1391472,0.1291222826,0.0,2135.92166,1226.76945,578.867896,0.0,0.0
1043.0,-32.1698127,2114.53628,30.6379139,13.3138272,6.78452329,2.94821305,7.6960611,3.34436144,583.591203,210.02315,91.253671,12.8352554,5.57693473,16.3536998,7.10569011,0.0493184657,1215.704,0.0,30.3850687,0.142985197,0.0,2114.53628,1220.62874,583.591203,0.0,0.0
1043.5,-29.3443107,2107.39498,27.2052827,12.1683811,6.00404837,2.68546775,6.85268807,3.06509379,588.765719,210.02315,93.9278041,12.9490619,5.79128877,16.4842104,7.37231819,0.0491358776,1215.704,0.0,30.6544845,0.156659894,0.0,2107.39498,1220.67857,588.765719,0.0,0.0
1044.0,-26.5188087,2098.763,23.8455559,10.9776781,5.24108064,2.41278988,6.0209644,2.77185907,594.424712,210.02315,96.6720864,13.0735233,6.01778106,16.6258993,7.65293091,0.0489534114,1215.704,0.0,30.9491235,0.170613509,0.0,2098.763,1220.39101,594.424712,0.0,0.0
1044.5,-23.6933068,2088.9927,20.7917814,9.7950218,4.54863876,2.14285071,5.32514691,2.50877389,600.544002,210.064727,98.9419508,13.21073565,6.22244851,16.7795856,7.90341193,0.0487710667,1215.704,0.0,31.2677286,0.182991373,0.0,2088.9927,1219.89852,600.544002,0.0,0.0
1045.0,-20.8678046,2078.15442,18.1511997,8.6140762,3.95036402,1.87473813,4.7658075,2.2617224,607.06806,212.763959,100.9251325,13.5260798,6.41612682,17.1557649,8.1378768,0.0485888444,1215.704,0.0,31.6074084,0.194414496,0.0,2078.15442,1219.19797,607.06806,0.0,0.0
1045.5,-18.0706619,2067.95338,15.7089912,7.4537204,3.40208363,1.61424616,4.23114084,2.00762448,613.984826,216.991287,102.9072685,13.95200565,6.61668538,17.6688962,8.3794062,0.0484067428,1215.704,0.0,31.9675339,0.205740987,0.0,2067.95338,1218.99187,613.984826,0.0,0.0
1046.0,-17.053377,2049.63019,14.84510475,6.93269772,3.18614207,1.48797868,4.02328276,1.87895438,621.197942,221.218613,103.3231675,14.3909095,6.72126074,18.1896816,8.4955253,0.0482247628,1215.704,0.0,32.3430887,0.208796852,0.0,2049.63019,1215.57914,621.197942,0.0,0.0
1046.5,-17.053377,2035.83073,15.5631119,7.04539729,3.31788989,1.50201949,4.18066926,1.89260117,628.331441,225.445941,102.0613914,14.8343112,6.71544661,18.708549,8.46934495,0.0480429053,1215.704,0.0,32.7145004,0.204133716,0.0,2035.83073,1214.0023,628.331441,0.0,0.0
1047.0,-17.053377,2026.48261,15.9933507,7.04044513,3.39395643,1.49407252,4.27952719,1.88391165,635.327983,229.673273,101.1053134,15.28073575,6.72662087,19.230865,8.4655183,0.0478611684,1215.704,0.0,33.0787802,0.200667478,0.0,2026.48261,1214.19766,635.327983,0.0,0.0
1047.5,-17.053377,2016.80678,16.4402957,7.04109102,3.47214516,1.48707478,4.38063066,1.87616517,642.206532,233.892703,100.1732376,15.7299307,6.73676741,19.7552715,8.4607667,0.0476795528,1215.704,0.0,33.4369164,0.197271545,0.0,2016.80678,1214.18785,642.206532,0.0,0.0
1048.0,-17.053377,2007.48532,16.8613923,7.0441583,3.54462807,1.48084689,4.47426049,1.86921917,648.968729,237.607203,99.2652676,16.1479472,6.74600149,20.2392659,8.455232,0.0474980592,1215.704,0.0,33.7889939,0.193951808,0.0,2007.48532,1214.25753,648.968729,0.0,0.0
1048.5,-17.053377,1998.24775,17.2516054,7.04279033,3.60997043,1.47374622,4.5594833,1.8613764,655.618868,241.031383,98.3991019,16.5485048,6.75566426,20.7003286,8.45061145,0.0473166848,1215.704,0.0,34.1352376,0.190777435,0.0,1998.24775,1214.29663,655.618868,0.0,0.0
1049.0,-17.053377,1989.06953,17.6503275,7.04378518,3.67644138,1.46718422,4.6459227,1.8540804,662.160492,244.455561,97.5563423,16.9510548,6.76463579,21.1628498,8.44546155,0.0471354324,1215.704,0.0,34.4758327,0.187677064,0.0,1989.06953,1214.29715,662.160492,0.0,0.0
1049.5,-17.053377,1980.05253,18.0506463,7.04464175,3.7427816,1.46071075,4.73226034,1.8468769,668.596507,247.879736,96.740693,17.3555539,6.77328078,21.6268131,8.4402367,0.0469543007,1215.704,0.0,34.8109278,0.184667043,0.0,1980.05253,1214.30303,668.596507,0.0,0.0
1050.0,-17.053377,1971.17818,18.4527783,7.04544746,3.80901571,1.45433036,4.81851922,1.83976982,674.929944,251.303914,95.9506454,17.7619695,6.78160539,22.0921912,8.4349329,0.0467732894,1215.704,0.0,35.1406826,0.181742344,0.0,1971.17818,1214.3084,674.929944,0.0,0.0
1050.5,-17.053377,1962.44693,18.856449,7.04689576,3.87510156,1.44818583,4.90455134,1.83290593,681.163671,254.694414,95.1832242,18.1678552,6.78950168,22.5559559,8.42940305,0.0465923987,1215.704,0.0,35.4652459,0.178892137,0.0,1962.44693,1214.31512,681.163671,0.0,0.0
1051.0,-17.053377,1954.54522,19.1289863,7.05673126,3.91530387,1.44436889,4.95651032,1.82847257,687.298096,255.93219,94.413293,18.4203838,6.79523529,22.8286953,8.42145995,0.0464116286,1215.704,0.0,35.7846389,0.17602174,0.0,1954.54522,1214.609,687.298096,0.0,0.0
1051.5,-17.053377,1946.48765,19.2459585,7.04718509,3.92300325,1.43646812,4.9700004,1.81984162,693.338281,255.93219,93.7126165,18.5822675,6.80408178,22.9891979,8.417732,0.0462309782,1215.704,0.0,36.0991245,0.173411522,0.0,1946.48765,1214.78298,693.338281,0.0,0.0
1052.0,-17.053377,1938.09279,19.3947169,7.04851163,3.93627534,1.43054185,4.98922082,1.81320833,699.287883,255.93219,93.01155,18.741723,6.81113105,23.1467655,8.4120237,0.0460504485,1215.704,0.0,36.4088937,0.170783474,0.0,1938.09279,1214.76374,699.287883,0.0,0.0
1052.5,-17.053377,1929.90127,19.5406749,7.04938159,3.94913654,1.42467142,5.00854978,1.80685954,705.147563,255.93219,92.3282063,18.8987702,6.81774674,23.3015122,8.40604815,0.0458700395,1215.704,0.0,36.713983,0.168215947,0.0,1929.90127,1214.77662,705.147563,0.0,0.0
1053.0,-17.053377,1921.82808,19.6842996,7.05003872,3.96152168,1.41884395,5.02759416,1.80066386,710.91955,255.93219,91.6630861,19.0534661,6.82403891,23.4535234,8.39993645,0.04568975,1215.704,0.0,37.0145069,0.165710178,0.0,1921.82808,1214.78755,710.91955,0.0,0.0
1053.5,-17.053377,1913.8744,19.8261794,7.05072548,3.9735624,1.41310959,5.04617123,1.79455848,716.605993,255.93219,91.0159891,19.2058691,6.83006385,23.6028766,8.393752,0.0455095801,1215.704,0.0,37.3105745,0.163265079,0.0,1913.8744,1214.79819,716.605993,0.0,0.0
1054.0,-17.053377,1906.03771,19.9661889,7.05138565,3.98523805,1.40745512,5.0642618,1.78853022,722.20892,255.93219,90.3862134,19.3560339,6.8358379,23.749647,8.3875077,0.0453295305,1215.704,0.0,37.6022944,0.160878496,0.0,1906.03771,1214.80882,722.20892,0.0,0.0
1054.5,-17.053377,1898.31488,20.1044202,7.05203134,3.99657002,1.40188079,5.08189156,1.78257948,727.730313,255.93219,89.7729695,19.5040136,6.84136628,23.8939041,8.3812025,0.0451495998,1215.704,0.0,37.8897679,0.158547826,0.0,1898.31488,1214.81919,727.730313,0.0,0.0
1055.0,-17.053377,1890.69539,20.2422747,7.05247828,4.00782279,1.39634241,5.09942592,1.77666099,733.171776,255.93219,89.1672526,19.6498512,6.84601653,24.0380782,8.3748826,0.044969789,1215.704,0.0,38.1730832,0.156244411,0.0,1890.69539,1214.82589,733.171776,0.0,0.0
1055.5,-17.0532031,1883.18124,20.3829441,7.05328252,4.01963565,1.39095154,5.11759942,1.77088945,738.533502,255.93219,88.5619955,19.793552,6.84927291,24.1837194,8.3684327,0.0447900978,1215.704,0.0,38.452245,0.153944464,0.0,1883.18124,1214.82988,738.533502,0.0,0.0
1056.0,-17.0421221,1875.85941,20.5087031,7.05019231,4.02871335,1.384937,5.13278026,1.76447754,743.817136,255.93219,87.9799969,19.9351598,6.85294292,24.3268419,8.3626401,0.0446105256,1215.704,0.0,38.7273405,0.15174176,0.0,1875.85941,1214.86827,743.817136,0.0,0.0
1056.5,-17.0248066,1868.61365,20.6170505,7.04254931,4.03435331,1.37809188,5.14421849,1.75720916,749.026575,255.93219,87.4227664,20.0747782,6.85723181,24.4674972,8.3577216,0.0444310729,1215.704,0.0,38.9985743,0.149636785,0.0,1868.61365,1214.89505,749.026575,0.0,0.0
1057.0,-17.0074911,1861.4206,20.7270761,7.03597455,4.0402706,1.37150539,5.15585613,1.7502,754.16393,255.93219,86.8775393,20.2124655,6.86120478,24.6058437,8.3525602,0.0442517391,1215.704,0.0,39.2660531,0.147571127,0.0,1861.4206,1214.90161,754.16393,0.0,0.0
1057.5,-16.9901762,1854.3354,20.8351295,7.02935542,4.04587445,1.36499963,5.16707359,1.74326977,759.230653,255.93219,86.345671,20.3482591,6.86501485,24.7419244,8.3473371,0.0440725247,1215.704,0.0,39.5298559,0.145551131,0.0,1854.3354,1214.91182,759.230653,0.0,0.0
1058.0,-16.9728605,2028.20143,89.8028364,14.57782568,21.26736779,3.27589442,23.63371081,3.71881155,763.644476,255.93219,64.38596,20.4665549,5.14746233,25.7455258,6.35965913,0.043893428,1486.05699,0.0,39.7596641,0.061165871,0.0,2028.20143,1289.83594,763.644476,0.0,0.0
1058.5,-16.9555451,3454.24454,300.0,20.6279998,108.5182928,7.37254893,116.7588715,7.93390615,762.118865,255.93219,17.6200637,20.425667,1.40642039,31.0224284,2.13244494,0.0437144518,2903.68997,0.0,39.6802329,-0.1006080443,0.0,3454.24454,1882.33223,762.118865,0.0,0.0
1059.0,-16.9382295,4628.60404,300.0,16.0273161,145.411883,7.74400264,156.588098,8.33835685,758.548761,255.93219,13.6819209,20.3299837,1.08690302,32.1075223,1.71589162,0.0435355942,3134.768,0.0,39.4943518,-0.1052170985,0.0,4628.60404,2368.90736,758.548761,0.0,0.0
1059.5,-16.9209145,5464.24975,300.0,13.8241275,171.664468,7.90005781,185.864052,8.55314815,754.870996,255.923343,11.7986177,20.2307178,0.932724505,32.297153,1.48901454,0.0433568546,3134.768,0.0,39.3028672,-0.1073114626,0.0,5464.24975,2714.47826,754.870996,0.0,0.0
1060.0,-16.9035989,6117.70322,299.588706,12.48804505,191.919331,7.994854,208.628893,8.69072235,751.138331,255.349019,10.64700765,20.0855326,0.837512336,32.1216907,1.33937169,0.0431782329,3134.768,0.0,39.1085231,-0.1085075369,0.0,6117.70322,2984.20562,751.138331,0.0,0.0
1060.5,-16.8864571,6645.854499999999,259.91368,11.3501258,180.532317,7.89395692,197.038403,8.61651745,747.42324,254.44955,11.1777938,19.9157887,0.874805154,31.906017,1.40152457,0.0429997308,3134.768,0.0,38.9150951,-0.1044162849,0.0,6645.854499999999,3201.80408,747.42324,0.0,0.0
1061.0,-16.880222,7022.120919999999,130.0577824,9.35079546,95.2762901,6.86903266,105.9595376,7.67552777,744.211092,253.550084,20.345844,19.7600917,1.58517827,29.5712848,2.330479,0.0428213454,3134.768,0.0,38.7478525,-0.0709578501,0.0,7022.120919999999,3356.49571,744.211092,0.0,0.0
1061.5,-16.880222,6870.61381,8.553447715,1.479621415,6.31823623,1.093565282,7.846100824,1.514500383,745.492609,252.650615,88.5299692,19.7238268,6.91396727,24.2625545,8.48016894,0.0426430791,3134.768,0.0,38.8145755,0.16325647706,0.0,6870.61381,3294.20073,745.492609,0.0,0.0
1062.0,-16.880222,6399.92952,26.3269416,5.51758714,17.59784946,3.69149464,21.0646086,4.43528757,750.123546,251.751149,56.9403921,19.7757323,4.47225229,24.5786299,5.54669862,0.04246493,3134.768,0.0,39.0556878,0.053799475,0.0,6399.92952,3101.04957,750.123546,0.0,0.0
1062.5,-16.880222,6396.71247,50.2061522,7.81732215,33.6389891,5.23697836,38.7988022,6.04117217,750.618012,250.860528,39.1911246,19.7187769,3.08061282,25.1523861,3.92882904,0.0422868992,3134.768,0.0,39.0814334,-0.007686090812,0.0,6396.71247,3099.99964,750.618012,0.0,0.0
1063.0,-16.880222,6485.81508,48.909778,7.66297435,33.212951,5.20419696,38.4227076,6.02140405,750.262794,250.53539,39.3141949,19.6838978,3.08880195,25.0895324,3.93662869,0.042108987,3134.768,0.0,39.0629384,-0.007007837496,0.0,6485.81508,3136.86847,750.262794,0.0,0.0
1063.5,-16.880222,6510.19943,38.3658135,6.85746216,26.1569597,4.67515114,30.7583613,5.49824106,750.352679,250.53539,44.8360888,19.6862559,3.52309167,24.8552324,4.44783977,0.0419311925,3134.768,0.0,39.0676184,0.01225320632,0.0,6510.19943,3147.0675,750.352679,0.0,0.0
1064.0,-16.880222,6475.37336,36.3361168,6.69663256,24.6386345,4.54090375,29.0726831,5.35819968,750.922386,250.53539,46.1941536,19.7012031,3.63253336,24.8180634,4.57594601,0.0417535151,3134.768,0.0,39.0972816,0.0168963007,0.0,6475.37336,3132.90875,750.922386,0.0,0.0
1064.5,-16.880222,6457.298150000001,40.2025733,7.02259752,27.1852425,4.74872668,31.8643605,5.56620982,751.365945,250.53539,43.7917395,19.7128402,3.44565361,24.9214484,4.35601721,0.0415759555,3134.768,0.0,39.120375,0.00852841397,0.0,6457.298150000001,3125.64643,751.365945,0.0,0.0
1065.0,-16.880222,6466.33646,41.9389339,7.14429166,28.39907,4.83777673,33.2065636,5.65673381,751.572907,250.53539,42.6789222,19.7182701,3.35902445,24.9695936,4.25359139,0.0413985124,3134.768,0.0,39.1311507,0.00470080511,0.0,6466.33646,3129.52824,751.572907,0.0,0.0
1065.5,-16.8905098,6474.95711,40.9542526,7.05175705,27.7692413,4.78148274,32.5311608,5.60143801,751.756144,250.53539,43.136738,19.7230766,3.3958857,24.9567363,4.29700164,0.0412211876,3134.768,0.0,39.1406898,0.00631836561,0.0,6474.95711,3133.22231,751.756144,0.0,0.0
1066.0,-17.5479022,6465.00354,41.580116,7.09521073,28.1495566,4.8034956,32.9463042,5.62215755,751.969931,250.53539,42.7768248,19.728686,3.36850587,24.9761487,4.26441303,0.0410439793,3134.768,0.0,39.1518201,0.004301238672,0.0,6465.00354,3129.20533,751.969931,0.0,0.0
1066.5,-18.5751014,6442.59751,48.1537129,7.56748147,32.4864275,5.10544538,37.6571609,5.91866743,751.920194,250.53539,39.4563969,19.7273813,3.10684279,25.1218691,3.95605068,0.0408668887,3134.768,0.0,39.149232,-0.00845373134,0.0,6442.59751,3119.85313,751.920194,0.0,0.0
1067.0,-19.6023,6431.77767,58.0153591,8.09543472,39.0747713,5.4525265,44.8207817,6.2549502,751.345839,250.53539,35.0416526,19.7123119,2.75713579,25.8045559,3.60793184,0.0406899143,3134.768,0.0,39.1193269,-0.0248120819,0.0,6431.77767,3115.01551,751.345839,0.0,0.0
1067.5,-20.6294996,6428.21127,69.185283,8.55940055,46.5726305,5.76184542,52.9346386,6.54947998,750.224703,250.53539,31.0589016,19.6828984,2.44013417,26.6395662,3.30158232,0.0405130577,3134.768,0.0,39.0609553,-0.0396306859,0.0,6428.21127,3112.87684,750.224703,0.0,0.0
1068.0,-21.6566983,6426.29534,81.3179004,8.9790678,54.7234258,6.04254572,61.6900292,6.81229223,748.63083,250.53539,27.7152854,19.6410819,2.17282811,27.368948,3.02696675,0.0403363176,3134.768,0.0,38.9779691,-0.0522735158,0.0,6426.29534,3111.14892,748.63083,0.0,0.0
1068.5,-22.683897,6422.44325,95.0054154,9.3782294,63.8958468,6.30737262,71.47339,7.05588193,746.625893,250.53539,24.7769437,19.5884799,1.93727521,28.0312831,2.77159017,0.0401596933,3134.768,0.0,38.8735809,-0.0635427414,0.0,6422.44325,3108.37541,746.625893,0.0,0.0
1069.0,-23.7110961,6415.55915,111.151798,9.7755073,74.674474,6.5675068,82.892385,7.29080376,744.246205,250.53539,22.0773897,19.5260471,1.72070934,28.6586589,2.52489776,0.0399831864,3134.768,0.0,38.7496808,-0.0740121929,0.0,6415.55915,3104.1214,744.246205,0.0,0.0
1069.5,-24.738295,6405.79592,130.6152195,10.1758043,87.6163875,6.8260272,96.51603,7.51997121,741.515227,250.53539,19.5597929,19.4543968,1.51890409,29.2607822,2.28397616,0.0398067962,3134.768,0.0,38.6074902,-0.0838761441,0.0,6405.79592,3098.46433,741.515227,0.0,0.0
1070.0,-25.7654937,6392.8564,154.255658,10.55967685,103.2642229,7.06921649,113.1313591,7.74486657,738.452944,250.53539,17.1913817,19.3740546,1.32948503,29.8430926,2.04734275,0.0396305222,3134.768,0.0,38.4480505,-0.0932084009,0.0,6392.8564,3091.29205,738.452944,0.0,0.0
1070.5,-26.782379,6373.47771,183.682115,10.9150228,122.5882059,7.28493174,134.0908195,7.96862999,735.074174,250.53539,14.92769945,19.2854091,1.14915316,30.4156428,1.81185763,0.0394543638,3134.768,0.0,38.2721322,-0.1022087436,0.0,6373.47771,3081.25548,735.074174,0.0,0.0
1071.0,-27.152212,6357.41534,219.057664,11.2473281,145.835938,7.48786604,159.299509,8.1792634,731.401275,250.53539,12.89512535,19.189047,0.98772513,30.8851469,1.58951872,0.0392783217,3134.768,0.0,38.0809007,-0.1098575689,0.0,6357.41534,3072.42723,731.401275,0.0,0.0
1071.5,-27.152212,6367.9299,253.977692,11.4864116,169.370881,7.65972521,184.819416,8.35843865,727.504285,250.587582,11.3516407,19.0907719,0.864858181,30.8742676,1.39865418,0.0391023954,3134.768,0.0,37.8780008,-0.1152456191,0.0,6367.9299,3074.52696,727.504285,0.0,0.0
1072.0,-27.152212,6396.99935,283.21189,11.5902961,189.728893,7.76426274,206.937166,8.4684905,723.459404,253.975962,10.4017252,19.2411559,0.788064032,31.1775935,1.27692937,0.0389265864,3134.768,0.0,37.667401,-0.1183807245,0.0,6396.99935,3084.26124,723.459404,0.0,0.0
1072.5,-27.152212,6431.23159,299.509534,11.5819048,201.713513,7.80012381,220.007547,8.5075389,719.341807,259.282593,10.02635335,19.5313864,0.755276411,31.7101334,1.22622401,0.0387508906,3134.768,0.0,37.4530159,-0.1193740988,0.0,6431.23159,3096.10131,719.341807,0.0,0.0
1073.0,-27.152212,6459.41127,300.0,11.499191,202.928391,7.77835847,221.403076,8.486502,715.22771,264.589222,10.1413494,19.8171405,0.759566787,32.2374347,1.23562019,0.0385753124,3134.768,0.0,37.2388131,-0.1185823492,0.0,6459.41127,3105.42495,715.22771,0.0,0.0
1073.5,-27.152212,6479.24811,300.0,11.42839485,203.551581,7.75421714,222.146186,8.4625699,711.142813,269.895855,10.2810493,20.0991472,0.765631903,32.7602519,1.24792712,0.0383998504,3134.768,0.0,37.0261302,-0.1177321319,0.0,6479.24811,3111.294,711.142813,0.0,0.0
1074.0,-27.152212,6492.05384,298.140587,11.3600792,202.689111,7.7231001,221.266479,8.4309671,707.08794,275.202485,10.48532985,20.3774795,0.776382445,33.2786405,1.26792144,0.0382245026,3127.06223,0.0,36.8150112,-0.1166725141,0.0,6492.05384,3114.25493,707.08794,0.0,0.0
1074.5,-27.152212,6481.777,226.770768,10.8479746,153.97706,7.36369832,168.452492,8.05798825,703.192386,280.456926,13.75745435,20.652167,1.012842164,33.3095454,1.62930779,0.0380492709,2967.35713,0.0,36.6121853,-0.104548662,0.0,6481.777,3107.70415,703.192386,0.0,0.0
1075.0,-27.152212,6279.505289999999,59.47333485,5.57059646,39.84943935,3.74423563,45.120469106,4.400224906,700.951432,282.37518,55.5237492,20.727316,4.07706455,27.8867354,5.25846199,0.0378741542,2749.31867,0.0,36.4955085,0.04008359324,0.0,6279.505289999999,3022.22889,700.951432,0.0,0.0
1075.5,-27.152212,5195.99381,6.666892963,1.211846616,3.36936264,0.560603913,4.437900811,0.928932445,706.593596,282.37518,95.5763074,20.8941559,7.06859358,25.8382192,8.74475975,0.0376991525,2531.28025,0.0,36.789272,0.1770604595,0.0,5195.99381,2574.66618,706.593596,0.0,0.0
1076.0,-27.152212,4494.86253,33.3101429,7.15220799,15.5874451,3.35348663,18.3015042,3.94317676,710.113291,282.37518,61.6820939,20.9982342,4.5866143,26.1481898,5.70943745,0.037524267,2323.20455,0.0,36.9725268,0.0568332722,0.0,4494.86253,2284.97534,710.113291,0.0,0.0
1076.5,-27.152212,4276.18041,76.1831144,11.2887178,34.1166568,5.05508591,37.5644942,5.56904026,710.894126,282.37518,42.6621428,21.0213234,3.17602322,26.9762016,4.07204532,0.0373494939,2270.1375,0.0,37.0131811,-0.011947283494,0.0,4276.18041,2194.43604,710.894126,0.0,0.0
1077.0,-27.152212,4364.40907,103.4862496,12.4806013,47.3084038,5.70421482,51.7680959,6.24200675,709.840844,282.37518,34.0946193,20.9901778,2.53444083,28.0620942,3.38756598,0.0371748378,2270.1375,0.0,36.9583425,-0.0416869938,0.0,4364.40907,2230.5337,709.840844,0.0,0.0
1077.5,-27.152212,4479.35337,99.8670637,12.11498755,46.8341906,5.68232435,51.28671,6.22265025,708.360749,282.37518,34.2826082,20.9464109,2.54302504,27.9729148,3.39542568,0.0370002961,2270.1375,0.0,36.8812798,-0.0403638556,0.0,4479.35337,2277.49861,708.360749,0.0,0.0
1078.0,-27.152212,4525.55944,82.3487968,11.3048973,39.026109,5.35755706,42.8668113,5.88504632,707.225266,282.37518,38.831168,20.9128348,2.87581687,27.0690918,3.72154856,0.0368258686,2270.1375,0.0,36.8221602,-0.0241704927,0.0,4525.55944,2296.06228,707.225266,0.0,0.0
1078.5,-27.152212,4491.58115,72.1121975,10.78138055,33.9196933,5.07114071,37.3502284,5.58403333,706.636804,282.37518,42.2158656,20.895433,3.12392065,26.8297537,4.01109625,0.0366515574,2270.1375,0.0,36.7915217,-0.01226735115,0.0,4491.58115,2281.58011,706.636804,0.0,0.0
1079.0,-27.152212,4444.650879999999,75.2123532,11.02356475,35.0053069,5.13072625,38.5187224,5.64572775,706.194196,282.37518,41.4136008,20.8823454,3.06264842,26.8509269,3.93795249,0.0364773591,2270.1375,0.0,36.768477,-0.0152540234,0.0,4444.650879999999,2261.79366,706.194196,0.0,0.0
1079.5,-27.152212,4437.16474,81.6911655,11.3931147,37.9589809,5.29393338,41.7065009,5.81660048,705.537233,282.37518,39.397437,20.8629189,2.91083834,26.9181759,3.75564606,0.0363032758,2270.1375,0.0,36.734272,-0.0223803841,0.0,4437.16474,2258.29502,705.537233,0.0,0.0
1080.0,-27.152212,4455.00368,83.9933139,11.4783876,39.185105,5.3549673,43.0332082,5.88084263,704.70126,282.37518,38.5894394,20.8381989,2.84775243,26.9280069,3.67998618,0.0361293055,2270.1375,0.0,36.6907464,-0.0250934543,0.0,4455.00368,2265.22978,704.70126,0.0,0.0
1080.5,-27.152212,4469.46024,82.440251,11.36383975,38.5852495,5.31873112,42.3905154,5.843267,703.849836,282.37518,38.9219449,20.8130219,2.86881481,26.887916,3.70615956,0.035955451,2270.1375,0.0,36.6464162,-0.0237673396,0.0,4469.46024,2270.74818,703.849836,0.0,0.0
1081.0,-27.152212,4470.30706,80.6187255,11.25463175,37.7400374,5.26862691,41.4807407,5.79084162,703.063306,282.37518,39.4192321,20.789764,2.90222382,26.8426527,3.7471985,0.0357817094,2270.1375,0.0,36.6054649,-0.0219204357,0.0,4470.30706,2270.64125,703.063306,0.0,0.0
1081.5,-27.152212,4464.76788,80.5149296,11.24715365,37.6446751,5.25859834,41.3788229,5.78022316,702.313374,282.37518,39.4462499,20.7675883,2.90111865,26.8188537,3.74644631,0.0356080822,2270.1375,0.0,36.5664197,-0.0217740236,0.0,4464.76788,2267.89839,702.313374,0.0,0.0
1082.0,-27.152212,4462.18662,81.5274735,11.2955646,38.0960852,5.27818113,41.8672477,5.80067376,701.543364,282.37518,39.1250014,20.7448193,2.87433835,26.809508,3.71464057,0.0354345694,2270.1375,0.0,36.5263283,-0.022850797,0.0,4462.18662,2266.37482,701.543364,0.0,0.0
1082.5,-27.152212,4464.34298,82.3634375,11.3266971,38.505325,5.29528678,42.3108493,5.81862601,700.735281,282.37518,38.8335597,20.7209234,2.84964018,26.7977177,3.68534888,0.0352611695,2270.1375,0.0,36.4842546,-0.023799125,0.0,4464.34298,2266.80023,700.735281,0.0,0.0
1083.0,-27.152212,4467.84072,82.567427,11.3220538,38.6309196,5.29726232,42.448657,5.82076929,699.905556,282.37518,38.72084,20.6963888,2.8380031,26.7775227,3.6718817,0.0350878835,2270.1375,0.0,36.4410543,-0.0241057433,0.0,4467.84072,2267.77119,699.905556,0.0,0.0
1083.5,-27.152212,4469.89161,82.4842112,11.3045442,38.6097008,5.29149836,42.4278541,5.81477988,699.072228,282.37518,38.699859,20.6717468,2.83308808,26.7532308,3.66656275,0.0349147116,2270.1375,0.0,36.3976663,-0.0240928775,0.0,4469.89161,2268.13807,699.072228,0.0,0.0
1084.0,-27.152212,4470.45487,82.5356156,11.2964341,38.6386309,5.2883683,42.4609236,5.81151558,698.238221,282.37518,38.6483492,20.6470848,2.82594214,26.7302264,3.65853432,0.034741652,2270.1375,0.0,36.3542431,-0.0241950696,0.0,4470.45487,2267.88539,698.238221,0.0,0.0
1084.5,-27.152212,4470.84223,82.806787,11.3001172,38.7689397,5.29055108,42.6033515,5.81380881,697.396639,282.37518,38.5346174,20.6221991,2.81423049,26.7096748,3.64496391,0.0345687075,2270.1375,0.0,36.3104262,-0.0245187059,0.0,4470.84223,2267.55519,697.396639,0.0,0.0
1085.0,-27.152212,4471.85441,83.1451077,11.3062979,38.9361518,5.29464334,42.7856908,5.81811415,696.542043,282.37518,38.398799,20.5969288,2.80087515,26.6896717,3.62939683,0.0343958745,2270.1375,0.0,36.2659308,-0.024917474,0.0,4471.85441,2267.47738,696.542043,0.0,0.0
1085.5,-27.1613532,4473.29282,83.4240614,11.30756055,39.0793476,5.29693769,42.94239,5.82054672,695.674391,282.37518,38.2745258,20.5712718,2.78833276,26.6754193,3.61571816,0.0342231555,2270.1375,0.0,36.2207561,-0.025280137,0.0,4473.29282,2267.56933,695.674391,0.0,0.0
1086.0,-27.7439647,4466.55416,85.0820655,11.37700405,39.7953275,5.32140951,43.7183422,5.84600349,694.772877,282.37518,37.7678897,20.5446142,2.74786716,26.7595865,3.57903043,0.0340505495,2270.1375,0.0,36.1738169,-0.0276626796,0.0,4466.55416,2264.23896,694.772877,0.0,0.0
1086.5,-28.6543526,4444.04236,92.6203946,11.70129535,43.1014136,5.44544949,47.2927777,5.97505347,693.691058,282.427768,35.7177903,20.5164414,2.59468293,27.1949394,3.43876516,0.0338780563,2270.1375,0.0,36.1174932,-0.0358527333,0.0,4444.04236,2254.23989,693.691058,0.0,0.0
1087.0,-29.5647406,4424.55271,105.8737649,12.1506986,49.0532937,5.62982007,53.7291401,6.16656433,692.262328,285.841782,32.8526391,20.721608,2.38164521,28.1619186,3.23605429,0.0337056755,2270.1375,0.0,36.0431048,-0.0468794831,0.0,4424.55271,2245.29594,692.262328,0.0,0.0
1087.5,-30.4751288,4413.59999,122.72089,12.6069429,56.7194526,5.82679088,62.012307,6.37063173,690.44815,291.188575,29.9588928,21.0538775,2.16618306,29.3671326,3.0208023,0.0335334083,2270.1375,0.0,35.9486485,-0.0579884181,0.0,4413.59999,2239.67916,690.44815,0.0,0.0
1088.0,-31.3855165,4409.37363,141.461273,13.0250196,65.319135,6.01427546,71.2922635,6.564347,688.264578,296.535353,27.3409997,21.3726468,1.97064932,30.5462208,2.81591789,0.0333612536,2270.1375,0.0,35.8349598,-0.0681172015,0.0,4409.37363,2236.64555,688.264578,0.0,0.0
1088.5,-32.2959045,4407.12685,161.586336,13.40067445,74.5737639,6.18458066,81.2673279,6.73977831,685.752255,301.882134,25.0670032,21.6785796,1.80015578,31.6696231,2.62933245,0.0331892101,2270.1375,0.0,35.704154,-0.0770403816,0.0,4407.12685,2234.24367,685.752255,0.0,0.0
1089.0,-33.2062928,4403.28865,183.550267,13.7535474,84.6360514,6.3419004,92.099952,6.90126239,682.947817,307.228924,23.0486034,21.972302,1.64844183,32.7511268,2.45670986,0.0330172801,2270.1375,0.0,35.5581386,-0.0850801035,0.0,4403.28865,2231.00907,682.947817,0.0,0.0
1089.5,-34.1166808,4396.39889,208.211676,14.1012679,95.8566007,6.49205435,104.164254,7.05478713,679.875783,312.523118,21.1918542,22.2503892,1.5088342,33.8057864,2.29206172,0.0328454634,2270.1375,0.0,35.3981913,-0.0925726576,0.0,4396.39889,2226.34852,679.875783,0.0,0.0
1090.0,-35.0270687,4387.51149,236.265398,14.4766554,108.5520718,6.65140271,117.7832281,7.21712215,676.542612,314.45587,19.2943135,22.2783743,1.36700895,34.5332938,2.11861851,0.0326737584,2270.1375,0.0,35.2246468,-0.1003712375,0.0,4387.51149,2220.70422,676.542612,0.0,0.0
1090.5,-35.9125328,4378.92388,267.72973,14.8514834,122.767627,6.81026663,133.008648,7.37845271,672.937183,314.45587,17.4673847,22.1596487,1.23097952,35.0402541,1.94619516,0.0325021643,2270.1375,0.0,35.0369276,-0.1080680241,0.0,4378.92388,2215.02563,672.937183,0.0,0.0
1091.0,-35.2300577,4393.30684,296.159979,15.0806076,136.258999,6.93806411,147.473323,7.50909022,669.108976,314.45587,16.01951395,22.0335864,1.12249871,35.422058,1.80447996,0.0323306837,2270.1375,0.0,34.8376097,-0.1123124342,0.0,4393.30684,2218.77516,669.108976,0.0,0.0
1091.5,-33.6515412,4468.1395,299.751982,14.8903736,140.25363,6.96699247,151.841506,7.54260587,665.238519,314.45587,15.621626,21.9061331,1.08826718,35.4259189,1.75990173,0.0321593136,2270.1375,0.0,34.6360909,-0.1111712027,0.0,4468.1395,2247.65366,665.238519,0.0,0.0
1092.0,-32.0730259,4580.277309999999,287.465845,14.4657954,137.854016,6.93785333,149.405675,7.51927504,661.445525,314.45587,15.8277137,21.7812317,1.09630261,35.2106899,1.77218523,0.0319880563,2270.1375,0.0,34.4386076,-0.1075773526,0.0,4580.277309999999,2292.1004,661.445525,0.0,0.0
1092.5,-30.4945104,4702.031590000001,246.685903,13.7538299,121.4118364,6.77145618,131.8826985,7.35573077,657.865978,314.45587,17.5751998,21.6633577,1.21069998,34.4518371,1.92469722,0.0318169104,2270.1375,0.0,34.2522353,-0.0983124096,0.0,4702.031590000001,2340.67315,657.865978,0.0,0.0
1093.0,-28.9159946,4799.980460000001,181.130795,12.690667,90.9990894,6.37818699,99.220211,6.95529156,654.7579,314.45587,22.2441849,21.5610093,1.52503227,32.7742885,2.31411931,0.0316458766,2270.1375,0.0,34.0904113,-0.0792222305,0.0,4799.980460000001,2379.61562,654.7579,0.0,0.0
1093.5,-27.3374792,4825.91444,106.7472171,11.05196015,53.9653591,5.58590028,59.2530364,6.13621506,652.636556,314.45587,33.3621609,21.491154,2.2799183,29.5801848,3.12219365,0.0314749546,2270.1375,0.0,33.9799619,-0.0384563984,0.0,4825.91444,2389.16826,652.636556,0.0,0.0
1094.0,-25.7589633,4704.03008,57.7579773,8.8688249,28.4907423,4.37131851,32.3288964,4.96323233,652.311286,314.45587,48.5889084,21.480443,3.31915422,27.7350651,4.28418934,0.0313041443,2270.1375,0.0,33.9630264,0.01647774547,0.0,4704.03008,2338.26143,652.311286,0.0,0.0
1094.5,-24.1804476,4525.721469999999,57.2269242,9.03387085,27.1086129,4.28029144,30.7156068,4.8508299,653.134503,314.45587,49.7755085,21.5075512,3.40441502,27.7084839,4.38561971,0.0311334438,2270.1375,0.0,34.0058873,0.0218395074,0.0,4525.721469999999,2264.54651,653.134503,0.0,0.0
1095.0,-22.6019319,4502.39627,67.6807519,9.8271068,31.9119004,4.63342463,35.6136725,5.17097875,653.627207,314.45587,45.6754759,21.523776,3.12637622,27.9138799,4.0545139,0.0309628555,2270.1375,0.0,34.0315415,0.00900226865,0.0,4502.39627,2255.12839,653.627207,0.0,0.0
1095.5,-21.0681721,4595.913869999999,91.5873074,10.61001655,44.2560227,5.11225606,48.8695807,5.6574125,653.805947,314.45587,39.0378799,21.529662,2.67287516,28.9066369,3.55713813,0.0307923784,2365.7613,0.015484587174,34.0408475,-0.0140275171,0.0,4595.913869999999,2294.14613,653.805947,-0.37952304,0.010387829
1096.0,-22.3447265,4945.2716,262.775291,13.1632874,136.625277,6.81863556,148.565805,7.41609224,650.10912,314.45587,16.31395,21.4079268,1.111255553,34.6461101,1.7875313,0.0306220123,2820.54522,1.003270933,33.8483706,-0.22348994,0.0,4945.2716,2437.35795,650.10912,-25.01826935,0.68025005
1096.5,-25.2274817,5289.25199,300.0,12.76538755,166.166752,7.06948538,180.787625,7.69149018,638.562862,314.45587,13.38312575,21.0277109,0.895001968,35.2721594,1.5012213,0.0304517569,2971.8743,2.5467647,33.2472056,-0.439057657,0.0,5289.25199,2573.74894,638.562862,-63.6056139,1.69930233
1097.0,-28.1102368,5457.71565,300.0,12.4428211,171.459196,7.11132984,186.689931,7.74302725,619.804302,314.45587,13.04412975,20.409996,0.846669013,34.6841704,1.43878693,0.0302816125,2971.8743,4.09025849,32.2705286,-0.645907305,0.0,5457.71565,2632.89493,619.804302,-102.1929554,2.65018649
1097.5,-30.9929918,5484.41275,300.0,12.43412205,172.297909,7.14120369,187.593761,7.77516554,593.910357,314.45587,13.03450765,19.5573158,0.810636943,33.6736942,1.39576623,0.030111579,2971.8743,5.6337522,30.922344,-0.85187856,0.0,5484.41275,2628.88449,593.910357,-140.7803014,3.4983569
1098.0,-33.8757471,5398.752289999999,300.0,12.6659765,169.606809,7.16039062,184.538381,7.79074914,560.908237,314.45587,13.2769229,18.4705642,0.779749849,32.4342648,1.3693152,0.0299416558,2971.8743,7.17724592,29.2040655,-1.057148355,0.0,5398.752289999999,2573.97095,560.908237,-179.367645,4.20941727
1098.5,-36.7585014,5224.7373,300.0,13.11574995,164.139964,7.17504049,178.362721,7.79671562,520.823583,314.45587,13.7483415,17.1505867,0.749620238,30.9406637,1.35249607,0.0297718435,2971.8743,8.7052857,27.1170312,-1.25981442,0.0,5224.7373,2478.15681,520.823583,-217.575464,4.74117496
1099.0,-39.6412569,4984.89556,300.0,13.7835135,156.605115,7.19344298,169.869523,7.80265057,475.436637,314.45587,14.44830505,15.6560062,0.719022751,29.0801823,1.3357231,0.029602142,2971.8743,9.2609625,24.7539289,-1.33392094,0.0,4984.89556,2351.8558,475.436637,-231.52406,4.61081169
1099.5,-42.5240118,4699.919,300.0,14.6656392,147.65231,7.21548379,159.794772,7.80875481,429.31708,314.45587,15.3730863,14.1373013,0.690729757,26.9881432,1.31879591,0.0294325506,2971.8743,9.2609625,22.3526836,-1.33410067,0.0,4699.919,2206.34607,429.31708,-231.52406,4.16354173
1100.0,-45.4067669,4392.06341,300.0,15.7474023,137.98074,7.23968259,148.930169,7.81405841,383.194328,314.45587,16.5063582,12.6184908,0.661887484,24.8282814,1.30268397,0.0292630691,2971.8743,9.2609625,19.951271,-1.33412304,0.0,4392.06341,2051.31428,383.194328,-231.52406,3.71624055
1100.5,-48.2605843,4079.54995,300.0,16.977414,128.1628422,7.24939084,137.942995,7.80245718,337.072056,314.45587,17.7956198,11.09969605,0.627600903,23.0450394,1.30349148,0.0290936981,2971.8743,9.2609625,17.5498836,-1.33403708,0.0,4079.54995,1894.34473,337.072056,-231.52406,3.26894407
1101.0,-49.298485,3807.01365,300.0,18.2277798,119.6008614,7.26473278,128.621272,7.81266148,290.981332,314.45587,19.1084714,9.58194055,0.581796534,21.1155473,1.2825083,0.0289244372,2971.8743,9.2609625,15.1501392,-1.33188981,0.0,3807.01365,1754.02835,290.981332,-231.52406,2.82195362
1101.5,-49.298485,3640.77757,300.0,19.1863731,114.3784005,7.31420413,123.0250101,7.86713066,244.984805,314.45587,20.1163353,8.0672867,0.515743149,19.0358252,1.217275,0.0287552859,2971.8743,9.2609625,12.7552992,-1.32916654,0.0,3640.77757,1657.99926,244.984805,-231.52406,2.37587675
1102.0,-49.298485,3561.71123,300.0,19.8723213,111.8944576,7.41177913,120.3214856,7.96996766,199.070662,314.45587,20.8408739,6.55534575,0.434207375,16.6599796,1.10368848,0.0285862452,2971.8743,9.2609625,10.36474835,-1.3270881,0.0,3561.71123,1598.29023,199.070662,-231.52406,1.93059869
1102.5,-49.298485,3548.46246,300.0,20.4243173,111.4782341,7.58961616,119.7897135,8.15546155,153.221199,314.45587,21.4278108,5.04553457,0.343621487,13.32383485,0.907459617,0.0284173138,2971.8743,9.2609625,7.97756473,-1.32541328,0.0,3548.46246,1566.00616,153.221199,-231.52406,1.48594794
1103.0,-49.298485,3584.9523,300.0,20.7966496,112.624599,7.807522,120.9095555,8.3818538,107.4212575,314.45587,21.8281647,3.53735436,0.245419289,9.66162067,0.670347311,0.0282484924,2971.8743,9.2609625,5.59296018,-1.32422348,0.0,3584.9523,1554.44761,107.4212575,-231.52406,1.041777508
1103.5,-49.298485,3654.04638,300.0,21.0451329,114.7952524,8.05308455,123.1103211,8.6363928,61.6559359,314.45587,22.1142624,2.03031417,0.1426791414,5.7643491,0.405102266,0.02807978,2971.8743,9.2609625,3.21015792,-1.3233756,0.0,3654.04638,1556.4761,61.6559359,-231.52406,0.597942803
1104.0,-49.298485,3745.64025,300.0,21.2233267,117.6727616,8.3248049,126.0493984,8.9174077,16.4155004824,314.45587,24.161119,0.540558205095,0.038492708215,1.59234104434,0.113397438112,0.0279111772,2971.8743,9.2609625,0.8546840814,-1.1354111577,0.0,3745.64025,1568.17347,16.4155004824,-200.45217,0.15911774252
1104.5,-49.298485,3824.59751,300.0,21.0352802,120.1532755,8.42469965,128.64418,9.02005115,0.01364320428,314.484206,22.79823457,0.00044928875,2.395271e-05,0.001359023111,7.2453094e-05,0.027742684,2971.8743,9.2454895,0.000710342617,0.0279075266,0.0,3824.59751,1591.45121,0.01364320428,-2.87915401,6.414207e-06
1105.0,-49.298485,3865.87433,300.0,20.7862626,121.450023,8.414928,130.029455,9.0093724,0.01753005521,316.302087,20.4897382,0.000580469681,3.0934913e-05,0.001755762097,9.3570454e-05,0.0275743002,2971.8743,8.25769176,0.000912714175,0.07635049985,0.0,3865.87433,1608.6291,0.01753005521,-3.9427176,7.982999e-06
1105.5,-49.298485,3887.01374,300.0,20.6480249,122.1141369,8.40470655,130.74431,8.99869225,0.01570158796,319.149419,24.4375267,0.000525052752,4.1983604e-05,0.001588158374,0.000126990061,0.0274060253,2971.8743,6.71419781,0.000817513779,-0.0130747479,0.0,3887.01374,1617.42429,0.01570158796,-2.5541032,4.644922e-06
1106.0,-49.298485,3896.89797,300.0,20.5704907,122.4246595,8.3944477,131.081846,8.9880564,0.01663908613,321.996426,24.5782844,0.000561299644,4.3642592e-05,0.00169782201,0.000132010234,0.0272378598,2971.8743,5.17070408,0.000866325233,-0.0205017192,0.0,3896.89797,1621.5377,0.01663908613,-1.11036594,1.862236e-06
1106.5,-49.298485,3900.44966,300.0,20.5267582,122.536241,8.3842388,131.206297,8.9774656,0.0140990264,324.843871,23.1057933,0.000480090388,3.4738623e-05,0.00145219337,0.000105078547,0.0270698028,2971.8743,3.62721036,0.000734075305,-0.0033958016,0.0,3900.44966,1623.01413,0.0140990264,0.0,0.0
1107.0,-49.298485,3900.41429,300.0,20.501902,122.535129,8.3740109,131.210074,8.96685375,0.01437604307,327.691476,24.4839531,0.000492415036,3.6856611e-05,0.001489448254,0.000111483122,0.026901855,2747.30952,2.08371658,0.000748498382,-0.011321317225,0.0,3900.41429,1622.99959,0.01437604307,-0.94001108,1.84323e-06
1107.5,-49.298485,3898.33633,300.0,20.4877226,122.4698481,8.36376105,131.145138,8.95621775,0.02680162079,330.462504,22.28209935,0.000928172559,5.3187111e-05,0.002807518044,0.000160878435,0.0267340166,2221.06215,0.555679195124,0.001395444469,0.0210253839,0.0,3898.33633,1622.14216,0.02680162079,-0.3824250765,1.034016e-06
1108.0,-49.298485,3895.09629,278.42247,20.4795897,113.5691859,8.3534924,121.6185055,8.9455617,0.03383457446,328.336301,23.13900018,0.001162002789,7.8252463e-05,0.00351472207,0.000236691136,0.0265662866,1699.74857,0.0,0.001761619923,0.07767572262,0.0,3895.09629,1620.79808,0.03383457446,0.0,0.0
1108.5,-49.298485,3891.0545,200.117362,20.4722108,81.5444185,8.3418176,87.3276795,8.9334454,0.1606958014,323.394944,33.0209484,0.00542452801,0.000592514997,0.01639788252,0.001791075414,0.0263986648,1514.141,0.0,0.00836673529,0.012106935497,0.0,3891.0545,1619.19032,0.1606958014,0.0,0.0
1109.0,-49.298485,3884.81504,136.820759,20.4403789,55.665624,8.3154958,59.6190674,8.9061259,1.161741091,318.453142,48.0629665,0.038669982,0.00616489746,0.1164701183,0.0185641844,0.0262311519,1514.141,0.0,0.060486833,0.0495663709,0.0,3884.81504,1617.17854,1.161741091,0.0,0.0
1109.5,-49.298485,3868.55143,76.0670041,20.2565086,30.8300772,8.2062948,33.0317783,8.7928051,4.17149994,313.511345,87.0460476,0.1367490138,0.0407977535,0.407152872,0.1213524814,0.0260637476,1514.141,0.0,0.217191953,0.142512135,0.0,3868.55143,1612.16852,4.17149994,0.0,0.0
1110.0,-49.298485,3776.84342,30.1971102,18.7749062,11.982269,7.43027348,12.8734786,7.98555553,14.2494977,308.569546,199.872707,0.459716805,0.3155165695,1.33909455,0.91808389,0.0258964517,1514.141,0.0,0.741909713,0.47958717,0.0,3776.84342,1579.89258,14.2494977,0.0,0.0
1110.5,-49.298485,3538.11357,37.8187542,18.813981,13.96206815,6.96691442,15.0407321,7.50582327,30.7722866,303.676335,159.095,0.97810553,0.500674958,2.7003363,1.38731217,0.0257292637,1514.141,0.0,1.60217988,0.347649016,0.0,3538.11357,1490.20289,30.7722866,0.0,0.0
1111.0,-49.298485,3452.82356,71.4031003,20.4409781,25.8156031,7.39095399,27.7705073,7.95096097,38.0230915,301.8898,87.9412651,1.20205542,0.348886233,3.20859959,0.931684846,0.0255621842,1514.141,0.0,1.9796979,0.114570893,0.0,3452.82356,1458.94681,38.0230915,0.0,0.0
1111.5,-49.298485,3472.73998,99.0241305,20.8598018,36.0187156,7.58600384,38.7135653,8.1536658,40.4075674,301.8898,63.905237,1.27743786,0.27025986,3.39635441,0.718504738,0.0253952127,1514.141,0.0,2.10384726,0.0360573586,0.0,3472.73998,1468.62641,40.4075674,0.0,0.0
1112.0,-49.298485,3511.10413,116.3495904,20.8577601,42.7836876,7.66899812,45.9638274,8.2390656,41.0340395,301.8898,54.1945821,1.29724304,0.232869726,3.46872105,0.622643632,0.025228349,1514.141,0.0,2.13646492,0.004635789238,0.0,3511.10413,1484.95581,41.0340395,0.0,0.0
1112.5,-49.298485,3543.3033,125.2887389,20.7639991,46.4901958,7.70453771,49.9336997,8.275214,40.9315394,301.8898,50.0510734,1.29400259,0.214542438,3.47445176,0.576047863,0.0250615934,1514.141,0.0,2.13112818,-0.00860971501,0.0,3543.3033,1498.29429,40.9315394,0.0,0.0
1113.0,-49.298485,3565.07249,128.645024,20.6672799,48.0277041,7.71577572,51.5809197,8.2866094,40.5337597,301.8898,48.5045081,1.28142727,0.205889345,3.4493979,0.554219905,0.0248949452,1514.141,0.0,2.11041755,-0.0134452971,0.0,3565.07249,1507.12037,40.5337597,0.0,0.0
1113.5,-49.298485,3577.53997,128.860654,20.5914067,48.276188,7.71434174,51.8474152,8.28500935,40.0486163,301.849944,48.2359476,1.26592379,0.202295463,3.41300792,0.545401063,0.0247284048,1514.141,0.0,2.08515819,-0.0141811906,0.0,3577.53997,1512.0249,40.0486163,0.0,0.0
1114.0,-49.298485,3583.51919,127.6587824,20.5475865,47.9058501,7.71079419,51.450083,8.281264,39.5582048,299.26169,48.170421,1.23971655,0.199547753,3.34699963,0.538741799,0.0245619726,1514.141,0.0,2.05962458,-0.0143151168,0.0,3583.51919,1514.22656,39.5582048,0.0,0.0
1114.5,-49.298485,3586.06275,125.950873,20.5237556,47.298513,7.70731889,50.7983796,8.2776241,39.0595371,295.207945,48.1061595,1.20750812,0.196768978,3.26465486,0.531991267,0.0243956477,1514.141,0.0,2.03366113,-0.0144799685,0.0,3586.06275,1514.99377,39.0595371,0.0,0.0
1115.0,-49.298485,3586.64757,124.2458125,20.5106045,46.6658394,7.70363641,50.1196026,8.2737865,38.557582,291.154202,48.0659839,1.17562276,0.194078273,3.18290577,0.525452368,0.0242294297,1514.141,0.0,2.00752642,-0.01458535405,0.0,3586.64757,1514.94401,38.557582,0.0,0.0
1115.5,-49.298485,3586.27845,122.8043398,20.5054252,46.1196919,7.70089869,49.5335999,8.27094085,38.0476617,287.10046,47.9413678,1.14392448,0.19101562,3.10172786,0.517935638,0.024063319,1514.141,0.0,1.98097714,-0.0149777423,0.0,3586.27845,1514.49267,38.0476617,0.0,0.0
1116.0,-49.298485,3585.6705,121.705206,20.5055162,45.6991581,7.69962739,49.0822218,8.2696235,37.5171523,283.046712,47.6920501,1.11204932,0.187373378,3.02031259,0.508904407,0.0238973159,1514.141,0.0,1.95335582,-0.015782697,0.0,3585.6705,1513.92996,37.5171523,0.0,0.0
1116.5,-49.298485,3585.26579,120.9153155,20.5083793,45.3974347,7.69983319,48.7581441,8.26984125,36.9518871,279.032826,47.3298407,1.07976279,0.183149155,2.93805095,0.498352069,0.0237314205,1514.141,0.0,1.92392493,-0.016957703,0.0,3585.26579,1513.43151,36.9518871,0.0,0.0
1117.0,-49.298485,3584.89821,120.4089813,20.5041251,45.2026971,7.6974468,48.5494766,8.26736135,36.3577081,277.56735,47.2681348,1.05680168,0.179966739,2.88038505,0.490511751,0.0235656315,1514.141,0.0,1.89298863,-0.0171484444,0.0,3584.89821,1512.9316,36.3577081,0.0,0.0
1117.5,-49.298485,3583.97569,120.328272,20.5007553,45.160771,7.69420105,48.5051319,8.263992,35.7679974,277.56735,47.2926627,1.03966069,0.177140467,2.8381625,0.483574437,0.0233999493,1514.141,0.0,1.8622849,-0.0170612511,0.0,3583.97569,1512.2034,35.7679974,0.0,0.0
1118.0,-49.298485,3590.30208,186.615619,20.7612771,70.2230767,7.80591364,75.3776843,8.3801121,34.8295639,277.56735,34.9401771,1.012383411,0.1280828164,2.85019906,0.357161624,0.0232343737,1704.56663,0.0,1.81342471,-0.0577814756,0.0,3590.30208,1514.28793,34.8295639,0.0,0.0
1118.5,-49.298485,3635.05809,300.0,20.9055202,114.1987183,7.95786289,122.5193796,8.5376834,31.5838439,277.56735,19.3506621,0.918040775,0.0640079258,2.71522834,0.189311461,0.0230689054,2491.30056,0.0,1.64443411,-0.1094340439,0.0,3635.05809,1531.0161,31.5838439,0.0,0.0
1119.0,-49.298485,3669.53727,300.0,20.7428915,115.2819134,7.97090723,123.6702285,8.55089845,27.796686,277.56735,19.200915,0.807960272,0.0558947366,2.39710432,0.165831586,0.0229035437,3320.85698,0.0,1.44725317,-0.1096342974,0.0,3669.53727,1543.15185,27.796686,0.0,0.0
1119.5,-49.298485,3690.96175,300.0,20.6542957,115.9549825,7.98321888,124.3828934,8.56346015,24.00447,277.598375,19.1222156,0.69780519,0.0480698558,2.0761344,0.143019018,0.0227382885,3984.69636,0.0,1.2498089,-0.109730522,0.0,3690.96175,1549.85246,24.00447,0.0,0.0
1120.0,-49.298485,3705.16443,300.0,20.6039845,116.4011735,7.99442274,124.8536855,8.5749406,20.2159312,279.613114,19.215214,0.591840001,0.0406727379,1.7650894,0.121301363,0.0225731396,4040.1296,0.0,1.0525561,-0.1093190912,0.0,3705.16443,1553.5502,20.2159312,0.0,0.0
1120.5,-49.298485,3715.24237,300.0,20.5760043,116.717781,8.0052835,125.1862537,8.5861079,16.44874435,282.768618,19.4083598,0.486968979,0.033424543,1.4556201,0.0999107342,0.022408097,4040.1296,0.0,0.856414976,-0.1086118431,0.0,3715.24237,1555.54405,16.44874435,0.0,0.0
1121.0,-49.298485,3723.08743,300.0,20.5613077,116.9642401,8.0164585,125.4437698,8.59762595,12.70638845,285.924104,19.615279,0.380351765,0.0260934418,1.139641376,0.0781833226,0.0222431612,4040.1296,0.0,0.661566666,-0.1078835091,0.0,3723.08743,1556.62333,12.70638845,0.0,0.0
1121.5,-49.298485,3729.77764,300.0,20.5540122,117.1744192,8.02801495,125.6623617,8.60955235,8.98956014,289.079603,19.8328501,0.272034094,0.0186631949,0.817144413,0.0560610843,0.0220783308,4040.1296,0.0,0.468047507,-0.1071339221,0.0,3729.77764,1557.23697,8.98956014,0.0,0.0
1122.0,-49.298485,3735.76827,300.0,20.5489227,117.362623,8.0389181,125.8577984,8.620807,5.47737674,292.235102,20.0549908,0.167538021,0.01149751035,0.504535594,0.0346243985,0.0219136076,4040.1296,0.0,0.285183311,-0.0903523778,0.0,3735.76827,1557.679,5.47737674,0.0,0.0
1122.5,-49.298485,3740.42484,300.0,20.5380509,117.5089118,8.0446796,126.0110188,8.6267353,2.8944314,295.359568,20.2701914,0.0894703578,0.00614016241,0.26997366,0.0185277244,0.0217489899,4040.1296,0.0,0.1507005216,-0.0609235871,0.0,3740.42484,1558.10842,2.8944314,0.0,0.0
1123.0,-49.298485,3743.28699,300.0,20.5247474,117.5988271,8.0456205,126.106451,8.6276767,1.152968239,296.50034,20.378301,0.0357990197,0.00245954354,0.108172118,0.00743188257,0.0215844779,4040.1296,0.0,0.0600300691,-0.041164957,0.0,3743.28699,1558.28255,1.152968239,0.0,0.0
1123.5,-49.298485,3744.32865,300.0,20.5105104,117.6315538,8.0422774,126.1429742,8.62418935,0.11867180603,296.50034,22.2905697,0.00368469328,0.000257744888,0.011143064131,0.000779461168,0.0214200715,4040.1296,0.0,0.006178727459,-0.02210678635,0.0,3744.32865,1558.11207,0.11867180603,0.0,0.0
1124.0,-49.298485,3743.12015,300.0,20.4937178,117.5935884,8.0330998,126.1069544,8.614668,0.025163637894,296.50034,23.9680353,0.000781316892,5.8446829e-05,0.002363311357,0.000176788893,0.021255772,4040.1296,0.0,0.001310161786,-0.01869712748,0.0,3743.12015,1557.55461,0.025163637894,0.0,0.0
1124.5,-49.298485,3740.40638,300.0,20.4835876,117.5083308,8.0233073,126.020795,8.6045267,0.02973991566,296.50034,23.5252129,0.000923407718,6.8041347e-05,0.002793086558,0.000205808875,0.0210915766,4040.1296,0.0,0.001548428704,-0.01770423322,0.0,3740.40638,1556.42805,0.02973991566,0.0,0.0
1125.0,-49.298485,3736.87404,300.0,20.4780518,117.397359,8.0135639,125.907178,8.59444565,0.03162530461,296.50034,20.90955096,0.000981948043,6.1295292e-05,0.00297018498,0.00018540465,0.0209274876,3962.86182,0.0,0.001646592844,0.0114710619,0.0,3736.87404,1554.95932,0.03162530461,0.0,0.0
1125.5,-49.298485,2917.99452,91.4566808,-5.2261738,37.646067485,-0.160696365,41.08835335,0.53980825,4.2743997134,296.50034,165.197078,0.132717720575,0.131878910438,0.39432542972,0.391789116665,0.0207937147,1412.764465,0.0,0.222549500078,0.45475152983,0.0,2917.99452,1216.694833,4.2743997134,0.0,0.0
1126.0,-49.298485,937.821272,20.4092222,20.4092222,2.00403833,2.00403833,2.42771899,2.42771899,29.6241559,296.50034,296.50034,0.919813488,0.919813488,2.64120858,2.64120858,0.0207584045,421.86603,0.0,1.54240161,0.789391174,0.0,937.821272,407.531688,29.6241559,0.0,0.0
1126.5,-49.298485,931.479844,20.3426776,20.3426776,1.98435701,1.98435701,2.40697384,2.40697384,56.9021368,296.50034,296.50034,1.76677957,1.76677957,4.86784104,4.86784104,0.0206636285,421.86603,0.0,2.96264816,0.789402177,0.0,931.479844,420.820382,56.9021368,0.0,0.0
1127.0,-49.298485,886.928382,21.7845014,20.16594,2.02123449,1.87295399,2.47779055,2.29556055,83.4980973,296.50034,275.276944,2.59256928,2.39560437,6.76090579,6.2547397,0.0205183985,421.86603,0.0,4.3473847,0.72084894,0.0,886.928382,417.811382,83.4980973,0.0,0.0
1127.5,-49.298485,849.528511,25.8274967,20.3840312,2.29698404,1.8134003,2.83793502,2.24034091,105.8960765,296.50034,234.293399,3.28801394,2.59303921,8.00763675,6.31909617,0.0203547247,421.86603,0.0,5.51355057,0.587700468,0.0,849.528511,415.327018,105.8960765,0.0,0.0
1128.0,-49.298485,826.767757,28.6440897,20.3987835,2.47951395,1.76610437,3.07918537,2.19316062,124.816251,296.50034,211.255548,3.8754748,2.75850382,8.9267912,6.3562374,0.0201911084,421.86603,0.0,6.49864214,0.512959548,0.0,826.767757,416.903454,124.816251,0.0,0.0
1128.5,-49.298485,805.545504,30.8367108,20.4036336,2.60092814,1.7211769,3.24560744,2.14774432,141.653477,296.447606,196.196384,4.39743947,2.9086196,9.6610627,6.39162806,0.0200275978,421.86603,0.0,7.37528367,0.464040731,0.0,805.545504,417.90386,141.653477,0.0,0.0
1129.0,-49.298485,787.170819,32.313895,20.4269177,2.6635631,1.68384317,3.33758417,2.10992127,157.048594,293.013673,185.232598,4.81824123,3.04515379,10.15620505,6.41943915,0.0198641918,421.86603,0.0,8.17684098,0.428333154,0.0,787.170819,419.247109,157.048594,0.0,0.0
1129.5,-49.298485,769.11567,33.1751336,20.4123999,2.67185994,1.64404713,3.36207153,2.06873144,171.372582,287.633102,176.974882,5.16124594,3.1751339,10.4849506,6.45063023,0.019700891,421.86603,0.0,8.922629,0.401440791,0.0,769.11567,420.0979,171.372582,0.0,0.0
1130.0,-49.298485,751.197138,33.8123239,20.4159685,2.65977238,1.60602531,3.36074335,2.02927542,184.867419,282.252549,170.416407,5.46359286,3.29846907,10.7332165,6.48010102,0.0195376952,421.86603,0.0,9.62524675,0.380009497,0.0,751.197138,420.521395,184.867419,0.0,0.0
1130.5,-49.27626,733.900418,34.2739538,20.413286,2.63402397,1.56884185,3.34164665,1.99029808,197.687069,276.871962,164.891635,5.73115036,3.41296812,10.929965,6.50910667,0.0193746034,421.86603,0.0,10.2927104,0.361955008,0.0,733.900418,420.809411,197.687069,0.0,0.0
1131.0,-47.8588888,722.391224,33.6047567,19.8858368,2.54229917,1.50442114,3.23855532,1.9164355,209.968831,271.491411,160.609503,5.96895862,3.53113768,11.11088415,6.57301076,0.0192116167,421.86603,0.0,10.93216865,0.350455062,0.0,722.391224,423.191577,209.968831,0.0,0.0
1131.5,-45.644123,708.316235,31.8614296,18.8966154,2.36355235,1.40178597,3.02908894,1.79650796,221.994148,266.163569,157.806745,6.18702507,3.66829257,11.2717394,6.68299325,0.0190487345,421.86603,0.0,11.558275,0.34546526,0.0,708.316235,424.356368,221.994148,0.0,0.0
1132.0,-43.4293568,690.095739,30.5157562,17.9573458,2.20543746,1.29785843,2.8462572,1.67495432,233.87084,264.21692,155.422158,6.47090927,3.80618969,11.55125065,6.79461528,0.0188859564,421.86603,0.0,12.176643,0.341731704,0.0,690.095739,423.709383,233.87084,0.0,0.0
1132.5,-41.2145909,673.113855,29.4232011,17.0575048,2.07415206,1.20248308,2.70113214,1.56594876,245.62299,264.21692,153.118702,6.79607648,3.93822465,11.8959742,6.89370237,0.0187232826,421.86603,0.0,12.78852675,0.338182025,0.0,673.113855,423.505095,245.62299,0.0,0.0
1133.0,-38.9998256,657.102758,28.2357062,16.1376096,1.943114,1.11058198,2.56302789,1.46487095,257.259161,264.21692,150.952184,7.11803446,4.06646384,12.2262367,6.98487525,0.0185607135,421.86603,0.0,13.3943715,0.33510126,0.0,657.102758,423.63704,257.259161,0.0,0.0
1133.5,-36.7850597,641.206784,26.9775306,15.21567675,1.81163681,1.021814164,2.42464465,1.3675415,268.800042,264.21692,148.966461,7.43735598,4.19301382,12.5442668,7.07231285,0.0183982482,421.86603,0.0,13.9952553,0.332599441,0.0,641.206784,423.761236,268.800042,0.0,0.0
1134.0,-34.5702937,625.375509,25.6697807,14.2952591,1.68127487,0.93630982,2.2923221,1.27658056,280.259392,264.21692,147.08419,7.75442182,4.31655206,12.85041295,7.15339534,0.0182358871,421.86603,0.0,14.59189445,0.33042018,0.0,625.375509,423.864758,280.259392,0.0,0.0
1134.5,-32.3555276,609.66215,24.2993404,13.37131905,1.55154877,0.853801508,2.15653688,1.18669583,291.65283,264.297563,145.376295,8.07216977,4.43989743,13.1508271,7.23341481,0.0180736303,421.86603,0.0,15.18510105,0.328801498,0.0,609.66215,423.978851,291.65283,0.0,0.0
1135.0,-30.1407623,591.9875,23.2719835,12.42929325,1.44280032,0.770663142,2.04860347,1.0941707,303.003895,269.54892,143.881685,8.55372595,4.56528845,13.7069864,7.31608796,0.0179114767,421.86603,0.0,15.77610185,0.327894241,0.0,591.9875,423.252104,303.003895,0.0,0.0
1135.5,-27.9529469,575.744342,22.4895612,11.53760775,1.35605347,0.695743984,1.96523025,1.00822446,314.32292,277.777214,142.420796,9.1440682,4.68776102,14.4186619,7.39219515,0.0177494275,421.86603,0.0,16.3654346,0.326966909,0.0,575.744342,423.102298,314.32292,0.0,0.0
1136.0,-27.455037,553.485522,22.9182752,11.25075655,1.32797377,0.652028603,1.96008781,0.962344664,325.555203,286.005509,140.428093,9.751307,4.78722662,15.12994825,7.42824935,0.0175874815,421.86603,0.0,16.950251,0.321290417,0.0,553.485522,420.398687,325.555203,0.0,0.0
1136.5,-27.9230503,535.048477,24.6256059,11.53393125,1.37957707,0.646221952,2.0550521,0.962600265,336.491202,294.23381,137.828507,10.36876345,4.85647269,15.8372037,7.41818133,0.0174256394,421.86603,0.0,17.5196413,0.311529711,0.0,535.048477,419.11235,336.491202,0.0,0.0
1137.0,-28.391064,520.262444,26.184758,11.7283397,1.42638943,0.638955577,2.14138476,0.959212991,347.107706,302.462106,135.489401,10.9949495,4.92470638,16.5467297,7.41176925,0.0172639007,421.86603,0.0,18.0723967,0.30276522,0.0,520.262444,419.15867,347.107706,0.0,0.0
1137.5,-28.8590773,505.648799,27.7879615,11.9273081,1.47121118,0.631541932,2.22557911,0.955343354,357.432064,310.609757,133.335498,11.6268703,4.99059111,17.2530489,7.40585259,0.0171022656,421.86603,0.0,18.6099411,0.294591306,0.0,505.648799,419.106142,357.432064,0.0,0.0
1138.0,-29.3270909,560.418904,39.2336693,15.35172775,2.41799023,0.934627944,3.33877506,1.297817482,367.334856,313.5867,125.6510565,12.06280725,4.8315404,17.6025944,7.05360526,0.0169407337,477.847967,0.0,19.125537,0.262929898,0.0,560.418904,447.678558,367.334856,0.0,0.0
1138.5,-29.7951038,1338.88249,80.4219084,21.7268652,11.56664221,3.03875151,13.27528965,3.49858495,374.109276,313.5867,86.4673349,12.2852708,3.38602254,17.570059,4.84307779,0.0167793057,838.783294,0.0,19.4782518,0.12432138,0.0,1338.88249,775.55851,374.109276,0.0,0.0
1139.0,-30.2631175,2125.02294,69.3242246,16.3530465,15.18222895,3.60254755,16.9692964,4.02974859,377.288211,313.5867,76.3385619,12.389663,3.01701753,17.6750197,4.30216702,0.0166179801,1063.53036,0.0,19.643765,0.1001958961,0.0,2125.02294,1104.533537,377.288211,0.0,0.0
1139.5,-30.731131,2103.98024,33.5724964,10.61198835,7.38992721,2.33594256,8.52501375,2.69497254,382.531963,313.5867,99.188027,12.5618613,3.97334646,17.7904367,5.62720915,0.0164567578,1063.6542,0.0,19.9167845,0.183415839,0.0,2103.98024,1098.83931,382.531963,0.0,0.0
1140.0,-31.1991445,1975.58687,44.0904494,12.91366895,9.1209653,2.67149313,10.4251285,3.05363167,388.459315,313.5867,92.0287465,12.7565079,3.74334802,17.9202955,5.25882901,0.0162956386,1063.6542,0.0,20.2253965,0.155512364,0.0,1975.58687,1048.87481,388.459315,0.0,0.0
1140.5,-31.6435706,1994.0926,47.0685821,13.3397941,9.82884705,2.78559837,11.20218635,3.17481634,393.565679,313.608508,88.8764675,12.9250979,3.66293808,18.0944873,5.12793644,0.0161346218,1063.6542,0.0,20.4912621,0.143878028,0.0,1994.0926,1059.55675,393.565679,0.0,0.0
1141.0,-30.6095929,2003.59268,45.1579753,12.83486185,9.4745663,2.69288985,10.82258545,3.07604595,398.573069,315.028506,89.5165799,13.1489074,3.7363772,18.3595569,5.21701174,0.0159737083,1063.6542,0.0,20.7519752,0.14785818,0.0,2003.59268,1066.43357,398.573069,0.0,0.0
1141.5,-28.7305625,2003.00849,41.0476102,11.8993137,8.61022925,2.49600632,9.8839128,2.86525445,403.880771,317.253495,91.9423839,13.4181191,3.88875036,18.6952693,5.41812113,0.0158128972,1063.6542,0.0,21.0283244,0.159339751,0.0,2003.00849,1069.28963,403.880771,0.0,0.0
1142.0,-26.851532,1992.22093,37.7552143,11.10661275,7.87694223,2.31718194,9.08434425,2.67237838,409.566275,319.478482,93.953238,13.70244225,4.02971412,19.0465285,5.60132827,0.0156521892,1063.6542,0.0,21.3243442,0.169214884,0.0,1992.22093,1068.12055,409.566275,0.0,0.0
1142.5,-24.9725018,1982.98779,34.7628918,10.3367338,7.21902538,2.14656815,8.3889975,2.49448262,415.570353,321.703459,95.628214,14.0001466,4.16166534,19.4092835,5.76956777,0.0154915838,1063.6542,0.0,21.6369508,0.177948943,0.0,1982.98779,1067.78431,415.570353,0.0,0.0
1143.0,-23.0934714,1973.42486,31.9293755,9.5523432,6.59864144,1.97411807,7.81560174,2.33821699,421.852414,323.928456,96.8791046,14.31007775,4.27982377,19.7814805,5.91619017,0.0153310805,1063.6542,0.0,21.9640303,0.185323063,0.0,1973.42486,1067.47316,421.852414,0.0,0.0
1143.5,-21.2144409,1964.10727,29.1683146,8.7735666,5.99958585,1.80461759,7.25236779,2.18146277,428.382891,326.163098,98.072962,14.63185675,4.39963798,20.1647645,6.06331377,0.0151706799,1063.6542,0.0,22.3040439,0.192490271,0.0,1964.10727,1067.40916,428.382891,0.0,0.0
1144.0,-19.3354104,1954.36015,26.4469126,7.9858244,5.41286087,1.63444818,6.68285275,2.01793979,435.163895,329.016702,99.3088479,14.9935674,4.52560285,20.5979977,6.2172193,0.0150103814,1063.6542,0.0,22.6571014,0.199795993,0.0,1954.36015,1067.3127,435.163895,0.0,0.0
1144.5,-17.4563803,1944.29399,23.8008629,7.20571375,4.84622772,1.46719427,6.11301503,1.85072284,442.196565,332.226669,100.5374266,15.3845247,4.65563464,21.0656178,6.37483135,0.0148501851,1063.6542,0.0,23.0232619,0.207051238,0.0,1944.29399,1067.23041,442.196565,0.0,0.0
1145.0,-15.5773498,1934.09374,21.150964,6.42175051,4.28410822,1.30071796,5.52497553,1.67747257,449.481359,335.43664,101.793923,15.7890664,4.79147804,21.5459048,6.53848968,0.01469009065,1063.6542,0.0,23.4025494,0.214389455,0.0,1934.09374,1067.2395,449.481359,0.0,0.0
1145.5,-13.7141403,1923.45467,18.5159276,5.63841839,3.72979421,1.13578493,4.92170072,1.49874878,457.020751,338.646605,103.0682189,16.2075351,4.93283699,22.0389024,6.70763425,0.0145300987,1063.6542,0.0,23.7950936,0.221751196,0.0,1923.45467,1067.21473,457.020751,0.0,0.0
1146.0,-12.8427849,1905.94089,17.1500785,5.18372472,3.42293921,1.03462624,4.5850537,1.38588247,464.75775,341.856576,103.3192575,16.6381415,5.02840496,22.53607,6.81093421,0.0143702085,1063.88784,0.0,24.1979256,0.224064053,0.0,1905.94089,1064.44469,464.75775,0.0,0.0
1146.5,-12.5383633,2694.25342,261.452992,19.3881392,76.3729753,5.4303093,83.1521545,5.9254794,468.242343,345.066766,29.4802724,16.9200314,1.44603118,27.4713,2.26178359,0.01421042045,2694.02263,0.0,24.3793532,-0.0392388147,0.0,2694.25342,1394.502,468.242343,0.0,0.0
1147.0,-12.2339416,3979.15568,300.0,14.7797884,125.0088638,6.12823598,135.9301704,6.6629761,466.009582,348.291386,17.1708421,16.9966943,0.838024032,30.7508599,1.51474592,0.01405073345,4030.531,0.0,24.263103,-0.0706842549,0.0,3979.15568,1927.85563,466.009582,0.0,0.0
1147.5,-11.92952015,4879.66941,300.0,12.3072232,153.299335,6.2767851,167.402143,6.85391576,463.485652,351.524319,14.4271503,17.061549,0.700281574,32.031568,1.31427808,0.01389114875,4030.531,0.0,24.1316928,-0.074807017,0.0,4879.66941,2301.09236,463.485652,0.0,0.0
1148.0,-11.6250988,5592.72036,300.0,10.86948395,175.700491,6.35947197,192.534311,6.96854666,460.859266,354.757247,12.8577691,17.1208901,0.620558239,32.8387959,1.19013176,0.0137316656,4006.40509,0.0,23.9949481,-0.0769256401,0.0,5592.72036,2596.26447,460.859266,0.0,0.0
1148.5,-11.320677,6190.18116,300.0,9.82966135,194.470275,6.36754393,215.765466,7.06388933,458.174984,357.990184,11.7336325,17.1762833,0.563002612,33.1109099,1.08528613,0.01357228365,3646.08518,0.0,23.8551889,-0.0782939,0.0,6190.18116,2843.30506,458.174984,0.0,0.0
1149.0,-11.0162555,6700.59474,275.913847,8.919086,193.234705,6.25381411,217.98965,7.05802293,455.468816,361.223121,11.7642973,17.2290339,0.561053275,33.2265572,1.08166244,0.0134130033,3178.35266,0.0,23.7142909,-0.0761550593,0.0,6700.59474,3054.11184,455.468816,0.0,0.0
1149.5,-10.711834,6762.315669999999,49.13559972,-6.28878572,36.61509152,-3.958298555,43.96370099,-3.15870285,456.863105,364.351566,148.5086506,17.431783,7.155783902,28.0762918,11.28671137,0.01325382425,2710.75487,0.0,23.7868857,0.3929139947,0.0,6762.315669999999,3080.60848,456.863105,0.0,0.0
1150.0,-10.4074123,5395.76835,4.536111485,-0.101668429,2.465394056,-0.110295324,3.49931611,0.23939084,473.744188,360.780731,116.699853,17.8978978,5.78055188,24.363863,7.91674952,0.01309474595,2501.4875,0.0,24.6658106,0.279018621,0.0,5395.76835,2521.83481,473.744188,0.0,0.0
1150.5,-10.10604675,5285.71584,22.4163936,4.62156243,12.4102784,2.55844933,15.3325934,3.16151159,479.827274,353.352904,73.1970984,17.7547785,3.67759062,23.8969896,4.94977866,0.0129357692,2501.4875,0.0,24.9825307,0.130170081,0.0,5285.71584,2479.593,479.827274,0.0,0.0
1151.0,-9.996444,5336.44921,20.728309,4.42346948,11.5822154,2.47178861,14.3696066,3.06717405,484.212066,345.925085,73.9476554,17.5403795,3.74990789,23.5509564,5.03467663,0.01277689365,2501.4875,0.0,25.2108276,0.132872672,0.0,5336.44921,2503.26373,484.212066,0.0,0.0
1151.5,-9.996444,5328.7346,17.101293,3.93573269,9.5430207,2.19623784,11.97090125,2.75500196,489.109963,338.497271,77.8997601,17.3373265,3.98997051,23.1923974,5.33742131,0.01261811905,2501.4875,0.0,25.4658395,0.146307951,0.0,5328.7346,2502.91349,489.109963,0.0,0.0
1152.0,-9.996444,5308.89589,17.9193321,4.09946,9.96210525,2.27906443,12.4531267,2.84895388,494.061082,331.069446,75.7642425,17.1285486,3.91978491,22.8715715,5.2340546,0.0124594459,2501.4875,0.0,25.7236234,0.138906089,0.0,5308.89589,2497.54944,494.061082,0.0,0.0
1152.5,-9.996444,5305.49844,18.0901129,4.1639312,10.0507035,2.3134413,12.5466724,2.88796058,498.765294,323.674414,74.499801,16.9054113,3.89115756,22.529487,5.18564577,0.012300873,2501.4875,0.0,25.9685508,0.134499496,0.0,5305.49844,2498.88239,498.765294,0.0,0.0
1153.0,-9.996444,5300.4156,17.5917194,4.10961671,9.76444645,2.28107847,12.2040078,2.85098731,503.407239,318.38213,74.374614,16.7838861,3.92076934,22.3166352,5.21322932,0.0121424007,2501.4875,0.0,26.210237,0.133988231,0.0,5300.4156,2499.4778,503.407239,0.0,0.0
1153.5,-9.996444,5292.45543,17.5463069,4.11581105,9.72459155,2.2810825,12.1529994,2.85071009,508.004092,314.300448,73.7269314,16.7200153,3.92209844,22.1853557,5.20412921,0.01198402925,2501.4875,0.0,26.4495755,0.131681758,0.0,5292.45543,2498.84962,508.004092,0.0,0.0
1154.0,-9.996444,5286.21031,17.5358597,4.1282411,9.7073419,2.2852731,12.1284992,2.85525466,512.511585,310.21877,73.030672,16.6493114,3.91954031,22.0468875,5.19021989,0.0118257583,2501.4875,0.0,26.6842615,0.129208799,0.0,5286.21031,2498.88293,512.511585,0.0,0.0
1154.5,-9.996444,5280.310820000001,17.4179511,4.12472176,9.6313124,2.28077682,12.0347396,2.84992899,516.944769,306.137088,72.495342,16.5723712,3.92446688,21.9004537,5.18619318,0.0116675881,2501.4875,0.0,26.9150782,0.12728594,0.0,5280.310820000001,2499.01655,516.944769,0.0,0.0
1155.0,-9.996444,5274.13861,17.3126709,4.12406244,9.56190565,2.27774645,11.9485103,2.84626078,521.311855,302.055417,71.9527011,16.4895506,3.9279959,21.7476173,5.18052151,0.01150951805,2501.4875,0.0,27.1424531,0.1253358106,0.0,5274.13861,2498.99814,521.311855,0.0,0.0
1155.5,-9.9889251,5268.12333,17.2150006,4.12510187,9.4971184,2.27572223,11.8675979,2.84374227,525.610714,298.013736,71.4098912,16.403078,3.930512,21.5913057,5.17371231,0.0113515485,2501.4875,0.0,27.3662763,0.123392255,0.0,5268.12333,2499.00528,525.610714,0.0,0.0
1156.0,-9.5088675,5266.001450000001,16.40230045,3.98721127,9.0450966,2.19876089,11.3361316,2.75573612,529.894679,296.53702,72.0752966,16.4549693,3.99957473,21.6094907,5.25240335,0.0111936792,2501.4875,0.0,27.5893235,0.1261466016,0.0,5266.001450000001,2500.62367,529.894679,0.0,0.0
1156.5,-8.75875115,5263.6326,14.27086775,3.60486627,7.86631641,1.98704815,9.9403609,2.51101872,534.430673,296.53702,74.8974666,16.595827,4.19178705,21.7271997,5.48781791,0.0110359098,2501.4875,0.0,27.8254925,0.136607528,0.0,5263.6326,2502.28647,534.430673,0.0,0.0
1157.0,-8.00863463,5255.10907,12.55552725,3.27720576,6.90958971,1.80351323,8.75700005,2.28571698,539.320165,296.53702,77.3836325,16.7476616,4.37052816,21.8569705,5.70382916,0.0108782404,2501.4875,0.0,28.080067,0.145869298,0.0,5255.10907,2501.59478,539.320165,0.0,0.0
1157.5,-7.2585182,5247.21702,11.0833862,2.97702962,6.09027563,1.63586002,7.71890317,2.07331281,544.507609,296.53702,79.6315095,16.9087492,4.54075212,21.9963608,5.90695524,0.01072067135,2501.4875,0.0,28.3501561,0.154295513,0.0,5247.21702,2501.33969,544.507609,0.0,0.0
1158.0,-6.50840175,5239.39445,9.6187218,2.6597508,5.27758683,1.45934303,6.68912683,1.84965811,549.993334,296.53702,81.9750943,17.079099,4.7214821,22.1430209,6.12134404,0.01056320205,2501.4875,0.0,28.6357743,0.163044737,0.0,5239.39445,2501.28778,549.993334,0.0,0.0
1158.5,-5.75828524,5230.90223,8.25299176,2.34493337,4.52091265,1.28452824,5.73029346,1.62815014,555.777074,296.53702,84.22789,17.2587029,4.90224652,22.2980474,6.3335984,0.0104058321,2501.4875,0.0,28.9369074,0.17147915,0.0,5230.90223,2501.1311,555.777074,0.0,0.0
1159.0,-5.00816876,5222.09406,6.96976883,2.03149113,3.81155958,1.11095829,4.83137559,1.40820497,561.84692,296.53702,86.3989955,17.447192,5.08352714,22.4608904,6.54430215,0.01024856265,2501.4875,0.0,29.2529386,0.179630064,0.0,5222.09406,2501.01015,561.84692,0.0,0.0
1159.5,-4.25805229,5212.94667,5.75098846,1.71731096,3.1395517,0.937502807,3.97973093,1.18838917,568.194967,296.53702,88.5084975,17.6443196,5.26648124,22.6311019,6.75488893,0.01009139225,2501.4875,0.0,29.5834537,0.187566214,0.0,5212.94667,2500.91047,568.194967,0.0,0.0
1160.0,-3.50793585,5203.43258,4.59510467,1.40317337,2.50397669,0.764618494,3.17420552,0.969280752,574.81124,296.53702,90.4977748,17.8497763,5.44754272,22.8213694,6.9647804,0.00993432135,2501.4875,0.0,29.9279341,0.195097051,0.0,5203.43258,2500.81479,574.81124,0.0,0.0
1160.5,-2.76532184,5193.58284,3.49707425,1.089892872,1.90204905,0.592787922,2.41126963,0.751490426,581.679842,296.53702,92.347941,18.0630693,5.62532955,23.0339231,7.17336608,0.00977735025,2501.4875,0.0,30.2855535,0.202150656,0.0,5193.58284,2500.7267,581.679842,0.0,0.0
1161.0,-2.4952786,5180.60662,3.00591886,0.939004499,1.63072105,0.50941504,2.06742615,0.645835711,588.723156,296.53702,92.6549306,18.2817873,5.71217793,23.2669709,7.26982832,0.0096204786,2501.4875,0.0,30.6522678,0.203367325,0.0,5180.60662,2499.43972,588.723156,0.0,0.0
1161.5,-2.4952786,5169.11088,3.20776208,0.987116689,1.73638101,0.534333096,2.20149592,0.677461992,595.665041,296.53702,91.261221,18.4973548,5.69261901,23.4896286,7.22902166,0.00946370605,2501.4875,0.0,31.0137012,0.1984196,0.0,5169.11088,2498.70965,595.665041,0.0,0.0
1162.0,-2.4952786,2958.986406,-43.5070718,-44.080725283,-12.5069555573,-12.753598073,-11.277204402,-11.5965946478,609.359184,296.53702,190.5356384,18.9226042,12.15126915,25.3261958,16.65997941,0.0093367944,1520.982825,0.0,31.7266974,0.597453396,0.0,2958.986406,1587.056464,609.359184,0.0,0.0
1162.5,-2.4952786,565.179878,18.15302285,5.40916592,1.054993444,0.314206697,1.9854806,0.591826821,622.701374,296.53702,88.803719,19.3369228,5.79067646,24.3746824,7.29931562,0.00920159475,680.50085,0.0,32.4213665,0.181358876,0.0,565.179878,598.76626,622.701374,0.0,0.0
1163.0,-2.4952786,791.01763,2.586940656,0.815593318,0.2160163169,0.0681097809,0.394486352,0.1243772059,629.310075,296.53702,93.513258,19.5421441,6.16282334,24.5992592,7.75761737,0.0090450872,680.50085,0.0,32.765453,0.204222178,0.0,791.01763,696.597786,629.310075,0.0,0.0
1163.5,-2.4952786,739.410543,2.73784831,0.851144231,0.2115498095,0.0657684578,0.398070066,0.1237542976,636.372361,296.53702,92.572736,19.7614518,6.16899478,24.8229933,7.74910434,0.0088886788,680.50085,0.0,33.1331557,0.200735648,0.0,739.410543,679.247306,636.372361,0.0,0.0
1164.0,-2.4952786,731.90367,3.32908555,1.026229979,0.255169934,0.0786594853,0.481609117,0.148462099,643.217157,296.53702,91.3772073,19.9740045,6.15490241,25.0377157,7.71527296,0.00873236925,680.50085,0.0,33.4895338,0.196184255,0.0,731.90367,680.120278,643.217157,0.0,0.0
1164.5,-2.4952786,723.433321,3.19943247,0.977699348,0.242377903,0.0740678401,0.459465398,0.140406717,649.952718,296.470638,90.5963236,20.1786272,6.16619798,25.2444202,7.71421665,0.00857615875,680.50085,0.0,33.8402268,0.193366438,0.0,723.433321,680.528531,649.952718,0.0,0.0
1165.0,-2.4952786,713.998294,3.21836208,0.988650584,0.240639318,0.0739210787,0.458385966,0.140810588,656.582978,292.157168,89.7455375,20.0875276,6.17060605,25.0816503,7.70471321,0.00842004685,680.50085,0.0,34.1854346,0.190220988,0.0,713.998294,680.473909,656.582978,0.0,0.0
1165.5,-2.4952786,705.049417,3.16513852,0.986226944,0.233694193,0.0728157685,0.447221116,0.139348481,663.106984,285.40074,88.9247025,19.8179639,6.17492087,24.7032922,7.6970876,0.0082640334,680.50085,0.0,34.5251125,0.187198136,0.0,705.049417,680.559546,663.106984,0.0,0.0
1166.0,-2.4952786,696.03858,3.12144956,0.987078233,0.22752263,0.0719470339,0.437454408,0.138332305,669.526601,278.644303,88.1111686,19.536122,6.17766442,24.3156732,7.68902825,0.00810811875,680.50085,0.0,34.8593541,0.184195387,0.0,696.03858,680.558433,669.526601,0.0,0.0
1166.5,-2.4952786,687.203862,3.07613563,0.988019123,0.221374024,0.0711015741,0.427600036,0.137338696,675.843882,271.887864,87.324173,19.2422814,6.1802571,23.9147734,7.68095825,0.0079523025,680.50085,0.0,35.1882675,0.181280749,0.0,687.203862,680.570855,675.843882,0.0,0.0
1167.0,-2.4952786,678.506956,3.02836569,0.988766446,0.215178334,0.0702548448,0.417532631,0.136323551,682.061911,265.131423,86.5627891,18.9367466,6.1827382,23.5009889,7.67292165,0.00779658482,680.50085,0.0,35.5120137,0.178451719,0.0,678.506956,680.582668,682.061911,0.0,0.0
1167.5,-2.4952786,669.942775,2.97897753,0.989326707,0.208997534,0.0694074738,0.407373235,0.135288288,688.183523,258.441365,85.8256619,18.6246063,6.18510939,23.080648,7.6649173,0.00764096547,680.50085,0.0,35.8307395,0.175703874,0.0,669.942775,680.593427,688.183523,0.0,0.0
1168.0,-2.4952786,661.293605,2.96937986,0.987279796,0.205628162,0.0683692866,0.40264902,0.133876301,694.211903,255.9984,85.1155696,18.610495,6.18766956,23.0306462,7.65730137,0.00748544412,680.50085,0.0,36.1446107,0.173050391,0.0,661.293605,680.514365,694.211903,0.0,0.0
1168.5,-2.4952786,652.867558,3.00576117,0.991189691,0.20549628,0.0677656975,0.40419688,0.133290023,700.14895,255.9984,84.4177205,18.7696556,6.18942423,23.1954626,7.64887174,0.00733002124,680.50085,0.0,36.4537277,0.170428542,0.0,652.867558,680.474818,700.14895,0.0,0.0
1169.0,-2.4952786,644.703289,3.03138442,0.991667229,0.204656587,0.0669505705,0.404518461,0.132332061,705.99697,255.9984,83.7447255,18.9264298,6.1913674,23.3572674,7.64082579,0.00717469601,680.50085,0.0,36.7582085,0.16789545,0.0,644.703289,680.492225,705.99697,0.0,0.0
1169.5,-2.4952786,636.635944,3.05740636,0.992322057,0.203830461,0.0661564346,0.405890012,0.131737433,711.758342,255.9984,83.0872834,19.0808812,6.19289194,23.5162078,7.63242827,0.00701946909,680.50085,0.0,37.0581783,0.165414753,0.0,636.635944,680.499358,711.758342,0.0,0.0
1170.0,-2.4952786,628.689943,3.08325549,0.993013579,0.202988256,0.0653762527,0.407339957,0.131190991,717.434993,255.9984,82.4480655,19.2330615,6.1942609,23.6723367,7.62399451,0.00686434,680.50085,0.0,37.3537372,0.16299533,0.0,628.689943,680.507528,717.434993,0.0,0.0
1170.5,-2.4952786,620.859678,3.10870101,0.993664815,0.202114452,0.0646043394,0.408702204,0.130637923,723.029066,255.9984,81.8268068,19.3830276,6.19552235,23.8257333,7.61557909,0.00670930862,680.50085,0.0,37.6449962,0.16063646,0.0,620.859678,680.51563,723.029066,0.0,0.0
1171.0,-2.4952786,613.141986,3.13383968,0.994304575,0.201216175,0.0638423445,0.40999003,0.130082014,728.54259,255.9984,81.222648,19.5308346,6.196675,23.976475,7.60717824,0.00655437523,680.50085,0.0,37.9320616,0.158335288,0.0,613.141986,680.523543,728.54259,0.0,0.0
1171.5,-2.4952786,605.534346,3.15866521,0.994928533,0.200293798,0.0630897784,0.411203116,0.129522723,733.977515,255.9984,80.6348215,19.6765348,6.19772234,24.1246366,7.59879288,0.00639953932,680.50085,0.0,38.2150341,0.156089351,0.0,605.534346,680.531358,733.977515,0.0,0.0
1172.0,-2.4952786,598.03406,3.18318738,0.99553778,0.199348669,0.0623464922,0.41234323,0.128960188,739.335715,255.9984,80.062608,19.8201779,6.19866569,24.2702892,7.59042216,0.00624480111,680.50085,0.0,38.4940129,0.153896292,0.0,598.03406,680.539064,739.335715,0.0,0.0
1172.5,-2.4952786,590.638674,3.20741499,0.996132978,0.19838202,0.0616123186,0.413411948,0.128394501,744.618974,255.9984,79.5053226,19.961812,6.19950756,24.413501,7.5820666,0.00609016031,680.50085,0.0,38.7690894,0.1517539,0.0,590.638674,680.546644,744.618974,0.0,0.0
1173.0,-2.4952786,583.345748,3.23135579,0.99671468,0.197395007,0.0608870951,0.414410754,0.127825741,749.829025,255.9984,78.9623364,20.1014837,6.20024956,24.5543376,7.57372592,0.00593561694,680.50085,0.0,39.0403536,0.149660113,0.0,583.345748,680.554119,749.829025,0.0,0.0
1173.5,-2.4952786,576.153,3.25501762,0.997283438,0.196388738,0.0601706627,0.415341079,0.127253973,754.967508,255.9984,78.433038,20.2392359,6.20089409,24.6928605,7.56539983,0.00578117091,680.50085,0.0,39.307892,0.14761297,0.0,576.153,680.561458,754.967508,0.0,0.0
1174.0,-2.4952786,569.058218,3.27840755,0.997839732,0.195364258,0.0594628698,0.416204299,0.126679285,760.035993,255.9984,77.9168711,20.3751124,6.20144254,24.8291309,7.55708828,0.00562682211,680.50085,0.0,39.5717856,0.145610633,0.0,569.058218,680.568712,760.035993,0.0,0.0
1174.5,-2.4952786,935.33749,70.47811665,12.49619188,9.238527222,1.5219282441,10.879395712,1.823285919,764.310118,255.9984,59.2196078,20.4896938,4.73881583,25.4690033,5.85160723,0.00547257059,998.22594,0.0,39.7943214,0.06489765003,0.0,935.33749,835.475858,764.310118,0.0,0.0
1175.0,-2.4952786,2765.07315,273.942485,17.9157069,81.1412871,5.08292335,88.725549,5.56546472,763.507073,255.9984,17.4539125,20.4681653,1.39588223,31.1673125,2.10056588,0.00531841597,2082.15291,0.0,39.7525095,-0.0796407326,0.0,2765.07315,1596.3735,763.507073,0.0,0.0
1175.5,-2.53153549,4275.30322,300.0,12.870869,134.3126125,5.72732455,146.885567,6.26294203,760.447014,255.9984,10.9950815,20.386131,0.875655272,32.4602289,1.39423731,0.0051643586,3198.25927,0.0,39.5931863,-0.0916266935,0.0,4275.30322,2223.00468,760.447014,0.0,0.0
1176.0,-4.84450326,5367.301359999999,300.0,10.5470539,168.618744,5.91485714,185.603907,6.5094838,757.201776,255.9984,9.0060581,20.299133,0.714167416,32.3709297,1.13885602,0.00501039806,4198.61946,0.0,39.424222,-0.0965021722,0.0,5367.301359999999,2675.49822,757.201776,0.0,0.0
1176.5,-8.45869524,6126.90067,300.0,9.2365003,192.482262,5.9211123,216.057525,6.64532916,753.770941,255.9984,7.88514267,20.2071588,0.622436327,32.2762265,0.994182868,0.00485653429,4361.9,0.0,39.2455922,-0.1018687102,0.0,6126.90067,2989.5699,753.770941,0.0,0.0
1177.0,-12.07288695,6618.991,300.0,8.5204257,207.941732,5.90417162,236.566955,6.71660192,750.163373,255.9984,7.27251916,20.1104469,0.571320656,32.1763148,0.914093836,0.00470276741,4361.9,0.0,39.0577617,-0.1067642877,0.0,6618.991,3192.22584,750.163373,0.0,0.0
1177.5,-15.68707895,6893.58119,300.0,8.16040695,216.568243,5.89060089,248.144302,6.74939191,746.393168,255.9984,6.9643272,20.0093747,0.544352886,32.0715352,0.872499074,0.00454909712,4361.9,0.0,38.8614629,-0.1112919312,0.0,6893.58119,3304.28351,746.393168,0.0,0.0
1178.0,-19.3012711,6982.12065,300.0,8.04557085,219.349787,5.88264288,251.911715,6.75590557,742.471323,255.9984,6.86561422,19.904237,0.533811566,31.9621458,0.857192316,0.00439552352,4361.9,0.0,38.6572695,-0.1155494987,0.0,6982.12065,3338.83544,742.471323,0.0,0.0
1178.5,-22.9154631,6907.95576,300.0,8.12845875,217.019833,5.87989342,248.820822,6.74146056,738.406137,255.9984,6.93572006,19.7952573,0.53630415,31.8483294,0.862855717,0.00424204636,4361.9,0.0,38.445613,-0.1195886719,0.0,6907.95576,3305.60131,738.406137,0.0,0.0
1179.0,-26.5296545,6691.31472,300.0,8.3951921,210.213851,5.88173999,239.742041,6.70776171,734.204826,255.9984,7.16270873,19.6826281,0.55069892,31.7302403,0.887784593,0.00408866569,4361.9,0.0,38.2268699,-0.1234251283,0.0,6691.31472,3213.00223,734.204826,0.0,0.0
1179.5,-30.1438466,6352.16156,300.0,8.85263385,199.55904,5.88684627,225.587772,6.65431678,729.874468,255.9984,7.5523814,19.5665392,0.577227703,31.6080305,0.932470845,0.00393538138,4361.9,0.0,38.0014067,-0.127052335,0.0,6352.16156,3069.34961,729.874468,0.0,0.0
1180.0,-33.7580387,5911.94058,300.0,9.5234175,185.729092,5.89261753,207.383866,6.57900824,725.422619,255.9984,8.12397191,19.4471944,0.617120052,31.4818665,0.999032376,0.00378219341,4361.9,0.0,37.7696169,-0.130447096,0.0,5911.94058,2883.57109,725.422619,0.0,0.0
1180.5,-37.3359302,5395.42272,300.0,10.4296742,169.502205,5.8881666,186.548134,6.47977984,720.857995,255.9984,8.8966033,19.3248258,0.671553725,31.3519501,1.08952511,0.0036291016,4361.9,0.0,37.5319582,-0.133542044,0.0,5395.42272,2665.97892,720.857995,0.0,0.0
1181.0,-38.6372,4862.06093,300.0,11.42688425,152.74615,5.81378103,167.4116,6.37189202,716.22539,255.9984,9.747483,19.200634,0.731056065,31.2195184,1.18868892,0.00347610584,4361.9,0.0,37.2907565,-0.133774247,0.0,4862.06093,2441.33818,716.22539,0.0,0.0
1181.5,-38.6372,4417.93746,300.0,12.38825355,138.793598,5.72823684,151.886661,6.26856021,711.623395,255.9984,10.5680606,19.0772636,0.787511629,31.0873808,1.28330797,0.00332320625,4361.9,0.0,37.0511519,-0.132467593,0.0,4417.93746,2253.84803,711.623395,0.0,0.0
1182.0,-38.6372,4072.16813,300.0,13.2535643,127.9309345,5.64971795,139.847305,6.17594547,707.064915,255.9984,11.3068514,18.9550591,0.837173814,30.9559157,1.36722155,0.00317040256,4361.9,0.0,36.8138109,-0.131266966,0.0,4072.16813,2107.3092,707.064915,0.0,0.0
1182.5,-38.6372,3812.31589,300.0,13.9862664,119.7674355,5.5824023,130.822838,6.0976856,702.545497,255.9984,11.9325963,18.8339024,0.877863931,30.825008,1.43679148,0.00301769474,4361.9,0.0,36.5785051,-0.130211145,0.0,3812.31589,1996.54393,702.545497,0.0,0.0
1183.0,-38.6372,3623.14209,300.0,14.5717534,113.824366,5.52802968,124.2657,6.03511713,698.059816,255.9984,12.43273555,18.7136497,0.908824148,30.6945118,1.49068137,0.0028650827,4361.9,0.0,36.3449557,-0.129315621,0.0,3623.14209,1915.20816,698.059816,0.0,0.0
1183.5,-38.6372,3489.15646,300.0,15.018458,109.6150837,5.4871279,119.6262119,5.98826377,693.602434,255.9984,12.81451075,18.594156,0.930754923,30.5429663,1.52886768,0.00271256648,4361.9,0.0,36.1128786,-0.128571039,0.0,3489.15646,1856.85309,693.602434,0.0,0.0
1184.0,-38.6372,3396.68366,300.0,15.349202,106.7099675,5.45952823,116.4290322,5.95677604,689.168549,255.9984,13.09718135,18.4752917,0.945208778,30.3299307,1.55169954,0.00256014588,4361.9,0.0,35.8820242,-0.127953309,0.0,3396.68366,1815.78559,689.168549,0.0,0.0
1184.5,-38.6372,3334.19747,300.0,15.5815642,104.7469019,5.44031807,114.2641301,5.93462049,684.754075,255.9984,13.29574795,18.356948,0.953395661,30.136996,1.56521078,0.00240782077,4361.9,0.0,35.6521827,-0.127443473,0.0,3334.19747,1787.20703,684.754075,0.0,0.0
1185.0,-38.6372,3292.45514,300.0,15.74011465,103.4355266,5.42691932,112.816355,5.91909963,680.35574,255.9984,13.4312498,18.2390371,0.956927877,29.9641648,1.57209848,0.00225559118,4328.30246,0.0,35.423179,-0.127015041,0.0,3292.45514,1767.26955,680.35574,0.0,0.0
1185.5,-38.6372,3264.73337,300.0,15.8462784,102.564621,5.41754187,111.8544984,5.90823998,675.971157,255.9984,13.5219869,18.1214947,0.957185325,29.8054192,1.57433631,0.00210345709,3810.91503,0.0,35.1948942,-0.12664501,0.0,3264.73337,1753.17421,675.971157,0.0,0.0
1186.0,-38.6372,3246.33792,300.0,15.9164539,101.986714,5.41088218,111.2163925,5.90056063,671.598611,255.9984,13.58196785,18.0042753,0.955213114,29.6562147,1.57340511,0.00195141822,3135.54084,0.0,34.9672348,-0.126315774,0.0,3246.33792,1742.96662,671.598611,0.0,0.0
1186.5,-38.6372,3234.07939,300.0,15.9624461,101.6015996,5.40603039,110.7915515,5.8950103,667.236933,255.9984,13.6212806,17.8873469,0.951757025,29.5133045,1.57035606,0.00179947462,2465.15709,0.0,34.7401403,-0.126014649,0.0,3234.07939,1735.31902,667.236933,0.0,0.0
1187.0,-38.6372,3225.82965,300.0,15.99239105,101.3424275,5.40235762,110.5064379,5.8908722,662.885308,255.9984,13.6468776,17.7706885,0.947327099,29.3744632,1.56590617,0.00164762622,2206.1528,0.0,34.5135711,-0.12573288,0.0,3225.82965,1729.34537,662.885308,0.0,0.0
1187.5,-38.6372,3220.17559,300.0,16.0117061,101.1647985,5.39940289,110.3131671,5.88767279,658.543178,255.9984,13.663389,17.6542842,0.942260723,29.2382113,1.56052898,0.00149587286,2206.1528,0.0,34.2874945,-0.12546464,0.0,3220.17559,1724.45731,658.543178,0.0,0.0
1188.0,-38.6372,3216.19986,300.0,16.0242808,101.0398995,5.39697218,110.1779638,5.88507519,654.21015,255.9984,13.6741386,17.5381241,0.936797518,29.1034915,1.55456086,0.00134421457,2206.1528,0.0,34.0618923,-0.125205749,0.0,3216.19986,1720.27298,654.21015,0.0,0.0
1188.5,-38.6372,3213.31743,300.0,16.0324909,100.9493456,5.39489812,110.080372,5.88287512,649.88596,255.9984,13.6811576,17.4222006,0.931083265,28.9696576,1.54820657,0.00119265115,2206.1528,0.0,33.8367504,-0.124953634,0.0,3213.31743,1716.54874,649.88596,0.0,0.0
1189.0,-38.6372,3211.14814,300.0,16.0378666,100.8811922,5.39306359,110.0073034,5.88094137,645.570389,255.9984,13.685754,17.3065079,0.925211199,28.8362921,1.54159701,0.00104118265,2206.1528,0.0,33.6120568,-0.1247066431,0.0,3211.14814,1713.12621,645.570389,0.0,0.0
1189.5,-38.6372,3209.44514,300.0,16.0414053,100.8276924,5.39139282,109.950268,5.8791892,641.263279,255.9984,13.6887797,17.1910432,0.919241637,28.7031233,1.53481711,0.000889808873,2206.1528,0.0,33.3878052,-0.1244636914,0.0,3209.44514,1709.9027,641.263279,0.0,0.0
1190.0,-38.6372,3208.04892,300.0,16.0437549,100.7838301,5.38983699,109.9037663,5.87756377,636.964508,255.9984,13.69079025,17.0758012,0.913213536,28.569973,1.52792168,0.000738529819,2206.1528,0.0,33.1639861,-0.1242240707,0.0,3208.04892,1706.81171,636.964508,0.0,0.0
1190.5,-38.6372,3206.85618,300.0,16.0453376,100.7463575,5.38836437,109.8642451,5.87602953,632.673972,255.9984,13.6921443,16.9607799,0.907151922,28.4367258,1.52094598,0.000587345366,2206.1528,0.0,32.9405967,-0.1239873136,0.0,3206.85618,1703.81017,632.673972,0.0,0.0
1191.0,-38.6372,3205.80026,300.0,16.0464244,100.7131853,5.38695494,109.829405,5.87456415,628.391575,255.9984,13.6930746,16.8459775,0.901072907,28.303305,1.51391283,0.000436255459,2206.1528,0.0,32.7176313,-0.1237531145,0.0,3205.80026,1700.87035,628.391575,0.0,0.0
1191.5,-38.6372,3204.83815,300.0,16.047191,100.6829596,5.3855957,109.7977687,5.87315261,624.117237,255.9984,13.6937319,16.7313904,0.894986744,28.1696607,1.50683665,0.000285260024,2206.1528,0.0,32.4950844,-0.1235212756,0.0,3204.83815,1697.97428,624.117237,0.0,0.0
1192.0,-38.6372,3203.94226,300.0,16.0477522,100.654814,5.38427851,109.7683788,5.87178599,619.850881,255.9984,13.6942133,16.6170175,0.888900015,28.0357592,1.49972681,0.000134358961,2206.1528,0.0,32.2729536,-0.1232916585,0.0,3203.94226,1695.11039,619.850881,0.0,0.0
1192.5,-38.6372,2886.0195,300.0,6.4192266,90.6669774,2.15335086,111.1925668,2.34834053,615.483748,255.9984,5.4777931,16.4999428,0.353856424,28.0714787,0.59789362,1.13265e-05,2206.1528,0.0,32.0455759,-0.1332987721,0.0,2886.0195,1560.27044,615.483748,0.0,0.0
1193.0,-38.6372,1297.015841,300.0,0.0,40.746954,0.0,63.0960951,0.0,610.689276,255.9984,0.0,16.3714121,0.0,28.0350832,0.0,-3.09858e-07,2206.1528,0.0,31.795948,-0.139871931,0.0,1297.015841,896.274821,610.689276,0.0,0.0
1193.5,-38.6372,62.9229042,299.955489,0.0,1.976611251,0.0,5.529931899,0.0,605.573578,255.9984,0.0,16.2342698,0.0,27.8720813,0.0,-3.09858e-07,2206.1528,0.0,31.5295959,-0.178835261,0.0,62.9229042,379.772621,605.573578,0.0,0.0
1194.0,-38.6372,17.65385251,299.99607,0.0,0.554602876,0.0,1.574502491,0.0,599.774114,255.9984,0.0,16.0787978,0.0,27.6862815,0.0,-3.09858e-07,2206.1528,0.0,31.2276432,-0.204540674,0.0,17.65385251,357.549578,599.774114,0.0,0.0
1194.5,-38.6372,29.99128339,299.985693,0.0,0.942134063,0.0,2.6862666266,0.0,593.951463,255.961556,0.0,15.920422,0.0,27.4946928,0.0,-3.09858e-07,2206.1528,0.0,30.9244827,-0.180684006,0.0,29.99128339,359.283471,593.951463,0.0,0.0
1195.0,-38.6372,12.60850709,300.0,0.0,0.3961079338,0.0,1.1323489084,0.0,588.156425,253.561431,0.0,15.61744165,0.0,27.0510249,0.0,-3.09858e-07,2206.1528,0.0,30.6227611,-0.138706702,0.0,12.60850709,348.666687,588.156425,0.0,0.0
1195.5,-38.6333459,28.83820129,299.988754,0.0,0.905937505,0.0,2.588781136,0.0,582.351969,249.801155,0.0,15.2340008,0.0,26.4660865,0.0,-3.09858e-07,2206.1528,0.0,30.3205483,-0.169405668,0.0,28.83820129,352.030812,582.351969,0.0,0.0
1196.0,-38.3875779,17.2738678,300.0,0.0,0.542674573,0.0,1.55133723,0.0,576.580378,246.042144,0.0,14.8560531,0.0,25.9153624,0.0,-3.09858e-07,2206.1528,0.0,30.0200455,-0.137821756,0.0,17.2738678,343.848803,576.580378,0.0,0.0
1196.5,-38.0035482,25.0237383,299.994952,0.0,0.786137876,0.0,2.2417,0.0,570.830842,242.28259,0.0,14.4831762,0.0,25.3820741,0.0,-3.09858e-07,2206.1528,0.0,29.7206924,-0.171010246,0.0,25.0237383,343.716474,570.830842,0.0,0.0
1197.0,-37.6195181,31.95434132,299.765607,0.0,1.0027088215,0.0,2.865486982,0.0,565.117648,238.523093,0.0,14.11573945,0.0,24.8526605,0.0,-3.09858e-07,2206.1528,0.0,29.4232308,-0.150870819,0.0,31.95434132,343.264452,565.117648,0.0,0.0
1197.5,-37.2354886,27.321985,299.822107,0.0,0.8574531275,0.0,2.449938851,0.0,559.44689,234.800437,0.0,13.7559905,0.0,24.3310912,0.0,-3.09858e-07,2206.1528,0.0,29.1279792,-0.149716414,0.0,27.321985,338.025784,559.44689,0.0,0.0
1198.0,-36.8514587,27.4897392,300.0,0.0,0.863615639,0.0,2.46880755,0.0,553.808881,233.44142,0.0,13.5383725,0.0,24.0567329,0.0,-3.09858e-07,2206.1528,0.0,28.8344323,-0.134847972,0.0,27.4897392,334.803599,553.808881,0.0,0.0
1198.5,-36.4674289,21.47313923,299.852846,0.0,0.673958027,0.0,1.9092694,0.0,548.209872,233.44142,0.0,13.4014995,0.0,23.9230676,0.0,-3.09858e-07,2206.1528,0.0,28.5429162,-0.231994702,0.0,21.47313923,329.030821,548.209872,0.0,0.0
1199.0,-36.0833992,27.530544904,299.948613,0.0,0.8646754704,0.0,2.471361368,0.0,542.639035,233.44142,0.0,13.2653157,0.0,23.7888483,0.0,-3.09858e-07,2206.1528,0.0,28.2528677,-0.155927944,0.0,27.530544904,328.298591,542.639035,0.0,0.0
1199.5,-35.6993689,23.99658403,299.848454,0.0,0.753146751,0.0,2.14425583,0.0,537.10891,233.44142,0.0,13.1301265,0.0,23.654384,0.0,-3.09858e-07,2206.1528,0.0,27.9649371,-0.183163132,0.0,23.99658403,323.599082,537.10891,0.0,0.0
1200.0,-35.3153388,25.84658602,299.899356,0.0,0.8114703657,0.0,2.3197405156,0.0,531.610568,233.44142,0.0,12.9957141,0.0,23.519464,0.0,-3.09858e-07,2206.1528,0.0,27.6786626,-0.13320364,0.0,25.84658602,321.15844,531.610568,0.0,0.0
1200.5,-34.9351688,29.420961696,299.858972,0.0,0.9236279513,0.0,2.631724487,0.0,526.146005,233.44142,0.0,12.86212795,0.0,23.3841421,0.0,-3.09858e-07,2206.1528,0.0,27.3941466,-0.175893974,0.0,29.420961696,319.455046,526.146005,0.0,0.0
1201.0,-34.796898,20.335949364,299.903543,0.0,0.6384182487,0.0,1.821873883,0.0,520.716917,233.44142,0.0,12.72940875,0.0,23.2484674,0.0,-3.09858e-07,2206.1528,0.0,27.1114771,-0.164879946,0.0,20.335949364,312.5047,520.716917,0.0,0.0
1201.5,-34.796898,28.50636547,299.974334,0.0,0.895435822,0.0,2.546340046,0.0,515.288845,233.44142,0.0,12.5967146,0.0,23.1115754,0.0,-3.09858e-07,2206.1528,0.0,26.8288615,-0.191206036,0.0,28.50636547,312.735064,515.288845,0.0,0.0
1202.0,-34.796898,30.5197378,299.806178,0.0,0.957847159,0.0,2.73634806,0.0,509.872702,233.44142,0.0,12.464312,0.0,22.9737269,0.0,-3.09858e-07,2206.1528,0.0,26.546866,-0.151039501,0.0,30.5197378,310.410398,509.872702,0.0,0.0
1202.5,-34.796898,32.4119334,299.797044,0.0,1.0172112875,0.0,2.904709304,0.0,504.46486,233.44142,0.0,12.3321121,0.0,22.83482,0.0,-3.09858e-07,2206.1528,0.0,26.265303,-0.150442067,0.0,32.4119334,308.040155,504.46486,0.0,0.0
1203.0,-34.796898,28.69604475,299.872693,0.0,0.900904211,0.0,2.564745484,0.0,499.068417,233.44142,0.0,12.2001913,0.0,22.6949235,0.0,-3.09858e-07,2206.1528,0.0,25.9843335,-0.180140535,0.0,28.69604475,303.342999,499.068417,0.0,0.0
1203.5,-34.796898,25.83304097,299.898865,0.0,0.8111267028,0.0,2.316894626,0.0,493.679509,233.390044,0.0,12.0658115,0.0,22.5489766,0.0,-3.09858e-07,2206.1528,0.0,25.7037564,-0.142954626,0.0,25.83304097,299.005142,493.679509,0.0,0.0
1204.0,-34.796898,25.06589288,299.916295,0.0,0.786971716,0.0,2.217179103,0.0,488.297312,230.094455,0.0,11.76597585,0.0,22.0907251,0.0,-3.09858e-07,2206.1528,0.0,25.4235282,-0.157799096,0.0,25.06589288,295.543293,488.297312,0.0,0.0
1204.5,-34.796898,28.1850606,299.912148,0.0,0.884987662,0.0,2.518518247,0.0,482.920681,224.930115,0.0,11.37525535,0.0,21.4568326,0.0,-3.09858e-07,2206.1528,0.0,25.1435902,-0.183413075,0.0,28.1850606,293.701824,482.920681,0.0,0.0
1205.0,-34.796898,27.99225503,300.0,0.0,0.8794026025,0.0,2.513937697,0.0,477.553709,219.766757,0.0,10.9906228,0.0,20.8283549,0.0,-3.09858e-07,2206.1528,0.0,24.8641558,-0.129009871,0.0,27.99225503,290.487866,477.553709,0.0,0.0
1205.5,-34.8008782,22.30276005,299.99426,0.0,0.700651441,0.0,1.991357442,0.0,472.197572,214.602337,0.0,10.6119852,0.0,20.205188,0.0,-3.09858e-07,2206.1528,0.0,24.5852849,-0.178959227,0.0,22.30276005,284.993021,472.197572,0.0,0.0
1206.0,-35.0551466,18.901147106,299.9769,0.0,0.59368810615,0.0,1.691596962,0.0,466.840858,209.437747,0.0,10.2391188,0.0,19.5871958,0.0,-3.09858e-07,2568.88594,0.0,24.306384,-0.176184589,0.0,18.901147106,280.449835,466.840858,0.0,0.0
1206.5,-35.4524515,23.65166697,300.0,0.0,0.7430390053,0.0,2.12411666,0.0,461.462607,204.325494,0.0,9.8741039,0.0,18.9788064,0.0,-3.09858e-07,4173.24571,0.0,24.0263616,-0.13386046,0.0,23.65166697,279.28624,461.462607,0.0,0.0
1207.0,-35.8497547,30.1864049,300.0,0.0,0.948333869,0.0,2.708634863,0.0,456.06372,202.45874,0.0,9.6692028,0.0,18.6743366,0.0,-3.09858e-07,4402.916,0.0,23.745265,-0.143289053,0.0,30.1864049,278.853023,456.06372,0.0,0.0
1207.5,-36.2470604,20.047448166,300.0,0.0,0.62980917601,0.0,1.79745593945,0.0,450.654912,202.45874,0.0,9.55452825,0.0,18.5420124,0.0,-3.09858e-07,4402.916,0.0,23.4636519,-0.188922781,0.0,20.047448166,271.475965,450.654912,0.0,0.0
1208.0,-36.644365,34.84394503,300.0,0.0,1.0946547962,0.0,3.129276485,0.0,445.211833,202.45874,0.0,9.439127,0.0,18.4075516,0.0,-3.09858e-07,4402.916,0.0,23.180254,-0.136108456,0.0,34.84394503,274.454722,445.211833,0.0,0.0
1208.5,-37.04167,30.4113876,300.0,0.0,0.955401917,0.0,2.73119595,0.0,439.760197,202.45874,0.0,9.3235444,0.0,18.2715567,0.0,-3.09858e-07,4402.916,0.0,22.8964107,-0.130222952,0.0,30.4113876,269.427135,439.760197,0.0,0.0
1209.0,-37.438975,27.7992566,300.0,0.0,0.873339373,0.0,2.49660475,0.0,434.287658,202.45874,0.0,9.2075188,0.0,18.133688,0.0,-3.09858e-07,4402.916,0.0,22.6114794,-0.13048023,0.0,27.7992566,265.144834,434.287658,0.0,0.0
1209.5,-37.836279,23.83495887,300.0,0.0,0.748797314,0.0,2.14057782,0.0,428.796001,202.45874,0.0,9.0910878,0.0,17.9939557,0.0,-3.09858e-07,4402.916,0.0,22.325553,-0.130741838,0.0,23.83495887,260.288725,428.796001,0.0,0.0
1210.0,-38.233585,19.556680175,300.0,0.0,0.614391239,0.0,1.753115048,0.0,423.284556,202.45874,0.0,8.97423775,0.0,17.8523077,0.0,-3.09858e-07,4402.916,0.0,22.0385963,-0.151385308,0.0,19.556680175,255.290409,423.284556,0.0,0.0
1210.5,-38.6269093,22.55292314,300.0,0.0,0.7085209775,0.0,2.02544032,0.0,417.748861,202.45874,0.0,8.8568729,0.0,17.7085899,0.0,-3.09858e-07,4402.916,0.0,21.7503759,-0.138402659,0.0,22.55292314,253.304916,417.748861,0.0,0.0
1211.0,-38.769943,15.14873373,300.0,0.0,0.475911507,0.0,1.351887948,0.0,412.205922,202.45874,0.0,8.7393544,0.0,17.5632095,0.0,-3.09858e-07,4402.916,0.0,21.4617792,-0.190671232,0.0,15.14873373,246.987491,412.205922,0.0,0.0
1211.5,-38.769943,19.572375564,300.0,0.0,0.6148843144,0.0,1.7560527986,0.0,406.66014,202.45874,0.0,8.62177605,0.0,17.4162553,0.0,-3.09858e-07,4402.916,0.0,21.173034,-0.142818405,0.0,19.572375564,245.59006,406.66014,0.0,0.0
1212.0,-38.769943,30.88699078,300.0,0.0,0.9703434484,0.0,2.773909019,0.0,401.117057,202.45874,0.0,8.50425465,0.0,17.2678511,0.0,-3.09858e-07,4402.916,0.0,20.8844297,-0.132168918,0.0,30.88699078,247.06159,401.117057,0.0,0.0
1212.5,-38.769943,23.70748723,300.0,0.0,0.74479268,0.0,2.129129829,0.0,395.59138,202.42605,0.0,8.385757,0.0,17.1156208,0.0,-3.09858e-07,4224.78631,0.0,20.5967317,-0.131003622,0.0,23.70748723,240.847747,395.59138,0.0,0.0
1213.0,-38.769943,35.4196786,300.0,0.0,1.112742047,0.0,3.18098212,0.0,390.061203,200.306218,0.0,8.1820886,0.0,16.7870239,0.0,-3.09858e-07,3565.11679,0.0,20.3088001,-0.131086352,0.0,35.4196786,242.49225,390.061203,0.0,0.0
1213.5,-38.769943,25.109821,299.990363,0.0,0.788821512,0.0,2.244666447,0.0,384.550303,196.985189,0.0,7.93275454,0.0,16.3900334,0.0,-3.09858e-07,2878.84835,0.0,20.0218709,-0.17999442,0.0,25.109821,234.984468,384.550303,0.0,0.0
1214.0,-38.769943,20.72281695,299.918058,0.0,0.650681295,0.0,1.848231268,0.0,379.042265,193.663781,0.0,7.68729582,0.0,16.0293897,0.0,-3.09858e-07,2192.5799,0.0,19.7350915,-0.195553846,0.0,20.72281695,229.942904,379.042265,0.0,0.0
1214.5,-38.769943,21.05788876,299.782175,0.0,0.66046081,0.0,1.88805128,0.0,373.537706,190.344183,0.0,7.44580815,0.0,15.67029715,0.0,-3.09858e-07,1699.72144,0.0,19.4484923,-0.130464814,0.0,21.05788876,226.868252,373.537706,0.0,0.0
1215.0,-38.769943,29.02135327,299.866443,0.0,0.9111492645,0.0,2.60394299,0.0,368.034825,187.022821,0.0,7.20811324,0.0,15.31247125,0.0,-3.09858e-07,1679.4471,0.0,19.1619814,-0.168890896,0.0,29.02135327,226.968814,368.034825,0.0,0.0
1215.5,-38.769943,34.2279368,299.264405,0.0,1.071528312,0.0,3.05932477,0.0,362.539578,183.726468,0.0,6.9753374,0.0,14.9582209,0.0,-3.09858e-07,1679.4471,0.0,18.8758677,-0.162600271,0.0,34.2279368,225.926683,362.539578,0.0,0.0
1216.0,-38.769943,22.36151792,299.99283,0.0,0.702473184,0.0,2.008151638,0.0,357.060235,182.016326,0.0,6.80585763,0.0,14.73397525,0.0,-3.09858e-07,1679.4471,0.0,18.5905817,-0.129511564,0.0,22.36151792,217.789628,357.060235,0.0,0.0
1216.5,-38.769943,27.2548033,299.639097,0.0,0.854582289,0.0,2.433010265,0.0,351.576951,181.217608,0.0,6.67193596,0.0,14.58307935,0.0,-3.09858e-07,1679.4471,0.0,18.3050909,-0.183736683,0.0,27.2548033,216.624109,351.576951,0.0,0.0
1217.0,-38.769943,30.7816703,299.822717,0.0,0.9661854,0.0,2.75614341,0.0,346.100203,180.419299,0.0,6.53906991,0.0,14.43141425,0.0,-3.09858e-07,1679.4471,0.0,18.0199406,-0.157249251,0.0,30.7816703,214.893836,346.100203,0.0,0.0
1217.5,-38.769943,33.9021407,299.617692,0.0,1.06319943,0.0,3.039355446,0.0,340.62934,179.620934,0.0,6.40722845,0.0,14.27890765,0.0,-3.09858e-07,1679.4471,0.0,17.7350965,-0.133660583,0.0,33.9021407,212.997892,340.62934,0.0,0.0
1218.0,-38.769943,28.396965431,299.599886,0.0,0.89019497392,0.0,2.54408129757,0.0,335.169073,178.822316,0.0,6.27649043,0.0,14.1255995,0.0,-3.09858e-07,1679.4471,0.0,17.4508042,-0.141776453,0.0,28.396965431,207.518934,335.169073,0.0,0.0
1218.5,-38.769943,26.0721884,299.877222,0.0,0.818516323,0.0,2.339882674,0.0,329.712403,178.013392,0.0,6.14638046,0.0,13.97056515,0.0,-3.09858e-07,1679.4471,0.0,17.1666986,-0.132950108,0.0,26.0721884,203.365474,329.712403,0.0,0.0
1219.0,-38.769943,28.318687,299.740561,0.0,0.888480405,0.0,2.526299182,0.0,324.258442,176.531037,0.0,5.99442255,0.0,13.762122,0.0,-3.09858e-07,1679.4471,0.0,16.8827345,-0.230749086,0.0,28.318687,201.115726,324.258442,0.0,0.0
1219.5,-38.769943,28.5236044,299.745254,0.0,0.8945420327,0.0,2.557216485,0.0,318.810939,174.662043,0.0,5.83132056,0.0,13.5235022,0.0,-3.09858e-07,1679.4471,0.0,16.5991057,-0.130824337,0.0,28.5236044,198.020234,318.810939,0.0,0.0
1220.0,-38.769943,16.62870085,300.0,0.0,0.522406046,0.0,1.493395805,0.0,313.375655,172.792977,0.0,5.67056976,0.0,13.28519415,0.0,-3.09858e-07,1679.4471,0.0,16.3161153,-0.128177932,0.0,16.62870085,189.897062,313.375655,0.0,0.0
1220.5,-38.7320902,24.470367,299.91098,0.0,0.768377272,0.0,2.170572476,0.0,307.93409,170.923058,0.0,5.51180658,0.0,13.046821,0.0,-3.09858e-07,1679.4471,0.0,16.0327958,-0.247578247,0.0,24.470367,189.982739,307.93409,0.0,0.0
1221.0,-36.3128278,30.2563455,299.667675,0.0,0.949009293,0.0,2.70372088,0.0,302.563311,169.053698,0.0,5.35644245,0.0,12.8098628,0.0,-3.09858e-07,1679.4471,0.0,15.75316275,-0.189441208,0.0,30.2563455,189.254374,302.563311,0.0,0.0
1221.5,-32.5326463,32.26319224,299.593307,0.0,1.0113846786,0.0,2.8912330893,0.0,297.430238,167.136561,0.0,5.20586455,0.0,12.57371805,0.0,-3.09858e-07,1679.4471,0.0,15.4859058,-0.1266370434,0.0,32.26319224,187.092272,297.430238,0.0,0.0
1222.0,-28.7524656,24.68806605,299.98532,0.0,0.77553199,0.0,2.217003905,0.0,292.564145,162.144692,0.0,4.96794404,0.0,12.113154,0.0,-3.09858e-07,1679.4471,0.0,15.2325499,-0.1155245524,0.0,24.68806605,181.098938,292.564145,0.0,0.0
1222.5,-24.9722847,34.7909264,299.905267,0.0,1.092537462,0.0,3.11946983,0.0,287.948848,155.380264,0.0,4.68558799,0.0,11.5289044,0.0,-3.09858e-07,1679.4471,0.0,14.992251,-0.1316250519,0.0,34.7909264,182.607971,287.948848,0.0,0.0
1223.0,-21.1921039,19.92489263,300.0,0.0,0.6259589688,0.0,1.78942129,0.0,283.608934,148.619212,0.0,4.41415693,0.0,10.9550103,0.0,-3.09858e-07,1679.4471,0.0,14.7662903,-0.106085111,0.0,19.92489263,173.888054,283.608934,0.0,0.0
1223.5,-17.4119232,17.81268848,299.993756,0.0,0.5596008031,0.0,1.599724088,0.0,279.522098,141.854337,0.0,4.15251809,0.0,10.39032855,0.0,-3.09858e-07,1676.53319,0.0,14.5535067,-0.1029295925,0.0,17.81268848,170.62288,279.522098,0.0,0.0
1224.0,-13.6317423,24.0605592,300.0,0.0,0.75588476,0.0,2.16083855,0.0,275.690653,135.093803,0.0,3.90040802,0.0,9.8352445,0.0,-3.09858e-07,1394.2188,0.0,14.35401925,-0.096721265,0.0,24.0605592,170.985514,275.690653,0.0,0.0
1224.5,-9.8515615,29.97166764,299.628015,0.0,0.9394940447,0.0,2.685720255,0.0,272.119399,128.391672,0.0,3.65887518,0.0,9.29343475,0.0,-3.09858e-07,999.50477,0.0,14.1680801,-0.0924606042,0.0,29.97166764,171.359939,272.119399,0.0,0.0
1225.0,-6.07138067,24.20837051,299.899948,0.0,0.759981757,0.0,2.16520573,0.0,268.81471,125.621366,0.0,3.53628204,0.0,9.0432615,0.0,-3.09858e-07,953.6499,0.0,13.99601925,-0.1208981586,0.0,24.20837051,167.032211,268.81471,0.0,0.0
1225.5,-2.329007205,22.88033443,300.0,0.0,0.7188069075,0.0,2.054844617,0.0,265.766826,125.1120025,0.0,3.48200965,0.0,8.96056965,0.0,-3.09858e-07,953.6499,0.0,13.837329,-0.0827757708,0.0,22.88033443,164.699968,265.766826,0.0,0.0
1226.0,-0.96813655,28.8069816,300.0,0.0,0.90499802,0.0,2.58710684,0.0,262.909372,124.6026423,0.0,3.43054802,0.0,8.8805875,0.0,-3.09858e-07,953.6499,0.0,13.6885536,-0.0810586159,0.0,28.8069816,165.497639,262.909372,0.0,0.0
1226.5,-0.96813655,34.12691109,300.0,0.0,1.0721285303,0.0,3.064880806,0.0,260.080701,124.0932243,0.0,3.37976431,0.0,8.80088195,0.0,-3.09858e-07,953.6499,0.0,13.541277,-0.0809947779,0.0,34.12691109,166.059663,260.080701,0.0,0.0
1227.0,-0.96813655,29.40844137,300.0,0.0,0.923893411,0.0,2.641123009,0.0,257.260081,123.5837982,0.0,3.32938638,0.0,8.72114295,0.0,-3.09858e-07,953.6499,0.0,13.39441975,-0.0809318131,0.0,29.40844137,162.449329,257.260081,0.0,0.0
1227.5,-0.96813655,25.5480566,300.0,0.0,0.802615869,0.0,2.294428276,0.0,254.441133,123.0793965,0.0,3.27946375,0.0,8.64162385,0.0,-3.09858e-07,953.6499,0.0,13.24764905,-0.0808695699,0.0,25.5480566,159.197033,254.441133,0.0,0.0
1228.0,-0.96813655,34.5852121,300.0,0.0,1.086526463,0.0,3.106040075,0.0,251.616786,122.895134,0.0,3.23819443,0.0,8.5842019,0.0,-3.09858e-07,953.6499,0.0,13.1005978,-0.0808078926,0.0,34.5852121,161.308349,251.616786,0.0,0.0
1228.5,-0.96813655,26.281167505,300.0,0.0,0.8256472247,0.0,2.360267723,0.0,248.804678,122.895134,0.0,3.20200386,0.0,8.5393895,0.0,-3.09858e-07,953.6499,0.0,12.9541835,-0.0807471717,0.0,26.281167505,156.211003,248.804678,0.0,0.0
1229.0,-0.96813655,23.84060326,300.0,0.0,0.7489746474,0.0,2.14108475,0.0,245.991244,122.895134,0.0,3.16579621,0.0,8.49401305,0.0,-3.09858e-07,953.6499,0.0,12.80769985,-0.0806871002,0.0,23.84060326,153.552721,245.991244,0.0,0.0
1229.5,-0.96813655,28.1419048,300.0,0.0,0.884104016,0.0,2.527377387,0.0,243.175936,122.895134,0.0,3.12956443,0.0,8.44805275,0.0,-3.09858e-07,953.6499,0.0,12.6611189,-0.0806276724,0.0,28.1419048,153.698687,243.175936,0.0,0.0
1230.0,-0.96813655,30.05760928,300.0,0.0,0.944287652,0.0,2.699423677,0.0,240.364057,122.895134,0.0,3.09337682,0.0,8.4015836,0.0,-3.09858e-07,953.6499,0.0,12.5147166,-0.080569004,0.0,30.05760928,152.853992,240.364057,0.0,0.0
1230.5,-1.00309329,28.07411782,300.0,0.0,0.881974422,0.0,2.5212895985,0.0,237.556352,122.9609536,0.0,3.05887154,0.0,8.35907475,0.0,-3.09858e-07,953.6499,0.0,12.36853165,-0.0805534009,0.0,28.07411782,150.389247,237.556352,0.0,0.0
1231.0,-3.22925228,23.30463994,300.0,0.0,0.7321368585,0.0,2.092950769,0.0,234.692809,127.2473925,0.0,3.12718398,0.0,8.6000314,0.0,-3.09858e-07,953.6499,0.0,12.2194392,-0.0831952571,0.0,23.30463994,146.732627,234.692809,0.0,0.0
1231.5,-6.70789179,27.67629859,299.680294,0.0,0.867627229,0.0,2.47681723,0.0,231.613657,133.961571,0.0,3.2489883,0.0,8.9961884,0.0,-3.09858e-07,953.6499,0.0,12.0591211,-0.104091808,0.0,27.67629859,146.753817,231.613657,0.0,0.0
1232.0,-10.18653135,26.949595,299.650653,0.0,0.844742067,0.0,2.414853945,0.0,228.303223,140.676654,0.0,3.36307936,0.0,9.3811579,0.0,-3.09858e-07,953.6499,0.0,11.88676135,-0.0915314234,0.0,26.949595,144.51849,228.303223,0.0,0.0
1232.5,-13.6651709,26.04616844,299.87946,0.0,0.8176173256,0.0,2.337312772,0.0,224.758766,147.391871,0.0,3.4689032,0.0,9.7538003,0.0,-3.09858e-07,953.6499,0.0,11.7022167,-0.0956605032,0.0,26.04616844,142.072987,224.758766,0.0,0.0
1233.0,-17.1438106,25.4820856,300.0,0.0,0.800543322,0.0,2.288503573,0.0,220.980101,154.106673,0.0,3.56595383,0.0,10.1129781,0.0,-3.09858e-07,953.6499,0.0,11.5054776,-0.0998079668,0.0,25.4820856,139.631932,220.980101,0.0,0.0
1233.5,-20.6224501,24.15126569,299.73621,0.0,0.7573167084,0.0,2.164932072,0.0,216.967981,160.75581,0.0,3.65227917,0.0,10.4532981,0.0,-3.09858e-07,953.6499,0.0,11.2965841,-0.1039950449,0.0,24.15126569,136.735521,216.967981,0.0,0.0
1234.0,-24.1010897,20.76157279,299.993689,0.0,0.652236876,0.0,1.861679236,0.0,212.723272,163.18376,0.0,3.63513509,0.0,10.5064065,0.0,-3.09858e-07,953.6499,0.0,11.07558065,-0.1315284229,0.0,20.76157279,132.846594,212.723272,0.0,0.0
1234.5,-27.5797294,25.2323362,299.909985,0.0,0.792268095,0.0,2.262957997,0.0,208.240282,163.18376,0.0,3.5585272,0.0,10.39313195,0.0,-3.09858e-07,953.6499,0.0,10.8421705,-0.1324096944,0.0,25.2323362,132.089326,208.240282,0.0,0.0
1235.0,-31.0583691,24.5382892,299.922382,0.0,0.7705809377,0.0,2.191425074,0.0,203.526693,163.18376,0.0,3.47797877,0.0,10.2714317,0.0,-3.09858e-07,953.6499,0.0,10.5967544,-0.1926004924,0.0,24.5382892,129.0482976,203.526693,0.0,0.0
1235.5,-34.5020904,22.35705609,299.478613,0.0,0.6998632165,0.0,1.998878987,0.0,198.580559,163.18376,0.0,3.39345647,0.0,10.14076615,0.0,-3.09858e-07,1006.58462,0.0,10.3392307,-0.1351254505,0.0,22.35705609,125.2526578,198.580559,0.0,0.0
1236.0,-35.75453,33.7756544,299.467647,0.0,1.058478323,0.0,3.01849929,0.0,193.452482,163.18376,0.0,3.30582499,0.0,9.9852452,0.0,-3.09858e-07,1123.03044,0.0,10.07223395,-0.1629754428,0.0,33.7756544,127.0097744,193.452482,0.0,0.0
1236.5,-35.75453,23.58092049,299.89148,0.0,0.7402908215,0.0,2.1162530705,0.0,188.315862,163.18376,0.0,3.21804745,0.0,9.73428215,0.0,-3.09858e-07,1239.47621,0.0,9.80479235,-0.1503339826,0.0,23.58092049,119.7684346,188.315862,0.0,0.0
1237.0,-35.75453,25.65840587,299.846526,0.0,0.80540044,0.0,2.281224017,0.0,183.174966,163.18376,0.0,3.13019705,0.0,9.468543,0.0,-3.09858e-07,1327.70201,0.0,9.5371282,-0.2123673876,0.0,25.65840587,117.6311639,183.174966,0.0,0.0
1237.5,-35.75453,32.19334044,299.439111,0.0,1.008637394,0.0,2.879766033,0.0,178.034278,163.18376,0.0,3.04235008,0.0,9.20281455,0.0,-3.09858e-07,1333.0746,0.0,9.26947465,-0.1502988952,0.0,32.19334044,117.3487892,178.034278,0.0,0.0
1238.0,-35.75453,29.02922254,299.737108,0.0,0.91057717,0.0,2.603046134,0.0,172.901979,163.18376,0.0,2.95464641,0.0,8.9375192,0.0,-3.09858e-07,1333.0746,0.0,9.0022581,-0.1642802319,0.0,29.02922254,113.0354634,172.901979,0.0,0.0
1238.5,-35.75453,15.7508297,300.0,0.0,0.4948269114,0.0,1.414555696,0.0,167.778223,163.18376,0.0,2.86708881,0.0,8.6726663,0.0,-3.09858e-07,1333.0746,0.0,8.73548615,-0.1214964051,0.0,15.7508297,104.5185031,167.778223,0.0,0.0
1239.0,-35.75453,26.49677332,299.79986,0.0,0.8314283568,0.0,2.3693603398,0.0,162.643021,163.18376,0.0,2.77933557,0.0,8.407221,0.0,-3.09858e-07,1333.0746,0.0,8.4681184,-0.1546536336,0.0,26.49677332,105.9915613,162.643021,0.0,0.0
1239.5,-35.75453,33.1090377,299.50226,0.0,1.036543879,0.0,2.963155354,0.0,157.512718,163.18376,0.0,2.69166607,0.0,8.1420292,0.0,-3.09858e-07,1333.0746,0.0,8.2010057,-0.124577471,0.0,33.1090377,105.7474285,157.512718,0.0,0.0
1240.0,-35.75453,19.041612403,299.911886,0.0,0.5978007346,0.0,1.700384398,0.0,152.396889,163.18376,0.0,2.60424387,0.0,7.8775857,0.0,-3.09858e-07,1333.0746,0.0,7.93464679,-0.1626672182,0.0,19.041612403,96.906773,152.396889,0.0,0.0
1240.5,-35.75453,21.84572756,299.832745,0.0,0.685451651,0.0,1.959492368,0.0,147.273543,163.18376,0.0,2.51669324,0.0,7.61275355,0.0,-3.09858e-07,1333.0746,0.0,7.66789625,-0.1214495785,0.0,21.84572756,95.0821039,147.273543,0.0,0.0
1241.0,-35.75453,30.2440131,299.747877,0.0,0.948937742,0.0,2.70687059,0.0,142.14918,163.18376,0.0,2.42912536,0.0,7.34786895,0.0,-3.09858e-07,1333.0746,0.0,7.40109295,-0.1486096914,0.0,30.2440131,95.5846157,142.14918,0.0,0.0
1241.5,-35.75453,22.11268795,299.82118,0.0,0.693852615,0.0,1.983508027,0.0,137.036637,163.18376,0.0,2.34175927,0.0,7.08359507,0.0,-3.09858e-07,1333.0746,0.0,7.13490491,-0.1247084628,0.0,22.11268795,89.2159324,137.036637,0.0,0.0
1242.0,-35.75453,24.68141763,299.988135,0.0,0.775334161,0.0,2.208217602,0.0,131.919942,163.18376,0.0,2.25432229,0.0,6.81910654,0.0,-3.09858e-07,1333.0746,0.0,6.86850066,-0.1689417186,0.0,24.68141763,87.2972001,131.919942,0.0,0.0
1242.5,-35.75453,31.4875914,299.599636,0.0,0.987503175,0.0,2.81519986,0.0,126.802783,163.231926,0.0,2.16750546,0.0,6.5564942,0.0,-3.09858e-07,1333.0746,0.0,6.60207238,-0.1670535355,0.0,31.4875914,87.1414282,126.802783,0.0,0.0
1243.0,-35.75453,23.34858832,299.547694,0.0,0.7312232538,0.0,2.090339021,0.0,121.6962798,166.370107,0.0,2.12000544,0.0,6.41281131,0.0,-3.09858e-07,1333.0746,0.0,6.33619884,-0.1252878425,0.0,23.34858832,80.7730812,121.6962798,0.0,0.0
1243.5,-35.75453,24.5140683,299.8048,0.0,0.769225037,0.0,2.198974284,0.0,116.586201,171.284205,0.0,2.09097044,0.0,6.32498321,0.0,-3.09858e-07,1333.0746,0.0,6.07013917,-0.1223249766,0.0,24.5140683,78.2743082,116.586201,0.0,0.0
1244.0,-35.75453,32.6285226,300.0,0.0,1.025055269,0.0,2.93031309,0.0,111.473845,176.198358,0.0,2.05663698,0.0,6.22112778,0.0,-3.09858e-07,1333.0746,0.0,5.80396093,-0.1208183692,0.0,32.6285226,78.6657248,111.473845,0.0,0.0
1244.5,-35.75453,40.3702523,299.552496,0.0,1.264596817,0.0,3.612753705,0.0,106.3634071,181.115109,0.0,2.01710698,0.0,6.10155338,0.0,-3.09858e-07,1333.0746,0.0,5.53788237,-0.139518918,0.0,40.3702523,78.9031666,106.3634071,0.0,0.0
1245.0,-35.75453,26.73432239,299.815805,0.0,0.838956794,0.0,2.386327296,0.0,101.2670598,186.029059,0.0,1.972559,0.0,5.96680012,0.0,-3.09858e-07,1333.0746,0.0,5.2725376,-0.2015451991,0.0,26.73432239,70.2534375,101.2670598,0.0,0.0
1245.5,-35.75453,23.77195597,299.773482,0.0,0.745746959,0.0,2.128536068,0.0,96.166026,190.895477,0.0,1.92220482,0.0,5.81448342,0.0,-3.09858e-07,1333.0746,0.0,5.00694898,-0.145679555,0.0,23.77195597,66.0423182,96.166026,0.0,0.0
1246.0,-35.75453,20.81872742,299.93145,0.0,0.6537280424,0.0,1.863125476,0.0,91.066452,192.67303,0.0,1.837418,0.0,5.55801166,0.0,-3.09858e-07,1333.0746,0.0,4.74143615,-0.1540037115,0.0,20.81872742,61.8358555,91.066452,0.0,0.0
1246.5,-35.75453,17.50025987,300.0,0.0,0.549786872,0.0,1.571669118,0.0,85.9684756,192.67303,0.0,1.73455782,0.0,5.24686941,0.0,-3.09858e-07,1333.0746,0.0,4.47600659,-0.1206005864,0.0,17.50025987,57.4783454,85.9684756,0.0,0.0
1247.0,-35.75453,27.23315883,299.767813,0.0,0.854315778,0.0,2.442222217,0.0,80.8641904,192.67303,0.0,1.6315703,0.0,4.93534229,0.0,-3.09858e-07,1333.0746,0.0,4.21024851,-0.123412028,0.0,27.23315883,58.5479217,80.8641904,0.0,0.0
1247.5,-35.75453,24.67027895,299.865893,0.0,0.7743945068,0.0,2.2137522039,0.0,75.7683104,192.67303,0.0,1.52875239,0.0,4.62432796,0.0,-3.09858e-07,1333.0746,0.0,3.9449282,-0.120787683,0.0,24.67027895,54.5060425,75.7683104,0.0,0.0
1248.0,-35.75453,33.09252604,299.68197,0.0,1.038096322,0.0,2.96759337,0.0,70.66717,192.67303,0.0,1.42582837,0.0,4.31299286,0.0,-3.09858e-07,1333.0746,0.0,3.67933386,-0.125238687,0.0,33.09252604,55.0320832,70.66717,0.0,0.0
1248.5,-35.75453,26.26888799,299.83383,0.0,0.824393106,0.0,2.356682578,0.0,65.5738675,192.612927,0.0,1.32266427,0.0,4.00093144,0.0,-3.09858e-07,1333.0746,0.009724061685,3.41414767,-0.1264555701,0.0,26.26888799,49.2187756,65.5738675,-0.23849614,0.00063205375
1249.0,-35.75453,36.8762413,299.529318,0.0,1.155685445,0.0,3.30344329,0.0,59.3625759,188.709122,0.0,1.17351864,0.0,3.54978035,0.0,-3.09858e-07,1333.0746,0.630758239,3.09075248,-0.227791246,0.0,36.8762413,50.0058464,59.3625759,-15.72945835,0.03844454225
1249.5,-35.75453,23.901049453,299.912057,0.0,0.750461082,0.0,2.1453340146,0.0,49.1924089,182.594994,0.0,0.941277803,0.0,2.84727423,0.0,-3.09858e-07,1333.0746,1.60115556,2.56123594,-0.331823088,0.0,23.901049453,38.6684875,49.1924089,-39.9913221,0.0813653823
1250.0,-35.75453,22.16591031,299.792637,0.0,0.695318527,0.0,1.970213042,0.0,34.5889496,176.481333,0.0,0.640128505,0.0,1.9363268,0.0,-3.09858e-07,1462.48815,2.57155282,1.80089696,-0.506379839,0.0,22.16591031,29.4196316,34.5889496,-64.2513503,0.0916827254
1250.5,-35.7190262,22.62436627,300.0,0.0,0.7107654306,0.0,2.03185653,0.0,15.55862235,170.369911,0.0,0.278704822,0.0,0.843055101,0.0,-3.09858e-07,2082.9734,3.54195009,0.81007015,-0.586388557,0.0,22.62436627,18.4987309,15.55862235,-88.502472,0.0558978171
1251.0,-33.4490566,30.1193186,300.0,0.00045668273,0.946226307,2.757862e-06,2.70427289,7.883868e-06,0.4935726798,164.255593,16.15057,0.008618335652,-1.3929042e-05,0.026107159204,-4.604888e-06,-3.09858e-07,2686.37967,4.51234745,0.025698195211,-0.1152545673,0.0,30.1193186,12.82106457,0.4935726798,-22.52265402,0.002046115909
1251.5,-29.9021712,32.84651945,300.0,0.00018063345,1.031903837,8.7074e-07,2.949891025,2.489173e-06,0.01889203808,158.201878,5.423176,0.000313377445,-1.871803e-06,0.000952968124,-6.18804e-07,-3.09858e-07,2790.1748,5.47300636,0.00098362671,0.0719036641,0.0,32.84651945,13.67870997,0.01889203808,-1.703380523,2.587574e-06
1252.0,-26.3552865,20.63202189,300.0,0.0,0.6481740734,0.0,1.85292736,0.0,0.01886253305,155.9912,0.0,0.000308126265,0.0,0.000932012391,0.0,-3.09858e-07,2790.1748,5.822384,0.000982090499,0.0408542511,0.0,20.63202189,8.596150325,0.01886253305,-1.67493397,3.240874e-06
1252.5,-22.8084012,25.12804966,300.0,1.6558876e-05,0.789420957,9.8899e-08,2.256708096,2.82721e-07,0.01425244487,155.9912,0.0,0.000232818815,0.0,0.000704251452,0.0,-3.09858e-07,2790.1748,5.822384,0.000742063145,0.0109397907,0.0,25.12804966,10.46428888,0.01425244487,0.0,0.0
1253.0,-19.2615157,27.46070975,300.0,0.00019131213,0.86270364,1.038856e-06,2.4662004544,2.969765e-06,0.01297817837,155.9912,0.0,0.000212003214,0.0,0.000641289014,0.0,-3.09858e-07,2790.1748,5.822384,0.000675717589,0.0086550516,0.0,27.46070975,11.43418226,0.01297817837,-0.068713486,7.511e-08
1253.5,-15.7146307,29.98379625,300.0,0.0,0.9419687356,0.0,2.692794608,0.0,0.014452371618,155.9912,2.7209345,0.00023608469,-4.47644e-07,0.000715330649,-1.47986e-07,-3.09858e-07,2790.1748,5.822384,0.000752472472,0.0039878091,0.0,29.98379625,12.484917515,0.014452371618,-0.74055824,1.036276e-06
1254.0,-12.1677455,10.99112852,300.0,0.0,0.3452964899,0.0,0.9870948854,0.0,0.01778675243,155.9912,0.0,0.000290553004,0.0,0.000878891297,0.0,-3.09858e-07,2790.1748,5.822384,0.000926079265,-0.00806846685,0.0,10.99112852,4.58387523,0.01778675243,-1.4129285,2.819456e-06
1254.5,-8.6208602,22.2987894,299.99099,7.33878e-05,0.700498859,3.16155e-07,1.995038826,9.03789e-07,0.01288212833,155.9912,0.9157519,0.000210434199,-1.70502e-07,0.000637001082,-5.6366e-08,-3.09858e-07,2790.1748,5.81265324,0.000670716693,-0.02065828876,0.0,22.2987894,9.2862127,0.01288212833,0.0,0.0
1255.0,-5.07397497,24.95240034,300.0,0.0,0.783902754,0.0,2.240933357,0.0,0.0182027872,155.9912,0.0,0.000297349078,0.0,0.000899452184,0.0,-3.09858e-07,2790.1748,5.19162547,0.00094774037,-0.00731126163,0.0,24.95240034,10.39350633,0.0182027872,-0.34160047,4.48717e-07
1255.5,-1.562694586,23.12120597,300.0,0.0,0.726374112,0.0,2.07647688,0.0,0.014917539123,155.9912,0.0,0.000243683373,0.0,0.000737118627,0.0,-3.09858e-07,2790.1748,4.2212283,0.000776691739,-0.001988020315,0.0,23.12120597,9.62961458,0.014917539123,0.0,0.0
1256.0,-0.2856799,5.559046288,300.0,0.0,0.1746425925,0.0,0.4992486707,0.0,0.0064907182,155.9912,0.0,0.000106028215,0.0,0.000320725085,0.0,-3.09858e-07,2790.1748,3.25083091,0.000337943607,-0.000411911479,0.0,5.559046288,2.31695015,0.0064907182,0.0,0.0
1256.5,-0.2856799,28.53105363,300.0,0.0,0.8963294759,0.0,2.5623261983,0.0,0.01557999461,155.9912,0.0,0.000254504823,0.0,0.000769852444,0.0,-3.09858e-07,2790.1748,2.28043363,0.000811182912,-0.000559289211,0.0,28.53105363,11.881079012,0.01557999461,-0.0085300826,9.057e-09
1257.0,-0.2856799,44.6479683,300.0,0.0,1.40265727,0.0,4.0097594,0.0,0.00841854696,155.9912,0.0,0.000137519996,0.0,0.000415984669,0.0,-3.09858e-07,2790.1748,1.310036353,0.000438317314,-0.000433359704,0.0,44.6479683,18.5832645,0.00841854696,0.0,0.0
1257.5,-0.2856799,31.8939982,300.0,0.0,1.00197953,0.0,2.86434667,0.0,0.01542885557,155.9912,0.0,0.000252035904,0.0,0.000762384219,0.0,-3.09858e-07,2790.1748,0.349378802352,0.000803313753,-0.000511333106,0.0,31.8939982,13.280337,0.01542885557,0.0,0.0
1258.0,-0.2856799,19.1465641,300.0,0.0,0.601507039,0.0,1.7195209,0.0,0.010283715166,155.9912,0.0,0.000167988188,0.0,0.000508148001,0.0,-3.09858e-07,2790.1748,0.0,0.000535428563,-0.000454100086,0.0,19.1465641,7.97303117,0.010283715166,0.0,0.0
1258.5,-0.2856799,6.39532261,300.0,0.0,0.200914981,0.0,0.5743532216,0.0,0.01221923299,155.9912,0.0,0.000199605568,0.0,0.000603787535,0.0,-3.09858e-07,2790.1748,0.0,0.000636202592,-0.000475629143,0.0,6.39532261,2.668275588,0.01221923299,0.0,0.0
1259.0,-0.2856799,46.1603119,300.0,0.0,1.45016895,0.0,4.14558039,0.0,0.0328745391,155.9912,0.0,0.000537017419,0.0,0.00162442575,0.0,-3.09858e-07,2667.33823,0.0,0.001711635,-0.000705392875,0.0,46.1603119,19.2268416,0.0328745391,0.0,0.0
1259.5,-0.2856799,33.4209943,300.0,0.0,1.049951487,0.0,3.00148362,0.0,0.01263066841,155.9912,0.0,0.000206326515,0.0,0.000624117741,0.0,-3.09858e-07,2195.67001,0.0,0.000657624262,-0.000480213453,0.0,33.4209943,13.9140975,0.01263066841,0.0,0.0
1260.0,-0.2856799,20.6732732,300.0,0.0,0.649470023,0.0,1.85663212,0.0,0.008018349475,155.9912,0.0,0.000130982623,0.0,0.000396209756,0.0,-3.09858e-07,2190.3723,0.0,0.000417480761,-0.000428906675,0.0,20.6732732,8.6069835,0.008018349475,0.0,0.0
1260.5,-0.2856799,7.92307862,300.0,0.0,0.24891086,0.0,0.711558462,0.0,0.00800681619,155.9912,0.0,0.000130794224,0.0,0.000395639865,0.0,-3.09858e-07,2190.3723,0.0,0.000416880277,0.000930336666,0.0,7.92307862,3.301526617,0.00800681619,0.0,0.0
1261.0,-0.2856799,42.047972597,300.0,0.0,1.3209760209,0.0,3.776258146,0.0,0.02238778287,155.9912,0.0,0.000365712487,0.0,0.00110624488,0.0,-3.09858e-07,2190.3723,0.0,0.00116563502,-0.00058874572,0.0,42.047972597,17.509544123,0.02238778287,0.0,0.0
1261.5,-0.2856799,34.5150475,300.0,0.0,1.084322207,0.0,3.09973869,0.0,0.00737298381,155.9912,0.0,0.000120440341,0.0,0.000364320388,0.0,-3.09858e-07,2190.3723,0.0,0.000383879375,-0.000421730498,0.0,34.5150475,14.3662712,0.00737298381,0.0,0.0
1262.0,-0.2856799,21.7597445,300.0,0.0,0.683602516,0.0,1.95420623,0.0,0.01686364155,155.9912,0.0,0.000275473653,0.0,0.000833281139,0.0,-3.09858e-07,2190.3723,0.0,0.000878016855,0.001847663496,0.0,21.7597445,9.06423689,0.01686364155,0.0,0.0
1262.5,-0.2856799,9.01258515,300.0,0.0,0.2831387176,0.0,0.809405207,0.0,0.01120604414,155.9912,0.0,0.000183054761,0.0,0.000553722949,0.0,-3.09858e-07,2190.3723,0.0,0.00058345024,-0.000464365796,0.0,9.01258515,3.75674636,0.01120604414,0.0,0.0
1263.0,-0.2856799,42.04324261,300.0,0.0,1.3208274066,0.0,3.7758333806,0.0,0.01147837728,155.9912,0.0,0.00018750343,0.0,0.000567179715,0.0,-3.09858e-07,2190.3723,0.0,0.000597629458,-0.000467393984,0.0,42.04324261,17.501206188,0.01147837728,0.0,0.0
1263.5,-0.2856799,40.740001,300.0,0.0,1.27988486,0.0,3.65879137,0.0,0.00830234202,155.9912,0.0,0.000135621742,0.0,0.000410241609,0.0,-3.09858e-07,3883.04183,0.0,0.000432267035,0.042209078685,0.0,40.740001,16.9570626,0.00830234202,0.0,0.0
1264.0,-0.2856799,27.9880064,300.0,0.0,0.879269157,0.0,2.51355606,0.0,0.01163857537,155.9912,0.0,0.000190120318,0.0,0.000575095558,0.0,-3.09858e-07,4193.455,0.0,0.00060597027,-0.000469176621,0.0,27.9880064,11.6528118,0.01163857537,0.0,0.0
1264.5,-0.2856799,15.2399569,300.0,0.0,0.478777371,0.0,1.368675066,0.0,0.00763661745,155.9912,0.0,0.000124746895,0.0,0.000377347279,0.0,-3.09858e-07,4193.455,0.0,0.000397605637,-0.000424661072,0.0,15.2399569,6.34591757,0.00763661745,0.0,0.0
1265.0,-0.2856799,18.85226035,300.0,0.0,0.5922612292,0.0,1.6930900024,0.0,0.0196375323,155.9912,0.0,0.000320786154,0.0,0.000970347056,0.0,-3.09858e-07,4193.455,0.0,0.001022441318,-0.000558147863,0.0,18.85226035,7.856031123,0.0196375323,0.0,0.0
1265.5,-0.2856799,44.2924984,300.0,0.0,1.39148987,0.0,3.97783526,0.0,0.0266933403,155.9912,0.0,0.000436045327,0.0,0.001318994903,0.0,-3.09858e-07,4193.455,0.0,0.001389806766,-0.000636629662,0.0,44.2924984,18.4460213,0.0266933403,0.0,0.0
1266.0,-0.2856799,31.5521201,300.0,0.0,0.991239085,0.0,2.83364316,0.0,0.00842268415,155.9912,0.0,0.000137587576,0.0,0.000416189094,0.0,-3.09858e-07,4170.60528,0.0,0.00043853273,-0.000433401413,0.0,31.5521201,13.13398805,0.00842268415,0.0,0.0
1266.5,-0.2856799,18.7986057,300.0,0.0,0.590575622,0.0,1.68827136,0.0,0.01458540583,156.054823,0.0,0.000238319605,0.0,0.000720893749,0.0,-3.09858e-07,3903.79799,0.0,0.000759398989,-0.000501951951,0.0,18.7986057,7.83075492,0.01458540583,0.0,0.0
1267.0,-0.2856799,6.050107142,300.0,0.0,0.1900697214,0.0,0.5433500152,0.0,0.01141931235,160.186537,0.0,0.00019276872,0.0,0.000583106717,0.0,-3.09858e-07,3709.18452,0.0,0.000594554215,-0.000466395729,0.0,6.050107142,2.52416192,0.01141931235,0.0,0.0
1267.5,-0.2856799,51.128145,300.0,0.0,1.60623804,0.0,4.59173324,0.0,0.01331544994,166.660003,0.0,0.000231448281,0.0,0.00070010867,0.0,-3.09858e-07,3707.8613,0.0,0.000693277869,-0.000487823721,0.0,51.128145,21.2825734,0.01331544994,0.0,0.0
1268.0,-0.2856799,38.3778032,300.0,0.0,1.20567428,0.0,3.44664635,0.0,0.01357745112,173.131623,0.0,0.000247347142,0.0,0.000748201169,0.0,-3.09858e-07,3707.8613,0.0,0.000706919134,-0.000490740194,0.0,38.3778032,15.9772152,0.01357745112,0.0,0.0
1268.5,-0.2856799,25.630962,300.0,0.0,0.805220422,0.0,2.30187393,0.0,0.0073290745,179.603536,0.0,0.000137033291,0.0,0.000414512438,0.0,-3.09858e-07,3707.8613,0.0,0.000381593203,-0.000421238351,0.0,25.630962,10.6695119,0.0073290745,0.0,0.0
1269.0,-0.2856799,12.87863037,300.0,0.0,0.404594113,0.0,1.156608271,0.0,0.01129280787,186.07482,0.0,0.000219151408,0.0,0.000662911783,0.0,-3.09858e-07,3707.8613,0.0,0.000587967648,-0.000456126547,0.0,12.87863037,5.36548697,0.01129280787,0.0,0.0
1269.5,-0.2856799,7.815307779,300.0,0.0,0.24552513348,0.0,0.70187973585,0.0,0.01139935995,192.484103,0.0,0.00023051807,0.0,0.000697294847,0.0,-3.09858e-07,3707.8613,0.0,0.000593515363,-0.000466513267,0.0,7.815307779,3.2586631538,0.01139935995,0.0,0.0
1270.0,-0.2856799,46.6299952,300.0,0.0,1.46492447,0.0,4.18776192,0.0,0.01122016713,194.8243,0.0,0.000228913308,0.0,0.000692440607,0.0,-3.09858e-07,3707.8613,0.0,0.000584185556,-0.000464518839,0.0,46.6299952,19.4096369,0.01122016713,0.0,0.0
1270.5,-0.2856799,33.8804603,300.0,0.0,1.064386093,0.0,3.04274757,0.0,0.009979592217,194.8243,0.0,0.000203603166,0.0,0.000615879868,0.0,-3.09858e-07,3571.79462,0.0,0.000519594196,-0.000450719484,0.0,33.8804603,14.10373715,0.009979592217,0.0,0.0
1271.0,-0.2856799,21.1288787,300.0,0.0,0.663783294,0.0,1.8975493,0.0,0.012549634296,194.8243,0.0,0.000256037047,0.0,0.000774487274,0.0,-3.09858e-07,2924.60693,0.0,0.000653405171,-0.000479310037,0.0,21.1288787,8.79921,0.012549634296,0.0,0.0
1271.5,-0.2856799,8.37858492,300.0,0.0,0.2632210096,0.0,0.752466709,0.0,0.01272264041,194.8243,0.0,0.000259566691,0.0,0.000785164148,0.0,-3.09858e-07,2311.24641,0.0,0.000662412829,-0.000481235975,0.0,8.37858492,3.4938197,0.01272264041,0.0,0.0
1272.0,-0.2856799,18.76811559,300.0,0.0,0.589617727,0.0,1.6855330801,0.0,0.02675144777,194.8243,0.0,0.000545781771,0.0,0.001650937021,0.0,-3.09858e-07,2219.5828,0.0,0.001392832203,-0.000637281158,0.0,18.76811559,7.8251714964,0.02675144777,0.0,0.0
1272.5,-0.2856799,47.9390432,300.0,0.0,1.50604945,0.0,4.30532532,0.0,0.01501293993,194.87322,0.0,0.000306331921,0.0,0.000926624408,0.0,-3.09858e-07,2219.5828,0.0,0.000781658842,-0.000506706163,0.0,47.9390432,19.9565554,0.01501293993,0.0,0.0
1273.0,-0.2856799,35.191771,300.0,0.0,1.10558211,0.0,3.16051417,0.0,0.0095644973,198.048699,0.0,0.000199000181,0.0,0.000601956305,0.0,-3.09858e-07,2219.5828,0.0,0.000497981993,-0.000446104054,0.0,35.191771,14.6491404,0.0095644973,0.0,0.0
1273.5,-0.2856799,22.4421239,300.0,0.0,0.7050401,0.0,2.01548961,0.0,0.00853569655,203.022132,0.0,0.000181786284,0.0,0.000549885902,0.0,-3.09858e-07,2219.5828,0.0,0.000444416793,-0.000434662081,0.0,22.4421239,9.3433173,0.00853569655,0.0,0.0
1274.0,-0.2856799,9.69102347,300.0,0.0,0.304452481,0.0,0.870334624,0.0,0.01020911859,207.995449,0.0,0.000221695516,0.0,0.000670607483,0.0,-3.09858e-07,2219.5828,0.0,0.000531544641,-0.000453278014,0.0,9.69102347,4.03846745,0.01020911859,0.0,0.0
1274.5,-0.2856799,60.208177628,300.0,0.0,1.89149564098,0.0,5.4071957286,0.0,0.01953401179,212.969886,0.0,0.000436065033,0.0,0.001319054491,0.0,-3.09858e-07,2219.5828,0.0,0.001017051497,-0.000556996413,0.0,60.208177628,25.0644725606,0.01953401179,0.0,0.0
1275.0,-0.2856799,74.5809919,300.0,0.0,2.34303089,0.0,6.69799417,0.0,0.0078434803,217.944051,0.0,0.000178379443,0.0,0.000539580554,0.0,-3.09858e-07,2219.5828,0.0,0.000408376078,-0.000426961157,0.0,74.5809919,31.0382805,0.0078434803,0.0,0.0
1275.5,-0.294922907,61.8072853,300.0,0.0,1.9417331,0.0,5.55080899,0.0,0.01339031365,222.868398,0.0,0.000312331726,0.0,0.000944773238,0.0,-3.09858e-07,2219.5828,0.0,0.000697175678,-0.000499625828,0.0,61.8072853,25.7262859,0.01339031365,0.0,0.0
1276.0,-0.883576091,38.7112405,300.0,0.0,1.21614951,0.0,3.47659191,0.0,0.01506729171,224.6676,0.0,0.000354490231,0.0,0.001072298618,0.0,-3.09858e-07,2219.5828,0.0,0.000784488691,-0.001218072503,0.0,38.7112405,16.1168312,0.01506729171,0.0,0.0
1276.5,-1.80341638,29.71157473,300.0,0.0,0.933416644,0.0,2.6683469,0.0,0.0469325839,224.6676,0.0,0.001104189301,0.0,0.003340065824,0.0,-3.09858e-07,2219.5828,0.0,0.002443576574,-0.00262510961,0.0,29.71157473,12.39060936,0.0469325839,0.0,0.0
1277.0,-2.72325672,23.91085991,300.0,0.0,0.751181812,0.0,2.147394346,0.0,0.02161207673,224.6676,0.0,0.000508470278,0.0,0.001538073393,0.0,-3.09858e-07,2219.5828,0.0,0.001125247333,-0.00347854241,0.0,23.91085991,9.96210445,0.02161207673,0.0,0.0
1277.5,-3.64309703,26.9801378,300.0,0.0,0.847606045,0.0,2.42304112,0.0,0.031296916575,224.6676,0.0,0.000736326847,0.0,0.002227317398,0.0,-3.09858e-07,2124.90279,0.0,0.0016294951,-0.00468009878,0.0,26.9801378,11.24490847,0.031296916575,0.0,0.0
1278.0,-4.56293719,30.1220456,290.389159,0.0,0.917577428,0.0,2.623067507,0.0,0.01985210263,224.6676,0.0,0.000467063136,0.0,0.001412820788,0.0,-3.09858e-07,627.299599,0.0,0.001033613114,-0.00564662508,0.0,30.1220456,12.54559707,0.01985210263,0.0,0.0
1278.5,-5.48277764,32.2669657,299.355433,0.0,1.009754159,0.0,2.88657209,0.0,0.02853949266,224.6676,0.0,0.000671452558,0.0,0.002031079038,0.0,-3.09858e-07,394.39044,0.0,0.001485927935,-0.00683114209,0.0,32.2669657,13.4431867,0.02853949266,0.0,0.0
1279.0,-6.40261797,21.40939881,300.0,0.0,0.672596109,0.0,1.922742306,0.0,0.01822246415,224.6676,0.0,0.000428722399,0.0,0.001296843756,0.0,-3.09858e-07,394.39044,0.0,0.00094876486,-0.00781615573,0.0,21.40939881,8.91924893,0.01822246415,0.0,0.0
1279.5,-7.32245819,20.092679472,299.924886,0.0,0.63114303275,0.0,1.804240913,0.0,0.02666002852,224.6676,1.8277067,0.000627234143,-3.5236e-08,0.001897417452,-1.1649e-08,-3.09858e-07,394.39044,0.0,0.001388072378,-0.0153195368,0.0,20.092679472,8.376278733,0.02666002852,0.0,0.0
1280.0,-8.2422986,28.92892224,299.496258,0.0,0.906131382,0.0,2.58898464,0.0,0.02461668277,224.6676,0.0,0.000579160059,0.0,0.001751895336,0.0,-3.09858e-07,394.39044,0.0,0.00128168418,0.0366927433,0.0,28.92892224,12.05191165,0.02461668277,0.0,0.0
1280.5,-9.15290155,28.22701939,299.454095,0.0,0.8839856034,0.0,2.527038965,0.0,0.0279569435,224.6676,0.0,0.000657746827,0.0,0.00198958065,0.0,-3.09858e-07,394.39044,0.0,0.001455597148,0.04738820405,0.0,28.22701939,11.76179503,0.0279569435,0.0,0.0
1281.0,-9.484083,19.675231989,300.0,0.0,0.61811565644,0.0,1.7669997115,0.0,0.02401734781,224.6676,0.0,0.000565059411,0.0,0.001709250021,0.0,-3.09858e-07,394.39044,0.0,0.001250479384,-0.0115397899,0.0,19.675231989,8.2010330347,0.02401734781,0.0,0.0
1281.5,-9.484083,28.26438385,299.605802,0.0,0.885898834,0.0,2.532508264,0.0,0.0307755196,224.693975,0.0,0.000724188183,0.0,0.002190599167,0.0,-3.09858e-07,394.39044,0.0,0.001602348183,-0.0116203063,0.0,28.26438385,11.77898862,0.0307755196,0.0,0.0
1282.0,-9.484083,24.10266105,299.830545,0.0,0.756429417,0.0,2.16239556,0.0,0.03264995584,226.404242,0.0,0.000774865891,0.0,0.002343894328,0.0,-3.09858e-07,394.39044,0.0,0.001699941945,-0.0116409341,0.0,24.10266105,10.04835925,0.03264995584,0.0,0.0
1282.5,-9.484083,24.951155,299.698944,0.0,0.7823299814,0.0,2.236437244,0.0,0.033456711,229.083547,0.0,0.000802367239,0.0,0.002427083151,0.0,-3.09858e-07,394.39044,0.0,0.001741946214,-0.0116442121,0.0,24.951155,10.40189505,0.033456711,0.0,0.0
1283.0,-9.484083,29.6050389,299.436986,0.0,0.926957722,0.0,2.64988284,0.0,0.02893042214,231.762661,0.0,0.000702329002,0.0,0.002124477247,0.0,-3.09858e-07,394.39044,0.0,0.001506281932,-0.0115972399,0.0,29.6050389,12.33576757,0.02893042214,0.0,0.0
1283.5,-9.484083,25.86976384,299.890369,0.0,0.8122563,0.0,2.321987244,0.0,0.02192970942,234.442175,0.0,0.000538120228,0.0,0.00162776161,0.0,-3.09858e-07,394.39044,0.0,0.001141785079,-0.0118141631,0.0,25.86976384,10.77740416,0.02192970942,0.0,0.0
1284.0,-9.484083,25.25028859,299.289139,0.0,0.789482496,0.0,2.256884052,0.0,0.02588553214,237.121711,0.0,0.000643307392,0.0,0.00194594255,0.0,-3.09858e-07,394.39044,0.0,0.001347747662,-0.01096714849,0.0,25.25028859,10.52194563,0.02588553214,0.0,0.0
1284.5,-9.484083,32.556545,299.255022,0.0,1.017618158,0.0,2.902227745,0.0,0.0362002251,239.774395,0.0,0.000908501212,0.0,0.00274811738,0.0,-3.09858e-07,394.39044,0.0,0.001884789096,-0.011031465,0.0,32.556545,13.56815592,0.0362002251,0.0,0.0
1285.0,-9.484083,25.56467488,299.828397,0.0,0.802315703,0.0,2.29357016,0.0,0.0336621861,240.74341,0.0,0.000848643593,0.0,0.002567064707,0.0,-3.09858e-07,394.39044,0.0,0.001752644388,-0.0045928737,0.0,25.56467488,10.65730528,0.0336621861,0.0,0.0
1285.5,-9.484083,28.9706993,299.520902,0.0,0.907607261,0.0,2.59365855,0.0,0.03472639605,240.74341,0.0,0.000875472982,0.0,0.002648212193,0.0,-3.09858e-07,394.39044,0.0,0.00180805325,0.06506634439,0.0,28.9706993,12.07519855,0.03472639605,0.0,0.0
1286.0,-9.484083,26.9995207,299.77516,0.0,0.8471010386,0.0,2.421597434,0.0,0.02483701058,240.74341,0.0,0.000626155735,0.0,0.001894060476,0.0,-3.09858e-07,394.39044,0.0,0.001293155712,-0.01155418715,0.0,26.9995207,11.24920214,0.02483701058,0.0,0.0
1286.5,-9.484083,24.6712221,299.395703,0.0,0.7718782086,0.0,2.2056409973,0.0,0.0328525053,240.74341,0.0,0.000828231053,0.0,0.002505283324,0.0,-3.09858e-07,394.39044,0.0,0.001710487806,0.0525026121,0.0,24.6712221,10.285060091,0.0328525053,0.0,0.0
1287.0,-9.484083,38.350243,299.33375,0.0,1.19870622,0.0,3.42672694,0.0,0.0286190929,240.74341,0.0,0.000721504234,0.0,0.002182480465,0.0,-3.09858e-07,394.39044,0.0,0.001490072336,-0.0115960915,0.0,38.350243,15.97452975,0.0286190929,0.0,0.0
1287.5,-9.484083,22.55430176,299.655533,0.0,0.7067957956,0.0,2.020508566,0.0,0.0284219208,240.74341,0.0,0.000716533419,0.0,0.00216743675,0.0,-3.09858e-07,394.39044,0.0,0.001479806484,0.0380614834,0.0,22.55430176,9.40160691,0.0284219208,0.0,0.0
1288.0,-9.484083,34.71351254,299.63126,0.0,1.088827147,0.0,3.102226637,0.0,0.0349699969,240.74341,0.0,0.000881614291,0.0,0.00266678891,0.0,-3.09858e-07,394.39044,0.0,0.00182073642,-0.0234513144,0.0,34.71351254,14.46496719,0.0349699969,0.0,0.0
1288.5,-9.484083,23.75575633,299.95694,0.0,0.746235953,0.0,2.128682397,0.0,0.02567937473,240.74341,0.0,0.000647392224,0.0,0.001958298827,0.0,-3.09858e-07,394.39044,0.0,0.001337013984,-0.0350747677,0.0,23.75575633,9.89993961,0.02567937473,0.0,0.0
1289.0,-9.484083,25.489141,299.92141,0.00013314019,0.8003781923,6.83434e-07,2.2810538984,1.953724e-06,0.0165165691,240.74341,17.009541,0.000416392466,-1.4228775e-05,0.001297883675,-4.703878e-06,-3.09858e-07,394.39044,0.0,0.000859946297,-0.02575865345,0.0,25.489141,10.61586342,0.0165165691,0.0,0.0
1289.5,-9.484083,28.0294185,299.72018,0.0,0.8791437404,0.0,2.513197536,0.0,0.0255198455,240.74341,0.0,0.000643370405,0.0,0.001946133203,0.0,-3.09858e-07,394.39044,0.0,0.001328708026,-0.00384846525,0.0,28.0294185,11.67814849,0.0255198455,0.0,0.0
1290.0,-9.484083,37.517954739,298.808652,0.0,1.1711685626,0.0,3.3480054172,0.0,0.032113693,240.74341,0.0,0.00080960518,0.0,0.00244897737,0.0,-3.09858e-07,394.39044,0.0,0.00167202106,-0.00543487564,0.0,37.517954739,15.6302487295,0.032113693,0.0,0.0
1290.5,-9.484083,23.992585464,299.499567,0.0,0.7505268196,0.0,2.1455219413,0.0,0.03233603491,240.74341,0.0,0.0008152105,0.0,0.002465932907,0.0,-3.09858e-07,394.39044,0.0,0.001683597388,-0.0055770674,0.0,23.992585464,10.00237264,0.03233603491,0.0,0.0
1291.0,-9.484083,24.93215123,300.0,0.0,0.783266648,0.0,2.239114821,0.0,0.02701275944,240.74341,0.0,0.000681007632,0.0,0.002059982156,0.0,-3.09858e-07,394.39044,0.0,0.001406437548,-0.00769618655,0.0,24.93215123,10.39022472,0.02701275944,0.0,0.0
1291.5,-9.484083,25.26043428,299.41239,0.0,0.790188502,0.0,2.258902299,0.0,0.02867110468,240.74341,0.0,0.000722815496,0.0,0.002186446878,0.0,-3.09858e-07,394.39044,0.0,0.001492780403,-0.0114314478,0.0,25.26043428,10.52779396,0.02867110468,0.0,0.0
1292.0,-9.484083,31.13623723,299.572295,0.00029841508,0.975593448,1.937894e-06,2.788917135,5.539832e-06,0.03192439159,240.74341,11.6301506,0.000804832789,-1.5661263e-05,0.002476735617,-5.177443e-06,-3.09858e-07,407.325964,0.0,0.001662164962,0.0226817822,0.0,31.13623723,12.9746587,0.03192439159,0.0,0.0
1292.5,-9.484083,29.1063587,299.59108,0.0,0.911887552,0.0,2.606801957,0.0,0.03185785694,240.74341,0.0,0.000803155422,0.0,0.002429467371,0.0,-3.09858e-07,457.474453,0.0,0.001658700816,-0.0156640541,0.0,29.1063587,12.12997234,0.03185785694,0.0,0.0
1293.0,-9.484083,22.143137507,299.996124,0.0,0.6956447723,0.0,1.988631316,0.0,0.03594354636,240.74341,0.0,0.000906158077,0.0,0.002741040471,0.0,-3.09858e-07,509.950554,0.0,0.00187142498,-0.01171589195,0.0,22.143137507,9.234910127,0.03594354636,0.0,0.0
1293.5,-9.484083,27.3001718,299.744632,0.0011394993,0.856544308,7.40401e-07,2.44859288,2.116576e-06,0.02743254637,240.74341,24.074341,0.000691590706,-1.0107704e-05,0.002119228223,-3.341497e-06,-3.09858e-07,562.426664,0.0,0.001428294015,-0.01189630935,0.0,27.3001718,11.37582052,0.02743254637,0.0,0.0
1294.0,-9.484083,24.54872209,299.641855,0.0,0.769330693,0.0,2.19927634,0.0,0.0385231325,240.74341,0.0,0.000971190953,0.0,0.00293775862,0.0,-3.09858e-07,597.844815,0.0,0.002005732899,-0.00417511325,0.0,24.54872209,10.23739777,0.0385231325,0.0,0.0
1294.5,-9.484083,21.48821354,300.0,0.0,0.6750721222,0.0,1.9298205386,0.0,0.02357935325,240.74341,0.0,0.000594449426,0.0,0.001798148024,0.0,-3.09858e-07,598.82794,0.0,0.001227674895,0.0003969387,0.0,21.48821354,8.955171917,0.02357935325,0.0,0.0
1295.0,-9.484083,21.58354715,300.0,0.0,0.678067126,0.0,1.938382274,0.0,0.02966986665,240.74341,0.0,0.000747994855,0.0,0.002262612067,0.0,-3.09858e-07,598.82794,0.0,0.001544781614,-0.011605856,0.0,21.58354715,8.998397325,0.02966986665,0.0,0.0
1295.5,-9.484083,30.4849869,299.540637,0.0,0.955284403,0.0,2.72965325,0.0,0.0319040434,240.74341,0.0,0.000804319778,0.0,0.00243298783,0.0,-3.09858e-07,598.82794,0.0,0.001661105526,0.04131675815,0.0,30.4849869,12.70365646,0.0319040434,0.0,0.0
1296.0,-9.484083,24.31102845,299.770678,0.0,0.762626018,0.0,2.180109719,0.0,0.02135754382,240.74341,0.0,0.000538436282,0.0,0.001628717653,0.0,-3.09858e-07,598.82794,0.0,0.001111994871,-0.0115143727,0.0,24.31102845,10.12846906,0.02135754382,0.0,0.0
1296.5,-9.484083,24.87270293,299.946893,0.0015791764,0.781332623,1.941847e-06,2.23358614,5.551134e-06,0.03227203858,240.74341,24.074341,0.000813597166,-2.1181758e-05,0.002518122951,-7.002458e-06,-3.09858e-07,598.82794,0.0,0.001680265423,-0.0119435997,0.0,24.87270293,10.36855899,0.03227203858,0.0,0.0
1297.0,-9.484083,25.77637151,300.0,0.0,0.809788592,0.0,2.3149328,0.0,0.0328613867,240.74341,0.0,0.000828455003,0.0,0.00250599619,0.0,-3.09858e-07,598.82794,0.0,0.001710950244,-0.01164347985,0.0,25.77637151,10.74492569,0.0328613867,0.0,0.0
1297.5,-9.484083,25.75007532,300.0,0.0,0.8089624824,0.0,2.312571201,0.0,0.02972440049,240.74341,0.0,0.000749369681,0.0,0.0022667361,0.0,-3.09858e-07,598.82794,0.0,0.001547620915,0.0371819641,0.0,25.75007532,10.73215242,0.02972440049,0.0,0.0
1298.0,-9.484083,20.86789516,299.9914,0.0,0.655575966,0.0,1.870078098,0.0,0.027622819967,240.74341,0.0,0.000696387607,0.0,0.002106504076,0.0,-3.09858e-07,598.82794,0.0,0.001438200734,0.0043135941,0.0,20.86789516,8.69941384,0.027622819967,0.0,0.0
1298.5,-9.484083,29.4241829,299.795595,0.0,0.923360952,0.0,2.639597864,0.0,0.02689300387,240.74341,0.0,0.000677988529,0.0,0.002050849638,0.0,-3.09858e-07,598.82794,0.0,0.001400202352,-0.0186481158,0.0,29.4241829,12.25932245,0.02689300387,0.0,0.0
1299.0,-9.484083,32.08021764,299.36766,0.0,1.004331272,0.0,2.871069646,0.0,0.03146807819,240.74341,0.0,0.000793328883,0.0,0.00239974305,0.0,-3.09858e-07,598.82794,0.0,0.001638406732,-0.0107370704,0.0,32.08021764,13.36718938,0.03146807819,0.0,0.0
1299.5,-9.484083,24.9749872,299.65286,0.0,0.7827880296,0.0,2.237746634,0.0,0.02678153673,240.807343,0.0,0.000675197746,0.0,0.002042407836,0.0,-3.09858e-07,598.82794,0.0,0.001394398776,-0.00614125,0.0,24.9749872,10.4079142,0.02678153673,0.0,0.0
1300.0,-9.484083,23.50742004,299.738376,0.00025307785,0.737111353,8.9628e-08,2.107171234,2.56217e-07,0.0298212739,244.964268,24.269507,0.000764517671,-2.400254e-06,0.002319043338,-7.93498e-07,-3.09858e-07,598.82794,0.0,0.001552664775,0.04229863853,0.0,23.50742004,9.79902356,0.0298212739,0.0,0.0
1300.5,-9.484083,28.014620748,299.862207,0.0,0.8795256341,0.0,2.5142892556,0.0,0.025351533472,251.474368,0.0,0.000667543577,0.0,0.002019254745,0.0,-3.09858e-07,598.82794,0.0,0.001319944665,-0.0115546041,0.0,28.014620748,11.67189336,0.025351533472,0.0,0.0
1301.0,-9.484083,24.90080782,299.700958,0.0,0.780591554,0.0,2.228342326,0.0,0.0411207322,257.98793,0.0,0.001112404547,0.0,0.003364915984,0.0,-3.09858e-07,598.82794,0.0,0.002140978704,-0.02565912845,0.0,24.90080782,10.38542027,0.0411207322,0.0,0.0
1301.5,-9.484083,26.84135647,299.714551,0.0,0.8416181795,0.0,2.405375357,0.0,0.0288264433,264.499817,0.0,0.000799214016,0.0,0.00241754154,0.0,-3.09858e-07,598.82794,0.0,0.001500868191,0.03354467245,0.0,26.84135647,11.18571829,0.0288264433,0.0,0.0
1302.0,-9.484083,19.321250542,300.0,0.0,0.6069949792,0.0,1.7352092023,0.0,0.02640593394,271.009438,0.0,0.000748860455,0.0,0.00226523031,0.0,-3.09858e-07,598.82794,0.0,0.00137484277,-0.01157175255,0.0,19.321250542,8.055133006,0.02640593394,0.0,0.0
1302.5,-9.484083,28.82487528,299.579522,0.0,0.9033354406,0.0,2.582354149,0.0,0.02540390425,277.450627,0.0,0.00073862148,0.0,0.002234258439,0.0,-3.09858e-07,598.82794,0.0,0.001322671404,-0.011862224,0.0,28.82487528,12.00907638,0.02540390425,0.0,0.0
1303.0,-9.484083,23.988133468,299.634622,0.0,0.75171770841,0.0,2.1489263462,0.0,0.0305855505,279.446572,0.0,0.00089504558,0.0,0.00270742633,0.0,-3.09858e-07,608.575326,0.0,0.001592457261,-0.0089205043,0.0,23.988133468,9.99949785,0.0305855505,0.0,0.0
1303.5,-9.484083,26.45517205,299.986975,0.0,0.8310575286,0.0,2.3757341,0.0,0.03396726965,278.883671,0.0,0.0009921432,0.0,0.003001118126,0.0,-3.09858e-07,1894.05656,0.0,0.00176852881,0.03433675365,0.0,26.45517205,11.02802573,0.03396726965,0.0,0.0
1304.0,-9.484083,27.37940456,300.0,0.00018202802,0.860149368,7.5625e-08,2.45213855,2.16188e-07,0.02094377499,278.320733,0.0,0.000610410996,0.0,0.001846428036,0.0,-3.09858e-07,3828.41322,0.0,0.001090451759,0.0444272001,0.0,27.37940456,11.40500125,0.02094377499,0.0,0.0
1304.5,-9.484083,28.3500823,300.0,0.0,0.890644098,0.0,2.546073541,0.0,0.0407935958,277.757911,0.0,0.001186659564,0.0,0.00358953022,0.0,-3.09858e-07,4129.468,0.0,0.00212394609,-0.00853230835,0.0,28.3500823,11.82049752,0.0407935958,0.0,0.0
1305.0,-9.484083,29.3627995,300.0,0.0,0.922459555,0.0,2.63702391,0.0,0.0381617071,277.195002,0.0,0.00110785193,0.0,0.003351144906,0.0,-3.09858e-07,4129.468,0.0,0.001986915032,-0.01070225396,0.0,29.3627995,12.24035991,0.0381617071,0.0,0.0
1305.5,-9.48858695,30.79616613,300.0,0.0,0.967490107,0.0,2.765752135,0.0,0.0450088265,276.637577,0.0,0.001303894527,0.0,0.00394415477,0.0,-3.09858e-07,4129.468,0.0,0.002343414854,-0.01173741175,0.0,30.79616613,12.84079221,0.0450088265,0.0,0.0
1306.0,-9.77554095,22.35752856,300.0,0.0,0.702382481,0.0,2.007892312,0.0,0.0434887625,276.434,0.0,0.001258916994,0.0,0.003808102056,0.0,-3.09858e-07,4129.468,0.0,0.00226427177,-0.01210795025,0.0,22.35752856,9.32852536,0.0434887625,0.0,0.0
1306.5,-10.22393785,25.765781003,300.0,0.0,0.8094558544,0.0,2.3139816685,0.0,0.03291384255,276.434,0.0,0.000952793137,0.0,0.002882107026,0.0,-3.09858e-07,4129.468,0.0,0.001713681384,-0.0125160056,0.0,25.765781003,10.74054967,0.03291384255,0.0,0.0
1307.0,-10.6723348,25.70281864,300.0,0.0,0.8074778654,0.0,2.308327191,0.0,0.03454358609,276.434,0.0,0.000999971134,0.0,0.003024815806,0.0,-3.09858e-07,4129.468,0.0,0.001798535067,-0.01305077555,0.0,25.70281864,10.715302283,0.03454358609,0.0,0.0
1307.5,-11.12073185,21.34038537,300.0,0.0,0.6704279937,0.0,1.916544295,0.0,0.04100455587,276.434,0.0,0.001187003926,0.0,0.003590571929,0.0,-3.09858e-07,4129.468,0.0,0.002134929765,-0.0156610526,0.0,21.34038537,8.90383423,0.04100455587,0.0,0.0
1308.0,-11.56912865,24.75800522,300.0,0.0,0.777795678,0.0,2.223475104,0.0,0.03255243626,276.434,0.0,0.000942331116,0.0,0.002850460461,0.0,-3.09858e-07,4129.468,0.0,0.001694864548,-0.0141193902,0.0,24.75800522,10.32099585,0.03255243626,0.0,0.0
1308.5,-12.0175256,18.35134486,300.0,0.0,0.5765245039,0.0,1.644001216,0.0,0.03907774143,276.434,0.0,0.001131226316,0.0,0.003421850045,0.0,-3.09858e-07,4129.468,0.0,0.002034608925,-0.03307917035,0.0,18.35134486,7.65894733,0.03907774143,0.0,0.0
1309.0,-12.46592265,35.18577255,300.0,0.0,1.105393667,0.0,3.159975493,0.0,0.0361570314,276.434,0.0,0.001046677288,0.0,0.00316606082,0.0,-3.09858e-07,4129.468,0.0,0.001882540232,0.02051555765,0.0,35.18577255,14.66217181,0.0361570314,0.0,0.0
1309.5,-12.91431955,36.3914212,300.0,0.0,1.143270196,0.0,3.2682527,0.0,0.0341906847,276.434,0.0,0.000989755292,0.0,0.00299391398,0.0,-3.09858e-07,3800.97985,0.0,0.00178016101,-0.0157371426,0.0,36.3914212,15.1627026,0.0341906847,0.0,0.0
1310.0,-13.3627164,28.7092881,300.0,0.0,0.901928885,0.0,2.57833317,0.0,0.02329122265,276.434,0.0,0.000674236591,0.0,0.00203950044,0.0,-3.09858e-07,2836.73863,0.0,0.001212673194,-0.0155112674,0.0,28.7092881,11.9597462,0.02329122265,0.0,0.0
1310.5,-13.8169498,22.48540431,300.0,0.61606193,0.7063998,-9.5375e-08,2.006392573,-3.3363e-08,0.0289254823,276.434,0.24457285,0.00083733772,5.26067e-07,0.00253286559,1.591302e-06,-3.09858e-07,2460.396,0.0,0.001506024773,-0.0633076623,0.0,22.48540431,9.3732323,0.0289254823,0.0,0.0
1311.0,-14.6378857,20.57955729,299.959906,0.0,0.6463015031,0.0,1.8474197775,0.0,0.0470055149,276.434,0.0,0.00136072026,0.0,0.00411604228,0.0,-3.09858e-07,2460.396,0.0,0.00244737381,0.031208851,0.0,20.57955729,8.590751787,0.0470055149,0.0,0.0
1311.5,-15.6683985,36.1357091,299.965936,0.0,1.135023956,0.0,3.23934527,0.0,0.03773667185,276.434,15.513716,0.001092404896,-2.735952e-06,0.00331179062,-9.04476e-07,-3.09858e-07,2460.396,0.0,0.001964785259,-0.0505052578,0.0,36.1357091,15.05836983,0.03773667185,0.0,0.0
1312.0,-16.6989114,27.21490772,300.0,0.0,0.854981569,0.0,2.44412545,0.0,0.0333392069,276.434,0.0,0.000965106629,0.0,0.00291935072,0.0,-3.09858e-07,2460.396,0.0,0.00173582825,0.0432212562,0.0,27.21490772,11.34379065,0.0333392069,0.0,0.0
1312.5,-17.7294239,27.19142497,299.99298,0.0,0.854204747,0.0,2.441904743,0.0,0.0294600949,276.434,0.0,0.000852813711,0.0,0.002579676573,0.0,-3.09858e-07,2460.396,0.0,0.001533859675,-0.0029900067,0.0,27.19142497,11.33175452,0.0294600949,0.0,0.0
1313.0,-18.759937,17.80755395,300.0,0.0,0.5594408172,0.0,1.59926672,0.0,0.02866601512,276.434,0.0,0.00082982663,0.0,0.002510145214,0.0,-3.09858e-07,2460.396,0.0,0.001492515415,-0.0218415298,0.0,17.80755395,7.426592678,0.02866601512,0.0,0.0
1313.5,-19.7904498,31.70825595,299.912992,0.0001309979,0.995646008,8.11682e-07,2.83600869,2.320347e-06,0.0279409074,276.434,0.0,0.000808836161,0.0,0.00244663962,0.0,-3.09858e-07,2460.396,0.0,0.001454762166,0.097479132,0.0,31.70825595,13.21035386,0.0279409074,0.0,0.0
1314.0,-20.8209626,27.33273498,299.99917,0.0,0.85868277,0.0,2.452094962,0.0,0.040834398,276.434,0.0,0.001182078177,0.0,0.00357567201,0.0,-3.09858e-07,2460.396,0.0,0.00212607042,-0.0384191306,0.0,27.33273498,11.397195774,0.040834398,0.0,0.0
1314.5,-21.8514754,20.6581567,299.999213,1.6963536e-05,0.6489902591,1.05247e-07,1.855260605,3.00869e-07,0.0236783385,276.51328,0.0,0.000685484003,0.0,0.002073521621,0.0,-3.09858e-07,2460.396,0.0,0.001232828666,0.0140367831,0.0,20.6581567,8.609837187,0.0236783385,0.0,0.0
1315.0,-22.8819882,32.6827549,299.986298,0.0,1.026676759,0.0,2.92775657,0.0,0.04554126655,281.61899,0.0,0.001346329779,0.0,0.00407251263,0.0,-3.09858e-07,2460.396,0.0,0.002371136783,-0.01759866541,0.0,32.6827549,13.6261268,0.04554126655,0.0,0.0
1315.5,-23.9021468,28.00065754,300.0,0.0,0.879666594,0.0,2.514692245,0.0,0.0422244793,289.620121,0.0,0.001282241867,0.0,0.00387862936,0.0,-3.09858e-07,2460.396,0.0,0.002198446,0.0153868789,0.0,28.00065754,11.67593475,0.0422244793,0.0,0.0
1316.0,-24.27318,20.35193514,299.98746,0.00188443653,0.639313611,1.956996e-06,1.827598065,5.594442e-06,0.01769938149,297.621699,29.7225,0.000551757555,-1.4107516e-05,0.001707022775,-4.663791e-06,-3.09858e-07,2460.396,0.0,0.000921530218,0.0151679123,0.0,20.35193514,8.478925004,0.01769938149,0.0,0.0
1316.5,-24.27318,34.8461155,300.0,0.0,1.094723035,0.0,3.129471433,0.0,0.0656051375,305.623737,0.0,0.0021026206,0.0,0.00636022393,0.0,-3.09858e-07,2460.396,0.0,0.00341577568,-0.0167163893,0.0,34.8461155,14.53803296,0.0656051375,0.0,0.0
1317.0,-24.27318,24.68566257,300.0,0.0,0.775522936,0.0,2.210841866,0.0,0.0326975924,313.624158,0.0,0.001075122659,0.0,0.00325214019,0.0,-3.09858e-07,2460.396,0.0,0.001702422218,-0.0018459472,0.0,24.68566257,10.2909783,0.0326975924,0.0,0.0
1317.5,-24.27318,24.16581142,299.98687,0.0,0.7591270924,0.0,2.1701074586,0.0,0.02913095114,321.547041,0.0,0.000978993757,0.0,0.00296135764,0.0,-3.09858e-07,2460.396,0.0,0.001516722631,0.0304451412,0.0,24.16581142,10.072581943,0.02913095114,0.0,0.0
1318.0,-24.27318,26.24648493,299.971194,0.0,0.824388121,0.0,2.356668291,0.0,0.0389966264,324.43985,0.0,0.001324920585,0.0,0.004007721014,0.0,-3.09858e-07,2460.396,0.0,0.002030385645,0.0355260238,0.0,26.24648493,10.94412621,0.0389966264,0.0,0.0
1318.5,-24.27318,26.72343952,300.0,0.0,0.8395416188,0.0,2.399987398,0.0,0.03792562373,324.43985,0.0,0.001288533004,0.0,0.00389768756,0.0,-3.09858e-07,2460.396,0.0,0.001974623169,-0.0292857942,0.0,26.72343952,11.14196501,0.03792562373,0.0,0.0
1319.0,-24.27318,24.606110496,300.0,0.0,0.7730237386,0.0,2.2057226203,0.0,0.03109302637,324.43985,22.46773,0.001056393674,-2.5188603e-05,0.003263353218,-8.327077e-06,-3.09858e-07,2460.396,0.0,0.0016188794,-0.0364777951,0.0,24.606110496,10.256939047,0.03109302637,0.0,0.0
1319.5,-24.27318,29.42067342,299.993813,0.0,0.9242460183,0.0,2.642127646,0.0,0.0416538261,324.43985,0.0,0.001415199627,0.0,0.00428084195,0.0,-3.09858e-07,2460.396,0.0,0.00216873451,-0.0353306119,0.0,29.42067342,12.26648064,0.0416538261,0.0,0.0
1320.0,-24.27318,25.2520155,300.0,0.0,0.793315442,0.0,2.267841277,0.0,0.03782907096,324.43985,0.0,0.001285252544,0.0,0.003887764606,0.0,-3.09858e-07,2460.396,0.0,0.001969596052,-0.0292135337,0.0,25.2520155,10.52963809,0.03782907096,0.0,0.0
1320.5,-24.2800877,29.3512239,299.98313,0.0,0.921998484,0.0,2.617944007,0.0,0.0355818382,324.43985,0.0,0.001208902274,0.0,0.00365680399,0.0,-3.09858e-07,2460.396,0.0,0.00185259241,0.0001290918,0.0,29.3512239,12.23403667,0.0355818382,0.0,0.0
1321.0,-24.7204087,28.29239724,299.98654,0.0,0.888776398,0.0,2.540734325,0.0,0.03523250175,324.43985,0.0,0.001197033485,0.0,0.00362087406,0.0,-3.09858e-07,2460.396,0.0,0.00183440393,0.1046977166,0.0,28.29239724,11.79324795,0.03523250175,0.0,0.0
1321.5,-25.4084521,23.32642586,299.987372,0.00054853125,0.732745607,3.286684e-06,2.086541869,9.395602e-06,0.02041548525,324.43985,20.780964,0.000693621457,-4.2703218e-05,0.002213193621,-1.4117219e-05,-3.09858e-07,2460.396,0.0,0.001062945988,-0.0221933359,0.0,23.32642586,9.71821858,0.02041548525,0.0,0.0
1322.0,-26.0964958,38.7159181,300.0,0.0,1.216296449,0.0,3.47701187,0.0,0.04244468237,324.43985,0.0,0.00144206923,0.0,0.004362102845,0.0,-3.09858e-07,2460.396,0.0,0.00220991102,0.0384886184,0.0,38.7159181,16.1347627,0.04244468237,0.0,0.0
1322.5,-26.7845391,28.5392373,300.0,0.0,0.896586597,0.0,2.563061332,0.0,0.0370499517,324.43985,0.0,0.00125878188,0.0,0.00380769319,0.0,-3.09858e-07,2460.396,0.0,0.00192903079,-0.0322625699,0.0,28.5392373,11.89702063,0.0370499517,0.0,0.0
1323.0,-27.4725827,33.8148482,300.0,0.0,1.062324804,0.0,3.03685508,0.0,0.04435921533,324.43985,0.0,0.001507115993,0.0,0.00455887992,0.0,-3.09858e-07,2460.396,0.0,0.00230959248,-0.0325891742,0.0,33.8148482,14.09650913,0.04435921533,0.0,0.0
1323.5,-28.1606263,19.8498086,300.0,0.0,0.62360012,0.0,1.768965573,0.0,0.035811187867,324.512912,32.030945,0.001216766441,-3.4917542e-05,0.003774679508,-1.1543358e-05,-3.09858e-07,2460.396,0.0,0.00186453366,-0.0806062917,0.0,19.8498086,8.28056195,0.035811187867,0.0,0.0
1324.0,-28.84867,17.229705,300.0,0.0,0.541287157,0.0,1.542869627,0.0,0.03118777433,329.273994,0.0,0.001073355401,0.0,0.00324679508,0.0,-3.09858e-07,2688.56169,0.0,0.001623812493,-0.0302669479,0.0,17.229705,7.187617587,0.03118777433,0.0,0.0
1324.5,-29.5367135,31.96556755,300.0,0.0,1.004227932,0.0,2.865389996,0.0,0.061245161417,336.729082,0.0,0.002160799486,0.0,0.006536207172,0.0,-3.09858e-07,3178.18034,0.0,0.003188770611,-0.0117916977,0.0,31.96556755,13.33686942,0.061245161417,0.0,0.0
1325.0,-30.2247571,33.60878984,300.0,0.0,1.055851283,0.0,3.018349211,0.0,0.0534374484,344.182735,0.0,0.001923230621,0.0,0.00581758647,0.0,-3.09858e-07,3667.79894,0.0,0.00278225678,-0.03163307983,0.0,33.60878984,14.01606742,0.0534374484,0.0,0.0
1325.5,-30.8799117,24.53782262,300.0,0.0,0.7708784517,0.0,2.2025597,0.0,0.03731813395,351.638334,0.0,0.001376837573,0.0,0.00416472239,0.0,-3.09858e-07,4153.64378,0.0,0.001942993755,0.1355251273,0.0,24.53782262,10.23215914,0.03731813395,0.0,0.0
1326.0,-29.4702315,25.81495504,300.0,0.0,0.811000735,0.0,2.318397908,0.0,0.0330861208,359.093531,0.0,0.00124646624,0.0,0.00377043974,0.0,-3.09858e-07,4340.0083,0.0,0.00172265115,-0.03193467145,0.0,25.81495504,10.761111875,0.0330861208,0.0,0.0
1326.5,-26.8804102,38.5021555,300.0,0.0,1.209580883,0.0,3.4578142,0.0,0.0462669615,366.404737,0.0,0.001773636326,0.0,0.00536506937,0.0,-3.09858e-07,4340.0083,0.0,0.002408920604,0.0041037545,0.0,38.5021555,16.04804571,0.0462669615,0.0,0.0
1327.0,-24.2905884,23.94679054,300.0,0.0,0.752310611,0.0,2.150621267,0.0,0.04619864418,364.465527,0.0,0.001767509047,0.0,0.005346526765,0.0,-3.09858e-07,4340.0083,0.0,0.00240536346,0.0993001973,0.0,23.94679054,9.99141132,0.04619864418,0.0,0.0
1327.5,-21.7007669,28.4424517,300.0,0.0,0.893545952,0.0,2.552898266,0.0,0.0386790771,357.209707,0.0,0.001445884008,0.0,0.00437362761,0.0,-3.09858e-07,4340.0083,0.0,0.002013852256,0.1560669794,0.0,28.4424517,11.85769847,0.0386790771,0.0,0.0
1328.0,-19.1109454,21.08530752,300.0,0.0,0.662414486,0.0,1.893636204,0.0,0.04563609494,349.95034,0.0,0.001673659508,0.0,0.0050626578,0.0,-3.09858e-07,4340.0083,0.0,0.002376074025,-0.0149966991,0.0,21.08530752,8.80039867,0.04563609494,0.0,0.0
1328.5,-16.5211237,28.36965426,300.0,0.0,0.8912589526,0.0,2.547831182,0.0,0.03008091851,342.693225,0.0,0.001079995053,0.0,0.003266865285,0.0,-3.09858e-07,4340.0083,0.0,0.001566183294,0.0548007799,0.0,28.36965426,11.82238651,0.03008091851,0.0,0.0
1329.0,-13.93130215,31.50364658,300.0,0.0,0.9897162365,0.0,2.829289788,0.0,0.0525135078,335.434429,0.0,0.001848011356,0.0,0.00559005556,0.0,-3.09858e-07,4340.0083,0.0,0.002734151194,-0.0054475521,0.0,31.50364658,13.13956193,0.0525135078,0.0,0.0
1329.5,-11.3414803,30.87714378,300.0,0.0,0.970034078,0.0,2.773017048,0.0,0.0393276525,328.248404,0.0,0.001353309236,0.0,0.00409362941,0.0,-3.09858e-07,4340.0083,0.0,0.00204762076,-0.04868805235,0.0,30.87714378,12.87117061,0.0393276525,0.0,0.0
1330.0,-8.7516589,32.07915634,300.0,0.0,1.007796423,0.0,2.880975456,0.0,0.0592341829,325.6227,0.0,0.002019834066,0.0,0.00610980253,0.0,-3.09858e-07,4340.0083,0.0,0.00308406762,-0.0092709796,0.0,32.07915634,13.38296048,0.0592341829,0.0,0.0
1330.5,-6.18778069,25.05257501,300.0,0.0,0.787049863,0.0,2.249929921,0.0,0.03664278057,325.6227,0.0,0.001249486879,0.0,0.003779577017,0.0,-3.09858e-07,4340.0083,0.0,0.001907831071,-0.00776641698,0.0,25.05257501,10.44595685,0.03664278057,0.0,0.0
1331.0,-5.2553997,29.42875208,300.0,0.0,0.924531541,0.0,2.642947018,0.0,0.02615530139,325.6227,0.0,0.000891873026,0.0,0.002697829599,0.0,-3.09858e-07,4340.0083,0.0,0.001361793415,-0.00654041425,0.0,29.42875208,12.2607927,0.02615530139,0.0,0.0
1331.5,-5.2553997,30.3414169,300.0,0.0,0.95320372,0.0,2.724911926,0.0,0.0556317288,325.6227,0.0,0.001896993524,0.0,0.0057382217,0.0,-3.09858e-07,4340.0083,0.0,0.00289650345,-0.00732156127,0.0,30.3414169,12.65777055,0.0556317288,0.0,0.0
1332.0,-5.2553997,35.0036018,300.0,0.0,1.099670606,0.0,3.14361504,0.0,0.05644472947,325.6227,0.0,0.001924716164,0.0,0.005822080166,0.0,-3.09858e-07,4340.0083,0.0,0.002938832836,-0.00682599862,0.0,35.0036018,14.59821479,0.05644472947,0.0,0.0
1332.5,-5.2553997,22.893090518,300.0,0.0,0.719207639,0.0,2.0559902044,0.0,0.0503980043,325.6227,0.0,0.001718528057,0.0,0.00519838101,0.0,-3.09858e-07,4340.0083,0.0,0.00262400606,-0.006158825647,0.0,22.893090518,9.555411053,0.0503980043,0.0,0.0
1333.0,-5.2553997,28.2200016,300.0,0.0,0.88655749,0.0,2.534391193,0.0,0.0511305315,325.6227,0.0,0.001743506588,0.0,0.005273938708,0.0,-3.09858e-07,4340.0083,0.0,0.002662145598,-0.00673095567,0.0,28.2200016,11.77240588,0.0511305315,0.0,0.0
1333.5,-5.2553997,28.03355822,300.0,0.0,0.8807002192,0.0,2.517646994,0.0,0.04544379895,325.6227,0.0,0.001549593973,0.0,0.00468737183,0.0,-3.09858e-07,4340.0083,0.0,0.002366062022,-0.00426010312,0.0,28.03355822,11.69150492,0.04544379895,0.0,0.0
1334.0,-5.2553997,23.498542655,300.0,0.0,0.738228474,0.0,2.1103648203,0.0,0.05207003914,325.6227,0.0,0.001775543019,0.0,0.005370845746,0.0,-3.09858e-07,4340.0083,0.0,0.002711061715,-0.00682876797,0.0,23.498542655,9.808320372,0.05207003914,0.0,0.0
1334.5,-5.2553997,30.55003565,300.0,0.0,0.959757688,0.0,2.743647647,0.0,0.04231955284,325.6227,0.0,0.00144305994,0.0,0.00436503427,0.0,-3.09858e-07,4340.0083,0.0,0.002203396062,0.08526694705,0.0,30.55003565,12.73680536,0.04231955284,0.0,0.0
1335.0,-5.2553997,27.86878805,300.0,0.0,0.875523799,0.0,2.502849151,0.0,0.0431148069,325.6227,0.0,0.00147017736,0.0,0.00444714432,0.0,-3.09858e-07,4340.0083,0.0,0.00224480147,-0.00587374491,0.0,27.86878805,11.6215828,0.0431148069,0.0,0.0
1335.5,-5.2553997,20.42073247,300.0,0.0,0.6415362445,0.0,1.831202737,0.0,0.02763027884,325.6227,0.0,0.000942168427,0.0,0.00284996833,0.0,-3.09858e-07,4340.0083,0.0,0.001438589069,-0.02012924215,0.0,20.42073247,8.513350797,0.02763027884,0.0,0.0
1336.0,-5.2553997,28.40902166,300.0,0.0,0.89249572,0.0,2.55136675,0.0,0.03073542946,325.6227,0.0,0.001048051392,0.0,0.003170254023,0.0,-3.09858e-07,4340.0083,0.0,0.001600260833,-0.00659098175,0.0,28.40902166,11.83914987,0.03073542946,0.0,0.0
1336.5,-5.2553997,23.15967221,300.0,0.0,0.727582546,0.0,2.07993145,0.0,0.03759932079,325.6227,0.0,0.0012821041,0.0,0.003878240878,0.0,-3.09858e-07,4340.0083,0.0,0.001957634003,-0.00666768208,0.0,23.15967221,9.65886466,0.03759932079,0.0,0.0
1337.0,-5.2553997,33.71202366,300.0,0.0,1.05909446,0.0,3.0276205,0.0,0.0525490318,325.6227,0.0,0.001791876287,0.0,0.00542022262,0.0,-3.09858e-07,4340.0083,0.0,0.002736000828,0.05631832925,0.0,33.71202366,14.0585052,0.0525490318,0.0,0.0
1337.5,-5.2553997,30.76966974,300.0,1.1003735e-05,0.966657677,5.7167e-08,2.763372586,1.63423e-07,0.02631070633,325.6227,0.0,0.00089717223,0.0,0.002713852474,0.0,-3.09858e-07,4340.0083,0.0,0.001369884719,0.06503672906,0.0,30.76966974,12.81884924,0.02631070633,0.0,0.0
1338.0,-5.2553997,29.02570524,300.0,0.0,0.9118694465,0.0,2.606750137,0.0,0.0490768114,325.6227,0.0,0.001673476533,0.0,0.00506206429,0.0,-3.09858e-07,4340.0083,0.0,0.002555217234,0.05143237425,0.0,29.02570524,12.106466017,0.0490768114,0.0,0.0
1338.5,-5.2553997,28.3861544,300.0,0.0,0.8917773391,0.0,2.549313058,0.0,0.03818546717,325.56676,0.0,0.001301757487,0.0,0.003937690513,0.0,-3.09858e-07,4340.0083,0.0,0.0019881521,-0.00694838814,0.0,28.3861544,11.833984514,0.03818546717,0.0,0.0
1339.0,-5.2553997,27.0565726,300.0,0.0,0.850007285,0.0,2.429905551,0.0,0.0355706212,321.923415,0.0,0.00119989987,0.0,0.00362958107,0.0,-3.09858e-07,4340.0083,0.0,0.001852008361,-0.00658689039,0.0,27.0565726,11.27920876,0.0355706212,0.0,0.0
1339.5,-5.2553997,31.80442555,300.0,0.0,0.9991654975,0.0,2.856302319,0.0,0.03998492075,316.21466,0.0,0.001325386269,0.0,0.00400916519,0.0,-3.09858e-07,4340.0083,0.0,0.002081841823,-0.00669384196,0.0,31.80442555,13.25740319,0.03998492075,0.0,0.0
1340.0,-5.2553997,30.888719826,300.0,0.0,0.97039776105,0.0,2.7740643175,0.0,0.03646256226,310.507224,0.0,0.001184994657,0.0,0.0035844941,0.0,-3.09858e-07,4340.0083,0.0,0.001898447876,-0.00665509427,0.0,30.888719826,12.8743144754,0.03646256226,0.0,0.0
1340.5,-5.25384353,29.79048285,300.0,0.0,0.935895628,0.0,2.662682382,0.0,0.0318782938,304.797787,0.0,0.001017949466,0.0,0.00307919856,0.0,-3.09858e-07,4340.0083,0.0,0.001659764845,-0.03196280335,0.0,29.79048285,12.41465335,0.0318782938,0.0,0.0
1341.0,-5.15451331,31.2040002,300.0,0.0,0.9803025812,0.0,2.802379082,0.0,0.043425973663,299.089532,0.0,0.001358244042,0.0,0.004108556676,0.0,-3.09858e-07,4340.0083,0.0,0.002261002567,-0.00660052194,0.0,31.2040002,13.00957096,0.043425973663,0.0,0.0
1341.5,-4.99930355,23.6175531965,300.0,0.0,0.74196731718,0.0,2.1210529766,0.0,0.045262750885,293.437703,0.0,0.001388217458,0.0,0.004199223589,0.0,-3.09858e-07,4340.0083,0.0,0.002356635599,-0.00599091472,0.0,23.6175531965,9.853866695,0.045262750885,0.0,0.0
1342.0,-4.84409381,30.66195845,300.0,0.0,0.963273865,0.0,2.75369933,0.0,0.0604961534,291.3735,0.0,0.00184589259,0.0,0.00558364645,0.0,-3.09858e-07,4340.0083,0.0,0.00314977296,-0.00643302757,0.0,30.66195845,12.79399099,0.0604961534,0.0,0.0
1342.5,-4.68888409,27.85497595,300.0,0.0,0.875089885,0.0,2.501608828,0.0,0.0300314446,291.3735,0.0,0.000916336288,0.0,0.002771828614,0.0,-3.09858e-07,4358.20235,0.0,0.001563607374,-0.00590988572,0.0,27.85497595,11.60819612,0.0300314446,0.0,0.0
1343.0,-4.53367447,28.5599336,300.0,0.0,0.897236753,0.0,2.56210411,0.0,0.03812986635,291.3735,0.0,0.001163439871,0.0,0.00351929311,0.0,-3.09858e-07,4445.25505,0.0,0.001985257205,-0.01913097522,0.0,28.5599336,11.90626263,0.03812986635,0.0,0.0
1343.5,-4.37846458,21.70617554,300.0,0.0,0.6819196244,0.0,1.949395349,0.0,0.02212601013,291.3735,0.0,0.00067512126,0.0,0.002042176435,0.0,-3.09858e-07,4538.90925,0.0,0.00115200566,-0.00545284227,0.0,21.70617554,9.04501922,0.02212601013,0.0,0.0
1344.0,-4.2232549,27.93886786,300.0,0.0,0.87772543,0.0,2.509143015,0.0,0.03403585555,291.3735,0.0,0.001038521148,0.0,0.003141425964,0.0,-3.09858e-07,4632.04536,0.0,0.001772099788,-0.00517445437,0.0,27.93886786,11.64544251,0.03403585555,0.0,0.0
1344.5,-4.06804525,26.15984757,300.0,0.0,0.8218358363,0.0,2.349372212,0.0,0.0329542802,291.3735,0.0,0.001005519475,0.0,0.00304159913,0.0,-3.09858e-07,4669.5273,0.0,0.00171578677,-0.00520347739,0.0,26.15984757,10.90454755,0.0329542802,0.0,0.0
1345.0,-3.91283544,21.99157936,300.0,0.0,0.69088585,0.0,1.975027031,0.0,0.0360912872,291.3735,0.0,0.001101237618,0.0,0.00333113731,0.0,-3.09858e-07,4669.5273,0.0,0.00187911724,-0.00505442628,0.0,21.99157936,9.17193217,0.0360912872,0.0,0.0
1345.5,-3.7591785,26.08875792,300.0,0.0,0.819602514,0.0,2.342987745,0.0,0.0491299793,291.3735,0.0,0.001499081552,0.0,0.004534576557,0.0,-3.09858e-07,4669.5273,0.0,0.002557985562,-0.00501676197,0.0,26.08875792,10.88441137,0.0491299793,0.0,0.0
1346.0,-3.7033024,30.3636317,300.0,0.0,0.953901636,0.0,2.726907037,0.0,0.0620187158,291.3735,0.0,0.00189234985,0.0,0.005724136005,0.0,-3.09858e-07,4669.5273,0.0,0.0032290463,0.03123966491,0.0,30.3636317,12.67074371,0.0620187158,0.0,0.0
1346.5,-3.7033024,26.43528735,300.0,0.0,0.830489044,0.0,2.374108951,0.0,0.02638610755,291.3735,0.0,0.000805107736,0.0,0.002435372898,0.0,-3.09858e-07,4669.5273,0.0,0.00137381049,-0.00514600779,0.0,26.43528735,11.0153247,0.02638610755,0.0,0.0
1347.0,-3.7033024,24.21775887,300.0,0.0,0.7608233465,0.0,2.1749564697,0.0,0.04338177717,291.3735,0.0,0.00132368915,0.0,0.004004031545,0.0,-3.09858e-07,4669.5273,0.0,0.0022587014,-0.00488635093,0.0,24.21775887,10.102518602,0.04338177717,0.0,0.0
1347.5,-3.7033024,19.482931463,300.0,0.0,0.6120743298,0.0,1.7497206014,0.0,0.050471922327,291.3735,6.852626,0.001540027618,-9.52078e-07,0.004660999752,-3.14747e-07,-3.09858e-07,4669.5273,0.0,0.002627854733,-0.04274283892,0.0,19.482931463,8.136461836,0.050471922327,0.0,0.0
1348.0,-3.7033024,31.18418797,300.0,0.0,0.979680144,0.0,2.800599754,0.0,0.03709748802,291.3735,0.0,0.001131939379,0.0,0.003424002763,0.0,-3.09858e-07,4669.5273,0.0,0.001931505718,0.042089167275,0.0,31.18418797,12.99763193,0.03709748802,0.0,0.0
1348.5,-3.7033024,30.9920651,300.0,0.0,0.973644427,0.0,2.7833456,0.0,0.02983727426,291.3735,0.0,0.00091041169,0.0,0.002753907212,0.0,-3.09858e-07,4669.5273,0.0,0.0015534978,-0.00475601635,0.0,30.9920651,12.91344843,0.02983727426,0.0,0.0
1349.0,-3.7033024,26.45303203,300.0,0.0,0.831046494,0.0,2.375702577,0.0,0.0440445869,291.3735,0.0,0.001343913175,0.0,0.00406520739,0.0,-3.09858e-07,4669.5273,0.0,0.002293211162,-0.00488902589,0.0,26.45303203,11.03301908,0.0440445869,0.0,0.0
1349.5,-3.7033024,29.32081191,300.0,0.0,0.9211404994,0.0,2.63325311,0.0,0.0397107561,291.3735,0.0,0.001211676883,0.0,0.0036652053,0.0,-3.09858e-07,4669.5273,0.0,0.00206756734,-0.00484598364,0.0,29.32081191,12.223793216,0.0397107561,0.0,0.0
1350.0,-3.7033024,28.88048802,300.0,0.0,0.907307269,0.0,2.593708354,0.0,0.03347516934,291.3735,0.0,0.001021413127,0.0,0.003089675988,0.0,-3.09858e-07,4669.5273,0.0,0.001742907242,-0.0047761374,0.0,28.88048802,12.03692989,0.03347516934,0.0,0.0
1350.5,-3.7033024,26.8347011,300.0,0.0,0.843036972,0.0,2.40997962,0.0,0.02849265528,291.3735,0.0,0.000869383899,0.0,0.002629802227,0.0,-3.09858e-07,4669.5273,0.0,0.00148348931,-0.00471991078,0.0,26.8347011,11.182753833,0.02849265528,0.0,0.0
1351.0,-3.7033024,31.4779644,300.0,0.0,0.9889094062,0.0,2.826983347,0.0,0.03132124565,291.3735,0.0,0.000955691398,0.0,0.002890874,0.0,-3.09858e-07,4669.5273,0.0,0.001630761729,-0.0047521844,0.0,31.4779644,13.11650148,0.03132124565,0.0,0.0
1351.5,-3.7033024,25.267384313,300.0,0.0,0.793798288,0.0,2.269221577,0.0,0.01761493908,291.3735,0.0,0.00053747692,0.0,0.001625815658,0.0,-3.09858e-07,4669.5273,0.0,0.000917133679,-0.00459972455,0.0,25.267384313,10.524230425,0.01761493908,0.0,0.0
1352.0,-3.7033024,27.62587506,300.0,0.0,0.867892451,0.0,2.481033649,0.0,0.03140281517,291.3735,0.0,0.00095818031,0.0,0.002898402675,0.0,-3.09858e-07,4669.5273,0.0,0.001635008696,-0.00475298196,0.0,27.62587506,11.513666507,0.03140281517,0.0,0.0
1352.5,-3.7033024,26.60918067,300.0,0.0,0.835952056,0.0,2.38972603,0.0,0.04410084597,291.3735,0.0,0.001345629841,0.0,0.004070399866,0.0,-3.09858e-07,4669.5273,0.0,0.002296140318,-0.00492725211,0.0,26.60918067,11.09802657,0.04410084597,0.0,0.0
1353.0,-3.7033024,27.626814,300.0,0.0,0.8679219666,0.0,2.481117957,0.0,0.0479793096,291.3735,0.0,0.001463971667,0.0,0.00442837253,0.0,-3.09858e-07,4669.5273,0.0,0.0024980751,-0.00493748542,0.0,27.626814,11.52373583,0.0479793096,0.0,0.0
1353.5,-3.7033024,32.1335598,300.0,0.0,1.009505546,0.0,2.885861264,0.0,0.033208567,291.3735,0.0,0.001013278447,0.0,0.003065069302,0.0,-3.09858e-07,4669.5273,0.0,0.001729026425,-0.00477318472,0.0,32.1335598,13.39040165,0.033208567,0.0,0.0
1354.0,-3.7033024,31.78665934,300.0,0.0,0.998607335,0.0,2.85470667,0.0,0.03087300253,291.3735,0.0,0.000942014384,0.0,0.002849502303,0.0,-3.09858e-07,4669.5273,0.0,0.00160742371,-0.00466942991,0.0,31.78665934,13.24468978,0.03087300253,0.0,0.0
1354.5,-3.7033024,25.59533174,300.0,0.0,0.8041010675,0.0,2.298674003,0.0,0.036341535877,291.3735,0.0,0.001108873367,0.0,0.003354234594,0.0,-3.09858e-07,4669.5273,0.0,0.001892146611,-0.00476915067,0.0,25.59533174,10.67162598,0.036341535877,0.0,0.0
1355.0,-3.7033024,26.01730477,300.0,0.0,0.817357727,0.0,2.3365706778,0.0,0.05045184556,291.3735,0.0,0.001539415028,0.0,0.004656581356,0.0,-3.09858e-07,4669.5273,0.0,0.002626809306,-0.0049649786,0.0,26.01730477,10.855450816,0.05045184556,0.0,0.0
1355.5,-3.7033024,36.39854072,300.0,0.0,1.143493898,0.0,3.268892174,0.0,0.04416508567,291.3735,0.0,0.001347589887,0.0,0.00407632895,0.0,-3.09858e-07,4669.5273,0.0,0.002299484956,-0.00489506457,0.0,36.39854072,15.17148964,0.04416508567,0.0,0.0
1356.0,-3.7033024,27.79454932,300.0,0.0,0.8731915324,0.0,2.496182086,0.0,0.0459003822,291.3735,0.0,0.001400538284,0.0,0.00423649273,0.0,-3.09858e-07,4669.5273,0.0,0.002389834404,-0.00493530094,0.0,27.79454932,11.59231833,0.0459003822,0.0,0.0
1356.5,-3.7033024,23.07322699,300.0,0.0,0.7248667922,0.0,2.0721679565,0.0,0.03077954689,291.400112,0.0,0.000939180699,0.0,0.002840930743,0.0,-3.09858e-07,4669.5273,0.0,0.001602557838,-0.00474616698,0.0,23.07322699,9.618911968,0.03077954689,0.0,0.0
1357.0,-3.7033024,21.542286457,300.0,0.0,0.676770894,0.0,1.9346767273,0.0,0.03913461983,293.125704,0.0,0.00120151281,0.0,0.003634459993,0.0,-3.09858e-07,4669.5273,0.0,0.002037570322,-0.00483910496,0.0,21.542286457,8.986755022,0.03913461983,0.0,0.0
1357.5,-3.7033024,26.119298974,300.0,0.0,0.8205619802,0.0,2.3457305467,0.0,0.02767528582,295.829331,0.0,0.000857316507,0.0,0.002593299375,0.0,-3.09858e-07,4669.5273,0.0,0.001440932409,-0.00470761335,0.0,26.119298974,10.884592531,0.02767528582,0.0,0.0
1358.0,-3.7033024,24.11326273,300.0,0.0,0.757540497,0.0,2.165571835,0.0,0.0326677657,298.532722,0.0,0.001021186189,0.0,0.00308898935,0.0,-3.09858e-07,4669.5273,0.0,0.001700869175,-0.00470787931,0.0,24.11326273,10.05278133,0.0326677657,0.0,0.0
1358.5,-3.7033024,29.83840393,300.0,0.0,0.937401122,0.0,2.679737209,0.0,0.03277396776,301.236411,0.0,0.001034865825,0.0,0.003130368865,0.0,-3.09858e-07,4669.5273,0.0,0.00170639865,-0.0046181699,0.0,29.83840393,12.43511666,0.03277396776,0.0,0.0
1359.0,-3.7033024,19.482700295,300.0,0.0,0.61206708716,0.0,1.7497087847,0.0,0.0355307781,303.939795,0.0,0.001130611648,0.0,0.00341999079,0.0,-3.09858e-07,4669.5273,0.0,0.001849933935,-0.00479833042,0.0,19.482700295,8.1276416875,0.0355307781,0.0,0.0
1359.5,-3.7033024,27.95457634,300.0,0.0,0.87821893,0.0,2.510553816,0.0,0.0325046602,306.617107,0.0,0.001044088821,0.0,0.003158267622,0.0,-3.09858e-07,4669.5273,0.0,0.001692377063,-0.00476554933,0.0,27.95457634,11.65108504,0.0325046602,0.0,0.0
1360.0,-3.7033024,37.88054395,300.0,0.0,1.190052359,0.0,3.401988278,0.0,0.03358155236,307.59476,0.0,0.001081703662,0.0,0.003272048927,0.0,-3.09858e-07,4669.5273,0.0,0.001748446173,-0.00480569118,0.0,37.88054395,15.78198216,0.03358155236,0.0,0.0
1360.5,-3.73290421,25.08025075,300.0,0.0,0.787919321,0.0,2.252409267,0.0,0.0321412317,307.59476,0.0,0.001035309171,0.0,0.00313169793,0.0,-3.09858e-07,4669.5273,0.0,0.001673454934,0.0191941632,0.0,25.08025075,10.45484457,0.0321412317,0.0,0.0
1361.0,-5.62191331,23.49235077,300.0,0.0,0.7380339536,0.0,2.1098087475,0.0,0.0366837482,307.59476,0.0,0.001181629269,0.0,0.00357431423,0.0,-3.09858e-07,4669.5273,0.0,0.001909964026,-0.00700722299,0.0,23.49235077,9.796759868,0.0366837482,0.0,0.0
1361.5,-8.57362258,24.44716717,300.0,0.0,0.768030417,0.0,2.195559254,0.0,0.0230834461,307.59476,0.0,0.00074354659,0.0,0.0022491513,0.0,-3.09858e-07,4669.5273,0.0,0.001201855181,0.0752532949,0.0,24.44716717,10.186125143,0.0230834461,0.0,0.0
1362.0,-11.5253317,25.020606011,300.0,0.0,0.7860455354,0.0,2.2452803339,0.0,0.040731739,307.59476,0.0,0.001312020124,0.0,0.003968733925,0.0,-3.09858e-07,4492.06219,0.0,0.002120725523,-0.0140681841,0.0,25.020606011,10.4350419544,0.040731739,0.0,0.0
1362.5,-14.477041,23.92207127,300.0,0.00041205543,0.751534037,2.085466e-06,2.1445855,5.961695e-06,0.02405936566,307.59476,12.189694,0.000774982153,-1.1837698e-05,0.002376137444,-3.913414e-06,-3.09858e-07,3453.63821,0.0,0.001252667061,0.0644086928,0.0,23.92207127,9.96819875,0.02405936566,0.0,0.0
1363.0,-17.4287503,24.08447056,300.0,0.0,0.7566359673,0.0,2.16298603,0.0,0.0362587154,307.59476,0.0,0.001167938398,0.0,0.00353290062,0.0,-3.09858e-07,3123.5693,0.0,0.00188783444,-0.024174579,0.0,24.08447056,10.04289705,0.0362587154,0.0,0.0
1363.5,-20.3804592,29.2828592,300.0,0.0,0.91994815,0.0,2.629844644,0.0,0.0387564872,307.59476,0.0,0.001248394784,0.0,0.00377624297,0.0,-3.09858e-07,3123.5693,0.0,0.002017882666,0.1399071362,0.0,29.2828592,12.20744332,0.0387564872,0.0,0.0
1364.0,-23.3321686,23.06885748,300.0,0.0,0.7247295244,0.0,2.071767103,0.0,0.0521126974,307.59476,0.0,0.001678614953,0.0,0.0050776478,0.0,-3.09858e-07,3123.5693,0.0,0.00271328273,-0.0576211988,0.0,23.06885748,9.629549943,0.0521126974,0.0,0.0
1364.5,-26.2838778,29.2268933,300.0,0.0,0.91818995,0.0,2.624818434,0.0,0.04097741945,307.59476,0.0,0.001319933762,0.0,0.00399265981,0.0,-3.09858e-07,3123.5693,0.0,0.002133516947,0.023366457,0.0,29.2268933,12.18545258,0.04097741945,0.0,0.0
1365.0,-29.2355869,37.4714685,300.0,0.0,1.177200916,0.0,3.36524995,0.0,0.03214660495,307.59476,0.0,0.001035482256,0.0,0.003132222555,0.0,-3.09858e-07,3123.5693,0.0,0.00167373468,0.040337665,0.0,37.4714685,15.6109248,0.03214660495,0.0,0.0
1365.5,-32.157635,28.56284675,300.0,0.0,0.8973283068,0.0,2.565181567,0.0,0.05003606636,307.549914,0.0,0.001611420157,0.0,0.004874390053,0.0,-3.09858e-07,3123.5693,0.0,0.002605161468,-0.03376389785,0.0,28.56284675,11.91442707,0.05003606636,0.0,0.0
1366.0,-33.220394,25.44338359,300.0,0.0,0.799327475,0.0,2.273334844,0.0,0.0354042435,304.627684,0.0,0.00112868658,0.0,0.00341416762,0.0,-3.09858e-07,3123.5693,0.0,0.001843345804,-0.0880081118,0.0,25.44338359,10.60785231,0.0354042435,0.0,0.0
1366.5,-33.220394,19.906804186,300.0,0.0,0.6253906908,0.0,1.787787548,0.0,0.03197347995,300.051712,0.0,0.001005123285,0.0,0.00304034913,0.0,-3.09858e-07,3123.5693,0.0,0.001664720795,0.1069659686,0.0,19.906804186,8.302037134,0.03197347995,0.0,0.0
1367.0,-33.220394,22.73782719,300.0,0.0,0.714329921,0.0,2.042046244,0.0,0.0452517948,295.476911,0.0,0.001400259815,0.0,0.00423565044,0.0,-3.09858e-07,3123.5693,0.0,0.0023560652,-0.0398463369,0.0,22.73782719,9.48779994,0.0452517948,0.0,0.0
1367.5,-33.220394,28.2719301,300.0,0.0,0.888188876,0.0,2.53363557,0.0,0.0372078766,290.901089,0.0,0.001133345972,0.0,0.003428213456,0.0,-3.09858e-07,3123.5693,0.0,0.001937253192,0.0177566819,0.0,28.2719301,11.78588409,0.0372078766,0.0,0.0
1368.0,-33.220394,29.11968961,300.0,0.0,0.914822016,0.0,2.615190603,0.0,0.03589737028,286.324782,27.0914,0.001076599659,-5.134567e-06,0.003270443857,-1.697432e-06,-3.09858e-07,3123.5693,0.0,0.001869020775,-0.0395597878,0.0,29.11968961,12.13787806,0.03589737028,0.0,0.0
1368.5,-33.220394,27.04874983,300.0,0.0,0.849761533,0.0,2.429203005,0.0,0.039138186,281.715926,0.0,0.001155071275,0.0,0.003493960715,0.0,-3.09858e-07,3123.5693,0.0,0.00203775603,0.0379571023,0.0,27.04874983,11.27803689,0.039138186,0.0,0.0
1369.0,-33.220394,23.35665412,300.0,2.5106958e-05,0.7337709308,1.48488e-07,2.097622125,4.24479e-07,0.03454493642,274.944959,0.0,0.000998330156,0.0,0.003019812043,0.0,-3.09858e-07,3123.5693,0.0,0.001798605413,0.10091532677,0.0,23.35665412,9.73904693,0.03454493642,0.0,0.0
1369.5,-33.220394,27.28242396,300.0,0.0,0.8571026184,0.0,2.446290732,0.0,0.0440732296,266.932151,0.0,0.00122935733,0.0,0.00371868689,0.0,-3.09858e-07,3123.5693,0.0,0.00229470242,-0.0467467132,0.0,27.28242396,11.37815194,0.0440732296,0.0,0.0
1370.0,-33.220394,22.32854741,300.0,0.0,0.7014720045,0.0,1.992224865,0.0,0.0345341614,258.919695,0.0,0.000937569562,0.0,0.002836055675,0.0,-3.09858e-07,3123.5693,0.0,0.001798044388,-0.0870547305,0.0,22.32854741,9.311237634,0.0345341614,0.0,0.0
1370.5,-33.220394,20.81428193,300.0,0.0,0.6538999364,0.0,1.867977183,0.0,0.01683999638,250.903956,0.0,0.000443384455,0.0,0.001341192231,0.0,-3.09858e-07,3123.5693,0.0,0.00087678579,0.0008888032,0.0,20.81428193,8.670809015,0.01683999638,0.0,0.0
1371.0,-33.220394,22.83092118,300.0,0.0002492178,0.7172545343,9.32295e-07,2.050406883,2.665141e-06,0.0296010671,242.891706,5.720963,0.000754483326,-9.09469e-07,0.002284680514,-3.00661e-07,-3.09858e-07,3123.5693,0.0,0.001541199535,0.0479895022,0.0,22.83092118,9.51739867,0.0296010671,0.0,0.0
1371.5,-33.220394,22.23265633,300.0,0.0,0.698459514,0.0,1.990400882,0.0,0.02648783662,234.95925,11.935907,0.000650936875,-2.65707e-07,0.001969736933,-8.784e-08,-3.09858e-07,3123.5693,0.0,0.001379107071,-0.0624281552,0.0,22.23265633,9.26663872,0.02648783662,0.0,0.0
1372.0,-33.220394,32.46728935,300.0,0.0,1.019989993,0.0,2.914288106,0.0,0.02773217688,232.06093,0.0,0.00067392971,0.0,0.002038567028,0.0,-3.09858e-07,3123.5693,0.0,0.001443894461,0.0145711959,0.0,32.46728935,13.52607156,0.02773217688,0.0,0.0
1372.5,-33.220394,29.10848186,300.0,0.0,0.914469923,0.0,2.59988986,0.0,0.02059270541,232.06093,9.495825,0.000500430822,-1.3171369e-05,0.001549242581,-4.354311e-06,-3.09858e-07,3123.5693,0.0,0.00107217306,-0.1081940237,0.0,29.10848186,12.12427822,0.02059270541,0.0,0.0
1373.0,-33.220394,21.610991134,300.0,0.0,0.6789293053,0.0,1.9352389844,0.0,0.02076979388,232.06093,0.0,0.000504734313,0.0,0.001526759334,0.0,-3.09858e-07,3123.5693,0.0,0.001081393344,0.0965018199,0.0,21.610991134,9.004620041,0.02076979388,0.0,0.0
1373.5,-33.220394,19.33260475,300.0,0.0002778295,0.6073517,1.651144e-06,1.727210596,4.720107e-06,0.02229401173,232.06093,23.206093,0.000541774872,-3.9577694e-05,0.001745451253,-1.3083997e-05,-3.09858e-07,3123.5693,0.0,0.001160752745,-0.048464732,0.0,19.33260475,8.05745719,0.02229401173,0.0,0.0
1374.0,-33.220394,19.28460149,300.0,0.008433216,0.605843611,1.443253e-06,1.727012981,4.125811e-06,0.028496398836,232.06093,49.4545286,0.000692501357,-3.318048e-05,0.002184147457,-1.0969105e-05,-3.09858e-07,3123.5693,0.0,0.001483684202,-0.0354527513,0.0,19.28460149,8.04110389,0.028496398836,0.0,0.0
1374.5,-33.220394,21.25566217,300.0,0.0,0.667766333,0.0,1.908935489,0.0,0.02829944733,232.06093,0.0,0.000687715169,0.0,0.00208027009,0.0,-3.09858e-07,3123.5693,0.0,0.001473429834,0.0055374019,0.0,21.25566217,8.8611619,0.02829944733,0.0,0.0
1375.0,-33.220394,29.9125188473,300.0,0.0,0.93972952012,0.0,2.6861802675,0.0,0.0274672206,232.06093,0.0,0.000667490919,0.0,0.00201909021,0.0,-3.09858e-07,3123.5693,0.0,0.001430099315,0.019652414,0.0,29.9125188473,12.4628577929,0.0274672206,0.0,0.0
1375.5,-33.220394,34.1434946,300.0,0.0009294756,1.07264954,5.483586e-06,3.058709914,1.5675862e-05,0.02217792085,232.06093,11.253691,0.00053895371,-2.541793e-05,0.001698766564,-8.40289e-06,-3.09858e-07,3123.5693,0.0,0.001154708361,-0.02916205814,0.0,34.1434946,14.2203098,0.02217792085,0.0,0.0
1376.0,-33.220394,22.3399792,300.0,0.0002352028,0.7018311433,8.32415e-07,1.995993941,2.379613e-06,0.0254009139,232.06093,23.206093,0.00061727686,-1.4644458e-05,0.001906658762,-4.841298e-06,-3.09858e-07,3123.5693,0.0,0.001322515726,-0.06324602585,0.0,22.3399792,9.31066153,0.0254009139,0.0,0.0
1376.5,-33.220394,23.99487263,300.0,0.0,0.753821147,0.0,2.15493938,0.0,0.02966652856,232.06093,0.0,0.000720937092,0.0,0.002180762203,0.0,-3.09858e-07,3123.5693,0.0,0.001544607793,0.0021299687,0.0,23.99487263,10.00176532,0.02966652856,0.0,0.0
1377.0,-33.220394,22.29081873,300.0,0.000105942282,0.700286717,6.22223e-07,1.988410527,1.778741e-06,0.02088490202,232.06093,39.415195,0.000507531594,-4.3843001e-05,0.001653337405,-1.449403e-05,-3.09858e-07,3123.5693,0.0,0.001087386493,-0.0115776234,0.0,22.29081873,9.28756843,0.02088490202,0.0,0.0
1377.5,-33.220394,22.57856192,300.0,0.0,0.7093264283,0.0,2.0277429285,0.0,0.0282415007,232.06093,0.0,0.000686306973,0.0,0.00207600633,0.0,-3.09858e-07,3123.5693,0.0,0.001470412774,0.05258833875,0.0,22.57856192,9.411596118,0.0282415007,0.0,0.0
1378.0,-33.220394,33.42368628,300.0,0.004825624836,1.0500360764,3.034586e-06,2.993688387,8.674934e-06,0.02569318877,232.06093,35.716432,0.000624379516,-3.9960618e-05,0.001996332176,-1.3210583e-05,-3.09858e-07,3123.5693,0.0,0.001337733156,0.04313749595,0.0,33.42368628,13.92284467,0.02569318877,0.0,0.0
1378.5,-33.220394,25.22072735,300.0,3.501402e-06,0.792332546,1.6598e-08,2.25677302,4.7449e-08,0.0201404274,232.06093,22.4910743,0.000489439852,-1.2932038e-05,0.001515351132,-4.27519e-06,-3.09858e-07,3123.5693,0.0,0.001048624932,-0.0762238089,0.0,25.22072735,10.506291,0.0201404274,0.0,0.0
1379.0,-33.220394,31.74567772,300.0,0.0,0.9973198875,0.0,2.844878327,0.0,0.02632747828,232.06093,0.0,0.000639793617,0.0,0.001935313261,0.0,-3.09858e-07,3123.5693,0.0,0.001370757884,-0.04750170656,0.0,31.74567772,13.22498367,0.02632747828,0.0,0.0
1379.5,-33.220394,27.32858945,300.0,0.0,0.8585529596,0.0,2.454334939,0.0,0.0303536328,232.06093,0.0,0.000737634652,0.0,0.00223127152,0.0,-3.09858e-07,3123.5693,0.0,0.00158038236,-0.0272934562,0.0,27.32858945,11.389350886,0.0303536328,0.0,0.0
1380.0,-33.220394,24.61798875,298.82454,0.0,0.768471375,0.0,2.196819821,0.0,0.0378960684,232.06093,0.0,0.000920926153,0.0,0.00278571246,0.0,-3.09858e-07,2046.645044,0.0,0.001973084374,-0.03408320145,0.0,24.61798875,10.26585429,0.0378960684,0.0,0.0
1380.5,-33.220394,20.72205147,299.869642,0.0,0.6507175885,0.0,1.8419066,0.0,0.01848719512,232.06093,41.9583335,0.000449264046,-3.5232809e-05,0.001453908508,-1.1647583e-05,-3.09858e-07,729.22327,0.0,0.000962548251,-0.1286246368,0.0,20.72205147,8.633393105,0.01848719512,0.0,0.0
1381.0,-33.220394,27.059646,299.538999,0.000926965555,0.847790224,5.482722e-06,2.410738236,1.5673391e-05,0.0225694429,232.06093,25.2110853,0.000548468245,-2.1340267e-05,0.001716558936,-7.055004e-06,-3.09858e-07,729.22327,0.0,0.001175093222,0.0308873478,0.0,27.059646,11.27289682,0.0225694429,0.0,0.0
1381.5,-33.220394,19.58799384,299.64559,0.0,0.6141260875,0.0,1.754117848,0.0,0.01958364406,232.06093,0.0,0.000475909256,0.0,0.001439578184,0.0,-3.09858e-07,729.22327,0.0,0.001019635643,-0.004226093,0.0,19.58799384,8.162143497,0.01958364406,0.0,0.0
1382.0,-33.220394,22.85521224,299.603233,0.0,0.716076718,0.0,2.047039844,0.0,0.02623560951,232.06093,0.0,0.000637561088,0.0,0.001928560578,0.0,-3.09858e-07,729.22327,0.0,0.001365974675,-0.0425033543,0.0,22.85521224,9.52554124,0.02623560951,0.0,0.0
1382.5,-33.220394,22.77568075,299.645982,0.00024566397,0.713708925,1.245457e-06,2.029720047,3.560373e-06,0.02164047671,232.06093,0.0,0.000525893071,0.0,0.001590769622,0.0,-3.09858e-07,729.22327,0.0,0.00112672602,0.0605158207,0.0,22.77568075,9.48976458,0.02164047671,0.0,0.0
1383.0,-33.220394,27.33792008,299.538223,0.0,0.8558995866,0.0,2.44422212,0.0,0.03001543835,232.06093,0.0,0.000729416089,0.0,0.00220640663,0.0,-3.09858e-07,729.22327,0.0,0.00156277406,0.0527826634,0.0,27.33792008,11.39303599,0.03001543835,0.0,0.0
1383.5,-33.220394,19.20633845,299.969009,0.0,0.6032461952,0.0,1.716824907,0.0,0.01744161812,232.06093,13.856038,0.000423855116,-2.6374587e-05,0.001353182093,-8.719151e-06,-3.09858e-07,729.22327,0.0,0.000908109604,-0.0682626388,0.0,19.20633845,8.002083175,0.01744161812,0.0,0.0
1384.0,-33.220394,30.21393457,299.469623,0.0,0.946431115,0.0,2.70555118,0.0,0.0223656178,232.06093,0.0,0.000543515012,0.0,0.001644063361,0.0,-3.09858e-07,729.22327,0.0,0.001164480983,0.06300959,0.0,30.21393457,12.5853003,0.0223656178,0.0,0.0
1384.5,-33.220394,38.0400274,299.410541,0.0,1.191869659,0.0,3.40718334,0.0,0.0342450655,232.06093,0.0,0.000832201787,0.0,0.00251732981,0.0,-3.09858e-07,729.22327,0.0,0.001782992383,-0.0338375412,0.0,38.0400274,15.8487317,0.0342450655,0.0,0.0
1385.0,-33.220394,24.26559537,299.762757,0.0,0.7611750096,0.0,2.175961734,0.0,0.02716076915,232.06093,0.0,0.000660043726,0.0,0.00199656622,0.0,-3.09858e-07,729.22327,0.0,0.001414143743,0.0178989428,0.0,24.26559537,10.11295235,0.02716076915,0.0,0.0
1385.5,-33.220394,16.9331029017,299.985767,0.0,0.53191829735,0.0,1.5205884031,0.0,0.02619769223,232.06093,0.0,0.000636639659,0.0,0.001925773339,0.0,-3.09858e-07,729.22327,0.0,0.001364000521,-0.0397650844,0.0,16.9331029017,7.0612857094,0.02619769223,0.0,0.0
1386.0,-33.220394,22.13068991,299.396324,0.0,0.6924872924,0.0,1.9747625442,0.0,0.02285186798,232.06093,0.0,0.000555331552,0.0,0.001679820336,0.0,-3.09858e-07,729.22327,0.0,0.001189797915,-0.0620196736,0.0,22.13068991,9.2220862655,0.02285186798,0.0,0.0
1386.5,-33.220394,27.05676053,299.666933,0.0002781635,0.848548197,1.320059e-06,2.425734488,3.773636e-06,0.02033673306,232.06093,0.0,0.000494210342,0.0,0.001494916515,0.0,-3.09858e-07,1070.568747,0.0,0.001058845708,0.0679901294,0.0,27.05676053,11.27039211,0.02033673306,0.0,0.0
1387.0,-33.220394,24.09479412,300.0,0.0,0.7569602835,0.0,2.15595687,0.0,0.02068580937,232.06093,0.0,0.000502693379,0.0,0.00152059294,0.0,-3.09858e-07,2099.74293,0.0,0.001077020615,0.0164092632,0.0,24.09479412,10.03809982,0.02068580937,0.0,0.0
1387.5,-33.220394,29.3122684,300.0,0.00072533022,0.920872077,4.168879e-06,2.626692217,1.1917525e-05,0.02222628365,232.06093,30.139262,0.000540128989,-2.4353105e-05,0.001699452456,-8.050929e-06,-3.09858e-07,3148.45154,0.0,0.001157226435,0.031600594,0.0,29.3122684,12.21002917,0.02222628365,0.0,0.0
1388.0,-33.220394,28.402951326,300.0,8.3999144e-05,0.8923050193,4.96819e-07,2.542213825,1.420251e-06,0.0239427816,232.06093,0.0,0.000581842236,0.0,0.001760013116,0.0,-3.09858e-07,3941.8496,0.0,0.00124659706,-0.0683922133,0.0,28.402951326,11.832657805,0.0239427816,0.0,0.0
1388.5,-33.220394,23.92708731,300.0,0.0,0.7516916096,0.0,2.148851694,0.0,0.0298160308,232.06093,0.0,0.000724570224,0.0,0.00219174528,0.0,-3.09858e-07,3989.737,0.0,0.001552391733,0.00551475167,0.0,23.92708731,9.97364708,0.0298160308,0.0,0.0
1389.0,-33.220394,31.9277689,300.0,0.0,1.003040443,0.0,2.86737958,0.0,0.0351525872,232.06093,0.0,0.000854255802,0.0,0.00258403711,0.0,-3.09858e-07,3989.737,0.0,0.00183024316,0.0051367514,0.0,31.9277689,13.3059056,0.0351525872,0.0,0.0
1389.5,-33.220394,24.70610456,300.0,0.00096984105,0.7761651573,5.579906e-06,2.216586271,1.595121e-05,0.01161113895,232.06093,17.256242,0.00028216651,-4.1575026e-05,0.000965528876,-1.374425e-05,-3.09858e-07,3989.737,0.0,0.000604541766,0.0451444728,0.0,24.70610456,10.287172055,0.01161113895,0.0,0.0
1390.0,-33.220394,26.50866157,300.0,0.0,0.832794164,0.0,2.380698595,0.0,0.02437819586,232.06093,0.0,0.000592423402,0.0,0.001792023478,0.0,-3.09858e-07,3989.737,0.0,0.001269267187,-0.0305689574,0.0,26.50866157,11.04468394,0.02437819586,0.0,0.0
1390.5,-33.2250549,24.97001995,300.0,0.0,0.784456294,0.0,2.23984968,0.0,0.01632165169,232.06093,24.1027374,0.00039663839,-1.2135993e-05,0.001232490872,-4.012027e-06,-3.09858e-07,3989.737,0.0,0.000849797768,-0.048875687,0.0,24.97001995,10.39973951,0.01632165169,0.0,0.0
1391.0,-33.5223497,23.337062718,300.0,4.070114e-05,0.7331554542,1.92814e-07,2.088402023,5.51194e-07,0.01963767432,232.06093,20.316594,0.000477222276,-1.1723142e-05,0.001475137022,-3.875543e-06,-3.09858e-07,3989.737,0.0,0.001022448773,-0.0959292975,0.0,23.337062718,9.722190453,0.01963767432,0.0,0.0
1391.5,-33.986896,21.61160656,300.0,0.0,0.678948633,0.0,1.940902241,0.0,0.02662489205,232.06093,0.0,0.000647021201,0.0,0.001957176493,0.0,-3.09858e-07,3989.737,0.0,0.001386242942,-0.0397099284,0.0,21.61160656,9.00829521,0.02662489205,0.0,0.0
1392.0,-34.4514425,26.67411217,300.0,0.00035575754,0.8379919566,2.097717e-06,2.388093982,5.996718e-06,0.0190841568,232.06093,23.206093,0.000463771022,-3.3750135e-05,0.001493795883,-1.1157471e-05,-3.09858e-07,3989.737,0.0,0.000993629492,-0.0391664719,0.0,26.67411217,11.110437975,0.0190841568,0.0,0.0
1392.5,-34.9159887,25.37588464,300.0,1.793881e-05,0.797206929,7.8636e-08,2.270870686,2.24794e-07,0.02992419227,232.06093,23.206093,0.000727198675,-1.7975488e-05,0.002248129766,-5.9425e-06,-3.09858e-07,3989.737,0.0,0.001558023215,0.01073888295,0.0,25.37588464,10.57656538,0.02992419227,0.0,0.0
1393.0,-35.3805353,24.987964136,300.0,0.00068559106,0.7850200542,1.95165e-07,2.244076258,5.57916e-07,0.03189136566,232.06093,23.206093,0.000775003681,-5.442589e-06,0.002358947979,-1.799261e-06,-3.09858e-07,3989.737,0.0,0.00166044545,-0.0450443379,0.0,24.987964136,10.416297594,0.03189136566,0.0,0.0
1393.5,-35.8450818,26.08627392,300.0,0.000287383553,0.819524476,1.608913e-06,2.33131702,4.59938e-06,0.01889342479,232.06093,23.206093,0.000459135981,-4.630915e-05,0.001513602989,-1.53093e-05,-3.09858e-07,3989.737,0.0,0.00098369887,-0.0212434042,0.0,26.08627392,10.86572308,0.01889342479,0.0,0.0
1394.0,-36.3096279,21.424900954,300.0,0.0,0.6730831294,0.0,1.918175837,0.0,0.0225870597,232.06093,0.0,0.000548896361,0.0,0.001660358358,0.0,-3.09858e-07,3989.737,0.0,0.001176010504,-0.0777501454,0.0,21.424900954,8.928247973,0.0225870597,0.0,0.0
1394.5,-36.7741743,15.10881907,300.0,0.0,0.47465754446,0.0,1.344225368,0.0,0.0194444047,232.06093,21.198207,0.000472525556,-1.0086534e-05,0.001456520321,-3.334498e-06,-3.09858e-07,3989.737,0.0,0.001012386043,-0.0896621302,0.0,15.10881907,6.298244375,0.0194444047,0.0,0.0
1395.0,-37.2387205,19.160789718,300.0,0.008069391,0.6019539823,6.90086e-07,1.7207985074,1.972739e-06,0.01818627,232.06093,0.0,0.000441951158,0.0,0.001336856812,0.0,-3.09858e-07,3989.737,0.0,0.000946880412,0.05642477785,0.0,19.160789718,7.983564834,0.01818627,0.0,0.0
1395.5,-37.6986035,17.50689344,300.0,0.0,0.549995271,0.0,1.559990419,0.0,0.02310848715,232.06093,0.0,0.00056156775,0.0,0.001698685867,0.0,-3.09858e-07,3989.737,0.0,0.001203158952,-0.0523559724,0.0,17.50689344,7.29824035,0.02310848715,0.0,0.0
1396.0,-37.86586,25.11975449,300.0,0.00028916125,0.7891603654,1.333487e-06,2.25596319,3.812023e-06,0.0204363288,232.06093,0.0,0.000496630662,0.0,0.00150223269,0.0,-3.09858e-07,3989.737,0.0,0.001064031216,0.0722747362,0.0,25.11975449,10.46444787,0.0204363288,0.0,0.0
1396.5,-37.86586,21.82680101,300.0,0.022843815,0.685709166,1.98129e-06,1.960228463,5.663888e-06,0.03029993206,232.06093,13.184586,0.000736329664,-1.1203127e-05,0.002257447951,-3.703632e-06,-3.09858e-07,3989.737,0.0,0.00157758638,0.0856662985,0.0,21.82680101,9.09998492,0.03029993206,0.0,0.0
1397.0,-37.86586,19.53273804,300.0,0.008968766339,0.6136390604,4.197421e-06,1.7412364127,1.1999117e-05,0.01517214608,232.06093,40.597452,0.00036870385,-5.2519107e-05,0.001256787275,-1.7362287e-05,-3.09858e-07,3989.737,0.0,0.000789948024,0.024996027,0.0,19.53273804,8.136575363,0.01517214608,0.0,0.0
1397.5,-37.86586,15.48559139,300.0,0.0,0.4864941959,0.0,1.379571332,0.0,0.03176836603,232.06093,0.0,0.000772014608,0.0,0.002335245455,0.0,-3.09858e-07,3989.737,0.0,0.001654041383,-0.0310973172,0.0,15.48559139,6.462218071,0.03176836603,0.0,0.0
1398.0,-37.86586,34.3159586,300.0,0.00035769339,1.078067652,2.058203e-06,3.07798541,5.883761e-06,0.03150018304,232.06093,12.081434,0.000765497416,-2.512391e-06,0.002322324324,-8.30573e-07,-3.09858e-07,4018.06588,0.0,0.001640078285,-0.0201270838,0.0,34.3159586,14.2975166,0.03150018304,0.0,0.0
1398.5,-37.86586,23.57907604,300.0,0.00039359606,0.7407585191,1.785035e-06,2.11729389,5.102858e-06,0.02364703419,232.06093,1.4601918,0.00057465519,-1.036472e-06,0.001741064969,-3.42646e-07,-3.09858e-07,4299.92147,0.0,0.001231198789,0.0921939448,0.0,23.57907604,9.825235084,0.02364703419,0.0,0.0
1399.0,-37.86586,30.96632284,300.0,0.0,0.972835729,0.0,2.78103361,0.0,0.0282460712,232.06093,0.0,0.000686418056,0.0,0.00207634816,0.0,-3.09858e-07,4641.86779,0.0,0.00147065074,-0.0420712735,0.0,30.96632284,12.901808347,0.0282460712,0.0,0.0
1399.5,-37.86586,32.65350822,300.0,0.0004566164,1.02584023,2.596369e-06,2.932557017,7.422207e-06,0.0220388978,232.06093,23.206093,0.000535575268,-4.352985e-05,0.001737299571,-1.4390494e-05,-3.09858e-07,4871.9575,0.0,0.001147470039,0.0821656833,0.0,32.65350822,13.6002344,0.0220388978,0.0,0.0
1400.0,-37.86586,27.59092586,300.0,5.67543e-06,0.8667945053,2.6494e-08,2.4662284865,7.5737e-08,0.0258797488,232.06093,22.883263,0.000628913184,-1.6239191e-05,0.001946135967,-5.3685e-06,-3.09858e-07,4878.188,0.0,0.00134744657,-0.037280531,0.0,27.59092586,11.495899178,0.0258797488,0.0,0.0
1400.5,-37.86586,26.08080615,300.0,1.241356e-05,0.819352701,7.3573e-08,2.342273667,2.10322e-07,0.0182152521,232.06093,6.1108585,0.000442655471,-2.27417e-07,0.001339582059,-7.5182e-08,-3.09858e-07,4878.188,0.0,0.000948389382,0.0473891095,0.0,26.08080615,10.86305169,0.0182152521,0.0,0.0
1401.0,-37.86586,16.51695057,300.0,0.0,0.518895311,0.0,1.483359719,0.0,0.02565942156,232.06093,0.0,0.000623558943,0.0,0.00188620547,0.0,-3.09858e-07,4878.188,0.0,0.001335975107,-0.040387416284,0.0,16.51695057,6.88780747,0.02565942156,0.0,0.0
1401.5,-37.86586,23.57415657,300.0,0.0,0.740603981,0.0,2.10620748,0.0,0.03197769883,232.06093,9.4350494,0.00077710169,-3.32403e-07,0.002351552934,-1.09889e-07,-3.09858e-07,4878.188,0.0,0.001664940461,-0.0971123177,0.0,23.57415657,9.82805212,0.03197769883,0.0,0.0
1402.0,-37.86586,31.49999434,300.0,0.0,0.9896015,0.0,2.817748956,0.0,0.0305447552,232.06093,0.0,0.000742279224,0.0,0.00224530251,0.0,-3.09858e-07,4878.188,0.0,0.001590333293,-0.0209910547,0.0,31.49999434,13.12521482,0.0305447552,0.0,0.0
1402.5,-37.86586,24.43159748,300.0,4.127206e-05,0.7675412669,1.92714e-07,2.186443683,5.5091e-07,0.0258750895,232.06093,23.206093,0.000628799977,-2.2603515e-05,0.001962957634,-7.472476e-06,-3.09858e-07,4878.188,0.0,0.00134720399,-0.06432974399,0.0,24.43159748,10.181276386,0.0258750895,0.0,0.0
1403.0,-37.86586,19.87187072,300.0,0.0,0.6242932238,0.0,1.784648924,0.0,0.0288904842,232.06093,0.0,0.000702078148,0.0,0.002123711824,0.0,-3.09858e-07,4878.188,0.0,0.001504202503,-0.0387321999,0.0,19.87187072,8.285701002,0.0288904842,0.0,0.0
1403.5,-37.86586,31.6127853,300.0,0.0,0.993144924,0.0,2.83683727,0.0,0.02662397517,232.06093,0.0,0.000646998905,0.0,0.00195710714,0.0,-3.09858e-07,4878.188,0.0,0.001386195223,-0.003129076,0.0,31.6127853,13.16985915,0.02662397517,0.0,0.0
1404.0,-37.86586,24.7892917,300.0,0.00131548051,0.778778564,5.711675e-06,2.224334076,1.6327896e-05,0.01908871795,232.06093,35.430421,0.000463881874,-5.925473e-05,0.001562833998,-1.9588966e-05,-3.09858e-07,4878.188,0.0,0.000993866956,0.0157131349,0.0,24.7892917,10.32615276,0.01908871795,0.0,0.0
1404.5,-37.86586,30.982299735,300.0,0.0003956551,0.973337644,2.293873e-06,2.781289955,6.557466e-06,0.03454343378,232.06093,2.854083,0.000839452543,-2.062504e-06,0.002544811205,-6.81852e-07,-3.09858e-07,4878.188,0.0,0.001798527155,-0.0213986575,0.0,30.982299735,12.912133183,0.03454343378,0.0,0.0
1405.0,-37.86586,26.93605417,300.0,0.0,0.8462210749,0.0,2.4190819768,0.0,0.02433923992,232.06093,0.0,0.000591476714,0.0,0.001789139831,0.0,-3.09858e-07,4878.188,0.0,0.001267238939,0.06496370543,0.0,26.93605417,11.222502405,0.02433923992,0.0,0.0
1405.5,-37.86586,23.18190682,300.0,0.0,0.728281077,0.0,2.074679395,0.0,0.02369168969,232.06093,0.0,0.000575740369,0.0,0.001741547156,0.0,-3.09858e-07,4878.188,0.0,0.001233523801,0.0068230529,0.0,23.18190682,9.65999598,0.02369168969,0.0,0.0
1406.0,-37.86586,22.54855585,300.0,0.0,0.708383784,0.0,2.02504815,0.0,0.02181524265,232.06093,0.0,0.00053014015,0.0,0.001603622666,0.0,-3.09858e-07,4878.188,0.0,0.001135825315,-0.0440614649,0.0,22.54855585,9.39535849,0.02181524265,0.0,0.0
1406.5,-37.86586,25.83120658,300.0,0.0,0.811511297,0.0,2.31985747,0.0,0.0296790095,232.06093,0.0,0.000721240406,0.0,0.0021816819,0.0,-3.09858e-07,4878.188,0.0,0.001545257603,-0.01729906156,0.0,25.83120658,10.76588525,0.0296790095,0.0,0.0
1407.0,-37.86586,23.45716411,300.0,0.0,0.736928546,0.0,2.098208183,0.0,0.027667082,232.06093,0.0,0.000672347816,0.0,0.002033763322,0.0,-3.09858e-07,4878.188,0.0,0.001440505249,-0.0179019429,0.0,23.45716411,9.77685395,0.027667082,0.0,0.0
1407.5,-37.86586,26.5202902,300.0,0.0,0.833159481,0.0,2.380975354,0.0,0.02744813177,232.06093,0.0,0.000667027039,0.0,0.002017691313,0.0,-3.09858e-07,4878.188,0.0,0.001429105485,-0.0692475992,0.0,26.5202902,11.05131507,0.02744813177,0.0,0.0
1408.0,-37.86586,20.0246742,300.0,0.0,0.62909368,0.0,1.798382512,0.0,0.01790803182,232.06093,0.0,0.000435189606,0.0,0.001316406391,0.0,-3.09858e-07,4878.188,0.0,0.000932393754,-0.0449418702,0.0,20.0246742,8.34287123,0.01790803182,0.0,0.0
1408.5,-37.86586,27.71291486,300.0,4.4053938e-05,0.870626887,2.50624e-07,2.488850567,7.16455e-07,0.02396714802,232.06093,0.0,0.000582434392,0.0,0.001761786187,0.0,-3.09858e-07,4878.188,0.0,0.00124786576,0.0269932801,0.0,27.71291486,11.545542629,0.02396714802,0.0,0.0
1409.0,-37.86586,28.36773904,300.0,0.0,0.891198785,0.0,2.547659175,0.0,0.0266475609,232.06093,0.0,0.000647572067,0.0,0.001958838512,0.0,-3.09858e-07,4878.188,0.0,0.001387423193,-0.0170265474,0.0,28.36773904,11.81958447,0.0266475609,0.0,0.0
1409.5,-37.86586,20.36364235,300.0,0.0,0.639742706,0.0,1.8248795527,0.0,0.02317224917,232.06093,6.809469,0.000563117268,-1.197332e-06,0.001706600388,-3.95825e-07,-3.09858e-07,4878.188,0.0,0.001206478786,-0.0685606503,0.0,20.36364235,8.4869922,0.02317224917,0.0,0.0
1410.0,-37.86586,27.88805949,300.0,0.0,0.876129235,0.0,2.504580068,0.0,0.0327194165,232.06093,0.0,0.000795126453,0.0,0.00240518053,0.0,-3.09858e-07,4878.188,0.0,0.00170355852,-0.0407458911,0.0,27.88805949,11.62353237,0.0327194165,0.0,0.0
1410.5,-37.8331437,20.37957991,300.0,0.0,0.6402433771,0.0,1.830255989,0.0,0.02645666477,232.06093,0.0,0.000642933021,0.0,0.00194480213,0.0,-3.09858e-07,4878.188,0.0,0.001377484063,0.0568637693,0.0,20.37957991,8.495541536,0.02645666477,0.0,0.0
1411.0,-35.7496066,24.76617122,300.0,6.384309e-06,0.7780522297,3.7092e-08,2.221648163,1.06036e-07,0.0218257999,232.06093,0.0,0.000530396715,0.0,0.001604323195,0.0,-3.09858e-07,4878.188,0.0,0.001136374993,0.1273780401,0.0,24.76617122,10.31813083,0.0218257999,0.0,0.0
1411.5,-32.4938347,37.56366488,300.0,5.6458585e-05,1.1800973285,2.65679e-07,3.369237191,7.59493e-07,0.016796196457,232.06093,18.416652,0.000408170475,-8.834073e-06,0.001258470293,-2.920448e-06,-3.09858e-07,4878.188,0.0,0.000874505278,0.0026654439,0.0,37.56366488,15.64032538,0.016796196457,0.0,0.0
1412.0,-29.238063,18.87478734,300.0,0.0,0.5929689545,0.0,1.685151051,0.0,0.01900285098,232.06093,5.5268997,0.000461795182,-7.429362e-06,0.001416902795,-2.456066e-06,-3.09858e-07,4878.188,0.0,0.000989396238,-0.0709953676,0.0,18.87478734,7.86503404,0.01900285098,0.0,0.0
1412.5,-25.9822908,30.64321934,300.0,0.0,0.9626851307,0.0,2.752016308,0.0,0.0295199852,232.06093,0.0,0.000717375901,0.0,0.002169992677,0.0,-3.09858e-07,4878.188,0.0,0.001536977921,-0.0312072209,0.0,30.64321934,12.76810618,0.0295199852,0.0,0.0
1413.0,-22.7265192,19.6021939,300.0,0.0,0.6158210862,0.0,1.76044027,0.0,0.0267022453,232.06093,0.0,0.000648900986,0.0,0.001962862613,0.0,-3.09858e-07,4878.188,0.0,0.001390270399,-0.0233436726,0.0,19.6021939,8.172208725,0.0267022453,0.0,0.0
1413.5,-19.4707471,25.179840267,300.0,0.0,0.791048004,0.0,2.2582924223,0.0,0.0258424253,232.117162,0.0,0.000628267177,0.0,0.00190043607,0.0,-3.09858e-07,4878.188,0.0,0.001345503295,0.0165945768,0.0,25.179840267,10.492606505,0.0258424253,0.0,0.0
1414.0,-16.2149755,25.80582667,300.0,0.0,0.8107139555,0.0,2.317578188,0.0,0.02621468696,235.780594,0.0,0.000647478508,0.0,0.001958559842,0.0,-3.09858e-07,4878.188,0.0,0.001364885302,-0.0190535623,0.0,25.80582667,10.75330154,0.02621468696,0.0,0.0
1414.5,-12.9592035,26.3665104,300.0,2.7602495e-05,0.828328351,1.7721e-07,2.367932221,5.06587e-07,0.0378844825,241.517593,0.0,0.000961350365,0.0,0.002907959872,0.0,-3.09858e-07,4878.188,0.0,0.001972481113,0.0479242938,0.0,26.3665104,10.99342021,0.0378844825,0.0,0.0
1415.0,-9.70343175,24.660950325,300.0,0.0,0.7747466018,0.0,2.21475877195,0.0,0.0391410023,247.256575,0.0,0.001013137237,0.0,0.00306464218,0.0,-3.09858e-07,4878.188,0.0,0.00203790261,-0.01035309642,0.0,24.660950325,10.284457734,0.0391410023,0.0,0.0
1415.5,-6.48029527,26.2421086,300.0,0.0,0.824420141,0.0,2.356759894,0.0,0.02923875985,252.992922,0.0,0.000774183082,0.0,0.002341828897,0.0,-3.09858e-07,4878.188,0.0,0.001522335742,-0.00803135835,0.0,26.2421086,10.9366075,0.02923875985,0.0,0.0
1416.0,-5.30814,26.45820626,300.0,0.0,0.831209053,0.0,2.376167254,0.0,0.0493251366,258.731588,0.0,0.001340131936,0.0,0.004053769364,0.0,-3.09858e-07,4878.188,0.0,0.002568146424,-0.0064994689,0.0,26.45820626,11.03825531,0.0493251366,0.0,0.0
1416.5,-5.30814,32.6946647,300.0,0.0,1.027133186,0.0,2.93625315,0.0,0.0399468288,264.412892,0.0,0.001105240408,0.0,0.003343184914,0.0,-3.09858e-07,4878.188,0.0,0.00207985857,0.0716215205,0.0,32.6946647,13.62781564,0.0399468288,0.0,0.0
1417.0,-5.30814,24.7057285,300.0,0.0,0.7761533738,0.0,2.2094743034,0.0,0.01882568764,266.48813,0.0,0.000525360402,0.0,0.001589160434,0.0,-3.09858e-07,4837.3415,0.0,0.000980172138,0.02441819035,0.0,24.7057285,10.291228145,0.01882568764,0.0,0.0
1417.5,-5.30814,28.39372413,300.0,0.0,0.892015151,0.0,2.549992975,0.0,0.02883010248,266.48813,0.0,0.000804549302,0.0,0.002433683747,0.0,-3.09858e-07,4100.43826,0.0,0.001501058708,-0.00627240328,0.0,28.39372413,11.83167194,0.02883010248,0.0,0.0
1418.0,-5.30814,29.48379096,300.0,0.0,0.9262605865,0.0,2.647889952,0.0,0.03698016032,266.48813,0.0,0.001031989459,0.0,0.003121668304,0.0,-3.09858e-07,3113.36931,0.0,0.001925397013,-0.00672354295,0.0,29.48379096,12.29001569,0.03698016032,0.0,0.0
1418.5,-5.30814,22.78762401,299.995407,0.0,0.7158871703,0.0,2.044220189,0.0,0.0209141885,266.48813,0.0,0.000583643295,0.0,0.001765457029,0.0,-3.09858e-07,2316.7508,0.0,0.001088911325,0.04139673528,0.0,22.78762401,9.494310244,0.0209141885,0.0,0.0
1419.0,-5.30814,33.54865572,300.0,0.0,1.0539620794,0.0,3.012948709,0.0,0.03622802523,266.48813,0.0,0.001010999949,0.0,0.003058176999,0.0,-3.09858e-07,2246.304,0.0,0.001886236567,-0.00671455976,0.0,33.54865572,13.98099685,0.03622802523,0.0,0.0
1419.5,-5.30814,25.37822327,299.978464,7.9723645e-05,0.7971605554,4.4366e-07,2.273599887,1.268285e-06,0.022200044155,266.48813,16.138927,0.000619527127,-5.891216e-06,0.0018898811,-1.947572e-06,-3.09858e-07,2246.304,0.0,0.001155860244,-0.00627546395,0.0,25.37822327,10.57302845,0.022200044155,0.0,0.0
1420.0,-5.30814,27.35976683,300.0,0.0,0.8595324275,0.0,2.457134947,0.0,0.02973282593,266.48813,0.0,0.00082974123,0.0,0.002509886934,0.0,-3.09858e-07,2246.304,0.0,0.001548059637,-0.00664292015,0.0,27.35976683,11.40196182,0.02973282593,0.0,0.0
1420.5,-5.30814,25.69175398,300.0,0.0,0.807130262,0.0,2.30733346,0.0,0.03711826073,266.48813,0.0,0.001035843384,0.0,0.003133325913,0.0,-3.09858e-07,2246.304,0.0,0.00193258725,-0.00665376071,0.0,25.69175398,10.71220168,0.03711826073,0.0,0.0
1421.0,-5.30814,31.76731437,300.0,0.0,0.997999598,0.0,2.852969407,0.0,0.0375973484,266.48813,0.0,0.001049213056,0.0,0.00317376808,0.0,-3.09858e-07,2246.304,0.0,0.001957531263,-0.006017109817,0.0,31.76731437,13.24056679,0.0375973484,0.0,0.0
1421.5,-5.30814,27.79731173,300.0,0.0,0.873278285,0.0,2.496430058,0.0,0.03019106771,266.48813,0.0,0.000842529192,0.0,0.002548569316,0.0,-3.09858e-07,2246.304,0.0,0.001571918314,-0.00664801273,0.0,27.79731173,11.584294645,0.03019106771,0.0,0.0
1422.0,-5.30814,23.24760099,300.0,0.0,0.7303449284,0.0,2.087828166,0.0,0.02340800299,266.48813,0.0,0.000653237094,0.0,0.00197597899,0.0,-3.09858e-07,2246.304,0.0,0.001218753498,-0.00657248076,0.0,23.24760099,9.687166076,0.02340800299,0.0,0.0
1422.5,-5.30814,26.5099547,300.0,0.0,0.832834815,0.0,2.38081474,0.0,0.02300782188,266.48813,0.0,0.000642069423,0.0,0.001942197848,0.0,-3.09858e-07,2246.304,0.0,0.00119791778,-0.0065681293,0.0,26.5099547,11.044422,0.02300782188,0.0,0.0
1423.0,-5.30814,25.95464568,300.0,0.0,0.815389232,0.0,2.330943337,0.0,0.03138013826,266.48813,0.0,0.000875712067,0.0,0.002648941603,0.0,-3.09858e-07,2246.304,0.0,0.001633828052,0.0697428825,0.0,25.95464568,10.81824246,0.03138013826,0.0,0.0
1423.5,-5.30814,25.68609926,300.0,0.0,0.806952601,0.0,2.306825605,0.0,0.02092687407,266.48813,0.0,0.000583997283,0.0,0.001766535337,0.0,-3.09858e-07,2246.304,0.0,0.001089571772,-0.00654496003,0.0,25.68609926,10.700394635,0.02092687407,0.0,0.0
1424.0,-5.30814,26.57022695,300.0,0.0,0.8347283195,0.0,2.386227713,0.0,0.02361667333,266.48813,0.0,0.000659060388,0.0,0.001993593865,0.0,-3.09858e-07,2246.304,0.0,0.001229618045,-0.00657489722,0.0,26.57022695,11.069857361,0.02361667333,0.0,0.0
1424.5,-5.30814,32.1766539,300.0,0.0,1.010859395,0.0,2.889731467,0.0,0.0364853503,266.48813,0.0,0.001018181031,0.0,0.00307989904,0.0,-3.09858e-07,2246.304,0.0,0.00189963439,-0.00667515193,0.0,32.1766539,13.4102467,0.0364853503,0.0,0.0
1425.0,-5.30814,30.2288668,299.990982,0.0,0.949621129,0.0,2.706158328,0.0,0.03141877307,266.48813,0.0,0.000876790241,0.0,0.002652205612,0.0,-3.09858e-07,2246.304,0.0,0.001635839631,-0.04802976488,0.0,30.2288668,12.59679978,0.03141877307,0.0,0.0
1425.5,-5.30814,29.3636474,300.0,0.0,0.922486203,0.0,2.637100102,0.0,0.03643725497,266.535295,0.0,0.001016958674,0.0,0.003076201572,0.0,-3.09858e-07,2246.304,0.0,0.001897130247,-0.00649677629,0.0,29.3636474,12.23970595,0.03643725497,0.0,0.0
1426.0,-5.30814,28.4659028,300.0,0.0,0.894282724,0.0,2.556475179,0.0,0.02792245863,269.60612,0.0,0.000788021133,0.0,0.002383687672,0.0,-3.09858e-07,2246.304,0.0,0.001453801687,-0.00662006967,0.0,28.4659028,11.86117584,0.02792245863,0.0,0.0
1426.5,-5.30814,26.37941606,300.0,0.0,0.828733806,0.0,2.369091262,0.0,0.03468356962,274.416046,0.0,0.00099877585,0.0,0.003021200243,0.0,-3.09858e-07,2246.304,0.0,0.001805823366,-0.00669771407,0.0,26.37941606,10.99692122,0.03468356962,0.0,0.0
1427.0,-5.30814,26.05379955,300.0,0.0,0.818504262,0.0,2.339848197,0.0,0.035176844,279.226404,0.0,0.001027807667,0.0,0.003109018703,0.0,-3.09858e-07,2246.304,0.0,0.001831506105,-0.00670349187,0.0,26.05379955,10.86171809,0.035176844,0.0,0.0
1427.5,-5.30814,24.87617304,300.0,0.0,0.78150800747,0.0,2.234087525,0.0,0.0440073096,284.037427,0.0,0.001308004367,0.0,0.00395658443,0.0,-3.09858e-07,2246.304,0.0,0.0022912702,0.01012825856,0.0,24.87617304,10.376854845,0.0440073096,0.0,0.0
1428.0,-5.30814,23.68309779,300.0,0.0,0.7440264734,0.0,2.126939423,0.0,0.02894925886,288.847499,0.0,0.000875471936,0.0,0.002648217904,0.0,-3.09858e-07,2246.304,0.0,0.00150726269,-0.00663419938,0.0,23.68309779,9.87161527,0.02894925886,0.0,0.0
1428.5,-5.30814,19.510042307,299.999664,0.0,0.6129259983,0.0,1.7461681275,0.0,0.02743032975,293.610976,23.529303,0.000843610289,-1.915574e-05,0.002603447883,-6.332679e-06,-3.09858e-07,2246.304,0.0,0.001428178642,-0.03157040965,0.0,19.510042307,8.13428915,0.02743032975,0.0,0.0
1429.0,-5.30814,28.7675888,299.998474,0.0,0.9037596315,0.0,2.583561978,0.0,0.0485277662,295.3503,0.0,0.001500915844,0.0,0.004540063546,0.0,-3.09858e-07,2246.304,0.0,0.00252663087,0.04653298077,0.0,28.7675888,11.99874136,0.0485277662,0.0,0.0
1429.5,-5.30814,24.74892294,300.0,0.0,0.777510346,0.0,2.22265942,0.0,0.03659127202,295.3503,0.0,0.001131731844,0.0,0.003423379325,0.0,-3.09858e-07,2246.304,0.0,0.001905149235,-0.00671717729,0.0,24.74892294,10.31957486,0.03659127202,0.0,0.0
1430.0,-5.30814,28.3642509,299.92192,0.0,0.8906380905,0.0,2.5460562535,0.0,0.02914929494,295.3503,0.0,0.000901558873,0.0,0.002727128296,0.0,-3.09858e-07,2246.304,0.0,0.001517677705,-0.01024562996,0.0,28.3642509,11.819594176,0.02914929494,0.0,0.0
1430.5,-5.30814,33.3861045,299.92274,0.0,1.04840527,0.0,2.997063494,0.0,0.02740171189,295.3503,0.0,0.000847507868,0.0,0.002563625254,0.0,-3.09858e-07,2246.304,0.0,0.0014266886,0.03490050441,0.0,33.3861045,13.90820418,0.02740171189,0.0,0.0
1431.0,-5.30814,21.97756101,300.0,0.0,0.6904454585,0.0,1.973768055,0.0,0.0413942714,295.3503,0.0,0.001280283868,0.0,0.003872699863,0.0,-3.09858e-07,2246.304,0.0,0.002155220594,0.03796029575,0.0,21.97756101,9.16919553,0.0413942714,0.0,0.0
1431.5,-5.30814,28.0489114,300.0,0.0,0.881182542,0.0,2.51902578,0.0,0.0381388346,295.38982,0.0,0.001179645122,0.0,0.00356831226,0.0,-3.09858e-07,2246.304,0.0,0.001985724075,-0.00673642083,0.0,28.0489114,11.69362817,0.0381388346,0.0,0.0
1432.0,-5.30814,24.87459931,300.0,0.0,0.7814586009,0.0,2.2339462848,0.0,0.04213798501,297.952549,0.0,0.001313502043,0.0,0.003973216565,0.0,-3.09858e-07,2354.72614,0.0,0.002193942545,-0.00678090623,0.0,24.87459931,10.37510889,0.04213798501,0.0,0.0
1432.5,-5.30814,23.5062395,299.991394,0.0,0.738425535,0.0,2.110928122,0.0,0.02890650258,301.967045,0.0,0.000914782855,0.0,0.002767129655,0.0,-3.09858e-07,2603.19872,0.0,0.001505036529,-0.00363312403,0.0,23.5062395,9.797997857,0.02890650258,0.0,0.0
1433.0,-5.30814,26.256643,300.0,0.0,0.8248767495,0.0,2.358065147,0.0,0.0360029179,305.982108,0.0,0.001154270915,0.0,0.003491557793,0.0,-3.09858e-07,2850.00348,0.0,0.001874516217,-0.00671266827,0.0,26.256643,10.94660475,0.0360029179,0.0,0.0
1433.5,-5.30814,29.4990103,300.0,0.0,0.926738722,0.0,2.64925678,0.0,0.04492085,309.99681,0.0,0.00145648587,0.0,0.00440572889,0.0,-3.09858e-07,2943.415,0.0,0.00233883429,-0.00569645906,0.0,29.4990103,12.30098471,0.04492085,0.0,0.0
1434.0,-5.30814,36.93574546,300.0,0.0,1.160370653,0.0,3.31713761,0.0,0.0347581753,314.012125,0.0,0.001142756026,0.0,0.00345672621,0.0,-3.09858e-07,2943.415,0.0,0.00180970787,0.00217887136,0.0,36.93574546,15.38953141,0.0347581753,0.0,0.0
1434.5,-5.30814,26.45163522,300.0,0.0,0.831002629,0.0,2.375577157,0.0,0.037445136,317.98707,0.0,0.001247844417,0.0,0.00377460855,0.0,-3.09858e-07,2943.415,0.0,0.00194960617,-0.00671999002,0.0,26.45163522,11.02858468,0.037445136,0.0,0.0
1435.0,-5.30814,34.2014967,299.988358,0.0,1.074399356,0.0,3.070756099,0.0,0.0533303698,319.43927,0.0,0.001783986261,0.0,0.00539631925,0.0,-3.09858e-07,2943.415,0.0,0.002776681625,0.08084760506,0.0,34.2014967,14.26263455,0.0533303698,0.0,0.0
1435.5,-5.30814,26.46237434,300.0,0.0,0.831340015,0.0,2.376541547,0.0,0.0442755141,319.43927,0.0,0.001481086835,0.0,0.00448014437,0.0,-3.09858e-07,2943.415,0.0,0.00230523452,-0.00669672743,0.0,26.46237434,11.03704127,0.0442755141,0.0,0.0
1436.0,-5.30814,27.15000137,300.0,0.0,0.852942444,0.0,2.434436257,0.0,0.0294726899,319.43927,0.0,0.000985908664,0.0,0.002982275774,0.0,-3.09858e-07,2943.415,0.0,0.001534515456,0.02945888181,0.0,27.15000137,11.31452477,0.0294726899,0.0,0.0
1436.5,-5.30814,26.50976088,300.0,0.0,0.8328286935,0.0,2.380797324,0.0,0.03340676696,319.43927,0.0,0.001117509863,0.0,0.003380359223,0.0,-3.09858e-07,2943.415,0.0,0.001739345882,-0.00668310197,0.0,26.50976088,11.05041335,0.03340676696,0.0,0.0
1437.0,-5.30814,23.19418338,300.0,0.0,0.728666737,0.0,2.083030767,0.0,0.0542338477,319.43927,0.0,0.00181420905,0.0,0.00548780643,0.0,-3.09858e-07,2943.415,0.0,0.00282372182,0.01522072132,0.0,23.19418338,9.68293742,0.0542338477,0.0,0.0
1437.5,-5.30814,30.11294078,300.0,0.0,0.946025949,0.0,2.70439296,0.0,0.04679384207,319.43927,0.0,0.001565328962,0.0,0.004734968615,0.0,-3.09858e-07,2945.44457,0.0,0.002436352982,-0.00682658791,0.0,30.11294078,12.55753987,0.04679384207,0.0,0.0
1438.0,-5.30814,32.967215,300.0,0.0015910186,1.035695583,1.0366535e-05,2.960730514,2.9634687e-05,0.0332506088,319.43927,31.943927,0.001112286115,-0.00012052875,0.00368930009,-3.984549e-05,-3.09858e-07,3291.84045,0.0,0.001731215337,-0.00883402137,0.0,32.967215,13.73731613,0.0332506088,0.0,0.0
1438.5,-5.30814,29.86339203,300.0,0.0,0.938186159,0.0,2.681981432,0.0,0.034852071683,319.43927,0.0,0.001165857622,0.0,0.003526606436,0.0,-3.09858e-07,3888.4399,0.0,0.001814596609,-0.00670123117,0.0,29.86339203,12.44672786,0.034852071683,0.0,0.0
1439.0,-5.30814,29.13458022,300.0,0.0,0.915289823,0.0,2.61652795,0.0,0.0321680242,319.43927,0.0,0.001076071931,0.0,0.003255013464,0.0,-3.09858e-07,4485.03935,0.0,0.001674849874,-0.00667000387,0.0,29.13458022,12.14189631,0.0321680242,0.0,0.0
1439.5,-5.30814,26.92470379,300.0,0.0,0.8458645146,0.0,2.418062642,0.0,0.0628071194,319.43927,0.0,0.002100998681,0.0,0.00635531764,0.0,-3.09858e-07,4761.806,0.0,0.003270094984,-0.0065717742,0.0,26.92470379,11.24024045,0.0628071194,0.0,0.0
1440.0,-5.30814,32.6562542,300.0,0.0,1.025926496,0.0,2.932803514,0.0,0.03552773655,319.43927,0.0,0.00118845972,0.0,0.00359495893,0.0,-3.09858e-07,4761.806,0.0,0.00184977558,0.06951806991,0.0,32.6562542,13.60925282,0.03552773655,0.0,0.0
1440.5,-5.30814,21.034614563,300.0,0.0,0.6608219146,0.0,1.889083634,0.0,0.0421528762,319.43927,0.0,0.001410081217,0.0,0.004265359284,0.0,-3.09858e-07,4761.806,0.0,0.00219471794,-0.005945921348,0.0,21.034614563,8.777271187,0.0421528762,0.0,0.0
1441.0,-5.30814,23.9543816426,300.0,0.0,0.75254909996,0.0,2.1513030508,0.0,0.0342667341,319.43927,0.0,0.00114627712,0.0,0.00346737735,0.0,-3.09858e-07,4761.806,0.0,0.001784120585,-0.00669334013,0.0,23.9543816426,9.987603178,0.0342667341,0.0,0.0
1441.5,-5.30814,29.29006576,300.0,0.0,0.9201745434,0.0,2.630491902,0.0,0.05054385,319.43927,0.0,0.001690772754,0.0,0.00511442401,0.0,-3.09858e-07,4761.806,0.0,0.002631599615,-0.00642444606,0.0,29.29006576,12.21732477,0.05054385,0.0,0.0
1442.0,-5.30814,20.65428475,300.0,0.0,0.648873489,0.0,1.854926854,0.0,0.0472860263,319.43927,0.0,0.001581793304,0.0,0.00478477172,0.0,-3.09858e-07,4761.806,0.0,0.00246197878,-0.0068381753,0.0,20.65428475,8.622010245,0.0472860263,0.0,0.0
1442.5,-5.30814,31.84233326,300.0,0.0,1.000356432,0.0,2.85970677,0.0,0.03008200677,319.43927,0.0,0.001006291287,0.0,0.003043933762,0.0,-3.09858e-07,4761.806,0.0,0.001566239972,-0.00658968093,0.0,31.84233326,13.26739504,0.03008200677,0.0,0.0
1443.0,-5.30814,30.85360176,300.0,0.0,0.969294527,0.0,2.770910553,0.0,0.025462025284,319.43927,0.0,0.000851745505,0.0,0.002576445172,0.0,-3.09858e-07,4761.806,0.0,0.001325697505,0.0400283324,0.0,30.85360176,12.85327856,0.025462025284,0.0,0.0
1443.5,-5.30814,30.8303853,300.0,0.0,0.968565137,0.0,2.768825438,0.0,0.035830347066,319.43927,0.0,0.001198582462,0.0,0.003625595976,0.0,-3.09858e-07,4761.806,0.0,0.001865531143,-0.01046781703,0.0,30.8303853,12.84967224,0.035830347066,0.0,0.0
1444.0,-5.30814,26.37604965,300.0,0.0,0.828628061,0.0,2.368788933,0.0,0.04000235375,319.43927,0.0,0.001338142786,0.0,0.00404775236,0.0,-3.09858e-07,4761.806,0.0,0.00208274945,-0.00588967767,0.0,26.37604965,10.99862643,0.04000235375,0.0,0.0
1444.5,-5.30814,38.9768829,300.0,0.0,1.224494908,0.0,3.500448795,0.0,0.03409771616,319.43927,0.0,0.001140623209,0.0,0.00345027477,0.0,-3.09858e-07,4761.806,0.0,0.001775320592,-0.00669148174,0.0,38.9768829,16.23847856,0.03409771616,0.0,0.0
1445.0,-5.30814,27.782096536,300.0,0.0,0.8728002955,0.0,2.4934366704,0.0,0.03679036526,319.43927,0.0,0.001230696637,0.0,0.00372273822,0.0,-3.09858e-07,4761.806,0.0,0.001915515168,-0.02153979261,0.0,27.782096536,11.581817053,0.03679036526,0.0,0.0
1445.5,-5.33461003,39.403138,300.0,0.0,1.237886062,0.0,3.53872997,0.0,0.04398099095,319.43927,0.0,0.001471234573,0.0,0.004450342173,0.0,-3.09858e-07,4761.806,0.0,0.00228989995,-0.00683279044,0.0,39.403138,16.42161667,0.04398099095,0.0,0.0
1446.0,-7.0220115,28.39399,300.0,0.0,0.892023526,0.0,2.543355474,0.0,0.03536979965,319.43927,0.0,0.001183176415,0.0,0.003578994256,0.0,-3.09858e-07,4761.806,0.0,0.00184155246,-0.03503525838,0.0,28.39399,11.83560123,0.03536979965,0.0,0.0
1446.5,-9.6587377,30.5833284,300.0,0.0,0.960803583,0.0,2.746637602,0.0,0.0395708772,319.43927,0.0,0.001323709192,0.0,0.00400409221,0.0,-3.09858e-07,4761.806,0.0,0.002060284326,-0.0119185486,0.0,30.5833284,12.74905385,0.0395708772,0.0,0.0
1447.0,-12.29546355,20.70425986,300.0,0.0,0.6504435095,0.0,1.8542077695,0.0,0.03843067863,319.43927,0.0,0.001285567727,0.0,0.003888699423,0.0,-3.09858e-07,4761.806,0.0,0.002000919184,0.00438768935,0.0,20.70425986,8.637635264,0.03843067863,0.0,0.0
1447.5,-14.93218935,19.46187936,300.0,0.0,0.611412989,0.0,1.747838877,0.0,0.03896819956,319.43927,0.0,0.001303548694,0.0,0.00394310862,0.0,-3.09858e-07,4761.806,0.0,0.002028905614,-0.0181891118,0.0,19.46187936,8.120984974,0.03896819956,0.0,0.0
1448.0,-17.5689154,36.25048924,300.0,0.0,1.138842719,0.0,3.25559591,0.0,0.04251411707,319.43927,0.0,0.001422165283,0.0,0.004301862,0.0,-3.09858e-07,4761.806,0.0,0.002213526187,0.0089064044,0.0,36.25048924,15.10892025,0.04251411707,0.0,0.0
1448.5,-20.2056413,28.2712701,300.0,0.0,0.88816814,0.0,2.53837699,0.0,0.057369398,319.43927,0.0,0.001919098224,0.0,0.005805086396,0.0,-3.09858e-07,4761.806,0.0,0.00298697629,-0.0289641333,0.0,28.2712701,11.79738181,0.057369398,0.0,0.0
1449.0,-22.8423671,25.70365094,300.0,0.0,0.80750400706,0.0,2.3061727188,0.0,0.0369003263,319.43927,0.0,0.001234375032,0.0,0.003733864984,0.0,-3.09858e-07,4761.806,0.0,0.001921240432,-0.062025916,0.0,25.70365094,10.717024893,0.0369003263,0.0,0.0
1449.5,-25.4790933,21.70363419,300.0,5.0760974e-05,0.681839775,2.47227e-07,1.942071164,7.06743e-07,0.0562028452,319.43927,0.0,0.001880075248,0.0,0.00568704497,0.0,-3.09858e-07,4761.806,0.0,0.002926239111,-0.035682445,0.0,21.70363419,9.063858734,0.0562028452,0.0,0.0
1450.0,-28.1158192,30.251809,300.0,0.0,0.950388612,0.0,2.71288594,0.0,0.0409590058,319.43927,0.0,0.001370144344,0.0,0.00414454415,0.0,-3.09858e-07,4291.50942,0.0,0.00213255828,-0.0276019971,0.0,30.251809,12.61191687,0.0409590058,0.0,0.0
1450.5,-30.7260696,21.19085927,300.0,0.0,0.665730457,0.0,1.903115609,0.0,0.05012222548,319.43927,0.0,0.001676668689,0.0,0.00507173656,0.0,-3.09858e-07,3200.97957,0.0,0.002609647448,0.089378528,0.0,21.19085927,8.84693877,0.05012222548,0.0,0.0
1451.0,-31.6754,29.93082725,299.727381,0.0,0.937862475,0.0,2.681056097,0.0,0.0379741479,319.43927,0.0,0.001270296086,0.0,0.003842522758,0.0,-3.09858e-07,2108.05885,0.0,0.001977149639,-0.0261151606,0.0,29.93082725,12.47661068,0.0379741479,0.0,0.0
1451.5,-31.6754,27.38327604,299.491646,0.0,0.8580798793,0.0,2.452977442,0.0,0.021855428274,319.43927,0.0,0.000731099076,0.0,0.002211500178,0.0,-3.09858e-07,1015.138197,0.0,0.001137917595,0.0452257807,0.0,27.38327604,11.40714454,0.021855428274,0.0,0.0
1452.0,-31.6754,23.86191917,299.310567,0.0,0.7468645774,0.0,2.1350527125,0.0,0.0488811871,319.43927,0.0,0.00163515399,0.0,0.0049461825,0.0,-3.09858e-07,521.91125,0.0,0.00254503191,-0.0379109647,0.0,23.86191917,9.95766228,0.0488811871,0.0,0.0
1452.5,-31.6754,31.4330861,298.927909,0.0,0.981746558,0.0,2.79362544,0.0,0.037800635,319.43927,0.0,0.001264491791,0.0,0.003824929705,0.0,-3.09858e-07,521.91125,0.0,0.001968115549,-0.045343826,0.0,31.4330861,13.10161057,0.037800635,0.0,0.0
1453.0,-31.6754,26.63554139,299.650914,0.0,0.8353472155,0.0,2.376944117,0.0,0.03926655874,319.43927,0.0,0.001313529294,0.0,0.00397327197,0.0,-3.09858e-07,521.91125,0.0,0.00204443986,-0.0448045836,0.0,26.63554139,11.10617282,0.03926655874,0.0,0.0
1453.5,-31.6754,32.29815847,299.019918,4.4915656e-05,1.009855849,2.31358e-07,2.886862748,6.61381e-07,0.0308906866,319.43927,0.0,0.00103334292,0.0,0.003125761896,0.0,-3.09858e-07,521.91125,0.0,0.0016083444,-0.0191372683,0.0,32.29815847,13.45753877,0.0308906866,0.0,0.0
1454.0,-31.6754,22.58692074,299.668786,0.0,0.7082224546,0.0,2.016935124,0.0,0.0579033965,319.43927,0.0,0.001936961354,0.0,0.00585912061,0.0,-3.09858e-07,521.91125,0.0,0.00301477937,-0.05720149,0.0,22.58692074,9.43239401,0.0579033965,0.0,0.0
1454.5,-31.6754,26.5470176,299.151767,7.565137e-05,0.83002621,3.60689e-07,2.35903586,1.031097e-06,0.03811154853,319.43927,29.471628,0.001274892291,-3.718043e-05,0.003956579069,-1.2291444e-05,-3.09858e-07,521.91125,0.0,0.001984303398,0.0165236926,0.0,26.5470176,11.06866303,0.03811154853,0.0,0.0
1455.0,-31.6754,28.27229885,299.511742,0.00026254295,0.885843075,1.279482e-06,2.52112673,3.657639e-06,0.03080976816,319.43927,0.0,0.001030636078,0.0,0.003117572793,0.0,-3.09858e-07,521.91125,0.0,0.001604131355,-0.0318796826,0.0,28.27229885,11.78230193,0.03080976816,0.0,0.0
1455.5,-31.6791659,19.402409016,299.809537,0.0,0.6087435636,0.0,1.7303313308,0.0,0.035001225,319.43927,0.0,0.001170847013,0.0,0.00354166884,0.0,-3.09858e-07,521.91125,0.0,0.001822362381,-0.0209173666,0.0,19.402409016,8.093922447,0.035001225,0.0,0.0
1456.0,-31.9198563,21.56784128,299.425973,0.0,0.6749062906,0.0,1.9239639435,0.0,0.03644694661,319.43927,0.0,0.001219208731,0.0,0.00368796318,0.0,-3.09858e-07,521.91125,0.0,0.00189763484,0.0301414329,0.0,21.56784128,8.995819013,0.03644694661,0.0,0.0
1456.5,-32.2959459,23.40102474,299.541058,0.0,0.732955758,0.0,2.086559807,0.0,0.0257350848,319.43927,0.0,0.000860879785,0.0,0.00260406963,0.0,-3.09858e-07,521.91125,0.0,0.001339914519,0.0397207844,0.0,23.40102474,9.75236559,0.0257350848,0.0,0.0
1457.0,-32.6720345,35.6859337,298.748706,0.0,1.113861082,0.0,3.17646158,0.0,0.0421510672,319.43927,0.0,0.001410020676,0.0,0.004265062295,0.0,-3.09858e-07,521.91125,0.0,0.002194623672,0.02062111617,0.0,35.6859337,14.8737922,0.0421510672,0.0,0.0
1457.5,-33.0481241,28.68628104,299.175069,6.557411e-05,0.897217385,3.42735e-07,2.564864394,9.79772e-07,0.04649398853,319.43927,0.0,0.001555298329,0.0,0.004704623595,0.0,-3.09858e-07,521.91125,0.0,0.002420740841,0.0147973651,0.0,28.68628104,11.96372068,0.04649398853,0.0,0.0
1458.0,-33.4242122,34.497638993,299.00799,0.0,1.0787241947,0.0,3.0837358624,0.0,0.04110849897,319.43927,0.0,0.001375145096,0.0,0.00415966894,0.0,-3.09858e-07,521.91125,0.0,0.002140341696,0.0891896458,0.0,34.497638993,14.37872564,0.04110849897,0.0,0.0
1458.5,-33.8003023,12.81376574,299.641064,0.0,0.4011977888,0.0,1.146887443,0.0,0.03539250396,319.414643,0.0,0.001183869863,0.0,0.003581039458,0.0,-3.09858e-07,521.91125,0.0,0.001842734563,0.0047382169,0.0,12.81376574,5.352567894,0.03539250396,0.0,0.0
1459.0,-34.1763895,30.95303832,298.931653,0.0,0.965237264,0.0,2.757832243,0.0,0.0568485808,317.810293,0.0,0.00189164063,0.0,0.0057220171,0.0,-3.09858e-07,521.91125,0.0,0.00295985976,0.0144027379,0.0,30.95303832,12.91298139,0.0568485808,0.0,0.0
1459.5,-34.5524804,26.64920062,299.698316,0.0007181299,0.83573106,3.392121e-06,2.378529017,9.697015e-06,0.0361598461,315.297388,0.0,0.00119386418,0.0,0.003611292611,0.0,-3.09858e-07,521.91125,0.0,0.001882686762,0.0096800119,0.0,26.64920062,11.11004288,0.0361598461,0.0,0.0
1460.0,-34.9285677,25.044175546,299.142019,0.0,0.7823843381,0.0,2.2289401052,0.0,0.03769051816,312.783999,0.0,0.001234945818,0.0,0.003735588075,0.0,-3.09858e-07,521.91125,0.0,0.001962382194,-0.017135441627,0.0,25.044175546,10.443073336,0.03769051816,0.0,0.0
1460.5,-35.3008895,12.621588534,299.742688,0.0,0.39563006838,0.0,1.1297340956,0.0,0.03997270361,310.270934,4.582491,0.001298225869,-5.80274e-07,0.00392852708,-1.91832e-07,-3.09858e-07,521.91125,0.0,0.002081205757,0.0332607969,0.0,12.621588534,5.2752758225,0.03997270361,0.0,0.0
1461.0,-35.436287,30.69875445,298.988038,0.0,0.959296829,0.0,2.740505235,0.0,0.03132222852,307.75886,0.0,0.001010232785,0.0,0.00305585333,0.0,-3.09858e-07,521.91125,0.0,0.001630812952,0.019111966107,0.0,30.69875445,12.7922674,0.03132222852,0.0,0.0
1461.5,-35.436287,22.72352611,299.623268,1.7102901e-05,0.712206868,8.053e-08,2.016328052,2.30212e-07,0.03077935917,305.26123,48.429102,0.000984881392,-3.8784288e-05,0.003083655251,-1.2821663e-05,-3.09858e-07,521.91125,0.0,0.001602548022,-0.082784359,0.0,22.72352611,9.47339873,0.03077935917,0.0,0.0
1462.0,-35.436287,21.5272835,299.379728,0.0001267644,0.673206323,5.7371e-08,1.924486727,1.64006e-07,0.03095631913,303.755429,30.33336,0.000984752446,-4.792576e-06,0.002991693576,-1.584374e-06,-3.09858e-07,521.91125,0.0,0.001611761638,-0.0448075796,0.0,21.5272835,8.9757368,0.03095631913,0.0,0.0
1462.5,-35.436287,29.5300271,299.38404,0.0,0.924372441,0.0,2.63507399,0.0,0.05246743315,302.820589,0.0,0.001664062378,0.0,0.005033627675,0.0,-3.09858e-07,521.91125,0.0,0.002731752262,-0.067887164,0.0,29.5300271,12.3182976,0.05246743315,0.0,0.0
1463.0,-35.436287,26.56430549,299.151392,0.0003727187,0.8303795384,1.753606e-06,2.36814978,5.013011e-06,0.0453626829,301.885318,20.276988,0.001434262141,-3.106607e-05,0.004422191606,-1.0270103e-05,-3.09858e-07,521.91125,0.0,0.002361838626,-0.01583378947,0.0,26.56430549,11.08009064,0.0453626829,0.0,0.0
1463.5,-35.436287,24.00716755,299.300982,0.0,0.7516180803,0.0,2.138911,0.0,0.03168881172,300.950163,0.0,0.000998621698,0.0,0.003020733878,0.0,-3.09858e-07,521.91125,0.0,0.001649899325,-0.0779426884,0.0,24.00716755,10.00806229,0.03168881172,0.0,0.0
1464.0,-35.436287,22.54363659,299.643933,0.0,0.706547603,0.0,2.019799077,0.0,0.0420171432,300.014884,0.0,0.001319962316,0.0,0.00399275838,0.0,-3.09858e-07,521.91125,0.0,0.00218765085,-0.0377722588,0.0,22.54363659,9.405107184,0.0420171432,0.0,0.0
1464.5,-35.436287,22.11545923,299.489866,0.0,0.6926022553,0.0,1.97360363,0.0,0.02440825083,299.089011,0.0,0.000764201637,0.0,0.002311627298,0.0,-3.09858e-07,521.91125,0.0,0.001270832058,0.0224899924,0.0,22.11545923,9.21665754,0.02440825083,0.0,0.0
1465.0,-35.436287,30.56140446,299.335836,0.00049118786,0.9570161406,2.229659e-06,2.734179859,6.3739e-06,0.0448730079,298.7509,10.271906,0.001403857392,-1.0102788e-05,0.00427374951,-3.339871e-06,-3.09858e-07,521.91125,0.0,0.002336343386,0.0292762996,0.0,30.56140446,12.74302698,0.0448730079,0.0,0.0
1465.5,-35.436287,21.23873344,299.492029,0.0,0.665114903,0.0,1.899293072,0.0,0.04504521671,298.7509,0.0,0.001409244964,0.0,0.004262769258,0.0,-3.09858e-07,521.91125,0.0,0.002345309526,0.0335377429,0.0,21.23873344,8.86389528,0.04504521671,0.0,0.0
1466.0,-35.436287,21.523913825,299.334927,0.0,0.6731786935,0.0,1.9243977495,0.0,0.0344644797,298.7509,0.0,0.001078225356,0.0,0.003261527404,0.0,-3.09858e-07,521.91125,0.0,0.001794416377,-0.0781599951,0.0,21.523913825,8.976382938,0.0344644797,0.0,0.0
1466.5,-35.436287,29.7758559,299.30019,0.0,0.931948986,0.0,2.65507886,0.0,0.0316126664,298.7509,0.0,0.000989006016,0.0,0.00299162252,0.0,-3.09858e-07,521.91125,0.0,0.001645934755,-0.0104781545,0.0,29.7758559,12.40841177,0.0316126664,0.0,0.0
1467.0,-35.436287,28.48742495,299.019693,0.00033427295,0.89086725,1.017637e-06,2.540411161,2.909106e-06,0.03191715435,298.7509,0.0,0.000998531985,0.0,0.00302043302,0.0,-3.09858e-07,521.91125,0.0,0.001661788171,0.0683018233,0.0,28.48742495,11.872464447,0.03191715435,0.0,0.0
1467.5,-35.436287,30.68638205,299.363807,0.00010877781,0.9597989846,6.36829e-07,2.7327071975,1.820495e-06,0.032679854,298.7509,26.59615,0.001022393117,-4.4666952e-05,0.003212972469,-1.4766406e-05,-3.09858e-07,521.91125,0.0,0.0017014986,-0.0117621312,0.0,30.68638205,12.787911638,0.032679854,0.0,0.0
1468.0,-35.436287,24.13493827,299.353472,0.0,0.7552683848,0.0,2.155347225,0.0,0.03229360766,298.7509,14.329282,0.001010309402,-4.013996e-06,0.0030668336,-1.326983e-06,-3.09858e-07,521.91125,0.0,0.001681388483,0.0536889106,0.0,24.13493827,10.06158182,0.03229360766,0.0,0.0
1468.5,-35.436287,21.074467,299.340406,0.0,0.658858634,0.0,1.883471198,0.0,0.024478434,298.7509,11.169646,0.000765810738,-1.12915e-06,0.002319538928,-3.73284e-07,-3.09858e-07,521.91125,0.0,0.001274486166,-0.0157485474,0.0,21.074467,8.78353416,0.024478434,0.0,0.0
1469.0,-35.436287,29.6718955,299.992908,0.0,0.932136576,0.0,2.65673917,0.0,0.03223702866,298.7509,0.0,0.001008539309,0.0,0.003050731531,0.0,-3.09858e-07,1579.264615,0.0,0.001678442644,-0.0190547309,0.0,29.6718955,12.36551787,0.03223702866,0.0,0.0
1469.5,-35.436287,24.931671927,300.0,0.00014529668,0.7832515678,8.81229e-07,2.2390717702,2.519158e-06,0.029287358,298.7509,0.0,0.000916258458,0.0,0.002771591066,0.0,-3.09858e-07,4368.75847,0.0,0.001524865997,0.0011629482,0.0,24.931671927,10.391353198,0.029287358,0.0,0.0
1470.0,-35.436287,33.306531,300.0,0.0,1.046355513,0.0,2.98354008,0.0,0.02896680525,298.7509,0.0,0.000906229955,0.0,0.002741229573,0.0,-3.09858e-07,4554.4995,0.0,0.00150817628,0.0597658167,0.0,33.306531,13.87600721,0.02896680525,0.0,0.0
1470.5,-35.436287,24.71814827,300.0,1.013825e-06,0.7765435368,3.988e-09,2.2095872822,1.1401e-08,0.02692066091,298.7509,25.40252,0.000842216108,-1.95876e-07,0.002548126455,-6.4755e-08,-3.09858e-07,4554.4995,0.0,0.001401642389,0.0226252677,0.0,24.71814827,10.301122814,0.02692066091,0.0,0.0
1471.0,-35.436287,29.28314601,300.0,0.00119238617,0.919957176,4.882276e-06,2.624766115,1.3956904e-05,0.02689094783,298.7509,19.0336635,0.000841286529,-6.673047e-06,0.002562769063,-2.206036e-06,-3.09858e-07,4554.4995,0.0,0.00140009533,0.0798143955,0.0,29.28314601,12.20063487,0.02689094783,0.0,0.0
1471.5,-35.436287,31.835059757,300.0,0.0,1.00012789597,0.0,2.8482808377,0.0,0.04317000695,298.7509,0.0,0.001350578843,0.0,0.004085324137,0.0,-3.09858e-07,4554.4995,0.0,0.002247675522,0.0116063735,0.0,31.835059757,13.2720099794,0.04317000695,0.0,0.0
1472.0,-35.436287,24.53314825,300.0,0.000175136667,0.770731564,8.29967e-07,2.20328104,2.372618e-06,0.0307956076,298.7509,0.0,0.000963444255,0.0,0.00291432168,0.0,-3.09858e-07,4554.4995,0.0,0.00160339408,0.0568730754,0.0,24.53314825,10.22640547,0.0307956076,0.0,0.0
1472.5,-35.436287,22.10687676,300.0,0.0,0.6945080269,0.0,1.985381694,0.0,0.022357577076,298.7509,0.0,0.00069945947,0.0,0.002115797197,0.0,-3.09858e-07,4554.4995,0.0,0.001164062315,-0.0417426771,0.0,22.10687676,9.21188927,0.022357577076,0.0,0.0
1473.0,-35.436287,25.1267183,300.0,0.00012863411,0.7893791395,6.05627e-07,2.256291754,1.731299e-06,0.0342201212,298.7509,1.0530806,0.001070580564,-1.91347e-07,0.003238877934,-6.3257e-08,-3.09858e-07,4554.4995,0.0,0.001781693625,0.0948831752,0.0,25.1267183,10.47539376,0.0342201212,0.0,0.0
1473.5,-35.436287,23.419170642,300.0,0.0,0.7357349432,0.0,2.0997536447,0.0,0.0310037602,298.803892,0.0,0.000970066823,0.0,0.002934355065,0.0,-3.09858e-07,4554.4995,0.0,0.001614231713,0.0149127586,0.0,23.419170642,9.762992375,0.0310037602,0.0,0.0
1474.0,-35.436287,27.273075392,300.0,8.842567e-05,0.856808922,4.2047e-07,2.4493389064,1.201992e-06,0.02416847336,302.257156,0.0,0.000764507642,0.0,0.002312514973,0.0,-3.09858e-07,4554.4995,0.0,0.001258347832,-0.0074664689,0.0,27.273075392,11.362639763,0.02416847336,0.0,0.0
1474.5,-35.436287,20.06859744,300.0,0.00017847617,0.630473578,1.045114e-06,1.791971469,2.987654e-06,0.045249352,307.663512,23.983774,0.00145871084,-3.1831555e-05,0.004498223144,-1.0523165e-05,-3.09858e-07,4554.4995,0.0,0.00235593805,-0.0671552121,0.0,20.06859744,8.37711228,0.045249352,0.0,0.0
1475.0,-35.436287,19.76570173,300.0,0.0,0.620957827,0.0,1.775124662,0.0,0.0445801146,313.070565,0.0,0.001461796677,0.0,0.00442179344,0.0,-3.09858e-07,4554.4995,0.0,0.00232109372,-0.0171721416,0.0,19.76570173,8.25068447,0.0445801146,0.0,0.0
1475.5,-35.436287,15.511814503,300.0,0.0,0.4873180242,0.0,1.3930848037,0.0,0.0310504015,318.480562,0.0,0.001037137475,0.0,0.003137240465,0.0,-3.09858e-07,4554.4995,0.0,0.001616660082,-0.0602611874,0.0,15.511814503,6.472710782,0.0310504015,0.0,0.0
1476.0,-35.436287,19.17064993,300.0,0.0008084036,0.6022637262,3.74777e-06,1.717467197,1.0713704e-05,0.0335397192,323.888155,0.0,0.00113711483,0.0,0.00343966037,0.0,-3.09858e-07,4554.4995,0.0,0.001746268104,0.0147322482,0.0,19.17064993,7.996632436,0.0335397192,0.0,0.0
1476.5,-35.436287,20.70069559,300.0,0.02595101,0.6503315317,2.662787e-06,1.851152138,7.612076e-06,0.03471077492,329.241648,23.421817,0.001196515379,-1.9432488e-05,0.0036716996,-6.424168e-06,-3.09858e-07,4554.4995,0.0,0.001807239881,-0.0539068198,0.0,20.70069559,8.63397963,0.03471077492,0.0,0.0
1477.0,-35.436287,31.1557051,300.0,1.0891095e-05,0.978785352,5.1227e-08,2.79583823,1.46442e-07,0.0350797518,331.1964,0.0,0.001216664239,0.0,0.00368028861,0.0,-3.09858e-07,4554.4995,0.0,0.001826450942,0.01308198014,0.0,31.1557051,12.98460202,0.0350797518,0.0,0.0
1477.5,-35.436287,32.47455352,300.0,0.0007550217,1.020218147,3.433676e-06,2.9080580934,9.81581e-06,0.0310566301,331.1964,0.0,0.001077131055,0.0,0.00325821264,0.0,-3.09858e-07,4554.4995,0.0,0.001616984371,0.0258336675,0.0,32.47455352,13.531035,0.0310566301,0.0,0.0
1478.0,-35.436287,24.85516088,300.0,0.0,0.7808479112,0.0,2.232195711,0.0,0.0416631848,331.1964,0.0,0.001444996151,0.0,0.004370959436,0.0,-3.09858e-07,4554.4995,0.0,0.002169221777,-0.0268763324,0.0,24.85516088,10.366742945,0.0416631848,0.0,0.0
1478.5,-35.436287,28.742649,300.0,0.0,0.902976985,0.0,2.578846626,0.0,0.0361571967,331.1964,0.0,0.001254033054,0.0,0.003793328696,0.0,-3.09858e-07,4554.4995,0.0,0.001882548846,-0.0577866895,0.0,28.742649,11.98114093,0.0361571967,0.0,0.0
1479.0,-35.436287,22.357043647,300.0,0.0,0.7023672548,0.0,2.007848759,0.0,0.03647207475,331.1964,0.0,0.001264953896,0.0,0.00382636317,0.0,-3.09858e-07,4554.4995,0.0,0.001898943105,-0.0412478046,0.0,22.357043647,9.32422687,0.03647207475,0.0,0.0
1479.5,-35.436287,22.0877787,300.0,0.0088399224,0.6939080372,1.046245e-06,1.981905842,2.990889e-06,0.0439140622,331.1964,17.194572,0.001523062896,-6.340462e-06,0.0046241987,-2.096087e-06,-3.09858e-07,4554.4995,0.0,0.00228641518,-0.0121382154,0.0,22.0877787,9.216528936,0.0439140622,0.0,0.0
1480.0,-35.436287,24.23244199,300.0,0.0,0.761284616,0.0,2.176275072,0.0,0.03847936537,331.1964,0.0,0.001334572362,0.0,0.004036952157,0.0,-3.09858e-07,4554.4995,0.0,0.002003454083,-0.0420070922,0.0,24.23244199,10.10576604,0.03847936537,0.0,0.0
1480.5,-35.436287,29.34710751,300.0,0.0,0.92196656753,0.0,2.6243870669,0.0,0.0255108942,331.1964,0.0,0.000884789395,0.0,0.00267638946,0.0,-3.09858e-07,4554.4995,0.0,0.001328241886,0.0171838924,0.0,29.34710751,12.226443605,0.0255108942,0.0,0.0
1481.0,-35.436287,20.272829647,300.0,0.0,0.6368897233,0.0,1.818592456,0.0,0.02945842335,331.1964,0.0,0.001021700841,0.0,0.003090546059,0.0,-3.09858e-07,4554.4995,0.0,0.001533772692,-0.1132762989,0.0,20.272829647,8.452874732,0.02945842335,0.0,0.0
1481.5,-35.436287,29.27467602,300.0,0.0,0.919691102,0.0,2.617577769,0.0,0.03889100684,331.1964,0.0,0.001348849252,0.0,0.004080099164,0.0,-3.09858e-07,4554.4995,0.0,0.002024886464,-0.0222009295,0.0,29.27467602,12.20411739,0.03889100684,0.0,0.0
1482.0,-35.436287,24.68036394,300.0,0.0,0.775356497,0.0,2.216502185,0.0,0.0310194922,331.1964,0.0,0.00107584304,0.0,0.00325432104,0.0,-3.09858e-07,4554.4995,0.0,0.001615050734,-0.0297838569,0.0,24.68036394,10.28779354,0.0310194922,0.0,0.0
1482.5,-35.436287,24.58708739,300.0,0.0,0.7724261452,0.0,2.1973467728,0.0,0.0575085836,331.1964,0.0,0.001994559077,0.0,0.00603330632,0.0,-3.09858e-07,4554.4995,0.0,0.00299422314,0.0104263315,0.0,24.58708739,10.264447493,0.0575085836,0.0,0.0
1483.0,-35.436287,18.43461984,300.0,0.0,0.5791406436,0.0,1.655582375,0.0,0.05032039865,331.1964,0.0,0.001745252711,0.0,0.00527922038,0.0,-3.09858e-07,4554.4995,0.0,0.002619965521,-0.03794702316,0.0,18.43461984,7.700162994,0.05032039865,0.0,0.0
1483.5,-35.436287,30.1414506,300.0,7.692695e-06,0.946921601,3.5655e-08,2.70225637,1.01928e-07,0.03047228122,331.1964,30.08177,0.001056864269,-3.053068e-06,0.003205137394,-1.009311e-06,-3.09858e-07,4554.4995,0.0,0.001586559865,-0.07315038283,0.0,30.1414506,12.55987282,0.03047228122,0.0,0.0
1484.0,-35.436287,25.9442196,300.0,0.00023232822,0.815061704,1.1149e-06,2.315846091,3.187152e-06,0.03139639736,331.1964,50.081427,0.00108891519,-5.6413136e-05,0.003445857054,-1.8649568e-05,-3.09858e-07,4554.4995,0.0,0.001634674634,-0.0875245317,0.0,25.9442196,10.81391373,0.03139639736,0.0,0.0
1484.5,-35.436287,24.14006105,300.0,0.0,0.758382384,0.0,2.167978505,0.0,0.03712244732,331.1964,0.0,0.001287510659,0.0,0.00389453158,0.0,-3.09858e-07,4549.19628,0.0,0.00193280528,0.0471377477,0.0,24.14006105,10.06653295,0.03712244732,0.0,0.0
1485.0,-35.436287,26.29715648,299.96986,0.003172887,0.825987898,4.75879e-07,2.360376263,1.360389e-06,0.0388670599,331.1964,3.243248,0.001348018733,-4.46711e-07,0.00407881054,-1.47678e-07,-3.09858e-07,3139.02712,0.0,0.00202363967,0.1106734414,0.0,26.29715648,10.96513547,0.0388670599,0.0,0.0
1485.5,-35.436287,24.84229028,299.986832,0.00014825404,0.78038159,6.9788e-07,2.223950985,1.995021e-06,0.02195841111,331.175417,27.198096,0.000761593763,-2.781634e-05,0.002378693205,-9.195779e-06,-3.09858e-07,1865.764,0.0,0.001143279435,-0.0574381109,0.0,24.84229028,10.349882122,0.02195841111,0.0,0.0
1486.0,-35.436287,23.2588535,300.0,0.0,0.730698437,0.0,2.088838796,0.0,0.040176561,329.814641,0.0,0.00138755935,0.0,0.00419723268,0.0,-3.09858e-07,1865.764,0.0,0.00209181973,-0.0320149367,0.0,23.2588535,9.70163951,0.040176561,0.0,0.0
1486.5,-35.436287,32.1090127,299.992389,0.0,1.008698513,0.0,2.8776169,0.0,0.0459471727,327.682801,0.0,0.001577221038,0.0,0.004770940684,0.0,-3.09858e-07,1865.764,0.0,0.00239227057,-0.07505896,0.0,32.1090127,13.38762539,0.0459471727,0.0,0.0
1487.0,-35.436287,25.8753047,299.852576,0.0,0.812091282,0.0,2.318840532,0.0,0.0216030203,325.55062,0.0,0.000736597661,0.0,0.002228129524,0.0,-3.09858e-07,1865.764,0.0,0.001124775809,0.0564188601,0.0,25.8753047,10.77951896,0.0216030203,0.0,0.0
1487.5,-35.436287,28.17882108,299.875227,0.0,0.884550755,0.0,2.515302007,0.0,0.04375005656,323.418945,0.0,0.001482112133,0.0,0.004483243625,0.0,-3.09858e-07,1865.764,0.0,0.002277876188,-0.0639586557,0.0,28.17882108,11.75096052,0.04375005656,0.0,0.0
1488.0,-35.436287,16.28756603,299.93477,0.0,0.511337785,0.0,1.459335442,0.0,0.0385868777,321.287313,0.0,0.001298766879,0.0,0.00392858449,0.0,-3.09858e-07,1865.764,0.0,0.002009051796,0.0202448263,0.0,16.28756603,6.799906918,0.0385868777,0.0,0.0
1488.5,-35.436287,25.014688527,300.0,0.0,0.7858596343,0.0,2.2465274192,0.0,0.0341315023,319.176282,0.0,0.001141375469,0.0,0.00345255022,0.0,-3.09858e-07,1865.764,0.0,0.001777079677,-0.0416986899,0.0,25.014688527,10.428725916,0.0341315023,0.0,0.0
1489.0,-35.436287,37.81537605,299.822898,0.00018006207,1.187060989,1.054575e-06,3.38354674,3.0147e-06,0.04601770675,318.40573,25.314825,0.001534385335,-3.537531e-05,0.004736674711,-1.1694692e-05,-3.09858e-07,1865.764,0.0,0.00239594289,0.0102186244,0.0,37.81537605,15.76212634,0.04601770675,0.0,0.0
1489.5,-35.436287,21.13045482,299.874128,0.0,0.6631664435,0.0,1.895384139,0.0,0.03690206098,318.40573,1.650212,0.001230439066,-6.21466e-07,0.003723586305,-2.0545e-07,-3.09858e-07,1865.764,0.0,0.001921330688,0.0604018279,0.0,21.13045482,8.814085236,0.03690206098,0.0,0.0
1490.0,-35.436287,26.41679515,299.987228,0.0,0.8298517747,0.0,2.372287259,0.0,0.0450952014,318.40573,0.0,0.001503625918,0.0,0.00454825525,0.0,-3.09858e-07,1865.764,0.0,0.002347912062,0.04450307234,0.0,26.41679515,11.01855408,0.0450952014,0.0,0.0
1490.5,-35.4111287,37.0688958,299.893811,0.0,1.164039824,0.0,3.32581703,0.0,0.0265303037,318.40573,0.0,0.000884609692,0.0,0.0026758572,0.0,-3.09858e-07,1865.764,0.0,0.001381318136,-0.0099573637,0.0,37.0688958,15.44013185,0.0265303037,0.0,0.0
1491.0,-33.8044287,25.85302762,299.999194,0.0,0.8121966624,0.0,2.31532816,0.0,0.03620322186,318.40573,24.130264,0.001207137353,-2.0168479e-05,0.003705813942,-6.667479e-06,-3.09858e-07,1865.764,0.0,0.001884945113,-0.0758659026,0.0,25.85302762,10.77877447,0.03620322186,0.0,0.0
1491.5,-31.2938756,30.71138722,299.866259,0.0,0.963893498,0.0,2.755011133,0.0,0.03813057057,318.40573,0.0,0.001271401695,0.0,0.00384586704,0.0,-3.09858e-07,1865.764,0.050769755,0.001985293865,-0.0478328256,0.0,30.71138722,12.80149902,0.03813057057,-0.06609606,1.02527e-07
1492.0,-28.7833218,21.99077227,299.986554,0.0049197525,0.6907787516,1.290075e-06,1.962942998,3.687922e-06,0.03063640639,318.40573,14.997795,0.00102152097,-6.40663e-06,0.003107257007,-2.117962e-06,-3.09858e-07,1865.764,3.29308655,0.001595105129,0.0357524406,0.0,21.99077227,9.168411198,0.03063640639,-4.413465888,1.2183468e-05
1492.5,-26.2727682,22.145417808,299.792624,0.0006696744,0.6947036131,3.617619e-06,1.9856778935,1.0341644e-05,0.0234601805,318.40573,0.59448504,0.000782241461,-5.95177e-07,0.00236779324,-1.96759e-07,-3.09858e-07,1865.764,8.35937357,0.00122147019,-0.0225073696,0.0,22.145417808,9.228570119,0.0234601805,-6.9648791,1.88299e-05
1493.0,-23.7622148,19.93905399,300.0,0.0015087984,0.626403857,1.049058e-06,1.790693117,2.99893e-06,0.01846046857,318.40573,21.098763,0.000615534218,-1.7817938e-05,0.001909934984,-5.890416e-06,-3.09858e-07,1865.764,13.4256604,0.00096115673,-0.0290788734,0.0,19.93905399,8.30756663,0.01846046857,-3.9305978458,6.651797e-06
1493.5,-21.2516613,22.011419813,300.0,0.00427174875,0.6915091549,3.685225e-06,1.9768088026,1.0534908e-05,0.02845236086,318.40573,28.127814,0.000948697547,-1.1046642e-05,0.002899446826,-3.6519e-06,-3.09858e-07,1865.764,18.4919474,0.001481391349,-0.0706918216,0.0,22.011419813,9.175727157,0.02845236086,-21.69095874,7.1013393e-05
1494.0,-18.7411077,23.77798831,299.988577,0.0,0.7469509687,0.0,2.135299674,0.0,0.0172512443,318.40573,8.2781204,0.0005752146,-3.231292e-05,0.001827011874,-1.0682299e-05,-3.09858e-07,1865.764,23.5582344,0.000898197631,0.0446275697,0.0,23.77798831,9.904269371,0.0172512443,-1.74572538,5.113483e-06
1494.5,-16.23055405,20.002288053,300.0,0.0,0.62839041935,0.0,1.7963720912,0.0,0.01509098021,318.40573,0.0,0.00050318412,0.0,0.00152204642,0.0,-3.09858e-07,1865.764,28.5736572,0.000785722072,-0.1357308851,0.0,20.002288053,8.331911188,0.01509098021,-7.57303555,2.5896607e-05
1495.0,-13.7200008,5.28416373,300.0,0.01755376429,0.1660068973,7.826085e-06,0.474561918,2.2372334e-05,0.01412189221,318.40573,24.72302657,0.000470871464,-4.7941481e-05,0.001553501045,-1.5848931e-05,-3.09858e-07,1865.764,30.397722,0.000735265844,0.0786686687,0.0,5.28416373,2.207025207,0.01412189221,-4.7214358,6.398092e-06
1495.5,-11.25164215,18.49424233,299.990255,0.0,0.5809797616,0.0,1.651690678,0.0,0.00965195873,318.40573,0.0,0.000321828823,0.0,0.00097350015,0.0,-3.09858e-07,1865.764,30.397722,0.000502535745,-0.05986951335,0.0,18.49424233,7.70122655,0.00965195873,-0.09573646,1.16762e-07
1496.0,-11.43120475,23.43585247,300.0,0.003600567,0.73625903,1.6907051e-05,2.104734751,4.833198e-05,0.03833610905,318.40573,0.0,0.001278255062,0.0,0.003866176555,0.0,-3.09858e-07,1865.764,30.397722,0.001995995349,0.4466532942,0.0,23.43585247,9.77421547,0.03833610905,-67.09562463,0.000470632152
1496.5,-13.12420635,14.43181824,299.994656,0.0,0.453385046,0.0,1.293267235,0.0,0.01489261358,318.40573,5.0163555,0.000496569907,-1.5861342e-05,0.00154478886,-5.243587e-06,-3.09858e-07,1865.764,30.397722,0.000775393973,0.0618792603,0.0,14.43181824,6.013881664,0.01489261358,-5.1387196,8.547478e-06
1497.0,-14.81720805,17.93255605,300.0,0.010286462,0.5633678584,4.236421e-06,1.610492903,1.2110606e-05,0.02682040317,318.40573,15.18256,0.000894282589,-3.338868e-05,0.002795046196,-1.1037933e-05,-3.09858e-07,1865.764,30.397722,0.001396422324,-0.0306059976,0.0,17.93255605,7.47752899,0.02682040317,-45.4399829,0.000248345336
1497.5,-16.5102098,21.60946938,299.997205,0.00641313457,0.678879747,4.836759e-06,1.940705344,1.3826785e-05,0.02497873746,318.40573,48.961377,0.000832875306,-9.6169867e-05,0.002778380835,-3.1792708e-05,-3.09858e-07,1865.764,30.397722,0.00130053482,0.1813630232,0.0,21.60946938,9.00644461,0.02497873746,-55.071928,0.000265524885
1498.0,-18.2032109,16.372092603,299.997256,0.0,0.5143438866,0.0,1.467174647,0.0,0.02723313812,318.40573,10.760368,0.000908044559,-3.013509e-06,0.002754751455,-9.96233e-07,-3.09858e-07,1865.764,30.397722,0.001417911679,0.16046985741,0.0,16.372092603,6.828449655,0.02723313812,-45.5031178,0.000264125874
1498.5,-19.8962135,22.95446379,299.861572,0.01376444852,0.7202551864,9.427829e-06,2.058984725,2.6951223e-05,0.036451780893,318.40573,27.10937,0.001215425174,-7.101025e-06,0.003695661511,-2.34753e-06,-3.09858e-07,1865.764,30.397722,0.001897886573,-0.4176357114,0.0,22.95446379,9.57280579,0.036451780893,-66.06726422,0.000321333785
1499.0,-21.5892148,19.957571443,300.0,0.0,0.6269855843,0.0,1.7923561275,0.0,0.02659088937,318.40573,0.0,0.000886629904,0.0,0.002681966752,0.0,-3.09858e-07,1865.764,30.397722,0.001384472597,-0.2214412184,0.0,19.957571443,8.320019083,0.02659088937,-42.04683802,0.000236468284
1499.5,-23.282217,28.0321438,299.931102,0.0,0.880328876,0.0,2.50581487,0.0,0.030009845935,318.40573,22.154845,0.001000629361,-7.0498546e-05,0.003216548368,-2.3306049e-05,-3.09858e-07,1865.764,30.397722,0.0015624829,0.2131534405,0.0,28.0321438,11.68190433,0.030009845935,-53.9344501,0.0002095419
1500.0,-24.9752185,19.2949182,300.0,0.0,0.606167722,0.0,1.732844366,0.0,0.01379017083,318.40573,0.0,0.000459810756,0.0,0.001390880041,0.0,-3.09858e-07,1865.764,30.397722,0.000717994545,0.0074572676,0.0,19.2949182,8.03680998,0.01379017083,-2.0533458,2.587848e-06
1500.5,-26.6512842,24.26055629,300.0,0.0086309716,0.762167862,5.128622e-06,2.17880002,1.466113e-05,0.05976795127,318.40573,31.840573,0.001992864786,-6.972233e-05,0.006215548826,-2.3049444e-05,-3.09858e-07,1792.71222,30.397722,0.003111858651,-0.0009065302,0.0,24.26055629,10.12989452,0.05976795127,-163.974827,0.00108653556
1501.0,-27.26077,35.19810903,299.623647,0.00241151254,1.103808659,1.2663118e-05,3.145825584,3.6199905e-05,0.02055142432,318.40573,47.717852,0.000685253718,-7.6657695e-05,0.002279257743,-2.5342197e-05,-3.09858e-07,1616.6386,30.397722,0.001070023776,-0.0377668213,0.0,35.19810903,14.65819255,0.02055142432,-23.7477977,7.016519e-05
1501.5,-27.26077,30.2530846,300.0,0.0006271136,0.950428681,3.46853e-06,2.716979027,9.915446e-06,0.03071138184,318.40573,0.0,0.001024020922,0.0,0.003097353528,0.0,-3.09858e-07,1450.83627,30.397722,0.001599008775,0.1690772913,0.0,30.2530846,12.60646403,0.03071138184,-47.3413005,0.000186192263
1502.0,-27.26077,25.330678013,299.719193,0.0034820791,0.7945263527,1.5188389e-05,2.2568079971,4.3418866e-05,0.00593934975,318.40573,73.6100467,0.00019803791,-0.000448904581,0.001808433036,-0.000148403745,-3.09858e-07,1414.2887,30.397722,0.000309236252,-0.2704669704,0.0,25.330678013,10.543749858,0.00593934975,6.531809,0.000205137534
1502.5,-27.26077,26.25845318,299.98714,0.0,0.82492694,0.0,2.358208606,0.0,0.03951965893,318.40573,0.0,0.001317718583,0.0,0.003985552573,0.0,-3.09858e-07,1414.2887,30.397722,0.0020576177,0.2130971773,0.0,26.25845318,10.94941151,0.03951965893,-84.7183762,0.000482918917
1503.0,-27.26077,20.866584941,299.959029,0.0062339129,0.6554326485,1.6258471e-05,1.8564836116,4.6477896e-05,0.0184605805,318.40573,87.4201325,0.000615537968,-0.000296225441,0.002660060663,-9.7930729e-05,-3.09858e-07,1414.2887,30.397722,0.00096116255,-0.4173951813,0.0,20.866584941,8.69351894,0.0184605805,-39.5345934,0.000394059713
1503.5,-27.26077,27.8342079,299.996576,0.001230842,0.874436775,6.594926e-06,2.486284935,1.8852834e-05,0.04519891866,318.475994,0.0,0.00150710451,0.0,0.004558449313,0.0,-3.09858e-07,1414.2887,30.397722,0.002353312167,0.3373040587,0.0,27.8342079,11.60841075,0.04519891866,-93.2304674,0.000617849413
1504.0,-27.26077,17.43603189,299.713403,0.00117633469,0.54639986,5.694843e-06,1.5587769846,1.627978e-05,0.009872850555,323.053785,33.2919762,0.000334204717,-3.9110655e-05,0.001116303647,-1.2929556e-05,-3.09858e-07,1414.2887,30.397722,0.000514036618,-0.0021386876,0.0,17.43603189,7.26102633,0.009872850555,-0.8780908,1.082297e-06
1504.5,-27.26077,21.63032706,299.799376,0.0074306525,0.6784300528,1.848063e-06,1.928938406,5.283036e-06,0.01892351938,330.225355,0.0,0.000653924334,0.0,0.00197798832,0.0,-3.09858e-07,1414.2887,30.397722,0.000985265773,-0.0355334025,0.0,21.63032706,9.01158832,0.01892351938,-23.21925027,8.2932783e-05
1505.0,-27.26077,26.9016123,299.856934,0.0247730626,0.8444457093,1.5622034e-05,2.4140067546,4.4658521e-05,0.03851851826,337.396307,56.084378,0.0013589835,-4.7330971e-05,0.00423806088,-1.5647123e-05,-3.09858e-07,1414.2887,30.397722,0.00200549256,0.0415605825,0.0,26.9016123,11.216450025,0.03851851826,-93.4869794,0.000587445548
1505.5,-27.256543,24.38728473,299.8459,0.0008863256,0.7652636393,5.096563e-06,2.187649891,1.4569484e-05,0.0258371393,344.564365,34.707205,0.000933806294,-0.00013037627,0.003175593617,-4.3100974e-05,-3.09858e-07,1414.2887,30.397722,0.001345228078,0.3673028462,0.0,24.38728473,10.16281522,0.0258371393,-44.1043711,0.000313501505
1506.0,-26.9865261,20.37323068,299.981354,0.01578351,0.6400300852,4.084307e-06,1.829646201,1.1675761e-05,0.01299714426,351.734295,25.92558,0.000477765214,-3.7613805e-05,0.001546536355,-1.2434713e-05,-3.09858e-07,1414.2887,30.397722,0.000676705074,-0.0530068734,0.0,20.37323068,8.485040395,0.01299714426,-4.10539767,5.767258e-06
1506.5,-26.5646104,25.136771317,299.735223,0.00535898027,0.7886225009,5.189609e-06,2.252278811,1.4835471e-05,0.01170712981,358.834474,43.5902925,0.000439462606,-7.6811296e-05,0.001536273896,-2.5392975e-05,-3.09858e-07,1357.49054,30.397722,0.000609539607,-0.0283131337,0.0,25.136771317,10.466431841,0.01170712981,-2.777474581,4.656587e-06
1507.0,-26.1426956,15.02774964,299.980418,0.0,0.4720800584,0.0,1.347780146,0.0,0.04731027224,361.4259,0.0,0.001790619713,0.0,0.00541629533,0.0,-3.09858e-07,1321.9272,30.397722,0.002463241236,0.0013250577,0.0,15.02774964,6.280781816,0.04731027224,-102.99931116,0.000765484595
1507.5,-25.7207804,23.142215297,299.79746,0.004379073,0.7261267104,2.899756e-06,2.0757695749,8.289498e-06,0.02959313577,361.4259,36.14259,0.001120053821,-0.00010662865,0.003675296218,-3.5250268e-05,-3.09858e-07,1321.9272,30.397722,0.001540786541,-0.429147285,0.0,23.142215297,9.646925878,0.02959313577,-54.2746237,0.000408779695
1508.0,-25.2988654,29.4566616,299.871044,0.00447182726,0.924807491,2.076379e-05,2.64373596,5.935719e-05,0.022254554356,361.4259,29.027063,0.000842300049,-0.00025881215,0.003245178348,-8.556047e-05,-3.09858e-07,1321.9272,30.397722,0.001158698367,-0.0302065391,0.0,29.4566616,12.27012875,0.022254554356,-30.2849227,0.000306156824
1508.5,-24.8769494,25.83248545,299.747452,0.00141679325,0.810018321,8.379615e-06,2.311271173,2.3954705e-05,0.01983621925,361.4259,32.400304,0.000750769795,-0.00010584994,0.00255617953,-3.4992831e-05,-3.09858e-07,1321.9272,30.397722,0.001032786065,-0.0762066554,0.0,25.83248545,10.76067007,0.01983621925,-16.60777762,8.3539066e-05
1509.0,-24.4550345,18.33985744,300.0,0.02563331,0.5761636014,7.793205e-06,1.64707191,2.2278342e-05,0.01358570118,361.4259,4.250706,0.000514197498,-6.639632e-06,0.001573286904,-2.195028e-06,-3.09858e-07,1321.9272,30.397722,0.000707348698,-0.0341432092,0.0,18.33985744,7.63928269,0.01358570118,-3.652234733,5.428521e-06
1509.5,-24.0331189,18.66147252,299.786002,0.022222048,0.585100598,1.635135e-05,1.672619958,4.6743406e-05,0.01806897705,361.4259,58.635531,0.000683882494,-5.411999e-05,0.002214482125,-1.7891504e-05,-3.09858e-07,1321.9272,30.3468204,0.000940773508,-0.0483161691,0.0,18.66147252,7.77572671,0.01806897705,-14.57447743,3.9115675e-05
1510.0,-23.6112041,27.3389305,299.678052,6.202959e-05,0.8574255957,3.04149e-07,2.449755867,8.69468e-07,0.03345494005,361.4259,0.2852876,0.001266217064,-5.0742e-08,0.003830081864,-1.6775e-08,-3.09858e-07,1321.9272,27.1046352,0.001741854007,0.0999995563,0.0,27.3389305,11.39546475,0.03345494005,-58.7751862,0.000246395104
1510.5,-23.1935091,21.097974185,300.0,0.0,0.6628123989,0.0,1.8947738136,0.0,0.01496168898,361.4259,0.0,0.000566276518,0.0,0.001712931576,0.0,-3.09858e-07,1321.9272,22.0383484,0.000778990445,-0.0398673946,0.0,21.097974185,8.787758973,0.01496168898,-1.75804054,2.168785e-06
1511.0,-23.041618,20.46981817,299.760458,0.0053025376,0.641763899,3.634265e-06,1.834602655,1.0389229e-05,0.02241418723,361.4259,0.0,0.000848341908,0.0,0.00256614345,0.0,-3.09858e-07,1321.9272,16.9720613,0.0011670098,-0.1323029554,0.0,20.46981817,8.53072975,0.02241418723,-13.32312374,3.4456194e-05
1511.5,-23.041618,29.64469275,299.623772,0.00014059899,0.929638391,5.27348e-07,2.65754599,1.507524e-06,0.024797908018,361.4259,36.14259,0.00093856199,-4.9287174e-05,0.002971853849,-1.6293801e-05,-3.09858e-07,1230.60857,11.9057744,0.001291119853,-0.1475631886,0.0,29.64469275,12.34985488,0.024797908018,-12.28570988,3.4114226e-05
1512.0,-23.041618,27.9044948,299.823218,0.00068369335,0.875779985,3.513203e-06,2.490647495,1.0043153e-05,0.02778847594,361.4259,4.9208474,0.001051750276,-4.176174e-06,0.003192607429,-1.380597e-06,-3.09858e-07,1025.142396,6.83948752,0.00144682572,-0.0016375451,0.0,27.9044948,11.62749193,0.02778847594,-8.9172339,3.4635547e-05
1512.5,-23.041618,28.50664908,299.653813,0.00057174736,0.8938297096,2.807779e-06,2.55518021,8.026564e-06,0.0344582497,361.4259,0.0,0.001304190759,0.0,0.00394495809,0.0,-3.09858e-07,819.542747,1.82410300605,0.001794091972,0.1660259884,0.0,28.50664908,11.88194674,0.0344582497,-2.2334843113,5.439541e-06
1513.0,-23.041618,24.05585675,299.98152,0.0,0.755689873,0.0,2.155944024,0.0,0.03431245007,361.4259,0.0,0.001298672481,0.0,0.00392835843,0.0,-3.09858e-07,613.94311,0.0,0.00178650085,-0.0477670863,0.0,24.05585675,10.02985447,0.03431245007,0.0,0.0
1513.5,-23.041618,30.41128995,299.606775,0.0,0.953296622,0.0,2.72517759,0.0,0.044656999,361.4259,0.0,0.001690197452,0.0,0.00511268373,0.0,-3.09858e-07,503.6092,0.0,0.00232509673,-0.027872181,0.0,30.41128995,12.68043695,0.044656999,0.0,0.0
1514.0,-23.041618,32.62308284,299.444279,0.00094627419,1.022614339,1.013457e-06,2.92333519,2.897156e-06,0.05909298893,361.4259,36.14259,0.002236577037,-8.754493e-06,0.00678901514,-2.89414e-06,-3.09858e-07,503.6092,0.0,0.003076716293,0.0117946557,0.0,32.62308284,13.60920957,0.05909298893,0.0,0.0
1514.5,-23.041618,23.036478968,299.776851,0.0,0.7228018373,0.0,2.0662647644,0.0,0.04802230395,361.4259,0.0,0.001817568974,0.0,0.0054979702,0.0,-3.09858e-07,503.6092,0.0,0.0025003136,-0.0308591489,0.0,23.036478968,9.613689283,0.04802230395,0.0,0.0
1515.0,-23.041618,28.30459093,299.309112,0.00035408011,0.8857240049,1.739533e-06,2.5266510058,4.972783e-06,0.040245506625,361.4259,21.24306,0.001523229359,-2.1446451e-05,0.004665403955,-7.089963e-06,-3.09858e-07,503.6092,0.0,0.00209540943,-0.0048468568,0.0,28.30459093,11.801248197,0.040245506625,0.0,0.0
1515.5,-23.041618,25.035889876,299.513282,0.0008471817,0.7839469005,5.181537e-06,2.237693646,1.4812396e-05,0.05183322956,361.477884,9.0168976,0.00196198021,-1.489406e-05,0.00597492063,-4.923814e-06,-3.09858e-07,503.6092,0.0,0.00269873202,0.0566821182,0.0,25.035889876,10.447883577,0.05183322956,0.0,0.0
1516.0,-23.041618,28.32564898,299.099525,0.0026819324,0.88520322,1.011587e-06,2.530519723,2.891813e-06,0.0331879967,364.864535,21.220883,0.001268587856,-6.64784e-06,0.003855264356,-2.197703e-06,-3.09858e-07,503.6092,0.0,0.00172795541,0.0121762939,0.0,28.32564898,11.80588948,0.0331879967,0.0,0.0
1516.5,-23.041618,21.68301461,299.662708,0.0,0.6795261226,0.0,1.942553122,0.0,0.04743003671,370.168139,0.0,0.001837980532,0.0,0.005559704121,0.0,-3.09858e-07,503.6092,0.0,0.002469476843,0.0156175372,0.0,21.68301461,9.05015639,0.04743003671,0.0,0.0
1517.0,-23.041618,26.26346742,299.330234,0.0,0.821212691,0.0,2.34759075,0.0,0.0478506537,375.474498,0.0,0.001881198987,0.0,0.00569044486,0.0,-3.09858e-07,503.6092,0.0,0.00249137654,-0.0278651026,0.0,26.26346742,10.95636219,0.0478506537,0.0,0.0
1517.5,-23.041618,35.3600637,299.544961,0.00060619465,1.108478848,3.708983e-06,3.15814513,1.0602825e-05,0.05924896067,380.778673,18.814621,0.002363330522,-3.154394e-05,0.007233826646,-1.0428082e-05,-3.09858e-07,503.6092,0.0,0.00308483704,0.0615643085,0.0,35.3600637,14.7481785,0.05924896067,0.0,0.0
1518.0,-23.041618,25.76722807,299.570105,0.0,0.807209952,0.0,2.304013877,0.0,0.0528617179,386.081533,0.0,0.00213531218,0.0,0.00645911259,0.0,-3.09858e-07,503.6092,0.0,0.00275228096,-0.0257193581,0.0,25.76722807,10.7527993,0.0528617179,0.0,0.0
1518.5,-23.041618,21.00820378,299.486358,0.0,0.6574486058,0.0,1.879440301,0.0,0.0398042134,391.276921,0.0,0.00163041104,0.0,0.0049318355,0.0,-3.09858e-07,503.6092,0.0,0.00207243318,-0.0247020146,0.0,21.00820378,8.76491012,0.0398042134,0.0,0.0
1519.0,-23.041618,41.18048283,299.009833,0.0,1.285147572,0.0,3.673835884,0.0,0.0558840034,389.386232,0.0,0.002280318038,0.0,0.00689774149,0.0,-3.09858e-07,503.6092,0.0,0.00290963837,-0.0273909099,0.0,41.18048283,17.16813302,0.0558840034,0.0,0.0
1519.5,-23.041618,32.383985534,299.025673,0.0,1.0113154224,0.0,2.881325201,0.0,0.06957293845,383.419552,0.0,0.002794425893,0.0,0.00845286562,0.0,-3.09858e-07,503.6092,0.0,0.003622361876,-0.0335864009,0.0,32.383985534,13.515838622,0.06957293845,0.0,0.0
1520.0,-23.041618,21.67122921,299.73085,0.0,0.6795307496,0.0,1.930167004,0.0,0.031874327,377.454765,0.0,0.001261407898,0.0,0.003815619597,0.0,-3.09858e-07,503.6092,0.0,0.001659558349,-0.0018416822,0.0,21.67122921,9.03616958,0.031874327,0.0,0.0
1520.5,-23.0376731,20.90553789,299.655584,0.0,0.65504984,0.0,1.872173124,0.0,0.04385216315,371.489383,0.0,0.00170676372,0.0,0.00516279507,0.0,-3.09858e-07,503.6092,0.0,0.00228319244,-0.0480019211,0.0,20.90553789,8.72455372,0.04385216315,0.0,0.0
1521.0,-22.7862598,19.708963829,299.527072,0.0,0.6168011465,0.0,1.763241965,0.0,0.0491589865,365.525297,0.0,0.001881731447,0.0,0.00569204601,0.0,-3.09858e-07,503.6092,0.0,0.00255949578,-0.0044944907,0.0,19.708963829,8.229749015,0.0491589865,0.0,0.0
1521.5,-22.3934007,28.34961495,299.055391,0.0,0.885829139,0.0,2.532309083,0.0,0.04513632635,359.619043,0.0,0.00169870314,0.0,0.00513840571,0.0,-3.09858e-07,503.6092,0.0,0.002350053262,-0.0034071446,0.0,28.34961495,11.82283902,0.04513632635,0.0,0.0
1522.0,-22.0005414,31.23766502,299.549258,0.0,0.9785347693,0.0,2.797325511,0.0,0.039400239,357.4613,0.0,0.001474879364,0.0,0.004461367416,0.0,-3.09858e-07,503.6092,0.0,0.002051399976,-0.0172401001,0.0,31.23766502,13.02122856,0.039400239,0.0,0.0
1522.5,-21.6076822,23.005879595,299.990012,0.0,0.722745236,0.0,2.055595904,0.0,0.03191143855,357.4613,0.0,0.001194549147,0.0,0.00361339556,0.0,-3.09858e-07,503.6092,0.0,0.001661490587,-0.0629391237,0.0,23.005879595,9.591548856,0.03191143855,0.0,0.0
1523.0,-21.214823,33.2767894,299.263941,0.0,1.042335812,0.0,2.97677082,0.0,0.04054793505,357.4613,0.0,0.001517841352,0.0,0.00459131896,0.0,-3.09858e-07,503.6092,0.0,0.002111155585,0.0240631149,0.0,33.2767894,13.87039355,0.04054793505,0.0,0.0
1523.5,-20.8219642,22.06584818,299.991473,0.0,0.693213666,0.0,1.976631168,0.0,0.03895915401,357.4613,14.502281,0.001458368142,-1.332952e-05,0.004447316078,-4.406594e-06,-3.09858e-07,503.6092,0.0,0.002028434627,0.0309865431,0.0,22.06584818,9.20451042,0.03895915401,0.0,0.0
1524.0,-20.4291047,23.04113018,299.542786,0.0,0.7213589904,0.0,2.0550273826,0.0,0.04934373083,357.4613,0.0,0.001847096705,0.0,0.005587286023,0.0,-3.09858e-07,503.6092,0.0,0.002569114597,-0.0331376673,0.0,23.04113018,9.61639586,0.04934373083,0.0,0.0
1524.5,-20.0362456,21.85655406,299.7932,0.0,0.685510634,0.0,1.949507353,0.0,0.05739406333,357.413894,0.0,0.002147942453,0.0,0.006497318016,0.0,-3.09858e-07,503.6092,0.0,0.002988260517,-0.0507671336,0.0,21.85655406,9.12818562,0.05739406333,0.0,0.0
1525.0,-19.6433866,24.80865974,299.200519,0.0,0.7756634098,0.0,2.2173795786,0.0,0.0512800811,354.324798,0.0,0.001903265884,0.0,0.00575717256,0.0,-3.09858e-07,503.6092,0.0,0.00266993197,0.0269020132,0.0,24.80865974,10.35300872,0.0512800811,0.0,0.0
1525.5,-19.2715164,26.19697234,299.974356,0.0,0.82291569,0.0,2.34447755,0.0,0.03846012853,349.488186,0.0,0.001406543906,0.0,0.00425465914,0.0,-3.09858e-07,810.744924,0.0,0.002002452536,-0.0467393488,0.0,26.19697234,10.92321004,0.03846012853,0.0,0.0
1526.0,-20.2201937,26.15859854,300.0,0.0,0.82179659,0.0,2.349260006,0.0,0.0449893488,344.651847,0.0,0.00162416553,0.0,0.00491294355,0.0,-3.09858e-07,2804.79502,0.0,0.00234240077,-0.0241578433,0.0,26.15859854,10.91105502,0.0449893488,0.0,0.0
1526.5,-21.9235284,20.91974269,300.0,0.0,0.6572130905,0.0,1.878767095,0.0,0.0490565115,339.814615,0.0,0.001745870533,0.0,0.00528108942,0.0,-3.09858e-07,3864.56,0.0,0.00255416034,-0.0265656037,0.0,20.91974269,8.73350314,0.0490565115,0.0,0.0
1527.0,-23.6268624,23.41867745,300.0,0.0,0.735719456,0.0,2.090446385,0.0,0.02867065646,334.977444,0.0,0.00100526748,0.0,0.003040828725,0.0,-3.09858e-07,3864.56,0.0,0.001492757027,0.0316366472,0.0,23.41867745,9.76142523,0.02867065646,0.0,0.0
1527.5,-25.3301966,35.0591711,300.0,0.0,1.101416323,0.0,3.14860551,0.0,0.046921374,330.187982,0.0,0.001620579045,0.0,0.00490209463,0.0,-3.09858e-07,3864.56,0.0,0.002442992987,-0.0305618924,0.0,35.0591711,14.61577645,0.046921374,0.0,0.0
1528.0,-27.0335308,29.79625428,300.0,0.0140533459,0.936076932,9.357068e-06,2.675951772,2.6748937e-05,0.0271612091,328.43796,1.473175,0.000934181062,-1.146646e-06,0.00282887583,-3.79069e-07,-3.09858e-07,3864.56,0.0,0.001414166644,0.2736573199,0.0,29.79625428,12.41430045,0.0271612091,0.0,0.0
1528.5,-28.736865,25.7247004,300.0,0.0,0.808165298,0.0,2.308943156,0.0,0.03506522319,328.43796,0.0,0.001206031268,0.0,0.003648117238,0.0,-3.09858e-07,3864.56,0.0,0.00182569452,0.0249365194,0.0,25.7247004,10.72471207,0.03506522319,0.0,0.0
1529.0,-30.4401992,16.684285967,300.0,0.0008978255,0.5241523044,4.310533e-06,1.498000654,1.232247e-05,0.03079983848,328.43796,1.4560296,0.00105932784,-1.729096e-06,0.003209022396,-5.7162e-07,-3.09858e-07,3864.56,0.0,0.001603614327,0.0502174203,0.0,16.684285967,6.96043851,0.03079983848,0.0,0.0
1529.5,-32.1435331,33.36607043,300.0,0.0,1.048226043,0.0,2.97806981,0.0,0.0324854989,328.43796,0.0,0.001117304391,0.0,0.00337972938,0.0,-3.09858e-07,3864.56,0.0,0.0016913794,-0.1039415431,0.0,33.36607043,13.90283637,0.0324854989,0.0,0.0
1530.0,-33.8468676,22.29253196,300.0,0.0,0.700340542,0.0,2.002055025,0.0,0.03602310539,328.43796,0.0,0.001238976621,0.0,0.003747773653,0.0,-3.09858e-07,3864.56,0.0,0.001875567274,0.0192950973,0.0,22.29253196,9.29712061,0.03602310539,0.0,0.0
1530.5,-35.533104,22.778268376,300.0,0.0,0.7156003762,0.0,2.045672475,0.0,0.02869329345,328.43796,0.0,0.00098687547,0.0,0.002985171846,0.0,-3.09858e-07,3864.56,0.0,0.001493935624,0.0682261964,0.0,22.778268376,9.494959223,0.02869329345,0.0,0.0
1531.0,-36.14637,34.2229987,300.0,0.0,1.075147234,0.0,3.072209643,0.0,0.035576414057,328.43796,0.0,0.001223613131,0.0,0.003701264179,0.0,-3.09858e-07,3864.56,0.0,0.001852309958,0.1217773857,0.0,34.2229987,14.26121527,0.035576414057,0.0,0.0
1531.5,-36.14637,27.8420536,300.0,0.0,0.874683907,0.0,2.500448241,0.0,0.03566234819,328.43796,0.0,0.001226568737,0.0,0.003710249659,0.0,-3.09858e-07,3864.56,0.0,0.001856784211,0.0010664298,0.0,27.8420536,11.60610698,0.03566234819,0.0,0.0
1532.0,-36.14637,19.18658851,300.0,0.0,0.6027644546,0.0,1.723115454,0.0,0.0215852472,328.43796,0.0,0.000742401767,0.0,0.002245693434,0.0,-3.09858e-07,3864.56,0.0,0.001123850468,-0.0433203024,0.0,19.18658851,7.996284475,0.0215852472,0.0,0.0
1532.5,-36.14637,32.51784592,300.0,0.0,1.021578225,0.0,2.917753965,0.0,0.04184402006,328.43796,0.0,0.001439180817,0.0,0.004353382717,0.0,-3.09858e-07,3864.56,0.0,0.00217863712,-0.0474834542,0.0,32.51784592,13.55534801,0.04184402006,0.0,0.0
1533.0,-36.14637,39.8720621,300.0,0.0,1.252617737,0.0,3.58050151,0.0,0.0501765767,328.43796,0.0,0.00172577028,0.0,0.005220267606,0.0,-3.09858e-07,3864.56,0.0,0.002612477312,0.0246925374,0.0,39.8720621,16.620357,0.0501765767,0.0,0.0
1533.5,-36.14637,22.28726156,300.0,0.0,0.700174962,0.0,1.9870737296,0.0,0.04477937931,328.43796,0.0,0.001540139408,0.0,0.004658766394,0.0,-3.09858e-07,3864.56,0.0,0.002331468571,-0.0930090041,0.0,22.28726156,9.300040254,0.04477937931,0.0,0.0
1534.0,-36.14637,31.3994405,300.0,0.0,0.986442498,0.0,2.819931294,0.0,0.0573214659,328.43796,0.0,0.00197151118,0.0,0.00596363033,0.0,-3.09858e-07,3864.56,0.0,0.0029844807,-0.0240205769,0.0,31.3994405,13.09900858,0.0573214659,0.0,0.0
1534.5,-36.14637,25.0270695,300.0,0.00071163685,0.786248571,3.291763e-06,2.237667996,9.410123e-06,0.0403286746,328.43796,0.0,0.001387062119,0.0,0.00419572668,0.0,-3.09858e-07,3864.56,0.0,0.002099739598,-0.0054653436,0.0,25.0270695,10.43749571,0.0403286746,0.0,0.0
1535.0,-36.14637,18.558735547,300.0,0.00013692565,0.58303987599,7.98035e-07,1.64462801465,2.281332e-06,0.01595586467,328.43796,44.859275,0.000548785092,-6.2340309e-05,0.001827968507,-2.0609026e-05,-3.09858e-07,3864.56,0.0,0.00083075287,-0.055196424204,0.0,18.558735547,7.7317432743,0.01595586467,0.0,0.0
1535.5,-36.14637,30.50890282,300.0,0.0,0.9584654185,0.0,2.738605268,0.0,0.0350065397,328.43796,0.0,0.001204012909,0.0,0.00364199612,0.0,-3.09858e-07,3864.56,0.0,0.001822639086,0.0407857129,0.0,30.50890282,12.715419686,0.0350065397,0.0,0.0
1536.0,-36.14637,17.603454205,300.0,0.0,0.5530288208,0.0,1.58093678,0.0,0.03249586493,328.43796,0.0,0.001117660898,0.0,0.003380814336,0.0,-3.09858e-07,3864.56,0.0,0.001691919131,0.0085179002,0.0,17.603454205,7.343901346,0.03249586493,0.0,0.0
1536.5,-36.14637,34.4036883,300.0,2.0042297e-05,1.080823739,1.01653e-07,3.08973776,2.90593e-07,0.0425174346,328.448626,0.0,0.001462394927,0.0,0.00442359663,0.0,-3.09858e-07,3864.56,0.007524034512,0.00221369888,0.0650890193,0.0,34.4036883,14.34045425,0.0425174346,-0.018289822,3.6198e-08
1537.0,-36.14637,27.83769752,300.0,6.857341e-05,0.8745470732,3.99927e-07,2.488592334,1.143268e-06,0.030147813,329.137589,30.694318,0.00103900076,-4.6803468e-05,0.003268975814,-1.5472717e-05,-3.09858e-07,3892.94184,0.488506366,0.001569666158,0.0021629772,0.0,27.83769752,11.60107465,0.030147813,-0.676742699,1.56237e-06
1537.5,-36.14637,29.20903137,300.0,0.0014716714,0.917628783,7.353379e-06,2.623214302,2.1021014e-05,0.02128695887,330.217249,32.732446,0.000736111002,-1.0649146e-05,0.002255356649,-3.520507e-06,-3.09858e-07,4034.09417,1.240054615,0.001108319832,0.044766025,0.0,29.20903137,12.16652309,0.02128695887,-0.78182346,1.42447e-06
1538.0,-36.14637,25.49070566,300.0,0.00067526517,0.800814112,3.054017e-06,2.277745613,8.73048e-06,0.0186059239,331.296535,10.5126076,0.00064567361,-1.2254654e-05,0.001986116056,-4.051255e-06,-3.09858e-07,4186.88312,1.99160284,0.000968729946,-0.0586716523,0.0,25.49070566,10.61773452,0.0186059239,-0.56862809,8.58036e-07
1538.5,-36.14637,22.8312567547,300.0,0.0,0.71726509272,0.0,2.0477139911,0.0,0.03439300233,332.376121,11.308506,0.001197053153,-4.533596e-06,0.003633182762,-1.498757e-06,-3.09858e-07,4331.08346,2.74315113,0.001790694859,-0.0405449206,0.0,22.8312567547,9.520336467,0.03439300233,-4.3070848,1.0267975e-05
1539.0,-36.14637,25.17794529,300.0,0.0,0.7909885014,0.0,2.259707497,0.0,0.0381055884,333.455253,0.0,0.001330186764,0.0,0.004023651425,0.0,-3.09858e-07,4364.5195,3.49469935,0.001983993105,0.026098389,0.0,25.17794529,10.49897846,0.0381055884,-6.82684897,1.7811627e-05
1539.5,-36.14637,26.64020403,300.0,0.00048054109,0.836926694,2.238901e-06,2.37793832,6.400319e-06,0.0254406001,334.52399,67.2225394,0.000891213186,-4.8982564e-05,0.002827801548,-1.6193101e-05,-3.09858e-07,4364.5195,4.23869467,0.001324582011,-0.0642801623,0.0,26.64020403,11.10004029,0.0254406001,-4.4404501417,9.478311e-06
1540.0,-36.14637,29.6357303,300.0,0.0,0.93103392,0.0,2.661535347,0.0,0.0576123913,334.91437,0.0,0.00202059043,0.0,0.00611183785,0.0,-3.09858e-07,4364.5195,4.5092893,0.00299962803,0.1318150797,0.0,29.6357303,12.36528542,0.0576123913,-16.99151385,5.4536926e-05
1540.5,-36.14637,26.813621155,300.0,0.00058717593,0.8423747777,2.714632e-06,2.40765567,7.760286e-06,0.03762848355,334.91437,1.7758305,0.001319711832,-1.31437e-06,0.00399543462,-4.34516e-07,-3.09858e-07,4364.5195,4.5092893,0.001959152339,0.1102644158,0.0,26.813621155,11.179316618,0.03762848355,-9.4632304,2.9448584e-05
1541.0,-36.14637,28.11877937,300.0,0.001012191625,0.883377551,5.199779e-06,2.518885697,1.4864544e-05,0.0282303213,334.91437,27.497343,0.000990098046,-3.047912e-05,0.003077035366,-1.0076065e-05,-3.09858e-07,4364.5195,4.5092893,0.001469830695,0.0377423578,0.0,28.11877937,11.71691552,0.0282303213,-5.6683971,1.3111696e-05
1541.5,-36.14637,22.04835944,300.0,0.0,0.692669663,0.0,1.980126319,0.0,0.03880151136,334.91437,0.0,0.001360852479,0.0,0.004116401552,0.0,-3.09858e-07,4364.5195,4.5092893,0.00202022692,-0.0710388069,0.0,22.04835944,9.19714103,0.03880151136,-9.0899546876,3.2400941e-05
1542.0,-36.14637,23.35527917,300.0,0.0,0.7337277358,0.0,2.092024671,0.0,0.02905645052,334.91437,2.8776438,0.001019072139,-3.79538e-07,0.003083609284,-1.25471e-07,-3.09858e-07,4364.5195,4.5092893,0.001512843678,-0.0945286302,0.0,23.35527917,9.73526977,0.02905645052,-5.5722893855,1.419774e-05
1542.5,-36.14637,16.21874135,300.0,0.0236736325,0.5095268097,2.759704e-06,1.456578093,7.889134e-06,0.03274854768,334.835353,53.564215,0.001148341934,-3.1596255e-05,0.003558749074,-1.0445377e-05,-3.09858e-07,4364.5195,4.5092893,0.001705075222,0.0123033964,0.0,16.21874135,6.767859695,0.03274854768,-6.814005063,1.9961848e-05
1543.0,-36.14637,26.1549551,300.0,0.0,0.8216821414,0.0,2.348928356,0.0,0.03510922075,329.686965,0.0,0.001215733988,0.0,0.00367747764,0.0,-3.09858e-07,4364.5195,4.5092893,0.001827985208,-0.1094081737,0.0,26.1549551,10.90376986,0.03510922075,-7.87969044,2.2952565e-05
1543.5,-36.14637,17.717310917,300.0,0.0,0.5566057516,0.0,1.5911621067,0.0,0.0180756994,321.62318,0.0,0.000608605798,0.0,0.00184096661,0.0,-3.09858e-07,4364.5195,4.5092893,0.000941123467,-0.0574642392,0.0,17.717310917,7.3828583284,0.0180756994,-1.58727107,3.440748e-06
1544.0,-36.14637,19.74760334,300.0,0.0,0.620389264,0.0,1.770022678,0.0,0.0187407405,313.560555,0.0,0.000615649687,0.0,0.001862279089,0.0,-3.09858e-07,4364.5195,4.5092893,0.000975749286,-0.0365684433,0.0,19.74760334,8.22806615,0.0187407405,-0.5716497245,7.7839e-07
1544.5,-36.14637,24.8238533,300.0,0.0003646194,0.779864349,1.789155e-06,2.227498964,5.114635e-06,0.03207260067,305.49926,13.3889143,0.001029577922,-8.245506e-06,0.003136578327,-2.725874e-06,-3.09858e-07,4364.5195,4.5092893,0.001669881613,-0.0250822029,0.0,24.8238533,10.34811536,0.03207260067,-6.25942172,1.4291349e-05
1545.0,-36.14637,17.483437293,300.0,0.0,0.5492583891,0.0,1.570146704,0.0,0.02849725892,297.43454,0.0,0.000887008614,0.0,0.002683104545,0.0,-3.09858e-07,4364.5195,4.5092893,0.001483729043,-0.1174811804,0.0,17.483437293,7.291626754,0.02849725892,-5.5286117167,1.2899856e-05
1545.5,-36.14637,23.963293248,300.0,0.00051144655,0.7528290657,2.965225e-06,2.1454548422,8.476652e-06,0.02151961692,289.451974,15.92103,0.000651013388,-3.1458194e-05,0.002053973663,-1.0399735e-05,-3.09858e-07,4364.5195,4.5092893,0.001120433376,0.0308827668,0.0,23.963293248,9.983868486,0.02151961692,-3.7162972,7.948504e-06
1546.0,-36.14637,27.32354472,300.0,0.000340461813,0.8583944682,1.597949e-06,2.453086017,4.567591e-06,0.02978969703,286.53778,0.0,0.000893874587,0.0,0.002703883904,0.0,-3.09858e-07,4364.5195,4.5092893,0.001551020623,-0.0653697044,0.0,27.32354472,11.38692264,0.02978969703,-5.26930026,1.2917765e-05
1546.5,-36.14637,23.3637104,300.0,0.00065406337,0.733992602,3.14642e-06,2.094030712,8.994633e-06,0.02570067547,286.53778,14.448439,0.000771178722,-1.9160144e-05,0.002384351127,-6.334134e-06,-3.09858e-07,4364.5195,4.5092893,0.001338122989,-0.0111980407,0.0,23.3637104,9.73681861,0.02570067547,-4.18275078,9.485209e-06
1547.0,-36.14637,20.92795231,300.0,2.3545115e-05,0.657471001,1.10493e-07,1.871360637,3.15864e-07,0.020350985104,286.53778,43.211722,0.000610655041,-3.768719e-05,0.001948700074,-1.2458973e-05,-3.09858e-07,4364.5195,4.5092893,0.001059587755,-0.0856615016,0.0,20.92795231,8.72015829,0.020350985104,-3.503252356,8.173439e-06
1547.5,-36.14637,17.92947967,300.0,0.014479539,0.5632712262,1.620361e-06,1.610216645,4.632106e-06,0.02296669706,286.53778,19.257553,0.000689142485,-1.1847047e-05,0.00211650896,-3.916505e-06,-3.09858e-07,4364.5195,4.5092893,0.001195776526,-0.0377714722,0.0,17.92947967,7.47399908,0.02296669706,-4.22322625,1.1912395e-05
1548.0,-36.14637,14.067363144,300.0,0.0016037459,0.4419392498,4.79433e-07,1.2610856227,1.37055e-06,0.02116017333,286.53778,28.653778,0.000634935673,-1.332344e-05,0.001956453356,-4.404584e-06,-3.09858e-07,4332.1455,4.5092893,0.001101718696,0.1167310354,0.0,14.067363144,5.865888998,0.02116017333,-3.43474645,8.629261e-06
1548.5,-36.14637,19.20607035,300.0,2.4809327e-05,0.603376497,1.29586e-07,1.715842453,3.70447e-07,0.02226943171,286.53778,22.200403,0.000668220251,-3.854887e-06,0.002031687497,-1.274384e-06,-3.09858e-07,4208.48084,4.5092893,0.001159472976,-0.0887853595,0.0,19.20607035,8.004790633,0.02226943171,-3.02194188,6.746938e-06
1549.0,-36.14637,19.0617034,300.0,0.0,0.598841067,0.0,1.711899717,0.0,0.02688759121,286.53778,0.0,0.000806793544,0.0,0.002440427791,0.0,-3.09858e-07,4079.31621,4.5092893,0.001399920574,0.0044094656,0.0,19.0617034,7.94741501,0.02688759121,-3.724637948,8.615748e-06
1549.5,-36.14637,26.45545366,300.0,0.00048057344,0.831122582,2.035077e-06,2.36564499,5.817652e-06,0.030944133033,286.53778,47.531023,0.000928514803,-3.6249539e-05,0.00290632792,-1.1983702e-05,-3.09858e-07,3981.78071,4.5092893,0.001611127159,-0.0641327154,0.0,26.45545366,11.0263776,0.030944133033,-7.032012236,1.7956221e-05
1550.0,-36.14637,20.66973109,300.0,0.0,0.6493587491,0.0,1.84808583,0.0,0.0268770486,286.53778,0.0,0.000806477187,0.0,0.00243951368,0.0,-3.09858e-07,3975.9614,4.5092893,0.001399371655,-0.042157029,0.0,20.66973109,8.616520674,0.0268770486,-4.220038422,9.464462e-06
1550.5,-36.14637,26.66407549,300.0,0.00095774683,0.837676645,4.499293e-06,2.39135819,1.2862073e-05,0.023078975806,286.53778,3.298257,0.000692511578,-4.988154e-06,0.002108212284,-1.649029e-06,-3.09858e-07,3975.9614,4.5092893,0.001201622422,0.1260105382,0.0,26.66407549,11.108594247,0.023078975806,-3.48297199,8.857011e-06
1551.0,-36.14637,25.458576955,300.0,0.00014892579,0.7998047965,7.30499e-07,2.2863922548,2.088268e-06,0.02682702893,286.53778,20.566537,0.000804976276,-1.6064181e-05,0.00247823414,-5.310643e-06,-3.09858e-07,3975.9614,4.5092893,0.001396767357,-0.0466221604,0.0,25.458576955,10.609166127,0.02682702893,-5.463110576,1.6046536e-05
1551.5,-36.14637,30.0520356,300.0,0.00031794,0.944112549,2.778738e-06,2.69444449,7.943543e-06,0.0297018522,286.559777,0.0,0.000891305303,0.0,0.00269610084,0.0,-3.09858e-07,3975.9614,4.5092893,0.001546446944,-0.0033922399,0.0,30.0520356,12.52221673,0.0297018522,-4.523006013,1.151149e-05
1552.0,-36.14637,28.883091,300.0,0.00040831765,0.907389085,1.886248e-06,2.547398747,5.392194e-06,0.02640889755,287.986494,23.6317885,0.000796733784,-6.641399e-06,0.00242792293,-2.195574e-06,-3.09858e-07,3748.80683,4.5092893,0.001374997037,0.035421534,0.0,28.883091,12.03388754,0.02640889755,-3.438520022,6.344037e-06
1552.5,-36.14637,27.208628326,299.993884,0.01612301603,0.8547555296,3.365082e-06,2.4291414223,9.61972e-06,0.02843157087,290.220854,0.0,0.000863863055,0.0,0.00261301802,0.0,-3.09858e-07,2826.30198,4.5092893,0.00148030894,0.0956643726,0.0,27.208628326,11.338311817,0.02843157087,-5.461415,1.4753909e-05
1553.0,-36.14637,26.10567498,299.997406,0.010100628,0.8201236922,1.046408e-06,2.3433027306,2.991355e-06,0.03409584651,292.455764,23.67328,0.001044565446,-8.925338e-06,0.003183643447,-2.950619e-06,-3.09858e-07,2713.818,4.5092893,0.001775223201,0.0654976791,0.0,26.10567498,10.882672465,0.03409584651,-6.9645976,1.7426899e-05
1553.5,-36.14637,18.06591775,300.0,0.0,0.5675575437,0.0,1.6224699,0.0,0.0291248243,294.69038,0.0,0.000898981534,0.0,0.00271930331,0.0,-3.09858e-07,2713.818,4.5092893,0.001516403591,-0.0128639915,0.0,18.06591775,7.53436762,0.0291248243,-4.62802146,9.563004e-06
1554.0,-36.14637,25.24065164,300.0,0.0004997166,0.792958472,2.345197e-06,2.266820759,6.704187e-06,0.0159145192,296.924635,0.0,0.000494942385,0.0,0.001497152645,0.0,-3.09858e-07,2713.818,4.5092893,0.000828600164,-0.0030311513,0.0,25.24065164,10.51211412,0.0159145192,-0.83706499,1.293752e-06
1554.5,-36.14637,29.31234576,300.0,2.313135e-06,0.920874501,1.087e-08,2.632492866,3.1073e-08,0.04007976835,299.137617,0.0,0.001255718565,0.0,0.003798344308,0.0,-3.09858e-07,2713.818,4.5092893,0.00208678015,0.0047659468,0.0,29.31234576,12.22048583,0.04007976835,-8.83090405,2.1924764e-05
1555.0,-36.14637,21.52463874,300.0,0.0012762727,0.676216473,4.546669e-06,1.933091815,1.2997509e-05,0.03162783635,299.94547,6.8236855,0.00099343722,-8.360742e-06,0.00302756794,-2.76397e-06,-3.09858e-07,2713.818,4.5092893,0.00164672464,0.0090586965,0.0,21.52463874,8.97502824,0.03162783635,-5.23531522,1.340236e-05
1555.5,-36.14637,16.790840777,300.0,0.0,0.5274998414,0.0,1.5079573746,0.0,0.03265482764,299.94547,0.0,0.00102569522,0.0,0.003102628135,0.0,-3.09858e-07,2713.818,4.5092893,0.001700195604,-0.0511165326,0.0,16.790840777,7.0058596516,0.03265482764,-5.85906641,1.5732013e-05
1556.0,-36.14637,21.73258084,283.204822,0.00015463955,0.6377578338,6.36262e-07,1.806753753,1.818874e-06,0.020346826522,299.94547,49.079983,0.00063909823,-5.699696e-06,0.001948557278,-1.884257e-06,-3.09858e-07,1605.073295,4.5092893,0.001059371193,-0.0570661502,0.0,21.73258084,9.054967756,0.020346826522,-3.688729322,9.528272e-06
1556.5,-36.14637,25.2983832,295.150423,0.0,0.782822416,0.0,2.237844985,0.0,0.0393546308,299.94547,0.0,0.001236137524,0.0,0.00373908006,0.0,-3.09858e-07,413.26819,4.5092893,0.002049025457,0.054759122,0.0,25.2983832,10.54982314,0.0393546308,-8.87619408,2.5187653e-05
1557.0,-36.14637,19.93613217,299.65167,0.02294445752,0.6248344438,2.150457e-06,1.753506828,6.147485e-06,0.01573021726,299.94547,22.573767,0.00049408955,-2.0323604e-05,0.001549327522,-6.718761e-06,-3.09858e-07,553.02563,4.5092893,0.000819004352,0.0104052864,0.0,19.93613217,8.304756548,0.01573021726,-0.4826426,7.08484e-07
1557.5,-36.14637,20.78550032,299.83985,0.0,0.652298515,0.0,1.847426694,0.0,0.02065571166,299.994035,0.0,0.000648952808,0.0,0.001963016675,0.0,-3.09858e-07,798.439508,4.5092893,0.001075453561,-0.111332212,0.0,20.78550032,8.66106073,0.02065571166,-2.0036634176,4.123343e-06
1558.0,-36.14637,25.82853414,299.711436,0.0,0.8099426202,0.0,2.314968765,0.0,0.01998665492,303.145221,0.0,0.000634600602,0.0,0.001919556565,0.0,-3.09858e-07,1043.853364,4.5092893,0.001040618635,0.0705644258,0.0,25.82853414,10.75911365,0.01998665492,-2.09050801,4.086368e-06
1558.5,-36.14637,20.51740799,299.810175,0.0,0.6438461328,0.0,1.838474387,0.0,0.03215505713,308.082385,27.3143114,0.00103644535,-9.340389e-06,0.003160278578,-3.087831e-06,-3.09858e-07,1207.49026,4.5092893,0.001674174753,-0.0051784492,0.0,20.51740799,8.55622004,0.03215505713,-6.9253032,1.5033625e-05
1559.0,-36.14637,26.01172373,299.75994,0.000211682349,0.815747486,1.275677e-06,2.331144486,3.646721e-06,0.03022867778,313.016828,29.083344,0.000992332826,-3.983e-08,0.003001816568,-1.3167e-08,-3.09858e-07,1211.5874,4.5092893,0.001573876445,-0.0645236846,0.0,26.01172373,10.84132069,0.03022867778,-5.365848755,1.5990666e-05
1559.5,-36.14637,28.81513982,299.835667,0.0005880213,0.904462419,3.017952e-06,2.585575803,8.627384e-06,0.0399184491,317.953398,0.0,0.001328845397,0.0,0.00401962624,0.0,-3.09858e-07,1211.5874,4.5092893,0.00207838093,-0.022448428,0.0,28.81513982,12.01350033,0.0399184491,-8.6123364,1.907079e-05
1560.0,-36.14637,24.50530347,299.786117,0.0,0.7688639066,0.0,2.195070772,0.0,0.03704397923,322.890088,12.654676,0.001254600093,-7.35581e-06,0.003814859416,-2.431751e-06,-3.09858e-07,1211.5874,4.5092893,0.001928719753,-0.0971816151,0.0,24.50530347,10.218467507,0.03704397923,-9.044803704,3.2116182e-05
1560.5,-36.14637,27.8768415,299.600776,1.3110902e-05,0.873963647,7.6394e-08,2.483341833,2.18387e-07,0.02590054722,327.697667,32.201138,0.000889428192,-5.206652e-05,0.002830666159,-1.7212624e-05,-3.09858e-07,1231.3449,4.50177234,0.00134852941,-0.02986333415,0.0,27.8768415,11.61488277,0.02590054722,-4.61508058,9.738309e-06
1561.0,-36.14637,18.914305274,299.913937,0.0,0.5938045774,0.0,1.6975019221,0.0,0.02965416626,324.291287,0.0,0.001009000512,0.0,0.00305210105,0.0,-3.09858e-07,1539.205,4.02078311,0.001543964175,0.1140115572,0.0,18.914305274,7.887696931,0.02965416626,-5.18197341,1.4493848e-05
1561.5,-36.14637,29.6420391,299.886068,0.00056203357,0.930637545,2.755528e-06,2.657541305,7.877194e-06,0.0367878675,316.158146,1.0143223,0.001218533313,-7.95048e-07,0.00368802038,-2.62834e-07,-3.09858e-07,1941.91159,3.2692349,0.0019153851,0.2016942634,0.0,29.6420391,12.35575165,0.0367878675,-5.08781346,1.1430456e-05
1562.0,-36.14637,29.979971089,299.972455,0.0,0.941692874,0.0,2.6920060302,0.0,0.042578253,308.02578,0.0,0.001373580274,0.0,0.00415494144,0.0,-3.09858e-07,2342.827,2.51768667,0.00221686542,0.0118880563,0.0,29.979971089,12.4997481686,0.042578253,-5.4379353705,1.456681e-05
1562.5,-36.14637,30.74048961,299.971768,1.7180096e-05,0.9655933037,6.7712e-08,2.7603298164,1.93566e-07,0.0384061922,299.892694,0.0,0.001204924489,0.0,0.003644744513,0.0,-3.09858e-07,2507.9246,1.76613838,0.001999644242,0.108293089,0.0,30.74048961,12.81376984,0.0384061922,-3.0972264824,6.867338e-06
1563.0,-36.14637,26.1563993,300.0,0.0004570078,0.821727523,2.14486e-06,2.349062506,6.131484e-06,0.0381844977,291.761595,0.0,0.001166811465,0.0,0.003529490887,0.0,-3.09858e-07,2507.9246,1.014590143,0.001988101583,-0.0090354081,0.0,26.1563993,10.90616636,0.0381844977,-1.914079712,4.514641e-06
1563.5,-36.14637,24.68478028,299.9906,0.016287214,0.7754770946,2.29725e-06,2.213496474,6.567121e-06,0.0294382499,283.707888,19.258383,0.000873161036,-1.5873954e-05,0.002683996351,-5.247756e-06,-3.09858e-07,2507.9246,0.27059078926,0.001532722285,-0.0248038058,0.0,24.68478028,10.288707903,0.0294382499,-0.1842094286,2.91735e-07
1564.0,-36.14637,21.056178725,299.999677,0.0,0.6614991219,0.0,1.8781631452,0.0,0.0216662693,280.76816,0.0,0.000637031037,0.0,0.00192695299,0.0,-3.09858e-07,2507.9246,0.0,0.001128068923,-0.0762150336,0.0,21.056178725,8.774282277,0.0216662693,0.0,0.0
1564.5,-36.14637,21.446396727,299.987753,0.0099683849,0.6737098179,1.98819e-06,1.9180934534,5.683616e-06,0.01840430821,280.76816,5.594392,0.00054112294,-2.79985e-06,0.001644384182,-9.256e-07,-3.09858e-07,2507.9246,0.0,0.000958232708,0.0785125063,0.0,21.446396727,8.934749923,0.01840430821,0.0,0.0
1565.0,-36.14637,24.99479901,299.971497,0.0,0.785085703,0.0,2.243057713,0.0,0.03240657894,280.76816,0.0,0.000952817312,0.0,0.002882149474,0.0,-3.09858e-07,2507.9246,0.0,0.001687270416,-0.0055967044,0.0,24.99479901,10.41944216,0.03240657894,0.0,0.0
1565.5,-36.14637,22.3838396,299.990366,0.0,0.703170743,0.0,2.007092489,0.0,0.03776678336,280.76816,0.0,0.001110417884,0.0,0.003358800572,0.0,-3.09858e-07,2507.9246,0.0,0.00196635301,0.0593746937,0.0,22.3838396,9.33613256,0.03776678336,0.0,0.0
1566.0,-36.14637,28.28281273,299.992468,0.0,0.888487177,0.0,2.539907504,0.0,0.038252243,280.76816,0.0,0.00112469135,0.0,0.003402021157,0.0,-3.09858e-07,2507.9246,0.0,0.0019916288,0.0027699973,0.0,28.28281273,11.79102268,0.038252243,0.0,0.0
1566.5,-36.14637,29.17457773,299.984172,0.00046187825,0.916461366,1.833114e-06,2.581537077,5.240301e-06,0.01779993653,280.824132,23.641025,0.000523445714,-1.6509871e-05,0.001627824012,-5.457983e-06,-3.09858e-07,2507.9246,0.0,0.000926765666,-0.0095298388,0.0,29.17457773,12.15015048,0.01779993653,0.0,0.0
1567.0,-36.14637,22.15639002,299.98193,0.0009368928,0.695971562,5.457956e-06,1.988978431,1.5602593e-05,0.03898727102,284.469947,23.914655,0.001161004881,-4.268891e-06,0.003523411877,-1.411253e-06,-3.09858e-07,2507.9246,0.0,0.002029898531,0.06639114324,0.0,22.15639002,9.242201868,0.03898727102,0.0,0.0
1567.5,-36.14637,21.35872097,300.0,0.0,0.6710040215,0.0,1.918191081,0.0,0.02889278719,290.182009,0.0,0.00087677536,0.0,0.002652111502,0.0,-3.09858e-07,2507.9246,0.0,0.001504322452,0.0314210406,0.0,21.35872097,8.90439208,0.02889278719,0.0,0.0
1568.0,-36.14637,23.97326914,300.0,0.0,0.753142422,0.0,2.15299917,0.0,0.04346173783,295.89242,0.0,0.001344406253,0.0,0.004066698352,0.0,-3.09858e-07,2507.9246,0.0,0.002262864673,-0.0410636932,0.0,23.97326914,10.00083103,0.04346173783,0.0,0.0
1568.5,-36.14637,18.33584375,299.99976,0.0,0.576037393,0.0,1.6467110826,0.0,0.0253043665,301.605638,0.0,0.000800990961,0.0,0.002422920164,0.0,-3.09858e-07,2507.9246,0.0,0.001317488874,-0.0460804676,0.0,18.33584375,7.64445482,0.0253043665,0.0,0.0
1569.0,-36.14637,32.0234995,299.983155,0.0,1.00596033,0.0,2.86782807,0.0,0.03242391184,307.316753,0.0,0.001043011462,0.0,0.00315499671,0.0,-3.09858e-07,2507.9246,0.0,0.001688172862,0.0470224566,0.0,32.0234995,13.3441463,0.03242391184,0.0,0.0
1569.5,-36.14637,21.307363585,299.9943,7.1367115e-05,0.6693622824,4.16072e-07,1.902170822,1.18942e-06,0.02170317789,312.972093,28.86231,0.00071147932,-4.2061694e-05,0.002265483499,-1.3905136e-05,-3.09858e-07,2507.9246,0.0,0.001129990604,-0.07290991877,0.0,21.307363585,8.878823549,0.02170317789,0.0,0.0
1570.0,-36.14637,24.02806441,300.0,0.0,0.7548639105,0.0,2.157920323,0.0,0.0285862264,315.03714,0.0,0.000943077164,0.0,0.00285267891,0.0,-3.09858e-07,2507.9246,0.0,0.001488361112,0.0515100003,0.0,24.02806441,10.01494655,0.0285862264,0.0,0.0
1570.5,-36.14637,22.10170161,299.994418,0.0,0.6943274996,0.0,1.97342297,0.0,0.0326704471,315.03714,0.0,0.001077818109,0.0,0.00326029133,0.0,-3.09858e-07,2507.9246,0.0,0.00170100886,-0.0138079615,0.0,22.10170161,9.2157573,0.0326704471,0.0,0.0
1571.0,-36.14637,22.5621796,299.999673,0.0,0.70881161,0.0,2.023456871,0.0,0.03379986271,315.03714,0.0,0.001115078209,0.0,0.003373000096,0.0,-3.09858e-07,2507.9246,0.0,0.001759812586,0.0137920332,0.0,22.5621796,9.40802482,0.03379986271,0.0,0.0
1571.5,-36.14637,29.2836006,299.977731,0.0,0.919861,0.0,2.628336655,0.0,0.0302596891,315.03714,0.0,0.0009982857,0.0,0.00301969709,0.0,-3.09858e-07,2507.9246,0.0,0.001575491063,0.0718448614,0.0,29.2836006,12.20279088,0.0302596891,0.0,0.0
1572.0,-36.14637,20.10678758,299.993298,0.003230994,0.631638044,2.59527e-07,1.796437267,7.41907e-07,0.02760039259,315.03714,13.001527,0.000910553885,-1.577002e-06,0.002758576679,-5.2134e-07,-3.09858e-07,2507.9246,0.0,0.001437033066,0.0381273436,0.0,20.10678758,8.382698407,0.02760039259,0.0,0.0
1572.5,-36.14637,29.23790223,299.991232,0.0,0.918483004,0.0,2.620184507,0.0,0.04645969641,314.979199,0.0,0.001532384369,0.0,0.00463527318,0.0,-3.09858e-07,2507.9246,0.0,0.002418955373,0.00733617048,0.0,29.23790223,12.19323433,0.04645969641,0.0,0.0
1573.0,-36.14637,26.01494045,299.966384,0.00025835356,0.817108251,1.335867e-06,2.335857496,3.818826e-06,0.03085775594,311.204919,0.0,0.001005191854,0.0,0.00304060635,0.0,-3.09858e-07,2507.9246,0.0,0.001606629869,0.0075577513,0.0,26.01494045,10.84302678,0.03085775594,0.0,0.0
1573.5,-36.14637,20.43859439,299.997964,0.0,0.642087029,0.0,1.823242831,0.0,0.0362627117,305.291564,0.0,0.001160027412,0.0,0.003508969482,0.0,-3.09858e-07,2507.9246,0.0,0.001888042558,-0.083239236,0.0,20.43859439,8.52582361,0.0362627117,0.0,0.0
1574.0,-36.14637,22.04094438,300.0,0.0,0.692436683,0.0,1.979001085,0.0,0.03289836657,299.378833,0.0,0.001030724561,0.0,0.003117838551,0.0,-3.09858e-07,2507.9246,0.0,0.001712875605,-0.0270461301,0.0,22.04094438,9.190608649,0.03289836657,0.0,0.0
1574.5,-36.14637,22.34698955,299.999426,5.931926e-05,0.7020488858,2.68996e-07,1.9950672068,7.68975e-07,0.0205793922,293.466238,27.659393,0.000632311113,-3.2941758e-05,0.002001430666,-1.0890186e-05,-3.09858e-07,2507.9246,0.0,0.001071479924,-0.0866728869,0.0,22.34698955,9.310763442,0.0205793922,0.0,0.0
1575.0,-36.14637,26.952425977,300.0,0.008470453,0.84673546048,7.48806e-07,2.4205523385,2.140604e-06,0.0399798456,287.553265,11.542717,0.001204224159,-3.479096e-06,0.00365201784,-1.150151e-06,-3.09858e-07,2516.9266,0.0,0.002081577548,0.11296118825,0.0,26.952425977,11.238447403,0.0399798456,0.0,0.0
1575.5,-36.133109,23.73155847,300.0,0.0,0.74554891,0.0,2.13129164,0.0,0.04333267454,281.700891,0.0,0.001277362601,0.0,0.00386389819,0.0,-3.09858e-07,3128.18009,0.0,0.00225614487,-0.0354019494,0.0,23.73155847,9.90017832,0.04333267454,0.0,0.0
1576.0,-35.287938,24.09587204,300.0,0.0,0.7569941555,0.0,2.151751523,0.0,0.03562221927,279.56213,18.58149,0.001042864696,-3.1769733e-05,0.003240146892,-1.0502727e-05,-3.09858e-07,4053.31568,0.0,0.001854694856,-0.0129644268,0.0,24.09587204,10.047269846,0.03562221927,0.0,0.0
1576.5,-33.9672757,30.73070772,300.0,0.0,0.965433649,0.0,2.754451084,0.0,0.0327814037,279.56213,0.0,0.000959697877,0.0,0.002902969103,0.0,-3.09858e-07,4299.9043,0.0,0.001706785892,-0.025737116,0.0,30.73070772,12.80641507,0.0327814037,0.0,0.0
1577.0,-32.6466135,18.38266444,300.0,0.0,0.5775084478,0.0,1.6457915387,0.0,0.02692124184,279.56213,0.0,0.000788137684,0.0,0.002384040179,0.0,-3.09858e-07,4299.9043,0.0,0.001401672655,-0.06190539135,0.0,18.38266444,7.664881734,0.02692124184,0.0,0.0
1577.5,-31.3259515,31.94406506,300.0,0.0,1.003552426,0.0,2.846208565,0.0,0.03185532187,279.56213,11.226599,0.000932586169,-1.0492248e-05,0.002849189562,-3.468623e-06,-3.09858e-07,4299.9043,0.0,0.001658568781,-0.01222757353,0.0,31.94406506,13.31076198,0.03185532187,0.0,0.0
1578.0,-30.005289,19.82208551,300.0,0.0,0.622729191,0.0,1.780188421,0.0,0.01939993429,279.56213,0.0,0.00056794626,0.0,0.001717980698,0.0,-3.09858e-07,4299.9043,0.0,0.001010070682,-0.0004344725,0.0,19.82208551,8.25944397,0.01939993429,0.0,0.0
1578.5,-28.6846267,28.25253604,300.0,0.0,0.887579594,0.0,2.53731304,0.0,0.0403950151,279.56213,0.0,0.001182591515,0.0,0.00357717566,0.0,-3.09858e-07,4299.9043,0.0,0.00210319365,0.0327742707,0.0,28.25253604,11.77967527,0.0403950151,0.0,0.0
1579.0,-27.3639646,23.36766699,300.0,0.0,0.7341169078,0.0,2.0982212748,0.0,0.03492108985,279.56213,0.0,0.001022338609,0.0,0.003092433428,0.0,-3.09858e-07,4299.9043,0.0,0.001818190085,-0.0100236998,0.0,23.36766699,9.743848982,0.03492108985,0.0,0.0
1579.5,-26.0433023,24.07419633,300.0,0.0,0.756313204,0.0,2.162063319,0.0,0.0176010693,279.56213,0.0,0.000515283259,0.0,0.001558681987,0.0,-3.09858e-07,4299.9043,0.0,0.000916411517,-0.0326795725,0.0,24.07419633,10.02772788,0.0176010693,0.0,0.0
1580.0,-24.72264,21.0932397,300.0,0.0,0.662663675,0.0,1.89434865,0.0,0.02181373675,279.56213,0.0,0.000638611945,0.0,0.001931739407,0.0,-3.09858e-07,4299.9043,0.0,0.001135746884,-0.0296419679,0.0,21.0932397,8.78978961,0.02181373675,0.0,0.0
1580.5,-23.4152347,27.59108887,300.0,0.0,0.866799622,0.0,2.457245724,0.0,0.03809155446,279.56213,0.0,0.001115156128,0.0,0.00337323706,0.0,-3.09858e-07,4299.9043,0.0,0.001983262412,-0.1131259753,0.0,27.59108887,11.50309707,0.03809155446,0.0,0.0
1581.0,-22.939747,33.9949602,300.0,0.0,1.067983196,0.0,3.05303062,0.0,0.0461463695,279.56213,0.0,0.001350966322,0.0,0.00408654249,0.0,-3.09858e-07,4299.9043,0.0,0.002402641844,-0.0274923541,0.0,33.9949602,14.1724984,0.0461463695,0.0,0.0
1581.5,-22.939747,25.60759747,300.0,0.0,0.8044863813,0.0,2.288973477,0.0,0.0393636993,279.590817,0.0,0.00115256827,0.0,0.003486407455,0.0,-3.09858e-07,4299.9043,0.0,0.002049497545,-0.0643199051,0.0,25.60759747,10.678494232,0.0393636993,0.0,0.0
1582.0,-22.939747,28.83306735,300.0,0.0,0.905817534,0.0,2.585182544,0.0,0.03950965862,281.460006,0.0,0.001164196168,0.0,0.003521580748,0.0,-3.09858e-07,4299.9043,0.0,0.002057097036,-0.0798571424,0.0,28.83306735,12.02072162,0.03950965862,0.0,0.0
1582.5,-22.939747,23.94287786,300.0,0.0,0.7521876954,0.0,2.150242414,0.0,0.0429862574,284.387052,0.0,0.001280667161,0.0,0.00387388032,0.0,-3.09858e-07,4299.9043,0.0,0.002238108385,-0.0168359174,0.0,23.94287786,9.98790765,0.0429862574,0.0,0.0
1583.0,-22.939747,30.93575273,300.0,0.0,0.9718753444,0.0,2.778288311,0.0,0.0362422839,287.313179,0.0,0.001090092825,0.0,0.00329742527,0.0,-3.09858e-07,4299.9043,0.0,0.001886978982,-0.0219306922,0.0,30.93575273,12.89375685,0.0362422839,0.0,0.0
1583.5,-22.939747,29.0404058,300.0,0.0,0.91233126,0.0,2.608070283,0.0,0.0340533286,290.240615,0.0,0.00103506349,0.0,0.00313096413,0.0,-3.09858e-07,4299.9043,0.0,0.00177300955,0.034783421,0.0,29.0404058,12.10381068,0.0340533286,0.0,0.0
1584.0,-22.939747,40.0579879,300.0,0.00037067314,1.2584588,2.226594e-06,3.53416855,6.365138e-06,0.02662549324,293.16735,19.696976,0.00081825468,-3.9009025e-05,0.002580219489,-1.2895958e-05,-3.09858e-07,4299.9043,0.0,0.001386274266,-0.0063815965,0.0,40.0579879,16.68397084,0.02662549324,0.0,0.0
1584.5,-22.939747,21.77225119,300.0,0.0,0.6839954417,0.0,1.9465202025,0.0,0.0238552141,296.032148,0.0,0.000740029183,0.0,0.002238450604,0.0,-3.09858e-07,4299.9043,0.0,0.00124203777,0.1071625838,0.0,21.77225119,9.073523329,0.0238552141,0.0,0.0
1585.0,-22.939747,27.92105975,300.0,0.0002389673,0.877165966,1.174199e-06,2.50754372,3.356668e-06,0.03070258042,294.88794,0.0,0.00094763006,0.0,0.002866469385,0.0,-3.09858e-07,4299.9043,0.0,0.00159855053,0.1061979109,0.0,27.92105975,11.63608627,0.03070258042,0.0,0.0
1585.5,-22.939747,29.5488179,300.0,0.00014975914,0.928303478,7.36062e-07,2.65373,2.10417e-06,0.02926448475,291.438508,0.0,0.000892232295,0.0,0.002698915784,0.0,-3.09858e-07,4299.9043,0.0,0.001523675127,0.0085416588,0.0,29.5488179,12.31256851,0.02926448475,0.0,0.0
1586.0,-22.939747,32.07891661,300.0,0.0043877917,1.007788869,6.223492e-06,2.876653378,1.779102e-05,0.0290873811,287.988322,39.686657,0.000876590408,-3.6072426e-05,0.002748762302,-1.1925151e-05,-3.09858e-07,4299.9043,0.0,0.001514454093,0.0585414002,0.0,32.07891661,13.365257265,0.0290873811,0.0,0.0
1586.5,-22.939747,20.180925406,300.0,0.0,0.6340024872,0.0,1.8124151984,0.0,0.03251164254,284.539508,0.0,0.000968135178,0.0,0.00292851358,0.0,-3.09858e-07,4299.9043,0.0,0.001692740597,0.0032465684,0.0,20.180925406,8.416415353,0.03251164254,0.0,0.0
1587.0,-22.939747,23.27093494,300.0,0.0,0.7310779925,0.0,2.08992375,0.0,0.0302837846,281.089329,0.0,0.000891852316,0.0,0.002697766936,0.0,-3.09858e-07,4299.9043,0.0,0.001576745584,-0.0216233612,0.0,23.27093494,9.70089012,0.0302837846,0.0,0.0
1587.5,-22.939747,32.40011498,300.0,0.0,1.01787963,0.0,2.909800165,0.0,0.02695707215,277.747265,0.0,0.000784445162,0.0,0.002372870695,0.0,-3.09858e-07,4299.9043,0.0,0.001403538128,-0.0274483468,0.0,32.40011498,13.49766683,0.02695707215,0.0,0.0
1588.0,-22.939747,33.86534459,300.0,0.0,1.0639111806,0.0,3.035927004,0.0,0.03673012541,281.273064,0.0,0.001083137317,0.0,0.003276381465,0.0,-3.09858e-07,4299.9043,0.0,0.001912378764,-0.0222783815,0.0,33.86534459,14.11306646,0.03673012541,0.0,0.0
1588.5,-22.939747,31.690653,300.0,0.0,0.995591248,0.0,2.846084721,0.0,0.0411772878,288.74951,0.0,0.001245342407,0.0,0.00376704025,0.0,-3.09858e-07,4299.9043,0.0,0.002143923163,-0.0267641494,0.0,31.690653,13.21075827,0.0411772878,0.0,0.0
1589.0,-22.939747,31.50939567,300.0,0.0,0.989896878,0.0,2.829806235,0.0,0.0452430788,296.227663,0.0,0.001401529967,0.0,0.00423949175,0.0,-3.09858e-07,4299.9043,0.0,0.00235561137,-0.0077736965,0.0,31.50939567,13.13770927,0.0452430788,0.0,0.0
1589.5,-22.939747,27.53125426,300.0,0.0,0.864919849,0.0,2.472535966,0.0,0.04610118,303.705874,0.0,0.001468542356,0.0,0.00444219854,0.0,-3.09858e-07,4299.9043,0.0,0.00240028901,-0.0272964615,0.0,27.53125426,11.482876,0.04610118,0.0,0.0
1590.0,-22.939747,29.7475308,300.0,0.0,0.934546225,0.0,2.667402303,0.0,0.0254201521,311.182739,0.0,0.000829484861,0.0,0.002509110605,0.0,-3.09858e-07,4299.9043,0.0,0.001323517339,-0.0210831261,0.0,29.7475308,12.39300967,0.0254201521,0.0,0.0
1590.5,-22.939747,30.55689344,300.0,0.0,0.959973117,0.0,2.744263526,0.0,0.02719060865,318.560054,0.0,0.000906282066,0.0,0.002741398813,0.0,-3.09858e-07,4299.9043,0.0,0.001415697351,0.0401582281,0.0,30.55689344,12.730825366,0.02719060865,0.0,0.0
1591.0,-22.939747,30.96825047,300.0,0.0,0.97289628,0.0,2.781206857,0.0,0.048947013,319.590838,0.0,0.001638563776,0.0,0.004956466216,0.0,-3.09858e-07,4299.9043,0.0,0.002548459244,0.0222694755,0.0,30.96825047,12.91469754,0.048947013,0.0,0.0
1591.5,-22.939747,31.0273715,300.0,0.0,0.974753638,0.0,2.786516472,0.0,0.043070443,316.969599,0.0,0.00142912388,0.0,0.0043229613,0.0,-3.09858e-07,4299.9043,0.0,0.002242491678,-0.0288619522,0.0,31.0273715,12.9358672,0.043070443,0.0,0.0
1592.0,-22.939747,29.39156196,300.0,0.0,0.9233631225,0.0,2.621757252,0.0,0.0325064336,314.347686,7.422104,0.001070543122,-1.2769946e-05,0.003272681133,-4.221605e-06,-3.09858e-07,4299.9043,0.0,0.00169246939,-0.0552252049,0.0,29.39156196,12.24902635,0.0325064336,0.0,0.0
1592.5,-22.939747,27.07340174,300.0,0.0,0.8505359974,0.0,2.431417026,0.0,0.0389310178,311.726661,0.0,0.001271279361,0.0,0.00384549699,0.0,-3.09858e-07,4299.9043,0.0,0.0020269697,-0.02004319669,0.0,27.07340174,11.288174125,0.0389310178,0.0,0.0
1593.0,-22.939747,27.9972176,300.0,0.0,0.879558527,0.0,2.50913752,0.0,0.0525807705,309.105223,0.0,0.001702668497,0.0,0.005150402905,0.0,-3.09858e-07,4299.9043,0.0,0.002737653257,-0.0367569877,0.0,27.9972176,11.68055037,0.0525807705,0.0,0.0
1593.5,-22.939747,31.79421508,300.0,0.0,0.998844738,0.0,2.855385335,0.0,0.0383822309,306.483893,0.0,0.001231874499,0.0,0.00372629753,0.0,-3.09858e-07,4224.06301,0.0,0.001998396784,0.02994675414,0.0,31.79421508,13.25221889,0.0383822309,0.0,0.0
1594.0,-22.939747,14.2649396,300.0,0.0,0.4481462997,0.0,1.278756086,0.0,0.0454095062,303.867892,0.0,0.001444699423,0.0,0.00437007585,0.0,-3.09858e-07,3959.97164,0.0,0.002364276594,-0.03658709,0.0,14.2649396,5.962260903,0.0454095062,0.0,0.0
1594.5,-22.939747,29.42056345,300.0,0.0,0.924274252,0.0,2.642211655,0.0,0.02742124511,301.255873,0.0,0.000864371378,0.0,0.002614639683,0.0,-3.09858e-07,3738.99787,0.0,0.001427705632,-0.0214620027,0.0,29.42056345,12.25812469,0.02742124511,0.0,0.0
1595.0,-22.939747,31.802329,300.0,0.0,0.999099609,0.0,2.856113963,0.0,0.035638645,298.643341,0.0,0.00111506484,0.0,0.00337296033,0.0,-3.09858e-07,3718.8284,0.0,0.001855550108,0.0287906969,0.0,31.802329,13.253993,0.035638645,0.0,0.0
1595.5,-22.939747,25.396420206,300.0,0.00016989927,0.7978520644,1.062286e-06,2.280810058,3.036746e-06,0.02762514806,296.03083,11.243705,0.000857246254,-5.661785e-06,0.002608335993,-1.871724e-06,-3.09858e-07,3718.8284,0.0,0.001438321963,0.0244910063,0.0,25.396420206,10.58376812,0.02762514806,0.0,0.0
1596.0,-22.939747,22.07858945,300.0,0.0,0.693619327,0.0,1.98284124,0.0,0.0361748156,293.417835,0.0,0.001111466851,0.0,0.00336207824,0.0,-3.09858e-07,3718.8284,0.0,0.001883466117,0.0163601252,0.0,22.07858945,9.2081863,0.0361748156,0.0,0.0
1596.5,-22.939747,34.25622296,300.0,0.0,1.076190951,0.0,3.07649404,0.0,0.0358667867,290.902128,0.0,0.001093553666,0.0,0.003307882925,0.0,-3.09858e-07,3718.8284,0.0,0.001867428396,0.0464655532,0.0,34.25622296,14.27520949,0.0358667867,0.0,0.0
1597.0,-22.939747,29.1163446,300.0,0.0,0.914716945,0.0,2.61489017,0.0,0.04995245455,294.540216,0.0,0.001537745948,0.0,0.004651532602,0.0,-3.09858e-07,3718.8284,0.0,0.002600808197,-0.0265182345,0.0,29.1163446,12.14469288,0.04995245455,0.0,0.0
1597.5,-22.939747,32.85365413,300.0,0.0,1.0321280025,0.0,2.950531799,0.0,0.03725898035,301.721458,0.0,0.001178236962,0.0,0.003564052864,0.0,-3.09858e-07,3718.8284,0.0,0.001939913972,-0.01849644674,0.0,32.85365413,13.69240378,0.03725898035,0.0,0.0
1598.0,-22.939747,28.476783118,300.0,0.00051739877,0.89462452905,2.698108e-06,2.5536069273,7.71305e-06,0.0426646391,308.901721,6.484243,0.001380622846,-6.189872e-06,0.004192915278,-2.046304e-06,-3.09858e-07,3718.8284,0.0,0.002221363227,0.03782727226,0.0,28.476783118,11.8743112547,0.0426646391,0.0,0.0
1598.5,-22.939747,27.36877055,300.0,0.0,0.859815266,0.0,2.457943403,0.0,0.045817757,316.079815,0.0,0.001514675957,0.0,0.00458173966,0.0,-3.09858e-07,3718.8284,0.0,0.00238553239,0.0979526334,0.0,27.36877055,11.41509959,0.045817757,0.0,0.0
1599.0,-22.939747,24.81697791,300.0,0.0,0.7796483417,0.0,2.228771291,0.0,0.0356698864,323.259709,0.0,0.00120742025,0.0,0.003652329375,0.0,-3.09858e-07,3718.8284,0.0,0.001857176667,-0.0230366727,0.0,24.81697791,10.34735481,0.0356698864,0.0,0.0
1599.5,-22.939747,31.8670894,300.0,0.0,1.001134141,0.0,2.8521003786,0.0,0.0507997617,330.29482,24.310483,0.0017586848,-5.0722214e-05,0.005456512904,-1.6768211e-05,-3.09858e-07,3718.8284,0.0,0.00264492385,-0.0574353655,0.0,31.8670894,13.289793036,0.0507997617,0.0,0.0
1600.0,-22.939747,24.3668803,300.0,0.0,0.765508103,0.0,2.179731396,0.0,0.0464802927,328.151615,0.0,0.00159833471,0.0,0.004834746934,0.0,-3.09858e-07,3821.27073,0.0,0.00242002783,0.1060829258,0.0,24.3668803,10.16637838,0.0464802927,0.0,0.0
1600.5,-22.9279172,27.529276,300.0,0.0,0.864857736,0.0,2.472358328,0.0,0.0461369681,320.727237,0.0,0.001550706976,0.0,0.00469073053,0.0,-3.09858e-07,4053.32216,0.0,0.002402152336,0.0139632753,0.0,27.529276,11.48207398,0.0461369681,0.0,0.0
1601.0,-22.1737828,35.854723,300.0,0.0,1.126409329,0.0,3.220052655,0.0,0.0363187476,313.304114,0.0,0.00119125638,0.0,0.00360343015,0.0,-3.09858e-07,4273.99281,0.0,0.00189096008,0.0666625122,0.0,35.854723,14.9406205,0.0363187476,0.0,0.0
1601.5,-20.995378,32.0287586,300.0,0.0,1.006213128,0.0,2.87644922,0.0,0.03866201155,305.881311,0.0,0.001239392619,0.0,0.003748987824,0.0,-3.09858e-07,4328.1963,0.0,0.002012963721,0.0462215586,0.0,32.0287586,13.34997722,0.03866201155,0.0,0.0
1602.0,-19.8169731,27.88545247,300.0,4.5775503e-05,0.876047344,1.94541e-07,2.504345918,5.56132e-07,0.04947977977,298.458019,0.0,0.001548509934,0.0,0.004684083563,0.0,-3.09858e-07,4328.1963,0.0,0.002576198053,0.0198206407,0.0,27.88545247,11.63223359,0.04947977977,0.0,0.0
1602.5,-18.6385679,31.2358187,300.0,0.0,0.981302185,0.0,2.79736471,0.0,0.0304321136,291.10686,0.0,0.000927714512,0.0,0.002806221345,0.0,-3.09858e-07,4328.1963,0.0,0.001584468493,-0.0134324129,0.0,31.2358187,13.0152238,0.0304321136,0.0,0.0
1603.0,-17.4601633,34.12118867,300.0,0.0,1.071948775,0.0,3.0643670034,0.0,0.04309651492,288.4218,0.0,0.001301663979,0.0,0.003937386821,0.0,-3.09858e-07,4328.1963,0.0,0.002243849073,0.0134017344,0.0,34.12118867,14.223242746,0.04309651492,0.0,0.0
1603.5,-16.2817582,16.20225914,300.0,0.0,0.5090089665,0.0,1.455097796,0.0,0.031383914,288.4218,0.0,0.00094790289,0.0,0.00286731443,0.0,-3.09858e-07,4328.1963,0.0,0.00163402466,-0.0221137343,0.0,16.20225914,6.760204315,0.031383914,0.0,0.0
1604.0,-15.1033533,29.8308719,300.0,0.0,0.9371645096,0.0,2.67906082,0.0,0.0433621204,288.4218,0.0,0.001309686172,0.0,0.003961673877,0.0,-3.09858e-07,4328.1963,0.0,0.002257678007,-0.0176816472,0.0,29.8308719,12.43816525,0.0433621204,0.0,0.0
1604.5,-13.92494855,34.7188303,300.0,0.0,1.090724218,0.0,3.11480483,0.0,0.0306617768,288.4218,0.0,0.000926091823,0.0,0.00280133808,0.0,-3.09858e-07,4328.1963,0.0,0.001596426073,-0.0370924459,0.0,34.7188303,14.46466485,0.0306617768,0.0,0.0
1605.0,-12.7465435,15.56844204,300.0,0.0,0.489097035,0.0,1.398175752,0.0,0.02735626088,288.4218,0.0,0.000826253784,0.0,0.0024993378,0.0,-3.09858e-07,4328.1963,0.0,0.001424322128,-0.01545749815,0.0,15.56844204,6.494117,0.02735626088,0.0,0.0
1605.5,-11.5792289,26.91794245,300.0,0.0,0.845652093,0.0,2.41481336,0.0,0.0502379622,288.4218,0.0,0.001517360405,0.0,0.00458986827,0.0,-3.09858e-07,4328.1963,0.0,0.002615673355,-0.06053366845,0.0,26.91794245,11.23008822,0.0502379622,0.0,0.0
1606.0,-11.11039445,21.049196727,300.0,0.0,0.6612800205,0.0,1.890393177,0.0,0.02893365146,288.4218,0.0,0.000873896437,0.0,0.00264345049,0.0,-3.09858e-07,4328.1963,0.0,0.001506450022,0.0124454736,0.0,21.049196727,8.775620112,0.02893365146,0.0,0.0
1606.5,-11.0406983,22.79376286,300.0,0.0,0.7160871911,0.0,2.047069773,0.0,0.0329518447,288.4218,0.0,0.000995259828,0.0,0.003010561613,0.0,-3.09858e-07,4328.1963,0.0,0.001715660049,0.0057798348,0.0,22.79376286,9.503893307,0.0329518447,0.0,0.0
1607.0,-10.9710021,33.59257194,300.0,0.00025461572,1.055341754,1.51571e-07,3.016892752,4.33294e-07,0.035126971765,288.4218,28.84218,0.001060956172,-4.517946e-06,0.003221462575,-1.493584e-06,-3.09858e-07,4328.1963,0.0,0.001828909487,-0.0080882421,0.0,33.59257194,13.99862755,0.035126971765,0.0,0.0
1607.5,-10.901306,17.13465868,300.0,0.0,0.5383011695,0.0,1.538835017,0.0,0.03410483994,288.4218,0.0,0.001030084242,0.0,0.00311590363,0.0,-3.09858e-07,4328.1963,0.0,0.001775691467,0.02771317775,0.0,17.13465868,7.14977139,0.03410483994,0.0,0.0
1608.0,-10.8316099,35.24250714,300.0,0.0,1.107176026,0.0,3.16507056,0.0,0.03327528489,288.4218,0.0,0.001005028799,0.0,0.00304011484,0.0,-3.09858e-07,4328.1963,0.0,0.00173250014,-0.0127823568,0.0,35.24250714,14.68409641,0.03327528489,0.0,0.0
1608.5,-10.7619138,21.064092298,300.0,0.0,0.6617479836,0.0,1.8917309395,0.0,0.0375897176,288.4218,0.0,0.001135339634,0.0,0.003434292434,0.0,-3.09858e-07,4328.1963,0.016233421536,0.001957133944,-0.0134309215,0.0,21.064092298,8.786872632,0.0375897176,-0.046730444,1.00774e-07
1609.0,-10.6922176,18.273483994,300.0,0.0,0.5740784214,0.0,1.641111006,0.0,0.02118418314,288.4218,0.0,0.000639835656,0.0,0.001935440961,0.0,-3.09858e-07,4328.1963,1.049964517,0.001102968745,-0.0149502153,0.0,18.273483994,7.61610079,0.02118418314,-0.3711526714,5.94736e-07
1609.5,-10.6225216,29.37024057,300.0,0.00010142728,0.922693305,9.1248e-08,2.637692216,2.60851e-07,0.01963654612,288.4218,28.84218,0.000593091691,-3.912399e-06,0.001804586179,-1.293396e-06,-3.09858e-07,4328.1963,2.66529453,0.001022390007,-0.0239298618,0.0,29.37024057,12.23263936,0.01963654612,-0.689781193,1.038914e-06
1610.0,-10.5528254,23.40794947,300.0,0.0,0.7353824081,0.0,2.0957172705,0.0,0.028371477686,288.4218,0.0,0.000856916844,0.0,0.002592088561,0.0,-3.09858e-07,4328.1963,4.2806246,0.001477180078,-0.05305970745,0.0,23.40794947,9.75678661,0.028371477686,-4.92488951,1.0891781e-05
1610.5,-10.4838267,17.2268261,300.0,0.0,0.5411967162,0.0,1.5470891854,0.0,0.02931403445,288.4218,0.0,0.000885385305,0.0,0.002678185432,0.0,-3.09858e-07,4328.1963,5.89595463,0.001526254966,0.0287540545,0.0,17.2268261,7.185325763,0.02931403445,-7.30353867,1.7958152e-05
1611.0,-10.458735,15.169872119,300.0,0.0,0.47657558867,0.0,1.362380907,0.0,0.00991206487,288.4218,0.0,0.00029937867,0.0,0.000905591532,0.0,-3.09858e-07,4328.1963,7.51128474,0.00051607833,-0.0167321509,0.0,15.169872119,6.318083338,0.00991206487,-0.74693723,1.059973e-06
1611.5,-10.458735,26.42841206,300.0,0.0,0.8302730328,0.0,2.3734914937,0.0,0.0317772722,288.4218,0.0,0.000959783643,0.0,0.0029031641,0.0,-3.09858e-07,4328.1963,9.11041305,0.001654505103,-0.0378492563,0.0,26.42841206,11.015611643,0.0317772722,-11.96434955,3.278666e-05
1612.0,-10.458735,18.18829127,300.0,0.0,0.5714020276,0.0,1.6334600327,0.0,0.0166983444,288.4218,0.0,0.000504347808,0.0,0.00152559866,0.0,-3.09858e-07,4328.1963,9.69198,0.000869410561,0.0665135454,0.0,18.18829127,7.578032423,0.0166983444,-0.071272555,8.6902e-08
1612.5,-10.458735,25.40674711,300.0,0.0,0.798176488,0.0,2.2753349164,0.0,0.02040297475,288.4218,0.0,0.000616240491,0.0,0.001864039985,0.0,-3.09858e-07,4328.1963,9.69198,0.001062294627,0.0032989904,0.0,25.40674711,10.583848353,0.02040297475,-4.172522552,1.0959342e-05
1613.0,-10.458735,16.71292543,300.0,0.0,0.5250520283,0.0,1.5009598425,0.0,0.01772823177,288.4218,0.0,0.000535453987,0.0,0.001619696451,0.0,-3.09858e-07,4328.1963,9.69198,0.000923032337,-0.0205704897,0.0,16.71292543,6.964722968,0.01772823177,-0.40695433,4.55313e-07
1613.5,-10.458735,30.28753051,300.0,0.0,0.951510842,0.0,2.720072547,0.0,0.02736807665,288.4218,0.0,0.000826610683,0.0,0.002500309783,0.0,-3.09858e-07,4328.1963,9.69198,0.00142493737,0.0930878834,0.0,30.28753051,12.61884505,0.02736807665,-8.621709008,2.2989388e-05
1614.0,-10.458735,23.55419013,300.0,0.0,0.7399767007,0.0,2.115349185,0.0,0.02535572292,288.4218,0.0,0.000765830616,0.0,0.002316563464,0.0,-3.09858e-07,4328.1963,9.69198,0.001320162822,-0.0816653543,0.0,23.55419013,9.815877414,0.02535572292,-7.19457180917,1.3465241e-05
1614.5,-10.458735,23.08321618,300.0,0.0,0.7251806334,0.0,2.07306503,0.0,0.02295084043,288.4218,0.0,0.000693194851,0.0,0.00209676269,0.0,-3.09858e-07,4328.1963,9.69198,0.001194950976,0.05600487055,0.0,23.08321618,9.618497454,0.02295084043,-7.0889636,1.9347935e-05
1615.0,-10.458735,19.7142184914,300.0,0.0,0.61934043242,0.0,1.7705009764,0.0,0.015946521816,288.4218,0.0,0.000481640172,0.0,0.001456914856,0.0,-3.09858e-07,4328.1963,9.69198,0.000830266403,-0.0068556349,0.0,19.7142184914,8.2125430346,0.015946521816,-2.130569828,3.987465e-06
1615.5,-10.458735,19.141986217,300.0,0.0020177437,0.6013632311,2.427056e-06,1.7191098077,6.938195e-06,0.01394372739,288.4218,28.84218,0.000421148829,-2.83122e-05,0.001350216411,-9.359705e-06,-3.09858e-07,4328.1963,9.69198,0.000725989547,-0.0160095313,0.0,19.141986217,7.97326337,0.01394372739,-0.65832609,7.56192e-07
1616.0,-10.458735,22.92844154,300.0,0.0,0.720318225,0.0,2.059164991,0.0,0.01591239138,288.4218,0.0,0.000480609302,0.0,0.001453774522,0.0,-3.09858e-07,4328.1963,9.69198,0.000828489364,0.0118903553,0.0,22.92844154,9.54998487,0.01591239138,-3.2399055,6.329421e-06
1616.5,-10.458735,25.4759021,300.0,0.0,0.800349071,0.0,2.287948189,0.0,0.01656336309,288.4218,0.0,0.000500270914,0.0,0.00151326979,0.0,-3.09858e-07,4328.1963,9.69198,0.000862382655,0.0068572271,0.0,25.4759021,10.61038237,0.01656336309,-2.280177,3.135609e-06
1617.0,-10.458735,25.77256952,300.0,4.750239e-05,0.8096691428,2.5176e-07,2.314591355,7.19703e-07,0.02133156636,288.4218,25.208131,0.00064428717,-1.5101317e-05,0.001989569353,-4.992331e-06,-3.09858e-07,4328.1963,9.69198,0.001110642428,-0.0428529669,0.0,25.77256952,10.73661187,0.02133156636,-4.781256178,1.3199227e-05
1617.5,-10.458735,19.16345235,300.0,0.0015386229,0.602037595,9.07366e-07,1.718038924,2.593876e-06,0.01485843159,288.430722,28.84218,0.000448794803,-1.311685e-05,0.001392899032,-4.336288e-06,-3.09858e-07,4328.1963,9.69198,0.000773614243,0.01570197005,0.0,19.16345235,7.98272936,0.01485843159,-3.2028458,7.345641e-06
1618.0,-10.458735,16.36167095,300.0,0.00045580124,0.514017055,2.271179e-06,1.46941431,6.492592e-06,0.0181524546,289.01182,0.0,0.000549392046,0.0,0.001661843937,0.0,-3.09858e-07,4328.1963,9.69198,0.000945119776,0.099805577,0.0,16.36167095,6.818811187,0.0181524546,-1.520007728,2.250377e-06
1618.5,-10.458735,19.79864952,300.0,0.0,0.6219929266,0.0,1.778083601,0.0,0.018582560377,289.921703,0.0,0.000564260471,0.0,0.001706827606,0.0,-3.09858e-07,4328.1963,9.69198,0.000967513525,0.0392401209,0.0,19.79864952,8.24921452,0.018582560377,-0.8071197736,1.038536e-06
1619.0,-10.458735,16.47745041,300.0,0.0009850776,0.5176543759,1.220066e-06,1.4798122985,3.487789e-06,0.01367139107,290.831977,29.05131,0.000416542317,-2.1655495e-05,0.001318337646,-7.15907e-06,-3.09858e-07,4328.1963,9.69198,0.00071181017,0.07558296735,0.0,16.47745041,6.864371317,0.01367139107,-3.14270298,7.382199e-06
1619.5,-10.458735,21.43709886,300.0,0.0,0.673466324,0.0,1.916424216,0.0,0.0176879828,291.741662,18.939563,0.000540401147,-3.6242954e-05,0.001732311059,-1.1981525e-05,-3.09858e-07,4328.1963,9.69198,0.000920936728,-0.0514092195,0.0,21.43709886,8.93046304,0.0176879828,-1.120118085,1.438622e-06
1620.0,-10.458735,28.23809479,300.0,0.0,0.887125927,0.0,2.536016112,0.0,0.02186641698,292.651797,0.0,0.000669973843,0.0,0.002026576732,0.0,-3.09858e-07,3889.34265,9.69198,0.00113848975,-0.01885997945,0.0,28.23809479,11.762847264,0.02186641698,-4.81976678,9.978352e-06
1620.5,-10.458735,14.76908954,300.0,0.0,0.4639846285,0.0,1.326387232,0.0,0.02560523675,293.511876,0.0,0.000786786452,0.0,0.00237990086,0.0,-3.09858e-07,2368.79724,9.69198,0.001333153894,-0.04077499855,0.0,14.76908954,6.160477886,0.02560523675,-9.0946618,2.5814779e-05
1621.0,-10.458735,27.8815846,299.855469,0.000559702878,0.875203615,3.96678e-07,2.501934075,1.133979e-06,0.01831617013,291.158762,28.968478,0.00055814581,-8.770986e-06,0.001711968764,-2.899592e-06,-3.09858e-07,1766.8042,9.69198,0.000953643729,-0.04375334415,0.0,27.8815846,11.61242781,0.01831617013,-2.058531965,3.683928e-06
1621.5,-10.458735,28.6693299,299.87985,0.002147975087,0.90001015,1.414006e-06,2.57284812,4.042202e-06,0.0288482724,286.957232,10.292704,0.00086807093,-4.503764e-06,0.0026378297,-1.488895e-06,-3.09858e-07,1766.8042,9.69198,0.00150200474,0.1722953618,0.0,28.6693299,11.94636386,0.0288482724,-8.32403451,2.2790128e-05
1622.0,-10.458735,23.53603365,300.0,0.0,0.7394062918,0.0,2.1137318086,0.0,0.02584749682,282.755024,0.0,0.000763849803,0.0,0.002310571682,0.0,-3.09858e-07,1766.8042,9.69198,0.001345767358,-0.0409711234,0.0,23.53603365,9.808609399,0.02584749682,-7.832179155,2.3124717e-05
1622.5,-10.458735,22.46822135,300.0,0.0,0.705859991,0.0,2.017833387,0.0,0.02082884121,278.553151,0.0,0.000608827377,0.0,0.001841643894,0.0,-3.09858e-07,1766.8042,9.69198,0.001084467636,-0.04217943005,0.0,22.46822135,9.36135471,0.02082884121,-5.3345514,1.0049374e-05
1623.0,-10.458735,27.332541175,299.888135,0.00029539994,0.8580496162,1.666331e-06,2.450858318,4.763519e-06,0.01501330615,274.35133,4.1951416,0.000430819831,-2.608082e-06,0.001310212713,-8.62203e-07,-3.09858e-07,1766.8042,9.69198,0.000781677898,0.0980305095,0.0,27.332541175,11.382038173,0.01501330615,-1.34133053,2.008823e-06
1623.5,-10.458735,25.8195853,299.99399,0.0,0.811133322,0.0,2.314844302,0.0,0.02862637657,270.230279,0.0,0.000808736224,0.0,0.002446196923,0.0,-3.09858e-07,1766.8042,9.69198,0.00149045159,0.0879960656,0.0,25.8195853,10.7604349,0.02862637657,-10.494799714,3.0693884e-05
1624.0,-10.458735,21.92285976,300.0,0.0,0.688726952,0.0,1.968855381,0.0,0.013491441658,271.286867,0.0,0.00038304506,0.0,0.001158674207,0.0,-3.09858e-07,1766.8042,9.69198,0.000702440996,-0.01660617461,0.0,21.92285976,9.13014123,0.013491441658,-0.80653932,1.000984e-06
1624.5,-10.458735,23.44629174,299.99414,0.0,0.7365834598,0.0,2.105662225,0.0,0.02240398027,275.323955,0.0,0.000646377447,0.0,0.001955198322,0.0,-3.09858e-07,1766.8042,9.69198,0.001166478327,0.00403042095,0.0,23.44629174,9.769256804,0.02240398027,-4.130926605,8.217583e-06
1625.0,-10.458735,29.48812758,299.842953,2.994223e-06,0.925546761,1.6619e-08,2.645656917,4.7509e-08,0.02622798411,279.359984,0.0,0.000768429131,0.0,0.002324357893,0.0,-3.09858e-07,1766.8042,9.69198,0.001365577667,0.0873305138,0.0,29.48812758,12.2855422,0.02622798411,-8.04116946,2.0902205e-05
1625.5,-10.458735,25.819348738,300.0,0.0,0.81113873334,0.0,2.3187924912,0.0,0.01655699981,283.396059,0.0,0.00049098008,0.0,0.001485167238,0.0,-3.09858e-07,1766.8042,9.69198,0.000862051373,-0.0256740972,0.0,25.819348738,10.753288959,0.01655699981,-3.2427125,5.087745e-06
1626.0,-10.458735,23.53718429,300.0,0.0,0.739442429,0.0,2.1138351626,0.0,0.01431738273,287.432257,0.0,0.000430650428,0.0,0.001302675864,0.0,-3.09858e-07,1766.8042,9.69198,0.000745444191,-0.0184969132,0.0,23.53718429,9.802355955,0.01431738273,-0.67170882,8.0127e-07
1626.5,-10.458735,16.78459263,299.993494,0.0021619067,0.527300109,1.185922e-06,1.499652978,3.390182e-06,0.01517492186,291.430482,29.126794,0.000463306814,-1.5982102e-05,0.001444515766,-5.283508e-06,-3.09858e-07,1766.8042,9.6758178,0.000790092545,0.0267656446,0.0,16.78459263,6.99305346,0.01517492186,-0.731408082,8.50455e-07
1627.0,-10.458735,28.48823467,300.0,0.0,0.894984287,0.0,2.55848071,0.0,0.02149624165,292.88913,0.0,0.00065931719,0.0,0.00199437064,0.0,-3.09858e-07,1766.8042,8.64201578,0.001119216273,-0.03218859855,0.0,28.48823467,11.86671627,0.02149624165,-4.5127178,1.2233532e-05
1627.5,-10.458735,23.62347931,299.947247,0.0010451002,0.741924616,4.63907e-07,2.120930945,1.326164e-06,0.02206143874,292.88913,29.288913,0.000676652499,-6.468008e-06,0.002064210832,-2.138253e-06,-3.09858e-07,1766.8042,7.02668568,0.001148643681,0.0315500922,0.0,23.62347931,9.84278574,0.02206143874,-2.386019604,4.045302e-06
1628.0,-10.458735,24.41421607,300.0,0.0,0.766995219,0.0,2.19259996,0.0,0.02275416271,292.88913,0.0,0.000697899248,0.0,0.00211107765,0.0,-3.09858e-07,1766.8042,5.41135559,0.001184710836,-0.0328624161,0.0,24.41421607,10.17222154,0.02275416271,-3.60205327,7.081728e-06
1628.5,-10.458735,30.5729376,299.956772,4.751517e-06,0.96022604,2.7603e-08,2.74498654,7.8908e-08,0.0320998249,292.88913,0.0,0.000984542635,0.0,0.002978063047,0.0,-3.09858e-07,1766.8042,3.79602559,0.001671299035,0.0760761714,0.0,30.5729376,12.74036808,0.0320998249,-4.7686570573,1.1351567e-05
1629.0,-10.458735,20.24324972,300.0,0.0,0.6359604604,0.0,1.818012403,0.0,0.0292344444,292.88913,0.0,0.000896657783,0.0,0.002712234818,0.0,-3.09858e-07,1766.8042,2.18069553,0.001522111046,0.0652805606,0.0,20.24324972,8.440435585,0.0292344444,-2.48725625,7.349065e-06
1629.5,-10.458735,27.0748972,299.99615,0.0,0.8505823249,0.0,2.431549418,0.0,0.0370331622,292.88913,0.0,0.001135854371,0.0,0.00343584956,0.0,-3.09858e-07,1766.8042,0.581579733507,0.00192815646,-0.0196159836,0.0,27.0748972,11.287688152,0.0370331622,-0.90301776567,2.004835e-06
1630.0,-10.458735,27.49490276,299.890604,0.0,0.8631395843,0.0,2.467446675,0.0,0.0405537047,292.88913,0.0,0.001243833928,0.0,0.00376247483,0.0,-3.09858e-07,1766.8042,0.0,0.002111455976,0.0348611346,0.0,27.49490276,11.464511005,0.0405537047,0.0,0.0
1630.5,-10.458735,33.85480075,299.777108,0.0007989239,1.062450207,2.623464e-06,3.03592421,7.499664e-06,0.0378564195,292.88913,29.288913,0.001161104738,-4.0131196e-05,0.003620327084,-1.3266936e-05,-3.09858e-07,1766.8042,0.0,0.00197101995,0.0463202106,0.0,33.85480075,14.1093364,0.0378564195,0.0,0.0
1631.0,-10.458735,25.52228514,300.0,0.0,0.8018062141,0.0,2.2921137814,0.0,0.0267967979,292.88913,0.0,0.000821892016,0.0,0.002486143764,0.0,-3.09858e-07,1766.8042,0.0,0.001395193331,-0.0127343192,0.0,25.52228514,10.635657428,0.0267967979,0.0,0.0
1631.5,-10.458735,27.16671617,299.921524,0.0,0.8530839124,0.0,2.430002792,0.0,0.0282722746,292.88913,0.0,0.000867146781,0.0,0.00262303185,0.0,-3.09858e-07,1766.8042,0.0,0.00147201505,0.0036282306,0.0,27.16671617,11.320778992,0.0282722746,0.0,0.0
1632.0,-10.458735,28.28443743,299.98406,0.0,0.8885167376,0.0,2.525482641,0.0,0.04670204902,292.88913,0.0,0.001432411534,0.0,0.004332906215,0.0,-3.09858e-07,1766.8042,0.0,0.002431573624,-0.04289689995,0.0,28.28443743,11.79663229,0.04670204902,0.0,0.0
1632.5,-10.458735,22.06504496,299.97085,0.0,0.693040528,0.0,1.981186516,0.0,0.0369129469,292.88913,0.0,0.00113216726,0.0,0.003424696385,0.0,-3.09858e-07,1766.8042,0.0,0.00192189747,-0.0104474017,0.0,22.06504496,9.202981356,0.0369129469,0.0,0.0
1633.0,-10.458735,31.91348127,300.0,0.0,1.002591611,0.0,2.866096435,0.0,0.04262860533,292.88913,0.0,0.001307473836,0.0,0.00395498172,0.0,-3.09858e-07,1766.8042,0.0,0.002219487113,-0.012911138,0.0,31.91348127,13.304326009,0.04262860533,0.0,0.0
1633.5,-10.458735,24.11239975,299.975721,0.001806881,0.757440548,2.048935e-06,2.153223545,5.857264e-06,0.03648654315,292.88913,11.7880974,0.001119088855,-7.632461e-06,0.00340569509,-2.523208e-06,-3.09858e-07,1766.8042,0.0,0.00189969642,-0.00651288905,0.0,24.11239975,10.05465176,0.03648654315,0.0,0.0
1634.0,-10.458735,27.96665908,299.90923,0.0,0.878063717,0.0,2.510110124,0.0,0.037051525,292.88913,0.0,0.001136417623,0.0,0.00343755334,0.0,-3.09858e-07,1766.8042,0.0,0.00192911262,-0.00781399625,0.0,27.96665908,11.65876754,0.037051525,0.0,0.0
1634.5,-10.458735,29.807313,299.85681,0.0,0.935508346,0.0,2.67432641,0.0,0.0311438036,292.88913,0.0,0.000955220207,0.0,0.00288944874,0.0,-3.09858e-07,1766.8042,0.0,0.001621523087,-0.0101513994,0.0,29.807313,12.42122773,0.0311438036,0.0,0.0
1635.0,-10.458735,26.8274247,300.0,0.0,0.842808409,0.0,2.409326192,0.0,0.03110257173,292.88913,0.0,0.000953955613,0.0,0.0028856233,0.0,-3.09858e-07,1766.8042,0.0,0.001619376359,-0.01228282845,0.0,26.8274247,11.18124988,0.03110257173,0.0,0.0
1635.5,-10.458735,21.13500719,300.0,0.0,0.6639758129,0.0,1.898099656,0.0,0.04670118026,292.808979,0.0,0.001432247187,0.0,0.00433240921,0.0,-3.09858e-07,1766.8042,0.0,0.002431528403,-0.01295382375,0.0,21.13500719,8.821700954,0.04670118026,0.0,0.0
1636.0,-10.458735,31.60625645,299.977988,0.0,0.992837389,0.0,2.8314995035,0.0,0.0377355531,287.586705,0.0,0.001138258861,0.0,0.00344311983,0.0,-3.09858e-07,1608.49976,0.0,0.00196472699,-0.037518547,0.0,31.60625645,13.173629915,0.0377355531,0.0,0.0
1636.5,-10.458735,24.02066703,299.988782,0.0,0.754568122,0.0,2.15707476,0.0,0.03388404195,279.409286,0.0,0.00099266208,0.0,0.003002706659,0.0,-3.09858e-07,1249.73304,0.0,0.001764195503,-0.01278670495,0.0,24.02066703,10.01496153,0.03388404195,0.0,0.0
1637.0,-10.458735,28.0448862,299.858142,0.0,0.880174516,0.0,2.51614424,0.0,0.03027410506,271.231355,0.0,0.000861015779,0.0,0.00260448942,0.0,-3.09858e-07,890.599001,0.0,0.001576241723,-0.0127731329,0.0,28.0448862,11.68736111,0.03027410506,0.0,0.0
1637.5,-10.458735,42.1587826,299.022135,0.0,1.315316649,0.0,3.760079821,0.0,0.01842336764,263.052585,0.0,0.000507652223,0.0,0.00153559288,0.0,-3.09858e-07,550.292464,0.0,0.000959225056,0.05024606835,0.0,42.1587826,17.55333789,0.01842336764,0.0,0.0
1638.0,-10.458735,25.273664871,299.823527,0.0,0.79312372812,0.0,2.2672931693,0.0,0.03029615127,254.873584,0.0,0.000810205816,0.0,0.00245079415,0.0,-3.09858e-07,468.52643,0.0,0.00157738956,-0.0127282129,0.0,25.273664871,10.5342482135,0.03029615127,0.0,0.0
1638.5,-10.458735,22.6136936,300.0,0.0,0.710430141,0.0,2.030898034,0.0,0.0171216103,246.774271,0.0,0.000441541098,0.0,0.001335617754,0.0,-3.09858e-07,468.52643,0.0,0.000891448178,0.0336127765,0.0,22.6136936,9.41972212,0.0171216103,0.0,0.0
1639.0,-10.458735,25.480533914,299.817123,0.0,0.7995918745,0.0,2.2857836387,0.0,0.02787311405,243.81738,0.0,0.000711670154,0.0,0.002152731787,0.0,-3.09858e-07,468.52643,0.0,0.001451232456,0.03938732955,0.0,25.480533914,10.618913304,0.02787311405,0.0,0.0
1639.5,-10.458735,32.1263921,299.647562,0.0,1.007027429,0.0,2.87877717,0.0,0.0446761556,243.81738,0.0,0.001140693761,0.0,0.00345048824,0.0,-3.09858e-07,468.52643,0.0,0.002326094173,-0.0130562891,0.0,32.1263921,13.3941149,0.0446761556,0.0,0.0
1640.0,-10.458735,28.0709978,299.758923,0.0,0.880544203,0.0,2.517200974,0.0,0.041167342344,243.81738,0.0,0.001051105034,0.0,0.003179491004,0.0,-3.09858e-07,468.52643,0.0,0.002143405503,-0.01289479665,0.0,28.0709978,11.70458624,0.041167342344,0.0,0.0
1640.5,-10.458735,26.5357506,299.83844,0.0,0.832830366,0.0,2.370586081,0.0,0.02977692045,243.81738,0.0,0.000760279122,0.0,0.002299768833,0.0,-3.09858e-07,468.52643,0.0,0.001550355443,-0.0338760109,0.0,26.5357506,11.05910851,0.02977692045,0.0,0.0
1641.0,-10.458735,24.41356496,300.0,0.0,0.766974752,0.0,2.192541457,0.0,0.02898679535,243.81738,0.0,0.000740105243,0.0,0.002238746758,0.0,-3.09858e-07,468.52643,0.0,0.001509217062,-0.01275946115,0.0,24.41356496,10.17558972,0.02898679535,0.0,0.0
1641.5,-10.458735,34.56836805,299.483568,0.0014567679,1.083206445,1.787868e-06,3.096549126,5.110956e-06,0.02951872171,243.81738,24.381738,0.000753686656,-2.0824099e-05,0.00233590162,-6.88422e-06,-3.09858e-07,468.52643,0.0,0.001536912149,0.03299101,0.0,34.56836805,14.40138901,0.02951872171,0.0,0.0
1642.0,-10.458735,20.267487525,299.871836,0.0,0.6361309756,0.0,1.8177633873,0.0,0.03259057433,243.81738,0.0,0.000832118714,0.0,0.002517078584,0.0,-3.09858e-07,468.52643,0.0,0.001696850253,-0.0165581211,0.0,20.267487525,8.45248074,0.03259057433,0.0,0.0
1642.5,-10.458735,29.09086362,299.71315,0.0,0.9124553542,0.0,2.608425082,0.0,0.0276081287,243.81738,0.0,0.000704904436,0.0,0.00213226767,0.0,-3.09858e-07,468.52643,0.0,0.001437435814,-0.0127094833,0.0,29.09086362,12.121043255,0.0276081287,0.0,0.0
1643.0,-10.458735,25.44200222,300.0,0.0,0.799284063,0.0,2.284903682,0.0,0.0332315227,243.81738,0.0,0.000848483743,0.0,0.002566581106,0.0,-3.09858e-07,468.52643,0.0,0.00173022166,-0.01156506113,0.0,25.44200222,10.6060086,0.0332315227,0.0,0.0
1643.5,-10.458735,29.56551587,299.453177,0.00014050822,0.925958866,7.53919e-07,2.647027395,2.155219e-06,0.0347486197,243.81738,0.0,0.000887218971,0.0,0.002683695983,0.0,-3.09858e-07,468.52643,0.0,0.001809210283,0.11958067615,0.0,29.56551587,12.32271877,0.0347486197,0.0,0.0
1644.0,-10.458735,29.38517368,299.64347,0.0,0.921461592,0.0,2.63417113,0.0,0.030897626,243.81738,0.0,0.000788893522,0.0,0.002386326578,0.0,-3.09858e-07,468.52643,0.0,0.0016087057,-0.0132333121,0.0,29.38517368,12.2454288,0.030897626,0.0,0.0
1644.5,-10.458735,28.8399784,299.590582,0.0,0.903688426,0.0,2.583363175,0.0,0.030101215,243.81738,0.0,0.000768559166,0.0,0.002324817063,0.0,-3.09858e-07,468.52643,0.0,0.001567240043,-0.0078769334,0.0,28.8399784,12.0181036,0.030101215,0.0,0.0
1645.0,-10.458735,22.62587727,299.575488,0.0,0.7086289715,0.0,2.025749089,0.0,0.0307365186,243.81738,0.0,0.000784780054,0.0,0.00237388371,0.0,-3.09858e-07,468.52643,0.0,0.001600317577,-0.0127746767,0.0,22.62587727,9.43274144,0.0307365186,0.0,0.0
1645.5,-10.458735,22.51686548,299.889224,0.0,0.706868787,0.0,2.01399681,0.0,0.02799686923,243.81738,0.0,0.000714829964,0.0,0.002162281787,0.0,-3.09858e-07,468.52643,0.0,0.00145767587,-0.024212987,0.0,22.51686548,9.38578112,0.02799686923,0.0,0.0
1646.0,-10.458735,30.194088587,299.723247,0.0,0.946985318333,0.0,2.70713546123,0.0,0.0345489686,243.81738,0.0,0.000882121392,0.0,0.00266833147,0.0,-3.09858e-07,598.872449,0.0,0.001798815314,-0.00099240415,0.0,30.194088587,12.5841562215,0.0345489686,0.0,0.0
1646.5,-10.458735,25.88163114,299.908908,0.0,0.8125658397,0.0,2.322872106,0.0,0.02700667792,243.81738,0.0,0.000689547902,0.0,0.002085814358,0.0,-3.09858e-07,1401.32303,0.0,0.001406120912,0.00062963985,0.0,25.88163114,10.78530663,0.02700667792,0.0,0.0
1647.0,-10.458735,24.230107942,300.0,0.0,0.7612112829,0.0,2.1760655084,0.0,0.02384506137,243.81738,0.0,0.00060882392,0.0,0.001841633425,0.0,-3.09858e-07,2297.46243,0.0,0.001241509121,-0.01270258575,0.0,24.230107942,10.096249607,0.02384506137,0.0,0.0
1647.5,-10.458735,30.43685595,300.0,0.0001484334,0.956202014,8.39712e-07,2.72837843,2.400476e-06,0.033131154295,243.795435,13.084126,0.0008459203,-8.425684e-06,0.002581527952,-2.785439e-06,-3.09858e-07,3065.94842,0.0,0.001724995906,-0.00725311255,0.0,30.43685595,12.68434564,0.033131154295,0.0,0.0
1648.0,-10.458735,27.9550654,300.0,0.0,0.878234296,0.0,2.51059777,0.0,0.0271086792,242.36973,0.0,0.000687376382,0.0,0.00207924703,0.0,-3.09858e-07,3162.3298,0.0,0.001411431684,-0.0127999556,0.0,27.9550654,11.64813725,0.0271086792,0.0,0.0
1648.5,-10.458735,28.20421443,300.0,0.0,0.886061521,0.0,2.52752781,0.0,0.02834787157,240.136105,14.656065,0.000713317913,-2.416169e-06,0.00216422758,-7.98759e-07,-3.09858e-07,3162.3298,0.0,0.001475950997,-0.03268595337,0.0,28.20421443,11.75253403,0.02834787157,0.0,0.0
1649.0,-10.458735,24.46859066,300.0,0.0,0.768703456,0.0,2.197483248,0.0,0.0337954564,237.902495,0.0,0.000841320236,0.0,0.002544912327,0.0,-3.09858e-07,3162.3298,0.0,0.001759583212,-0.0128126989,0.0,24.46859066,10.20129402,0.0337954564,0.0,0.0
1649.5,-10.458735,26.28535495,300.0,0.0,0.825778781,0.0,2.360643825,0.0,0.0366882891,235.669151,0.0,0.000904690077,0.0,0.00273659837,0.0,-3.09858e-07,3162.3298,0.0,0.001910200525,0.0275628523,0.0,26.28535495,10.9589522,0.0366882891,0.0,0.0
1650.0,-10.458735,25.2164915,300.0,0.0,0.792199451,0.0,2.26465095,0.0,0.0243040767,233.435549,0.0,0.000593952027,0.0,0.001796647377,0.0,-3.09858e-07,3162.3298,0.0,0.001265408162,-0.0125937839,0.0,25.2164915,10.5069595,0.0243040767,0.0,0.0
1650.5,-10.4511628,33.87186742,300.0,0.0,1.0641161075,0.0,3.041975802,0.0,0.033238164168,231.223486,0.0,0.000804758199,0.0,0.002434312962,0.0,-3.09858e-07,3162.3298,0.0,0.001730567419,0.03229241795,0.0,33.87186742,14.113741853,0.033238164168,0.0,0.0
1651.0,-9.9672829,25.1944395,300.0,0.0019722836,0.791506649,9.8006e-07,2.262670515,2.801686e-06,0.030152488255,230.41594,22.336542,0.00072755241,-1.0437694e-05,0.002228897691,-3.450588e-06,-3.09858e-07,3162.3298,0.0,0.001569909609,-0.0070443971,0.0,25.1944395,10.50119794,0.030152488255,0.0,0.0
1651.5,-9.21120165,20.39599743,300.0,0.0,0.6407591656,0.0,1.8317304295,0.0,0.0342683494,230.41594,0.0,0.000826864431,0.0,0.002501184892,0.0,-3.09858e-07,3162.3298,0.0,0.001784204682,-0.0113348755,0.0,20.39599743,8.506934396,0.0342683494,0.0,0.0
1652.0,-8.45512045,25.4718777,300.0,0.0,0.800222639,0.0,2.282075296,0.0,0.03190721878,230.41594,0.0,0.000769892487,0.0,0.002328821796,0.0,-3.09858e-07,3162.3298,0.0,0.00166127082,-0.0087507311,0.0,25.4718777,10.61766672,0.03190721878,0.0,0.0
1652.5,-7.69903939,26.48275876,300.0,0.0,0.831980388,0.0,2.378372263,0.0,0.0364327842,230.41594,0.0,0.000879090311,0.0,0.00265916079,0.0,-3.09858e-07,3162.3298,0.0,0.00189689749,0.0414829731,0.0,26.48275876,11.04094397,0.0364327842,0.0,0.0
1653.0,-6.94295817,25.86419558,300.0,0.0,0.812547661,0.0,2.322820127,0.0,0.02263792308,230.41594,0.0,0.000546232723,0.0,0.001652301132,0.0,-3.09858e-07,3162.3298,0.0,0.001178658753,-0.0086692978,0.0,25.86419558,10.77550068,0.02263792308,0.0,0.0
1653.5,-6.18687694,28.2429905,300.0,0.0,0.887279702,0.0,2.523615012,0.0,0.02779233995,230.429401,0.0,0.000670609417,0.0,0.002028528314,0.0,-3.09858e-07,3162.3298,0.0,0.001447026896,-0.04754144333,0.0,28.2429905,11.7683445,0.02779233995,0.0,0.0
1654.0,-5.43079584,25.55802692,300.0,0.0,0.8029291155,0.0,2.295323736,0.0,0.0338507883,231.306103,0.0,0.00082008128,0.0,0.002480666545,0.0,-3.09858e-07,3162.3298,0.0,0.00176246409,-0.00683481364,0.0,25.55802692,10.654649083,0.0338507883,0.0,0.0
1654.5,-4.67471459,25.28511905,300.0,0.0,0.7943554416,0.0,2.270814266,0.0,0.02650426637,232.679902,0.0,0.000645454822,0.0,0.001952438387,0.0,-3.09858e-07,3162.3298,0.0,0.001379962494,-0.00585395674,0.0,25.28511905,10.53680038,0.02650426637,0.0,0.0
1655.0,-3.91863346,30.8002895,300.0,0.00035943657,0.967619651,2.061975e-06,2.762609597,5.894542e-06,0.01666747831,234.053669,8.560546,0.000408400746,-1.0268092e-05,0.001263038166,-3.394519e-06,-3.09858e-07,3162.3298,0.0,0.000867803483,0.019523502605,0.0,30.8002895,12.82595988,0.01666747831,0.0,0.0
1655.5,-3.17014793,29.70513201,300.0,0.0,0.933214227,0.0,2.667768189,0.0,0.02593973171,235.427168,0.0,0.000639128557,0.0,0.001933301993,0.0,-3.09858e-07,3162.3298,0.0,0.00135056963,-0.00388964334,0.0,29.70513201,12.375670456,0.02593973171,0.0,0.0
1656.0,-2.897924,32.81284194,300.0,0.0,1.030845852,0.0,2.94686649,0.0,0.030647700194,236.800983,0.0,0.000760716981,0.0,0.002301095243,0.0,-3.09858e-07,3162.3298,0.0,0.00159569316,-0.00378696515,0.0,32.81284194,13.67156062,0.030647700194,0.0,0.0
1656.5,-2.897924,27.3177174,300.0,0.0,0.858211431,0.0,2.453358597,0.0,0.02008618568,238.16103,0.0,0.000500632527,0.0,0.001514364963,0.0,-3.09858e-07,3162.3298,0.0,0.00104580077,-0.00366949779,0.0,27.3177174,11.37883221,0.02008618568,0.0,0.0
1657.0,-2.897924,26.34288281,300.0,0.0,0.8275860824,0.0,2.365810335,0.0,0.0268870237,238.65784,0.0,0.000671965642,0.0,0.002032631023,0.0,-3.09858e-07,3162.3298,0.0,0.001399891038,-0.00374514303,0.0,26.34288281,10.97716726,0.0268870237,0.0,0.0
1657.5,-2.897924,24.78438374,300.0,0.0,0.7786243805,0.0,2.225844107,0.0,0.03410748389,238.65784,0.0,0.000852420736,0.0,0.00257849022,0.0,-3.09858e-07,3162.3298,0.0,0.001775829126,-0.00422844255,0.0,24.78438374,10.3328802,0.03410748389,0.0,0.0
1658.0,-2.897924,27.0896675,300.0,0.0,0.851046992,0.0,2.432877773,0.0,0.0290010426,238.65784,0.0,0.000724799593,0.0,0.00219244863,0.0,-3.09858e-07,3162.3298,0.0,0.00150995886,-0.0037686537,0.0,27.0896675,11.28914405,0.0290010426,0.0,0.0
1658.5,-2.897924,23.4300258272,300.0,0.0,0.736075972015,0.0,2.10421145337,0.0,0.020809961548,238.65784,0.0,0.000520086528,0.0,0.001573211402,0.0,-3.09858e-07,3162.3298,0.0,0.001083484698,-0.00367821984,0.0,23.4300258272,9.7615574583,0.020809961548,0.0,0.0
1659.0,-2.897924,24.58389818,300.0,0.0,0.772325941,0.0,2.199612937,0.0,0.02494963,238.65784,0.0,0.000623545912,0.0,0.00188616602,0.0,-3.09858e-07,3162.3298,0.0,0.001299019302,-0.03447926811,0.0,24.58389818,10.24410947,0.02494963,0.0,0.0
1659.5,-2.897924,31.15549636,300.0,0.0,0.978778796,0.0,2.79802306,0.0,0.038037251975,238.65784,0.0,0.000950634256,0.0,0.002875576568,0.0,-3.09858e-07,3162.3298,0.0,0.001980435133,-0.00384948954,0.0,31.15549636,12.9862419,0.038037251975,0.0,0.0
1660.0,-2.897924,28.67878157,300.0,0.0,0.900970515,0.0,2.575593467,0.0,0.03586598086,238.65784,0.0,0.000896369442,0.0,0.00271143079,0.0,-3.09858e-07,3149.74479,0.0,0.001867386495,-0.00380349917,0.0,28.67878157,11.95439487,0.03586598086,0.0,0.0
1660.5,-2.897924,23.24256791,298.969934,0.0,0.726407394,0.0,2.076572022,0.0,0.031463189,238.65784,0.0,0.000786334049,0.0,0.002378584324,0.0,-3.09858e-07,1579.3623,0.0,0.001638152146,-0.00379604586,0.0,23.24256791,9.68977525,0.031463189,0.0,0.0
1661.0,-2.897924,22.67712079,300.0,0.0,0.7124227326,0.0,2.036594306,0.0,0.03006488205,238.65784,0.0,0.000751387268,0.0,0.002272873703,0.0,-3.09858e-07,731.2658,0.0,0.001565348348,-0.00378049357,0.0,22.67712079,9.453672015,0.03006488205,0.0,0.0
1661.5,-2.897924,27.98139172,300.0,0.0,0.879061364,0.0,2.512962046,0.0,0.02565845365,238.65784,0.0,0.000641260954,0.0,0.001939752332,0.0,-3.09858e-07,731.2658,0.0,0.00133592465,-0.00373148452,0.0,27.98139172,11.658245646,0.02565845365,0.0,0.0
1662.0,-2.897924,29.24318065,300.0,0.0,0.918701599,0.0,2.626281119,0.0,0.01875949184,238.65784,0.0,0.000468840799,0.0,0.001418198064,0.0,-3.09858e-07,731.2658,0.0,0.000976725595,-0.00365141171,0.0,29.24318065,12.17925668,0.01875949184,0.0,0.0
1662.5,-2.897924,29.57658902,300.0,0.0,0.929175938,0.0,2.65622401,0.0,0.0410991536,238.65784,0.0,0.001027157853,0.0,0.00310705319,0.0,-3.09858e-07,731.2658,0.0,0.002139855116,-0.00390232912,0.0,29.57658902,12.33103441,0.0410991536,0.0,0.0
1663.0,-2.897924,28.5592752,300.0,0.0,0.897216082,0.0,2.564860764,0.0,0.03841375856,238.65784,0.0,0.000960043971,0.0,0.0029040401,0.0,-3.09858e-07,731.2658,0.0,0.002000038257,-0.0038733711,0.0,28.5592752,11.90615479,0.03841375856,0.0,0.0
1663.5,-2.897924,23.95924642,300.0,0.0,0.752701911,0.0,2.151739856,0.0,0.02097106634,238.65784,0.0,0.00052411289,0.0,0.001585388498,0.0,-3.09858e-07,731.2658,0.0,0.001091872694,0.06151526379,0.0,23.95924642,9.981864091,0.02097106634,0.0,0.0
1664.0,-2.897924,26.70625825,300.0,0.0,0.8390018286,0.0,2.398444398,0.0,0.0334526157,238.65784,0.0,0.000836054161,0.0,0.002528982919,0.0,-3.09858e-07,731.2658,0.0,0.001741733019,-0.00381819303,0.0,26.70625825,11.13220391,0.0334526157,0.0,0.0
1664.5,-2.897924,33.1809563,299.829214,0.0,1.041305548,0.0,2.97676757,0.0,0.02465852796,238.65784,0.0,0.00061627064,0.0,0.001864159022,0.0,-3.09858e-07,731.2658,0.0,0.001283862861,-0.00368815148,0.0,33.1809563,13.82123885,0.02465852796,0.0,0.0
1665.0,-2.897924,23.66724333,300.0,0.0,0.743528371,0.0,2.125515547,0.0,0.0305659656,238.65784,0.0,0.000763910457,0.0,0.002310755167,0.0,-3.09858e-07,731.2658,0.0,0.001591437592,-0.00378604977,0.0,23.66724333,9.865962,0.0305659656,0.0,0.0
1665.5,-2.897924,28.65546607,299.989478,0.0,0.900235725,0.0,2.573492969,0.0,0.01654674458,238.65784,0.0,0.000413539393,0.0,0.001250916662,0.0,-3.09858e-07,731.2658,0.0,0.00086151741,-0.00617234684,0.0,28.65546607,11.93341226,0.01654674458,0.0,0.0
1666.0,-2.897924,31.0658525,299.982895,0.0,0.975935212,0.0,2.789222477,0.0,0.01959081363,238.65784,0.0,0.000489617351,0.0,0.001481045131,0.0,-3.09858e-07,731.2658,0.0,0.001020008924,-0.04008075747,0.0,31.0658525,12.93816982,0.01959081363,0.0,0.0
1666.5,-2.897924,31.2912605,300.0,0.0,0.983043938,0.0,2.810215766,0.0,0.0487676224,238.65784,0.0,0.001218809677,0.0,0.003686781313,0.0,-3.09858e-07,731.2658,0.0,0.00253911905,-0.00398852257,0.0,31.2912605,13.04899931,0.0487676224,0.0,0.0
1667.0,-2.897924,23.53243915,300.0,0.0,0.7392933766,0.0,2.113409052,0.0,0.02786955915,238.65784,0.0,0.000696521361,0.0,0.002106909638,0.0,-3.09858e-07,731.2658,0.0,0.001451047405,-0.00371696283,0.0,23.53243915,9.80829443,0.02786955915,0.0,0.0
1667.5,-2.897924,28.15545164,300.0,0.0,0.884529598,0.0,2.528594063,0.0,0.0238870021,238.65784,0.0,0.000596988518,0.0,0.001805832504,0.0,-3.09858e-07,731.2658,0.0,0.001243692877,0.00287979269,0.0,28.15545164,11.7296385,0.0238870021,0.0,0.0
1668.0,-2.897924,24.88730055,299.81951,0.0,0.7809120173,0.0,2.231066062,0.0,0.01602492095,238.65784,0.0,0.000400497891,0.0,0.001211467294,0.0,-3.09858e-07,731.2658,0.0,0.000834348304,-0.01395684362,0.0,24.88730055,10.365146392,0.01602492095,0.0,0.0
1668.5,-2.897924,21.200712047,300.0,0.0,0.66604001085,0.0,1.9040004554,0.0,0.013494746153,238.65784,0.0,0.000337263269,0.0,0.001020188731,0.0,-3.09858e-07,731.2658,0.0,0.000702613053,-0.00359618766,0.0,21.200712047,8.829652356,0.013494746153,0.0,0.0
1669.0,-2.897924,23.00464174,300.0,0.0,0.722712165,0.0,2.066008498,0.0,0.01405587267,238.65784,0.0,0.000351287055,0.0,0.001062609323,0.0,-3.09858e-07,731.2658,0.0,0.000731828486,-0.00360240382,0.0,23.00464174,9.58060864,0.01405587267,0.0,0.0
1669.5,-2.897924,26.52553505,300.0,0.0,0.833324273,0.0,2.382214001,0.0,0.01734479897,238.65784,0.0,0.000433484513,0.0,0.001311248728,0.0,-3.09858e-07,731.2658,0.0,0.00090306866,-0.0036390001,0.0,26.52553505,11.04759852,0.01734479897,0.0,0.0
1670.0,-2.897924,27.67536755,300.0,0.0,0.869447314,0.0,2.4854785175,0.0,0.02055039275,238.65784,0.0,0.000513599332,0.0,0.001553588249,0.0,-3.09858e-07,731.2658,0.0,0.00106997001,-0.00367469187,0.0,27.67536755,11.52792406,0.02055039275,0.0,0.0
1670.5,-2.90230283,26.27338986,299.973746,0.0008605432,0.825387406,5.074e-07,2.359524996,1.450498e-06,0.02626922257,238.65784,23.865784,0.000656525432,-6.996782e-06,0.00200477737,-2.31306e-06,-3.09858e-07,731.2658,0.0,0.001367724739,-0.00419411306,0.0,26.27338986,10.94789002,0.02626922257,0.0,0.0
1671.0,-3.18223117,30.89042145,299.91943,0.0,0.969938402,0.0,2.772751128,0.0,0.0387103834,238.65784,0.0,0.000967457249,0.0,0.002926464687,0.0,-3.09858e-07,968.381473,0.0,0.002015482154,-0.00421414426,0.0,30.89042145,12.87633487,0.0387103834,0.0,0.0
1671.5,-3.61962716,30.96147077,300.0,0.0,0.972683282,0.0,2.78059791,0.0,0.0411452261,238.65784,0.0,0.001028309309,0.0,0.003110536162,0.0,-3.09858e-07,2209.11453,0.0,0.002142253869,-0.00473469685,0.0,30.96147077,12.90732109,0.0411452261,0.0,0.0
1672.0,-4.05702307,21.949070707,300.0,0.0,0.6895504031,0.0,1.971209341,0.0,0.0363220402,238.65784,0.0,0.000907767337,0.0,0.00274590835,0.0,-3.09858e-07,3134.93825,0.0,0.001891131488,-0.0052283334,0.0,21.949070707,9.1543786594,0.0363220402,0.0,0.0
1672.5,-4.49441899,22.832291425,300.0,0.0,0.7172976034,0.0,2.050529938,0.0,0.029192720445,238.65784,0.0,0.000729590054,0.0,0.002206939162,0.0,-3.09858e-07,3163.3962,0.0,0.001519938692,-0.00560405378,0.0,22.832291425,9.517730403,0.029192720445,0.0,0.0
1673.0,-4.93181489,24.914643037,300.0,0.0,0.7827166197,0.0,2.2375425024,0.0,0.03195086723,238.65784,0.0,0.000798522155,0.0,0.002415452259,0.0,-3.09858e-07,3163.3962,0.0,0.001663543439,-0.00621997339,0.0,24.914643037,10.385823082,0.03195086723,0.0,0.0
1673.5,-5.3692108,25.74065376,300.0,0.0,0.808666487,0.0,2.31172505,0.0,0.0202995632,238.65784,0.0,0.000507330544,0.0,0.001534625835,0.0,-3.09858e-07,3163.3962,0.0,0.001056910413,-0.00615114039,0.0,25.74065376,10.722728914,0.0202995632,0.0,0.0
1674.0,-5.80660661,24.2715518,300.0,0.0,0.762513292,0.0,2.179787533,0.0,0.023585650624,238.65784,0.0,0.00058945708,0.0,0.00178304772,0.0,-3.09858e-07,3163.3962,0.0,0.001228002797,0.051883635,0.0,24.2715518,10.11334322,0.023585650624,0.0,0.0
1674.5,-6.24400269,24.53463853,300.0,0.0,0.7707784039,0.0,2.2034148685,0.0,0.03194891987,238.65784,0.0,0.00079847349,0.0,0.002415305012,0.0,-3.09858e-07,3163.3962,0.0,0.001663442038,-0.00208344085,0.0,24.53463853,10.227698793,0.03194891987,0.0,0.0
1675.0,-6.68139861,11.23328263,300.0,0.0,0.3529039831,0.0,1.008842341,0.0,0.03242207581,238.65784,0.0,0.000810298724,0.0,0.002451075162,0.0,-3.09858e-07,3163.3962,0.0,0.001688077237,-0.0082361736,0.0,11.23328263,4.693182849,0.03242207581,0.0,0.0
1675.5,-7.1143996,21.26789657,300.0,0.0,0.6681506684,0.0,1.910034169,0.0,0.0304221075,238.65784,0.0,0.000760315119,0.0,0.002299879665,0.0,-3.09858e-07,3163.3962,0.0,0.001583947561,-0.00879748675,0.0,21.26789657,8.867491586,0.0304221075,0.0,0.0
1676.0,-7.271883,22.4509416356,300.0,0.0,0.70531715385,0.0,2.0162815764,0.0,0.0298928793,238.65784,0.0,0.000747088534,0.0,0.002259821848,0.0,-3.09858e-07,3163.3962,0.0,0.001556392915,0.0562773745,0.0,22.4509416356,9.3594568924,0.0298928793,0.0,0.0
1676.5,-7.271883,23.53468706,300.0,0.0,0.7393639938,0.0,2.113610945,0.0,0.029083301035,238.65784,0.0,0.000726855418,0.0,0.002198667275,0.0,-3.09858e-07,3163.3962,0.0,0.001514241684,-0.0089708973,0.0,23.53468706,9.809938497,0.029083301035,0.0,0.0
1677.0,-7.271883,17.566824024,300.0,0.0,0.5518780725,0.0,1.576982614,0.0,0.0277244947,238.65784,0.0,0.000692895857,0.0,0.002095942904,0.0,-3.09858e-07,3163.3962,0.0,0.00144349446,-0.0076043266,0.0,17.566824024,7.32587323,0.0277244947,0.0,0.0
1677.5,-7.271883,33.49194782,300.0,0.0,1.05218056,0.0,3.007855801,0.0,0.04544588114,238.65784,0.0,0.001135792127,0.0,0.003435661329,0.0,-3.09858e-07,3163.3962,0.0,0.002366170476,-0.00859153424,0.0,33.49194782,13.96278243,0.04544588114,0.0,0.0
1678.0,-7.271883,24.75784083,300.0,0.0,0.777790503,0.0,2.223460256,0.0,0.02251835245,238.65784,0.0,0.000562782973,0.0,0.001702364037,0.0,-3.09858e-07,3163.3962,0.0,0.001172433242,-0.0088977423,0.0,24.75784083,10.31506873,0.02251835245,0.0,0.0
1678.5,-7.271883,24.03818793,300.0,0.0,0.7551819524,0.0,2.158829502,0.0,0.03062138996,238.65784,0.0,0.000765295608,0.0,0.002314945192,0.0,-3.09858e-07,3163.3962,0.0,0.001594323311,-0.00872590535,0.0,24.03818793,10.020347227,0.03062138996,0.0,0.0
1679.0,-7.271883,25.35179665,300.0,0.0,0.796450179,0.0,2.276802481,0.0,0.0299164478,238.65784,0.0,0.000747677574,0.0,0.00226164238,0.0,-3.09858e-07,3163.3962,0.0,0.001557619992,0.024044453,0.0,25.35179665,10.56653771,0.0299164478,0.0,0.0
1679.5,-7.271883,36.08796643,300.0,0.0,1.133736878,0.0,3.239121687,0.0,0.0368204781,238.65784,0.0,0.000920224414,0.0,0.00278358059,0.0,-3.09858e-07,3163.3962,0.0,0.001917083023,0.041113495,0.0,36.08796643,15.03796824,0.0368204781,0.0,0.0
1680.0,-7.271883,25.38283718,300.0,0.0,0.7974253274,0.0,2.2795901204,0.0,0.01973627778,238.65784,0.0,0.000493252832,0.0,0.001492042034,0.0,-3.09858e-07,3163.3962,0.0,0.001027582622,-0.00886560285,0.0,25.38283718,10.573509944,0.01973627778,0.0,0.0
1680.5,-7.28576197,27.05334869,300.0,0.0,0.849905998,0.0,2.424503362,0.0,0.0348212517,238.65784,0.0,0.000870259364,0.0,0.002632450396,0.0,-3.09858e-07,3163.3962,0.0,0.00181299194,-0.023009602,0.0,27.05334869,11.27743013,0.0348212517,0.0,0.0
1681.0,-8.17071282,32.4384013,300.0,0.0,1.01908242,0.0,2.90852185,0.0,0.027027672287,238.65784,11.288752,0.000675480732,-1.0125139e-05,0.00207053875,-3.347261e-06,-3.09858e-07,3163.3962,0.0,0.001407213958,0.02738670145,0.0,32.4384013,13.51363964,0.027027672287,0.0,0.0
1681.5,-9.5535279,19.78712314,300.0,0.0,0.6216307875,0.0,1.777048423,0.0,0.02106642772,238.65784,0.0,0.000526496167,0.0,0.001592597127,0.0,-3.09858e-07,3163.3962,0.0,0.001096837756,0.0457329746,0.0,19.78712314,8.24586857,0.02106642772,0.0,0.0
1682.0,-10.93634265,34.2288971,300.0,0.0,1.075332524,0.0,3.074040087,0.0,0.0289415407,238.65784,0.0,0.000723312497,0.0,0.002187950347,0.0,-3.09858e-07,3163.3962,0.0,0.00150686079,-0.01319634715,0.0,34.2288971,14.25979553,0.0289415407,0.0,0.0
1682.5,-12.31915765,34.07274644,300.0,2.566913e-05,1.070426909,1.29145e-07,3.043198277,3.69184e-07,0.01648128001,238.65784,47.085379,0.000411903303,-4.3069727e-05,0.001362011009,-1.4238382e-05,-3.09858e-07,3153.05566,0.0,0.000858109005,-0.10610050205,0.0,34.07274644,14.18754492,0.01648128001,0.0,0.0
1683.0,-13.7019727,14.67752412,300.0,0.0,0.461108021,0.0,1.318163904,0.0,0.0328216208,238.65784,0.0,0.000820284204,0.0,0.00248128033,0.0,-3.09858e-07,2785.06311,0.0,0.00170887979,-0.0166584977,0.0,14.67752412,6.12659056,0.0328216208,0.0,0.0
1683.5,-15.0847876,17.405908622,299.934713,0.0,0.5464891754,0.0,1.5622420318,0.0,0.03344077425,238.65784,0.0,0.000835758199,0.0,0.0025280877,0.0,-3.09858e-07,2240.67917,0.0,0.001741116463,-0.0134094002,0.0,17.405908622,7.26225302,0.03344077425,0.0,0.0
1684.0,-16.4676026,35.359312157,299.759402,0.0,1.1093817924,0.0,3.171376403,0.0,0.03870414395,238.65784,0.0,0.000967301357,0.0,0.002925992975,0.0,-3.09858e-07,1696.29525,0.0,0.002015157379,-0.02240754125,0.0,35.359312157,14.735869358,0.03870414395,0.0,0.0
1684.5,-17.8504175,28.2497477,299.783551,0.0,0.886553919,0.0,2.53438096,0.0,0.0426078034,238.65784,0.0,0.001064862338,0.0,0.00322110555,0.0,-3.09858e-07,1218.80208,0.0,0.00221840404,-0.0144775535,0.0,28.2497477,11.77980692,0.0426078034,0.0,0.0
1685.0,-19.2332327,24.74086891,299.753531,0.0022132203,0.77605116493,8.69684e-07,2.21848804312,2.486154e-06,0.02141951598,238.65784,39.390555,0.00053532061,-1.3556015e-05,0.001655813317,-4.481471e-06,-3.09858e-07,1149.5969,0.0,0.001115221555,0.0078703723,0.0,24.74086891,10.3073647852,0.02141951598,0.0,0.0
1685.5,-20.6022042,25.06437733,299.929526,0.0,0.786994282,0.0,2.241817015,0.0,0.02071428655,238.65784,0.0,0.000517695429,0.0,0.001565962341,0.0,-3.09858e-07,1163.11701,0.0,0.001078503309,0.0613668802,0.0,25.06437733,10.4415675,0.02071428655,0.0,0.0
1686.0,-21.100033,34.1948772,299.566956,0.0,1.072176629,0.0,3.06501836,0.0,0.036082393,238.65784,0.0,0.000901778028,0.0,0.002727780676,0.0,-3.09858e-07,1208.04157,0.0,0.001878654061,0.0079215571,0.0,34.1948772,14.24980886,0.036082393,0.0,0.0
1686.5,-21.100033,29.43800142,299.637387,4.1175415e-05,0.922873203,1.83967e-07,2.638206459,5.25903e-07,0.0372837537,238.65784,0.0,0.000931802671,0.0,0.00281856722,0.0,-3.09858e-07,1254.20215,0.0,0.001941203756,0.0524065495,0.0,29.43800142,12.27113937,0.0372837537,0.0,0.0
1687.0,-21.100033,32.16880557,299.691475,0.0,1.0089130594,0.0,2.853158223,0.0,0.02246872318,238.65784,21.044072,0.000561542604,-2.3958994e-05,0.001763165082,-7.920582e-06,-3.09858e-07,1300.2722,0.0,0.001169849176,-0.0635978526,0.0,32.16880557,13.39879697,0.02246872318,0.0,0.0
1687.5,-21.100033,30.90486285,299.91595,0.0,0.97040024,0.0,2.77407142,0.0,0.0212618229,238.65784,0.0,0.000531379531,0.0,0.001607347308,0.0,-3.09858e-07,1320.2297,0.0,0.001107011101,0.0301021024,0.0,30.90486285,12.87215621,0.0212618229,0.0,0.0
1688.0,-21.100033,25.95582297,299.84856,0.0,0.814603665,0.0,2.32005842,0.0,0.030526554,238.65784,0.0,0.000762925481,0.0,0.002307764133,0.0,-3.09858e-07,1320.2297,0.0,0.00158938568,0.0478922618,0.0,25.95582297,10.81823366,0.030526554,0.0,0.0
1688.5,-21.100033,26.99428509,299.789596,0.00032367501,0.8469172505,1.740054e-06,2.4210544636,4.974271e-06,0.03259554989,238.65784,0.05002898,0.000814634194,-3.1608e-08,0.002464271971,-1.0449e-08,-3.09858e-07,1320.2297,0.0,0.001697109277,0.0908121861,0.0,26.99428509,11.251553918,0.03259554989,0.0,0.0
1689.0,-21.100033,34.66040756,299.292443,0.008174870182,1.085128926,5.060981e-06,3.10204488,1.4467766e-05,0.02214069937,238.65784,19.8524645,0.000553344591,-1.2092224e-05,0.00170635419,-3.997579e-06,-3.09858e-07,1320.2297,0.0,0.00115277043,0.1997520221,0.0,34.66040756,14.43537971,0.02214069937,0.0,0.0
1689.5,-21.100033,21.93864888,299.803386,0.0,0.688352721,0.0,1.967781414,0.0,0.0330839328,238.65784,0.0,0.000826839976,0.0,0.00250106141,0.0,-3.09858e-07,1320.2297,0.0,0.00172253727,0.0051634117,0.0,21.93864888,9.14815103,0.0330839328,0.0,0.0
1690.0,-21.100033,20.619303304,300.0,0.0019811776,0.6477745086,7.66738e-07,1.8517813282,2.191864e-06,0.03217306496,238.65784,22.761143,0.000804075366,-1.0609902e-05,0.002460836176,-3.507518e-06,-3.09858e-07,1320.2297,0.0,0.001675112303,-0.0358620138,0.0,20.619303304,8.598629922,0.03217306496,0.0,0.0
1690.5,-21.1157377,32.25875932,299.651795,0.0,1.01153396,0.0,2.891659905,0.0,0.0286164531,238.65784,0.0,0.000715187862,0.0,0.0021633289,0.0,-3.09858e-07,1320.2297,0.0,0.001489934881,0.0101855593,0.0,32.25875932,13.4398167,0.0286164531,0.0,0.0
1691.0,-22.1176518,30.259547625,300.0,0.0,0.9506317016,0.0,2.7175594,0.0,0.0254845009,238.65784,0.0,0.000636913511,0.0,0.001926601699,0.0,-3.09858e-07,1322.01208,0.0,0.001326867744,-0.0265359145,0.0,30.259547625,12.606101237,0.0254845009,0.0,0.0
1691.5,-23.6832199,25.00715053,299.791691,0.00023801373,0.7843831414,1.492771e-06,2.237017081,4.267367e-06,0.02502855057,238.65784,0.0,0.000625518316,0.0,0.001892122387,0.0,-3.09858e-07,1459.24859,0.0,0.001303128345,-0.0229511441,0.0,25.00715053,10.420274197,0.02502855057,0.0,0.0
1692.0,-25.2487881,29.95297232,299.913766,0.0,0.940589529,0.0,2.688847545,0.0,0.02502509306,238.65784,0.0,0.000625431898,0.0,0.001891868711,0.0,-3.09858e-07,1679.60322,0.0,0.001302948379,-0.0395999582,0.0,29.95297232,12.47826509,0.02502509306,0.0,0.0
1692.5,-26.814356,29.34512086,299.968704,0.0,0.9217180486,0.0,2.626796699,0.0,0.0293267065,238.65784,0.0,0.000732938649,0.0,0.002217057413,0.0,-3.09858e-07,1899.9579,0.0,0.001526914734,-0.0157756171,0.0,29.34512086,12.227844965,0.0293267065,0.0,0.0
1693.0,-28.3799241,21.91203626,299.957294,0.00278608187,0.6881804094,3.606817e-06,1.965132004,1.0310764e-05,0.02128733409,238.65784,45.102629,0.00053201711,-2.4422435e-05,0.001675101632,-8.073821e-06,-3.09858e-07,2115.65318,0.0,0.001108339404,0.0120226109,0.0,21.91203626,9.130189467,0.02128733409,0.0,0.0
1693.5,-29.9454919,31.97911042,299.908472,0.0007724306,1.0041062685,4.651666e-06,2.868388845,1.3297661e-05,0.0225535058,238.65784,10.1304855,0.000563661508,-5.948687e-06,0.001721045348,-1.966573e-06,-3.09858e-07,2185.1575,0.0,0.001174263449,0.0529398593,0.0,31.97911042,13.319912767,0.0225535058,0.0,0.0
1694.0,-31.5110601,34.87206128,299.906708,0.0007808322,1.095009519,4.693301e-06,3.130290386,1.3416684e-05,0.03488201527,238.65784,19.088423,0.000871777981,-1.383217e-05,0.002674302078,-4.572835e-06,-3.09858e-07,2185.1575,0.0,0.001816155606,0.05471604395,0.0,34.87206128,14.5308897,0.03488201527,0.0,0.0
1694.5,-33.0766287,19.52453868,299.958191,0.00206381203,0.6131890075,6.81741e-07,1.752916012,1.948884e-06,0.02698502451,238.65784,47.731568,0.000674414871,-1.4879771e-05,0.00208012411,-4.91909e-06,-3.09858e-07,2185.1575,0.0,0.001404993463,0.0540270623,0.0,19.52453868,8.14006111,0.02698502451,0.0,0.0
1695.0,-34.6421965,28.628358542,299.984417,3.7563904e-05,0.89931963045,1.77207e-07,2.5623753314,5.06579e-07,0.021832643099,238.65784,17.66535,0.000545645575,-4.365746e-06,0.001662287246,-1.443268e-06,-3.09858e-07,2185.1575,0.0,0.001136731258,-0.0861449986,0.0,28.628358542,11.925219484,0.021832643099,0.0,0.0
1695.5,-36.1920888,31.63834557,299.94868,0.00030203834,0.993673812,1.649123e-06,2.84060332,4.714329e-06,0.02515200602,238.65784,0.0,0.000628603758,0.0,0.001901465158,0.0,-3.09858e-07,2185.1575,0.0,0.0013095562,0.028655689494,0.0,31.63834557,13.17963545,0.02515200602,0.0,0.0
1696.0,-36.755714,27.16935629,299.929916,0.00047679385,0.853197029,2.823095e-06,2.420261203,8.070348e-06,0.0241539317,238.65784,23.865784,0.000603659674,-2.1899857e-05,0.001885011793,-7.239877e-06,-3.09858e-07,2185.1575,0.0,0.001257590763,-0.019984612,0.0,27.16935629,11.31947294,0.0241539317,0.0,0.0
1696.5,-36.755714,26.25998498,299.969189,5.369243e-05,0.8248531996,2.49296e-07,2.350929279,7.12658e-07,0.02911035656,238.65784,11.9215355,0.000727531602,-2.151623e-06,0.002206506708,-7.11303e-07,-3.09858e-07,2185.1575,0.0,0.00151565037,-0.0374130731,0.0,26.25998498,10.9439708,0.02911035656,0.0,0.0
1697.0,-36.755714,32.7023501,299.949962,0.000123600557,1.027076738,7.28737e-07,2.93609185,2.083232e-06,0.0335077786,238.65784,23.865784,0.000837432806,-4.7398303e-05,0.002660775204,-1.5669363e-05,-3.09858e-07,2185.1575,0.0,0.00174460507,0.1209219124,0.0,32.7023501,13.6272542,0.0335077786,0.0,0.0
1697.5,-36.755714,29.3117135804,299.93683,0.0,0.92055541865,0.0,2.6315805736,0.0,0.03731577959,238.65784,2.6459827,0.000932603074,-1.61045e-07,0.002821464683,-5.324e-08,-3.09858e-07,2185.1575,0.0,0.001942871238,-0.0132177032,0.0,29.3117135804,12.2186085905,0.03731577959,0.0,0.0
1698.0,-36.755714,20.537115452,299.986975,0.00015421964,0.6451317152,7.22414e-07,1.8383596341,2.065155e-06,0.02657039713,238.65784,16.800069,0.000664052405,-1.4853168e-05,0.002048713444,-4.910295e-06,-3.09858e-07,2185.1575,0.0,0.001383405646,-0.0674824247,0.0,20.537115452,8.561159292,0.02657039713,0.0,0.0
1698.5,-36.755714,22.80066107,299.978638,0.000136243,0.716189397,6.78196e-07,2.042722197,1.938752e-06,0.0298318658,238.65784,15.901686,0.000745563669,-1.1709551e-05,0.002286796748,-3.87105e-06,-3.09858e-07,2185.1575,0.0,0.001553216219,0.0499214408,0.0,22.80066107,9.50494194,0.0298318658,0.0,0.0
1699.0,-36.755714,27.4238763,300.0,0.0,0.861546489,0.0,2.455943475,0.0,0.0332482816,238.65784,0.0,0.000830947421,0.0,0.002513524038,0.0,-3.09858e-07,2185.1575,0.0,0.001731094204,-0.0207173794,0.0,27.4238763,11.43069107,0.0332482816,0.0,0.0
1699.5,-36.755714,23.98598285,299.953973,0.00012532441,0.753270377,7.32003e-07,2.153364924,2.092569e-06,0.02214864,238.65784,18.350981,0.000553543024,-2.1063015e-05,0.001731163705,-6.963203e-06,-3.09858e-07,2185.1575,0.0,0.001153183842,-0.0274034328,0.0,23.98598285,9.9936771,0.02214864,0.0,0.0
1700.0,-36.755714,21.2492497874,299.98223,0.0,0.66746231689,0.0,1.90806531717,0.0,0.0310023678,238.65784,0.0,0.000774817096,0.0,0.00234374672,0.0,-3.09858e-07,2185.1575,0.0,0.0016141592,-0.04059453975,0.0,21.2492497874,8.8600719938,0.0310023678,0.0,0.0
1700.5,-36.755714,28.07356117,300.0,0.0,0.881956925,0.0,2.521239584,0.0,0.0357193402,238.65784,0.0,0.000892704569,0.0,0.00270034489,0.0,-3.09858e-07,2185.1575,0.0,0.001859751527,-0.0417847133,0.0,28.07356117,11.7024725,0.0357193402,0.0,0.0
1701.0,-36.755714,24.2452285,300.0,0.0,0.761686333,0.0,2.177423413,0.0,0.0295490748,238.65784,0.0,0.000738496112,0.0,0.00223387841,0.0,-3.09858e-07,2185.1575,0.0,0.00153849252,-0.0175591922,0.0,24.2452285,10.10587213,0.0295490748,0.0,0.0
1701.5,-36.755714,24.9143966,299.984583,0.00025900928,0.782620295,1.488019e-06,2.237267156,4.253782e-06,0.02298189204,238.65784,0.0,0.000574367826,0.0,0.001737391212,0.0,-3.09858e-07,2185.1575,0.0,0.001196567689,0.020825305,0.0,24.9143966,10.38048357,0.02298189204,0.0,0.0
1702.0,-36.755714,24.07857019,299.949243,0.000929334,0.756158333,5.401936e-06,2.145926817,1.544245e-05,0.01430172897,238.65784,34.179008,0.000357431549,-3.9139821e-05,0.001186647584,-1.2939321e-05,-3.09858e-07,2185.1575,0.0,0.000744629154,-0.016542628,0.0,24.07857019,10.02762102,0.01430172897,0.0,0.0
1702.5,-36.755714,23.71646562,299.982306,0.00033194807,0.7449954775,1.631792e-06,2.1297095536,4.664783e-06,0.02272284298,238.65784,4.5209576,0.000567893638,-1.672173e-06,0.001722318786,-5.52806e-07,-3.09858e-07,2185.1575,0.0,0.001183080158,0.0670792101,0.0,23.71646562,9.881864326,0.02272284298,0.0,0.0
1703.0,-36.755714,17.125592928,300.0,0.0,0.5380163709,0.0,1.5318878594,0.0,0.0255623941,238.65784,10.8056335,0.000638860217,-8.14349e-06,0.001954431463,-2.692149e-06,-3.09858e-07,2184.29072,0.0,0.001330923292,-0.0592070536,0.0,17.125592928,7.14101136,0.0255623941,0.0,0.0
1703.5,-36.755714,22.11071698,299.97273,0.0,0.6945028874,0.0,1.985366966,0.0,0.01902142663,238.65784,0.0,0.000475387129,0.0,0.001438000049,0.0,-3.09858e-07,2156.9098,0.0,0.000990363405,-0.04573176,0.0,22.11071698,9.211538915,0.01902142663,0.0,0.0
1704.0,-36.755714,22.13172933,299.96128,0.00132015785,0.6950972505,7.280148e-06,1.984589254,2.081167e-05,0.0178638732,238.65784,23.865784,0.000446457326,-3.3140063e-05,0.00143977977,-1.0955744e-05,-3.09858e-07,2117.05376,0.0,0.000930094587,0.0040593325,0.0,22.13172933,9.21960655,0.0178638732,0.0,0.0
1704.5,-36.755714,28.6699673,299.935515,9.215372e-05,0.90038363,5.08228e-07,2.565665907,1.452865e-06,0.02296354867,238.65784,1.879492,0.000573909395,-6.5358e-08,0.001736173962,-2.1607e-08,-3.09858e-07,2077.19761,0.0,0.001195612626,0.0007810764,0.0,28.6699673,11.94319354,0.02296354867,0.0,0.0
1705.0,-36.755714,26.3099973,299.9299,0.0,0.826225426,0.0,2.346431358,0.0,0.0153616073,238.65784,40.017258,0.000383920209,-3.3127945e-05,0.001250573159,-1.0951737e-05,-3.09858e-07,2041.59511,0.0,0.000799812432,-0.0435065195,0.0,26.3099973,10.95675358,0.0153616073,0.0,0.0
1705.5,-36.755714,26.36605657,299.872839,0.0,0.827585854,0.0,2.354313442,0.0,0.01984621982,238.65784,23.765947,0.000496000522,-2.4985086e-05,0.001567668761,-8.259797e-06,-3.09858e-07,2035.8846,0.0,0.001033306818,-0.01415998094,0.0,26.36605657,10.98269924,0.01984621982,0.0,0.0
1706.0,-36.755714,21.4232552,299.960915,0.0,0.672862742,0.0,1.918753149,0.0,0.023709891135,238.65784,9.720736,0.000592562115,-9.11477e-07,0.001794897545,-3.01324e-07,-3.09858e-07,2035.8846,0.0,0.001234471478,-0.0445819125,0.0,21.4232552,8.92821859,0.023709891135,0.0,0.0
1706.5,-36.755714,25.30650441,299.932846,0.0,0.794631088,0.0,2.271016737,0.0,0.02460636644,238.65784,22.776326,0.000614967011,-3.2762796e-05,0.001948488983,-1.0831022e-05,-3.09858e-07,2035.8846,0.0,0.001281147091,-0.0468543844,0.0,25.30650441,10.54459087,0.02460636644,0.0,0.0
1707.0,-36.755714,26.47335811,299.932181,0.0,0.8313280415,0.0,2.355607285,0.0,0.023765241988,238.65784,2.3659157,0.000593945445,-4.055936e-06,0.001807552234,-1.340848e-06,-3.09858e-07,2035.8846,0.0,0.001237353322,-0.1548874692,0.0,26.47335811,11.029636296,0.023765241988,0.0,0.0
1707.5,-36.755714,29.830287445,299.921576,0.00012816725,0.936753924,7.41278e-07,2.676156108,2.119084e-06,0.0295118624,238.674243,0.0,0.000737632444,0.0,0.00223125755,0.0,-3.09858e-07,2035.8846,0.0,0.00153655501,-0.0288034562,0.0,29.830287445,12.429834485,0.0295118624,0.0,0.0
1708.0,-36.755714,34.98697176,299.938202,0.00013758616,1.098839219,7.90419e-07,3.140299746,2.25956e-06,0.0335658905,239.734367,0.0,0.000842744689,0.0,0.00254920759,0.0,-3.09858e-07,2035.8846,0.0,0.00174763068,0.0110830671,0.0,34.98697176,14.57793645,0.0335658905,0.0,0.0
1708.5,-36.755714,22.88245228,299.936026,0.001568275143,0.718524661,5.79472e-07,2.054037701,1.65653e-06,0.02282393976,241.395966,24.09812,0.000577417476,-9.213144e-06,0.00177143762,-3.045765e-06,-3.09858e-07,2035.8846,0.0,0.00118834382,0.0715252089,0.0,22.88245228,9.53488438,0.02282393976,0.0,0.0
1709.0,-36.755714,30.81010105,300.0,0.0005216718,0.967927882,2.931902e-06,2.75862428,8.381392e-06,0.02430101725,243.056522,0.0,0.000618751515,0.0,0.00187165124,0.0,-3.09858e-07,2035.8846,0.0,0.001265248859,0.0590087735,0.0,30.81010105,12.83449985,0.02430101725,0.0,0.0
1709.5,-36.755714,28.78212647,299.999384,0.0,0.904216863,0.0,2.584863629,0.0,0.0270939691,244.717859,0.0,0.000694223883,0.0,0.00209992359,0.0,-3.09858e-07,2035.8846,0.0,0.001410665763,-0.0133914653,0.0,28.78212647,11.99227534,0.0270939691,0.0,0.0
1710.0,-36.755714,23.05131462,299.944632,0.000601549,0.7239194166,2.818252e-06,2.069452526,8.056501e-06,0.03452353273,246.378936,19.302481,0.000890997266,-4.059906e-06,0.002706119081,-1.342166e-06,-3.09858e-07,2035.8846,0.0,0.001797491011,0.0002146152,0.0,23.05131462,9.611979967,0.03452353273,0.0,0.0
1710.5,-36.755714,26.8761769,299.97736,0.0,0.84423646,0.0,2.413408503,0.0,0.02601554646,248.023292,0.0,0.000675533994,0.0,0.00204342492,0.0,-3.09858e-07,2035.8846,0.0,0.001354516958,-0.03927888273,0.0,26.8761769,11.1985661,0.02601554646,0.0,0.0
1711.0,-36.755714,19.66589377,299.970666,0.0,0.6176896771,0.0,1.756209646,0.0,0.02682598873,248.62418,9.349924,0.000698437777,-8.672858e-06,0.00213607411,-2.867152e-06,-3.09858e-07,2035.8846,0.0,0.0013967132,-0.0940646282,0.0,19.66589377,8.198787135,0.02682598873,0.0,0.0
1711.5,-36.755714,25.3277157227,299.906307,0.0007962036,0.79522671323,4.622993e-06,2.2682502958,1.3215694e-05,0.01428355038,248.62418,24.862418,0.00037188457,-2.0782242e-05,0.001180903976,-6.870437e-06,-3.09858e-07,2035.8846,0.0,0.000743682717,0.0394142019,0.0,25.3277157227,10.547389892,0.01428355038,0.0,0.0
1712.0,-36.755714,25.73337032,299.98726,0.0,0.808361422,0.0,2.290164788,0.0,0.0305816075,248.62418,19.774971,0.000796218574,-2.6805096e-05,0.002480693408,-8.861473e-06,-3.09858e-07,2035.8846,0.0,0.001592252053,-0.0519892898,0.0,25.73337032,10.72570199,0.0305816075,0.0,0.0
1712.5,-36.755714,28.21451182,299.859863,0.00054561801,0.885641447,3.051547e-06,2.529399364,8.72342e-06,0.02210991657,248.62418,5.452259,0.000575650768,-2.394522e-06,0.001747728445,-7.91603e-07,-3.09858e-07,2035.8846,0.0,0.001151167697,0.1444593876,0.0,28.21451182,11.7531767,0.02210991657,0.0,0.0
1713.0,-36.755714,18.2251202,300.0,0.0,0.5725590376,0.0,1.636767613,0.0,0.02610794038,248.62418,0.0,0.000679742759,0.0,0.002056153918,0.0,-3.09858e-07,2035.8846,0.0,0.00135932751,0.0202572823,0.0,18.2251202,7.59885125,0.02610794038,0.0,0.0
1713.5,-36.755714,27.99746693,299.947433,0.00014264353,0.879321827,6.67611e-07,2.513706684,1.908491e-06,0.03367952043,248.62418,0.0,0.000876875385,0.0,0.002652462701,0.0,-3.09858e-07,2035.8846,0.0,0.001753546916,-0.0051629218,0.0,27.99746693,11.66961774,0.03367952043,0.0,0.0
1714.0,-36.755714,22.94678802,299.935044,0.0006250837,0.720581985,2.929192e-06,2.048475813,8.373647e-06,0.02427996699,248.62418,23.966634,0.000632149889,-1.036608e-06,0.001914983891,-3.42692e-07,-3.09858e-07,2035.8846,0.0,0.001264152848,-0.0115631049,0.0,22.94678802,9.56250472,0.02427996699,0.0,0.0
1714.5,-36.755714,15.47946005,300.0,0.0,0.4863015628,0.0,1.389978366,0.0,0.0361907214,248.62418,0.3716824,0.000942256661,-1.58403e-07,0.00285065974,-5.2366e-08,-3.09858e-07,2035.8846,0.0,0.001884294279,-0.017923702,0.0,15.47946005,6.46224895,0.0361907214,0.0,0.0
1715.0,-36.755714,26.89643792,299.942901,0.0,0.8446931295,0.0,2.402631599,0.0,0.0240468937,248.62418,0.0,0.000626081649,0.0,0.001893823813,0.0,-3.09858e-07,2035.8846,0.0,0.001252017708,0.0249010963,0.0,26.89643792,11.205847462,0.0240468937,0.0,0.0
1715.5,-36.755714,16.22142235,299.99945,0.0,0.5096100424,0.0,1.450486269,0.0,0.02312965027,248.62418,0.0,0.000602200398,0.0,0.001821587306,0.0,-3.09858e-07,2035.8846,0.0,0.001204260838,-0.0276514306,0.0,16.22142235,6.76335891,0.02312965027,0.0,0.0
1716.0,-36.755714,30.7298724,299.897365,2.8667864e-05,0.964856709,1.33339e-07,2.749053926,3.81175e-07,0.02514767661,248.62418,0.0,0.000654741467,0.0,0.001980520773,0.0,-3.09858e-07,2035.8846,0.0,0.001309330721,-0.0152706342,0.0,30.7298724,12.80161029,0.02514767661,0.0,0.0
1716.5,-36.755714,20.85400124,299.97789,0.0,0.655028103,0.0,1.856548343,0.0,0.02349982631,248.62418,3.965118,0.000611838243,-7.223072e-06,0.001870201286,-2.387869e-06,-3.09858e-07,2035.8846,0.0,0.001223534262,-0.0870957859,0.0,20.85400124,8.69122527,0.02349982631,0.0,0.0
1717.0,-36.755714,24.799325,299.935076,0.0003614718,0.778728404,2.063264e-06,2.22614151,5.898227e-06,0.02089729755,248.62418,8.221594,0.000544079169,-8.814836e-06,0.001669533879,-2.914088e-06,-3.09858e-07,2035.8846,0.0,0.001088031867,0.0574457046,0.0,24.799325,10.33138364,0.02089729755,0.0,0.0
1717.5,-36.755714,25.997803,299.882799,0.0,0.816181325,0.0,2.33320767,0.0,0.03148343163,248.62418,0.0,0.000819698292,0.0,0.002479488893,0.0,-3.09858e-07,2035.8846,0.0,0.001639206002,0.0702319207,0.0,25.997803,10.83626094,0.03148343163,0.0,0.0
1718.0,-36.755714,20.4523508105,299.942836,0.0,0.64226961573,0.0,1.83604837914,0.0,0.0208022505,248.62418,0.0,0.000541604556,0.0,0.001638301388,0.0,-3.09858e-07,2035.8846,0.0,0.001083083204,-0.0356173104,0.0,20.4523508105,8.522520231,0.0208022505,0.0,0.0
1718.5,-36.755714,28.5400297,299.934778,0.0,0.896235908,0.0,2.55408384,0.0,0.03201639943,248.62418,16.074123,0.0008335746,-2.0456734e-05,0.002576593634,-6.762773e-06,-3.09858e-07,2035.8846,0.0,0.001666955398,-0.03778013,0.0,28.5400297,11.89441097,0.03201639943,0.0,0.0
1719.0,-36.755714,28.1857929,299.961896,9.3152904e-05,0.885357899,3.42183e-07,2.52121668,9.78195e-07,0.02653326421,248.62418,0.0,0.000690816448,0.0,0.002089648848,0.0,-3.09858e-07,2035.8846,0.0,0.001381472294,-0.0057396407,0.0,28.1857929,11.74380895,0.02653326421,0.0,0.0
1719.5,-36.755714,19.8899973,300.0,0.0,0.62486269,0.0,1.786287351,0.0,0.0257097862,248.62418,0.0,0.000669376491,0.0,0.002024799032,0.0,-3.09858e-07,2035.8846,0.0,0.001338597339,-0.0362925514,0.0,19.8899973,8.29138664,0.0257097862,0.0,0.0
1720.0,-36.755714,26.4994985,300.0,0.0095310345,0.8325063025,2.646673e-06,2.37987571,7.566012e-06,0.03200130835,248.62418,20.685239,0.000833181678,-2.475877e-05,0.002587001835,-8.18498e-06,-3.09858e-07,2035.8846,0.0,0.001666169665,-0.0312220385,0.0,26.4994985,11.04532252,0.03200130835,0.0,0.0
1720.5,-36.7423569,27.5404729,299.969586,0.0,0.865089857,0.0,2.46621543,0.0,0.0404671497,248.62418,0.0,0.00105359718,0.0,0.00318700918,0.0,-3.09858e-07,2035.8846,0.0,0.00210694943,0.0134226258,0.0,27.5404729,11.48342252,0.0404671497,0.0,0.0
1721.0,-35.8917964,24.77946193,299.958075,0.0,0.7782753874,0.0,2.21915973,0.0,0.0207094926,248.62418,11.393334,0.000539189512,-1.9202288e-05,0.001682733093,-6.348067e-06,-3.09858e-07,2035.8846,0.0,0.001078253693,-0.0635449018,0.0,24.77946193,10.3230092,0.0207094926,0.0,0.0
1721.5,-34.5626952,24.9896166,299.85799,0.0008733769,0.784438502,4.834488e-06,2.24213015,1.382029e-05,0.02321262131,248.62418,7.5014694,0.000604360636,-1.3646968e-05,0.00186489283,-4.511539e-06,-3.09858e-07,1783.65638,0.0,0.001208580757,0.1083170626,0.0,24.9896166,10.41191775,0.02321262131,0.0,0.0
1722.0,-33.2335941,24.857068045,299.589369,0.0,0.7790957371,0.0,2.227191522,0.0,0.0375990622,248.62418,0.0,0.000978924063,0.0,0.002961140926,0.0,-3.09858e-07,1008.9629,0.0,0.001957620573,0.0220724786,0.0,24.857068045,10.365163284,0.0375990622,0.0,0.0
1722.5,-31.9044929,23.943603154,299.377764,7.92975e-06,0.748559356,4.7476e-08,2.132709504,1.3572e-07,0.020220718267,248.62418,10.936415,0.000526463872,-1.1609617e-05,0.001623758503,-3.838013e-06,-3.09858e-07,849.6675,0.0,0.001052805318,-0.0201721827,0.0,23.943603154,9.974916757,0.020220718267,0.0,0.0
1723.0,-30.575391,29.288219,299.600555,0.0,0.918019462,0.0,2.62024823,0.0,0.03301701017,248.62418,0.0,0.00085962639,0.0,0.002600210544,0.0,-3.09858e-07,849.6675,0.0,0.001719052923,0.0706839632,0.0,29.288219,12.20632259,0.03301701017,0.0,0.0
1723.5,-29.2462896,29.71377965,299.774145,0.00070932414,0.932446741,3.405506e-06,2.65233664,9.735279e-06,0.0208035577,248.62418,24.862418,0.000541638575,-1.6007992e-05,0.001681532004,-5.292092e-06,-3.09858e-07,849.6675,0.0,0.001083151235,0.0210675839,0.0,29.71377965,12.37626971,0.0208035577,0.0,0.0
1724.0,-27.9171883,22.8887297,299.87519,0.0,0.718452478,0.0,2.052404638,0.0,0.02316809644,248.62418,0.0,0.000603201404,0.0,0.001824623083,0.0,-3.09858e-07,849.6675,0.0,0.001206262584,-0.004075305,0.0,22.8887297,9.53769708,0.02316809644,0.0,0.0
1724.5,-26.5880866,24.7494971,299.547523,0.0,0.7748344055,0.0,2.215009782,0.0,0.0341709721,248.62418,0.0,0.000889670764,0.0,0.00269109906,0.0,-3.09858e-07,849.6675,0.0,0.001779134685,0.0822410908,0.0,24.7494971,10.318400554,0.0341709721,0.0,0.0
1725.0,-25.258985,22.86053168,299.839682,0.00016698816,0.717413404,8.01797e-07,2.050860978,2.292087e-06,0.02075057384,248.62418,0.0,0.00054025909,0.0,0.001634216842,0.0,-3.09858e-07,849.6675,0.0,0.001080392626,0.0540769843,0.0,22.86053168,9.524552015,0.02075057384,0.0,0.0
1725.5,-23.9432084,33.402031176,298.868283,0.00046821483,1.0427709176,2.865371e-06,2.9809565385,8.191203e-06,0.0246280072,248.62418,7.604832,0.000641211413,-4.294582e-06,0.001951153451,-1.419758e-06,-3.09858e-07,849.6675,0.0,0.001282273778,0.0366208811,0.0,33.402031176,13.91321174,0.0246280072,0.0,0.0
1726.0,-23.464699,26.62404005,299.97231,0.0,0.836327402,0.0,2.38001535,0.0,0.02028635417,248.62418,0.0,0.000528172741,0.0,0.001597671415,0.0,-3.09858e-07,849.6675,0.0,0.001056222694,-0.0701530593,0.0,26.62404005,11.09030437,0.02028635417,0.0,0.0
1726.5,-23.464699,23.62762208,299.967407,0.0,0.7421881054,0.0,2.121684198,0.0,0.017103998511,248.62418,0.0,0.000445317375,0.0,0.001347041966,0.0,-3.09858e-07,849.6675,0.0,0.00089053122,-0.0283578284,0.0,23.62762208,9.84161468,0.017103998511,0.0,0.0
1727.0,-23.464699,31.43186846,299.789154,0.0,0.986719338,0.0,2.80938034,0.0,0.02319883876,248.62418,0.0,0.000604001798,0.0,0.001827037898,0.0,-3.09858e-07,849.6675,0.0,0.001207863153,-0.0058476375,0.0,31.43186846,13.09257826,0.02319883876,0.0,0.0
1727.5,-23.464699,28.28585684,299.424598,0.0,0.885782344,0.0,2.532175254,0.0,0.02505254315,248.62418,0.0,0.000652264574,0.0,0.001973013007,0.0,-3.09858e-07,849.6675,0.0,0.001304377534,0.044338213,0.0,28.28585684,11.78458194,0.02505254315,0.0,0.0
1728.0,-23.464699,21.7811001,299.682355,3.581969e-06,0.682869568,1.3656e-08,1.952110931,3.9038e-08,0.02331642037,248.62418,0.0,0.000607063156,0.0,0.001836307258,0.0,-3.09858e-07,849.6675,0.0,0.001213985173,-0.0167248955,0.0,21.7811001,9.07689083,0.02331642037,0.0,0.0
1728.5,-23.464699,29.9496365,299.662946,0.0,0.939469774,0.0,2.685650903,0.0,0.0356917343,248.589426,0.0,0.000929096078,0.0,0.00281041859,0.0,-3.09858e-07,849.6675,0.0,0.00185831422,0.0096287752,0.0,29.9496365,12.48310518,0.0356917343,0.0,0.0
1729.0,-23.464699,30.18685276,299.342799,0.0017718007,0.9443540574,4.972254e-06,2.699613525,1.421412e-05,0.0272134523,246.33608,24.510246,0.000702503867,-5.08558e-05,0.002262026108,-1.6812372e-05,-3.09858e-07,849.6675,0.0,0.001416886733,0.0074515557,0.0,30.18685276,12.576862004,0.0272134523,0.0,0.0
1729.5,-23.464699,28.9672296,299.734939,0.0,0.908451093,0.0,2.59697812,0.0,0.0252547622,242.808017,0.0,0.000642430505,0.0,0.001943275964,0.0,-3.09858e-07,849.6675,0.0,0.001314906207,0.0950837367,0.0,28.9672296,12.06822424,0.0252547622,0.0,0.0
1730.0,-23.464699,19.22230467,300.0,0.0,0.603886501,0.0,1.726323029,0.0,0.03352364445,239.27944,0.0,0.000839273248,0.0,0.00253872037,0.0,-3.09858e-07,849.6675,0.0,0.001745431102,-0.02464061755,0.0,19.22230467,8.01811719,0.03352364445,0.0,0.0
1730.5,-23.464699,31.71392955,299.140361,2.8470194e-05,0.9907966463,9.167e-09,2.832378386,2.6205e-08,0.0324076218,235.75091,0.0,0.000800596343,0.0,0.00242171398,0.0,-3.09858e-07,849.6675,0.0,0.001687324663,0.0054213069,0.0,31.71392955,13.215323166,0.0324076218,0.0,0.0
1731.0,-23.464699,22.77188089,299.733356,7.025737e-05,0.713822393,4.31281e-07,2.038091721,1.232897e-06,0.02585715506,232.221408,17.85198,0.000628844477,-1.2196618e-05,0.001935053748,-4.032069e-06,-3.09858e-07,849.6675,0.0,0.001346270216,-0.0293208459,0.0,22.77188089,9.49064551,0.02585715506,0.0,0.0
1731.5,-23.464699,31.7636565,299.780438,1.0162015e-05,0.996829751,5.0283e-08,2.84962518,1.43744e-07,0.0288154962,228.743755,0.0,0.000691125556,0.0,0.002090572041,0.0,-3.09858e-07,849.6675,0.0,0.001500298236,0.0384914764,0.0,31.7636565,13.23391679,0.0288154962,0.0,0.0
1732.0,-23.464699,22.37968642,299.764887,0.0,0.7017207299,0.0,2.004019415,0.0,0.026377463,228.528006,0.0,0.000630868823,0.0,0.001908317155,0.0,-3.09858e-07,849.6675,0.0,0.001373360388,-0.035322602,0.0,22.37968642,9.327754562,0.026377463,0.0,0.0
1732.5,-23.464699,24.54716802,299.763014,0.0,0.7697857744,0.0,2.200577303,0.0,0.0350102012,230.188152,0.0,0.000844240705,0.0,0.002553733565,0.0,-3.09858e-07,889.756261,0.0,0.001822829746,0.0134032341,0.0,24.54716802,10.234699905,0.0350102012,0.0,0.0
1733.0,-23.464699,30.99301286,299.93315,0.0,0.973374297,0.0,2.782573349,0.0,0.0289746183,231.848982,0.0,0.000703747816,0.0,0.00212876906,0.0,-3.09858e-07,1418.49654,0.0,0.001508583047,-0.0123457323,0.0,30.99301286,12.91333954,0.0289746183,0.0,0.0
1733.5,-23.464699,18.30800078,299.997504,0.0,0.575157591,0.0,1.638768693,0.0,0.024734554654,233.509472,0.0,0.000604666579,0.0,0.00182904775,0.0,-3.09858e-07,1959.0556,0.0,0.001287821236,0.0016489155,0.0,18.30800078,7.632536827,0.024734554654,0.0,0.0
1734.0,-23.464699,33.90884098,299.955667,0.00018026076,1.065004771,1.109582e-06,3.044516234,3.171948e-06,0.02547641876,235.169642,0.0,0.00062748254,0.0,0.001898071387,0.0,-3.09858e-07,2006.9528,0.0,0.001326446909,0.0096800853,0.0,33.90884098,14.12459438,0.02547641876,0.0,0.0
1734.5,-23.464699,26.98390467,299.961917,0.0,0.84754271,0.0,2.413631398,0.0,0.030210965,236.813851,0.0,0.0007491108,0.0,0.002265987762,0.0,-3.09858e-07,2006.9528,0.0,0.00157295425,-0.0613890959,0.0,26.98390467,11.24584214,0.030210965,0.0,0.0
1735.0,-23.464699,22.43709163,299.998428,0.0,0.7048817135,0.0,2.011033996,0.0,0.02446687719,237.41429,10.483217,0.000608294707,-2.226882e-06,0.001846001776,-7.36183e-07,-3.09858e-07,2006.9528,0.0,0.001273884447,-0.0017299744,0.0,22.43709163,9.35052569,0.02446687719,0.0,0.0
1735.5,-23.464699,29.36728719,299.870382,0.0,0.9217699055,0.0,2.627248946,0.0,0.019988112966,237.41429,0.0,0.000496943801,0.0,0.001503204428,0.0,-3.09858e-07,2006.9528,0.0,0.001040694569,-0.03690507746,0.0,29.36728719,12.23161571,0.019988112966,0.0,0.0
1736.0,-23.464699,27.4444036,299.99419,0.0,0.862185342,0.0,2.46471874,0.0,0.029127287364,237.41429,7.720892,0.000724161675,-2.596406e-06,0.002197514482,-8.58344e-07,-3.09858e-07,2006.9528,0.0,0.001516531889,-0.0312982237,0.0,27.4444036,11.43682647,0.029127287364,0.0,0.0
1736.5,-23.464699,32.25681263,299.867384,6.5419653e-05,1.01258305,3.53778e-07,2.889349906,1.011342e-06,0.02536754075,237.41429,23.741429,0.000630686948,-2.3907403e-05,0.001972146457,-7.903526e-06,-3.09858e-07,2006.9528,0.0,0.0013207781,0.0136721875,0.0,32.25681263,13.43710992,0.02536754075,0.0,0.0
1737.0,-23.464699,25.047317768,299.906195,0.0,0.78637332858,0.0,2.2479958575,0.0,0.02875951035,237.41429,0.0,0.000715018008,0.0,0.002162857025,0.0,-3.09858e-07,2006.9528,0.0,0.00149738331,0.0131394562,0.0,25.047317768,10.439166025,0.02875951035,0.0,0.0
1737.5,-23.464699,30.9349609,299.979473,0.0,0.971747991,0.0,2.77493523,0.0,0.026210383185,237.365071,7.821783,0.00065150065,-5.589336e-06,0.001985785824,-1.847774e-06,-3.09858e-07,2006.9528,0.0,0.001364661297,-0.0421322413,0.0,30.9349609,12.88756973,0.026210383185,0.0,0.0
1738.0,-23.464699,24.30139659,299.918454,0.0,0.762935731,0.0,2.179817247,0.0,0.02614149036,234.177055,0.0,0.000640365855,0.0,0.00193703613,0.0,-3.09858e-07,2006.9528,0.0,0.001361074298,0.0469423402,0.0,24.30139659,10.12725429,0.02614149036,0.0,0.0
1738.5,-23.464699,27.553946,299.947138,0.0005633187,0.865385086,2.761966e-06,2.47140563,7.895599e-06,0.02409346098,229.180595,22.942944,0.000577342521,-1.759233e-05,0.001793804486,-5.815865e-06,-3.09858e-07,2006.9528,0.0,0.001254442299,0.0160191978,0.0,27.553946,11.47946818,0.02409346098,0.0,0.0
1739.0,-23.464699,15.36274895,299.999722,0.0,0.4826349423,0.0,1.368620615,0.0,0.01948976256,224.184804,20.230652,0.000458092539,-2.8585148e-05,0.001462699818,-9.449937e-06,-3.09858e-07,2006.9528,0.0,0.00101474764,-0.0408611808,0.0,15.36274895,6.403933259,0.01948976256,0.0,0.0
1739.5,-23.464699,28.50136535,300.0,0.0,0.895396808,0.0,2.553975858,0.0,0.0195356671,219.189779,0.0,0.000449023249,0.0,0.00135824872,0.0,-3.09858e-07,2006.9528,0.0,0.001017137643,-0.0269236326,0.0,28.50136535,11.8710356,0.0195356671,0.0,0.0
1740.0,-23.464699,19.333099928,299.897393,0.00050229863,0.6068336813,3.006216e-06,1.7305899875,8.593832e-06,0.01743181852,214.194051,21.544443,0.000391535936,-2.4324996e-05,0.001249897422,-8.041652e-06,-3.09858e-07,2006.9528,0.0,0.000907599322,-0.0384941316,0.0,19.333099928,8.054824024,0.01743181852,0.0,0.0
1740.5,-23.4484746,20.50003526,299.997116,0.0,0.6440260764,0.0,1.8410696019,0.0,0.023768333,209.248396,5.8311554,0.000521028399,-6.26481e-07,0.001577748431,-2.07108e-07,-3.09858e-07,2006.9528,0.0,0.001237514265,-0.0289605468,0.0,20.50003526,8.544094069,0.023768333,0.0,0.0
1741.0,-22.4144015,23.87046433,299.972668,3.379722e-05,0.749776786,1.68139e-07,2.136670626,4.80656e-07,0.02038289838,207.44182,0.0,0.00044278294,0.0,0.001339365439,0.0,-3.09858e-07,2006.9528,0.0,0.001061249343,-0.0054353197,0.0,23.87046433,9.94457793,0.02038289838,0.0,0.0
1741.5,-20.7985611,30.59740803,299.908798,7.185377e-05,0.960698081,4.4399e-07,2.746335988,1.269229e-06,0.0189130965,207.44182,17.669183,0.000410854061,-2.2060891e-05,0.001302232468,-7.29309e-06,-3.09858e-07,2006.9528,0.0,0.000984723096,-0.0201951727,0.0,30.59740803,12.7428502,0.0189130965,0.0,0.0
1742.0,-19.1827206,22.19820603,299.997845,0.0008505876,0.6973759444,3.9271e-07,1.993580159,1.122636e-06,0.01485155583,207.44182,20.744182,0.00032262416,-7.763747e-06,0.00099682483,-2.56661e-06,-3.09858e-07,2006.9528,0.0,0.000773256275,-0.0227734216,0.0,22.19820603,9.24550923,0.01485155583,0.0,0.0
1742.5,-17.5668798,27.7918623,300.0,0.0,0.873107088,0.0,2.48755569,0.0,0.01499454081,207.44182,12.402712,0.000325730264,-1.8928488e-05,0.001036291585,-6.257552e-06,-3.09858e-07,2006.9528,0.0,0.000780700865,0.0091102606,0.0,27.7918623,11.57315425,0.01499454081,0.0,0.0
1743.0,-15.9510393,29.7285737,300.0,0.0,0.933950684,0.0,2.66987355,0.0,0.0219490092,207.44182,0.0,0.000476803975,0.0,0.001442285847,0.0,-3.09858e-07,2006.9528,0.0,0.001142789957,-0.0192108991,0.0,29.7285737,12.38309511,0.0219490092,0.0,0.0
1743.5,-14.3351987,28.4702637,300.0,0.0,0.894419704,0.0,2.556866835,0.0,0.02155612317,207.44182,0.0,0.000468269194,0.0,0.001416466641,0.0,-3.09858e-07,2006.9528,0.0,0.001122334088,0.0471945413,0.0,28.4702637,11.85927333,0.02155612317,0.0,0.0
1744.0,-12.7193581,36.209779,300.0,0.0,1.13756377,0.0,3.25193978,0.0,0.0304200424,207.44182,0.0,0.000660822394,0.0,0.001998923831,0.0,-3.09858e-07,1865.12828,0.0,0.001583840009,-0.0149648202,0.0,36.209779,15.0849188,0.0304200424,0.0,0.0
1744.5,-11.10351755,32.79737875,300.0,0.0,1.0303600483,0.0,2.945477743,0.0,0.02256535092,207.44182,0.0,0.000490192925,0.0,0.001482786131,0.0,-3.09858e-07,1529.26093,0.0,0.001174880195,-0.0094917033,0.0,32.79737875,13.66040684,0.02256535092,0.0,0.0
1745.0,-9.48767695,25.07870664,299.752905,0.0,0.7865639053,0.0,2.2485407354,0.0,0.0242481178,207.44182,0.0,0.000526748101,0.0,0.001593361992,0.0,-3.09858e-07,1231.20618,0.0,0.00126249462,-0.00587994065,0.0,25.07870664,10.44959324,0.0242481178,0.0,0.0
1745.5,-7.88805253,19.4994051246,300.0,0.0,0.61259187005,0.0,1.7512089867,0.0,0.02481443413,207.44182,0.0,0.000539050328,0.0,0.001630575044,0.0,-3.09858e-07,1185.8691,0.0,0.001291980204,-0.00965636095,0.0,19.4994051246,8.128335635,0.02481443413,0.0,0.0
1746.0,-7.306292,22.82096303,299.730743,0.0,0.7153735646,0.0,2.0450297525,0.0,0.01821589754,207.44182,0.0,0.000395708621,0.0,0.00119698027,0.0,-3.09858e-07,1185.8691,0.0,0.000948422967,-0.01055410695,0.0,22.82096303,9.50660743,0.01821589754,0.0,0.0
1746.5,-7.306292,29.29716714,299.802756,0.0,0.91935993,0.0,2.628163098,0.0,0.01915706649,207.44182,0.0,0.000416153886,0.0,0.0012588171,0.0,-3.09858e-07,1185.8691,0.0,0.00099742561,0.02589227945,0.0,29.29716714,12.20195329,0.01915706649,0.0,0.0
1747.0,-7.306292,26.07652358,300.0,0.0,0.819218131,0.0,2.341888994,0.0,0.02651188618,207.44182,0.0,0.000575924508,0.0,0.001742115902,0.0,-3.09858e-07,1185.8691,0.0,0.001380359245,-0.0089831756,0.0,26.07652358,10.86611398,0.02651188618,0.0,0.0
1747.5,-7.306292,22.23779438,300.0,0.0,0.6986209052,0.0,1.99713908,0.0,0.0173766201,207.44182,0.0,0.000377476784,0.0,0.001141830737,0.0,-3.09858e-07,1328.30388,0.0,0.000904725432,-0.0088816049,0.0,22.23779438,9.263456616,0.0173766201,0.0,0.0
1748.0,-7.306292,17.67251726,299.99776,0.0,0.5551980035,0.0,1.587137744,0.0,0.02297571657,207.44182,0.0,0.000499107386,0.0,0.001509751565,0.0,-3.09858e-07,1849.41584,0.0,0.001196246153,-0.00930875115,0.0,17.67251726,7.367080278,0.02297571657,0.0,0.0
1748.5,-7.306292,25.65273961,300.0,0.0,0.8059045855,0.0,2.303829652,0.0,0.02519883095,207.44182,0.0,0.000547400685,0.0,0.001655834047,0.0,-3.09858e-07,2390.67292,0.0,0.001311994103,-0.00608478685,0.0,25.65273961,10.68900772,0.02519883095,0.0,0.0
1749.0,-7.306292,28.4025014095,300.0,0.0,0.89229089758,0.0,2.5507811831,0.0,0.025024156851,207.44182,0.0,0.000543606195,0.0,0.00164435614,0.0,-3.09858e-07,2931.93003,0.0,0.001302899591,-0.0089630062,0.0,28.4025014095,11.8331020854,0.025024156851,0.0,0.0
1749.5,-7.306292,26.07328019,300.0,0.0,0.819116267,0.0,2.341597764,0.0,0.02317828515,207.44182,0.0,0.000503507854,0.0,0.001523062516,0.0,-3.09858e-07,3213.8313,0.0,0.001206793017,-0.00787640441,0.0,26.07328019,10.86281796,0.02317828515,0.0,0.0
1750.0,-7.306292,21.1319355,300.0,0.0,0.6638793385,0.0,1.897823776,0.0,0.02505968695,207.44182,0.0,0.000544378005,0.0,0.001646690778,0.0,-3.09858e-07,3213.8313,0.0,0.00130474948,-0.00456120686,0.0,21.1319355,8.80778639,0.02505968695,0.0,0.0
1750.5,-7.316713,19.575504995,300.0,0.0,0.6149826438,0.0,1.7580434476,0.0,0.01959456209,207.44182,0.0,0.000425657706,0.0,0.00128757188,0.0,-3.09858e-07,3213.8313,0.0,0.001020204091,0.0299055013,0.0,19.575504995,8.156953457,0.01959456209,0.0,0.0
1751.0,-7.98189746,21.888205521,300.0,0.0,0.6876382462,0.0,1.9657431691,0.0,0.02119327433,207.44182,0.0,0.000460386948,0.0,0.001392625984,0.0,-3.09858e-07,3213.8313,0.0,0.001103442123,-0.0096657331,0.0,21.888205521,9.12021864,0.02119327433,0.0,0.0
1751.5,-9.02129,20.62582725,300.0,0.0,0.6479794874,0.0,1.852371095,0.0,0.01690747399,207.44182,0.0,0.0003672854,0.0,0.001111002769,0.0,-3.09858e-07,3213.8313,0.0,0.000880299015,-0.01091551655,0.0,20.62582725,8.59243112,0.01690747399,0.0,0.0
1752.0,-10.0606833,26.1858849,300.0,0.0,0.8226538325,0.0,2.351710578,0.0,0.02145744967,207.44182,0.0,0.00046612569,0.0,0.001409985086,0.0,-3.09858e-07,3213.8313,0.0,0.001117196573,-0.01219457335,0.0,26.1858849,10.90866865,0.02145744967,0.0,0.0
1752.5,-11.1000755,21.506132517,300.0,0.0,0.6756350759,0.0,1.9314297538,0.0,0.0208847043,207.44182,0.0,0.000453683797,0.0,0.001372342374,0.0,-3.09858e-07,3213.8313,0.0,0.001087376196,0.0021366384,0.0,21.506132517,8.961054694,0.0208847043,0.0,0.0
1753.0,-12.1394687,27.33381422,300.0,0.0,0.858717106,0.0,2.454804206,0.0,0.0215468724,207.44182,0.0,0.000468068251,0.0,0.001415859506,0.0,-3.09858e-07,3213.8313,0.0,0.001121852443,0.0332640683,0.0,27.33381422,11.38638308,0.0215468724,0.0,0.0
1753.5,-13.1788612,47.6606182,300.0,0.0,1.49730249,0.0,4.28032049,0.0,0.02468813505,207.44182,0.0,0.000536306713,0.0,0.001622275665,0.0,-3.09858e-07,3213.8313,0.0,0.001285404421,-0.0073242502,0.0,47.6606182,19.8463505,0.02468813505,0.0,0.0
1754.0,-14.2182542,26.37258573,300.0,0.0,0.828519198,0.0,2.368477811,0.0,0.02631455098,207.44182,0.0,0.000571637762,0.0,0.001729148895,0.0,-3.09858e-07,3213.8313,0.0,0.001370084854,-0.0119195608,0.0,26.37258573,10.98919247,0.02631455098,0.0,0.0
1754.5,-15.2576467,31.90385222,300.0,0.00014533405,1.002289069,1.41751e-06,2.8652316197,4.05222e-06,0.02024892205,207.44182,0.0,0.000439872533,0.0,0.001330571534,0.0,-3.09858e-07,3213.8313,0.0,0.001054273803,0.0392145254,0.0,31.90385222,13.287251475,0.02024892205,0.0,0.0
1755.0,-16.2970397,33.38327825,300.0,0.0,1.048766603,0.0,2.998096447,0.0,0.0292498048,207.44182,0.0,0.000635401018,0.0,0.00192202509,0.0,-3.09858e-07,3213.8313,0.0,0.001522910769,0.0334997325,0.0,33.38327825,13.90810731,0.0292498048,0.0,0.0
1755.5,-17.3260193,27.39013244,300.0,0.0,0.8604864065,0.0,2.459851921,0.0,0.01482004852,207.44182,0.0,0.000321939725,0.0,0.000973836513,0.0,-3.09858e-07,3213.8313,0.0,0.000771615831,-0.0600875253,0.0,27.39013244,11.40588981,0.01482004852,0.0,0.0
1756.0,-17.70022,27.26333344,300.0,0.0,0.8565028704,0.0,2.448470789,0.0,0.01815174426,207.44182,0.0,0.000394315011,0.0,0.001192762973,0.0,-3.09858e-07,3213.8313,0.0,0.00094508282,0.0256000099,0.0,27.26333344,11.355073,0.01815174426,0.0,0.0
1756.5,-17.70022,13.303381236,194.5361557,0.0,0.35746466557,0.0,1.0218746027,0.0,0.025426234035,207.44182,0.0,0.000552340637,0.0,0.001670767129,0.0,-3.09858e-07,1923.509546,0.0,0.001323834027,0.0358663711,0.0,13.303381236,5.5504812207,0.025426234035,0.0,0.0
1757.0,-17.70022,21.8570921,220.6121776,0.0,0.6073390304,0.0,1.736192718,0.0,0.02290372427,207.44182,0.0,0.000497543473,0.0,0.001505020515,0.0,-3.09858e-07,454.01382,0.0,0.001192497825,-0.0082401109,0.0,21.8570921,9.10827079,0.02290372427,0.0,0.0
1757.5,-17.70022,25.4599705,299.706573,0.0023778796,0.798150052,2.058955e-06,2.281661894,5.88591e-06,0.02167493275,207.44182,2.7039032,0.00047085014,-2.379883e-06,0.001430684646,-7.86763e-07,-3.09858e-07,454.01382,0.0,0.001128519965,0.0328123969,0.0,25.4599705,10.60673757,0.02167493275,0.0,0.0
1758.0,-17.70022,31.63484938,298.87079,0.000244559766,0.9872669016,1.535007e-06,2.821448657,4.388106e-06,0.0250921617,207.44182,7.051462,0.000545083486,-2.268722e-06,0.00165490721,-7.50021e-07,-3.09858e-07,454.01382,0.0,0.001306440324,0.1126080698,0.0,31.63484938,13.17814544,0.0250921617,0.0,0.0
1758.5,-17.70022,22.599358397,299.719183,0.0,0.708539995,0.0,2.0137798683,0.0,0.01999579244,207.44182,0.0,0.000434373746,0.0,0.00131393854,0.0,-3.09858e-07,454.01382,0.0,0.00104109444,-0.05677603,0.0,22.599358397,9.415435499,0.01999579244,0.0,0.0
1759.0,-17.70022,27.42644335,299.902563,0.00020826326,0.861149909,1.040661e-06,2.456212845,2.974925e-06,0.01570374001,207.44182,20.744182,0.000341136384,-1.58212e-05,0.001074531801,-5.230324e-06,-3.09858e-07,454.01382,0.0,0.000817625806,-0.0262776405,0.0,27.42644335,11.42151495,0.01570374001,0.0,0.0
1759.5,-17.70022,24.7454946,299.554514,0.0,0.775449904,0.0,2.21676932,0.0,0.02469981153,207.44182,0.0,0.000536560345,0.0,0.001623041129,0.0,-3.09858e-07,454.01382,0.0,0.001286012306,-0.0045870117,0.0,24.7454946,10.31120495,0.02469981153,0.0,0.0
1760.0,-17.70022,29.9353698,299.403897,0.0,0.937238282,0.0,2.67926024,0.0,0.01754071555,207.44182,0.0,0.000381041473,0.0,0.001152609675,0.0,-3.09858e-07,454.01382,0.0,0.000913269193,-0.0173538515,0.0,29.9353698,12.46657033,0.01754071555,0.0,0.0
1760.5,-17.70022,30.53185374,299.120617,0.000555084909,0.955112625,2.779177e-06,2.73036884,7.944799e-06,0.01900288837,207.44182,36.768591,0.000412804638,-1.4701283e-05,0.00128830379,-4.860126e-06,-3.09858e-07,454.01382,0.0,0.000989398193,0.020695009,0.0,30.53185374,12.71562532,0.01900288837,0.0,0.0
1761.0,-17.70022,22.37713188,299.59492,0.0,0.7010087137,0.0,2.003965094,0.0,0.01616311778,207.44182,0.0,0.000351115558,0.0,0.001062090591,0.0,-3.09858e-07,454.01382,0.0,0.000841543593,-0.0209903658,0.0,22.37713188,9.32072742,0.01616311778,0.0,0.0
1761.5,-17.70022,23.15988089,299.565017,0.0,0.7254517671,0.0,2.073840253,0.0,0.01904861027,207.44182,0.0,0.000413797862,0.0,0.001251698501,0.0,-3.09858e-07,454.01382,0.0,0.000991778788,-0.0246939765,0.0,23.15988089,9.64811972,0.01904861027,0.0,0.0
1762.0,-17.70022,28.38553845,299.608081,0.0,0.889860271,0.0,2.539046745,0.0,0.0213328683,207.44182,0.0,0.000463419372,0.0,0.0014017981,0.0,-3.09858e-07,454.01382,0.0,0.001110710166,-0.0132708864,0.0,28.38553845,11.82388823,0.0213328683,0.0,0.0
1762.5,-17.70022,23.04380033,299.459488,0.0,0.721295339,0.0,2.061958243,0.0,0.0234247873,207.44182,0.0,0.000508862666,0.0,0.001539260319,0.0,-3.09858e-07,454.01382,0.0,0.001219627332,-0.0173269196,0.0,23.04380033,9.60237288,0.0234247873,0.0,0.0
1763.0,-17.70022,22.693188363,299.75748,0.0,0.7118338564,0.0,2.034459114,0.0,0.021761673306,207.44182,0.0,0.000472734424,0.0,0.001429972375,0.0,-3.09858e-07,454.01382,0.0,0.001133036163,0.0178361953,0.0,22.693188363,9.4555097,0.021761673306,0.0,0.0
1763.5,-17.70022,37.6421229,299.213706,0.0,1.177942443,0.0,3.367369796,0.0,0.02805396737,207.44182,0.0,0.000609423542,0.0,0.001843447255,0.0,-3.09858e-07,454.01382,0.0,0.001460648737,-0.0210787646,0.0,37.6421229,15.67954546,0.02805396737,0.0,0.0
1764.0,-17.70022,29.00304232,299.743576,0.0,0.909874055,0.0,2.60104594,0.0,0.03149276719,207.44182,0.0,0.000684125472,0.0,0.002069413321,0.0,-3.09858e-07,454.01382,0.0,0.001639692128,-0.0183205262,0.0,29.00304232,12.08676853,0.03149276719,0.0,0.0
1764.5,-17.70022,23.3421984,299.669935,0.0,0.731511789,0.0,2.088585645,0.0,0.020638838226,207.44182,0.0,0.000448342806,0.0,0.00135619302,0.0,-3.09858e-07,454.01382,0.0,0.001074575034,-0.0657797764,0.0,23.3421984,9.724912,0.020638838226,0.0,0.0
1765.0,-17.70022,27.01211855,299.554135,0.00010144868,0.845877047,6.34167e-07,2.418098435,1.812885e-06,0.02329033195,207.44182,0.0,0.000505941861,0.0,0.001530410784,0.0,-3.09858e-07,454.01382,0.0,0.001212626841,0.0895436798,0.0,27.01211855,11.253541,0.02329033195,0.0,0.0
1765.5,-17.70022,23.89003936,299.162455,9.106503e-06,0.745601999,3.792e-09,2.131443385,1.0839e-08,0.019713845194,207.44182,20.744182,0.000428248935,-1.726786e-06,0.001300062156,-5.70857e-07,-3.09858e-07,454.01382,0.0,0.001026414662,0.030979029,0.0,23.89003936,9.95233242,0.019713845194,0.0,0.0
1766.0,-17.70022,29.95737077,299.290698,0.00010524644,0.9371382972,2.2009e-08,2.678414787,6.2917e-08,0.01825070412,207.44182,0.0,0.000396464734,0.0,0.001199266659,0.0,-3.09858e-07,454.01382,0.0,0.000950235211,0.01154062163,0.0,29.95737077,12.47613977,0.01825070412,0.0,0.0
1766.5,-17.70022,31.515289196,299.915372,0.0,0.9896288847,0.0,2.82903998,0.0,0.0256319276,207.44182,0.0,0.000556808945,0.0,0.001684293164,0.0,-3.09858e-07,454.01382,0.0,0.00133454355,-0.01935696674,0.0,31.515289196,13.12871065,0.0256319276,0.0,0.0
1767.0,-17.70022,20.7241986,299.720341,20.836209,0.649843399,-3.80037e-06,1.850759712,-1.329411e-06,0.01537381269,207.44182,5.36877352,0.00033396929,-1.829015e-06,0.00101566637,-8.3875e-08,-3.09858e-07,454.01382,0.0,0.000800447918,-0.0283478525,0.0,20.7241986,8.63246893,0.01537381269,0.0,0.0
1767.5,-17.70022,23.216305,299.714604,0.0,0.728162118,0.0,2.081588235,0.0,0.0280424947,207.403391,0.0,0.000609058487,0.0,0.001842342942,0.0,-3.09858e-07,454.01382,0.0,0.001460051347,-0.0204384928,0.0,23.216305,9.67684976,0.0280424947,0.0,0.0
1768.0,-17.70022,21.176571,299.921906,0.0,0.664850774,0.0,1.900600834,0.0,0.01412241408,204.900562,0.0,0.000303218545,0.0,0.00091720674,0.0,-3.09858e-07,454.01382,0.0,0.000735293017,-0.0212055707,0.0,21.176571,8.81997362,0.01412241408,0.0,0.0
1768.5,-17.70022,27.196911296,299.326513,0.0,0.850620013,0.0,2.4316571135,0.0,0.02610891742,200.978507,0.0,0.000549783522,0.0,0.00166304034,0.0,-3.09858e-07,454.01382,0.0,0.001359378399,0.021093904869,0.0,27.196911296,11.332080419,0.02610891742,0.0,0.0
1769.0,-17.70022,25.318193655,299.117792,0.0,0.7910773562,0.0,2.261443253,0.0,0.0225940502,197.056339,0.0,0.000465734162,0.0,0.001408797353,0.0,-3.09858e-07,454.01382,0.0,0.001176374456,0.01430878484,0.0,25.318193655,10.548279745,0.0225940502,0.0,0.0
1769.5,-17.70022,32.49834732,299.099579,0.0,1.015158569,0.0,2.89302707,0.0,0.01697933242,193.13544,18.624863,0.000344069735,-1.8969022e-05,0.00109187954,-6.270952e-06,-3.09858e-07,454.01382,0.0,0.000884040406,-0.0313441549,0.0,32.49834732,13.532716145,0.01697933242,0.0,0.0
1770.0,-17.70022,22.85602193,299.913922,0.0,0.7177238763,0.0,2.050547042,0.0,0.01813107908,189.214042,0.0,0.000358452364,0.0,0.001084279894,0.0,-3.09858e-07,454.01382,0.0,0.000944006827,-0.012659017,0.0,22.85602193,9.521146184,0.01813107908,0.0,0.0
1770.5,-17.70022,30.7248196,299.181653,0.0,0.961097538,0.0,2.74747789,0.0,0.0220093699,185.331131,0.0,0.000427291703,0.0,0.001292516044,0.0,-3.09858e-07,454.01382,0.0,0.001145932709,-0.0200441905,0.0,30.7248196,12.79767547,0.0220093699,0.0,0.0
1771.0,-17.70022,36.88614675,298.797833,0.0006222211,1.15236445,3.884496e-06,3.2927905,1.1104561e-05,0.012901986116,183.91312,18.391312,0.000248483702,-2.7153429e-05,0.000824798162,-8.976916e-06,-3.09858e-07,454.01382,0.0,0.000671750629,0.0438203074,0.0,36.88614675,15.35613146,0.012901986116,0.0,0.0
1771.5,-17.70022,28.0284483,299.644089,0.0,0.878910513,0.0,2.512530733,0.0,0.02143463499,183.91312,0.0,0.000412816878,0.0,0.001248730599,0.0,-3.09858e-07,454.01382,0.0,0.001116008721,-0.0038753577,0.0,28.0284483,11.67535974,0.02143463499,0.0,0.0
1772.0,-17.70022,19.31246127,299.920947,0.0,0.6063775855,0.0,1.722630335,0.0,0.0157748542,183.91312,14.37811,0.000303813234,-2.975981e-05,0.000999187896,-9.838268e-06,-3.09858e-07,454.01382,0.0,0.000821328417,-0.0586886055,0.0,19.31246127,8.045268362,0.0157748542,0.0,0.0
1772.5,-17.70022,21.46945298,299.379401,0.0,0.671199151,0.0,1.918611536,0.0,0.02126698713,183.91312,0.0,0.000409588077,0.0,0.001238964293,0.0,-3.09858e-07,454.01382,0.0,0.001107280016,-0.02609969757,0.0,21.46945298,8.946015853,0.02126698713,0.0,0.0
1773.0,-17.70022,29.391988597,299.354308,0.0,0.9199696593,0.0,2.6299061066,0.0,0.02393059965,183.91312,0.0,0.000460887493,0.0,0.001394139497,0.0,-3.09858e-07,454.01382,0.0,0.001245962804,0.0154198881,0.0,29.391988597,12.24419618,0.02393059965,0.0,0.0
1773.5,-17.70022,26.2933734,299.292399,0.00027364235,0.82255303,1.428606e-06,2.339101338,4.083939e-06,0.01156141009,183.91312,35.137639,0.000222665099,-3.5594701e-05,0.000769443653,-1.1767243e-05,-3.09858e-07,454.01382,0.0,0.000601952616,-0.0150617201,0.0,26.2933734,10.94761735,0.01156141009,0.0,0.0
1774.0,-17.70022,28.06975413,299.453356,0.0,0.878563705,0.0,2.511539448,0.0,0.01967614927,183.91312,0.0,0.000378949589,0.0,0.001146285837,0.0,-3.09858e-07,662.309329,0.0,0.001024451977,-0.0087647307,0.0,28.06975413,11.69152084,0.01967614927,0.0,0.0
1774.5,-17.70022,22.520724306,299.999606,0.0,0.7075092281,0.0,2.020392534,0.0,0.0205366557,183.91312,0.0,0.000395522386,0.0,0.001196410413,0.0,-3.09858e-07,2743.0612,0.0,0.001069254811,0.0380553918,0.0,22.520724306,9.383031034,0.0205366557,0.0,0.0
1775.0,-17.70022,22.83756977,300.0,0.0,0.717463405,0.0,2.051003985,0.0,0.01745475118,183.91312,0.0,0.000336166949,0.0,0.001016868621,0.0,-3.09858e-07,3687.3708,0.0,0.000908793388,0.0011438686,0.0,22.83756977,9.51307308,0.01745475118,0.0,0.0
1775.5,-17.7260246,23.953945693,300.0,0.0006749629,0.7525353943,3.027128e-06,2.1470439581,8.653613e-06,0.0113321576,183.91312,36.782624,0.000218249841,-3.6107877e-05,0.000757470472,-1.1937022e-05,-3.09858e-07,3687.3708,0.0,0.000590016411,-0.003478316665,0.0,23.953945693,9.974030209,0.0113321576,0.0,0.0
1776.0,-19.374667,24.14883702,300.0,0.0,0.7586580851,0.0,2.168766626,0.0,0.02112416694,183.91312,0.0,0.000406837459,0.0,0.001230643945,0.0,-3.09858e-07,3687.3708,0.0,0.001099844002,-0.0226859125,0.0,24.14883702,10.0608434,0.02112416694,0.0,0.0
1776.5,-21.9507391,27.32234221,300.0,6.386468e-05,0.8583566848,3.97436e-07,2.453773878,1.136146e-06,0.01802320121,183.91312,1.1175678,0.000347114909,-7.101e-08,0.001050179148,-2.3475e-08,-3.09858e-07,3687.3708,0.0,0.000938390123,0.0296216164,0.0,27.32234221,11.379551817,0.01802320121,0.0,0.0
1777.0,-24.5268114,25.52404486,300.0,0.0,0.801861528,0.0,2.282381185,0.0,0.01605985919,183.91312,0.0,0.00030930224,0.0,0.000935609133,0.0,-3.09858e-07,3687.3708,0.0,0.000836167389,-0.0528129647,0.0,25.52404486,10.63012066,0.01605985919,0.0,0.0
1777.5,-27.1028837,20.35024337,300.0,0.0,0.639321765,0.0,1.815643017,0.0,0.01732166835,183.91312,15.72692,0.000333603849,-2.4249768e-05,0.001074447527,-8.016709e-06,-3.09858e-07,3687.3708,0.0,0.000901864319,0.0062641991,0.0,20.35024337,8.47800064,0.01732166835,0.0,0.0
1778.0,-29.678956,21.60134607,300.0,0.0,0.678626297,0.0,1.939980781,0.0,0.02129051,183.91312,0.0,0.000410041111,0.0,0.001240333038,0.0,-3.09858e-07,3687.3708,0.0,0.001108504746,-0.0176527661,0.0,21.60134607,9.00091102,0.02129051,0.0,0.0
1778.5,-32.2550283,23.85578657,300.0,0.0,0.749451634,0.0,2.138939405,0.0,0.01777497583,183.91312,0.0,0.000342334256,0.0,0.001035527997,0.0,-3.09858e-07,3687.3708,0.0,0.000925466114,-0.0353210307,0.0,23.85578657,9.93694761,0.01777497583,0.0,0.0
1779.0,-34.8311007,23.96685016,300.0,0.00021637427,0.7529408125,1.291241e-06,2.146013278,3.691254e-06,0.01557676077,183.91312,30.445364,0.000299998088,-1.2337233e-05,0.000940705534,-4.078558e-06,-3.09858e-07,3687.3708,0.0,0.000811014518,-0.0298624982,0.0,23.96685016,9.98187862,0.01557676077,0.0,0.0
1779.5,-37.4071728,25.10145407,300.0,0.0004215269,0.788585437,1.969184e-06,2.24672734,5.629282e-06,0.01803508746,183.91312,29.4093456,0.000347343834,-3.6456058e-05,0.001148901056,-1.2052086e-05,-3.09858e-07,3687.3708,0.0,0.000939008986,-0.019603033,0.0,25.10145407,10.4554306,0.01803508746,0.0,0.0
1780.0,-39.9832456,23.591712966,300.0,8.472674e-05,0.7411555274,3.8789e-07,2.11609827526,1.108857e-06,0.01915094346,183.91312,9.594526,0.00036883449,-3.65836e-06,0.001125545414,-1.209414e-06,-3.09858e-07,3687.3708,0.0,0.000997106815,-0.03470582464,0.0,23.591712966,9.8278679668,0.01915094346,0.0,0.0
1780.5,-42.5334369,19.432402537,300.0,2.3455449e-05,0.6104869253,1.00696e-07,1.7451916004,2.87859e-07,0.02042140039,183.91312,0.0,0.000393302642,0.0,0.001189691426,0.0,-3.09858e-07,3687.3708,0.0,0.001063253987,0.00917761643,0.0,19.432402537,8.0978901405,0.02042140039,0.0,0.0
1781.0,-43.46094,23.46135654,300.0,0.001010950696,0.737060262,5.18599e-07,2.090540058,1.482512e-06,0.01847888019,183.91312,35.15669377,0.000355890996,-1.3806931e-05,0.001113730074,-4.564421e-06,-3.09858e-07,3687.3708,0.0,0.000962115373,-0.0315812873,0.0,23.46135654,9.77323354,0.01847888019,0.0,0.0
1781.5,-43.46094,30.5614171,300.0,0.000318862364,0.960115237,1.893439e-06,2.74218677,5.412751e-06,0.019065603292,183.91312,21.812851,0.000367190875,-1.34971e-06,0.00111434859,-4.462e-07,-3.09858e-07,3687.3708,0.0,0.000992663489,0.0363191057,0.0,30.5614171,12.72796347,0.019065603292,0.0,0.0
1782.0,-43.46094,27.44114539,300.0,0.001659521617,0.8620890214,7.34573e-07,2.464443426,2.099914e-06,0.02017453528,183.91312,18.391312,0.000388548172,-1.2144466e-05,0.00120803217,-4.014828e-06,-3.09858e-07,3687.3708,0.0,0.001050400758,-0.0115024468,0.0,27.44114539,11.4302431,0.02017453528,0.0,0.0
1782.5,-43.46094,23.41688421,300.0,0.00018150915,0.7356631184,1.028573e-06,2.103031249,2.940368e-06,0.01927804697,183.91312,5.2352837,0.000371282414,-1.927129e-06,0.001128279684,-6.37094e-07,-3.09858e-07,3687.3708,0.0,0.001003724532,0.0088527906,0.0,23.41688421,9.75519477,0.01927804697,0.0,0.0
1783.0,-43.46094,18.5479278,300.0,0.00045337884,0.582700341,1.085348e-06,1.656858212,3.102672e-06,0.01370014154,183.91312,46.567271,0.000263855644,-2.9845964e-05,0.000878552152,-9.866763e-06,-3.09858e-07,3687.3708,0.0,0.000713307095,-0.0705382814,0.0,18.5479278,7.72592904,0.01370014154,0.0,0.0
1783.5,-43.46094,23.52449685,300.0,1.3326731e-05,0.7390438774,5.9971e-08,2.11269574,1.71438e-07,0.02134605985,183.91312,0.0,0.000411110958,0.0,0.001243566274,0.0,-3.09858e-07,3687.3708,0.0,0.001111396984,0.0305667557,0.0,23.52449685,9.80118094,0.02134605985,0.0,0.0
1784.0,-43.46094,28.8635005,300.0,0.0,0.906773591,0.0,2.59021746,0.0,0.024369054347,183.91312,0.0,0.000469331841,0.0,0.001419673379,0.0,-3.09858e-07,3687.3708,0.0,0.001268791251,0.0041194129,0.0,28.8635005,12.02454424,0.024369054347,0.0,0.0
1784.5,-43.46094,14.283549179,300.0,0.015674008,0.4487309274,7.28533e-07,1.2827816734,2.082647e-06,0.01918447696,183.91312,0.13214229,0.000369480309,-4.5477e-08,0.001117763217,-1.5034e-08,-3.09858e-07,3687.3708,0.0,0.000998852719,0.0444063193,0.0,14.283549179,5.954691772,0.01918447696,0.0,0.0
1785.0,-43.46094,18.43727366,299.658278,0.00063553457,0.57812932,2.207709e-06,1.652691292,6.31115e-06,0.0182124727,183.91312,7.964607,0.000350760143,-1.860615e-06,0.001066028559,-6.15103e-07,-3.09858e-07,2407.54466,0.0,0.000948244643,-0.0290074367,0.0,18.43727366,7.68251987,0.0182124727,0.0,0.0
1785.5,-43.4616606,22.956389435,293.035901,0.00081387761,0.7032175556,4.301364e-06,2.005366782,1.2296257e-05,0.01678886525,183.91312,36.782624,0.00032334243,-3.130267e-05,0.001062400399,-1.0348469e-05,-3.09823e-07,552.199132,0.0,0.000874123595,0.0034461773,0.0,22.956389435,9.562126112,0.01678886525,0.0,0.0
1786.0,-43.5075286,22.61850952,299.151962,0.000348145187,0.7070383686,3.94585e-07,2.020582285,1.127995e-06,0.02007025109,183.91312,2.1571466,0.000386539731,-1.54008e-07,0.001169609668,-5.0913e-08,-3.09815e-07,484.67874,0.0,0.00104497114,0.054936329,0.0,22.61850952,9.423447633,0.02007025109,0.0,0.0
1786.5,-43.5791996,27.20486769,299.395586,0.00030261731,0.851632372,8.34916e-07,2.430124,2.386763e-06,0.01565301503,183.91312,18.391312,0.000301466694,-5.534566e-06,0.000926814271,-1.829667e-06,-3.09815e-07,484.67874,0.0,0.000814984786,-0.0061898219,0.0,27.20486769,11.329285955,0.01565301503,0.0,0.0
1787.0,-43.6508703,19.556836483,299.657995,0.02867234059,0.6131002222,1.365924e-06,1.750676401,3.904751e-06,0.01622600937,183.91312,19.431712,0.000312502186,-4.061631e-06,0.000956232025,-1.342731e-06,-3.09815e-07,484.67874,0.0,0.000844818109,0.0161821452,0.0,19.556836483,8.147218466,0.01622600937,0.0,0.0
1787.5,-43.7225409,19.165153687,299.26777,0.00025658864,0.5992624923,1.149774e-06,1.7131044017,3.286845e-06,0.016815516436,183.91312,1.70233462,0.000323855713,-7.39561e-07,0.000981624786,-2.44494e-07,-3.09815e-07,484.67874,0.0,0.000875511225,-0.038614483,0.0,19.165153687,7.984580206,0.016815516436,0.0,0.0
1788.0,-43.7942125,24.75743558,299.223171,0.0,0.7737177866,0.0,2.211817666,0.0,0.02412670143,183.91312,0.0,0.000464664275,0.0,0.001405564449,0.0,-3.09815e-07,484.67874,0.0,0.001256172965,-0.043563514943,0.0,24.75743558,10.315839003,0.02412670143,0.0,0.0
1788.5,-43.8658829,28.84048298,299.28772,0.0,0.9030737846,0.0,2.581606163,0.0,0.02469769205,183.91312,0.0,0.00047566117,0.0,0.001438827403,0.0,-3.09815e-07,484.67874,0.0,0.001285901952,0.0174743534,0.0,28.84048298,12.01515866,0.02469769205,0.0,0.0
1789.0,-43.9375533,30.5927091,299.079899,0.00056404024,0.956996894,3.073811e-06,2.72558281,8.787066e-06,0.0216902205,183.91312,11.662906,0.000417739282,-3.268861e-06,0.001272424645,-1.080658e-06,-3.09815e-07,484.67874,0.0,0.001129315953,-0.019477180464,0.0,30.5927091,12.74251693,0.0216902205,0.0,0.0
1789.5,-44.0092243,24.67610163,299.187009,6.913855e-06,0.771630162,3.2901e-08,2.204189713,9.4054e-08,0.0268063205,183.91312,0.0,0.000516271971,0.0,0.00156165905,0.0,-3.09815e-07,484.67874,0.0,0.00139568916,-0.0046648429,0.0,24.67610163,10.28355993,0.0268063205,0.0,0.0
1790.0,-44.0808953,23.74794662,299.224689,0.00032771688,0.742967608,1.863039e-06,2.119382146,5.325847e-06,0.01882170866,183.91312,18.391312,0.000362493643,-2.1645796e-05,0.001154803242,-7.155968e-06,-3.09815e-07,484.67874,0.0,0.000979964967,0.04105889564,0.0,23.74794662,9.89268573,0.01882170866,0.0,0.0
1790.5,-44.1518474,19.98297746,299.744606,0.0,0.62676588,0.0,1.782431891,0.0,0.01080234643,183.91312,23.352439,0.000208046036,-1.360838e-06,0.000632985643,-4.49878e-07,-3.09815e-07,484.67874,0.0,0.000562431444,-0.0712400327,0.0,19.98297746,8.32137182,0.01080234643,0.0,0.0
1791.0,-44.17765,26.49680137,298.919298,0.000410620896,0.8249938825,3.683219e-06,2.353876803,1.0529172e-05,0.01957516046,183.91312,0.499425,0.000377004622,-8.84126e-07,0.001142767569,-2.92283e-07,-3.09815e-07,580.533804,0.0,0.001019193934,0.0655882669,0.0,26.49680137,11.03694449,0.01957516046,0.0,0.0
1791.5,-44.17765,18.95442957,299.963716,0.000183346485,0.595341063,6.89614e-07,1.681969126,1.971169e-06,0.00631764979,183.91312,53.7146802,0.000121673744,-1.5616621e-05,0.000410127219,-5.162686e-06,-3.09815e-07,1477.706734,0.0,0.00032893269,-0.0770247346,0.0,18.95442957,7.890767036,0.00631764979,0.0,0.0
1792.0,-44.17765,25.13413407,300.0,0.000411942926,0.789612118,7.91301e-07,2.251198387,2.262083e-06,0.020087071672,183.91312,18.09403,0.00038686369,-6.795613e-06,0.001188517031,-2.246555e-06,-3.09815e-07,2531.64412,0.0,0.001045846912,0.04762569548,0.0,25.13413407,10.4702274,0.020087071672,0.0,0.0
1792.5,-44.17765,25.6224628,300.0,5.711489e-05,0.804953403,2.68807e-07,2.29028093,7.68436e-07,0.02002849722,183.91312,0.0,0.000385735583,0.0,0.001166802401,0.0,-3.09815e-07,2872.815,0.0,0.001042797201,-0.0294361534,0.0,25.6224628,10.67339038,0.02002849722,0.0,0.0
1793.0,-44.17765,15.52269474,300.0,0.0,0.487659843,0.0,1.38975197,0.0,0.01776205568,183.91312,9.300387,0.000342085428,-7.322234e-06,0.001054502034,-2.420651e-06,-3.09815e-07,2872.815,0.0,0.000924793421,-0.05309187193,0.0,15.52269474,6.46947917,0.01776205568,0.0,0.0
1793.5,-44.17765,20.68605407,300.0,0.0,0.6498715562,0.0,1.851205316,0.0,0.021029384593,183.91312,6.814619,0.000405012008,-5.10727e-07,0.001226498144,-1.68841e-07,-3.09815e-07,2872.815,0.0,0.001094909077,-0.0609483474,0.0,20.68605407,8.61989891,0.021029384593,0.0,0.0
1794.0,-44.17765,21.71981986,300.0,0.002975784744,0.682348239,4.179676e-06,1.946795507,1.194839e-05,0.012109399854,183.91312,34.427954,0.000233219021,-4.3065494e-05,0.000821492051,-1.4236982e-05,-3.09815e-07,2872.815,0.0,0.000630484054,-0.01453745675,0.0,21.71981986,9.04484785,0.012109399854,0.0,0.0
1794.5,-44.17765,23.8683229,300.0,0.000283802868,0.749845493,1.242967e-06,2.137790818,3.553255e-06,0.01348560489,183.868208,36.782624,0.000259502146,-2.5268791e-05,0.000853050903,-8.35361e-06,-3.09815e-07,2872.815,0.0,0.000702137077,-0.0932255404,0.0,23.8683229,9.93965964,0.01348560489,0.0,0.0
1795.0,-44.17765,17.16383875,300.0,0.000387498823,0.5392178937,1.703377e-06,1.537308014,4.869423e-06,0.00926518199,180.942219,29.5739364,0.000175237955,-2.3281213e-05,0.000592800529,-7.696584e-06,-3.09815e-07,2872.815,0.0,0.000482397957,-0.0397992606,0.0,17.16383875,7.147409696,0.00926518199,0.0,0.0
1795.5,-44.17765,26.86656297,300.0,0.0007015884,0.8440379646,3.95384e-06,2.412841095,1.1302793e-05,0.01509784809,176.35979,17.429843,0.000279361431,-2.3198592e-05,0.000907538779,-7.669512e-06,-3.09815e-07,2872.815,0.0,0.000786079621,0.0626761121,0.0,26.86656297,11.18819076,0.01509784809,0.0,0.0
1796.0,-44.17765,23.4798269,300.0,0.0,0.737640502,0.0,2.105544608,0.0,0.0207814516,171.776923,0.0,0.000374245832,0.0,0.001132053521,0.0,-3.09815e-07,2872.815,0.0,0.001082000305,0.02542881545,0.0,23.4798269,9.78226327,0.0207814516,0.0,0.0
1796.5,-44.17765,28.37224575,300.0,1.0114578e-05,0.8913403697,4.2864e-08,2.548063965,1.22536e-07,0.01760940607,167.193346,0.0,0.000308286238,0.0,0.000932521342,0.0,-3.09815e-07,2872.815,0.0,0.0009168456,0.0793251109,0.0,28.37224575,11.81618272,0.01760940607,0.0,0.0
1797.0,-44.17765,24.44668509,300.0,0.000132938723,0.7680152482,6.57337e-07,2.187692004,1.874666e-06,0.01561315818,162.610211,16.054807,0.000266388803,-1.2506329e-05,0.000839472701,-4.134476e-06,-3.09815e-07,2872.815,0.0,0.000812909592,-0.011971708,0.0,24.44668509,10.181562396,0.01561315818,0.0,0.0
1797.5,-44.17765,17.27297738,300.0,0.0,0.542646573,0.0,1.550144424,0.0,0.01465209415,158.073621,3.9892357,0.000243214711,-3.389114e-06,0.000744831581,-1.120404e-06,-3.09815e-07,2872.815,0.0,0.000762871151,-0.0533341205,0.0,17.27297738,7.19596876,0.01465209415,0.0,0.0
1798.0,-44.17765,21.912020037,300.0,2.5790042e-05,0.6883864281,1.12991e-07,1.9644027602,3.23006e-07,0.0163125853,156.4164,15.64164,0.000267198295,-4.527388e-06,0.000820447203,-1.496707e-06,-3.09815e-07,2872.815,0.0,0.000849325739,-0.0803579339,0.0,21.912020037,9.127278193,0.0163125853,0.0,0.0
1798.5,-44.17765,22.4219532,300.0,0.000510658775,0.704406441,2.185488e-06,2.010143756,6.247627e-06,0.012169704216,156.4164,28.215932,0.00019933837,-1.3977283e-05,0.000640630936,-4.620866e-06,-3.09815e-07,2872.815,0.0,0.000633623856,0.0641572109,0.0,22.4219532,9.33704605,0.012169704216,0.0,0.0
1799.0,-44.17765,26.72221605,300.0,0.001342248031,0.8395031895,3.13046e-06,2.398736284,8.949008e-06,0.0108436839,156.4164,15.64164,0.000177618311,-2.0794716e-05,0.000593298709,-6.874512e-06,-3.09815e-07,2872.815,0.0,0.000564583722,0.0967811777,0.0,26.72221605,11.12564287,0.0108436839,0.0,0.0
1799.5,-44.17765,24.86886018,300.0,0.00173203733,0.781278276,2.182925e-06,2.227418014,6.240301e-06,0.00896192799,156.4164,39.518455,0.000146795364,-2.4270986e-05,0.000509433301,-8.023816e-06,-3.09813e-07,2872.815,0.0,0.000466608822,-0.0191259893,0.0,24.86886018,10.353348875,0.00896192799,0.0,0.0
1800.0,-44.17765,23.093527017778,300.0,3.4076333e-05,0.725504557333,1.55591e-07,2.065690443889,4.44787e-07,0.012899186889,156.4164,17.3796,0.000211287224,-2.1965827e-05,0.000698303731,-7.261678e-06,-3.09813e-07,2872.815,0.0,0.000671604866,-0.070122325,0.0,23.093527017778,9.616918745556,0.012899186889,0.0,0.0
