time_s,ice_torque_nm,em1_speed_rpm,em1_torque_nm,em1_torque_ist_nm,em1_power_kw,em1_power_ist_kw,em1_elpower_kw,em1_elpower_ist_kw,em2_speed_rpm,em2_torque_nm,em2_torque_ist_nm,em2_power_kw,em2_power_ist_kw,em2_elpower_kw,em2_elpower_ist_kw,soc_1,ice_speed_soll_rpm,brake_perc,car_speed_kmph,car_acc_mpsh2,grade_perc,sun_speed_rpm,carrier_speed_rpm,ring_speed_rpm,brake_trq_nm,brake_pwr_kw
0.0,0.0,1.0561504,0.07021306,0.07021306,7.765956e-06,7.765956e-06,2.2200444e-05,2.2200444e-05,-1.356678,-123.1107,-123.1107,0.017490458,0.017490458,0.052667342,0.052667342,0.08141772,0.0,0.0,-0.070636354,-0.38336867,0.0,1.0561504,-0.35268223,-1.356678,0.0,0.0
0.5,0.0,10.69840366,0.1012879374,0.1012879374,0.000109114383,0.000109114383,0.000311923965,0.000311923965,-7.89633423,-123.1107,-123.1107,0.1018005086,0.1018005086,0.2987068506,0.2987068506,0.0814165677,0.0,0.0,-0.411127969,-0.332381501,0.0,10.69840366,-0.1589265231,-7.89633423,0.0,0.0
1.0,0.0,26.6812934,0.0896013416,0.0896013416,0.000250251242,0.000250251242,0.000715390185,0.000715390185,-19.0622705,-123.1107,-123.1107,0.245753126,0.245753126,0.697612008,0.697612008,0.0814116194,0.0,0.0,-0.992489965,-0.321539782,0.0,26.6812934,-0.0280357937,-19.0622705,0.0,0.0
1.5,0.0,42.249204,0.0893731296,0.0893731296,0.000395413101,0.000395413101,0.00113036266,0.00113036266,-30.1780576,-123.1107,-123.1107,0.389059211,0.389059211,1.067724629,1.067724629,0.081402815,0.0,0.0,-1.57124089,-0.321515776,0.0,42.249204,-0.0405395366,-30.1780576,0.0,0.0
2.0,0.0,57.8100137,0.089359759,0.089359759,0.000540969089,0.000540969089,0.00154646182,0.00154646182,-41.2928402,-123.1107,-123.1107,0.532352345,0.532352345,1.4135661,1.4135661,0.0813903614,0.0,0.0,-2.14993954,-0.321481467,0.0,57.8100137,-0.0554110481,-41.2928402,0.0,0.0
2.5,0.0,73.3688045,0.0893471923,0.0893471923,0.000686467174,0.000686467174,0.00196239544,0.00196239544,-52.4062522,-123.1107,-123.1107,0.675627839,0.675627839,1.73743803,1.73743803,0.0813744435,0.0,0.0,-2.7285668,-0.321436508,0.0,73.3688045,-0.070322666,-52.4062522,0.0,0.0
3.0,0.0,88.9251606,0.0893317304,0.0893317304,0.000831874559,0.000831874559,0.0023780697,0.0023780697,-63.5179258,-123.1107,-123.1107,0.818880885,0.818880885,2.04135976,2.04135976,0.0813552314,0.0,0.0,-3.30710364,-0.321380902,0.0,88.9251606,-0.0852327201,-63.5179258,0.0,0.0
3.5,0.0,104.4823418,0.0894717939,0.0894717939,0.000979040801,0.000979040801,0.00279877208,0.00279877208,-74.6310802,-123.360578,-123.360578,0.964212389,0.964212389,2.33243867,2.33243867,0.0813328699,0.0,0.0,-3.8857175,-0.322122524,0.0,104.4823418,-0.1006633766,-74.6310802,0.0,0.0
4.0,0.0,120.2422497,0.0918657035,0.0918657035,0.00115716933,0.00115716933,0.00330798595,0.00330798595,-85.8947322,-126.0198524,-126.0198524,1.13385515,1.13385515,2.66635927,2.66635927,0.081307178,0.0,0.0,-4.47216715,-0.330651215,0.0,120.2422497,-0.1196120024,-85.8947322,0.0,0.0
4.5,0.0,136.498182,0.094818517,0.094818517,0.00135575653,0.00135575653,0.00387568476,0.00387568476,-97.506999,-129.28295,-129.28295,1.32042887,1.32042887,3.02052691,3.02052691,0.081277671,0.0,0.0,-5.0767676,-0.341121691,0.0,136.498182,-0.135714319,-97.506999,0.0,0.0
5.0,0.0,153.261758,0.0977256754,0.0977256754,0.00156887845,0.00156887845,0.00448493399,0.00448493399,-109.480986,-132.546043,-132.546043,1.5199594,1.5199594,3.38334942,3.38334942,0.0812441651,0.0,0.0,-5.70020148,-0.351577041,0.0,153.261758,-0.151790539,-109.480986,0.0,0.0
5.5,0.0,170.531019,0.1006273976,0.1006273976,0.00179743952,0.00179743952,0.00513831859,0.00513831859,-121.8161595,-135.809135,-135.809135,1.73280997,1.73280997,3.75457633,3.75457633,0.0812064864,0.0,0.0,-6.34244041,-0.36201622,0.0,170.531019,-0.168340475,-121.8161595,0.0,0.0
6.0,0.0,188.305122,0.1035242829,0.1035242829,0.00204187366,0.00204187366,0.0058370795,0.0058370795,-134.511938,-139.072227,-139.072227,1.9593423,1.9593423,4.13399763,4.13399763,0.0811644556,0.0,0.0,-7.0034545,-0.372438067,0.0,188.305122,-0.185373719,-134.511938,0.0,0.0
6.5,0.0,206.583206,0.1064160296,0.1064160296,0.00230259695,0.00230259695,0.00658240604,0.00658240604,-147.567694,-142.33532,-142.33532,2.19991687,2.19991687,4.52268435,4.52268435,0.0811178805,0.0,0.0,-7.68321142,-0.382841411,0.0,206.583206,-0.202889614,-147.567694,0.0,0.0
7.0,0.0,225.364347,0.1093022969,0.1093022969,0.00258001918,0.00258001918,0.00737546948,0.00737546948,-160.982775,-145.59842,-145.59842,2.45489261,2.45489261,4.92067019,4.92067019,0.0810665394,0.0,0.0,-8.38167675,-0.393225051,0.0,225.364347,-0.220887257,-160.982775,0.0,0.0
7.5,0.0,244.647559,0.1121827429,0.1121827429,0.00287454377,0.00287454377,0.00821742355,0.00821742355,-174.756481,-148.861519,-148.861519,2.72462695,2.72462695,5.32714112,5.32714112,0.0810102089,0.0,0.0,-9.098814,-0.403587748,0.0,244.647559,-0.239365699,-174.756481,0.0,0.0
8.0,0.0,264.431787,0.1150570134,0.1150570134,0.00318656752,0.00318656752,0.00910940165,0.00910940165,-188.888063,-152.124612,-152.124612,3.00947563,3.00947563,5.7425491,5.7425491,0.0809486481,0.0,0.0,-9.8345843,-0.413928229,0.0,264.431787,-0.258323933,-188.888063,0.0,0.0
8.5,0.0,284.715951,0.1179247497,0.1179247497,0.0035164799,0.0035164799,0.0100525185,0.0100525185,-203.376732,-155.387705,-155.387705,3.30979263,3.30979263,6.18652152,6.18652152,0.0808814894,0.0,0.0,-10.58894675,-0.424245202,0.0,284.715951,-0.277760866,-203.376732,0.0,0.0
9.0,0.0,305.498864,0.1207855831,0.1207855831,0.00386466329,0.00386466329,0.0110478661,0.0110478661,-218.221644,-158.650795,-158.650795,3.62593014,3.62593014,6.64934267,6.64934267,0.0808081705,0.0,0.0,-11.3618571,-0.434537328,0.0,305.498864,-0.297675372,-218.221644,0.0,0.0
9.5,0.0,326.779287,0.1236391379,0.1236391379,0.00423149193,0.00423149193,0.0120084866,0.0120084866,-233.421928,-161.913886,-161.913886,3.95823843,3.95823843,7.11978288,7.11978288,0.0807283175,0.0,0.0,-12.15326995,-0.444803278,0.0,326.779287,-0.318066255,-233.421928,0.0,0.0
10.0,0.0,348.555927,0.126485031,0.126485031,0.00461733201,0.00461733201,0.0127387701,0.0127387701,-248.97665,-165.176986,-165.176986,4.30706569,4.30706569,7.59722792,7.59722792,0.0806415763,0.0,0.0,-12.96313705,-0.455041666,0.0,348.555927,-0.338932258,-248.97665,0.0,0.0
10.5,0.0,370.827419,0.129322872,0.129322872,0.00502254072,0.00502254072,0.0134556219,0.0134556219,-264.884833,-168.440086,-168.440086,4.67275818,4.67275818,8.08220362,8.08220362,0.0805475355,0.0,0.0,-13.7914072,-0.46525108,0.0,370.827419,-0.360272048,-264.884833,0.0,0.0
11.0,0.0,393.592321,0.132152259,0.132152259,0.00544746688,0.00544746688,0.0141746416,0.0141746416,-281.145449,-171.703177,-171.703177,5.05565939,5.05565939,8.5735875,8.5735875,0.0804457309,0.0,0.0,-14.6380271,-0.475430074,0.0,393.592321,-0.382084247,-281.145449,0.0,0.0
11.5,0.0,416.849123,0.134972793,0.134972793,0.00589244972,0.00589244972,0.0148952281,0.0148952281,-297.757427,-174.96627,-174.96627,5.45611136,5.45611136,9.07034195,9.07034195,0.0803356435,0.0,0.0,-15.5029412,-0.485577226,0.0,416.849123,-0.404367391,-297.757427,0.0,0.0
12.0,0.0,440.59625,0.137784056,0.137784056,0.00635781842,0.00635781842,0.0156168211,0.0156168211,-314.719637,-178.229363,-178.229363,5.87445294,5.87445294,9.57190235,9.57190235,0.0802166701,0.0,0.0,-16.3860897,-0.495691034,0.0,440.59625,-0.427119959,-314.719637,0.0,0.0
12.5,0.0,464.831443,0.14053412,0.14053412,0.00684131608,0.00684131608,0.0163328401,0.0163328401,-332.030112,-181.492455,-181.492455,6.311006,6.311006,10.0777153,10.0777153,0.0800880999,0.0,0.00357392098,-17.2873717,-0.505307865,0.0,464.831443,-0.450135846,-332.030112,0.087634844,0.0012477637
13.0,0.0,489.021175,0.135283622,0.135283622,0.00692560173,0.00692560173,0.0160871429,0.0160871429,-349.280837,-184.755551,-184.755551,6.75820375,6.75820375,10.58064055,10.58064055,0.0799490931,0.0,0.231661629,-18.1855422,-0.48530483,0.0,489.021175,-0.457182859,-349.280837,5.77688287,0.0850361051
13.5,0.0,511.62661,0.1246143684,0.1246143684,0.00667458,0.00667458,0.0151188027,0.0151188027,-365.418397,-188.018655,-188.018655,7.19525725,7.19525725,11.0639404,11.0639404,0.0797989218,0.0,0.588064138,-19.0257553,-0.448281098,0.0,511.62661,-0.473495152,-365.418397,14.6869455,0.225284538
14.0,0.0,532.427985,0.1143175781,0.1143175781,0.00637209137,0.00637209137,0.014111138,0.014111138,-380.276327,-191.281745,-191.281745,7.61770724,7.61770724,11.5264343,11.5264343,0.0796368032,0.0,0.944466641,-19.7993434,-0.411277598,0.0,532.427985,-0.493321904,-380.276327,23.5970081,0.376314005
14.5,0.0,551.438655,0.1040385738,0.1040385738,0.00600625743,0.00600625743,0.0130348238,0.0130348238,-393.85539,-194.544838,-194.544838,8.02425743,8.02425743,12.0214768,12.0214768,0.0794609541,0.0,1.30086913,-20.5063462,-0.374298611,0.0,551.438655,-0.511558034,-393.85539,32.5070698,0.5366928
15.0,0.0,568.590439,0.0929747579,0.092153181,0.0055341786,0.00548491596,0.0117977598,0.01169319275,-406.103191,-197.807193,-195.894689,8.41247505,8.3305697,12.5212929,12.3996732,0.0792681232,0.0,1.65727163,-21.1440366,-0.331169189,0.0,568.590439,-0.525970434,-406.103191,41.4151279,0.704857688
15.5,0.0,583.245063,0.0786570166,0.0760627963,0.00480233512,0.00464382055,0.0100852026,0.0097524706,-416.561731,-199.629536,-192.825089,8.70828975,8.4112229,12.84269845,12.40472655,0.0790685854,0.0,2.02162921,-21.6885673,-0.272752316,0.0,583.245063,-0.534745834,-416.561731,50.5192016,0.8818291
16.0,0.0,593.967659,0.0446595959,0.0428227601,0.00277476792,0.00266063112,0.00576677552,0.00552958019,-424.154094,-199.63264,-190.49252,8.86714545,8.4610924,12.9900272,12.3952146,0.0788690977,0.0,2.88664198,-22.0838687,-0.1508441126,0.0,593.967659,-0.506114579,-424.154094,72.1104227,1.28169868
16.5,0.0,597.523657,-0.00103918854,-0.00121183315,-6.4951883e-05,-7.5752174e-05,0.000454928371,0.000432573941,-426.67616,-199.63264,-189.657507,8.9198709,8.47416665,13.03808405,12.3866031,0.0786697224,0.0,4.03776035,-22.215182,0.0040372474,0.0,597.523657,-0.499057213,-426.67616,100.8883802,1.80312035
17.0,0.0,593.667583,-0.0428793568,-0.0428793568,-0.00266311487,-0.00266311487,-0.001281102087,-0.001281102087,-423.929288,-199.63264,-190.283431,8.8624459,8.44733525,12.9826948,12.3746274,0.0784704589,0.0,5.18887874,-22.0721645,0.153994631,0.0,593.667583,-0.499721017,-423.929288,129.66634,2.30202123
17.5,0.0,582.67843,-0.0831586569,-0.0831586569,-0.00506921906,-0.00506921906,-0.00241164251,-0.00241164251,-416.084173,-199.63264,-192.397445,8.69844005,8.3829288,12.8272068,12.3620723,0.0782713099,0.0,6.33999709,-21.6637027,0.298951435,0.0,582.67843,-0.491678768,-416.084173,158.4443,2.7604805
18.0,0.0,564.798644,-0.1219988976,-0.1219988976,-0.00720870866,-0.00720870866,-0.00336715685,-0.00336715685,-403.317073,-199.63264,-196.078277,8.4315382,8.28082545,12.57379335,12.349358,0.078072274,0.0,7.49111529,-20.9989753,0.438669346,0.0,564.798644,-0.476989445,-403.317073,187.222255,3.16144405
18.5,0.0,540.22643,-0.16043963,-0.16043963,-0.0090669571,-0.0090669571,-0.00412719654,-0.00412719654,-385.76592,-199.63264,-199.51312,8.06462223,8.05969123,12.2235388,12.2161225,0.0778747222,0.0,8.615543,-20.0851622,0.575616578,0.0,540.22643,-0.453660754,-385.76592,215.350506,3.47809833
19.0,0.0,512.537938,-0.1425431645,-0.1425431645,-0.00766409686,-0.00766409686,-0.00339102721,-0.00339102721,-366.187297,-199.63264,-199.63264,7.65532177,7.65532177,11.888088,11.888088,0.0776870185,0.0,8.0652367,-19.0657885,0.502468764,0.0,512.537938,-0.543240911,-366.187297,201.690699,3.09595913
19.5,0.0,492.95604,-0.0842558316,-0.0842558316,-0.00435653499,-0.00435653499,-0.00188585003,-0.00188585003,-352.268322,-199.63264,-199.63264,7.36433898,7.36433898,11.64887785,11.64887785,0.077509035,0.0,6.55771553,-18.3410876,0.302858861,0.0,492.95604,-0.564223213,-352.268322,164.002676,2.42135111
20.0,0.0,483.12308,-0.02875155334,-0.02875155334,-0.001457010017,-0.001457010017,-0.000623731763,-0.000623731763,-345.246217,-199.63264,-199.63264,7.21753846,7.21753846,11.52480385,11.52480385,0.0773365115,0.0,5.05019478,-17.9754769,0.1034743145,0.0,483.12308,-0.55563463,-345.246217,126.3146554,1.82718282
20.5,0.0,482.937531,0.02661855833,0.02661146136,0.001348397499,0.001348039704,0.003150474199,0.003149636038,-345.113548,-199.63264,-199.63264,7.21476501,7.21476501,11.5224372,11.5224372,0.0771656043,0.0,3.54267396,-17.9685694,-0.0957022258,0.0,482.937531,-0.555383897,-345.113548,88.6266363,1.28076289
21.0,0.0,492.387268,0.0819192345,0.0819192345,0.0042307867,0.0042307867,0.00978014316,0.00978014316,-351.863188,-199.63264,-199.63264,7.35586949,7.35586949,11.64178305,11.64178305,0.076992487,0.0,2.03515312,-18.3199941,-0.294671374,0.0,492.387268,-0.564340873,-351.863188,50.9386157,0.749447652
21.5,0.0,511.459355,0.1369461274,0.1369461274,0.00734594823,0.00734594823,0.016625585,0.016625585,-365.484454,-199.63264,-199.63264,7.64062865,7.64062865,11.87622095,11.87622095,0.0768131678,0.0,0.542761822453,-19.0291947,-0.491465374,0.0,511.459355,-0.581662379,-365.484454,13.6214959348,0.20644232501
22.0,0.0,537.884838,0.15806641,0.157728335,0.0089023434,0.00888293845,0.019597337,0.019555082,-384.242574,-199.63264,-199.194919,8.03277613,8.01483073,12.1903667,12.1633554,0.0766233604,0.0,0.0,-20.005849,-0.561459972,0.0,537.884838,-0.538542548,-384.242574,0.0,0.0
22.5,0.0,564.76315,0.155674782,0.151471289,0.009206643,0.0089569889,0.0197007422,0.0191678508,-403.400773,-199.63264,-194.227821,8.4332875,8.2039973,12.5548286,12.21400735,0.076425825,0.0,0.0,-21.0033336,-0.544726097,0.0,564.76315,-0.540619167,-403.400773,0.0,0.0
23.0,0.0,590.662486,0.154701825,0.14613402,0.009568732,0.00903787225,0.0199394604,0.0188343882,-421.899199,-199.63264,-188.564264,8.82000605,8.33014635,12.9178174,12.20081585,0.0762278405,0.0,0.0,-21.9664666,-0.525735368,0.0,590.662486,-0.564802097,-421.899199,0.0,0.0
23.5,0.0,615.684056,0.153804482,0.141338271,0.0099162453,0.0091117119,0.0201538578,0.0185197027,-439.77178,-199.63264,-183.440577,9.1936408,8.4472104,13.2641482,12.18762115,0.0760299636,0.0,0.0,-22.8970139,-0.508486071,0.0,615.684056,-0.588809495,-439.77178,0.0,0.0
24.0,0.0,639.908361,0.152926484,0.136964172,0.0102475854,0.0091772503,0.0203493999,0.0182247439,-457.074904,-199.63264,-178.786214,9.5553707,8.55690725,13.5946188,12.174422,0.0758322002,0.0,0.0,-23.7979131,-0.492750714,0.0,639.908361,-0.612066258,-457.074904,0.0,0.0
24.5,0.0,663.403114,0.152066172,0.132949785,0.01056407975,0.00923543855,0.0206624509,0.0180641672,-473.856903,-199.63264,-174.53183,9.90620695,8.660068,13.91068495,12.1611041,0.0756345505,0.0,0.0,-24.6716791,-0.478305454,0.0,663.403114,-0.634617503,-473.856903,0.0,0.0
25.0,0.0,686.22638,0.151214425,0.129244791,0.0108663248,0.0092870266,0.0209997097,0.017948021,-490.159267,-199.63264,-170.623744,10.2470158,8.7574867,14.2136178,12.1477572,0.0754370106,0.0,0.0,-25.5204729,-0.464977047,0.0,686.22638,-0.656516937,-490.159267,0.0,0.0
25.5,0.0,708.428634,0.150374794,0.1258101745,0.0111556178,0.0093327862,0.0213111112,0.0178292157,-506.018056,-199.63264,-167.01687,10.57855145,8.8497692,14.5045816,12.1344284,0.0752395846,0.0,0.0,-26.3461712,-0.452620075,0.0,708.428634,-0.677823084,-506.018056,0.0,0.0
26.0,0.0,730.052561,0.149541731,0.12259343,0.0114324505,0.0093718066,0.0215982932,0.0177056218,-521.463751,-199.63264,-163.653059,10.90145065,8.93626545,14.7864368,12.1211199,0.075042271,0.0,0.0,-27.1503609,-0.441046857,0.0,730.052561,-0.698565167,-521.463751,0.0,0.0
26.5,0.0,751.133994,0.148716244,0.1195797264,0.0116976592,0.00940544555,0.0218634677,0.0175795027,-536.521928,-199.63264,-160.516087,11.21624925,9.0181186,15.05883175,12.1078293,0.0748450653,0.0,0.0,-27.934376,-0.430205029,0.0,751.133994,-0.718791548,-536.521928,0.0,0.0
27.0,0.0,771.70748,0.147899777,0.116755549,0.01195208485,0.0094348877,0.0221087232,0.0174527264,-551.217307,-199.63264,-157.590316,11.523463,9.09628485,15.32155195,12.0945549,0.0746479754,0.0,0.0,-28.6994999,-0.420044512,0.0,771.70748,-0.738531416,-551.217307,0.0,0.0
27.5,0.0,791.804202,0.147091289,0.1141002863,0.01219631,0.0094604731,0.0223355767,0.0173255728,-565.572111,-199.63264,-154.852909,11.82355735,9.1710824,15.5752682,12.0812962,0.0744509949,0.0,0.0,-29.4468934,-0.410491676,0.0,791.804202,-0.757812788,-565.572111,0.0,0.0
28.0,0.0,811.451194,0.146283997,0.111565195,0.0124303398,0.009479818,0.0225444465,0.0171934294,-579.605677,-199.63264,-152.24725,12.1169359,9.2405065,15.8244879,12.0680578,0.0742541266,0.0,0.0,-30.17756,-0.401363592,0.0,811.451194,-0.776642445,-579.605677,0.0,0.0
28.5,0.0,830.646543,0.145411495,0.1088993605,0.01264848845,0.00947218755,0.0227257924,0.0170191056,-593.316463,-199.63264,-149.499884,12.4035662,9.28840035,16.0977325,12.0548766,0.0740573731,0.0,0.0,-30.8914212,-0.39177635,0.0,830.646543,-0.794937965,-593.316463,0.0,0.0
29.0,0.0,849.382439,0.144531875,0.1063249072,0.01285555395,0.0094568943,0.0228891141,0.0168380699,-606.699229,-199.63264,-146.854066,12.6833397,9.32984425,16.3698348,12.0417182,0.0738607256,0.0,0.0,-31.5882044,-0.38251873,0.0,849.382439,-0.812901064,-606.699229,0.0,0.0
29.5,0.0,867.682548,0.143660605,0.1038909735,0.0130533708,0.0094395277,0.0230379879,0.0166600899,-619.770785,-199.63264,-144.362686,12.9566064,9.3691922,16.634129,12.02857165,0.0736641945,0.0,0.0,-32.2687825,-0.373762205,0.0,867.682548,-0.830457973,-619.770785,0.0,0.0
30.0,0.0,885.57004,0.142795564,0.1015833393,0.01324225435,0.00942015805,0.0231731812,0.0164849163,-632.547547,-199.63264,-142.011274,13.2237115,9.4066093,16.8910624,12.0154377,0.0734677715,0.0,0.0,-32.9340146,-0.365460096,0.0,885.57004,-0.847618326,-632.547547,0.0,0.0
30.5,0.0,903.065429,0.141933771,0.0993812832,0.01342237625,0.009398044,0.0232951898,0.016310937,-645.044256,-199.63264,-139.776358,13.484961,9.44150175,17.1423822,12.00231775,0.0732714629,0.0,0.0,-33.5846644,-0.357536718,0.0,903.065429,-0.864395657,-645.044256,0.0,0.0
31.0,0.0,920.184699,0.141071035,0.0972663371,0.0135936929,0.0093724297,0.0234041544,0.0161365978,-657.272332,-199.63264,-137.638434,13.74059455,9.4733524,17.389622,11.9892134,0.0730752614,0.0,0.0,-34.2213264,-0.349928938,0.0,920.184699,-0.880810281,-657.272332,0.0,0.0
31.5,0.0,936.944427,0.14021404,0.0952504934,0.01375720145,0.0093453715,0.0235019641,0.0159652105,-669.243573,-199.63264,-135.609759,13.9908592,9.5037397,17.6304684,11.9761213,0.072879173,0.0,0.0,-34.8446177,-0.34267668,0.0,936.944427,-0.896888043,-669.243573,0.0,0.0
32.0,0.0,953.361192,0.139362236,0.093325872,0.0139132143,0.0093169943,0.0235892771,0.0157967137,-680.969857,-199.63264,-133.681829,14.2360028,9.53279535,17.8651775,11.9630414,0.072683199,0.0,0.0,-35.4551549,-0.335752526,0.0,953.361192,-0.912636549,-680.969857,0.0,0.0
32.5,0.0,969.450241,0.138515938,0.0914851144,0.0140621038,0.0092873752,0.0236785995,0.0156387265,-692.46204,-199.63264,-131.846478,14.47625245,9.5605994,18.0940505,11.94996645,0.0724873318,0.0,0.0,-36.053503,-0.329130196,0.0,969.450241,-0.928071893,-692.46204,0.0,0.0
33.0,0.0,985.225581,0.137673992,0.0897216888,0.0142040678,0.0092565854,0.0238050031,0.0155134513,-703.730157,-199.63264,-130.096294,14.7118177,9.5872098,18.3173613,11.9368737,0.0722915776,0.0,0.0,-36.6401846,-0.32278575,0.0,985.225581,-0.943203036,-703.730157,0.0,0.0
33.5,0.0,1000.700173,0.136835759,0.088029907,0.0143393297,0.0092247054,0.0239260227,0.01539203855,-714.783434,-199.63264,-128.425148,14.94289245,9.6127181,18.5353674,11.9237929,0.0720959334,0.0,0.0,-37.2156819,-0.316699432,0.0,1000.700173,-0.958046499,-714.783434,0.0,0.0
34.0,0.0,1015.88606,0.136001744,0.0864047671,0.0144682115,0.00919182055,0.0240373463,0.0152712678,-725.630523,-199.63264,-126.8272967,15.1696556,9.6371884,18.7483054,11.9107259,0.071900401,0.0,0.0,-37.7804425,-0.310852745,0.0,1015.88606,-0.972613212,-725.630523,0.0,0.0
34.5,0.0,1030.79442,0.135171683,0.08484157,0.0145909395,0.00915798855,0.0241394239,0.0151511473,-736.27936,-199.63264,-125.2975348,15.3922749,9.66067855,18.9563942,11.8976736,0.0717049798,0.0,0.0,-38.3348808,-0.305228895,0.0,1030.79442,-0.986913533,-736.27936,0.0,0.0
35.0,0.0,1045.43569,0.134345415,0.0833361034,0.0147077325,0.0091232653,0.024232686,0.01503169055,-746.737412,-199.63264,-123.831163,15.610905,9.6832406,19.1598389,11.8846357,0.0715096685,0.0,0.0,-38.8793868,-0.299812752,0.0,1045.43569,-1.000957444,-746.737412,0.0,0.0
35.5,0.0,1059.81955,0.133522775,0.0818845562,0.0148187962,0.00908770355,0.0243175319,0.0149129076,-757.011612,-199.63264,-122.4239243,15.8256924,9.70492165,19.3588289,11.87161255,0.071314468,0.0,0.0,-39.4143191,-0.294590583,0.0,1059.81955,-1.01475434,-757.011612,0.0,0.0
36.0,0.0,1073.95508,0.132703631,0.0804834646,0.0149243241,0.00905135095,0.0243943372,0.0147948065,-767.108435,-199.63264,-121.0719532,16.0367717,9.72576575,19.5535412,11.85860355,0.0711193755,0.0,0.0,-39.9400176,-0.289549948,0.0,1073.95508,-1.02831293,-767.108435,0.0,0.0
36.5,0.0,1087.84954,0.131876675,0.0791013694,0.01502320275,0.0090110071,0.024461351,0.0146721182,-777.032996,-199.63264,-119.738579,16.2442491,9.7430966,19.7496438,11.8456141,0.0709243992,0.0,0.0,-40.4567472,-0.2845723,0.0,1087.84954,-1.0416116,-777.032996,0.0,0.0
37.0,0.0,1101.50056,0.131020246,0.0776999579,0.0151129377,0.00896244105,0.0245146668,0.0145380089,-786.783677,-199.63264,-118.3859469,16.4480916,9.75391945,19.9534299,11.8326513,0.0707295271,0.0,0.0,-40.9644216,-0.279535595,0.0,1101.50056,-1.05466297,-786.783677,0.0,0.0
37.5,0.0,1114.91152,0.130168749,0.0763449262,0.01519752805,0.0089133659,0.0245608902,0.01440503495,-796.362925,-199.63264,-117.0823175,16.6483507,9.7639669,20.1535072,11.8197022,0.0705347672,0.0,0.0,-41.4631723,-0.274661093,0.0,1114.91152,-1.06752714,-796.362925,0.0,0.0
38.0,0.0,1128.09046,0.129320984,0.0750344614,0.01527702595,0.0088639271,0.0246001392,0.0142733624,-805.776464,-199.63264,-115.8269734,16.8451451,9.7734634,20.3496285,11.8067668,0.0703401188,0.0,0.0,-41.9532948,-0.269946481,0.0,1128.09046,-1.08016864,-805.776464,0.0,0.0
38.5,0.0,1141.04458,0.128473934,0.0737595526,0.0153512446,0.00881338135,0.0246321474,0.0141417317,-815.029416,-199.63264,-114.6095527,17.0385825,9.7817929,20.5432808,11.79384655,0.070145582,0.0,0.0,-42.4350555,-0.265358403,0.0,1141.04458,-1.09258739,-815.029416,0.0,0.0
39.0,0.0,1153.77859,0.127621288,0.0725085038,0.01541954665,0.00876059025,0.0246559485,0.0140082781,-824.125121,-199.63264,-113.4183566,17.228733,9.7881604,20.7363193,11.7809429,0.0699511536,0.0,0.0,-42.9086295,-0.260858913,0.0,1153.77859,-1.1047902,-824.125121,0.0,0.0
39.5,0.0,1166.29811,0.126772608,0.0712961951,0.01548321245,0.0087075938,0.0246736321,0.0138762269,-833.067657,-199.63264,-112.2686613,17.4156807,9.794079,20.9257418,11.768053,0.0697568369,0.0,0.0,-43.3742279,-0.256497601,0.0,1166.29811,-1.11679973,-833.067657,0.0,0.0
40.0,0.0,1178.60979,0.125927614,0.0701208304,0.0155423666,0.00865445235,0.0246854191,0.0137456127,-841.861705,-199.63264,-111.1587804,17.5995247,9.7996262,21.1115446,11.7551763,0.0695626267,0.0,0.0,-43.8320972,-0.252269048,0.0,1178.60979,-1.12860988,-841.861705,0.0,0.0
40.5,0.0,1190.71987,0.1250861531,0.0689803645,0.0155971423,0.00860117565,0.0246915378,0.0136163917,-850.511784,-199.63264,-110.086484,17.7803588,9.80481705,21.2938473,11.74231325,0.0693685303,0.0,0.0,-44.2824692,-0.248166054,0.0,1190.71987,-1.14022662,-850.511784,0.0,0.0
41.0,0.0,1202.63425,0.124248171,0.0678729501,0.0156476756,0.0085477787,0.0246922211,0.013488531,-859.022074,-199.63264,-109.0497186,17.9582705,9.8096654,21.4727637,11.72946385,0.0691745425,0.0,0.0,-44.7255628,-0.24418198,0.0,1202.63425,-1.15165563,-859.022074,0.0,0.0
41.5,0.0,1214.3586,0.1234136075,0.0667968789,0.0156940954,0.0084942747,0.0246876875,0.0133619991,-867.396607,-199.63264,-108.0465783,18.1333441,9.8141844,21.6484008,11.71662805,0.068980663,0.0,0.0,-45.1615889,-0.240310666,0.0,1214.3586,-1.16290227,-867.396607,0.0,0.0
42.0,0.0,1225.89816,0.1225824096,0.0657505706,0.0157365273,0.0084406772,0.024678145,0.0132367656,-875.639172,-199.63264,-107.0753026,18.3056586,9.8183865,21.8208594,11.7038057,0.0687868951,0.0,0.0,-45.5907435,-0.23654642,0.0,1225.89816,-1.17397169,-875.639172,0.0,0.0
42.5,0.0,1237.258,0.12175453,0.0647325488,0.0157750886,0.00838699815,0.0246637906,0.0131128021,-883.753363,-199.63264,-106.1342565,18.4752897,9.8222827,21.9902373,11.69099685,0.0685932351,0.0,0.0,-46.0132146,-0.232883949,0.0,1237.258,-1.18486878,-883.753363,0.0,0.0
43.0,0.0,1248.44298,0.120929926,0.0637414545,0.0158098939,0.00833324985,0.0246448118,0.01299008095,-891.742626,-199.63264,-105.2219174,18.6423094,9.825884,22.1566245,11.67820155,0.0683996848,0.0,0.0,-46.4291819,-0.22931834,0.0,1248.44298,-1.19559809,-891.742626,0.0,0.0
43.5,0.0,1259.45763,0.1201085616,0.0627760063,0.015841052,0.0082794433,0.0246213868,0.0128685763,-899.610239,-199.63264,-104.3368704,18.8067854,9.8292008,22.3201089,11.66541995,0.0682062454,0.0,0.0,-46.8388136,-0.225845012,0.0,1259.45763,-1.20616397,-899.610239,0.0,0.0
44.0,0.0,1270.30625,0.1192904,0.0618350245,0.0158686686,0.0082255897,0.0245936866,0.01274826355,-907.359311,-199.63264,-103.477796,18.9687832,9.83224275,22.480773,11.6526521,0.0680129161,0.0,0.0,-47.242273,-0.222459702,0.0,1270.30625,-1.2165707,-907.359311,0.0,0.0
44.5,0.0,1280.99316,0.1184754115,0.0609173991,0.015892844,0.0081716991,0.0245618734,0.0126291184,-914.992785,-199.63264,-102.6434615,19.1283651,9.8350187,22.6386961,11.6398975,0.0678196959,0.0,0.0,-47.6397165,-0.219158419,0.0,1280.99316,-1.22682228,-914.992785,0.0,0.0
45.0,0.0,1291.52221,0.1176637418,0.0600220703,0.0159136998,0.00811777845,0.024530249,0.0125132061,-922.513547,-199.63264,-101.8326976,19.2855901,9.83753625,22.7939534,11.6271545,0.067626584,0.0,0.0,-48.0312893,-0.215937381,0.0,1291.52221,-1.23692295,-922.513547,0.0,0.0
45.5,0.0,1301.89723,0.1168551346,0.0591480625,0.0159312979,0.0080638362,0.0245106115,0.0124063832,-929.924281,-199.63264,-101.0443764,19.4405148,9.8397979,22.9466164,11.6144172,0.0674335807,0.0,0.0,-48.4171346,-0.212792941,0.0,1301.89723,-1.246875,-929.924281,0.0,0.0
46.0,0.0,1312.12184,0.1160494225,0.0582944577,0.0159457095,0.00800988045,0.0244884146,0.01230108275,-937.227578,-199.63264,-100.277554,19.593194,9.8418178,23.0967543,11.60169315,0.06724069,0.0,0.0,-48.7973864,-0.209722038,0.0,1312.12184,-1.25668311,-937.227578,0.0,0.0
46.5,0.0,1322.19955,0.1152468219,0.0574604641,0.0159570534,0.0079559284,0.0244622295,0.0121964846,-944.425943,-199.63264,-99.5312875,19.7436797,9.8436043,23.2444326,11.58898295,0.0670479033,0.0,0.0,-49.1721737,-0.206721632,0.0,1322.19955,-1.26635049,-944.425943,0.0,0.0
47.0,0.0,1332.13366,0.1144472873,0.0566452626,0.0159654096,0.00790198555,0.0244321851,0.01209257875,-951.521765,-199.63264,-98.8046868,19.8920213,9.8451642,23.3897135,11.57628695,0.0668552318,0.0,0.0,-49.5416213,-0.203788834,0.0,1332.13366,-1.27588016,-951.521765,0.0,0.0
47.5,0.0,1341.92745,0.113650802,0.055848099,0.0159708615,0.0078480611,0.0243984092,0.01198935945,-958.517318,-199.63264,-98.0969153,20.0382664,9.8465043,23.5326583,11.5636048,0.0666626647,0.0,0.0,-49.9058497,-0.200920932,0.0,1341.92745,-1.28527525,-958.517318,0.0,0.0
48.0,0.0,1351.5839,0.1128572839,0.0550680216,0.015973476,0.00779412799,0.0243610122,0.01188676945,-965.414803,-199.63264,-97.4067888,20.1824618,9.84759145,23.6734213,11.5509366,0.0664702069,0.0,0.0,-50.264971,-0.1981141,0.0,1351.5839,-1.29453842,-965.414803,0.0,0.0
48.5,0.0,1361.1048,0.1120534093,0.0542866749,0.0159714171,0.00773766316,0.0243172034,0.01178095305,-972.215407,-199.63264,-96.7134166,20.3246315,9.8463677,23.817037,11.5382865,0.066277858,0.0,0.0,-50.6190497,-0.195300801,0.0,1361.1048,-1.30364403,-972.215407,0.0,0.0
49.0,0.0,1370.48969,0.1112420018,0.0535106392,0.0159650913,0.00767964305,0.024267633,0.0116734023,-978.918884,-199.63264,-96.0262466,20.4647708,9.8438177,23.9612043,11.5256526,0.0660856192,0.0,0.0,-50.9680716,-0.192511779,0.0,1370.48969,-1.31263709,-978.918884,0.0,0.0
49.5,0.0,1379.74097,0.1104355435,0.0527520552,0.0159563415,0.0076218812,0.0242151117,0.0115668666,-985.526979,-199.63264,-95.3562418,20.6029163,9.841122,24.1031389,11.5130322,0.06589349,0.0,0.0,-51.3121259,-0.189782558,0.0,1379.74097,-1.32151322,-985.526979,0.0,0.0
50.0,0.0,1388.86166,0.1096322583,0.0520094396,0.0159449897,0.00756426021,0.0241593698,0.01146114995,-992.04173,-199.63264,-94.7027144,20.7391108,9.8382848,24.2428927,11.50042555,0.0657014672,0.0,0.0,-51.6513211,-0.187110899,0.0,1388.86166,-1.33026314,-992.04173,0.0,0.0
50.5,0.0,1397.85431,0.1088322084,0.0512822344,0.0159311192,0.00750678966,0.0241005303,0.01135624935,-998.465074,-199.63264,-94.0650126,20.8733933,9.8353108,24.3805157,11.48783275,0.0655095555,0.0,0.0,-51.9857574,-0.184494686,0.0,1397.85431,-1.33889048,-998.465074,0.0,0.0
51.0,0.0,1406.72165,0.108035386,0.050569884,0.0159147996,0.00744947411,0.0240387002,0.01125215705,-1004.798902,-199.63264,-93.4425244,21.0058049,9.8322034,24.5160549,11.4752538,0.065317749,0.0,0.0,-52.315532,-0.181931913,0.0,1406.72165,-1.34739766,-1004.798902,0.0,0.0
51.5,0.0,1415.46622,0.107241789,0.049871861,0.0158960983,0.00739231824,0.0239739813,0.01114886365,-1011.04503,-199.63264,-92.8346626,21.1363833,9.8289667,24.6495572,11.4626885,0.0651260529,0.0,0.0,-52.6407409,-0.179420684,0.0,1415.46622,-1.35578709,-1011.04503,0.0,0.0
52.0,0.0,1424.09043,0.1064514128,0.0491876651,0.0158750834,0.00733532623,0.023906472,0.0110463613,-1017.205202,-199.63264,-92.2408795,21.2651644,9.825604,24.7810667,11.45013685,0.0649344656,0.0,0.0,-52.9614745,-0.176959206,0.0,1424.09043,-1.36406117,-1017.205202,0.0,0.0
52.5,0.0,1432.59669,0.1056642521,0.0485168236,0.0158518182,0.00727850259,0.0238362684,0.0109446418,-1023.28112,-199.63264,-91.6606494,21.3921846,9.8221189,24.9106261,11.4375986,0.064742987,0.0,0.0,-53.2778204,-0.174545767,0.0,1432.59669,-1.37222208,-1023.28112,0.0,0.0
53.0,0.0,1440.9873,0.104880312,0.0478588871,0.0158263652,0.00722185132,0.023763462,0.01084369735,-1029.2744,-199.63264,-91.0934762,21.5174769,9.81851465,25.0382769,11.4250742,0.0645516141,0.0,0.0,-53.5898656,-0.172178753,0.0,1440.9873,-1.3802721,-1029.2744,0.0,0.0
53.5,0.0,1449.26438,0.1040995825,0.0472134262,0.0157987862,0.00716537628,0.0236881424,0.0107435201,-1035.18663,-199.63264,-90.538892,21.6410751,9.81479445,25.1640581,11.4125636,0.0643603515,0.0,0.0,-53.8976895,-0.169856621,0.0,1449.26438,-1.38821333,-1035.18663,0.0,0.0
54.0,0.0,1457.43017,0.1033220694,0.0465800332,0.0157691389,0.00710908136,0.0236103954,0.0106441032,-1041.01933,-199.63264,-89.9964445,21.7630103,9.8109612,25.2880096,11.4000668,0.0641691974,0.0,0.0,-54.2013734,-0.167577912,0.0,1457.43017,-1.39604782,-1041.01933,0.0,0.0
54.5,0.0,1465.4867,0.1025473578,0.0459576186,0.0157374183,0.00705286159,0.0235302092,0.0105452764,-1046.77397,-199.63264,-89.4646605,21.8833142,9.80690315,25.410467,11.38758365,0.0639781499,0.0,0.0,-54.5009922,-0.165337883,0.0,1465.4867,-1.40377609,-1046.77397,0.0,0.0
55.0,0.0,1473.43491,0.1017649382,0.045335496,0.0157020468,0.00699512244,0.0234452317,0.0104446495,-1052.45127,-199.63264,-88.9320444,22.0020013,9.8013915,25.5346665,11.37511675,0.0637872109,0.0,0.0,-54.7965849,-0.163099342,0.0,1473.43491,-1.41138188,-1052.45127,0.0,0.0
55.5,0.0,1481.27537,0.1009819835,0.0447213784,0.0156641508,0.00693708523,0.0233571532,0.0103440443,-1058.05158,-199.63264,-88.40756,22.119078,9.7954356,25.6580317,11.3626642,0.0635963799,0.0,0.0,-55.0881691,-0.160891313,0.0,1481.27537,-1.4189019,-1058.05158,0.0,0.0
56.0,0.0,1489.00994,0.100203464,0.0441189993,0.01562454965,0.00687938099,0.0232671954,0.0102443913,-1063.57629,-199.63264,-87.8943647,22.234575,9.7894261,25.7795875,11.3502251,0.0634056569,0.0,0.0,-55.3758165,-0.158724074,0.0,1489.00994,-1.4263239,-1063.57629,0.0,0.0
56.5,0.0,1496.64053,0.0994284115,0.0435275715,0.0155831489,0.00682194349,0.023175212,0.0101455803,-1069.02675,-199.63264,-87.392075,22.3485191,9.7833639,25.899371,11.33779955,0.063215042,0.0,0.0,-55.6595983,-0.156596338,0.0,1496.64053,-1.43364583,-1069.02675,0.0,0.0
57.0,0.0,1504.16911,0.0986568958,0.0429467851,0.0155400116,0.00676477816,0.0230812926,0.0100476061,-1074.4043,-199.63264,-86.9003142,22.4609393,9.77724965,26.0174176,11.3253873,0.0630245346,0.0,0.0,-55.9395839,-0.154506888,0.0,1504.16911,-1.44086989,-1074.4043,0.0,0.0
57.5,0.0,1511.59748,0.0978889011,0.0423763152,0.0154951885,0.0067078853,0.0229855076,0.00995045925,-1079.71028,-199.63264,-86.418726,22.5718636,9.7710843,26.1337614,11.3129889,0.0628341354,0.0,0.0,-56.2158434,-0.152454547,0.0,1511.59748,-1.44799786,-1079.71028,0.0,0.0
58.0,0.0,1518.92737,0.0971244265,0.04181585,0.0154487285,0.00665126546,0.0228879251,0.0098541283,-1084.94592,-199.63264,-85.946977,22.6813174,9.7648681,26.2484369,11.3006034,0.0626438435,0.0,0.0,-56.4884404,-0.150438209,0.0,1518.92737,-1.45503143,-1084.94592,0.0,0.0
58.5,0.0,1526.16051,0.0963634631,0.0412650968,0.0154006799,0.00659491898,0.022788612,0.0097586034,-1090.11247,-199.63264,-85.4847389,22.7893264,9.75860225,26.3614747,11.2882318,0.0624536576,0.0,0.0,-56.7574398,-0.148456796,0.0,1526.16051,-1.46197224,-1090.11247,0.0,0.0
59.0,0.0,1533.29856,0.0956060106,0.0407237701,0.01535109045,0.00653884639,0.0226876324,0.00966387515,-1095.21112,-199.63264,-85.0317086,22.8959156,9.7522874,26.4729081,11.2758733,0.06226358,0.0,0.0,-57.022904,-0.146509304,0.0,1533.29856,-1.46882188,-1095.21112,0.0,0.0
59.5,0.0,1540.34317,0.0948520609,0.0401915991,0.01530000545,0.00648304827,0.0225850499,0.00956993405,-1100.24295,-199.63264,-84.5875875,23.0011097,9.74592385,26.5827657,11.26352885,0.062073611,0.0,0.0,-57.2848925,-0.144594753,0.0,1540.34317,-1.47558193,-1100.24295,0.0,0.0
60.0,0.0,1547.29594,0.094101609,0.0396683259,0.0152474693,0.00642752503,0.0224809238,0.0094767707,-1105.20921,-199.63264,-84.1520979,23.1049311,9.7395129,26.6910778,11.25119745,0.0618837477,0.0,0.0,-57.5434631,-0.142712211,0.0,1547.29594,-1.48225384,-1105.20921,0.0,0.0
60.5,0.0,1554.15827,0.0933546549,0.0391537026,0.0151935263,0.00637227713,0.0223753136,0.0093843764,-1110.11092,-199.63264,-83.724967,23.2074035,9.733055,26.7978725,11.2388795,0.0616939931,0.0,0.0,-57.7986736,-0.140860783,0.0,1554.15827,-1.4888391,-1110.11092,0.0,0.0
61.0,0.0,1560.93175,0.092611189,0.0386474915,0.01513821835,0.00631730488,0.0222682775,0.0092927423,-1114.94913,-199.63264,-83.3059389,23.3085489,9.72655075,26.903178,11.22657515,0.0615043444,0.0,0.0,-58.0505784,-0.139039628,0.0,1560.93175,-1.49533918,-1114.94913,0.0,0.0
61.5,0.0,1567.61782,0.0918712126,0.0381494647,0.01508158695,0.006262609,0.02215987,0.0092018607,-1119.7249,-199.63264,-82.8947645,23.4083887,9.7200009,27.0070214,11.2142839,0.0613148038,0.0,0.0,-58.2992319,-0.137247912,0.0,1567.61782,-1.5017554,-1119.7249,0.0,0.0
62.0,0.0,1574.21787,0.091134718,0.0376594031,0.0150236727,0.00620818963,0.0220501446,0.009111723,-1124.43926,-199.63264,-82.4912098,23.5069441,9.7134063,27.1094284,11.20200655,0.0611253697,0.0,0.0,-58.544687,-0.135484854,0.0,1574.21787,-1.50808917,-1124.43926,0.0,0.0
62.5,0.0,1580.73327,0.090401705,0.0371770983,0.0149645151,0.00615404706,0.0219391555,0.0090223209,-1129.09309,-199.63264,-82.0950468,23.6042351,9.70676755,27.2104246,11.1897422,0.0609360427,0.0,0.0,-58.7869924,-0.133749702,0.0,1580.73327,-1.51434174,-1129.09309,0.0,0.0
63.0,0.0,1587.16535,0.0896721674,0.0367023486,0.0149041522,0.00610018197,0.0218269524,0.008933647,-1133.68743,-199.63264,-81.70606,23.7002823,9.7000849,27.3100346,11.17749145,0.0607468219,0.0,0.0,-59.0262011,-0.132041729,0.0,1587.16535,-1.52051443,-1133.68743,0.0,0.0
63.5,0.0,1593.51535,0.0889461035,0.0362349609,0.01484262245,0.00604659456,0.0217135848,0.00884569395,-1138.22319,-199.63264,-81.324037,23.7951044,9.69335945,27.4082829,11.16525395,0.0605577096,0.0,0.0,-59.2623578,-0.130360237,0.0,1593.51535,-1.52660848,-1138.22319,0.0,0.0
64.0,0.0,1599.78465,0.088223508,0.0357747479,0.01477996205,0.00599328515,0.021599101,0.0087584541,-1142.70127,-199.63264,-80.948782,23.8887204,9.6865921,27.5051927,11.15302975,0.0603687027,0.0,0.0,-59.4955115,-0.128704564,0.0,1599.78465,-1.53262509,-1142.70127,0.0,0.0
64.5,0.0,1605.9744,0.0875043771,0.0353215316,0.01471620715,0.00594025402,0.0214835481,0.00867192075,-1147.12255,-199.63264,-80.5800977,23.9811494,9.6797824,27.6007861,11.14081925,0.0601798032,0.0,0.0,-59.7257077,-0.127074064,0.0,1605.9744,-1.53856543,-1147.12255,0.0,0.0
65.0,0.0,1612.08586,0.0867887281,0.0348751328,0.01465139555,0.00588750041,0.0213673919,0.008586252,-1151.48785,-199.63264,-80.2178026,24.0724084,9.67293205,27.6950863,11.12862165,0.0599910103,0.0,0.0,-59.9529914,-0.12546811,0.0,1612.08586,-1.54443074,-1151.48785,0.0,0.0
65.5,0.0,1618.12018,0.0860765746,0.034435399,0.0145855653,0.00583502637,0.0212548261,0.00850309855,-1155.79808,-199.63264,-79.8617025,24.1625156,9.6660395,27.7881147,11.1164358,0.0598023242,0.0,0.0,-60.1774057,-0.1238860691,0.0,1618.12018,-1.55022205,-1155.79808,0.0,0.0
66.0,0.0,1624.07845,0.0853677135,0.0340020275,0.01451871525,0.00578280812,0.0211423979,0.0084210246,-1160.05402,-199.63264,-79.5114195,24.251488,9.65908,27.8799695,11.1042627,0.0596137446,0.0,0.0,-60.3989941,-0.1223266917,0.0,1624.07845,-1.55594008,-1160.05402,0.0,0.0
66.5,0.0,1629.96143,0.0846548142,0.0335692095,0.014449623,0.00572987849,0.0210270546,0.0083381066,-1164.25611,-199.63264,-79.16029,24.3393353,9.6512585,27.9729755,11.0921043,0.0594252715,0.0,0.0,-60.6177794,-0.120768424,0.0,1629.96143,-1.56157092,-1164.25611,0.0,0.0
67.0,0.0,1635.7692,0.0839398284,0.033139207,0.0143786344,0.00567663702,0.0209093021,0.0082549249,-1168.4045,-199.63264,-78.8119283,24.426059,9.64302405,28.0658584,11.07996005,0.0592369039,0.0,0.0,-60.833769,-0.1192230165,0.0,1635.7692,-1.56713995,-1168.4045,0.0,0.0
67.5,0.0,1641.50264,0.0832296164,0.0327160149,0.01430694925,0.00562378895,0.020790883,0.0081725017,-1172.49987,-199.63264,-78.4694174,24.5116747,9.63476885,28.1575011,11.0678296,0.0590486426,0.0,0.0,-61.0469951,-0.1177004131,0.0,1641.50264,-1.57264378,-1172.49987,0.0,0.0
68.0,0.0,1647.16297,0.0825229053,0.0322989849,0.0142343828,0.00557124793,0.0206715253,0.00809070685,-1176.54294,-199.63264,-78.1325914,24.596197,9.62649355,28.2479239,11.05571235,0.0588604887,0.0,0.0,-61.2575019,-0.116200092,0.0,1647.16297,-1.57807665,-1176.54294,0.0,0.0
68.5,0.0,1652.75118,0.0818197745,0.0318880032,0.0141609813,0.00551901897,0.0205512913,0.0080095433,-1180.53457,-199.63264,-77.801311,24.6796435,9.6181985,28.3371464,11.0436083,0.0586724405,0.0,0.0,-61.4653279,-0.1147215348,0.0,1652.75118,-1.58344043,-1180.53457,0.0,0.0
69.0,0.0,1658.26838,0.0811202211,0.0314829368,0.0140867739,0.00546710171,0.0204302212,0.0079290064,-1184.47541,-199.63264,-77.4754215,24.7620294,9.6098834,28.4251867,11.0315174,0.0584844991,0.0,0.0,-61.6705108,-0.1132642555,0.0,1658.26838,-1.58873614,-1184.47541,0.0,0.0
69.5,0.0,1663.71554,0.0804242436,0.0310836509,0.0140117914,0.00541549583,0.0203083533,0.00784909125,-1188.36625,-199.63264,-77.1547872,24.8433692,9.6015495,28.5120638,11.01943985,0.0582966622,0.0,0.0,-61.8730912,-0.1118277768,0.0,1663.71554,-1.59396471,-1188.36625,0.0,0.0
70.0,0.0,1669.09367,0.0797318277,0.0306900187,0.01393606175,0.00536420067,0.020185726,0.00776979256,-1192.20781,-199.63264,-76.8392685,24.9236787,9.5931963,28.5977952,11.0073756,0.0581089329,0.0,0.0,-62.0731017,-0.110411633,0.0,1669.09367,-1.59912706,-1192.20781,0.0,0.0
70.5,0.0,1674.40375,0.0790429776,0.0303019161,0.0138596133,0.00531321582,0.0200623762,0.00769110609,-1196.00071,-199.63264,-76.5287401,25.0029707,9.5848245,28.6823991,10.9953247,0.0579213084,0.0,0.0,-62.2705823,-0.1090153866,0.0,1674.40375,-1.60422414,-1196.00071,0.0,0.0
71.0,0.0,1679.6467,0.0783576845,0.0299192237,0.0137824744,0.00526254076,0.0199383404,0.00761302701,-1199.7457,-199.63264,-76.223076,25.0812615,9.5764347,28.7658908,10.983287,0.0577337909,0.0,0.0,-62.4655684,-0.1076386026,0.0,1679.6467,-1.6092569,-1199.7457,0.0,0.0
71.5,0.0,1684.82351,0.0776759454,0.0295418262,0.0137046715,0.00521217489,0.0198136531,0.00753555073,-1203.44342,-199.63264,-75.9221521,25.1585638,9.5680267,28.8482886,10.9712625,0.0575463775,0.0,0.0,-62.6580924,-0.1062808667,0.0,1684.82351,-1.61422619,-1203.44342,0.0,0.0
72.0,0.0,1689.935,0.0769977534,0.0291696115,0.01362623065,0.00516211764,0.0196883494,0.00745867276,-1207.09451,-199.63264,-75.625851,25.2348923,9.55960045,28.9296077,10.95925125,0.0573590721,0.0,0.0,-62.8481892,-0.104941776,0.0,1689.935,-1.6191329,-1207.09451,0.0,0.0
72.5,0.0,1694.98218,0.0763231064,0.0288024706,0.0135471784,0.00511236853,0.0195624621,0.00738238859,-1210.69966,-199.63264,-75.3340631,25.3102589,9.55115745,29.0098647,10.9472529,0.0571718713,0.0,0.0,-63.0358925,-0.1036209422,0.0,1694.98218,-1.62397787,-1210.69966,0.0,0.0
73.0,0.0,1699.96585,0.0756519925,0.0284402998,0.0134675395,0.00506292691,0.0194360243,0.00730669387,-1214.25942,-199.63264,-75.0466735,25.3846777,9.5426973,29.0890752,10.93526825,0.0569847756,0.0,0.0,-63.2212347,-0.102317985,0.0,1699.96585,-1.62876198,-1214.25942,0.0,0.0
73.5,0.0,1704.88688,0.0749844109,0.0280829972,0.0133873386,0.0050137923,0.0193090665,0.00723158424,-1217.77443,-199.63264,-74.7635822,25.4581613,9.53422015,29.1672544,10.92329645,0.0567977853,0.0,0.0,-63.4042471,-0.101032544,0.0,1704.88688,-1.63348602,-1217.77443,0.0,0.0
74.0,0.0,1709.74612,0.0743203535,0.0277304638,0.0133066002,0.00496496404,0.0191816214,0.00715705529,-1221.24535,-199.63264,-74.484681,25.5307217,9.52572675,29.2444165,10.9113382,0.0566109007,0.0,0.0,-63.5849608,-0.0997642607,0.0,1709.74612,-1.63815079,-1221.24535,0.0,0.0
74.5,0.0,1714.54434,0.073659818,0.0273826052,0.01322534755,0.00491644124,0.0190537176,0.00708310293,-1224.67263,-199.63264,-74.2098725,25.602372,9.51721675,29.3205771,10.8993925,0.056424123,0.0,0.0,-63.7634071,-0.0985127942,0.0,1714.54434,-1.6427571,-1224.67263,0.0,0.0
75.0,0.0,1719.28246,0.073002795,0.0270393278,0.0131436034,0.00486822342,0.0189253854,0.00700972299,-1228.05702,-199.63264,-73.939063,25.673123,9.5086908,29.3957494,10.8874604,0.0562374486,0.0,0.0,-63.9396162,-0.0972778109,0.0,1719.28246,-1.64730572,-1228.05702,0.0,0.0
75.5,0.0,1723.96114,0.0723492795,0.0267005432,0.0130613908,0.0048203099,0.0187966527,0.00693691114,-1231.39895,-199.63264,-73.6721581,25.7429884,9.50014965,29.4699483,10.8755412,0.0560508808,0.0,0.0,-64.1136151,-0.096058989,0.0,1723.96114,-1.65179735,-1231.39895,0.0,0.0
76.0,0.0,1728.58124,0.0716992631,0.0263661625,0.012978731,0.00477270004,0.0186675477,0.00686466347,-1234.69901,-199.63264,-73.4090689,25.8119774,9.4915928,29.5431871,10.8636354,0.0558644174,0.0,0.0,-64.285435,-0.0948560139,0.0,1728.58124,-1.65623283,-1234.69901,0.0,0.0
76.5,0.0,1733.14348,0.0710527409,0.0260361026,0.0128956463,0.00472539298,0.0185380984,0.00679297576,-1237.95776,-199.63264,-73.1497064,25.8801034,9.4830207,29.6154789,10.8517426,0.0556780595,0.0,0.0,-64.4551065,-0.0936685798,0.0,1733.14348,-1.66061281,-1237.95776,0.0,0.0
77.0,0.0,1737.64862,0.0704097066,0.0257102814,0.0128121574,0.00467838804,0.01840833,0.00672184418,-1241.17577,-199.63264,-72.893987,25.9473771,9.47443395,29.6868378,10.8398627,0.0554918069,0.0,0.0,-64.6226535,-0.0924963949,0.0,1737.64862,-1.66493802,-1241.17577,0.0,0.0
77.5,0.0,1742.09739,0.0697701504,0.0253886175,0.01272828465,0.00463168438,0.0182782697,0.00665126457,-1244.35345,-199.63264,-72.6418284,26.013808,9.4658329,29.7572756,10.8279961,0.0553056591,0.0,0.0,-64.7881003,-0.0913391716,0.0,1742.09739,-1.66920919,-1244.35345,0.0,0.0
78.0,0.0,1746.49048,0.06913407,0.0250710359,0.0126440482,0.00458528145,0.0181479411,0.00658123301,-1247.49141,-199.63264,-72.3931537,26.0794086,9.4572174,29.8268059,10.8161425,0.0551196173,0.0,0.0,-64.9514785,-0.09019663,0.0,1746.49048,-1.67342698,-1247.49141,0.0,0.0
78.5,0.0,1750.82869,0.0685014526,0.0247574594,0.01255946815,0.00453917814,0.0180173696,0.0065117458,-1250.59011,-199.63264,-72.1478838,26.1441885,9.44858775,29.8954403,10.80430205,0.0549336791,0.0,0.0,-65.1128155,-0.0890684985,0.0,1750.82869,-1.67759208,-1250.59011,0.0,0.0
79.0,0.0,1755.11257,0.0678722966,0.024447816,0.012474563,0.00449337399,0.017886579,0.0064427989,-1253.65005,-199.63264,-71.9059458,26.208158,9.4399443,29.9631909,10.79247445,0.0547478455,0.0,0.0,-65.2721353,-0.0879545152,0.0,1755.11257,-1.68170516,-1253.65005,0.0,0.0
79.5,0.0,1759.34293,0.0672465881,0.0241420334,0.01238935165,0.00444786791,0.0177555927,0.0063743886,-1256.6717,-199.63264,-71.6672635,26.2713277,9.43128785,30.0300705,10.78066015,0.0545621174,0.0,0.0,-65.4294606,-0.0868544255,0.0,1759.34293,-1.68576682,-1256.6717,0.0,0.0
80.0,0.0,1763.52032,0.0666243273,0.0238400435,0.01230385275,0.00440265934,0.0176244337,0.00630651101,-1259.65558,-199.63264,-71.4317718,26.3337072,9.42261805,30.0960894,10.7688588,0.0543764936,0.0,0.0,-65.5848181,-0.085767977,0.0,1763.52032,-1.68977777,-1259.65558,0.0,0.0
80.5,0.0,1767.64548,0.0660054969,0.0235417783,0.01221808425,0.00435774695,0.0174931232,0.00623916247,-1262.60217,-199.63264,-71.1993995,26.3953063,9.4139354,30.1612602,10.75707015,0.0541909744,0.0,0.0,-65.7382334,-0.0846949304,0.0,1767.64548,-1.69373859,-1262.60217,0.0,0.0
81.0,0.0,1771.71906,0.0653900931,0.0232471727,0.0121320631,0.00431313024,0.0173616832,0.00617233927,-1265.51184,-199.63264,-70.97008,26.4561345,9.40523975,30.2255936,10.74529485,0.0540055606,0.0,0.0,-65.8897275,-0.0836350479,0.0,1771.71906,-1.69764992,-1265.51184,0.0,0.0
81.5,0.0,1775.74162,0.064778111,0.0229561623,0.012045807,0.00426880819,0.0172301351,0.00610603774,-1268.38509,-199.63264,-70.7437526,26.5162014,9.396532,30.2891009,10.73353235,0.0538202512,0.0,0.0,-66.039327,-0.0825880994,0.0,1775.74162,-1.70151234,-1268.38509,0.0,0.0
82.0,0.0,1779.71379,0.0641695387,0.0226686847,0.0119593324,0.00422477994,0.0170984991,0.00604025393,-1271.2224,-199.63264,-70.5203516,26.5755167,9.3878117,30.3517928,10.7217828,0.0536350454,0.0,0.0,-66.1870522,-0.0815538654,0.0,1779.71379,-1.70532644,-1271.2224,0.0,0.0
82.5,0.0,1783.63625,0.0635643655,0.0223846799,0.0118726556,0.00418104461,0.0169667949,0.00597498448,-1274.02417,-199.63264,-70.2998164,26.6340887,9.3790796,30.4136789,10.7100462,0.0534499442,0.0,0.0,-66.3329266,-0.0805321211,0.0,1783.63625,-1.70909285,-1274.02417,0.0,0.0
83.0,0.0,1787.50949,0.0629625858,0.0221040887,0.0117857928,0.00413760123,0.016835042,0.00591022592,-1276.79079,-199.63264,-70.082089,26.6919269,9.3703359,30.4747709,10.698323,0.0532649484,0.0,0.0,-66.4769745,-0.0795226581,0.0,1787.50949,-1.71281209,-1276.79079,0.0,0.0
83.5,0.0,1791.33422,0.0623641912,0.0218268544,0.01169875935,0.00409444875,0.0167032601,0.00584597421,-1279.52275,-199.63264,-69.8671106,26.7490391,9.3615806,30.5350785,10.6866123,0.0530800556,0.0,0.0,-66.6192144,-0.0785252734,0.0,1791.33422,-1.71648479,-1279.52275,0.0,0.0
84.0,0.0,1795.11097,0.0617691705,0.0215529198,0.01161157065,0.00405158617,0.0165714666,0.00578222656,-1282.22041,-199.63264,-69.6548296,26.8054355,9.3528143,30.5946123,10.6749149,0.0528952661,0.0,0.0,-66.759669,-0.077539758,0.0,1795.11097,-1.72011144,-1282.22041,0.0,0.0
84.5,0.0,1798.84031,0.0611775164,0.0212822308,0.0115242415,0.00400901271,0.0164396797,0.00571897877,-1284.88423,-199.63264,-69.4451874,26.8611238,9.344037,30.6533812,10.66322995,0.0527105828,0.0,0.0,-66.898364,-0.0765659185,0.0,1798.84031,-1.72369262,-1284.88423,0.0,0.0
85.0,0.0,1802.52273,0.0605892184,0.0210147339,0.01143678665,0.00396672724,0.016307917,0.00565622741,-1287.51457,-199.63264,-69.2381315,26.9161123,9.3352488,30.7113957,10.6515582,0.052526003,0.0,0.0,-67.035314,-0.0756035645,0.0,1802.52273,-1.72722887,-1287.51457,0.0,0.0
85.5,0.0,1806.15892,0.0600042679,0.0207503767,0.0113492204,0.00392472879,0.0161761966,0.00559396943,-1290.11183,-199.63264,-69.0336143,26.9704094,9.3264503,30.7686652,10.63989905,0.0523415271,0.0,0.0,-67.1705424,-0.0746525063,0.0,1806.15892,-1.73072071,-1290.11183,0.0,0.0
86.0,0.0,1809.7493,0.0594226551,0.0204891096,0.01126155595,0.00388301638,0.0160445331,0.00553220102,-1292.67644,-199.63264,-68.831585,27.0240232,9.3176416,30.8251981,10.62825305,0.0521571537,0.0,0.0,-67.304069,-0.0737125646,0.0,1809.7493,-1.73416864,-1292.67644,0.0,0.0
86.5,0.0,1813.29447,0.058844369,0.0202308821,0.0111738074,0.0038415889,0.0159129441,0.00547091908,-1295.20868,-199.63264,-68.6319892,27.0769616,9.30882265,30.8810047,10.6166199,0.0519728863,0.0,0.0,-67.435913,-0.0727835586,0.0,1813.29447,-1.73757319,-1295.20868,0.0,0.0
87.0,0.0,1816.79493,0.0582694016,0.019975646,0.0110859881,0.0038004453,0.0157814448,0.00541011981,-1297.70903,-199.63264,-68.4347876,27.1292322,9.2999939,30.9360938,10.6049995,0.0517887216,0.0,0.0,-67.5660961,-0.0718653136,0.0,1816.79493,-1.74093489,-1297.70903,0.0,0.0
87.5,0.0,1820.25123,0.0576977409,0.0197233542,0.0109981109,0.0037595846,0.0156500507,0.0053498002,-1300.17782,-199.63264,-68.239927,27.1808434,9.29115555,30.9904743,10.59339185,0.0516046612,0.0,0.0,-67.6946343,-0.0709576598,0.0,1820.25123,-1.74425418,-1300.17782,0.0,0.0
88.0,0.0,1823.6638,0.057129379,0.0194739608,0.01091018835,0.00371900577,0.01551877635,0.00528995679,-1302.61538,-199.63264,-68.0473673,27.2318022,9.2823079,31.0441545,10.58179715,0.0514207038,0.0,0.0,-67.8215493,-0.0700604361,0.0,1823.6638,-1.74753159,-1302.61538,0.0,0.0
88.5,0.0,1827.03324,0.0565643048,0.0192274202,0.0108222327,0.00367870753,0.015387637,0.0052305861,-1305.02213,-199.63264,-67.8570641,27.2821161,9.27345075,31.0971428,10.5702152,0.0512368495,0.0,0.0,-67.9468578,-0.0691734754,0.0,1827.03324,-1.75076758,-1305.02213,0.0,0.0
89.0,0.0,1830.35999,0.0560025075,0.0189836895,0.0107342563,0.00363868891,0.0152566461,0.00517168517,-1307.39838,-199.63264,-67.6689766,27.3317933,9.2645853,31.1494486,10.5586463,0.0510531008,0.0,0.0,-68.0705777,-0.0682966215,0.0,1830.35999,-1.75396266,-1307.39838,0.0,0.0
89.5,0.0,1833.64454,0.0554439765,0.0187427245,0.0106462706,0.0035989488,0.0151258172,0.00511325033,-1309.74452,-199.63264,-67.483056,27.3808395,9.2557108,31.2010795,10.5470897,0.0508694538,0.0,0.0,-68.1927277,-0.067429718,0.0,1833.64454,-1.75711726,-1309.74452,0.0,0.0
90.0,0.0,1836.88735,0.0548887024,0.0185044835,0.01055828725,0.00355948606,0.0149951644,0.00505527871,-1312.06078,-199.63264,-67.299267,27.4292631,9.24682775,31.252044,10.5355458,0.0506859102,0.0,0.0,-68.31333,-0.0665726152,0.0,1836.88735,-1.76023179,-1312.06078,0.0,0.0
90.5,0.0,1840.08893,0.0543366719,0.0182689253,0.01047031735,0.00352029964,0.0148647004,0.00499776686,-1314.34764,-199.63264,-67.1175757,27.4770712,9.23793615,31.3023492,10.52401515,0.0505024714,0.0,0.0,-68.432396,-0.0657251636,0.0,1840.08893,-1.76330677,-1314.34764,0.0,0.0
91.0,0.0,1843.24972,0.0537878784,0.0180360098,0.0103823719,0.00348138837,0.0147344378,0.00494071147,-1316.60538,-199.63264,-66.9379356,27.5242693,9.2290369,31.352004,10.5124973,0.0503191348,0.0,0.0,-68.549948,-0.06488722,0.0,1843.24972,-1.76634262,-1316.60538,0.0,0.0
91.5,0.0,1846.37014,0.053242307,0.0178056976,0.0102944618,0.00344275101,0.0146043889,0.00488410944,-1318.83427,-199.63264,-66.760308,27.5708656,9.2201295,31.4010165,10.5009919,0.0501359018,0.0,0.0,-68.6659954,-0.0640586426,0.0,1846.37014,-1.76933984,-1318.83427,0.0,0.0
92.0,0.0,1849.45067,0.0526972645,0.0175765059,0.01020607695,0.00340410644,0.0144738278,0.00482756067,-1321.03463,-199.63264,-66.5825313,27.6168658,9.21091895,31.4494114,10.4891696,0.049952773,0.0,0.0,-68.7805592,-0.0632324127,0.0,1849.45067,-1.77229146,-1321.03463,0.0,0.0
92.5,0.0,1852.49099,0.052143025,0.0173443869,0.01011533615,0.00336467315,0.0143400874,0.00476995637,-1323.20626,-199.63264,-66.4015635,27.6622638,9.20098505,31.4972116,10.4765602,0.0497697613,0.0,0.0,-68.893626,-0.0623987096,0.0,1852.49099,-1.7751938,-1323.20626,0.0,0.0
93.0,0.0,1855.49108,0.0515924236,0.017114929,0.01002473285,0.00332553724,0.014206702,0.00471283584,-1325.34918,-199.63264,-66.222375,27.7070636,9.1910161,31.5443758,10.46393375,0.0495868702,0.0,0.0,-69.0052001,-0.0615736336,0.0,1855.49108,-1.77807679,-1325.34918,0.0,0.0
93.5,0.0,1858.45148,0.0510455174,0.0168881862,0.0099342904,0.00328671537,0.0140737018,0.00465622144,-1327.46377,-199.63264,-66.0451465,27.7512695,9.18104345,31.5909089,10.4513245,0.049404103,0.0,0.0,-69.1152958,-0.0607577696,0.0,1858.45148,-1.7809207,-1327.46377,0.0,0.0
94.0,0.0,1861.37258,0.0505017133,0.0166639259,0.0098439056,0.00324816818,0.01394093805,0.00460005575,-1329.55029,-199.63264,-65.8698478,27.7948895,9.17106765,31.636819,10.4387327,0.0492214574,0.0,0.0,-69.2239324,-0.0599509845,0.0,1861.37258,-1.78372672,-1329.55029,0.0,0.0
94.5,0.0,1864.25486,0.0499611401,0.0164421584,0.00975361615,0.0032099037,0.01380846095,0.0045443488,-1331.60906,-199.63264,-65.6964454,27.8379292,9.1610889,31.6821122,10.42615815,0.0490389336,0.0,0.0,-69.331124,-0.0591531458,0.0,1864.25486,-1.78649554,-1331.60906,0.0,0.0
95.0,0.0,1867.09875,0.0494237693,0.0162228422,0.00966342715,0.00317191923,0.0136762759,0.00448909522,-1333.64041,-199.63264,-65.5249042,27.8803957,9.1511071,31.7267971,10.4136008,0.0488565338,0.0,0.0,-69.4368884,-0.0583641267,0.0,1867.09875,-1.78922753,-1333.64041,0.0,0.0
95.5,0.0,1869.90467,0.048889589,0.0160059416,0.0095733488,0.00313421361,0.013544393,0.00443429191,-1335.64466,-199.63264,-65.3551929,27.922295,9.1411222,31.7708796,10.4010611,0.0486742524,0.0,0.0,-69.5412408,-0.0575837992,0.0,1869.90467,-1.79192302,-1335.64466,0.0,0.0
96.0,0.0,1872.67301,0.0483585889,0.0157914232,0.0094833899,0.00309678554,0.0134128233,0.00437993585,-1337.62206,-199.63264,-65.1872756,27.9636334,9.1311346,31.8143676,10.3885383,0.048492095,0.0,0.0,-69.6441956,-0.0568120412,0.0,1872.67301,-1.7945826,-1337.62206,0.0,0.0
96.5,0.0,1875.40422,0.0478307574,0.015579253,0.00939355955,0.00305963365,0.0132815761,0.00432602356,-1339.57292,-199.63264,-65.0211272,28.0044174,9.12114465,31.8572688,10.37603295,0.0483100581,0.0,0.0,-69.7457675,-0.056048731,0.0,1875.40422,-1.79720647,-1339.57292,0.0,0.0
97.0,0.0,1878.09868,0.0473060822,0.01536939865,0.0093038657,0.00302275673,0.0131506611,0.00427255207,-1341.49752,-199.63264,-64.8567134,28.0446526,9.1111523,31.8995877,10.363545,0.0481281438,0.0,0.0,-69.8459737,-0.0552937513,0.0,1878.09868,-1.79979512,-1341.49752,0.0,0.0
97.5,0.0,1880.75675,0.0467845523,0.0151618271,0.0092143174,0.00298615331,0.0130200876,0.0042195183,-1343.39621,-199.63264,-64.6940087,28.0843451,9.10115805,31.9413323,10.3510737,0.0479463504,0.0,0.0,-69.9448286,-0.0545469863,0.0,1880.75675,-1.80234886,-1343.39621,0.0,0.0
98.0,0.0,1883.37894,0.046266154,0.0149565072,0.0091249222,0.0029498222,0.0128898644,0.00416691888,-1345.2692,-199.63264,-64.532975,28.1235002,9.0911618,31.9825094,10.33861955,0.047764677,0.0,0.0,-70.0423469,-0.0538083214,0.0,1883.37894,-1.80486817,-1345.2692,0.0,0.0
98.5,0.0,1885.96557,0.0457508774,0.01475340815,0.0090356887,0.00291376196,0.01276000055,0.00411475078,-1347.11679,-199.63264,-64.3735945,28.162125,9.0811638,32.0231251,10.3261828,0.0475831255,0.0,0.0,-70.138544,-0.0530776463,0.0,1885.96557,-1.80735335,-1347.11679,0.0,0.0
99.0,0.0,1888.517,0.0452387103,0.01455249975,0.00894662405,0.00287797121,0.01263050425,0.00406301075,-1348.93925,-199.63264,-64.2158362,28.2002247,9.07116425,32.0631869,10.3137632,0.047401696,0.0,0.0,-70.2334323,-0.0523548509,0.0,1888.517,-1.80980477,-1348.93925,0.0,0.0
99.5,0.0,1891.03363,0.0447296404,0.01435375135,0.0088577362,0.0028424487,0.0125013836,0.0040116959,-1350.73687,-199.63264,-64.0596695,28.2378045,9.06116325,32.1026986,10.3013603,0.0472203864,0.0,0.0,-70.3270235,-0.0516398279,0.0,1891.03363,-1.81222282,-1350.73687,0.0,0.0
100.0,0.0,1893.51583,0.0442236309,0.0141571108,0.00876902735,0.00280718834,0.01237264,0.00396079647,-1352.50991,-199.63264,-63.9049929,28.2748705,9.05114965,32.1417094,10.28897465,0.0470391986,0.0,0.0,-70.419337,-0.0509322209,0.0,1893.51583,-1.81460775,-1352.50991,0.0,0.0
100.5,0.0,1895.96372,0.043710627,0.0139581432,0.00867850955,0.00277131332,0.0122414664,0.00390907468,-1354.25835,-199.63264,-63.7461778,28.3114231,9.0403276,32.1830561,10.27660735,0.0468581309,0.0,0.0,-70.5103734,-0.0502138592,0.0,1895.96372,-1.81693786,-1354.25835,0.0,0.0
101.0,0.0,1898.37654,0.0431863085,0.0137556712,0.0085853205,0.00273458925,0.0121066499,0.00385620033,-1355.98172,-199.63264,-63.5841641,28.3474517,9.0288263,32.226289,10.2642581,0.0466771846,0.0,0.0,-70.6001038,-0.0494877657,0.0,1898.37654,-1.81923834,-1355.98172,0.0,0.0
101.5,0.0,1900.75429,0.0426652397,0.0135552727,0.0084923571,0.00269812586,0.01197227385,0.00380373831,-1357.68015,-199.63264,-63.4230736,28.3829572,9.0172326,32.2693244,10.2519264,0.0464963569,0.0,0.0,-70.688533,-0.0487673414,0.0,1900.75429,-1.82152323,-1357.68015,0.0,0.0
102.0,0.0,1903.09737,0.0421481114,0.0133573258,0.008399766,0.00266200268,0.0118385445,0.00375179957,-1359.35381,-199.63264,-63.2636909,28.4179458,9.00565965,32.3117606,10.2396114,0.0463156509,0.0,0.0,-70.7756691,-0.0480550996,0.0,1903.09737,-1.82377571,-1359.35381,0.0,0.0
102.5,0.0,1905.40616,0.0416342589,0.01316158985,0.0083074262,0.00262617642,0.0117052867,0.00370032174,-1361.00289,-199.63264,-63.1059855,28.4524214,8.9941081,32.3536047,10.227313,0.0461350649,0.0,0.0,-70.8615345,-0.0473509236,0.0,1905.40616,-1.82599488,-1361.00289,0.0,0.0
103.0,0.0,1907.68103,0.0411237705,0.01296806615,0.0082153635,0.00259065136,0.0115725358,0.00364930989,-1362.62788,-199.63264,-62.949929,28.4863919,8.9825781,32.3948629,10.2150315,0.0459545996,0.0,0.0,-70.9461378,-0.0466546969,0.0,1907.68103,-1.82818157,-1362.62788,0.0,0.0
103.5,0.0,1909.92244,0.0406166223,0.0127767212,0.0081235834,0.00255542503,0.01144029635,0.00359875931,-1364.22884,-199.63264,-62.7954926,28.5198615,8.9710696,32.4355422,10.2027668,0.0457742529,0.0,0.0,-71.0294942,-0.045966306,0.0,1909.92244,-1.83033613,-1364.22884,0.0,0.0
104.0,0.0,1912.13073,0.0401127956,0.0125875234,0.0080320909,0.00252049513,0.0113085733,0.00354866574,-1365.80621,-199.63264,-62.6426483,28.5528363,8.95958135,32.4756502,10.190519,0.0455940272,0.0,0.0,-71.1116231,-0.045285641,0.0,1912.13073,-1.8324589,-1365.80621,0.0,0.0
104.5,0.0,1914.30621,0.0396122763,0.0124004424,0.0079408924,0.00248585958,0.0111773734,0.0034990251,-1367.36016,-199.63264,-62.4913707,28.5853229,8.9481136,32.5151935,10.1782877,0.0454139216,0.0,0.0,-71.192528,-0.0446125918,0.0,1914.30621,-1.83455024,-1367.36016,0.0,0.0
105.0,0.0,1916.44929,0.0391150436,0.0122154485,0.0078499933,0.00245151623,0.01104670135,0.00344983338,-1368.89095,-199.63264,-62.3416311,28.6173249,8.9366662,32.5541785,10.16607345,0.0452339343,0.0,0.0,-71.2722309,-0.0439470519,0.0,1916.44929,-1.83661049,-1368.89095,0.0,0.0
105.5,0.0,1918.5604,0.0386210853,0.012032513,0.00775939861,0.00241746302,0.0109165624,0.00340108664,-1370.39886,-199.63264,-62.1934063,28.6488486,8.925239,32.5926111,10.1538756,0.0450540676,0.0,0.0,-71.3507411,-0.0432889171,0.0,1918.5604,-1.83863996,-1370.39886,0.0,0.0
106.0,0.0,1920.63978,0.0381303806,0.01185160685,0.00766911391,0.00238369781,0.0107869619,0.00335278093,-1371.88417,-199.63264,-62.0466686,28.6798999,8.913832,32.6304983,10.14169425,0.0448743205,0.0,0.0,-71.4280741,-0.0426380823,0.0,1920.63978,-1.84063908,-1371.88417,0.0,0.0
106.5,0.0,1922.68788,0.037642914,0.0116727027,0.00757914404,0.00235021855,0.01065790445,0.00330491226,-1373.34709,-199.63264,-61.9013959,28.7104827,8.90244485,32.6678466,10.12953015,0.0446946931,0.0,0.0,-71.5042424,-0.0419944493,0.0,1922.68788,-1.84260815,-1373.34709,0.0,0.0
107.0,0.0,1924.70496,0.0371586706,0.01149577235,0.00748949389,0.00231702309,0.01052939505,0.0032574768,-1374.78787,-199.63264,-61.7575613,28.740603,8.89107715,32.7046623,10.1173823,0.0445151836,0.0,0.0,-71.579257,-0.0413579182,0.0,1924.70496,-1.84454744,-1374.78787,0.0,0.0
107.5,0.0,1926.69145,0.0366776313,0.01132078915,0.00740016819,0.00228410949,0.01040143755,0.00321047075,-1376.2068,-199.63264,-61.6151436,28.7702655,8.87972895,32.7409498,10.1052507,0.0443357951,0.0,0.0,-71.6531345,-0.0407283937,0.0,1926.69145,-1.84645735,-1376.2068,0.0,0.0
108.0,0.0,1928.64761,0.0361997806,0.01114772645,0.0073111712,0.00225147559,0.0102740364,0.00316389026,-1377.60406,-199.63264,-61.4741208,28.7994759,8.8683997,32.7767181,10.0931363,0.0441565248,0.0,0.0,-71.725884,-0.0401057766,0.0,1928.64761,-1.84833817,-1377.60406,0.0,0.0
108.5,0.0,1930.57378,0.0357251006,0.0109765587,0.00722250766,0.00221911943,0.0101471956,0.00311773158,-1378.97992,-199.63264,-61.3344657,28.828239,8.8570901,32.8119705,10.0810381,0.0439773733,0.0,0.0,-71.7975185,-0.0394899778,0.0,1930.57378,-1.85019023,-1378.97992,0.0,0.0
109.0,0.0,1932.47033,0.0352535737,0.0108072605,0.00713418144,0.00218703896,0.0100209191,0.00307199105,-1380.33461,-199.63264,-61.1961593,28.8565597,8.84579945,32.8467141,10.0689561,0.0437983404,0.0,0.0,-71.8680519,-0.0388809037,0.0,1932.47033,-1.85201385,-1380.33461,0.0,0.0
109.5,0.0,1934.33756,0.0347851863,0.0106398062,0.00704619658,0.00215523213,0.0098952103,0.00302666494,-1381.66836,-199.63264,-61.05918,28.8844424,8.8345273,32.8809552,10.0568912,0.0436194271,0.0,0.0,-71.9374931,-0.0382784636,0.0,1934.33756,-1.85380932,-1381.66836,0.0,0.0
110.0,0.0,1936.1758,0.0343199237,0.01047417105,0.00695855821,0.00212369694,0.009770284,0.00298181351,-1382.98139,-199.63264,-60.9235072,28.9118917,8.8232739,32.9146984,10.04484235,0.0434406316,0.0,0.0,-72.005857,-0.0376825695,0.0,1936.1758,-1.85557696,-1382.98139,0.0,0.0
110.5,0.0,1937.98533,0.0338577594,0.0103103316,0.00687126777,0.00209243129,0.0096462469,0.0029374652,-1384.27392,-199.63264,-60.7891181,28.9389131,8.81203935,32.9479489,10.0328102,0.0432619552,0.0,0.0,-72.0731548,-0.0370931332,0.0,1937.98533,-1.85731707,-1384.27392,0.0,0.0
111.0,0.0,1939.76648,0.0333986814,0.0101482633,0.00678432949,0.00206143328,0.0095227692,0.00289351417,-1385.54616,-199.63264,-60.6559935,28.9655102,8.80082265,32.9807144,10.0207939,0.0430833968,0.0,0.0,-72.1393972,-0.0365100723,0.0,1939.76648,-1.85902997,-1385.54616,0.0,0.0
111.5,0.0,1941.51959,0.0329426741,0.0099879443,0.00669774795,0.00203070109,0.009399851,0.00284995609,-1386.79839,-199.63264,-60.5241146,28.9916888,8.7896245,33.012998,10.0087945,0.0429049568,0.0,0.0,-72.204592,-0.035933302,0.0,1941.51959,-1.86071591,-1386.79839,0.0,0.0
112.0,0.0,1943.24492,0.0324897201,0.00982935105,0.00661152581,0.00200023256,0.00927749485,0.00280678755,-1388.0308,-199.63264,-60.393461,29.0174527,8.7784446,33.0448064,9.99681125,0.0427266348,0.0,0.0,-72.2687572,-0.0353627411,0.0,1943.24492,-1.86237523,-1388.0308,0.0,0.0
112.5,0.0,1944.94279,0.0320398035,0.0096724612,0.0065256663,0.00197002592,0.0091557048,0.00276400533,-1389.24356,-199.63264,-60.264014,29.0428059,8.7672827,33.0761448,9.98484445,0.0425484312,0.0,0.0,-72.3319031,-0.0347983079,0.0,1944.94279,-1.86400816,-1389.24356,0.0,0.0
113.0,0.0,1946.61351,0.0315929076,0.0095172529,0.00644017283,0.00194007917,0.00903448335,0.0027216061,-1390.43694,-199.63264,-60.1357553,29.0677537,8.7561384,33.1070175,9.9728941,0.042370346,0.0,0.0,-72.3940354,-0.034239924,0.0,1946.61351,-1.86561499,-1390.43694,0.0,0.0
113.5,0.0,1948.25731,0.0311490159,0.0093637041,0.00635504807,0.0019103904,0.0089138334,0.00267958675,-1391.6111,-199.63264,-60.0086666,29.0923004,8.7450118,33.1374304,9.96095985,0.0421923782,0.0,0.0,-72.455171,-0.0336875124,0.0,1948.25731,-1.86719605,-1391.6111,0.0,0.0
114.0,0.0,1949.87454,0.0307081111,0.0092117937,0.00627029507,0.00188095764,0.00879375795,0.00263794395,-1392.76627,-199.63264,-59.8827295,29.11645,8.73390355,33.1673904,9.9490418,0.0420145274,0.0,0.0,-72.515312,-0.0331409936,0.0,1949.87454,-1.86875157,-1392.76627,0.0,0.0
114.5,0.0,1951.46548,0.0302701773,0.0090615011,0.0061859162,0.00185177902,0.00867425915,0.00259667464,-1393.90265,-199.63264,-59.7579275,29.1402062,8.7228122,33.1968989,9.93714,0.0418367946,0.0,0.0,-72.5744809,-0.0326002956,0.0,1951.46548,-1.87028183,-1393.90265,0.0,0.0
115.0,0.0,1953.03033,0.0298351965,0.00891280555,0.00610191435,0.00182285266,0.00855533965,0.00255577561,-1395.02043,-199.63264,-59.6342414,29.1635733,8.71173835,33.2259621,9.9252544,0.0416591805,0.0,0.0,-72.6326786,-0.0320653423,0.0,1953.03033,-1.87178715,-1395.02043,0.0,0.0
115.5,0.0,1954.56947,0.0294031535,0.0087656863,0.00601829168,0.00179417663,0.00843700155,0.00251524388,-1396.1198,-199.63264,-59.5116579,29.1865568,8.70068215,33.2545872,9.9133852,0.0414816825,0.0,0.0,-72.6899189,-0.0315360613,0.0,1954.56947,-1.87326773,-1396.1198,0.0,0.0
116.0,0.0,1956.08311,0.0289740315,0.0086201245,0.00593505076,0.0017657491,0.00831924665,0.00247507623,-1397.201,-199.63264,-59.3901584,29.2091596,8.6896428,33.2827761,9.90153225,0.0413043024,0.0,0.0,-72.7462124,-0.0310123814,0.0,1956.08311,-1.87472384,-1397.201,0.0,0.0
116.5,0.0,1957.57157,0.0285478131,0.0084760997,0.00585219379,0.00173756818,0.00820207765,0.00243526958,-1398.26418,-199.63264,-59.2697257,29.231386,8.6786209,33.3105352,9.88969535,0.0411270401,0.0,0.0,-72.8015664,-0.0304942324,0.0,1957.57157,-1.87615575,-1398.26418,0.0,0.0
117.0,0.0,1959.03501,0.0281244824,0.008333593,0.00576972296,0.00170963205,0.0080854957,0.00239582093,-1399.30951,-199.63264,-59.150347,29.2532393,8.6676157,33.3378691,9.87787455,0.0409498937,0.0,0.0,-72.855992,-0.0299815449,0.0,1959.03501,-1.8775637,-1399.30951,0.0,0.0
117.5,0.0,1960.47382,0.0277040228,0.0081925857,0.00568764003,0.00168193886,0.007969503,0.00235672737,-1400.33724,-199.63264,-59.0320035,29.2747248,8.6566276,33.3647813,9.8660698,0.0407728656,0.0,0.0,-72.9095019,-0.0294742509,0.0,1960.47382,-1.87894798,-1400.33724,0.0,0.0
118.0,0.0,1961.88819,0.0272864179,0.00805305875,0.00560594726,0.00165448677,0.00785410073,0.00231798574,-1401.34753,-199.63264,-58.9146822,29.2958454,8.6456561,33.3912775,9.8542813,0.040595953,0.0,0.0,-72.962103,-0.0289722841,0.0,1961.88819,-1.88030881,-1401.34753,0.0,0.0
118.5,0.0,1963.2784,0.0268716509,0.00791499415,0.00552464625,0.00162727396,0.00773929054,0.0022795932,-1402.34055,-199.63264,-58.7983679,29.3166045,8.63470155,33.4173608,9.8425085,0.0404191587,0.0,0.0,-73.0138055,-0.0284755781,0.0,1963.2784,-1.88164644,-1402.34055,0.0,0.0
119.0,0.0,1964.64473,0.0264597061,0.00777837411,0.00544373883,0.00160029864,0.0076250738,0.00224154685,-1403.3165,-199.63264,-58.6830452,29.3370073,8.6237636,33.4430377,9.8307521,0.0402424804,0.0,0.0,-73.0646178,-0.0279840674,0.0,1964.64473,-1.88296111,-1403.3165,0.0,0.0
119.5,0.0,1965.98736,0.0260505668,0.00764318048,0.0053632264,0.00157355897,0.00751145149,0.00220384359,-1404.2755,-199.63264,-58.5687008,29.3570561,8.6128419,33.468311,9.8190113,0.0400659193,0.0,0.0,-73.1145513,-0.0274976899,0.0,1965.98736,-1.8842531,-1404.2755,0.0,0.0
120.0,0.0,1967.30658,0.0256442163,0.00750939609,0.00528311072,0.00154705323,0.00739842519,0.0021664807,-1405.21781,-199.63264,-58.455319,29.3767554,8.6019371,33.4931875,9.8072871,0.039889474,0.0,0.0,-73.1636156,-0.0270163826,0.0,1967.30658,-1.88552252,-1405.21781,0.0,0.0
120.5,0.0,1968.60262,0.0252406386,0.00737700386,0.00520339315,0.00152077956,0.0072859953,0.00212945526,-1406.14358,-199.63264,-58.3428878,29.3961088,8.5910483,33.5176666,9.7955786,0.0397131455,0.0,0.0,-73.2118107,-0.0265400825,0.0,1968.60262,-1.88676978,-1406.14358,0.0,0.0
121.0,0.0,1969.87573,0.0248398178,0.00724598675,0.00512407508,0.00149473625,0.00717416306,0.00209276439,-1407.05292,-199.63264,-58.2313937,29.4151191,8.580176,33.541757,9.78388595,0.0395369326,0.0,0.0,-73.259159,-0.02606873,0.0,1969.87573,-1.88799498,-1407.05292,0.0,0.0
121.5,0.0,1971.12611,0.024441737,0.00711632825,0.00504515768,0.00146892153,0.0070629293,0.00205640538,-1407.9461,-199.63264,-58.1208233,29.4337919,8.5693198,33.5654609,9.77220925,0.0393608357,0.0,0.0,-73.3056629,-0.0256022657,0.0,1971.12611,-1.88919844,-1407.9461,0.0,0.0
122.0,0.0,1972.35407,0.0240463808,0.00698801192,0.00496664204,0.00144333365,0.00695229447,0.00202037524,-1408.82323,-199.63264,-58.011161,29.4521282,8.5584798,33.5887826,9.7605482,0.0391848559,0.0,0.0,-73.3513306,-0.0251406295,0.0,1972.35407,-1.8903803,-1408.82323,0.0,0.0
122.5,0.0,1973.55982,0.0236537324,0.00686102175,0.00488852931,0.00141797085,0.0068422592,0.00198467144,-1409.68449,-199.63264,-57.9023977,29.4701326,8.5476559,33.6117268,9.74890345,0.039008992,0.0,0.0,-73.3961714,-0.0246837649,0.0,1973.55982,-1.89154085,-1409.68449,0.0,0.0
123.0,0.0,1974.74356,0.0232637756,0.00673534188,0.00481082063,0.00139283151,0.00673282395,0.00194929101,-1410.53,-199.63264,-57.7945183,29.4878089,8.5368481,33.6342976,9.7372743,0.0388332424,0.0,0.0,-73.440194,-0.024231614,0.0,1974.74356,-1.89268025,-1410.53,0.0,0.0
123.5,0.0,1975.90551,0.0228764943,0.00661095666,0.00473351673,0.00136791372,0.00662398928,0.00191423134,-1411.35996,-199.63264,-57.6875118,29.5051603,8.52605595,33.6564973,9.72566115,0.0386576106,0.0,0.0,-73.4834076,-0.0237841213,0.0,1975.90551,-1.89379874,-1411.35996,0.0,0.0
124.0,0.0,1977.04591,0.0224918736,0.00648785106,0.00465661848,0.00134321599,0.00651575509,0.00187948971,-1412.17455,-199.63264,-57.5813661,29.5221896,8.5152798,33.6783326,9.7140635,0.038482093,0.0,0.0,-73.5258204,-0.023341231,0.0,1977.04591,-1.89489659,-1412.17455,0.0,0.0
124.5,0.0,1978.16501,0.0221098967,0.00636600947,0.00458012683,0.00131873651,0.00640812185,0.0018450634,-1412.97389,-199.63264,-57.4760672,29.5389002,8.5045192,33.6998041,9.70248165,0.0383066919,0.0,0.0,-73.5674389,-0.0229028887,0.0,1978.16501,-1.89597396,-1412.97389,0.0,0.0
125.0,0.0,1979.26299,0.0217305471,0.00624541714,0.00450404215,0.00129447356,0.00630108957,0.00181094978,-1413.75817,-199.63264,-57.3716075,29.555296,8.49377485,33.7209188,9.6909157,0.0381314063,0.0,0.0,-73.608274,-0.0224690408,0.0,1979.26299,-1.89703101,-1413.75817,0.0,0.0
125.5,0.0,1980.34006,0.0213538107,0.00612605952,0.00442836523,0.00127042558,0.00619465834,0.00177714621,-1414.52753,-199.63264,-57.2679725,29.5713795,8.4830455,33.7416775,9.6793653,0.0379562348,0.0,0.0,-73.648331,-0.0220396352,0.0,1980.34006,-1.89806806,-1414.52753,0.0,0.0
126.0,0.0,1981.39645,0.020979669,0.00600792204,0.00435309667,0.00124659082,0.00608882803,0.00174365006,-1415.28215,-199.63264,-57.165153,29.5871543,8.4723319,33.7620857,9.66783045,0.0377811797,0.0,0.0,-73.6876174,-0.0216146193,0.0,1981.39645,-1.89908523,-1415.28215,0.0,0.0
126.5,0.0,1982.43242,0.0206081085,0.00589099063,0.00427823667,0.00122296766,0.00598359835,0.0017104587,-1416.0221,-199.63264,-57.0631342,29.602624,8.46163415,33.782148,9.656312,0.0376062401,0.0,0.0,-73.7261422,-0.021193942,0.0,1982.43242,-1.90008282,-1416.0221,0.0,0.0
127.0,0.0,1983.44809,0.0202391134,0.00577525096,0.00420378622,0.00119955445,0.00587896931,0.00167756961,-1416.74758,-199.63264,-56.9619102,29.6177908,8.45095175,33.8018652,9.6448085,0.0374314142,0.0,0.0,-73.7639186,-0.0207775528,0.0,1983.44809,-1.90106089,-1416.74758,0.0,0.0
127.5,0.0,1984.44374,0.0198726665,0.00566068949,0.00412974481,0.00117634952,0.00577494028,0.00164498018,-1417.45876,-199.63264,-56.8614676,29.6326579,8.44028445,33.8212436,9.6333209,0.0372567046,0.0,0.0,-73.8009465,-0.0203654012,0.0,1984.44374,-1.90201972,-1417.45876,0.0,0.0
128.0,0.0,1985.41954,0.019508753,0.00554729238,0.00405611344,0.00115335131,0.00567151129,0.00161268789,-1418.15577,-199.63264,-56.7617957,29.6472296,8.4296326,33.8402834,9.6218489,0.0370821082,0.0,0.0,-73.8372341,-0.0199574394,0.0,1985.41954,-1.90295952,-1418.15577,0.0,0.0
128.5,0.0,1986.37566,0.0191473572,0.00543504653,0.00398289194,0.00113055819,0.00556868139,0.00158069024,-1418.83873,-199.63264,-56.6628853,29.6615068,8.4189961,33.8589921,9.6103926,0.0369076277,0.0,0.0,-73.8727946,-0.0195536186,0.0,1986.37566,-1.90388043,-1418.83873,0.0,0.0
129.0,0.0,1987.31238,0.0187884639,0.00532393845,0.00391008066,0.00110796853,0.00546645049,0.0015489847,-1419.5078,-199.63264,-56.5647265,29.675495,8.4083749,33.8773709,9.59895155,0.0367332612,0.0,0.0,-73.9076322,-0.0191538915,0.0,1987.31238,-1.90478269,-1419.5078,0.0,0.0
129.5,0.0,1988.22981,0.0184320577,0.00521395503,0.00383767954,0.00108558077,0.00536481752,0.00151756881,-1420.16315,-199.63264,-56.4673074,29.6891945,8.3977687,33.8954235,9.58752625,0.0365590098,0.0,0.0,-73.9417514,-0.0187582113,0.0,1988.22981,-1.90566645,-1420.16315,0.0,0.0
130.0,0.0,1989.12822,0.0180781225,0.0051050838,0.00376568864,0.00106339332,0.00526378219,0.0014864402,-1420.80486,-199.63264,-56.3706214,29.7026099,8.38717775,33.9131535,9.57611645,0.0363848726,0.0,0.0,-73.9751625,-0.0183665308,0.0,1989.12822,-1.90653195,-1420.80486,0.0,0.0
130.5,0.0,1990.00776,0.0177266431,0.00499731149,0.0036941079,0.00104140454,0.00516334359,0.00145559623,-1421.4331,-199.63264,-56.2746564,29.7157434,8.3766018,33.9305646,9.5647218,0.0362108498,0.0,0.0,-74.007873,-0.0179788052,0.0,1990.00776,-1.90737932,-1421.4331,0.0,0.0
131.0,0.0,1990.86864,0.0173776044,0.00489062619,0.00362293731,0.00101961295,0.00506350105,0.0014250347,-1422.048,-199.63264,-56.1794051,29.7285988,8.36604085,33.9476586,9.5533429,0.0360369406,0.0,0.0,-74.0398885,-0.0175949893,0.0,1990.86864,-1.90820874,-1422.048,0.0,0.0
131.5,0.0,1991.71098,0.017030991,0.00478501529,0.00355217672,0.00099801701,0.00496425343,0.00139475307,-1422.64972,-199.63264,-56.0848563,29.7411776,8.35549485,33.9644398,9.5419795,0.0358631473,0.0,0.0,-74.0712161,-0.0172150394,0.0,1991.71098,-1.90902043,-1422.64972,0.0,0.0
132.0,0.0,1992.53507,0.0166867879,0.0046804669,0.00348182588,0.000976615081,0.00486560011,0.00136474907,-1423.23833,-199.63264,-55.9910012,29.7534839,8.34496395,33.9809118,9.5306314,0.0356894662,0.0,0.0,-74.1018636,-0.0168389115,0.0,1992.53507,-1.90981456,-1423.23833,0.0,0.0
132.5,0.0,1993.34105,0.0163449802,0.00457696864,0.00341188459,0.00095540574,0.00476753978,0.00133502022,-1423.81405,-199.63264,-55.8978321,29.765519,8.3344477,33.9970774,9.5192986,0.0355158992,0.0,0.0,-74.1318389,-0.0164665622,0.0,1993.34105,-1.91059129,-1423.81405,0.0,0.0
133.0,0.0,1994.12909,0.0160055521,0.00447450913,0.00334235251,0.000934387401,0.00467007161,0.00130556429,-1424.37693,-199.63264,-55.805339,29.7772863,8.3239465,34.0129395,9.50798145,0.0353424462,0.0,0.0,-74.1611446,-0.0160979493,0.0,1994.12909,-1.91135081,-1424.37693,0.0,0.0
133.5,0.0,1994.89939,0.0156684891,0.00437307664,0.00327322937,0.000913558548,0.00457319429,0.00127637888,-1424.92716,-199.63264,-55.7135132,29.7887888,8.31345985,34.0285014,9.4966792,0.0351691068,0.0,0.0,-74.189793,-0.0157330313,0.0,1994.89939,-1.91209328,-1424.92716,0.0,0.0
134.0,0.0,1995.6521,0.01533377555,0.00427265957,0.00320451468,0.000892917694,0.004476907,0.00124746172,-1425.46485,-199.63264,-55.6223479,29.8000285,8.30298825,34.0437656,9.4853928,0.0349958819,0.0,0.0,-74.2177859,-0.0153717664,0.0,1995.6521,-1.91281889,-1425.46485,0.0,0.0
134.5,0.0,1996.3874,0.0150013972,0.00417324662,0.00313620806,0.000872463325,0.00438120802,0.00121881051,-1425.99006,-199.63264,-55.5318319,29.8110089,8.2925308,34.058736,9.4741212,0.0348227698,0.0,0.0,-74.2451335,-0.01501411405,0.0,1996.3874,-1.9135278,-1425.99006,0.0,0.0
135.0,0.0,1997.10551,0.0146713391,0.0040748268,0.00306830896,0.000852193986,0.00428609672,0.00119042307,-1426.50299,-199.63264,-55.4419612,29.8217322,8.2820885,34.0734143,9.4628655,0.0346497713,0.0,0.0,-74.2718394,-0.0146600347,0.0,1997.10551,-1.91422014,-1426.50299,0.0,0.0
135.5,0.0,1997.80653,0.0143435862,0.00397738878,0.003000817,0.000832108182,0.00419157102,0.001162297,-1427.00374,-199.63264,-55.3527231,29.8322007,8.27166065,34.0878059,9.45162435,0.0344768866,0.0,0.0,-74.2979127,-0.01430948785,0.0,1997.80653,-1.91489614,-1427.00374,0.0,0.0
136.0,0.0,1998.49069,0.01401812375,0.00388092209,0.00293373147,0.000812204465,0.00409763022,0.00113443022,-1427.49244,-199.63264,-55.2641138,29.8424169,8.26124725,34.1019111,9.4403987,0.0343041138,0.0,0.0,-74.323354,-0.0139624349,0.0,1998.49069,-1.9155559,-1427.49244,0.0,0.0
136.5,0.0,1999.15816,0.0136949373,0.00378541569,0.00286705181,0.000792481347,0.00400427273,0.0011068204,-1427.9692,-199.63264,-55.1761224,29.8523839,8.25084855,34.1157345,9.4291883,0.0341314546,0.0,0.0,-74.3481779,-0.0136188372,0.0,1999.15816,-1.91619964,-1427.9692,0.0,0.0
137.0,0.0,1999.80905,0.01337401225,0.00369085926,0.00280077732,0.000772937431,0.00391149684,0.00107946544,-1428.43411,-199.63264,-55.0887428,29.8621036,8.2404641,34.1292782,9.4179931,0.0339589091,0.0,0.0,-74.3723856,-0.0132786569,0.0,1999.80905,-1.91682746,-1428.43411,0.0,0.0
137.5,0.0,2000.44357,0.01305533355,0.00359724222,0.00273490738,0.000753571255,0.00381930124,0.00105236315,-1428.88735,-199.63264,-55.0019669,29.8715782,8.2300943,34.142544,9.40681305,0.033786475,0.0,0.0,-74.3959844,-0.01294185615,0.0,2000.44357,-1.91743955,-1428.88735,0.0,0.0
138.0,0.0,2001.06185,0.01273888695,0.0035045544,0.00266944117,0.00073438137,0.00372768446,0.00102551128,-1429.32899,-199.63264,-54.9157873,29.8808111,8.2197389,34.1555361,9.3956482,0.0336141554,0.0,0.0,-74.4189781,-0.0126083984,0.0,2001.06185,-1.91803611,-1429.32899,0.0,0.0
138.5,0.0,2001.66411,0.0124246586,0.00341278558,0.00260437798,0.000715366401,0.00363664467,0.00099890779,-1429.75918,-199.63264,-54.8301966,29.8898046,8.2093977,34.1682585,9.3844983,0.0334419472,0.0,0.0,-74.4413775,-0.0122782471,0.0,2001.66411,-1.9186172,-1429.75918,0.0,0.0
139.0,0.0,2002.25047,0.0121126334,0.00332192576,0.002539717,0.000696524923,0.00354618048,0.000972550507,-1430.178,-199.63264,-54.7451885,29.8985603,8.1990709,34.1807106,9.37336355,0.0332698518,0.0,0.0,-74.4631809,-0.0119513656,0.0,2002.25047,-1.91918305,-1430.178,0.0,0.0
139.5,0.0,2002.82106,0.0118027972,0.00323196507,0.00247545732,0.000677855521,0.00345629008,0.000946437375,-1430.58557,-199.63264,-54.6607544,29.9070806,8.1887586,34.1928986,9.36224425,0.0330978696,0.0,0.0,-74.4844001,-0.0116277191,0.0,2002.82106,-1.91973375,-1430.58557,0.0,0.0
140.0,0.0,2003.37604,0.01149513595,0.00314289375,0.00241159817,0.000659356844,0.00336697175,0.000920566246,-1430.98201,-199.63264,-54.5768899,29.9153683,8.1784601,34.2048207,9.3511391,0.0329259997,0.0,0.0,-74.505043,-0.0113072723,0.0,2003.37604,-1.9202695,-1430.98201,0.0,0.0
140.5,0.0,2003.91559,0.0111896352,0.00305470211,0.00234813855,0.000641027462,0.00327822388,0.0008949351,-1431.36743,-199.63264,-54.4935841,29.9234253,8.1681765,34.2164849,9.3400495,0.0327542411,0.0,0.0,-74.525108,-0.0109899903,0.0,2003.91559,-1.92079044,-1431.36743,0.0,0.0
141.0,0.0,2004.43991,0.01088628095,0.00296738078,0.00228507752,0.000622866059,0.00319004454,0.000869541827,-1431.74193,-199.63264,-54.4108337,29.9312546,8.15790655,34.2278901,9.3289749,0.0325825954,0.0,0.0,-74.5446076,-0.0106758393,0.0,2004.43991,-1.92129667,-1431.74193,0.0,0.0
141.5,0.0,2004.94909,0.01058505905,0.00288092039,0.00222241414,0.000604871261,0.003102432,0.000844384431,-1432.10561,-199.63264,-54.3286313,29.9388579,8.1476509,34.2390397,9.31791505,0.0324110622,0.0,0.0,-74.5635449,-0.0103647852,0.0,2004.94909,-1.92178842,-1432.10561,0.0,0.0
142.0,0.0,2005.44327,0.0102859558,0.00279531151,0.00216014744,0.000587041681,0.00301538434,0.000819460886,-1432.45861,-199.63264,-54.2469693,29.9462374,8.13740935,34.2499369,9.30687065,0.0322396403,0.0,0.0,-74.5819236,-0.0100567951,0.0,2005.44327,-1.92226575,-1432.45861,0.0,0.0
142.5,0.0,2005.92263,0.00998895705,0.00271054513,0.00209827632,0.000569376018,0.00292889985,0.000794769164,-1432.801,-199.63264,-54.1658424,29.9533953,8.12718205,34.2605838,9.29584085,0.0320683302,0.0,0.0,-74.599751,-0.0097518357,0.0,2005.92263,-1.92272885,-1432.801,0.0,0.0
143.0,0.0,2006.38726,0.00969404865,0.00262661227,0.00203679975,0.000551872919,0.00284297639,0.000770307297,-1433.13292,-199.63264,-54.0852445,29.9603341,8.11696875,34.2709819,9.28482605,0.0318971322,0.0,0.0,-74.6170318,-0.0094498751,0.0,2006.38726,-1.92317786,-1433.13292,0.0,0.0
143.5,0.0,2006.83738,0.0094012172,0.0025435039,0.00197571663,0.000534531074,0.00275761224,0.000746073307,-1433.45446,-199.63264,-54.0051669,29.9670559,8.1067695,34.2811349,9.273826,0.0317260466,0.0,0.0,-74.633772,-0.00915088075,0.0,2006.83738,-1.92361284,-1433.45446,0.0,0.0
144.0,0.0,2007.27308,0.0091104493,0.00246121139,0.0019150258,0.000517349162,0.00267280524,0.000722065242,-1433.76566,-199.63264,-53.9256077,29.9735621,8.0965842,34.2910456,9.2628408,0.0315550716,0.0,0.0,-74.6499761,-0.0088548215,0.0,2007.27308,-1.92403407,-1433.76566,0.0,0.0
144.5,0.0,2007.69455,0.0088217302,0.00237972594,0.00185472615,0.000500325869,0.00258855349,0.000698281138,-1434.06674,-199.63264,-53.8465577,29.9798558,8.08641285,34.3007151,9.25187045,0.0313842088,0.0,0.0,-74.6656504,-0.0085616659,0.0,2007.69455,-1.92444157,-1434.06674,0.0,0.0
145.0,0.0,2008.10188,0.00853504725,0.00229903907,0.00179481649,0.000483459908,0.00250485498,0.000674719089,-1434.35768,-199.63264,-53.7680112,29.9859382,8.07625555,34.3101466,9.2409151,0.0312134566,0.0,0.0,-74.6808,-0.00827138305,0.0,2008.10188,-1.92483553,-1434.35768,0.0,0.0
145.5,0.0,2008.49524,0.0082503863,0.00221914223,0.0017352957,0.000466749996,0.00242170761,0.000651377181,-1434.63866,-199.63264,-53.6899633,29.9918121,8.06611185,34.3193428,9.2299743,0.0310428165,0.0,0.0,-74.69543,-0.00798394275,0.0,2008.49524,-1.92521604,-1434.63866,0.0,0.0
146.0,0.0,2008.87476,0.0079677346,0.00214002716,0.00167616245,0.000450194848,0.00233910927,0.000628253507,-1434.90976,-199.63264,-53.6124079,29.9974794,8.05598225,34.3283054,9.2190485,0.0308722869,0.0,0.0,-74.7095441,-0.00769931466,0.0,2008.87476,-1.92558325,-1434.90976,0.0,0.0
146.5,0.0,2009.24056,0.00768707819,0.00206168552,0.00161741558,0.000433793204,0.00225705797,0.000605346222,-1435.17102,-199.63264,-53.5353387,30.0029419,8.0458665,34.3370356,9.2081372,0.0307018685,0.0,0.0,-74.72315,-0.00741746932,0.0,2009.24056,-1.92593733,-1435.17102,0.0,0.0
147.0,0.0,2009.5928,0.00740840367,0.00198410927,0.00155905378,0.000417543793,0.0021755515,0.000582653433,-1435.42264,-199.63264,-53.4587509,30.0082021,8.0357643,34.3455381,9.19724075,0.0305315613,0.0,0.0,-74.736249,-0.00713837736,0.0,2009.5928,-1.9262783,-1435.42264,0.0,0.0
147.5,0.0,2009.93162,0.00713169794,0.00190729027,0.00150107575,0.00040144537,0.00209458772,0.00056017331,-1435.66467,-199.63264,-53.382639,30.0132611,8.0256764,34.3538137,9.1863591,0.0303613654,0.0,0.0,-74.748848,-0.00686200998,0.0,2009.93162,-1.92660639,-1435.66467,0.0,0.0
148.0,0.0,2010.2571,0.00685694785,0.00183122064,0.00144348023,0.000385496698,0.00201416457,0.000537903998,-1435.89715,-199.63264,-53.306997,30.018121,8.01560225,34.361864,9.1754919,0.0301912799,0.0,0.0,-74.7609519,-0.00658833831,0.0,2010.2571,-1.92692174,-1435.89715,0.0,0.0
148.5,0.0,2010.56939,0.0065841402,0.00175589254,0.00138626584,0.000369696535,0.00193427972,0.000515843686,-1436.1202,-199.63264,-53.2318198,30.0227852,8.0055417,34.3696924,9.1646395,0.0300213051,0.0,0.0,-74.7725668,-0.00631733444,0.0,2010.56939,-1.92722443,-1436.1202,0.0,0.0
149.0,0.0,2010.86863,0.00631326192,0.00168129814,0.00132943129,0.00035404366,0.00185493104,0.000493990604,-1436.33397,-199.63264,-53.1571025,30.0272537,7.99549472,34.3773005,9.1538017,0.0298514407,0.0,0.0,-74.7836969,-0.00604897024,0.0,2010.86863,-1.92751451,-1436.33397,0.0,0.0
149.5,0.0,2011.15498,0.00604429997,0.00160742988,0.0012729752,0.000338536854,0.00177611622,0.000472342917,-1436.53849,-199.63264,-53.0828398,30.0315292,7.98546154,34.3846911,9.14297855,0.0296816872,0.0,0.0,-74.7943456,-0.00578321835,0.0,2011.15498,-1.92779226,-1436.53849,0.0,0.0
150.0,0.0,2011.42849,0.0057772415,0.00153428016,0.00121689612,0.000323174925,0.00169783313,0.000450898873,-1436.73389,-199.63264,-53.0090256,30.0356136,7.97544208,34.3918661,9.13217025,0.0295120441,0.0,0.0,-74.804517,-0.0055200517,0.0,2011.42849,-1.92805767,-1436.73389,0.0,0.0
150.5,0.0,2011.68932,0.0055120734,0.00146184152,0.00116119275,0.000307956654,0.00162007944,0.000429656715,-1436.92021,-199.63264,-52.935657,30.0395088,7.96543626,34.3988261,9.1213761,0.0293425114,0.0,0.0,-74.814219,-0.00525944301,0.0,2011.68932,-1.9283109,-1436.92021,0.0,0.0
151.0,0.0,2011.93762,0.0052487832,0.00139010657,0.00110586354,0.00029288087,0.00154285291,0.000408614692,-1437.09755,-199.63264,-52.8627265,30.0432166,7.95544384,34.4055761,9.1105968,0.0291730885,0.0,0.0,-74.8234513,-0.00500136606,0.0,2011.93762,-1.92855209,-1437.09755,0.0,0.0
151.5,0.0,2012.17349,0.004987358,0.00131906802,0.00105090721,0.000277946382,0.00146615119,0.000387771073,-1437.26602,-199.63264,-52.790231,30.0467385,7.9454653,34.4121148,9.09983155,0.0290037758,0.0,0.0,-74.8322245,-0.0047457945,0.0,2012.17349,-1.92878137,-1437.26602,0.0,0.0
152.0,0.0,2012.39702,0.00472778496,0.00124871868,0.000996322174,0.000263152006,0.00138997202,0.000367124146,-1437.42571,-199.63264,-52.7181644,30.0500769,7.93550028,34.4184473,9.08908135,0.0288345737,0.0,0.0,-74.8405404,-0.00449270256,0.0,2012.39702,-1.92899877,-1437.42571,0.0,0.0
152.5,0.0,2012.6084,0.00447005178,0.0011790515,0.000942107015,0.0002484966,0.00131431305,0.000346672202,-1437.57668,-199.63264,-52.6465239,30.0532333,7.92554864,34.4245736,9.07834525,0.0286654808,0.0,0.0,-74.8484016,-0.00424206448,0.0,2012.6084,-1.92920449,-1437.57668,0.0,0.0
153.0,0.0,2012.80767,0.00421414571,0.00111005932,0.000888260279,0.000233978997,0.00123917194,0.00032641357,-1437.71904,-199.63264,-52.5753033,30.0562093,7.91561068,34.4304957,9.0676236,0.0284964978,0.0,0.0,-74.855811,-0.00399385509,0.0,2012.80767,-1.9293986,-1437.71904,0.0,0.0
153.5,0.0,2012.99501,0.00396005426,0.00104173531,0.000834780435,0.000219598058,0.0011645463,0.000306346553,-1437.85289,-199.63264,-52.5044976,30.0590067,7.9056861,34.4362169,9.0569165,0.028327625,0.0,0.0,-74.8627805,-0.00374804942,0.0,2012.99501,-1.92958123,-1437.85289,0.0,0.0
154.0,0.0,2013.17051,0.00370776529,0.000974072545,0.000781665984,0.000205352633,0.00109043389,0.000286469509,-1437.97822,-199.63264,-52.4341031,30.0616281,7.89577511,34.4417389,9.04622395,0.0281588617,0.0,0.0,-74.8693062,-0.00350462269,0.0,2013.17051,-1.92975252,-1437.97822,0.0,0.0
154.5,0.0,2013.33432,0.00345726622,0.000907064295,0.000728915427,0.000191241601,0.00101683221,0.000266780782,-1438.09522,-199.63264,-52.3641155,30.0640736,7.88587754,34.4470623,9.0355458,0.0279902078,0.0,0.0,-74.875396,-0.00326355058,0.0,2013.33432,-1.92991253,-1438.09522,0.0,0.0
155.0,0.0,2013.48646,0.00320854478,0.000840703812,0.000676527173,0.00017726384,0.000943738932,0.00024727874,-1438.20392,-199.63264,-52.2945302,30.0663457,7.87599346,34.4521896,9.02488185,0.0278216637,0.0,0.0,-74.8810554,-0.00302480907,0.0,2013.48646,-1.93006139,-1438.20392,0.0,0.0
155.5,0.0,2013.62711,0.00296158889,0.000774984533,0.000624499707,0.000163418229,0.000871151652,0.000227961768,-1438.30441,-199.63264,-52.2253418,30.0684463,7.86612264,34.4571244,9.0142323,0.0276532286,0.0,0.0,-74.8862873,-0.00278837425,0.0,2013.62711,-1.93019917,-1438.30441,0.0,0.0
156.0,0.0,2013.75641,0.00271638639,0.000709899866,0.000572831508,0.000149703669,0.000799067955,0.000208828256,-1438.39674,-199.63264,-52.1565473,30.0703766,7.85626523,34.461865,9.00359735,0.0274849024,0.0,0.0,-74.8910949,-0.00255422255,0.0,2013.75641,-1.93032603,-1438.39674,0.0,0.0
156.5,0.0,2013.87275,0.002246336548,0.000590131335,0.000473733945,0.00012445387,0.000660826132,0.00017360455,-1438.4783,-199.63264,-52.0883384,30.0720816,7.84643578,34.4663498,8.9929925,0.0273166862,0.0,0.012353295294,-74.8953416,-0.00072150937,0.0,2013.87275,-1.92953691,-1438.4783,0.3037677,0.018303615
157.0,0.0,2012.14314,-0.0274574666,-0.0274574666,-0.00578355222,-0.00578355222,-0.00414527555,-0.00414527555,-1437.14376,-199.63264,-52.096186,30.0441819,7.84033399,34.4369804,8.98667945,0.0271485782,0.0,0.802527148,-74.8258575,0.1032254872,0.0,2012.14314,-1.8699988,-1437.14376,20.01421275,1.204453483
157.5,0.0,2003.26448,-0.0736247457,-0.0736247457,-0.0154401311,-0.0154401311,-0.01105832165,-0.01105832165,-1430.77552,-199.63264,-52.2976852,29.9110514,7.83576232,34.2902761,8.98298385,0.0269805786,0.0,2.03718429,-74.4942905,0.264909395,0.0,2003.26448,-1.8461201,-1430.77552,50.8806407,3.04841092
158.0,0.0,1986.55484,-0.118228871,-0.118228871,-0.0245874392,-0.0245874392,-0.0175850434,-0.0175850434,-1418.84054,-199.63264,-52.6984727,29.6615451,7.82990822,34.0142435,8.97891445,0.0268126881,0.0,3.2718414,-73.8728888,0.425266503,0.0,1986.55484,-1.83036521,-1418.84054,81.7470704,4.85684412
158.5,0.0,1962.11531,-0.162432162,-0.162432162,-0.0333645434,-0.0333645434,-0.0238135548,-0.0238135548,-1401.38472,-199.63264,-53.3080953,29.2966233,7.82297986,33.6092178,8.97456185,0.0266449063,0.0,4.50649856,-72.96404,0.584290712,0.0,1962.11531,-1.8075453,-1401.38472,112.6134981,6.60837763
159.0,0.0,1930.01144,-0.206260219,-0.206260219,-0.041673779,-0.041673779,-0.0296566906,-0.0296566906,-1378.45449,-199.63264,-54.1407516,28.8172548,7.81508352,33.0752621,8.96983865,0.0264772329,0.0,5.74115571,-71.7701595,0.741966587,0.0,1930.01144,-1.77739113,-1378.45449,143.479925,8.28187586
159.5,0.0,1890.31105,-0.24953292,-0.24953292,-0.0493798915,-0.0493798915,-0.0349826225,-0.0349826225,-1350.09932,-199.63264,-55.2089876,28.2244768,7.80524524,32.4168019,8.9646141,0.0263096685,0.0,6.96343843,-70.2938315,0.896689804,0.0,1890.31105,-1.74065782,-1350.09932,174.042589,9.8394711
160.0,0.0,1844.91583,-0.264853303,-0.264853303,-0.0511716724,-0.0511716724,-0.0360649686,-0.0360649686,-1317.77054,-199.63264,-56.4354596,27.5486274,7.78754655,31.6790776,8.9551775,0.0261422129,0.0,7.407943,-68.61061,0.947981055,0.0,1844.91583,-1.75339529,-1317.77054,185.19858,10.2227097
160.5,0.0,1799.17781,-0.261364688,-0.261364688,-0.0492444902,-0.0492444902,-0.0345223514,-0.0345223514,-1285.1325,-199.63264,-57.7221334,26.8663136,7.76780313,30.9312493,8.9431086,0.0259748649,0.0,7.407943,-66.91129,0.940146025,0.0,1799.17781,-1.72819199,-1285.1325,185.19858,9.9695176
161.0,0.0,1753.86455,-0.259125908,-0.259125908,-0.0475930316,-0.0475930316,-0.0331882607,-0.0331882607,-1252.76668,-199.63264,-59.0717259,26.1896904,7.74920085,30.1846068,8.9312638,0.0258076254,0.0,7.407943,-65.2261422,0.932230982,0.0,1753.86455,-1.6852237,-1252.76668,185.19858,9.7184371
161.5,0.0,1708.93754,-0.256899099,-0.256899099,-0.0459754063,-0.0459754063,-0.0318913369,-0.0318913369,-1220.67607,-199.63264,-60.4873112,25.5188209,7.73162604,29.4393403,8.9194707,0.0256404944,0.0,7.407943,-63.5553209,0.92422185,0.0,1708.93754,-1.64220152,-1220.67607,185.19858,9.4694915
162.0,0.0,1664.40081,-0.254642239,-0.254642239,-0.0443839046,-0.0443839046,-0.0306257385,-0.0306257385,-1188.8642,-199.63264,-61.9734307,24.8537788,7.7151247,28.695613,8.9077227,0.0254734718,0.0,7.407943,-61.899016,0.916101947,0.0,1664.40081,-1.59955328,-1188.8642,185.19858,9.2227087
162.5,0.0,1620.25974,-0.252361503,-0.252361503,-0.0428198444,-0.0428198444,-0.0293885595,-0.0293885595,-1157.33491,-199.63264,-63.5181516,24.1946433,7.69771821,27.9609191,8.89601735,0.0253065564,0.0,7.407943,-60.257421,0.907907799,0.0,1620.25974,-1.55725784,-1157.33491,185.19858,8.9781176
163.0,0.0,1576.51023,-0.250152264,-0.250152264,-0.0412989043,-0.0412989043,-0.0281501853,-0.0281501853,-1126.08503,-199.63264,-65.0227135,23.5413499,7.66728978,27.2779281,8.8843253,0.0251397498,0.0,7.407943,-58.6303761,0.899956453,0.0,1576.51023,-1.51519188,-1126.08503,185.19858,8.7356943
163.5,0.0,1533.14464,-0.247935736,-0.247935736,-0.0398070481,-0.0398070481,-0.0269344825,-0.0269344825,-1095.10965,-199.63264,-66.570974,22.8937945,7.63391123,26.6086242,8.87267005,0.0249730504,0.0,7.407943,-57.0176221,0.891974285,0.0,1533.14464,-1.47364562,-1095.10965,185.19858,8.4954004
164.0,0.0,1490.1686,-0.245678431,-0.245678431,-0.0383389843,-0.0383389843,-0.025751381,-0.025751381,-1064.41258,-199.63264,-68.1958598,22.2520581,7.60101375,25.9407068,8.8610614,0.0248064587,0.0,7.407943,-55.4193602,0.883852525,0.0,1490.1686,-1.43250641,-1064.41258,185.19858,8.2572655
164.5,0.0,1447.58936,-0.243377059,-0.243377059,-0.0368946731,-0.0368946731,-0.0246003381,-0.0246003381,-1033.999014,-199.63264,-69.9026396,21.6162472,7.56860889,25.274366,8.84949905,0.024639975,0.0,7.407943,-53.835855,0.875572359,0.0,1447.58936,-1.39175703,-1033.999014,185.19858,8.02132957
165.0,0.0,1405.41516,-0.241026043,-0.241026043,-0.0354738066,-0.0354738066,-0.0234806324,-0.0234806324,-1003.8747,-199.63264,-71.697026,20.9864844,7.53671007,24.6098134,8.83798175,0.0244735986,0.0,7.407943,-52.2674131,0.867113563,0.0,1405.41516,-1.35140539,-1003.8747,185.19858,7.78763799
165.5,0.0,1363.65503,-0.23862186,-0.23862186,-0.0340764585,-0.0340764585,-0.0223918087,-0.0223918087,-974.046193,-199.63264,-73.5805499,20.362905,7.50486338,23.9487589,8.8265098,0.0243073299,0.0,7.407943,-50.714371,0.858469451,0.0,1363.65503,-1.31145207,-974.046193,185.19858,7.55624092
166.0,0.0,1322.31352,-0.236229031,-0.236229031,-0.0327120383,-0.0327120383,-0.0213394787,-0.0213394787,-944.516478,-199.63264,-75.4840336,19.7455715,7.46560203,23.3145804,8.81508815,0.0241411686,0.0,7.407943,-49.1768867,0.849861904,0.0,1322.31352,-1.27178435,-944.516478,185.19858,7.32716171
166.5,0.0,1281.3905,-0.233799028,-0.233799028,-0.0313736338,-0.0313736338,-0.0203004952,-0.0203004952,-915.285903,-199.63264,-77.4621866,19.1344924,7.42412511,22.6899023,8.8036939,0.0239751141,0.0,7.407943,-47.6549766,0.84111167,0.0,1281.3905,-1.23263231,-915.285903,185.19858,7.10040325
167.0,0.0,1240.8971,-0.23129507,-0.23129507,-0.0300568564,-0.0300568564,-0.0192438911,-0.0192438911,-886.362255,-199.63264,-79.5504781,18.5298294,7.38331314,22.0657359,8.7922964,0.023809167,0.0,7.407943,-46.1490471,0.832102177,0.0,1240.8971,-1.19392941,-886.362255,185.19858,6.87602571
167.5,0.0,1200.84659,-0.228710702,-0.228710702,-0.028761815,-0.028761815,-0.0182185743,-0.0182185743,-857.75498,-199.63264,-81.7576585,17.931781,7.34323306,21.4423909,8.78094355,0.0236433274,0.0,7.407943,-44.6595909,0.822803511,0.0,1200.84659,-1.15566559,-857.75498,185.19858,6.65410237
168.0,0.0,1161.25376,-0.2260374,-0.2260374,-0.0274884755,-0.0274884755,-0.017226665,-0.017226665,-829.474627,-199.63264,-84.092765,17.3405663,7.30391415,20.8202139,8.76963875,0.0234775943,0.0,7.407943,-43.1871551,0.813184866,0.0,1161.25376,-1.11785493,-829.474627,185.19858,6.43471534
168.5,0.0,1122.13475,-0.223265933,-0.223265933,-0.0262368561,-0.0262368561,-0.0162675092,-0.0162675092,-801.532795,-199.63264,-86.56558,16.7564288,7.26538544,20.1995845,8.75838025,0.0233119681,0.0,7.407943,-41.7323458,0.803212952,0.0,1122.13475,-1.08051426,-801.532795,185.19858,6.21795442
169.0,0.0,1083.50693,-0.220412962,-0.220412962,-0.0250100004,-0.0250100004,-0.015342304,-0.015342304,-773.94164,-199.63264,-89.1483311,16.1796231,7.22460066,19.5891863,8.7471696,0.0231464484,0.0,7.407943,-40.2957941,0.792975752,0.0,1083.50693,-1.0435796,-773.94164,185.19858,6.00391393
169.5,0.0,1045.36607,-0.217680993,-0.217680993,-0.02383054,-0.02383054,-0.0144639748,-0.0144639748,-746.697858,-199.63264,-91.6367612,15.6100785,7.16485802,19.0328447,8.7360195,0.0229810363,0.0,7.407943,-38.8773272,0.783131835,0.0,1045.36607,-1.006824,-746.697858,185.19858,5.79256813
170.0,0.0,1007.704497,-0.214879967,-0.214879967,-0.0226764699,-0.0226764699,-0.01361807625,-0.01361807625,-719.796969,-199.63264,-94.2275044,15.0477023,7.10196722,18.4860922,8.7249161,0.0228157303,0.0,7.407943,-37.476714,0.773042524,0.0,1007.704497,-0.970858353,-719.796969,185.19858,5.58388226
170.5,0.0,970.541162,-0.211958694,-0.211958694,-0.0215433375,-0.0215433375,-0.0127942139,-0.0127942139,-693.252053,-199.63264,-96.9744567,14.4927683,7.03942846,17.9397353,8.71384845,0.0226505309,0.0,7.407943,-36.0946353,0.762531375,0.0,970.541162,-0.935423828,-693.252053,185.19858,5.37795803
171.0,0.0,933.897477,-0.208909543,-0.208909543,-0.0204318138,-0.0204318138,-0.0119440463,-0.0119440463,-667.078377,-199.63264,-99.888932,13.9455949,6.97719555,17.3942364,8.7027684,0.0224854378,0.0,7.407943,-34.7318852,0.751560185,0.0,933.897477,-0.900506118,-667.078377,185.19858,5.17491362
171.5,0.0,897.796804,-0.205720171,-0.205720171,-0.0193422159,-0.0193422159,-0.0111179456,-0.0111179456,-641.292576,-199.63264,-102.9841885,13.4065303,6.91530121,16.8501134,8.6917262,0.0223204509,0.0,7.407943,-33.3893303,0.740084442,0.0,897.796804,-0.866129975,-641.292576,185.19858,4.97487816
172.0,0.0,862.264617,-0.202377754,-0.202377754,-0.0182749724,-0.0182749724,-0.0103286003,-0.0103286003,-615.912906,-199.63264,-106.273974,12.875956,6.8537476,16.307938,8.68073455,0.0221555708,0.0,7.407943,-32.0679201,0.728058052,0.0,862.264617,-0.832320325,-615.912906,185.19858,4.77799333
172.5,0.0,827.328799,-0.198869056,-0.198869056,-0.017230627,-0.017230627,-0.0095753036,-0.0095753036,-590.959211,-199.63264,-109.770987,12.35428695,6.79242007,15.7685836,8.66979285,0.0219907963,0.0,7.407943,-30.7686899,0.715438176,0.0,827.328799,-0.799103978,-590.959211,185.19858,4.58441315
173.0,0.0,793.002601,-0.195453565,-0.195453565,-0.0162320109,-0.0162320109,-0.00886940025,-0.00886940025,-566.440038,-199.63264,-113.1715206,11.84170195,6.71235894,15.27527605,8.65891165,0.0218261277,0.0,7.407943,-29.4920823,0.703205411,0.0,793.002601,-0.765919106,-566.440038,185.19858,4.39420369
173.5,0.0,759.255825,-0.19213808,-0.19213808,-0.0152776958,-0.0152776958,-0.00820829375,-0.00820829375,-542.33514,-199.63264,-116.5144396,11.3377772,6.61652566,14.81848645,8.6480894,0.021661566,0.0,7.407943,-28.2370445,0.691230109,0.0,759.255825,-0.733527759,-542.33514,185.19858,4.20720794
174.0,0.0,726.098405,-0.18867881,-0.18867881,-0.0143475507,-0.0143475507,-0.00757969255,-0.00757969255,-518.651676,-199.63264,-120.0279666,10.8426631,6.51835287,14.36685915,8.63731355,0.0214971099,0.0,7.407943,-27.0039489,0.678772098,0.0,726.098405,-0.701973518,-518.651676,185.19858,4.02348166
174.5,0.0,693.560059,-0.185027149,-0.185027149,-0.0134394619,-0.0134394619,-0.00698150698,-0.00698150698,-495.410529,-199.63264,-123.7728947,10.356796,6.42047871,13.9149318,8.6265811,0.0213327591,0.0,7.407943,-25.7938831,0.665632394,0.0,693.560059,-0.671093726,-495.410529,185.19858,3.84318658
175.0,0.0,661.675205,-0.181170505,-0.181170505,-0.0125544687,-0.0125544687,-0.00641334517,-0.00641334517,-472.636228,-199.63264,-127.7657895,9.8806881,6.32288239,13.4634389,8.6158931,0.0211685137,0.0,7.407943,-24.6081242,0.651755686,0.0,661.675205,-0.640867819,-472.636228,185.19858,3.66651316
175.5,0.0,630.480907,-0.17709361,-0.17709361,-0.0116935106,-0.0116935106,-0.00583840626,-0.00583840626,-450.355218,-199.63264,-132.023201,9.4148926,6.2255216,13.0131983,8.6052114,0.0210043746,0.0,7.407943,-23.448048,0.637086692,0.0,630.480907,-0.611329541,-450.355218,185.19858,3.49366643
176.0,0.0,600.016851,-0.172780489,-0.172780489,-0.0108575762,-0.0108575762,-0.00526057511,-0.00526057511,-428.595857,-199.63264,-136.562433,8.9600029,6.12838706,12.5651219,8.59454115,0.0208403411,0.0,7.407943,-22.3151323,0.621567623,0.0,600.016851,-0.582518641,-428.595857,185.19858,3.3248665
176.5,0.0,570.324989,-0.168230913,-0.168230913,-0.01004864665,-0.01004864665,-0.00472389705,-0.00472389705,-407.388052,-199.63264,-141.379905,8.51664335,6.03059945,12.1220143,8.583925,0.0206764127,0.0,7.407943,-21.2109334,0.605207684,0.0,570.324989,-0.554431204,-407.388052,185.19858,3.1603452
177.0,0.0,541.437341,-0.163639908,-0.163639908,-0.00927928655,-0.00927928655,-0.0042321349,-0.0042321349,-386.753797,-199.63264,-146.220507,8.08527451,5.92127862,11.7059826,8.5733674,0.0205125896,0.0,7.407943,-20.136597,0.588831031,0.0,541.437341,-0.526611026,-386.753797,185.19858,3.00027334
177.5,0.0,513.270734,-0.159806174,-0.159806174,-0.00859061085,-0.00859061085,-0.00380066724,-0.00380066724,-366.633553,-199.63264,-150.109447,7.66465097,5.76261017,11.38853985,8.5628837,0.0203488722,0.0,7.3955489,-19.0890226,0.573986181,0.0,513.270734,-0.498879624,-366.633553,184.894811,2.83963709
178.0,0.0,487.568159,-0.1284709014,-0.1284709014,-0.00656946949,-0.00656946949,-0.00282658008,-0.00282658008,-348.369579,-199.63264,-153.76266,7.28283386,5.60899378,11.10348535,8.55187375,0.0201852593,0.0,6.60541563,-18.1380969,0.457459104,0.0,487.568159,-0.529714742,-348.369579,165.184359,2.41213453
178.5,0.0,469.572863,-0.0792565516,-0.0792565516,-0.00390298536,-0.00390298536,-0.00164501007,-0.00164501007,-335.544918,-199.63264,-156.476423,7.01472824,5.49811544,10.89636515,8.5406661,0.0200217515,0.0,5.37075855,-17.4703724,0.285171441,0.0,469.572863,-0.529464494,-335.544918,134.3179306,1.88892638
179.0,0.0,459.860595,-0.0324972213,-0.0324972213,-0.00156720685,-0.00156720685,-0.000653117626,-0.000653117626,-328.604948,-199.63264,-157.942168,6.86964466,5.43498692,10.7811849,8.5296623,0.0198583488,0.0,4.13610144,-17.1090379,0.1171058213,0.0,459.860595,-0.518613127,-328.604948,103.4515,1.42439709
179.5,0.0,458.154072,0.01624837511,0.01252687876,0.000780626508,0.000601863717,0.001972837225,0.001542968019,-327.396571,-199.63264,-158.035645,6.84438313,5.41822482,10.75936425,8.5174531,0.0196950515,0.0,2.90144426,-17.0461233,-0.04635196823,0.0,458.154072,-0.523151903,-327.396571,72.5850731,0.995257153
180.0,0.0,464.236246,0.0728417261,0.0570077494,0.00354602469,0.00277515695,0.00846608184,0.00662571109,-331.757899,-199.63264,-156.746384,6.93555866,5.44550205,10.8287745,8.5023816,0.0195318594,0.0,1.66678715,-17.2731985,-0.205176739,0.0,464.236246,-0.538857204,-331.757899,41.7186443,0.578992101
180.5,0.0,477.922933,0.129506711,0.0998604174,0.00649003058,0.00500407265,0.01525293045,0.0117609764,-341.535069,-199.63264,-154.245804,7.1399552,5.51634602,10.9849786,8.4872753,0.0193687714,0.0,0.444522721256,-17.7822537,-0.358317864,0.0,477.922933,-0.552544057,-341.535069,11.155983584,0.158348592436
181.0,0.0,497.223582,0.151736818,0.1148530891,0.0078996453,0.00597901621,0.0181800797,0.0137605039,-355.199796,-199.63264,-151.077177,7.42562291,5.61915485,11.1996144,8.475318,0.0192057892,0.0,0.0,-18.4937173,-0.406635599,0.0,497.223582,-0.500137614,-355.199796,0.0,0.0
181.5,0.0,516.716561,0.148603033,0.110243808,0.0080408243,0.00596487573,0.0181096165,0.01343459535,-369.081077,-199.63264,-148.0956,7.71581759,5.72356837,11.4120788,8.4656991,0.0190429108,0.0,0.0,-19.216455,-0.39654744,0.0,516.716561,-0.49413899,-369.081077,0.0,0.0
182.0,0.0,535.681121,0.147822022,0.1076244185,0.0082921616,0.0060369302,0.0182965377,0.0133208112,-382.627205,-199.63264,-145.340953,7.99900596,5.82329997,11.614863,8.4558817,0.0188801365,0.0,0.0,-19.921743,-0.387191349,0.0,535.681121,-0.512332338,-382.627205,0.0,0.0
182.5,0.0,554.170455,0.146938979,0.104635788,0.00852709555,0.00607177997,0.0184498232,0.0131378279,-395.833429,-199.63264,-142.150122,8.2750886,5.89196303,11.8621299,8.44614665,0.0187174671,0.0,0.0,-20.6093342,-0.376419107,0.0,554.170455,-0.529799548,-395.833429,0.0,0.0
183.0,0.0,572.116748,0.145974256,0.101530669,0.0087454533,0.00608243926,0.0185724181,0.012917514,-408.652086,-199.63264,-138.843463,8.5430689,5.94131077,12.1306644,8.436463,0.0185549015,0.0,0.0,-21.2767469,-0.365271009,0.0,572.116748,-0.546935725,-408.652086,0.0,0.0
183.5,0.0,589.541052,0.145030212,0.0986403001,0.0089535327,0.00608930346,0.0186789906,0.01270399,-421.098058,-199.63264,-135.769231,8.8032578,5.98674153,12.3910518,8.4267847,0.0183924408,0.0,0.0,-21.9247543,-0.35487416,0.0,589.541052,-0.563665338,-421.098058,0.0,0.0
184.0,0.0,606.480585,0.144104732,0.0959579616,0.009152031,0.00609396453,0.0187712747,0.0124993798,-433.197774,-199.63264,-132.925752,9.0562083,6.02981019,12.6415366,8.4171116,0.018230083,0.0,0.0,-22.5547344,-0.345223811,0.0,606.480585,-0.579935937,-433.197774,0.0,0.0
184.5,0.0,622.969283,0.143195463,0.0934582386,0.0093415428,0.00609661353,0.0188506859,0.0123029251,-444.975462,-199.63264,-130.285333,9.30242655,6.07074396,12.8828769,8.4074433,0.0180678302,0.0,0.0,-23.1679476,-0.336230469,0.0,622.969283,-0.595771635,-444.975462,0.0,0.0
185.0,0.0,639.037082,0.14230112,0.0911201251,0.00952264175,0.00609743082,0.0189193325,0.01211449445,-456.452501,-199.63264,-127.8247094,9.54235935,6.10973669,13.1157418,8.3977799,0.0179056807,0.0,0.0,-23.765507,-0.327819,0.0,639.037082,-0.611201963,-456.452501,0.0,0.0
185.5,0.0,654.71047,0.141423128,0.088925893,0.0096960114,0.00609657435,0.0190525431,0.0119798379,-467.647837,-199.63264,-125.5235735,9.7764034,6.14692351,13.3407174,8.3880763,0.0177436354,0.0,0.0,-24.3484,-0.319923751,0.0,654.71047,-0.626255328,-467.647837,0.0,0.0
186.0,0.0,670.013168,0.140554144,0.0868599299,0.00986167425,0.00609414471,0.0192215066,0.01187830255,-478.578369,-199.63264,-123.3654476,10.00491115,6.18246261,13.5583318,8.37835285,0.0175816935,0.0,0.0,-24.9175051,-0.312491543,0.0,670.013168,-0.64094309,-478.578369,0.0,0.0
186.5,0.0,684.966441,0.139697027,0.0849102604,0.0100202917,0.00609032986,0.0193776853,0.01177787255,-489.259294,-199.63264,-121.3363535,10.2282011,6.21650215,13.7690611,8.36864115,0.0174198553,0.0,0.0,-25.4736147,-0.305477228,0.0,684.966441,-0.655299155,-489.259294,0.0,0.0
187.0,0.0,699.5895,0.138850727,0.0830655584,0.010172216,0.00608522829,0.0195219426,0.011678539,-499.704369,-199.63264,-119.4238165,10.4465603,6.24915354,13.97333035,8.3589416,0.0172581209,0.0,0.0,-26.0174445,-0.298840525,0.0,699.5895,-0.669337231,-499.704369,0.0,0.0
187.5,0.0,713.89977,0.138014485,0.0813160776,0.0103177794,0.00607893349,0.019655079,0.0115803008,-509.92602,-199.63264,-117.6169919,10.6602491,6.28051478,14.17152365,8.349254,0.0170964895,0.0,0.0,-26.5496419,-0.292546404,0.0,713.89977,-0.683074193,-509.92602,0.0,0.0
188.0,0.0,727.913054,0.137187624,0.0796533138,0.01045728555,0.00607152893,0.0197778171,0.0114831518,-519.935543,-199.63264,-115.9063925,10.86950305,6.31067364,14.36398955,8.3395785,0.0169349617,0.0,0.0,-27.0707945,-0.286564282,0.0,727.913054,-0.69652531,-519.935543,0.0,0.0
188.5,0.0,741.643023,0.136363713,0.0780543858,0.01059054635,0.0060618826,0.0198899444,0.01138482215,-529.742652,-199.63264,-114.2658269,11.0745255,6.33870596,14.5533349,8.32991735,0.016773537,0.0,0.0,-27.5814086,-0.280809698,0.0,741.643023,-0.709689862,-529.742652,0.0,0.0
189.0,0.0,755.098515,0.135536886,0.076506632,0.0107173125,0.00604949109,0.0199911746,0.0112842983,-539.353737,-199.63264,-112.6833096,11.2754496,6.36433823,14.7406147,8.3202714,0.0166122153,0.0,0.0,-28.0818151,-0.275243598,0.0,755.098515,-0.722591422,-539.353737,0.0,0.0
189.5,0.0,768.290804,0.134719696,0.0750301847,0.01083881195,0.00603640759,0.0200839311,0.01118532765,-548.776812,-199.63264,-111.1790934,11.47244365,6.3890966,14.9227351,8.3106368,0.0164509974,0.0,0.0,-28.5724348,-0.269931848,0.0,768.290804,-0.735254453,-548.776812,0.0,0.0
190.0,0.0,781.231755,0.133910677,0.073618942,0.01095519675,0.00602264209,0.0201685806,0.0110877937,-558.020369,-199.63264,-109.7470221,11.66568485,6.41303979,15.0999407,8.301014,0.0162898819,0.0,0.0,-29.0537066,-0.264854628,0.0,781.231755,-0.747675392,-558.020369,0.0,0.0
190.5,0.0,793.932274,0.133109327,0.0722678076,0.01106667525,0.00600823024,0.020245581,0.01099163765,-567.092201,-199.63264,-108.3814435,11.8553355,6.43621047,15.2724794,8.2914027,0.0161288692,0.0,0.0,-29.5260374,-0.259993669,0.0,793.932274,-0.759865036,-567.092201,0.0,0.0
191.0,0.0,806.40244,0.132315232,0.0709722499,0.01117344265,0.00599320594,0.0203153583,0.01089680775,-575.99947,-199.63264,-107.0773062,12.0415464,6.45864773,15.4405795,8.28180285,0.0159679596,0.0,0.0,-29.9898011,-0.255332659,0.0,806.40244,-0.77183312,-575.99947,0.0,0.0
191.5,0.0,818.647352,0.131493741,0.0696541335,0.0112726765,0.00597120283,0.0203729226,0.0107917264,-584.745724,-199.63264,-105.7442471,12.22439095,6.47508383,15.6171923,8.2722265,0.0158071528,0.0,0.0,-30.4451804,-0.25057941,0.0,818.647352,-0.783505697,-584.745724,0.0,0.0
192.0,0.0,830.656961,0.130624862,0.068298216,0.0113624711,0.00594086568,0.020415174,0.01067413455,-593.323932,-199.63264,-104.3755235,12.4037229,6.48503876,15.8037062,8.26267535,0.0156464485,0.0,0.0,-30.8918101,-0.245712622,0.0,830.656961,-0.794970633,-593.323932,0.0,0.0
192.5,0.0,842.435701,0.129769224,0.0670000304,0.01144811055,0.0059105917,0.0204517963,0.01055920235,-601.737331,-199.63264,-103.066771,12.57960895,6.49453549,15.98589015,8.2531346,0.015485847,0.0,0.0,-31.3298599,-0.241042188,0.0,842.435701,-0.806278198,-601.737331,0.0,0.0
193.0,0.0,853.992848,0.128920551,0.0657526035,0.01152927105,0.00588012911,0.0204822312,0.0104463519,-609.99246,-199.63264,-101.813734,12.7521864,6.5035976,16.1639332,8.2436048,0.0153253475,0.0,0.0,-31.759669,-0.23655431,0.0,853.992848,-0.817370398,-609.99246,0.0,0.0
193.5,0.0,865.33695,0.128078511,0.0645524408,0.01160612075,0.00584949059,0.0205068037,0.01033549315,-618.095416,-199.63264,-100.6125524,12.9215825,6.51224702,16.3380108,8.2340854,0.0151649506,0.0,0.0,-32.1815537,-0.232236527,0.0,865.33695,-0.828257868,-618.095416,0.0,0.0
194.0,0.0,876.475957,0.127242848,0.0633964215,0.01167882225,0.00581869089,0.0205258258,0.010226547,-626.051875,-199.63264,-99.459737,13.0879159,6.5205032,16.5082863,8.22457725,0.01500465585,0.0,0.0,-32.5958121,-0.228077545,0.0,876.475957,-0.838948226,-626.051875,0.0,0.0
194.5,0.0,887.41731,0.126413316,0.0622816929,0.01174752755,0.00578774278,0.0205395825,0.0101194383,-633.867134,-199.63264,-98.3521146,13.25129785,6.52838433,16.6749133,8.21508025,0.01484446385,0.0,0.0,-33.0027204,-0.224067125,0.0,887.41731,-0.849448676,-633.867134,0.0,0.0
195.0,0.0,898.167957,0.125589675,0.0612056623,0.0118123781,0.00575665804,0.0205483392,0.01001409635,-641.546187,-199.63264,-97.2867995,13.4118319,6.53590758,16.838033,8.205594,0.01468437355,0.0,0.0,-33.4025349,-0.220195925,0.0,898.167957,-0.859765926,-641.546187,0.0,0.0
195.5,0.0,908.734442,0.1247717235,0.0601659627,0.01187350905,0.00572544784,0.020552344,0.0099104545,-649.093692,-199.63264,-96.261162,13.5696162,6.54308837,16.9977799,8.1961188,0.0145243852,0.0,0.0,-33.7955008,-0.216455436,0.0,908.734442,-0.869906215,-649.093692,0.0,0.0
196.0,0.0,919.122886,0.1239592597,0.0591604259,0.0119310466,0.00569412222,0.0205518276,0.0098084513,-656.514024,-199.63264,-95.2727894,13.7247422,6.54994142,17.154279,8.186655,0.014364499,0.0,0.0,-34.1818453,-0.212837858,0.0,919.122886,-0.879875508,-656.514024,0.0,0.0
196.5,0.0,929.339073,0.1231520999,0.0581870718,0.01198511155,0.00566269119,0.0205470069,0.00970802785,-663.811323,-199.63264,-94.3194731,13.87729535,6.55648019,17.3076485,8.1772023,0.01420471465,0.0,0.0,-34.5617838,-0.209336053,0.0,929.339073,-0.889679331,-663.811323,0.0,0.0
197.0,0.0,939.38845,0.122350076,0.0572440696,0.0120358172,0.00563116393,0.0205380826,0.00960913025,-670.989445,-199.63264,-93.399179,14.0273576,6.56271729,17.4579989,8.1677606,0.01404503175,0.0,0.0,-34.9355183,-0.205943457,0.0,939.38845,-0.899322939,-670.989445,0.0,0.0
197.5,0.0,949.276127,0.1215530367,0.0563297442,0.0120832725,0.0055995489,0.020525247,0.00951170515,-678.052095,-199.63264,-92.510046,14.1750056,6.56866458,17.6054351,8.15833055,0.0138854508,0.0,0.0,-35.3032394,-0.202654028,0.0,949.276127,-0.908811252,-678.052095,0.0,0.0
198.0,0.0,959.006997,0.1207608356,0.0554425451,0.0121275796,0.00556785424,0.0205086774,0.009415705,-685.002721,-199.63264,-91.650344,14.3203122,6.57433279,17.750056,8.1489114,0.01372597145,0.0,0.0,-35.6651285,-0.199462189,0.0,959.006997,-0.918148992,-685.002721,0.0,0.0
198.5,0.0,968.585613,0.1199736264,0.0545809903,0.0121688663,0.00553608263,0.0204943029,0.0093236654,-691.844626,-199.63264,-90.8184529,14.4633451,6.57973078,17.8919543,8.1395011,0.0135665934,0.0,0.0,-36.0213566,-0.196362704,0.0,968.585613,-0.927341289,-691.844626,0.0,0.0
199.0,0.0,978.016363,0.1191909521,0.0537437797,0.01220719235,0.00550424412,0.0205006041,0.00924377605,-698.580873,-199.63264,-90.012815,14.60416985,6.58486139,18.0312179,8.1300913,0.01340731695,0.0,0.0,-36.3720848,-0.193350517,0.0,978.016363,-0.936390191,-698.580873,0.0,0.0
199.5,0.0,987.3031,0.1184084304,0.0529233307,0.0122422011,0.00547168495,0.0205049362,0.0091647544,-705.214264,-199.63264,-89.2243525,14.74284365,6.58916121,18.1695309,8.1206931,0.01324814205,0.0,0.0,-36.7174561,-0.190396409,0.0,987.3031,-0.945290555,-705.214264,0.0,0.0
200.0,0.0,996.446873,0.1176124257,0.0521045367,0.0122725205,0.00543692372,0.0205022458,0.0090828411,-711.745503,-199.63264,-88.4384185,14.87938265,6.59160939,18.3098175,8.1113109,0.013089068,0.0,0.0,-37.0575093,-0.187452873,0.0,996.446873,-0.954039149,-711.745503,0.0,0.0
200.5,0.0,1005.449937,0.1168215605,0.0513078436,0.01230013655,0.0054021666,0.020495882,0.0090017187,-718.176284,-199.63264,-87.675754,15.01382145,6.59381037,18.4477471,8.1019396,0.0129300953,0.0,0.0,-37.3923322,-0.184587159,0.0,1005.449937,-0.962679933,-718.176284,0.0,0.0
201.0,0.0,1014.316242,0.1160359226,0.0505330807,0.01232515425,0.0053675126,0.0204860249,0.00892152615,-724.509351,-199.63264,-86.9364946,15.146217,6.5958708,18.5831202,8.0925808,0.01277122385,0.0,0.0,-37.7220678,-0.181799749,0.0,1014.316242,-0.971188905,-724.509351,0.0,0.0
201.5,0.0,1023.04944,0.1152549834,0.0497789998,0.0123476098,0.00533294195,0.0204727394,0.0088422062,-730.747373,-199.63264,-86.2194678,15.2766258,6.59779359,18.7160161,8.0832332,0.012612453,0.0,0.0,-38.0468536,-0.179086836,0.0,1023.04944,-0.979569933,-730.747373,0.0,0.0
202.0,0.0,1031.65305,0.1144786889,0.0490446381,0.0123675855,0.00529845734,0.020456164,0.00876373815,-736.892807,-199.63264,-85.523574,15.40509935,6.59958151,18.8465097,8.0738972,0.01245378315,0.0,0.0,-38.3668212,-0.176444859,0.0,1031.65305,-0.987826563,-736.892807,0.0,0.0
202.5,0.0,1040.13044,0.1137069305,0.0483290737,0.0123851537,0.00526405778,0.0204364214,0.0086860987,-742.948102,-199.63264,-84.8477889,15.5316881,6.60123739,18.9746734,8.0645734,0.0122952143,0.0,0.0,-38.6820946,-0.173870506,0.0,1040.13044,-0.995962019,-742.948102,0.0,0.0
203.0,0.0,1048.48482,0.112939612,0.0476314423,0.01240038375,0.00522974344,0.020413627,0.00860926515,-748.915522,-199.63264,-84.1911586,15.65643985,6.60276391,19.1005772,8.05526105,0.012136746,0.0,0.0,-38.9927915,-0.171360672,0.0,1048.48482,-1.00397931,-748.915522,0.0,0.0
203.5,0.0,1056.7192,0.1121766381,0.0469509416,0.01241334285,0.00519551425,0.0203878943,0.00853321685,-754.797243,-199.63264,-83.552795,15.77940015,6.60416355,19.2242846,8.0459601,0.0119783785,0.0,0.0,-39.2990276,-0.168912468,0.0,1056.7192,-1.01188149,-754.797243,0.0,0.0
204.0,0.0,1064.83653,0.1114179254,0.0462868173,0.0124240957,0.00516137047,0.0203593287,0.00845793415,-760.595355,-199.63264,-82.9318595,15.9006124,6.60543914,19.3458582,8.0366712,0.0118201114,0.0,0.0,-39.6009104,-0.166523185,0.0,1064.83653,-1.01967126,-760.595355,0.0,0.0
204.5,0.0,1072.83961,0.1106633921,0.0456383649,0.012432704,0.00512731235,0.0203280331,0.0083833987,-766.311849,-199.63264,-82.3275696,16.0201183,6.60659269,19.4653584,8.0273939,0.0116619448,0.0,0.0,-39.8985429,-0.164190282,0.0,1072.83961,-1.02735133,-766.311849,0.0,0.0
205.0,0.0,1080.73108,0.1099129424,0.0450048079,0.0124392249,0.00509332705,0.0202941009,0.00830957105,-771.948625,-199.63264,-81.7389846,16.1379582,6.60761008,19.5828922,8.0181283,0.01150387875,0.0,0.0,-40.1920263,-0.161910708,0.0,1080.73108,-1.03492421,-771.948625,0.0,0.0
205.5,0.0,1088.51217,0.109147694,0.0443645279,0.01244155435,0.00505701257,0.0202541153,0.0082325282,-777.506483,-199.63264,-81.14077,16.2541475,6.60647592,19.7045181,8.00887815,0.01134591295,0.0,0.0,-40.4813991,-0.159602552,0.0,1088.51217,-1.04235011,-777.506483,0.0,0.0
206.0,0.0,1096.18088,0.1083652944,0.0437210342,0.01243939535,0.00501877415,0.0202076362,0.0081529438,-782.984111,-199.63264,-80.5412081,16.36866,6.6038602,19.8283082,7.99964291,0.0111880473,0.0,0.0,-40.7665961,-0.157292746,0.0,1096.18088,-1.04968754,-782.984111,0.0,0.0
206.5,0.0,1103.73905,0.1075909471,0.0430938657,0.0124356648,0.00498089026,0.0201594224,0.00807451765,-788.382819,-199.63264,-79.9572242,16.4815229,6.60118233,19.9500951,7.99041908,0.0110302819,0.0,0.0,-41.0476834,-0.155036164,0.0,1103.73905,-1.05694369,-788.382819,0.0,0.0
207.0,0.0,1111.18926,0.1068206582,0.0424808285,0.01242997275,0.00494317776,0.0201088348,0.00799693335,-793.704401,-199.63264,-79.388167,16.5927729,6.59844325,20.0699297,7.98120659,0.0108726163,0.0,0.0,-41.324754,-0.152830656,0.0,1111.18926,-1.06409362,-793.704401,0.0,0.0
207.5,0.0,1118.53386,0.1060545159,0.0418814191,0.0124223923,0.004905642,0.0200559873,0.00792018175,-798.950598,-199.63264,-78.8334075,16.7024471,6.59564428,20.1878603,7.97200575,0.01071505095,0.0,0.0,-41.597901,-0.150674205,0.0,1118.53386,-1.07114244,-798.950598,0.0,0.0
208.0,0.0,1125.77533,0.1052924855,0.041295116,0.0124129801,0.00486828289,0.0200009677,0.0078442468,-804.123054,-199.63264,-78.2923682,16.8105797,6.59278625,20.3039348,7.96281621,0.01055758515,0.0,0.0,-41.8672087,-0.148564889,0.0,1125.77533,-1.07809217,-804.123054,0.0,0.0
208.5,0.0,1132.91573,0.1045345075,0.040721415,0.0124017876,0.00483109932,0.0199438549,0.00776910974,-809.223365,-199.63264,-77.7644939,16.9172045,6.58987038,20.4181972,7.95363821,0.0104002196,0.0,0.0,-42.1327598,-0.146500919,0.0,1132.91573,-1.08494497,-809.223365,0.0,0.0
209.0,0.0,1139.95738,0.103780535,0.0401598441,0.01238886495,0.0047940902,0.0198847264,0.00769475414,-814.253085,-199.63264,-77.2492575,17.0223534,6.58689754,20.5306901,7.9444716,0.0102429535,0.0,0.0,-42.3946372,-0.144480592,0.0,1139.95738,-1.0917029,-814.253085,0.0,0.0
209.5,0.0,1146.9022,0.1030305123,0.0396099563,0.0123742619,0.00475725466,0.0198236551,0.00762116343,-819.213721,-199.63264,-76.7461731,17.1260576,6.58386877,20.6414559,7.93531668,0.01008578715,0.0,0.0,-42.6529142,-0.14250229,0.0,1146.9022,-1.09836803,-819.213721,0.0,0.0
210.0,0.0,1153.75228,0.1022844023,0.0390713276,0.0123580248,0.00472059203,0.0197607124,0.00754832222,-824.106625,-199.63264,-76.2547684,17.2283463,6.58078499,20.7505344,7.92617318,0.00992872005,0.0,0.0,-42.9076672,-0.140564497,0.0,1153.75228,-1.10494222,-824.106625,0.0,0.0
210.5,0.0,1160.5095,0.101542155,0.0385435566,0.01234019975,0.00468410146,0.019695967,0.00747621573,-828.933251,-199.63264,-75.7746061,17.3292492,6.57764715,20.8579637,7.91704101,0.0097717529,0.0,0.0,-43.1589684,-0.138665767,0.0,1160.5095,-1.11142732,-828.933251,0.0,0.0
211.0,0.0,1167.17579,0.100803732,0.0380262627,0.01232083125,0.0046477823,0.0196294843,0.00740482937,-833.694867,-199.63264,-75.305265,17.4287928,6.5744561,20.9637808,7.90792037,0.00961488455,0.0,0.0,-43.4068854,-0.136804732,0.0,1167.17579,-1.11782513,-833.694867,0.0,0.0
211.5,0.0,1173.75284,0.100069095,0.0375190844,0.0122999625,0.00461163395,0.0195613278,0.00733414958,-838.392785,-199.63264,-74.8463452,17.527005,6.57121307,21.0680214,7.89881112,0.00945811585,0.0,0.0,-43.6514861,-0.134980088,0.0,1173.75284,-1.12413731,-838.392785,0.0,0.0
212.0,0.0,1180.24246,0.0993382024,0.0370216796,0.0122776349,0.00457565593,0.0194915595,0.00726416348,-843.028236,-199.63264,-74.3974732,17.6239119,6.56791856,21.1707201,7.88971336,0.00930144625,0.0,0.0,-43.8928338,-0.133190605,0.0,1180.24246,-1.13036566,-843.028236,0.0,0.0
212.5,0.0,1186.64628,0.0986110206,0.0365337207,0.01225388895,0.00453984752,0.019420237,0.0071948579,-847.602405,-199.63264,-73.9582895,17.7195368,6.56457365,21.2719096,7.88062717,0.0091448761,0.0,0.0,-44.1309905,-0.131435108,0.0,1186.64628,-1.13651165,-847.602405,0.0,0.0
213.0,0.0,1192.96596,0.0978875134,0.0360549005,0.01222876445,0.00450420849,0.0193474183,0.00712622092,-852.116468,-199.63264,-73.5284486,17.8139057,6.56117902,21.3716226,7.87155227,0.00898840455,0.0,0.0,-44.3660181,-0.129712483,0.0,1192.96596,-1.14257689,-852.116468,0.0,0.0
213.5,0.0,1199.20303,0.0971676546,0.0355849212,0.0122022991,0.00446873818,0.0192731581,0.00705824077,-856.571514,-199.63264,-73.1076353,17.9070403,6.55773589,21.469889,7.86248875,0.0088320322,0.0,0.0,-44.5979733,-0.12802167,0.0,1199.20303,-1.1485629,-856.571514,0.0,0.0
214.0,0.0,1205.35897,0.0964514051,0.0351235029,0.0121745309,0.0044334363,0.0191975096,0.0069909061,-860.968647,-199.63264,-72.69553,17.9989647,6.55424463,21.5667395,7.85343671,0.0086757585,0.0,0.0,-44.8269135,-0.126361656,0.0,1205.35897,-1.1544711,-860.968647,0.0,0.0
214.5,0.0,1211.43535,0.095738736,0.034670376,0.0121454951,0.00439830247,0.0191205243,0.00692420594,-865.308907,-199.63264,-72.2918474,18.0896995,6.55070634,21.6622031,7.84439619,0.0085195839,0.0,0.0,-45.052892,-0.1247314675,0.0,1211.43535,-1.16030293,-865.308907,0.0,0.0
215.0,0.0,1217.43348,0.0950296224,0.0342252858,0.0121152273,0.00436333624,0.0190422506,0.00685812994,-869.593333,-199.63264,-71.8963015,18.1792675,6.54712172,21.7563074,7.83536693,0.00836350775,0.0,0.0,-45.2759622,-0.1231301963,0.0,1217.43348,-1.16605968,-869.593333,0.0,0.0
215.5,0.0,1223.35484,0.0943240371,0.0337879885,0.01208376135,0.00432853742,0.0189627382,0.00679266793,-873.822854,-199.63264,-71.5086301,18.2676877,6.54349162,21.8490791,7.82634913,0.0082075302,0.0,0.0,-45.4961763,-0.1215569584,0.0,1223.35484,-1.17174279,-873.822854,0.0,0.0
216.0,0.0,1229.20069,0.0936219486,0.0333582494,0.0120511313,0.00429390574,0.0188820319,0.0067278099,-877.998503,-199.63264,-71.1285715,18.3549817,6.53981664,21.9405451,7.81734281,0.00805165145,0.0,0.0,-45.7135829,-0.1200109156,0.0,1229.20069,-1.17735347,-877.998503,0.0,0.0
216.5,0.0,1234.97233,0.0929233324,0.0329358478,0.01201736855,0.00425944062,0.0188001777,0.00666354651,-882.121115,-199.63264,-70.7558858,18.4411667,6.53609773,22.0307301,7.80834782,0.0078958709,0.0,0.0,-45.9282305,-0.1184912664,0.0,1234.97233,-1.18289296,-882.121115,0.0,0.0
217.0,0.0,1240.67108,0.0922281694,0.0325205672,0.0119825054,0.00422514199,0.018717219,0.00659986848,-886.191646,-199.63264,-70.390339,18.5262633,6.53233551,22.1196596,7.79936423,0.00774018897,0.0,0.0,-46.1401653,-0.1169972419,0.0,1240.67108,-1.18836253,-886.191646,0.0,0.0
217.5,0.0,1246.29812,0.0915364302,0.0321122062,0.0119465722,0.00419100981,0.0186331974,0.00653676709,-890.210971,-199.63264,-70.0317066,18.6102892,6.52853075,22.2073565,7.79039194,0.00758460503,0.0,0.0,-46.3494345,-0.115528107,0.0,1246.29812,-1.19376329,-890.210971,0.0,0.0
218.0,0.0,1251.85462,0.0908480964,0.0317105689,0.01190959945,0.00415704347,0.0185481538,0.00647423373,-894.179914,-199.63264,-69.6797779,18.6932616,6.52468402,22.293845,7.78143098,0.00742911953,0.0,0.0,-46.5560804,-0.1140831634,0.0,1251.85462,-1.19909641,-894.179914,0.0,0.0
218.5,0.0,1257.34178,0.090163141,0.0313154673,0.0118716155,0.00412324292,0.0184621281,0.00641225974,-898.099314,-199.63264,-69.3343434,18.7751987,6.52079636,22.3791458,7.7724814,0.00727373203,0.0,0.0,-46.7601459,-0.1126617335,0.0,1257.34178,-1.20436298,-898.099314,0.0,0.0
219.0,0.0,1262.76068,0.0894815469,0.0309267227,0.0118326492,0.0040896078,0.018375158,0.00635083745,-901.969976,-199.63264,-68.9952121,18.8561168,6.51686796,22.4632824,7.76354304,0.00711844272,0.0,0.0,-46.9616749,-0.1112631717,0.0,1262.76068,-1.20956409,-901.969976,0.0,0.0
219.5,0.0,1268.11243,0.088803293,0.0305441629,0.01179272885,0.00405613806,0.0182872812,0.00628995894,-905.792669,-199.63264,-68.6621995,18.9360321,6.51289982,22.5462749,7.75461609,0.00696325136,0.0,0.0,-47.1607056,-0.109886861,0.0,1268.11243,-1.21470076,-905.792669,0.0,0.0
220.0,0.0,1273.39813,0.0881283593,0.0301676214,0.01175188095,0.0040228336,0.0181985335,0.00622961641,-909.568157,-199.63264,-68.3351166,19.0149605,6.50889255,22.6281439,7.74570053,0.0068081577,0.0,0.0,-47.3572794,-0.1085322029,0.0,1273.39813,-1.21977406,-909.568157,0.0,0.0
220.5,0.0,1278.61874,0.087456728,0.0297969407,0.01171013195,0.00398969383,0.0181089497,0.00616980271,-913.297179,-199.63264,-68.0137965,19.0929181,6.50484691,22.7089098,7.73679625,0.00665316209,0.0,0.0,-47.5514338,-0.1071986316,0.0,1278.61874,-1.22478494,-913.297179,0.0,0.0
221.0,0.0,1283.77529,0.086788375,0.0294319684,0.0116675079,0.0039567189,0.018018564,0.00611051047,-916.980465,-199.63264,-67.6980719,19.1699182,6.50076319,22.7885922,7.72790317,0.00649826403,0.0,0.0,-47.7432064,-0.1058855951,0.0,1283.77529,-1.22973439,-916.980465,0.0,0.0
221.5,0.0,1288.86882,0.0861232986,0.0290725534,0.0116240349,0.00392390768,0.0179275847,0.00605178999,-920.618694,-199.63264,-67.3877863,19.2459772,6.49664225,22.8672091,7.71902128,0.00634346363,0.0,0.0,-47.9326318,-0.1045925674,0.0,1288.86882,-1.23462336,-920.618694,0.0,0.0
222.0,0.0,1293.90021,0.0854615648,0.0287185607,0.0115797498,0.0038912612,0.0178409564,0.00599528024,-924.212555,-199.63264,-67.0827684,19.3211083,6.49248315,22.94478,7.71014903,0.0061887608,0.0,0.0,-48.1197502,-0.103318992,0.0,1293.90021,-1.23945286,-924.212555,0.0,0.0
222.5,0.0,1298.87047,0.0848029046,0.0283698311,0.011534642,0.0038587757,0.017755798,0.0059399907,-927.762712,-199.63264,-66.7828815,19.3953267,6.48828746,23.0213215,7.70128729,0.00603415534,0.0,0.0,-48.304591,-0.1020644136,0.0,1298.87047,-1.24422336,-927.762712,0.0,0.0
223.0,0.0,1303.78039,0.0841474742,0.0280262622,0.01148875855,0.00382645502,0.017669786,0.00588511471,-931.269817,-199.63264,-66.4879915,19.4686447,6.48405641,23.096852,7.69243693,0.0058796474,0.0,0.0,-48.4871912,-0.1008283828,0.0,1303.78039,-1.24893626,-931.269817,0.0,0.0
223.5,0.0,1308.63094,0.083495244,0.0276877247,0.01144212075,0.00379429834,0.0175829478,0.0058306473,-934.73453,-199.63264,-66.1979645,19.541076,6.47979045,23.1713878,7.68359772,0.00572523671,0.0,0.0,-48.6675839,-0.0996104466,0.0,1308.63094,-1.25359219,-934.73453,0.0,0.0
224.0,0.0,1313.423,0.0828461986,0.0273540962,0.01139475015,0.00376230527,0.0174953151,0.0057765845,-938.157418,-199.63264,-65.9126645,19.612633,6.47549038,23.2449455,7.67476992,0.00557092326,0.0,0.0,-48.8457986,-0.098410174,0.0,1313.423,-1.25819196,-938.157418,0.0,0.0
224.5,0.0,1318.15736,0.082200319,0.0270252597,0.011346669,0.00373047567,0.0174069182,0.00572292223,-941.539135,-199.63264,-65.6319714,19.6833291,6.47115643,23.3175409,7.66595337,0.00541670693,0.0,0.0,-49.021869,-0.0972271441,0.0,1318.15736,-1.26273645,-941.539135,0.0,0.0
225.0,0.0,1322.83487,0.0815575933,0.0267011033,0.0112978984,0.00369880937,0.0173177861,0.00566965693,-944.880222,-199.63264,-65.355762,19.7531764,6.46678953,23.3891907,7.65714818,0.00526258781,0.0,0.0,-49.1958259,-0.0960609464,0.0,1322.83487,-1.26722633,-944.880222,0.0,0.0
225.5,0.0,1327.45635,0.080918005,0.0263815183,0.01124845985,0.00366730616,0.0172279484,0.00561678487,-948.18128,-199.63264,-65.0839176,19.8221866,6.46238991,23.4599087,7.64835412,0.00510856545,0.0,0.0,-49.3676976,-0.0949111994,0.0,1327.45635,-1.27166252,-948.18128,0.0,0.0
226.0,0.0,1332.02259,0.0802815413,0.0260663998,0.01119837345,0.00363596578,0.0171374317,0.00556430226,-951.442882,-199.63264,-64.8163241,19.8903718,6.45795816,23.5297109,7.63957143,0.00495464012,0.0,0.0,-49.5375151,-0.0937775196,0.0,1332.02259,-1.27604572,-951.442882,0.0,0.0
226.5,0.0,1336.53432,0.0796481844,0.0257556468,0.0111476585,0.00360478814,0.0170462644,0.00551220589,-954.665559,-199.63264,-64.5528745,19.9577433,6.45349496,23.5986114,7.63079979,0.00480081156,0.0,0.0,-49.705305,-0.0926595438,0.0,1336.53432,-1.28037664,-954.665559,0.0,0.0
227.0,0.0,1340.99231,0.079017926,0.0254491611,0.01109633575,0.00357377294,0.0169544725,0.005460492,-957.849828,-199.63264,-64.2934669,20.0243127,6.44900068,23.6666244,7.62203949,0.00464707982,0.0,0.0,-49.871098,-0.0915569224,0.0,1340.99231,-1.284656,-957.849828,0.0,0.0
227.5,0.0,1345.39727,0.0783907495,0.0251468493,0.0110444232,0.00354292,0.0168620824,0.00540915741,-960.996262,-199.63264,-64.0379969,20.0900896,6.44447584,23.7337632,7.61329033,0.00449344463,0.0,0.0,-50.0349179,-0.0904693148,0.0,1345.39727,-1.28888454,-960.996262,0.0,0.0
228.0,0.0,1349.74983,0.07776139,0.0248450061,0.0109911962,0.0035117176,0.0167679843,0.00535741862,-964.105217,-199.63264,-63.7812953,20.1550841,6.43940742,23.8019404,7.6045531,0.00433990614,0.0,0.0,-50.1967876,-0.0893800614,0.0,1349.74983,-1.29304852,-964.105217,0.0,0.0
228.5,0.0,1354.04891,0.0771099749,0.0245343209,0.0109338364,0.00347884908,0.0166678857,0.00530326874,-967.175942,-199.63264,-63.5157166,20.2192789,6.4330189,23.8740471,7.59582989,0.00418646401,0.0,0.0,-50.3566675,-0.0882643715,0.0,1354.04891,-1.29713833,-967.175942,0.0,0.0
229.0,0.0,1358.29379,0.0764510506,0.024221543,0.0108743879,0.00344526548,0.0165649144,0.00524816138,-970.20796,-199.63264,-63.2463662,20.2826651,6.42582004,23.9482263,7.58711909,0.00403311837,0.0,0.0,-50.5145316,-0.0871388965,0.0,1358.29379,-1.30119355,-970.20796,0.0,0.0
229.5,0.0,1362.48422,0.0757901194,0.0239106127,0.01081363595,0.00341153161,0.0164602694,0.00519295651,-973.201143,-199.63264,-62.9789453,20.3452384,6.41839069,24.0223396,7.57841989,0.00387986898,0.0,0.0,-50.6703725,-0.0860221212,0.0,1362.48422,-1.30521224,-973.201143,0.0,0.0
230.0,0.0,1366.62099,0.0751347219,0.0236048155,0.01075267335,0.00337812668,0.0163556107,0.00513838162,-976.155992,-199.63264,-62.7158344,20.4070114,6.41098268,24.095464,7.56973155,0.00372671599,0.0,0.0,-50.824219,-0.0849217556,0.0,1366.62099,-1.30918614,-976.155992,0.0,0.0
230.5,0.0,1370.70494,0.0744828401,0.0233034132,0.01069123535,0.00334495871,0.0162505319,0.00508429282,-979.07309,-199.63264,-62.4569207,20.4679944,6.40359508,24.1676146,7.56105416,0.00357365908,0.0,0.0,-50.9760996,-0.0838374156,0.0,1370.70494,-1.31310765,-979.07309,0.0,0.0
231.0,0.0,1374.73673,0.0738346367,0.0230063597,0.01062936665,0.00331203355,0.0161450958,0.005030696,-981.952966,-199.63264,-62.2020967,20.5281995,6.3962275,24.2388073,7.55238787,0.00342069829,0.0,0.0,-51.1260432,-0.0827687344,0.0,1374.73673,-1.31697941,-981.952966,0.0,0.0
231.5,0.0,1378.71721,0.073190107,0.0227135624,0.0105670873,0.00327934991,0.0160393294,0.00497758595,-984.796164,-199.63264,-61.9512574,20.5876383,6.38887924,24.3090579,7.54373242,0.00326783353,0.0,0.0,-51.2740762,-0.0817153554,0.0,1378.71721,-1.32080189,-984.796164,0.0,0.0
232.0,0.0,1382.64708,0.0725492161,0.0224249213,0.0105044127,0.00324690499,0.0159332518,0.00492495555,-987.603197,-199.63264,-61.7043005,20.6463205,6.38154944,24.3783808,7.53508791,0.00311506472,0.0,0.0,-51.4202264,-0.0806769295,0.0,1382.64708,-1.32457577,-987.603197,0.0,0.0
232.5,0.0,1386.52698,0.0719119471,0.0221403437,0.01044136085,0.00321469692,0.0158268854,0.00487279876,-990.374599,-199.63264,-61.4611283,20.7042579,6.37423761,24.4467906,7.52645433,0.00296239171,0.0,0.0,-51.5645205,-0.0796531216,0.0,1386.52698,-1.32830179,-990.374599,0.0,0.0
233.0,0.0,1390.35771,0.0712782764,0.0218597405,0.0103779481,0.00318272351,0.0157202511,0.00482110954,-993.110837,-199.63264,-61.2216475,20.7614608,6.36694309,24.5143015,7.51783167,0.00280981451,0.0,0.0,-51.7069849,-0.0786436124,0.0,1390.35771,-1.3319806,-993.110837,0.0,0.0
233.5,0.0,1394.13992,0.0706481849,0.0215830244,0.01031419,0.00315098298,0.0156133691,0.0047698821,-995.81243,-199.63264,-60.9857658,20.8179387,6.35966553,24.5809279,7.50921993,0.00265733304,0.0,0.0,-51.8476452,-0.0776480909,0.0,1394.13992,-1.33561286,-995.81243,0.0,0.0
234.0,0.0,1397.87429,0.0700216486,0.0213101116,0.0102501028,0.00311947312,0.0155062591,0.00471911051,-998.479835,-199.63264,-60.7533951,20.8737023,6.35240415,24.6466825,7.5006192,0.00250494711,0.0,0.0,-51.9865253,-0.0766662491,0.0,1397.87429,-1.33919916,-998.479835,0.0,0.0
234.5,0.0,1401.56145,0.0693986504,0.0210409215,0.0101857017,0.00308819211,0.0153989405,0.00466878951,-1001.113536,-199.63264,-60.5244526,20.9287613,6.34515844,24.7115789,7.49202907,0.00235265676,0.0,0.0,-52.1236515,-0.075697802,0.0,1401.56145,-1.34274021,-1001.113536,0.0,0.0
235.0,0.0,1405.20206,0.0687791716,0.0207753741,0.01012100175,0.00305713822,0.0152914319,0.00461891339,-1003.71399,-199.63264,-60.2988529,20.9831245,6.33792798,24.77563,7.48344986,0.00220046181,0.0,0.0,-52.2590451,-0.074742459,0.0,1405.20206,-1.34623661,-1003.71399,0.0,0.0
235.5,0.0,1408.79675,0.068163186,0.0205133946,0.0100560177,0.00302630941,0.0151837514,0.00456947686,-1006.281617,-199.63264,-60.0765178,21.0368021,6.33071234,24.8388486,7.47488162,0.00204836235,0.0,0.0,-52.3927312,-0.0737999525,0.0,1408.79675,-1.34968893,-1006.281617,0.0,0.0
236.0,0.0,1412.3461,0.067550682,0.0202549085,0.0099907635,0.00299570397,0.0150759175,0.00452047472,-1008.816891,-199.63264,-59.8573699,21.089803,6.32351096,24.9012468,7.46632406,0.00189635807,0.0,0.0,-52.5247318,-0.072870013,0.0,1412.3461,-1.35309778,-1008.816891,0.0,0.0
236.5,0.0,1415.85075,0.0669416346,0.0199998441,0.0099252536,0.0029653202,0.0149679463,0.00447190195,-1011.320246,-199.63264,-59.6413364,21.1421369,6.31632344,24.9628364,7.45777759,0.00174444908,0.0,0.0,-52.6550698,-0.0719523861,0.0,1415.85075,-1.35646369,-1011.320246,0.0,0.0
237.0,0.0,1419.31128,0.0663360264,0.0197481324,0.0098595013,0.00293515617,0.0148598552,0.00442375359,-1013.792067,-199.63264,-59.4283432,21.1938115,6.30914943,25.0236297,7.44924172,0.00159263524,0.0,0.0,-52.7837671,-0.0710468206,0.0,1419.31128,-1.3597873,-1013.792067,0.0,0.0
237.5,0.0,1422.72832,0.0657338398,0.0194997067,0.00979351985,0.0029052104,0.01475166035,0.00437602462,-1016.232776,-199.63264,-59.2183219,21.2448356,6.30198864,25.0836381,7.44071662,0.00144091639,0.0,0.0,-52.9108438,-0.0701530737,0.0,1422.72832,-1.36306914,-1016.232776,0.0,0.0
238.0,0.0,1426.1023,0.0651350527,0.0192545008,0.0097273224,0.00287548101,0.0146433778,0.0043287104,-1018.642791,-199.63264,-59.0112047,21.2952186,6.29484038,25.1428738,7.43220249,0.00128929259,0.0,0.0,-53.0363242,-0.0692709139,0.0,1426.1023,-1.36630973,-1018.642791,0.0,0.0
238.5,0.0,1429.43392,0.064539654,0.0190124519,0.00966092175,0.0028459665,0.0145350225,0.00428180611,-1021.02252,-199.63264,-58.8069247,21.3449679,6.28770458,25.201346,7.4236991,0.00113776365,0.0,0.0,-53.160226,-0.0684001091,0.0,1429.43392,-1.36950959,-1021.02252,0.0,0.0
239.0,0.0,1432.72365,0.0639476175,0.0187734984,0.0095943302,0.00281666519,0.01442661,0.00423530721,-1023.372336,-199.63264,-58.6054202,21.3940914,6.28058058,25.2590663,7.41520638,0.000986329575,0.0,0.0,-53.2825706,-0.0675404431,0.0,1432.72365,-1.37266933,-1023.372336,0.0,0.0
239.5,0.0,1435.972,0.063358931,0.0185375812,0.00952755985,0.0027875755,0.0143181549,0.00418920945,-1025.69261,-199.63264,-58.4066306,21.442598,6.27346852,25.3160458,7.40672449,0.000834990231,0.0,0.0,-53.4033774,-0.0666916976,0.0,1435.972,-1.37578934,-1025.69261,0.0,0.0
240.0,0.0,1439.17959,0.0627735719,0.0183046415,0.0094606226,0.00275869591,0.0142096713,0.00414350835,-1027.98374,-199.63264,-58.2104922,21.4904953,6.26636769,25.3722949,7.39825327,0.000683745559,0.0,0.0,-53.5226661,-0.0658536654,0.0,1439.17959,-1.37887024,-1027.98374,0.0,0.0
240.5,0.0,1442.34682,0.0621915276,0.0180746239,0.0093935298,0.00273002485,0.01410117265,0.00409819933,-1030.24606,-199.63264,-58.0169514,21.5377903,6.25927787,25.4278234,7.3897928,0.000532595463,0.0,0.0,-53.6404562,-0.0650261472,0.0,1442.34682,-1.38191243,-1030.24606,0.0,0.0
241.0,0.0,1445.47428,0.0616127769,0.0178474726,0.00932629275,0.00270156078,0.01399267295,0.00405327853,-1032.47996,-199.63264,-57.82595,21.5844915,6.25219885,25.4826407,7.38134316,0.000381539884,0.0,0.0,-53.7567666,-0.0642089409,0.0,1445.47428,-1.38491645,-1032.47996,0.0,0.0
241.5,0.0,1448.56243,0.0610373051,0.0176231357,0.0092589229,0.00267330223,0.01388418525,0.00400874153,-1034.6858,-199.63264,-57.6374339,21.6306052,6.24513029,25.5367571,7.37290417,0.000230578739,0.0,0.0,-53.8716137,-0.0634018583,0.0,1448.56243,-1.38788273,-1034.6858,0.0,0.0
242.0,0.0,1451.61175,0.0604650936,0.0174015608,0.0091914307,0.00264524776,0.0137757218,0.00396458441,-1036.86389,-199.63264,-57.451351,21.6761394,6.23807203,25.5901825,7.36447573,7.971195e-05,0.0,0.0,-53.9850181,-0.0626047136,0.0,1451.61175,-1.39081176,-1036.86389,0.0,0.0
242.5,0.0,1450.76579,-0.0260301784,-0.0324058145,-0.00395096261,-0.00492115362,-0.00182896916,-0.00328266781,-1036.00713,-199.63264,-0.020588049,21.6582283,0.00223263521,31.8050537,0.00327893309,-2.56668e-07,0.0,0.0,-53.9404092,0.123214624,0.0,1450.76579,-1.24255836,-1036.00713,0.0,0.0
243.0,0.0,1444.47697,-0.0349267761,-0.0349267761,-0.00528334165,-0.00528334165,-0.00352083149,-0.00352083149,-1031.75403,-199.63264,-0.0221732859,21.5693145,0.0023957748,31.7031235,0.0035213504,-2.56668e-07,0.0,0.0,-53.7189687,0.1228343638,0.0,1444.47697,-1.37602188,-1031.75403,0.0,0.0
243.5,0.0,1438.5195,-0.0340541729,-0.0340541729,-0.00512997655,-0.00512997655,-0.00341508828,-0.00341508828,-1027.51394,-199.63264,-0.0215741864,21.4806741,0.0023214093,31.6013218,0.00341514277,-2.56668e-07,0.0,0.0,-53.4982059,0.1224579861,0.0,1438.5195,-1.37921305,-1027.51394,0.0,0.0
244.0,0.0,1432.60114,-0.0339349507,-0.0339349507,-0.00509098226,-0.00509098226,-0.00338565858,-0.00338565858,-1023.286839,-199.63264,-0.0214572526,21.392304,0.00229932762,31.4996481,0.00338570283,-2.56668e-07,0.0,0.0,-53.2781187,0.1220840546,0.0,1432.60114,-1.37370904,-1023.286839,0.0,0.0
244.5,0.0,1426.70125,-0.0338314714,-0.0338314714,-0.00505455566,-0.00505455566,-0.0033579989,-0.0033579989,-1019.072606,-199.63264,-0.021350782,21.3042037,0.00227849592,31.3981019,0.0033580425,-2.56668e-07,0.0,0.0,-53.0587019,0.1217127934,0.0,1426.70125,-1.36805428,-1019.072606,0.0,0.0
245.0,0.0,1420.81923,-0.0337290066,-0.0337290066,-0.00501847126,-0.00501847126,-0.00333062616,-0.00333062616,-1014.871164,-199.63264,-0.0212453657,21.2163704,0.00225789883,31.2966827,0.00333066939,-2.56668e-07,0.0,0.0,-52.8399515,0.1213441836,0.0,1420.81923,-1.36241359,-1014.871164,0.0,0.0
245.5,0.0,1414.95503,-0.0336272774,-0.0336272774,-0.00498268469,-0.00498268469,-0.00330351011,-0.00330351011,-1010.682425,-199.63264,-0.0211408216,21.1288029,0.0022375148,31.1953886,0.00330355286,-2.56668e-07,0.0,0.0,-52.6218626,0.1209782015,0.0,1414.95503,-1.35678991,-1010.682425,0.0,0.0
246.0,0.0,1409.10842,-0.0335262751,-0.0335262751,-0.00494719193,-0.00494719193,-0.00327664704,-0.00327664704,-1006.506298,-199.63264,-0.0210371363,21.041499,0.00221734089,31.0942187,0.00327668947,-2.56668e-07,0.0,0.0,-52.404429,0.1206148295,0.0,1409.10842,-1.35118316,-1006.506298,0.0,0.0
246.5,0.0,1403.27937,-0.0334259903,-0.0334259903,-0.0049119902,-0.0049119902,-0.00325003405,-0.00325003405,-1002.342689,-199.63264,-0.0209343024,20.9544565,0.00219737442,30.9931723,0.003250076,-2.56668e-07,0.0,0.0,-52.1876475,0.1202540419,0.0,1403.27937,-1.3455932,-1002.342689,0.0,0.0
247.0,0.0,1397.4677,-0.0333264196,-0.0333264196,-0.00487707559,-0.00487707559,-0.00322366815,-0.00322366815,-998.1915,-199.63264,-0.020832309,20.8676739,0.00217761258,30.8922479,0.00322370971,-2.56668e-07,0.0,0.0,-51.971513,0.1198958239,0.0,1397.4677,-1.34001997,-998.1915,0.0,0.0
247.5,0.0,1391.67332,-0.033227555,-0.033227555,-0.00484244558,-0.00484244558,-0.0031975464,-0.0031975464,-994.052646,-199.63264,-0.0207311492,20.78115,0.00215805301,30.7914453,0.0031975876,-2.56668e-07,0.0,0.0,-51.7560217,0.1195401452,0.0,1391.67332,-1.33446329,-994.052646,0.0,0.0
248.0,0.0,1385.89609,-0.033129392,-0.033129392,-0.00480809676,-0.00480809676,-0.00317166587,-0.00317166587,-989.926055,-199.63264,-0.0206308132,20.6948815,0.00213869299,30.6907626,0.00317170676,-2.56668e-07,0.0,0.0,-51.541168,0.119186995,0.0,1385.89609,-1.32892308,-989.926055,0.0,0.0
248.5,0.0,1380.13592,-0.0330319251,-0.0330319251,-0.00477402629,-0.00477402629,-0.00314602391,-0.00314602391,-985.811634,-199.63264,-0.0205312928,20.6088672,0.00211953002,30.5901988,0.00314606437,-2.56668e-07,0.0,0.0,-51.3269466,0.1188363455,0.0,1380.13592,-1.3233992,-985.811634,0.0,0.0
249.0,0.0,1374.39262,-0.0329351492,-0.0329351492,-0.00474023095,-0.00474023095,-0.00312061747,-0.00312061747,-981.70929,-199.63264,-0.0204325801,20.5231056,0.00210056169,30.4897532,0.00312065763,-2.56668e-07,0.0,0.0,-51.1133566,0.1184881793,0.0,1374.39262,-1.31789158,-981.70929,0.0,0.0
249.5,0.0,1368.66613,-0.0328390576,-0.0328390576,-0.00470670795,-0.00470670795,-0.00309544398,-0.00309544398,-977.618939,-199.63264,-0.0203346659,20.4375951,0.00208178549,30.3894254,0.00309548374,-2.56668e-07,0.0,0.0,-50.9003892,0.1181424771,0.0,1368.66613,-1.31240003,-977.618939,0.0,0.0
250.0,0.0,1362.95628,-0.0327436446,-0.0327436446,-0.00467345433,-0.00467345433,-0.00307050066,-0.00307050066,-973.5405,-199.63264,-0.0202375418,20.3523331,0.00206319901,30.2892133,0.00307054008,-2.56668e-07,0.0,0.0,-50.6880426,0.1177992167,0.0,1362.95628,-1.30692446,-973.5405,0.0,0.0
250.5,0.0,1357.26308,-0.032648906,-0.032648906,-0.0046404673,-0.0046404673,-0.00304578482,-0.00304578482,-969.473894,-199.63264,-0.0201411851,20.2673184,0.00204479825,30.1891409,0.00304582383,-2.56668e-07,0.0,0.0,-50.4763113,0.1174583819,0.0,1357.26308,-1.30146478,-969.473894,0.0,0.0
251.0,0.0,1351.58624,-0.0325548392,-0.0325548392,-0.00460774408,-0.00460774408,-0.00302129408,-0.00302129408,-965.419003,-199.63264,-0.0200416858,20.1825491,0.00202618677,30.0950675,0.0030213328,-2.56668e-07,0.0,0.0,-50.2651915,0.1171199645,0.0,1351.58624,-1.29602089,-965.419003,0.0,0.0
251.5,0.0,1345.92573,-0.032461438,-0.032461438,-0.00457528225,-0.00457528225,-0.00299702584,-0.00299702584,-961.375791,-199.63264,-0.0199400516,20.0980239,0.00200746893,30.0054942,0.00299706415,-2.56668e-07,0.0,0.0,-50.0546789,0.1167839402,0.0,1345.92573,-1.29059264,-961.375791,0.0,0.0
252.0,0.0,1340.28142,-0.032368693,-0.032368693,-0.00454307814,-0.00454307814,-0.00297297724,-0.00297297724,-957.34415,-199.63264,-0.0198392477,20.0137405,0.00198894448,29.9159601,0.0029730152,-2.56668e-07,0.0,0.0,-49.8447681,0.1164502815,0.0,1340.28142,-1.28517997,-957.34415,0.0,0.0
252.5,0.0,1334.65321,-0.0322766022,-0.0322766022,-0.0045111295,-0.0045111295,-0.00294914569,-0.00294914569,-953.323993,-199.63264,-0.0197392663,19.9296974,0.00197061106,29.8264643,0.00294918326,-2.56668e-07,0.0,0.0,-49.635456,0.1161189704,0.0,1334.65321,-1.2797827,-953.323993,0.0,0.0
253.0,0.0,1329.04097,-0.0321851583,-0.0321851583,-0.00447943322,-0.00447943322,-0.00292552865,-0.00292552865,-949.31526,-199.63264,-0.0196400986,19.8458927,0.00195246616,29.737006,0.00292556593,-2.56668e-07,0.0,0.0,-49.4267393,0.115789989,0.0,1329.04097,-1.27440075,-949.31526,0.0,0.0
253.5,0.0,1323.44466,-0.0320943561,-0.0320943561,-0.00444798677,-0.00444798677,-0.00290212377,-0.00290212377,-945.317844,-199.63264,-0.0195417368,19.7623254,0.00193450741,29.6475852,0.00290216075,-2.56668e-07,0.0,0.0,-49.2186118,0.115463316,0.0,1323.44466,-1.26903404,-945.317844,0.0,0.0
254.0,0.0,1317.86405,-0.0320041905,-0.0320041905,-0.00441678747,-0.00441678747,-0.00287892852,-0.00287892852,-941.331713,-199.63264,-0.0194441715,19.6789928,0.0019167325,29.5582001,0.00287896515,-2.56668e-07,0.0,0.0,-49.0110698,0.1151389353,0.0,1317.86405,-1.26368244,-941.331713,0.0,0.0
254.5,0.0,1312.2991,-0.0319146569,-0.0319146569,-0.00438583255,-0.00438583255,-0.00285594051,-0.00285594051,-937.356741,-199.63264,-0.0193473952,19.5958942,0.00189913914,29.4688508,0.00285597678,-2.56668e-07,0.0,0.0,-48.8041118,0.1148168302,0.0,1312.2991,-1.25834587,-937.356741,0.0,0.0
255.0,0.0,1306.74966,-0.0318257512,-0.0318257512,-0.00435511986,-0.00435511986,-0.0028331574,-0.0028331574,-933.392855,-199.63264,-0.0192513996,19.5130275,0.00188172502,29.379536,0.00283319338,-2.56668e-07,0.0,0.0,-48.5977288,0.1144969796,0.0,1306.74966,-1.25302421,-933.392855,0.0,0.0
255.5,0.0,1301.21563,-0.0317374678,-0.0317374678,-0.0043246464,-0.0043246464,-0.00281057681,-0.00281057681,-929.440024,-199.63264,-0.0191561765,19.4303911,0.00186448788,29.2902553,0.00281061246,-2.56668e-07,0.0,0.0,-48.3919205,0.1141793649,0.0,1301.21563,-1.2477173,-929.440024,0.0,0.0
256.0,0.0,1295.69698,-0.0316498025,-0.0316498025,-0.00429440988,-0.00429440988,-0.00278819639,-0.00278819639,-925.498095,-199.63264,-0.0190617182,19.3479835,0.00184742556,29.2010075,0.00278823171,-2.56668e-07,0.0,0.0,-48.1866817,0.1138639773,0.0,1295.69698,-1.24242513,-925.498095,0.0,0.0
256.5,0.0,1290.19353,-0.0315627493,-0.0315627493,-0.00426440766,-0.00426440766,-0.00276583774,-0.00276583774,-921.567045,-199.63264,-0.0189668147,19.2658029,0.00183041998,29.1117928,0.00276587387,-2.56668e-07,0.0,0.0,-47.9820092,0.113550795,0.0,1290.19353,-1.23714753,-921.567045,0.0,0.0
257.0,0.0,1284.70516,-0.0314763103,-0.0314763103,-0.00423463836,-0.00423463836,-0.00274271734,-0.00274271734,-917.646781,-199.63264,-0.0188660666,19.1838481,0.00181295223,29.0226099,0.00274275409,-2.56668e-07,0.0,0.0,-47.7778984,0.1132398199,0.0,1284.70516,-1.2318844,-917.646781,0.0,0.0
257.5,0.0,1279.2318,-0.031390476,-0.031390476,-0.00420509849,-0.00420509849,-0.00271966507,-0.00271966507,-913.737245,-199.63264,-0.0187651422,19.1021171,0.00179557116,28.9334582,0.00271970151,-2.56668e-07,0.0,0.0,-47.5743458,0.1129310171,0.0,1279.2318,-1.2266357,-913.737245,0.0,0.0
258.0,0.0,1273.77333,-0.03130524,-0.03130524,-0.00417578591,-0.00417578591,-0.00269682511,-0.00269682511,-909.838331,-199.63264,-0.0186650436,19.020609,0.00177837225,28.8443367,0.00269686115,-2.56668e-07,0.0,0.0,-47.3713458,0.1126243721,0.0,1273.77333,-1.22140125,-909.838331,0.0,0.0
258.5,0.0,1268.32967,-0.0312205969,-0.0312205969,-0.00414669766,-0.00414669766,-0.00267419497,-0.00267419497,-905.949991,-199.63264,-0.0185657617,18.9393205,0.00176135313,28.7552449,0.00267423068,-2.56668e-07,0.0,0.0,-47.1688965,0.1123198578,0.0,1268.32967,-1.21618106,-905.949991,0.0,0.0
259.0,0.0,1262.90065,-0.0311365443,-0.0311365443,-0.00411783192,-0.00411783192,-0.00265177226,-0.00265177226,-902.072119,-199.63264,-0.0184672887,18.8582527,0.00174451153,28.6661819,0.0026518076,-2.56668e-07,0.0,0.0,-46.9669941,0.1120174655,0.0,1262.90065,-1.2109749,-902.072119,0.0,0.0
259.5,0.0,1257.48624,-0.0310530756,-0.0310530756,-0.00408918625,-0.00408918625,-0.0026295545,-0.0026295545,-898.204706,-199.63264,-0.0183696157,18.777402,0.00172784521,28.5771468,0.00262958958,-2.56668e-07,0.0,0.0,-46.7656331,0.1117171784,0.0,1257.48624,-1.20578275,-898.204706,0.0,0.0
260.0,0.0,1252.08632,-0.0309701877,-0.0309701877,-0.0040607583,-0.0040607583,-0.00260753945,-0.00260753945,-894.347613,-199.63264,-0.0182727351,18.6967676,0.00171135197,28.4881393,0.00260757422,-2.56668e-07,0.0,0.0,-46.5648123,0.1114189775,0.0,1252.08632,-1.20060447,-894.347613,0.0,0.0
260.5,0.0,1246.7008,-0.0308878757,-0.0308878757,-0.00403254577,-0.00403254577,-0.00258572472,-0.00258572472,-890.50079,-199.63264,-0.0181766377,18.6163485,0.00169502964,28.399159,0.00258575914,-2.56668e-07,0.0,0.0,-46.3645246,0.1111228499,0.0,1246.7008,-1.19543999,-890.50079,0.0,0.0
261.0,0.0,1241.32955,-0.0308061351,-0.0308061351,-0.00400454641,-0.00400454641,-0.00256410796,-0.00256410796,-886.664186,-199.63264,-0.0180813166,18.5361413,0.0016788761,28.3102051,0.0025641421,-2.56668e-07,0.0,0.0,-46.1647672,0.110828778,0.0,1241.32955,-1.19028923,-886.664186,0.0,0.0
261.5,0.0,1235.97245,-0.0307249621,-0.0307249621,-0.0039767581,-0.0039767581,-0.00254268698,-0.00254268698,-882.837695,-199.63264,-0.0179867624,18.4561473,0.00166288915,28.2212761,0.00254272086,-2.56668e-07,0.0,0.0,-45.96554,0.1105367477,0.0,1235.97245,-1.18515205,-882.837695,0.0,0.0
262.0,0.0,1230.62945,-0.0306443521,-0.0306443521,-0.0039491786,-0.0039491786,-0.0025214595,-0.0025214595,-879.021273,-199.63264,-0.0178929686,18.3763633,0.00164706682,28.1323714,0.002521493,-2.56668e-07,0.0,0.0,-45.7668352,0.1102467436,0.0,1230.62945,-1.18002843,-879.021273,0.0,0.0
262.5,0.0,1225.30047,-0.0305643003,-0.0305643003,-0.00392180573,-0.00392180573,-0.00250042332,-0.00250042332,-875.214843,-199.63264,-0.0177999268,18.2967877,0.00163140697,28.0434906,0.00250045648,-2.56668e-07,0.0,0.0,-45.568651,0.1099587489,0.0,1225.30047,-1.17491818,-875.214843,0.0,0.0
263.0,0.0,1219.98536,-0.0304848036,-0.0304848036,-0.00389463757,-0.00389463757,-0.00247957629,-0.00247957629,-871.418332,-199.63264,-0.0177076291,18.21742,0.00161590764,27.9546332,0.00247960924,-2.56668e-07,0.0,0.0,-45.3709823,0.1096727485,0.0,1219.98536,-1.16982128,-871.418332,0.0,0.0
263.5,0.0,1214.68404,-0.0304058576,-0.0304058576,-0.00386767175,-0.00386767175,-0.00245891622,-0.00245891622,-867.631693,-199.63264,-0.0176160681,18.1382579,0.00160056675,27.8657987,0.00245894888,-2.56668e-07,0.0,0.0,-45.1738282,0.1093887297,0.0,1214.68404,-1.16473758,-867.631693,0.0,0.0
264.0,0.0,1209.39641,-0.0303274579,-0.0303274579,-0.00384090631,-0.00384090631,-0.002438441,-0.002438441,-863.854799,-199.63264,-0.0175252356,18.0593009,0.00158538246,27.7769859,0.00243847338,-2.56668e-07,0.0,0.0,-44.9771825,0.1091066756,0.0,1209.39641,-1.15966705,-863.854799,0.0,0.0
264.5,0.0,1204.12241,-0.0302496001,-0.0302496001,-0.00381433912,-0.00381433912,-0.00241814861,-0.00241814861,-860.087664,-199.63264,-0.0174351259,17.9805467,0.00157035277,27.6881931,0.0024181806,-2.56668e-07,0.0,0.0,-44.7810434,0.1088265731,0.0,1204.12241,-1.15460955,-860.087664,0.0,0.0
265.0,0.0,1198.86188,-0.0301722815,-0.0301722815,-0.00378796818,-0.00378796818,-0.00239803676,-0.00239803676,-856.330153,-199.63264,-0.01734573,17.9019944,0.00155547573,27.5994219,0.00239806858,-2.56668e-07,0.0,0.0,-44.5854071,0.108548409,0.0,1198.86188,-1.14956505,-856.330153,0.0,0.0
265.5,0.0,1193.61482,-0.0300954963,-0.0300954963,-0.00376179156,-0.00376179156,-0.00237810372,-0.00237810372,-852.582232,-199.63264,-0.0172570411,17.8236422,0.0015407495,27.5106698,0.00237813518,-2.56668e-07,0.0,0.0,-44.3902681,0.1082721628,0.0,1193.61482,-1.14453337,-852.582232,0.0,0.0
266.0,0.0,1188.38104,-0.030019242,-0.030019242,-0.00373580726,-0.00373580726,-0.00235834721,-0.00235834721,-848.843827,-199.63264,-0.0171690531,17.7454889,0.00152617225,27.4219366,0.00235837842,-2.56668e-07,0.0,0.0,-44.1956259,0.1079978319,0.0,1188.38104,-1.13951454,-848.843827,0.0,0.0
266.5,0.0,1183.16054,-0.0299435145,-0.0299435145,-0.00371001319,-0.00371001319,-0.0023387654,-0.0023387654,-845.114861,-199.63264,-0.0170817572,17.6675339,0.00151174214,27.3332217,0.00233879633,-2.56668e-07,0.0,0.0,-44.0014748,0.1077253876,0.0,1183.16054,-1.13450833,-845.114861,0.0,0.0
267.0,0.0,1177.95312,-0.0298683089,-0.0298683089,-0.00368440752,-0.00368440752,-0.00231935626,-0.00231935626,-841.395311,-199.63264,-0.0169951479,17.5897743,0.00149745733,27.2445245,0.00231938694,-2.56668e-07,0.0,0.0,-43.8078137,0.1074548295,0.0,1177.95312,-1.12951477,-841.395311,0.0,0.0
267.5,0.0,1172.75881,-0.0297936222,-0.0297936222,-0.0036589883,-0.0036589883,-0.00230011791,-0.00230011791,-837.68507,-199.63264,-0.016909217,17.5122101,0.00148331606,27.1558436,0.00230014826,-2.56668e-07,0.0,0.0,-43.6146378,0.1071861345,0.0,1172.75881,-1.12453369,-837.68507,0.0,0.0
268.0,0.0,1167.57743,-0.0297194512,-0.0297194512,-0.00363375368,-0.00363375368,-0.00228104839,-0.00228104839,-833.984072,-199.63264,-0.0168239594,17.4348388,0.00146931661,27.0671795,0.00228107855,-2.56668e-07,0.0,0.0,-43.4219428,0.1069192955,0.0,1167.57743,-1.11956508,-833.984072,0.0,0.0
268.5,0.0,1162.40893,-0.0296457916,-0.0296457916,-0.00360870174,-0.00360870174,-0.00226214589,-0.00226214589,-830.292286,-199.63264,-0.0167393665,17.3576603,0.0014554572,26.9785303,0.00226217569,-2.56668e-07,0.0,0.0,-43.2297278,0.106654294,0.0,1162.40893,-1.1146088,-830.292286,0.0,0.0
269.0,0.0,1157.25317,-0.0295726392,-0.0295726392,-0.00358383064,-0.00358383064,-0.00224340842,-0.00224340842,-826.609616,-199.63264,-0.0166554332,17.2806724,0.0014417362,26.889896,0.00224343803,-2.56668e-07,0.0,0.0,-43.0379867,0.1063911206,0.0,1157.25317,-1.10966477,-826.609616,0.0,0.0
269.5,0.0,1152.11011,-0.0294999914,-0.0294999914,-0.00355913857,-0.00355913857,-0.00222483429,-0.00222483429,-822.936034,-199.63264,-0.0165721514,17.2038734,0.00142815185,26.8012756,0.00222486358,-2.56668e-07,0.0,0.0,-42.8467183,0.1061297599,0.0,1152.11011,-1.10473295,-822.936034,0.0,0.0
270.0,0.0,1146.97972,-0.0294278435,-0.0294278435,-0.00353462371,-0.00353462371,-0.00220642157,-0.00220642157,-819.271445,-199.63264,-0.0164895164,17.1272638,0.00141470256,26.7126682,0.00220645071,-2.56668e-07,0.0,0.0,-42.6559196,0.1058701981,0.0,1146.97972,-1.09981322,-819.271445,0.0,0.0
270.5,0.0,1141.86181,-0.0293561925,-0.0293561925,-0.00351028421,-0.00351028421,-0.00218816851,-0.00218816851,-815.615773,-199.63264,-0.0164075203,17.0508408,0.00140138671,26.6240736,0.00218819737,-2.56668e-07,0.0,0.0,-42.4655855,0.1056124256,0.0,1141.86181,-1.09490546,-815.615773,0.0,0.0
271.0,0.0,1136.75634,-0.0292850346,-0.0292850346,-0.00348611841,-0.00348611841,-0.00217007336,-0.00217007336,-811.969017,-199.63264,-0.0163261577,16.9746033,0.00138820262,26.5354908,0.00217010199,-2.56668e-07,0.0,0.0,-42.2757141,0.105356427,0.0,1136.75634,-1.09000965,-811.969017,0.0,0.0
271.5,0.0,1131.6632,-0.0292143668,-0.0292143668,-0.00346212456,-0.00346212456,-0.00215213443,-0.00215213443,-808.331074,-199.63264,-0.016245422,16.8985503,0.00137514879,26.4469189,0.00215216283,-2.56668e-07,0.0,0.0,-42.0863019,0.1051021894,0.0,1131.6632,-1.08512567,-808.331074,0.0,0.0
272.0,0.0,1126.58234,-0.0291441857,-0.0291441857,-0.00343830081,-0.00343830081,-0.00213434991,-0.00213434991,-804.701874,-199.63264,-0.0161653071,16.8226805,0.00136222355,26.3583581,0.002134378,-2.56668e-07,0.0,0.0,-41.8973453,0.104849702,0.0,1126.58234,-1.08025347,-804.701874,0.0,0.0
272.5,0.0,1121.51367,-0.0290744866,-0.0290744866,-0.00341464547,-0.00341464547,-0.00211671816,-0.00211671816,-801.08138,-199.63264,-0.0160858063,16.7469921,0.00134942545,26.2698067,0.00211674601,-2.56668e-07,0.0,0.0,-41.7088427,0.104598953,0.0,1121.51367,-1.07539296,-801.08138,0.0,0.0
273.0,0.0,1116.45706,-0.0290052671,-0.0290052671,-0.00339115702,-0.00339115702,-0.00209923743,-0.00209923743,-797.469524,-199.63264,-0.0160069147,16.6714849,0.00133675293,26.1812649,0.00209926503,-2.56668e-07,0.0,0.0,-41.5207886,0.1043499268,0.0,1116.45706,-1.07054403,-797.469524,0.0,0.0
273.5,0.0,1111.4125,-0.0289365237,-0.0289365237,-0.00336783361,-0.00336783361,-0.00208190614,-0.00208190614,-793.866252,-199.63264,-0.0159286251,16.5961564,0.00132420451,26.0927305,0.0020819335,-2.56668e-07,0.0,0.0,-41.3331815,0.1041026131,0.0,1111.4125,-1.06570663,-793.866252,0.0,0.0
274.0,0.0,1106.37983,-0.0288682533,-0.0288682533,-0.00334467372,-0.00334467372,-0.0020647226,-0.0020647226,-790.27151,-199.63264,-0.0158509333,16.5210066,0.00131177869,26.0042038,0.00206474979,-2.56668e-07,0.0,0.0,-41.1460183,0.1038570006,0.0,1106.37983,-1.06088068,-790.27151,0.0,0.0
274.5,0.0,1101.35904,-0.0288004522,-0.0288004522,-0.00332167562,-0.00332167562,-0.00204768527,-0.00204768527,-786.685215,-199.63264,-0.0157738311,16.446033,0.00129947399,25.9156847,0.00204771221,-2.56668e-07,0.0,0.0,-40.9592967,0.1036130765,0.0,1101.35904,-1.05606606,-786.685215,0.0,0.0
275.0,0.0,1096.34999,-0.0287331168,-0.0287331168,-0.00329883776,-0.00329883776,-0.00203079252,-0.00203079252,-783.107334,-199.63264,-0.015697315,16.3712355,0.00128728906,25.827171,0.00203081915,-2.56668e-07,0.0,0.0,-40.7730107,0.1033708305,0.0,1096.34999,-1.05126278,-783.107334,0.0,0.0
275.5,0.0,1091.35264,-0.0286662447,-0.0286662447,-0.00327615849,-0.00327615849,-0.00201404267,-0.00201404267,-779.537785,-199.63264,-0.0156213781,16.2966131,0.0012752224,25.7386637,0.00201406916,-2.56668e-07,0.0,0.0,-40.5871606,0.1031302501,0.0,1091.35264,-1.04647064,-779.537785,0.0,0.0
276.0,0.0,1086.36688,-0.0285998324,-0.0285998324,-0.00325363636,-0.00325363636,-0.00199743431,-0.00199743431,-775.97654,-199.63264,-0.015546015,16.2221637,0.00126327261,25.6501605,0.00199746056,-2.56668e-07,0.0,0.0,-40.401741,0.1028913231,0.0,1086.36688,-1.04168972,-775.97654,0.0,0.0
276.5,0.0,1081.39265,-0.0285338794,-0.0285338794,-0.00323126994,-0.00323126994,-0.00198096604,-0.00198096604,-772.423512,-199.63264,-0.01546720555,16.1478855,0.00125111386,25.5683028,0.00198099207,-2.56668e-07,0.0,0.0,-40.2167512,0.1026540515,0.0,1081.39265,-1.03691978,-772.423512,0.0,0.0
277.0,0.0,1076.42987,-0.0284683844,-0.0284683844,-0.00320905792,-0.00320905792,-0.00196463654,-0.00196463654,-768.878674,-199.63264,-0.0153849724,16.073779,0.00123875105,25.4930732,0.00196466235,-2.56668e-07,0.0,0.0,-40.0321861,0.1024184215,0.0,1076.42987,-1.03216085,-768.878674,0.0,0.0
277.5,0.0,1071.47846,-0.028403339,-0.028403339,-0.00318699837,-0.00318699837,-0.00194844385,-0.00194844385,-765.341944,-199.63264,-0.0153033738,15.9998422,0.00122651311,25.4177681,0.00194846945,-2.56668e-07,0.0,0.0,-39.8480441,0.1021844126,0.0,1071.47846,-1.02741282,-765.341944,0.0,0.0
278.0,0.0,1066.53835,-0.0283387408,-0.0283387408,-0.00316508961,-0.00316508961,-0.00193238661,-0.00193238661,-761.81328,-199.63264,-0.0152224031,15.9260735,0.00121439857,25.3423856,0.00193241196,-2.56668e-07,0.0,0.0,-39.6643222,0.1019520136,0.0,1066.53835,-1.02267558,-761.81328,0.0,0.0
278.5,0.0,1061.60939,-0.0282745867,-0.0282745867,-0.00314333031,-0.00314333031,-0.00191646325,-0.00191646325,-758.292625,-199.63264,-0.0151420538,15.8524727,0.00120240595,25.266926,0.00191648842,-2.56668e-07,0.0,0.0,-39.4810165,0.1017212103,0.0,1061.60939,-1.01794914,-758.292625,0.0,0.0
279.0,0.0,1056.69163,-0.0282108734,-0.0282108734,-0.00312171884,-0.00312171884,-0.00190067245,-0.00190067245,-754.779912,-199.63264,-0.0150623204,15.7790377,0.00119053377,25.1913879,0.00190069738,-2.56668e-07,0.0,0.0,-39.298125,0.1014919935,0.0,1056.69163,-1.01323337,-754.779912,0.0,0.0
279.5,0.0,1051.78489,-0.0281475988,-0.0281475988,-0.00310025387,-0.00310025387,-0.00188501268,-0.00188501268,-751.275096,-199.63264,-0.01498319625,15.70576805,0.00117878057,25.1157701,0.00188503746,-2.56668e-07,0.0,0.0,-39.1156447,0.1012643525,0.0,1051.78489,-1.0085282,-751.275096,0.0,0.0
280.0,0.0,1046.88915,-0.0280847581,-0.0280847581,-0.00307893393,-0.00307893393,-0.00186948265,-0.00186948265,-747.778128,-199.63264,-0.01490467585,15.63266245,0.00116714495,25.0400731,0.00186950721,-2.56668e-07,0.0,0.0,-38.9335724,0.1010382794,0.0,1046.88915,-1.00383356,-747.778128,0.0,0.0
280.5,0.0,1042.00429,-0.0280223503,-0.0280223503,-0.00305775756,-0.00305775756,-0.0018540809,-0.0018540809,-744.288961,-199.63264,-0.01482675315,15.559719,0.00115562552,24.9642955,0.00185410521,-2.56668e-07,0.0,0.0,-38.751906,0.1008137589,0.0,1042.00429,-0.999149378,-744.288961,0.0,0.0
281.0,0.0,1037.13029,-0.0279603716,-0.0279603716,-0.00303672342,-0.00303672342,-0.00183880603,-0.00183880603,-740.807513,-199.63264,-0.0147494217,15.4869378,0.00114422089,24.8884365,0.00183883018,-2.56668e-07,0.0,0.0,-38.5706426,0.1005907818,0.0,1037.13029,-0.994475607,-740.807513,0.0,0.0
281.5,0.0,1032.26702,-0.0278988193,-0.0278988193,-0.00301582998,-0.00301582998,-0.00182365677,-0.00182365677,-737.333773,-199.63264,-0.01467267655,15.4143174,0.00113292969,24.8124959,0.00182368069,-2.56668e-07,0.0,0.0,-38.3897788,0.1003693363,0.0,1032.26702,-0.989812135,-737.333773,0.0,0.0
282.0,0.0,1027.41442,-0.02783769,-0.02783769,-0.00299507601,-0.00299507601,-0.00180863172,-0.00180863172,-733.867632,-199.63264,-0.0145965116,15.3418562,0.00112175059,24.7364724,0.00180865549,-2.56668e-07,0.0,0.0,-38.2093126,0.1001494202,0.0,1027.41442,-0.985158895,-733.867632,0.0,0.0
282.5,0.0,1022.572459,-0.0277769816,-0.0277769816,-0.00297445995,-0.00297445995,-0.00179372962,-0.00179372962,-730.409072,-199.63264,-0.01452092115,15.2695535,0.00111068222,24.6603649,0.00179375314,-2.56668e-07,0.0,0.0,-38.0292412,0.0999310113,0.0,1022.572459,-0.980515842,-730.409072,0.0,0.0
283.0,0.0,1017.741028,-0.0277166912,-0.0277166912,-0.00295398066,-0.00295398066,-0.0017789491,-0.0017789491,-726.958034,-199.63264,-0.0144458997,15.1974082,0.00109972334,24.5841732,0.00177897245,-2.56668e-07,0.0,0.0,-37.8495605,0.0997141109,0.0,1017.741028,-0.975882883,-726.958034,0.0,0.0
283.5,0.0,1012.920048,-0.0276568157,-0.0276568157,-0.00293363669,-0.00293363669,-0.0017642889,-0.0017642889,-723.514487,-199.63264,-0.0143714419,15.1254189,0.00108887261,24.5078975,0.00176431204,-2.56668e-07,0.0,0.0,-37.6702695,0.0994987022,0.0,1012.920048,-0.97125998,-723.514487,0.0,0.0
284.0,0.0,1008.109455,-0.0275973528,-0.0275973528,-0.00291342676,-0.00291342676,-0.00174974776,-0.00174974776,-720.078357,-199.63264,-0.01429754205,15.0535849,0.00107812875,24.4315352,0.00174977074,-2.56668e-07,0.0,0.0,-37.4913643,0.099284777,0.0,1008.109455,-0.966647026,-720.078357,0.0,0.0
284.5,0.0,1003.309187,-0.0275383001,-0.0275383001,-0.00289334952,-0.00289334952,-0.00173532442,-0.00173532442,-716.649576,-199.63264,-0.0142241945,14.9819049,0.00106749055,24.3550865,0.0017353472,-2.56668e-07,0.0,0.0,-37.3128434,0.0990723248,0.0,1003.309187,-0.962043976,-716.649576,0.0,0.0
285.0,0.0,998.519176,-0.0274796537,-0.0274796537,-0.00287340368,-0.00287340368,-0.00172101764,-0.00172101764,-713.228138,-199.63264,-0.0141513947,14.9103777,0.00105695676,24.2785506,0.00172104022,-2.56668e-07,0.0,0.0,-37.1347043,0.0988613366,0.0,998.519176,-0.957450761,-713.228138,0.0,0.0
285.5,0.0,993.739321,-0.0274214115,-0.0274214115,-0.002853588,-0.002853588,-0.00170682613,-0.00170682613,-709.81395,-199.63264,-0.0140791366,14.8390029,0.00104652613,24.2019269,0.00170684856,-2.56668e-07,0.0,0.0,-36.9569416,0.0986518051,0.0,993.739321,-0.952867297,-709.81395,0.0,0.0
286.0,0.0,988.969576,-0.0273635715,-0.0273635715,-0.00283390112,-0.00283390112,-0.0016927488,-0.0016927488,-706.407011,-199.63264,-0.0140074155,14.7677787,0.00103619743,24.1252145,0.00169277104,-2.56668e-07,0.0,0.0,-36.7795571,0.0984437166,0.0,988.969576,-0.948293535,-706.407011,0.0,0.0
286.5,0.0,984.209874,-0.0273061301,-0.0273061301,-0.00281434186,-0.00281434186,-0.00167878436,-0.00167878436,-703.007217,-199.63264,-0.01393622605,14.6967046,0.00102596954,24.048413,0.0016788064,-2.56668e-07,0.0,0.0,-36.602545,0.0982370645,0.0,984.209874,-0.943729397,-703.007217,0.0,0.0
287.0,0.0,979.460148,-0.0272490852,-0.0272490852,-0.00279490904,-0.00279490904,-0.00166493166,-0.00166493166,-699.614545,-199.63264,-0.01386556305,14.62577915,0.00101584125,23.9715202,0.00166495352,-2.56668e-07,0.0,0.0,-36.4259026,0.0980318406,0.0,979.460148,-0.939174814,-699.614545,0.0,0.0
287.5,0.0,974.720311,-0.0271924348,-0.0271924348,-0.00277560135,-0.00277560135,-0.0016511895,-0.0016511895,-696.228952,-199.63264,-0.01379542185,14.5550015,0.00100581144,23.8945371,0.00165121119,-2.56668e-07,0.0,0.0,-36.2496291,0.097828033,0.0,974.720311,-0.934629736,-696.228952,0.0,0.0
288.0,0.0,969.990304,-0.0271361756,-0.0271361756,-0.00275641759,-0.00275641759,-0.00163755673,-0.00163755673,-692.850383,-199.63264,-0.0137257969,14.48437065,0.00099587888,23.8174618,0.0016375783,-2.56668e-07,0.0,0.0,-36.0737218,0.0976256329,0.0,969.990304,-0.930094069,-692.850383,0.0,0.0
288.5,0.0,965.270061,-0.0270803104,-0.0270803104,-0.00273735698,-0.00273735698,-0.00162335263,-0.00162335263,-689.478767,-199.63264,-0.01365098295,14.41388555,0.00098563127,23.7402946,0.00162337609,-2.56668e-07,0.0,0.0,-35.8981761,0.0974246492,0.0,965.270061,-0.925567777,-689.478767,0.0,0.0
289.0,0.0,960.559515,-0.0270248362,-0.0270248362,-0.00271841852,-0.00271841852,-0.00160865252,-0.00160865252,-686.114088,-199.63264,-0.0135715354,14.3435456,0.000975113033,23.6630334,0.00160867574,-2.56668e-07,0.0,0.0,-35.7229922,0.0972250755,0.0,960.559515,-0.921050771,-686.114088,0.0,0.0
289.5,0.0,955.858587,-0.0269697461,-0.0269697461,-0.00269960035,-0.00269960035,-0.00159407879,-0.00159407879,-682.75628,-199.63264,-0.0134926911,14.27334885,0.000964703646,23.585678,0.00159410184,-2.56668e-07,0.0,0.0,-35.5481658,0.0970268813,0.0,955.858587,-0.916543016,-682.75628,0.0,0.0
290.0,0.0,951.167219,-0.026915037,-0.026915037,-0.00268090136,-0.00268090136,-0.00157963019,-0.00157963019,-679.405297,-199.63264,-0.01341444415,14.2032952,0.000954401834,23.5082278,0.001579653,-2.56668e-07,0.0,0.0,-35.3736959,0.096830059,0.0,951.167219,-0.912044424,-679.405297,0.0,0.0
290.5,0.0,946.485345,-0.0268607072,-0.0268607072,-0.00266232035,-0.00266232035,-0.00156530532,-0.00156530532,-676.061108,-199.63264,-0.013336789,14.1333831,0.000944206278,23.4306816,0.00156532795,-2.56668e-07,0.0,0.0,-35.1995782,0.0966345991,0.0,946.485345,-0.90755495,-676.061108,0.0,0.0
291.0,0.0,941.812895,-0.0268067541,-0.0268067541,-0.00264385625,-0.00264385625,-0.00155110293,-0.00155110293,-672.723655,-199.63264,-0.01325972,14.06361215,0.000934115754,23.3530399,0.00155112532,-2.56668e-07,0.0,0.0,-35.0258106,0.0964404949,0.0,941.812895,-0.903074504,-672.723655,0.0,0.0
291.5,0.0,937.14981,-0.0267531751,-0.0267531751,-0.00262550789,-0.00262550789,-0.00153702166,-0.00153702166,-669.392881,-199.63264,-0.0131832312,13.9939805,0.000924128999,23.2752994,0.00153704391,-2.56668e-07,0.0,0.0,-34.8523921,0.0962477394,0.0,937.14981,-0.898603041,-669.392881,0.0,0.0
292.0,0.0,932.49602,-0.0266999679,-0.0266999679,-0.00260727415,-0.00260727415,-0.00152306031,-0.00152306031,-666.068738,-199.63264,-0.0131073167,13.9244877,0.000914244806,23.1974613,0.00152308235,-2.56668e-07,0.0,0.0,-34.6793181,0.09605632,0.0,932.49602,-0.894140503,-666.068738,0.0,0.0
292.5,0.0,927.85147,-0.0266471303,-0.0266471303,-0.00258915402,-0.00258915402,-0.00150921759,-0.00150921759,-662.751201,-199.63264,-0.01303197135,13.85513325,0.00090446195,23.1195249,0.00150923946,-2.56668e-07,0.0,0.0,-34.5065882,0.0958662309,0.0,927.85147,-0.889686815,-662.751201,0.0,0.0
293.0,0.0,923.216088,-0.0265946598,-0.0265946598,-0.00257114628,-0.00257114628,-0.00149549226,-0.00149549226,-659.440216,-199.63264,-0.0129571894,13.78591545,0.000894779214,23.0414875,0.00149551394,-2.56668e-07,0.0,0.0,-34.3341985,0.0956774621,0.0,923.216088,-0.885241913,-659.440216,0.0,0.0
293.5,0.0,918.589815,-0.0265425553,-0.0265425553,-0.00255324991,-0.00255324991,-0.00148188306,-0.00148188306,-656.135734,-199.63264,-0.0128829655,13.7168334,0.000885195448,22.963351,0.00148190457,-2.56668e-07,0.0,0.0,-34.1621488,0.0954900076,0.0,918.589815,-0.880805752,-656.135734,0.0,0.0
294.0,0.0,913.97257,-0.0264908126,-0.0264908126,-0.00253546382,-0.00253546382,-0.00146838884,-0.00146838884,-652.837683,-199.63264,-0.01280929415,13.6478865,0.000875709525,22.8851115,0.00146841016,-2.56668e-07,0.0,0.0,-33.9904345,0.0953038599,0.0,913.97257,-0.876378259,-652.837683,0.0,0.0
294.5,0.0,909.364307,-0.0264394308,-0.0264394308,-0.00251778698,-0.00251778698,-0.00145500832,-0.00145500832,-649.546081,-199.63264,-0.01273617005,13.5790739,0.000866320263,22.8067707,0.00145502948,-2.56668e-07,0.0,0.0,-33.8190547,0.0951190069,0.0,909.364307,-0.871959401,-649.546081,0.0,0.0
295.0,0.0,904.764959,-0.0263884074,-0.0263884074,-0.00250021829,-0.00250021829,-0.00144174038,-0.00144174038,-646.260832,-199.63264,-0.0126635876,13.51039405,0.000857026514,22.728327,0.00144176137,-2.56668e-07,0.0,0.0,-33.6480058,0.0949354445,0.0,904.764959,-0.867549066,-646.260832,0.0,0.0
295.5,0.0,900.174478,-0.0263377405,-0.0263377405,-0.0024827568,-0.0024827568,-0.00142858383,-0.00142858383,-642.981911,-199.63264,-0.0125915422,13.44184645,0.000847827194,22.6497792,0.0014286046,-2.56668e-07,0.0,0.0,-33.4772863,0.0947531611,0.0,900.174478,-0.863147237,-642.981911,0.0,0.0
296.0,0.0,895.592776,-0.0262874274,-0.0262874274,-0.00246540138,-0.00246540138,-0.00141553748,-0.00141553748,-639.709258,-199.63264,-0.0125200283,13.37343025,0.000838721171,22.5711265,0.0014155581,-2.56668e-07,0.0,0.0,-33.3068942,0.094572152,0.0,895.592776,-0.858753838,-639.709258,0.0,0.0
296.5,0.0,891.019791,-0.0262374658,-0.0262374658,-0.00244815106,-0.00244815106,-0.00140260025,-0.00140260025,-636.44286,-199.63264,-0.01244904085,13.3051446,0.000829707421,22.492369,0.00140262068,-2.56668e-07,0.0,0.0,-33.1368267,0.09439241,0.0,891.019791,-0.854368797,-636.44286,0.0,0.0
297.0,0.0,886.455506,-0.0261878544,-0.0261878544,-0.00243100487,-0.00243100487,-0.00138977097,-0.00138977097,-633.182652,-199.63264,-0.0123785748,13.2369882,0.000820784798,22.4135046,0.00138979122,-2.56668e-07,0.0,0.0,-32.967082,0.0942139265,0.0,886.455506,-0.849992116,-633.182652,0.0,0.0
297.5,0.0,881.899826,-0.0261385904,-0.0261385904,-0.00241396165,-0.00241396165,-0.0013770485,-0.0013770485,-629.928576,-199.63264,-0.0123086252,13.1689605,0.000811952297,22.334533,0.00137706859,-2.56668e-07,0.0,0.0,-32.797656,0.0940366931,0.0,881.899826,-0.845623658,-629.928576,0.0,0.0
298.0,0.0,877.352675,-0.0260896719,-0.0260896719,-0.00239702063,-0.00239702063,-0.00136443178,-0.00136443178,-626.680613,-199.63264,-0.01223918705,13.1010601,0.000803208873,22.2554537,0.00136445172,-2.56668e-07,0.0,0.0,-32.6285481,0.0938607025,0.0,877.352675,-0.841263383,-626.680613,0.0,0.0
298.5,0.0,872.81401,-0.0260410966,-0.0260410966,-0.00238018074,-0.00238018074,-0.00135191972,-0.00135191972,-623.438718,-199.63264,-0.0121702552,13.0332867,0.00079455347,22.1762649,0.00135193947,-2.56668e-07,0.0,0.0,-32.4597567,0.0936859475,0.0,872.81401,-0.836911287,-623.438718,0.0,0.0
299.0,0.0,868.283773,-0.0259928628,-0.0259928628,-0.00236344101,-0.00236344101,-0.0013395112,-0.0013395112,-620.202844,-199.63264,-0.0121018255,12.965639,0.00078598508,22.096967,0.0013395308,-2.56668e-07,0.0,0.0,-32.2912787,0.0935124223,0.0,868.283773,-0.832567268,-620.202844,0.0,0.0
299.5,0.0,863.761926,-0.025944969,-0.025944969,-0.00234680048,-0.00234680048,-0.00132720526,-0.00132720526,-616.972931,-199.63264,-0.0120338926,12.89811635,0.00077750273,22.0175584,0.0013272247,-2.56668e-07,0.0,0.0,-32.1231114,0.0933401152,0.0,863.761926,-0.828231248,-616.972931,0.0,0.0
300.0,0.0,859.248381,-0.025897412,-0.025897412,-0.00233025821,-0.00233025821,-0.00131500069,-0.00131500069,-613.748979,-199.63264,-0.0119664523,12.8307181,0.000769105409,21.9380375,0.00131501997,-2.56668e-07,0.0,0.0,-31.9552544,0.0931690231,0.0,859.248381,-0.823903227,-613.748979,0.0,0.0
300.5,0.0,854.743074,-0.0258501905,-0.0258501905,-0.00231381326,-0.00231381326,-0.00130289661,-0.00130289661,-610.53091,-199.63264,-0.0118994993,12.7634428,0.000760792126,21.8584047,0.00130291573,-2.56668e-07,0.0,0.0,-31.7877031,0.0929991389,0.0,854.743074,-0.819583115,-610.53091,0.0,0.0
301.0,0.0,850.245974,-0.0258033028,-0.0258033028,-0.00229746472,-0.00229746472,-0.0012908919,-0.0012908919,-607.318704,-199.63264,-0.01183302935,12.6962895,0.000752561959,21.7786589,0.00129091086,-2.56668e-07,0.0,0.0,-31.6204568,0.0928304536,0.0,850.245974,-0.815270858,-607.318704,0.0,0.0
301.5,0.0,845.757011,-0.0257567458,-0.0257567458,-0.00228121153,-0.00228121153,-0.00127898558,-0.00127898558,-604.112278,-199.63264,-0.0117670379,12.62925835,0.00074441394,21.6987995,0.0012790044,-2.56668e-07,0.0,0.0,-31.4535134,0.0926629606,0.0,845.757011,-0.810966402,-604.112278,0.0,0.0
302.0,0.0,841.276118,-0.0257105191,-0.0257105191,-0.002265053,-0.002265053,-0.00126717664,-0.00126717664,-600.91164,-199.63264,-0.01170152065,12.56234745,0.000736347134,21.6188247,0.00126719531,-2.56668e-07,0.0,0.0,-31.2868699,0.0924966531,0.0,841.276118,-0.806669709,-600.91164,0.0,0.0
302.5,0.0,836.803244,-0.0256646197,-0.0256646197,-0.00224898808,-0.00224898808,-0.0012554641,-0.0012554641,-597.716726,-199.63264,-0.01163647255,12.4955563,0.000728360614,21.538734,0.00125548261,-2.56668e-07,0.0,0.0,-31.1205249,0.092331525,0.0,836.803244,-0.802380676,-597.716726,0.0,0.0
303.0,0.0,832.338346,-0.0256190463,-0.0256190463,-0.00223301593,-0.00223301593,-0.00124384697,-0.00124384697,-594.527527,-199.63264,-0.0115718897,12.4288842,0.000720453471,21.4585262,0.00124386535,-2.56668e-07,0.0,0.0,-30.9544763,0.092167567,0.0,832.338346,-0.79809932,-594.527527,0.0,0.0
303.5,0.0,827.881343,-0.0255737964,-0.0255737964,-0.00221713565,-0.00221713565,-0.0012323243,-0.0012323243,-591.343952,-199.63264,-0.01150776755,12.3623301,0.000712624804,21.3782017,0.00123234253,-2.56668e-07,0.0,0.0,-30.7887211,0.0920047759,0.0,827.881343,-0.793825509,-591.343952,0.0,0.0
304.0,0.0,823.432211,-0.0255288695,-0.0255288695,-0.00220134636,-0.00220134636,-0.00122089513,-0.00122089513,-588.165978,-199.63264,-0.01144410175,12.2958933,0.00070487371,21.2977578,0.00122091321,-2.56668e-07,0.0,0.0,-30.6232583,0.0918431443,0.0,823.432211,-0.789559274,-588.165978,0.0,0.0
304.5,0.0,818.990849,-0.0254842614,-0.0254842614,-0.0021856472,-0.0021856472,-0.00120955849,-0.00120955849,-584.993592,-199.63264,-0.0113808881,12.22957295,0.000697199335,21.2171948,0.00120957643,-2.56668e-07,0.0,0.0,-30.4580859,0.0916826639,0.0,818.990849,-0.785300494,-584.993592,0.0,0.0
305.0,0.0,814.557238,-0.0254399726,-0.0254399726,-0.00217003727,-0.00217003727,-0.00119831351,-0.00119831351,-581.826716,-199.63264,-0.0113180437,12.163368,0.000689596004,21.1366585,0.00119833125,-2.56668e-07,0.0,0.0,-30.2932005,0.0915233266,0.0,814.557238,-0.781049144,-581.826716,0.0,0.0
305.5,0.0,810.131315,-0.0253960055,-0.0253960055,-0.00215451628,-0.00215451628,-0.00118715943,-0.00118715943,-578.665346,-199.63264,-0.0112493687,12.09727795,0.000681687773,21.0677539,0.00118717708,-2.56668e-07,0.0,0.0,-30.128601,0.0913651515,0.0,810.131315,-0.776805142,-578.665346,0.0,0.0
306.0,0.0,805.713008,-0.0253523571,-0.0253523571,-0.00213908321,-0.00213908321,-0.00117609539,-0.00117609539,-575.509425,-199.63264,-0.01117729395,12.0313015,0.00067362624,21.0059926,0.00117611283,-2.56668e-07,0.0,0.0,-29.9642856,0.0912081196,0.0,805.713008,-0.772568455,-575.509425,0.0,0.0
306.5,0.0,801.302276,-0.0253090214,-0.0253090214,-0.00212373678,-0.00212373678,-0.00116512017,-0.00116512017,-572.358899,-199.63264,-0.01110575095,11.9654386,0.000665650475,20.9440241,0.00116513748,-2.56668e-07,0.0,0.0,-29.800252,0.0910522154,0.0,801.302276,-0.76833906,-572.358899,0.0,0.0
307.0,0.0,796.89908,-0.0252659966,-0.0252659966,-0.0021084763,-0.0021084763,-0.00115423294,-0.00115423294,-569.213741,-199.63264,-0.01103473505,11.89968755,0.000657759579,20.8818462,0.00115425012,-2.56668e-07,0.0,0.0,-29.6364971,0.090897427,0.0,796.89908,-0.764116839,-569.213741,0.0,0.0
307.5,0.0,792.503332,-0.0252232816,-0.0252232816,-0.00209330082,-0.00209330082,-0.00114343282,-0.00114343282,-566.073941,-199.63264,-0.0109642408,11.8340482,0.0006499525,20.8194582,0.00114344989,-2.56668e-07,0.0,0.0,-29.4730205,0.0907437542,0.0,792.503332,-0.759901823,-566.073941,0.0,0.0
308.0,0.0,788.114984,-0.025180874,-0.025180874,-0.0020782096,-0.0020782096,-0.00113271892,-0.00113271892,-562.939407,-199.63264,-0.0108942639,11.76851935,0.000642228288,20.7568584,0.00113273584,-2.56668e-07,0.0,0.0,-29.3098196,0.090591187,0.0,788.114984,-0.75569389,-562.939407,0.0,0.0
308.5,0.0,783.734024,-0.0251387726,-0.0251387726,-0.00206320187,-0.00206320187,-0.00112209042,-0.00112209042,-559.810142,-199.63264,-0.0108247988,11.7031006,0.000634586008,20.6940446,0.0011221072,-2.56668e-07,0.0,0.0,-29.1468924,0.0904397224,0.0,783.734024,-0.751493028,-559.810142,0.0,0.0
309.0,0.0,779.360349,-0.0250969754,-0.0250969754,-0.00204827678,-0.00204827678,-0.00111154644,-0.00111154644,-556.686094,-199.63264,-0.01075584095,11.6377907,0.000627024694,20.6310157,0.00111156311,-2.56668e-07,0.0,0.0,-28.9842362,0.0902893504,0.0,779.360349,-0.747299171,-556.686094,0.0,0.0
309.5,0.0,774.99393,-0.0250554806,-0.0250554806,-0.00203343356,-0.00203343356,-0.00110108617,-0.00110108617,-553.56721,-199.63264,-0.0106873856,11.57258915,0.00061954342,20.5677698,0.0011011027,-2.56668e-07,0.0,0.0,-28.8218501,0.0901400688,0.0,774.99393,-0.743112242,-553.56721,0.0,0.0
310.0,0.0,770.634706,-0.0250142871,-0.0250142871,-0.00201867144,-0.00201867144,-0.00109070876,-0.00109070876,-550.453479,-199.63264,-0.0106194279,11.5074953,0.000612141246,20.5043055,0.00109072515,-2.56668e-07,0.0,0.0,-28.6597317,0.0899918705,0.0,770.634706,-0.738932249,-550.453479,0.0,0.0
310.5,0.0,766.282631,-0.0249733925,-0.0249733925,-0.0020039897,-0.0020039897,-0.00108041342,-0.00108041342,-547.344853,-199.63264,-0.01055196305,11.442508,0.000604817319,20.4406214,0.00108042967,-2.56668e-07,0.0,0.0,-28.4978795,0.089844747,0.0,766.282631,-0.734759097,-547.344853,0.0,0.0
311.0,0.0,761.937675,-0.0249327958,-0.0249327958,-0.00198938744,-0.00198938744,-0.00107019929,-0.00107019929,-544.241317,-199.63264,-0.0104849865,11.37762675,0.000597570696,20.3767154,0.00107021544,-2.56668e-07,0.0,0.0,-28.33629,0.0896986966,0.0,761.937675,-0.730592765,-544.241317,0.0,0.0
311.5,0.0,757.599736,-0.0248924954,-0.0248924954,-0.001974864,-0.001974864,-0.00106006559,-0.00106006559,-541.142784,-199.63264,-0.01041849375,11.31285035,0.000590400506,20.3125857,0.0010600816,-2.56668e-07,0.0,0.0,-28.1749634,0.0895537086,0.0,757.599736,-0.726433172,-541.142784,0.0,0.0
312.0,0.0,753.268773,-0.0248524893,-0.0248524893,-0.00196041861,-0.00196041861,-0.00105001157,-0.00105001157,-538.049241,-199.63264,-0.01035248,11.2481788,0.00058330588,20.2482308,0.00105002747,-2.56668e-07,0.0,0.0,-28.0138966,0.0894097808,0.0,753.268773,-0.722280289,-538.049241,0.0,0.0
312.5,0.0,748.944781,-0.0248127763,-0.0248127763,-0.00194605052,-0.00194605052,-0.00104003639,-0.00104003639,-534.960674,-199.63264,-0.0102869414,11.18361045,0.000576285971,20.1836497,0.00104005218,-2.56668e-07,0.0,0.0,-27.8530881,0.0892669106,0.0,748.944781,-0.718134068,-534.960674,0.0,0.0
313.0,0.0,744.627673,-0.0247733548,-0.0247733548,-0.00193175896,-0.00193175896,-0.00103013932,-0.00103013932,-531.877037,-199.63264,-0.0102218725,11.1191452,0.0005693399,20.1188398,0.00103015495,-2.56668e-07,0.0,0.0,-27.6925356,0.0891250845,0.0,744.627673,-0.713994456,-531.877037,0.0,0.0
313.5,0.0,740.317393,-0.0247342227,-0.0247342227,-0.00191754324,-0.00191754324,-0.00102031955,-0.00102031955,-528.798252,-199.63264,-0.0101572693,11.0547821,0.000562466841,20.0537993,0.00102033507,-2.56668e-07,0.0,0.0,-27.5322374,0.0889843044,0.0,740.317393,-0.709861387,-528.798252,0.0,0.0
314.0,0.0,736.013922,-0.0246953786,-0.0246953786,-0.00190340261,-0.00190340261,-0.00101057638,-0.00101057638,-525.724341,-199.63264,-0.010093128,10.99052045,0.000555665989,19.9885269,0.0010105918,-2.56668e-07,0.0,0.0,-27.3721917,0.0888445598,0.0,736.013922,-0.705734849,-525.724341,0.0,0.0
314.5,0.0,731.717161,-0.0246568217,-0.0246568217,-0.00188933637,-0.00188933637,-0.00100090904,-0.00100090904,-522.655232,-199.63264,-0.0100294442,10.9263592,0.000548936501,19.9230205,0.00100092432,-2.56668e-07,0.0,0.0,-27.2123966,0.0887058445,0.0,731.717161,-0.701614778,-522.655232,0.0,0.0
315.0,0.0,727.42711,-0.0246185503,-0.0246185503,-0.00187534383,-0.00187534383,-0.00099131677,-0.00099131677,-519.590901,-199.63264,-0.0099662128,10.8622982,0.000542277578,19.8572791,0.00099133194,-2.56668e-07,0.0,0.0,-27.0528502,0.0885681588,0.0,727.42711,-0.697501095,-519.590901,0.0,0.0
315.5,0.0,723.14367,-0.0245805629,-0.0245805629,-0.00186142422,-0.00186142422,-0.00098179886,-0.00098179886,-516.531306,-199.63264,-0.0099034304,10.79833595,0.00053568843,19.7913004,0.00098181387,-2.56668e-07,0.0,0.0,-26.8935509,0.0884314916,0.0,723.14367,-0.693393811,-516.531306,0.0,0.0
316.0,0.0,718.866863,-0.0245428569,-0.0245428569,-0.00184757689,-0.00184757689,-0.000972354584,-0.000972354584,-513.476437,-199.63264,-0.0098410923,10.7344721,0.000529168253,19.7250824,0.000972369515,-2.56668e-07,0.0,0.0,-26.7344968,0.0882958419,0.0,718.866863,-0.689292828,-513.476437,0.0,0.0
316.5,0.0,714.596575,-0.0245054325,-0.0245054325,-0.00183380117,-0.00183380117,-0.000962983227,-0.000962983227,-510.426225,-199.63264,-0.0097791951,10.6707063,0.000522716314,19.6586231,0.000962998039,-2.56668e-07,0.0,0.0,-26.5756854,0.0881612043,0.0,714.596575,-0.685198129,-510.426225,0.0,0.0
317.0,0.0,710.332777,-0.0244682868,-0.0244682868,-0.00182009632,-0.00182009632,-0.000953684088,-0.000953684088,-507.380658,-199.63264,-0.0097177338,10.6070372,0.000516331807,19.5919212,0.000953698784,-2.56668e-07,0.0,0.0,-26.417116,0.0880275661,0.0,710.332777,-0.68110964,-507.380658,0.0,0.0
317.5,0.0,706.075441,-0.0244314197,-0.0244314197,-0.00180646165,-0.00180646165,-0.000944456479,-0.000944456479,-504.339697,-199.63264,-0.0096567051,10.5434643,0.000510013994,19.5249744,0.000944471065,-2.56668e-07,0.0,0.0,-26.258786,0.0878949305,0.0,706.075441,-0.677027353,-504.339697,0.0,0.0
318.0,0.0,701.824457,-0.024394829,-0.024394829,-0.00179289652,-0.00179289652,-0.000935299694,-0.000935299694,-501.303294,-199.63264,-0.0095961048,10.47998675,0.000503762138,19.4577811,0.000935314159,-2.56668e-07,0.0,0.0,-26.1006942,0.0877632914,0.0,701.824457,-0.672951204,-501.303294,0.0,0.0
318.5,0.0,697.579865,-0.0243585126,-0.0243585126,-0.00177940028,-0.00177940028,-0.000926213061,-0.000926213061,-498.271434,-199.63264,-0.00953592865,10.4166044,0.000497575486,19.3903393,0.000926227422,-2.56668e-07,0.0,0.0,-25.9428379,0.08763264,0.0,697.579865,-0.668881115,-498.271434,0.0,0.0
319.0,0.0,693.341545,-0.0243224712,-0.0243224712,-0.00176597222,-0.00176597222,-0.000917195898,-0.000917195898,-495.244064,-199.63264,-0.00947617335,10.35331585,0.00049145332,19.3226471,0.000917210139,-2.56668e-07,0.0,0.0,-25.7852166,0.0875029728,0.0,693.341545,-0.664817091,-495.244064,0.0,0.0
319.5,0.0,689.10951,-0.0242867016,-0.0242867016,-0.00175261172,-0.00175261172,-0.000908247535,-0.000908247535,-492.221176,-199.63264,-0.0094168347,10.2901207,0.000485394924,19.2547027,0.00090826168,-2.56668e-07,0.0,0.0,-25.6278271,0.0873742889,0.0,689.10951,-0.660759048,-492.221176,0.0,0.0
320.0,0.0,684.88365,-0.0242512027,-0.0242512027,-0.00173931813,-0.00173931813,-0.000899367332,-0.000899367332,-489.202703,-199.63264,-0.00935790865,10.2270182,0.000479399592,19.1865035,0.000899381375,-2.56668e-07,0.0,0.0,-25.4706689,0.0872465768,0.0,684.88365,-0.656706971,-489.202703,0.0,0.0
320.5,0.0,680.663953,-0.0242159733,-0.0242159733,-0.00172609076,-0.00172609076,-0.000890554631,-0.000890554631,-486.188643,-199.63264,-0.0092993917,10.16400785,0.000473466621,19.1180486,0.000890568555,-2.56668e-07,0.0,0.0,-25.3137393,0.087119837,0.0,680.663953,-0.65266079,-486.188643,0.0,0.0
321.0,0.0,676.450367,-0.0241810135,-0.0241810135,-0.00171292902,-0.00171292902,-0.000881808795,-0.000881808795,-483.178938,-199.63264,-0.00924128045,10.1010884,0.000467595322,19.0493356,0.000881822601,-2.56668e-07,0.0,0.0,-25.1570372,0.0869940631,0.0,676.450367,-0.648620473,-483.178938,0.0,0.0
321.5,0.0,672.242854,-0.0241463199,-0.0241463199,-0.00169983227,-0.00169983227,-0.000873129152,-0.000873129152,-480.173567,-199.63264,-0.00918357055,10.0382597,0.000461785019,18.9803618,0.000873142878,-2.56668e-07,0.0,0.0,-25.0005604,0.0868692462,0.0,672.242854,-0.64458597,-480.173567,0.0,0.0
322.0,0.0,668.041348,-0.0241118916,-0.0241118916,-0.00168679987,-0.00168679987,-0.000864515105,-0.000864515105,-477.172496,-199.63264,-0.00912625885,9.97552085,0.000456035037,18.9111254,0.000864528722,-2.56668e-07,0.0,0.0,-24.8443072,0.0867453897,0.0,668.041348,-0.640557246,-477.172496,0.0,0.0
322.5,0.0,663.84583,-0.0240777281,-0.0240777281,-0.00167383123,-0.00167383123,-0.00085596602,-0.00085596602,-474.175688,-199.63264,-0.0090693414,9.91287115,0.000450344705,18.8416252,0.000855979528,-2.56668e-07,0.0,0.0,-24.6882766,0.0866224801,0.0,663.84583,-0.636534239,-474.175688,0.0,0.0
323.0,0.0,659.656216,-0.0240438275,-0.0240438275,-0.00166092568,-0.00166092568,-0.00084748129,-0.00084748129,-471.183113,-199.63264,-0.0090128147,9.85031,0.000444713382,18.7718585,0.00084749469,-2.56668e-07,0.0,0.0,-24.5324665,0.0865005174,0.0,659.656216,-0.632516927,-471.183113,0.0,0.0
323.5,0.0,655.472497,-0.0240101887,-0.0240101887,-0.00164808263,-0.00164808263,-0.000839060296,-0.000839060296,-468.194736,-199.63264,-0.0089566753,9.7878364,0.000439140415,18.7018231,0.000839073611,-2.56668e-07,0.0,0.0,-24.3768745,0.0863794992,0.0,655.472497,-0.628505256,-468.194736,0.0,0.0
324.0,0.0,651.294608,-0.0239768102,-0.0239768102,-0.00163530148,-0.00163530148,-0.00083070243,-0.00083070243,-465.210527,-199.63264,-0.00890091955,9.72545025,0.000433625166,18.631517,0.000830715654,-2.56668e-07,0.0,0.0,-24.2214996,0.086259417,0.0,651.294608,-0.624499174,-465.210527,0.0,0.0
324.5,0.0,647.122506,-0.0239436914,-0.0239436914,-0.0016225816,-0.0016225816,-0.00082240713,-0.00082240713,-462.230453,-199.63264,-0.0088455444,9.6631504,0.000428166996,18.5609385,0.000822420238,-2.56668e-07,0.0,0.0,-24.0663401,0.0861402668,0.0,647.122506,-0.620498658,-462.230453,0.0,0.0
325.0,0.0,642.956154,-0.0239108372,-0.0239108372,-0.00160992289,-0.00160992289,-0.000813414226,-0.000813414226,-459.254486,-199.63264,-0.00878236485,9.6009363,0.000422372241,18.490085,0.000813429517,-2.56668e-07,0.0,0.0,-23.9113947,0.0860220724,0.0,642.956154,-0.616503609,-459.254486,0.0,0.0
325.5,0.0,638.795508,-0.0238782474,-0.0238782474,-0.00159732478,-0.00159732478,-0.000803824594,-0.000803824594,-456.282593,-199.63264,-0.00871234295,9.53880725,0.000416293224,18.4189545,0.000803839725,-2.56668e-07,0.0,0.0,-23.7566604,0.0859048248,0.0,638.795508,-0.61251406,-456.282593,0.0,0.0
326.0,0.0,634.640505,-0.0238459129,-0.0238459129,-0.00158478613,-0.00158478613,-0.000794319962,-0.000794319962,-453.314732,-199.63264,-0.0086428343,9.47676305,0.00041028583,18.3475439,0.000794334983,-2.56668e-07,0.0,0.0,-23.602137,0.0857884976,0.0,634.640505,-0.608529923,-453.314732,0.0,0.0
326.5,0.0,630.491103,-0.0238138322,-0.0238138322,-0.0015723064,-0.0015723064,-0.000784899577,-0.000784899577,-450.350876,-199.63264,-0.0085738352,9.4148023,0.000404349258,18.2758521,0.000784914471,-2.56668e-07,0.0,0.0,-23.447822,0.0856730835,0.0,630.491103,-0.604551177,-450.350876,0.0,0.0
327.0,0.0,626.347265,-0.0237820045,-0.0237820045,-0.00155988501,-0.00155988501,-0.000775562667,-0.000775562667,-447.390998,-199.63264,-0.0085053402,9.3529241,0.000398482675,18.2038769,0.000775577404,-2.56668e-07,0.0,0.0,-23.2937137,0.0855585794,0.0,626.347265,-0.60057775,-447.390998,0.0,0.0
327.5,0.0,622.208946,-0.023750429,-0.023750429,-0.00154752134,-0.00154752134,-0.000766308448,-0.000766308448,-444.435059,-199.63264,-0.0084373451,9.2911287,0.000392685309,18.1316153,0.000766323045,-2.56668e-07,0.0,0.0,-23.1398108,0.085444983,0.0,622.208946,-0.596609638,-444.435059,0.0,0.0
328.0,0.0,618.07612,-0.0237191042,-0.0237191042,-0.00153521492,-0.00153521492,-0.00075713614,-0.00075713614,-441.483028,-199.63264,-0.0083698452,9.2294154,0.000386956352,18.0590655,0.000757150629,-2.56668e-07,0.0,0.0,-22.9861118,0.0853322866,0.0,618.07612,-0.592646753,-441.483028,0.0,0.0
328.5,0.0,613.948716,-0.0236880288,-0.0236880288,-0.0015229651,-0.0015229651,-0.000748045042,-0.000748045042,-438.53488,-199.63264,-0.008302836,9.16778295,0.000381295046,17.9862246,0.000748059395,-2.56668e-07,0.0,0.0,-22.8326144,0.0852204884,0.0,613.948716,-0.588689107,-438.53488,0.0,0.0
329.0,0.0,609.826695,-0.0236572019,-0.0236572019,-0.00151077136,-0.00151077136,-0.000739034382,-0.000739034382,-435.590585,-199.63264,-0.0082363133,9.106231,0.000375700613,17.9130907,0.000739048618,-2.56668e-07,0.0,0.0,-22.6793176,0.0851095865,0.0,609.826695,-0.584736631,-435.590585,0.0,0.0
329.5,0.0,605.71003,-0.0236266222,-0.0236266222,-0.00149863315,-0.00149863315,-0.000730103428,-0.000730103428,-432.650106,-199.63264,-0.00817027215,9.044759,0.000370172303,17.8396618,0.000730117533,-2.56668e-07,0.0,0.0,-22.5262193,0.084999572,0.0,605.71003,-0.580789256,-432.650106,0.0,0.0
330.0,0.0,601.598664,-0.0235962891,-0.0235962891,-0.00148654995,-0.00148654995,-0.000721251471,-0.000721251471,-429.713414,-199.63264,-0.0081047086,8.9833661,0.000364709363,17.7659354,0.000721265437,-2.56668e-07,0.0,0.0,-22.3733186,0.0848904431,0.0,601.598664,-0.576846992,-429.713414,0.0,0.0
330.5,0.0,597.492556,-0.0235662009,-0.0235662009,-0.00147452112,-0.00147452112,-0.000712477776,-0.000712477776,-426.78049,-199.63264,-0.0080396183,8.9220517,0.000359311055,17.6919089,0.000712491637,-2.56668e-07,0.0,0.0,-22.2206143,0.0847821973,0.0,597.492556,-0.572909756,-426.78049,0.0,0.0
331.0,0.0,593.391687,-0.0235363564,-0.0235363564,-0.00146254626,-0.00146254626,-0.000703781629,-0.000703781629,-423.851284,-199.63264,-0.0079749967,8.8608151,0.000353976657,17.6175796,0.000703795387,-2.56668e-07,0.0,0.0,-22.0681029,0.0846748292,0.0,593.391687,-0.568977526,-423.851284,0.0,0.0
331.5,0.0,589.295959,-0.0235067548,-0.0235067548,-0.00145062474,-0.00145062474,-0.000695162371,-0.000695162371,-420.925775,-199.63264,-0.0079108397,8.7996561,0.000348705448,17.5429457,0.000695175999,-2.56668e-07,0.0,0.0,-21.9157843,0.0845683333,0.0,589.295959,-0.565050277,-420.925775,0.0,0.0
332.0,0.0,585.205391,-0.0234773948,-0.0234773948,-0.00143875602,-0.00143875602,-0.00068661929,-0.00068661929,-418.003935,-199.63264,-0.0078471433,8.7385735,0.000343496712,17.4680032,0.000686632792,-2.56668e-07,0.0,0.0,-21.7636567,0.0844627065,0.0,585.205391,-0.56112793,-418.003935,0.0,0.0
332.5,0.0,581.119891,-0.0234482761,-0.0234482761,-0.00142693962,-0.00142693962,-0.000678151698,-0.000678151698,-415.085727,-199.63264,-0.00778390326,8.6775673,0.000338349765,17.3927514,0.000678165077,-2.56668e-07,0.0,0.0,-21.6117183,0.0843579472,0.0,581.119891,-0.557210469,-415.085727,0.0,0.0
333.0,0.0,577.039468,-0.023419397,-0.023419397,-0.00141517499,-0.00141517499,-0.00066975891,-0.00066975891,-412.171134,-199.63264,-0.00772111522,8.61663605,0.000333263893,17.3171873,0.00066977217,-2.56668e-07,0.0,0.0,-21.4599676,0.08425405,0.0,577.039468,-0.553297871,-412.171134,0.0,0.0
333.5,0.0,572.964047,-0.0233907562,-0.0233907562,-0.00140346167,-0.00140346167,-0.000661440295,-0.000661440295,-409.26011,-199.63264,-0.00765877551,8.5557797,0.00032823844,17.2413082,0.000661453421,-2.56668e-07,0.0,0.0,-21.3084036,0.0841510135,0.0,572.964047,-0.549390062,-409.26011,0.0,0.0
334.0,0.0,568.893569,-0.0233623534,-0.0233623534,-0.00139179907,-0.00139179907,-0.00065319515,-0.00065319515,-406.352637,-199.63264,-0.00759687992,8.4949978,0.000323272702,17.1651113,0.000653208185,-2.56668e-07,0.0,0.0,-21.1570237,0.0840488284,0.0,568.893569,-0.545487009,-406.352637,0.0,0.0
334.5,0.0,564.828048,-0.0233341864,-0.0233341864,-0.00138018669,-0.00138018669,-0.000645022872,-0.000645022872,-403.448676,-199.63264,-0.00753542451,8.43428895,0.00031836604,17.0885941,0.000645035782,-2.56668e-07,0.0,0.0,-21.0058274,0.0839474958,0.0,564.828048,-0.541588705,-403.448676,0.0,0.0
335.0,0.0,560.767394,-0.0233062554,-0.0233062554,-0.00136862409,-0.00136862409,-0.000636922777,-0.000636922777,-400.548212,-199.63264,-0.00747440544,8.3736533,0.000313517783,17.0117539,0.000636935564,-2.56668e-07,0.0,0.0,-20.8548126,0.0838470106,0.0,560.767394,-0.53769505,-400.548212,0.0,0.0
335.5,0.0,556.711574,-0.0232785593,-0.0232785593,-0.00135711069,-0.00135711069,-0.000628894246,-0.000628894246,-397.6512,-199.63264,-0.00741381883,8.3130897,0.000308727285,16.9345879,0.000628906929,-2.56668e-07,0.0,0.0,-20.7039778,0.0837473698,0.0,556.711574,-0.533806059,-397.6512,0.0,0.0
336.0,0.0,552.660567,-0.0232510962,-0.0232510962,-0.00134564602,-0.00134564602,-0.000620936659,-0.000620936659,-394.757621,-199.63264,-0.00735366072,8.2525983,0.000303993906,16.8570943,0.00062094923,-2.56668e-07,0.0,0.0,-20.5533217,0.0836485705,0.0,552.660567,-0.529921675,-394.757621,0.0,0.0
336.5,0.0,548.614315,-0.023223866,-0.023223866,-0.00133422963,-0.00133422963,-0.000613049393,-0.000613049393,-391.867454,-199.63264,-0.0072939274,8.19217795,0.000299317012,16.7792695,0.000613061853,-2.56668e-07,0.0,0.0,-20.4028432,0.0835506031,0.0,548.614315,-0.526041859,-391.867454,0.0,0.0
337.0,0.0,544.57279,-0.023196867,-0.023196867,-0.00132286098,-0.00132286098,-0.000605231822,-0.000605231822,-388.980643,-199.63264,-0.00723461508,8.131828,0.00029469598,16.7011114,0.000605244177,-2.56668e-07,0.0,0.0,-20.2525392,0.0834534725,0.0,544.57279,-0.522166558,-388.980643,0.0,0.0
337.5,0.0,540.535958,-0.0231701034,-0.0231701034,-0.00131153985,-0.00131153985,-0.000597483443,-0.000597483443,-386.097187,-199.63264,-0.00717050747,8.0715476,0.000289919775,16.6347178,0.000597495691,-2.56668e-07,0.0,0.0,-20.1024101,0.0833571887,0.0,540.535958,-0.518295755,-386.097187,0.0,0.0
338.0,0.0,536.503748,-0.0231435784,-0.0231435784,-0.00130026596,-0.00130026596,-0.000589803791,-0.000589803791,-383.217033,-199.63264,-0.00709769901,8.01133698,0.000284835262,16.5893546,0.000589815934,-2.56668e-07,0.0,0.0,-19.9524535,0.0832617589,0.0,536.503748,-0.514429392,-383.217033,0.0,0.0
338.5,0.0,532.476149,-0.0231172818,-0.0231172818,-0.00128903836,-0.00128903836,-0.000582192034,-0.000582192034,-380.340174,-199.63264,-0.00702531882,7.95119461,0.000279814137,16.5439702,0.000582204074,-2.56668e-07,0.0,0.0,-19.8026678,0.0831671548,0.0,532.476149,-0.510567454,-380.340174,0.0,0.0
339.0,0.0,528.453107,-0.0230912125,-0.0230912125,-0.00127785655,-0.00127785655,-0.000574647565,-0.000574647565,-377.466574,-199.63264,-0.0069535179,7.89112057,0.000274861861,16.4981992,0.000574659496,-2.56668e-07,0.0,0.0,-19.6530515,0.0830733645,0.0,528.453107,-0.506709893,-377.466574,0.0,0.0
339.5,0.0,524.434573,-0.02306537,-0.02306537,-0.0012667201,-0.0012667201,-0.00056716983,-0.00056716983,-374.596198,-199.63264,-0.0068822907,7.83111394,0.000269977653,16.452037,0.000567181657,-2.56668e-07,0.0,0.0,-19.5036031,0.0829803948,0.0,524.434573,-0.502856649,-374.596198,0.0,0.0
340.0,0.0,520.420521,-0.0230397533,-0.0230397533,-0.00125562851,-0.00125562851,-0.000559758269,-0.000559758269,-371.729009,-199.63264,-0.0068116327,7.77117417,0.000265160701,16.4054776,0.000559769963,-2.56668e-07,0.0,0.0,-19.3543215,0.0828882359,0.0,520.420521,-0.499007729,-371.729009,0.0,0.0
340.5,0.0,516.410919,-0.0230143615,-0.0230143615,-0.00124458128,-0.00124458128,-0.000552412274,-0.000552412274,-368.865012,-199.63264,-0.00674153871,7.71130084,0.000260410206,16.3585159,0.000552423878,-2.56668e-07,0.0,0.0,-19.2052054,0.0827968845,0.0,516.410919,-0.495163045,-368.865012,0.0,0.0
341.0,0.0,512.405704,-0.0229891937,-0.0229891937,-0.001233578,-0.001233578,-0.000545131323,-0.000545131323,-366.004148,-199.63264,-0.00667200418,7.65149305,0.000255725387,16.3111456,0.000545142818,-2.56668e-07,0.0,0.0,-19.0562527,0.0827063409,0.0,512.405704,-0.491322591,-366.004148,0.0,0.0
341.5,0.0,508.404868,-0.022964249,-0.022964249,-0.00122261825,-0.00122261825,-0.000537914851,-0.000537914851,-363.146411,-199.63264,-0.00660302414,7.59175052,0.000251105476,16.2633615,0.00053792623,-2.56668e-07,0.0,0.0,-18.9074623,0.0826165996,0.0,508.404868,-0.487486324,-363.146411,0.0,0.0
342.0,0.0,504.408359,-0.0229395266,-0.0229395266,-0.00121170149,-0.00121170149,-0.0005307623,-0.0005307623,-360.291752,-199.63264,-0.00653459382,7.53207253,0.000246549713,16.2151573,0.000530773617,-2.56668e-07,0.0,0.0,-18.758833,0.082527658,0.0,504.408359,-0.483654193,-360.291752,0.0,0.0
342.5,0.0,500.416117,-0.0229150253,-0.0229150253,-0.00120082733,-0.00120082733,-0.000523673183,-0.000523673183,-357.440158,-199.63264,-0.00646670868,7.47245871,0.000242057336,16.1665276,0.000523684368,-2.56668e-07,0.0,0.0,-18.6103627,0.0824395119,0.0,500.416117,-0.479826189,-357.440158,0.0,0.0
343.0,0.0,496.428138,-0.0228907451,-0.0228907451,-0.00118999529,-0.00118999529,-0.00051664691,-0.00051664691,-354.591594,-199.63264,-0.00639936406,7.41290818,0.000237627607,16.1174657,0.000516658021,-2.56668e-07,0.0,0.0,-18.4620504,0.0823521591,0.0,496.428138,-0.476002248,-354.591594,0.0,0.0
343.5,0.0,492.444363,-0.0228666839,-0.0228666839,-0.00117920489,-0.00117920489,-0.000509682991,-0.000509682991,-351.746042,-199.63264,-0.0063325552,7.35342044,0.000233259786,16.0679664,0.000509693975,-2.56668e-07,0.0,0.0,-18.3138946,0.0822655977,0.0,492.444363,-0.472182349,-351.746042,0.0,0.0
344.0,0.0,488.464753,-0.0228428422,-0.0228428422,-0.00116845582,-0.00116845582,-0.000502780894,-0.000502780894,-348.903466,-199.63264,-0.00626627785,7.29399499,0.000228953156,16.01802255,0.000502791784,-2.56668e-07,0.0,0.0,-18.1658944,0.0821798214,0.0,488.464753,-0.468366442,-348.903466,0.0,0.0
344.5,0.0,484.489282,-0.0228192176,-0.0228192176,-0.00115774749,-0.00115774749,-0.000495940107,-0.000495940107,-346.06384,-199.63264,-0.00620052759,7.23463134,0.000224706994,15.9676281,0.000495950895,-2.56668e-07,0.0,0.0,-18.0180473,0.082094831,0.0,484.489282,-0.464554507,-346.06384,0.0,0.0
345.0,0.0,480.517909,-0.022795811,-0.022795811,-0.00114707955,-0.00114707955,-0.000489160102,-0.000489160102,-343.227136,-199.63264,-0.00613529953,7.17532881,0.000220520593,15.9167765,0.000489170824,-2.56668e-07,0.0,0.0,-17.8703525,0.0820106229,0.0,480.517909,-0.460746495,-343.227136,0.0,0.0
345.5,0.0,476.550581,-0.0227726199,-0.0227726199,-0.00113645158,-0.00113645158,-0.000482440423,-0.000482440423,-340.393344,-199.63264,-0.00607058991,7.11608672,0.000216393257,15.8654607,0.000482451039,-2.56668e-07,0.0,0.0,-17.7228089,0.081927191,0.0,476.550581,-0.456942384,-340.393344,0.0,0.0
346.0,0.0,472.587289,-0.0227496452,-0.0227496452,-0.00112586308,-0.00112586308,-0.000475780548,-0.000475780548,-337.56241,-199.63264,-0.0060063937,7.05690485,0.000212324295,15.8136744,0.000475791066,-2.56668e-07,0.0,0.0,-17.5754147,0.0818445348,0.0,472.587289,-0.45314212,-337.56241,0.0,0.0
346.5,0.0,468.627962,-0.0227268849,-0.0227268849,-0.00111531368,-0.00111531368,-0.000469179991,-0.000469179991,-334.734326,-199.63264,-0.00594270718,6.99778234,0.000208313026,15.7614107,0.000469190412,-2.56668e-07,0.0,0.0,-17.428168,0.0817626499,0.0,468.627962,-0.44934566,-334.734326,0.0,0.0
347.0,0.0,464.672593,-0.022704339,-0.022704339,-0.00110480294,-0.00110480294,-0.000462638269,-0.000462638269,-331.909056,-199.63264,-0.00587952603,6.9387188,0.000204358777,15.70866225,0.000462648599,-2.56668e-07,0.0,0.0,-17.2810685,0.0816815395,0.0,464.672593,-0.445553005,-331.909056,0.0,0.0
347.5,0.0,460.721126,-0.0226820056,-0.0226820056,-0.00109433046,-0.00109433046,-0.000456154901,-0.000456154901,-329.086573,-199.63264,-0.00581684594,6.87971346,0.000200460886,15.65542195,0.000456165137,-2.56668e-07,0.0,0.0,-17.1341145,0.0816011918,0.0,460.721126,-0.441764087,-329.086573,0.0,0.0
348.0,0.0,456.773522,-0.0226598844,-0.0226598844,-0.00108389582,-0.00108389582,-0.000449729424,-0.000449729424,-326.266865,-199.63264,-0.00575466293,6.82076596,0.000196618693,15.6016827,0.000449739566,-2.56668e-07,0.0,0.0,-16.9873045,0.0815216124,0.0,456.773522,-0.437978882,-326.266865,0.0,0.0
348.5,0.0,452.829761,-0.0226379757,-0.0226379757,-0.00107349854,-0.00107349854,-0.000443361355,-0.000443361355,-323.449893,-199.63264,-0.00569297257,6.76187573,0.000192831551,15.5474367,0.000443371412,-2.56668e-07,0.0,0.0,-16.8406369,0.0814427894,0.0,452.829761,-0.434197359,-323.449893,0.0,0.0
349.0,0.0,448.889795,-0.0226162772,-0.0226162772,-0.00106313829,-0.00106313829,-0.000437050248,-0.000437050248,-320.635626,-199.63264,-0.00563177138,6.70304215,0.00018909882,15.4926763,0.000437060219,-2.56668e-07,0.0,0.0,-16.6941099,0.0813647271,0.0,448.889795,-0.430419474,-320.635626,0.0,0.0
349.5,0.0,444.95358,-0.0225947893,-0.0225947893,-0.00105281464,-0.00105281464,-0.000430795655,-0.000430795655,-317.824045,-199.63264,-0.00557105505,6.64426484,0.000185419865,15.43739365,0.000430805527,-2.56668e-07,0.0,0.0,-16.5477234,0.0812874214,0.0,444.95358,-0.426645193,-317.824045,0.0,0.0
350.0,0.0,441.021098,-0.0225735102,-0.0225735102,-0.00104252717,-0.00104252717,-0.000424597105,-0.000424597105,-315.015127,-199.63264,-0.0055108196,6.5855431,0.000181794063,15.38158125,0.000424606892,-2.56668e-07,0.0,0.0,-16.4014752,0.0812108669,0.0,441.021098,-0.422874482,-315.015127,0.0,0.0
350.5,0.0,437.0923,-0.0225524406,-0.0225524406,-0.00103227548,-0.00103227548,-0.000418454161,-0.000418454161,-312.208849,-199.63264,-0.00545106112,6.52687647,0.0001782208,15.3252308,0.000418463862,-2.56668e-07,0.0,0.0,-16.2553639,0.0811350662,0.0,437.0923,-0.419107311,-312.208849,0.0,0.0
351.0,0.0,433.167162,-0.0225315785,-0.0225315785,-0.00102205921,-0.00102205921,-0.000412366389,-0.000412366389,-309.40517,-199.63264,-0.00539177588,6.46826411,0.00017469946,15.26833365,0.000412376001,-2.56668e-07,0.0,0.0,-16.1093883,0.0810600127,0.0,433.167162,-0.41534364,-309.40517,0.0,0.0
351.5,0.0,429.245622,-0.0225109236,-0.0225109236,-0.00101187791,-0.00101187791,-0.000406333351,-0.000406333351,-306.604076,-199.63264,-0.00533295996,6.40970595,0.000171229449,15.2108821,0.00040634288,-2.56668e-07,0.0,0.0,-15.963548,0.0809857038,0.0,429.245622,-0.411583443,-306.604076,0.0,0.0
352.0,0.0,425.327669,-0.0224904752,-0.0224904752,-0.00100173116,-0.00100173116,-0.000400354625,-0.000400354625,-303.805531,-199.63264,-0.00527460973,6.3512011,0.000167810164,15.1528669,0.00040036407,-2.56668e-07,0.0,0.0,-15.8178401,0.080912139,0.0,425.327669,-0.407826671,-303.805531,0.0,0.0
352.5,0.0,421.413262,-0.0224702333,-0.0224702333,-0.00099161868,-0.00099161868,-0.000394429778,-0.000394429778,-301.009528,-199.63264,-0.00521672122,6.29274917,0.000164441026,15.0942793,0.000394439141,-2.56668e-07,0.0,0.0,-15.672264,0.0808393134,0.0,421.413262,-0.404073292,-301.009528,0.0,0.0
353.0,0.0,417.502352,-0.0224501961,-0.0224501961,-0.00098153995,-0.00098153995,-0.000388558398,-0.000388558398,-298.216026,-199.63264,-0.00515929099,6.23434958,0.000161121444,15.0351104,0.000388567671,-2.56668e-07,0.0,0.0,-15.5268183,0.0807672276,0.0,417.502352,-0.400323284,-298.216026,0.0,0.0
353.5,0.0,413.594922,-0.0224303629,-0.0224303629,-0.000971494669,-0.000971494669,-0.000382740074,-0.000382740074,-295.425001,-199.63264,-0.00510231529,6.17600197,0.000157850849,14.9753515,0.000382749252,-2.56668e-07,0.0,0.0,-15.3815018,0.0806958781,0.0,413.594922,-0.396576598,-295.425001,0.0,0.0
354.0,0.0,409.690926,-0.022410734,-0.022410734,-0.000961482407,-0.000961482407,-0.000376974383,-0.000376974383,-292.636438,-199.63264,-0.00504579066,6.11770562,0.000154628679,14.91499245,0.000376983494,-2.56668e-07,0.0,0.0,-15.2363131,0.0806252601,0.0,409.690926,-0.392833207,-292.636438,0.0,0.0
354.5,0.0,405.790323,-0.0223913082,-0.0223913082,-0.000951502823,-0.000951502823,-0.000371260937,-0.000371260937,-289.850284,-199.63264,-0.00498971322,6.05945998,0.000151454366,14.85402445,0.000371269963,-2.56668e-07,0.0,0.0,-15.0912508,0.0805553726,0.0,405.790323,-0.389093092,-289.850284,0.0,0.0
355.0,0.0,401.893094,-0.022372085,-0.022372085,-0.000941555494,-0.000941555494,-0.000365599338,-0.000365599338,-287.066555,-199.63264,-0.00493407981,6.00126461,0.000148327365,14.79243715,0.000365608272,-2.56668e-07,0.0,0.0,-14.9463136,0.0804862143,0.0,401.893094,-0.385356193,-287.066555,0.0,0.0
355.5,0.0,397.999191,-0.0223530633,-0.0223530633,-0.000931640078,-0.000931640078,-0.000359989176,-0.000359989176,-284.285189,-199.63264,-0.00487888678,5.94311897,0.000145247121,14.7302206,0.000359998037,-2.56668e-07,0.0,0.0,-14.8015001,0.0804177834,0.0,397.999191,-0.381622483,-284.285189,0.0,0.0
356.0,0.0,394.108588,-0.0223342434,-0.0223342434,-0.00092175616,-0.00092175616,-0.000354430076,-0.000354430076,-281.506192,-199.63264,-0.0048241305,5.88502249,0.000142213102,14.66736485,0.000354438858,-2.56668e-07,0.0,0.0,-14.65680925,0.0803500729,0.0,394.108588,-0.37789194,-281.506192,0.0,0.0
356.5,0.0,390.221237,-0.0223156233,-0.0223156233,-0.000911903411,-0.000911903411,-0.000348921658,-0.000348921658,-278.72951,-199.63264,-0.00476980796,5.82697468,0.00013922477,14.6038597,0.000348930348,-2.56668e-07,0.0,0.0,-14.5122399,0.080283086,0.0,390.221237,-0.374164524,-278.72951,0.0,0.0
357.0,0.0,386.337115,-0.0222972035,-0.0222972035,-0.000902081424,-0.000902081424,-0.000343463525,-0.000343463525,-275.955134,-199.63264,-0.00471591538,5.76897504,0.000136281597,14.5396939,0.000343472145,-2.56668e-07,0.0,0.0,-14.36779015,0.080216819,0.0,386.337115,-0.370440198,-275.955134,0.0,0.0
357.5,0.0,382.456187,-0.0222789829,-0.0222789829,-0.000892289862,-0.000892289862,-0.000338055321,-0.000338055321,-273.183038,-199.63264,-0.00466244994,5.711023,0.000133383059,14.47485715,0.000338063862,-2.56668e-07,0.0,0.0,-14.2234589,0.080151269,0.0,382.456187,-0.366718935,-273.183038,0.0,0.0
358.0,0.0,378.578404,-0.0222609611,-0.0222609611,-0.000882528343,-0.000882528343,-0.00033269666,-0.00033269666,-270.413195,-199.63264,-0.00460940794,5.65311809,0.000130528651,14.40933805,0.000332705125,-2.56668e-07,0.0,0.0,-14.0792452,0.0800864325,0.0,378.578404,-0.363000691,-270.413195,0.0,0.0
358.5,0.0,374.703745,-0.0222431372,-0.0222431372,-0.000872796485,-0.000872796485,-0.000327387191,-0.000327387191,-267.645585,-199.63264,-0.00455678626,5.59525983,0.000127717853,14.3431252,0.000327395575,-2.56668e-07,0.0,0.0,-13.9351476,0.0800223094,0.0,374.703745,-0.359285451,-267.645585,0.0,0.0
359.0,0.0,370.832175,-0.0222255113,-0.0222255113,-0.000863093967,-0.000863093967,-0.000322126543,-0.000322126543,-264.880176,-199.63264,-0.00450458166,5.53744771,0.000124950171,14.27620755,0.000322134848,-2.56668e-07,0.0,0.0,-13.7911648,0.079958896,0.0,370.832175,-0.355573157,-264.880176,0.0,0.0
359.5,0.0,366.963658,-0.0222080817,-0.0222080817,-0.000853420385,-0.000853420385,-0.000316914358,-0.000316914358,-262.116947,-199.63264,-0.00445279118,5.47968113,0.000122225105,14.2085726,0.000316922585,-2.56668e-07,0.0,0.0,-13.64729545,0.0798961916,0.0,366.963658,-0.351863799,-262.116947,0.0,0.0
360.0,0.0,363.098153,-0.0221908485,-0.0221908485,-0.000843775403,-0.000843775403,-0.00031175029,-0.00031175029,-259.355875,-199.63264,-0.00440141143,5.42195952,0.00011954216,14.1402082,0.000311758442,-2.56668e-07,0.0,0.0,-13.5035384,0.0798341941,0.0,363.098153,-0.348157343,-259.355875,0.0,0.0
360.5,0.0,359.23564,-0.0221738112,-0.0221738112,-0.000834158694,-0.000834158694,-0.000306633986,-0.000306633986,-256.596933,-199.63264,-0.00435043933,5.3642825,0.000116900854,14.0711022,0.000306642068,-2.56668e-07,0.0,0.0,-13.35989235,0.0797728992,0.0,359.23564,-0.344453735,-256.596933,0.0,0.0
361.0,0.0,355.376074,-0.0221569696,-0.0221569696,-0.00082456984,-0.00082456984,-0.000301565116,-0.000301565116,-253.840094,-199.63264,-0.00429987188,5.30664952,0.000114300708,14.00124185,0.000301573117,-2.56668e-07,0.0,0.0,-13.2163559,0.0797123088,0.0,355.376074,-0.340752965,-253.840094,0.0,0.0
361.5,0.0,351.519424,-0.0221403216,-0.0221403216,-0.000815008544,-0.000815008544,-0.00029654332,-0.00029654332,-251.085348,-199.63264,-0.00424970611,5.24906021,0.000111741245,13.93061425,0.000296551246,-2.56668e-07,0.0,0.0,-13.0729279,0.0796524151,0.0,351.519424,-0.337054983,-251.085348,0.0,0.0
362.0,0.0,347.665648,-0.0221238681,-0.0221238681,-0.000805474414,-0.000805474414,-0.000291568276,-0.000291568276,-248.332655,-199.63264,-0.00419993905,5.1915138,0.000109221998,13.8592063,0.00029157613,-2.56668e-07,0.0,0.0,-12.92960695,0.0795932223,0.0,347.665648,-0.333359767,-248.332655,0.0,0.0
362.5,0.0,343.814722,-0.0221076081,-0.0221076081,-0.000795967155,-0.000795967155,-0.000286639656,-0.000286639656,-245.581993,-199.63264,-0.00415056745,5.13400984,0.000106742501,13.7870038,0.000286647433,-2.56668e-07,0.0,0.0,-12.7863921,0.0795347258,0.0,343.814722,-0.329667288,-245.581993,0.0,0.0
363.0,0.0,339.96662,-0.022091541,-0.022091541,-0.000786486365,-0.000786486365,-0.000281757125,-0.000281757125,-242.833342,-199.63264,-0.00410158893,5.07654805,0.0001043023,13.7139934,0.000281764828,-2.56668e-07,0.0,0.0,-12.643282,0.0794769234,0.0,339.96662,-0.325977507,-242.833342,0.0,0.0
363.5,0.0,336.121298,-0.0220756664,-0.0220756664,-0.000777031736,-0.000777031736,-0.000276920358,-0.000276920358,-240.086683,-199.63264,-0.00405299996,5.01912778,0.00010190094,13.6401606,0.000276927987,-2.56668e-07,0.0,0.0,-12.5002749,0.0794198112,0.0,336.121298,-0.322290397,-240.086683,0.0,0.0
364.0,0.0,332.278718,-0.0220599843,-0.0220599843,-0.00076760293,-0.00076760293,-0.000272129046,-0.000272129046,-237.341982,-199.63264,-0.00400479818,4.9617485,9.953797e-05,13.5654909,0.000272136606,-2.56668e-07,0.0,0.0,-12.35737035,0.0793633905,0.0,332.278718,-0.318605918,-237.341982,0.0,0.0
364.5,0.0,328.438852,-0.0220444924,-0.0220444924,-0.000758199562,-0.000758199562,-0.000267382863,-0.000267382863,-234.599222,-199.63264,-0.00395698049,4.90440966,9.7212953e-05,13.4899696,0.000267390367,-2.56668e-07,0.0,0.0,-12.21456645,0.0793076588,0.0,328.438852,-0.314924037,-234.599222,0.0,0.0
365.0,0.0,324.601667,-0.0220291922,-0.0220291922,-0.000748821361,-0.000748821361,-0.000262681517,-0.000262681517,-231.858375,-199.63264,-0.00390954436,4.84711089,9.4925449e-05,13.41358105,0.000262688937,-2.56668e-07,0.0,0.0,-12.0718626,0.0792526126,0.0,324.601667,-0.311244732,-231.858375,0.0,0.0
365.5,0.0,320.76713,-0.0220140741,-0.0220140741,-0.000739467665,-0.000739467665,-0.000258673807,-0.000258673807,-229.119418,-199.63264,-0.00387218068,4.78985192,9.290713e-05,13.3363098,0.000258678982,-2.56668e-07,0.0,0.0,-11.9292569,0.0791982206,0.0,320.76713,-0.307567982,-229.119418,0.0,0.0
366.0,0.0,316.935211,-0.0219991348,-0.0219991348,-0.000730138088,-0.000730138088,-0.000255410211,-0.000255410211,-226.382335,-199.63264,-0.00384586977,4.73263173,9.1173512e-05,13.2581397,0.00025541538,-2.56668e-07,0.0,0.0,-11.786749,0.0791444771,0.0,316.935211,-0.303893729,-226.382335,0.0,0.0
366.5,0.0,313.105873,-0.021984386,-0.021984386,-0.00072083269,-0.00072083269,-0.000252155082,-0.000252155082,-223.647097,-199.63264,-0.00381963987,4.67545037,8.9457612e-05,13.17905485,0.000252160234,-2.56668e-07,0.0,0.0,-11.64433665,0.0790914175,0.0,313.105873,-0.300221958,-223.647097,0.0,0.0
367.0,0.0,309.279095,-0.0219698262,-0.0219698262,-0.000711551099,-0.000711551099,-0.000248908283,-0.000248908283,-220.91368,-199.63264,-0.0037934902,4.61830687,8.7759321e-05,13.09903785,0.000248913425,-2.56668e-07,0.0,0.0,-11.5020198,0.0790390374,0.0,309.279095,-0.296552631,-220.91368,0.0,0.0
367.5,0.0,305.454827,-0.0219554551,-0.0219554551,-0.000702293024,-0.000702293024,-0.000245669709,-0.000245669709,-218.182063,-199.63264,-0.00376741981,4.56120112,8.6078517e-05,13.0180722,0.000245674841,-2.56668e-07,0.0,0.0,-11.3597961,0.0789873349,0.0,305.454827,-0.292885716,-218.182063,0.0,0.0
368.0,0.0,301.633051,-0.0219412725,-0.0219412725,-0.00069305809,-0.00069305809,-0.000242439233,-0.000242439233,-215.452221,-199.63264,-0.00374142767,4.50413245,8.4415093e-05,12.93613965,0.000242444352,-2.56668e-07,0.0,0.0,-11.2176651,0.07893631,0.0,301.633051,-0.289221177,-215.452221,0.0,0.0
368.5,0.0,297.813725,-0.0219272773,-0.0219272773,-0.000683846029,-0.000683846029,-0.000239216752,-0.000239216752,-212.724131,-199.63264,-0.00371551301,4.44710035,8.2768931e-05,12.8532223,0.000239221856,-2.56668e-07,0.0,0.0,-11.0756252,0.0788859625,0.0,297.813725,-0.285559004,-212.724131,0.0,0.0
369.0,0.0,293.996819,-0.0219134698,-0.0219134698,-0.000674656472,-0.000674656472,-0.000236002144,-0.000236002144,-209.99777,-199.63264,-0.00368967475,4.39010456,8.113993e-05,12.7693014,0.000236007237,-2.56668e-07,0.0,0.0,-10.9336755,0.0788362885,0.0,293.996819,-0.281899151,-209.99777,0.0,0.0
369.5,0.0,290.182311,-0.0218998488,-0.0218998488,-0.000665489103,-0.000665489103,-0.000232795303,-0.000232795303,-207.273117,-199.63264,-0.00366391211,4.33314433,7.9527978e-05,12.6843586,0.000232800383,-2.56668e-07,0.0,0.0,-10.7918146,0.0787872825,0.0,290.182311,-0.27824159,-207.273117,0.0,0.0
370.0,0.0,286.370147,-0.0218864139,-0.0218864139,-0.000656343612,-0.000656343612,-0.000229596108,-0.000229596108,-204.550147,-199.63264,-0.00363822412,4.27621931,7.7932969e-05,12.5983736,0.000229601174,-2.56668e-07,0.0,0.0,-10.6500409,0.0787389516,0.0,286.370147,-0.27458628,-204.550147,0.0,0.0
370.5,0.0,282.560308,-0.0218731654,-0.0218731654,-0.000647219659,-0.000647219659,-0.00022640445,-0.00022640445,-201.828832,-199.63264,-0.0036126099,4.21932894,7.6354796e-05,12.5113271,0.000226409513,-2.56668e-07,0.0,0.0,-10.5083539,0.0786912881,0.0,282.560308,-0.2709332,-201.828832,0.0,0.0
371.0,0.0,278.752766,-0.0218601023,-0.0218601023,-0.00063811694,-0.00063811694,-0.00022322022,-0.00022322022,-199.109153,-199.63264,-0.0035870686,4.16247277,7.4793353e-05,12.4231982,0.000223225267,-2.56668e-07,0.0,0.0,-10.3667524,0.078644291,0.0,278.752766,-0.26728232,-199.109153,0.0,0.0
371.5,0.0,274.947476,-0.0218472244,-0.0218472244,-0.000629035141,-0.000629035141,-0.00022004331,-0.00022004331,-196.391089,-199.63264,-0.00356159923,4.10565041,7.3248544e-05,12.333966,0.000220048344,-2.56668e-07,0.0,0.0,-10.2252345,0.0785979595,0.0,274.947476,-0.263633608,-196.391089,0.0,0.0
372.0,0.0,271.14441,-0.0218345293,-0.0218345293,-0.000619973886,-0.000619973886,-0.000216873588,-0.000216873588,-193.674614,-199.63264,-0.00353857364,4.04886114,7.1768148e-05,12.2354103,0.000216878608,-2.56668e-07,0.0,0.0,-10.0837994,0.0785522848,0.0,271.14441,-0.259987027,-193.674614,0.0,0.0
372.5,0.0,267.343555,-0.021822002,-0.021822002,-0.000610932463,-0.000610932463,-0.000213710796,-0.000213710796,-190.959712,-199.63264,-0.00353308836,3.9921047,7.0652114e-05,12.0757308,0.000213715807,-2.56668e-07,0.0,0.0,-9.9424461,0.0785072194,0.0,267.343555,-0.256342585,-190.959712,0.0,0.0
373.0,0.0,263.544849,-0.0218096553,-0.0218096553,-0.000601910942,-0.000601910942,-0.000210554972,-0.000210554972,-188.246357,-199.63264,-0.00353109048,3.93538075,6.960883e-05,11.90414585,0.000210559974,-2.56668e-07,0.0,0.0,-9.8011732,0.0784628029,0.0,263.544849,-0.25270019,-188.246357,0.0,0.0
373.5,0.0,259.748285,-0.0217974928,-0.0217974928,-0.000592909116,-0.000592909116,-0.000207406034,-0.000207406034,-185.53452,-199.63264,-0.00352912237,3.87868855,6.856782e-05,11.73265745,0.000207411021,-2.56668e-07,0.0,0.0,-9.6599799,0.0784190445,0.0,259.748285,-0.24905984,-185.53452,0.0,0.0
374.0,0.0,255.953819,-0.0217855128,-0.0217855128,-0.000583926669,-0.000583926669,-0.000204263873,-0.000204263873,-182.82419,-199.63264,-0.00352718391,3.82202772,6.7529055e-05,11.5612641,0.000204268854,-2.56668e-07,0.0,0.0,-9.5188646,0.078375945,0.0,255.953819,-0.245421507,-182.82419,0.0,0.0
374.5,0.0,252.161423,-0.0217737154,-0.0217737154,-0.000574963282,-0.000574963282,-0.00020112838,-0.00020112838,-180.115339,-199.63264,-0.00352527503,3.76539783,6.6492492e-05,11.3899639,0.000201133354,-2.56668e-07,0.0,0.0,-9.3778263,0.0783335035,0.0,252.161423,-0.241785156,-180.115339,0.0,0.0
375.0,0.0,248.371067,-0.0217621011,-0.0217621011,-0.000566018634,-0.000566018634,-0.000197999451,-0.000197999451,-177.407938,-199.63264,-0.00352339577,3.70879842,6.5458099e-05,11.2187564,0.000198004413,-2.56668e-07,0.0,0.0,-9.2368639,0.0782917185,0.0,248.371067,-0.238150761,-177.407938,0.0,0.0
375.5,0.0,244.582716,-0.0217506684,-0.0217506684,-0.000557092454,-0.000557092454,-0.000194876976,-0.000194876976,-174.701973,-199.63264,-0.00352154601,3.65222892,6.442584e-05,11.0476391,0.000194881926,-2.56668e-07,0.0,0.0,-9.09597605,0.0782505881,0.0,244.582716,-0.234518292,-174.701973,0.0,0.0
376.0,0.0,240.796346,-0.0217394169,-0.0217394169,-0.000548184414,-0.000548184414,-0.00019176085,-0.00019176085,-171.997417,-199.63264,-0.00351972555,3.59568894,6.3395678e-05,10.876611,0.000191765787,-2.56668e-07,0.0,0.0,-8.95516175,0.0782101094,0.0,240.796346,-0.230887717,-171.997417,0.0,0.0
376.5,0.0,237.011911,-0.0217283468,-0.0217283468,-0.000539294218,-0.000539294218,-0.000188650962,-0.000188650962,-169.294252,-199.63264,-0.00351793459,3.53917793,6.236758e-05,10.7056709,0.00018865589,-2.56668e-07,0.0,0.0,-8.81441965,0.0781702825,0.0,237.011911,-0.227259008,-169.294252,0.0,0.0
377.0,0.0,233.229394,-0.0217174576,-0.0217174576,-0.000530421558,-0.000530421558,-0.000185547213,-0.000185547213,-166.592456,-199.63264,-0.00351617292,3.48269549,6.134151e-05,10.5348168,0.00018555213,-2.56668e-07,0.0,0.0,-8.6737486,0.078131106,0.0,233.229394,-0.223632127,-166.592456,0.0,0.0
377.5,0.0,229.448755,-0.0217067485,-0.0217067485,-0.000521566149,-0.000521566149,-0.000182449489,-0.000182449489,-163.891998,-199.63264,-0.00351444049,3.42624114,6.0317433e-05,10.3640479,0.000182454398,-2.56668e-07,0.0,0.0,-8.5331473,0.0780925809,0.0,229.448755,-0.220007055,-163.891998,0.0,0.0
378.0,0.0,225.669965,-0.0216962199,-0.0216962199,-0.000512727666,-0.000512727666,-0.00017935769,-0.00017935769,-161.192864,-199.63264,-0.0035127373,3.36981445,5.9295316e-05,10.1933626,0.000179362588,-2.56668e-07,0.0,0.0,-8.3926151,0.0780547018,0.0,225.669965,-0.21638375,-161.192864,0.0,0.0
378.5,0.0,221.892993,-0.021685871,-0.021685871,-0.000503905816,-0.000503905816,-0.000176271715,-0.000176271715,-158.495025,-199.63264,-0.00351106324,3.31341488,5.8275121e-05,10.0227592,0.000176276602,-2.56668e-07,0.0,0.0,-8.2521505,0.078017471,0.0,221.892993,-0.212762196,-158.495025,0.0,0.0
379.0,0.0,218.117807,-0.0216757018,-0.0216757018,-0.000495100304,-0.000495100304,-0.00017319145,-0.00017319145,-155.798465,-199.63264,-0.00350941828,3.25704189,5.7256818e-05,9.8522366,0.000173196332,-2.56668e-07,0.0,0.0,-8.1117521,0.0779808845,0.0,218.117807,-0.20914235,-155.798465,0.0,0.0
379.5,0.0,214.34438,-0.0216657113,-0.0216657113,-0.000486310834,-0.000486310834,-0.0001701168,-0.0001701168,-153.103154,-199.63264,-0.00350780239,3.2006952,5.6240369e-05,9.68179335,0.000170121674,-2.56668e-07,0.0,0.0,-7.97141894,0.0779449435,0.0,214.34438,-0.205524189,-153.103154,0.0,0.0
380.0,0.0,210.572668,-0.0216558999,-0.0216558999,-0.00047753713,-0.00047753713,-0.00016704766,-0.00016704766,-150.409078,-199.63264,-0.00350621546,3.14437427,5.5225742e-05,9.51142775,0.000167052524,-2.56668e-07,0.0,0.0,-7.83115006,0.0779096439,0.0,210.572668,-0.201907682,-150.409078,0.0,0.0
380.5,0.0,206.802656,-0.0216462665,-0.0216462665,-0.000468778866,-0.000468778866,-0.000163983925,-0.000163983925,-147.716212,-199.63264,-0.00350465757,3.08807854,5.4212902e-05,9.3411385,0.00016398878,-2.56668e-07,0.0,0.0,-7.69094413,0.0778749884,0.0,206.802656,-0.198292797,-147.716212,0.0,0.0
381.0,0.0,203.034306,-0.0216368114,-0.0216368114,-0.000460035761,-0.000460035761,-0.000160925496,-0.000160925496,-145.024531,-199.63264,-0.00350312858,3.03180772,5.3201815e-05,9.1709249,0.000160930342,-2.56668e-07,0.0,0.0,-7.55080001,0.0778409722,0.0,203.034306,-0.194679506,-145.024531,0.0,0.0
381.5,0.0,199.267586,-0.0216275344,-0.0216275344,-0.000451307526,-0.000451307526,-0.000157872261,-0.000157872261,-142.334014,-199.63264,-0.00350162837,2.97556116,5.2192447e-05,9.0007845,0.0001578771,-2.56668e-07,0.0,0.0,-7.41071645,0.077807597,0.0,199.267586,-0.191067781,-142.334014,0.0,0.0
382.0,0.0,195.502461,-0.0216184347,-0.0216184347,-0.000442593861,-0.000442593861,-0.000154824129,-0.000154824129,-139.644644,-199.63264,-0.00350015702,2.91933853,5.1184765e-05,8.8307165,0.000154828961,-2.56668e-07,0.0,0.0,-7.27069254,0.0777748599,0.0,195.502461,-0.187457592,-139.644644,0.0,0.0
382.5,0.0,191.738911,-0.0216095124,-0.0216095124,-0.000433894495,-0.000433894495,-0.000151780994,-0.000151780994,-136.956391,-199.63264,-0.00349871452,2.86313935,5.0178736e-05,8.6607193,0.000151785816,-2.56668e-07,0.0,0.0,-7.13072685,0.0777427609,0.0,191.738911,-0.183848902,-136.956391,0.0,0.0
383.0,0.0,187.976899,-0.0216007673,-0.0216007673,-0.000425209114,-0.000425209114,-0.000148742753,-0.000148742753,-134.26924,-199.63264,-0.00349730062,2.80696314,4.9174324e-05,8.49079165,0.000148747571,-2.56668e-07,0.0,0.0,-6.9908185,0.0777112993,0.0,187.976899,-0.180241693,-134.26924,0.0,0.0
383.5,0.0,184.216393,-0.0215921987,-0.0215921987,-0.000416537438,-0.000416537438,-0.000145709309,-0.000145709309,-131.58316,-199.63264,-0.00349591551,2.75080941,4.8171497e-05,8.3209322,0.000145714118,-2.56668e-07,0.0,0.0,-6.85096608,0.077680472,0.0,184.216393,-0.176635925,-131.58316,0.0,0.0
384.0,0.0,180.457365,-0.0215838062,-0.0215838062,-0.000407879196,-0.000407879196,-0.000142680559,-0.000142680559,-128.898141,-199.63264,-0.00349455906,2.69467777,4.7170223e-05,8.1511393,0.000142685358,-2.56668e-07,0.0,0.0,-6.71116856,0.0776502799,0.0,180.457365,-0.173031574,-128.898141,0.0,0.0
384.5,0.0,176.699779,-0.0215755903,-0.0215755903,-0.000399234071,-0.000399234071,-0.000139656404,-0.000139656404,-126.2141517,-199.63264,-0.00349323115,2.63856761,4.6170468e-05,7.9814118,0.000139661198,-2.56668e-07,0.0,0.0,-6.57142492,0.077620722,0.0,176.699779,-0.169428613,-126.2141517,0.0,0.0
385.0,0.0,172.943613,-0.02156755,-0.02156755,-0.000390601803,-0.000390601803,-0.000136636743,-0.000136636743,-123.531173,-199.63264,-0.00349193186,2.58247872,4.5172199e-05,7.81174809,0.000136641527,-2.56668e-07,0.0,0.0,-6.43173371,0.0775917959,0.0,172.943613,-0.165827008,-123.531173,0.0,0.0
385.5,0.0,169.188826,-0.0215596853,-0.0215596853,-0.000381982095,-0.000381982095,-0.000133621474,-0.000133621474,-120.849185,-199.63264,-0.00349066107,2.52641043,4.4175382e-05,7.64214698,0.000133626257,-2.56668e-07,0.0,0.0,-6.2920942,0.0775635015,0.0,169.188826,-0.162226731,-120.849185,0.0,0.0
386.0,0.0,165.435401,-0.021551996,-0.021551996,-0.000373374662,-0.000373374662,-0.000130610505,-0.000130610505,-118.1681632,-199.63264,-0.00348941885,2.47036236,4.3179986e-05,7.47260709,0.000130615275,-2.56668e-07,0.0,0.0,-6.15250506,0.0775358385,0.0,165.435401,-0.158627755,-118.1681632,0.0,0.0
386.5,0.0,161.683292,-0.0215444821,-0.0215444821,-0.00036477923,-0.00036477923,-0.000127603727,-0.000127603727,-115.488088,-199.63264,-0.00348820507,2.41433415,4.2185976e-05,7.30312689,0.000127608496,-2.56668e-07,0.0,0.0,-6.01296506,0.0775088053,0.0,161.683292,-0.155030042,-115.488088,0.0,0.0
387.0,0.0,157.932479,-0.0215371428,-0.0215371428,-0.000356195518,-0.000356195518,-0.000124601048,-0.000124601048,-112.8089363,-199.63264,-0.00348701978,2.35832511,4.1193322e-05,7.1337053,0.00012460581,-2.56668e-07,0.0,0.0,-5.87347328,0.0774824018,0.0,157.932479,-0.151433576,-112.8089363,0.0,0.0
387.5,0.0,154.182934,-0.0215299781,-0.0215299781,-0.000347623225,-0.000347623225,-0.000121602373,-0.000121602373,-110.1306855,-199.63264,-0.00348586292,2.30233501,4.0201988e-05,6.96434063,0.000121607126,-2.56668e-07,0.0,0.0,-5.73402841,0.0774566257,0.0,154.182934,-0.147838315,-110.1306855,0.0,0.0
388.0,0.0,150.434611,-0.0215229881,-0.0215229881,-0.000339062093,-0.000339062093,-0.000118607594,-0.000118607594,-107.4533145,-199.63264,-0.00348473438,2.24636334,3.9211946e-05,6.79503158,0.000118612342,-2.56668e-07,0.0,0.0,-5.59462924,0.0774314764,0.0,150.434611,-0.144244243,-107.4533145,0.0,0.0
388.5,0.0,146.687496,-0.021516172,-0.021516172,-0.000330511827,-0.000330511827,-0.00011561662,-0.00011561662,-104.7768046,-199.63264,-0.00348363426,2.19040947,3.8223161e-05,6.6257768,0.000115621363,-2.56668e-07,0.0,0.0,-5.45527486,0.0774069568,0.0,146.687496,-0.140651317,-104.7768046,0.0,0.0
389.0,0.0,142.941553,-0.0215095298,-0.0215095298,-0.000321972161,-0.000321972161,-0.00011262935,-0.00011262935,-102.1011272,-199.63264,-0.00348256245,2.13447326,3.72356e-05,6.45657501,0.000112634088,-2.56668e-07,0.0,0.0,-5.31596411,0.0773830595,0.0,142.941553,-0.13705952,-102.1011272,0.0,0.0
389.5,0.0,139.19675,-0.0215030615,-0.0215030615,-0.000313442803,-0.000313442803,-0.000109645689,-0.000109645689,-99.426269,-199.63264,-0.00348151896,2.07855404,3.6249233e-05,6.28742481,0.00010965042,-2.56668e-07,0.0,0.0,-5.17669572,0.0773597899,0.0,139.19675,-0.133468814,-99.426269,0.0,0.0
390.0,0.0,135.453057,-0.0214967667,-0.0214967667,-0.000304923486,-0.000304923486,-0.000106665537,-0.000106665537,-96.7522041,-199.63264,-0.00348050383,2.02265143,3.5264025e-05,6.11832477,0.000106670263,-2.56668e-07,0.0,0.0,-5.03746867,0.077337144,0.0,135.453057,-0.129879178,-96.7522041,0.0,0.0
390.5,0.0,131.71045,-0.0214906456,-0.0214906456,-0.000296413923,-0.000296413923,-0.000103688803,-0.000103688803,-94.0789103,-199.63264,-0.003479517,1.96676495,3.4279947e-05,5.94927353,0.00010369352,-2.56668e-07,0.0,0.0,-4.89828178,0.0773151216,0.0,131.71045,-0.126290577,-94.0789103,0.0,0.0
391.0,0.0,127.968889,-0.0214846969,-0.0214846969,-0.000287913844,-0.000287913844,-0.000100715382,-0.000100715382,-91.4063675,-199.63264,-0.00347855839,1.91089413,3.3296966e-05,5.78026978,0.000100720096,-2.56668e-07,0.0,0.0,-4.75913405,0.077293721,0.0,127.968889,-0.1227029816,-91.4063675,0.0,0.0
391.5,0.0,124.2283514,-0.0214789218,-0.0214789218,-0.000279422971,-0.000279422971,-9.7745183e-05,-9.7745183e-05,-88.7345539,-199.63264,-0.00347762812,1.85503858,3.2315049e-05,5.61131213,9.7749893e-05,-2.56668e-07,0.0,0.0,-4.62002432,0.0772729425,0.0,124.2283514,-0.1191163663,-88.7345539,0.0,0.0
392.0,0.0,120.488804,-0.0214733196,-0.0214733196,-0.000270941033,-0.000270941033,-9.477811e-05,-9.477811e-05,-86.063447,-199.63264,-0.00347672608,1.79919783,3.1334165e-05,5.44239917,9.4782814e-05,-2.56668e-07,0.0,0.0,-4.48095133,0.0772527888,0.0,120.488804,-0.1155306999,-86.063447,0.0,0.0
392.5,0.0,116.7502169,-0.0214678893,-0.0214678893,-0.000262467752,-0.000262467752,-9.1814064e-05,-9.1814064e-05,-83.3930269,-199.63264,-0.00347585237,1.74337139,3.0354282e-05,5.27352974,9.1818764e-05,-2.56668e-07,0.0,0.0,-4.34191416,0.0772332524,0.0,116.7502169,-0.1119459564,-83.3930269,0.0,0.0
393.0,0.0,113.0125575,-0.0214626322,-0.0214626322,-0.000254002853,-0.000254002853,-8.885295e-05,-8.885295e-05,-80.7232724,-199.63264,-0.00347500684,1.68755888,2.9375368e-05,5.10470218,8.8857645e-05,-2.56668e-07,0.0,0.0,-4.20291149,0.0772143399,0.0,113.0125575,-0.1083621058,-80.7232724,0.0,0.0
393.5,0.0,109.2758015,-0.0214575469,-0.0214575469,-0.000245546064,-0.000245546064,-8.5894674e-05,-8.5894674e-05,-78.0541593,-199.63264,-0.00347418962,1.63175979,2.8397393e-05,4.93591539,8.5899365e-05,-2.56668e-07,0.0,0.0,-4.06394234,0.077196043,0.0,109.2758015,-0.104779117,-78.0541593,0.0,0.0
394.0,0.0,105.5399148,-0.0214526339,-0.0214526339,-0.000237097114,-0.000237097114,-8.2939139e-05,-8.2939139e-05,-75.3856665,-199.63264,-0.00347340068,1.57597371,2.7420324e-05,4.76716794,8.2943826e-05,-2.56668e-07,0.0,0.0,-3.9250056,0.077178367,0.0,105.5399148,-0.1011969646,-75.3856665,0.0,0.0
394.5,0.0,101.8048699,-0.021447893,-0.021447893,-0.000228655728,-0.000228655728,-7.9986251e-05,-7.9986251e-05,-72.7177778,-199.63264,-0.00347264013,1.52020019,2.644413e-05,4.59845838,7.9990934e-05,-2.56668e-07,0.0,0.0,-3.78610012,0.0771613104,0.0,101.8048699,-0.0976156175,-72.7177778,0.0,0.0
395.0,0.0,98.0706359,-0.0214433231,-0.0214433231,-0.000220221636,-0.000220221636,-7.7035913e-05,-7.7035913e-05,-70.0504659,-199.63264,-0.00347190795,1.46443875,2.546878e-05,4.42978553,7.7040591e-05,-2.56668e-07,0.0,0.0,-3.64722474,0.0771448711,0.0,98.0706359,-0.0940350485,-70.0504659,0.0,0.0
395.5,0.0,94.3371805,-0.0214389256,-0.0214389256,-0.000211794565,-0.000211794565,-7.4088032e-05,-7.4088032e-05,-67.3837139,-199.63264,-0.00347120408,1.408689,2.4494241e-05,4.26114787,7.4092708e-05,-2.56668e-07,0.0,0.0,-3.50837851,0.0771290518,0.0,94.3371805,-0.0904552286,-67.3837139,0.0,0.0
396.0,0.0,90.6044755,-0.0214346991,-0.0214346991,-0.000203374245,-0.000203374245,-7.1142514e-05,-7.1142514e-05,-64.7174956,-199.63264,-0.00347052871,1.35295042,2.3520484e-05,4.0925441,7.1147185e-05,-2.56668e-07,0.0,0.0,-3.36956005,0.0771138478,0.0,90.6044755,-0.0868761261,-64.7174956,0.0,0.0
396.5,0.0,86.872495,-0.021430644,-0.021430644,-0.000194960409,-0.000194960409,-6.8199264e-05,-6.8199264e-05,-62.0517937,-199.63264,-0.00346988182,1.29722263,2.2547476e-05,3.92397295,6.8203931e-05,-2.56668e-07,0.0,0.0,-3.23076848,0.0770992581,0.0,86.872495,-0.0832977172,-62.0517937,0.0,0.0
397.0,0.0,83.1412045,-0.0214267606,-0.0214267606,-0.000186552781,-0.000186552781,-6.5258184e-05,-6.5258184e-05,-59.3865847,-199.63264,-0.00346926356,1.24150517,2.1575186e-05,3.75543294,6.5262847e-05,-2.56668e-07,0.0,0.0,-3.0920026,0.077085288,0.0,83.1412045,-0.0797199706,-59.3865847,0.0,0.0
397.5,0.0,79.410573,-0.0214230484,-0.0214230484,-0.000178151094,-0.000178151094,-6.2319184e-05,-6.2319184e-05,-56.721848,-199.63264,-0.00346867395,1.18579755,2.0603583e-05,3.58692287,6.2323844e-05,-2.56668e-07,0.0,0.0,-2.95326127,0.0770719285,0.0,79.410573,-0.07614286,-56.721848,0.0,0.0
398.0,0.0,75.6805745,-0.0214195065,-0.0214195065,-0.000169755083,-0.000169755083,-5.9382168e-05,-5.9382168e-05,-54.0575637,-199.63264,-0.00346811317,1.13009939,1.9632637e-05,3.41844133,5.9386826e-05,-2.56668e-07,0.0,0.0,-2.81454351,0.0770591869,0.0,75.6805745,-0.0725663534,-54.0575637,0.0,0.0
398.5,0.0,71.9511786,-0.0214161361,-0.0214161361,-0.000161364473,-0.000161364473,-5.6447041e-05,-5.6447041e-05,-51.393708,-199.63264,-0.00346758142,1.07441021,1.8662315e-05,3.24998694,5.6451697e-05,-2.56668e-07,0.0,0.0,-2.67584805,0.077047062,0.0,71.9511786,-0.068990423,-51.393708,0.0,0.0
399.0,0.0,68.2223544,-0.0214129364,-0.0214129364,-0.000152979,-0.000152979,-5.3513712e-05,-5.3513712e-05,-48.7302612,-199.63264,-0.00346707881,1.018729581,1.7692587e-05,3.08155843,5.3518364e-05,-2.56668e-07,0.0,0.0,-2.53717388,0.0770355505,0.0,68.2223544,-0.0654150435,-48.7302612,0.0,0.0
399.5,0.0,64.4940716,-0.0214099064,-0.0214099064,-0.000144598397,-0.000144598397,-5.0582085e-05,-5.0582085e-05,-46.0672023,-199.63264,-0.00346660558,0.963057048,1.6723423e-05,2.9131544,5.0586735e-05,-2.56668e-07,0.0,0.0,-2.39851993,0.0770246515,0.0,64.4940716,-0.0618401839,-46.0672023,0.0,0.0
400.0,0.0,60.7663013,-0.0214070477,-0.0214070477,-0.000136222387,-0.000136222387,-4.7652068e-05,-4.7652068e-05,-43.4045087,-199.63264,-0.0034661622,0.907392187,1.575479e-05,2.74477347,4.7656714e-05,-2.56668e-07,0.0,0.0,-2.25988505,0.0770143669,0.0,60.7663013,-0.0582658147,-43.4045087,0.0,0.0
400.5,0.0,57.0390147,-0.0214043601,-0.0214043601,-0.000127850717,-0.000127850717,-4.4723565e-05,-4.4723565e-05,-40.7421604,-199.63264,-0.00346574886,0.851734501,1.4786658e-05,2.57641445,4.472821e-05,-2.56668e-07,0.0,0.0,-2.12126809,0.077004696,0.0,57.0390147,-0.0546919098,-40.7421604,0.0,0.0
401.0,0.0,53.312182,-0.0214018422,-0.0214018422,-0.000119483107,-0.000119483107,-4.1796485e-05,-4.1796485e-05,-38.0801366,-199.63264,-0.00346536619,0.796083601,1.3818997e-05,2.40807584,4.1801128e-05,-2.56668e-07,0.0,0.0,-1.98266802,0.0769956376,0.0,53.312182,-0.0511184394,-38.0801366,0.0,0.0
401.5,0.0,49.5857715,-0.0213994947,-0.0213994947,-0.0001111193,-0.0001111193,-3.8870735e-05,-3.8870735e-05,-35.4184145,-199.63264,-0.00346501495,0.740439032,1.2851775e-05,2.23975638,3.8875375e-05,-2.56668e-07,0.0,0.0,-1.84408364,0.07698719,0.0,49.5857715,-0.0475453735,-35.4184145,0.0,0.0
402.0,0.0,45.8597552,-0.0213973175,-0.0213973175,-0.000102759023,-0.000102759023,-3.594622e-05,-3.594622e-05,-32.7569747,-199.63264,-0.00346469591,0.684800334,1.1884961e-05,2.07145474,3.5950859e-05,-2.56668e-07,0.0,0.0,-1.70551396,0.0769793594,0.0,45.8597552,-0.0439726881,-32.7569747,0.0,0.0
402.5,0.0,42.1341036,-0.0213953105,-0.0213953105,-9.4402013e-05,-9.4402013e-05,-3.3022847e-05,-3.3022847e-05,-30.095794,-199.63264,-0.0034644104,0.629167068,1.0918526e-05,1.90316947,3.3027484e-05,-2.56668e-07,0.0,0.0,-1.5669578,0.0769721386,0.0,42.1341036,-0.0404003503,-30.095794,0.0,0.0
403.0,0.0,38.408786,-0.0213934736,-0.0213934736,-8.6048001e-05,-8.6048001e-05,-3.0100524e-05,-3.0100524e-05,-27.4348533,-199.63264,-0.00346416011,0.573538814,9.952437e-06,1.73489938,3.0105159e-05,-2.56668e-07,0.0,0.0,-1.4284141,0.0769655296,0.0,38.408786,-0.0368283348,-27.4348533,0.0,0.0
403.5,0.0,34.6837744,-0.0213918064,-0.0213918064,-7.7696728e-05,-7.7696728e-05,-2.7179157e-05,-2.7179157e-05,-24.7741292,-199.63264,-0.00346394745,0.517915113,8.986665e-06,1.56664307,2.718379e-05,-2.56668e-07,0.0,0.0,-1.28988172,0.0769595335,0.0,34.6837744,-0.0332566104,-24.7741292,0.0,0.0
404.0,0.0,30.9590385,-0.0213903098,-0.0213903098,-6.9347918e-05,-6.9347918e-05,-2.4258653e-05,-2.4258653e-05,-22.1136031,-199.63264,-0.00346377618,0.462295524,8.021178e-06,1.39839923,2.4263286e-05,-2.56668e-07,0.0,0.0,-1.15135964,0.0769541485,0.0,30.9590385,-0.0296851508,-22.1136031,0.0,0.0
404.5,0.0,27.2345475,-0.0213889824,-0.0213889824,-6.1001315e-05,-6.1001315e-05,-2.1338921e-05,-2.1338921e-05,-19.4532522,-199.63264,-0.00346365194,0.406679606,7.055945e-06,1.23016645,2.1343552e-05,-2.56668e-07,0.0,0.0,-1.012846685,0.0769493744,0.0,27.2345475,-0.0261139272,-19.4532522,0.0,0.0
405.0,0.0,23.510273,-0.0213878257,-0.0213878257,-5.2656649e-05,-5.2656649e-05,-1.8419866e-05,-1.8419866e-05,-16.7930554,-199.63264,-0.00346358412,0.351066914,6.090938e-06,1.06194343,1.8424496e-05,-2.56668e-07,0.0,0.0,-0.874341762,0.0769452098,0.0,23.510273,-0.0225429109,-16.7930554,0.0,0.0
405.5,0.0,19.7861858,-0.0213868384,-0.0213868384,-4.4313653e-05,-4.4313653e-05,-1.5501396e-05,-1.5501396e-05,-14.1329925,-199.63264,-0.00346358911,0.295457017,5.126123e-06,0.893728877,1.5506026e-05,-2.56668e-07,0.0,0.0,-0.735843779,0.0769416602,0.0,19.7861858,-0.0189720732,-14.1329925,0.0,0.0
406.0,0.0,16.0622551,-0.0213860205,-0.0213860205,-3.5972067e-05,-3.5972067e-05,-1.2583419e-05,-1.2583419e-05,-11.4730417,-199.63264,-0.00346369896,0.239849458,4.161471e-06,0.725521385,1.2588048e-05,-2.56668e-07,0.0,0.0,-0.597351646,0.0769387165,0.0,16.0622551,-0.01540138745,-11.4730417,0.0,0.0
406.5,0.0,12.338452,-0.0213853728,-0.0213853728,-2.7631624e-05,-2.7631624e-05,-9.665841e-06,-9.665841e-06,-8.81318177,-199.63264,-0.00346398518,0.184243811,3.196952e-06,0.557319689,9.67047e-06,-2.56668e-07,0.0,0.0,-0.458864248,0.0769363857,0.0,12.338452,-0.0118308233,-8.81318177,0.0,0.0
407.0,0.0,8.70970578,-0.0193170297,-0.0193170297,-1.7803646e-05,-1.7803646e-05,-6.227908e-06,-6.227908e-06,-6.23001969,-199.63264,-0.00312632225,0.1302415635,2.061021e-06,0.393968122,6.234388e-06,-2.56668e-07,0.0,0.0,-0.324370174,0.0686502914,0.0,8.70970578,-0.0134896911,-6.23001969,0.0,0.0
407.5,0.0,5.91559223,-0.013066296,-0.013066296,-8.194773e-06,-8.194773e-06,-2.86662e-06,-2.86662e-06,-4.24169253,-199.63264,-0.00210993815,0.088674626,9.48846e-07,0.268232159,2.870166e-06,-2.56668e-07,0.0,0.0,-0.22084658,0.0471995151,0.0,5.91559223,-0.0151713412,-4.24169253,0.0,0.0
408.0,0.0,4.02599623,-0.00887239515,-0.00887239515,-3.786186e-06,-3.786186e-06,-1.324449e-06,-1.324449e-06,-2.88720796,-199.63264,-0.00143247871,0.0603584732,4.38383e-07,0.182578538,1.326067e-06,-2.56668e-07,0.0,0.0,-0.150324428,0.0321272668,0.0,4.02599623,-0.0105726688,-2.88720796,0.0,0.0
408.5,0.0,2.74038307,-0.00603877568,-0.00603877568,-1.754062e-06,-1.754062e-06,-6.1359e-07,-6.1359e-07,-1.96524965,-199.63264,-0.000974976738,0.0410844911,2.03094e-07,0.1242766104,6.14339e-07,-2.56668e-07,0.0,0.0,-0.1023220515,0.0218681407,0.0,2.74038307,-0.00720117623,-1.96524965,0.0,0.0
409.0,0.0,1.86531171,-0.00411042984,-0.00411042984,-8.12687e-07,-8.12687e-07,-2.84287e-07,-2.84287e-07,-1.33769752,-199.63264,-0.000663640013,0.0279652111,9.4097e-08,0.0845920534,2.84634e-07,-2.56668e-07,0.0,0.0,-0.0696481218,0.0148850728,0.0,1.86531171,-0.00490172255,-1.33769752,0.0,0.0
409.5,0.0,1.26967312,-0.00279786676,-0.00279786676,-3.76533e-07,-3.76533e-07,-1.31715e-07,-1.31715e-07,-0.910538705,-199.63264,-0.000451723161,0.0190352504,4.3597e-08,0.0575797897,1.31876e-07,-2.56668e-07,0.0,0.0,-0.0474078121,0.01013189595,0.0,1.26967312,-0.00333647365,-0.910538705,0.0,0.0
410.0,0.0,0.864236661,-0.00190444006,-0.00190444006,-1.74455e-07,-1.74455e-07,-6.1026e-08,-6.1026e-08,-0.619782298,-199.63264,-0.000307476998,0.0129568475,2.0199e-08,0.0391932098,6.1101e-08,-2.56668e-07,0.0,0.0,-0.0322693835,0.00689653563,0.0,0.864236661,-0.00227105307,-0.619782298,0.0,0.0
410.5,0.0,0.588265794,-0.00129630707,-0.00129630707,-8.0829e-08,-8.0829e-08,-2.8275e-08,-2.8275e-08,-0.421871394,-199.63264,-0.000209292291,0.00881942445,9.359e-09,0.0266779054,2.8309e-08,-2.56668e-07,0.0,0.0,-0.0219650183,0.00469430782,0.0,0.588265794,-0.00154585011,-0.421871394,0.0,0.0
411.0,0.0,0.40041896,-0.000882364053,-0.000882364053,-3.745e-08,-3.745e-08,-1.31e-08,-1.31e-08,-0.287158127,-199.63264,-0.000142460075,0.0060031791,4.336e-09,0.0181590357,1.3116e-08,-2.56668e-07,0.0,0.0,-0.01495108155,0.00319528912,0.0,0.40041896,-0.001052229726,-0.287158127,0.0,0.0
411.5,0.0,0.272557907,-0.000600590377,-0.000600590377,-1.7351e-08,-1.7351e-08,-6.07e-09,-6.07e-09,-0.195463328,-199.63264,-9.6966932e-05,0.00408625503,2.009e-09,0.0123605257,6.077e-09,-2.56668e-07,0.0,0.0,-0.01017693,0.00217492055,0.0,0.272557907,-0.000716238052,-0.195463328,0.0,0.0
412.0,0.0,0.185526115,-0.000408814092,-0.000408814092,-8.039e-09,-8.039e-09,-2.812e-09,-2.812e-09,-0.1330489365,-199.63264,-6.6004157e-05,0.00278145216,9.31e-10,0.00841362355,2.816e-09,-2.56668e-07,0.0,0.0,-0.00692728255,0.00148043522,0.0,0.185526115,-0.00048750679,-0.1330489365,0.0,0.0
412.5,0.0,0.1262848407,-0.000278273626,-0.000278273626,-3.725e-09,-3.725e-09,-1.303e-09,-1.303e-09,-0.090564414,-199.63264,-4.4928041e-05,0.00189329264,4.31e-10,0.00572702705,1.305e-09,-2.56668e-07,0.0,0.0,-0.00471529716,0.00100770985,0.0,0.1262848407,-0.000331837698,-0.090564414,0.0,0.0
413.0,0.0,0.0859601995,-0.00018941667,-0.00018941667,-1.726e-09,-1.726e-09,-6.04e-10,-6.04e-10,-0.0616458396,-199.63264,-3.0581842e-05,0.00128873594,2e-10,0.00389830155,6.04e-10,-2.56668e-07,0.0,0.0,-0.00320963218,0.000685932925,0.0,0.0859601995,-0.000225876884,-0.0616458396,0.0,0.0
413.5,0.0,0.0585118191,-0.000128933083,-0.000128933083,-8e-10,-8e-10,-2.8e-10,-2.8e-10,-0.041961399,-199.63264,-2.08166e-05,0.000877223271,9.3e-11,0.00265351546,2.8e-10,-2.56668e-07,0.0,0.0,-0.00218474853,0.000466904229,0.0,0.0585118191,-0.00015375098,-0.041961399,0.0,0.0
414.0,0.0,0.0398281212,-8.7762817e-05,-8.7762817e-05,-3.7e-10,-3.7e-10,-1.3e-10,-1.3e-10,-0.028562497,-199.63264,-1.4169548e-05,0.000597112769,4.3e-11,0.00180620837,1.3e-10,-2.56668e-07,0.0,0.0,-0.00148712567,0.000317814723,0.0,0.0398281212,-0.000104655983,-0.028562497,0.0,0.0
414.5,0.0,0.0271104078,-5.9738837e-05,-5.9738837e-05,-1.72e-10,-1.72e-10,-6e-11,-6e-11,-0.0194420655,-199.63264,-9.644999e-06,0.000406445745,2e-11,0.00122945903,6e-11,-2.56668e-07,0.0,0.0,-0.001012264254,0.000216331725,0.0,0.0271104078,-7.1237759e-05,-0.0194420655,0.0,0.0
415.0,0.0,0.0184536495,-4.0663333e-05,-4.0663333e-05,-8e-11,-8e-11,-2.8e-11,-2.8e-11,-0.01323392355,-199.63264,-6.565207e-06,0.000276661543,9e-12,0.000836874394,2.8e-11,-2.56668e-07,0.0,0.0,-0.000689033146,0.00014725377,0.0,0.0184536495,-4.8490475e-05,-0.01323392355,0.0,0.0
415.5,0.0,0.01256112415,-2.7678924e-05,-2.7678924e-05,-3.7e-11,-3.7e-11,-1.3e-11,-1.3e-11,-0.0090081346,-199.63264,-4.468838e-06,0.000188319391,4e-12,0.00056964794,1.3e-11,-2.56668e-07,0.0,0.0,-0.000469014609,0.000100233445,0.0,0.01256112415,-3.3006742e-05,-0.0090081346,0.0,0.0
416.0,0.0,0.00855016976,-1.8840631e-05,-1.8840631e-05,-1.7e-11,-1.7e-11,-6e-12,-6e-12,-0.00613170277,-199.63264,-3.041872e-06,0.0001281862,2e-12,0.000387750844,6e-12,-2.56668e-07,0.0,0.0,-0.000319251236,6.8227409e-05,0.0,0.00855016976,-2.2467196e-05,-0.00613170277,0.0,0.0
416.5,0.0,0.00581997296,-1.2824536e-05,-1.2824536e-05,-8e-12,-8e-12,-3e-12,-3e-12,-0.00417375857,-199.63264,-2.070557e-06,8.7254433e-05,1e-12,0.000263936214,3e-12,-2.56668e-07,0.0,0.0,-0.00021730955,4.6441379e-05,0.0,0.00581997296,-1.5293085e-05,-0.00417375857,0.0,0.0
417.0,0.0,0.00396156881,-8.72947e-06,-8.72947e-06,-4e-12,-4e-12,-1e-12,-1e-12,-0.00284101525,-199.63264,-1.409397e-06,5.9392791e-05,0.0,0.000179657447,1e-12,-2.56668e-07,0.0,0.0,-0.000147919373,3.1611954e-05,0.0,0.00396156881,-1.0409775e-05,-0.00284101525,0.0,0.0
417.5,0.0,0.00269658077,-5.94202e-06,-5.94202e-06,-2e-12,-2e-12,-1e-12,-1e-12,-0.00193383665,-199.63264,-9.59355e-07,4.0427787e-05,0.0,0.000122290144,1e-12,-2.56668e-07,0.0,0.0,-0.000100686509,2.1517786e-05,0.0,0.00269658077,-7.085778e-06,-0.00193383665,0.0,0.0
418.0,0.0,0.00183552234,-4.044645e-06,-4.044645e-06,-1e-12,-1e-12,-0.0,-0.0,-0.00131633375,-199.63264,-6.53019e-07,2.7518592e-05,0.0,8.3241078e-05,0.0,-2.56668e-07,0.0,0.0,-6.8535806e-05,1.4646836e-05,0.0,0.00183552234,-4.823184e-06,-0.00131633375,0.0,0.0
418.5,0.0,0.00124941271,-2.753129e-06,-2.753129e-06,-0.0,-0.0,-0.0,-0.0,-0.000896008801,-199.63264,-4.445e-07,1.8731496e-05,0.0,5.666096e-05,0.0,-2.56668e-07,0.0,0.0,-4.6651302e-05,9.969883e-06,0.0,0.00124941271,-3.283069e-06,-0.000896008801,0.0,0.0
419.0,0.0,0.000850456569,-1.874014e-06,-1.874014e-06,-0.0,-0.0,-0.0,-0.0,-0.000609899802,-199.63264,-3.02565e-07,1.2750249e-05,0.0,3.856827e-05,0.0,-2.56668e-07,0.0,0.0,-3.1754844e-05,6.78635e-06,0.0,0.000850456569,-2.234736e-06,-0.000609899802,0.0,0.0
419.5,0.0,0.000578893127,-1.275613e-06,-1.275613e-06,-0.0,-0.0,-0.0,-0.0,-0.000415149715,-199.63264,-2.05951e-07,8.678905e-06,0.0,2.6252847e-05,0.0,-2.56668e-07,0.0,0.0,-2.161505e-05,4.619368e-06,0.0,0.000578893127,-1.521152e-06,-0.000415149715,0.0,0.0
420.0,0.0,0.000394043918,-8.68291e-07,-8.68291e-07,-0.0,-0.0,-0.0,-0.0,-0.000282586222,-199.63264,-1.40188e-07,5.907601e-06,0.0,1.7869921e-05,0.0,-2.56668e-07,0.0,0.0,-1.4713042e-05,3.144335e-06,0.0,0.000394043918,-1.035425e-06,-0.000282586222,0.0,0.0
420.5,0.0,0.000268219809,-5.91033e-07,-5.91033e-07,-0.0,-0.0,-0.0,-0.0,-0.000192352222,-199.63264,-9.5424e-08,4.021216e-06,0.0,1.2163789e-05,0.0,-2.56668e-07,0.0,0.0,-1.0014948e-05,2.140302e-06,0.0,0.000268219809,-7.04798e-07,-0.000192352222,0.0,0.0
421.0,0.0,0.000182573232,-4.02307e-07,-4.02307e-07,-0.0,-0.0,-0.0,-0.0,-0.000130931292,-199.63264,-6.4954e-08,2.737182e-06,0.0,8.27971e-06,0.0,-2.56668e-07,0.0,0.0,-6.817026e-06,1.456871e-06,0.0,0.000182573232,-4.79746e-07,-0.000130931292,0.0,0.0
421.5,0.0,0.000124274875,-2.73844e-07,-2.73844e-07,-0.0,-0.0,-0.0,-0.0,-8.9122978e-05,-199.63264,-4.4213e-08,1.863159e-06,0.0,5.635875e-06,0.0,-2.56668e-07,0.0,0.0,-4.640248e-06,9.91671e-07,0.0,0.000124274875,-3.26556e-07,-8.9122978e-05,0.0,0.0
422.0,0.0,8.4592053e-05,-1.86402e-07,-1.86402e-07,-0.0,-0.0,-0.0,-0.0,-6.0664681e-05,-199.63264,-3.0095e-08,1.268224e-06,0.0,3.836256e-06,0.0,-2.56668e-07,0.0,0.0,-3.158548e-06,6.75015e-07,0.0,8.4592053e-05,-2.22282e-07,-6.0664681e-05,0.0,0.0
422.5,0.0,5.758055e-05,-1.26881e-07,-1.26881e-07,-0.0,-0.0,-0.0,-0.0,-4.1293544e-05,-199.63264,-2.0485e-08,8.63261e-07,0.0,2.611282e-06,0.0,-2.56668e-07,0.0,0.0,-2.149976e-06,4.59473e-07,0.0,5.758055e-05,-1.51304e-07,-4.1293544e-05,0.0,0.0
423.0,0.0,3.9194221e-05,-8.6366e-08,-8.6366e-08,-0.0,-0.0,-0.0,-0.0,-2.81079e-05,-199.63264,-1.3944e-08,5.87609e-07,0.0,1.777461e-06,0.0,-2.56668e-07,0.0,0.0,-1.463457e-06,3.12756e-07,0.0,3.9194221e-05,-1.0299e-07,-2.81079e-05,0.0,0.0
423.5,0.0,2.6678922e-05,-5.8788e-08,-5.8788e-08,-0.0,-0.0,-0.0,-0.0,-1.9132628e-05,-199.63264,-9.491e-09,3.99977e-07,0.0,1.209891e-06,0.0,-2.56668e-07,0.0,0.0,-9.96153e-07,2.12889e-07,0.0,2.6678922e-05,-7.0104e-08,-1.9132628e-05,0.0,0.0
424.0,0.0,1.8159945e-05,-4.0016e-08,-4.0016e-08,-0.0,-0.0,-0.0,-0.0,-1.3023295e-05,-199.63264,-6.461e-09,2.72258e-07,0.0,8.23555e-07,0.0,-2.56668e-07,0.0,0.0,-6.78067e-07,1.4491e-07,0.0,1.8159945e-05,-4.7719e-08,-1.3023295e-05,0.0,0.0
424.5,0.0,1.2361203e-05,-2.7238e-08,-2.7238e-08,-0.0,-0.0,-0.0,-0.0,-8.864762e-06,-199.63264,-4.398e-09,1.85322e-07,0.0,5.60581e-07,0.0,-2.56668e-07,0.0,0.0,-4.6155e-07,9.8638e-08,0.0,1.2361203e-05,-3.2481e-08,-8.864762e-06,0.0,0.0
425.0,0.0,8.414087e-06,-1.8541e-08,-1.8541e-08,-0.0,-0.0,-0.0,-0.0,-6.034112e-06,-199.63264,-2.993e-09,1.26146e-07,0.0,3.81579e-07,0.0,-2.56668e-07,0.0,0.0,-3.1417e-07,6.7142e-08,0.0,8.414087e-06,-2.211e-08,-6.034112e-06,0.0,0.0
425.5,0.0,5.727344e-06,-1.262e-08,-1.262e-08,-0.0,-0.0,-0.0,-0.0,-4.10733e-06,-199.63264,-2.038e-09,8.5866e-08,0.0,2.59735e-07,0.0,-2.56668e-07,0.0,0.0,-2.13851e-07,4.5702e-08,0.0,5.727344e-06,-1.505e-08,-4.10733e-06,0.0,0.0
426.0,0.0,3.898517e-06,-8.591e-09,-8.591e-09,-0.0,-0.0,-0.0,-0.0,-2.795798e-06,-199.63264,-1.387e-09,5.8448e-08,0.0,1.76798e-07,0.0,-2.56668e-07,0.0,0.0,-1.45565e-07,3.1109e-08,0.0,3.898517e-06,-1.0244e-08,-2.795798e-06,0.0,0.0
426.5,0.0,2.653663e-06,-5.847e-09,-5.847e-09,-0.0,-0.0,-0.0,-0.0,-1.903058e-06,-199.63264,-9.44e-10,3.9784e-08,0.0,1.20344e-07,0.0,-2.56668e-07,0.0,0.0,-9.9084e-08,2.1175e-08,0.0,2.653663e-06,-6.973e-09,-1.903058e-06,0.0,0.0
427.0,0.0,1.806309e-06,-3.98e-09,-3.98e-09,-0.0,-0.0,-0.0,-0.0,-1.295383e-06,-199.63264,-6.43e-10,2.7081e-08,0.0,8.1916e-08,0.0,-2.56668e-07,0.0,0.0,-6.7445e-08,1.4414e-08,0.0,1.806309e-06,-4.746e-09,-1.295383e-06,0.0,0.0
427.5,0.0,1.229527e-06,-2.709e-09,-2.709e-09,-0.0,-0.0,-0.0,-0.0,-8.81748e-07,-199.63264,-4.37e-10,1.8433e-08,0.0,5.5759e-08,0.0,-2.56668e-07,0.0,0.0,-4.5909e-08,9.811e-09,0.0,1.229527e-06,-3.231e-09,-8.81748e-07,0.0,0.0
428.0,0.0,8.36921e-07,-1.844e-09,-1.844e-09,-0.0,-0.0,-0.0,-0.0,-6.00193e-07,-199.63264,-2.98e-10,1.2547e-08,0.0,3.7954e-08,0.0,-2.56668e-07,0.0,0.0,-3.1249e-08,6.678e-09,0.0,8.36921e-07,-2.199e-09,-6.00193e-07,0.0,0.0
428.5,0.0,5.6968e-07,-1.255e-09,-1.255e-09,-0.0,-0.0,-0.0,-0.0,-4.08542e-07,-199.63264,-2.03e-10,8.541e-09,0.0,2.5835e-08,0.0,-2.56668e-07,0.0,0.0,-2.1271e-08,4.546e-09,0.0,5.6968e-07,-1.497e-09,-4.08542e-07,0.0,0.0
429.0,0.0,3.87772e-07,-8.54e-10,-8.54e-10,-0.0,-0.0,-0.0,-0.0,-2.78089e-07,-199.63264,-1.38e-10,5.814e-09,0.0,1.7586e-08,0.0,-2.56668e-07,0.0,0.0,-1.4479e-08,3.094e-09,0.0,3.87772e-07,-1.019e-09,-2.78089e-07,0.0,0.0
429.5,0.0,2.63951e-07,-5.82e-10,-5.82e-10,-0.0,-0.0,-0.0,-0.0,-1.89291e-07,-199.63264,-9.4e-11,3.957e-09,0.0,1.197e-08,0.0,-2.56668e-07,0.0,0.0,-9.856e-09,2.106e-09,0.0,2.63951e-07,-6.94e-10,-1.89291e-07,0.0,0.0
430.0,0.0,1.79667e-07,-3.96e-10,-3.96e-10,-0.0,-0.0,-0.0,-0.0,-1.28847e-07,-199.63264,-6.4e-11,2.694e-09,0.0,8.148e-09,0.0,-2.56668e-07,0.0,0.0,-6.709e-09,1.434e-09,0.0,1.79667e-07,-4.72e-10,-1.28847e-07,0.0,0.0
430.5,0.0,1.22297e-07,-2.69e-10,-2.69e-10,-0.0,-0.0,-0.0,-0.0,-8.7705e-08,-199.63264,-4.4e-11,1.834e-09,0.0,5.546e-09,0.0,-2.56668e-07,0.0,0.0,-4.566e-09,9.76e-10,0.0,1.22297e-07,-3.21e-10,-8.7705e-08,0.0,0.0
431.0,0.0,8.3246e-08,-1.83e-10,-1.83e-10,-0.0,-0.0,-0.0,-0.0,-5.9699e-08,-199.63264,-3e-11,1.248e-09,0.0,3.775e-09,0.0,-2.56668e-07,0.0,0.0,-3.108e-09,6.64e-10,0.0,8.3246e-08,-2.19e-10,-5.9699e-08,0.0,0.0
431.5,0.0,5.6664e-08,-1.25e-10,-1.25e-10,-0.0,-0.0,-0.0,-0.0,-4.0636e-08,-199.63264,-2e-11,8.5e-10,0.0,2.57e-09,0.0,-2.56668e-07,0.0,0.0,-2.116e-09,4.52e-10,0.0,5.6664e-08,-1.49e-10,-4.0636e-08,0.0,0.0
432.0,0.0,3.857e-08,-8.5e-11,-8.5e-11,-0.0,-0.0,-0.0,-0.0,-2.7661e-08,-199.63264,-1.4e-11,5.78e-10,0.0,1.749e-09,0.0,-2.56668e-07,0.0,0.0,-1.44e-09,3.08e-10,0.0,3.857e-08,-1.01e-10,-2.7661e-08,0.0,0.0
432.5,0.0,2.6254e-08,-5.8e-11,-5.8e-11,-0.0,-0.0,-0.0,-0.0,-1.8828e-08,-199.63264,-9e-12,3.94e-10,0.0,1.191e-09,0.0,-2.56668e-07,0.0,0.0,-9.8e-10,2.1e-10,0.0,2.6254e-08,-6.9e-11,-1.8828e-08,0.0,0.0
433.0,0.0,1.7871e-08,-3.9e-11,-3.9e-11,-0.0,-0.0,-0.0,-0.0,-1.2816e-08,-199.63264,-6e-12,2.68e-10,0.0,8.1e-10,0.0,-2.56668e-07,0.0,0.0,-6.67e-10,1.43e-10,0.0,1.7871e-08,-4.7e-11,-1.2816e-08,0.0,0.0
433.5,0.0,1.2164e-08,-2.7e-11,-2.7e-11,-0.0,-0.0,-0.0,-0.0,-8.724e-09,-199.63264,-4e-12,1.82e-10,0.0,5.52e-10,0.0,-2.56668e-07,0.0,0.0,-4.54e-10,9.7e-11,0.0,1.2164e-08,-3.2e-11,-8.724e-09,0.0,0.0
434.0,0.0,8.28e-09,-1.8e-11,-1.8e-11,-0.0,-0.0,-0.0,-0.0,-5.938e-09,-199.63264,-3e-12,1.24e-10,0.0,3.76e-10,0.0,-2.56668e-07,0.0,0.0,-3.09e-10,6.6e-11,0.0,8.28e-09,-2.2e-11,-5.938e-09,0.0,0.0
434.5,0.0,5.636e-09,-1.2e-11,-1.2e-11,-0.0,-0.0,-0.0,-0.0,-4.042e-09,-199.63264,-2e-12,8.4e-11,0.0,2.56e-10,0.0,-2.56668e-07,0.0,0.0,-2.1e-10,4.5e-11,0.0,5.636e-09,-1.5e-11,-4.042e-09,0.0,0.0
435.0,0.0,3.836e-09,-8e-12,-8e-12,-0.0,-0.0,-0.0,-0.0,-2.751e-09,-199.63264,-1e-12,5.8e-11,0.0,1.74e-10,0.0,-2.56668e-07,0.0,0.0,-1.43e-10,3.1e-11,0.0,3.836e-09,-1e-11,-2.751e-09,0.0,0.0
435.5,0.0,2.611e-09,-6e-12,-6e-12,-0.0,-0.0,-0.0,-0.0,-1.873e-09,-199.63264,-1e-12,3.9e-11,0.0,1.18e-10,0.0,-2.56668e-07,0.0,0.0,-9.8e-11,2.1e-11,0.0,2.611e-09,-7e-12,-1.873e-09,0.0,0.0
436.0,0.0,1.778e-09,-4e-12,-4e-12,-0.0,-0.0,-0.0,-0.0,-1.275e-09,-199.63264,-1e-12,2.7e-11,0.0,8.1e-11,0.0,-2.56668e-07,0.0,0.0,-6.6e-11,1.4e-11,0.0,1.778e-09,-5e-12,-1.275e-09,0.0,0.0
436.5,0.0,1.21e-09,-3e-12,-3e-12,-0.0,-0.0,-0.0,-0.0,-8.68e-10,-199.63264,-0.0,1.8e-11,0.0,5.5e-11,0.0,-2.56668e-07,0.0,0.0,-4.5e-11,1e-11,0.0,1.21e-09,-3e-12,-8.68e-10,0.0,0.0
437.0,0.0,8.24e-10,-2e-12,-2e-12,-0.0,-0.0,-0.0,-0.0,-5.91e-10,-199.63264,-0.0,1.2e-11,0.0,3.7e-11,0.0,-2.56668e-07,0.0,0.0,-3.1e-11,7e-12,0.0,8.24e-10,-2e-12,-5.91e-10,0.0,0.0
437.5,0.0,5.61e-10,-1e-12,-1e-12,-0.0,-0.0,-0.0,-0.0,-4.02e-10,-199.63264,-0.0,8e-12,0.0,2.5e-11,0.0,-2.56668e-07,0.0,0.0,-2.1e-11,4e-12,0.0,5.61e-10,-1e-12,-4.02e-10,0.0,0.0
438.0,0.0,3.82e-10,-1e-12,-1e-12,-0.0,-0.0,-0.0,-0.0,-2.74e-10,-199.63264,-0.0,6e-12,0.0,1.7e-11,0.0,-2.56668e-07,0.0,0.0,-1.4e-11,3e-12,0.0,3.82e-10,-1e-12,-2.74e-10,0.0,0.0
438.5,0.0,2.6e-10,-1e-12,-1e-12,-0.0,-0.0,-0.0,-0.0,-1.86e-10,-199.63264,-0.0,4e-12,0.0,1.2e-11,0.0,-2.56668e-07,0.0,0.0,-1e-11,2e-12,0.0,2.6e-10,-1e-12,-1.86e-10,0.0,0.0
439.0,0.0,1.77e-10,-0.0,-0.0,-0.0,-0.0,-0.0,-0.0,-1.27e-10,-199.63264,-0.0,3e-12,0.0,8e-12,0.0,-2.56668e-07,0.0,0.0,-7e-12,1e-12,0.0,1.77e-10,-0.0,-1.27e-10,0.0,0.0
439.5,0.0,1.2e-10,-0.0,-0.0,-0.0,-0.0,-0.0,-0.0,-8.6e-11,-199.63264,-0.0,2e-12,0.0,5e-12,0.0,-2.56668e-07,0.0,0.0,-4e-12,1e-12,0.0,1.2e-10,-0.0,-8.6e-11,0.0,0.0
440.0,0.0,8.2e-11,-0.0,-0.0,-0.0,-0.0,-0.0,-0.0,-5.9e-11,-199.63264,-0.0,1e-12,0.0,4e-12,0.0,-2.56668e-07,0.0,0.0,-3e-12,1e-12,0.0,8.2e-11,-0.0,-5.9e-11,0.0,0.0
440.5,0.0,5.6e-11,-0.0,-0.0,-0.0,-0.0,-0.0,-0.0,-4e-11,-199.63264,-0.0,1e-12,0.0,3e-12,0.0,-2.56668e-07,0.0,0.0,-2e-12,0.0,0.0,5.6e-11,-0.0,-4e-11,0.0,0.0
441.0,0.0,3.8e-11,-0.0,-0.0,-0.0,-0.0,-0.0,-0.0,-2.7e-11,-199.63264,-0.0,1e-12,0.0,2e-12,0.0,-2.56668e-07,0.0,0.0,-1e-12,0.0,0.0,3.8e-11,-0.0,-2.7e-11,0.0,0.0
441.5,0.0,2.6e-11,-0.0,-0.0,-0.0,-0.0,-0.0,-0.0,-1.9e-11,-199.63264,-0.0,0.0,0.0,1e-12,0.0,-2.56668e-07,0.0,0.0,-1e-12,0.0,0.0,2.6e-11,-0.0,-1.9e-11,0.0,0.0
442.0,0.0,1.8e-11,-0.0,-0.0,-0.0,-0.0,-0.0,-0.0,-1.3e-11,-199.63264,-0.0,0.0,0.0,1e-12,0.0,-2.56668e-07,0.0,0.0,-1e-12,0.0,0.0,1.8e-11,-0.0,-1.3e-11,0.0,0.0
442.5,0.0,1.2e-11,-0.0,-0.0,-0.0,-0.0,-0.0,-0.0,-9e-12,-199.63264,-0.0,0.0,0.0,1e-12,0.0,-2.56668e-07,0.0,0.0,-0.0,0.0,0.0,1.2e-11,-0.0,-9e-12,0.0,0.0
443.0,0.0,8e-12,-0.0,-0.0,-0.0,-0.0,-0.0,-0.0,-6e-12,-199.63264,-0.0,0.0,0.0,0.0,0.0,-2.56668e-07,0.0,0.0,-0.0,0.0,0.0,8e-12,-0.0,-6e-12,0.0,0.0
443.5,0.0,6e-12,-0.0,-0.0,-0.0,-0.0,-0.0,-0.0,-4e-12,-199.63264,-0.0,0.0,0.0,0.0,0.0,-2.56668e-07,0.0,0.0,-0.0,0.0,0.0,6e-12,-0.0,-4e-12,0.0,0.0
444.0,0.0,4e-12,-0.0,-0.0,-0.0,-0.0,-0.0,-0.0,-3e-12,-199.63264,-0.0,0.0,0.0,0.0,0.0,-2.56668e-07,0.0,0.0,-0.0,0.0,0.0,4e-12,-0.0,-3e-12,0.0,0.0
444.5,0.0,3e-12,-0.0,-0.0,-0.0,-0.0,-0.0,-0.0,-2e-12,-199.63264,-0.0,0.0,0.0,0.0,0.0,-2.56668e-07,0.0,0.0,-0.0,0.0,0.0,3e-12,-0.0,-2e-12,0.0,0.0
445.0,0.0,2e-12,-0.0,-0.0,-0.0,-0.0,-0.0,-0.0,-1e-12,-199.63264,-0.0,0.0,0.0,0.0,0.0,-2.56668e-07,0.0,0.0,-0.0,0.0,0.0,2e-12,-0.0,-1e-12,0.0,0.0
445.5,0.0,1e-12,-0.0,-0.0,-0.0,-0.0,-0.0,-0.0,-1e-12,-199.63264,-0.0,0.0,0.0,0.0,0.0,-2.56668e-07,0.0,0.0,-0.0,0.0,0.0,1e-12,-0.0,-1e-12,0.0,0.0
446.0,0.0,1e-12,-0.0,-0.0,-0.0,-0.0,-0.0,-0.0,-1e-12,-199.63264,-0.0,0.0,0.0,0.0,0.0,-2.56668e-07,0.0,0.0,-0.0,0.0,0.0,1e-12,-0.0,-1e-12,0.0,0.0
446.5,0.0,1e-12,-0.0,-0.0,-0.0,-0.0,-0.0,-0.0,-0.0,-199.63264,-0.0,0.0,0.0,0.0,0.0,-2.56668e-07,0.0,0.0,-0.0,0.0,0.0,1e-12,-0.0,-0.0,0.0,0.0
447.0,0.0,0.0,-0.0,-0.0,-0.0,-0.0,-0.0,-0.0,-0.0,-199.63264,-0.0,0.0,0.0,0.0,0.0,-2.56668e-07,0.0,0.0,-0.0,0.0,0.0,0.0,-0.0,-0.0,0.0,0.0
447.5,0.0,0.0,-0.0,-0.0,-0.0,-0.0,-0.0,-0.0,-0.0,-199.63264,-0.0,0.0,0.0,0.0,0.0,-2.56668e-07,0.0,0.0,-0.0,0.0,0.0,0.0,-0.0,-0.0,0.0,0.0
448.0,0.0,0.0,-0.0,-0.0,-0.0,-0.0,-0.0,-0.0,-0.0,-199.63264,-0.0,0.0,0.0,0.0,0.0,-2.56668e-07,0.0,0.0,-0.0,0.0,0.0,0.0,-0.0,-0.0,0.0,0.0
448.5,0.0,0.0,-0.0,-0.0,-0.0,-0.0,-0.0,-0.0,-0.0,-199.63264,-0.0,0.0,0.0,0.0,0.0,-2.56668e-07,0.0,0.0,-0.0,0.0,0.0,0.0,-0.0,-0.0,0.0,0.0
449.0,0.0,0.0,-0.0,-0.0,-0.0,-0.0,-0.0,-0.0,-0.0,-199.63264,-0.0,0.0,0.0,0.0,0.0,-2.56668e-07,0.0,0.0,-0.0,0.0,0.0,0.0,-0.0,-0.0,0.0,0.0
449.5,0.0,0.0,-0.0,-0.0,-0.0,-0.0,-0.0,-0.0,-0.0,-199.63264,-0.0,0.0,0.0,0.0,0.0,-2.56668e-07,0.0,0.0,-0.0,0.0,0.0,0.0,-0.0,-0.0,0.0,0.0
450.0,0.0,0.0,-0.0,-0.0,-0.0,-0.0,-0.0,-0.0,-0.0,-199.63264,-0.0,0.0,0.0,0.0,0.0,-2.56668e-07,0.0,0.0,-0.0,0.0,0.0,0.0,-0.0,-0.0,0.0,0.0
450.5,0.0,0.0,-0.0,-0.0,-0.0,-0.0,-0.0,-0.0,-0.0,-199.63264,-0.0,0.0,0.0,0.0,0.0,-2.56668e-07,0.0,0.0,-0.0,0.0,0.0,0.0,-0.0,-0.0,0.0,0.0
451.0,0.0,0.0,-0.0,-0.0,-0.0,-0.0,-0.0,-0.0,-0.0,-199.63264,-0.0,0.0,0.0,0.0,0.0,-2.56668e-07,0.0,0.0,-0.0,0.0,0.0,0.0,-0.0,-0.0,0.0,0.0
451.5,0.0,0.0,-0.0,-0.0,-0.0,-0.0,-0.0,-0.0,-0.0,-199.63264,-0.0,0.0,0.0,0.0,0.0,-2.56668e-07,0.0,0.0,-0.0,0.0,0.0,0.0,-0.0,-0.0,0.0,0.0
452.0,0.0,0.0,-0.0,-0.0,-0.0,-0.0,-0.0,-0.0,-0.0,-199.63264,-0.0,0.0,0.0,0.0,0.0,-2.56668e-07,0.0,0.0,-0.0,0.0,0.0,0.0,-0.0,-0.0,0.0,0.0
452.5,0.0,0.0,-0.0,-0.0,-0.0,-0.0,-0.0,-0.0,-0.0,-199.63264,-0.0,0.0,0.0,0.0,0.0,-2.56668e-07,0.0,0.0,-0.0,0.0,0.0,0.0,-0.0,-0.0,0.0,0.0
453.0,0.0,0.0,-0.0,-0.0,-0.0,-0.0,-0.0,-0.0,-0.0,-199.63264,-0.0,0.0,0.0,0.0,0.0,-2.56668e-07,0.0,0.0,-0.0,0.0,0.0,0.0,-0.0,-0.0,0.0,0.0
453.5,0.0,0.0,-0.0,-0.0,-0.0,-0.0,-0.0,-0.0,-0.0,-199.63264,-0.0,0.0,0.0,0.0,0.0,-2.56668e-07,0.0,0.0,-0.0,0.0,0.0,0.0,-0.0,-0.0,0.0,0.0
454.0,0.0,0.0,-0.0,-0.0,-0.0,-0.0,-0.0,-0.0,-0.0,-199.63264,-0.0,0.0,0.0,0.0,0.0,-2.56668e-07,0.0,0.0,-0.0,0.0,0.0,0.0,-0.0,-0.0,0.0,0.0
454.5,0.0,0.0,-0.0,-0.0,-0.0,-0.0,-0.0,-0.0,-0.0,-199.63264,-0.0,0.0,0.0,0.0,0.0,-2.56668e-07,0.0,0.0,-0.0,0.0,0.0,0.0,-0.0,-0.0,0.0,0.0
455.0,0.0,0.0,-0.0,-0.0,-0.0,-0.0,-0.0,-0.0,-0.0,-199.63264,-0.0,0.0,0.0,0.0,0.0,-2.56668e-07,0.0,0.0,-0.0,0.0,0.0,0.0,-0.0,-0.0,0.0,0.0
455.5,0.0,0.0,-0.0,-0.0,-0.0,-0.0,-0.0,-0.0,-0.0,-199.63264,-0.0,0.0,0.0,0.0,0.0,-2.56668e-07,0.0,0.0,-0.0,0.0,0.0,0.0,-0.0,-0.0,0.0,0.0
456.0,0.0,0.0,-0.0,-0.0,-0.0,-0.0,-0.0,-0.0,-0.0,-199.63264,-0.0,0.0,0.0,0.0,0.0,-2.56668e-07,0.0,0.0,-0.0,0.0,0.0,0.0,-0.0,-0.0,0.0,0.0
456.5,0.0,0.0,-0.0,-0.0,-0.0,-0.0,-0.0,-0.0,-0.0,-199.63264,-0.0,0.0,0.0,0.0,0.0,-2.56668e-07,0.0,0.0,-0.0,0.0,0.0,0.0,-0.0,-0.0,0.0,0.0
457.0,0.0,0.0,-0.0,-0.0,-0.0,-0.0,-0.0,-0.0,-0.0,-199.63264,-0.0,0.0,0.0,0.0,0.0,-2.56668e-07,0.0,0.0,-0.0,0.0,0.0,0.0,-0.0,-0.0,0.0,0.0
457.5,0.0,0.0,-0.0,-0.0,-0.0,-0.0,-0.0,-0.0,-0.0,-199.63264,-0.0,0.0,0.0,0.0,0.0,-2.56668e-07,0.0,0.0,-0.0,0.0,0.0,0.0,-0.0,-0.0,0.0,0.0
458.0,0.0,0.0,-0.0,-0.0,-0.0,-0.0,-0.0,-0.0,-0.0,-199.63264,-0.0,0.0,0.0,0.0,0.0,-2.56668e-07,0.0,0.0,-0.0,0.0,0.0,0.0,-0.0,-0.0,0.0,0.0
458.5,0.0,0.0,-0.0,-0.0,-0.0,-0.0,-0.0,-0.0,-0.0,-199.63264,-0.0,0.0,0.0,0.0,0.0,-2.56668e-07,0.0,0.0,-0.0,0.0,0.0,0.0,-0.0,-0.0,0.0,0.0
459.0,0.0,0.0,-0.0,-0.0,-0.0,-0.0,-0.0,-0.0,-0.0,-199.63264,-0.0,0.0,0.0,0.0,0.0,-2.56668e-07,0.0,0.0,-0.0,0.0,0.0,0.0,-0.0,-0.0,0.0,0.0
459.5,0.0,0.0,-0.0,-0.0,-0.0,-0.0,-0.0,-0.0,-0.0,-199.63264,-0.0,0.0,0.0,0.0,0.0,-2.56668e-07,0.0,0.0,-0.0,0.0,0.0,0.0,-0.0,-0.0,0.0,0.0
460.0,0.0,0.0,-0.0,-0.0,-0.0,-0.0,-0.0,-0.0,-0.0,-199.63264,-0.0,0.0,0.0,0.0,0.0,-2.56668e-07,0.0,0.0,-0.0,0.0,0.0,0.0,-0.0,-0.0,0.0,0.0
460.5,0.0,0.0,-0.0,-0.0,-0.0,-0.0,-0.0,-0.0,-0.0,-199.63264,0.0,0.0,-0.0,0.0,0.0,-2.56668e-07,0.0,0.0,-0.0,0.0,0.0,0.0,-0.0,-0.0,0.0,0.0
461.0,0.0,0.0,-0.0,-0.0,-0.0,-0.0,-0.0,-0.0,-0.0,-199.63264,0.0,0.0,-0.0,0.0,0.0,-2.56668e-07,0.0,0.0,-0.0,0.0,0.0,0.0,-0.0,-0.0,0.0,0.0
461.5,0.0,0.0,-0.0,-0.0,-0.0,-0.0,-0.0,-0.0,-0.0,-199.63264,0.0,0.0,-0.0,0.0,0.0,-2.56668e-07,0.0,0.0,-0.0,0.0,0.0,0.0,-0.0,-0.0,0.0,0.0
462.0,0.0,0.0,-0.0,-0.0,-0.0,-0.0,-0.0,-0.0,-0.0,-199.63264,0.0,0.0,-0.0,0.0,0.0,-2.56668e-07,0.0,0.0,-0.0,0.0,0.0,0.0,-0.0,-0.0,0.0,0.0
462.5,0.0,0.0,-0.0,-0.0,-0.0,-0.0,-0.0,-0.0,-0.0,-199.63264,0.0,0.0,-0.0,0.0,0.0,-2.56668e-07,0.0,0.0,-0.0,0.0,0.0,0.0,-0.0,-0.0,0.0,0.0
463.0,0.0,0.0,-0.0,-0.0,-0.0,-0.0,-0.0,-0.0,-0.0,-199.63264,0.0,0.0,-0.0,0.0,0.0,-2.56668e-07,0.0,0.0,-0.0,0.0,0.0,0.0,-0.0,-0.0,0.0,0.0
463.5,0.0,0.0,-0.0,-0.0,-0.0,-0.0,-0.0,-0.0,-0.0,-199.63264,0.0,0.0,-0.0,0.0,0.0,-2.56668e-07,0.0,0.0,-0.0,0.0,0.0,0.0,-0.0,-0.0,0.0,0.0
464.0,0.0,0.0,-0.0,-0.0,-0.0,-0.0,-0.0,-0.0,-0.0,-199.63264,0.0,0.0,-0.0,0.0,0.0,-2.56668e-07,0.0,0.0,-0.0,0.0,0.0,0.0,-0.0,-0.0,0.0,0.0
464.5,0.0,0.0,-0.0,-0.0,-0.0,-0.0,-0.0,-0.0,-0.0,-199.63264,0.0,0.0,-0.0,0.0,0.0,-2.56668e-07,0.0,0.0,-0.0,0.0,0.0,0.0,-0.0,-0.0,0.0,0.0
465.0,0.0,0.0,-0.0,-0.0,-0.0,-0.0,-0.0,-0.0,-0.0,-199.63264,0.0,0.0,-0.0,0.0,0.0,-2.56668e-07,0.0,0.0,-0.0,0.0,0.0,0.0,-0.0,-0.0,0.0,0.0
465.5,0.0,0.0,-0.0,-0.0,-0.0,-0.0,-0.0,-0.0,-0.0,-199.63264,0.0,0.0,-0.0,0.0,0.0,-2.56668e-07,0.0,0.13932850656,-0.0,0.0,0.0,0.0,-0.0,-0.0,0.0,0.0
466.0,0.0,0.0,-0.0,-0.0,-0.0,-0.0,-0.0,-0.0,-0.0,-199.63264,0.0,0.0,-0.0,0.0,0.0,-2.56668e-07,0.0,9.02740132,-0.0,0.0,0.0,0.0,-0.0,-0.0,0.0,0.0
466.5,0.0,0.0,-0.0,-0.0,-0.0,-0.0,-0.0,-0.0,-0.0,-199.63264,0.0,0.0,-0.0,0.0,0.0,-2.56668e-07,0.0,22.915711,-0.0,0.0,0.0,0.0,-0.0,-0.0,0.0,0.0
467.0,0.0,0.0,-0.0,-0.0,-0.0,-0.0,-0.0,-0.0,-0.0,-199.63264,0.0,0.0,-0.0,0.0,0.0,-2.56668e-07,0.0,36.8040206,-0.0,0.0,0.0,0.0,-0.0,-0.0,0.0,0.0
467.5,0.0,0.0,-0.0,-0.0,-0.0,-0.0,-0.0,-0.0,-0.0,-199.63264,0.0,0.0,-0.0,0.0,0.0,-2.56668e-07,0.0,50.6923305,-0.0,0.0,0.0,0.0,-0.0,-0.0,0.0,0.0
468.0,0.0,0.0,-0.0,-0.0,-0.0,-0.0,-0.0,-0.0,-0.0,-199.63264,0.0,0.0,-0.0,0.0,0.0,-2.56668e-07,0.0,64.5806403,-0.0,0.0,0.0,0.0,-0.0,-0.0,0.0,0.0
468.5,0.0,0.0,-0.0,-0.0,-0.0,-0.0,-0.0,-0.0,-0.0,-199.63264,0.0,0.0,-0.0,0.0,0.0,-2.56668e-07,0.0,78.3295161,-0.0,0.0,0.0,0.0,-0.0,-0.0,0.0,0.0
469.0,0.0,0.0,-0.0,-0.0,-0.0,-0.0,-0.0,-0.0,-0.0,-199.63264,0.0,0.0,-0.0,0.0,0.0,-2.56668e-07,0.0,83.32986,-0.0,0.0,0.0,0.0,-0.0,-0.0,0.0,0.0
469.5,0.0,0.0,-0.0,-0.0,-0.0,-0.0,-0.0,-0.0,-0.0,-199.63264,0.0,0.0,-0.0,0.0,0.0,-2.56668e-07,0.0,83.32986,-0.0,0.0,0.0,0.0,-0.0,-0.0,0.0,0.0
470.0,0.0,0.0,-0.0,-0.0,-0.0,-0.0,-0.0,-0.0,-0.0,-199.63264,0.0,0.0,-0.0,0.0,0.0,-2.56668e-07,0.0,83.32986,-0.0,0.0,0.0,0.0,-0.0,-0.0,0.0,0.0
470.5,0.0,0.0,-0.0,-0.0,-0.0,-0.0,-0.0,-0.0,-0.0,-199.63264,0.0,0.0,-0.0,0.0,0.0,-2.56668e-07,0.0,83.32986,-0.0,0.0,0.0,0.0,-0.0,-0.0,0.0,0.0
471.0,0.0,0.0,-0.0,-0.0,-0.0,-0.0,-0.0,-0.0,-0.0,-199.63264,0.0,0.0,-0.0,0.0,0.0,-2.56668e-07,0.0,83.32986,-0.0,0.0,0.0,0.0,-0.0,-0.0,0.0,0.0
471.5,0.0,0.0,-0.0,-0.0,-0.0,-0.0,-0.0,-0.0,-0.0,-199.63264,0.0,0.0,-0.0,0.0,0.0,-2.56668e-07,0.0,83.32986,-0.0,0.0,0.0,0.0,-0.0,-0.0,0.0,0.0
472.0,0.0,0.0,-0.0,-0.0,-0.0,-0.0,-0.0,-0.0,-0.0,-199.63264,0.0,0.0,-0.0,0.0,0.0,-2.56668e-07,0.0,83.32986,-0.0,0.0,0.0,0.0,-0.0,-0.0,0.0,0.0
472.5,0.0,0.0,-0.0,-0.0,-0.0,-0.0,-0.0,-0.0,-0.0,-199.63264,0.0,0.0,-0.0,0.0,0.0,-2.56668e-07,0.0,83.32986,-0.0,0.0,0.0,0.0,-0.0,-0.0,0.0,0.0
473.0,0.0,0.0,-0.0,-0.0,-0.0,-0.0,-0.0,-0.0,-0.0,-199.63264,0.0,0.0,-0.0,0.0,0.0,-2.56668e-07,0.0,83.32986,-0.0,0.0,0.0,0.0,-0.0,-0.0,0.0,0.0
473.5,0.0,0.0,-0.0,-0.0,-0.0,-0.0,-0.0,-0.0,-0.0,-199.63264,0.0,0.0,-0.0,0.0,0.0,-2.56668e-07,0.0,83.32986,-0.0,0.0,0.0,0.0,-0.0,-0.0,0.0,0.0
474.0,0.0,0.0,-0.0,-0.0,-0.0,-0.0,-0.0,-0.0,-0.0,-199.63264,0.0,0.0,-0.0,0.0,0.0,-2.56668e-07,0.0,83.32986,-0.0,0.0,0.0,0.0,-0.0,-0.0,0.0,0.0
474.5,0.0,0.0,-0.0,-0.0,-0.0,-0.0,-0.0,-0.0,-0.0,-199.63264,0.0,0.0,-0.0,0.0,0.0,-2.56668e-07,0.0,83.32986,-0.0,0.0,0.0,0.0,-0.0,-0.0,0.0,0.0
475.0,0.0,0.0,-0.0,-0.0,-0.0,-0.0,-0.0,-0.0,-0.0,-199.63264,0.0,0.0,-0.0,0.0,0.0,-2.56668e-07,0.0,83.32986,-0.0,0.0,0.0,0.0,-0.0,-0.0,0.0,0.0
475.5,0.0,0.0,-0.0,-0.0,-0.0,-0.0,-0.0,-0.0,-0.0,-199.63264,0.0,0.0,-0.0,0.0,0.0,-2.56668e-07,0.0,83.32986,-0.0,0.0,0.0,0.0,-0.0,-0.0,0.0,0.0
476.0,0.0,0.0,-0.0,-0.0,-0.0,-0.0,-0.0,-0.0,-0.0,-199.63264,0.0,0.0,-0.0,0.0,0.0,-2.56668e-07,0.0,83.32986,-0.0,0.0,0.0,0.0,-0.0,-0.0,0.0,0.0
476.5,0.0,0.0,-0.0,-0.0,-0.0,-0.0,-0.0,-0.0,-0.0,-199.63264,0.0,0.0,-0.0,0.0,0.0,-2.56668e-07,0.0,83.32986,-0.0,0.0,0.0,0.0,-0.0,-0.0,0.0,0.0
477.0,0.0,0.0,-0.0,-0.0,-0.0,-0.0,-0.0,-0.0,-0.0,-199.63264,0.0,0.0,-0.0,0.0,0.0,-2.56668e-07,0.0,83.32986,-0.0,0.0,0.0,0.0,-0.0,-0.0,0.0,0.0
477.5,0.0,0.0,-0.0,-0.0,-0.0,-0.0,-0.0,-0.0,-0.0,-199.63264,0.0,0.0,-0.0,0.0,0.0,-2.56668e-07,0.0,83.1907615,-0.0,0.0,0.0,0.0,-0.0,-0.0,0.0,0.0
478.0,0.0,0.0,-0.0,-0.0,-0.0,-0.0,-0.0,-0.0,-0.0,-199.63264,0.0,0.0,-0.0,0.0,0.0,-2.56668e-07,0.0,74.3024566,-0.0,0.0,0.0,0.0,-0.0,-0.0,0.0,0.0
478.5,0.0,0.0,-0.0,-0.0,-0.0,-0.0,-0.0,-0.0,-0.0,-199.63264,0.0,0.0,-0.0,0.0,0.0,-2.56668e-07,0.0,60.4141475,-0.0,0.0,0.0,0.0,-0.0,-0.0,0.0,0.0
479.0,0.0,0.0,-0.0,-0.0,-0.0,-0.0,-0.0,-0.0,-0.0,-199.63264,0.0,0.0,-0.0,0.0,0.0,-2.56668e-07,0.0,46.5258373,-0.0,0.0,0.0,0.0,-0.0,-0.0,0.0,0.0
479.5,0.0,0.0,-0.0,-0.0,-0.0,-0.0,-0.0,-0.0,-0.0,-199.63264,0.0,0.0,-0.0,0.0,0.0,-2.56668e-07,0.0,32.6375279,-0.0,0.0,0.0,0.0,-0.0,-0.0,0.0,0.0
480.0,0.0,0.0,-0.0,-0.0,-0.0,-0.0,-0.0,-0.0,-0.0,-199.63264,0.0,0.0,-0.0,0.0,0.0,-2.56668e-07,0.0,18.74921795,-0.0,0.0,0.0,0.0,-0.0,-0.0,0.0,0.0
480.5,0.0,0.0,-0.0,-0.0,-0.0,-0.0,-0.0,-0.0,-0.0,-199.63264,0.0,0.0,-0.0,0.0,0.0,-2.56668e-07,0.0,5.00026784683,-0.0,0.0,0.0,0.0,-0.0,-0.0,0.0,0.0
481.0,0.0,0.0,-0.0,-0.0,-0.0,-0.0,-0.0,-0.0,-0.0,-199.63264,0.0,0.0,-0.0,0.0,0.0,-2.56668e-07,0.0,0.0,-0.0,0.0,0.0,0.0,-0.0,-0.0,0.0,0.0
481.5,0.0,0.0,-0.0,-0.0,-0.0,-0.0,-0.0,-0.0,-0.0,-199.63264,0.0,0.0,-0.0,0.0,0.0,-2.56668e-07,0.0,0.0,-0.0,0.0,0.0,0.0,-0.0,-0.0,0.0,0.0
482.0,0.0,0.0,-0.0,-0.0,-0.0,-0.0,-0.0,-0.0,-0.0,-199.63264,0.0,0.0,-0.0,0.0,0.0,-2.56668e-07,0.0,0.0,-0.0,0.0,0.0,0.0,-0.0,-0.0,0.0,0.0
482.5,0.0,0.0,-0.0,-0.0,-0.0,-0.0,-0.0,-0.0,-0.0,-199.63264,0.0,0.0,-0.0,0.0,0.0,-2.56668e-07,0.0,0.0,-0.0,0.0,0.0,0.0,-0.0,-0.0,0.0,0.0
483.0,0.0,0.0,-0.0,-0.0,-0.0,-0.0,-0.0,-0.0,-0.0,-199.63264,0.0,0.0,-0.0,0.0,0.0,-2.56668e-07,0.0,0.0,-0.0,0.0,0.0,0.0,-0.0,-0.0,0.0,0.0
483.5,0.0,0.0,-0.0,-0.0,-0.0,-0.0,-0.0,-0.0,-0.0,-199.63264,0.0,0.0,-0.0,0.0,0.0,-2.56668e-07,0.0,0.0,-0.0,0.0,0.0,0.0,-0.0,-0.0,0.0,0.0
484.0,0.0,0.0,-0.0,-0.0,-0.0,-0.0,-0.0,-0.0,-0.0,-199.63264,0.0,0.0,-0.0,0.0,0.0,-2.56668e-07,0.0,0.0,-0.0,0.0,0.0,0.0,-0.0,-0.0,0.0,0.0
484.5,0.0,0.0,-0.0,-0.0,-0.0,-0.0,-0.0,-0.0,-0.0,-199.63264,0.0,0.0,-0.0,0.0,0.0,-2.56668e-07,0.0,0.0,-0.0,0.0,0.0,0.0,-0.0,-0.0,0.0,0.0
485.0,0.0,0.0,-0.0,-0.0,-0.0,-0.0,-0.0,-0.0,-0.0,-199.63264,0.0,0.0,-0.0,0.0,0.0,-2.56668e-07,0.0,0.0,-0.0,0.0,0.0,0.0,-0.0,-0.0,0.0,0.0
485.5,0.0,0.0,-0.0,-0.0,-0.0,-0.0,-0.0,-0.0,-0.0,-199.63264,0.0,0.0,-0.0,0.0,0.0,-2.56668e-07,0.0,0.0,-0.0,0.0,0.0,0.0,-0.0,-0.0,0.0,0.0
486.0,0.0,0.0,-0.0,-0.0,-0.0,-0.0,-0.0,-0.0,-0.0,-199.63264,0.0,0.0,-0.0,0.0,0.0,-2.56668e-07,0.0,0.0,-0.0,0.0,0.0,0.0,-0.0,-0.0,0.0,0.0
486.5,0.0,0.0,-0.0,-0.0,-0.0,-0.0,-0.0,-0.0,-0.0,-199.63264,0.0,0.0,-0.0,0.0,0.0,-2.56668e-07,0.0,0.0,-0.0,0.0,0.0,0.0,-0.0,-0.0,0.0,0.0
487.0,0.0,0.0,-0.0,-0.0,-0.0,-0.0,-0.0,-0.0,-0.0,-199.63264,0.0,0.0,-0.0,0.0,0.0,-2.56668e-07,0.0,0.0,-0.0,0.0,0.0,0.0,-0.0,-0.0,0.0,0.0
487.5,0.0,0.0,-0.0,-0.0,-0.0,-0.0,-0.0,-0.0,-0.0,-199.63264,0.0,0.0,-0.0,0.0,0.0,-2.56668e-07,0.0,0.0,-0.0,0.0,0.0,0.0,-0.0,-0.0,0.0,0.0
488.0,0.0,0.0,-0.0,-0.0,-0.0,-0.0,-0.0,-0.0,-0.0,-199.63264,0.0,0.0,-0.0,0.0,0.0,-2.56668e-07,0.0,0.0,-0.0,0.0,0.0,0.0,-0.0,-0.0,0.0,0.0
488.5,0.0,0.0,-0.0,-0.0,-0.0,-0.0,-0.0,-0.0,-0.0,-199.63264,0.0,0.0,-0.0,0.0,0.0,-2.56668e-07,0.0,0.0,-0.0,0.0,0.0,0.0,-0.0,-0.0,0.0,0.0
489.0,0.0,0.0,-0.0,-0.0,-0.0,-0.0,-0.0,-0.0,-0.0,-199.63264,0.0,0.0,-0.0,0.0,0.0,-2.56668e-07,0.0,0.0,-0.0,0.0,0.0,0.0,-0.0,-0.0,0.0,0.0
489.5,0.0,0.0,-0.0,-0.0,-0.0,-0.0,-0.0,-0.0,-0.0,-199.63264,0.0,0.0,-0.0,0.0,0.0,-2.56668e-07,0.0,0.0,-0.0,0.0,0.0,0.0,-0.0,-0.0,0.0,0.0
490.0,0.0,0.0,-0.0,-0.0,-0.0,-0.0,-0.0,-0.0,-0.0,-199.63264,0.0,0.0,-0.0,0.0,0.0,-2.56668e-07,0.0,0.0,-0.0,0.0,0.0,0.0,-0.0,-0.0,0.0,0.0
490.5,0.0,0.0,-0.0,-0.0,-0.0,-0.0,-0.0,-0.0,-0.0,-199.63264,0.0,0.0,-0.0,0.0,0.0,-2.56668e-07,0.0,0.0,-0.0,0.0,0.0,0.0,-0.0,-0.0,0.0,0.0
491.0,0.0,0.0,-0.0,-0.0,-0.0,-0.0,-0.0,-0.0,-0.0,-199.63264,0.0,0.0,-0.0,0.0,0.0,-2.56668e-07,0.0,0.0,-0.0,0.0,0.0,0.0,-0.0,-0.0,0.0,0.0
491.5,0.0,0.0,-0.0,-0.0,-0.0,-0.0,-0.0,-0.0,-0.0,-199.63264,0.0,0.0,-0.0,0.0,0.0,-2.56668e-07,0.0,0.0,-0.0,0.0,0.0,0.0,-0.0,-0.0,0.0,0.0
492.0,0.0,0.0,-0.0,-0.0,-0.0,-0.0,-0.0,-0.0,-0.0,-199.63264,0.0,0.0,-0.0,0.0,0.0,-2.56668e-07,0.0,0.0,-0.0,0.0,0.0,0.0,-0.0,-0.0,0.0,0.0
492.5,0.0,0.0,-0.0,-0.0,-0.0,-0.0,-0.0,-0.0,-0.0,-199.63264,0.0,0.0,-0.0,0.0,0.0,-2.56668e-07,0.0,0.0,-0.0,0.0,0.0,0.0,-0.0,-0.0,0.0,0.0
493.0,0.0,0.0,-0.0,-0.0,-0.0,-0.0,-0.0,-0.0,-0.0,-199.63264,0.0,0.0,-0.0,0.0,0.0,-2.56668e-07,0.0,0.0,-0.0,0.0,0.0,0.0,-0.0,-0.0,0.0,0.0
493.5,0.0,0.0,-0.0,-0.0,-0.0,-0.0,-0.0,-0.0,-0.0,-199.63264,0.0,0.0,-0.0,0.0,0.0,-2.56668e-07,0.0,0.0,-0.0,0.0,0.0,0.0,-0.0,-0.0,0.0,0.0
494.0,0.0,0.0,-0.0,-0.0,-0.0,-0.0,-0.0,-0.0,-0.0,-199.63264,0.0,0.0,-0.0,0.0,0.0,-2.56668e-07,0.0,0.0,-0.0,0.0,0.0,0.0,-0.0,-0.0,0.0,0.0
494.5,0.0,0.0,-0.0,-0.0,-0.0,-0.0,-0.0,-0.0,-0.0,-199.63264,0.0,0.0,-0.0,0.0,0.0,-2.56668e-07,0.0,0.0,-0.0,0.0,0.0,0.0,-0.0,-0.0,0.0,0.0
495.0,0.0,0.0,-0.0,-0.0,-0.0,-0.0,-0.0,-0.0,-0.0,-199.63264,0.0,0.0,-0.0,0.0,0.0,-2.56668e-07,0.0,0.0,-0.0,0.0,0.0,0.0,-0.0,-0.0,0.0,0.0
495.5,0.0,0.0,-0.0,-0.0,-0.0,-0.0,-0.0,-0.0,-0.0,-199.63264,0.0,0.0,-0.0,0.0,0.0,-2.56668e-07,0.0,0.0,-0.0,0.0,0.0,0.0,-0.0,-0.0,0.0,0.0
496.0,0.0,0.0,-0.0,-0.0,-0.0,-0.0,-0.0,-0.0,-0.0,-199.63264,0.0,0.0,-0.0,0.0,0.0,-2.56668e-07,0.0,0.0,-0.0,0.0,0.0,0.0,-0.0,-0.0,0.0,0.0
496.5,0.0,0.0,-0.0,-0.0,-0.0,-0.0,-0.0,-0.0,-0.0,-199.63264,0.0,0.0,-0.0,0.0,0.0,-2.56668e-07,0.0,0.0,-0.0,0.0,0.0,0.0,-0.0,-0.0,0.0,0.0
497.0,0.0,0.0,-0.0,-0.0,-0.0,-0.0,-0.0,-0.0,-0.0,-199.63264,0.0,0.0,-0.0,0.0,0.0,-2.56668e-07,0.0,0.0,-0.0,0.0,0.0,0.0,-0.0,-0.0,0.0,0.0
497.5,0.0,0.0,-0.0,-0.0,-0.0,-0.0,-0.0,-0.0,-0.0,-199.63264,0.0,0.0,-0.0,0.0,0.0,-2.56668e-07,0.0,0.0,-0.0,0.0,0.0,0.0,-0.0,-0.0,0.0,0.0
498.0,0.0,0.0,-0.0,-0.0,-0.0,-0.0,-0.0,-0.0,-0.0,-199.63264,0.0,0.0,-0.0,0.0,0.0,-2.56668e-07,0.0,0.0,-0.0,0.0,0.0,0.0,-0.0,-0.0,0.0,0.0
498.5,0.0,0.0,-0.0,-0.0,-0.0,-0.0,-0.0,-0.0,-0.0,-199.63264,0.0,0.0,-0.0,0.0,0.0,-2.56668e-07,0.0,0.0,-0.0,0.0,0.0,0.0,-0.0,-0.0,0.0,0.0
499.0,0.0,0.0,-0.0,-0.0,-0.0,-0.0,-0.0,-0.0,-0.0,-199.63264,0.0,0.0,-0.0,0.0,0.0,-2.56668e-07,0.0,0.0,-0.0,0.0,0.0,0.0,-0.0,-0.0,0.0,0.0
499.5,0.0,0.0,-0.0,-0.0,-0.0,-0.0,-0.0,-0.0,-0.0,-199.63264,0.0,0.0,-0.0,0.0,0.0,-2.56668e-07,0.0,0.0,-0.0,0.0,0.0,0.0,-0.0,-0.0,0.0,0.0
500.0,0.0,0.0,-0.0,-0.0,-0.0,-0.0,-0.0,-0.0,-0.0,-199.63264,0.0,0.0,-0.0,0.0,0.0,-2.56668e-07,0.0,0.0,-0.0,0.0,0.0,0.0,-0.0,-0.0,0.0,0.0
500.5,0.0,0.0,-0.0,-0.0,-0.0,-0.0,-0.0,-0.0,-0.0,-199.63264,0.0,0.0,-0.0,0.0,0.0,-2.56668e-07,0.0,0.0,-0.0,0.0,0.0,0.0,-0.0,-0.0,0.0,0.0
501.0,0.0,0.0,-0.0,-0.0,-0.0,-0.0,-0.0,-0.0,-0.0,-199.63264,0.0,0.0,-0.0,0.0,0.0,-2.56668e-07,0.0,0.0,-0.0,0.0,0.0,0.0,-0.0,-0.0,0.0,0.0
501.5,0.0,0.0,-0.0,-0.0,-0.0,-0.0,-0.0,-0.0,-0.0,-199.63264,0.0,0.0,-0.0,0.0,0.0,-2.56668e-07,0.0,0.0,-0.0,0.0,0.0,0.0,-0.0,-0.0,0.0,0.0
502.0,0.0,0.0,-0.0,-0.0,-0.0,-0.0,-0.0,-0.0,-0.0,-199.63264,0.0,0.0,-0.0,0.0,0.0,-2.56668e-07,0.0,0.0,-0.0,0.0,0.0,0.0,-0.0,-0.0,0.0,0.0
502.5,0.0,0.0,-0.0,-0.0,-0.0,-0.0,-0.0,-0.0,-0.0,-199.63264,0.0,0.0,-0.0,0.0,0.0,-2.56668e-07,0.0,0.0,-0.0,0.0,0.0,0.0,-0.0,-0.0,0.0,0.0
503.0,0.0,0.0,-0.0,-0.0,-0.0,-0.0,-0.0,-0.0,-0.0,-199.63264,0.0,0.0,-0.0,0.0,0.0,-2.56668e-07,0.0,0.0,-0.0,0.0,0.0,0.0,-0.0,-0.0,0.0,0.0
503.5,0.0,0.0,-0.0,-0.0,-0.0,-0.0,-0.0,-0.0,-0.0,-199.63264,0.0,0.0,-0.0,0.0,0.0,-2.56668e-07,0.0,0.0,-0.0,0.0,0.0,0.0,-0.0,-0.0,0.0,0.0
504.0,0.0,0.0,-0.0,-0.0,-0.0,-0.0,-0.0,-0.0,-0.0,-199.63264,0.0,0.0,-0.0,0.0,0.0,-2.56668e-07,0.0,0.0,-0.0,0.0,0.0,0.0,-0.0,-0.0,0.0,0.0
504.5,0.0,0.0,-0.0,-0.0,-0.0,-0.0,-0.0,-0.0,-0.0,-199.63264,0.0,0.0,-0.0,0.0,0.0,-2.56668e-07,0.0,0.0,-0.0,0.0,0.0,0.0,-0.0,-0.0,0.0,0.0
505.0,0.0,0.0,-0.0,-0.0,-0.0,-0.0,-0.0,-0.0,-0.0,-199.63264,0.0,0.0,-0.0,0.0,0.0,-2.56668e-07,0.0,0.0,-0.0,0.0,0.0,0.0,-0.0,-0.0,0.0,0.0
505.5,0.0,0.0,-0.0,-0.0,-0.0,-0.0,-0.0,-0.0,-0.0,-199.63264,0.0,0.0,-0.0,0.0,0.0,-2.56668e-07,0.0,0.0,-0.0,0.0,0.0,0.0,-0.0,-0.0,0.0,0.0
506.0,0.0,0.0,-0.0,-0.0,-0.0,-0.0,-0.0,-0.0,-0.0,-199.63264,0.0,0.0,-0.0,0.0,0.0,-2.56668e-07,0.0,0.0,-0.0,0.0,0.0,0.0,-0.0,-0.0,0.0,0.0
506.5,0.0,0.0,-0.0,-0.0,-0.0,-0.0,-0.0,-0.0,-0.0,-199.63264,0.0,0.0,-0.0,0.0,0.0,-2.56668e-07,0.0,0.0,-0.0,0.0,0.0,0.0,-0.0,-0.0,0.0,0.0
507.0,0.0,0.0,-0.0,-0.0,-0.0,-0.0,-0.0,-0.0,-0.0,-199.63264,0.0,0.0,-0.0,0.0,0.0,-2.56668e-07,0.0,0.0,-0.0,0.0,0.0,0.0,-0.0,-0.0,0.0,0.0
507.5,0.0,0.0,-0.0,-0.0,-0.0,-0.0,-0.0,-0.0,-0.0,-199.63264,0.0,0.0,-0.0,0.0,0.0,-2.56668e-07,0.0,0.0,-0.0,0.0,0.0,0.0,-0.0,-0.0,0.0,0.0
508.0,0.0,0.0,-0.0,-0.0,-0.0,-0.0,-0.0,-0.0,-0.0,-199.63264,0.0,0.0,-0.0,0.0,0.0,-2.56668e-07,0.0,0.0,-0.0,0.0,0.0,0.0,-0.0,-0.0,0.0,0.0
508.5,0.0,0.0,-0.0,-0.0,-0.0,-0.0,-0.0,-0.0,-0.0,-199.63264,0.0,0.0,-0.0,0.0,0.0,-2.56668e-07,0.0,0.0,-0.0,0.0,0.0,0.0,-0.0,-0.0,0.0,0.0
509.0,0.0,0.0,-0.0,-0.0,-0.0,-0.0,-0.0,-0.0,-0.0,-199.63264,0.0,0.0,-0.0,0.0,0.0,-2.56668e-07,0.0,0.0,-0.0,0.0,0.0,0.0,-0.0,-0.0,0.0,0.0
509.5,0.0,0.0,-0.0,-0.0,-0.0,-0.0,-0.0,-0.0,-0.0,-199.63264,0.0,0.0,-0.0,0.0,0.0,-2.56668e-07,0.0,0.0,-0.0,0.0,0.0,0.0,-0.0,-0.0,0.0,0.0
510.0,0.0,0.0,-0.0,-0.0,-0.0,-0.0,-0.0,-0.0,-0.0,-199.63264,0.0,0.0,-0.0,0.0,0.0,-2.56668e-07,0.0,0.0,-0.0,0.0,0.0,0.0,-0.0,-0.0,0.0,0.0
510.5,0.0,0.0,-0.0,-0.0,-0.0,-0.0,-0.0,-0.0,-0.0,-199.63264,0.0,0.0,-0.0,0.0,0.0,-2.56668e-07,0.0,0.0,-0.0,0.0,0.0,0.0,-0.0,-0.0,0.0,0.0
511.0,0.0,0.0,-0.0,-0.0,-0.0,-0.0,-0.0,-0.0,-0.0,-199.63264,0.0,0.0,-0.0,0.0,0.0,-2.56668e-07,0.0,0.0,-0.0,0.0,0.0,0.0,-0.0,-0.0,0.0,0.0
511.5,0.0,0.0,-0.0,-0.0,-0.0,-0.0,-0.0,-0.0,-0.0,-199.63264,0.0,0.0,-0.0,0.0,0.0,-2.56668e-07,0.0,0.0,-0.0,0.0,0.0,0.0,-0.0,-0.0,0.0,0.0
512.0,0.0,0.0,-0.0,-0.0,-0.0,-0.0,-0.0,-0.0,-0.0,-199.63264,0.0,0.0,-0.0,0.0,0.0,-2.56668e-07,0.0,0.0,-0.0,0.0,0.0,0.0,-0.0,-0.0,0.0,0.0
512.5,0.0,0.0,-0.0,-0.0,-0.0,-0.0,-0.0,-0.0,-0.0,-199.63264,0.0,0.0,-0.0,0.0,0.0,-2.56668e-07,0.0,0.0,-0.0,0.0,0.0,0.0,-0.0,-0.0,0.0,0.0
513.0,0.0,0.0,-0.0,-0.0,-0.0,-0.0,-0.0,-0.0,-0.0,-199.63264,0.0,0.0,-0.0,0.0,0.0,-2.56668e-07,0.0,0.0,-0.0,0.0,0.0,0.0,-0.0,-0.0,0.0,0.0
513.5,0.0,0.0,-0.0,-0.0,-0.0,-0.0,-0.0,-0.0,-0.0,-199.63264,0.0,0.0,-0.0,0.0,0.0,-2.56668e-07,0.0,0.0,-0.0,0.0,0.0,0.0,-0.0,-0.0,0.0,0.0
514.0,0.0,0.0,-0.0,-0.0,-0.0,-0.0,-0.0,-0.0,-0.0,-199.63264,0.0,0.0,-0.0,0.0,0.0,-2.56668e-07,0.0,0.0,-0.0,0.0,0.0,0.0,-0.0,-0.0,0.0,0.0
514.5,0.0,0.0,-0.0,-0.0,-0.0,-0.0,-0.0,-0.0,-0.0,-199.63264,0.0,0.0,-0.0,0.0,0.0,-2.56668e-07,0.0,0.0,-0.0,0.0,0.0,0.0,-0.0,-0.0,0.0,0.0
515.0,0.0,0.0,-0.0,-0.0,-0.0,-0.0,-0.0,-0.0,-0.0,-199.63264,0.0,0.0,-0.0,0.0,0.0,-2.56668e-07,0.0,0.0,-0.0,0.0,0.0,0.0,-0.0,-0.0,0.0,0.0
515.5,0.0,0.0,-0.0,-0.0,-0.0,-0.0,-0.0,-0.0,-0.0,-199.63264,0.0,0.0,-0.0,0.0,0.0,-2.56668e-07,0.0,0.0,-0.0,0.0,0.0,0.0,-0.0,-0.0,0.0,0.0
516.0,0.0,0.0,-0.0,-0.0,-0.0,-0.0,-0.0,-0.0,-0.0,-199.63264,0.0,0.0,-0.0,0.0,0.0,-2.56668e-07,0.0,0.0,-0.0,0.0,0.0,0.0,-0.0,-0.0,0.0,0.0
516.5,0.0,0.0,-0.0,-0.0,-0.0,-0.0,-0.0,-0.0,-0.0,-199.63264,0.0,0.0,-0.0,0.0,0.0,-2.56668e-07,0.0,0.0,-0.0,0.0,0.0,0.0,-0.0,-0.0,0.0,0.0
517.0,0.0,0.0,-0.0,-0.0,-0.0,-0.0,-0.0,-0.0,-0.0,-199.63264,0.0,0.0,-0.0,0.0,0.0,-2.56668e-07,0.0,0.0,-0.0,0.0,0.0,0.0,-0.0,-0.0,0.0,0.0
517.5,0.0,0.0,-0.0,-0.0,-0.0,-0.0,-0.0,-0.0,-0.0,-199.63264,0.0,0.0,-0.0,0.0,0.0,-2.56668e-07,0.0,0.0,-0.0,0.0,0.0,0.0,-0.0,-0.0,0.0,0.0
518.0,0.0,0.0,-0.0,-0.0,-0.0,-0.0,-0.0,-0.0,-0.0,-199.63264,0.0,0.0,-0.0,0.0,0.0,-2.56668e-07,0.0,0.0,-0.0,0.0,0.0,0.0,-0.0,-0.0,0.0,0.0
518.5,0.0,0.0,-0.0,-0.0,-0.0,-0.0,-0.0,-0.0,-0.0,-199.63264,0.0,0.0,-0.0,0.0,0.0,-2.56668e-07,0.0,0.0,-0.0,0.0,0.0,0.0,-0.0,-0.0,0.0,0.0
519.0,0.0,0.0,-0.0,-0.0,-0.0,-0.0,-0.0,-0.0,-0.0,-199.63264,0.0,0.0,-0.0,0.0,0.0,-2.56668e-07,0.0,0.0,-0.0,0.0,0.0,0.0,-0.0,-0.0,0.0,0.0
519.5,0.0,0.0,-0.0,-0.0,-0.0,-0.0,-0.0,-0.0,-0.0,-199.63264,0.0,0.0,-0.0,0.0,0.0,-2.56668e-07,0.0,0.0,-0.0,0.0,0.0,0.0,-0.0,-0.0,0.0,0.0
520.0,0.0,0.0,-0.0,-0.0,-0.0,-0.0,-0.0,-0.0,-0.0,-199.63264,0.0,0.0,-0.0,0.0,0.0,-2.56668e-07,0.0,0.0,-0.0,0.0,0.0,0.0,-0.0,-0.0,0.0,0.0
520.5,0.0,0.0,-0.0,-0.0,-0.0,-0.0,-0.0,-0.0,-0.0,-199.63264,0.0,0.0,-0.0,0.0,0.0,-2.56668e-07,0.0,0.0,-0.0,0.0,0.0,0.0,-0.0,-0.0,0.0,0.0
521.0,0.0,0.0,-0.0,-0.0,-0.0,-0.0,-0.0,-0.0,-0.0,-199.63264,0.0,0.0,-0.0,0.0,0.0,-2.56668e-07,0.0,0.0,-0.0,0.0,0.0,0.0,-0.0,-0.0,0.0,0.0
521.5,0.0,0.0,-0.0,-0.0,-0.0,-0.0,-0.0,-0.0,-0.0,-199.63264,0.0,0.0,-0.0,0.0,0.0,-2.56668e-07,0.0,0.0,-0.0,0.0,0.0,0.0,-0.0,-0.0,0.0,0.0
522.0,0.0,0.0,-0.0,-0.0,-0.0,-0.0,-0.0,-0.0,-0.0,-199.63264,0.0,0.0,-0.0,0.0,0.0,-2.56668e-07,0.0,0.0,-0.0,0.0,0.0,0.0,-0.0,-0.0,0.0,0.0
522.5,0.0,0.0,-0.0,-0.0,-0.0,-0.0,-0.0,-0.0,-0.0,-199.63264,0.0,0.0,-0.0,0.0,0.0,-2.56668e-07,0.0,0.0,-0.0,0.0,0.0,0.0,-0.0,-0.0,0.0,0.0
523.0,0.0,0.0,-0.0,-0.0,-0.0,-0.0,-0.0,-0.0,-0.0,-199.63264,0.0,0.0,-0.0,0.0,0.0,-2.56668e-07,0.0,0.0,-0.0,0.0,0.0,0.0,-0.0,-0.0,0.0,0.0
523.5,0.0,0.0,-0.0,-0.0,-0.0,-0.0,-0.0,-0.0,-0.0,-199.63264,0.0,0.0,-0.0,0.0,0.0,-2.56668e-07,0.0,0.0,-0.0,0.0,0.0,0.0,-0.0,-0.0,0.0,0.0
524.0,0.0,0.0,-0.0,-0.0,-0.0,-0.0,-0.0,-0.0,-0.0,-199.63264,0.0,0.0,-0.0,0.0,0.0,-2.56668e-07,0.0,0.0,-0.0,0.0,0.0,0.0,-0.0,-0.0,0.0,0.0
524.5,0.0,0.0,-0.0,-0.0,-0.0,-0.0,-0.0,-0.0,-0.0,-199.63264,0.0,0.0,-0.0,0.0,0.0,-2.56668e-07,0.0,0.0,-0.0,0.0,0.0,0.0,-0.0,-0.0,0.0,0.0
525.0,0.0,0.0,-0.0,-0.0,-0.0,-0.0,-0.0,-0.0,-0.0,-199.63264,0.0,0.0,-0.0,0.0,0.0,-2.56668e-07,0.0,0.0,-0.0,0.0,0.0,0.0,-0.0,-0.0,0.0,0.0
525.5,0.0,0.0,-0.0,-0.0,-0.0,-0.0,-0.0,-0.0,-0.0,-199.63264,0.0,0.0,-0.0,0.0,0.0,-2.56668e-07,0.0,0.0,-0.0,0.0,0.0,0.0,-0.0,-0.0,0.0,0.0
526.0,0.0,0.0,-0.0,-0.0,-0.0,-0.0,-0.0,-0.0,-0.0,-199.63264,0.0,0.0,-0.0,0.0,0.0,-2.56668e-07,0.0,0.0,-0.0,0.0,0.0,0.0,-0.0,-0.0,0.0,0.0
526.5,0.0,0.0,-0.0,-0.0,-0.0,-0.0,-0.0,-0.0,-0.0,-199.63264,0.0,0.0,-0.0,0.0,0.0,-2.56668e-07,0.0,0.0,-0.0,0.0,0.0,0.0,-0.0,-0.0,0.0,0.0
527.0,0.0,0.0,-0.0,-0.0,-0.0,-0.0,-0.0,-0.0,-0.0,-199.63264,0.0,0.0,-0.0,0.0,0.0,-2.56668e-07,0.0,0.0,-0.0,0.0,0.0,0.0,-0.0,-0.0,0.0,0.0
527.5,0.0,0.0,-0.0,-0.0,-0.0,-0.0,-0.0,-0.0,-0.0,-199.63264,0.0,0.0,-0.0,0.0,0.0,-2.56668e-07,0.0,0.0,-0.0,0.0,0.0,0.0,-0.0,-0.0,0.0,0.0
528.0,0.0,0.0,-0.0,-0.0,-0.0,-0.0,-0.0,-0.0,-0.0,-199.63264,0.0,0.0,-0.0,0.0,0.0,-2.56668e-07,0.0,0.0,-0.0,0.0,0.0,0.0,-0.0,-0.0,0.0,0.0
528.5,0.0,0.0,-0.0,-0.0,-0.0,-0.0,-0.0,-0.0,-0.0,-199.63264,0.0,0.0,-0.0,0.0,0.0,-2.56668e-07,0.0,0.0,-0.0,0.0,0.0,0.0,-0.0,-0.0,0.0,0.0
529.0,0.0,0.0,-0.0,-0.0,-0.0,-0.0,-0.0,-0.0,-0.0,-199.63264,0.0,0.0,-0.0,0.0,0.0,-2.56668e-07,0.0,0.0,-0.0,0.0,0.0,0.0,-0.0,-0.0,0.0,0.0
529.5,0.0,0.0,-0.0,-0.0,-0.0,-0.0,-0.0,-0.0,-0.0,-199.63264,0.0,0.0,-0.0,0.0,0.0,-2.56668e-07,0.0,0.0,-0.0,0.0,0.0,0.0,-0.0,-0.0,0.0,0.0
530.0,0.0,0.0,-0.0,-0.0,-0.0,-0.0,-0.0,-0.0,-0.0,-199.63264,0.0,0.0,-0.0,0.0,0.0,-2.56668e-07,0.0,0.0,-0.0,0.0,0.0,0.0,-0.0,-0.0,0.0,0.0
530.5,0.0,0.0,-0.0,-0.0,-0.0,-0.0,-0.0,-0.0,-0.0,-199.63264,0.0,0.0,-0.0,0.0,0.0,-2.56668e-07,0.0,0.0,-0.0,0.0,0.0,0.0,-0.0,-0.0,0.0,0.0
531.0,0.0,0.0,-0.0,-0.0,-0.0,-0.0,-0.0,-0.0,-0.0,-199.739954,0.0,0.0,-0.0,0.0,0.0,-2.56668e-07,0.0,0.0,-0.0,0.0,0.0,0.0,-0.0,-0.0,0.0,0.0
531.5,0.0,0.0,-0.0,-0.0,-0.0,-0.0,-0.0,-0.0,-0.0,-208.022616,0.0,0.0,-0.0,0.0,0.0,-2.56668e-07,0.0,0.0,-0.0,0.0,0.0,0.0,-0.0,-0.0,0.0,0.0
532.0,0.0,0.0,-0.0,-0.0,-0.0,-0.0,-0.0,-0.0,-0.0,-221.325957,0.0,0.0,-0.0,0.0,0.0,-2.56668e-07,0.0,0.0,-0.0,0.0,0.0,0.0,-0.0,-0.0,0.0,0.0
532.5,0.0,0.0,-0.0,-0.0,-0.0,-0.0,-0.0,-0.0,-0.0,-234.629297,0.0,0.0,-0.0,0.0,0.0,-2.56668e-07,0.0,0.0,-0.0,0.0,0.0,0.0,-0.0,-0.0,0.0,0.0
533.0,0.0,0.0,-0.0,-0.0,-0.0,-0.0,-0.0,-0.0,-0.0,-247.932638,0.0,0.0,-0.0,0.0,0.0,-2.56668e-07,0.0,0.0,-0.0,0.0,0.0,0.0,-0.0,-0.0,0.0,0.0
533.5,0.0,0.0,-0.0,-0.0,-0.0,-0.0,-0.0,-0.0,-0.0,-261.23598,0.0,0.0,-0.0,0.0,0.0,-2.56668e-07,0.0,0.0,-0.0,0.0,0.0,0.0,-0.0,-0.0,0.0,0.0
534.0,0.0,0.0,-0.0,-0.0,-0.0,-0.0,-0.0,-0.0,-0.0,-274.539323,0.0,0.0,-0.0,0.0,0.0,-2.56668e-07,0.0,0.0,-0.0,0.0,0.0,0.0,-0.0,-0.0,0.0,0.0
534.5,0.0,0.0,-0.0,-0.0,-0.0,-0.0,-0.0,-0.0,-0.0,-287.842665,0.0,0.0,-0.0,0.0,0.0,-2.56668e-07,0.0,0.0,-0.0,0.0,0.0,0.0,-0.0,-0.0,0.0,0.0
535.0,0.0,0.0,-0.0,-0.0,-0.0,-0.0,-0.0,-0.0,-0.0,-301.146004,0.0,0.0,-0.0,0.0,0.0,-2.56668e-07,0.0,0.0,-0.0,0.0,0.0,0.0,-0.0,-0.0,0.0,0.0
535.5,0.0,0.0,-0.0,-0.0,-0.0,-0.0,-0.0,-0.0,-0.0,-314.449343,0.0,0.0,-0.0,0.0,0.0,-2.56668e-07,0.0,0.0,-0.0,0.0,0.0,0.0,-0.0,-0.0,0.0,0.0
536.0,0.0,0.0,-0.0,-0.0,-0.0,-0.0,-0.0,-0.0,-0.0,-327.752685,0.0,0.0,-0.0,0.0,0.0,-2.56668e-07,0.0,0.0,-0.0,0.0,0.0,0.0,-0.0,-0.0,0.0,0.0
536.5,0.0,0.0,-0.0,-0.0,-0.0,-0.0,-0.0,-0.0,-0.0,-341.056029,0.0,0.0,-0.0,0.0,0.0,-2.56668e-07,0.0,0.0,-0.0,0.0,0.0,0.0,-0.0,-0.0,0.0,0.0
537.0,0.0,0.0,-0.0,-0.0,-0.0,-0.0,-0.0,-0.0,-0.0,-354.359369,0.0,0.0,-0.0,0.0,0.0,-2.56668e-07,0.0,0.0,-0.0,0.0,0.0,0.0,-0.0,-0.0,0.0,0.0
537.5,0.0,0.0,-0.0,-0.0,-0.0,-0.0,-0.0,-0.0,-0.0,-366.715554,0.0,0.0,-0.0,0.0,0.0,-2.56668e-07,0.0,0.0,-0.0,0.0,0.0,0.0,-0.0,-0.0,0.0,0.0
538.0,0.0,0.0,-0.0,-0.0,-0.0,-0.0,-0.0,-0.0,-0.0,-369.28583,0.0,0.0,-0.0,0.0,0.0,-2.56668e-07,0.0,0.0,-0.0,0.0,0.0,0.0,-0.0,-0.0,0.0,0.0
538.5,0.0,0.0,-0.0,-0.0,-0.0,-0.0,-0.0,-0.0,-0.0,-369.28583,0.0,0.0,-0.0,0.0,0.0,-2.56668e-07,0.0,0.0,-0.0,0.0,0.0,0.0,-0.0,-0.0,0.0,0.0
539.0,0.0,0.0,-0.0,-0.0,-0.0,-0.0,-0.0,-0.0,-0.0,-369.28583,0.0,0.0,-0.0,0.0,0.0,-2.56668e-07,0.0,0.0,-0.0,0.0,0.0,0.0,-0.0,-0.0,0.0,0.0
539.5,0.0,0.0,-0.0,-0.0,-0.0,-0.0,-0.0,-0.0,-0.0,-369.28583,0.0,0.0,-0.0,0.0,0.0,-2.56668e-07,0.0,0.0,-0.0,0.0,0.0,0.0,-0.0,-0.0,0.0,0.0
540.0,0.0,0.0,-0.0,-0.0,-0.0,-0.0,-0.0,-0.0,-0.0,-369.28583,0.0,0.0,-0.0,0.0,0.0,-2.56668e-07,0.0,0.0,-0.0,0.0,0.0,0.0,-0.0,-0.0,0.0,0.0
540.5,0.0,0.0,-0.0,-0.0,-0.0,-0.0,-0.0,-0.0,-0.0,-369.28583,0.0,0.0,-0.0,0.0,0.0,-2.56668e-07,0.0,0.0,-0.0,0.0,0.0,0.0,-0.0,-0.0,0.0,0.0
541.0,0.0,0.0,-0.0,-0.0,-0.0,-0.0,-0.0,-0.0,-0.0,-369.28583,0.0,0.0,-0.0,0.0,0.0,-2.56668e-07,0.0,0.0,-0.0,0.0,0.0,0.0,-0.0,-0.0,0.0,0.0
541.5,0.0,0.0,-0.0,-0.0,-0.0,-0.0,-0.0,-0.0,-0.0,-369.28583,0.0,0.0,-0.0,0.0,0.0,-2.56668e-07,0.0,0.0,-0.0,0.0,0.0,0.0,-0.0,-0.0,0.0,0.0
542.0,0.0,0.0,-0.0,-0.0,-0.0,-0.0,-0.0,-0.0,-0.0,-369.28583,0.0,0.0,-0.0,0.0,0.0,-2.56668e-07,0.0,0.0,-0.0,0.0,0.0,0.0,-0.0,-0.0,0.0,0.0
542.5,0.0,0.0,-0.0,-0.0,-0.0,-0.0,-0.0,-0.0,-0.0,-369.28583,0.0,0.0,-0.0,0.0,0.0,-2.56668e-07,0.0,0.0,-0.0,0.0,0.0,0.0,-0.0,-0.0,0.0,0.0
543.0,0.0,0.0,-0.0,-0.0,-0.0,-0.0,-0.0,-0.0,-0.0,-369.28583,0.0,0.0,-0.0,0.0,0.0,-2.56668e-07,0.0,0.0,-0.0,0.0,0.0,0.0,-0.0,-0.0,0.0,0.0
543.5,0.0,0.0,-0.0,-0.0,-0.0,-0.0,-0.0,-0.0,-0.0,-369.28583,0.0,0.0,-0.0,0.0,0.0,-2.56668e-07,0.0,0.0,-0.0,0.0,0.0,0.0,-0.0,-0.0,0.0,0.0
544.0,0.0,0.0,-0.0,-0.0,-0.0,-0.0,-0.0,-0.0,-0.0,-369.28583,0.0,0.0,-0.0,0.0,0.0,-2.56668e-07,0.0,0.0,-0.0,0.0,0.0,0.0,-0.0,-0.0,0.0,0.0
544.5,0.0,0.0,-0.0,-0.0,-0.0,-0.0,-0.0,-0.0,-0.0,-369.28583,0.0,0.0,-0.0,0.0,0.0,-2.56668e-07,0.0,0.0,-0.0,0.0,0.0,0.0,-0.0,-0.0,0.0,0.0
545.0,0.0,0.0,-0.0,-0.0,-0.0,-0.0,-0.0,-0.0,-0.0,-369.28583,0.0,0.0,-0.0,0.0,0.0,-2.56668e-07,0.0,0.0,-0.0,0.0,0.0,0.0,-0.0,-0.0,0.0,0.0
545.5,0.0,0.0,-0.0,-0.0,-0.0,-0.0,-0.0,-0.0,-0.0,-369.28583,0.0,0.0,-0.0,0.0,0.0,-2.56668e-07,0.0,0.0,-0.0,0.0,0.0,0.0,-0.0,-0.0,0.0,0.0
546.0,0.0,0.0,-0.0,-0.0,-0.0,-0.0,-0.0,-0.0,-0.0,-369.28583,0.0,0.0,-0.0,0.0,0.0,-2.56668e-07,0.0,0.0,-0.0,0.0,0.0,0.0,-0.0,-0.0,0.0,0.0
546.5,0.0,0.0,-0.0,-0.0,-0.0,-0.0,-0.0,-0.0,-0.0,-369.28583,0.0,0.0,-0.0,0.0,0.0,-2.56668e-07,0.0,0.0,-0.0,0.0,0.0,0.0,-0.0,-0.0,0.0,0.0
547.0,0.0,0.0,-0.0,-0.0,-0.0,-0.0,-0.0,-0.0,-0.0,-369.28583,0.0,0.0,-0.0,0.0,0.0,-2.56668e-07,0.0,0.0,-0.0,0.0,0.0,0.0,-0.0,-0.0,0.0,0.0
547.5,0.0,0.0,-0.0,-0.0,-0.0,-0.0,-0.0,-0.0,-0.0,-369.28583,0.0,0.0,-0.0,0.0,0.0,-2.56668e-07,0.0,0.0,-0.0,0.0,0.0,0.0,-0.0,-0.0,0.0,0.0
548.0,0.0,0.0,-0.0,-0.0,-0.0,-0.0,-0.0,-0.0,-0.0,-369.28583,0.0,0.0,-0.0,0.0,0.0,-2.56668e-07,0.0,0.0,-0.0,0.0,0.0,0.0,-0.0,-0.0,0.0,0.0
548.5,0.0,0.0,-0.0,-0.0,-0.0,-0.0,-0.0,-0.0,-0.0,-369.28583,0.0,0.0,-0.0,0.0,0.0,-2.56668e-07,0.0,0.0,-0.0,0.0,0.0,0.0,-0.0,-0.0,0.0,0.0
549.0,0.0,0.0,-0.0,-0.0,-0.0,-0.0,-0.0,-0.0,-0.0,-369.28583,0.0,0.0,-0.0,0.0,0.0,-2.56668e-07,0.0,0.0,-0.0,0.0,0.0,0.0,-0.0,-0.0,0.0,0.0
549.5,0.0,0.0,-0.0,-0.0,-0.0,-0.0,-0.0,-0.0,-0.0,-369.28583,0.0,0.0,-0.0,0.0,0.0,-2.56668e-07,0.0,0.0,-0.0,0.0,0.0,0.0,-0.0,-0.0,0.0,0.0
550.0,0.0,0.0,-0.0,-0.0,-0.0,-0.0,-0.0,-0.0,-0.0,-369.28583,0.0,0.0,-0.0,0.0,0.0,-2.56668e-07,0.0,0.0,-0.0,0.0,0.0,0.0,-0.0,-0.0,0.0,0.0
550.5,0.0,0.0,-0.0,-0.0,-0.0,-0.0,-0.0,-0.0,-0.0,-369.28583,0.0,0.0,-0.0,0.0,0.0,-2.56668e-07,0.0,0.0,-0.0,0.0,0.0,0.0,-0.0,-0.0,0.0,0.0
551.0,0.0,0.0,-0.0,-0.0,-0.0,-0.0,-0.0,-0.0,-0.0,-369.28583,0.0,0.0,-0.0,0.0,0.0,-2.56668e-07,0.0,0.0,-0.0,0.0,0.0,0.0,-0.0,-0.0,0.0,0.0
551.5,0.0,0.0,-0.0,-0.0,-0.0,-0.0,-0.0,-0.0,-0.0,-369.28583,0.0,0.0,-0.0,0.0,0.0,-2.56668e-07,0.0,0.0,-0.0,0.0,0.0,0.0,-0.0,-0.0,0.0,0.0
552.0,0.0,0.0,-0.0,-0.0,-0.0,-0.0,-0.0,-0.0,-0.0,-369.28583,0.0,0.0,-0.0,0.0,0.0,-2.56668e-07,0.0,0.0,-0.0,0.0,0.0,0.0,-0.0,-0.0,0.0,0.0
552.5,0.0,0.0,-0.0,-0.0,-0.0,-0.0,-0.0,-0.0,-0.0,-369.28583,0.0,0.0,-0.0,0.0,0.0,-2.56668e-07,0.0,0.0,-0.0,0.0,0.0,0.0,-0.0,-0.0,0.0,0.0
553.0,0.0,0.0,-0.0,-0.0,-0.0,-0.0,-0.0,-0.0,-0.0,-369.28583,0.0,0.0,-0.0,0.0,0.0,-2.56668e-07,0.0,0.0,-0.0,0.0,0.0,0.0,-0.0,-0.0,0.0,0.0
553.5,0.0,0.0,-0.0,-0.0,-0.0,-0.0,-0.0,-0.0,-0.0,-369.28583,0.0,0.0,-0.0,0.0,0.0,-2.56668e-07,0.0,0.0,-0.0,0.0,0.0,0.0,-0.0,-0.0,0.0,0.0
554.0,0.0,0.0,-0.0,-0.0,-0.0,-0.0,-0.0,-0.0,-0.0,-369.28583,0.0,0.0,-0.0,0.0,0.0,-2.56668e-07,0.0,0.0,-0.0,0.0,0.0,0.0,-0.0,-0.0,0.0,0.0
554.5,0.0,0.0,-0.0,-0.0,-0.0,-0.0,-0.0,-0.0,-0.0,-369.28583,0.0,0.0,-0.0,0.0,0.0,-2.56668e-07,0.0,0.0,-0.0,0.0,0.0,0.0,-0.0,-0.0,0.0,0.0
555.0,0.0,0.0,-0.0,-0.0,-0.0,-0.0,-0.0,-0.0,-0.0,-369.28583,0.0,0.0,-0.0,0.0,0.0,-2.56668e-07,0.0,0.0,-0.0,0.0,0.0,0.0,-0.0,-0.0,0.0,0.0
555.5,0.0,0.0,-0.0,-0.0,-0.0,-0.0,-0.0,-0.0,-0.0,-369.28583,0.0,0.0,-0.0,0.0,0.0,-2.56668e-07,0.0,0.0,-0.0,0.0,0.0,0.0,-0.0,-0.0,0.0,0.0
556.0,0.0,0.0,-0.0,-0.0,-0.0,-0.0,-0.0,-0.0,-0.0,-369.28583,0.0,0.0,-0.0,0.0,0.0,-2.56668e-07,0.0,0.0,-0.0,0.0,0.0,0.0,-0.0,-0.0,0.0,0.0
556.5,0.0,0.0,-0.0,-0.0,-0.0,-0.0,-0.0,-0.0,-0.0,-369.28583,0.0,0.0,-0.0,0.0,0.0,-2.56668e-07,0.0,0.0,-0.0,0.0,0.0,0.0,-0.0,-0.0,0.0,0.0
557.0,0.0,0.0,-0.0,-0.0,-0.0,-0.0,-0.0,-0.0,-0.0,-369.28583,0.0,0.0,-0.0,0.0,0.0,-2.56668e-07,0.0,0.0,-0.0,0.0,0.0,0.0,-0.0,-0.0,0.0,0.0
557.5,0.0,0.0,-0.0,-0.0,-0.0,-0.0,-0.0,-0.0,-0.0,-369.28583,0.0,0.0,-0.0,0.0,0.0,-2.56668e-07,0.0,0.0,-0.0,0.0,0.0,0.0,-0.0,-0.0,0.0,0.0
558.0,0.0,0.0,-0.0,-0.0,-0.0,-0.0,-0.0,-0.0,-0.0,-369.28583,0.0,0.0,-0.0,0.0,0.0,-2.56668e-07,0.0,0.0,-0.0,0.0,0.0,0.0,-0.0,-0.0,0.0,0.0
558.5,0.0,0.0,-0.0,-0.0,-0.0,-0.0,-0.0,-0.0,-0.0,-369.28583,0.0,0.0,-0.0,0.0,0.0,-2.56668e-07,0.0,0.0,-0.0,0.0,0.0,0.0,-0.0,-0.0,0.0,0.0
559.0,0.0,0.0,-0.0,-0.0,-0.0,-0.0,-0.0,-0.0,-0.0,-369.28583,0.0,0.0,-0.0,0.0,0.0,-2.56668e-07,0.0,0.0,-0.0,0.0,0.0,0.0,-0.0,-0.0,0.0,0.0
559.5,0.0,0.0,-0.0,-0.0,-0.0,-0.0,-0.0,-0.0,-0.0,-369.28583,0.0,0.0,-0.0,0.0,0.0,-2.56668e-07,0.0,0.0,-0.0,0.0,0.0,0.0,-0.0,-0.0,0.0,0.0
560.0,0.0,0.0,-0.0,-0.0,-0.0,-0.0,-0.0,-0.0,-0.0,-369.28583,0.0,0.0,-0.0,0.0,0.0,-2.56668e-07,0.0,0.0,-0.0,0.0,0.0,0.0,-0.0,-0.0,0.0,0.0
560.5,0.0,0.0,-0.0,-0.0,-0.0,-0.0,-0.0,-0.0,-0.0,-369.28583,0.0,0.0,-0.0,0.0,0.0,-2.56668e-07,0.0,0.0,-0.0,0.0,0.0,0.0,-0.0,-0.0,0.0,0.0
561.0,0.0,0.0,-0.0,-0.0,-0.0,-0.0,-0.0,-0.0,-0.0,-369.28583,0.0,0.0,-0.0,0.0,0.0,-2.56668e-07,0.0,0.0,-0.0,0.0,0.0,0.0,-0.0,-0.0,0.0,0.0
561.5,0.0,0.0,-0.0,-0.0,-0.0,-0.0,-0.0,-0.0,-0.0,-369.28583,0.0,0.0,-0.0,0.0,0.0,-2.56668e-07,0.0,0.0,-0.0,0.0,0.0,0.0,-0.0,-0.0,0.0,0.0
562.0,0.0,0.0,-0.0,-0.0,-0.0,-0.0,-0.0,-0.0,-0.0,-369.28583,0.0,0.0,-0.0,0.0,0.0,-2.56668e-07,0.0,0.0,-0.0,0.0,0.0,0.0,-0.0,-0.0,0.0,0.0
562.5,0.0,0.0,-0.0,-0.0,-0.0,-0.0,-0.0,-0.0,-0.0,-369.28583,0.0,0.0,-0.0,0.0,0.0,-2.56668e-07,0.0,0.0,-0.0,0.0,0.0,0.0,-0.0,-0.0,0.0,0.0
563.0,0.0,0.0,-0.0,-0.0,-0.0,-0.0,-0.0,-0.0,-0.0,-369.28583,0.0,0.0,-0.0,0.0,0.0,-2.56668e-07,0.0,0.0,-0.0,0.0,0.0,0.0,-0.0,-0.0,0.0,0.0
563.5,0.0,0.0,-0.0,-0.0,-0.0,-0.0,-0.0,-0.0,-0.0,-369.28583,0.0,0.0,-0.0,0.0,0.0,-2.56668e-07,0.0,0.0,-0.0,0.0,0.0,0.0,-0.0,-0.0,0.0,0.0
564.0,0.0,0.0,-0.0,-0.0,-0.0,-0.0,-0.0,-0.0,-0.0,-369.28583,0.0,0.0,-0.0,0.0,0.0,-2.56668e-07,0.0,0.0,-0.0,0.0,0.0,0.0,-0.0,-0.0,0.0,0.0
564.5,0.0,0.0,-0.0,-0.0,-0.0,-0.0,-0.0,-0.0,-0.0,-369.28583,0.0,0.0,-0.0,0.0,0.0,-2.56668e-07,0.0,0.0,-0.0,0.0,0.0,0.0,-0.0,-0.0,0.0,0.0
565.0,0.0,0.0,-0.0,-0.0,-0.0,-0.0,-0.0,-0.0,-0.0,-369.28583,0.0,0.0,-0.0,0.0,0.0,-2.56668e-07,0.0,0.0,-0.0,0.0,0.0,0.0,-0.0,-0.0,0.0,0.0
565.5,0.0,0.0,-0.0,-0.0,-0.0,-0.0,-0.0,-0.0,-0.0,-369.28583,0.0,0.0,-0.0,0.0,0.0,-2.56668e-07,0.0,0.0,-0.0,0.0,0.0,0.0,-0.0,-0.0,0.0,0.0
566.0,0.0,0.0,-0.0,-0.0,-0.0,-0.0,-0.0,-0.0,-0.0,-369.28583,0.0,0.0,-0.0,0.0,0.0,-2.56668e-07,0.0,0.0,-0.0,0.0,0.0,0.0,-0.0,-0.0,0.0,0.0
566.5,0.0,0.0,-0.0,-0.0,-0.0,-0.0,-0.0,-0.0,-0.0,-369.28583,0.0,0.0,-0.0,0.0,0.0,-2.56668e-07,0.0,0.0,-0.0,0.0,0.0,0.0,-0.0,-0.0,0.0,0.0
567.0,0.0,0.0,-0.0,-0.0,-0.0,-0.0,-0.0,-0.0,-0.0,-369.28583,0.0,0.0,-0.0,0.0,0.0,-2.56668e-07,0.0,0.0,-0.0,0.0,0.0,0.0,-0.0,-0.0,0.0,0.0
567.5,0.0,0.0,-0.0,-0.0,-0.0,-0.0,-0.0,-0.0,-0.0,-369.28583,0.0,0.0,-0.0,0.0,0.0,-2.56668e-07,0.0,0.0,-0.0,0.0,0.0,0.0,-0.0,-0.0,0.0,0.0
568.0,0.0,0.0,-0.0,-0.0,-0.0,-0.0,-0.0,-0.0,-0.0,-369.28583,0.0,0.0,-0.0,0.0,0.0,-2.56668e-07,0.0,0.0,-0.0,0.0,0.0,0.0,-0.0,-0.0,0.0,0.0
568.5,0.0,0.0,-0.0,-0.0,-0.0,-0.0,-0.0,-0.0,-0.0,-369.28583,0.0,0.0,-0.0,0.0,0.0,-2.56668e-07,0.0,0.0,-0.0,0.0,0.0,0.0,-0.0,-0.0,0.0,0.0
569.0,0.0,0.0,-0.0,-0.0,-0.0,-0.0,-0.0,-0.0,-0.0,-369.28583,0.0,0.0,-0.0,0.0,0.0,-2.56668e-07,0.0,0.0,-0.0,0.0,0.0,0.0,-0.0,-0.0,0.0,0.0
569.5,0.0,0.0,-0.0,-0.0,-0.0,-0.0,-0.0,-0.0,-0.0,-369.28583,0.0,0.0,-0.0,0.0,0.0,-2.56668e-07,0.0,0.0,-0.0,0.0,0.0,0.0,-0.0,-0.0,0.0,0.0
570.0,0.0,0.0,-0.0,-0.0,-0.0,-0.0,-0.0,-0.0,-0.0,-369.28583,0.0,0.0,-0.0,0.0,0.0,-2.56668e-07,0.0,0.0,-0.0,0.0,0.0,0.0,-0.0,-0.0,0.0,0.0
570.5,0.0,0.0,-0.0,-0.0,-0.0,-0.0,-0.0,-0.0,-0.0,-369.28583,0.0,0.0,-0.0,0.0,0.0,-2.56668e-07,0.0,0.0,-0.0,0.0,0.0,0.0,-0.0,-0.0,0.0,0.0
571.0,0.0,0.0,-0.0,-0.0,-0.0,-0.0,-0.0,-0.0,-0.0,-369.28583,0.0,0.0,-0.0,0.0,0.0,-2.56668e-07,0.0,0.0,-0.0,0.0,0.0,0.0,-0.0,-0.0,0.0,0.0
571.5,0.0,0.0,-0.0,-0.0,-0.0,-0.0,-0.0,-0.0,-0.0,-369.28583,0.0,0.0,-0.0,0.0,0.0,-2.56668e-07,0.0,0.0,-0.0,0.0,0.0,0.0,-0.0,-0.0,0.0,0.0
572.0,0.0,0.0,-0.0,-0.0,-0.0,-0.0,-0.0,-0.0,-0.0,-369.28583,0.0,0.0,-0.0,0.0,0.0,-2.56668e-07,0.0,0.0,-0.0,0.0,0.0,0.0,-0.0,-0.0,0.0,0.0
572.5,0.0,0.0,-0.0,-0.0,-0.0,-0.0,-0.0,-0.0,-0.0,-369.28583,0.0,0.0,-0.0,0.0,0.0,-2.56668e-07,0.0,0.0,-0.0,0.0,0.0,0.0,-0.0,-0.0,0.0,0.0
573.0,0.0,0.0,-0.0,-0.0,-0.0,-0.0,-0.0,-0.0,-0.0,-369.28583,0.0,0.0,-0.0,0.0,0.0,-2.56668e-07,0.0,0.0,-0.0,0.0,0.0,0.0,-0.0,-0.0,0.0,0.0
573.5,0.0,0.0,-0.0,-0.0,-0.0,-0.0,-0.0,-0.0,-0.0,-369.28583,0.0,0.0,-0.0,0.0,0.0,-2.56668e-07,0.0,0.0,-0.0,0.0,0.0,0.0,-0.0,-0.0,0.0,0.0
574.0,0.0,0.0,-0.0,-0.0,-0.0,-0.0,-0.0,-0.0,-0.0,-369.28583,0.0,0.0,-0.0,0.0,0.0,-2.56668e-07,0.0,0.0,-0.0,0.0,0.0,0.0,-0.0,-0.0,0.0,0.0
574.5,0.0,0.0,-0.0,-0.0,-0.0,-0.0,-0.0,-0.0,-0.0,-369.28583,0.0,0.0,-0.0,0.0,0.0,-2.56668e-07,0.0,0.0,-0.0,0.0,0.0,0.0,-0.0,-0.0,0.0,0.0
575.0,0.0,0.0,-0.0,-0.0,-0.0,-0.0,-0.0,-0.0,-0.0,-369.28583,0.0,0.0,-0.0,0.0,0.0,-2.56668e-07,0.0,0.0,-0.0,0.0,0.0,0.0,-0.0,-0.0,0.0,0.0
575.5,0.0,0.0,-0.0,-0.0,-0.0,-0.0,-0.0,-0.0,-0.0,-369.28583,0.0,0.0,-0.0,0.0,0.0,-2.56668e-07,0.0,0.0,-0.0,0.0,0.0,0.0,-0.0,-0.0,0.0,0.0
576.0,0.0,0.0,-0.0,-0.0,-0.0,-0.0,-0.0,-0.0,-0.0,-369.28583,0.0,0.0,-0.0,0.0,0.0,-2.56668e-07,0.0,0.0,-0.0,0.0,0.0,0.0,-0.0,-0.0,0.0,0.0
576.5,0.0,0.0,-0.0,-0.0,-0.0,-0.0,-0.0,-0.0,-0.0,-369.28583,0.0,0.0,-0.0,0.0,0.0,-2.56668e-07,0.0,0.027995645697,-0.0,0.0,0.0,0.0,-0.0,-0.0,0.0,0.0
577.0,0.0,0.0,-0.0,-0.0,-0.0,-0.0,-0.0,-0.0,-0.0,-369.28583,0.0,0.0,-0.0,0.0,0.0,-2.56668e-07,0.0,1.818059906,-0.0,0.0,0.0,0.0,-0.0,-0.0,0.0,0.0
577.5,0.0,0.0,-0.0,-0.0,-0.0,-0.0,-0.0,-0.0,-0.0,-369.28583,0.0,0.0,-0.0,0.0,0.0,-2.56668e-07,0.0,4.61507515,-0.0,0.0,0.0,0.0,-0.0,-0.0,0.0,0.0
578.0,0.0,0.0,-0.0,-0.0,-0.0,-0.0,-0.0,-0.0,-0.0,-369.28583,0.0,0.0,-0.0,0.0,0.0,-2.56668e-07,0.0,7.41209033,-0.0,0.0,0.0,0.0,-0.0,-0.0,0.0,0.0
578.5,0.0,0.0,-0.0,-0.0,-0.0,-0.0,-0.0,-0.0,-0.0,-369.28583,0.0,0.0,-0.0,0.0,0.0,-2.56668e-07,0.0,10.2091057,-0.0,0.0,0.0,0.0,-0.0,-0.0,0.0,0.0
579.0,0.0,0.0,-0.0,-0.0,-0.0,-0.0,-0.0,-0.0,-0.0,-369.28583,0.0,0.0,-0.0,0.0,0.0,-2.56668e-07,0.0,13.00612085,-0.0,0.0,0.0,0.0,-0.0,-0.0,0.0,0.0
579.5,0.0,0.0,-0.0,-0.0,-0.0,-0.0,-0.0,-0.0,-0.0,-369.28583,0.0,0.0,-0.0,0.0,0.0,-2.56668e-07,0.0,15.77511055,-0.0,0.0,0.0,0.0,-0.0,-0.0,0.0,0.0
580.0,0.0,0.0,-0.0,-0.0,-0.0,-0.0,-0.0,-0.0,-0.0,-369.28583,0.0,0.0,-0.0,0.0,0.0,-2.56668e-07,0.0,16.782091,-0.0,0.0,0.0,0.0,-0.0,-0.0,0.0,0.0
580.5,0.0,0.0,-0.0,-0.0,-0.0,-0.0,-0.0,-0.0,-0.0,-369.28583,0.0,0.0,-0.0,0.0,0.0,-2.56668e-07,0.0,16.782091,-0.0,0.0,0.0,0.0,-0.0,-0.0,0.0,0.0
581.0,0.0,0.0,-0.0,-0.0,-0.0,-0.0,-0.0,-0.0,-0.0,-369.28583,0.0,0.0,-0.0,0.0,0.0,-2.56668e-07,0.0,16.782091,-0.0,0.0,0.0,0.0,-0.0,-0.0,0.0,0.0
581.5,0.0,0.0,-0.0,-0.0,-0.0,-0.0,-0.0,-0.0,-0.0,-369.28583,0.0,0.0,-0.0,0.0,0.0,-2.56668e-07,0.0,16.782091,-0.0,0.0,0.0,0.0,-0.0,-0.0,0.0,0.0
582.0,0.0,0.0,-0.0,-0.0,-0.0,-0.0,-0.0,-0.0,-0.0,-369.28583,0.0,0.0,-0.0,0.0,0.0,-2.56668e-07,0.0,16.782091,-0.0,0.0,0.0,0.0,-0.0,-0.0,0.0,0.0
582.5,0.0,0.0,-0.0,-0.0,-0.0,-0.0,-0.0,-0.0,-0.0,-369.28583,0.0,0.0,-0.0,0.0,0.0,-2.56668e-07,0.0,16.7540196,-0.0,0.0,0.0,0.0,-0.0,-0.0,0.0,0.0
583.0,0.0,0.0,-0.0,-0.0,-0.0,-0.0,-0.0,-0.0,-0.0,-369.28583,0.0,0.0,-0.0,0.0,0.0,-2.56668e-07,0.0,14.96403155,-0.0,0.0,0.0,0.0,-0.0,-0.0,0.0,0.0
583.5,0.0,0.0,-0.0,-0.0,-0.0,-0.0,-0.0,-0.0,-0.0,-369.28583,0.0,0.0,-0.0,0.0,0.0,-2.56668e-07,0.0,12.16701635,-0.0,0.0,0.0,0.0,-0.0,-0.0,0.0,0.0
584.0,0.0,0.0,-0.0,-0.0,-0.0,-0.0,-0.0,-0.0,-0.0,-369.28583,0.0,0.0,-0.0,0.0,0.0,-2.56668e-07,0.0,9.370001,-0.0,0.0,0.0,0.0,-0.0,-0.0,0.0,0.0
584.5,0.0,0.0,-0.0,-0.0,-0.0,-0.0,-0.0,-0.0,-0.0,-369.28583,0.0,0.0,-0.0,0.0,0.0,-2.56668e-07,0.0,6.57298577,-0.0,0.0,0.0,0.0,-0.0,-0.0,0.0,0.0
585.0,0.0,0.0,-0.0,-0.0,-0.0,-0.0,-0.0,-0.0,-0.0,-369.28583,0.0,0.0,-0.0,0.0,0.0,-2.56668e-07,0.0,3.77597057,-0.0,0.0,0.0,0.0,-0.0,-0.0,0.0,0.0
585.5,0.0,0.0,-0.0,-0.0,-0.0,-0.0,-0.0,-0.0,-0.0,-369.28583,0.0,0.0,-0.0,0.0,0.0,-2.56668e-07,0.0,1.00703484646,-0.0,0.0,0.0,0.0,-0.0,-0.0,0.0,0.0
586.0,0.0,0.0,-0.0,-0.0,-0.0,-0.0,-0.0,-0.0,-0.0,-369.28583,0.0,0.0,-0.0,0.0,0.0,-2.56668e-07,0.0,0.0,-0.0,0.0,0.0,0.0,-0.0,-0.0,0.0,0.0
586.5,0.0,0.0,-0.0,-0.0,-0.0,-0.0,-0.0,-0.0,-0.0,-369.28583,0.0,0.0,-0.0,0.0,0.0,-2.56668e-07,0.0,0.0,-0.0,0.0,0.0,0.0,-0.0,-0.0,0.0,0.0
587.0,0.0,0.0,-0.0,-0.0,-0.0,-0.0,-0.0,-0.0,-0.0,-369.28583,0.0,0.0,-0.0,0.0,0.0,-2.56668e-07,0.0,0.0,-0.0,0.0,0.0,0.0,-0.0,-0.0,0.0,0.0
587.5,0.0,0.0,-0.0,-0.0,-0.0,-0.0,-0.0,-0.0,-0.0,-369.28583,0.0,0.0,-0.0,0.0,0.0,-2.56668e-07,0.0,0.0,-0.0,0.0,0.0,0.0,-0.0,-0.0,0.0,0.0
588.0,0.0,0.0,-0.0,-0.0,-0.0,-0.0,-0.0,-0.0,-0.0,-369.28583,0.0,0.0,-0.0,0.0,0.0,-2.56668e-07,0.0,0.0,-0.0,0.0,0.0,0.0,-0.0,-0.0,0.0,0.0
588.5,0.0,0.0,-0.0,-0.0,-0.0,-0.0,-0.0,-0.0,-0.0,-369.28583,0.0,0.0,-0.0,0.0,0.0,-2.56668e-07,0.0,0.0,-0.0,0.0,0.0,0.0,-0.0,-0.0,0.0,0.0
589.0,0.0,0.0,-0.0,-0.0,-0.0,-0.0,-0.0,-0.0,-0.0,-369.28583,0.0,0.0,-0.0,0.0,0.0,-2.56668e-07,0.0,0.0,-0.0,0.0,0.0,0.0,-0.0,-0.0,0.0,0.0
589.5,0.0,0.0,-0.0,-0.0,-0.0,-0.0,-0.0,-0.0,-0.0,-369.28583,0.0,0.0,-0.0,0.0,0.0,-2.56668e-07,0.0,0.0,-0.0,0.0,0.0,0.0,-0.0,-0.0,0.0,0.0
590.0,0.0,0.0,-0.0,-0.0,-0.0,-0.0,-0.0,-0.0,-0.0,-369.28583,0.0,0.0,-0.0,0.0,0.0,-2.56668e-07,0.0,0.0,-0.0,0.0,0.0,0.0,-0.0,-0.0,0.0,0.0
590.5,0.0,0.0,-0.0,-0.0,-0.0,-0.0,-0.0,-0.0,-0.0,-369.28583,0.0,0.0,-0.0,0.0,0.0,-2.56668e-07,0.0,0.0,-0.0,0.0,0.0,0.0,-0.0,-0.0,0.0,0.0
591.0,0.0,0.0,-0.0,-0.0,-0.0,-0.0,-0.0,-0.0,-0.0,-369.28583,0.0,0.0,-0.0,0.0,0.0,-2.56668e-07,0.0,0.0,-0.0,0.0,0.0,0.0,-0.0,-0.0,0.0,0.0
591.5,0.0,0.0,-0.0,-0.0,-0.0,-0.0,-0.0,-0.0,-0.0,-369.28583,0.0,0.0,-0.0,0.0,0.0,-2.56668e-07,0.0,0.114951769874,-0.0,0.0,0.0,0.0,-0.0,-0.0,0.0,0.0
592.0,0.0,0.0,-0.0,-0.0,-0.0,-0.0,-0.0,-0.0,-0.0,-369.28583,0.0,0.0,-0.0,0.0,0.0,-2.56668e-07,0.0,7.46881981,-0.0,0.0,0.0,0.0,-0.0,-0.0,0.0,0.0
592.5,0.0,0.0,-0.0,-0.0,-0.0,-0.0,-0.0,-0.0,-0.0,-369.28583,0.0,0.0,-0.0,0.0,0.0,-2.56668e-07,0.0,18.9593117,-0.0,0.0,0.0,0.0,-0.0,-0.0,0.0,0.0
593.0,0.0,0.0,-0.0,-0.0,-0.0,-0.0,-0.0,-0.0,-0.0,-369.28583,0.0,0.0,-0.0,0.0,0.0,-2.56668e-07,0.0,30.4498037,-0.0,0.0,0.0,0.0,-0.0,-0.0,0.0,0.0
593.5,0.0,0.0,-0.0,-0.0,-0.0,-0.0,-0.0,-0.0,-0.0,-369.28583,0.0,0.0,-0.0,0.0,0.0,-2.56668e-07,0.0,41.9402958,-0.0,0.0,0.0,0.0,-0.0,-0.0,0.0,0.0
594.0,0.0,0.0,-0.0,-0.0,-0.0,-0.0,-0.0,-0.0,-0.0,-369.28583,0.0,0.0,-0.0,0.0,0.0,-2.56668e-07,0.0,53.4307879,-0.0,0.0,0.0,0.0,-0.0,-0.0,0.0,0.0
594.5,0.0,0.0,-0.0,-0.0,-0.0,-0.0,-0.0,-0.0,-0.0,-369.28583,0.0,0.0,-0.0,0.0,0.0,-2.56668e-07,0.0,64.8061046,-0.0,0.0,0.0,0.0,-0.0,-0.0,0.0,0.0
595.0,0.0,0.0,-0.0,-0.0,-0.0,-0.0,-0.0,-0.0,-0.0,-369.28583,0.0,0.0,-0.0,0.0,0.0,-2.56668e-07,0.0,68.942955,-0.0,0.0,0.0,0.0,-0.0,-0.0,0.0,0.0
595.5,0.0,0.0,-0.0,-0.0,-0.0,-0.0,-0.0,-0.0,-0.0,-369.28583,0.0,0.0,-0.0,0.0,0.0,-2.56668e-07,0.0,68.942955,-0.0,0.0,0.0,0.0,-0.0,-0.0,0.0,0.0
596.0,0.0,0.0,-0.0,-0.0,-0.0,-0.0,-0.0,-0.0,-0.0,-369.28583,0.0,0.0,-0.0,0.0,0.0,-2.56668e-07,0.0,68.942955,-0.0,0.0,0.0,0.0,-0.0,-0.0,0.0,0.0
596.5,0.0,0.0,-0.0,-0.0,-0.0,-0.0,-0.0,-0.0,-0.0,-369.28583,0.0,0.0,-0.0,0.0,0.0,-2.56668e-07,0.0,68.942955,-0.0,0.0,0.0,0.0,-0.0,-0.0,0.0,0.0
597.0,0.0,0.0,-0.0,-0.0,-0.0,-0.0,-0.0,-0.0,-0.0,-369.28583,0.0,0.0,-0.0,0.0,0.0,-2.56668e-07,0.0,68.942955,-0.0,0.0,0.0,0.0,-0.0,-0.0,0.0,0.0
597.5,0.0,0.0,-0.0,-0.0,-0.0,-0.0,-0.0,-0.0,-0.0,-369.28583,0.0,0.0,-0.0,0.0,0.0,-2.56668e-07,0.0,68.827617,-0.0,0.0,0.0,0.0,-0.0,-0.0,0.0,0.0
598.0,0.0,0.0,-0.0,-0.0,-0.0,-0.0,-0.0,-0.0,-0.0,-369.28583,0.0,0.0,-0.0,0.0,0.0,-2.56668e-07,0.0,61.4741317,-0.0,0.0,0.0,0.0,-0.0,-0.0,0.0,0.0
598.5,0.0,0.0,-0.0,-0.0,-0.0,-0.0,-0.0,-0.0,-0.0,-369.28583,0.0,0.0,-0.0,0.0,0.0,-2.56668e-07,0.0,49.9836406,-0.0,0.0,0.0,0.0,-0.0,-0.0,0.0,0.0
599.0,0.0,0.0,-0.0,-0.0,-0.0,-0.0,-0.0,-0.0,-0.0,-369.28583,0.0,0.0,-0.0,0.0,0.0,-2.56668e-07,0.0,38.493148,-0.0,0.0,0.0,0.0,-0.0,-0.0,0.0,0.0
599.5,0.0,0.0,-0.0,-0.0,-0.0,-0.0,-0.0,-0.0,-0.0,-369.28583,0.0,0.0,-0.0,0.0,0.0,-2.56668e-07,0.0,27.0026559,-0.0,0.0,0.0,0.0,-0.0,-0.0,0.0,0.0
600.0,0.0,0.0,-0.0,-0.0,-0.0,-0.0,-0.0,-0.0,-0.0,-369.28583,0.0,0.0,-0.0,0.0,0.0,-2.56668e-07,0.0,15.5121643,-0.0,0.0,0.0,0.0,-0.0,-0.0,0.0,0.0
600.5,0.0,0.0,-0.0,-0.0,-0.0,-0.0,-0.0,-0.0,-0.0,-369.28583,0.0,0.0,-0.0,0.0,0.0,-2.56668e-07,0.0,4.13701646403,-0.0,0.0,0.0,0.0,-0.0,-0.0,0.0,0.0
601.0,0.0,0.0,-0.0,-0.0,-0.0,-0.0,-0.0,-0.0,-0.0,-369.28583,0.0,0.0,-0.0,0.0,0.0,-2.56668e-07,0.0,0.0,-0.0,0.0,0.0,0.0,-0.0,-0.0,0.0,0.0
601.5,0.0,0.0,-0.0,-0.0,-0.0,-0.0,-0.0,-0.0,-0.0,-369.28583,0.0,0.0,-0.0,0.0,0.0,-2.56668e-07,0.0,0.0,-0.0,0.0,0.0,0.0,-0.0,-0.0,0.0,0.0
602.0,0.0,0.0,-0.0,-0.0,-0.0,-0.0,-0.0,-0.0,-0.0,-369.28583,0.0,0.0,-0.0,0.0,0.0,-2.56668e-07,0.0,0.0,-0.0,0.0,0.0,0.0,-0.0,-0.0,0.0,0.0
602.5,0.0,0.0,-0.0,-0.0,-0.0,-0.0,-0.0,-0.0,-0.0,-369.28583,0.0,0.0,-0.0,0.0,0.0,-2.56668e-07,0.0,0.0,-0.0,0.0,0.0,0.0,-0.0,-0.0,0.0,0.0
603.0,0.0,0.0,-0.0,-0.0,-0.0,-0.0,-0.0,-0.0,-0.0,-369.28583,0.0,0.0,-0.0,0.0,0.0,-2.56668e-07,0.0,0.0,-0.0,0.0,0.0,0.0,-0.0,-0.0,0.0,0.0
603.5,0.0,0.0,-0.0,-0.0,-0.0,-0.0,-0.0,-0.0,-0.0,-369.28583,0.0,0.0,-0.0,0.0,0.0,-2.56668e-07,0.0,0.0,-0.0,0.0,0.0,0.0,-0.0,-0.0,0.0,0.0
604.0,0.0,0.0,-0.0,-0.0,-0.0,-0.0,-0.0,-0.0,-0.0,-369.28583,0.0,0.0,-0.0,0.0,0.0,-2.56668e-07,0.0,0.0,-0.0,0.0,0.0,0.0,-0.0,-0.0,0.0,0.0
604.5,0.0,0.0,-0.0,-0.0,-0.0,-0.0,-0.0,-0.0,-0.0,-369.28583,0.0,0.0,-0.0,0.0,0.0,-2.56668e-07,0.0,0.0,-0.0,0.0,0.0,0.0,-0.0,-0.0,0.0,0.0
605.0,0.0,0.0,-0.0,-0.0,-0.0,-0.0,-0.0,-0.0,-0.0,-369.28583,0.0,0.0,-0.0,0.0,0.0,-2.56668e-07,0.0,0.0,-0.0,0.0,0.0,0.0,-0.0,-0.0,0.0,0.0
605.5,0.0,0.0,-0.0,-0.0,-0.0,-0.0,-0.0,-0.0,-0.0,-369.28583,0.0,0.0,-0.0,0.0,0.0,-2.56668e-07,0.0,0.0,-0.0,0.0,0.0,0.0,-0.0,-0.0,0.0,0.0
606.0,0.0,0.0,-0.0,-0.0,-0.0,-0.0,-0.0,-0.0,-0.0,-369.28583,0.0,0.0,-0.0,0.0,0.0,-2.56668e-07,0.0,0.0,-0.0,0.0,0.0,0.0,-0.0,-0.0,0.0,0.0
606.5,0.0,0.0,-0.0,-0.0,-0.0,-0.0,-0.0,-0.0,-0.0,-369.28583,0.0,0.0,-0.0,0.0,0.0,-2.56668e-07,0.0,0.0,-0.0,0.0,0.0,0.0,-0.0,-0.0,0.0,0.0
607.0,0.0,0.0,-0.0,-0.0,-0.0,-0.0,-0.0,-0.0,-0.0,-369.28583,0.0,0.0,-0.0,0.0,0.0,-2.56668e-07,0.0,0.0,-0.0,0.0,0.0,0.0,-0.0,-0.0,0.0,0.0
607.5,0.0,0.0,-0.0,-0.0,-0.0,-0.0,-0.0,-0.0,-0.0,-369.28583,0.0,0.0,-0.0,0.0,0.0,-2.56668e-07,0.0,0.0,-0.0,0.0,0.0,0.0,-0.0,-0.0,0.0,0.0
608.0,0.0,0.0,-0.0,-0.0,-0.0,-0.0,-0.0,-0.0,-0.0,-369.28583,0.0,0.0,-0.0,0.0,0.0,-2.56668e-07,0.0,0.0,-0.0,0.0,0.0,0.0,-0.0,-0.0,0.0,0.0
608.5,0.0,0.0,-0.0,-0.0,-0.0,-0.0,-0.0,-0.0,-0.0,-369.28583,0.0,0.0,-0.0,0.0,0.0,-2.56668e-07,0.0,0.0,-0.0,0.0,0.0,0.0,-0.0,-0.0,0.0,0.0
609.0,0.0,0.0,-0.0,-0.0,-0.0,-0.0,-0.0,-0.0,-0.0,-369.28583,0.0,0.0,-0.0,0.0,0.0,-2.56668e-07,0.0,0.0,-0.0,0.0,0.0,0.0,-0.0,-0.0,0.0,0.0
609.5,0.0,0.0,-0.0,-0.0,-0.0,-0.0,-0.0,-0.0,-0.0,-369.28583,0.0,0.0,-0.0,0.0,0.0,-2.56668e-07,0.0,0.0,-0.0,0.0,0.0,0.0,-0.0,-0.0,0.0,0.0
610.0,0.0,0.0,-0.0,-0.0,-0.0,-0.0,-0.0,-0.0,-0.0,-369.28583,0.0,0.0,-0.0,0.0,0.0,-2.56668e-07,0.0,0.0,-0.0,0.0,0.0,0.0,-0.0,-0.0,0.0,0.0
610.5,0.0,0.0,-0.0,-0.0,-0.0,-0.0,-0.0,-0.0,-0.0,-369.28583,0.0,0.0,-0.0,0.0,0.0,-2.56668e-07,0.0,0.0,-0.0,0.0,0.0,0.0,-0.0,-0.0,0.0,0.0
611.0,0.0,0.0,-0.0,-0.0,-0.0,-0.0,-0.0,-0.0,-0.0,-369.28583,0.0,0.0,-0.0,0.0,0.0,-2.56668e-07,0.0,0.0,-0.0,0.0,0.0,0.0,-0.0,-0.0,0.0,0.0
611.5,0.0,0.0,-0.0,-0.0,-0.0,-0.0,-0.0,-0.0,-0.0,-369.28583,0.0,0.0,-0.0,0.0,0.0,-2.56668e-07,0.0,0.0,-0.0,0.0,0.0,0.0,-0.0,-0.0,0.0,0.0
612.0,0.0,0.0,-0.0,-0.0,-0.0,-0.0,-0.0,-0.0,-0.0,-369.28583,0.0,0.0,-0.0,0.0,0.0,-2.56668e-07,0.0,0.0,-0.0,0.0,0.0,0.0,-0.0,-0.0,0.0,0.0
612.5,0.0,0.0,-0.0,-0.0,-0.0,-0.0,-0.0,-0.0,-0.0,-369.28583,0.0,0.0,-0.0,0.0,0.0,-2.56668e-07,0.0,0.0,-0.0,0.0,0.0,0.0,-0.0,-0.0,0.0,0.0
613.0,0.0,0.0,-0.0,-0.0,-0.0,-0.0,-0.0,-0.0,-0.0,-369.28583,0.0,0.0,-0.0,0.0,0.0,-2.56668e-07,0.0,0.0,-0.0,0.0,0.0,0.0,-0.0,-0.0,0.0,0.0
613.5,0.0,0.0,-0.0,-0.0,-0.0,-0.0,-0.0,-0.0,-0.0,-369.28583,0.0,0.0,-0.0,0.0,0.0,-2.56668e-07,0.0,0.0,-0.0,0.0,0.0,0.0,-0.0,-0.0,0.0,0.0
614.0,0.0,0.0,-0.0,-0.0,-0.0,-0.0,-0.0,-0.0,-0.0,-369.28583,0.0,0.0,-0.0,0.0,0.0,-2.56668e-07,0.0,0.0,-0.0,0.0,0.0,0.0,-0.0,-0.0,0.0,0.0
614.5,0.0,0.0,-0.0,-0.0,-0.0,-0.0,-0.0,-0.0,-0.0,-369.28583,0.0,0.0,-0.0,0.0,0.0,-2.56668e-07,0.0,0.0,-0.0,0.0,0.0,0.0,-0.0,-0.0,0.0,0.0
615.0,0.0,0.0,-0.0,-0.0,-0.0,-0.0,-0.0,-0.0,-0.0,-369.28583,0.0,0.0,-0.0,0.0,0.0,-2.56668e-07,0.0,0.0,-0.0,0.0,0.0,0.0,-0.0,-0.0,0.0,0.0
615.5,0.0,0.0,-0.0,-0.0,-0.0,-0.0,-0.0,-0.0,-0.0,-369.28583,0.0,0.0,-0.0,0.0,0.0,-2.56668e-07,0.0,0.0,-0.0,0.0,0.0,0.0,-0.0,-0.0,0.0,0.0
616.0,0.0,0.0,-0.0,-0.0,-0.0,-0.0,-0.0,-0.0,-0.0,-369.28583,0.0,0.0,-0.0,0.0,0.0,-2.56668e-07,0.0,0.0,-0.0,0.0,0.0,0.0,-0.0,-0.0,0.0,0.0
616.5,0.0,0.0,-0.0,-0.0,-0.0,-0.0,-0.0,-0.0,-0.0,-369.28583,0.0,0.0,-0.0,0.0,0.0,-2.56668e-07,0.0,0.0,-0.0,0.0,0.0,0.0,-0.0,-0.0,0.0,0.0
617.0,0.0,0.0,-0.0,-0.0,-0.0,-0.0,-0.0,-0.0,-0.0,-369.28583,0.0,0.0,-0.0,0.0,0.0,-2.56668e-07,0.0,0.0,-0.0,0.0,0.0,0.0,-0.0,-0.0,0.0,0.0
617.5,0.0,0.0,-0.0,-0.0,-0.0,-0.0,-0.0,-0.0,-0.0,-369.28583,0.0,0.0,-0.0,0.0,0.0,-2.56668e-07,0.0,0.0,-0.0,0.0,0.0,0.0,-0.0,-0.0,0.0,0.0
618.0,0.0,0.0,-0.0,-0.0,-0.0,-0.0,-0.0,-0.0,-0.0,-369.28583,0.0,0.0,-0.0,0.0,0.0,-2.56668e-07,0.0,0.0,-0.0,0.0,0.0,0.0,-0.0,-0.0,0.0,0.0
618.5,0.0,0.0,-0.0,-0.0,-0.0,-0.0,-0.0,-0.0,-0.0,-369.28583,0.0,0.0,-0.0,0.0,0.0,-2.56668e-07,0.0,0.0,-0.0,0.0,0.0,0.0,-0.0,-0.0,0.0,0.0
619.0,0.0,0.0,-0.0,-0.0,-0.0,-0.0,-0.0,-0.0,-0.0,-369.28583,0.0,0.0,-0.0,0.0,0.0,-2.56668e-07,0.0,0.0,-0.0,0.0,0.0,0.0,-0.0,-0.0,0.0,0.0
619.5,0.0,0.0,-0.0,-0.0,-0.0,-0.0,-0.0,-0.0,-0.0,-369.28583,0.0,0.0,-0.0,0.0,0.0,-2.56668e-07,0.0,0.0,-0.0,0.0,0.0,0.0,-0.0,-0.0,0.0,0.0
620.0,0.0,0.0,-0.0,-0.0,-0.0,-0.0,-0.0,-0.0,-0.0,-369.28583,0.0,0.0,-0.0,0.0,0.0,-2.56668e-07,0.0,0.0,-0.0,0.0,0.0,0.0,-0.0,-0.0,0.0,0.0
620.5,0.0,0.0,-0.0,-0.0,-0.0,-0.0,-0.0,-0.0,-0.0,-369.28583,0.0,0.0,-0.0,0.0,0.0,-2.56668e-07,0.0,0.0,-0.0,0.0,0.0,0.0,-0.0,-0.0,0.0,0.0
621.0,0.0,0.0,-0.0,-0.0,-0.0,-0.0,-0.0,-0.0,-0.0,-369.28583,0.0,0.0,-0.0,0.0,0.0,-2.56668e-07,0.0,0.0,-0.0,0.0,0.0,0.0,-0.0,-0.0,0.0,0.0
621.5,0.0,0.0,-0.0,-0.0,-0.0,-0.0,-0.0,-0.0,-0.0,-369.28583,0.0,0.0,-0.0,0.0,0.0,-2.56668e-07,0.0,0.0,-0.0,0.0,0.0,0.0,-0.0,-0.0,0.0,0.0
622.0,0.0,0.0,-0.0,-0.0,-0.0,-0.0,-0.0,-0.0,-0.0,-369.28583,0.0,0.0,-0.0,0.0,0.0,-2.56668e-07,0.0,0.0,-0.0,0.0,0.0,0.0,-0.0,-0.0,0.0,0.0
622.5,0.0,0.0,-0.0,-0.0,-0.0,-0.0,-0.0,-0.0,-0.0,-369.28583,0.0,0.0,-0.0,0.0,0.0,-2.56668e-07,0.0,0.0,-0.0,0.0,0.0,0.0,-0.0,-0.0,0.0,0.0
623.0,0.0,0.0,-0.0,-0.0,-0.0,-0.0,-0.0,-0.0,-0.0,-369.28583,0.0,0.0,-0.0,0.0,0.0,-2.56668e-07,0.0,0.0,-0.0,0.0,0.0,0.0,-0.0,-0.0,0.0,0.0
623.5,0.0,0.0,-0.0,-0.0,-0.0,-0.0,-0.0,-0.0,-0.0,-369.28583,0.0,0.0,-0.0,0.0,0.0,-2.56668e-07,0.0,0.0,-0.0,0.0,0.0,0.0,-0.0,-0.0,0.0,0.0
624.0,0.0,0.0,-0.0,-0.0,-0.0,-0.0,-0.0,-0.0,-0.0,-369.28583,0.0,0.0,-0.0,0.0,0.0,-2.56668e-07,0.0,0.0,-0.0,0.0,0.0,0.0,-0.0,-0.0,0.0,0.0
624.5,0.0,0.0,-0.0,-0.0,-0.0,-0.0,-0.0,-0.0,-0.0,-369.28583,0.0,0.0,-0.0,0.0,0.0,-2.56668e-07,0.0,0.0,-0.0,0.0,0.0,0.0,-0.0,-0.0,0.0,0.0
625.0,0.0,0.0,-0.0,-0.0,-0.0,-0.0,-0.0,-0.0,-0.0,-369.28583,0.0,0.0,-0.0,0.0,0.0,-2.56668e-07,0.0,0.0,-0.0,0.0,0.0,0.0,-0.0,-0.0,0.0,0.0
625.5,0.0,0.0,-0.0,-0.0,-0.0,-0.0,-0.0,-0.0,-0.0,-369.28583,0.0,0.0,-0.0,0.0,0.0,-2.56668e-07,0.0,0.0,-0.0,0.0,0.0,0.0,-0.0,-0.0,0.0,0.0
626.0,0.0,0.0,-0.0,-0.0,-0.0,-0.0,-0.0,-0.0,-0.0,-369.28583,0.0,0.0,-0.0,0.0,0.0,-2.56668e-07,0.0,0.0,-0.0,0.0,0.0,0.0,-0.0,-0.0,0.0,0.0
626.5,0.0,0.0,-0.0,-0.0,-0.0,-0.0,-0.0,-0.0,-0.0,-369.28583,0.0,0.0,-0.0,0.0,0.0,-2.56668e-07,0.0,0.0,-0.0,0.0,0.0,0.0,-0.0,-0.0,0.0,0.0
627.0,0.0,0.0,-0.0,-0.0,-0.0,-0.0,-0.0,-0.0,-0.0,-369.28583,0.0,0.0,-0.0,0.0,0.0,-2.56668e-07,0.0,0.0,-0.0,0.0,0.0,0.0,-0.0,-0.0,0.0,0.0
627.5,0.0,0.0,-0.0,-0.0,-0.0,-0.0,-0.0,-0.0,-0.0,-369.28583,0.0,0.0,-0.0,0.0,0.0,-2.56668e-07,0.0,0.0,-0.0,0.0,0.0,0.0,-0.0,-0.0,0.0,0.0
628.0,0.0,0.0,-0.0,-0.0,-0.0,-0.0,-0.0,-0.0,-0.0,-369.28583,0.0,0.0,-0.0,0.0,0.0,-2.56668e-07,0.0,0.0,-0.0,0.0,0.0,0.0,-0.0,-0.0,0.0,0.0
628.5,0.0,0.0,-0.0,-0.0,-0.0,-0.0,-0.0,-0.0,-0.0,-369.28583,0.0,0.0,-0.0,0.0,0.0,-2.56668e-07,0.0,0.0,-0.0,0.0,0.0,0.0,-0.0,-0.0,0.0,0.0
629.0,0.0,0.0,-0.0,-0.0,-0.0,-0.0,-0.0,-0.0,-0.0,-369.28583,0.0,0.0,-0.0,0.0,0.0,-2.56668e-07,0.0,0.0,-0.0,0.0,0.0,0.0,-0.0,-0.0,0.0,0.0
629.5,0.0,0.0,-0.0,-0.0,-0.0,-0.0,-0.0,-0.0,-0.0,-369.28583,0.0,0.0,-0.0,0.0,0.0,-2.56668e-07,0.0,0.0,-0.0,0.0,0.0,0.0,-0.0,-0.0,0.0,0.0
630.0,0.0,0.0,-0.0,-0.0,-0.0,-0.0,-0.0,-0.0,-0.0,-369.28583,0.0,0.0,-0.0,0.0,0.0,-2.56668e-07,0.0,0.0,-0.0,0.0,0.0,0.0,-0.0,-0.0,0.0,0.0
630.5,0.0,0.0,-0.0,-0.0,-0.0,-0.0,-0.0,-0.0,-0.0,-369.28583,0.0,0.0,-0.0,0.0,0.0,-2.56668e-07,0.0,0.0,-0.0,0.0,0.0,0.0,-0.0,-0.0,0.0,0.0
631.0,0.0,0.0,-0.0,-0.0,-0.0,-0.0,-0.0,-0.0,-0.0,-369.28583,0.0,0.0,-0.0,0.0,0.0,-2.56668e-07,0.0,0.0,-0.0,0.0,0.0,0.0,-0.0,-0.0,0.0,0.0
631.5,0.0,0.0,-0.0,-0.0,-0.0,-0.0,-0.0,-0.0,-0.0,-369.28583,0.0,0.0,-0.0,0.0,0.0,-2.56668e-07,0.0,0.0,-0.0,0.0,0.0,0.0,-0.0,-0.0,0.0,0.0
632.0,0.0,0.0,-0.0,-0.0,-0.0,-0.0,-0.0,-0.0,-0.0,-369.28583,0.0,0.0,-0.0,0.0,0.0,-2.56668e-07,0.0,0.0,-0.0,0.0,0.0,0.0,-0.0,-0.0,0.0,0.0
632.5,0.0,0.0,-0.0,-0.0,-0.0,-0.0,-0.0,-0.0,-0.0,-369.28583,0.0,0.0,-0.0,0.0,0.0,-2.56668e-07,0.0,0.0,-0.0,0.0,0.0,0.0,-0.0,-0.0,0.0,0.0
633.0,0.0,0.0,-0.0,-0.0,-0.0,-0.0,-0.0,-0.0,-0.0,-369.28583,0.0,0.0,-0.0,0.0,0.0,-2.56668e-07,0.0,0.0,-0.0,0.0,0.0,0.0,-0.0,-0.0,0.0,0.0
633.5,0.0,0.0,-0.0,-0.0,-0.0,-0.0,-0.0,-0.0,-0.0,-369.28583,0.0,0.0,-0.0,0.0,0.0,-2.56668e-07,0.0,0.0,-0.0,0.0,0.0,0.0,-0.0,-0.0,0.0,0.0
634.0,0.0,0.0,-0.0,-0.0,-0.0,-0.0,-0.0,-0.0,-0.0,-369.28583,0.0,0.0,-0.0,0.0,0.0,-2.56668e-07,0.0,0.0,-0.0,0.0,0.0,0.0,-0.0,-0.0,0.0,0.0
634.5,0.0,0.0,-0.0,-0.0,-0.0,-0.0,-0.0,-0.0,-0.0,-369.28583,0.0,0.0,-0.0,0.0,0.0,-2.56668e-07,0.0,0.0,-0.0,0.0,0.0,0.0,-0.0,-0.0,0.0,0.0
635.0,0.0,0.0,-0.0,-0.0,-0.0,-0.0,-0.0,-0.0,-0.0,-369.28583,0.0,0.0,-0.0,0.0,0.0,-2.56668e-07,0.0,0.0,-0.0,0.0,0.0,0.0,-0.0,-0.0,0.0,0.0
635.5,0.0,0.0,-0.0,-0.0,-0.0,-0.0,-0.0,-0.0,-0.0,-369.28583,0.0,0.0,-0.0,0.0,0.0,-2.56668e-07,0.0,0.0,-0.0,0.0,0.0,0.0,-0.0,-0.0,0.0,0.0
636.0,0.0,0.0,-0.0,-0.0,-0.0,-0.0,-0.0,-0.0,-0.0,-369.28583,0.0,0.0,-0.0,0.0,0.0,-2.56668e-07,0.0,0.0,-0.0,0.0,0.0,0.0,-0.0,-0.0,0.0,0.0
636.5,0.0,0.0,-0.0,-0.0,-0.0,-0.0,-0.0,-0.0,-0.0,-369.28583,0.0,0.0,-0.0,0.0,0.0,-2.56668e-07,0.0,0.0,-0.0,0.0,0.0,0.0,-0.0,-0.0,0.0,0.0
637.0,0.0,0.0,-0.0,-0.0,-0.0,-0.0,-0.0,-0.0,-0.0,-369.28583,0.0,0.0,-0.0,0.0,0.0,-2.56668e-07,0.0,0.0,-0.0,0.0,0.0,0.0,-0.0,-0.0,0.0,0.0
637.5,0.0,0.0,-0.0,-0.0,-0.0,-0.0,-0.0,-0.0,-0.0,-369.28583,0.0,0.0,-0.0,0.0,0.0,-2.56668e-07,0.0,0.0,-0.0,0.0,0.0,0.0,-0.0,-0.0,0.0,0.0
638.0,0.0,0.0,-0.0,-0.0,-0.0,-0.0,-0.0,-0.0,-0.0,-369.28583,0.0,0.0,-0.0,0.0,0.0,-2.56668e-07,0.0,0.0,-0.0,0.0,0.0,0.0,-0.0,-0.0,0.0,0.0
638.5,0.0,0.0,-0.0,-0.0,-0.0,-0.0,-0.0,-0.0,-0.0,-369.28583,0.0,0.0,-0.0,0.0,0.0,-2.56668e-07,0.0,0.0,-0.0,0.0,0.0,0.0,-0.0,-0.0,0.0,0.0
639.0,0.0,0.0,-0.0,-0.0,-0.0,-0.0,-0.0,-0.0,-0.0,-369.28583,0.0,0.0,-0.0,0.0,0.0,-2.56668e-07,0.0,0.0,-0.0,0.0,0.0,0.0,-0.0,-0.0,0.0,0.0
639.5,0.0,0.0,-0.0,-0.0,-0.0,-0.0,-0.0,-0.0,-0.0,-369.28583,0.0,0.0,-0.0,0.0,0.0,-2.56668e-07,0.0,0.0,-0.0,0.0,0.0,0.0,-0.0,-0.0,0.0,0.0
640.0,0.0,0.0,-0.0,-0.0,-0.0,-0.0,-0.0,-0.0,-0.0,-369.28583,0.0,0.0,-0.0,0.0,0.0,-2.56668e-07,0.0,0.0,-0.0,0.0,0.0,0.0,-0.0,-0.0,0.0,0.0
640.5,0.0,0.0,-0.0,-0.0,-0.0,-0.0,-0.0,-0.0,-0.0,-369.28583,0.0,0.0,-0.0,0.0,0.0,-2.56668e-07,0.0,0.0,-0.0,0.0,0.0,0.0,-0.0,-0.0,0.0,0.0
641.0,0.0,0.0,-0.0,-0.0,-0.0,-0.0,-0.0,-0.0,-0.0,-369.28583,0.0,0.0,-0.0,0.0,0.0,-2.56668e-07,0.0,0.0,-0.0,0.0,0.0,0.0,-0.0,-0.0,0.0,0.0
641.5,0.0,0.0,-0.0,-0.0,-0.0,-0.0,-0.0,-0.0,-0.0,-369.28583,0.0,0.0,-0.0,0.0,0.0,-2.56668e-07,0.0,0.0,-0.0,0.0,0.0,0.0,-0.0,-0.0,0.0,0.0
642.0,0.0,0.0,-0.0,-0.0,-0.0,-0.0,-0.0,-0.0,-0.0,-369.28583,0.0,0.0,-0.0,0.0,0.0,-2.56668e-07,0.0,0.0,-0.0,0.0,0.0,0.0,-0.0,-0.0,0.0,0.0
642.5,0.0,0.0,-0.0,-0.0,-0.0,-0.0,-0.0,-0.0,-0.0,-369.28583,0.0,0.0,-0.0,0.0,0.0,-2.56668e-07,0.0,0.0,-0.0,0.0,0.0,0.0,-0.0,-0.0,0.0,0.0
643.0,0.0,0.0,-0.0,-0.0,-0.0,-0.0,-0.0,-0.0,-0.0,-369.28583,0.0,0.0,-0.0,0.0,0.0,-2.56668e-07,0.0,0.0,-0.0,0.0,0.0,0.0,-0.0,-0.0,0.0,0.0
643.5,0.0,0.0,-0.0,-0.0,-0.0,-0.0,-0.0,-0.0,-0.0,-369.28583,0.0,0.0,-0.0,0.0,0.0,-2.56668e-07,0.0,0.0,-0.0,0.0,0.0,0.0,-0.0,-0.0,0.0,0.0
644.0,0.0,0.0,-0.0,-0.0,-0.0,-0.0,-0.0,-0.0,-0.0,-369.28583,0.0,0.0,-0.0,0.0,0.0,-2.56668e-07,0.0,0.0,-0.0,0.0,0.0,0.0,-0.0,-0.0,0.0,0.0
644.5,0.0,0.0,-0.0,-0.0,-0.0,-0.0,-0.0,-0.0,-0.0,-369.28583,0.0,0.0,-0.0,0.0,0.0,-2.56668e-07,0.0,0.0,-0.0,0.0,0.0,0.0,-0.0,-0.0,0.0,0.0
645.0,0.0,0.0,-0.0,-0.0,-0.0,-0.0,-0.0,-0.0,-0.0,-369.28583,0.0,0.0,-0.0,0.0,0.0,-2.56668e-07,0.0,0.0,-0.0,0.0,0.0,0.0,-0.0,-0.0,0.0,0.0
645.5,0.0,0.0,-0.0,-0.0,-0.0,-0.0,-0.0,-0.0,-0.0,-369.28583,0.0,0.0,-0.0,0.0,0.0,-2.56668e-07,0.0,0.0,-0.0,0.0,0.0,0.0,-0.0,-0.0,0.0,0.0
646.0,0.0,0.0,-0.0,-0.0,-0.0,-0.0,-0.0,-0.0,-0.0,-369.28583,0.0,0.0,-0.0,0.0,0.0,-2.56668e-07,0.0,0.0,-0.0,0.0,0.0,0.0,-0.0,-0.0,0.0,0.0
646.5,0.0,0.0,-0.0,-0.0,-0.0,-0.0,-0.0,-0.0,-0.0,-369.28583,0.0,0.0,-0.0,0.0,0.0,-2.56668e-07,0.0,0.0,-0.0,0.0,0.0,0.0,-0.0,-0.0,0.0,0.0
647.0,0.0,0.0,-0.0,-0.0,-0.0,-0.0,-0.0,-0.0,-0.0,-369.28583,0.0,0.0,-0.0,0.0,0.0,-2.56668e-07,0.0,0.0,-0.0,0.0,0.0,0.0,-0.0,-0.0,0.0,0.0
647.5,0.0,0.0,-0.0,-0.0,-0.0,-0.0,-0.0,-0.0,-0.0,-369.28583,0.0,0.0,-0.0,0.0,0.0,-2.56668e-07,0.0,0.0,-0.0,0.0,0.0,0.0,-0.0,-0.0,0.0,0.0
648.0,0.0,0.0,-0.0,-0.0,-0.0,-0.0,-0.0,-0.0,-0.0,-369.28583,0.0,0.0,-0.0,0.0,0.0,-2.56668e-07,0.0,0.0,-0.0,0.0,0.0,0.0,-0.0,-0.0,0.0,0.0
648.5,0.0,0.0,-0.0,-0.0,-0.0,-0.0,-0.0,-0.0,-0.0,-369.28583,0.0,0.0,-0.0,0.0,0.0,-2.56668e-07,0.0,0.0,-0.0,0.0,0.0,0.0,-0.0,-0.0,0.0,0.0
649.0,0.0,0.0,-0.0,-0.0,-0.0,-0.0,-0.0,-0.0,-0.0,-369.28583,0.0,0.0,-0.0,0.0,0.0,-2.56668e-07,0.0,0.0,-0.0,0.0,0.0,0.0,-0.0,-0.0,0.0,0.0
649.5,0.0,0.0,-0.0,-0.0,-0.0,-0.0,-0.0,-0.0,-0.0,-369.28583,0.0,0.0,-0.0,0.0,0.0,-2.56668e-07,0.0,0.0,-0.0,0.0,0.0,0.0,-0.0,-0.0,0.0,0.0
650.0,0.0,0.0,-0.0,-0.0,-0.0,-0.0,-0.0,-0.0,-0.0,-369.28583,0.0,0.0,-0.0,0.0,0.0,-2.56668e-07,0.0,0.0,-0.0,0.0,0.0,0.0,-0.0,-0.0,0.0,0.0
650.5,0.0,0.0,-0.0,-0.0,-0.0,-0.0,-0.0,-0.0,-0.0,-369.28583,0.0,0.0,-0.0,0.0,0.0,-2.56668e-07,0.0,0.0,-0.0,0.0,0.0,0.0,-0.0,-0.0,0.0,0.0
651.0,0.0,0.0,-0.0,-0.0,-0.0,-0.0,-0.0,-0.0,-0.0,-369.28583,0.0,0.0,-0.0,0.0,0.0,-2.56668e-07,0.0,0.0,-0.0,0.0,0.0,0.0,-0.0,-0.0,0.0,0.0
651.5,0.0,0.0,-0.0,-0.0,-0.0,-0.0,-0.0,-0.0,-0.0,-369.28583,0.0,0.0,-0.0,0.0,0.0,-2.56668e-07,0.0,0.0,-0.0,0.0,0.0,0.0,-0.0,-0.0,0.0,0.0
652.0,0.0,0.0,-0.0,-0.0,-0.0,-0.0,-0.0,-0.0,-0.0,-369.28583,0.0,0.0,-0.0,0.0,0.0,-2.56668e-07,0.0,0.0,-0.0,0.0,0.0,0.0,-0.0,-0.0,0.0,0.0
652.5,0.0,0.0,-0.0,-0.0,-0.0,-0.0,-0.0,-0.0,-0.0,-369.28583,0.0,0.0,-0.0,0.0,0.0,-2.56668e-07,0.0,0.0,-0.0,0.0,0.0,0.0,-0.0,-0.0,0.0,0.0
653.0,0.0,0.0,-0.0,-0.0,-0.0,-0.0,-0.0,-0.0,-0.0,-369.28583,0.0,0.0,-0.0,0.0,0.0,-2.56668e-07,0.0,0.0,-0.0,0.0,0.0,0.0,-0.0,-0.0,0.0,0.0
653.5,0.0,0.0,-0.0,-0.0,-0.0,-0.0,-0.0,-0.0,-0.0,-369.28583,0.0,0.0,-0.0,0.0,0.0,-2.56668e-07,0.0,0.0,-0.0,0.0,0.0,0.0,-0.0,-0.0,0.0,0.0
654.0,0.0,0.0,-0.0,-0.0,-0.0,-0.0,-0.0,-0.0,-0.0,-369.28583,0.0,0.0,-0.0,0.0,0.0,-2.56668e-07,0.0,0.0,-0.0,0.0,0.0,0.0,-0.0,-0.0,0.0,0.0
654.5,0.0,0.0,-0.0,-0.0,-0.0,-0.0,-0.0,-0.0,-0.0,-369.28583,0.0,0.0,-0.0,0.0,0.0,-2.56668e-07,0.0,0.0,-0.0,0.0,0.0,0.0,-0.0,-0.0,0.0,0.0
655.0,0.0,0.0,-0.0,-0.0,-0.0,-0.0,-0.0,-0.0,-0.0,-369.28583,0.0,0.0,-0.0,0.0,0.0,-2.56668e-07,0.0,0.0,-0.0,0.0,0.0,0.0,-0.0,-0.0,0.0,0.0
655.5,0.0,0.0,-0.0,-0.0,-0.0,-0.0,-0.0,-0.0,-0.0,-369.28583,0.0,0.0,-0.0,0.0,0.0,-2.56668e-07,0.0,0.0,-0.0,0.0,0.0,0.0,-0.0,-0.0,0.0,0.0
656.0,0.0,0.0,-0.0,-0.0,-0.0,-0.0,-0.0,-0.0,-0.0,-369.28583,0.0,0.0,-0.0,0.0,0.0,-2.56668e-07,0.0,0.0,-0.0,0.0,0.0,0.0,-0.0,-0.0,0.0,0.0
656.5,0.0,0.0,-0.0,-0.0,-0.0,-0.0,-0.0,-0.0,-0.0,-369.28583,0.0,0.0,-0.0,0.0,0.0,-2.56668e-07,0.0,0.0,-0.0,0.0,0.0,0.0,-0.0,-0.0,0.0,0.0
657.0,0.0,0.0,-0.0,-0.0,-0.0,-0.0,-0.0,-0.0,-0.0,-369.28583,0.0,0.0,-0.0,0.0,0.0,-2.56668e-07,0.0,0.0,-0.0,0.0,0.0,0.0,-0.0,-0.0,0.0,0.0
657.5,0.0,0.0,-0.0,-0.0,-0.0,-0.0,-0.0,-0.0,-0.0,-369.28583,0.0,0.0,-0.0,0.0,0.0,-2.56668e-07,0.0,0.0,-0.0,0.0,0.0,0.0,-0.0,-0.0,0.0,0.0
658.0,0.0,0.0,-0.0,-0.0,-0.0,-0.0,-0.0,-0.0,-0.0,-369.28583,0.0,0.0,-0.0,0.0,0.0,-2.56668e-07,0.0,0.0,-0.0,0.0,0.0,0.0,-0.0,-0.0,0.0,0.0
658.5,0.0,0.0,-0.0,-0.0,-0.0,-0.0,-0.0,-0.0,-0.0,-369.28583,0.0,0.0,-0.0,0.0,0.0,-2.56668e-07,0.0,0.0,-0.0,0.0,0.0,0.0,-0.0,-0.0,0.0,0.0
659.0,0.0,0.0,-0.0,-0.0,-0.0,-0.0,-0.0,-0.0,-0.0,-369.28583,0.0,0.0,-0.0,0.0,0.0,-2.56668e-07,0.0,0.0,-0.0,0.0,0.0,0.0,-0.0,-0.0,0.0,0.0
659.5,0.0,0.0,-0.0,-0.0,-0.0,-0.0,-0.0,-0.0,-0.0,-369.28583,0.0,0.0,-0.0,0.0,0.0,-2.56668e-07,0.0,0.0,-0.0,0.0,0.0,0.0,-0.0,-0.0,0.0,0.0
660.0,0.0,0.0,-0.0,-0.0,-0.0,-0.0,-0.0,-0.0,-0.0,-369.28583,0.0,0.0,-0.0,0.0,0.0,-2.56668e-07,0.0,0.0,-0.0,0.0,0.0,0.0,-0.0,-0.0,0.0,0.0
660.5,0.0,0.0,-0.0,-0.0,-0.0,-0.0,-0.0,-0.0,-0.0,-369.28583,0.0,0.0,-0.0,0.0,0.0,-2.56668e-07,0.0,0.0,-0.0,0.0,0.0,0.0,-0.0,-0.0,0.0,0.0
661.0,0.0,0.0,-0.0,-0.0,-0.0,-0.0,-0.0,-0.0,-0.0,-369.28583,0.0,0.0,-0.0,0.0,0.0,-2.56668e-07,0.0,0.0,-0.0,0.0,0.0,0.0,-0.0,-0.0,0.0,0.0
661.5,0.0,0.0,-0.0,-0.0,-0.0,-0.0,-0.0,-0.0,-0.0,-369.28583,0.0,0.0,-0.0,0.0,0.0,-2.56668e-07,0.0,0.0,-0.0,0.0,0.0,0.0,-0.0,-0.0,0.0,0.0
662.0,0.0,0.0,-0.0,-0.0,-0.0,-0.0,-0.0,-0.0,-0.0,-369.28583,0.0,0.0,-0.0,0.0,0.0,-2.56668e-07,0.0,0.0,-0.0,0.0,0.0,0.0,-0.0,-0.0,0.0,0.0
662.5,0.0,0.0,-0.0,-0.0,-0.0,-0.0,-0.0,-0.0,-0.0,-369.28583,0.0,0.0,-0.0,0.0,0.0,-2.56668e-07,0.0,0.0,-0.0,0.0,0.0,0.0,-0.0,-0.0,0.0,0.0
663.0,0.0,0.0,-0.0,-0.0,-0.0,-0.0,-0.0,-0.0,-0.0,-369.28583,0.0,0.0,-0.0,0.0,0.0,-2.56668e-07,0.0,0.0,-0.0,0.0,0.0,0.0,-0.0,-0.0,0.0,0.0
663.5,0.0,0.0,-0.0,-0.0,-0.0,-0.0,-0.0,-0.0,-0.0,-369.28583,0.0,0.0,-0.0,0.0,0.0,-2.56668e-07,0.0,0.0,-0.0,0.0,0.0,0.0,-0.0,-0.0,0.0,0.0
664.0,0.0,0.0,-0.0,-0.0,-0.0,-0.0,-0.0,-0.0,-0.0,-369.28583,0.0,0.0,-0.0,0.0,0.0,-2.56668e-07,0.0,0.0,-0.0,0.0,0.0,0.0,-0.0,-0.0,0.0,0.0
664.5,0.0,0.0,-0.0,-0.0,-0.0,-0.0,-0.0,-0.0,-0.0,-369.28583,0.0,0.0,-0.0,0.0,0.0,-2.56668e-07,0.0,0.0,-0.0,0.0,0.0,0.0,-0.0,-0.0,0.0,0.0
665.0,0.0,0.0,-0.0,-0.0,-0.0,-0.0,-0.0,-0.0,-0.0,-369.28583,0.0,0.0,-0.0,0.0,0.0,-2.56668e-07,0.0,0.0,-0.0,0.0,0.0,0.0,-0.0,-0.0,0.0,0.0
665.5,0.0,0.0,-0.0,-0.0,-0.0,-0.0,-0.0,-0.0,-0.0,-369.28583,0.0,0.0,-0.0,0.0,0.0,-2.56668e-07,0.0,0.0,-0.0,0.0,0.0,0.0,-0.0,-0.0,0.0,0.0
666.0,0.0,0.0,-0.0,-0.0,-0.0,-0.0,-0.0,-0.0,-0.0,-369.28583,0.0,0.0,-0.0,0.0,0.0,-2.56668e-07,0.0,0.0,-0.0,0.0,0.0,0.0,-0.0,-0.0,0.0,0.0
666.5,0.0,0.0,-0.0,-0.0,-0.0,-0.0,-0.0,-0.0,-0.0,-369.28583,0.0,0.0,-0.0,0.0,0.0,-2.56668e-07,0.0,0.0,-0.0,0.0,0.0,0.0,-0.0,-0.0,0.0,0.0
667.0,0.0,0.0,-0.0,-0.0,-0.0,-0.0,-0.0,-0.0,-0.0,-369.28583,0.0,0.0,-0.0,0.0,0.0,-2.56668e-07,0.0,0.0,-0.0,0.0,0.0,0.0,-0.0,-0.0,0.0,0.0
667.5,0.0,0.0,-0.0,-0.0,-0.0,-0.0,-0.0,-0.0,-0.0,-369.28583,0.0,0.0,-0.0,0.0,0.0,-2.56668e-07,0.0,0.0,-0.0,0.0,0.0,0.0,-0.0,-0.0,0.0,0.0
668.0,0.0,0.0,-0.0,-0.0,-0.0,-0.0,-0.0,-0.0,-0.0,-369.28583,0.0,0.0,-0.0,0.0,0.0,-2.56668e-07,0.0,0.0,-0.0,0.0,0.0,0.0,-0.0,-0.0,0.0,0.0
668.5,0.0,0.0,-0.0,-0.0,-0.0,-0.0,-0.0,-0.0,-0.0,-369.28583,0.0,0.0,-0.0,0.0,0.0,-2.56668e-07,0.0,0.0,-0.0,0.0,0.0,0.0,-0.0,-0.0,0.0,0.0
669.0,0.0,0.0,-0.0,-0.0,-0.0,-0.0,-0.0,-0.0,-0.0,-369.28583,0.0,0.0,-0.0,0.0,0.0,-2.56668e-07,0.0,0.0,-0.0,0.0,0.0,0.0,-0.0,-0.0,0.0,0.0
669.5,0.0,0.0,-0.0,-0.0,-0.0,-0.0,-0.0,-0.0,-0.0,-369.28583,0.0,0.0,-0.0,0.0,0.0,-2.56668e-07,0.0,0.0,-0.0,0.0,0.0,0.0,-0.0,-0.0,0.0,0.0
670.0,0.0,0.0,-0.0,-0.0,-0.0,-0.0,-0.0,-0.0,-0.0,-369.28583,0.0,0.0,-0.0,0.0,0.0,-2.56668e-07,0.0,0.0,-0.0,0.0,0.0,0.0,-0.0,-0.0,0.0,0.0
670.5,0.0,0.0,-0.0,-0.0,-0.0,-0.0,-0.0,-0.0,-0.0,-369.28583,0.0,0.0,-0.0,0.0,0.0,-2.56668e-07,0.0,0.0,-0.0,0.0,0.0,0.0,-0.0,-0.0,0.0,0.0
671.0,0.0,0.0,-0.0,-0.0,-0.0,-0.0,-0.0,-0.0,-0.0,-369.28583,0.0,0.0,-0.0,0.0,0.0,-2.56668e-07,0.0,0.0,-0.0,0.0,0.0,0.0,-0.0,-0.0,0.0,0.0
671.5,0.0,0.0,-0.0,-0.0,-0.0,-0.0,-0.0,-0.0,-0.0,-369.28583,0.0,0.0,-0.0,0.0,0.0,-2.56668e-07,0.0,0.0,-0.0,0.0,0.0,0.0,-0.0,-0.0,0.0,0.0
672.0,0.0,0.0,-0.0,-0.0,-0.0,-0.0,-0.0,-0.0,-0.0,-369.28583,0.0,0.0,-0.0,0.0,0.0,-2.56668e-07,0.0,0.0,-0.0,0.0,0.0,0.0,-0.0,-0.0,0.0,0.0
672.5,0.0,0.0,-0.0,-0.0,-0.0,-0.0,-0.0,-0.0,-0.0,-369.28583,0.0,0.0,-0.0,0.0,0.0,-2.56668e-07,0.0,0.0,-0.0,0.0,0.0,0.0,-0.0,-0.0,0.0,0.0
673.0,0.0,0.0,-0.0,-0.0,-0.0,-0.0,-0.0,-0.0,-0.0,-369.28583,0.0,0.0,-0.0,0.0,0.0,-2.56668e-07,0.0,0.0,-0.0,0.0,0.0,0.0,-0.0,-0.0,0.0,0.0
673.5,0.0,0.0,-0.0,-0.0,-0.0,-0.0,-0.0,-0.0,-0.0,-369.28583,0.0,0.0,-0.0,0.0,0.0,-2.56668e-07,0.0,0.0,-0.0,0.0,0.0,0.0,-0.0,-0.0,0.0,0.0
674.0,0.0,0.0,-0.0,-0.0,-0.0,-0.0,-0.0,-0.0,-0.0,-369.28583,0.0,0.0,-0.0,0.0,0.0,-2.56668e-07,0.0,0.0,-0.0,0.0,0.0,0.0,-0.0,-0.0,0.0,0.0
674.5,0.0,0.0,-0.0,-0.0,-0.0,-0.0,-0.0,-0.0,-0.0,-369.28583,0.0,0.0,-0.0,0.0,0.0,-2.56668e-07,0.0,0.0,-0.0,0.0,0.0,0.0,-0.0,-0.0,0.0,0.0
675.0,0.0,0.0,-0.0,-0.0,-0.0,-0.0,-0.0,-0.0,-0.0,-369.28583,0.0,0.0,-0.0,0.0,0.0,-2.56668e-07,0.0,0.0,-0.0,0.0,0.0,0.0,-0.0,-0.0,0.0,0.0
675.5,0.0,0.0,-0.0,-0.0,-0.0,-0.0,-0.0,-0.0,-0.0,-369.28583,0.0,0.0,-0.0,0.0,0.0,-2.56668e-07,0.0,0.0,-0.0,0.0,0.0,0.0,-0.0,-0.0,0.0,0.0
676.0,0.0,0.0,-0.0,-0.0,-0.0,-0.0,-0.0,-0.0,-0.0,-369.28583,0.0,0.0,-0.0,0.0,0.0,-2.56668e-07,0.0,0.0,-0.0,0.0,0.0,0.0,-0.0,-0.0,0.0,0.0
676.5,0.0,0.0,-0.0,-0.0,-0.0,-0.0,-0.0,-0.0,-0.0,-369.28583,0.0,0.0,-0.0,0.0,0.0,-2.56668e-07,0.0,0.0,-0.0,0.0,0.0,0.0,-0.0,-0.0,0.0,0.0
677.0,0.0,0.0,-0.0,-0.0,-0.0,-0.0,-0.0,-0.0,-0.0,-369.28583,0.0,0.0,-0.0,0.0,0.0,-2.56668e-07,0.0,0.0,-0.0,0.0,0.0,0.0,-0.0,-0.0,0.0,0.0
677.5,0.0,0.0,-0.0,-0.0,-0.0,-0.0,-0.0,-0.0,-0.0,-369.28583,0.0,0.0,-0.0,0.0,0.0,-2.56668e-07,0.0,0.0,-0.0,0.0,0.0,0.0,-0.0,-0.0,0.0,0.0
678.0,0.0,0.0,-0.0,-0.0,-0.0,-0.0,-0.0,-0.0,-0.0,-369.28583,0.0,0.0,-0.0,0.0,0.0,-2.56668e-07,0.0,0.0,-0.0,0.0,0.0,0.0,-0.0,-0.0,0.0,0.0
678.5,0.0,0.0,-0.0,-0.0,-0.0,-0.0,-0.0,-0.0,-0.0,-369.28583,0.0,0.0,-0.0,0.0,0.0,-2.56668e-07,0.0,0.0,-0.0,0.0,0.0,0.0,-0.0,-0.0,0.0,0.0
679.0,0.0,0.0,-0.0,-0.0,-0.0,-0.0,-0.0,-0.0,-0.0,-369.28583,0.0,0.0,-0.0,0.0,0.0,-2.56668e-07,0.0,0.0,-0.0,0.0,0.0,0.0,-0.0,-0.0,0.0,0.0
679.5,0.0,0.0,-0.0,-0.0,-0.0,-0.0,-0.0,-0.0,-0.0,-369.28583,0.0,0.0,-0.0,0.0,0.0,-2.56668e-07,0.0,0.0,-0.0,0.0,0.0,0.0,-0.0,-0.0,0.0,0.0
680.0,0.0,0.0,-0.0,-0.0,-0.0,-0.0,-0.0,-0.0,-0.0,-369.28583,0.0,0.0,-0.0,0.0,0.0,-2.56668e-07,0.0,0.0,-0.0,0.0,0.0,0.0,-0.0,-0.0,0.0,0.0
680.5,0.0,0.0,-0.0,-0.0,-0.0,-0.0,-0.0,-0.0,-0.0,-369.28583,0.0,0.0,-0.0,0.0,0.0,-2.56668e-07,0.0,0.0,-0.0,0.0,0.0,0.0,-0.0,-0.0,0.0,0.0
681.0,0.0,0.0,-0.0,-0.0,-0.0,-0.0,-0.0,-0.0,-0.0,-369.28583,0.0,0.0,-0.0,0.0,0.0,-2.56668e-07,0.0,0.0,-0.0,0.0,0.0,0.0,-0.0,-0.0,0.0,0.0
681.5,0.0,0.0,-0.0,-0.0,-0.0,-0.0,-0.0,-0.0,-0.0,-369.28583,0.0,0.0,-0.0,0.0,0.0,-2.56668e-07,0.0,0.0,-0.0,0.0,0.0,0.0,-0.0,-0.0,0.0,0.0
682.0,0.0,0.0,-0.0,-0.0,-0.0,-0.0,-0.0,-0.0,-0.0,-369.28583,0.0,0.0,-0.0,0.0,0.0,-2.56668e-07,0.0,0.0,-0.0,0.0,0.0,0.0,-0.0,-0.0,0.0,0.0
682.5,0.0,0.0,-0.0,-0.0,-0.0,-0.0,-0.0,-0.0,-0.0,-369.28583,0.0,0.0,-0.0,0.0,0.0,-2.56668e-07,0.0,0.0,-0.0,0.0,0.0,0.0,-0.0,-0.0,0.0,0.0
683.0,0.0,0.0,-0.0,-0.0,-0.0,-0.0,-0.0,-0.0,-0.0,-369.28583,0.0,0.0,-0.0,0.0,0.0,-2.56668e-07,0.0,0.0,-0.0,0.0,0.0,0.0,-0.0,-0.0,0.0,0.0
683.5,0.0,0.0,-0.0,-0.0,-0.0,-0.0,-0.0,-0.0,-0.0,-369.28583,0.0,0.0,-0.0,0.0,0.0,-2.56668e-07,0.0,0.0,-0.0,0.0,0.0,0.0,-0.0,-0.0,0.0,0.0
684.0,0.0,0.0,-0.0,-0.0,-0.0,-0.0,-0.0,-0.0,-0.0,-369.28583,0.0,0.0,-0.0,0.0,0.0,-2.56668e-07,0.0,0.0,-0.0,0.0,0.0,0.0,-0.0,-0.0,0.0,0.0
684.5,0.0,0.0,-0.0,-0.0,-0.0,-0.0,-0.0,-0.0,-0.0,-369.28583,0.0,0.0,-0.0,0.0,0.0,-2.56668e-07,0.0,0.0,-0.0,0.0,0.0,0.0,-0.0,-0.0,0.0,0.0
685.0,0.0,0.0,-0.0,-0.0,-0.0,-0.0,-0.0,-0.0,-0.0,-369.28583,0.0,0.0,-0.0,0.0,0.0,-2.56668e-07,0.0,0.0,-0.0,0.0,0.0,0.0,-0.0,-0.0,0.0,0.0
685.5,0.0,0.0,-0.0,-0.0,-0.0,-0.0,-0.0,-0.0,-0.0,-369.28583,0.0,0.0,-0.0,0.0,0.0,-2.56668e-07,0.0,0.0,-0.0,0.0,0.0,0.0,-0.0,-0.0,0.0,0.0
686.0,0.0,0.0,-0.0,-0.0,-0.0,-0.0,-0.0,-0.0,-0.0,-369.28583,0.0,0.0,-0.0,0.0,0.0,-2.56668e-07,0.0,0.0,-0.0,0.0,0.0,0.0,-0.0,-0.0,0.0,0.0
686.5,0.0,0.0,-0.0,-0.0,-0.0,-0.0,-0.0,-0.0,-0.0,-369.28583,0.0,0.0,-0.0,0.0,0.0,-2.56668e-07,0.0,0.0,-0.0,0.0,0.0,0.0,-0.0,-0.0,0.0,0.0
687.0,0.0,0.0,-0.0,-0.0,-0.0,-0.0,-0.0,-0.0,-0.0,-369.28583,0.0,0.0,-0.0,0.0,0.0,-2.56668e-07,0.0,0.0,-0.0,0.0,0.0,0.0,-0.0,-0.0,0.0,0.0
687.5,0.0,0.0,-0.0,-0.0,-0.0,-0.0,-0.0,-0.0,-0.0,-369.28583,0.0,0.0,-0.0,0.0,0.0,-2.56668e-07,0.0,0.0,-0.0,0.0,0.0,0.0,-0.0,-0.0,0.0,0.0
688.0,0.0,0.0,-0.0,-0.0,-0.0,-0.0,-0.0,-0.0,-0.0,-369.28583,0.0,0.0,-0.0,0.0,0.0,-2.56668e-07,0.0,0.0,-0.0,0.0,0.0,0.0,-0.0,-0.0,0.0,0.0
688.5,0.0,0.0,-0.0,-0.0,-0.0,-0.0,-0.0,-0.0,-0.0,-369.28583,0.0,0.0,-0.0,0.0,0.0,-2.56668e-07,0.0,0.0,-0.0,0.0,0.0,0.0,-0.0,-0.0,0.0,0.0
689.0,0.0,0.0,-0.0,-0.0,-0.0,-0.0,-0.0,-0.0,-0.0,-369.28583,0.0,0.0,-0.0,0.0,0.0,-2.56668e-07,0.0,0.0,-0.0,0.0,0.0,0.0,-0.0,-0.0,0.0,0.0
689.5,0.0,0.0,-0.0,-0.0,-0.0,-0.0,-0.0,-0.0,-0.0,-369.28583,0.0,0.0,-0.0,0.0,0.0,-2.56668e-07,0.0,0.0,-0.0,0.0,0.0,0.0,-0.0,-0.0,0.0,0.0
690.0,0.0,0.0,-0.0,-0.0,-0.0,-0.0,-0.0,-0.0,-0.0,-369.28583,0.0,0.0,-0.0,0.0,0.0,-2.56668e-07,0.0,0.0,-0.0,0.0,0.0,0.0,-0.0,-0.0,0.0,0.0
690.5,0.0,0.0,-0.0,-0.0,-0.0,-0.0,-0.0,-0.0,-0.0,-369.28583,0.0,0.0,-0.0,0.0,0.0,-2.56668e-07,0.0,0.0,-0.0,0.0,0.0,0.0,-0.0,-0.0,0.0,0.0
691.0,0.0,0.0,-0.0,-0.0,-0.0,-0.0,-0.0,-0.0,-0.0,-369.28583,0.0,0.0,-0.0,0.0,0.0,-2.56668e-07,0.0,0.0,-0.0,0.0,0.0,0.0,-0.0,-0.0,0.0,0.0
691.5,0.0,0.0,-0.0,-0.0,-0.0,-0.0,-0.0,-0.0,-0.0,-369.28583,0.0,0.0,-0.0,0.0,0.0,-2.56668e-07,0.0,0.0,-0.0,0.0,0.0,0.0,-0.0,-0.0,0.0,0.0
692.0,0.0,0.0,-0.0,-0.0,-0.0,-0.0,-0.0,-0.0,-0.0,-369.28583,0.0,0.0,-0.0,0.0,0.0,-2.56668e-07,0.0,0.0,-0.0,0.0,0.0,0.0,-0.0,-0.0,0.0,0.0
692.5,0.0,0.0,-0.0,-0.0,-0.0,-0.0,-0.0,-0.0,-0.0,-369.28583,0.0,0.0,-0.0,0.0,0.0,-2.56668e-07,0.0,0.0,-0.0,0.0,0.0,0.0,-0.0,-0.0,0.0,0.0
693.0,0.0,0.0,-0.0,-0.0,-0.0,-0.0,-0.0,-0.0,-0.0,-369.28583,0.0,0.0,-0.0,0.0,0.0,-2.56668e-07,0.0,0.0,-0.0,0.0,0.0,0.0,-0.0,-0.0,0.0,0.0
693.5,0.0,0.0,-0.0,-0.0,-0.0,-0.0,-0.0,-0.0,-0.0,-369.28583,0.0,0.0,-0.0,0.0,0.0,-2.56668e-07,0.0,0.0,-0.0,0.0,0.0,0.0,-0.0,-0.0,0.0,0.0
694.0,0.0,0.0,-0.0,-0.0,-0.0,-0.0,-0.0,-0.0,-0.0,-369.28583,0.0,0.0,-0.0,0.0,0.0,-2.56668e-07,0.0,0.0,-0.0,0.0,0.0,0.0,-0.0,-0.0,0.0,0.0
694.5,0.0,0.0,-0.0,-0.0,-0.0,-0.0,-0.0,-0.0,-0.0,-369.28583,0.0,0.0,-0.0,0.0,0.0,-2.56668e-07,0.0,0.0,-0.0,0.0,0.0,0.0,-0.0,-0.0,0.0,0.0
695.0,0.0,0.0,-0.0,-0.0,-0.0,-0.0,-0.0,-0.0,-0.0,-369.28583,0.0,0.0,-0.0,0.0,0.0,-2.56668e-07,0.0,0.0,-0.0,0.0,0.0,0.0,-0.0,-0.0,0.0,0.0
695.5,0.0,0.0,-0.0,-0.0,-0.0,-0.0,-0.0,-0.0,-0.0,-369.28583,0.0,0.0,-0.0,0.0,0.0,-2.56668e-07,0.0,0.0,-0.0,0.0,0.0,0.0,-0.0,-0.0,0.0,0.0
696.0,0.0,0.0,-0.0,-0.0,-0.0,-0.0,-0.0,-0.0,-0.0,-369.28583,0.0,0.0,-0.0,0.0,0.0,-2.56668e-07,0.0,0.0,-0.0,0.0,0.0,0.0,-0.0,-0.0,0.0,0.0
696.5,0.0,0.0,-0.0,-0.0,-0.0,-0.0,-0.0,-0.0,-0.0,-369.28583,0.0,0.0,-0.0,0.0,0.0,-2.56668e-07,0.0,0.0,-0.0,0.0,0.0,0.0,-0.0,-0.0,0.0,0.0
697.0,0.0,0.0,-0.0,-0.0,-0.0,-0.0,-0.0,-0.0,-0.0,-369.28583,0.0,0.0,-0.0,0.0,0.0,-2.56668e-07,0.0,0.0,-0.0,0.0,0.0,0.0,-0.0,-0.0,0.0,0.0
697.5,0.0,0.0,-0.0,-0.0,-0.0,-0.0,-0.0,-0.0,-0.0,-369.28583,0.0,0.0,-0.0,0.0,0.0,-2.56668e-07,0.0,0.0,-0.0,0.0,0.0,0.0,-0.0,-0.0,0.0,0.0
698.0,0.0,0.0,-0.0,-0.0,-0.0,-0.0,-0.0,-0.0,-0.0,-369.28583,0.0,0.0,-0.0,0.0,0.0,-2.56668e-07,0.0,0.0,-0.0,0.0,0.0,0.0,-0.0,-0.0,0.0,0.0
698.5,0.0,0.0,-0.0,-0.0,-0.0,-0.0,-0.0,-0.0,-0.0,-369.28583,0.0,0.0,-0.0,0.0,0.0,-2.56668e-07,0.0,0.0,-0.0,0.0,0.0,0.0,-0.0,-0.0,0.0,0.0
699.0,0.0,0.0,-0.0,-0.0,-0.0,-0.0,-0.0,-0.0,-0.0,-369.28583,0.0,0.0,-0.0,0.0,0.0,-2.56668e-07,0.0,0.0,-0.0,0.0,0.0,0.0,-0.0,-0.0,0.0,0.0
699.5,0.0,0.0,-0.0,-0.0,-0.0,-0.0,-0.0,-0.0,-0.0,-369.28583,0.0,0.0,-0.0,0.0,0.0,-2.56668e-07,0.0,0.0,-0.0,0.0,0.0,0.0,-0.0,-0.0,0.0,0.0
700.0,0.0,0.0,-0.0,-0.0,-0.0,-0.0,-0.0,-0.0,-0.0,-369.28583,0.0,0.0,-0.0,0.0,0.0,-2.56668e-07,0.0,0.0,-0.0,0.0,0.0,0.0,-0.0,-0.0,0.0,0.0
700.5,0.0,0.0,-0.0,-0.0,-0.0,-0.0,-0.0,-0.0,-0.0,-369.28583,0.0,0.0,-0.0,0.0,0.0,-2.56668e-07,0.0,0.0,-0.0,0.0,0.0,0.0,-0.0,-0.0,0.0,0.0
701.0,0.0,0.0,-0.0,-0.0,-0.0,-0.0,-0.0,-0.0,-0.0,-369.28583,0.0,0.0,-0.0,0.0,0.0,-2.56668e-07,0.0,0.0,-0.0,0.0,0.0,0.0,-0.0,-0.0,0.0,0.0
701.5,0.0,0.0,-0.0,-0.0,-0.0,-0.0,-0.0,-0.0,-0.0,-369.28583,0.0,0.0,-0.0,0.0,0.0,-2.56668e-07,0.0,0.0,-0.0,0.0,0.0,0.0,-0.0,-0.0,0.0,0.0
702.0,0.0,0.0,-0.0,-0.0,-0.0,-0.0,-0.0,-0.0,-0.0,-369.28583,0.0,0.0,-0.0,0.0,0.0,-2.56668e-07,0.0,0.0,-0.0,0.0,0.0,0.0,-0.0,-0.0,0.0,0.0
702.5,0.0,0.0,-0.0,-0.0,-0.0,-0.0,-0.0,-0.0,-0.0,-369.28583,0.0,0.0,-0.0,0.0,0.0,-2.56668e-07,0.0,0.0,-0.0,0.0,0.0,0.0,-0.0,-0.0,0.0,0.0
703.0,0.0,0.0,-0.0,-0.0,-0.0,-0.0,-0.0,-0.0,-0.0,-369.28583,0.0,0.0,-0.0,0.0,0.0,-2.56668e-07,0.0,0.0,-0.0,0.0,0.0,0.0,-0.0,-0.0,0.0,0.0
703.5,0.0,0.0,-0.0,-0.0,-0.0,-0.0,-0.0,-0.0,-0.0,-369.28583,0.0,0.0,-0.0,0.0,0.0,-2.56668e-07,0.0,0.0,-0.0,0.0,0.0,0.0,-0.0,-0.0,0.0,0.0
704.0,0.0,0.0,-0.0,-0.0,-0.0,-0.0,-0.0,-0.0,-0.0,-369.28583,0.0,0.0,-0.0,0.0,0.0,-2.56668e-07,0.0,0.0,-0.0,0.0,0.0,0.0,-0.0,-0.0,0.0,0.0
704.5,0.0,0.0,-0.0,-0.0,-0.0,-0.0,-0.0,-0.0,-0.0,-369.28583,0.0,0.0,-0.0,0.0,0.0,-2.56668e-07,0.0,0.0,-0.0,0.0,0.0,0.0,-0.0,-0.0,0.0,0.0
705.0,0.0,0.0,-0.0,-0.0,-0.0,-0.0,-0.0,-0.0,-0.0,-369.28583,0.0,0.0,-0.0,0.0,0.0,-2.56668e-07,0.0,0.0,-0.0,0.0,0.0,0.0,-0.0,-0.0,0.0,0.0
705.5,0.0,0.0,-0.0,-0.0,-0.0,-0.0,-0.0,-0.0,-0.0,-369.28583,0.0,0.0,-0.0,0.0,0.0,-2.56668e-07,0.0,0.0,-0.0,0.0,0.0,0.0,-0.0,-0.0,0.0,0.0
706.0,0.0,0.0,-0.0,-0.0,-0.0,-0.0,-0.0,-0.0,-0.0,-369.28583,0.0,0.0,-0.0,0.0,0.0,-2.56668e-07,0.0,0.0,-0.0,0.0,0.0,0.0,-0.0,-0.0,0.0,0.0
706.5,0.0,0.0,-0.0,-0.0,-0.0,-0.0,-0.0,-0.0,-0.0,-369.28583,0.0,0.0,-0.0,0.0,0.0,-2.56668e-07,0.0,0.0,-0.0,0.0,0.0,0.0,-0.0,-0.0,0.0,0.0
707.0,0.0,0.0,-0.0,-0.0,-0.0,-0.0,-0.0,-0.0,-0.0,-369.28583,0.0,0.0,-0.0,0.0,0.0,-2.56668e-07,0.0,0.0,-0.0,0.0,0.0,0.0,-0.0,-0.0,0.0,0.0
707.5,0.0,0.0,-0.0,-0.0,-0.0,-0.0,-0.0,-0.0,-0.0,-369.28583,0.0,0.0,-0.0,0.0,0.0,-2.56668e-07,0.0,0.0,-0.0,0.0,0.0,0.0,-0.0,-0.0,0.0,0.0
708.0,0.0,0.0,-0.0,-0.0,-0.0,-0.0,-0.0,-0.0,-0.0,-369.28583,0.0,0.0,-0.0,0.0,0.0,-2.56668e-07,0.0,0.0,-0.0,0.0,0.0,0.0,-0.0,-0.0,0.0,0.0
708.5,0.0,0.0,-0.0,-0.0,-0.0,-0.0,-0.0,-0.0,-0.0,-369.28583,0.0,0.0,-0.0,0.0,0.0,-2.56668e-07,0.0,0.0,-0.0,0.0,0.0,0.0,-0.0,-0.0,0.0,0.0
709.0,0.0,0.0,-0.0,-0.0,-0.0,-0.0,-0.0,-0.0,-0.0,-369.28583,0.0,0.0,-0.0,0.0,0.0,-2.56668e-07,0.0,0.0,-0.0,0.0,0.0,0.0,-0.0,-0.0,0.0,0.0
709.5,0.0,0.0,-0.0,-0.0,-0.0,-0.0,-0.0,-0.0,-0.0,-369.28583,0.0,0.0,-0.0,0.0,0.0,-2.56668e-07,0.0,0.0,-0.0,0.0,0.0,0.0,-0.0,-0.0,0.0,0.0
710.0,0.0,0.0,-0.0,-0.0,-0.0,-0.0,-0.0,-0.0,-0.0,-369.28583,0.0,0.0,-0.0,0.0,0.0,-2.56668e-07,0.0,0.0,-0.0,0.0,0.0,0.0,-0.0,-0.0,0.0,0.0
710.5,0.0,0.0,-0.0,-0.0,-0.0,-0.0,-0.0,-0.0,-0.0,-369.28583,0.0,0.0,-0.0,0.0,0.0,-2.56668e-07,0.0,0.0,-0.0,0.0,0.0,0.0,-0.0,-0.0,0.0,0.0
711.0,0.0,0.0,-0.0,-0.0,-0.0,-0.0,-0.0,-0.0,-0.0,-369.28583,0.0,0.0,-0.0,0.0,0.0,-2.56668e-07,0.0,0.0,-0.0,0.0,0.0,0.0,-0.0,-0.0,0.0,0.0
711.5,0.0,0.0,-0.0,-0.0,-0.0,-0.0,-0.0,-0.0,-0.0,-369.28583,0.0,0.0,-0.0,0.0,0.0,-2.56668e-07,0.0,0.0,-0.0,0.0,0.0,0.0,-0.0,-0.0,0.0,0.0
712.0,0.0,0.0,-0.0,-0.0,-0.0,-0.0,-0.0,-0.0,-0.0,-369.28583,0.0,0.0,-0.0,0.0,0.0,-2.56668e-07,0.0,0.0,-0.0,0.0,0.0,0.0,-0.0,-0.0,0.0,0.0
712.5,0.0,0.0,-0.0,-0.0,-0.0,-0.0,-0.0,-0.0,-0.0,-369.28583,0.0,0.0,-0.0,0.0,0.0,-2.56668e-07,0.0,0.0,-0.0,0.0,0.0,0.0,-0.0,-0.0,0.0,0.0
713.0,0.0,0.0,-0.0,-0.0,-0.0,-0.0,-0.0,-0.0,-0.0,-369.28583,0.0,0.0,-0.0,0.0,0.0,-2.56668e-07,0.0,0.0,-0.0,0.0,0.0,0.0,-0.0,-0.0,0.0,0.0
713.5,0.0,0.0,-0.0,-0.0,-0.0,-0.0,-0.0,-0.0,-0.0,-369.28583,0.0,0.0,-0.0,0.0,0.0,-2.56668e-07,0.0,0.0,-0.0,0.0,0.0,0.0,-0.0,-0.0,0.0,0.0
714.0,0.0,0.0,-0.0,-0.0,-0.0,-0.0,-0.0,-0.0,-0.0,-369.28583,0.0,0.0,-0.0,0.0,0.0,-2.56668e-07,0.0,0.0,-0.0,0.0,0.0,0.0,-0.0,-0.0,0.0,0.0
714.5,0.0,0.0,-0.0,-0.0,-0.0,-0.0,-0.0,-0.0,-0.0,-369.28583,0.0,0.0,-0.0,0.0,0.0,-2.56668e-07,0.0,0.0,-0.0,0.0,0.0,0.0,-0.0,-0.0,0.0,0.0
715.0,0.0,0.0,-0.0,-0.0,-0.0,-0.0,-0.0,-0.0,-0.0,-369.28583,0.0,0.0,-0.0,0.0,0.0,-2.56668e-07,0.0,0.0,-0.0,0.0,0.0,0.0,-0.0,-0.0,0.0,0.0
715.5,0.0,0.0,-0.0,-0.0,-0.0,-0.0,-0.0,-0.0,-0.0,-369.28583,0.0,0.0,-0.0,0.0,0.0,-2.56668e-07,0.0,0.0,-0.0,0.0,0.0,0.0,-0.0,-0.0,0.0,0.0
716.0,0.0,0.0,-0.0,-0.0,-0.0,-0.0,-0.0,-0.0,-0.0,-369.28583,0.0,0.0,-0.0,0.0,0.0,-2.56668e-07,0.0,0.0,-0.0,0.0,0.0,0.0,-0.0,-0.0,0.0,0.0
716.5,0.0,0.0,-0.0,-0.0,-0.0,-0.0,-0.0,-0.0,-0.0,-369.28583,0.0,0.0,-0.0,0.0,0.0,-2.56668e-07,0.0,0.0,-0.0,0.0,0.0,0.0,-0.0,-0.0,0.0,0.0
717.0,0.0,0.0,-0.0,-0.0,-0.0,-0.0,-0.0,-0.0,-0.0,-369.28583,0.0,0.0,-0.0,0.0,0.0,-2.56668e-07,0.0,0.0,-0.0,0.0,0.0,0.0,-0.0,-0.0,0.0,0.0
717.5,0.0,0.0,-0.0,-0.0,-0.0,-0.0,-0.0,-0.0,-0.0,-369.28583,0.0,0.0,-0.0,0.0,0.0,-2.56668e-07,0.0,0.0,-0.0,0.0,0.0,0.0,-0.0,-0.0,0.0,0.0
718.0,0.0,0.0,-0.0,-0.0,-0.0,-0.0,-0.0,-0.0,-0.0,-369.28583,0.0,0.0,-0.0,0.0,0.0,-2.56668e-07,0.0,0.0,-0.0,0.0,0.0,0.0,-0.0,-0.0,0.0,0.0
718.5,0.0,0.0,-0.0,-0.0,-0.0,-0.0,-0.0,-0.0,-0.0,-369.28583,0.0,0.0,-0.0,0.0,0.0,-2.56668e-07,0.0,0.0,-0.0,0.0,0.0,0.0,-0.0,-0.0,0.0,0.0
719.0,0.0,0.0,-0.0,-0.0,-0.0,-0.0,-0.0,-0.0,-0.0,-369.28583,0.0,0.0,-0.0,0.0,0.0,-2.56668e-07,0.0,0.0,-0.0,0.0,0.0,0.0,-0.0,-0.0,0.0,0.0
719.5,0.0,0.0,-0.0,-0.0,-0.0,-0.0,-0.0,-0.0,-0.0,-369.28583,0.0,0.0,-0.0,0.0,0.0,-2.56668e-07,0.0,0.0,-0.0,0.0,0.0,0.0,-0.0,-0.0,0.0,0.0
720.0,0.0,0.0,-0.0,-0.0,-0.0,-0.0,-0.0,-0.0,-0.0,-369.28583,0.0,0.0,-0.0,0.0,0.0,-2.56668e-07,0.0,0.0,-0.0,0.0,0.0,0.0,-0.0,-0.0,0.0,0.0
720.5,0.0,0.0,-0.0,-0.0,-0.0,-0.0,-0.0,-0.0,-0.0,-369.28583,0.0,0.0,-0.0,0.0,0.0,-2.56668e-07,0.0,0.0,-0.0,0.0,0.0,0.0,-0.0,-0.0,0.0,0.0
721.0,0.0,0.0,-0.0,-0.0,-0.0,-0.0,-0.0,-0.0,-0.0,-369.28583,0.0,0.0,-0.0,0.0,0.0,-2.56668e-07,0.0,0.0,-0.0,0.0,0.0,0.0,-0.0,-0.0,0.0,0.0
721.5,0.0,0.0,-0.0,-0.0,-0.0,-0.0,-0.0,-0.0,-0.0,-369.28583,0.0,0.0,-0.0,0.0,0.0,-2.56668e-07,0.0,0.0,-0.0,0.0,0.0,0.0,-0.0,-0.0,0.0,0.0
722.0,0.0,0.0,-0.0,-0.0,-0.0,-0.0,-0.0,-0.0,-0.0,-369.28583,0.0,0.0,-0.0,0.0,0.0,-2.56668e-07,0.0,0.0,-0.0,0.0,0.0,0.0,-0.0,-0.0,0.0,0.0
722.5,0.0,0.0,-0.0,-0.0,-0.0,-0.0,-0.0,-0.0,-0.0,-369.28583,0.0,0.0,-0.0,0.0,0.0,-2.56668e-07,0.0,0.0,-0.0,0.0,0.0,0.0,-0.0,-0.0,0.0,0.0
723.0,0.0,0.0,-0.0,-0.0,-0.0,-0.0,-0.0,-0.0,-0.0,-369.28583,0.0,0.0,-0.0,0.0,0.0,-2.56668e-07,0.0,0.0,-0.0,0.0,0.0,0.0,-0.0,-0.0,0.0,0.0
723.5,0.0,0.0,-0.0,-0.0,-0.0,-0.0,-0.0,-0.0,-0.0,-369.28583,0.0,0.0,-0.0,0.0,0.0,-2.56668e-07,0.0,0.0,-0.0,0.0,0.0,0.0,-0.0,-0.0,0.0,0.0
724.0,0.0,0.0,-0.0,-0.0,-0.0,-0.0,-0.0,-0.0,-0.0,-369.28583,0.0,0.0,-0.0,0.0,0.0,-2.56668e-07,0.0,0.0,-0.0,0.0,0.0,0.0,-0.0,-0.0,0.0,0.0
724.5,0.0,0.0,-0.0,-0.0,-0.0,-0.0,-0.0,-0.0,-0.0,-369.28583,0.0,0.0,-0.0,0.0,0.0,-2.56668e-07,0.0,0.0,-0.0,0.0,0.0,0.0,-0.0,-0.0,0.0,0.0
725.0,0.0,0.0,-0.0,-0.0,-0.0,-0.0,-0.0,-0.0,-0.0,-369.28583,0.0,0.0,-0.0,0.0,0.0,-2.56668e-07,0.0,0.0,-0.0,0.0,0.0,0.0,-0.0,-0.0,0.0,0.0
725.5,0.0,0.0,-0.0,-0.0,-0.0,-0.0,-0.0,-0.0,-0.0,-369.28583,0.0,0.0,-0.0,0.0,0.0,-2.56668e-07,0.0,0.0,-0.0,0.0,0.0,0.0,-0.0,-0.0,0.0,0.0
726.0,0.0,0.0,-0.0,-0.0,-0.0,-0.0,-0.0,-0.0,-0.0,-369.28583,0.0,0.0,-0.0,0.0,0.0,-2.56668e-07,0.0,0.0,-0.0,0.0,0.0,0.0,-0.0,-0.0,0.0,0.0
726.5,0.0,0.0,-0.0,-0.0,-0.0,-0.0,-0.0,-0.0,-0.0,-369.28583,0.0,0.0,-0.0,0.0,0.0,-2.56668e-07,0.0,0.0,-0.0,0.0,0.0,0.0,-0.0,-0.0,0.0,0.0
727.0,0.0,0.0,-0.0,-0.0,-0.0,-0.0,-0.0,-0.0,-0.0,-369.28583,0.0,0.0,-0.0,0.0,0.0,-2.56668e-07,0.0,0.0,-0.0,0.0,0.0,0.0,-0.0,-0.0,0.0,0.0
727.5,0.0,0.0,-0.0,-0.0,-0.0,-0.0,-0.0,-0.0,-0.0,-369.28583,0.0,0.0,0.0,0.0,0.0,-2.56668e-07,0.0,0.0,-0.0,0.0,0.0,0.0,-0.0,-0.0,0.0,0.0
728.0,0.0,0.0,-0.0,-0.0,-0.0,-0.0,-0.0,-0.0,-0.0,-369.28583,0.0,0.0,0.0,0.0,0.0,-2.56668e-07,0.0,0.0,-0.0,0.0,0.0,0.0,-0.0,-0.0,0.0,0.0
728.5,0.0,0.0,-0.0,-0.0,-0.0,-0.0,-0.0,-0.0,-0.0,-369.28583,0.0,0.0,0.0,0.0,0.0,-2.56668e-07,0.0,0.0,-0.0,0.0,0.0,0.0,-0.0,-0.0,0.0,0.0
729.0,0.0,0.0,-0.0,-0.0,-0.0,-0.0,-0.0,-0.0,-0.0,-369.28583,0.0,0.0,0.0,0.0,0.0,-2.56668e-07,0.0,0.0,-0.0,0.0,0.0,0.0,-0.0,-0.0,0.0,0.0
729.5,0.0,0.0,-0.0,-0.0,-0.0,-0.0,-0.0,-0.0,-0.0,-369.28583,0.0,0.0,0.0,0.0,0.0,-2.56668e-07,0.0,0.0,-0.0,0.0,0.0,0.0,-0.0,-0.0,0.0,0.0
730.0,0.0,0.0,-0.0,-0.0,-0.0,-0.0,-0.0,-0.0,-0.0,-369.28583,0.0,0.0,0.0,0.0,0.0,-2.56668e-07,0.0,0.0,-0.0,0.0,0.0,0.0,-0.0,-0.0,0.0,0.0
730.5,0.0,0.0,-0.0,-0.0,-0.0,-0.0,-0.0,-0.0,-0.0,-369.28583,0.0,0.0,0.0,0.0,0.0,-2.56668e-07,0.0,0.0,-0.0,0.0,0.0,0.0,-0.0,-0.0,0.0,0.0
731.0,0.0,0.0,-0.0,-0.0,-0.0,-0.0,-0.0,-0.0,-0.0,-369.28583,0.0,0.0,0.0,0.0,0.0,-2.56668e-07,0.0,0.0,-0.0,0.0,0.0,0.0,-0.0,-0.0,0.0,0.0
731.5,0.0,0.0,-0.0,-0.0,-0.0,-0.0,-0.0,-0.0,-0.0,-369.28583,0.0,0.0,0.0,0.0,0.0,-2.56668e-07,0.0,0.0,-0.0,0.0,0.0,0.0,-0.0,-0.0,0.0,0.0
732.0,0.0,0.0,-0.0,-0.0,-0.0,-0.0,-0.0,-0.0,-0.0,-369.28583,0.0,0.0,0.0,0.0,0.0,-2.56668e-07,0.0,0.0,-0.0,0.0,0.0,0.0,-0.0,-0.0,0.0,0.0
732.5,0.0,0.0,-0.0,-0.0,-0.0,-0.0,-0.0,-0.0,-0.0,-369.28583,0.0,0.0,0.0,0.0,0.0,-2.56668e-07,0.0,0.0,-0.0,0.0,0.0,0.0,-0.0,-0.0,0.0,0.0
733.0,0.0,0.0,-0.0,-0.0,-0.0,-0.0,-0.0,-0.0,-0.0,-369.28583,0.0,0.0,0.0,0.0,0.0,-2.56668e-07,0.0,0.0,-0.0,0.0,0.0,0.0,-0.0,-0.0,0.0,0.0
733.5,0.0,0.0,-0.0,-0.0,-0.0,-0.0,-0.0,-0.0,-0.0,-369.28583,0.0,0.0,0.0,0.0,0.0,-2.56668e-07,0.0,0.0,-0.0,0.0,0.0,0.0,-0.0,-0.0,0.0,0.0
734.0,0.0,0.0,-0.0,-0.0,-0.0,-0.0,-0.0,-0.0,-0.0,-369.28583,0.0,0.0,0.0,0.0,0.0,-2.56668e-07,0.0,0.0,-0.0,0.0,0.0,0.0,-0.0,-0.0,0.0,0.0
734.5,0.0,0.0,-0.0,-0.0,-0.0,-0.0,-0.0,-0.0,-0.0,-369.28583,0.0,0.0,0.0,0.0,0.0,-2.56668e-07,0.0,0.0,-0.0,0.0,0.0,0.0,-0.0,-0.0,0.0,0.0
735.0,0.0,0.0,-0.0,-0.0,-0.0,-0.0,-0.0,-0.0,-0.0,-369.28583,0.0,0.0,0.0,0.0,0.0,-2.56668e-07,0.0,0.0,-0.0,0.0,0.0,0.0,-0.0,-0.0,0.0,0.0
735.5,0.0,0.0,-0.0,-0.0,-0.0,-0.0,-0.0,-0.0,-0.0,-369.28583,0.0,0.0,0.0,0.0,0.0,-2.56668e-07,0.0,0.0,-0.0,0.0,0.0,0.0,-0.0,-0.0,0.0,0.0
736.0,0.0,0.0,-0.0,-0.0,-0.0,-0.0,-0.0,-0.0,-0.0,-369.28583,0.0,0.0,0.0,0.0,0.0,-2.56668e-07,0.0,0.0,-0.0,0.0,0.0,0.0,-0.0,-0.0,0.0,0.0
736.5,0.0,0.0,-0.0,-0.0,-0.0,-0.0,-0.0,-0.0,-0.0,-369.28583,0.0,0.0,0.0,0.0,0.0,-2.56668e-07,0.0,0.0,-0.0,0.0,0.0,0.0,-0.0,-0.0,0.0,0.0
737.0,0.0,0.0,-0.0,-0.0,-0.0,-0.0,-0.0,-0.0,-0.0,-369.28583,0.0,0.0,0.0,0.0,0.0,-2.56668e-07,0.0,0.0,-0.0,0.0,0.0,0.0,-0.0,-0.0,0.0,0.0
737.5,0.0,0.0,-0.0,-0.0,-0.0,-0.0,-0.0,-0.0,-0.0,-369.28583,0.0,0.0,0.0,0.0,0.0,-2.56668e-07,0.0,0.0,-0.0,0.0,0.0,0.0,-0.0,-0.0,0.0,0.0
738.0,0.0,0.0,-0.0,-0.0,-0.0,-0.0,-0.0,-0.0,-0.0,-369.28583,0.0,0.0,0.0,0.0,0.0,-2.56668e-07,0.0,0.0,-0.0,0.0,0.0,0.0,-0.0,-0.0,0.0,0.0
738.5,0.0,0.0,-0.0,-0.0,-0.0,-0.0,-0.0,-0.0,-0.0,-369.28583,0.0,0.0,0.0,0.0,0.0,-2.56668e-07,0.0,0.0,-0.0,0.0,0.0,0.0,-0.0,-0.0,0.0,0.0
739.0,0.0,0.0,-0.0,-0.0,-0.0,-0.0,-0.0,-0.0,-0.0,-369.28583,0.0,0.0,0.0,0.0,0.0,-2.56668e-07,0.0,0.0,-0.0,0.0,0.0,0.0,-0.0,-0.0,0.0,0.0
739.5,0.0,0.0,-0.0,-0.0,-0.0,-0.0,-0.0,-0.0,-0.0,-369.28583,0.0,0.0,0.0,0.0,0.0,-2.56668e-07,0.0,0.0,-0.0,0.0,0.0,0.0,-0.0,-0.0,0.0,0.0
740.0,0.0,0.0,-0.0,-0.0,-0.0,-0.0,-0.0,-0.0,-0.0,-369.28583,0.0,0.0,0.0,0.0,0.0,-2.56668e-07,0.0,0.0,-0.0,0.0,0.0,0.0,-0.0,-0.0,0.0,0.0
740.5,0.0,0.0,-0.0,-0.0,-0.0,-0.0,-0.0,-0.0,-0.0,-369.28583,0.0,0.0,0.0,0.0,0.0,-2.56668e-07,0.0,0.0,-0.0,0.0,0.0,0.0,-0.0,-0.0,0.0,0.0
741.0,0.0,0.0,-0.0,-0.0,-0.0,-0.0,-0.0,-0.0,-0.0,-369.28583,0.0,0.0,0.0,0.0,0.0,-2.56668e-07,0.0,0.0,-0.0,0.0,0.0,0.0,-0.0,-0.0,0.0,0.0
741.5,0.0,0.0,-0.0,-0.0,-0.0,-0.0,-0.0,-0.0,-0.0,-369.28583,0.0,0.0,0.0,0.0,0.0,-2.56668e-07,0.0,0.0,-0.0,0.0,0.0,0.0,-0.0,-0.0,0.0,0.0
742.0,0.0,0.0,-0.0,-0.0,-0.0,-0.0,-0.0,-0.0,-0.0,-369.28583,0.0,0.0,0.0,0.0,0.0,-2.56668e-07,0.0,0.0,-0.0,0.0,0.0,0.0,-0.0,-0.0,0.0,0.0
742.5,0.0,0.0,-0.0,-0.0,-0.0,-0.0,-0.0,-0.0,-0.0,-369.28583,0.0,0.0,0.0,0.0,0.0,-2.56668e-07,0.0,0.0,-0.0,0.0,0.0,0.0,-0.0,-0.0,0.0,0.0
743.0,0.0,0.0,-0.0,-0.0,-0.0,-0.0,-0.0,-0.0,-0.0,-369.28583,0.0,0.0,0.0,0.0,0.0,-2.56668e-07,0.0,0.0,-0.0,0.0,0.0,0.0,-0.0,-0.0,0.0,0.0
743.5,0.0,0.0,-0.0,-0.0,-0.0,-0.0,-0.0,-0.0,-0.0,-369.28583,0.0,0.0,0.0,0.0,0.0,-2.56668e-07,0.0,0.0,-0.0,0.0,0.0,0.0,-0.0,-0.0,0.0,0.0
744.0,0.0,0.0,-0.0,-0.0,-0.0,-0.0,-0.0,-0.0,-0.0,-369.28583,0.0,0.0,0.0,0.0,0.0,-2.56668e-07,0.0,0.0,-0.0,0.0,0.0,0.0,-0.0,-0.0,0.0,0.0
744.5,0.0,0.0,-0.0,-0.0,-0.0,-0.0,-0.0,-0.0,-0.0,-369.28583,0.0,0.0,0.0,0.0,0.0,-2.56668e-07,0.0,0.0,-0.0,0.0,0.0,0.0,-0.0,-0.0,0.0,0.0
745.0,0.0,0.0,-0.0,-0.0,-0.0,-0.0,-0.0,-0.0,-0.0,-369.28583,0.0,0.0,0.0,0.0,0.0,-2.56668e-07,0.0,0.0,-0.0,0.0,0.0,0.0,-0.0,-0.0,0.0,0.0
745.5,0.0,0.0,-0.0,-0.0,-0.0,-0.0,-0.0,-0.0,-0.0,-369.28583,0.0,0.0,0.0,0.0,0.0,-2.56668e-07,0.0,0.0,-0.0,0.0,0.0,0.0,-0.0,-0.0,0.0,0.0
746.0,0.0,0.0,-0.0,-0.0,-0.0,-0.0,-0.0,-0.0,-0.0,-369.28583,0.0,0.0,0.0,0.0,0.0,-2.56668e-07,0.0,0.0,-0.0,0.0,0.0,0.0,-0.0,-0.0,0.0,0.0
746.5,0.0,0.0,-0.0,-0.0,-0.0,-0.0,-0.0,-0.0,-0.0,-369.28583,0.0,0.0,0.0,0.0,0.0,-2.56668e-07,0.0,0.0,-0.0,0.0,0.0,0.0,-0.0,-0.0,0.0,0.0
747.0,0.0,0.0,-0.0,-0.0,-0.0,-0.0,-0.0,-0.0,-0.0,-369.28583,0.0,0.0,0.0,0.0,0.0,-2.56668e-07,0.0,0.0,-0.0,0.0,0.0,0.0,-0.0,-0.0,0.0,0.0
747.5,0.0,0.0,-0.0,-0.0,-0.0,-0.0,-0.0,-0.0,-0.0,-369.28583,0.0,0.0,0.0,0.0,0.0,-2.56668e-07,0.0,0.0,-0.0,0.0,0.0,0.0,-0.0,-0.0,0.0,0.0
748.0,0.0,0.0,-0.0,-0.0,-0.0,-0.0,-0.0,-0.0,-0.0,-369.28583,0.0,0.0,0.0,0.0,0.0,-2.56668e-07,0.0,0.0,-0.0,0.0,0.0,0.0,-0.0,-0.0,0.0,0.0
748.5,0.0,0.0,-0.0,-0.0,-0.0,-0.0,-0.0,-0.0,-0.0,-369.28583,0.0,0.0,0.0,0.0,0.0,-2.56668e-07,0.0,0.0,-0.0,0.0,0.0,0.0,-0.0,-0.0,0.0,0.0
749.0,0.0,0.0,-0.0,-0.0,-0.0,-0.0,-0.0,-0.0,-0.0,-369.28583,0.0,0.0,0.0,0.0,0.0,-2.56668e-07,0.0,0.0,-0.0,0.0,0.0,0.0,-0.0,-0.0,0.0,0.0
749.5,0.0,0.0,-0.0,-0.0,-0.0,-0.0,-0.0,-0.0,-0.0,-369.28583,0.0,0.0,0.0,0.0,0.0,-2.56668e-07,0.0,0.0,-0.0,0.0,0.0,0.0,-0.0,-0.0,0.0,0.0
750.0,0.0,0.0,-0.0,-0.0,-0.0,-0.0,-0.0,-0.0,-0.0,-369.28583,0.0,0.0,0.0,0.0,0.0,-2.56668e-07,0.0,0.0,-0.0,0.0,0.0,0.0,-0.0,-0.0,0.0,0.0
750.5,0.0,0.0,-0.0,-0.0,-0.0,-0.0,-0.0,-0.0,-0.0,-369.28583,0.0,0.0,0.0,0.0,0.0,-2.56668e-07,0.0,0.0,-0.0,0.0,0.0,0.0,-0.0,-0.0,0.0,0.0
751.0,0.0,0.0,-0.0,-0.0,-0.0,-0.0,-0.0,-0.0,-0.0,-369.28583,0.0,0.0,0.0,0.0,0.0,-2.56668e-07,0.0,0.0,-0.0,0.0,0.0,0.0,-0.0,-0.0,0.0,0.0
751.5,0.0,0.0,-0.0,-0.0,-0.0,-0.0,-0.0,-0.0,-0.0,-369.28583,0.0,0.0,0.0,0.0,0.0,-2.56668e-07,0.0,0.0,-0.0,0.0,0.0,0.0,-0.0,-0.0,0.0,0.0
752.0,0.0,0.0,-0.0,-0.0,-0.0,-0.0,-0.0,-0.0,-0.0,-369.28583,0.0,0.0,0.0,0.0,0.0,-2.56668e-07,0.0,0.0,-0.0,0.0,0.0,0.0,-0.0,-0.0,0.0,0.0
752.5,0.0,0.0,-0.0,-0.0,-0.0,-0.0,-0.0,-0.0,-0.0,-369.28583,0.0,0.0,0.0,0.0,0.0,-2.56668e-07,0.0,0.0,-0.0,0.0,0.0,0.0,-0.0,-0.0,0.0,0.0
753.0,0.0,0.0,-0.0,-0.0,-0.0,-0.0,-0.0,-0.0,-0.0,-369.28583,0.0,0.0,0.0,0.0,0.0,-2.56668e-07,0.0,0.0,-0.0,0.0,0.0,0.0,-0.0,-0.0,0.0,0.0
753.5,0.0,0.0,-0.0,-0.0,-0.0,-0.0,-0.0,-0.0,-0.0,-369.28583,0.0,0.0,0.0,0.0,0.0,-2.56668e-07,0.0,0.0,-0.0,0.0,0.0,0.0,-0.0,-0.0,0.0,0.0
754.0,0.0,0.0,-0.0,-0.0,-0.0,-0.0,-0.0,-0.0,-0.0,-369.28583,0.0,0.0,0.0,0.0,0.0,-2.56668e-07,0.0,0.0,-0.0,0.0,0.0,0.0,-0.0,-0.0,0.0,0.0
754.5,0.0,0.0,-0.0,-0.0,-0.0,-0.0,-0.0,-0.0,-0.0,-369.28583,0.0,0.0,0.0,0.0,0.0,-2.56668e-07,0.0,0.0,-0.0,0.0,0.0,0.0,-0.0,-0.0,0.0,0.0
755.0,0.0,0.0,-0.0,-0.0,-0.0,-0.0,-0.0,-0.0,-0.0,-369.28583,0.0,0.0,0.0,0.0,0.0,-2.56668e-07,0.0,0.0,-0.0,0.0,0.0,0.0,-0.0,-0.0,0.0,0.0
755.5,0.0,0.0,-0.0,-0.0,-0.0,-0.0,-0.0,-0.0,-0.0,-369.28583,0.0,0.0,0.0,0.0,0.0,-2.56668e-07,0.0,0.0,-0.0,0.0,0.0,0.0,-0.0,-0.0,0.0,0.0
756.0,0.0,0.0,-0.0,-0.0,-0.0,-0.0,-0.0,-0.0,-0.0,-369.28583,0.0,0.0,0.0,0.0,0.0,-2.56668e-07,0.0,0.0,-0.0,0.0,0.0,0.0,-0.0,-0.0,0.0,0.0
756.5,0.0,0.0,-0.0,-0.0,-0.0,-0.0,-0.0,-0.0,-0.0,-369.28583,0.0,0.0,0.0,0.0,0.0,-2.56668e-07,0.0,0.0,-0.0,0.0,0.0,0.0,-0.0,-0.0,0.0,0.0
757.0,0.0,0.0,-0.0,-0.0,-0.0,-0.0,-0.0,-0.0,-0.0,-369.28583,0.0,0.0,0.0,0.0,0.0,-2.56668e-07,0.0,0.0,-0.0,0.0,0.0,0.0,-0.0,-0.0,0.0,0.0
757.5,0.0,0.0,-0.0,-0.0,-0.0,-0.0,-0.0,-0.0,-0.0,-369.28583,0.0,0.0,0.0,0.0,0.0,-2.56668e-07,0.0,0.0,-0.0,0.0,0.0,0.0,-0.0,-0.0,0.0,0.0
758.0,0.0,0.0,-0.0,-0.0,-0.0,-0.0,-0.0,-0.0,-0.0,-369.28583,0.0,0.0,0.0,0.0,0.0,-2.56668e-07,0.0,0.0,-0.0,0.0,0.0,0.0,-0.0,-0.0,0.0,0.0
758.5,0.0,0.0,-0.0,-0.0,-0.0,-0.0,-0.0,-0.0,-0.0,-369.28583,0.0,0.0,0.0,0.0,0.0,-2.56668e-07,0.0,0.0,-0.0,0.0,0.0,0.0,-0.0,-0.0,0.0,0.0
759.0,0.0,0.0,-0.0,-0.0,-0.0,-0.0,-0.0,-0.0,-0.0,-369.28583,0.0,0.0,0.0,0.0,0.0,-2.56668e-07,0.0,0.0,-0.0,0.0,0.0,0.0,-0.0,-0.0,0.0,0.0
759.5,0.0,0.0,-0.0,-0.0,-0.0,-0.0,-0.0,-0.0,-0.0,-369.28583,0.0,0.0,0.0,0.0,0.0,-2.56668e-07,0.0,0.0,-0.0,0.0,0.0,0.0,-0.0,-0.0,0.0,0.0
760.0,0.0,0.0,-0.0,-0.0,-0.0,-0.0,-0.0,-0.0,-0.0,-369.28583,0.0,0.0,0.0,0.0,0.0,-2.56668e-07,0.0,0.0,-0.0,0.0,0.0,0.0,-0.0,-0.0,0.0,0.0
760.5,0.0,0.0,-0.0,-0.0,-0.0,-0.0,-0.0,-0.0,-0.0,-369.28583,0.0,0.0,0.0,0.0,0.0,-2.56668e-07,0.0,0.0,-0.0,0.0,0.0,0.0,-0.0,-0.0,0.0,0.0
761.0,0.0,0.0,-0.0,-0.0,-0.0,-0.0,-0.0,-0.0,-0.0,-369.28583,0.0,0.0,0.0,0.0,0.0,-2.56668e-07,0.0,0.0,-0.0,0.0,0.0,0.0,-0.0,-0.0,0.0,0.0
761.5,0.0,0.0,-0.0,-0.0,-0.0,-0.0,-0.0,-0.0,-0.0,-369.28583,0.0,0.0,0.0,0.0,0.0,-2.56668e-07,0.0,0.0,-0.0,0.0,0.0,0.0,-0.0,-0.0,0.0,0.0
762.0,0.0,0.0,-0.0,-0.0,-0.0,-0.0,-0.0,-0.0,-0.0,-369.28583,0.0,0.0,0.0,0.0,0.0,-2.56668e-07,0.0,0.0,-0.0,0.0,0.0,0.0,-0.0,-0.0,0.0,0.0
762.5,0.0,0.0,-0.0,-0.0,-0.0,-0.0,-0.0,-0.0,-0.0,-369.28583,0.0,0.0,0.0,0.0,0.0,-2.56668e-07,0.0,0.0,-0.0,0.0,0.0,0.0,-0.0,-0.0,0.0,0.0
763.0,0.0,0.0,-0.0,-0.0,-0.0,-0.0,-0.0,-0.0,-0.0,-369.28583,0.0,0.0,0.0,0.0,0.0,-2.56668e-07,0.0,0.0,-0.0,0.0,0.0,0.0,-0.0,-0.0,0.0,0.0
763.5,0.0,0.0,-0.0,-0.0,-0.0,-0.0,-0.0,-0.0,-0.0,-369.28583,0.0,0.0,0.0,0.0,0.0,-2.56668e-07,0.0,0.0,-0.0,0.0,0.0,0.0,-0.0,-0.0,0.0,0.0
764.0,0.0,0.0,-0.0,-0.0,-0.0,-0.0,-0.0,-0.0,-0.0,-369.28583,0.0,0.0,0.0,0.0,0.0,-2.56668e-07,0.0,0.0,-0.0,0.0,0.0,0.0,-0.0,-0.0,0.0,0.0
764.5,0.0,0.0,-0.0,-0.0,-0.0,-0.0,-0.0,-0.0,-0.0,-369.28583,0.0,0.0,0.0,0.0,0.0,-2.56668e-07,0.0,0.0,-0.0,0.0,0.0,0.0,-0.0,-0.0,0.0,0.0
765.0,0.0,0.0,-0.0,-0.0,-0.0,-0.0,-0.0,-0.0,-0.0,-369.28583,0.0,0.0,0.0,0.0,0.0,-2.56668e-07,0.0,0.0,-0.0,0.0,0.0,0.0,-0.0,-0.0,0.0,0.0
765.5,0.0,0.0,-0.0,-0.0,-0.0,-0.0,-0.0,-0.0,-0.0,-369.28583,0.0,0.0,0.0,0.0,0.0,-2.56668e-07,0.0,0.0,-0.0,0.0,0.0,0.0,-0.0,-0.0,0.0,0.0
766.0,0.0,0.0,-0.0,-0.0,-0.0,-0.0,-0.0,-0.0,-0.0,-369.28583,0.0,0.0,0.0,0.0,0.0,-2.56668e-07,0.0,0.0,-0.0,0.0,0.0,0.0,-0.0,-0.0,0.0,0.0
766.5,0.0,0.0,-0.0,-0.0,-0.0,-0.0,-0.0,-0.0,-0.0,-369.28583,0.0,0.0,0.0,0.0,0.0,-2.56668e-07,0.0,0.0,-0.0,0.0,0.0,0.0,-0.0,-0.0,0.0,0.0
767.0,0.0,0.0,-0.0,-0.0,-0.0,-0.0,-0.0,-0.0,-0.0,-369.28583,0.0,0.0,0.0,0.0,0.0,-2.56668e-07,0.0,0.0,-0.0,0.0,0.0,0.0,-0.0,-0.0,0.0,0.0
767.5,0.0,0.0,-0.0,-0.0,-0.0,-0.0,-0.0,-0.0,-0.0,-369.28583,0.0,0.0,0.0,0.0,0.0,-2.56668e-07,0.0,0.0,-0.0,0.0,0.0,0.0,-0.0,-0.0,0.0,0.0
768.0,0.0,0.0,-0.0,-0.0,-0.0,-0.0,-0.0,-0.0,-0.0,-369.28583,0.0,0.0,0.0,0.0,0.0,-2.56668e-07,0.0,0.0,-0.0,0.0,0.0,0.0,-0.0,-0.0,0.0,0.0
768.5,0.0,0.0,-0.0,-0.0,-0.0,-0.0,-0.0,-0.0,-0.0,-369.28583,0.0,0.0,0.0,0.0,0.0,-2.56668e-07,0.0,0.0,-0.0,0.0,0.0,0.0,-0.0,-0.0,0.0,0.0
769.0,0.0,0.0,-0.0,-0.0,-0.0,-0.0,-0.0,-0.0,-0.0,-369.28583,0.0,0.0,0.0,0.0,0.0,-2.56668e-07,0.0,0.0,-0.0,0.0,0.0,0.0,-0.0,-0.0,0.0,0.0
769.5,0.0,0.0,-0.0,-0.0,-0.0,-0.0,-0.0,-0.0,-0.0,-369.28583,0.0,0.0,0.0,0.0,0.0,-2.56668e-07,0.0,0.0,-0.0,0.0,0.0,0.0,-0.0,-0.0,0.0,0.0
770.0,0.0,0.0,-0.0,-0.0,-0.0,-0.0,-0.0,-0.0,-0.0,-369.28583,0.0,0.0,0.0,0.0,0.0,-2.56668e-07,0.0,0.0,-0.0,0.0,0.0,0.0,-0.0,-0.0,0.0,0.0
770.5,0.0,0.0,-0.0,-0.0,-0.0,-0.0,-0.0,-0.0,-0.0,-369.28583,0.0,0.0,0.0,0.0,0.0,-2.56668e-07,0.0,0.0,-0.0,0.0,0.0,0.0,-0.0,-0.0,0.0,0.0
771.0,0.0,0.0,-0.0,-0.0,-0.0,-0.0,-0.0,-0.0,-0.0,-369.28583,0.0,0.0,0.0,0.0,0.0,-2.56668e-07,0.0,0.0,-0.0,0.0,0.0,0.0,-0.0,-0.0,0.0,0.0
771.5,0.0,0.0,-0.0,-0.0,-0.0,-0.0,-0.0,-0.0,-0.0,-369.28583,0.0,0.0,0.0,0.0,0.0,-2.56668e-07,0.0,0.0,-0.0,0.0,0.0,0.0,-0.0,-0.0,0.0,0.0
772.0,0.0,0.0,-0.0,-0.0,-0.0,-0.0,-0.0,-0.0,-0.0,-369.28583,0.0,0.0,0.0,0.0,0.0,-2.56668e-07,0.0,0.0,-0.0,0.0,0.0,0.0,-0.0,-0.0,0.0,0.0
772.5,0.0,0.0,-0.0,-0.0,-0.0,-0.0,-0.0,-0.0,-0.0,-369.28583,0.0,0.0,0.0,0.0,0.0,-2.56668e-07,0.0,0.0,-0.0,0.0,0.0,0.0,-0.0,-0.0,0.0,0.0
773.0,0.0,0.0,-0.0,-0.0,-0.0,-0.0,-0.0,-0.0,-0.0,-369.28583,0.0,0.0,0.0,0.0,0.0,-2.56668e-07,0.0,0.0,-0.0,0.0,0.0,0.0,-0.0,-0.0,0.0,0.0
773.5,0.0,0.0,-0.0,-0.0,-0.0,-0.0,-0.0,-0.0,-0.0,-369.28583,0.0,0.0,0.0,0.0,0.0,-2.56668e-07,0.0,0.0,-0.0,0.0,0.0,0.0,-0.0,-0.0,0.0,0.0
774.0,0.0,0.0,-0.0,-0.0,-0.0,-0.0,-0.0,-0.0,-0.0,-368.938396,0.0,0.0,0.0,0.0,0.0,-2.56668e-07,0.0,0.0,-0.0,0.0,0.0,0.0,-0.0,-0.0,0.0,0.0
774.5,0.0,0.0,-0.0,-0.0,-0.0,-0.0,-0.0,-0.0,-0.0,-351.263345,0.0,0.0,0.0,0.0,0.0,-2.56668e-07,0.0,0.0,-0.0,0.0,0.0,0.0,-0.0,-0.0,0.0,0.0
775.0,0.0,0.0,-0.0,-0.0,-0.0,-0.0,-0.0,-0.0,-0.0,-324.12115,0.0,0.0,0.0,0.0,0.0,-2.56668e-07,0.0,0.0,-0.0,0.0,0.0,0.0,-0.0,-0.0,0.0,0.0
775.5,0.0,0.0,-0.0,-0.0,-0.0,-0.0,-0.0,-0.0,-0.0,-296.978957,0.0,0.0,0.0,0.0,0.0,-2.56668e-07,0.0,0.0,-0.0,0.0,0.0,0.0,-0.0,-0.0,0.0,0.0
776.0,0.0,0.0,-0.0,-0.0,-0.0,-0.0,-0.0,-0.0,-0.0,-269.836758,0.0,0.0,0.0,0.0,0.0,-2.56668e-07,0.0,0.0,-0.0,0.0,0.0,0.0,-0.0,-0.0,0.0,0.0
776.5,0.0,0.0,-0.0,-0.0,-0.0,-0.0,-0.0,-0.0,-0.0,-242.694571,0.0,0.0,0.0,0.0,0.0,-2.56668e-07,0.0,0.0,-0.0,0.0,0.0,0.0,-0.0,-0.0,0.0,0.0
777.0,0.0,0.0,-0.0,-0.0,-0.0,-0.0,-0.0,-0.0,-0.0,-215.552376,0.0,0.0,0.0,0.0,0.0,-2.56668e-07,0.0,0.0,-0.0,0.0,0.0,0.0,-0.0,-0.0,0.0,0.0
777.5,0.0,0.0,-0.0,-0.0,-0.0,-0.0,-0.0,-0.0,-0.0,-188.410178,0.0,0.0,0.0,0.0,0.0,-2.56668e-07,0.0,0.0,-0.0,0.0,0.0,0.0,-0.0,-0.0,0.0,0.0
778.0,0.0,0.0,-0.0,-0.0,-0.0,-0.0,-0.0,-0.0,-0.0,-161.267987,0.0,0.0,0.0,0.0,0.0,-2.56668e-07,0.0,0.0,-0.0,0.0,0.0,0.0,-0.0,-0.0,0.0,0.0
778.5,0.0,0.0,-0.0,-0.0,-0.0,-0.0,-0.0,-0.0,-0.0,-134.1257954,0.0,0.0,0.0,0.0,0.0,-2.56668e-07,0.0,0.0,-0.0,0.0,0.0,0.0,-0.0,-0.0,0.0,0.0
779.0,0.0,0.0,-0.0,-0.0,-0.0,-0.0,-0.0,-0.0,-0.0,-106.9836001,0.0,0.0,0.0,0.0,0.0,-2.56668e-07,0.0,0.0,-0.0,0.0,0.0,0.0,-0.0,-0.0,0.0,0.0
779.5,0.0,0.0,-0.0,-0.0,-0.0,-0.0,-0.0,-0.0,-0.0,-79.841407,0.0,0.0,0.0,0.0,0.0,-2.56668e-07,0.0,0.0,-0.0,0.0,0.0,0.0,-0.0,-0.0,0.0,0.0
780.0,0.0,0.0,-0.0,-0.0,-0.0,-0.0,-0.0,-0.0,-0.0,-52.699213,0.0,0.0,0.0,0.0,0.0,-2.56668e-07,0.0,0.0,-0.0,0.0,0.0,0.0,-0.0,-0.0,0.0,0.0
780.5,0.0,0.0,-0.0,-0.0,-0.0,-0.0,-0.0,-0.0,-0.0,-25.5570197,0.0,0.0,0.0,0.0,0.0,-2.56668e-07,0.0,0.0,-0.0,0.0,0.0,0.0,-0.0,-0.0,0.0,0.0
781.0,0.0,-1.45904e-07,-3.8757e-08,-0.0,0.0,-0.0,0.0,-0.0,2.71387e-07,1.585174162,0.0,1.91e-10,0.0,5.77e-10,0.0,-2.56668e-07,0.0,0.0,1.413e-08,-3.012e-09,0.0,-1.45904e-07,9.7749e-08,2.71387e-07,0.0,0.0
781.5,0.0,-1.79486e-07,-1.20874e-07,0.0,0.0,0.0,0.0,0.0,3.33849e-07,28.7273681,0.0,9.74e-10,0.0,2.947e-09,0.0,-2.56668e-07,0.0,0.0,1.7382e-08,-3.713e-09,0.0,-1.79486e-07,1.20247e-07,3.33849e-07,0.0,0.0
782.0,0.0,-1.22189e-07,-1.71505e-07,0.0,0.0,0.0,0.0,0.0,2.27276e-07,55.8695611,0.0,1.309e-09,0.0,3.96e-09,0.0,-2.56668e-07,0.0,0.0,1.1833e-08,-2.528e-09,0.0,-1.22189e-07,8.1861e-08,2.27276e-07,0.0,0.0
782.5,0.0,-8.3183e-08,-2.05973e-07,0.0,0.0,0.0,0.0,0.0,1.54724e-07,83.011755,0.0,1.331e-09,0.0,4.026e-09,0.0,-2.56668e-07,0.0,0.0,8.056e-09,-1.721e-09,0.0,-8.3183e-08,5.5729e-08,1.54724e-07,0.0,0.0
783.0,0.0,-5.6629e-08,-2.29437e-07,0.0,0.0,0.0,0.0,0.0,1.05332e-07,110.1539494,0.0,1.206e-09,0.0,3.647e-09,0.0,-2.56668e-07,0.0,0.0,5.484e-09,-1.172e-09,0.0,-5.6629e-08,3.7939e-08,1.05332e-07,0.0,0.0
783.5,0.0,-3.8552e-08,-2.45412e-07,0.0,0.0,0.0,0.0,0.0,7.1707e-08,137.296143,0.0,1.025e-09,0.0,3.099e-09,0.0,-2.56668e-07,0.0,0.0,3.733e-09,-7.98e-10,0.0,-3.8552e-08,2.5828e-08,7.1707e-08,0.0,0.0
784.0,0.0,-2.6245e-08,-2.56287e-07,0.0,0.0,0.0,0.0,0.0,4.8817e-08,151.45844,0.0,7.74e-10,0.0,2.342e-09,0.0,-2.56668e-07,0.0,0.0,2.542e-09,-5.43e-10,0.0,-2.6245e-08,1.7583e-08,4.8817e-08,0.0,0.0
784.5,0.0,-1.7867e-08,-2.6369e-07,0.0,0.0,0.0,0.0,0.0,3.3233e-08,151.45844,0.0,5.27e-10,0.0,1.594e-09,0.0,-2.56668e-07,0.0,0.0,1.73e-09,-3.7e-10,0.0,-1.7867e-08,1.197e-08,3.3233e-08,0.0,0.0
785.0,0.0,-1.2163e-08,-2.6873e-07,0.0,0.0,0.0,0.0,0.0,2.2624e-08,151.45844,0.0,3.59e-10,0.0,1.085e-09,0.0,-2.56668e-07,0.0,0.0,1.178e-09,-2.52e-10,0.0,-1.2163e-08,8.149e-09,2.2624e-08,0.0,0.0
785.5,0.0,-8.281e-09,-2.72161e-07,0.0,0.0,0.0,0.0,0.0,1.5402e-08,151.45844,0.0,2.44e-10,0.0,7.39e-10,0.0,-2.56668e-07,0.0,0.0,8.02e-10,-1.71e-10,0.0,-8.281e-09,5.548e-09,1.5402e-08,0.0,0.0
786.0,0.0,-5.637e-09,-2.74497e-07,0.0,0.0,0.0,0.0,0.0,1.0485e-08,151.45844,0.0,1.66e-10,0.0,5.03e-10,0.0,-2.56668e-07,0.0,0.0,5.46e-10,-1.17e-10,0.0,-5.637e-09,3.777e-09,1.0485e-08,0.0,0.0
786.5,0.0,-3.838e-09,-2.76087e-07,0.0,0.0,0.0,0.0,0.0,7.138e-09,151.45844,0.0,1.13e-10,0.0,3.42e-10,0.0,-2.56668e-07,0.0,0.0,3.72e-10,-7.9e-11,0.0,-3.838e-09,2.571e-09,7.138e-09,0.0,0.0
787.0,0.0,-2.613e-09,-2.7717e-07,0.0,0.0,0.0,0.0,0.0,4.859e-09,151.45844,0.0,7.7e-11,0.0,2.33e-10,0.0,-2.56668e-07,0.0,0.0,2.53e-10,-5.4e-11,0.0,-2.613e-09,1.75e-09,4.859e-09,0.0,0.0
787.5,0.0,-1.779e-09,-2.77907e-07,0.0,0.0,0.0,0.0,0.0,3.308e-09,151.45844,0.0,5.2e-11,0.0,1.59e-10,0.0,-2.56668e-07,0.0,0.0,1.72e-10,-3.7e-11,0.0,-1.779e-09,1.192e-09,3.308e-09,0.0,0.0
788.0,0.0,-1.211e-09,-2.78408e-07,0.0,0.0,0.0,0.0,0.0,2.252e-09,151.45844,0.0,3.6e-11,0.0,1.08e-10,0.0,-2.56668e-07,0.0,0.0,1.17e-10,-2.5e-11,0.0,-1.211e-09,8.11e-10,2.252e-09,0.0,0.0
788.5,0.0,-8.24e-10,-2.7875e-07,0.0,0.0,0.0,0.0,0.0,1.533e-09,151.45844,0.0,2.4e-11,0.0,7.4e-11,0.0,-2.56668e-07,0.0,0.0,8e-11,-1.7e-11,0.0,-8.24e-10,5.52e-10,1.533e-09,0.0,0.0
789.0,0.0,-5.61e-10,-2.78982e-07,0.0,0.0,0.0,0.0,0.0,1.044e-09,151.45844,0.0,1.7e-11,0.0,5e-11,0.0,-2.56668e-07,0.0,0.0,5.4e-11,-1.2e-11,0.0,-5.61e-10,3.76e-10,1.044e-09,0.0,0.0
789.5,0.0,-3.82e-10,-2.79141e-07,0.0,0.0,0.0,0.0,0.0,7.11e-10,151.45844,0.0,1.1e-11,0.0,3.4e-11,0.0,-2.56668e-07,0.0,0.0,3.7e-11,-8e-12,0.0,-3.82e-10,2.56e-10,7.11e-10,0.0,0.0
790.0,0.0,-2.6e-10,-2.79248e-07,0.0,0.0,0.0,0.0,0.0,4.84e-10,151.45844,0.0,8e-12,0.0,2.3e-11,0.0,-2.56668e-07,0.0,0.0,2.5e-11,-5e-12,0.0,-2.6e-10,1.74e-10,4.84e-10,0.0,0.0
790.5,0.0,-1.77e-10,-2.79322e-07,0.0,0.0,0.0,0.0,0.0,3.29e-10,151.45844,0.0,5e-12,0.0,1.6e-11,0.0,-2.56668e-07,0.0,0.0,1.7e-11,-4e-12,0.0,-1.77e-10,1.19e-10,3.29e-10,0.0,0.0
791.0,0.0,-1.21e-10,-2.79372e-07,0.0,0.0,0.0,0.0,0.0,2.24e-10,151.45844,0.0,4e-12,0.0,1.1e-11,0.0,-2.56668e-07,0.0,0.0,1.2e-11,-2e-12,0.0,-1.21e-10,8.1e-11,2.24e-10,0.0,0.0
791.5,0.0,-8.2e-11,-2.79406e-07,0.0,0.0,0.0,0.0,0.0,1.53e-10,151.45844,0.0,2e-12,0.0,7e-12,0.0,-2.56668e-07,0.0,0.0,8e-12,-2e-12,0.0,-8.2e-11,5.5e-11,1.53e-10,0.0,0.0
792.0,0.0,-5.6e-11,-2.79429e-07,0.0,0.0,0.0,0.0,0.0,1.04e-10,151.45844,0.0,2e-12,0.0,5e-12,0.0,-2.56668e-07,0.0,0.0,5e-12,-1e-12,0.0,-5.6e-11,3.7e-11,1.04e-10,0.0,0.0
792.5,0.0,-3.8e-11,-2.79445e-07,0.0,0.0,0.0,0.0,0.0,7.1e-11,151.45844,0.0,1e-12,0.0,3e-12,0.0,-2.56668e-07,0.0,0.0,4e-12,-1e-12,0.0,-3.8e-11,2.5e-11,7.1e-11,0.0,0.0
793.0,0.0,-2.6e-11,-2.79455e-07,0.0,0.0,0.0,0.0,0.0,4.8e-11,151.45844,0.0,1e-12,0.0,2e-12,0.0,-2.56668e-07,0.0,0.0,3e-12,-1e-12,0.0,-2.6e-11,1.7e-11,4.8e-11,0.0,0.0
793.5,0.0,-1.8e-11,-2.79463e-07,0.0,0.0,0.0,0.0,0.0,3.3e-11,151.45844,0.0,1e-12,0.0,2e-12,0.0,-2.56668e-07,0.0,0.0,2e-12,-0.0,0.0,-1.8e-11,1.2e-11,3.3e-11,0.0,0.0
794.0,0.0,-1.2e-11,-2.79468e-07,0.0,0.0,0.0,0.0,0.0,2.2e-11,151.45844,0.0,0.0,0.0,1e-12,0.0,-2.56668e-07,0.0,0.0,1e-12,-0.0,0.0,-1.2e-11,8e-12,2.2e-11,0.0,0.0
794.5,0.0,-8e-12,-2.79471e-07,0.0,0.0,0.0,0.0,0.0,1.5e-11,151.45844,0.0,0.0,0.0,1e-12,0.0,-2.56668e-07,0.0,0.0,1e-12,-0.0,0.0,-8e-12,5e-12,1.5e-11,0.0,0.0
795.0,0.0,-6e-12,-2.79473e-07,0.0,0.0,0.0,0.0,0.0,1e-11,151.45844,0.0,0.0,0.0,0.0,0.0,-2.56668e-07,0.0,0.0,1e-12,-0.0,0.0,-6e-12,4e-12,1e-11,0.0,0.0
795.5,0.0,-4e-12,-2.79475e-07,0.0,0.0,0.0,0.0,0.0,7e-12,151.45844,0.0,0.0,0.0,0.0,0.0,-2.56668e-07,0.0,0.005131179883,0.0,-0.0,0.0,-4e-12,3e-12,7e-12,0.0,0.0
796.0,0.0,-3e-12,-2.79476e-07,0.0,0.0,0.0,0.0,0.0,5e-12,151.45844,0.0,0.0,0.0,0.0,0.0,-2.56668e-07,0.0,0.333290451,0.0,-0.0,0.0,-3e-12,2e-12,5e-12,0.0,0.0
796.5,0.0,-2e-12,-2.79477e-07,0.0,0.0,0.0,0.0,0.0,3e-12,151.45844,0.0,0.0,0.0,0.0,0.0,-2.56668e-07,0.0,0.846044979,0.0,-0.0,0.0,-2e-12,1e-12,3e-12,0.0,0.0
797.0,0.0,-1e-12,-2.79477e-07,0.0,0.0,0.0,0.0,0.0,2e-12,151.45844,0.0,0.0,0.0,0.0,0.0,-2.56668e-07,0.0,1.35879951,0.0,-0.0,0.0,-1e-12,1e-12,2e-12,0.0,0.0
797.5,0.0,-1e-12,-2.79477e-07,0.0,0.0,0.0,0.0,0.0,2e-12,151.45844,0.0,0.0,0.0,0.0,0.0,-2.56668e-07,0.0,1.87155405,0.0,-0.0,0.0,-1e-12,1e-12,2e-12,0.0,0.0
798.0,0.0,-1e-12,-2.79478e-07,0.0,0.0,0.0,0.0,0.0,1e-12,151.45844,0.0,0.0,0.0,0.0,0.0,-2.56668e-07,0.0,2.3843086,0.0,-0.0,0.0,-1e-12,0.0,1e-12,0.0,0.0
798.5,0.0,-0.0,-2.79478e-07,0.0,0.0,0.0,0.0,0.0,1e-12,151.45844,0.0,0.0,0.0,0.0,0.0,-2.56668e-07,0.0,2.88677729,0.0,-0.0,0.0,-0.0,0.0,1e-12,0.0,0.0
799.0,0.0,-0.0,-2.79478e-07,0.0,0.0,0.0,0.0,0.0,0.0,151.45844,0.0,0.0,0.0,0.0,0.0,-2.56668e-07,0.0,2.74323682,0.0,-0.0,0.0,-0.0,0.0,0.0,0.0,0.0
799.5,0.0,-0.0,-2.79478e-07,0.0,0.0,0.0,0.0,0.0,0.0,151.45844,0.0,0.0,0.0,0.0,0.0,-2.56668e-07,0.0,2.23048223,0.0,-0.0,0.0,-0.0,0.0,0.0,0.0,0.0
800.0,0.0,-0.0,-2.79478e-07,0.0,0.0,0.0,0.0,0.0,0.0,151.45844,0.0,0.0,0.0,0.0,0.0,-2.56668e-07,0.0,1.71772769,0.0,-0.0,0.0,-0.0,0.0,0.0,0.0,0.0
800.5,0.0,-0.0,-2.79478e-07,0.0,0.0,0.0,0.0,0.0,0.0,151.45844,0.0,0.0,0.0,0.0,0.0,-2.56668e-07,0.0,1.20497315,0.0,-0.0,0.0,-0.0,0.0,0.0,0.0,0.0
801.0,0.0,-0.0,-2.79478e-07,0.0,0.0,0.0,0.0,0.0,0.0,151.45844,0.0,0.0,0.0,0.0,0.0,-2.56668e-07,0.0,0.692218622,0.0,-0.0,0.0,-0.0,0.0,0.0,0.0,0.0
801.5,0.0,-0.0,-2.79478e-07,0.0,0.0,0.0,0.0,0.0,0.0,151.45844,0.0,0.0,0.0,0.0,0.0,-2.56668e-07,0.0,0.18461184394,0.0,-0.0,0.0,-0.0,0.0,0.0,0.0,0.0
802.0,0.0,-0.0,-2.79478e-07,0.0,0.0,0.0,0.0,0.0,0.0,151.45844,0.0,0.0,0.0,0.0,0.0,-2.56668e-07,0.0,0.0,0.0,-0.0,0.0,-0.0,0.0,0.0,0.0,0.0
802.5,0.0,-0.0,-2.79478e-07,0.0,0.0,0.0,0.0,0.0,0.0,151.45844,0.0,0.0,0.0,0.0,0.0,-2.56668e-07,0.0,0.0,0.0,-0.0,0.0,-0.0,0.0,0.0,0.0,0.0
803.0,0.0,-0.0,-2.79478e-07,0.0,0.0,0.0,0.0,0.0,0.0,151.45844,0.0,0.0,0.0,0.0,0.0,-2.56668e-07,0.0,0.0,0.0,-0.0,0.0,-0.0,0.0,0.0,0.0,0.0
803.5,0.0,-0.0,-2.79478e-07,0.0,0.0,0.0,0.0,0.0,0.0,151.45844,0.0,0.0,0.0,0.0,0.0,-2.56668e-07,0.0,0.0,0.0,-0.0,0.0,-0.0,0.0,0.0,0.0,0.0
804.0,0.0,-0.0,-2.79478e-07,0.0,0.0,0.0,0.0,0.0,0.0,151.45844,0.0,0.0,0.0,0.0,0.0,-2.56668e-07,0.0,0.0,0.0,-0.0,0.0,-0.0,0.0,0.0,0.0,0.0
804.5,0.0,-0.0,-2.79478e-07,0.0,0.0,0.0,0.0,0.0,0.0,151.45844,0.0,0.0,0.0,0.0,0.0,-2.56668e-07,0.0,0.0,0.0,-0.0,0.0,-0.0,0.0,0.0,0.0,0.0
805.0,0.0,-0.0,-2.79478e-07,0.0,0.0,0.0,0.0,0.0,0.0,151.45844,0.0,0.0,0.0,0.0,0.0,-2.56668e-07,0.0,0.0,0.0,-0.0,0.0,-0.0,0.0,0.0,0.0,0.0
805.5,0.0,-0.0,-2.79478e-07,0.0,0.0,0.0,0.0,0.0,0.0,151.45844,0.0,0.0,0.0,0.0,0.0,-2.56668e-07,0.0,0.0,0.0,-0.0,0.0,-0.0,0.0,0.0,0.0,0.0
806.0,0.0,-0.0,-2.79478e-07,0.0,0.0,0.0,0.0,0.0,0.0,151.45844,0.0,0.0,0.0,0.0,0.0,-2.56668e-07,0.0,0.0,0.0,-0.0,0.0,-0.0,0.0,0.0,0.0,0.0
806.5,0.0,-0.0,-2.79478e-07,0.0,0.0,0.0,0.0,0.0,0.0,151.45844,0.0,0.0,0.0,0.0,0.0,-2.56668e-07,0.0,0.0,0.0,-0.0,0.0,-0.0,0.0,0.0,0.0,0.0
807.0,0.0,-0.0,-2.79478e-07,0.0,0.0,0.0,0.0,0.0,0.0,151.45844,0.0,0.0,0.0,0.0,0.0,-2.56668e-07,0.0,0.0,0.0,-0.0,0.0,-0.0,0.0,0.0,0.0,0.0
807.5,0.0,-0.0,-2.79478e-07,0.0,0.0,0.0,0.0,0.0,0.0,151.45844,0.0,0.0,0.0,0.0,0.0,-2.56668e-07,0.0,0.0,0.0,-0.0,0.0,-0.0,0.0,0.0,0.0,0.0
808.0,0.0,-0.0,-2.79478e-07,0.0,0.0,0.0,0.0,0.0,0.0,151.45844,0.0,0.0,0.0,0.0,0.0,-2.56668e-07,0.0,0.0,0.0,-0.0,0.0,-0.0,0.0,0.0,0.0,0.0
808.5,0.0,-0.0,-2.79478e-07,0.0,0.0,0.0,0.0,0.0,0.0,151.45844,0.0,0.0,0.0,0.0,0.0,-2.56668e-07,0.0,0.0,0.0,-0.0,0.0,-0.0,0.0,0.0,0.0,0.0
809.0,0.0,-0.0,-2.79478e-07,0.0,0.0,0.0,0.0,0.0,0.0,151.45844,0.0,0.0,0.0,0.0,0.0,-2.56668e-07,0.0,0.0,0.0,-0.0,0.0,-0.0,0.0,0.0,0.0,0.0
809.5,0.0,-0.0,-2.79478e-07,0.0,0.0,0.0,0.0,0.0,0.0,151.45844,0.0,0.0,0.0,0.0,0.0,-2.56668e-07,0.0,0.0,0.0,-0.0,0.0,-0.0,0.0,0.0,0.0,0.0
810.0,0.0,-0.0,-2.79478e-07,0.0,0.0,0.0,0.0,0.0,0.0,151.45844,0.0,0.0,0.0,0.0,0.0,-2.56668e-07,0.0,0.0,0.0,-0.0,0.0,-0.0,0.0,0.0,0.0,0.0
810.5,0.0,-0.0,-2.79478e-07,0.0,0.0,0.0,0.0,0.0,0.0,151.45844,0.0,0.0,0.0,0.0,0.0,-2.56668e-07,0.0,0.0,0.0,-0.0,0.0,-0.0,0.0,0.0,0.0,0.0
811.0,0.0,-0.0,-2.79478e-07,0.0,0.0,0.0,0.0,0.0,0.0,151.45844,0.0,0.0,0.0,0.0,0.0,-2.56668e-07,0.0,0.0,0.0,-0.0,0.0,-0.0,0.0,0.0,0.0,0.0
811.5,0.0,-0.0,-2.79478e-07,0.0,0.0,0.0,0.0,0.0,0.0,151.45844,0.0,0.0,0.0,0.0,0.0,-2.56668e-07,0.0,0.0,0.0,-0.0,0.0,-0.0,0.0,0.0,0.0,0.0
812.0,0.0,-0.0,-2.79478e-07,0.0,0.0,0.0,0.0,0.0,0.0,151.45844,0.0,0.0,0.0,0.0,0.0,-2.56668e-07,0.0,0.0,0.0,-0.0,0.0,-0.0,0.0,0.0,0.0,0.0
812.5,0.0,-0.0,-2.79478e-07,0.0,0.0,0.0,0.0,0.0,0.0,151.45844,0.0,0.0,0.0,0.0,0.0,-2.56668e-07,0.0,0.0,0.0,-0.0,0.0,-0.0,0.0,0.0,0.0,0.0
813.0,0.0,-0.0,-2.79478e-07,0.0,0.0,0.0,0.0,0.0,0.0,151.45844,0.0,0.0,0.0,0.0,0.0,-2.56668e-07,0.0,0.0,0.0,-0.0,0.0,-0.0,0.0,0.0,0.0,0.0
813.5,0.0,-0.0,-2.79478e-07,0.0,0.0,0.0,0.0,0.0,0.0,151.45844,0.0,0.0,0.0,0.0,0.0,-2.56668e-07,0.0,0.0,0.0,-0.0,0.0,-0.0,0.0,0.0,0.0,0.0
814.0,0.0,-0.0,-2.79478e-07,0.0,0.0,0.0,0.0,0.0,0.0,151.45844,0.0,0.0,0.0,0.0,0.0,-2.56668e-07,0.0,0.0,0.0,-0.0,0.0,-0.0,0.0,0.0,0.0,0.0
814.5,0.0,-0.0,-2.79478e-07,0.0,0.0,0.0,0.0,0.0,0.0,151.45844,0.0,0.0,0.0,0.0,0.0,-2.56668e-07,0.0,0.0,0.0,-0.0,0.0,-0.0,0.0,0.0,0.0,0.0
815.0,0.0,-0.0,-2.79478e-07,0.0,0.0,0.0,0.0,0.0,0.0,151.45844,0.0,0.0,0.0,0.0,0.0,-2.56668e-07,0.0,0.0,0.0,-0.0,0.0,-0.0,0.0,0.0,0.0,0.0
815.5,0.0,-0.0,-2.79478e-07,0.0,0.0,0.0,0.0,0.0,0.0,151.45844,0.0,0.0,0.0,0.0,0.0,-2.56668e-07,0.0,0.0,0.0,-0.0,0.0,-0.0,0.0,0.0,0.0,0.0
816.0,0.0,-0.0,-2.79478e-07,0.0,0.0,0.0,0.0,0.0,0.0,151.45844,0.0,0.0,0.0,0.0,0.0,-2.56668e-07,0.0,0.0,0.0,-0.0,0.0,-0.0,0.0,0.0,0.0,0.0
816.5,0.0,-0.0,-2.79478e-07,0.0,0.0,0.0,0.0,0.0,0.0,151.45844,0.0,0.0,0.0,0.0,0.0,-2.56668e-07,0.0,0.09527049514,0.0,-0.0,0.0,-0.0,0.0,0.0,0.0,0.0
817.0,0.0,-0.0,-2.79478e-07,0.0,0.0,0.0,0.0,0.0,0.0,151.45844,0.0,0.0,0.0,0.0,0.0,-2.56668e-07,0.0,6.16812171,0.0,-0.0,0.0,-0.0,0.0,0.0,0.0,0.0
817.5,0.0,-0.0,-2.79478e-07,0.0,0.0,0.0,0.0,0.0,0.0,151.45844,0.0,0.0,0.0,0.0,0.0,-2.56668e-07,0.0,15.6575397,0.0,-0.0,0.0,-0.0,0.0,0.0,0.0,0.0
818.0,0.0,-0.0,-2.79478e-07,0.0,0.0,0.0,0.0,0.0,0.0,151.45844,0.0,0.0,0.0,0.0,0.0,-2.56668e-07,0.0,25.1469577,0.0,-0.0,0.0,-0.0,0.0,0.0,0.0,0.0
818.5,0.0,-0.0,-2.79478e-07,0.0,0.0,0.0,0.0,0.0,0.0,151.45844,0.0,0.0,0.0,0.0,0.0,-2.56668e-07,0.0,34.6363755,0.0,-0.0,0.0,-0.0,0.0,0.0,0.0,0.0
819.0,0.0,-0.0,-2.79478e-07,0.0,0.0,0.0,0.0,0.0,0.0,151.45844,0.0,0.0,0.0,0.0,0.0,-2.56668e-07,0.0,44.1257935,0.0,-0.0,0.0,-0.0,0.0,0.0,0.0,0.0
819.5,0.0,-0.0,-2.79478e-07,0.0,0.0,0.0,0.0,0.0,0.0,151.45844,0.0,0.0,0.0,0.0,0.0,-2.56668e-07,0.0,53.5200036,0.0,-0.0,0.0,-0.0,0.0,0.0,0.0,0.0
820.0,0.0,-0.0,-2.79478e-07,0.0,0.0,0.0,0.0,0.0,0.0,151.45844,0.0,0.0,0.0,0.0,0.0,-2.56668e-07,0.0,56.93651,0.0,-0.0,0.0,-0.0,0.0,0.0,0.0,0.0
820.5,0.0,-0.0,-2.79478e-07,0.0,0.0,0.0,0.0,0.0,0.0,151.45844,0.0,0.0,0.0,0.0,0.0,-2.56668e-07,0.0,56.93651,0.0,-0.0,0.0,-0.0,0.0,0.0,0.0,0.0
821.0,0.0,-0.0,-2.79478e-07,0.0,0.0,0.0,0.0,0.0,0.0,151.45844,0.0,0.0,0.0,0.0,0.0,-2.56668e-07,0.0,56.93651,0.0,-0.0,0.0,-0.0,0.0,0.0,0.0,0.0
821.5,0.0,-0.0,-2.79478e-07,0.0,0.0,0.0,0.0,0.0,0.0,151.45844,0.0,0.0,0.0,0.0,0.0,-2.56668e-07,0.0,56.93651,0.0,-0.0,0.0,-0.0,0.0,0.0,0.0,0.0
822.0,0.0,-0.0,-2.79478e-07,0.0,0.0,0.0,0.0,0.0,0.0,151.45844,0.0,0.0,0.0,0.0,0.0,-2.56668e-07,0.0,56.93651,0.0,-0.0,0.0,-0.0,0.0,0.0,0.0,0.0
822.5,0.0,-0.0,-2.79478e-07,0.0,0.0,0.0,0.0,0.0,0.0,151.45844,0.0,0.0,0.0,0.0,0.0,-2.56668e-07,0.0,56.93651,0.0,-0.0,0.0,-0.0,0.0,0.0,0.0,0.0
823.0,0.0,-0.0,-2.79478e-07,0.0,0.0,0.0,0.0,0.0,0.0,151.45844,0.0,0.0,0.0,0.0,0.0,-2.56668e-07,0.0,56.93651,0.0,-0.0,0.0,-0.0,0.0,0.0,0.0,0.0
823.5,0.0,-0.0,-2.79478e-07,0.0,0.0,0.0,0.0,0.0,0.0,151.45844,0.0,0.0,0.0,0.0,0.0,-2.56668e-07,0.0,56.93651,0.0,-0.0,0.0,-0.0,0.0,0.0,0.0,0.0
824.0,0.0,-0.0,-2.79478e-07,0.0,0.0,0.0,0.0,0.0,0.0,151.45844,0.0,0.0,0.0,0.0,0.0,-2.56668e-07,0.0,56.93651,0.0,-0.0,0.0,-0.0,0.0,0.0,0.0,0.0
824.5,0.0,-0.0,-2.79478e-07,0.0,0.0,0.0,0.0,0.0,0.0,151.45844,0.0,0.0,0.0,0.0,0.0,-2.56668e-07,0.0,56.93651,0.0,-0.0,0.0,-0.0,0.0,0.0,0.0,0.0
825.0,0.0,-0.0,-2.79478e-07,0.0,0.0,0.0,0.0,0.0,0.0,151.45844,0.0,0.0,0.0,0.0,0.0,-2.56668e-07,0.0,56.93651,0.0,-0.0,0.0,-0.0,0.0,0.0,0.0,0.0
825.5,0.0,-0.0,-2.79478e-07,0.0,0.0,0.0,0.0,0.0,0.0,151.45844,0.0,0.0,0.0,0.0,0.0,-2.56668e-07,0.0,56.93651,0.0,-0.0,0.0,-0.0,0.0,0.0,0.0,0.0
826.0,0.0,-0.0,-2.79478e-07,0.0,0.0,0.0,0.0,0.0,0.0,151.45844,0.0,0.0,0.0,0.0,0.0,-2.56668e-07,0.0,56.93651,0.0,-0.0,0.0,-0.0,0.0,0.0,0.0,0.0
826.5,0.0,-0.0,-2.79478e-07,0.0,0.0,0.0,0.0,0.0,0.0,151.45844,0.0,0.0,0.0,0.0,0.0,-2.56668e-07,0.0,56.93651,0.0,-0.0,0.0,-0.0,0.0,0.0,0.0,0.0
827.0,0.0,-0.0,-2.79478e-07,0.0,0.0,0.0,0.0,0.0,0.0,151.45844,0.0,0.0,0.0,0.0,0.0,-2.56668e-07,0.0,56.93651,0.0,-0.0,0.0,-0.0,0.0,0.0,0.0,0.0
827.5,0.0,-0.0,-2.79478e-07,0.0,0.0,0.0,0.0,0.0,0.0,151.45844,0.0,0.0,0.0,0.0,0.0,-2.56668e-07,0.0,56.93651,0.0,-0.0,0.0,-0.0,-0.0,0.0,0.0,0.0
828.0,0.0,-0.0,-2.79478e-07,0.0,0.0,0.0,0.0,0.0,0.0,151.45844,0.0,0.0,0.0,0.0,0.0,-2.56668e-07,0.0,56.93651,0.0,-0.0,0.0,-0.0,-0.0,0.0,0.0,0.0
828.5,0.0,-0.0,-2.79478e-07,0.0,0.0,0.0,0.0,0.0,0.0,151.45844,0.0,0.0,0.0,0.0,0.0,-2.56668e-07,0.0,56.93651,0.0,-0.0,0.0,-0.0,-0.0,0.0,0.0,0.0
829.0,0.0,-0.0,-2.79478e-07,0.0,0.0,0.0,0.0,0.0,0.0,151.45844,0.0,0.0,0.0,0.0,0.0,-2.56668e-07,0.0,56.93651,0.0,-0.0,0.0,-0.0,-0.0,0.0,0.0,0.0
829.5,0.0,-0.0,-2.79478e-07,0.0,0.0,0.0,0.0,0.0,0.0,151.45844,0.0,0.0,0.0,0.0,0.0,-2.56668e-07,0.0,56.93651,0.0,-0.0,0.0,-0.0,-0.0,0.0,0.0,0.0
830.0,0.0,-0.0,-2.79478e-07,0.0,0.0,0.0,0.0,0.0,0.0,151.45844,0.0,0.0,0.0,0.0,0.0,-2.56668e-07,0.0,56.93651,0.0,-0.0,0.0,-0.0,-0.0,0.0,0.0,0.0
830.5,0.0,-0.0,-2.79478e-07,0.0,0.0,0.0,0.0,0.0,0.0,151.45844,0.0,0.0,0.0,0.0,0.0,-2.56668e-07,0.0,56.93651,0.0,-0.0,0.0,-0.0,-0.0,0.0,0.0,0.0
831.0,0.0,-0.0,-2.79478e-07,0.0,0.0,0.0,0.0,0.0,0.0,151.45844,0.0,0.0,0.0,0.0,0.0,-2.56668e-07,0.0,56.93651,0.0,-0.0,0.0,-0.0,-0.0,0.0,0.0,0.0
831.5,0.0,-0.0,-2.79478e-07,0.0,0.0,0.0,0.0,0.0,0.0,151.45844,0.0,0.0,0.0,0.0,0.0,-2.56668e-07,0.0,56.93651,0.0,-0.0,0.0,-0.0,-0.0,0.0,0.0,0.0
832.0,0.0,-0.0,-2.79478e-07,0.0,0.0,0.0,0.0,0.0,0.0,151.45844,0.0,0.0,0.0,0.0,0.0,-2.56668e-07,0.0,56.93651,0.0,-0.0,0.0,-0.0,-0.0,0.0,0.0,0.0
832.5,0.0,-0.0,-2.79478e-07,0.0,0.0,0.0,0.0,0.0,0.0,151.45844,0.0,0.0,0.0,0.0,0.0,-2.56668e-07,0.0,56.93651,0.0,-0.0,0.0,-0.0,-0.0,0.0,0.0,0.0
833.0,0.0,-0.0,-2.79478e-07,0.0,0.0,0.0,0.0,0.0,0.0,151.45844,0.0,0.0,0.0,0.0,0.0,-2.56668e-07,0.0,56.93651,0.0,-0.0,0.0,-0.0,-0.0,0.0,0.0,0.0
833.5,0.0,-0.0,-2.79478e-07,0.0,0.0,0.0,0.0,0.0,0.0,151.45844,0.0,0.0,0.0,0.0,0.0,-2.56668e-07,0.0,56.93651,0.0,-0.0,0.0,-0.0,-0.0,0.0,0.0,0.0
834.0,0.0,-0.0,-2.79478e-07,0.0,0.0,0.0,0.0,0.0,0.0,151.45844,0.0,0.0,0.0,0.0,0.0,-2.56668e-07,0.0,56.93651,0.0,-0.0,0.0,-0.0,-0.0,0.0,0.0,0.0
834.5,0.0,-0.0,-2.79478e-07,0.0,0.0,0.0,0.0,0.0,0.0,151.45844,0.0,0.0,0.0,0.0,0.0,-2.56668e-07,0.0,56.8413242,0.0,-0.0,0.0,-0.0,-0.0,0.0,0.0,0.0
835.0,0.0,-0.0,-2.79478e-07,0.0,0.0,0.0,0.0,0.0,0.0,151.45844,0.0,0.0,0.0,0.0,0.0,-2.56668e-07,0.0,50.7683868,0.0,-0.0,0.0,-0.0,-0.0,0.0,0.0,0.0
835.5,0.0,-0.0,-2.79478e-07,0.0,0.0,0.0,0.0,0.0,0.0,151.45844,0.0,0.0,0.0,0.0,0.0,-2.56668e-07,0.0,41.2789679,0.0,-0.0,0.0,-0.0,-0.0,0.0,0.0,0.0
836.0,0.0,-0.0,-2.79478e-07,0.0,0.0,0.0,0.0,0.0,0.0,151.45844,0.0,0.0,0.0,0.0,0.0,-2.56668e-07,0.0,31.7895503,0.0,-0.0,0.0,-0.0,-0.0,0.0,0.0,0.0
836.5,0.0,-0.0,-2.79478e-07,0.0,0.0,0.0,0.0,0.0,0.0,151.45844,0.0,0.0,0.0,0.0,0.0,-2.56668e-07,0.0,22.3001323,0.0,-0.0,0.0,-0.0,-0.0,0.0,0.0,0.0
837.0,0.0,-0.0,-2.79478e-07,0.0,0.0,0.0,0.0,0.0,0.0,151.45844,0.0,0.0,0.0,0.0,0.0,-2.56668e-07,0.0,12.8107143,0.0,-0.0,0.0,-0.0,-0.0,0.0,0.0,0.0
837.5,0.0,-0.0,-2.79478e-07,0.0,0.0,0.0,0.0,0.0,0.0,151.45844,0.0,0.0,0.0,0.0,0.0,-2.56668e-07,0.0,3.416269644206,0.0,-0.0,0.0,-0.0,-0.0,0.0,0.0,0.0
838.0,0.0,-0.0,-2.79478e-07,0.0,0.0,0.0,0.0,0.0,0.0,151.45844,0.0,0.0,0.0,0.0,0.0,-2.56668e-07,0.0,0.0,0.0,-0.0,0.0,-0.0,-0.0,0.0,0.0,0.0
838.5,0.0,-0.0,-2.79478e-07,0.0,0.0,0.0,0.0,0.0,0.0,151.45844,0.0,0.0,0.0,0.0,0.0,-2.56668e-07,0.0,0.0,0.0,-0.0,0.0,-0.0,-0.0,0.0,0.0,0.0
839.0,0.0,-0.0,-2.79478e-07,0.0,0.0,0.0,0.0,0.0,0.0,151.45844,0.0,0.0,0.0,0.0,0.0,-2.56668e-07,0.0,0.0,0.0,-0.0,0.0,-0.0,-0.0,0.0,0.0,0.0
839.5,0.0,-0.0,-2.79478e-07,0.0,0.0,0.0,0.0,0.0,0.0,151.45844,0.0,0.0,0.0,0.0,0.0,-2.56668e-07,0.0,0.0,0.0,-0.0,0.0,-0.0,-0.0,0.0,0.0,0.0
840.0,0.0,-0.0,-2.79478e-07,0.0,0.0,0.0,0.0,0.0,0.0,151.45844,0.0,0.0,0.0,0.0,0.0,-2.56668e-07,0.0,0.0,0.0,-0.0,0.0,-0.0,-0.0,0.0,0.0,0.0
840.5,0.0,-0.0,-2.79478e-07,0.0,0.0,0.0,0.0,0.0,0.0,151.45844,0.0,0.0,0.0,0.0,0.0,-2.56668e-07,0.0,0.0,0.0,-0.0,0.0,-0.0,-0.0,0.0,0.0,0.0
841.0,0.0,-0.0,-2.79478e-07,0.0,0.0,0.0,0.0,0.0,0.0,151.45844,0.0,0.0,0.0,0.0,0.0,-2.56668e-07,0.0,0.0,0.0,-0.0,0.0,-0.0,-0.0,0.0,0.0,0.0
841.5,0.0,-0.0,-2.79478e-07,0.0,0.0,0.0,0.0,0.0,0.0,151.45844,0.0,0.0,0.0,0.0,0.0,-2.56668e-07,0.0,0.0,0.0,-0.0,0.0,-0.0,-0.0,0.0,0.0,0.0
842.0,0.0,-0.0,-2.79478e-07,0.0,0.0,0.0,0.0,0.0,0.0,151.45844,0.0,0.0,0.0,0.0,0.0,-2.56668e-07,0.0,0.0,0.0,-0.0,0.0,-0.0,-0.0,0.0,0.0,0.0
842.5,0.0,-0.0,-2.79478e-07,0.0,0.0,0.0,0.0,0.0,0.0,151.45844,0.0,0.0,0.0,0.0,0.0,-2.56668e-07,0.0,0.0,0.0,-0.0,0.0,-0.0,-0.0,0.0,0.0,0.0
843.0,0.0,-0.0,-2.79478e-07,0.0,0.0,0.0,0.0,0.0,0.0,151.45844,0.0,0.0,0.0,0.0,0.0,-2.56668e-07,0.0,0.0,0.0,-0.0,0.0,-0.0,-0.0,0.0,0.0,0.0
843.5,0.0,-0.0,-2.79478e-07,0.0,0.0,0.0,0.0,0.0,0.0,151.45844,0.0,0.0,0.0,0.0,0.0,-2.56668e-07,0.0,0.0,0.0,-0.0,0.0,-0.0,-0.0,0.0,0.0,0.0
844.0,0.0,-0.0,-2.79478e-07,0.0,0.0,0.0,0.0,0.0,0.0,151.45844,0.0,0.0,0.0,0.0,0.0,-2.56668e-07,0.0,0.0,0.0,-0.0,0.0,-0.0,-0.0,0.0,0.0,0.0
844.5,0.0,-0.0,-2.79478e-07,0.0,0.0,0.0,0.0,0.0,0.0,151.45844,0.0,0.0,0.0,0.0,0.0,-2.56668e-07,0.0,0.0,0.0,-0.0,0.0,-0.0,-0.0,0.0,0.0,0.0
845.0,0.0,-0.0,-2.79478e-07,0.0,0.0,0.0,0.0,0.0,0.0,151.45844,0.0,0.0,0.0,0.0,0.0,-2.56668e-07,0.0,0.0,0.0,-0.0,0.0,-0.0,-0.0,0.0,0.0,0.0
845.5,0.0,-0.0,-2.79478e-07,0.0,0.0,0.0,0.0,0.0,0.0,151.45844,0.0,0.0,0.0,0.0,0.0,-2.56668e-07,0.0,0.0,0.0,-0.0,0.0,-0.0,-0.0,0.0,0.0,0.0
846.0,0.0,-0.0,-2.79478e-07,0.0,0.0,0.0,0.0,0.0,0.0,151.45844,0.0,0.0,0.0,0.0,0.0,-2.56668e-07,0.0,0.0,0.0,-0.0,0.0,-0.0,-0.0,0.0,0.0,0.0
846.5,0.0,-0.0,-2.79478e-07,0.0,0.0,0.0,0.0,0.0,0.0,151.45844,0.0,0.0,0.0,0.0,0.0,-2.56668e-07,0.0,0.0,0.0,-0.0,0.0,-0.0,-0.0,0.0,0.0,0.0
847.0,0.0,-0.0,-2.79478e-07,0.0,0.0,0.0,0.0,0.0,0.0,151.45844,0.0,0.0,0.0,0.0,0.0,-2.56668e-07,0.0,0.0,0.0,-0.0,0.0,-0.0,-0.0,0.0,0.0,0.0
847.5,0.0,-0.0,-2.79478e-07,0.0,0.0,0.0,0.0,0.0,0.0,151.45844,0.0,0.0,0.0,0.0,0.0,-2.56668e-07,0.0,0.0,0.0,-0.0,0.0,-0.0,-0.0,0.0,0.0,0.0
848.0,0.0,-0.0,-2.79478e-07,0.0,0.0,0.0,0.0,0.0,0.0,151.45844,0.0,0.0,0.0,0.0,0.0,-2.56668e-07,0.0,0.0,0.0,-0.0,0.0,-0.0,-0.0,0.0,0.0,0.0
848.5,0.0,-0.0,-2.79478e-07,0.0,0.0,0.0,0.0,0.0,0.0,151.45844,0.0,0.0,0.0,0.0,0.0,-2.56668e-07,0.0,0.0,0.0,-0.0,0.0,-0.0,-0.0,0.0,0.0,0.0
849.0,0.0,-0.0,-2.79478e-07,0.0,0.0,0.0,0.0,0.0,0.0,151.45844,0.0,0.0,0.0,0.0,0.0,-2.56668e-07,0.0,0.0,0.0,-0.0,0.0,-0.0,-0.0,0.0,0.0,0.0
849.5,0.0,-0.0,-2.79478e-07,0.0,0.0,0.0,0.0,0.0,0.0,151.45844,0.0,0.0,0.0,0.0,0.0,-2.56668e-07,0.0,0.0,0.0,-0.0,0.0,-0.0,-0.0,0.0,0.0,0.0
850.0,0.0,-0.0,-2.79478e-07,0.0,0.0,0.0,0.0,0.0,0.0,151.45844,0.0,0.0,0.0,0.0,0.0,-2.56668e-07,0.0,0.0,0.0,-0.0,0.0,-0.0,-0.0,0.0,0.0,0.0
850.5,0.0,-0.0,-2.79478e-07,0.0,0.0,0.0,0.0,0.0,0.0,151.45844,0.0,0.0,0.0,0.0,0.0,-2.56668e-07,0.0,0.0,0.0,-0.0,0.0,-0.0,-0.0,0.0,0.0,0.0
851.0,0.0,-0.0,-2.79478e-07,0.0,0.0,0.0,0.0,0.0,0.0,151.45844,0.0,0.0,0.0,0.0,0.0,-2.56668e-07,0.0,0.0,0.0,-0.0,0.0,-0.0,-0.0,0.0,0.0,0.0
851.5,0.0,-0.0,-2.79478e-07,0.0,0.0,0.0,0.0,0.0,0.0,151.45844,0.0,0.0,0.0,0.0,0.0,-2.56668e-07,0.0,0.0,0.0,-0.0,0.0,-0.0,-0.0,0.0,0.0,0.0
852.0,0.0,-0.0,-2.79478e-07,0.0,0.0,0.0,0.0,0.0,0.0,151.45844,0.0,0.0,0.0,0.0,0.0,-2.56668e-07,0.0,0.0,0.0,-0.0,0.0,-0.0,-0.0,0.0,0.0,0.0
852.5,0.0,-0.0,-2.79478e-07,0.0,0.0,0.0,0.0,0.0,0.0,151.45844,0.0,0.0,0.0,0.0,0.0,-2.56668e-07,0.0,0.0,0.0,-0.0,0.0,-0.0,-0.0,0.0,0.0,0.0
853.0,0.0,-0.0,-2.79478e-07,0.0,0.0,0.0,0.0,0.0,0.0,151.45844,0.0,0.0,0.0,0.0,0.0,-2.56668e-07,0.0,0.0,0.0,-0.0,0.0,-0.0,-0.0,0.0,0.0,0.0
853.5,0.0,-0.0,-2.79478e-07,0.0,0.0,0.0,0.0,0.0,0.0,151.45844,0.0,0.0,0.0,0.0,0.0,-2.56668e-07,0.0,0.0,0.0,-0.0,0.0,-0.0,-0.0,0.0,0.0,0.0
854.0,0.0,-0.0,-2.79478e-07,0.0,0.0,0.0,0.0,0.0,0.0,151.45844,0.0,0.0,0.0,0.0,0.0,-2.56668e-07,0.0,0.0,0.0,-0.0,0.0,-0.0,-0.0,0.0,0.0,0.0
854.5,0.0,-0.0,-2.79478e-07,0.0,0.0,0.0,0.0,0.0,0.0,151.45844,0.0,0.0,0.0,0.0,0.0,-2.56668e-07,0.0,0.0,0.0,-0.0,0.0,-0.0,-0.0,0.0,0.0,0.0
855.0,0.0,-0.0,-2.79478e-07,0.0,0.0,0.0,0.0,0.0,0.0,151.45844,0.0,0.0,0.0,0.0,0.0,-2.56668e-07,0.0,0.0,0.0,-0.0,0.0,-0.0,-0.0,0.0,0.0,0.0
855.5,0.0,-0.0,-2.79478e-07,0.0,0.0,0.0,0.0,0.0,0.0,151.45844,0.0,0.0,0.0,0.0,0.0,-2.56668e-07,0.0,0.0,0.0,-0.0,0.0,-0.0,-0.0,0.0,0.0,0.0
856.0,0.0,-0.0,-2.79478e-07,0.0,0.0,0.0,0.0,0.0,0.0,151.45844,0.0,0.0,0.0,0.0,0.0,-2.56668e-07,0.0,0.0,0.0,-0.0,0.0,-0.0,-0.0,0.0,0.0,0.0
856.5,0.0,-0.0,-2.79478e-07,0.0,0.0,0.0,0.0,0.0,0.0,151.45844,0.0,0.0,0.0,0.0,0.0,-2.56668e-07,0.0,0.0,0.0,-0.0,0.0,-0.0,-0.0,0.0,0.0,0.0
857.0,0.0,-0.0,-2.79478e-07,0.0,0.0,0.0,0.0,0.0,0.0,151.45844,0.0,0.0,0.0,0.0,0.0,-2.56668e-07,0.0,0.0,0.0,-0.0,0.0,-0.0,-0.0,0.0,0.0,0.0
857.5,0.0,-0.0,-2.79478e-07,0.0,0.0,0.0,0.0,0.0,0.0,151.45844,0.0,0.0,0.0,0.0,0.0,-2.56668e-07,0.0,0.0,0.0,-0.0,0.0,-0.0,-0.0,0.0,0.0,0.0
858.0,0.0,-0.0,-2.79478e-07,0.0,0.0,0.0,0.0,0.0,0.0,151.45844,0.0,0.0,0.0,0.0,0.0,-2.56668e-07,0.0,0.0,0.0,-0.0,0.0,-0.0,-0.0,0.0,0.0,0.0
858.5,0.0,-0.0,-2.79478e-07,0.0,0.0,0.0,0.0,0.0,0.0,151.45844,0.0,0.0,0.0,0.0,0.0,-2.56668e-07,0.0,0.0,0.0,-0.0,0.0,-0.0,-0.0,0.0,0.0,0.0
859.0,0.0,-0.0,-2.79478e-07,0.0,0.0,0.0,0.0,0.0,0.0,151.45844,0.0,0.0,0.0,0.0,0.0,-2.56668e-07,0.0,0.0,0.0,-0.0,0.0,-0.0,-0.0,0.0,0.0,0.0
859.5,0.0,-0.0,-2.79478e-07,0.0,0.0,0.0,0.0,0.0,0.0,151.45844,0.0,0.0,0.0,0.0,0.0,-2.56668e-07,0.0,0.0,0.0,-0.0,0.0,-0.0,-0.0,0.0,0.0,0.0
860.0,0.0,-0.0,-2.79478e-07,0.0,0.0,0.0,0.0,0.0,0.0,151.45844,0.0,0.0,0.0,0.0,0.0,-2.56668e-07,0.0,0.0,0.0,-0.0,0.0,-0.0,-0.0,0.0,0.0,0.0
860.5,0.0,-0.0,-2.79478e-07,0.0,0.0,0.0,0.0,0.0,0.0,151.45844,0.0,0.0,0.0,0.0,0.0,-2.56668e-07,0.0,0.0,0.0,-0.0,0.0,-0.0,-0.0,0.0,0.0,0.0
861.0,0.0,-0.0,-2.79478e-07,0.0,0.0,0.0,0.0,0.0,0.0,151.45844,0.0,0.0,0.0,0.0,0.0,-2.56668e-07,0.0,0.0,0.0,-0.0,0.0,-0.0,-0.0,0.0,0.0,0.0
861.5,0.0,-0.0,-2.79478e-07,0.0,0.0,0.0,0.0,0.0,0.0,151.45844,0.0,0.0,0.0,0.0,0.0,-2.56668e-07,0.0,0.0,0.0,-0.0,0.0,-0.0,-0.0,0.0,0.0,0.0
862.0,0.0,-0.0,-2.79478e-07,0.0,0.0,0.0,0.0,0.0,0.0,151.45844,0.0,0.0,0.0,0.0,0.0,-2.56668e-07,0.0,0.0,0.0,-0.0,0.0,-0.0,-0.0,0.0,0.0,0.0
862.5,0.0,-0.0,-2.79478e-07,0.0,0.0,0.0,0.0,0.0,0.0,151.45844,0.0,0.0,0.0,0.0,0.0,-2.56668e-07,0.0,0.0,0.0,-0.0,0.0,-0.0,-0.0,0.0,0.0,0.0
863.0,0.0,-0.0,-2.79478e-07,0.0,0.0,0.0,0.0,0.0,0.0,151.45844,0.0,0.0,0.0,0.0,0.0,-2.56668e-07,0.0,0.0,0.0,-0.0,0.0,-0.0,-0.0,0.0,0.0,0.0
863.5,0.0,-0.0,-2.79478e-07,0.0,0.0,0.0,0.0,0.0,0.0,151.45844,0.0,0.0,0.0,0.0,0.0,-2.56668e-07,0.0,0.0,0.0,-0.0,0.0,-0.0,-0.0,0.0,0.0,0.0
864.0,0.0,-0.0,-2.79478e-07,0.0,0.0,0.0,0.0,0.0,0.0,151.45844,0.0,0.0,0.0,0.0,0.0,-2.56668e-07,0.0,0.0,0.0,-0.0,0.0,-0.0,-0.0,0.0,0.0,0.0
864.5,0.0,-0.0,-2.79478e-07,0.0,0.0,0.0,0.0,0.0,0.0,151.45844,0.0,0.0,0.0,0.0,0.0,-2.56668e-07,0.0,0.0,0.0,-0.0,0.0,-0.0,-0.0,0.0,0.0,0.0
865.0,0.0,-0.0,-2.79478e-07,0.0,0.0,0.0,0.0,0.0,0.0,151.45844,0.0,0.0,0.0,0.0,0.0,-2.56668e-07,0.0,0.0,0.0,-0.0,0.0,-0.0,-0.0,0.0,0.0,0.0
865.5,0.0,-0.0,-2.79478e-07,0.0,0.0,0.0,0.0,0.0,0.0,151.45844,0.0,0.0,0.0,0.0,0.0,-2.56668e-07,0.0,0.0,0.0,-0.0,0.0,-0.0,-0.0,0.0,0.0,0.0
866.0,0.0,-0.0,-2.79478e-07,0.0,0.0,0.0,0.0,0.0,0.0,151.45844,0.0,0.0,0.0,0.0,0.0,-2.56668e-07,0.0,0.0,0.0,-0.0,0.0,-0.0,-0.0,0.0,0.0,0.0
866.5,0.0,-0.0,-2.79478e-07,0.0,0.0,0.0,0.0,0.0,0.0,151.45844,0.0,0.0,0.0,0.0,0.0,-2.56668e-07,0.0,0.0,0.0,-0.0,0.0,-0.0,-0.0,0.0,0.0,0.0
867.0,0.0,-0.0,-2.79478e-07,0.0,0.0,0.0,0.0,0.0,0.0,151.45844,0.0,0.0,0.0,0.0,0.0,-2.56668e-07,0.0,0.0,0.0,-0.0,0.0,-0.0,-0.0,0.0,0.0,0.0
867.5,0.0,-0.0,-2.79478e-07,0.0,0.0,0.0,0.0,0.0,0.0,151.45844,0.0,0.0,0.0,0.0,0.0,-2.56668e-07,0.0,0.0,0.0,-0.0,0.0,-0.0,-0.0,0.0,0.0,0.0
868.0,0.0,-0.0,-2.79478e-07,0.0,0.0,0.0,0.0,0.0,0.0,151.45844,0.0,0.0,0.0,0.0,0.0,-2.56668e-07,0.0,0.0,0.0,-0.0,0.0,-0.0,-0.0,0.0,0.0,0.0
868.5,0.0,-0.0,-2.79478e-07,0.0,0.0,0.0,0.0,0.0,0.0,151.45844,0.0,0.0,0.0,0.0,0.0,-2.56668e-07,0.0,0.0,0.0,-0.0,0.0,-0.0,-0.0,0.0,0.0,0.0
869.0,0.0,-0.0,-2.79478e-07,0.0,0.0,0.0,0.0,0.0,0.0,151.45844,0.0,0.0,0.0,0.0,0.0,-2.56668e-07,0.0,0.0,0.0,-0.0,0.0,-0.0,-0.0,0.0,0.0,0.0
869.5,0.0,-0.0,-2.79478e-07,0.0,0.0,0.0,0.0,0.0,0.0,151.45844,0.0,0.0,0.0,0.0,0.0,-2.56668e-07,0.0,0.0,0.0,-0.0,0.0,-0.0,-0.0,0.0,0.0,0.0
870.0,0.0,-0.0,-2.79478e-07,0.0,0.0,0.0,0.0,0.0,0.0,151.45844,0.0,0.0,0.0,0.0,0.0,-2.56668e-07,0.0,0.0,0.0,-0.0,0.0,-0.0,-0.0,0.0,0.0,0.0
870.5,0.0,-0.0,-2.79478e-07,0.0,0.0,0.0,0.0,0.0,0.0,151.45844,0.0,0.0,0.0,0.0,0.0,-2.56668e-07,0.0,0.0,0.0,-0.0,0.0,-0.0,-0.0,0.0,0.0,0.0
871.0,0.0,-0.0,-2.79478e-07,0.0,0.0,0.0,0.0,0.0,0.0,151.45844,0.0,0.0,0.0,0.0,0.0,-2.56668e-07,0.0,0.0,0.0,-0.0,0.0,-0.0,-0.0,0.0,0.0,0.0
871.5,0.0,-0.0,-2.79478e-07,0.0,0.0,0.0,0.0,0.0,0.0,151.45844,0.0,0.0,0.0,0.0,0.0,-2.56668e-07,0.0,0.0,0.0,-0.0,0.0,-0.0,-0.0,0.0,0.0,0.0
872.0,0.0,-0.0,-2.79478e-07,0.0,0.0,0.0,0.0,0.0,0.0,151.45844,0.0,0.0,0.0,0.0,0.0,-2.56668e-07,0.0,0.0,0.0,-0.0,0.0,-0.0,-0.0,0.0,0.0,0.0
872.5,0.0,-0.0,-2.79478e-07,0.0,0.0,0.0,0.0,0.0,0.0,151.45844,0.0,0.0,0.0,0.0,0.0,-2.56668e-07,0.0,0.0,0.0,-0.0,0.0,-0.0,-0.0,0.0,0.0,0.0
873.0,0.0,-0.0,-2.79478e-07,0.0,0.0,0.0,0.0,0.0,0.0,151.45844,0.0,0.0,0.0,0.0,0.0,-2.56668e-07,0.0,0.0,0.0,-0.0,0.0,-0.0,-0.0,0.0,0.0,0.0
873.5,0.0,-0.0,-2.79478e-07,0.0,0.0,0.0,0.0,0.0,0.0,151.45844,0.0,0.0,0.0,0.0,0.0,-2.56668e-07,0.0,0.0,0.0,-0.0,0.0,-0.0,-0.0,0.0,0.0,0.0
874.0,0.0,-0.0,-2.79478e-07,0.0,0.0,0.0,0.0,0.0,0.0,151.45844,0.0,0.0,0.0,0.0,0.0,-2.56668e-07,0.0,0.0,0.0,-0.0,0.0,-0.0,-0.0,0.0,0.0,0.0
874.5,0.0,-0.0,-2.79478e-07,0.0,0.0,0.0,0.0,0.0,0.0,151.45844,0.0,0.0,0.0,0.0,0.0,-2.56668e-07,0.0,0.0,0.0,-0.0,0.0,-0.0,-0.0,0.0,0.0,0.0
875.0,0.0,-0.0,-2.79478e-07,0.0,0.0,0.0,0.0,0.0,0.0,151.45844,0.0,0.0,0.0,0.0,0.0,-2.56668e-07,0.0,0.0,0.0,-0.0,0.0,-0.0,-0.0,0.0,0.0,0.0
875.5,0.0,-0.0,-2.79478e-07,0.0,0.0,0.0,0.0,0.0,0.0,151.45844,0.0,0.0,0.0,0.0,0.0,-2.56668e-07,0.0,0.0,0.0,-0.0,0.0,-0.0,-0.0,0.0,0.0,0.0
876.0,0.0,-0.0,-2.79478e-07,0.0,0.0,0.0,0.0,0.0,0.0,151.45844,0.0,0.0,0.0,0.0,0.0,-2.56668e-07,0.0,0.0,0.0,-0.0,0.0,-0.0,-0.0,0.0,0.0,0.0
876.5,0.0,-0.0,-2.79478e-07,0.0,0.0,0.0,0.0,0.0,0.0,151.45844,0.0,0.0,0.0,0.0,0.0,-2.56668e-07,0.0,0.0,0.0,-0.0,0.0,-0.0,-0.0,0.0,0.0,0.0
877.0,0.0,-0.0,-2.79478e-07,0.0,0.0,0.0,0.0,0.0,0.0,151.45844,0.0,0.0,0.0,0.0,0.0,-2.56668e-07,0.0,0.0,0.0,-0.0,0.0,-0.0,-0.0,0.0,0.0,0.0
877.5,0.0,-0.0,-2.79478e-07,0.0,0.0,0.0,0.0,0.0,0.0,151.45844,0.0,0.0,0.0,0.0,0.0,-2.56668e-07,0.0,0.0,0.0,-0.0,0.0,-0.0,-0.0,0.0,0.0,0.0
878.0,0.0,-0.0,-2.79478e-07,0.0,0.0,0.0,0.0,0.0,0.0,151.45844,0.0,0.0,0.0,0.0,0.0,-2.56668e-07,0.0,0.0,0.0,-0.0,0.0,-0.0,-0.0,0.0,0.0,0.0
878.5,0.0,-0.0,-2.79478e-07,0.0,0.0,0.0,0.0,0.0,0.0,151.45844,0.0,0.0,0.0,0.0,0.0,-2.56668e-07,0.0,0.0,0.0,-0.0,0.0,-0.0,-0.0,0.0,0.0,0.0
879.0,0.0,-0.0,-2.79478e-07,0.0,0.0,0.0,0.0,0.0,0.0,151.45844,0.0,0.0,0.0,0.0,0.0,-2.56668e-07,0.0,0.0,0.0,-0.0,0.0,-0.0,-0.0,0.0,0.0,0.0
879.5,0.0,-0.0,-2.79478e-07,0.0,0.0,0.0,0.0,0.0,0.0,151.45844,0.0,0.0,0.0,0.0,0.0,-2.56668e-07,0.0,0.0,0.0,-0.0,0.0,-0.0,-0.0,0.0,0.0,0.0
880.0,0.0,-0.0,-2.79478e-07,0.0,0.0,0.0,0.0,0.0,0.0,151.45844,0.0,0.0,0.0,0.0,0.0,-2.56668e-07,0.0,0.0,0.0,-0.0,0.0,-0.0,-0.0,0.0,0.0,0.0
880.5,0.0,-0.0,-2.79478e-07,0.0,0.0,0.0,0.0,0.0,0.0,151.45844,0.0,0.0,0.0,0.0,0.0,-2.56668e-07,0.0,0.0,0.0,-0.0,0.0,-0.0,-0.0,0.0,0.0,0.0
881.0,0.0,-0.0,-2.79478e-07,0.0,0.0,0.0,0.0,0.0,0.0,151.45844,0.0,0.0,0.0,0.0,0.0,-2.56668e-07,0.0,0.0,0.0,-0.0,0.0,-0.0,-0.0,0.0,0.0,0.0
881.5,0.0,-0.0,-2.79478e-07,0.0,0.0,0.0,0.0,0.0,0.0,151.45844,0.0,0.0,0.0,0.0,0.0,-2.56668e-07,0.0,0.0,0.0,-0.0,0.0,-0.0,-0.0,0.0,0.0,0.0
882.0,0.0,-0.0,-2.79478e-07,0.0,0.0,0.0,0.0,0.0,0.0,151.45844,0.0,0.0,0.0,0.0,0.0,-2.56668e-07,0.0,0.0,0.0,-0.0,0.0,-0.0,-0.0,0.0,0.0,0.0
882.5,0.0,-0.0,-2.79478e-07,0.0,0.0,0.0,0.0,0.0,0.0,151.45844,0.0,0.0,0.0,0.0,0.0,-2.56668e-07,0.0,0.0,0.0,-0.0,0.0,-0.0,-0.0,0.0,0.0,0.0
883.0,0.0,-0.0,-2.79478e-07,0.0,0.0,0.0,0.0,0.0,0.0,151.45844,0.0,0.0,0.0,0.0,0.0,-2.56668e-07,0.0,0.0,0.0,-0.0,0.0,-0.0,-0.0,0.0,0.0,0.0
883.5,0.0,-0.0,-2.79478e-07,0.0,0.0,0.0,0.0,0.0,0.0,151.45844,0.0,0.0,0.0,0.0,0.0,-2.56668e-07,0.0,0.0,0.0,-0.0,0.0,-0.0,-0.0,0.0,0.0,0.0
884.0,0.0,-0.0,-2.79478e-07,0.0,0.0,0.0,0.0,0.0,0.0,151.45844,0.0,0.0,0.0,0.0,0.0,-2.56668e-07,0.0,0.0,0.0,-0.0,0.0,-0.0,-0.0,0.0,0.0,0.0
884.5,0.0,-0.0,-2.79478e-07,0.0,0.0,0.0,0.0,0.0,0.0,151.45844,0.0,0.0,0.0,0.0,0.0,-2.56668e-07,0.0,0.0,0.0,-0.0,0.0,-0.0,-0.0,0.0,0.0,0.0
885.0,0.0,-0.0,-2.79478e-07,0.0,0.0,0.0,0.0,0.0,0.0,151.45844,0.0,0.0,0.0,0.0,0.0,-2.56668e-07,0.0,0.0,0.0,-0.0,0.0,-0.0,-0.0,0.0,0.0,0.0
885.5,0.0,-0.0,-2.79478e-07,0.0,0.0,0.0,0.0,0.0,0.0,151.45844,0.0,0.0,0.0,0.0,0.0,-2.56668e-07,0.0,0.0,0.0,-0.0,0.0,-0.0,-0.0,0.0,0.0,0.0
886.0,0.0,-0.0,-2.79478e-07,0.0,0.0,0.0,0.0,0.0,0.0,151.45844,0.0,0.0,0.0,0.0,0.0,-2.56668e-07,0.0,0.0,0.0,-0.0,0.0,-0.0,-0.0,0.0,0.0,0.0
886.5,0.0,-0.0,-2.79478e-07,0.0,0.0,0.0,0.0,0.0,0.0,151.45844,0.0,0.0,0.0,0.0,0.0,-2.56668e-07,0.0,0.0,0.0,-0.0,0.0,-0.0,-0.0,0.0,0.0,0.0
887.0,0.0,-0.0,-2.79478e-07,0.0,0.0,0.0,0.0,0.0,0.0,151.45844,0.0,0.0,0.0,0.0,0.0,-2.56668e-07,0.0,0.0,0.0,-0.0,0.0,-0.0,-0.0,0.0,0.0,0.0
887.5,0.0,-0.0,-2.79478e-07,0.0,0.0,0.0,0.0,0.0,0.0,151.45844,0.0,0.0,0.0,0.0,0.0,-2.56668e-07,0.0,0.0,0.0,-0.0,0.0,-0.0,-0.0,0.0,0.0,0.0
888.0,0.0,-0.0,-2.79478e-07,0.0,0.0,0.0,0.0,0.0,0.0,151.45844,0.0,0.0,0.0,0.0,0.0,-2.56668e-07,0.0,0.0,0.0,-0.0,0.0,-0.0,-0.0,0.0,0.0,0.0
888.5,0.0,-0.0,-2.79478e-07,0.0,0.0,0.0,0.0,0.0,0.0,151.45844,0.0,0.0,0.0,0.0,0.0,-2.56668e-07,0.0,0.0,0.0,-0.0,0.0,-0.0,-0.0,0.0,0.0,0.0
889.0,0.0,-0.0,-2.79478e-07,0.0,0.0,0.0,0.0,0.0,0.0,151.45844,0.0,0.0,0.0,0.0,0.0,-2.56668e-07,0.0,0.0,0.0,-0.0,0.0,-0.0,-0.0,0.0,0.0,0.0
889.5,0.0,-0.0,-2.79478e-07,0.0,0.0,0.0,0.0,0.0,0.0,151.45844,0.0,0.0,0.0,0.0,0.0,-2.56668e-07,0.0,0.0,0.0,0.0,0.0,-0.0,-0.0,0.0,0.0,0.0
890.0,0.0,-0.0,-2.79478e-07,0.0,0.0,0.0,0.0,0.0,0.0,151.45844,0.0,0.0,0.0,0.0,0.0,-2.56668e-07,0.0,0.0,0.0,-0.0,0.0,-0.0,-0.0,0.0,0.0,0.0
890.5,0.0,-0.0,-2.79478e-07,0.0,0.0,0.0,0.0,0.0,0.0,151.45844,0.0,0.0,0.0,0.0,0.0,-2.56668e-07,0.0,0.0,0.0,0.0,0.0,-0.0,-0.0,0.0,0.0,0.0
891.0,0.0,-0.0,-2.79478e-07,0.0,0.0,0.0,0.0,0.0,0.0,151.45844,0.0,0.0,0.0,0.0,0.0,-2.56668e-07,0.0,0.0,0.0,0.0,0.0,-0.0,-0.0,0.0,0.0,0.0
891.5,0.0,-0.0,-2.79478e-07,0.0,0.0,0.0,0.0,0.0,0.0,151.45844,0.0,0.0,0.0,0.0,0.0,-2.56668e-07,0.0,0.0,0.0,-0.0,0.0,-0.0,-0.0,0.0,0.0,0.0
892.0,0.0,-0.0,-2.79478e-07,0.0,0.0,0.0,0.0,0.0,0.0,151.45844,0.0,0.0,0.0,0.0,0.0,-2.56668e-07,0.0,0.0,0.0,0.0,0.0,-0.0,-0.0,0.0,0.0,0.0
892.5,0.0,-0.0,-2.79478e-07,0.0,0.0,0.0,0.0,0.0,0.0,151.45844,0.0,0.0,0.0,0.0,0.0,-2.56668e-07,0.0,0.0,0.0,0.0,0.0,-0.0,-0.0,0.0,0.0,0.0
893.0,0.0,-0.0,-2.79478e-07,0.0,0.0,0.0,0.0,0.0,0.0,151.45844,0.0,0.0,0.0,0.0,0.0,-2.56668e-07,0.0,0.0,0.0,-0.0,0.0,-0.0,-0.0,0.0,0.0,0.0
893.5,0.0,-0.0,-2.79478e-07,0.0,0.0,0.0,0.0,0.0,0.0,151.45844,0.0,0.0,0.0,0.0,0.0,-2.56668e-07,0.0,0.0,0.0,0.0,0.0,-0.0,-0.0,0.0,0.0,0.0
894.0,0.0,-0.0,-2.79478e-07,0.0,0.0,0.0,0.0,0.0,0.0,151.45844,0.0,0.0,0.0,0.0,0.0,-2.56668e-07,0.0,0.0,0.0,0.0,0.0,-0.0,-0.0,0.0,0.0,0.0
894.5,0.0,-0.0,-2.79478e-07,0.0,0.0,0.0,0.0,0.0,0.0,151.45844,0.0,0.0,0.0,0.0,0.0,-2.56668e-07,0.0,0.0,0.0,0.0,0.0,-0.0,-0.0,0.0,0.0,0.0
895.0,0.0,-0.0,-2.79478e-07,0.0,0.0,0.0,0.0,0.0,0.0,151.45844,0.0,0.0,0.0,0.0,0.0,-2.56668e-07,0.0,0.0,0.0,0.0,0.0,-0.0,-0.0,0.0,0.0,0.0
895.5,0.0,-0.0,-2.79478e-07,0.0,0.0,0.0,0.0,0.0,0.0,151.45844,0.0,0.0,0.0,0.0,0.0,-2.56668e-07,0.0,0.0,0.0,0.0,0.0,-0.0,-0.0,0.0,0.0,0.0
896.0,0.0,-0.0,-2.79478e-07,0.0,0.0,0.0,0.0,0.0,0.0,151.45844,0.0,0.0,0.0,0.0,0.0,-2.56668e-07,0.0,0.0,0.0,0.0,0.0,-0.0,-0.0,0.0,0.0,0.0
896.5,0.0,-0.0,-2.79478e-07,0.0,0.0,0.0,0.0,0.0,0.0,151.45844,0.0,0.0,0.0,0.0,0.0,-2.56668e-07,0.0,0.0,0.0,0.0,0.0,-0.0,-0.0,0.0,0.0,0.0
897.0,0.0,-0.0,-2.79478e-07,0.0,0.0,0.0,0.0,0.0,0.0,151.45844,0.0,0.0,0.0,0.0,0.0,-2.56668e-07,0.0,0.0,0.0,-0.0,0.0,-0.0,-0.0,0.0,0.0,0.0
897.5,0.0,-0.0,-2.79478e-07,0.0,0.0,0.0,0.0,0.0,0.0,151.45844,0.0,0.0,0.0,0.0,0.0,-2.56668e-07,0.0,0.0,0.0,0.0,0.0,-0.0,-0.0,0.0,0.0,0.0
898.0,0.0,-0.0,-2.79478e-07,0.0,0.0,0.0,0.0,0.0,0.0,151.45844,0.0,0.0,0.0,0.0,0.0,-2.56668e-07,0.0,0.0,0.0,0.0,0.0,-0.0,-0.0,0.0,0.0,0.0
898.5,0.0,-0.0,-2.79478e-07,0.0,0.0,0.0,0.0,0.0,0.0,151.45844,0.0,0.0,0.0,0.0,0.0,-2.56668e-07,0.0,0.0,0.0,0.0,0.0,-0.0,-0.0,0.0,0.0,0.0
899.0,0.0,-0.0,-2.79478e-07,0.0,0.0,0.0,0.0,0.0,0.0,151.45844,0.0,0.0,0.0,0.0,0.0,-2.56668e-07,0.0,0.0,0.0,0.0,0.0,-0.0,-0.0,0.0,0.0,0.0
899.5,0.0,-0.0,-2.79478e-07,0.0,0.0,0.0,0.0,0.0,0.0,151.45844,0.0,0.0,0.0,0.0,0.0,-2.56668e-07,0.0,0.0,0.0,-0.0,0.0,-0.0,-0.0,0.0,0.0,0.0
900.0,0.0,-0.0,-2.79478e-07,0.0,0.0,0.0,0.0,0.0,0.0,151.45844,0.0,0.0,0.0,0.0,0.0,-2.56668e-07,0.0,0.0,0.0,0.0,0.0,-0.0,-0.0,0.0,0.0,0.0
900.5,0.0,-0.0,-2.79478e-07,0.0,0.0,0.0,0.0,0.0,0.0,151.45844,0.0,0.0,0.0,0.0,0.0,-2.56668e-07,0.0,0.0,0.0,0.0,0.0,-0.0,-0.0,0.0,0.0,0.0
901.0,0.0,-0.0,-2.79478e-07,0.0,0.0,0.0,0.0,0.0,0.0,151.45844,0.0,0.0,0.0,0.0,0.0,-2.56668e-07,0.0,0.0,0.0,0.0,0.0,-0.0,-0.0,0.0,0.0,0.0
901.5,0.0,-0.0,-2.79478e-07,0.0,0.0,0.0,0.0,0.0,0.0,151.45844,0.0,0.0,0.0,0.0,0.0,-2.56668e-07,0.0,0.0,0.0,0.0,0.0,-0.0,-0.0,0.0,0.0,0.0
902.0,0.0,-0.0,-2.79478e-07,0.0,0.0,0.0,0.0,0.0,0.0,151.45844,0.0,0.0,0.0,0.0,0.0,-2.56668e-07,0.0,0.0,0.0,0.0,0.0,-0.0,-0.0,0.0,0.0,0.0
902.5,0.0,-0.0,-2.79478e-07,0.0,0.0,0.0,0.0,0.0,0.0,151.45844,0.0,0.0,0.0,0.0,0.0,-2.56668e-07,0.0,0.0,0.0,-0.0,0.0,-0.0,-0.0,0.0,0.0,0.0
903.0,0.0,-0.0,-2.79478e-07,0.0,0.0,0.0,0.0,0.0,0.0,151.45844,0.0,0.0,0.0,0.0,0.0,-2.56668e-07,0.0,0.0,0.0,0.0,0.0,-0.0,-0.0,0.0,0.0,0.0
903.5,0.0,-0.0,-2.79478e-07,0.0,0.0,0.0,0.0,0.0,0.0,151.45844,0.0,0.0,0.0,0.0,0.0,-2.56668e-07,0.0,0.0,0.0,0.0,0.0,-0.0,-0.0,0.0,0.0,0.0
904.0,0.0,-0.0,-2.79478e-07,0.0,0.0,0.0,0.0,0.0,0.0,151.45844,0.0,0.0,0.0,0.0,0.0,-2.56668e-07,0.0,0.0,0.0,0.0,0.0,-0.0,-0.0,0.0,0.0,0.0
904.5,0.0,-0.0,-2.79478e-07,0.0,0.0,0.0,0.0,0.0,0.0,151.45844,0.0,0.0,0.0,0.0,0.0,-2.56668e-07,0.0,0.0,0.0,0.0,0.0,-0.0,-0.0,0.0,0.0,0.0
905.0,0.0,-0.0,-2.79478e-07,0.0,0.0,0.0,0.0,0.0,0.0,151.45844,0.0,0.0,0.0,0.0,0.0,-2.56668e-07,0.0,0.0,0.0,0.0,0.0,-0.0,-0.0,0.0,0.0,0.0
905.5,0.0,-0.0,-2.79478e-07,0.0,0.0,0.0,0.0,0.0,0.0,151.45844,0.0,0.0,0.0,0.0,0.0,-2.56668e-07,0.0,0.0,0.0,0.0,0.0,-0.0,-0.0,0.0,0.0,0.0
906.0,0.0,-0.0,-2.79478e-07,0.0,0.0,0.0,0.0,0.0,0.0,151.45844,0.0,0.0,0.0,0.0,0.0,-2.56668e-07,0.0,0.0,0.0,0.0,0.0,-0.0,-0.0,0.0,0.0,0.0
906.5,0.0,-0.0,-2.79478e-07,0.0,0.0,0.0,0.0,0.0,0.0,151.45844,0.0,0.0,0.0,0.0,0.0,-2.56668e-07,0.0,0.0,0.0,0.0,0.0,-0.0,-0.0,0.0,0.0,0.0
907.0,0.0,-0.0,-2.79478e-07,0.0,0.0,0.0,0.0,0.0,0.0,151.45844,0.0,0.0,0.0,0.0,0.0,-2.56668e-07,0.0,0.0,0.0,0.0,0.0,-0.0,-0.0,0.0,0.0,0.0
907.5,0.0,-0.0,-2.79478e-07,0.0,0.0,0.0,0.0,0.0,0.0,151.45844,0.0,0.0,0.0,0.0,0.0,-2.56668e-07,0.0,0.0,0.0,0.0,0.0,-0.0,-0.0,0.0,0.0,0.0
908.0,0.0,-0.0,-2.79478e-07,0.0,0.0,0.0,0.0,0.0,0.0,151.45844,0.0,0.0,0.0,0.0,0.0,-2.56668e-07,0.0,0.0,0.0,0.0,0.0,-0.0,-0.0,0.0,0.0,0.0
908.5,0.0,-0.0,-2.79478e-07,0.0,0.0,0.0,0.0,0.0,0.0,151.45844,0.0,0.0,0.0,0.0,0.0,-2.56668e-07,0.0,0.0,0.0,0.0,0.0,-0.0,-0.0,0.0,0.0,0.0
909.0,0.0,-0.0,-2.79478e-07,0.0,0.0,0.0,0.0,0.0,0.0,151.45844,0.0,0.0,0.0,0.0,0.0,-2.56668e-07,0.0,0.0,0.0,0.0,0.0,-0.0,-0.0,0.0,0.0,0.0
909.5,0.0,-0.0,-2.79478e-07,0.0,0.0,0.0,0.0,0.0,0.0,151.45844,0.0,0.0,0.0,0.0,0.0,-2.56668e-07,0.0,0.0,0.0,0.0,0.0,-0.0,-0.0,0.0,0.0,0.0
910.0,0.0,-0.0,-2.79478e-07,0.0,0.0,0.0,0.0,0.0,0.0,151.45844,0.0,0.0,0.0,0.0,0.0,-2.56668e-07,0.0,0.0,0.0,0.0,0.0,-0.0,-0.0,0.0,0.0,0.0
910.5,0.0,-0.0,-2.79478e-07,0.0,0.0,0.0,0.0,0.0,0.0,151.45844,0.0,0.0,0.0,0.0,0.0,-2.56668e-07,0.0,0.0,0.0,-0.0,0.0,-0.0,-0.0,0.0,0.0,0.0
911.0,0.0,-0.0,-2.79478e-07,0.0,0.0,0.0,0.0,0.0,0.0,151.45844,0.0,0.0,0.0,0.0,0.0,-2.56668e-07,0.0,0.0,0.0,0.0,0.0,-0.0,-0.0,0.0,0.0,0.0
911.5,0.0,-0.0,-2.79478e-07,0.0,0.0,0.0,0.0,0.0,0.0,151.45844,0.0,0.0,0.0,0.0,0.0,-2.56668e-07,0.0,0.0,0.0,0.0,0.0,-0.0,-0.0,0.0,0.0,0.0
912.0,0.0,-0.0,-2.79478e-07,0.0,0.0,0.0,0.0,0.0,0.0,151.45844,0.0,0.0,0.0,0.0,0.0,-2.56668e-07,0.0,0.0,0.0,0.0,0.0,-0.0,-0.0,0.0,0.0,0.0
912.5,0.0,-0.0,-2.79478e-07,0.0,0.0,0.0,0.0,0.0,0.0,151.45844,0.0,0.0,0.0,0.0,0.0,-2.56668e-07,0.0,0.0,0.0,0.0,0.0,-0.0,-0.0,0.0,0.0,0.0
913.0,0.0,-0.0,-2.79478e-07,0.0,0.0,0.0,0.0,0.0,0.0,151.45844,0.0,0.0,0.0,0.0,0.0,-2.56668e-07,0.0,0.0,0.0,-0.0,0.0,-0.0,-0.0,0.0,0.0,0.0
913.5,0.0,-0.0,-2.79478e-07,0.0,0.0,0.0,0.0,0.0,0.0,151.45844,0.0,0.0,0.0,0.0,0.0,-2.56668e-07,0.0,0.0,0.0,0.0,0.0,-0.0,-0.0,0.0,0.0,0.0
914.0,0.0,-0.0,-2.79478e-07,0.0,0.0,0.0,0.0,0.0,0.0,151.45844,0.0,0.0,0.0,0.0,0.0,-2.56668e-07,0.0,0.0,0.0,0.0,0.0,-0.0,-0.0,0.0,0.0,0.0
914.5,0.0,-0.0,-2.79478e-07,0.0,0.0,0.0,0.0,0.0,0.0,151.45844,0.0,0.0,0.0,0.0,0.0,-2.56668e-07,0.0,0.0,0.0,0.0,0.0,-0.0,-0.0,0.0,0.0,0.0
915.0,0.0,-0.0,-2.79478e-07,0.0,0.0,0.0,0.0,0.0,0.0,151.45844,0.0,0.0,0.0,0.0,0.0,-2.56668e-07,0.0,0.0,0.0,0.0,0.0,-0.0,-0.0,0.0,0.0,0.0
915.5,0.0,-0.0,-2.79478e-07,0.0,0.0,0.0,0.0,0.0,0.0,151.45844,0.0,0.0,0.0,0.0,0.0,-2.56668e-07,0.0,0.0,0.0,0.0,0.0,-0.0,-0.0,0.0,0.0,0.0
916.0,0.0,-0.0,-2.79478e-07,0.0,0.0,0.0,0.0,0.0,0.0,151.45844,0.0,0.0,0.0,0.0,0.0,-2.56668e-07,0.0,0.0,0.0,-0.0,0.0,-0.0,-0.0,0.0,0.0,0.0
916.5,0.0,-0.0,-2.79478e-07,0.0,0.0,0.0,0.0,0.0,0.0,151.45844,0.0,0.0,0.0,0.0,0.0,-2.56668e-07,0.0,0.0,0.0,0.0,0.0,-0.0,-0.0,0.0,0.0,0.0
917.0,0.0,-0.0,-2.79478e-07,0.0,0.0,0.0,0.0,0.0,0.0,151.45844,0.0,0.0,0.0,0.0,0.0,-2.56668e-07,0.0,0.0,0.0,0.0,0.0,-0.0,-0.0,0.0,0.0,0.0
917.5,0.0,-0.0,-2.79478e-07,0.0,0.0,0.0,0.0,0.0,0.0,151.45844,0.0,0.0,0.0,0.0,0.0,-2.56668e-07,0.0,0.0,0.0,0.0,0.0,-0.0,-0.0,0.0,0.0,0.0
918.0,0.0,-0.0,-2.79478e-07,0.0,0.0,0.0,0.0,0.0,0.0,151.45844,0.0,0.0,0.0,0.0,0.0,-2.56668e-07,0.0,0.0,0.0,0.0,0.0,-0.0,-0.0,0.0,0.0,0.0
918.5,0.0,-0.0,-2.79478e-07,0.0,0.0,0.0,0.0,0.0,0.0,151.45844,0.0,0.0,0.0,0.0,0.0,-2.56668e-07,0.0,0.0,0.0,0.0,0.0,-0.0,-0.0,0.0,0.0,0.0
919.0,0.0,-0.0,-2.79478e-07,0.0,0.0,0.0,0.0,0.0,0.0,151.45844,0.0,0.0,0.0,0.0,0.0,-2.56668e-07,0.0,0.0,0.0,0.0,0.0,-0.0,-0.0,0.0,0.0,0.0
919.5,0.0,-0.0,-2.79478e-07,0.0,0.0,0.0,0.0,0.0,0.0,151.45844,0.0,0.0,0.0,0.0,0.0,-2.56668e-07,0.0,0.0,0.0,0.0,0.0,-0.0,-0.0,0.0,0.0,0.0
920.0,0.0,-0.0,-2.79478e-07,0.0,0.0,0.0,0.0,0.0,0.0,151.45844,0.0,0.0,0.0,0.0,0.0,-2.56668e-07,0.0,0.0,0.0,0.0,0.0,-0.0,-0.0,0.0,0.0,0.0
920.5,0.0,-0.0,-2.79478e-07,0.0,0.0,0.0,0.0,0.0,0.0,151.45844,0.0,0.0,0.0,0.0,0.0,-2.56668e-07,0.0,0.0,0.0,0.0,0.0,-0.0,-0.0,0.0,0.0,0.0
921.0,0.0,-0.0,-2.79478e-07,0.0,0.0,0.0,0.0,0.0,0.0,151.45844,0.0,0.0,0.0,0.0,0.0,-2.56668e-07,0.0,0.0,0.0,0.0,0.0,-0.0,-0.0,0.0,0.0,0.0
921.5,0.0,-0.0,-2.79478e-07,0.0,0.0,0.0,0.0,0.0,0.0,151.45844,0.0,0.0,0.0,0.0,0.0,-2.56668e-07,0.0,0.0,0.0,0.0,0.0,-0.0,-0.0,0.0,0.0,0.0
922.0,0.0,-0.0,-2.79478e-07,0.0,0.0,0.0,0.0,0.0,0.0,151.45844,0.0,0.0,0.0,0.0,0.0,-2.56668e-07,0.0,0.0,0.0,0.0,0.0,-0.0,-0.0,0.0,0.0,0.0
922.5,0.0,-0.0,-2.79478e-07,0.0,0.0,0.0,0.0,0.0,0.0,151.45844,0.0,0.0,0.0,0.0,0.0,-2.56668e-07,0.0,0.0,0.0,0.0,0.0,-0.0,-0.0,0.0,0.0,0.0
923.0,0.0,-0.0,-2.79478e-07,0.0,0.0,0.0,0.0,0.0,0.0,151.45844,0.0,0.0,0.0,0.0,0.0,-2.56668e-07,0.0,0.0,0.0,0.0,0.0,-0.0,-0.0,0.0,0.0,0.0
923.5,0.0,-0.0,-2.79478e-07,0.0,0.0,0.0,0.0,0.0,0.0,151.45844,0.0,0.0,0.0,0.0,0.0,-2.56668e-07,0.0,0.0,0.0,0.0,0.0,-0.0,-0.0,0.0,0.0,0.0
924.0,0.0,-0.0,-2.79478e-07,0.0,0.0,0.0,0.0,0.0,0.0,151.45844,0.0,0.0,0.0,0.0,0.0,-2.56668e-07,0.0,0.0,0.0,0.0,0.0,-0.0,-0.0,0.0,0.0,0.0
924.5,0.0,-0.0,-2.79478e-07,0.0,0.0,0.0,0.0,0.0,0.0,151.45844,0.0,0.0,0.0,0.0,0.0,-2.56668e-07,0.0,0.0,0.0,0.0,0.0,-0.0,-0.0,0.0,0.0,0.0
925.0,0.0,-0.0,-2.79478e-07,0.0,0.0,0.0,0.0,0.0,0.0,151.45844,0.0,0.0,0.0,0.0,0.0,-2.56668e-07,0.0,0.0,0.0,0.0,0.0,-0.0,-0.0,0.0,0.0,0.0
925.5,0.0,-0.0,-2.79478e-07,0.0,0.0,0.0,0.0,0.0,0.0,151.45844,0.0,0.0,0.0,0.0,0.0,-2.56668e-07,0.0,0.0,0.0,0.0,0.0,-0.0,-0.0,0.0,0.0,0.0
926.0,0.0,-0.0,-2.79478e-07,0.0,0.0,0.0,0.0,0.0,0.0,151.45844,0.0,0.0,0.0,0.0,0.0,-2.56668e-07,0.0,0.0,0.0,0.0,0.0,-0.0,-0.0,0.0,0.0,0.0
926.5,0.0,-0.0,-2.79478e-07,0.0,0.0,0.0,0.0,0.0,0.0,151.45844,0.0,0.0,0.0,0.0,0.0,-2.56668e-07,0.0,0.0,0.0,0.0,0.0,-0.0,-0.0,0.0,0.0,0.0
927.0,0.0,-0.0,-2.79478e-07,0.0,0.0,0.0,0.0,0.0,0.0,151.45844,0.0,0.0,0.0,0.0,0.0,-2.56668e-07,0.0,0.0,0.0,-0.0,0.0,-0.0,-0.0,0.0,0.0,0.0
927.5,0.0,-0.0,-2.79478e-07,0.0,0.0,0.0,0.0,0.0,0.0,151.45844,0.0,0.0,0.0,0.0,0.0,-2.56668e-07,0.0,0.0,0.0,0.0,0.0,-0.0,-0.0,0.0,0.0,0.0
928.0,0.0,-0.0,-2.79478e-07,0.0,0.0,0.0,0.0,0.0,0.0,151.45844,0.0,0.0,0.0,0.0,0.0,-2.56668e-07,0.0,0.0,0.0,0.0,0.0,-0.0,-0.0,0.0,0.0,0.0
928.5,0.0,-0.0,-2.79478e-07,0.0,0.0,0.0,0.0,0.0,0.0,151.45844,0.0,0.0,0.0,0.0,0.0,-2.56668e-07,0.0,0.0,0.0,0.0,0.0,-0.0,-0.0,0.0,0.0,0.0
929.0,0.0,-0.0,-2.79478e-07,0.0,0.0,0.0,0.0,0.0,0.0,151.45844,0.0,0.0,0.0,0.0,0.0,-2.56668e-07,0.0,0.0,0.0,0.0,0.0,-0.0,-0.0,0.0,0.0,0.0
929.5,0.0,-0.0,-2.79478e-07,0.0,0.0,0.0,0.0,0.0,0.0,151.45844,0.0,0.0,0.0,0.0,0.0,-2.56668e-07,0.0,0.0,0.0,-0.0,0.0,-0.0,-0.0,0.0,0.0,0.0
930.0,0.0,-0.0,-2.79478e-07,0.0,0.0,0.0,0.0,0.0,0.0,151.45844,0.0,0.0,0.0,0.0,0.0,-2.56668e-07,0.0,0.0,0.0,0.0,0.0,-0.0,-0.0,0.0,0.0,0.0
930.5,0.0,-0.0,-2.79478e-07,0.0,0.0,0.0,0.0,0.0,0.0,151.45844,0.0,0.0,0.0,0.0,0.0,-2.56668e-07,0.0,0.0,0.0,0.0,0.0,-0.0,-0.0,0.0,0.0,0.0
931.0,0.0,-0.0,-2.79478e-07,0.0,0.0,0.0,0.0,0.0,0.0,151.45844,0.0,0.0,0.0,0.0,0.0,-2.56668e-07,0.0,0.0,0.0,0.0,0.0,-0.0,-0.0,0.0,0.0,0.0
931.5,0.0,-0.0,-2.79478e-07,0.0,0.0,0.0,0.0,0.0,0.0,151.45844,0.0,0.0,0.0,0.0,0.0,-2.56668e-07,0.0,0.0,0.0,0.0,0.0,-0.0,-0.0,0.0,0.0,0.0
932.0,0.0,-0.0,-2.79478e-07,0.0,0.0,0.0,0.0,0.0,0.0,151.45844,0.0,0.0,0.0,0.0,0.0,-2.56668e-07,0.0,0.0,0.0,-0.0,0.0,-0.0,-0.0,0.0,0.0,0.0
932.5,0.0,-0.0,-2.79478e-07,0.0,0.0,0.0,0.0,0.0,0.0,151.45844,0.0,0.0,0.0,0.0,0.0,-2.56668e-07,0.0,0.0,0.0,0.0,0.0,-0.0,-0.0,0.0,0.0,0.0
933.0,0.0,-0.0,-2.79478e-07,0.0,0.0,0.0,0.0,0.0,0.0,151.45844,0.0,0.0,0.0,0.0,0.0,-2.56668e-07,0.0,0.0,0.0,0.0,0.0,-0.0,-0.0,0.0,0.0,0.0
933.5,0.0,-0.0,-2.79478e-07,0.0,0.0,0.0,0.0,0.0,0.0,151.45844,0.0,0.0,0.0,0.0,0.0,-2.56668e-07,0.0,0.0,0.0,0.0,0.0,-0.0,-0.0,0.0,0.0,0.0
934.0,0.0,-0.0,-2.79478e-07,0.0,0.0,0.0,0.0,0.0,0.0,151.45844,0.0,0.0,0.0,0.0,0.0,-2.56668e-07,0.0,0.0,0.0,0.0,0.0,-0.0,-0.0,0.0,0.0,0.0
934.5,0.0,-0.0,-2.79478e-07,0.0,0.0,0.0,0.0,0.0,0.0,151.45844,0.0,0.0,0.0,0.0,0.0,-2.56668e-07,0.0,0.0,0.0,0.0,0.0,-0.0,-0.0,0.0,0.0,0.0
935.0,0.0,-0.0,-2.79478e-07,0.0,0.0,0.0,0.0,0.0,0.0,151.45844,0.0,0.0,0.0,0.0,0.0,-2.56668e-07,0.0,0.0,0.0,0.0,0.0,-0.0,-0.0,0.0,0.0,0.0
935.5,0.0,-0.0,-2.79478e-07,0.0,0.0,0.0,0.0,0.0,0.0,151.45844,0.0,0.0,0.0,0.0,0.0,-2.56668e-07,0.0,0.0,0.0,0.0,0.0,-0.0,-0.0,0.0,0.0,0.0
936.0,0.0,-0.0,-2.79478e-07,0.0,0.0,0.0,0.0,0.0,0.0,151.45844,0.0,0.0,0.0,0.0,0.0,-2.56668e-07,0.0,0.0,0.0,0.0,0.0,-0.0,-0.0,0.0,0.0,0.0
936.5,0.0,-0.0,-2.79478e-07,0.0,0.0,0.0,0.0,0.0,0.0,151.45844,0.0,0.0,0.0,0.0,0.0,-2.56668e-07,0.0,0.0,0.0,0.0,0.0,-0.0,-0.0,0.0,0.0,0.0
937.0,0.0,-0.0,-2.79478e-07,0.0,0.0,0.0,0.0,0.0,0.0,151.45844,0.0,0.0,0.0,0.0,0.0,-2.56668e-07,0.0,0.0,0.0,0.0,0.0,-0.0,-0.0,0.0,0.0,0.0
937.5,0.0,-0.0,-2.79478e-07,0.0,0.0,0.0,0.0,0.0,0.0,151.45844,0.0,0.0,0.0,0.0,0.0,-2.56668e-07,0.0,0.0,0.0,0.0,0.0,-0.0,-0.0,0.0,0.0,0.0
938.0,0.0,-0.0,-2.79478e-07,0.0,0.0,0.0,0.0,0.0,0.0,151.45844,0.0,0.0,0.0,0.0,0.0,-2.56668e-07,0.0,0.0,0.0,0.0,0.0,-0.0,-0.0,0.0,0.0,0.0
938.5,0.0,-0.0,-2.79478e-07,0.0,0.0,0.0,0.0,0.0,0.0,151.45844,0.0,0.0,0.0,0.0,0.0,-2.56668e-07,0.0,0.0,0.0,0.0,0.0,-0.0,-0.0,0.0,0.0,0.0
939.0,0.0,-0.0,-2.79478e-07,0.0,0.0,0.0,0.0,0.0,0.0,151.45844,0.0,0.0,0.0,0.0,0.0,-2.56668e-07,0.0,0.0,0.0,0.0,0.0,-0.0,-0.0,0.0,0.0,0.0
939.5,0.0,-0.0,-2.79478e-07,0.0,0.0,0.0,0.0,0.0,0.0,151.45844,0.0,0.0,0.0,0.0,0.0,-2.56668e-07,0.0,0.0,0.0,0.0,0.0,-0.0,-0.0,0.0,0.0,0.0
940.0,0.0,-0.0,-2.79478e-07,0.0,0.0,0.0,0.0,0.0,0.0,151.45844,0.0,0.0,0.0,0.0,0.0,-2.56668e-07,0.0,0.0,0.0,0.0,0.0,-0.0,-0.0,0.0,0.0,0.0
940.5,0.0,-0.0,-2.79478e-07,0.0,0.0,0.0,0.0,0.0,0.0,151.45844,0.0,0.0,0.0,0.0,0.0,-2.56668e-07,0.0,0.0,0.0,-0.0,0.0,-0.0,-0.0,0.0,0.0,0.0
941.0,0.0,-0.0,-2.79478e-07,0.0,0.0,0.0,0.0,0.0,0.0,151.45844,0.0,0.0,0.0,0.0,0.0,-2.56668e-07,0.0,0.0,0.0,0.0,0.0,-0.0,-0.0,0.0,0.0,0.0
941.5,0.0,-0.0,-2.79478e-07,0.0,0.0,0.0,0.0,0.0,0.0,151.45844,0.0,0.0,0.0,0.0,0.0,-2.56668e-07,0.0,0.0,0.0,0.0,0.0,-0.0,-0.0,0.0,0.0,0.0
942.0,0.0,-0.0,-2.79478e-07,0.0,0.0,0.0,0.0,0.0,0.0,151.45844,0.0,0.0,0.0,0.0,0.0,-2.56668e-07,0.0,0.0,0.0,0.0,0.0,-0.0,-0.0,0.0,0.0,0.0
942.5,0.0,-0.0,-2.79478e-07,0.0,0.0,0.0,0.0,0.0,0.0,151.45844,0.0,0.0,0.0,0.0,0.0,-2.56668e-07,0.0,0.0,0.0,0.0,0.0,-0.0,-0.0,0.0,0.0,0.0
943.0,0.0,-0.0,-2.79478e-07,0.0,0.0,0.0,0.0,0.0,0.0,151.45844,0.0,0.0,0.0,0.0,0.0,-2.56668e-07,0.0,0.0,0.0,-0.0,0.0,-0.0,-0.0,0.0,0.0,0.0
943.5,0.0,-0.0,-2.79478e-07,0.0,0.0,0.0,0.0,0.0,0.0,151.45844,0.0,0.0,0.0,0.0,0.0,-2.56668e-07,0.0,0.0,0.0,0.0,0.0,-0.0,-0.0,0.0,0.0,0.0
944.0,0.0,-0.0,-2.79478e-07,0.0,0.0,0.0,0.0,0.0,0.0,151.45844,0.0,0.0,0.0,0.0,0.0,-2.56668e-07,0.0,0.0,0.0,0.0,0.0,-0.0,-0.0,0.0,0.0,0.0
944.5,0.0,-0.0,-2.79478e-07,0.0,0.0,0.0,0.0,0.0,0.0,151.45844,0.0,0.0,0.0,0.0,0.0,-2.56668e-07,0.0,0.0,0.0,0.0,0.0,-0.0,-0.0,0.0,0.0,0.0
945.0,0.0,-0.0,-2.79478e-07,0.0,0.0,0.0,0.0,0.0,0.0,151.45844,0.0,0.0,0.0,0.0,0.0,-2.56668e-07,0.0,0.0,0.0,0.0,0.0,-0.0,-0.0,0.0,0.0,0.0
945.5,0.0,-0.0,-2.79478e-07,0.0,0.0,0.0,0.0,0.0,0.0,151.45844,0.0,0.0,0.0,0.0,0.0,-2.56668e-07,0.0,0.0,0.0,0.0,0.0,-0.0,-0.0,0.0,0.0,0.0
946.0,0.0,-0.0,-2.79478e-07,0.0,0.0,0.0,0.0,0.0,0.0,151.45844,0.0,0.0,0.0,0.0,0.0,-2.56668e-07,0.0,0.0,0.0,-0.0,0.0,-0.0,-0.0,0.0,0.0,0.0
946.5,0.0,-0.0,-2.79478e-07,0.0,0.0,0.0,0.0,0.0,0.0,151.45844,0.0,0.0,0.0,0.0,0.0,-2.56668e-07,0.0,0.0,0.0,0.0,0.0,-0.0,-0.0,0.0,0.0,0.0
947.0,0.0,-0.0,-2.79478e-07,0.0,0.0,0.0,0.0,0.0,0.0,151.45844,0.0,0.0,0.0,0.0,0.0,-2.56668e-07,0.0,0.0,0.0,0.0,0.0,-0.0,-0.0,0.0,0.0,0.0
947.5,0.0,-0.0,-2.79478e-07,0.0,0.0,0.0,0.0,0.0,0.0,151.45844,0.0,0.0,0.0,0.0,0.0,-2.56668e-07,0.0,0.0,0.0,0.0,0.0,-0.0,-0.0,0.0,0.0,0.0
948.0,0.0,-0.0,-2.79478e-07,0.0,0.0,0.0,0.0,0.0,0.0,151.45844,0.0,0.0,0.0,0.0,0.0,-2.56668e-07,0.0,0.0,0.0,0.0,0.0,-0.0,-0.0,0.0,0.0,0.0
948.5,0.0,-0.0,-2.79478e-07,0.0,0.0,0.0,0.0,0.0,0.0,151.45844,0.0,0.0,0.0,0.0,0.0,-2.56668e-07,0.0,0.0,0.0,0.0,0.0,-0.0,-0.0,0.0,0.0,0.0
949.0,0.0,-0.0,-2.79478e-07,0.0,0.0,0.0,0.0,0.0,0.0,151.45844,0.0,0.0,0.0,0.0,0.0,-2.56668e-07,0.0,0.0,0.0,0.0,0.0,-0.0,-0.0,0.0,0.0,0.0
949.5,0.0,-0.0,-2.79478e-07,0.0,0.0,0.0,0.0,0.0,0.0,151.45844,0.0,0.0,0.0,0.0,0.0,-2.56668e-07,0.0,0.0,0.0,0.0,0.0,-0.0,-0.0,0.0,0.0,0.0
950.0,0.0,-0.0,-2.79478e-07,0.0,0.0,0.0,0.0,0.0,0.0,151.45844,0.0,0.0,0.0,0.0,0.0,-2.56668e-07,0.0,0.0,0.0,0.0,0.0,-0.0,-0.0,0.0,0.0,0.0
950.5,0.0,-0.0,-2.79478e-07,0.0,0.0,0.0,0.0,0.0,0.0,151.45844,0.0,0.0,0.0,0.0,0.0,-2.56668e-07,0.0,0.0,0.0,0.0,0.0,-0.0,-0.0,0.0,0.0,0.0
951.0,0.0,-0.0,-2.79478e-07,0.0,0.0,0.0,0.0,0.0,0.0,151.45844,0.0,0.0,0.0,0.0,0.0,-2.56668e-07,0.0,0.0,0.0,0.0,0.0,-0.0,-0.0,0.0,0.0,0.0
951.5,0.0,-0.0,-2.79478e-07,0.0,0.0,0.0,0.0,0.0,0.0,151.45844,0.0,0.0,0.0,0.0,0.0,-2.56668e-07,0.0,0.0,0.0,0.0,0.0,-0.0,-0.0,0.0,0.0,0.0
952.0,0.0,-0.0,-2.79478e-07,0.0,0.0,0.0,0.0,0.0,0.0,151.45844,0.0,0.0,0.0,0.0,0.0,-2.56668e-07,0.0,0.0,0.0,0.0,0.0,-0.0,-0.0,0.0,0.0,0.0
952.5,0.0,-0.0,-2.79478e-07,0.0,0.0,0.0,0.0,0.0,0.0,151.45844,0.0,0.0,0.0,0.0,0.0,-2.56668e-07,0.0,0.0,0.0,0.0,0.0,-0.0,-0.0,0.0,0.0,0.0
953.0,0.0,-0.0,-2.79478e-07,0.0,0.0,0.0,0.0,0.0,0.0,151.45844,0.0,0.0,0.0,0.0,0.0,-2.56668e-07,0.0,0.0,0.0,0.0,0.0,-0.0,-0.0,0.0,0.0,0.0
953.5,0.0,-0.0,-2.79478e-07,0.0,0.0,0.0,0.0,0.0,0.0,151.45844,0.0,0.0,0.0,0.0,0.0,-2.56668e-07,0.0,0.0,0.0,0.0,0.0,-0.0,-0.0,0.0,0.0,0.0
954.0,0.0,-0.0,-2.79478e-07,0.0,0.0,0.0,0.0,0.0,0.0,151.45844,0.0,0.0,0.0,0.0,0.0,-2.56668e-07,0.0,0.0,0.0,0.0,0.0,-0.0,-0.0,0.0,0.0,0.0
954.5,0.0,-0.0,-2.79478e-07,0.0,0.0,0.0,0.0,0.0,0.0,151.45844,0.0,0.0,0.0,0.0,0.0,-2.56668e-07,0.0,0.0,0.0,0.0,0.0,-0.0,-0.0,0.0,0.0,0.0
955.0,0.0,-0.0,-2.79478e-07,0.0,0.0,0.0,0.0,0.0,0.0,151.45844,0.0,0.0,0.0,0.0,0.0,-2.56668e-07,0.0,0.0,0.0,0.0,0.0,-0.0,-0.0,0.0,0.0,0.0
955.5,0.0,-0.0,-2.79478e-07,0.0,0.0,0.0,0.0,0.0,0.0,151.45844,0.0,0.0,0.0,0.0,0.0,-2.56668e-07,0.0,0.0,0.0,0.0,0.0,-0.0,-0.0,0.0,0.0,0.0
956.0,0.0,-0.0,-2.79478e-07,0.0,0.0,0.0,0.0,0.0,0.0,151.45844,0.0,0.0,0.0,0.0,0.0,-2.56668e-07,0.0,0.0,0.0,0.0,0.0,-0.0,-0.0,0.0,0.0,0.0
956.5,0.0,-0.0,-2.79478e-07,0.0,0.0,0.0,0.0,0.0,0.0,151.45844,0.0,0.0,0.0,0.0,0.0,-2.56668e-07,0.0,0.0,0.0,-0.0,0.0,-0.0,-0.0,0.0,0.0,0.0
957.0,0.0,-0.0,-2.79478e-07,0.0,0.0,0.0,0.0,0.0,0.0,151.45844,0.0,0.0,0.0,0.0,0.0,-2.56668e-07,0.0,0.0,0.0,0.0,0.0,-0.0,-0.0,0.0,0.0,0.0
957.5,0.0,-0.0,-2.79478e-07,0.0,0.0,0.0,0.0,0.0,0.0,151.45844,0.0,0.0,0.0,0.0,0.0,-2.56668e-07,0.0,0.0,0.0,0.0,0.0,-0.0,-0.0,0.0,0.0,0.0
958.0,0.0,-0.0,-2.79478e-07,0.0,0.0,0.0,0.0,0.0,0.0,151.45844,0.0,0.0,0.0,0.0,0.0,-2.56668e-07,0.0,0.0,0.0,0.0,0.0,-0.0,-0.0,0.0,0.0,0.0
958.5,0.0,-0.0,-2.79478e-07,0.0,0.0,0.0,0.0,0.0,0.0,151.45844,0.0,0.0,0.0,0.0,0.0,-2.56668e-07,0.0,0.0,0.0,0.0,0.0,-0.0,-0.0,0.0,0.0,0.0
959.0,0.0,-0.0,-2.79478e-07,0.0,0.0,0.0,0.0,0.0,0.0,151.45844,0.0,0.0,0.0,0.0,0.0,-2.56668e-07,0.0,0.0,0.0,0.0,0.0,-0.0,-0.0,0.0,0.0,0.0
959.5,0.0,-0.0,-2.79478e-07,0.0,0.0,0.0,0.0,0.0,0.0,151.45844,0.0,0.0,0.0,0.0,0.0,-2.56668e-07,0.0,0.0,0.0,-0.0,0.0,-0.0,-0.0,0.0,0.0,0.0
960.0,0.0,-0.0,-2.79478e-07,0.0,0.0,0.0,0.0,0.0,0.0,151.45844,0.0,0.0,0.0,0.0,0.0,-2.56668e-07,0.0,0.0,0.0,0.0,0.0,-0.0,-0.0,0.0,0.0,0.0
960.5,0.0,-0.0,-2.79478e-07,0.0,0.0,0.0,0.0,0.0,0.0,151.45844,0.0,0.0,0.0,0.0,0.0,-2.56668e-07,0.0,0.0,0.0,0.0,0.0,-0.0,-0.0,0.0,0.0,0.0
961.0,0.0,-0.0,-2.79478e-07,0.0,0.0,0.0,0.0,0.0,0.0,151.45844,0.0,0.0,0.0,0.0,0.0,-2.56668e-07,0.0,0.0,0.0,0.0,0.0,-0.0,-0.0,0.0,0.0,0.0
961.5,0.0,-0.0,-2.79478e-07,0.0,0.0,0.0,0.0,0.0,0.0,151.45844,0.0,0.0,0.0,0.0,0.0,-2.56668e-07,0.0,0.0,0.0,0.0,0.0,-0.0,-0.0,0.0,0.0,0.0
962.0,0.0,-0.0,-2.79478e-07,0.0,0.0,0.0,0.0,0.0,0.0,151.45844,0.0,0.0,0.0,0.0,0.0,-2.56668e-07,0.0,0.0,0.0,0.0,0.0,-0.0,-0.0,0.0,0.0,0.0
962.5,0.0,-0.0,-2.79478e-07,0.0,0.0,0.0,0.0,0.0,0.0,151.45844,0.0,0.0,0.0,0.0,0.0,-2.56668e-07,0.0,0.0,0.0,0.0,0.0,-0.0,-0.0,0.0,0.0,0.0
963.0,0.0,-0.0,-2.79478e-07,0.0,0.0,0.0,0.0,0.0,0.0,151.45844,0.0,0.0,0.0,0.0,0.0,-2.56668e-07,0.0,0.0,0.0,0.0,0.0,-0.0,-0.0,0.0,0.0,0.0
963.5,0.0,-0.0,-2.79478e-07,0.0,0.0,0.0,0.0,0.0,0.0,151.45844,0.0,0.0,0.0,0.0,0.0,-2.56668e-07,0.0,0.0,0.0,0.0,0.0,-0.0,-0.0,0.0,0.0,0.0
964.0,0.0,-0.0,-2.79478e-07,0.0,0.0,0.0,0.0,0.0,0.0,151.45844,0.0,0.0,0.0,0.0,0.0,-2.56668e-07,0.0,0.0,0.0,0.0,0.0,-0.0,-0.0,0.0,0.0,0.0
964.5,0.0,-0.0,-2.79478e-07,0.0,0.0,0.0,0.0,0.0,0.0,151.45844,0.0,0.0,0.0,0.0,0.0,-2.56668e-07,0.0,0.0,0.0,0.0,0.0,-0.0,-0.0,0.0,0.0,0.0
965.0,0.0,-0.0,-2.79478e-07,0.0,0.0,0.0,0.0,0.0,0.0,151.45844,0.0,0.0,0.0,0.0,0.0,-2.56668e-07,0.0,0.0,0.0,0.0,0.0,-0.0,-0.0,0.0,0.0,0.0
965.5,0.0,-0.0,-2.79478e-07,0.0,0.0,0.0,0.0,0.0,0.0,151.45844,0.0,0.0,0.0,0.0,0.0,-2.56668e-07,0.0,0.0,0.0,0.0,0.0,-0.0,-0.0,0.0,0.0,0.0
966.0,0.0,-0.0,-2.79478e-07,0.0,0.0,0.0,0.0,0.0,0.0,151.45844,0.0,0.0,0.0,0.0,0.0,-2.56668e-07,0.0,0.0,0.0,0.0,0.0,-0.0,-0.0,0.0,0.0,0.0
966.5,0.0,-0.0,-2.79478e-07,0.0,0.0,0.0,0.0,0.0,0.0,151.45844,0.0,0.0,0.0,0.0,0.0,-2.56668e-07,0.0,0.0,0.0,0.0,0.0,-0.0,-0.0,0.0,0.0,0.0
967.0,0.0,-0.0,-2.79478e-07,0.0,0.0,0.0,0.0,0.0,0.0,151.45844,0.0,0.0,0.0,0.0,0.0,-2.56668e-07,0.0,0.0,0.0,0.0,0.0,-0.0,-0.0,0.0,0.0,0.0
967.5,0.0,-0.0,-2.79478e-07,0.0,0.0,0.0,0.0,0.0,0.0,151.45844,0.0,0.0,0.0,0.0,0.0,-2.56668e-07,0.0,0.0,0.0,0.0,0.0,-0.0,-0.0,0.0,0.0,0.0
968.0,0.0,-0.0,-2.79478e-07,0.0,0.0,0.0,0.0,0.0,0.0,151.45844,0.0,0.0,0.0,0.0,0.0,-2.56668e-07,0.0,0.0,0.0,0.0,0.0,-0.0,-0.0,0.0,0.0,0.0
968.5,0.0,-0.0,-2.79478e-07,0.0,0.0,0.0,0.0,0.0,0.0,151.45844,0.0,0.0,0.0,0.0,0.0,-2.56668e-07,0.0,0.0,0.0,0.0,0.0,-0.0,-0.0,0.0,0.0,0.0
969.0,0.0,-0.0,-2.79478e-07,0.0,0.0,0.0,0.0,0.0,0.0,151.45844,0.0,0.0,0.0,0.0,0.0,-2.56668e-07,0.0,0.0,0.0,0.0,0.0,-0.0,-0.0,0.0,0.0,0.0
969.5,0.0,-0.0,-2.79478e-07,0.0,0.0,0.0,0.0,0.0,0.0,151.45844,0.0,0.0,0.0,0.0,0.0,-2.56668e-07,0.0,0.0,0.0,0.0,0.0,-0.0,-0.0,0.0,0.0,0.0
970.0,0.0,-0.0,-2.79478e-07,0.0,0.0,0.0,0.0,0.0,0.0,151.45844,0.0,0.0,0.0,0.0,0.0,-2.56668e-07,0.0,0.0,0.0,0.0,0.0,-0.0,-0.0,0.0,0.0,0.0
970.5,0.0,-0.0,-2.79478e-07,0.0,0.0,0.0,0.0,0.0,0.0,151.45844,0.0,0.0,0.0,0.0,0.0,-2.56668e-07,0.0,0.0,0.0,-0.0,0.0,-0.0,-0.0,0.0,0.0,0.0
971.0,0.0,-0.0,-2.79478e-07,0.0,0.0,0.0,0.0,0.0,0.0,151.45844,0.0,0.0,0.0,0.0,0.0,-2.56668e-07,0.0,0.0,0.0,0.0,0.0,-0.0,-0.0,0.0,0.0,0.0
971.5,0.0,-0.0,-2.79478e-07,0.0,0.0,0.0,0.0,0.0,0.0,151.45844,0.0,0.0,0.0,0.0,0.0,-2.56668e-07,0.0,0.0,0.0,0.0,0.0,-0.0,-0.0,0.0,0.0,0.0
972.0,0.0,-0.0,-2.79478e-07,0.0,0.0,0.0,0.0,0.0,0.0,151.45844,0.0,0.0,0.0,0.0,0.0,-2.56668e-07,0.0,0.0,0.0,0.0,0.0,-0.0,-0.0,0.0,0.0,0.0
972.5,0.0,-0.0,-2.79478e-07,0.0,0.0,0.0,0.0,0.0,0.0,151.45844,0.0,0.0,0.0,0.0,0.0,-2.56668e-07,0.0,0.0,0.0,0.0,0.0,-0.0,-0.0,0.0,0.0,0.0
973.0,0.0,-0.0,-2.79478e-07,0.0,0.0,0.0,0.0,0.0,0.0,151.45844,0.0,0.0,0.0,0.0,0.0,-2.56668e-07,0.0,0.0,0.0,-0.0,0.0,-0.0,-0.0,0.0,0.0,0.0
973.5,0.0,-0.0,-2.79478e-07,0.0,0.0,0.0,0.0,0.0,0.0,151.45844,0.0,0.0,0.0,0.0,0.0,-2.56668e-07,0.0,0.0,0.0,0.0,0.0,-0.0,-0.0,0.0,0.0,0.0
974.0,0.0,-0.0,-2.79478e-07,0.0,0.0,0.0,0.0,0.0,0.0,151.45844,0.0,0.0,0.0,0.0,0.0,-2.56668e-07,0.0,0.0,0.0,0.0,0.0,-0.0,-0.0,0.0,0.0,0.0
974.5,0.0,-0.0,-2.79478e-07,0.0,0.0,0.0,0.0,0.0,0.0,151.45844,0.0,0.0,0.0,0.0,0.0,-2.56668e-07,0.0,0.0,0.0,0.0,0.0,-0.0,-0.0,0.0,0.0,0.0
975.0,0.0,-0.0,-2.79478e-07,0.0,0.0,0.0,0.0,0.0,0.0,151.45844,0.0,0.0,0.0,0.0,0.0,-2.56668e-07,0.0,0.0,0.0,0.0,0.0,-0.0,-0.0,0.0,0.0,0.0
975.5,0.0,-0.0,-2.79478e-07,0.0,0.0,0.0,0.0,0.0,0.0,151.45844,0.0,0.0,0.0,0.0,0.0,-2.56668e-07,0.0,0.0,0.0,-0.0,0.0,-0.0,-0.0,0.0,0.0,0.0
976.0,0.0,-0.0,-2.79478e-07,0.0,0.0,0.0,0.0,0.0,0.0,151.45844,0.0,0.0,0.0,0.0,0.0,-2.56668e-07,0.0,0.0,0.0,0.0,0.0,-0.0,-0.0,0.0,0.0,0.0
976.5,0.0,-0.0,-2.79478e-07,0.0,0.0,0.0,0.0,0.0,0.0,151.45844,0.0,0.0,0.0,0.0,0.0,-2.56668e-07,0.0,0.0,0.0,0.0,0.0,-0.0,-0.0,0.0,0.0,0.0
977.0,0.0,-0.0,-2.79478e-07,0.0,0.0,0.0,0.0,0.0,0.0,151.45844,0.0,0.0,0.0,0.0,0.0,-2.56668e-07,0.0,0.0,0.0,0.0,0.0,-0.0,-0.0,0.0,0.0,0.0
977.5,0.0,-0.0,-2.79478e-07,0.0,0.0,0.0,0.0,0.0,0.0,151.45844,0.0,0.0,0.0,0.0,0.0,-2.56668e-07,0.0,0.0,0.0,0.0,0.0,-0.0,-0.0,0.0,0.0,0.0
978.0,0.0,-0.0,-2.79478e-07,0.0,0.0,0.0,0.0,0.0,0.0,151.45844,0.0,0.0,0.0,0.0,0.0,-2.56668e-07,0.0,0.0,0.0,0.0,0.0,-0.0,-0.0,0.0,0.0,0.0
978.5,0.0,-0.0,-2.79478e-07,0.0,0.0,0.0,0.0,0.0,0.0,151.45844,0.0,0.0,0.0,0.0,0.0,-2.56668e-07,0.0,0.0,0.0,0.0,0.0,-0.0,-0.0,0.0,0.0,0.0
979.0,0.0,-0.0,-2.79478e-07,0.0,0.0,0.0,0.0,0.0,0.0,151.45844,0.0,0.0,0.0,0.0,0.0,-2.56668e-07,0.0,0.0,0.0,0.0,0.0,-0.0,-0.0,0.0,0.0,0.0
979.5,0.0,-0.0,-2.79478e-07,0.0,0.0,0.0,0.0,0.0,0.0,151.45844,0.0,0.0,0.0,0.0,0.0,-2.56668e-07,0.0,0.0,0.0,0.0,0.0,-0.0,-0.0,0.0,0.0,0.0
980.0,0.0,-0.0,-2.79478e-07,0.0,0.0,0.0,0.0,0.0,0.0,151.45844,0.0,0.0,0.0,0.0,0.0,-2.56668e-07,0.0,0.0,0.0,0.0,0.0,-0.0,-0.0,0.0,0.0,0.0
980.5,0.0,-0.0,-2.79478e-07,0.0,0.0,0.0,0.0,0.0,0.0,151.45844,0.0,0.0,0.0,0.0,0.0,-2.56668e-07,0.0,0.0,0.0,0.0,0.0,-0.0,-0.0,0.0,0.0,0.0
981.0,0.0,-0.0,-2.79478e-07,0.0,0.0,0.0,0.0,0.0,0.0,151.45844,0.0,0.0,0.0,0.0,0.0,-2.56668e-07,0.0,0.0,0.0,0.0,0.0,-0.0,-0.0,0.0,0.0,0.0
981.5,0.0,-0.0,-2.79478e-07,0.0,0.0,0.0,0.0,0.0,0.0,151.45844,0.0,0.0,0.0,0.0,0.0,-2.56668e-07,0.0,0.0,0.0,0.0,0.0,-0.0,-0.0,0.0,0.0,0.0
982.0,0.0,-0.0,-2.79478e-07,0.0,0.0,0.0,0.0,0.0,0.0,151.45844,0.0,0.0,0.0,0.0,0.0,-2.56668e-07,0.0,0.0,0.0,0.0,0.0,-0.0,-0.0,0.0,0.0,0.0
982.5,0.0,-0.0,-2.79478e-07,0.0,0.0,0.0,0.0,0.0,0.0,151.45844,0.0,0.0,0.0,0.0,0.0,-2.56668e-07,0.0,0.0,0.0,0.0,0.0,-0.0,-0.0,0.0,0.0,0.0
983.0,0.0,-0.0,-2.79478e-07,0.0,0.0,0.0,0.0,0.0,0.0,151.45844,0.0,0.0,0.0,0.0,0.0,-2.56668e-07,0.0,0.0,0.0,0.0,0.0,-0.0,-0.0,0.0,0.0,0.0
983.5,0.0,-0.0,-2.79478e-07,0.0,0.0,0.0,0.0,0.0,0.0,151.45844,0.0,0.0,0.0,0.0,0.0,-2.56668e-07,0.0,0.0,0.0,0.0,0.0,-0.0,-0.0,0.0,0.0,0.0
984.0,0.0,-0.0,-2.79478e-07,0.0,0.0,0.0,0.0,0.0,0.0,151.45844,0.0,0.0,0.0,0.0,0.0,-2.56668e-07,0.0,0.0,0.0,-0.0,0.0,-0.0,-0.0,0.0,0.0,0.0
984.5,0.0,-0.0,-2.79478e-07,0.0,0.0,0.0,0.0,0.0,0.0,151.45844,0.0,0.0,0.0,0.0,0.0,-2.56668e-07,0.0,0.0,0.0,0.0,0.0,-0.0,-0.0,0.0,0.0,0.0
985.0,0.0,-0.0,-2.79478e-07,0.0,0.0,0.0,0.0,0.0,0.0,151.45844,0.0,0.0,0.0,0.0,0.0,-2.56668e-07,0.0,0.0,0.0,0.0,0.0,-0.0,-0.0,0.0,0.0,0.0
985.5,0.0,-0.0,-2.79478e-07,0.0,0.0,0.0,0.0,0.0,0.0,151.45844,0.0,0.0,0.0,0.0,0.0,-2.56668e-07,0.0,0.0,0.0,0.0,0.0,-0.0,-0.0,0.0,0.0,0.0
986.0,0.0,-0.0,-2.79478e-07,0.0,0.0,0.0,0.0,0.0,0.0,151.45844,0.0,0.0,0.0,0.0,0.0,-2.56668e-07,0.0,0.0,0.0,0.0,0.0,-0.0,-0.0,0.0,0.0,0.0
986.5,0.0,-0.0,-2.79478e-07,0.0,0.0,0.0,0.0,0.0,0.0,151.45844,0.0,0.0,0.0,0.0,0.0,-2.56668e-07,0.0,0.0,0.0,-0.0,0.0,-0.0,-0.0,0.0,0.0,0.0
987.0,0.0,-0.0,-2.79478e-07,0.0,0.0,0.0,0.0,0.0,0.0,151.45844,0.0,0.0,0.0,0.0,0.0,-2.56668e-07,0.0,0.0,0.0,0.0,0.0,-0.0,-0.0,0.0,0.0,0.0
987.5,0.0,-0.0,-2.79478e-07,0.0,0.0,0.0,0.0,0.0,0.0,151.45844,0.0,0.0,0.0,0.0,0.0,-2.56668e-07,0.0,0.0,0.0,0.0,0.0,-0.0,-0.0,0.0,0.0,0.0
988.0,0.0,-0.0,-2.79478e-07,0.0,0.0,0.0,0.0,0.0,0.0,151.45844,0.0,0.0,0.0,0.0,0.0,-2.56668e-07,0.0,0.0,0.0,0.0,0.0,-0.0,-0.0,0.0,0.0,0.0
988.5,0.0,-0.0,-2.79478e-07,0.0,0.0,0.0,0.0,0.0,0.0,151.45844,0.0,0.0,0.0,0.0,0.0,-2.56668e-07,0.0,0.0,0.0,0.0,0.0,-0.0,-0.0,0.0,0.0,0.0
989.0,0.0,-0.0,-2.79478e-07,0.0,0.0,0.0,0.0,0.0,0.0,151.45844,0.0,0.0,0.0,0.0,0.0,-2.56668e-07,0.0,0.0,0.0,0.0,0.0,-0.0,-0.0,0.0,0.0,0.0
989.5,0.0,-0.0,-2.79478e-07,0.0,0.0,0.0,0.0,0.0,0.0,151.45844,0.0,0.0,0.0,0.0,0.0,-2.56668e-07,0.0,0.0,0.0,-0.0,0.0,-0.0,-0.0,0.0,0.0,0.0
990.0,0.0,-0.0,-2.79478e-07,0.0,0.0,0.0,0.0,0.0,0.0,151.45844,0.0,0.0,0.0,0.0,0.0,-2.56668e-07,0.0,0.0,0.0,0.0,0.0,-0.0,-0.0,0.0,0.0,0.0
990.5,0.0,-0.0,-2.79478e-07,0.0,0.0,0.0,0.0,0.0,0.0,151.45844,0.0,0.0,0.0,0.0,0.0,-2.56668e-07,0.0,0.0,0.0,0.0,0.0,-0.0,-0.0,0.0,0.0,0.0
991.0,0.0,-0.0,-2.79478e-07,0.0,0.0,0.0,0.0,0.0,0.0,151.45844,0.0,0.0,0.0,0.0,0.0,-2.56668e-07,0.0,0.0,0.0,0.0,0.0,-0.0,-0.0,0.0,0.0,0.0
991.5,0.0,-0.0,-2.79478e-07,0.0,0.0,0.0,0.0,0.0,0.0,151.45844,0.0,0.0,0.0,0.0,0.0,-2.56668e-07,0.0,0.0,0.0,0.0,0.0,-0.0,-0.0,0.0,0.0,0.0
992.0,0.0,-0.0,-2.79478e-07,0.0,0.0,0.0,0.0,0.0,0.0,151.45844,0.0,0.0,0.0,0.0,0.0,-2.56668e-07,0.0,0.0,0.0,0.0,0.0,-0.0,-0.0,0.0,0.0,0.0
992.5,0.0,-0.0,-2.79478e-07,0.0,0.0,0.0,0.0,0.0,0.0,151.45844,0.0,0.0,0.0,0.0,0.0,-2.56668e-07,0.0,0.0,0.0,0.0,0.0,-0.0,-0.0,0.0,0.0,0.0
993.0,0.0,-0.0,-2.79478e-07,0.0,0.0,0.0,0.0,0.0,0.0,151.45844,0.0,0.0,0.0,0.0,0.0,-2.56668e-07,0.0,0.0,0.0,0.0,0.0,-0.0,-0.0,0.0,0.0,0.0
993.5,0.0,-0.0,-2.79478e-07,0.0,0.0,0.0,0.0,0.0,0.0,151.45844,0.0,0.0,0.0,0.0,0.0,-2.56668e-07,0.0,0.0,0.0,0.0,0.0,-0.0,-0.0,0.0,0.0,0.0
994.0,0.0,-0.0,-2.79478e-07,0.0,0.0,0.0,0.0,0.0,0.0,151.45844,0.0,0.0,0.0,0.0,0.0,-2.56668e-07,0.0,0.0,0.0,0.0,0.0,-0.0,-0.0,0.0,0.0,0.0
994.5,0.0,-0.0,-2.79478e-07,0.0,0.0,0.0,0.0,0.0,0.0,151.45844,0.0,0.0,0.0,0.0,0.0,-2.56668e-07,0.0,0.0,0.0,0.0,0.0,-0.0,-0.0,0.0,0.0,0.0
995.0,0.0,-0.0,-2.79478e-07,0.0,0.0,0.0,0.0,0.0,0.0,151.45844,0.0,0.0,0.0,0.0,0.0,-2.56668e-07,0.0,0.0,0.0,0.0,0.0,-0.0,-0.0,0.0,0.0,0.0
995.5,0.0,-0.0,-2.79478e-07,0.0,0.0,0.0,0.0,0.0,0.0,151.45844,0.0,0.0,0.0,0.0,0.0,-2.56668e-07,0.0,0.0,0.0,0.0,0.0,-0.0,-0.0,0.0,0.0,0.0
996.0,0.0,-0.0,-2.79478e-07,0.0,0.0,0.0,0.0,0.0,0.0,151.45844,0.0,0.0,0.0,0.0,0.0,-2.56668e-07,0.0,0.0,0.0,0.0,0.0,-0.0,-0.0,0.0,0.0,0.0
996.5,0.0,-0.0,-2.79478e-07,0.0,0.0,0.0,0.0,0.0,0.0,151.45844,0.0,0.0,0.0,0.0,0.0,-2.56668e-07,0.0,0.0,0.0,0.0,0.0,-0.0,-0.0,0.0,0.0,0.0
997.0,0.0,-0.0,-2.79478e-07,0.0,0.0,0.0,0.0,0.0,0.0,151.45844,0.0,0.0,0.0,0.0,0.0,-2.56668e-07,0.0,0.0,0.0,0.0,0.0,-0.0,-0.0,0.0,0.0,0.0
997.5,0.0,-0.0,-2.79478e-07,0.0,0.0,0.0,0.0,0.0,0.0,151.45844,0.0,0.0,0.0,0.0,0.0,-2.56668e-07,0.0,0.0,0.0,0.0,0.0,-0.0,-0.0,0.0,0.0,0.0
998.0,0.0,-0.0,-2.79478e-07,0.0,0.0,0.0,0.0,0.0,0.0,151.45844,0.0,0.0,0.0,0.0,0.0,-2.56668e-07,0.0,0.0,0.0,0.0,0.0,-0.0,-0.0,0.0,0.0,0.0
998.5,0.0,-0.0,-2.79478e-07,0.0,0.0,0.0,0.0,0.0,0.0,151.45844,0.0,0.0,0.0,0.0,0.0,-2.56668e-07,0.0,0.0,0.0,0.0,0.0,-0.0,-0.0,0.0,0.0,0.0
999.0,0.0,-0.0,-2.79478e-07,0.0,0.0,0.0,0.0,0.0,0.0,151.45844,0.0,0.0,0.0,0.0,0.0,-2.56668e-07,0.0,0.0,0.0,0.0,0.0,-0.0,-0.0,0.0,0.0,0.0
999.5,0.0,-0.0,-2.79478e-07,0.0,0.0,0.0,0.0,0.0,0.0,151.45844,0.0,0.0,0.0,0.0,0.0,-2.56668e-07,0.0,0.0,0.0,0.0,0.0,-0.0,-0.0,0.0,0.0,0.0
1000.0,0.0,-0.0,-2.79478e-07,0.0,0.0,0.0,0.0,0.0,0.0,151.45844,0.0,0.0,0.0,0.0,0.0,-2.56668e-07,0.0,0.0,0.0,-0.0,0.0,-0.0,-0.0,0.0,0.0,0.0
1000.5,0.0,-0.0,-2.79478e-07,0.0,0.0,0.0,0.0,0.0,0.0,151.45844,0.0,0.0,0.0,0.0,0.0,-2.56668e-07,0.0,0.0,0.0,0.0,0.0,-0.0,-0.0,0.0,0.0,0.0
1001.0,0.0,-0.0,-2.79478e-07,0.0,0.0,0.0,0.0,0.0,0.0,151.45844,0.0,0.0,0.0,0.0,0.0,-2.56668e-07,0.0,0.0,0.0,0.0,0.0,-0.0,-0.0,0.0,0.0,0.0
1001.5,0.0,-0.0,-2.79478e-07,0.0,0.0,0.0,0.0,0.0,0.0,151.45844,0.0,0.0,0.0,0.0,0.0,-2.56668e-07,0.0,0.0,0.0,0.0,0.0,-0.0,-0.0,0.0,0.0,0.0
1002.0,0.0,-0.0,-2.79478e-07,0.0,0.0,0.0,0.0,0.0,0.0,151.45844,0.0,0.0,0.0,0.0,0.0,-2.56668e-07,0.0,0.0,0.0,0.0,0.0,-0.0,-0.0,0.0,0.0,0.0
1002.5,0.0,-0.0,-2.79478e-07,0.0,0.0,0.0,0.0,0.0,0.0,151.45844,0.0,0.0,0.0,0.0,0.0,-2.56668e-07,0.0,0.0,0.0,0.0,0.0,-0.0,-0.0,0.0,0.0,0.0
1003.0,0.0,-0.0,-2.79478e-07,0.0,0.0,0.0,0.0,0.0,0.0,151.45844,0.0,0.0,0.0,0.0,0.0,-2.56668e-07,0.0,0.0,0.0,-0.0,0.0,-0.0,-0.0,0.0,0.0,0.0
1003.5,0.0,-0.0,-2.79478e-07,0.0,0.0,0.0,0.0,0.0,0.0,151.45844,0.0,0.0,0.0,0.0,0.0,-2.56668e-07,0.0,0.0,0.0,0.0,0.0,-0.0,-0.0,0.0,0.0,0.0
1004.0,0.0,-0.0,-2.79478e-07,0.0,0.0,0.0,0.0,0.0,0.0,151.45844,0.0,0.0,0.0,0.0,0.0,-2.56668e-07,0.0,0.0,0.0,0.0,0.0,-0.0,-0.0,0.0,0.0,0.0
1004.5,0.0,-0.0,-2.79478e-07,0.0,0.0,0.0,0.0,0.0,0.0,151.45844,0.0,0.0,0.0,0.0,0.0,-2.56668e-07,0.0,0.0,0.0,0.0,0.0,-0.0,-0.0,0.0,0.0,0.0
1005.0,0.0,-0.0,-2.79478e-07,0.0,0.0,0.0,0.0,0.0,0.0,151.45844,0.0,0.0,0.0,0.0,0.0,-2.56668e-07,0.0,0.0,0.0,0.0,0.0,-0.0,-0.0,0.0,0.0,0.0
1005.5,0.0,-0.0,-2.79478e-07,0.0,0.0,0.0,0.0,0.0,0.0,151.45844,0.0,0.0,0.0,0.0,0.0,-2.56668e-07,0.0,0.0,0.0,0.0,0.0,-0.0,-0.0,0.0,0.0,0.0
1006.0,0.0,-0.0,-2.79478e-07,0.0,0.0,0.0,0.0,0.0,0.0,151.45844,0.0,0.0,0.0,0.0,0.0,-2.56668e-07,0.0,0.0,0.0,0.0,0.0,-0.0,-0.0,0.0,0.0,0.0
1006.5,0.0,-0.0,-2.79478e-07,0.0,0.0,0.0,0.0,0.0,0.0,151.45844,0.0,0.0,0.0,0.0,0.0,-2.56668e-07,0.0,0.0,0.0,0.0,0.0,-0.0,-0.0,0.0,0.0,0.0
1007.0,0.0,-0.0,-2.79478e-07,0.0,0.0,0.0,0.0,0.0,0.0,151.45844,0.0,0.0,0.0,0.0,0.0,-2.56668e-07,0.0,0.0,0.0,0.0,0.0,-0.0,-0.0,0.0,0.0,0.0
1007.5,0.0,-0.0,-2.79478e-07,0.0,0.0,0.0,0.0,0.0,0.0,151.45844,0.0,0.0,0.0,0.0,0.0,-2.56668e-07,0.0,0.0,0.0,0.0,0.0,-0.0,-0.0,0.0,0.0,0.0
1008.0,0.0,-0.0,-2.79478e-07,0.0,0.0,0.0,0.0,0.0,0.0,151.45844,0.0,0.0,0.0,0.0,0.0,-2.56668e-07,0.0,0.0,0.0,0.0,0.0,-0.0,-0.0,0.0,0.0,0.0
1008.5,0.0,-0.0,-2.79478e-07,0.0,0.0,0.0,0.0,0.0,0.0,151.45844,0.0,0.0,0.0,0.0,0.0,-2.56668e-07,0.0,0.0,0.0,0.0,0.0,-0.0,-0.0,0.0,0.0,0.0
1009.0,0.0,-0.0,-2.79478e-07,0.0,0.0,0.0,0.0,0.0,0.0,151.45844,0.0,0.0,0.0,0.0,0.0,-2.56668e-07,0.0,0.0,0.0,0.0,0.0,-0.0,-0.0,0.0,0.0,0.0
1009.5,0.0,-0.0,-2.79478e-07,0.0,0.0,0.0,0.0,0.0,0.0,151.45844,0.0,0.0,0.0,0.0,0.0,-2.56668e-07,0.0,0.0,0.0,0.0,0.0,-0.0,-0.0,0.0,0.0,0.0
1010.0,0.0,-0.0,-2.79478e-07,0.0,0.0,0.0,0.0,0.0,0.0,151.45844,0.0,0.0,0.0,0.0,0.0,-2.56668e-07,0.0,0.0,0.0,0.0,0.0,-0.0,-0.0,0.0,0.0,0.0
1010.5,0.0,-0.0,-2.79478e-07,0.0,0.0,0.0,0.0,0.0,0.0,151.45844,0.0,0.0,0.0,0.0,0.0,-2.56668e-07,0.0,0.0,0.0,0.0,0.0,-0.0,-0.0,0.0,0.0,0.0
1011.0,0.0,-0.0,-2.79478e-07,0.0,0.0,0.0,0.0,0.0,0.0,151.45844,0.0,0.0,0.0,0.0,0.0,-2.56668e-07,0.0,0.0,0.0,0.0,0.0,-0.0,-0.0,0.0,0.0,0.0
1011.5,0.0,-0.0,-2.79478e-07,0.0,0.0,0.0,0.0,0.0,0.0,151.45844,0.0,0.0,0.0,0.0,0.0,-2.56668e-07,0.0,0.0,0.0,0.0,0.0,-0.0,-0.0,0.0,0.0,0.0
1012.0,0.0,-0.0,-2.79478e-07,0.0,0.0,0.0,0.0,0.0,0.0,151.45844,0.0,0.0,0.0,0.0,0.0,-2.56668e-07,0.0,0.0,0.0,0.0,0.0,-0.0,-0.0,0.0,0.0,0.0
1012.5,0.0,-0.0,-2.79478e-07,0.0,0.0,0.0,0.0,0.0,0.0,151.45844,0.0,0.0,0.0,0.0,0.0,-2.56668e-07,0.0,0.0,0.0,0.0,0.0,-0.0,-0.0,0.0,0.0,0.0
1013.0,0.0,-0.0,-2.79478e-07,0.0,0.0,0.0,0.0,0.0,0.0,151.45844,0.0,0.0,0.0,0.0,0.0,-2.56668e-07,0.0,0.0,0.0,0.0,0.0,-0.0,-0.0,0.0,0.0,0.0
1013.5,0.0,-0.0,-2.79478e-07,0.0,0.0,0.0,0.0,0.0,0.0,151.45844,0.0,0.0,0.0,0.0,0.0,-2.56668e-07,0.0,0.0,0.0,0.0,0.0,-0.0,-0.0,0.0,0.0,0.0
1014.0,0.0,-0.0,-2.79478e-07,0.0,0.0,0.0,0.0,0.0,0.0,151.45844,0.0,0.0,0.0,0.0,0.0,-2.56668e-07,0.0,0.0,0.0,-0.0,0.0,-0.0,-0.0,0.0,0.0,0.0
1014.5,0.0,-0.0,-2.79478e-07,0.0,0.0,0.0,0.0,0.0,0.0,151.45844,0.0,0.0,0.0,0.0,0.0,-2.56668e-07,0.0,0.0,0.0,0.0,0.0,-0.0,-0.0,0.0,0.0,0.0
1015.0,0.0,-0.0,-2.79478e-07,0.0,0.0,0.0,0.0,0.0,0.0,151.45844,0.0,0.0,0.0,0.0,0.0,-2.56668e-07,0.0,0.0,0.0,0.0,0.0,-0.0,-0.0,0.0,0.0,0.0
1015.5,0.0,-0.0,-2.79478e-07,0.0,0.0,0.0,0.0,0.0,0.0,151.45844,0.0,0.0,0.0,0.0,0.0,-2.56668e-07,0.0,0.0,0.0,0.0,0.0,-0.0,-0.0,0.0,0.0,0.0
1016.0,0.0,-0.0,-2.79478e-07,0.0,0.0,0.0,0.0,0.0,0.0,151.45844,0.0,0.0,0.0,0.0,0.0,-2.56668e-07,0.0,0.0,0.0,0.0,0.0,-0.0,-0.0,0.0,0.0,0.0
1016.5,0.0,-0.0,-2.79478e-07,0.0,0.0,0.0,0.0,0.0,0.0,151.45844,0.0,0.0,0.0,0.0,0.0,-2.56668e-07,0.0,0.0,0.0,-0.0,0.0,-0.0,-0.0,0.0,0.0,0.0
1017.0,0.0,-0.0,-2.79478e-07,0.0,0.0,0.0,0.0,0.0,0.0,151.45844,0.0,0.0,0.0,0.0,0.0,-2.56668e-07,0.0,0.0,0.0,0.0,0.0,-0.0,-0.0,0.0,0.0,0.0
1017.5,0.0,-0.0,-2.79478e-07,0.0,0.0,0.0,0.0,0.0,0.0,151.45844,0.0,0.0,0.0,0.0,0.0,-2.56668e-07,0.0,0.0,0.0,0.0,0.0,-0.0,-0.0,0.0,0.0,0.0
1018.0,0.0,-0.0,-2.79478e-07,0.0,0.0,0.0,0.0,0.0,0.0,151.45844,0.0,0.0,0.0,0.0,0.0,-2.56668e-07,0.0,0.0,0.0,0.0,0.0,-0.0,-0.0,0.0,0.0,0.0
1018.5,0.0,-0.0,-2.79478e-07,0.0,0.0,0.0,0.0,0.0,0.0,151.45844,0.0,0.0,0.0,0.0,0.0,-2.56668e-07,0.0,0.0,0.0,0.0,0.0,-0.0,-0.0,0.0,0.0,0.0
1019.0,0.0,-0.0,-2.79478e-07,0.0,0.0,0.0,0.0,0.0,0.0,151.45844,0.0,0.0,0.0,0.0,0.0,-2.56668e-07,0.0,0.0,0.0,-0.0,0.0,-0.0,-0.0,0.0,0.0,0.0
1019.5,0.0,-0.0,-2.79478e-07,0.0,0.0,0.0,0.0,0.0,0.0,151.45844,0.0,0.0,0.0,0.0,0.0,-2.56668e-07,0.0,0.0,0.0,0.0,0.0,-0.0,-0.0,0.0,0.0,0.0
1020.0,0.0,-0.0,-2.79478e-07,0.0,0.0,0.0,0.0,0.0,0.0,151.45844,0.0,0.0,0.0,0.0,0.0,-2.56668e-07,0.0,0.0,0.0,0.0,0.0,-0.0,-0.0,0.0,0.0,0.0
1020.5,0.0,-0.0,-2.79478e-07,0.0,0.0,0.0,0.0,0.0,0.0,151.45844,0.0,0.0,0.0,0.0,0.0,-2.56668e-07,0.0,0.009089421945,0.0,0.0,0.0,-0.0,-0.0,0.0,0.0,0.0
1021.0,0.0,-0.0,-2.79478e-07,0.0,0.0,0.0,0.0,0.0,0.0,151.45844,0.0,0.0,0.0,0.0,0.0,-2.56668e-07,0.0,0.58852266,0.0,0.0,0.0,-0.0,-0.0,0.0,0.0,0.0
1021.5,0.0,-0.0,-2.79478e-07,0.0,0.0,0.0,0.0,0.0,0.0,151.45844,0.0,0.0,0.0,0.0,0.0,-2.56668e-07,0.0,1.49394215,0.0,0.0,0.0,-0.0,-0.0,0.0,0.0,0.0
1022.0,0.0,-0.0,-2.79478e-07,0.0,0.0,0.0,0.0,0.0,0.0,151.45844,0.0,0.0,0.0,0.0,0.0,-2.56668e-07,0.0,2.39936164,0.0,0.0,0.0,-0.0,-0.0,0.0,0.0,0.0
1022.5,0.0,-0.0,-2.79478e-07,0.0,0.0,0.0,0.0,0.0,0.0,151.45844,0.0,0.0,0.0,0.0,0.0,-2.56668e-07,0.0,3.30478112,0.0,0.0,0.0,-0.0,-0.0,0.0,0.0,0.0
1023.0,0.0,-0.0,-2.79478e-07,0.0,0.0,0.0,0.0,0.0,0.0,151.45844,0.0,0.0,0.0,0.0,0.0,-2.56668e-07,0.0,4.21020061,0.0,0.0,0.0,-0.0,-0.0,0.0,0.0,0.0
1023.5,0.0,-0.0,-2.79478e-07,0.0,0.0,0.0,0.0,0.0,0.0,151.45844,0.0,0.0,0.0,0.0,0.0,-2.56668e-07,0.0,5.10654085,0.0,0.0,0.0,-0.0,-0.0,0.0,0.0,0.0
1024.0,0.0,-0.0,-2.79478e-07,0.0,0.0,0.0,0.0,0.0,0.0,151.45844,0.0,0.0,0.0,0.0,0.0,-2.56668e-07,0.0,5.432517,0.0,0.0,0.0,-0.0,-0.0,0.0,0.0,0.0
1024.5,0.0,-0.0,-2.79478e-07,0.0,0.0,0.0,0.0,0.0,0.0,151.45844,0.0,0.0,0.0,0.0,0.0,-2.56668e-07,0.0,5.432517,0.0,0.0,0.0,-0.0,-0.0,0.0,0.0,0.0
1025.0,0.0,-0.0,-2.79478e-07,0.0,0.0,0.0,0.0,0.0,0.0,151.45844,0.0,0.0,0.0,0.0,0.0,-2.56668e-07,0.0,5.432517,0.0,0.0,0.0,-0.0,-0.0,0.0,0.0,0.0
1025.5,0.0,-0.0,-2.79478e-07,0.0,0.0,0.0,0.0,0.0,0.0,151.45844,0.0,0.0,0.0,0.0,0.0,-2.56668e-07,0.0,5.432517,0.0,0.0,0.0,-0.0,-0.0,0.0,0.0,0.0
1026.0,0.0,-0.0,-2.79478e-07,0.0,0.0,0.0,0.0,0.0,0.0,151.45844,0.0,0.0,0.0,0.0,0.0,-2.56668e-07,0.0,5.432517,0.0,0.0,0.0,-0.0,-0.0,0.0,0.0,0.0
1026.5,0.0,-0.0,-2.79478e-07,0.0,0.0,0.0,0.0,0.0,0.0,151.45844,0.0,0.0,0.0,0.0,0.0,-2.56668e-07,0.0,5.432517,0.0,0.0,0.0,-0.0,-0.0,0.0,0.0,0.0
1027.0,0.0,-0.0,-2.79478e-07,0.0,0.0,0.0,0.0,0.0,0.0,151.45844,0.0,0.0,0.0,0.0,0.0,-2.56668e-07,0.0,5.432517,0.0,0.0,0.0,-0.0,-0.0,0.0,0.0,0.0
1027.5,0.0,-0.0,-2.79478e-07,0.0,0.0,0.0,0.0,0.0,0.0,151.45844,0.0,0.0,0.0,0.0,0.0,-2.56668e-07,0.0,5.432517,0.0,-0.0,0.0,-0.0,-0.0,0.0,0.0,0.0
1028.0,0.0,-0.0,-2.79478e-07,0.0,0.0,0.0,0.0,0.0,0.0,151.45844,0.0,0.0,0.0,0.0,0.0,-2.56668e-07,0.0,5.432517,0.0,0.0,0.0,-0.0,-0.0,0.0,0.0,0.0
1028.5,0.0,-0.0,-2.79478e-07,0.0,0.0,0.0,0.0,0.0,0.0,151.45844,0.0,0.0,0.0,0.0,0.0,-2.56668e-07,0.0,5.432517,0.0,0.0,0.0,-0.0,-0.0,0.0,0.0,0.0
1029.0,0.0,-0.0,-2.79478e-07,0.0,0.0,0.0,0.0,0.0,0.0,151.45844,0.0,0.0,0.0,0.0,0.0,-2.56668e-07,0.0,5.432517,0.0,0.0,0.0,-0.0,-0.0,0.0,0.0,0.0
1029.5,0.0,-0.0,-2.79478e-07,0.0,0.0,0.0,0.0,0.0,0.0,151.45844,0.0,0.0,0.0,0.0,0.0,-2.56668e-07,0.0,5.42344073,0.0,0.0,0.0,-0.0,-0.0,0.0,0.0,0.0
1030.0,0.0,-0.0,-2.79478e-07,0.0,0.0,0.0,0.0,0.0,0.0,151.45844,0.0,0.0,0.0,0.0,0.0,-2.56668e-07,0.0,4.84399417,0.0,-0.0,0.0,-0.0,-0.0,0.0,0.0,0.0
1030.5,0.0,-0.0,-2.79478e-07,0.0,0.0,0.0,0.0,0.0,0.0,151.45844,0.0,0.0,0.0,0.0,0.0,-2.56668e-07,0.0,3.93857481,0.0,0.0,0.0,-0.0,-0.0,0.0,0.0,0.0
1031.0,0.0,-0.0,-2.79478e-07,0.0,0.0,0.0,0.0,0.0,0.0,151.45844,0.0,0.0,0.0,0.0,0.0,-2.56668e-07,0.0,3.03315526,0.0,0.0,0.0,-0.0,-0.0,0.0,0.0,0.0
1031.5,0.0,-0.0,-2.79478e-07,0.0,0.0,0.0,0.0,0.0,0.0,151.45844,0.0,0.0,0.0,0.0,0.0,-2.56668e-07,0.0,2.12773579,0.0,0.0,0.0,-0.0,-0.0,0.0,0.0,0.0
1032.0,0.0,-0.0,-2.79478e-07,0.0,0.0,0.0,0.0,0.0,0.0,151.45844,0.0,0.0,0.0,0.0,0.0,-2.56668e-07,0.0,1.222316307,0.0,0.0,0.0,-0.0,-0.0,0.0,0.0,0.0
1032.5,0.0,-0.0,-2.79478e-07,0.0,0.0,0.0,0.0,0.0,0.0,151.45844,0.0,0.0,0.0,0.0,0.0,-2.56668e-07,0.0,0.325985394213,0.0,0.0,0.0,-0.0,-0.0,0.0,0.0,0.0
1033.0,0.0,-0.0,-2.79478e-07,0.0,0.0,0.0,0.0,0.0,0.0,151.45844,0.0,0.0,0.0,0.0,0.0,-2.56668e-07,0.0,0.0,0.0,-0.0,0.0,-0.0,-0.0,0.0,0.0,0.0
1033.5,0.0,-0.0,-2.79478e-07,0.0,0.0,0.0,0.0,0.0,0.0,151.45844,0.0,0.0,0.0,0.0,0.0,-2.56668e-07,0.0,0.0,0.0,0.0,0.0,-0.0,-0.0,0.0,0.0,0.0
1034.0,0.0,-0.0,-2.79478e-07,0.0,0.0,0.0,0.0,0.0,0.0,151.45844,0.0,0.0,0.0,0.0,0.0,-2.56668e-07,0.0,0.0,0.0,0.0,0.0,-0.0,-0.0,0.0,0.0,0.0
1034.5,0.0,-0.0,-2.79478e-07,0.0,0.0,0.0,0.0,0.0,0.0,151.45844,0.0,0.0,0.0,0.0,0.0,-2.56668e-07,0.0,0.0,0.0,0.0,0.0,-0.0,-0.0,0.0,0.0,0.0
1035.0,0.0,-0.0,-2.79478e-07,0.0,0.0,0.0,0.0,0.0,0.0,151.45844,0.0,0.0,0.0,0.0,0.0,-2.56668e-07,0.0,0.0,0.0,0.0,0.0,-0.0,-0.0,0.0,0.0,0.0
1035.5,0.0,-0.0,-2.79478e-07,0.0,0.0,0.0,0.0,0.0,0.0,151.45844,0.0,0.0,0.0,0.0,0.0,-2.56668e-07,0.0,0.0,0.0,0.0,0.0,-0.0,-0.0,0.0,0.0,0.0
1036.0,0.0,-0.0,-2.79478e-07,0.0,0.0,0.0,0.0,0.0,0.0,151.45844,0.0,0.0,0.0,0.0,0.0,-2.56668e-07,0.0,0.0,0.0,0.0,0.0,-0.0,-0.0,0.0,0.0,0.0
1036.5,0.0,-0.0,-2.79478e-07,0.0,0.0,0.0,0.0,0.0,0.0,151.45844,0.0,0.0,0.0,0.0,0.0,-2.56668e-07,0.0,0.0,0.0,0.0,0.0,-0.0,-0.0,0.0,0.0,0.0
1037.0,0.0,-0.0,-2.79478e-07,0.0,0.0,0.0,0.0,0.0,0.0,151.45844,0.0,0.0,0.0,0.0,0.0,-2.56668e-07,0.0,0.0,0.0,0.0,0.0,-0.0,-0.0,0.0,0.0,0.0
1037.5,0.0,-0.0,-2.79478e-07,0.0,0.0,0.0,0.0,0.0,0.0,151.45844,0.0,0.0,0.0,0.0,0.0,-2.56668e-07,0.0,0.0,0.0,0.0,0.0,-0.0,-0.0,0.0,0.0,0.0
1038.0,0.0,-0.0,-2.79478e-07,0.0,0.0,0.0,0.0,0.0,0.0,151.45844,0.0,0.0,0.0,0.0,0.0,-2.56668e-07,0.0,0.0,0.0,0.0,0.0,-0.0,-0.0,0.0,0.0,0.0
1038.5,0.0,-0.0,-2.79478e-07,0.0,0.0,0.0,0.0,0.0,0.0,151.45844,0.0,0.0,0.0,0.0,0.0,-2.56668e-07,0.0,0.0,0.0,0.0,0.0,-0.0,-0.0,0.0,0.0,0.0
1039.0,0.0,-0.0,-2.79478e-07,0.0,0.0,0.0,0.0,0.0,0.0,151.45844,0.0,0.0,0.0,0.0,0.0,-2.56668e-07,0.0,0.0,0.0,0.0,0.0,-0.0,-0.0,0.0,0.0,0.0
1039.5,0.0,-0.0,-2.79478e-07,0.0,0.0,0.0,0.0,0.0,0.0,151.45844,0.0,0.0,0.0,0.0,0.0,-2.56668e-07,0.0,0.0,0.0,0.0,0.0,-0.0,-0.0,0.0,0.0,0.0
1040.0,0.0,-0.0,-2.79478e-07,0.0,0.0,0.0,0.0,0.0,0.0,151.45844,0.0,0.0,0.0,0.0,0.0,-2.56668e-07,0.0,0.0,0.0,0.0,0.0,-0.0,-0.0,0.0,0.0,0.0
1040.5,0.0,-0.0,-2.79478e-07,0.0,0.0,0.0,0.0,0.0,0.0,151.45844,0.0,0.0,0.0,0.0,0.0,-2.56668e-07,0.0,0.0,0.0,0.0,0.0,-0.0,-0.0,0.0,0.0,0.0
1041.0,0.0,-0.0,-2.79478e-07,0.0,0.0,0.0,0.0,0.0,0.0,151.45844,0.0,0.0,0.0,0.0,0.0,-2.56668e-07,0.0,0.0,0.0,0.0,0.0,-0.0,-0.0,0.0,0.0,0.0
1041.5,0.0,-0.0,-2.79478e-07,0.0,0.0,0.0,0.0,0.0,0.0,151.45844,0.0,0.0,0.0,0.0,0.0,-2.56668e-07,0.0,0.0,0.0,0.0,0.0,-0.0,-0.0,0.0,0.0,0.0
1042.0,0.0,-0.0,-2.79478e-07,0.0,0.0,0.0,0.0,0.0,0.0,151.45844,0.0,0.0,0.0,0.0,0.0,-2.56668e-07,0.0,0.0,0.0,0.0,0.0,-0.0,-0.0,0.0,0.0,0.0
1042.5,0.0,-0.0,-2.79478e-07,0.0,0.0,0.0,0.0,0.0,0.0,151.45844,0.0,0.0,0.0,0.0,0.0,-2.56668e-07,0.0,0.0,0.0,0.0,0.0,-0.0,-0.0,0.0,0.0,0.0
1043.0,0.0,-0.0,-2.79478e-07,0.0,0.0,0.0,0.0,0.0,0.0,151.45844,0.0,0.0,0.0,0.0,0.0,-2.56668e-07,0.0,0.0,0.0,0.0,0.0,-0.0,-0.0,0.0,0.0,0.0
1043.5,0.0,-0.0,-2.79478e-07,0.0,0.0,0.0,0.0,0.0,0.0,151.45844,0.0,0.0,0.0,0.0,0.0,-2.56668e-07,0.0,0.0,0.0,-0.0,0.0,-0.0,-0.0,0.0,0.0,0.0
1044.0,0.0,-0.0,-2.79478e-07,0.0,0.0,0.0,0.0,0.0,0.0,151.45844,0.0,0.0,0.0,0.0,0.0,-2.56668e-07,0.0,0.0,0.0,0.0,0.0,-0.0,-0.0,0.0,0.0,0.0
1044.5,0.0,-0.0,-2.79478e-07,0.0,0.0,0.0,0.0,0.0,0.0,151.45844,0.0,0.0,0.0,0.0,0.0,-2.56668e-07,0.0,0.0,0.0,0.0,0.0,-0.0,-0.0,0.0,0.0,0.0
1045.0,0.0,-0.0,-2.79478e-07,0.0,0.0,0.0,0.0,0.0,0.0,151.45844,0.0,0.0,0.0,0.0,0.0,-2.56668e-07,0.0,0.0,0.0,0.0,0.0,-0.0,-0.0,0.0,0.0,0.0
1045.5,0.0,-0.0,-2.79478e-07,0.0,0.0,0.0,0.0,0.0,0.0,151.45844,0.0,0.0,0.0,0.0,0.0,-2.56668e-07,0.0,0.0,0.0,0.0,0.0,-0.0,-0.0,0.0,0.0,0.0
1046.0,0.0,-0.0,-2.79478e-07,0.0,0.0,0.0,0.0,0.0,0.0,151.45844,0.0,0.0,0.0,0.0,0.0,-2.56668e-07,0.0,0.0,0.0,0.0,0.0,-0.0,-0.0,0.0,0.0,0.0
1046.5,0.0,-0.0,-2.79478e-07,0.0,0.0,0.0,0.0,0.0,0.0,151.45844,0.0,0.0,0.0,0.0,0.0,-2.56668e-07,0.0,0.0,0.0,-0.0,0.0,-0.0,-0.0,0.0,0.0,0.0
1047.0,0.0,-0.0,-2.79478e-07,0.0,0.0,0.0,0.0,0.0,0.0,151.45844,0.0,0.0,0.0,0.0,0.0,-2.56668e-07,0.0,0.0,0.0,0.0,0.0,-0.0,-0.0,0.0,0.0,0.0
1047.5,0.0,-0.0,-2.79478e-07,0.0,0.0,0.0,0.0,0.0,0.0,151.45844,0.0,0.0,0.0,0.0,0.0,-2.56668e-07,0.0,0.0,0.0,0.0,0.0,-0.0,-0.0,0.0,0.0,0.0
1048.0,0.0,-0.0,-2.79478e-07,0.0,0.0,0.0,0.0,0.0,0.0,151.45844,0.0,0.0,0.0,0.0,0.0,-2.56668e-07,0.0,0.0,0.0,0.0,0.0,-0.0,-0.0,0.0,0.0,0.0
1048.5,0.0,-0.0,-2.79478e-07,0.0,0.0,0.0,0.0,0.0,0.0,151.45844,0.0,0.0,0.0,0.0,0.0,-2.56668e-07,0.0,0.0,0.0,0.0,0.0,-0.0,-0.0,0.0,0.0,0.0
1049.0,0.0,-0.0,-2.79478e-07,0.0,0.0,0.0,0.0,0.0,0.0,151.45844,0.0,0.0,0.0,0.0,0.0,-2.56668e-07,0.0,0.0,0.0,0.0,0.0,-0.0,-0.0,0.0,0.0,0.0
1049.5,0.0,-0.0,-2.79478e-07,0.0,0.0,0.0,0.0,0.0,0.0,151.45844,0.0,0.0,0.0,0.0,0.0,-2.56668e-07,0.0,0.0,0.0,0.0,0.0,-0.0,-0.0,0.0,0.0,0.0
1050.0,0.0,-0.0,-2.79478e-07,0.0,0.0,0.0,0.0,0.0,0.0,151.45844,0.0,0.0,0.0,0.0,0.0,-2.56668e-07,0.0,0.0,0.0,0.0,0.0,-0.0,-0.0,0.0,0.0,0.0
1050.5,0.0,-0.0,-2.79478e-07,0.0,0.0,0.0,0.0,0.0,0.0,151.45844,0.0,0.0,0.0,0.0,0.0,-2.56668e-07,0.0,0.0,0.0,0.0,0.0,-0.0,-0.0,0.0,0.0,0.0
1051.0,0.0,-0.0,-2.79478e-07,0.0,0.0,0.0,0.0,0.0,0.0,151.45844,0.0,0.0,0.0,0.0,0.0,-2.56668e-07,0.0,0.0,0.0,0.0,0.0,-0.0,-0.0,0.0,0.0,0.0
1051.5,0.0,-0.0,-2.79478e-07,0.0,0.0,0.0,0.0,0.0,0.0,151.45844,0.0,0.0,0.0,0.0,0.0,-2.56668e-07,0.0,0.0,0.0,0.0,0.0,-0.0,-0.0,0.0,0.0,0.0
1052.0,0.0,-0.0,-2.79478e-07,0.0,0.0,0.0,0.0,0.0,0.0,151.45844,0.0,0.0,0.0,0.0,0.0,-2.56668e-07,0.0,0.0,0.0,0.0,0.0,-0.0,-0.0,0.0,0.0,0.0
1052.5,0.0,-0.0,-2.79478e-07,0.0,0.0,0.0,0.0,0.0,0.0,151.45844,0.0,0.0,0.0,0.0,0.0,-2.56668e-07,0.0,0.0,0.0,0.0,0.0,-0.0,-0.0,0.0,0.0,0.0
1053.0,0.0,-0.0,-2.79478e-07,0.0,0.0,0.0,0.0,0.0,0.0,151.45844,0.0,0.0,0.0,0.0,0.0,-2.56668e-07,0.0,0.0,0.0,0.0,0.0,-0.0,-0.0,0.0,0.0,0.0
1053.5,0.0,-0.0,-2.79478e-07,0.0,0.0,0.0,0.0,0.0,0.0,151.45844,0.0,0.0,0.0,0.0,0.0,-2.56668e-07,0.0,0.0,0.0,0.0,0.0,-0.0,-0.0,0.0,0.0,0.0
1054.0,0.0,-0.0,-2.79478e-07,0.0,0.0,0.0,0.0,0.0,0.0,151.45844,0.0,0.0,0.0,0.0,0.0,-2.56668e-07,0.0,0.0,0.0,0.0,0.0,-0.0,-0.0,0.0,0.0,0.0
1054.5,0.0,-0.0,-2.79478e-07,0.0,0.0,0.0,0.0,0.0,0.0,151.45844,0.0,0.0,0.0,0.0,0.0,-2.56668e-07,0.0,0.0,0.0,0.0,0.0,-0.0,-0.0,0.0,0.0,0.0
1055.0,0.0,-0.0,-2.79478e-07,0.0,0.0,0.0,0.0,0.0,0.0,151.45844,0.0,0.0,0.0,0.0,0.0,-2.56668e-07,0.0,0.0,0.0,0.0,0.0,-0.0,-0.0,0.0,0.0,0.0
1055.5,0.0,-0.0,-2.79478e-07,0.0,0.0,0.0,0.0,0.0,0.0,151.45844,0.0,0.0,0.0,0.0,0.0,-2.56668e-07,0.0,0.0,0.0,0.0,0.0,-0.0,-0.0,0.0,0.0,0.0
1056.0,0.0,-0.0,-2.79478e-07,0.0,0.0,0.0,0.0,0.0,0.0,151.45844,0.0,0.0,0.0,0.0,0.0,-2.56668e-07,0.0,0.0,0.0,0.0,0.0,-0.0,-0.0,0.0,0.0,0.0
1056.5,0.0,-0.0,-2.79478e-07,0.0,0.0,0.0,0.0,0.0,0.0,151.45844,0.0,0.0,0.0,0.0,0.0,-2.56668e-07,0.0,0.0,0.0,0.0,0.0,-0.0,-0.0,0.0,0.0,0.0
1057.0,0.0,-0.0,-2.79478e-07,0.0,0.0,0.0,0.0,0.0,0.0,151.45844,0.0,0.0,0.0,0.0,0.0,-2.56668e-07,0.0,0.0,0.0,0.0,0.0,-0.0,-0.0,0.0,0.0,0.0
1057.5,0.0,-0.0,-2.79478e-07,0.0,0.0,0.0,0.0,0.0,0.0,151.45844,0.0,0.0,0.0,0.0,0.0,-2.56668e-07,0.0,0.0,0.0,-0.0,0.0,-0.0,-0.0,0.0,0.0,0.0
1058.0,0.0,-0.0,-2.79478e-07,0.0,0.0,0.0,0.0,0.0,0.0,151.45844,0.0,0.0,0.0,0.0,0.0,-2.56668e-07,0.0,0.0,0.0,0.0,0.0,-0.0,-0.0,0.0,0.0,0.0
1058.5,0.0,-0.0,-2.79478e-07,0.0,0.0,0.0,0.0,0.0,0.0,151.45844,0.0,0.0,0.0,0.0,0.0,-2.56668e-07,0.0,0.0,0.0,0.0,0.0,-0.0,-0.0,0.0,0.0,0.0
1059.0,0.0,-0.0,-2.79478e-07,0.0,0.0,0.0,0.0,0.0,0.0,151.45844,0.0,0.0,0.0,0.0,0.0,-2.56668e-07,0.0,0.0,0.0,0.0,0.0,-0.0,-0.0,0.0,0.0,0.0
1059.5,0.0,-0.0,-2.79478e-07,0.0,0.0,0.0,0.0,0.0,0.0,151.45844,0.0,0.0,0.0,0.0,0.0,-2.56668e-07,0.0,0.0,0.0,0.0,0.0,-0.0,-0.0,0.0,0.0,0.0
1060.0,0.0,-0.0,-2.79478e-07,0.0,0.0,0.0,0.0,0.0,0.0,151.45844,0.0,0.0,0.0,0.0,0.0,-2.56668e-07,0.0,0.0,0.0,-0.0,0.0,-0.0,-0.0,0.0,0.0,0.0
1060.5,0.0,-0.0,-2.79478e-07,0.0,0.0,0.0,0.0,0.0,0.0,151.45844,0.0,0.0,0.0,0.0,0.0,-2.56668e-07,0.0,0.0,0.0,0.0,0.0,-0.0,-0.0,0.0,0.0,0.0
1061.0,0.0,-0.0,-2.79478e-07,0.0,0.0,0.0,0.0,0.0,0.0,151.45844,0.0,0.0,0.0,0.0,0.0,-2.56668e-07,0.0,0.0,0.0,0.0,0.0,-0.0,-0.0,0.0,0.0,0.0
1061.5,0.0,-0.0,-2.79478e-07,0.0,0.0,0.0,0.0,0.0,0.0,151.96809,0.0,0.0,0.0,0.0,0.0,-2.56668e-07,0.0,0.0,0.0,0.0,0.0,-0.0,-0.0,0.0,0.0,0.0
1062.0,0.0,-0.0,-2.79478e-07,0.0,0.0,0.0,0.0,0.0,0.0,165.096921,0.0,0.0,0.0,0.0,0.0,-2.56668e-07,0.0,0.0,0.0,0.0,0.0,-0.0,-0.0,0.0,0.0,0.0
1062.5,0.0,-0.0,-2.79478e-07,0.0,0.0,0.0,0.0,0.0,0.0,183.580649,0.0,0.0,0.0,0.0,0.0,-2.56668e-07,0.0,0.0,0.0,-0.0,0.0,-0.0,-0.0,0.0,0.0,0.0
1063.0,0.0,-0.0,-2.79478e-07,0.0,0.0,0.0,0.0,0.0,0.0,202.06437,0.0,0.0,0.0,0.0,0.0,-2.56668e-07,0.0,0.0,0.0,0.0,0.0,-0.0,-0.0,0.0,0.0,0.0
1063.5,0.0,-0.0,-2.79478e-07,0.0,0.0,0.0,0.0,0.0,0.0,216.576287,0.0,0.0,0.0,0.0,0.0,-2.56668e-07,0.0,0.0,0.0,0.0,0.0,-0.0,-0.0,0.0,0.0,0.0
1064.0,0.0,-0.0,-2.79478e-07,0.0,0.0,0.0,0.0,0.0,0.0,217.64664,0.0,0.0,0.0,0.0,0.0,-2.56668e-07,0.0,0.0,0.0,0.0,0.0,-0.0,-0.0,0.0,0.0,0.0
1064.5,0.0,-0.0,-2.79478e-07,0.0,0.0,0.0,0.0,0.0,0.0,217.64664,0.0,0.0,0.0,0.0,0.0,-2.56668e-07,0.0,0.0,0.0,0.0,0.0,-0.0,-0.0,0.0,0.0,0.0
1065.0,0.0,-0.0,-2.79478e-07,0.0,0.0,0.0,0.0,0.0,0.0,217.64664,0.0,0.0,0.0,0.0,0.0,-2.56668e-07,0.0,0.0,0.0,0.0,0.0,-0.0,-0.0,0.0,0.0,0.0
1065.5,0.0,-0.0,-2.79478e-07,0.0,0.0,0.0,0.0,0.0,0.0,217.64664,0.0,0.0,0.0,0.0,0.0,-2.56668e-07,0.0,0.0,0.0,0.0,0.0,-0.0,-0.0,0.0,0.0,0.0
1066.0,0.0,-0.0,-2.79478e-07,0.0,0.0,0.0,0.0,0.0,0.0,217.64664,0.0,0.0,0.0,0.0,0.0,-2.56668e-07,0.0,0.0,0.0,0.0,0.0,-0.0,-0.0,0.0,0.0,0.0
1066.5,0.0,-0.0,-2.79478e-07,0.0,0.0,0.0,0.0,0.0,0.0,217.64664,0.0,0.0,0.0,0.0,0.0,-2.56668e-07,0.0,0.0,0.0,0.0,0.0,-0.0,-0.0,0.0,0.0,0.0
1067.0,0.0,-0.0,-2.79478e-07,0.0,0.0,0.0,0.0,0.0,0.0,217.64664,0.0,0.0,0.0,0.0,0.0,-2.56668e-07,0.0,0.0,0.0,0.0,0.0,-0.0,-0.0,0.0,0.0,0.0
1067.5,0.0,-0.0,-2.79478e-07,0.0,0.0,0.0,0.0,0.0,0.0,217.64664,0.0,0.0,0.0,0.0,0.0,-2.56668e-07,0.0,0.0,0.0,0.0,0.0,-0.0,-0.0,0.0,0.0,0.0
1068.0,0.0,-0.0,-2.79478e-07,0.0,0.0,0.0,0.0,0.0,0.0,217.64664,0.0,0.0,0.0,0.0,0.0,-2.56668e-07,0.0,0.0,0.0,0.0,0.0,-0.0,-0.0,0.0,0.0,0.0
1068.5,0.0,-0.0,-2.79478e-07,0.0,0.0,0.0,0.0,0.0,0.0,217.64664,0.0,0.0,0.0,0.0,0.0,-2.56668e-07,0.0,0.0,0.0,0.0,0.0,-0.0,-0.0,0.0,0.0,0.0
1069.0,0.0,-0.0,-2.79478e-07,0.0,0.0,0.0,0.0,0.0,0.0,217.64664,0.0,0.0,0.0,0.0,0.0,-2.56668e-07,0.0,0.0,0.0,0.0,0.0,-0.0,-0.0,0.0,0.0,0.0
1069.5,0.0,-0.0,-2.79478e-07,0.0,0.0,0.0,0.0,0.0,0.0,217.64664,0.0,0.0,0.0,0.0,0.0,-2.56668e-07,0.0,0.0,0.0,0.0,0.0,-0.0,-0.0,0.0,0.0,0.0
1070.0,0.0,-0.0,-2.79478e-07,0.0,0.0,0.0,0.0,0.0,0.0,217.64664,0.0,0.0,0.0,0.0,0.0,-2.56668e-07,0.0,0.0,0.0,0.0,0.0,-0.0,-0.0,0.0,0.0,0.0
1070.5,0.0,-0.0,-2.79478e-07,0.0,0.0,0.0,0.0,0.0,0.0,217.64664,0.0,0.0,0.0,0.0,0.0,-2.56668e-07,0.0,0.0,0.0,0.0,0.0,-0.0,-0.0,0.0,0.0,0.0
1071.0,0.0,-0.0,-2.79478e-07,0.0,0.0,0.0,0.0,0.0,0.0,217.64664,0.0,0.0,0.0,0.0,0.0,-2.56668e-07,0.0,0.0,0.0,-0.0,0.0,-0.0,-0.0,0.0,0.0,0.0
1071.5,0.0,-0.0,-2.79478e-07,0.0,0.0,0.0,0.0,0.0,0.0,217.64664,0.0,0.0,0.0,0.0,0.0,-2.56668e-07,0.0,0.0,0.0,0.0,0.0,-0.0,-0.0,0.0,0.0,0.0
1072.0,0.0,-0.0,-2.79478e-07,0.0,0.0,0.0,0.0,0.0,0.0,217.64664,0.0,0.0,0.0,0.0,0.0,-2.56668e-07,0.0,0.0,0.0,0.0,0.0,-0.0,-0.0,0.0,0.0,0.0
1072.5,0.0,-0.0,-2.79478e-07,0.0,0.0,0.0,0.0,0.0,0.0,217.64664,0.0,0.0,0.0,0.0,0.0,-2.56668e-07,0.0,0.0,0.0,0.0,0.0,-0.0,-0.0,0.0,0.0,0.0
1073.0,0.0,-0.0,-2.79478e-07,0.0,0.0,0.0,0.0,0.0,0.0,217.64664,0.0,0.0,0.0,0.0,0.0,-2.56668e-07,0.0,0.0,0.0,0.0,0.0,-0.0,-0.0,0.0,0.0,0.0
1073.5,0.0,-0.0,-2.79478e-07,0.0,0.0,0.0,0.0,0.0,0.0,217.64664,0.0,0.0,0.0,0.0,0.0,-2.56668e-07,0.0,0.0,0.0,-0.0,0.0,-0.0,-0.0,0.0,0.0,0.0
1074.0,0.0,-0.0,-2.79478e-07,0.0,0.0,0.0,0.0,0.0,0.0,217.64664,0.0,0.0,0.0,0.0,0.0,-2.56668e-07,0.0,0.0,0.0,0.0,0.0,-0.0,-0.0,0.0,0.0,0.0
1074.5,0.0,-0.0,-2.79478e-07,0.0,0.0,0.0,0.0,0.0,0.0,217.64664,0.0,0.0,0.0,0.0,0.0,-2.56668e-07,0.0,0.0,0.0,0.0,0.0,-0.0,-0.0,0.0,0.0,0.0
1075.0,0.0,-0.0,-2.79478e-07,0.0,0.0,0.0,0.0,0.0,0.0,217.64664,0.0,0.0,0.0,0.0,0.0,-2.56668e-07,0.0,0.0,0.0,0.0,0.0,-0.0,-0.0,0.0,0.0,0.0
1075.5,0.0,-0.0,-2.79478e-07,0.0,0.0,0.0,0.0,0.0,0.0,217.64664,0.0,0.0,0.0,0.0,0.0,-2.56668e-07,0.0,0.0,0.0,0.0,0.0,-0.0,-0.0,0.0,0.0,0.0
1076.0,0.0,-0.0,-2.79478e-07,0.0,0.0,0.0,0.0,0.0,0.0,217.64664,0.0,0.0,0.0,0.0,0.0,-2.56668e-07,0.0,0.0,0.0,0.0,0.0,-0.0,-0.0,0.0,0.0,0.0
1076.5,0.0,-0.0,-2.79478e-07,0.0,0.0,0.0,0.0,0.0,0.0,217.64664,0.0,0.0,0.0,0.0,0.0,-2.56668e-07,0.0,0.0,0.0,-0.0,0.0,-0.0,-0.0,0.0,0.0,0.0
1077.0,0.0,-0.0,-2.79478e-07,0.0,0.0,0.0,0.0,0.0,0.0,217.64664,0.0,0.0,0.0,0.0,0.0,-2.56668e-07,0.0,0.0,0.0,0.0,0.0,-0.0,-0.0,0.0,0.0,0.0
1077.5,0.0,-0.0,-2.79478e-07,0.0,0.0,0.0,0.0,0.0,0.0,217.64664,0.0,0.0,0.0,0.0,0.0,-2.56668e-07,0.0,0.0,0.0,0.0,0.0,-0.0,-0.0,0.0,0.0,0.0
1078.0,0.0,-0.0,-2.79478e-07,0.0,0.0,0.0,0.0,0.0,0.0,217.64664,0.0,0.0,0.0,0.0,0.0,-2.56668e-07,0.0,0.0,0.0,0.0,0.0,-0.0,-0.0,0.0,0.0,0.0
1078.5,0.0,-0.0,-2.79478e-07,0.0,0.0,0.0,0.0,0.0,0.0,217.64664,0.0,0.0,0.0,0.0,0.0,-2.56668e-07,0.0,0.0,0.0,0.0,0.0,-0.0,-0.0,0.0,0.0,0.0
1079.0,0.0,-0.0,-2.79478e-07,0.0,0.0,0.0,0.0,0.0,0.0,217.64664,0.0,0.0,0.0,0.0,0.0,-2.56668e-07,0.0,0.0,0.0,0.0,0.0,-0.0,-0.0,0.0,0.0,0.0
1079.5,0.0,-0.0,-2.79478e-07,0.0,0.0,0.0,0.0,0.0,0.0,217.64664,0.0,0.0,0.0,0.0,0.0,-2.56668e-07,0.0,0.0,0.0,0.0,0.0,-0.0,-0.0,0.0,0.0,0.0
1080.0,0.0,-0.0,-2.79478e-07,0.0,0.0,0.0,0.0,0.0,0.0,217.64664,0.0,0.0,0.0,0.0,0.0,-2.56668e-07,0.0,0.0,0.0,0.0,0.0,-0.0,-0.0,0.0,0.0,0.0
1080.5,0.0,-0.0,-2.79478e-07,0.0,0.0,0.0,0.0,0.0,0.0,217.64664,0.0,0.0,0.0,0.0,0.0,-2.56668e-07,0.0,0.0,0.0,0.0,0.0,-0.0,-0.0,0.0,0.0,0.0
1081.0,0.0,-0.0,-2.79478e-07,0.0,0.0,0.0,0.0,0.0,0.0,217.64664,0.0,0.0,0.0,0.0,0.0,-2.56668e-07,0.0,0.0,0.0,0.0,0.0,-0.0,-0.0,0.0,0.0,0.0
1081.5,0.0,-0.0,-2.79478e-07,0.0,0.0,0.0,0.0,0.0,0.0,217.64664,0.0,0.0,0.0,0.0,0.0,-2.56668e-07,0.0,0.0,0.0,0.0,0.0,-0.0,-0.0,0.0,0.0,0.0
1082.0,0.0,-0.0,-2.79478e-07,0.0,0.0,0.0,0.0,0.0,0.0,217.64664,0.0,0.0,0.0,0.0,0.0,-2.56668e-07,0.0,0.0,0.0,0.0,0.0,-0.0,-0.0,0.0,0.0,0.0
1082.5,0.0,-0.0,-2.79478e-07,0.0,0.0,0.0,0.0,0.0,0.0,217.64664,0.0,0.0,0.0,0.0,0.0,-2.56668e-07,0.0,0.0,0.0,0.0,0.0,-0.0,-0.0,0.0,0.0,0.0
1083.0,0.0,-0.0,-2.79478e-07,0.0,0.0,0.0,0.0,0.0,0.0,217.64664,0.0,0.0,0.0,0.0,0.0,-2.56668e-07,0.0,0.0,0.0,0.0,0.0,-0.0,-0.0,0.0,0.0,0.0
1083.5,0.0,-0.0,-2.79478e-07,0.0,0.0,0.0,0.0,0.0,0.0,217.64664,0.0,0.0,0.0,0.0,0.0,-2.56668e-07,0.0,0.0,0.0,0.0,0.0,-0.0,-0.0,0.0,0.0,0.0
1084.0,0.0,-0.0,-2.79478e-07,0.0,0.0,0.0,0.0,0.0,0.0,217.64664,0.0,0.0,0.0,0.0,0.0,-2.56668e-07,0.0,0.0,0.0,0.0,0.0,-0.0,-0.0,0.0,0.0,0.0
1084.5,0.0,-0.0,-2.79478e-07,0.0,0.0,0.0,0.0,0.0,0.0,217.64664,0.0,0.0,0.0,0.0,0.0,-2.56668e-07,0.0,0.0,0.0,0.0,0.0,-0.0,-0.0,0.0,0.0,0.0
1085.0,0.0,-0.0,-2.79478e-07,0.0,0.0,0.0,0.0,0.0,0.0,217.64664,0.0,0.0,0.0,0.0,0.0,-2.56668e-07,0.0,0.0,0.0,0.0,0.0,-0.0,-0.0,0.0,0.0,0.0
1085.5,0.0,-0.0,-2.79478e-07,0.0,0.0,0.0,0.0,0.0,0.0,217.64664,0.0,0.0,0.0,0.0,0.0,-2.56668e-07,0.0,0.0,0.0,0.0,0.0,-0.0,-0.0,0.0,0.0,0.0
1086.0,0.0,-0.0,-2.79478e-07,0.0,0.0,0.0,0.0,0.0,0.0,217.64664,0.0,0.0,0.0,0.0,0.0,-2.56668e-07,0.0,0.0,0.0,0.0,0.0,-0.0,-0.0,0.0,0.0,0.0
1086.5,0.0,-0.0,-2.79478e-07,0.0,0.0,0.0,0.0,0.0,0.0,217.64664,0.0,0.0,0.0,0.0,0.0,-2.56668e-07,0.0,0.0,0.0,0.0,0.0,-0.0,-0.0,0.0,0.0,0.0
1087.0,0.0,-0.0,-2.79478e-07,0.0,0.0,0.0,0.0,0.0,0.0,217.64664,0.0,0.0,0.0,0.0,0.0,-2.56668e-07,0.0,0.0,0.0,-0.0,0.0,-0.0,-0.0,0.0,0.0,0.0
1087.5,0.0,-0.0,-2.79478e-07,0.0,0.0,0.0,0.0,0.0,0.0,217.64664,0.0,0.0,0.0,0.0,0.0,-2.56668e-07,0.0,0.0,0.0,0.0,0.0,-0.0,-0.0,0.0,0.0,0.0
1088.0,0.0,-0.0,-2.79478e-07,0.0,0.0,0.0,0.0,0.0,0.0,217.64664,0.0,0.0,0.0,0.0,0.0,-2.56668e-07,0.0,0.0,0.0,0.0,0.0,-0.0,-0.0,0.0,0.0,0.0
1088.5,0.0,-0.0,-2.79478e-07,0.0,0.0,0.0,0.0,0.0,0.0,217.64664,0.0,0.0,0.0,0.0,0.0,-2.56668e-07,0.0,0.0,0.0,0.0,0.0,-0.0,-0.0,0.0,0.0,0.0
1089.0,0.0,-0.0,-2.79478e-07,0.0,0.0,0.0,0.0,0.0,0.0,217.64664,0.0,0.0,0.0,0.0,0.0,-2.56668e-07,0.0,0.0,0.0,0.0,0.0,-0.0,-0.0,0.0,0.0,0.0
1089.5,0.0,-0.0,-2.79478e-07,0.0,0.0,0.0,0.0,0.0,0.0,217.64664,0.0,0.0,0.0,0.0,0.0,-2.56668e-07,0.0,0.0,0.0,0.0,0.0,-0.0,-0.0,0.0,0.0,0.0
1090.0,0.0,-0.0,-2.79478e-07,0.0,0.0,0.0,0.0,0.0,0.0,217.64664,0.0,0.0,0.0,0.0,0.0,-2.56668e-07,0.0,0.0,0.0,-0.0,0.0,-0.0,-0.0,0.0,0.0,0.0
1090.5,0.0,-0.0,-2.79478e-07,0.0,0.0,0.0,0.0,0.0,0.0,217.64664,0.0,0.0,0.0,0.0,0.0,-2.56668e-07,0.0,0.0,0.0,0.0,0.0,-0.0,-0.0,0.0,0.0,0.0
1091.0,0.0,-0.0,-2.79478e-07,0.0,0.0,0.0,0.0,0.0,0.0,217.64664,0.0,0.0,0.0,0.0,0.0,-2.56668e-07,0.0,0.0,0.0,0.0,0.0,-0.0,-0.0,0.0,0.0,0.0
1091.5,0.0,-0.0,-2.79478e-07,0.0,0.0,0.0,0.0,0.0,0.0,217.64664,0.0,0.0,0.0,0.0,0.0,-2.56668e-07,0.0,0.0,0.0,0.0,0.0,-0.0,-0.0,0.0,0.0,0.0
1092.0,0.0,-0.0,-2.79478e-07,0.0,0.0,0.0,0.0,0.0,0.0,217.64664,0.0,0.0,0.0,0.0,0.0,-2.56668e-07,0.0,0.0,0.0,0.0,0.0,-0.0,-0.0,0.0,0.0,0.0
1092.5,0.0,-0.0,-2.79478e-07,0.0,0.0,0.0,0.0,0.0,0.0,217.64664,0.0,0.0,0.0,0.0,0.0,-2.56668e-07,0.0,0.0,0.0,0.0,0.0,-0.0,-0.0,0.0,0.0,0.0
1093.0,0.0,-0.0,-2.79478e-07,0.0,0.0,0.0,0.0,0.0,0.0,217.64664,0.0,0.0,0.0,0.0,0.0,-2.56668e-07,0.0,0.0,0.0,0.0,0.0,-0.0,-0.0,0.0,0.0,0.0
1093.5,0.0,-0.0,-2.79478e-07,0.0,0.0,0.0,0.0,0.0,0.0,217.64664,0.0,0.0,0.0,0.0,0.0,-2.56668e-07,0.0,0.0,0.0,0.0,0.0,-0.0,-0.0,0.0,0.0,0.0
1094.0,0.0,-0.0,-2.79478e-07,0.0,0.0,0.0,0.0,0.0,0.0,217.64664,0.0,0.0,0.0,0.0,0.0,-2.56668e-07,0.0,0.0,0.0,0.0,0.0,-0.0,-0.0,0.0,0.0,0.0
1094.5,0.0,-0.0,-2.79478e-07,0.0,0.0,0.0,0.0,0.0,0.0,217.64664,0.0,0.0,0.0,0.0,0.0,-2.56668e-07,0.0,0.0,0.0,0.0,0.0,-0.0,-0.0,0.0,0.0,0.0
1095.0,0.0,-0.0,-2.79478e-07,0.0,0.0,0.0,0.0,0.0,0.0,217.64664,0.0,0.0,0.0,0.0,0.0,-2.56668e-07,0.0,0.0,0.0,0.0,0.0,-0.0,-0.0,0.0,0.0,0.0
1095.5,0.0,-0.0,-2.79478e-07,0.0,0.0,0.0,0.0,0.0,0.0,217.64664,0.0,0.0,0.0,0.0,0.0,-2.56668e-07,0.0,0.0,0.0,0.0,0.0,-0.0,-0.0,0.0,0.0,0.0
1096.0,0.0,-0.0,-2.79478e-07,0.0,0.0,0.0,0.0,0.0,0.0,217.64664,0.0,0.0,0.0,0.0,0.0,-2.56668e-07,0.0,0.0,0.0,0.0,0.0,-0.0,-0.0,0.0,0.0,0.0
1096.5,0.0,-0.0,-2.79478e-07,0.0,0.0,0.0,0.0,0.0,0.0,217.64664,0.0,0.0,0.0,0.0,0.0,-2.56668e-07,0.0,0.0,0.0,0.0,0.0,-0.0,-0.0,0.0,0.0,0.0
1097.0,0.0,-0.0,-2.79478e-07,0.0,0.0,0.0,0.0,0.0,0.0,217.64664,0.0,0.0,0.0,0.0,0.0,-2.56668e-07,0.0,0.0,0.0,0.0,0.0,-0.0,-0.0,0.0,0.0,0.0
1097.5,0.0,-0.0,-2.79478e-07,0.0,0.0,0.0,0.0,0.0,0.0,217.64664,0.0,0.0,0.0,0.0,0.0,-2.56668e-07,0.0,0.0,0.0,0.0,0.0,-0.0,-0.0,0.0,0.0,0.0
1098.0,0.0,-0.0,-2.79478e-07,0.0,0.0,0.0,0.0,0.0,0.0,217.64664,0.0,0.0,0.0,0.0,0.0,-2.56668e-07,0.0,0.0,0.0,0.0,0.0,-0.0,-0.0,0.0,0.0,0.0
1098.5,0.0,-0.0,-2.79478e-07,0.0,0.0,0.0,0.0,0.0,0.0,217.64664,0.0,0.0,0.0,0.0,0.0,-2.56668e-07,0.0,0.0,0.0,0.0,0.0,-0.0,-0.0,0.0,0.0,0.0
1099.0,0.0,-0.0,-2.79478e-07,0.0,0.0,0.0,0.0,0.0,0.0,217.64664,0.0,0.0,0.0,0.0,0.0,-2.56668e-07,0.0,0.0,0.0,0.0,0.0,-0.0,-0.0,0.0,0.0,0.0
1099.5,0.0,-0.0,-2.79478e-07,0.0,0.0,0.0,0.0,0.0,0.0,217.64664,0.0,0.0,0.0,0.0,0.0,-2.56668e-07,0.0,0.0,0.0,0.0,0.0,-0.0,-0.0,0.0,0.0,0.0
1100.0,0.0,-0.0,-2.79478e-07,0.0,0.0,0.0,0.0,0.0,0.0,217.64664,0.0,0.0,0.0,0.0,0.0,-2.56668e-07,0.0,0.0,0.0,0.0,0.0,-0.0,-0.0,0.0,0.0,0.0
1100.5,0.0,-0.0,-2.79478e-07,0.0,0.0,0.0,0.0,0.0,0.0,217.64664,0.0,0.0,0.0,0.0,0.0,-2.56668e-07,0.0,0.0,0.0,0.0,0.0,-0.0,-0.0,0.0,0.0,0.0
1101.0,0.0,-0.0,-2.79478e-07,0.0,0.0,0.0,0.0,0.0,0.0,217.64664,0.0,0.0,0.0,0.0,0.0,-2.56668e-07,0.0,0.0,0.0,-0.0,0.0,-0.0,-0.0,0.0,0.0,0.0
1101.5,0.0,-0.0,-2.79478e-07,0.0,0.0,0.0,0.0,0.0,0.0,217.64664,0.0,0.0,0.0,0.0,0.0,-2.56668e-07,0.0,0.0,0.0,0.0,0.0,-0.0,-0.0,0.0,0.0,0.0
1102.0,0.0,-0.0,-2.79478e-07,0.0,0.0,0.0,0.0,0.0,0.0,217.64664,0.0,0.0,0.0,0.0,0.0,-2.56668e-07,0.0,0.0,0.0,0.0,0.0,-0.0,-0.0,0.0,0.0,0.0
1102.5,0.0,-0.0,-2.79478e-07,0.0,0.0,0.0,0.0,0.0,0.0,217.64664,0.0,0.0,0.0,0.0,0.0,-2.56668e-07,0.0,0.0,0.0,0.0,0.0,-0.0,-0.0,0.0,0.0,0.0
1103.0,0.0,-0.0,-2.79478e-07,0.0,0.0,0.0,0.0,0.0,0.0,217.64664,0.0,0.0,0.0,0.0,0.0,-2.56668e-07,0.0,0.0,0.0,0.0,0.0,-0.0,-0.0,0.0,0.0,0.0
1103.5,0.0,-0.0,-2.79478e-07,0.0,0.0,0.0,0.0,0.0,0.0,217.64664,0.0,0.0,0.0,0.0,0.0,-2.56668e-07,0.0,0.0,0.0,-0.0,0.0,-0.0,-0.0,0.0,0.0,0.0
1104.0,0.0,-0.0,-2.79478e-07,0.0,0.0,0.0,0.0,0.0,0.0,217.64664,0.0,0.0,0.0,0.0,0.0,-2.56668e-07,0.0,0.0,0.0,0.0,0.0,-0.0,-0.0,0.0,0.0,0.0
1104.5,0.0,-0.0,-2.79478e-07,0.0,0.0,0.0,0.0,0.0,0.0,217.64664,0.0,0.0,0.0,0.0,0.0,-2.56668e-07,0.0,0.0,0.0,0.0,0.0,-0.0,-0.0,0.0,0.0,0.0
1105.0,0.0,-0.0,-2.79478e-07,0.0,0.0,0.0,0.0,0.0,0.0,217.64664,0.0,0.0,0.0,0.0,0.0,-2.56668e-07,0.0,0.0,0.0,0.0,0.0,-0.0,-0.0,0.0,0.0,0.0
1105.5,0.0,-0.0,-2.79478e-07,0.0,0.0,0.0,0.0,0.0,0.0,217.64664,0.0,0.0,0.0,0.0,0.0,-2.56668e-07,0.0,0.0,0.0,0.0,0.0,-0.0,-0.0,0.0,0.0,0.0
1106.0,0.0,-0.0,-2.79478e-07,0.0,0.0,0.0,0.0,0.0,0.0,217.64664,0.0,0.0,0.0,0.0,0.0,-2.56668e-07,0.0,0.0,0.0,-0.0,0.0,-0.0,-0.0,0.0,0.0,0.0
1106.5,0.0,-0.0,-2.79478e-07,0.0,0.0,0.0,0.0,0.0,0.0,217.64664,0.0,0.0,0.0,0.0,0.0,-2.56668e-07,0.0,0.0,0.0,0.0,0.0,-0.0,-0.0,0.0,0.0,0.0
1107.0,0.0,-0.0,-2.79478e-07,0.0,0.0,0.0,0.0,0.0,0.0,217.64664,0.0,0.0,0.0,0.0,0.0,-2.56668e-07,0.0,0.0,0.0,0.0,0.0,-0.0,-0.0,0.0,0.0,0.0
1107.5,0.0,-0.0,-2.79478e-07,0.0,0.0,0.0,0.0,0.0,0.0,217.64664,0.0,0.0,0.0,0.0,0.0,-2.56668e-07,0.0,0.0,0.0,0.0,0.0,-0.0,-0.0,0.0,0.0,0.0
1108.0,0.0,-0.0,-2.79478e-07,0.0,0.0,0.0,0.0,0.0,0.0,217.64664,0.0,0.0,0.0,0.0,0.0,-2.56668e-07,0.0,0.0,0.0,0.0,0.0,-0.0,-0.0,0.0,0.0,0.0
1108.5,0.0,-0.0,-2.79478e-07,0.0,0.0,0.0,0.0,0.0,0.0,217.64664,0.0,0.0,0.0,0.0,0.0,-2.56668e-07,0.0,0.0,0.0,0.0,0.0,-0.0,-0.0,0.0,0.0,0.0
1109.0,0.0,-0.0,-2.79478e-07,0.0,0.0,0.0,0.0,0.0,0.0,217.64664,0.0,0.0,0.0,0.0,0.0,-2.56668e-07,0.0,0.0,0.0,0.0,0.0,-0.0,-0.0,0.0,0.0,0.0
1109.5,0.0,-0.0,-2.79478e-07,0.0,0.0,0.0,0.0,0.0,0.0,217.64664,0.0,0.0,0.0,0.0,0.0,-2.56668e-07,0.0,0.0,0.0,0.0,0.0,-0.0,-0.0,0.0,0.0,0.0
1110.0,0.0,-0.0,-2.79478e-07,0.0,0.0,0.0,0.0,0.0,0.0,217.64664,0.0,0.0,0.0,0.0,0.0,-2.56668e-07,0.0,0.0,0.0,0.0,0.0,-0.0,-0.0,0.0,0.0,0.0
1110.5,0.0,-0.0,-2.79478e-07,0.0,0.0,0.0,0.0,0.0,0.0,217.64664,0.0,0.0,0.0,0.0,0.0,-2.56668e-07,0.0,0.0,0.0,0.0,0.0,-0.0,-0.0,0.0,0.0,0.0
1111.0,0.0,-0.0,-2.79478e-07,0.0,0.0,0.0,0.0,0.0,0.0,217.64664,0.0,0.0,0.0,0.0,0.0,-2.56668e-07,0.0,0.0,0.0,0.0,0.0,-0.0,-0.0,0.0,0.0,0.0
1111.5,0.0,-0.0,-2.79478e-07,0.0,0.0,0.0,0.0,0.0,0.0,217.64664,0.0,0.0,0.0,0.0,0.0,-2.56668e-07,0.0,0.0,0.0,0.0,0.0,-0.0,-0.0,0.0,0.0,0.0
1112.0,0.0,-0.0,-2.79478e-07,0.0,0.0,0.0,0.0,0.0,0.0,217.64664,0.0,0.0,0.0,0.0,0.0,-2.56668e-07,0.0,0.0,0.0,0.0,0.0,-0.0,-0.0,0.0,0.0,0.0
1112.5,0.0,-0.0,-2.79478e-07,0.0,0.0,0.0,0.0,0.0,0.0,217.64664,0.0,0.0,0.0,0.0,0.0,-2.56668e-07,0.0,0.0,0.0,0.0,0.0,-0.0,-0.0,0.0,0.0,0.0
1113.0,0.0,-0.0,-2.79478e-07,0.0,0.0,0.0,0.0,0.0,0.0,217.64664,0.0,0.0,0.0,0.0,0.0,-2.56668e-07,0.0,0.0,0.0,0.0,0.0,-0.0,-0.0,0.0,0.0,0.0
1113.5,0.0,-0.0,-2.79478e-07,0.0,0.0,0.0,0.0,0.0,0.0,217.64664,0.0,0.0,0.0,0.0,0.0,-2.56668e-07,0.0,0.0,0.0,0.0,0.0,-0.0,-0.0,0.0,0.0,0.0
1114.0,0.0,-0.0,-2.79478e-07,0.0,0.0,0.0,0.0,0.0,0.0,217.64664,0.0,0.0,0.0,0.0,0.0,-2.56668e-07,0.0,0.0,0.0,0.0,0.0,-0.0,-0.0,0.0,0.0,0.0
1114.5,0.0,-0.0,-2.79478e-07,0.0,0.0,0.0,0.0,0.0,0.0,217.64664,0.0,0.0,0.0,0.0,0.0,-2.56668e-07,0.0,0.0,0.0,-0.0,0.0,-0.0,-0.0,0.0,0.0,0.0
1115.0,0.0,-0.0,-2.79478e-07,0.0,0.0,0.0,0.0,0.0,0.0,217.64664,0.0,0.0,0.0,0.0,0.0,-2.56668e-07,0.0,0.0,0.0,0.0,0.0,-0.0,-0.0,0.0,0.0,0.0
1115.5,0.0,-0.0,-2.79478e-07,0.0,0.0,0.0,0.0,0.0,0.0,217.64664,0.0,0.0,0.0,0.0,0.0,-2.56668e-07,0.0,0.0,0.0,0.0,0.0,-0.0,-0.0,0.0,0.0,0.0
1116.0,0.0,-0.0,-2.79478e-07,0.0,0.0,0.0,0.0,0.0,0.0,217.64664,0.0,0.0,0.0,0.0,0.0,-2.56668e-07,0.0,0.0,0.0,0.0,0.0,-0.0,-0.0,0.0,0.0,0.0
1116.5,0.0,-0.0,-2.79478e-07,0.0,0.0,0.0,0.0,0.0,0.0,217.64664,0.0,0.0,0.0,0.0,0.0,-2.56668e-07,0.0,0.0,0.0,0.0,0.0,-0.0,-0.0,0.0,0.0,0.0
1117.0,0.0,-0.0,-2.79478e-07,0.0,0.0,0.0,0.0,0.0,0.0,217.64664,0.0,0.0,0.0,0.0,0.0,-2.56668e-07,0.0,0.0,0.0,-0.0,0.0,-0.0,-0.0,0.0,0.0,0.0
1117.5,0.0,-0.0,-2.79478e-07,0.0,0.0,0.0,0.0,0.0,0.0,217.64664,0.0,0.0,0.0,0.0,0.0,-2.56668e-07,0.0,0.0,0.0,0.0,0.0,-0.0,-0.0,0.0,0.0,0.0
1118.0,0.0,-0.0,-2.79478e-07,0.0,0.0,0.0,0.0,0.0,0.0,217.64664,0.0,0.0,0.0,0.0,0.0,-2.56668e-07,0.0,0.0,0.0,0.0,0.0,-0.0,-0.0,0.0,0.0,0.0
1118.5,0.0,-0.0,-2.79478e-07,0.0,0.0,0.0,0.0,0.0,0.0,217.64664,0.0,0.0,0.0,0.0,0.0,-2.56668e-07,0.0,0.0,0.0,0.0,0.0,-0.0,-0.0,0.0,0.0,0.0
1119.0,0.0,-0.0,-2.79478e-07,0.0,0.0,0.0,0.0,0.0,0.0,217.64664,0.0,0.0,0.0,0.0,0.0,-2.56668e-07,0.0,0.0,0.0,0.0,0.0,-0.0,-0.0,0.0,0.0,0.0
1119.5,0.0,-0.0,-2.79478e-07,0.0,0.0,0.0,0.0,0.0,0.0,217.64664,0.0,0.0,0.0,0.0,0.0,-2.56668e-07,0.0,0.0,0.0,0.0,0.0,-0.0,-0.0,0.0,0.0,0.0
1120.0,0.0,-0.0,-2.79478e-07,0.0,0.0,0.0,0.0,0.0,0.0,217.64664,0.0,0.0,0.0,0.0,0.0,-2.56668e-07,0.0,0.0,0.0,-0.0,0.0,-0.0,-0.0,0.0,0.0,0.0
1120.5,0.0,-0.0,-2.79478e-07,0.0,0.0,0.0,0.0,0.0,0.0,217.64664,0.0,0.0,0.0,0.0,0.0,-2.56668e-07,0.0,0.0,0.0,0.0,0.0,-0.0,-0.0,0.0,0.0,0.0
1121.0,0.0,-0.0,-2.79478e-07,0.0,0.0,0.0,0.0,0.0,0.0,217.64664,0.0,0.0,0.0,0.0,0.0,-2.56668e-07,0.0,0.0,0.0,0.0,0.0,-0.0,-0.0,0.0,0.0,0.0
1121.5,0.0,-0.0,-2.79478e-07,0.0,0.0,0.0,0.0,0.0,0.0,217.64664,0.0,0.0,0.0,0.0,0.0,-2.56668e-07,0.0,0.0,0.0,0.0,0.0,-0.0,-0.0,0.0,0.0,0.0
1122.0,0.0,-0.0,-2.79478e-07,0.0,0.0,0.0,0.0,0.0,0.0,217.64664,0.0,0.0,0.0,0.0,0.0,-2.56668e-07,0.0,0.0,0.0,0.0,0.0,-0.0,-0.0,0.0,0.0,0.0
1122.5,0.0,-0.0,-2.79478e-07,0.0,0.0,0.0,0.0,0.0,0.0,217.64664,0.0,0.0,0.0,0.0,0.0,-2.56668e-07,0.0,0.0,0.0,0.0,0.0,-0.0,-0.0,0.0,0.0,0.0
1123.0,0.0,-0.0,-2.79478e-07,0.0,0.0,0.0,0.0,0.0,0.0,217.64664,0.0,0.0,0.0,0.0,0.0,-2.56668e-07,0.0,0.0,0.0,0.0,0.0,-0.0,-0.0,0.0,0.0,0.0
1123.5,0.0,-0.0,-2.79478e-07,0.0,0.0,0.0,0.0,0.0,0.0,217.64664,0.0,0.0,0.0,0.0,0.0,-2.56668e-07,0.0,0.0,0.0,0.0,0.0,-0.0,-0.0,0.0,0.0,0.0
1124.0,0.0,-0.0,-2.79478e-07,0.0,0.0,0.0,0.0,0.0,0.0,217.64664,0.0,0.0,0.0,0.0,0.0,-2.56668e-07,0.0,0.0,0.0,0.0,0.0,-0.0,-0.0,0.0,0.0,0.0
1124.5,0.0,-0.0,-2.79478e-07,0.0,0.0,0.0,0.0,0.0,0.0,217.64664,0.0,0.0,0.0,0.0,0.0,-2.56668e-07,0.0,0.0,0.0,0.0,0.0,-0.0,-0.0,0.0,0.0,0.0
1125.0,0.0,-0.0,-2.79478e-07,0.0,0.0,0.0,0.0,0.0,0.0,217.64664,0.0,0.0,0.0,0.0,0.0,-2.56668e-07,0.0,0.0,0.0,0.0,0.0,-0.0,-0.0,0.0,0.0,0.0
1125.5,0.0,-0.0,-2.79478e-07,0.0,0.0,0.0,0.0,0.0,0.0,217.64664,0.0,0.0,0.0,0.0,0.0,-2.56668e-07,0.0,0.0,0.0,0.0,0.0,-0.0,-0.0,0.0,0.0,0.0
1126.0,0.0,-0.0,-2.79478e-07,0.0,0.0,0.0,0.0,0.0,0.0,217.64664,0.0,0.0,0.0,0.0,0.0,-2.56668e-07,0.0,0.0,0.0,0.0,0.0,-0.0,-0.0,0.0,0.0,0.0
1126.5,0.0,-0.0,-2.79478e-07,0.0,0.0,0.0,0.0,0.0,0.0,217.64664,0.0,0.0,0.0,0.0,0.0,-2.56668e-07,0.0,0.0,0.0,0.0,0.0,-0.0,-0.0,0.0,0.0,0.0
1127.0,0.0,-0.0,-2.79478e-07,0.0,0.0,0.0,0.0,0.0,0.0,217.64664,0.0,0.0,0.0,0.0,0.0,-2.56668e-07,0.0,0.0,0.0,0.0,0.0,-0.0,-0.0,0.0,0.0,0.0
1127.5,0.0,-0.0,-2.79478e-07,0.0,0.0,0.0,0.0,0.0,0.0,217.64664,0.0,0.0,0.0,0.0,0.0,-2.56668e-07,0.0,0.0,0.0,0.0,0.0,-0.0,-0.0,0.0,0.0,0.0
1128.0,0.0,-0.0,-2.79478e-07,0.0,0.0,0.0,0.0,0.0,0.0,217.64664,0.0,0.0,0.0,0.0,0.0,-2.56668e-07,0.0,0.0,0.0,0.0,0.0,-0.0,-0.0,0.0,0.0,0.0
1128.5,0.0,-0.0,-2.79478e-07,0.0,0.0,0.0,0.0,0.0,0.0,217.64664,0.0,0.0,0.0,0.0,0.0,-2.56668e-07,0.0,0.0,0.0,0.0,0.0,-0.0,-0.0,0.0,0.0,0.0
1129.0,0.0,-0.0,-2.79478e-07,0.0,0.0,0.0,0.0,0.0,0.0,217.64664,0.0,0.0,0.0,0.0,0.0,-2.56668e-07,0.0,0.0,0.0,0.0,0.0,-0.0,-0.0,0.0,0.0,0.0
1129.5,0.0,-0.0,-2.79478e-07,0.0,0.0,0.0,0.0,0.0,0.0,217.64664,0.0,0.0,0.0,0.0,0.0,-2.56668e-07,0.0,0.0,0.0,0.0,0.0,-0.0,-0.0,0.0,0.0,0.0
1130.0,0.0,-0.0,-2.79478e-07,0.0,0.0,0.0,0.0,0.0,0.0,217.64664,0.0,0.0,0.0,0.0,0.0,-2.56668e-07,0.0,0.0,0.0,0.0,0.0,-0.0,-0.0,0.0,0.0,0.0
1130.5,0.0,-0.0,-2.79478e-07,0.0,0.0,0.0,0.0,0.0,0.0,217.64664,0.0,0.0,0.0,0.0,0.0,-2.56668e-07,0.0,0.0,0.0,-0.0,0.0,-0.0,-0.0,0.0,0.0,0.0
1131.0,0.0,-0.0,-2.79478e-07,0.0,0.0,0.0,0.0,0.0,0.0,217.64664,0.0,0.0,0.0,0.0,0.0,-2.56668e-07,0.0,0.0,0.0,0.0,0.0,-0.0,-0.0,0.0,0.0,0.0
1131.5,0.0,-0.0,-2.79478e-07,0.0,0.0,0.0,0.0,0.0,0.0,217.64664,0.0,0.0,0.0,0.0,0.0,-2.56668e-07,0.0,0.0,0.0,0.0,0.0,-0.0,-0.0,0.0,0.0,0.0
1132.0,0.0,-0.0,-2.79478e-07,0.0,0.0,0.0,0.0,0.0,0.0,217.64664,0.0,0.0,0.0,0.0,0.0,-2.56668e-07,0.0,0.0,0.0,0.0,0.0,-0.0,-0.0,0.0,0.0,0.0
1132.5,0.0,-0.0,-2.79478e-07,0.0,0.0,0.0,0.0,0.0,0.0,217.64664,0.0,0.0,0.0,0.0,0.0,-2.56668e-07,0.0,0.0,0.0,0.0,0.0,-0.0,-0.0,0.0,0.0,0.0
1133.0,0.0,-0.0,-2.79478e-07,0.0,0.0,0.0,0.0,0.0,0.0,217.64664,0.0,0.0,0.0,0.0,0.0,-2.56668e-07,0.0,0.0,0.0,0.0,0.0,-0.0,-0.0,0.0,0.0,0.0
1133.5,0.0,-0.0,-2.79478e-07,0.0,0.0,0.0,0.0,0.0,0.0,217.64664,0.0,0.0,0.0,0.0,0.0,-2.56668e-07,0.0,0.0,0.0,-0.0,0.0,-0.0,-0.0,0.0,0.0,0.0
1134.0,0.0,-0.0,-2.79478e-07,0.0,0.0,0.0,0.0,0.0,0.0,217.64664,0.0,0.0,0.0,0.0,0.0,-2.56668e-07,0.0,0.0,0.0,0.0,0.0,-0.0,-0.0,0.0,0.0,0.0
1134.5,0.0,-0.0,-2.79478e-07,0.0,0.0,0.0,0.0,0.0,0.0,217.64664,0.0,0.0,0.0,0.0,0.0,-2.56668e-07,0.0,0.0,0.0,0.0,0.0,-0.0,-0.0,0.0,0.0,0.0
1135.0,0.0,-0.0,-2.79478e-07,0.0,0.0,0.0,0.0,0.0,0.0,217.64664,0.0,0.0,0.0,0.0,0.0,-2.56668e-07,0.0,0.0,0.0,0.0,0.0,-0.0,-0.0,0.0,0.0,0.0
1135.5,0.0,-0.0,-2.79478e-07,0.0,0.0,0.0,0.0,0.0,0.0,217.64664,0.0,0.0,0.0,0.0,0.0,-2.56668e-07,0.0,0.0,0.0,0.0,0.0,-0.0,-0.0,0.0,0.0,0.0
1136.0,0.0,-0.0,-2.79478e-07,0.0,0.0,0.0,0.0,0.0,0.0,217.64664,0.0,0.0,0.0,0.0,0.0,-2.56668e-07,0.0,0.0,0.0,-0.0,0.0,-0.0,-0.0,0.0,0.0,0.0
1136.5,0.0,-0.0,-2.79478e-07,0.0,0.0,0.0,0.0,0.0,0.0,217.64664,0.0,0.0,0.0,0.0,0.0,-2.56668e-07,0.0,0.0,0.0,0.0,0.0,-0.0,-0.0,0.0,0.0,0.0
1137.0,0.0,-0.0,-2.79478e-07,0.0,0.0,0.0,0.0,0.0,0.0,217.64664,0.0,0.0,0.0,0.0,0.0,-2.56668e-07,0.0,0.0,0.0,0.0,0.0,-0.0,-0.0,0.0,0.0,0.0
1137.5,0.0,-0.0,-2.79478e-07,0.0,0.0,0.0,0.0,0.0,0.0,217.64664,0.0,0.0,0.0,0.0,0.0,-2.56668e-07,0.0,0.0,0.0,0.0,0.0,-0.0,-0.0,0.0,0.0,0.0
1138.0,0.0,-0.0,-2.79478e-07,0.0,0.0,0.0,0.0,0.0,0.0,217.64664,0.0,0.0,0.0,0.0,0.0,-2.56668e-07,0.0,0.0,0.0,0.0,0.0,-0.0,-0.0,0.0,0.0,0.0
1138.5,0.0,-0.0,-2.79478e-07,0.0,0.0,0.0,0.0,0.0,0.0,217.64664,0.0,0.0,0.0,0.0,0.0,-2.56668e-07,0.0,0.0,0.0,0.0,0.0,-0.0,-0.0,0.0,0.0,0.0
1139.0,0.0,-0.0,-2.79478e-07,0.0,0.0,0.0,0.0,0.0,0.0,217.64664,0.0,0.0,0.0,0.0,0.0,-2.56668e-07,0.0,0.0,0.0,0.0,0.0,-0.0,-0.0,0.0,0.0,0.0
1139.5,0.0,-0.0,-2.79478e-07,0.0,0.0,0.0,0.0,0.0,0.0,217.64664,0.0,0.0,0.0,0.0,0.0,-2.56668e-07,0.0,0.0,0.0,0.0,0.0,-0.0,-0.0,0.0,0.0,0.0
1140.0,0.0,-0.0,-2.79478e-07,0.0,0.0,0.0,0.0,0.0,0.0,217.64664,0.0,0.0,0.0,0.0,0.0,-2.56668e-07,0.0,0.0,0.0,0.0,0.0,-0.0,-0.0,0.0,0.0,0.0
1140.5,0.0,-0.0,-2.79478e-07,0.0,0.0,0.0,0.0,0.0,0.0,217.64664,0.0,0.0,0.0,0.0,0.0,-2.56668e-07,0.0,0.0,0.0,0.0,0.0,-0.0,-0.0,0.0,0.0,0.0
1141.0,0.0,-0.0,-2.79478e-07,0.0,0.0,0.0,0.0,0.0,0.0,217.64664,0.0,0.0,0.0,0.0,0.0,-2.56668e-07,0.0,0.0,0.0,0.0,0.0,-0.0,-0.0,0.0,0.0,0.0
1141.5,0.0,-0.0,-2.79478e-07,0.0,0.0,0.0,0.0,0.0,0.0,217.64664,0.0,0.0,0.0,0.0,0.0,-2.56668e-07,0.0,0.0,0.0,0.0,0.0,-0.0,-0.0,0.0,0.0,0.0
1142.0,0.0,-0.0,-2.79478e-07,0.0,0.0,0.0,0.0,0.0,0.0,217.64664,0.0,0.0,0.0,0.0,0.0,-2.56668e-07,0.0,0.0,0.0,0.0,0.0,-0.0,-0.0,0.0,0.0,0.0
1142.5,0.0,-0.0,-2.79478e-07,0.0,0.0,0.0,0.0,0.0,0.0,217.64664,0.0,0.0,0.0,0.0,0.0,-2.56668e-07,0.0,0.0,0.0,0.0,0.0,-0.0,-0.0,0.0,0.0,0.0
1143.0,0.0,-0.0,-2.79478e-07,0.0,0.0,0.0,0.0,0.0,0.0,217.64664,0.0,0.0,0.0,0.0,0.0,-2.56668e-07,0.0,0.0,0.0,0.0,0.0,-0.0,-0.0,0.0,0.0,0.0
1143.5,0.0,-0.0,-2.79478e-07,0.0,0.0,0.0,0.0,0.0,0.0,217.64664,0.0,0.0,0.0,0.0,0.0,-2.56668e-07,0.0,0.0,0.0,0.0,0.0,-0.0,-0.0,0.0,0.0,0.0
1144.0,0.0,-0.0,-2.79478e-07,0.0,0.0,0.0,0.0,0.0,0.0,217.64664,0.0,0.0,0.0,0.0,0.0,-2.56668e-07,0.0,0.0,0.0,0.0,0.0,-0.0,-0.0,0.0,0.0,0.0
1144.5,0.0,-0.0,-2.79478e-07,0.0,0.0,0.0,0.0,0.0,0.0,217.64664,0.0,0.0,0.0,0.0,0.0,-2.56668e-07,0.0,0.0,0.0,-0.0,0.0,-0.0,-0.0,0.0,0.0,0.0
1145.0,0.0,-0.0,-2.79478e-07,0.0,0.0,0.0,0.0,0.0,0.0,217.64664,0.0,0.0,0.0,0.0,0.0,-2.56668e-07,0.0,0.0,0.0,0.0,0.0,-0.0,-0.0,0.0,0.0,0.0
1145.5,0.0,-0.0,-2.79478e-07,0.0,0.0,0.0,0.0,0.0,0.0,217.64664,0.0,0.0,0.0,0.0,0.0,-2.56668e-07,0.0,0.0,0.0,0.0,0.0,-0.0,-0.0,0.0,0.0,0.0
1146.0,0.0,-0.0,-2.79478e-07,0.0,0.0,0.0,0.0,0.0,0.0,217.64664,0.0,0.0,0.0,0.0,0.0,-2.56668e-07,0.0,0.0,0.0,0.0,0.0,-0.0,-0.0,0.0,0.0,0.0
1146.5,0.0,-0.0,-2.79478e-07,0.0,0.0,0.0,0.0,0.0,0.0,217.64664,0.0,0.0,0.0,0.0,0.0,-2.56668e-07,0.0,0.0,0.0,0.0,0.0,-0.0,-0.0,0.0,0.0,0.0
1147.0,0.0,-0.0,-2.79478e-07,0.0,0.0,0.0,0.0,0.0,0.0,217.64664,0.0,0.0,0.0,0.0,0.0,-2.56668e-07,0.0,0.0,0.0,-0.0,0.0,-0.0,-0.0,0.0,0.0,0.0
1147.5,0.0,-0.0,-2.79478e-07,0.0,0.0,0.0,0.0,0.0,0.0,217.64664,0.0,0.0,0.0,0.0,0.0,-2.56668e-07,0.0,0.0,0.0,0.0,0.0,-0.0,-0.0,0.0,0.0,0.0
1148.0,0.0,-0.0,-2.79478e-07,0.0,0.0,0.0,0.0,0.0,0.0,217.64664,0.0,0.0,0.0,0.0,0.0,-2.56668e-07,0.0,0.0,0.0,0.0,0.0,-0.0,-0.0,0.0,0.0,0.0
1148.5,0.0,-0.0,-2.79478e-07,0.0,0.0,0.0,0.0,0.0,0.0,217.64664,0.0,0.0,0.0,0.0,0.0,-2.56668e-07,0.0,0.0,0.0,0.0,0.0,-0.0,-0.0,0.0,0.0,0.0
1149.0,0.0,-0.0,-2.79478e-07,0.0,0.0,0.0,0.0,0.0,0.0,217.64664,0.0,0.0,0.0,0.0,0.0,-2.56668e-07,0.0,0.0,0.0,0.0,0.0,-0.0,-0.0,0.0,0.0,0.0
1149.5,0.0,-0.0,-2.79478e-07,0.0,0.0,0.0,0.0,0.0,0.0,217.64664,0.0,0.0,0.0,0.0,0.0,-2.56668e-07,0.0,0.0,0.0,-0.0,0.0,-0.0,-0.0,0.0,0.0,0.0
1150.0,0.0,-0.0,-2.79478e-07,0.0,0.0,0.0,0.0,0.0,0.0,217.64664,0.0,0.0,0.0,0.0,0.0,-2.56668e-07,0.0,0.0,0.0,0.0,0.0,-0.0,-0.0,0.0,0.0,0.0
1150.5,0.0,-0.0,-2.79478e-07,0.0,0.0,0.0,0.0,0.0,0.0,217.64664,0.0,0.0,0.0,0.0,0.0,-2.56668e-07,0.0,0.0,0.0,0.0,0.0,-0.0,-0.0,0.0,0.0,0.0
1151.0,0.0,-0.0,-2.79478e-07,0.0,0.0,0.0,0.0,0.0,0.0,217.64664,0.0,0.0,0.0,0.0,0.0,-2.56668e-07,0.0,0.0,0.0,0.0,0.0,-0.0,-0.0,0.0,0.0,0.0
1151.5,0.0,-0.0,-2.79478e-07,0.0,0.0,0.0,0.0,0.0,0.0,217.64664,0.0,0.0,0.0,0.0,0.0,-2.56668e-07,0.0,0.0,0.0,0.0,0.0,-0.0,-0.0,0.0,0.0,0.0
1152.0,0.0,-0.0,-2.79478e-07,0.0,0.0,0.0,0.0,0.0,0.0,217.64664,0.0,0.0,0.0,0.0,0.0,-2.56668e-07,0.0,0.0,0.0,0.0,0.0,-0.0,-0.0,0.0,0.0,0.0
1152.5,0.0,-0.0,-2.79478e-07,0.0,0.0,0.0,0.0,0.0,0.0,217.64664,0.0,0.0,0.0,0.0,0.0,-2.56668e-07,0.0,0.0,0.0,0.0,0.0,-0.0,-0.0,0.0,0.0,0.0
1153.0,0.0,-0.0,-2.79478e-07,0.0,0.0,0.0,0.0,0.0,0.0,217.64664,0.0,0.0,0.0,0.0,0.0,-2.56668e-07,0.0,0.0,0.0,0.0,0.0,-0.0,-0.0,0.0,0.0,0.0
1153.5,0.0,-0.0,-2.79478e-07,0.0,0.0,0.0,0.0,0.0,0.0,217.64664,0.0,0.0,0.0,0.0,0.0,-2.56668e-07,0.0,0.0,0.0,0.0,0.0,-0.0,-0.0,0.0,0.0,0.0
1154.0,0.0,-0.0,-2.79478e-07,0.0,0.0,0.0,0.0,0.0,0.0,217.64664,0.0,0.0,0.0,0.0,0.0,-2.56668e-07,0.0,0.0,0.0,0.0,0.0,-0.0,-0.0,0.0,0.0,0.0
1154.5,0.0,-0.0,-2.79478e-07,0.0,0.0,0.0,0.0,0.0,0.0,217.64664,0.0,0.0,0.0,0.0,0.0,-2.56668e-07,0.0,0.0,0.0,0.0,0.0,-0.0,-0.0,0.0,0.0,0.0
1155.0,0.0,-0.0,-2.79478e-07,0.0,0.0,0.0,0.0,0.0,0.0,217.64664,0.0,0.0,0.0,0.0,0.0,-2.56668e-07,0.0,0.0,0.0,0.0,0.0,-0.0,-0.0,0.0,0.0,0.0
1155.5,0.0,-0.0,-2.79478e-07,0.0,0.0,0.0,0.0,0.0,0.0,217.64664,0.0,0.0,0.0,0.0,0.0,-2.56668e-07,0.0,0.0,0.0,0.0,0.0,-0.0,-0.0,0.0,0.0,0.0
1156.0,0.0,-0.0,-2.79478e-07,0.0,0.0,0.0,0.0,0.0,0.0,217.64664,0.0,0.0,0.0,0.0,0.0,-2.56668e-07,0.0,0.0,0.0,0.0,0.0,-0.0,-0.0,0.0,0.0,0.0
1156.5,0.0,-0.0,-2.79478e-07,0.0,0.0,0.0,0.0,0.0,0.0,217.64664,0.0,0.0,0.0,0.0,0.0,-2.56668e-07,0.0,0.0,0.0,0.0,0.0,-0.0,-0.0,0.0,0.0,0.0
1157.0,0.0,-0.0,-2.79478e-07,0.0,0.0,0.0,0.0,0.0,0.0,217.64664,0.0,0.0,0.0,0.0,0.0,-2.56668e-07,0.0,0.0,0.0,0.0,0.0,-0.0,-0.0,0.0,0.0,0.0
1157.5,0.0,-0.0,-2.79478e-07,0.0,0.0,0.0,0.0,0.0,0.0,217.64664,0.0,0.0,0.0,0.0,0.0,-2.56668e-07,0.0,0.0,0.0,0.0,0.0,-0.0,-0.0,0.0,0.0,0.0
1158.0,0.0,-0.0,-2.79478e-07,0.0,0.0,0.0,0.0,0.0,0.0,217.64664,0.0,0.0,0.0,0.0,0.0,-2.56668e-07,0.0,0.0,0.0,0.0,0.0,-0.0,-0.0,0.0,0.0,0.0
1158.5,0.0,-0.0,-2.79478e-07,0.0,0.0,0.0,0.0,0.0,0.0,217.64664,0.0,0.0,0.0,0.0,0.0,-2.56668e-07,0.0,0.0,0.0,0.0,0.0,-0.0,-0.0,0.0,0.0,0.0
1159.0,0.0,-0.0,-2.79478e-07,0.0,0.0,0.0,0.0,0.0,0.0,217.64664,0.0,0.0,0.0,0.0,0.0,-2.56668e-07,0.0,0.0,0.0,0.0,0.0,-0.0,-0.0,0.0,0.0,0.0
1159.5,0.0,-0.0,-2.79478e-07,0.0,0.0,0.0,0.0,0.0,0.0,217.64664,0.0,0.0,0.0,0.0,0.0,-2.56668e-07,0.0,0.0,0.0,0.0,0.0,-0.0,-0.0,0.0,0.0,0.0
1160.0,0.0,-0.0,-2.79478e-07,0.0,0.0,0.0,0.0,0.0,0.0,217.64664,0.0,0.0,0.0,0.0,0.0,-2.56668e-07,0.0,0.0,0.0,0.0,0.0,-0.0,-0.0,0.0,0.0,0.0
1160.5,0.0,-0.0,-2.79478e-07,0.0,0.0,0.0,0.0,0.0,0.0,217.64664,0.0,0.0,0.0,0.0,0.0,-2.56668e-07,0.0,0.0,0.0,-0.0,0.0,-0.0,-0.0,0.0,0.0,0.0
1161.0,0.0,-0.0,-2.79478e-07,0.0,0.0,0.0,0.0,0.0,0.0,217.64664,0.0,0.0,0.0,0.0,0.0,-2.56668e-07,0.0,0.0,0.0,0.0,0.0,-0.0,-0.0,0.0,0.0,0.0
1161.5,0.0,-0.0,-2.79478e-07,0.0,0.0,0.0,0.0,0.0,0.0,217.64664,0.0,0.0,0.0,0.0,0.0,-2.56668e-07,0.0,0.0,0.0,0.0,0.0,-0.0,-0.0,0.0,0.0,0.0
1162.0,0.0,-0.0,-2.79478e-07,0.0,0.0,0.0,0.0,0.0,0.0,217.64664,0.0,0.0,0.0,0.0,0.0,-2.56668e-07,0.0,0.0,0.0,0.0,0.0,-0.0,-0.0,0.0,0.0,0.0
1162.5,0.0,-0.0,-2.79478e-07,0.0,0.0,0.0,0.0,0.0,0.0,217.64664,0.0,0.0,0.0,0.0,0.0,-2.56668e-07,0.0,0.0,0.0,0.0,0.0,-0.0,-0.0,0.0,0.0,0.0
1163.0,0.0,-0.0,-2.79478e-07,0.0,0.0,0.0,0.0,0.0,0.0,217.64664,0.0,0.0,0.0,0.0,0.0,-2.56668e-07,0.0,0.0,0.0,0.0,0.0,-0.0,-0.0,0.0,0.0,0.0
1163.5,0.0,-0.0,-2.79478e-07,0.0,0.0,0.0,0.0,0.0,0.0,217.64664,0.0,0.0,0.0,0.0,0.0,-2.56668e-07,0.0,0.0,0.0,-0.0,0.0,-0.0,-0.0,0.0,0.0,0.0
1164.0,0.0,-0.0,-2.79478e-07,0.0,0.0,0.0,0.0,0.0,0.0,217.64664,0.0,0.0,0.0,0.0,0.0,-2.56668e-07,0.0,0.0,0.0,0.0,0.0,-0.0,-0.0,0.0,0.0,0.0
1164.5,0.0,-0.0,-2.79478e-07,0.0,0.0,0.0,0.0,0.0,0.0,217.64664,0.0,0.0,0.0,0.0,0.0,-2.56668e-07,0.0,0.0,0.0,0.0,0.0,-0.0,-0.0,0.0,0.0,0.0
1165.0,0.0,-0.0,-2.79478e-07,0.0,0.0,0.0,0.0,0.0,0.0,217.64664,0.0,0.0,0.0,0.0,0.0,-2.56668e-07,0.0,0.0,0.0,0.0,0.0,-0.0,-0.0,0.0,0.0,0.0
1165.5,0.0,-0.0,-2.79478e-07,0.0,0.0,0.0,0.0,0.0,0.0,217.64664,0.0,0.0,0.0,0.0,0.0,-2.56668e-07,0.0,0.0,0.0,0.0,0.0,-0.0,-0.0,0.0,0.0,0.0
1166.0,0.0,-0.0,-2.79478e-07,0.0,0.0,0.0,0.0,0.0,0.0,217.64664,0.0,0.0,0.0,0.0,0.0,-2.56668e-07,0.0,0.0,0.0,0.0,0.0,-0.0,-0.0,0.0,0.0,0.0
1166.5,0.0,-0.0,-2.79478e-07,0.0,0.0,0.0,0.0,0.0,0.0,217.64664,0.0,0.0,0.0,0.0,0.0,-2.56668e-07,0.0,0.0,0.0,0.0,0.0,-0.0,-0.0,0.0,0.0,0.0
1167.0,0.0,-0.0,-2.79478e-07,0.0,0.0,0.0,0.0,0.0,0.0,217.64664,0.0,0.0,0.0,0.0,0.0,-2.56668e-07,0.0,0.0,0.0,0.0,0.0,-0.0,-0.0,0.0,0.0,0.0
1167.5,0.0,-0.0,-2.79478e-07,0.0,0.0,0.0,0.0,0.0,0.0,217.64664,0.0,0.0,0.0,0.0,0.0,-2.56668e-07,0.0,0.0,0.0,0.0,0.0,-0.0,-0.0,0.0,0.0,0.0
1168.0,0.0,-0.0,-2.79478e-07,0.0,0.0,0.0,0.0,0.0,0.0,217.64664,0.0,0.0,0.0,0.0,0.0,-2.56668e-07,0.0,0.0,0.0,0.0,0.0,-0.0,-0.0,0.0,0.0,0.0
1168.5,0.0,-0.0,-2.79478e-07,0.0,0.0,0.0,0.0,0.0,0.0,217.64664,0.0,0.0,0.0,0.0,0.0,-2.56668e-07,0.0,0.0,0.0,0.0,0.0,-0.0,-0.0,0.0,0.0,0.0
1169.0,0.0,-0.0,-2.79478e-07,0.0,0.0,0.0,0.0,0.0,0.0,217.64664,0.0,0.0,0.0,0.0,0.0,-2.56668e-07,0.0,0.0,0.0,0.0,0.0,-0.0,-0.0,0.0,0.0,0.0
1169.5,0.0,-0.0,-2.79478e-07,0.0,0.0,0.0,0.0,0.0,0.0,217.64664,0.0,0.0,0.0,0.0,0.0,-2.56668e-07,0.0,0.0,0.0,0.0,0.0,-0.0,-0.0,0.0,0.0,0.0
1170.0,0.0,-0.0,-2.79478e-07,0.0,0.0,0.0,0.0,0.0,0.0,217.64664,0.0,0.0,0.0,0.0,0.0,-2.56668e-07,0.0,0.0,0.0,0.0,0.0,-0.0,-0.0,0.0,0.0,0.0
1170.5,0.0,-0.0,-2.79478e-07,0.0,0.0,0.0,0.0,0.0,0.0,217.64664,0.0,0.0,0.0,0.0,0.0,-2.56668e-07,0.0,0.0,0.0,0.0,0.0,-0.0,-0.0,0.0,0.0,0.0
1171.0,0.0,-0.0,-2.79478e-07,0.0,0.0,0.0,0.0,0.0,0.0,217.64664,0.0,0.0,0.0,0.0,0.0,-2.56668e-07,0.0,0.0,0.0,0.0,0.0,-0.0,-0.0,0.0,0.0,0.0
1171.5,0.0,-0.0,-2.79478e-07,0.0,0.0,0.0,0.0,0.0,0.0,217.64664,0.0,0.0,0.0,0.0,0.0,-2.56668e-07,0.0,0.0,0.0,0.0,0.0,-0.0,-0.0,0.0,0.0,0.0
1172.0,0.0,-0.0,-2.79478e-07,0.0,0.0,0.0,0.0,0.0,0.0,217.64664,0.0,0.0,0.0,0.0,0.0,-2.56668e-07,0.0,0.0,0.0,0.0,0.0,-0.0,-0.0,0.0,0.0,0.0
1172.5,0.0,-0.0,-2.79478e-07,0.0,0.0,0.0,0.0,0.0,0.0,217.64664,0.0,0.0,0.0,0.0,0.0,-2.56668e-07,0.0,0.0,0.0,0.0,0.0,-0.0,-0.0,0.0,0.0,0.0
1173.0,0.0,-0.0,-2.79478e-07,0.0,0.0,0.0,0.0,0.0,0.0,217.64664,0.0,0.0,0.0,0.0,0.0,-2.56668e-07,0.0,0.0,0.0,0.0,0.0,-0.0,-0.0,0.0,0.0,0.0
1173.5,0.0,-0.0,-2.79478e-07,0.0,0.0,0.0,0.0,0.0,0.0,217.64664,0.0,0.0,0.0,0.0,0.0,-2.56668e-07,0.0,0.0,0.0,0.0,0.0,-0.0,-0.0,0.0,0.0,0.0
1174.0,0.0,-0.0,-2.79478e-07,0.0,0.0,0.0,0.0,0.0,0.0,217.64664,0.0,0.0,0.0,0.0,0.0,-2.56668e-07,0.0,0.0,0.0,-0.0,0.0,-0.0,-0.0,0.0,0.0,0.0
1174.5,0.0,-0.0,-2.79478e-07,0.0,0.0,0.0,0.0,0.0,0.0,217.64664,0.0,0.0,0.0,0.0,0.0,-2.56668e-07,0.0,0.0,0.0,0.0,0.0,-0.0,-0.0,0.0,0.0,0.0
1175.0,0.0,-0.0,-2.79478e-07,0.0,0.0,0.0,0.0,0.0,0.0,217.64664,0.0,0.0,0.0,0.0,0.0,-2.56668e-07,0.0,0.0,0.0,0.0,0.0,-0.0,-0.0,0.0,0.0,0.0
1175.5,0.0,-0.0,-2.79478e-07,0.0,0.0,0.0,0.0,0.0,0.0,217.64664,0.0,0.0,0.0,0.0,0.0,-2.56668e-07,0.0,0.0,0.0,0.0,0.0,-0.0,-0.0,0.0,0.0,0.0
1176.0,0.0,-0.0,-2.79478e-07,0.0,0.0,0.0,0.0,0.0,0.0,217.64664,0.0,0.0,0.0,0.0,0.0,-2.56668e-07,0.0,0.0,0.0,0.0,0.0,-0.0,-0.0,0.0,0.0,0.0
1176.5,0.0,-0.0,-2.79478e-07,0.0,0.0,0.0,0.0,0.0,0.0,217.64664,0.0,0.0,0.0,0.0,0.0,-2.56668e-07,0.0,0.0,0.0,0.0,0.0,-0.0,-0.0,0.0,0.0,0.0
1177.0,0.0,-0.0,-2.79478e-07,0.0,0.0,0.0,0.0,0.0,0.0,217.64664,0.0,0.0,0.0,0.0,0.0,-2.56668e-07,0.0,0.0,0.0,-0.0,0.0,-0.0,-0.0,0.0,0.0,0.0
1177.5,0.0,-0.0,-2.79478e-07,0.0,0.0,0.0,0.0,0.0,0.0,217.64664,0.0,0.0,0.0,0.0,0.0,-2.56668e-07,0.0,0.0,0.0,0.0,0.0,-0.0,-0.0,0.0,0.0,0.0
1178.0,0.0,-0.0,-2.79478e-07,0.0,0.0,0.0,0.0,0.0,0.0,217.64664,0.0,0.0,0.0,0.0,0.0,-2.56668e-07,0.0,0.0,0.0,0.0,0.0,-0.0,-0.0,0.0,0.0,0.0
1178.5,0.0,-0.0,-2.79478e-07,0.0,0.0,0.0,0.0,0.0,0.0,217.64664,0.0,0.0,0.0,0.0,0.0,-2.56668e-07,0.0,0.0,0.0,0.0,0.0,-0.0,-0.0,0.0,0.0,0.0
1179.0,0.0,-0.0,-2.79478e-07,0.0,0.0,0.0,0.0,0.0,0.0,217.64664,0.0,0.0,0.0,0.0,0.0,-2.56668e-07,0.0,0.0,0.0,0.0,0.0,-0.0,-0.0,0.0,0.0,0.0
1179.5,0.0,-0.0,-2.79478e-07,0.0,0.0,0.0,0.0,0.0,0.0,217.64664,0.0,0.0,0.0,0.0,0.0,-2.56668e-07,0.0,0.0,0.0,-0.0,0.0,-0.0,-0.0,0.0,0.0,0.0
1180.0,0.0,-0.0,-2.79478e-07,0.0,0.0,0.0,0.0,0.0,0.0,217.64664,0.0,0.0,0.0,0.0,0.0,-2.56668e-07,0.0,0.0,0.0,0.0,0.0,-0.0,-0.0,0.0,0.0,0.0
1180.5,0.0,-0.0,-2.79478e-07,0.0,0.0,0.0,0.0,0.0,0.0,217.64664,0.0,0.0,0.0,0.0,0.0,-2.56668e-07,0.0,0.0,0.0,0.0,0.0,-0.0,-0.0,0.0,0.0,0.0
1181.0,0.0,-0.0,-2.79478e-07,0.0,0.0,0.0,0.0,0.0,0.0,217.64664,0.0,0.0,0.0,0.0,0.0,-2.56668e-07,0.0,0.0,0.0,0.0,0.0,-0.0,-0.0,0.0,0.0,0.0
1181.5,0.0,-0.0,-2.79478e-07,0.0,0.0,0.0,0.0,0.0,0.0,217.64664,0.0,0.0,0.0,0.0,0.0,-2.56668e-07,0.0,0.0,0.0,0.0,0.0,-0.0,-0.0,0.0,0.0,0.0
1182.0,0.0,-0.0,-2.79478e-07,0.0,0.0,0.0,0.0,0.0,0.0,217.64664,0.0,0.0,0.0,0.0,0.0,-2.56668e-07,0.0,0.0,0.0,0.0,0.0,-0.0,-0.0,0.0,0.0,0.0
1182.5,0.0,-0.0,-2.79478e-07,0.0,0.0,0.0,0.0,0.0,0.0,217.64664,0.0,0.0,0.0,0.0,0.0,-2.56668e-07,0.0,0.0,0.0,0.0,0.0,-0.0,-0.0,0.0,0.0,0.0
1183.0,0.0,-0.0,-2.79478e-07,0.0,0.0,0.0,0.0,0.0,0.0,217.64664,0.0,0.0,0.0,0.0,0.0,-2.56668e-07,0.0,0.0,0.0,0.0,0.0,-0.0,-0.0,0.0,0.0,0.0
1183.5,0.0,-0.0,-2.79478e-07,0.0,0.0,0.0,0.0,0.0,0.0,217.64664,0.0,0.0,0.0,0.0,0.0,-2.56668e-07,0.0,0.0,0.0,0.0,0.0,-0.0,-0.0,0.0,0.0,0.0
1184.0,0.0,-0.0,-2.79478e-07,0.0,0.0,0.0,0.0,0.0,0.0,217.64664,0.0,0.0,0.0,0.0,0.0,-2.56668e-07,0.0,0.0,0.0,0.0,0.0,-0.0,-0.0,0.0,0.0,0.0
1184.5,0.0,-0.0,-2.79478e-07,0.0,0.0,0.0,0.0,0.0,0.0,217.64664,0.0,0.0,0.0,0.0,0.0,-2.56668e-07,0.0,0.0,0.0,0.0,0.0,-0.0,-0.0,0.0,0.0,0.0
1185.0,0.0,-0.0,-2.79478e-07,0.0,0.0,0.0,0.0,0.0,0.0,217.64664,0.0,0.0,0.0,0.0,0.0,-2.56668e-07,0.0,0.0,0.0,0.0,0.0,-0.0,-0.0,0.0,0.0,0.0
1185.5,0.0,-0.0,-2.79478e-07,0.0,0.0,0.0,0.0,0.0,0.0,217.64664,0.0,0.0,0.0,0.0,0.0,-2.56668e-07,0.0,0.0,0.0,0.0,0.0,-0.0,-0.0,0.0,0.0,0.0
1186.0,0.0,-0.0,-2.79478e-07,0.0,0.0,0.0,0.0,0.0,0.0,217.64664,0.0,0.0,0.0,0.0,0.0,-2.56668e-07,0.0,0.0,0.0,0.0,0.0,-0.0,-0.0,0.0,0.0,0.0
1186.5,0.0,-0.0,-2.79478e-07,0.0,0.0,0.0,0.0,0.0,0.0,217.64664,0.0,0.0,0.0,0.0,0.0,-2.56668e-07,0.0,0.0,0.0,0.0,0.0,-0.0,-0.0,0.0,0.0,0.0
1187.0,0.0,-0.0,-2.79478e-07,0.0,0.0,0.0,0.0,0.0,0.0,217.64664,0.0,0.0,0.0,0.0,0.0,-2.56668e-07,0.0,0.0,0.0,0.0,0.0,-0.0,-0.0,0.0,0.0,0.0
1187.5,0.0,-0.0,-2.79478e-07,0.0,0.0,0.0,0.0,0.0,0.0,217.64664,0.0,0.0,0.0,0.0,0.0,-2.56668e-07,0.0,0.0,0.0,0.0,0.0,-0.0,-0.0,0.0,0.0,0.0
1188.0,0.0,-0.0,-2.79478e-07,0.0,0.0,0.0,0.0,0.0,0.0,217.64664,0.0,0.0,0.0,0.0,0.0,-2.56668e-07,0.0,0.0,0.0,-0.0,0.0,-0.0,-0.0,0.0,0.0,0.0
1188.5,0.0,-0.0,-2.79478e-07,0.0,0.0,0.0,0.0,0.0,0.0,217.64664,0.0,0.0,0.0,0.0,0.0,-2.56668e-07,0.0,0.0,0.0,0.0,0.0,-0.0,-0.0,0.0,0.0,0.0
1189.0,0.0,-0.0,-2.79478e-07,0.0,0.0,0.0,0.0,0.0,0.0,217.64664,0.0,0.0,0.0,0.0,0.0,-2.56668e-07,0.0,0.0,0.0,0.0,0.0,-0.0,-0.0,0.0,0.0,0.0
1189.5,0.0,-0.0,-2.79478e-07,0.0,0.0,0.0,0.0,0.0,0.0,217.64664,0.0,0.0,0.0,0.0,0.0,-2.56668e-07,0.0,0.0,0.0,0.0,0.0,-0.0,-0.0,0.0,0.0,0.0
1190.0,0.0,-0.0,-2.79478e-07,0.0,0.0,0.0,0.0,0.0,0.0,217.64664,0.0,0.0,0.0,0.0,0.0,-2.56668e-07,0.0,0.0,0.0,0.0,0.0,-0.0,-0.0,0.0,0.0,0.0
1190.5,0.0,-0.0,-2.79478e-07,0.0,0.0,0.0,0.0,0.0,0.0,217.64664,0.0,0.0,0.0,0.0,0.0,-2.56668e-07,0.0,0.0,0.0,-0.0,0.0,-0.0,-0.0,0.0,0.0,0.0
1191.0,0.0,-0.0,-2.79478e-07,0.0,0.0,0.0,0.0,0.0,0.0,217.64664,0.0,0.0,0.0,0.0,0.0,-2.56668e-07,0.0,0.0,0.0,0.0,0.0,-0.0,-0.0,0.0,0.0,0.0
1191.5,0.0,-0.0,-2.79478e-07,0.0,0.0,0.0,0.0,0.0,0.0,217.64664,0.0,0.0,0.0,0.0,0.0,-2.56668e-07,0.0,0.0,0.0,0.0,0.0,-0.0,-0.0,0.0,0.0,0.0
1192.0,0.0,-0.0,-2.79478e-07,0.0,0.0,0.0,0.0,0.0,0.0,217.64664,0.0,0.0,0.0,0.0,0.0,-2.56668e-07,0.0,0.0,0.0,0.0,0.0,-0.0,-0.0,0.0,0.0,0.0
1192.5,0.0,-0.0,-2.79478e-07,0.0,0.0,0.0,0.0,0.0,0.0,217.64664,0.0,0.0,0.0,0.0,0.0,-2.56668e-07,0.0,0.0,0.0,0.0,0.0,-0.0,-0.0,0.0,0.0,0.0
1193.0,0.0,-0.0,-2.79478e-07,0.0,0.0,0.0,0.0,0.0,0.0,217.64664,0.0,0.0,0.0,0.0,0.0,-2.56668e-07,0.0,0.0,0.0,-0.0,0.0,-0.0,-0.0,0.0,0.0,0.0
1193.5,0.0,-0.0,-2.79478e-07,0.0,0.0,0.0,0.0,0.0,0.0,217.64664,0.0,0.0,0.0,0.0,0.0,-2.56668e-07,0.0,0.0,0.0,0.0,0.0,-0.0,-0.0,0.0,0.0,0.0
1194.0,0.0,-0.0,-2.79478e-07,0.0,0.0,0.0,0.0,0.0,0.0,217.64664,0.0,0.0,0.0,0.0,0.0,-2.56668e-07,0.0,0.0,0.0,0.0,0.0,-0.0,-0.0,0.0,0.0,0.0
1194.5,0.0,-0.0,-2.79478e-07,0.0,0.0,0.0,0.0,0.0,0.0,217.64664,0.0,0.0,0.0,0.0,0.0,-2.56668e-07,0.0,0.0,0.0,0.0,0.0,-0.0,-0.0,0.0,0.0,0.0
1195.0,0.0,-0.0,-2.79478e-07,0.0,0.0,0.0,0.0,0.0,0.0,217.64664,0.0,0.0,0.0,0.0,0.0,-2.56668e-07,0.0,0.0,0.0,0.0,0.0,-0.0,-0.0,0.0,0.0,0.0
1195.5,0.0,-0.0,-2.79478e-07,0.0,0.0,0.0,0.0,0.0,0.0,217.64664,0.0,0.0,0.0,0.0,0.0,-2.56668e-07,0.0,0.0,0.0,0.0,0.0,-0.0,-0.0,0.0,0.0,0.0
1196.0,0.0,-0.0,-2.79478e-07,0.0,0.0,0.0,0.0,0.0,0.0,217.64664,0.0,0.0,0.0,0.0,0.0,-2.56668e-07,0.0,0.0,0.0,0.0,0.0,-0.0,-0.0,0.0,0.0,0.0
1196.5,0.0,-0.0,-2.79478e-07,0.0,0.0,0.0,0.0,0.0,0.0,217.64664,0.0,0.0,0.0,0.0,0.0,-2.56668e-07,0.0,0.0,0.0,0.0,0.0,-0.0,-0.0,0.0,0.0,0.0
1197.0,0.0,-0.0,-2.79478e-07,0.0,0.0,0.0,0.0,0.0,0.0,217.64664,0.0,0.0,0.0,0.0,0.0,-2.56668e-07,0.0,0.0,0.0,0.0,0.0,-0.0,-0.0,0.0,0.0,0.0
1197.5,0.0,-0.0,-2.79478e-07,0.0,0.0,0.0,0.0,0.0,0.0,217.64664,0.0,0.0,0.0,0.0,0.0,-2.56668e-07,0.0,0.0,0.0,0.0,0.0,-0.0,-0.0,0.0,0.0,0.0
1198.0,0.0,-0.0,-2.79478e-07,0.0,0.0,0.0,0.0,0.0,0.0,217.64664,0.0,0.0,0.0,0.0,0.0,-2.56668e-07,0.0,0.0,0.0,0.0,0.0,-0.0,-0.0,0.0,0.0,0.0
1198.5,0.0,-0.0,-2.79478e-07,0.0,0.0,0.0,0.0,0.0,0.0,217.64664,0.0,0.0,0.0,0.0,0.0,-2.56668e-07,0.0,0.0,0.0,0.0,0.0,-0.0,-0.0,0.0,0.0,0.0
1199.0,0.0,-0.0,-2.79478e-07,0.0,0.0,0.0,0.0,0.0,0.0,217.64664,0.0,0.0,0.0,0.0,0.0,-2.56668e-07,0.0,0.0,0.0,0.0,0.0,-0.0,-0.0,0.0,0.0,0.0
1199.5,0.0,-0.0,-2.79478e-07,0.0,0.0,0.0,0.0,0.0,0.0,217.64664,0.0,0.0,0.0,0.0,0.0,-2.56668e-07,0.0,0.0,0.0,0.0,0.0,-0.0,-0.0,0.0,0.0,0.0
1200.0,0.0,-0.0,-2.79478e-07,0.0,0.0,0.0,0.0,0.0,0.0,217.64664,0.0,0.0,0.0,0.0,0.0,-2.56668e-07,0.0,0.0,0.0,0.0,0.0,-0.0,-0.0,0.0,0.0,0.0
1200.5,0.0,-0.0,-2.79478e-07,0.0,0.0,0.0,0.0,0.0,0.0,217.64664,0.0,0.0,0.0,0.0,0.0,-2.56668e-07,0.0,0.0,0.0,0.0,0.0,-0.0,-0.0,0.0,0.0,0.0
1201.0,0.0,-0.0,-2.79478e-07,0.0,0.0,0.0,0.0,0.0,0.0,217.64664,0.0,0.0,0.0,0.0,0.0,-2.56668e-07,0.0,0.0,0.0,0.0,0.0,-0.0,-0.0,0.0,0.0,0.0
1201.5,0.0,-0.0,-2.79478e-07,0.0,0.0,0.0,0.0,0.0,0.0,217.64664,0.0,0.0,0.0,0.0,0.0,-2.56668e-07,0.0,0.0,0.0,0.0,0.0,-0.0,-0.0,0.0,0.0,0.0
1202.0,0.0,-0.0,-2.79478e-07,0.0,0.0,0.0,0.0,0.0,0.0,217.64664,0.0,0.0,0.0,0.0,0.0,-2.56668e-07,0.0,0.0,0.0,0.0,0.0,-0.0,-0.0,0.0,0.0,0.0
1202.5,0.0,-0.0,-2.79478e-07,0.0,0.0,0.0,0.0,0.0,0.0,217.64664,0.0,0.0,0.0,0.0,0.0,-2.56668e-07,0.0,0.0,0.0,0.0,0.0,-0.0,-0.0,0.0,0.0,0.0
1203.0,0.0,-0.0,-2.79478e-07,0.0,0.0,0.0,0.0,0.0,0.0,217.64664,0.0,0.0,0.0,0.0,0.0,-2.56668e-07,0.0,0.0,0.0,0.0,0.0,-0.0,-0.0,0.0,0.0,0.0
1203.5,0.0,-0.0,-2.79478e-07,0.0,0.0,0.0,0.0,0.0,0.0,217.64664,0.0,0.0,0.0,0.0,0.0,-2.56668e-07,0.0,0.0,0.0,0.0,0.0,-0.0,-0.0,0.0,0.0,0.0
1204.0,0.0,-0.0,-2.79478e-07,0.0,0.0,0.0,0.0,0.0,0.0,217.64664,0.0,0.0,0.0,0.0,0.0,-2.56668e-07,0.0,0.0,0.0,-0.0,0.0,-0.0,-0.0,0.0,0.0,0.0
1204.5,0.0,-0.0,-2.79478e-07,0.0,0.0,0.0,0.0,0.0,0.0,217.64664,0.0,0.0,0.0,0.0,0.0,-2.56668e-07,0.0,0.0,0.0,0.0,0.0,-0.0,-0.0,0.0,0.0,0.0
1205.0,0.0,-0.0,-2.79478e-07,0.0,0.0,0.0,0.0,0.0,0.0,217.64664,0.0,0.0,0.0,0.0,0.0,-2.56668e-07,0.0,0.0,0.0,0.0,0.0,-0.0,-0.0,0.0,0.0,0.0
1205.5,0.0,-0.0,-2.79478e-07,0.0,0.0,0.0,0.0,0.0,0.0,217.64664,0.0,0.0,0.0,0.0,0.0,-2.56668e-07,0.0,0.0,0.0,0.0,0.0,-0.0,-0.0,0.0,0.0,0.0
1206.0,0.0,-0.0,-2.79478e-07,0.0,0.0,0.0,0.0,0.0,0.0,217.64664,0.0,0.0,0.0,0.0,0.0,-2.56668e-07,0.0,0.0,0.0,0.0,0.0,-0.0,-0.0,0.0,0.0,0.0
1206.5,0.0,-0.0,-2.79478e-07,0.0,0.0,0.0,0.0,0.0,0.0,217.64664,0.0,0.0,0.0,0.0,0.0,-2.56668e-07,0.0,0.0,0.0,0.0,0.0,-0.0,-0.0,0.0,0.0,0.0
1207.0,0.0,-0.0,-2.79478e-07,0.0,0.0,0.0,0.0,0.0,0.0,217.64664,0.0,0.0,0.0,0.0,0.0,-2.56668e-07,0.0,0.0,0.0,-0.0,0.0,-0.0,-0.0,0.0,0.0,0.0
1207.5,0.0,-0.0,-2.79478e-07,0.0,0.0,0.0,0.0,0.0,0.0,217.64664,0.0,0.0,0.0,0.0,0.0,-2.56668e-07,0.0,0.0,0.0,0.0,0.0,-0.0,-0.0,0.0,0.0,0.0
1208.0,0.0,-0.0,-2.79478e-07,0.0,0.0,0.0,0.0,0.0,0.0,217.64664,0.0,0.0,0.0,0.0,0.0,-2.56668e-07,0.0,0.0,0.0,0.0,0.0,-0.0,-0.0,0.0,0.0,0.0
1208.5,0.0,-0.0,-2.79478e-07,0.0,0.0,0.0,0.0,0.0,0.0,217.64664,0.0,0.0,0.0,0.0,0.0,-2.56668e-07,0.0,0.0,0.0,0.0,0.0,-0.0,-0.0,0.0,0.0,0.0
1209.0,0.0,-0.0,-2.79478e-07,0.0,0.0,0.0,0.0,0.0,0.0,217.64664,0.0,0.0,0.0,0.0,0.0,-2.56668e-07,0.0,0.0,0.0,0.0,0.0,-0.0,-0.0,0.0,0.0,0.0
1209.5,0.0,-0.0,-2.79478e-07,0.0,0.0,0.0,0.0,0.0,0.0,217.64664,0.0,0.0,0.0,0.0,0.0,-2.56668e-07,0.0,0.0,0.0,0.0,0.0,-0.0,-0.0,0.0,0.0,0.0
1210.0,0.0,-0.0,-2.79478e-07,0.0,0.0,0.0,0.0,0.0,0.0,217.64664,0.0,0.0,0.0,0.0,0.0,-2.56668e-07,0.0,0.0,0.0,0.0,0.0,-0.0,-0.0,0.0,0.0,0.0
1210.5,0.0,-0.0,-2.79478e-07,0.0,0.0,0.0,0.0,0.0,0.0,217.64664,0.0,0.0,0.0,0.0,0.0,-2.56668e-07,0.0,0.0,0.0,0.0,0.0,-0.0,-0.0,0.0,0.0,0.0
1211.0,0.0,-0.0,-2.79478e-07,0.0,0.0,0.0,0.0,0.0,0.0,217.64664,0.0,0.0,0.0,0.0,0.0,-2.56668e-07,0.0,0.0,0.0,0.0,0.0,-0.0,-0.0,0.0,0.0,0.0
1211.5,0.0,-0.0,-2.79478e-07,0.0,0.0,0.0,0.0,0.0,0.0,217.64664,0.0,0.0,0.0,0.0,0.0,-2.56668e-07,0.0,0.0,0.0,0.0,0.0,-0.0,-0.0,0.0,0.0,0.0
1212.0,0.0,-0.0,-2.79478e-07,0.0,0.0,0.0,0.0,0.0,0.0,217.64664,0.0,0.0,0.0,0.0,0.0,-2.56668e-07,0.0,0.0,0.0,0.0,0.0,-0.0,-0.0,0.0,0.0,0.0
1212.5,0.0,-0.0,-2.79478e-07,0.0,0.0,0.0,0.0,0.0,0.0,217.64664,0.0,0.0,0.0,0.0,0.0,-2.56668e-07,0.0,0.0,0.0,0.0,0.0,-0.0,-0.0,0.0,0.0,0.0
1213.0,0.0,-0.0,-2.79478e-07,0.0,0.0,0.0,0.0,0.0,0.0,217.64664,0.0,0.0,0.0,0.0,0.0,-2.56668e-07,0.0,0.0,0.0,0.0,0.0,-0.0,-0.0,0.0,0.0,0.0
1213.5,0.0,-0.0,-2.79478e-07,0.0,0.0,0.0,0.0,0.0,0.0,217.64664,0.0,0.0,0.0,0.0,0.0,-2.56668e-07,0.0,0.0,0.0,0.0,0.0,-0.0,-0.0,0.0,0.0,0.0
1214.0,0.0,-0.0,-2.79478e-07,0.0,0.0,0.0,0.0,0.0,0.0,217.64664,0.0,0.0,0.0,0.0,0.0,-2.56668e-07,0.0,0.0,0.0,0.0,0.0,-0.0,-0.0,0.0,0.0,0.0
1214.5,0.0,-0.0,-2.79478e-07,0.0,0.0,0.0,0.0,0.0,0.0,217.64664,0.0,0.0,0.0,0.0,0.0,-2.56668e-07,0.0,0.0,0.0,0.0,0.0,-0.0,-0.0,0.0,0.0,0.0
1215.0,0.0,-0.0,-2.79478e-07,0.0,0.0,0.0,0.0,0.0,0.0,217.64664,0.0,0.0,0.0,0.0,0.0,-2.56668e-07,0.0,0.0,0.0,0.0,0.0,-0.0,-0.0,0.0,0.0,0.0
1215.5,0.0,-0.0,-2.79478e-07,0.0,0.0,0.0,0.0,0.0,0.0,217.64664,0.0,0.0,0.0,0.0,0.0,-2.56668e-07,0.0,0.0,0.0,0.0,0.0,-0.0,-0.0,0.0,0.0,0.0
1216.0,0.0,-0.0,-2.79478e-07,0.0,0.0,0.0,0.0,0.0,0.0,217.64664,0.0,0.0,0.0,0.0,0.0,-2.56668e-07,0.0,0.0,0.0,0.0,0.0,-0.0,-0.0,0.0,0.0,0.0
1216.5,0.0,-0.0,-2.79478e-07,0.0,0.0,0.0,0.0,0.0,0.0,217.64664,0.0,0.0,0.0,0.0,0.0,-2.56668e-07,0.0,0.0,0.0,0.0,0.0,-0.0,-0.0,0.0,0.0,0.0
1217.0,0.0,-0.0,-2.79478e-07,0.0,0.0,0.0,0.0,0.0,0.0,217.64664,0.0,0.0,0.0,0.0,0.0,-2.56668e-07,0.0,0.0,0.0,0.0,0.0,-0.0,-0.0,0.0,0.0,0.0
1217.5,0.0,-0.0,-2.79478e-07,0.0,0.0,0.0,0.0,0.0,0.0,217.64664,0.0,0.0,0.0,0.0,0.0,-2.56668e-07,0.0,0.0,0.0,-0.0,0.0,-0.0,-0.0,0.0,0.0,0.0
1218.0,0.0,-0.0,-2.79478e-07,0.0,0.0,0.0,0.0,0.0,0.0,217.64664,0.0,0.0,0.0,0.0,0.0,-2.56668e-07,0.0,0.0,0.0,0.0,0.0,-0.0,-0.0,0.0,0.0,0.0
1218.5,0.0,-0.0,-2.79478e-07,0.0,0.0,0.0,0.0,0.0,0.0,217.64664,0.0,0.0,0.0,0.0,0.0,-2.56668e-07,0.0,0.0,0.0,0.0,0.0,-0.0,-0.0,0.0,0.0,0.0
1219.0,0.0,-0.0,-2.79478e-07,0.0,0.0,0.0,0.0,0.0,0.0,217.64664,0.0,0.0,0.0,0.0,0.0,-2.56668e-07,0.0,0.0,0.0,0.0,0.0,-0.0,-0.0,0.0,0.0,0.0
1219.5,0.0,-0.0,-2.79478e-07,0.0,0.0,0.0,0.0,0.0,0.0,217.64664,0.0,0.0,0.0,0.0,0.0,-2.56668e-07,0.0,0.0,0.0,0.0,0.0,-0.0,-0.0,0.0,0.0,0.0
1220.0,0.0,-0.0,-2.79478e-07,0.0,0.0,0.0,0.0,0.0,0.0,217.64664,0.0,0.0,0.0,0.0,0.0,-2.56668e-07,0.0,0.0,0.0,0.0,0.0,-0.0,-0.0,0.0,0.0,0.0
1220.5,0.0,-0.0,-2.79478e-07,0.0,0.0,0.0,0.0,0.0,0.0,217.64664,0.0,0.0,0.0,0.0,0.0,-2.56668e-07,0.0,0.0,0.0,-0.0,0.0,-0.0,-0.0,0.0,0.0,0.0
1221.0,0.0,-0.0,-2.79478e-07,0.0,0.0,0.0,0.0,0.0,0.0,217.64664,0.0,0.0,0.0,0.0,0.0,-2.56668e-07,0.0,0.0,0.0,0.0,0.0,-0.0,-0.0,0.0,0.0,0.0
1221.5,0.0,-0.0,-2.79478e-07,0.0,0.0,0.0,0.0,0.0,0.0,217.64664,0.0,0.0,0.0,0.0,0.0,-2.56668e-07,0.0,0.0,0.0,0.0,0.0,-0.0,-0.0,0.0,0.0,0.0
1222.0,0.0,-0.0,-2.79478e-07,0.0,0.0,0.0,0.0,0.0,0.0,217.64664,0.0,0.0,0.0,0.0,0.0,-2.56668e-07,0.0,0.0,0.0,0.0,0.0,-0.0,-0.0,0.0,0.0,0.0
1222.5,0.0,-0.0,-2.79478e-07,0.0,0.0,0.0,0.0,0.0,0.0,217.64664,0.0,0.0,0.0,0.0,0.0,-2.56668e-07,0.0,0.0,0.0,0.0,0.0,-0.0,-0.0,0.0,0.0,0.0
1223.0,0.0,-0.0,-2.79478e-07,0.0,0.0,0.0,0.0,0.0,0.0,217.64664,0.0,0.0,0.0,0.0,0.0,-2.56668e-07,0.0,0.0,0.0,-0.0,0.0,-0.0,-0.0,0.0,0.0,0.0
1223.5,0.0,-0.0,-2.79478e-07,0.0,0.0,0.0,0.0,0.0,0.0,217.64664,0.0,0.0,0.0,0.0,0.0,-2.56668e-07,0.0,0.0,0.0,0.0,0.0,-0.0,-0.0,0.0,0.0,0.0
1224.0,0.0,-0.0,-2.79478e-07,0.0,0.0,0.0,0.0,0.0,0.0,217.64664,0.0,0.0,0.0,0.0,0.0,-2.56668e-07,0.0,0.0,0.0,0.0,0.0,-0.0,-0.0,0.0,0.0,0.0
1224.5,0.0,-0.0,-2.79478e-07,0.0,0.0,0.0,0.0,0.0,0.0,217.64664,0.0,0.0,0.0,0.0,0.0,-2.56668e-07,0.0,0.0,0.0,0.0,0.0,-0.0,-0.0,0.0,0.0,0.0
1225.0,0.0,-0.0,-2.79478e-07,0.0,0.0,0.0,0.0,0.0,0.0,217.64664,0.0,0.0,0.0,0.0,0.0,-2.56668e-07,0.0,0.0,0.0,0.0,0.0,-0.0,-0.0,0.0,0.0,0.0
1225.5,0.0,-0.0,-2.79478e-07,0.0,0.0,0.0,0.0,0.0,0.0,217.64664,0.0,0.0,0.0,0.0,0.0,-2.56668e-07,0.0,0.0,0.0,0.0,0.0,-0.0,-0.0,0.0,0.0,0.0
1226.0,0.0,-0.0,-2.79478e-07,0.0,0.0,0.0,0.0,0.0,0.0,217.64664,0.0,0.0,0.0,0.0,0.0,-2.56668e-07,0.0,0.0,0.0,0.0,0.0,-0.0,-0.0,0.0,0.0,0.0
1226.5,0.0,-0.0,-2.79478e-07,0.0,0.0,0.0,0.0,0.0,0.0,217.64664,0.0,0.0,0.0,0.0,0.0,-2.56668e-07,0.0,0.0,0.0,0.0,0.0,-0.0,-0.0,0.0,0.0,0.0
1227.0,0.0,-0.0,-2.79478e-07,0.0,0.0,0.0,0.0,0.0,0.0,217.64664,0.0,0.0,0.0,0.0,0.0,-2.56668e-07,0.0,0.0,0.0,0.0,0.0,-0.0,-0.0,0.0,0.0,0.0
1227.5,0.0,-0.0,-2.79478e-07,0.0,0.0,0.0,0.0,0.0,0.0,217.64664,0.0,0.0,0.0,0.0,0.0,-2.56668e-07,0.0,0.0,0.0,0.0,0.0,-0.0,-0.0,0.0,0.0,0.0
1228.0,0.0,-0.0,-2.79478e-07,0.0,0.0,0.0,0.0,0.0,0.0,217.64664,0.0,0.0,0.0,0.0,0.0,-2.56668e-07,0.0,0.0,0.0,0.0,0.0,-0.0,-0.0,0.0,0.0,0.0
1228.5,0.0,-0.0,-2.79478e-07,0.0,0.0,0.0,0.0,0.0,0.0,217.64664,0.0,0.0,0.0,0.0,0.0,-2.56668e-07,0.0,0.0,0.0,0.0,0.0,-0.0,-0.0,0.0,0.0,0.0
1229.0,0.0,-0.0,-2.79478e-07,0.0,0.0,0.0,0.0,0.0,0.0,217.64664,0.0,0.0,0.0,0.0,0.0,-2.56668e-07,0.0,0.0,0.0,0.0,0.0,-0.0,-0.0,0.0,0.0,0.0
1229.5,0.0,-0.0,-2.79478e-07,0.0,0.0,0.0,0.0,0.0,0.0,217.64664,0.0,0.0,0.0,0.0,0.0,-2.56668e-07,0.0,0.0,0.0,0.0,0.0,-0.0,-0.0,0.0,0.0,0.0
1230.0,0.0,-0.0,-2.79478e-07,0.0,0.0,0.0,0.0,0.0,0.0,217.64664,0.0,0.0,0.0,0.0,0.0,-2.56668e-07,0.0,0.0,0.0,0.0,0.0,-0.0,-0.0,0.0,0.0,0.0
1230.5,0.0,-0.0,-2.79478e-07,0.0,0.0,0.0,0.0,0.0,0.0,217.64664,0.0,0.0,0.0,0.0,0.0,-2.56668e-07,0.0,0.0,0.0,0.0,0.0,-0.0,-0.0,0.0,0.0,0.0
1231.0,0.0,-0.0,-2.79478e-07,0.0,0.0,0.0,0.0,0.0,0.0,217.64664,0.0,0.0,0.0,0.0,0.0,-2.56668e-07,0.0,0.0,0.0,0.0,0.0,-0.0,-0.0,0.0,0.0,0.0
1231.5,0.0,-0.0,-2.79478e-07,0.0,0.0,0.0,0.0,0.0,0.0,217.64664,0.0,0.0,0.0,0.0,0.0,-2.56668e-07,0.0,0.0,0.0,-0.0,0.0,-0.0,-0.0,0.0,0.0,0.0
1232.0,0.0,-0.0,-2.79478e-07,0.0,0.0,0.0,0.0,0.0,0.0,217.64664,0.0,0.0,0.0,0.0,0.0,-2.56668e-07,0.0,0.0,0.0,0.0,0.0,-0.0,-0.0,0.0,0.0,0.0
1232.5,0.0,-0.0,-2.79478e-07,0.0,0.0,0.0,0.0,0.0,0.0,217.64664,0.0,0.0,0.0,0.0,0.0,-2.56668e-07,0.0,0.0,0.0,0.0,0.0,-0.0,-0.0,0.0,0.0,0.0
1233.0,0.0,-0.0,-2.79478e-07,0.0,0.0,0.0,0.0,0.0,0.0,217.64664,0.0,0.0,0.0,0.0,0.0,-2.56668e-07,0.0,0.0,0.0,0.0,0.0,-0.0,-0.0,0.0,0.0,0.0
1233.5,0.0,-0.0,-2.79478e-07,0.0,0.0,0.0,0.0,0.0,0.0,217.64664,0.0,0.0,0.0,0.0,0.0,-2.56668e-07,0.0,0.0,0.0,0.0,0.0,-0.0,-0.0,0.0,0.0,0.0
1234.0,0.0,-0.0,-2.79478e-07,0.0,0.0,0.0,0.0,0.0,0.0,217.64664,0.0,0.0,0.0,0.0,0.0,-2.56668e-07,0.0,0.0,0.0,-0.0,0.0,-0.0,-0.0,0.0,0.0,0.0
1234.5,0.0,-0.0,-2.79478e-07,0.0,0.0,0.0,0.0,0.0,0.0,217.64664,0.0,0.0,0.0,0.0,0.0,-2.56668e-07,0.0,0.0,0.0,0.0,0.0,-0.0,-0.0,0.0,0.0,0.0
1235.0,0.0,-0.0,-2.79478e-07,0.0,0.0,0.0,0.0,0.0,0.0,217.64664,0.0,0.0,0.0,0.0,0.0,-2.56668e-07,0.0,0.0,0.0,0.0,0.0,-0.0,-0.0,0.0,0.0,0.0
1235.5,0.0,-0.0,-2.79478e-07,0.0,0.0,0.0,0.0,0.0,0.0,217.64664,0.0,0.0,0.0,0.0,0.0,-2.56668e-07,0.0,0.0,0.0,0.0,0.0,-0.0,-0.0,0.0,0.0,0.0
1236.0,0.0,-0.0,-2.79478e-07,0.0,0.0,0.0,0.0,0.0,0.0,217.64664,0.0,0.0,0.0,0.0,0.0,-2.56668e-07,0.0,0.0,0.0,0.0,0.0,-0.0,-0.0,0.0,0.0,0.0
1236.5,0.0,-0.0,-2.79478e-07,0.0,0.0,0.0,0.0,0.0,0.0,217.64664,0.0,0.0,0.0,0.0,0.0,-2.56668e-07,0.0,0.0,0.0,-0.0,0.0,-0.0,-0.0,0.0,0.0,0.0
1237.0,0.0,-0.0,-2.79478e-07,0.0,0.0,0.0,0.0,0.0,0.0,217.64664,0.0,0.0,0.0,0.0,0.0,-2.56668e-07,0.0,0.0,0.0,0.0,0.0,-0.0,-0.0,0.0,0.0,0.0
1237.5,0.0,-0.0,-2.79478e-07,0.0,0.0,0.0,0.0,0.0,0.0,217.64664,0.0,0.0,0.0,0.0,0.0,-2.56668e-07,0.0,0.0,0.0,0.0,0.0,-0.0,-0.0,0.0,0.0,0.0
1238.0,0.0,-0.0,-2.79478e-07,0.0,0.0,0.0,0.0,0.0,0.0,217.64664,0.0,0.0,0.0,0.0,0.0,-2.56668e-07,0.0,0.0,0.0,0.0,0.0,-0.0,-0.0,0.0,0.0,0.0
1238.5,0.0,-0.0,-2.79478e-07,0.0,0.0,0.0,0.0,0.0,0.0,217.64664,0.0,0.0,0.0,0.0,0.0,-2.56668e-07,0.0,0.0,0.0,0.0,0.0,-0.0,-0.0,0.0,0.0,0.0
1239.0,0.0,-0.0,-2.79478e-07,0.0,0.0,0.0,0.0,0.0,0.0,217.64664,0.0,0.0,0.0,0.0,0.0,-2.56668e-07,0.0,0.0,0.0,0.0,0.0,-0.0,-0.0,0.0,0.0,0.0
1239.5,0.0,-0.0,-2.79478e-07,0.0,0.0,0.0,0.0,0.0,0.0,217.64664,0.0,0.0,0.0,0.0,0.0,-2.56668e-07,0.0,0.0,0.0,0.0,0.0,-0.0,-0.0,0.0,0.0,0.0
1240.0,0.0,-0.0,-2.79478e-07,0.0,0.0,0.0,0.0,0.0,0.0,217.64664,0.0,0.0,0.0,0.0,0.0,-2.56668e-07,0.0,0.0,0.0,0.0,0.0,-0.0,-0.0,0.0,0.0,0.0
1240.5,0.0,-0.0,-2.79478e-07,0.0,0.0,0.0,0.0,0.0,0.0,217.64664,0.0,0.0,0.0,0.0,0.0,-2.56668e-07,0.0,0.0,0.0,0.0,0.0,-0.0,-0.0,0.0,0.0,0.0
1241.0,0.0,-0.0,-2.79478e-07,0.0,0.0,0.0,0.0,0.0,0.0,217.64664,0.0,0.0,0.0,0.0,0.0,-2.56668e-07,0.0,0.0,0.0,0.0,0.0,-0.0,-0.0,0.0,0.0,0.0
1241.5,0.0,-0.0,-2.79478e-07,0.0,0.0,0.0,0.0,0.0,0.0,217.64664,0.0,0.0,0.0,0.0,0.0,-2.56668e-07,0.0,0.0,0.0,0.0,0.0,-0.0,-0.0,0.0,0.0,0.0
1242.0,0.0,-0.0,-2.79478e-07,0.0,0.0,0.0,0.0,0.0,0.0,217.64664,0.0,0.0,0.0,0.0,0.0,-2.56668e-07,0.0,0.0,0.0,0.0,0.0,-0.0,-0.0,0.0,0.0,0.0
1242.5,0.0,-0.0,-2.79478e-07,0.0,0.0,0.0,0.0,0.0,0.0,217.64664,0.0,0.0,0.0,0.0,0.0,-2.56668e-07,0.0,0.0,0.0,0.0,0.0,-0.0,-0.0,0.0,0.0,0.0
1243.0,0.0,-0.0,-2.79478e-07,0.0,0.0,0.0,0.0,0.0,0.0,217.64664,0.0,0.0,0.0,0.0,0.0,-2.56668e-07,0.0,0.0,0.0,0.0,0.0,-0.0,-0.0,0.0,0.0,0.0
1243.5,0.0,-0.0,-2.79478e-07,0.0,0.0,0.0,0.0,0.0,0.0,217.64664,0.0,0.0,0.0,0.0,0.0,-2.56668e-07,0.0,0.0,0.0,0.0,0.0,-0.0,-0.0,0.0,0.0,0.0
1244.0,0.0,-0.0,-2.79478e-07,0.0,0.0,0.0,0.0,0.0,0.0,217.64664,0.0,0.0,0.0,0.0,0.0,-2.56668e-07,0.0,0.0,0.0,0.0,0.0,-0.0,-0.0,0.0,0.0,0.0
1244.5,0.0,-0.0,-2.79478e-07,0.0,0.0,0.0,0.0,0.0,0.0,217.64664,0.0,0.0,0.0,0.0,0.0,-2.56668e-07,0.0,0.0,0.0,0.0,0.0,-0.0,-0.0,0.0,0.0,0.0
1245.0,0.0,-0.0,-2.79478e-07,0.0,0.0,0.0,0.0,0.0,0.0,217.64664,0.0,0.0,0.0,0.0,0.0,-2.56668e-07,0.0,0.0,0.0,0.0,0.0,-0.0,-0.0,0.0,0.0,0.0
1245.5,0.0,-0.0,-2.79478e-07,0.0,0.0,0.0,0.0,0.0,0.0,217.64664,0.0,0.0,0.0,0.0,0.0,-2.56668e-07,0.0,0.0,0.0,0.0,0.0,-0.0,-0.0,0.0,0.0,0.0
1246.0,0.0,-0.0,-2.79478e-07,0.0,0.0,0.0,0.0,0.0,0.0,217.64664,0.0,0.0,0.0,0.0,0.0,-2.56668e-07,0.0,0.0,0.0,0.0,0.0,-0.0,-0.0,0.0,0.0,0.0
1246.5,0.0,-0.0,-2.79478e-07,0.0,0.0,0.0,0.0,0.0,0.0,217.64664,0.0,0.0,0.0,0.0,0.0,-2.56668e-07,0.0,0.0,0.0,0.0,0.0,-0.0,-0.0,0.0,0.0,0.0
1247.0,0.0,-0.0,-2.79478e-07,0.0,0.0,0.0,0.0,0.0,0.0,217.64664,0.0,0.0,0.0,0.0,0.0,-2.56668e-07,0.0,0.0,0.0,0.0,0.0,-0.0,-0.0,0.0,0.0,0.0
1247.5,0.0,-0.0,-2.79478e-07,0.0,0.0,0.0,0.0,0.0,0.0,217.64664,0.0,0.0,0.0,0.0,0.0,-2.56668e-07,0.0,0.0,0.0,-0.0,0.0,-0.0,-0.0,0.0,0.0,0.0
1248.0,0.0,-0.0,-2.79478e-07,0.0,0.0,0.0,0.0,0.0,0.0,217.64664,0.0,0.0,0.0,0.0,0.0,-2.56668e-07,0.0,0.0,0.0,0.0,0.0,-0.0,-0.0,0.0,0.0,0.0
1248.5,0.0,-0.0,-2.79478e-07,0.0,0.0,0.0,0.0,0.0,0.0,217.64664,0.0,0.0,0.0,0.0,0.0,-2.56668e-07,0.0,0.0,0.0,0.0,0.0,-0.0,-0.0,0.0,0.0,0.0
1249.0,0.0,-0.0,-2.79478e-07,0.0,0.0,0.0,0.0,0.0,0.0,217.64664,0.0,0.0,0.0,0.0,0.0,-2.56668e-07,0.0,0.0,0.0,0.0,0.0,-0.0,-0.0,0.0,0.0,0.0
1249.5,0.0,-0.0,-2.79478e-07,0.0,0.0,0.0,0.0,0.0,0.0,217.64664,0.0,0.0,0.0,0.0,0.0,-2.56668e-07,0.0,0.0,0.0,0.0,0.0,-0.0,-0.0,0.0,0.0,0.0
1250.0,0.0,-0.0,-2.79478e-07,0.0,0.0,0.0,0.0,0.0,0.0,217.64664,0.0,0.0,0.0,0.0,0.0,-2.56668e-07,0.0,0.0,0.0,0.0,0.0,-0.0,-0.0,0.0,0.0,0.0
1250.5,0.0,-0.0,-2.79478e-07,0.0,0.0,0.0,0.0,0.0,0.0,217.64664,0.0,0.0,0.0,0.0,0.0,-2.56668e-07,0.0,0.0,0.0,-0.0,0.0,-0.0,-0.0,0.0,0.0,0.0
1251.0,0.0,-0.0,-2.79478e-07,0.0,0.0,0.0,0.0,0.0,0.0,217.64664,0.0,0.0,0.0,0.0,0.0,-2.56668e-07,0.0,0.0,0.0,0.0,0.0,-0.0,-0.0,0.0,0.0,0.0
1251.5,0.0,-0.0,-2.79478e-07,0.0,0.0,0.0,0.0,0.0,0.0,217.64664,0.0,0.0,0.0,0.0,0.0,-2.56668e-07,0.0,0.0,0.0,0.0,0.0,-0.0,-0.0,0.0,0.0,0.0
1252.0,0.0,-0.0,-2.79478e-07,0.0,0.0,0.0,0.0,0.0,0.0,217.64664,0.0,0.0,0.0,0.0,0.0,-2.56668e-07,0.0,0.0,0.0,0.0,0.0,-0.0,-0.0,0.0,0.0,0.0
1252.5,0.0,-0.0,-2.79478e-07,0.0,0.0,0.0,0.0,0.0,0.0,217.64664,0.0,0.0,0.0,0.0,0.0,-2.56668e-07,0.0,0.0,0.0,0.0,0.0,-0.0,-0.0,0.0,0.0,0.0
1253.0,0.0,-0.0,-2.79478e-07,0.0,0.0,0.0,0.0,0.0,0.0,217.64664,0.0,0.0,0.0,0.0,0.0,-2.56668e-07,0.0,0.0,0.0,0.0,0.0,-0.0,-0.0,0.0,0.0,0.0
1253.5,0.0,-0.0,-2.79478e-07,0.0,0.0,0.0,0.0,0.0,0.0,217.64664,0.0,0.0,0.0,0.0,0.0,-2.56668e-07,0.0,0.0,0.0,0.0,0.0,-0.0,-0.0,0.0,0.0,0.0
1254.0,0.0,-0.0,-2.79478e-07,0.0,0.0,0.0,0.0,0.0,0.0,217.64664,0.0,0.0,0.0,0.0,0.0,-2.56668e-07,0.0,0.0,0.0,0.0,0.0,-0.0,-0.0,0.0,0.0,0.0
1254.5,0.0,-0.0,-2.79478e-07,0.0,0.0,0.0,0.0,0.0,0.0,217.64664,0.0,0.0,0.0,0.0,0.0,-2.56668e-07,0.0,0.0,0.0,0.0,0.0,-0.0,-0.0,0.0,0.0,0.0
1255.0,0.0,-0.0,-2.79478e-07,0.0,0.0,0.0,0.0,0.0,0.0,217.64664,0.0,0.0,0.0,0.0,0.0,-2.56668e-07,0.0,0.0,0.0,0.0,0.0,-0.0,-0.0,0.0,0.0,0.0
1255.5,0.0,-0.0,-2.79478e-07,0.0,0.0,0.0,0.0,0.0,0.0,217.64664,0.0,0.0,0.0,0.0,0.0,-2.56668e-07,0.0,0.0,0.0,0.0,0.0,-0.0,-0.0,0.0,0.0,0.0
1256.0,0.0,-0.0,-2.79478e-07,0.0,0.0,0.0,0.0,0.0,0.0,217.64664,0.0,0.0,0.0,0.0,0.0,-2.56668e-07,0.0,0.0,0.0,0.0,0.0,-0.0,-0.0,0.0,0.0,0.0
1256.5,0.0,-0.0,-2.79478e-07,0.0,0.0,0.0,0.0,0.0,0.0,217.64664,0.0,0.0,0.0,0.0,0.0,-2.56668e-07,0.0,0.0,0.0,0.0,0.0,-0.0,-0.0,0.0,0.0,0.0
1257.0,0.0,-0.0,-2.79478e-07,0.0,0.0,0.0,0.0,0.0,0.0,217.64664,0.0,0.0,0.0,0.0,0.0,-2.56668e-07,0.0,0.0,0.0,0.0,0.0,-0.0,-0.0,0.0,0.0,0.0
1257.5,0.0,-0.0,-2.79478e-07,0.0,0.0,0.0,0.0,0.0,0.0,217.64664,0.0,0.0,0.0,0.0,0.0,-2.56668e-07,0.0,0.0,0.0,0.0,0.0,-0.0,-0.0,0.0,0.0,0.0
1258.0,0.0,-0.0,-2.79478e-07,0.0,0.0,0.0,0.0,0.0,0.0,217.64664,0.0,0.0,0.0,0.0,0.0,-2.56668e-07,0.0,0.0,0.0,0.0,0.0,-0.0,-0.0,0.0,0.0,0.0
1258.5,0.0,-0.0,-2.79478e-07,0.0,0.0,0.0,0.0,0.0,0.0,217.64664,0.0,0.0,0.0,0.0,0.0,-2.56668e-07,0.0,0.0,0.0,0.0,0.0,-0.0,-0.0,0.0,0.0,0.0
1259.0,0.0,-0.0,-2.79478e-07,0.0,0.0,0.0,0.0,0.0,0.0,217.64664,0.0,0.0,0.0,0.0,0.0,-2.56668e-07,0.0,0.0,0.0,0.0,0.0,-0.0,-0.0,0.0,0.0,0.0
1259.5,0.0,-0.0,-2.79478e-07,0.0,0.0,0.0,0.0,0.0,0.0,217.64664,0.0,0.0,0.0,0.0,0.0,-2.56668e-07,0.0,0.0,0.0,0.0,0.0,-0.0,-0.0,0.0,0.0,0.0
1260.0,0.0,-0.0,-2.79478e-07,0.0,0.0,0.0,0.0,0.0,0.0,217.64664,0.0,0.0,0.0,0.0,0.0,-2.56668e-07,0.0,0.0,0.0,0.0,0.0,-0.0,-0.0,0.0,0.0,0.0
1260.5,0.0,-0.0,-2.79478e-07,0.0,0.0,0.0,0.0,0.0,0.0,217.64664,0.0,0.0,0.0,0.0,0.0,-2.56668e-07,0.0,0.0,0.0,0.0,0.0,-0.0,-0.0,0.0,0.0,0.0
1261.0,0.0,-0.0,-2.79478e-07,0.0,0.0,0.0,0.0,0.0,0.0,217.64664,0.0,0.0,0.0,0.0,0.0,-2.56668e-07,0.0,0.0,0.0,-0.0,0.0,-0.0,-0.0,0.0,0.0,0.0
1261.5,0.0,-0.0,-2.79478e-07,0.0,0.0,0.0,0.0,0.0,0.0,217.64664,0.0,0.0,0.0,0.0,0.0,-2.56668e-07,0.0,0.0,0.0,0.0,0.0,-0.0,-0.0,0.0,0.0,0.0
1262.0,0.0,-0.0,-2.79478e-07,0.0,0.0,0.0,0.0,0.0,0.0,217.64664,0.0,0.0,0.0,0.0,0.0,-2.56668e-07,0.0,0.0,0.0,0.0,0.0,-0.0,-0.0,0.0,0.0,0.0
1262.5,0.0,-0.0,-2.79478e-07,0.0,0.0,0.0,0.0,0.0,0.0,217.64664,0.0,0.0,0.0,0.0,0.0,-2.56668e-07,0.0,0.0,0.0,0.0,0.0,-0.0,-0.0,0.0,0.0,0.0
1263.0,0.0,-0.0,-2.79478e-07,0.0,0.0,0.0,0.0,0.0,0.0,217.64664,0.0,0.0,0.0,0.0,0.0,-2.56668e-07,0.0,0.0,0.0,0.0,0.0,-0.0,-0.0,0.0,0.0,0.0
1263.5,0.0,-0.0,-2.79478e-07,0.0,0.0,0.0,0.0,0.0,0.0,217.64664,0.0,0.0,0.0,0.0,0.0,-2.56668e-07,0.0,0.0,0.0,0.0,0.0,-0.0,-0.0,0.0,0.0,0.0
1264.0,0.0,-0.0,-2.79478e-07,0.0,0.0,0.0,0.0,0.0,0.0,217.64664,0.0,0.0,0.0,0.0,0.0,-2.56668e-07,0.0,0.0,0.0,-0.0,0.0,-0.0,-0.0,0.0,0.0,0.0
1264.5,0.0,-0.0,-2.79478e-07,0.0,0.0,0.0,0.0,0.0,0.0,217.64664,0.0,0.0,0.0,0.0,0.0,-2.56668e-07,0.0,0.0,0.0,0.0,0.0,-0.0,-0.0,0.0,0.0,0.0
1265.0,0.0,-0.0,-2.79478e-07,0.0,0.0,0.0,0.0,0.0,0.0,217.64664,0.0,0.0,0.0,0.0,0.0,-2.56668e-07,0.0,0.0,0.0,0.0,0.0,-0.0,-0.0,0.0,0.0,0.0
1265.5,0.0,-0.0,-2.79478e-07,0.0,0.0,0.0,0.0,0.0,0.0,217.64664,0.0,0.0,0.0,0.0,0.0,-2.56668e-07,0.0,0.0,0.0,0.0,0.0,-0.0,-0.0,0.0,0.0,0.0
1266.0,0.0,-0.0,-2.79478e-07,0.0,0.0,0.0,0.0,0.0,0.0,217.64664,0.0,0.0,0.0,0.0,0.0,-2.56668e-07,0.0,0.0,0.0,0.0,0.0,-0.0,-0.0,0.0,0.0,0.0
1266.5,0.0,-0.0,-2.79478e-07,0.0,0.0,0.0,0.0,0.0,0.0,217.64664,0.0,0.0,0.0,0.0,0.0,-2.56668e-07,0.0,0.0,0.0,-0.0,0.0,-0.0,-0.0,0.0,0.0,0.0
1267.0,0.0,-0.0,-2.79478e-07,0.0,0.0,0.0,0.0,0.0,0.0,217.64664,0.0,0.0,0.0,0.0,0.0,-2.56668e-07,0.0,0.0,0.0,0.0,0.0,-0.0,-0.0,0.0,0.0,0.0
1267.5,0.0,-0.0,-2.79478e-07,0.0,0.0,0.0,0.0,0.0,0.0,217.64664,0.0,0.0,0.0,0.0,0.0,-2.56668e-07,0.0,0.0,0.0,0.0,0.0,-0.0,-0.0,0.0,0.0,0.0
1268.0,0.0,-0.0,-2.79478e-07,0.0,0.0,0.0,0.0,0.0,0.0,217.64664,0.0,0.0,0.0,0.0,0.0,-2.56668e-07,0.0,0.0,0.0,0.0,0.0,-0.0,-0.0,0.0,0.0,0.0
1268.5,0.0,-0.0,-2.79478e-07,0.0,0.0,0.0,0.0,0.0,0.0,217.64664,0.0,0.0,0.0,0.0,0.0,-2.56668e-07,0.0,0.0,0.0,0.0,0.0,-0.0,-0.0,0.0,0.0,0.0
1269.0,0.0,-0.0,-2.79478e-07,0.0,0.0,0.0,0.0,0.0,0.0,217.64664,0.0,0.0,0.0,0.0,0.0,-2.56668e-07,0.0,0.0,0.0,0.0,0.0,-0.0,-0.0,0.0,0.0,0.0
1269.5,0.0,-0.0,-2.79478e-07,0.0,0.0,0.0,0.0,0.0,0.0,217.64664,0.0,0.0,0.0,0.0,0.0,-2.56668e-07,0.0,0.0,0.0,0.0,0.0,-0.0,-0.0,0.0,0.0,0.0
1270.0,0.0,-0.0,-2.79478e-07,0.0,0.0,0.0,0.0,0.0,0.0,217.64664,0.0,0.0,0.0,0.0,0.0,-2.56668e-07,0.0,0.0,0.0,0.0,0.0,-0.0,-0.0,0.0,0.0,0.0
1270.5,0.0,-0.0,-2.79478e-07,0.0,0.0,0.0,0.0,0.0,0.0,217.64664,0.0,0.0,0.0,0.0,0.0,-2.56668e-07,0.0,0.0,0.0,0.0,0.0,-0.0,-0.0,0.0,0.0,0.0
1271.0,0.0,-0.0,-2.79478e-07,0.0,0.0,0.0,0.0,0.0,0.0,217.64664,0.0,0.0,0.0,0.0,0.0,-2.56668e-07,0.0,0.0,0.0,0.0,0.0,-0.0,-0.0,0.0,0.0,0.0
1271.5,0.0,-0.0,-2.79478e-07,0.0,0.0,0.0,0.0,0.0,0.0,217.64664,0.0,0.0,0.0,0.0,0.0,-2.56668e-07,0.0,0.0,0.0,0.0,0.0,-0.0,-0.0,0.0,0.0,0.0
1272.0,0.0,-0.0,-2.79478e-07,0.0,0.0,0.0,0.0,0.0,0.0,217.64664,0.0,0.0,0.0,0.0,0.0,-2.56668e-07,0.0,0.0,0.0,0.0,0.0,-0.0,-0.0,0.0,0.0,0.0
1272.5,0.0,-0.0,-2.79478e-07,0.0,0.0,0.0,0.0,0.0,0.0,217.64664,0.0,0.0,0.0,0.0,0.0,-2.56668e-07,0.0,0.0,0.0,0.0,0.0,-0.0,-0.0,0.0,0.0,0.0
1273.0,0.0,-0.0,-2.79478e-07,0.0,0.0,0.0,0.0,0.0,0.0,217.64664,0.0,0.0,0.0,0.0,0.0,-2.56668e-07,0.0,0.0,0.0,0.0,0.0,-0.0,-0.0,0.0,0.0,0.0
1273.5,0.0,-0.0,-2.79478e-07,0.0,0.0,0.0,0.0,0.0,0.0,217.64664,0.0,0.0,0.0,0.0,0.0,-2.56668e-07,0.0,0.0,0.0,0.0,0.0,-0.0,-0.0,0.0,0.0,0.0
1274.0,0.0,-0.0,-2.79478e-07,0.0,0.0,0.0,0.0,0.0,0.0,217.64664,0.0,0.0,0.0,0.0,0.0,-2.56668e-07,0.0,0.0,0.0,0.0,0.0,-0.0,-0.0,0.0,0.0,0.0
1274.5,0.0,-0.0,-2.79478e-07,0.0,0.0,0.0,0.0,0.0,0.0,217.64664,0.0,0.0,0.0,0.0,0.0,-2.56668e-07,0.0,0.0,0.0,0.0,0.0,-0.0,-0.0,0.0,0.0,0.0
1275.0,0.0,-0.0,-2.79478e-07,0.0,0.0,0.0,0.0,0.0,0.0,217.64664,0.0,0.0,0.0,0.0,0.0,-2.56668e-07,0.0,0.0,0.0,-0.0,0.0,-0.0,-0.0,0.0,0.0,0.0
1275.5,0.0,-0.0,-2.79478e-07,0.0,0.0,0.0,0.0,0.0,0.0,217.64664,0.0,0.0,0.0,0.0,0.0,-2.56668e-07,0.0,0.0,0.0,0.0,0.0,-0.0,-0.0,0.0,0.0,0.0
1276.0,0.0,-0.0,-2.79478e-07,0.0,0.0,0.0,0.0,0.0,0.0,217.64664,0.0,0.0,0.0,0.0,0.0,-2.56668e-07,0.0,0.0,0.0,0.0,0.0,-0.0,-0.0,0.0,0.0,0.0
1276.5,0.0,-0.0,-2.79478e-07,0.0,0.0,0.0,0.0,0.0,0.0,217.64664,0.0,0.0,0.0,0.0,0.0,-2.56668e-07,0.0,0.0,0.0,0.0,0.0,-0.0,-0.0,0.0,0.0,0.0
1277.0,0.0,-0.0,-2.79478e-07,0.0,0.0,0.0,0.0,0.0,0.0,217.64664,0.0,0.0,0.0,0.0,0.0,-2.56668e-07,0.0,0.0,0.0,0.0,0.0,-0.0,-0.0,0.0,0.0,0.0
1277.5,0.0,-0.0,-2.79478e-07,0.0,0.0,0.0,0.0,0.0,0.0,217.64664,0.0,0.0,0.0,0.0,0.0,-2.56668e-07,0.0,0.0,0.0,-0.0,0.0,-0.0,-0.0,0.0,0.0,0.0
1278.0,0.0,-0.0,-2.79478e-07,0.0,0.0,0.0,0.0,0.0,0.0,217.64664,0.0,0.0,0.0,0.0,0.0,-2.56668e-07,0.0,0.0,0.0,0.0,0.0,-0.0,-0.0,0.0,0.0,0.0
1278.5,0.0,-0.0,-2.79478e-07,0.0,0.0,0.0,0.0,0.0,0.0,217.64664,0.0,0.0,0.0,0.0,0.0,-2.56668e-07,0.0,0.0,0.0,0.0,0.0,-0.0,-0.0,0.0,0.0,0.0
1279.0,0.0,-0.0,-2.79478e-07,0.0,0.0,0.0,0.0,0.0,0.0,217.64664,0.0,0.0,0.0,0.0,0.0,-2.56668e-07,0.0,0.0,0.0,0.0,0.0,-0.0,-0.0,0.0,0.0,0.0
1279.5,0.0,-0.0,-2.79478e-07,0.0,0.0,0.0,0.0,0.0,0.0,217.64664,0.0,0.0,0.0,0.0,0.0,-2.56668e-07,0.0,0.0,0.0,0.0,0.0,-0.0,-0.0,0.0,0.0,0.0
1280.0,0.0,-0.0,-2.79478e-07,0.0,0.0,0.0,0.0,0.0,0.0,217.64664,0.0,0.0,0.0,0.0,0.0,-2.56668e-07,0.0,0.0,0.0,-0.0,0.0,-0.0,-0.0,0.0,0.0,0.0
1280.5,0.0,-0.0,-2.79478e-07,0.0,0.0,0.0,0.0,0.0,0.0,217.64664,0.0,0.0,0.0,0.0,0.0,-2.56668e-07,0.0,0.0,0.0,0.0,0.0,-0.0,-0.0,0.0,0.0,0.0
1281.0,0.0,-0.0,-2.79478e-07,0.0,0.0,0.0,0.0,0.0,0.0,217.64664,0.0,0.0,0.0,0.0,0.0,-2.56668e-07,0.0,0.0,0.0,0.0,0.0,-0.0,-0.0,0.0,0.0,0.0
1281.5,0.0,-0.0,-2.79478e-07,0.0,0.0,0.0,0.0,0.0,0.0,217.64664,0.0,0.0,0.0,0.0,0.0,-2.56668e-07,0.0,0.0,0.0,0.0,0.0,-0.0,-0.0,0.0,0.0,0.0
1282.0,0.0,-0.0,-2.79478e-07,0.0,0.0,0.0,0.0,0.0,0.0,217.64664,0.0,0.0,0.0,0.0,0.0,-2.56668e-07,0.0,0.0,0.0,0.0,0.0,-0.0,-0.0,0.0,0.0,0.0
1282.5,0.0,-0.0,-2.79478e-07,0.0,0.0,0.0,0.0,0.0,0.0,217.64664,0.0,0.0,0.0,0.0,0.0,-2.56668e-07,0.0,0.0,0.0,0.0,0.0,-0.0,-0.0,0.0,0.0,0.0
1283.0,0.0,-0.0,-2.79478e-07,0.0,0.0,0.0,0.0,0.0,0.0,217.64664,0.0,0.0,0.0,0.0,0.0,-2.56668e-07,0.0,0.0,0.0,0.0,0.0,-0.0,-0.0,0.0,0.0,0.0
1283.5,0.0,-0.0,-2.79478e-07,0.0,0.0,0.0,0.0,0.0,0.0,217.64664,0.0,0.0,0.0,0.0,0.0,-2.56668e-07,0.0,0.0,0.0,0.0,0.0,-0.0,-0.0,0.0,0.0,0.0
1284.0,0.0,-0.0,-2.79478e-07,0.0,0.0,0.0,0.0,0.0,0.0,217.64664,0.0,0.0,0.0,0.0,0.0,-2.56668e-07,0.0,0.0,0.0,0.0,0.0,-0.0,-0.0,0.0,0.0,0.0
1284.5,0.0,-0.0,-2.79478e-07,0.0,0.0,0.0,0.0,0.0,0.0,217.64664,0.0,0.0,0.0,0.0,0.0,-2.56668e-07,0.0,0.0,0.0,0.0,0.0,-0.0,-0.0,0.0,0.0,0.0
1285.0,0.0,-0.0,-2.79478e-07,0.0,0.0,0.0,0.0,0.0,0.0,217.64664,0.0,0.0,0.0,0.0,0.0,-2.56668e-07,0.0,0.0,0.0,0.0,0.0,-0.0,-0.0,0.0,0.0,0.0
1285.5,0.0,-0.0,-2.79478e-07,0.0,0.0,0.0,0.0,0.0,0.0,217.64664,0.0,0.0,0.0,0.0,0.0,-2.56668e-07,0.0,0.0,0.0,0.0,0.0,-0.0,-0.0,0.0,0.0,0.0
1286.0,0.0,-0.0,-2.79478e-07,0.0,0.0,0.0,0.0,0.0,0.0,217.64664,0.0,0.0,0.0,0.0,0.0,-2.56668e-07,0.0,0.0,0.0,0.0,0.0,-0.0,-0.0,0.0,0.0,0.0
1286.5,0.0,-0.0,-2.79478e-07,0.0,0.0,0.0,0.0,0.0,0.0,217.64664,0.0,0.0,0.0,0.0,0.0,-2.56668e-07,0.0,0.0,0.0,0.0,0.0,-0.0,-0.0,0.0,0.0,0.0
1287.0,0.0,-0.0,-2.79478e-07,0.0,0.0,0.0,0.0,0.0,0.0,217.64664,0.0,0.0,0.0,0.0,0.0,-2.56668e-07,0.0,0.0,0.0,0.0,0.0,-0.0,-0.0,0.0,0.0,0.0
1287.5,0.0,-0.0,-2.79478e-07,0.0,0.0,0.0,0.0,0.0,0.0,217.64664,0.0,0.0,0.0,0.0,0.0,-2.56668e-07,0.0,0.0,0.0,0.0,0.0,-0.0,-0.0,0.0,0.0,0.0
1288.0,0.0,-0.0,-2.79478e-07,0.0,0.0,0.0,0.0,0.0,0.0,217.64664,0.0,0.0,0.0,0.0,0.0,-2.56668e-07,0.0,0.0,0.0,0.0,0.0,-0.0,-0.0,0.0,0.0,0.0
1288.5,0.0,-0.0,-2.79478e-07,0.0,0.0,0.0,0.0,0.0,0.0,217.64664,0.0,0.0,0.0,0.0,0.0,-2.56668e-07,0.0,0.0,0.0,0.0,0.0,-0.0,-0.0,0.0,0.0,0.0
1289.0,0.0,-0.0,-2.79478e-07,0.0,0.0,0.0,0.0,0.0,0.0,217.64664,0.0,0.0,0.0,0.0,0.0,-2.56668e-07,0.0,0.0,0.0,0.0,0.0,-0.0,-0.0,0.0,0.0,0.0
1289.5,0.0,-0.0,-2.79478e-07,0.0,0.0,0.0,0.0,0.0,0.0,217.64664,0.0,0.0,0.0,0.0,0.0,-2.56668e-07,0.0,0.0,0.0,0.0,0.0,-0.0,-0.0,0.0,0.0,0.0
1290.0,0.0,-0.0,-2.79478e-07,0.0,0.0,0.0,0.0,0.0,0.0,217.64664,0.0,0.0,0.0,0.0,0.0,-2.56668e-07,0.0,0.0,0.0,0.0,0.0,-0.0,-0.0,0.0,0.0,0.0
1290.5,0.0,-0.0,-2.79478e-07,0.0,0.0,0.0,0.0,0.0,0.0,217.64664,0.0,0.0,0.0,0.0,0.0,-2.56668e-07,0.0,0.0,0.0,0.0,0.0,-0.0,-0.0,0.0,0.0,0.0
1291.0,0.0,-0.0,-2.79478e-07,0.0,0.0,0.0,0.0,0.0,0.0,217.64664,0.0,0.0,0.0,0.0,0.0,-2.56668e-07,0.0,0.0,0.0,-0.0,0.0,-0.0,-0.0,0.0,0.0,0.0
1291.5,0.0,-0.0,-2.79478e-07,0.0,0.0,0.0,0.0,0.0,0.0,217.64664,0.0,0.0,0.0,0.0,0.0,-2.56668e-07,0.0,0.0,0.0,0.0,0.0,-0.0,-0.0,0.0,0.0,0.0
1292.0,0.0,-0.0,-2.79478e-07,0.0,0.0,0.0,0.0,0.0,0.0,217.64664,0.0,0.0,0.0,0.0,0.0,-2.56668e-07,0.0,0.0,0.0,0.0,0.0,-0.0,-0.0,0.0,0.0,0.0
1292.5,0.0,-0.0,-2.79478e-07,0.0,0.0,0.0,0.0,0.0,0.0,217.64664,0.0,0.0,0.0,0.0,0.0,-2.56668e-07,0.0,0.0,0.0,0.0,0.0,-0.0,-0.0,0.0,0.0,0.0
1293.0,0.0,-0.0,-2.79478e-07,0.0,0.0,0.0,0.0,0.0,0.0,217.64664,0.0,0.0,0.0,0.0,0.0,-2.56668e-07,0.0,0.0,0.0,0.0,0.0,-0.0,-0.0,0.0,0.0,0.0
1293.5,0.0,-0.0,-2.79478e-07,0.0,0.0,0.0,0.0,0.0,0.0,217.64664,0.0,0.0,0.0,0.0,0.0,-2.56668e-07,0.0,0.0,0.0,0.0,0.0,-0.0,-0.0,0.0,0.0,0.0
1294.0,0.0,-0.0,-2.79478e-07,0.0,0.0,0.0,0.0,0.0,0.0,217.64664,0.0,0.0,0.0,0.0,0.0,-2.56668e-07,0.0,0.0,0.0,-0.0,0.0,-0.0,-0.0,0.0,0.0,0.0
1294.5,0.0,-0.0,-2.79478e-07,0.0,0.0,0.0,0.0,0.0,0.0,217.64664,0.0,0.0,0.0,0.0,0.0,-2.56668e-07,0.0,0.0,0.0,0.0,0.0,-0.0,-0.0,0.0,0.0,0.0
1295.0,0.0,-0.0,-2.79478e-07,0.0,0.0,0.0,0.0,0.0,0.0,217.64664,0.0,0.0,0.0,0.0,0.0,-2.56668e-07,0.0,0.0,0.0,0.0,0.0,-0.0,-0.0,0.0,0.0,0.0
1295.5,0.0,-0.0,-2.79478e-07,0.0,0.0,0.0,0.0,0.0,0.0,217.64664,0.0,0.0,0.0,0.0,0.0,-2.56668e-07,0.0,0.0,0.0,0.0,0.0,-0.0,-0.0,0.0,0.0,0.0
1296.0,0.0,-0.0,-2.79478e-07,0.0,0.0,0.0,0.0,0.0,0.0,217.64664,0.0,0.0,0.0,0.0,0.0,-2.56668e-07,0.0,0.0,0.0,0.0,0.0,-0.0,-0.0,0.0,0.0,0.0
1296.5,0.0,-0.0,-2.79478e-07,0.0,0.0,0.0,0.0,0.0,0.0,217.64664,0.0,0.0,0.0,0.0,0.0,-2.56668e-07,0.0,0.0,0.0,0.0,0.0,-0.0,-0.0,0.0,0.0,0.0
1297.0,0.0,-0.0,-2.79478e-07,0.0,0.0,0.0,0.0,0.0,0.0,217.64664,0.0,0.0,0.0,0.0,0.0,-2.56668e-07,0.0,0.0,0.0,0.0,0.0,-0.0,-0.0,0.0,0.0,0.0
1297.5,0.0,-0.0,-2.79478e-07,0.0,0.0,0.0,0.0,0.0,0.0,217.64664,0.0,0.0,0.0,0.0,0.0,-2.56668e-07,0.0,0.0,0.0,0.0,0.0,-0.0,-0.0,0.0,0.0,0.0
1298.0,0.0,-0.0,-2.79478e-07,0.0,0.0,0.0,0.0,0.0,0.0,217.64664,0.0,0.0,0.0,0.0,0.0,-2.56668e-07,0.0,0.0,0.0,0.0,0.0,-0.0,-0.0,0.0,0.0,0.0
1298.5,0.0,-0.0,-2.79478e-07,0.0,0.0,0.0,0.0,0.0,0.0,217.64664,0.0,0.0,0.0,0.0,0.0,-2.56668e-07,0.0,0.0,0.0,0.0,0.0,-0.0,-0.0,0.0,0.0,0.0
1299.0,0.0,-0.0,-2.79478e-07,0.0,0.0,0.0,0.0,0.0,0.0,217.64664,0.0,0.0,0.0,0.0,0.0,-2.56668e-07,0.0,0.0,0.0,0.0,0.0,-0.0,-0.0,0.0,0.0,0.0
1299.5,0.0,-0.0,-2.79478e-07,0.0,0.0,0.0,0.0,0.0,0.0,217.64664,0.0,0.0,0.0,0.0,0.0,-2.56668e-07,0.0,0.0,0.0,0.0,0.0,-0.0,-0.0,0.0,0.0,0.0
1300.0,0.0,-0.0,-2.79478e-07,0.0,0.0,0.0,0.0,0.0,0.0,217.64664,0.0,0.0,0.0,0.0,0.0,-2.56668e-07,0.0,0.0,0.0,0.0,0.0,-0.0,-0.0,0.0,0.0,0.0
1300.5,0.0,-0.0,-2.79478e-07,0.0,0.0,0.0,0.0,0.0,0.0,217.64664,0.0,0.0,0.0,0.0,0.0,-2.56668e-07,0.0,0.0,0.0,0.0,0.0,-0.0,-0.0,0.0,0.0,0.0
1301.0,0.0,-0.0,-2.79478e-07,0.0,0.0,0.0,0.0,0.0,0.0,217.64664,0.0,0.0,0.0,0.0,0.0,-2.56668e-07,0.0,0.0,0.0,0.0,0.0,-0.0,-0.0,0.0,0.0,0.0
1301.5,0.0,-0.0,-2.79478e-07,0.0,0.0,0.0,0.0,0.0,0.0,217.64664,0.0,0.0,0.0,0.0,0.0,-2.56668e-07,0.0,0.0,0.0,0.0,0.0,-0.0,-0.0,0.0,0.0,0.0
1302.0,0.0,-0.0,-2.79478e-07,0.0,0.0,0.0,0.0,0.0,0.0,217.64664,0.0,0.0,0.0,0.0,0.0,-2.56668e-07,0.0,0.0,0.0,0.0,0.0,-0.0,-0.0,0.0,0.0,0.0
1302.5,0.0,-0.0,-2.79478e-07,0.0,0.0,0.0,0.0,0.0,0.0,217.64664,0.0,0.0,0.0,0.0,0.0,-2.56668e-07,0.0,0.0,0.0,0.0,0.0,-0.0,-0.0,0.0,0.0,0.0
1303.0,0.0,-0.0,-2.79478e-07,0.0,0.0,0.0,0.0,0.0,0.0,217.64664,0.0,0.0,0.0,0.0,0.0,-2.56668e-07,0.0,0.0,0.0,0.0,0.0,-0.0,-0.0,0.0,0.0,0.0
1303.5,0.0,-0.0,-2.79478e-07,0.0,0.0,0.0,0.0,0.0,0.0,217.64664,0.0,0.0,0.0,0.0,0.0,-2.56668e-07,0.0,0.0,0.0,0.0,0.0,-0.0,-0.0,0.0,0.0,0.0
1304.0,0.0,-0.0,-2.79478e-07,0.0,0.0,0.0,0.0,0.0,0.0,217.64664,0.0,0.0,0.0,0.0,0.0,-2.56668e-07,0.0,0.0,0.0,0.0,0.0,-0.0,-0.0,0.0,0.0,0.0
1304.5,0.0,-0.0,-2.79478e-07,0.0,0.0,0.0,0.0,0.0,0.0,217.64664,0.0,0.0,0.0,0.0,0.0,-2.56668e-07,0.0,0.0,0.0,-0.0,0.0,-0.0,-0.0,0.0,0.0,0.0
1305.0,0.0,-0.0,-2.79478e-07,0.0,0.0,0.0,0.0,0.0,0.0,217.64664,0.0,0.0,0.0,0.0,0.0,-2.56668e-07,0.0,0.0,0.0,0.0,0.0,-0.0,-0.0,0.0,0.0,0.0
1305.5,0.0,-0.0,-2.79478e-07,0.0,0.0,0.0,0.0,0.0,0.0,217.64664,0.0,0.0,0.0,0.0,0.0,-2.56668e-07,0.0,0.0,0.0,0.0,0.0,-0.0,-0.0,0.0,0.0,0.0
1306.0,0.0,-0.0,-2.79478e-07,0.0,0.0,0.0,0.0,0.0,0.0,217.64664,0.0,0.0,0.0,0.0,0.0,-2.56668e-07,0.0,0.0,0.0,0.0,0.0,-0.0,-0.0,0.0,0.0,0.0
1306.5,0.0,-0.0,-2.79478e-07,0.0,0.0,0.0,0.0,0.0,0.0,217.64664,0.0,0.0,0.0,0.0,0.0,-2.56668e-07,0.0,0.0,0.0,0.0,0.0,-0.0,-0.0,0.0,0.0,0.0
1307.0,0.0,-0.0,-2.79478e-07,0.0,0.0,0.0,0.0,0.0,0.0,217.64664,0.0,0.0,0.0,0.0,0.0,-2.56668e-07,0.0,0.0,0.0,0.0,0.0,-0.0,-0.0,0.0,0.0,0.0
1307.5,0.0,-0.0,-2.79478e-07,0.0,0.0,0.0,0.0,0.0,0.0,217.64664,0.0,0.0,0.0,0.0,0.0,-2.56668e-07,0.0,0.0,0.0,-0.0,0.0,-0.0,-0.0,0.0,0.0,0.0
1308.0,0.0,-0.0,-2.79478e-07,0.0,0.0,0.0,0.0,0.0,0.0,217.64664,0.0,0.0,0.0,0.0,0.0,-2.56668e-07,0.0,0.0,0.0,0.0,0.0,-0.0,-0.0,0.0,0.0,0.0
1308.5,0.0,-0.0,-2.79478e-07,0.0,0.0,0.0,0.0,0.0,0.0,217.64664,0.0,0.0,0.0,0.0,0.0,-2.56668e-07,0.0,0.0,0.0,0.0,0.0,-0.0,-0.0,0.0,0.0,0.0
1309.0,0.0,-0.0,-2.79478e-07,0.0,0.0,0.0,0.0,0.0,0.0,217.64664,0.0,0.0,0.0,0.0,0.0,-2.56668e-07,0.0,0.0,0.0,0.0,0.0,-0.0,-0.0,0.0,0.0,0.0
1309.5,0.0,-0.0,-2.79478e-07,0.0,0.0,0.0,0.0,0.0,0.0,217.64664,0.0,0.0,0.0,0.0,0.0,-2.56668e-07,0.0,0.0,0.0,0.0,0.0,-0.0,-0.0,0.0,0.0,0.0
1310.0,0.0,-0.0,-2.79478e-07,0.0,0.0,0.0,0.0,0.0,0.0,217.64664,0.0,0.0,0.0,0.0,0.0,-2.56668e-07,0.0,0.0,0.0,-0.0,0.0,-0.0,-0.0,0.0,0.0,0.0
1310.5,0.0,-0.0,-2.79478e-07,0.0,0.0,0.0,0.0,0.0,0.0,217.64664,0.0,0.0,0.0,0.0,0.0,-2.56668e-07,0.0,0.0,0.0,0.0,0.0,-0.0,-0.0,0.0,0.0,0.0
1311.0,0.0,-0.0,-2.79478e-07,0.0,0.0,0.0,0.0,0.0,0.0,217.64664,0.0,0.0,0.0,0.0,0.0,-2.56668e-07,0.0,0.0,0.0,0.0,0.0,-0.0,-0.0,0.0,0.0,0.0
1311.5,0.0,-0.0,-2.79478e-07,0.0,0.0,0.0,0.0,0.0,0.0,217.64664,0.0,0.0,0.0,0.0,0.0,-2.56668e-07,0.0,0.0,0.0,0.0,0.0,-0.0,-0.0,0.0,0.0,0.0
1312.0,0.0,-0.0,-2.79478e-07,0.0,0.0,0.0,0.0,0.0,0.0,217.64664,0.0,0.0,0.0,0.0,0.0,-2.56668e-07,0.0,0.0,0.0,0.0,0.0,-0.0,-0.0,0.0,0.0,0.0
1312.5,0.0,-0.0,-2.79478e-07,0.0,0.0,0.0,0.0,0.0,0.0,217.64664,0.0,0.0,0.0,0.0,0.0,-2.56668e-07,0.0,0.0,0.0,0.0,0.0,-0.0,-0.0,0.0,0.0,0.0
1313.0,0.0,-0.0,-2.79478e-07,0.0,0.0,0.0,0.0,0.0,0.0,217.64664,0.0,0.0,0.0,0.0,0.0,-2.56668e-07,0.0,0.0,0.0,0.0,0.0,-0.0,-0.0,0.0,0.0,0.0
1313.5,0.0,-0.0,-2.79478e-07,0.0,0.0,0.0,0.0,0.0,0.0,217.64664,0.0,0.0,0.0,0.0,0.0,-2.56668e-07,0.0,0.0,0.0,0.0,0.0,-0.0,-0.0,0.0,0.0,0.0
1314.0,0.0,-0.0,-2.79478e-07,0.0,0.0,0.0,0.0,0.0,0.0,217.64664,0.0,0.0,0.0,0.0,0.0,-2.56668e-07,0.0,0.0,0.0,0.0,0.0,-0.0,-0.0,0.0,0.0,0.0
1314.5,0.0,-0.0,-2.79478e-07,0.0,0.0,0.0,0.0,0.0,0.0,217.64664,0.0,0.0,0.0,0.0,0.0,-2.56668e-07,0.0,0.0,0.0,0.0,0.0,-0.0,-0.0,0.0,0.0,0.0
1315.0,0.0,-0.0,-2.79478e-07,0.0,0.0,0.0,0.0,0.0,0.0,217.64664,0.0,0.0,0.0,0.0,0.0,-2.56668e-07,0.0,0.0,0.0,0.0,0.0,-0.0,-0.0,0.0,0.0,0.0
1315.5,0.0,-0.0,-2.79478e-07,0.0,0.0,0.0,0.0,0.0,0.0,217.64664,0.0,0.0,0.0,0.0,0.0,-2.56668e-07,0.0,0.0,0.0,0.0,0.0,-0.0,-0.0,0.0,0.0,0.0
1316.0,0.0,-0.0,-2.79478e-07,0.0,0.0,0.0,0.0,0.0,0.0,217.64664,0.0,0.0,0.0,0.0,0.0,-2.56668e-07,0.0,0.0,0.0,0.0,0.0,-0.0,-0.0,0.0,0.0,0.0
1316.5,0.0,-0.0,-2.79478e-07,0.0,0.0,0.0,0.0,0.0,0.0,217.64664,0.0,0.0,0.0,0.0,0.0,-2.56668e-07,0.0,0.0,0.0,0.0,0.0,-0.0,-0.0,0.0,0.0,0.0
1317.0,0.0,-0.0,-2.79478e-07,0.0,0.0,0.0,0.0,0.0,0.0,217.64664,0.0,0.0,0.0,0.0,0.0,-2.56668e-07,0.0,0.0,0.0,0.0,0.0,-0.0,-0.0,0.0,0.0,0.0
1317.5,0.0,-0.0,-2.79478e-07,0.0,0.0,0.0,0.0,0.0,0.0,217.64664,0.0,0.0,0.0,0.0,0.0,-2.56668e-07,0.0,0.0,0.0,0.0,0.0,-0.0,-0.0,0.0,0.0,0.0
1318.0,0.0,-0.0,-2.79478e-07,0.0,0.0,0.0,0.0,0.0,0.0,217.64664,0.0,0.0,0.0,0.0,0.0,-2.56668e-07,0.0,0.0,0.0,0.0,0.0,-0.0,-0.0,0.0,0.0,0.0
1318.5,0.0,-0.0,-2.79478e-07,0.0,0.0,0.0,0.0,0.0,0.0,217.64664,0.0,0.0,0.0,0.0,0.0,-2.56668e-07,0.0,0.0,0.0,-0.0,0.0,-0.0,-0.0,0.0,0.0,0.0
1319.0,0.0,-0.0,-2.79478e-07,0.0,0.0,0.0,0.0,0.0,0.0,217.64664,0.0,0.0,0.0,0.0,0.0,-2.56668e-07,0.0,0.0,0.0,0.0,0.0,-0.0,-0.0,0.0,0.0,0.0
1319.5,0.0,-0.0,-2.79478e-07,0.0,0.0,0.0,0.0,0.0,0.0,217.64664,0.0,0.0,0.0,0.0,0.0,-2.56668e-07,0.0,0.0,0.0,0.0,0.0,-0.0,-0.0,0.0,0.0,0.0
1320.0,0.0,-0.0,-2.79478e-07,0.0,0.0,0.0,0.0,0.0,0.0,217.64664,0.0,0.0,0.0,0.0,0.0,-2.56668e-07,0.0,0.0,0.0,0.0,0.0,-0.0,-0.0,0.0,0.0,0.0
1320.5,0.0,-0.0,-2.79478e-07,0.0,0.0,0.0,0.0,0.0,0.0,217.64664,0.0,0.0,0.0,0.0,0.0,-2.56668e-07,0.0,0.0,0.0,0.0,0.0,-0.0,-0.0,0.0,0.0,0.0
1321.0,0.0,-0.0,-2.79478e-07,0.0,0.0,0.0,0.0,0.0,0.0,217.64664,0.0,0.0,0.0,0.0,0.0,-2.56668e-07,0.0,0.0,0.0,-0.0,0.0,-0.0,-0.0,0.0,0.0,0.0
1321.5,0.0,-0.0,-2.79478e-07,0.0,0.0,0.0,0.0,0.0,0.0,217.64664,0.0,0.0,0.0,0.0,0.0,-2.56668e-07,0.0,0.0,0.0,0.0,0.0,-0.0,-0.0,0.0,0.0,0.0
1322.0,0.0,-0.0,-2.79478e-07,0.0,0.0,0.0,0.0,0.0,0.0,217.64664,0.0,0.0,0.0,0.0,0.0,-2.56668e-07,0.0,0.0,0.0,0.0,0.0,-0.0,-0.0,0.0,0.0,0.0
1322.5,0.0,-0.0,-2.79478e-07,0.0,0.0,0.0,0.0,0.0,0.0,217.64664,0.0,0.0,0.0,0.0,0.0,-2.56668e-07,0.0,0.0,0.0,0.0,0.0,-0.0,-0.0,0.0,0.0,0.0
1323.0,0.0,-0.0,-2.79478e-07,0.0,0.0,0.0,0.0,0.0,0.0,217.64664,0.0,0.0,0.0,0.0,0.0,-2.56668e-07,0.0,0.0,0.0,0.0,0.0,-0.0,-0.0,0.0,0.0,0.0
1323.5,0.0,-0.0,-2.79478e-07,0.0,0.0,0.0,0.0,0.0,0.0,217.64664,0.0,0.0,0.0,0.0,0.0,-2.56668e-07,0.0,0.0,0.0,-0.0,0.0,-0.0,-0.0,0.0,0.0,0.0
1324.0,0.0,-0.0,-2.79478e-07,0.0,0.0,0.0,0.0,0.0,0.0,217.64664,0.0,0.0,0.0,0.0,0.0,-2.56668e-07,0.0,0.0,0.0,0.0,0.0,-0.0,-0.0,0.0,0.0,0.0
1324.5,0.0,-0.0,-2.79478e-07,0.0,0.0,0.0,0.0,0.0,0.0,217.64664,0.0,0.0,0.0,0.0,0.0,-2.56668e-07,0.0,0.0,0.0,0.0,0.0,-0.0,-0.0,0.0,0.0,0.0
1325.0,0.0,-0.0,-2.79478e-07,0.0,0.0,0.0,0.0,0.0,0.0,217.64664,0.0,0.0,0.0,0.0,0.0,-2.56668e-07,0.0,0.0,0.0,0.0,0.0,-0.0,-0.0,0.0,0.0,0.0
1325.5,0.0,-0.0,-2.79478e-07,0.0,0.0,0.0,0.0,0.0,0.0,217.64664,0.0,0.0,0.0,0.0,0.0,-2.56668e-07,0.0,0.0,0.0,0.0,0.0,-0.0,-0.0,0.0,0.0,0.0
1326.0,0.0,-0.0,-2.79478e-07,0.0,0.0,0.0,0.0,0.0,0.0,217.64664,0.0,0.0,0.0,0.0,0.0,-2.56668e-07,0.0,0.0,0.0,0.0,0.0,-0.0,-0.0,0.0,0.0,0.0
1326.5,0.0,-0.0,-2.79478e-07,0.0,0.0,0.0,0.0,0.0,0.0,217.64664,0.0,0.0,0.0,0.0,0.0,-2.56668e-07,0.0,0.0,0.0,0.0,0.0,-0.0,-0.0,0.0,0.0,0.0
1327.0,0.0,-0.0,-2.79478e-07,0.0,0.0,0.0,0.0,0.0,0.0,217.64664,0.0,0.0,0.0,0.0,0.0,-2.56668e-07,0.0,0.0,0.0,0.0,0.0,-0.0,-0.0,0.0,0.0,0.0
1327.5,0.0,-0.0,-2.79478e-07,0.0,0.0,0.0,0.0,0.0,0.0,217.64664,0.0,0.0,0.0,0.0,0.0,-2.56668e-07,0.0,0.0,0.0,0.0,0.0,-0.0,-0.0,0.0,0.0,0.0
1328.0,0.0,-0.0,-2.79478e-07,0.0,0.0,0.0,0.0,0.0,0.0,217.64664,0.0,0.0,0.0,0.0,0.0,-2.56668e-07,0.0,0.0,0.0,0.0,0.0,-0.0,-0.0,0.0,0.0,0.0
1328.5,0.0,-0.0,-2.79478e-07,0.0,0.0,0.0,0.0,0.0,0.0,217.64664,0.0,0.0,0.0,0.0,0.0,-2.56668e-07,0.0,0.0,0.0,0.0,0.0,-0.0,-0.0,0.0,0.0,0.0
1329.0,0.0,-0.0,-2.79478e-07,0.0,0.0,0.0,0.0,0.0,0.0,217.64664,0.0,0.0,0.0,0.0,0.0,-2.56668e-07,0.0,0.0,0.0,0.0,0.0,-0.0,-0.0,0.0,0.0,0.0
1329.5,0.0,-0.0,-2.79478e-07,0.0,0.0,0.0,0.0,0.0,0.0,217.64664,0.0,0.0,0.0,0.0,0.0,-2.56668e-07,0.0,0.0,0.0,0.0,0.0,-0.0,-0.0,0.0,0.0,0.0
1330.0,0.0,-0.0,-2.79478e-07,0.0,0.0,0.0,0.0,0.0,0.0,217.64664,0.0,0.0,0.0,0.0,0.0,-2.56668e-07,0.0,0.0,0.0,0.0,0.0,-0.0,-0.0,0.0,0.0,0.0
1330.5,0.0,-0.0,-2.79478e-07,0.0,0.0,0.0,0.0,0.0,0.0,217.64664,0.0,0.0,0.0,0.0,0.0,-2.56668e-07,0.0,0.0,0.0,0.0,0.0,-0.0,-0.0,0.0,0.0,0.0
1331.0,0.0,-0.0,-2.79478e-07,0.0,0.0,0.0,0.0,0.0,0.0,217.64664,0.0,0.0,0.0,0.0,0.0,-2.56668e-07,0.0,0.0,0.0,0.0,0.0,-0.0,-0.0,0.0,0.0,0.0
1331.5,0.0,-0.0,-2.79478e-07,0.0,0.0,0.0,0.0,0.0,0.0,217.64664,0.0,0.0,0.0,0.0,0.0,-2.56668e-07,0.0,0.0,0.0,0.0,0.0,-0.0,-0.0,0.0,0.0,0.0
1332.0,0.0,-0.0,-2.79478e-07,0.0,0.0,0.0,0.0,0.0,0.0,217.64664,0.0,0.0,0.0,0.0,0.0,-2.56668e-07,0.0,0.0,0.0,0.0,0.0,-0.0,-0.0,0.0,0.0,0.0
1332.5,0.0,-0.0,-2.79478e-07,0.0,0.0,0.0,0.0,0.0,0.0,217.64664,0.0,0.0,0.0,0.0,0.0,-2.56668e-07,0.0,0.0,0.0,0.0,0.0,-0.0,-0.0,0.0,0.0,0.0
1333.0,0.0,-0.0,-2.79478e-07,0.0,0.0,0.0,0.0,0.0,0.0,217.64664,0.0,0.0,0.0,0.0,0.0,-2.56668e-07,0.0,0.0,0.0,0.0,0.0,-0.0,-0.0,0.0,0.0,0.0
1333.5,0.0,-0.0,-2.79478e-07,0.0,0.0,0.0,0.0,0.0,0.0,217.64664,0.0,0.0,0.0,0.0,0.0,-2.56668e-07,0.0,0.0,0.0,0.0,0.0,-0.0,-0.0,0.0,0.0,0.0
1334.0,0.0,-0.0,-2.79478e-07,0.0,0.0,0.0,0.0,0.0,0.0,217.64664,0.0,0.0,0.0,0.0,0.0,-2.56668e-07,0.0,0.0,0.0,0.0,0.0,-0.0,-0.0,0.0,0.0,0.0
1334.5,0.0,-0.0,-2.79478e-07,0.0,0.0,0.0,0.0,0.0,0.0,217.64664,0.0,0.0,0.0,0.0,0.0,-2.56668e-07,0.0,0.0,0.0,-0.0,0.0,-0.0,-0.0,0.0,0.0,0.0
1335.0,0.0,-0.0,-2.79478e-07,0.0,0.0,0.0,0.0,0.0,0.0,217.64664,0.0,0.0,0.0,0.0,0.0,-2.56668e-07,0.0,0.0,0.0,0.0,0.0,-0.0,-0.0,0.0,0.0,0.0
1335.5,0.0,-0.0,-2.79478e-07,0.0,0.0,0.0,0.0,0.0,0.0,217.64664,0.0,0.0,0.0,0.0,0.0,-2.56668e-07,0.0,0.0,0.0,0.0,0.0,-0.0,-0.0,0.0,0.0,0.0
1336.0,0.0,-0.0,-2.79478e-07,0.0,0.0,0.0,0.0,0.0,0.0,217.64664,0.0,0.0,0.0,0.0,0.0,-2.56668e-07,0.0,0.0,0.0,0.0,0.0,-0.0,-0.0,0.0,0.0,0.0
1336.5,0.0,-0.0,-2.79478e-07,0.0,0.0,0.0,0.0,0.0,0.0,217.64664,0.0,0.0,0.0,0.0,0.0,-2.56668e-07,0.0,0.0,0.0,0.0,0.0,-0.0,-0.0,0.0,0.0,0.0
1337.0,0.0,-0.0,-2.79478e-07,0.0,0.0,0.0,0.0,0.0,0.0,217.64664,0.0,0.0,0.0,0.0,0.0,-2.56668e-07,0.0,0.0,0.0,0.0,0.0,-0.0,-0.0,0.0,0.0,0.0
1337.5,0.0,-0.0,-2.79478e-07,0.0,0.0,0.0,0.0,0.0,0.0,217.64664,0.0,0.0,0.0,0.0,0.0,-2.56668e-07,0.0,0.0,0.0,-0.0,0.0,-0.0,-0.0,0.0,0.0,0.0
1338.0,0.0,-0.0,-2.79478e-07,0.0,0.0,0.0,0.0,0.0,0.0,217.64664,0.0,0.0,0.0,0.0,0.0,-2.56668e-07,0.0,0.0,0.0,0.0,0.0,-0.0,-0.0,0.0,0.0,0.0
1338.5,0.0,-0.0,-2.79478e-07,0.0,0.0,0.0,0.0,0.0,0.0,217.64664,0.0,0.0,0.0,0.0,0.0,-2.56668e-07,0.0,0.0,0.0,0.0,0.0,-0.0,-0.0,0.0,0.0,0.0
1339.0,0.0,-0.0,-2.79478e-07,0.0,0.0,0.0,0.0,0.0,0.0,217.64664,0.0,0.0,0.0,0.0,0.0,-2.56668e-07,0.0,0.0,0.0,0.0,0.0,-0.0,-0.0,0.0,0.0,0.0
1339.5,0.0,-0.0,-2.79478e-07,0.0,0.0,0.0,0.0,0.0,0.0,217.64664,0.0,0.0,0.0,0.0,0.0,-2.56668e-07,0.0,0.0,0.0,0.0,0.0,-0.0,-0.0,0.0,0.0,0.0
1340.0,0.0,-0.0,-2.79478e-07,0.0,0.0,0.0,0.0,0.0,0.0,217.64664,0.0,0.0,0.0,0.0,0.0,-2.56668e-07,0.0,0.0,0.0,0.0,0.0,-0.0,-0.0,0.0,0.0,0.0
1340.5,0.0,-0.0,-2.79478e-07,0.0,0.0,0.0,0.0,0.0,0.0,217.64664,0.0,0.0,0.0,0.0,0.0,-2.56668e-07,0.0,0.0,0.0,0.0,0.0,-0.0,-0.0,0.0,0.0,0.0
1341.0,0.0,-0.0,-2.79478e-07,0.0,0.0,0.0,0.0,0.0,0.0,217.64664,0.0,0.0,0.0,0.0,0.0,-2.56668e-07,0.0,0.0,0.0,0.0,0.0,-0.0,-0.0,0.0,0.0,0.0
1341.5,0.0,-0.0,-2.79478e-07,0.0,0.0,0.0,0.0,0.0,0.0,217.64664,0.0,0.0,0.0,0.0,0.0,-2.56668e-07,0.0,0.0,0.0,0.0,0.0,-0.0,-0.0,0.0,0.0,0.0
1342.0,0.0,-0.0,-2.79478e-07,0.0,0.0,0.0,0.0,0.0,0.0,217.64664,0.0,0.0,0.0,0.0,0.0,-2.56668e-07,0.0,0.0,0.0,0.0,0.0,-0.0,-0.0,0.0,0.0,0.0
1342.5,0.0,-0.0,-2.79478e-07,0.0,0.0,0.0,0.0,0.0,0.0,217.64664,0.0,0.0,0.0,0.0,0.0,-2.56668e-07,0.0,0.0,0.0,0.0,0.0,-0.0,-0.0,0.0,0.0,0.0
1343.0,0.0,-0.0,-2.79478e-07,0.0,0.0,0.0,0.0,0.0,0.0,217.64664,0.0,0.0,0.0,0.0,0.0,-2.56668e-07,0.0,0.0,0.0,0.0,0.0,-0.0,-0.0,0.0,0.0,0.0
1343.5,0.0,-0.0,-2.79478e-07,0.0,0.0,0.0,0.0,0.0,0.0,217.64664,0.0,0.0,0.0,0.0,0.0,-2.56668e-07,0.0,0.0,0.0,0.0,0.0,-0.0,-0.0,0.0,0.0,0.0
1344.0,0.0,-0.0,-2.79478e-07,0.0,0.0,0.0,0.0,0.0,0.0,217.64664,0.0,0.0,0.0,0.0,0.0,-2.56668e-07,0.0,0.0,0.0,0.0,0.0,-0.0,-0.0,0.0,0.0,0.0
1344.5,0.0,-0.0,-2.79478e-07,0.0,0.0,0.0,0.0,0.0,0.0,217.64664,0.0,0.0,0.0,0.0,0.0,-2.56668e-07,0.0,0.0,0.0,0.0,0.0,-0.0,-0.0,0.0,0.0,0.0
1345.0,0.0,-0.0,-2.79478e-07,0.0,0.0,0.0,0.0,0.0,0.0,217.64664,0.0,0.0,0.0,0.0,0.0,-2.56668e-07,0.0,0.0,0.0,0.0,0.0,-0.0,-0.0,0.0,0.0,0.0
1345.5,0.0,-0.0,-2.79478e-07,0.0,0.0,0.0,0.0,0.0,0.0,217.64664,0.0,0.0,0.0,0.0,0.0,-2.56668e-07,0.0,0.0,0.0,0.0,0.0,-0.0,-0.0,0.0,0.0,0.0
1346.0,0.0,-0.0,-2.79478e-07,0.0,0.0,0.0,0.0,0.0,0.0,217.64664,0.0,0.0,0.0,0.0,0.0,-2.56668e-07,0.0,0.0,0.0,0.0,0.0,-0.0,-0.0,0.0,0.0,0.0
1346.5,0.0,-0.0,-2.79478e-07,0.0,0.0,0.0,0.0,0.0,0.0,217.64664,0.0,0.0,0.0,0.0,0.0,-2.56668e-07,0.0,0.0,0.0,0.0,0.0,-0.0,-0.0,0.0,0.0,0.0
1347.0,0.0,-0.0,-2.79478e-07,0.0,0.0,0.0,0.0,0.0,0.0,217.64664,0.0,0.0,0.0,0.0,0.0,-2.56668e-07,0.0,0.0,0.0,0.0,0.0,-0.0,-0.0,0.0,0.0,0.0
1347.5,0.0,-0.0,-2.79478e-07,0.0,0.0,0.0,0.0,0.0,0.0,217.64664,0.0,0.0,0.0,0.0,0.0,-2.56668e-07,0.0,0.0,0.0,0.0,0.0,-0.0,-0.0,0.0,0.0,0.0
1348.0,0.0,-0.0,-2.79478e-07,0.0,0.0,0.0,0.0,0.0,0.0,217.64664,0.0,0.0,0.0,0.0,0.0,-2.56668e-07,0.0,0.0,0.0,-0.0,0.0,-0.0,-0.0,0.0,0.0,0.0
1348.5,0.0,-0.0,-2.79478e-07,0.0,0.0,0.0,0.0,0.0,0.0,217.64664,0.0,0.0,0.0,0.0,0.0,-2.56668e-07,0.0,0.0,0.0,0.0,0.0,-0.0,-0.0,0.0,0.0,0.0
1349.0,0.0,-0.0,-2.79478e-07,0.0,0.0,0.0,0.0,0.0,0.0,217.64664,0.0,0.0,0.0,0.0,0.0,-2.56668e-07,0.0,0.0,0.0,0.0,0.0,-0.0,-0.0,0.0,0.0,0.0
1349.5,0.0,-0.0,-2.79478e-07,0.0,0.0,0.0,0.0,0.0,0.0,217.64664,0.0,0.0,0.0,0.0,0.0,-2.56668e-07,0.0,0.0,0.0,0.0,0.0,-0.0,-0.0,0.0,0.0,0.0
1350.0,0.0,-0.0,-2.79478e-07,0.0,0.0,0.0,0.0,0.0,0.0,217.64664,0.0,0.0,0.0,0.0,0.0,-2.56668e-07,0.0,0.0,0.0,0.0,0.0,-0.0,-0.0,0.0,0.0,0.0
1350.5,0.0,-0.0,-2.79478e-07,0.0,0.0,0.0,0.0,0.0,0.0,217.64664,0.0,0.0,0.0,0.0,0.0,-2.56668e-07,0.0,0.0,0.0,0.0,0.0,-0.0,-0.0,0.0,0.0,0.0
1351.0,0.0,-0.0,-2.79478e-07,0.0,0.0,0.0,0.0,0.0,0.0,217.64664,0.0,0.0,0.0,0.0,0.0,-2.56668e-07,0.0,0.0,0.0,-0.0,0.0,-0.0,-0.0,0.0,0.0,0.0
1351.5,0.0,-0.0,-2.79478e-07,0.0,0.0,0.0,0.0,0.0,0.0,217.64664,0.0,0.0,0.0,0.0,0.0,-2.56668e-07,0.0,0.0,0.0,0.0,0.0,-0.0,-0.0,0.0,0.0,0.0
1352.0,0.0,-0.0,-2.79478e-07,0.0,0.0,0.0,0.0,0.0,0.0,217.64664,0.0,0.0,0.0,0.0,0.0,-2.56668e-07,0.0,0.0,0.0,0.0,0.0,-0.0,-0.0,0.0,0.0,0.0
1352.5,0.0,-0.0,-2.79478e-07,0.0,0.0,0.0,0.0,0.0,0.0,217.64664,0.0,0.0,0.0,0.0,0.0,-2.56668e-07,0.0,0.0,0.0,0.0,0.0,-0.0,-0.0,0.0,0.0,0.0
1353.0,0.0,-0.0,-2.79478e-07,0.0,0.0,0.0,0.0,0.0,0.0,217.64664,0.0,0.0,0.0,0.0,0.0,-2.56668e-07,0.0,0.0,0.0,0.0,0.0,-0.0,-0.0,0.0,0.0,0.0
1353.5,0.0,-0.0,-2.79478e-07,0.0,0.0,0.0,0.0,0.0,0.0,217.64664,0.0,0.0,0.0,0.0,0.0,-2.56668e-07,0.0,0.0,0.0,-0.0,0.0,-0.0,-0.0,0.0,0.0,0.0
1354.0,0.0,-0.0,-2.79478e-07,0.0,0.0,0.0,0.0,0.0,0.0,217.64664,0.0,0.0,0.0,0.0,0.0,-2.56668e-07,0.0,0.0,0.0,0.0,0.0,-0.0,-0.0,0.0,0.0,0.0
1354.5,0.0,-0.0,-2.79478e-07,0.0,0.0,0.0,0.0,0.0,0.0,217.64664,0.0,0.0,0.0,0.0,0.0,-2.56668e-07,0.0,0.0,0.0,0.0,0.0,-0.0,-0.0,0.0,0.0,0.0
1355.0,0.0,-0.0,-2.79478e-07,0.0,0.0,0.0,0.0,0.0,0.0,217.64664,0.0,0.0,0.0,0.0,0.0,-2.56668e-07,0.0,0.0,0.0,0.0,0.0,-0.0,-0.0,0.0,0.0,0.0
1355.5,0.0,-0.0,-2.79478e-07,0.0,0.0,0.0,0.0,0.0,0.0,217.64664,0.0,0.0,0.0,0.0,0.0,-2.56668e-07,0.0,0.0,0.0,0.0,0.0,-0.0,-0.0,0.0,0.0,0.0
1356.0,0.0,-0.0,-2.79478e-07,0.0,0.0,0.0,0.0,0.0,0.0,217.64664,0.0,0.0,0.0,0.0,0.0,-2.56668e-07,0.0,0.0,0.0,0.0,0.0,-0.0,-0.0,0.0,0.0,0.0
1356.5,0.0,-0.0,-2.79478e-07,0.0,0.0,0.0,0.0,0.0,0.0,217.64664,0.0,0.0,0.0,0.0,0.0,-2.56668e-07,0.0,0.0,0.0,0.0,0.0,-0.0,-0.0,0.0,0.0,0.0
1357.0,0.0,-0.0,-2.79478e-07,0.0,0.0,0.0,0.0,0.0,0.0,217.64664,0.0,0.0,0.0,0.0,0.0,-2.56668e-07,0.0,0.0,0.0,0.0,0.0,-0.0,-0.0,0.0,0.0,0.0
1357.5,0.0,-0.0,-2.79478e-07,0.0,0.0,0.0,0.0,0.0,0.0,217.64664,0.0,0.0,0.0,0.0,0.0,-2.56668e-07,0.0,0.0,0.0,0.0,0.0,-0.0,-0.0,0.0,0.0,0.0
1358.0,0.0,-0.0,-2.79478e-07,0.0,0.0,0.0,0.0,0.0,0.0,217.64664,0.0,0.0,0.0,0.0,0.0,-2.56668e-07,0.0,0.0,0.0,0.0,0.0,-0.0,-0.0,0.0,0.0,0.0
1358.5,0.0,-0.0,-2.79478e-07,0.0,0.0,0.0,0.0,0.0,0.0,217.64664,0.0,0.0,0.0,0.0,0.0,-2.56668e-07,0.0,0.0,0.0,0.0,0.0,-0.0,-0.0,0.0,0.0,0.0
1359.0,0.0,-0.0,-2.79478e-07,0.0,0.0,0.0,0.0,0.0,0.0,217.64664,0.0,0.0,0.0,0.0,0.0,-2.56668e-07,0.0,0.0,0.0,0.0,0.0,-0.0,-0.0,0.0,0.0,0.0
1359.5,0.0,-0.0,-2.79478e-07,0.0,0.0,0.0,0.0,0.0,0.0,217.64664,0.0,0.0,0.0,0.0,0.0,-2.56668e-07,0.0,0.0,0.0,0.0,0.0,-0.0,-0.0,0.0,0.0,0.0
1360.0,0.0,-0.0,-2.79478e-07,0.0,0.0,0.0,0.0,0.0,0.0,217.64664,0.0,0.0,0.0,0.0,0.0,-2.56668e-07,0.0,0.0,0.0,0.0,0.0,-0.0,-0.0,0.0,0.0,0.0
1360.5,0.0,-0.0,-2.79478e-07,0.0,0.0,0.0,0.0,0.0,0.0,217.64664,0.0,0.0,0.0,0.0,0.0,-2.56668e-07,0.0,0.0,0.0,0.0,0.0,-0.0,-0.0,0.0,0.0,0.0
1361.0,0.0,-0.0,-2.79478e-07,0.0,0.0,0.0,0.0,0.0,0.0,217.64664,0.0,0.0,0.0,0.0,0.0,-2.56668e-07,0.0,0.0,0.0,0.0,0.0,-0.0,-0.0,0.0,0.0,0.0
1361.5,0.0,-0.0,-2.79478e-07,0.0,0.0,0.0,0.0,0.0,0.0,217.64664,0.0,0.0,0.0,0.0,0.0,-2.56668e-07,0.0,0.0,0.0,0.0,0.0,-0.0,-0.0,0.0,0.0,0.0
1362.0,0.0,-0.0,-2.79478e-07,0.0,0.0,0.0,0.0,0.0,0.0,217.64664,0.0,0.0,0.0,0.0,0.0,-2.56668e-07,0.0,0.0,0.0,0.0,0.0,-0.0,-0.0,0.0,0.0,0.0
1362.5,0.0,-0.0,-2.79478e-07,0.0,0.0,0.0,0.0,0.0,0.0,217.64664,0.0,0.0,0.0,0.0,0.0,-2.56668e-07,0.0,0.0,0.0,0.0,0.0,-0.0,-0.0,0.0,0.0,0.0
1363.0,0.0,-0.0,-2.79478e-07,0.0,0.0,0.0,0.0,0.0,0.0,217.64664,0.0,0.0,0.0,0.0,0.0,-2.56668e-07,0.0,0.0,0.0,0.0,0.0,-0.0,-0.0,0.0,0.0,0.0
1363.5,0.0,-0.0,-2.79478e-07,0.0,0.0,0.0,0.0,0.0,0.0,217.64664,0.0,0.0,0.0,0.0,0.0,-2.56668e-07,0.0,0.0,0.0,0.0,0.0,-0.0,-0.0,0.0,0.0,0.0
1364.0,0.0,-0.0,-2.79478e-07,0.0,0.0,0.0,0.0,0.0,0.0,217.64664,0.0,0.0,0.0,0.0,0.0,-2.56668e-07,0.0,0.0,0.0,0.0,0.0,-0.0,-0.0,0.0,0.0,0.0
1364.5,0.0,-0.0,-2.79478e-07,0.0,0.0,0.0,0.0,0.0,0.0,217.64664,0.0,0.0,0.0,0.0,0.0,-2.56668e-07,0.0,0.0,0.0,-0.0,0.0,-0.0,-0.0,0.0,0.0,0.0
1365.0,0.0,-0.0,-2.79478e-07,0.0,0.0,0.0,0.0,0.0,0.0,217.64664,0.0,0.0,0.0,0.0,0.0,-2.56668e-07,0.0,0.0,0.0,0.0,0.0,-0.0,-0.0,0.0,0.0,0.0
1365.5,0.0,-0.0,-2.79478e-07,0.0,0.0,0.0,0.0,0.0,0.0,217.64664,0.0,0.0,0.0,0.0,0.0,-2.56668e-07,0.0,0.0,0.0,0.0,0.0,-0.0,-0.0,0.0,0.0,0.0
1366.0,0.0,-0.0,-2.79478e-07,0.0,0.0,0.0,0.0,0.0,0.0,217.64664,0.0,0.0,0.0,0.0,0.0,-2.56668e-07,0.0,0.0,0.0,0.0,0.0,-0.0,-0.0,0.0,0.0,0.0
1366.5,0.0,-0.0,-2.79478e-07,0.0,0.0,0.0,0.0,0.0,0.0,217.64664,0.0,0.0,0.0,0.0,0.0,-2.56668e-07,0.0,0.0,0.0,0.0,0.0,-0.0,-0.0,0.0,0.0,0.0
1367.0,0.0,-0.0,-2.79478e-07,0.0,0.0,0.0,0.0,0.0,0.0,217.64664,0.0,0.0,0.0,0.0,0.0,-2.56668e-07,0.0,0.0,0.0,-0.0,0.0,-0.0,-0.0,0.0,0.0,0.0
1367.5,0.0,-0.0,-2.79478e-07,0.0,0.0,0.0,0.0,0.0,0.0,217.64664,0.0,0.0,0.0,0.0,0.0,-2.56668e-07,0.0,0.0,0.0,0.0,0.0,-0.0,-0.0,0.0,0.0,0.0
1368.0,0.0,-0.0,-2.79478e-07,0.0,0.0,0.0,0.0,0.0,0.0,217.64664,0.0,0.0,0.0,0.0,0.0,-2.56668e-07,0.0,0.0,0.0,0.0,0.0,-0.0,-0.0,0.0,0.0,0.0
1368.5,0.0,-0.0,-2.79478e-07,0.0,0.0,0.0,0.0,0.0,0.0,217.64664,0.0,0.0,0.0,0.0,0.0,-2.56668e-07,0.0,0.0,0.0,0.0,0.0,-0.0,-0.0,0.0,0.0,0.0
1369.0,0.0,-0.0,-2.79478e-07,0.0,0.0,0.0,0.0,0.0,0.0,217.64664,0.0,0.0,0.0,0.0,0.0,-2.56668e-07,0.0,0.0,0.0,0.0,0.0,-0.0,-0.0,0.0,0.0,0.0
1369.5,0.0,-0.0,-2.79478e-07,0.0,0.0,0.0,0.0,0.0,0.0,217.64664,0.0,0.0,0.0,0.0,0.0,-2.56668e-07,0.0,0.0,0.0,0.0,0.0,-0.0,-0.0,0.0,0.0,0.0
1370.0,0.0,-0.0,-2.79478e-07,0.0,0.0,0.0,0.0,0.0,0.0,217.64664,0.0,0.0,0.0,0.0,0.0,-2.56668e-07,0.0,0.0,0.0,0.0,0.0,-0.0,-0.0,0.0,0.0,0.0
1370.5,0.0,-0.0,-2.79478e-07,0.0,0.0,0.0,0.0,0.0,0.0,217.64664,0.0,0.0,0.0,0.0,0.0,-2.56668e-07,0.0,0.0,0.0,0.0,0.0,-0.0,-0.0,0.0,0.0,0.0
1371.0,0.0,-0.0,-2.79478e-07,0.0,0.0,0.0,0.0,0.0,0.0,217.64664,0.0,0.0,0.0,0.0,0.0,-2.56668e-07,0.0,0.0,0.0,0.0,0.0,-0.0,-0.0,0.0,0.0,0.0
1371.5,0.0,-0.0,-2.79478e-07,0.0,0.0,0.0,0.0,0.0,0.0,217.64664,0.0,0.0,0.0,0.0,0.0,-2.56668e-07,0.0,0.0,0.0,0.0,0.0,-0.0,-0.0,0.0,0.0,0.0
1372.0,0.0,-0.0,-2.79478e-07,0.0,0.0,0.0,0.0,0.0,0.0,217.64664,0.0,0.0,0.0,0.0,0.0,-2.56668e-07,0.0,0.0,0.0,0.0,0.0,-0.0,-0.0,0.0,0.0,0.0
1372.5,0.0,-0.0,-2.79478e-07,0.0,0.0,0.0,0.0,0.0,0.0,217.64664,0.0,0.0,0.0,0.0,0.0,-2.56668e-07,0.0,0.0,0.0,0.0,0.0,-0.0,-0.0,0.0,0.0,0.0
1373.0,0.0,-0.0,-2.79478e-07,0.0,0.0,0.0,0.0,0.0,0.0,217.64664,0.0,0.0,0.0,0.0,0.0,-2.56668e-07,0.0,0.0,0.0,0.0,0.0,-0.0,-0.0,0.0,0.0,0.0
1373.5,0.0,-0.0,-2.79478e-07,0.0,0.0,0.0,0.0,0.0,0.0,217.64664,0.0,0.0,0.0,0.0,0.0,-2.56668e-07,0.0,0.0,0.0,0.0,0.0,-0.0,-0.0,0.0,0.0,0.0
1374.0,0.0,-0.0,-2.79478e-07,0.0,0.0,0.0,0.0,0.0,0.0,217.64664,0.0,0.0,0.0,0.0,0.0,-2.56668e-07,0.0,0.0,0.0,0.0,0.0,-0.0,-0.0,0.0,0.0,0.0
1374.5,0.0,-0.0,-2.79478e-07,0.0,0.0,0.0,0.0,0.0,0.0,217.64664,0.0,0.0,0.0,0.0,0.0,-2.56668e-07,0.0,0.0,0.0,0.0,0.0,-0.0,-0.0,0.0,0.0,0.0
1375.0,0.0,-0.0,-2.79478e-07,0.0,0.0,0.0,0.0,0.0,0.0,217.64664,0.0,0.0,0.0,0.0,0.0,-2.56668e-07,0.0,0.0,0.0,0.0,0.0,-0.0,-0.0,0.0,0.0,0.0
1375.5,0.0,-0.0,-2.79478e-07,0.0,0.0,0.0,0.0,0.0,0.0,217.64664,0.0,0.0,0.0,0.0,0.0,-2.56668e-07,0.0,0.0,0.0,0.0,0.0,-0.0,-0.0,0.0,0.0,0.0
1376.0,0.0,-0.0,-2.79478e-07,0.0,0.0,0.0,0.0,0.0,0.0,217.64664,0.0,0.0,0.0,0.0,0.0,-2.56668e-07,0.0,0.0,0.0,0.0,0.0,-0.0,-0.0,0.0,0.0,0.0
1376.5,0.0,-0.0,-2.79478e-07,0.0,0.0,0.0,0.0,0.0,0.0,217.64664,0.0,0.0,0.0,0.0,0.0,-2.56668e-07,0.0,0.0,0.0,0.0,0.0,-0.0,-0.0,0.0,0.0,0.0
1377.0,0.0,-0.0,-2.79478e-07,0.0,0.0,0.0,0.0,0.0,0.0,217.64664,0.0,0.0,0.0,0.0,0.0,-2.56668e-07,0.0,0.0,0.0,0.0,0.0,-0.0,-0.0,0.0,0.0,0.0
1377.5,0.0,-0.0,-2.79478e-07,0.0,0.0,0.0,0.0,0.0,0.0,217.64664,0.0,0.0,0.0,0.0,0.0,-2.56668e-07,0.0,0.0,0.0,0.0,0.0,-0.0,-0.0,0.0,0.0,0.0
1378.0,0.0,-0.0,-2.79478e-07,0.0,0.0,0.0,0.0,0.0,0.0,217.64664,0.0,0.0,0.0,0.0,0.0,-2.56668e-07,0.0,0.0,0.0,-0.0,0.0,-0.0,-0.0,0.0,0.0,0.0
1378.5,0.0,-0.0,-2.79478e-07,0.0,0.0,0.0,0.0,0.0,0.0,217.64664,0.0,0.0,0.0,0.0,0.0,-2.56668e-07,0.0,0.0,0.0,0.0,0.0,-0.0,-0.0,0.0,0.0,0.0
1379.0,0.0,-0.0,-2.79478e-07,0.0,0.0,0.0,0.0,0.0,0.0,217.64664,0.0,0.0,0.0,0.0,0.0,-2.56668e-07,0.0,0.0,0.0,0.0,0.0,-0.0,-0.0,0.0,0.0,0.0
1379.5,0.0,-0.0,-2.79478e-07,0.0,0.0,0.0,0.0,0.0,0.0,217.64664,0.0,0.0,0.0,0.0,0.0,-2.56668e-07,0.0,0.0,0.0,0.0,0.0,-0.0,-0.0,0.0,0.0,0.0
1380.0,0.0,-0.0,-2.79478e-07,0.0,0.0,0.0,0.0,0.0,0.0,217.64664,0.0,0.0,0.0,0.0,0.0,-2.56668e-07,0.0,0.0,0.0,0.0,0.0,-0.0,-0.0,0.0,0.0,0.0
1380.5,0.0,-0.0,-2.79478e-07,0.0,0.0,0.0,0.0,0.0,0.0,217.64664,0.0,0.0,0.0,0.0,0.0,-2.56668e-07,0.0,0.0,0.0,0.0,0.0,-0.0,-0.0,0.0,0.0,0.0
1381.0,0.0,-0.0,-2.79478e-07,0.0,0.0,0.0,0.0,0.0,0.0,217.64664,0.0,0.0,0.0,0.0,0.0,-2.56668e-07,0.0,0.0,0.0,-0.0,0.0,-0.0,-0.0,0.0,0.0,0.0
1381.5,0.0,-0.0,-2.79478e-07,0.0,0.0,0.0,0.0,0.0,0.0,217.64664,0.0,0.0,0.0,0.0,0.0,-2.56668e-07,0.0,0.0,0.0,0.0,0.0,-0.0,-0.0,0.0,0.0,0.0
1382.0,0.0,-0.0,-2.79478e-07,0.0,0.0,0.0,0.0,0.0,0.0,217.64664,0.0,0.0,0.0,0.0,0.0,-2.56668e-07,0.0,0.0,0.0,0.0,0.0,-0.0,-0.0,0.0,0.0,0.0
1382.5,0.0,-0.0,-2.79478e-07,0.0,0.0,0.0,0.0,0.0,0.0,217.64664,0.0,0.0,0.0,0.0,0.0,-2.56668e-07,0.0,0.0,0.0,0.0,0.0,-0.0,-0.0,0.0,0.0,0.0
1383.0,0.0,-0.0,-2.79478e-07,0.0,0.0,0.0,0.0,0.0,0.0,217.64664,0.0,0.0,0.0,0.0,0.0,-2.56668e-07,0.0,0.0,0.0,0.0,0.0,-0.0,-0.0,0.0,0.0,0.0
1383.5,0.0,-0.0,-2.79478e-07,0.0,0.0,0.0,0.0,0.0,0.0,217.64664,0.0,0.0,0.0,0.0,0.0,-2.56668e-07,0.0,0.0,0.0,-0.0,0.0,-0.0,-0.0,0.0,0.0,0.0
1384.0,0.0,-0.0,-2.79478e-07,0.0,0.0,0.0,0.0,0.0,0.0,217.64664,0.0,0.0,0.0,0.0,0.0,-2.56668e-07,0.0,0.0,0.0,0.0,0.0,-0.0,-0.0,0.0,0.0,0.0
1384.5,0.0,-0.0,-2.79478e-07,0.0,0.0,0.0,0.0,0.0,0.0,217.64664,0.0,0.0,0.0,0.0,0.0,-2.56668e-07,0.0,0.0,0.0,0.0,0.0,-0.0,-0.0,0.0,0.0,0.0
1385.0,0.0,-0.0,-2.79478e-07,0.0,0.0,0.0,0.0,0.0,0.0,217.64664,0.0,0.0,0.0,0.0,0.0,-2.56668e-07,0.0,0.0,0.0,0.0,0.0,-0.0,-0.0,0.0,0.0,0.0
1385.5,0.0,-0.0,-2.79478e-07,0.0,0.0,0.0,0.0,0.0,0.0,217.64664,0.0,0.0,0.0,0.0,0.0,-2.56668e-07,0.0,0.0,0.0,0.0,0.0,-0.0,-0.0,0.0,0.0,0.0
1386.0,0.0,-0.0,-2.79478e-07,0.0,0.0,0.0,0.0,0.0,0.0,217.64664,0.0,0.0,0.0,0.0,0.0,-2.56668e-07,0.0,0.0,0.0,0.0,0.0,-0.0,-0.0,0.0,0.0,0.0
1386.5,0.0,-0.0,-2.79478e-07,0.0,0.0,0.0,0.0,0.0,0.0,217.64664,0.0,0.0,0.0,0.0,0.0,-2.56668e-07,0.0,0.0,0.0,0.0,0.0,-0.0,-0.0,0.0,0.0,0.0
1387.0,0.0,-0.0,-2.79478e-07,0.0,0.0,0.0,0.0,0.0,0.0,217.64664,0.0,0.0,0.0,0.0,0.0,-2.56668e-07,0.0,0.0,0.0,0.0,0.0,-0.0,-0.0,0.0,0.0,0.0
1387.5,0.0,-0.0,-2.79478e-07,0.0,0.0,0.0,0.0,0.0,0.0,217.64664,0.0,0.0,0.0,0.0,0.0,-2.56668e-07,0.0,0.0,0.0,0.0,0.0,-0.0,-0.0,0.0,0.0,0.0
1388.0,0.0,-0.0,-2.79478e-07,0.0,0.0,0.0,0.0,0.0,0.0,217.64664,0.0,0.0,0.0,0.0,0.0,-2.56668e-07,0.0,0.0,0.0,0.0,0.0,-0.0,-0.0,0.0,0.0,0.0
1388.5,0.0,-0.0,-2.79478e-07,0.0,0.0,0.0,0.0,0.0,0.0,217.64664,0.0,0.0,0.0,0.0,0.0,-2.56668e-07,0.0,0.0,0.0,0.0,0.0,-0.0,-0.0,0.0,0.0,0.0
1389.0,0.0,-0.0,-2.79478e-07,0.0,0.0,0.0,0.0,0.0,0.0,217.64664,0.0,0.0,0.0,0.0,0.0,-2.56668e-07,0.0,0.0,0.0,0.0,0.0,-0.0,-0.0,0.0,0.0,0.0
1389.5,0.0,-0.0,-2.79478e-07,0.0,0.0,0.0,0.0,0.0,0.0,217.64664,0.0,0.0,0.0,0.0,0.0,-2.56668e-07,0.0,0.0,0.0,0.0,0.0,-0.0,-0.0,0.0,0.0,0.0
1390.0,0.0,-0.0,-2.79478e-07,0.0,0.0,0.0,0.0,0.0,0.0,217.64664,0.0,0.0,0.0,0.0,0.0,-2.56668e-07,0.0,0.0,0.0,0.0,0.0,-0.0,-0.0,0.0,0.0,0.0
1390.5,0.0,-0.0,-2.79478e-07,0.0,0.0,0.0,0.0,0.0,0.0,217.64664,0.0,0.0,0.0,0.0,0.0,-2.56668e-07,0.0,0.0,0.0,0.0,0.0,-0.0,-0.0,0.0,0.0,0.0
1391.0,0.0,-0.0,-2.79478e-07,0.0,0.0,0.0,0.0,0.0,0.0,217.64664,0.0,0.0,0.0,0.0,0.0,-2.56668e-07,0.0,0.0,0.0,0.0,0.0,-0.0,-0.0,0.0,0.0,0.0
1391.5,0.0,-0.0,-2.79478e-07,0.0,0.0,0.0,0.0,0.0,0.0,217.64664,0.0,0.0,0.0,0.0,0.0,-2.56668e-07,0.0,0.0,0.0,-0.0,0.0,-0.0,-0.0,0.0,0.0,0.0
1392.0,0.0,-0.0,-2.79478e-07,0.0,0.0,0.0,0.0,0.0,0.0,217.64664,0.0,0.0,0.0,0.0,0.0,-2.56668e-07,0.0,0.0,0.0,0.0,0.0,-0.0,-0.0,0.0,0.0,0.0
1392.5,0.0,-0.0,-2.79478e-07,0.0,0.0,0.0,0.0,0.0,0.0,217.64664,0.0,0.0,0.0,0.0,0.0,-2.56668e-07,0.0,0.0,0.0,0.0,0.0,-0.0,-0.0,0.0,0.0,0.0
1393.0,0.0,-0.0,-2.79478e-07,0.0,0.0,0.0,0.0,0.0,0.0,217.64664,0.0,0.0,0.0,0.0,0.0,-2.56668e-07,0.0,0.0,0.0,0.0,0.0,-0.0,-0.0,0.0,0.0,0.0
1393.5,0.0,-0.0,-2.79478e-07,0.0,0.0,0.0,0.0,0.0,0.0,217.64664,0.0,0.0,0.0,0.0,0.0,-2.56668e-07,0.0,0.0,0.0,0.0,0.0,-0.0,-0.0,0.0,0.0,0.0
1394.0,0.0,-0.0,-2.79478e-07,0.0,0.0,0.0,0.0,0.0,0.0,217.64664,0.0,0.0,0.0,0.0,0.0,-2.56668e-07,0.0,0.0,0.0,0.0,0.0,-0.0,-0.0,0.0,0.0,0.0
1394.5,0.0,-0.0,-2.79478e-07,0.0,0.0,0.0,0.0,0.0,0.0,217.64664,0.0,0.0,0.0,0.0,0.0,-2.56668e-07,0.0,0.0,0.0,-0.0,0.0,-0.0,-0.0,0.0,0.0,0.0
1395.0,0.0,-0.0,-2.79478e-07,0.0,0.0,0.0,0.0,0.0,0.0,217.64664,0.0,0.0,0.0,0.0,0.0,-2.56668e-07,0.0,0.0,0.0,0.0,0.0,-0.0,-0.0,0.0,0.0,0.0
1395.5,0.0,-0.0,-2.79478e-07,0.0,0.0,0.0,0.0,0.0,0.0,217.64664,0.0,0.0,0.0,0.0,0.0,-2.56668e-07,0.0,0.0,0.0,0.0,0.0,-0.0,-0.0,0.0,0.0,0.0
1396.0,0.0,-0.0,-2.79478e-07,0.0,0.0,0.0,0.0,0.0,0.0,217.64664,0.0,0.0,0.0,0.0,0.0,-2.56668e-07,0.0,0.0,0.0,0.0,0.0,-0.0,-0.0,0.0,0.0,0.0
1396.5,0.0,-0.0,-2.79478e-07,0.0,0.0,0.0,0.0,0.0,0.0,217.64664,0.0,0.0,0.0,0.0,0.0,-2.56668e-07,0.0,0.0,0.0,0.0,0.0,-0.0,-0.0,0.0,0.0,0.0
1397.0,0.0,-0.0,-2.79478e-07,0.0,0.0,0.0,0.0,0.0,0.0,217.64664,0.0,0.0,0.0,0.0,0.0,-2.56668e-07,0.0,0.0,0.0,-0.0,0.0,-0.0,-0.0,0.0,0.0,0.0
1397.5,0.0,-0.0,-2.79478e-07,0.0,0.0,0.0,0.0,0.0,0.0,217.64664,0.0,0.0,0.0,0.0,0.0,-2.56668e-07,0.0,0.0,0.0,0.0,0.0,-0.0,-0.0,0.0,0.0,0.0
1398.0,0.0,-0.0,-2.79478e-07,0.0,0.0,0.0,0.0,0.0,0.0,217.64664,0.0,0.0,0.0,0.0,0.0,-2.56668e-07,0.0,0.0,0.0,0.0,0.0,-0.0,-0.0,0.0,0.0,0.0
1398.5,0.0,-0.0,-2.79478e-07,0.0,0.0,0.0,0.0,0.0,0.0,217.64664,0.0,0.0,0.0,0.0,0.0,-2.56668e-07,0.0,0.0,0.0,0.0,0.0,-0.0,-0.0,0.0,0.0,0.0
1399.0,0.0,-0.0,-2.79478e-07,0.0,0.0,0.0,0.0,0.0,0.0,217.64664,0.0,0.0,0.0,0.0,0.0,-2.56668e-07,0.0,0.0,0.0,0.0,0.0,-0.0,-0.0,0.0,0.0,0.0
1399.5,0.0,-0.0,-2.79478e-07,0.0,0.0,0.0,0.0,0.0,0.0,217.64664,0.0,0.0,0.0,0.0,0.0,-2.56668e-07,0.0,0.0,0.0,0.0,0.0,-0.0,-0.0,0.0,0.0,0.0
1400.0,0.0,-0.0,-2.79478e-07,0.0,0.0,0.0,0.0,0.0,0.0,217.64664,0.0,0.0,0.0,0.0,0.0,-2.56668e-07,0.0,0.0,0.0,0.0,0.0,-0.0,-0.0,0.0,0.0,0.0
1400.5,0.0,-0.0,-2.79478e-07,0.0,0.0,0.0,0.0,0.0,0.0,217.64664,0.0,0.0,0.0,0.0,0.0,-2.56668e-07,0.0,0.0,0.0,0.0,0.0,-0.0,-0.0,0.0,0.0,0.0
1401.0,0.0,-0.0,-2.79478e-07,0.0,0.0,0.0,0.0,0.0,0.0,217.64664,0.0,0.0,0.0,0.0,0.0,-2.56668e-07,0.0,0.0,0.0,0.0,0.0,-0.0,-0.0,0.0,0.0,0.0
1401.5,0.0,-0.0,-2.79478e-07,0.0,0.0,0.0,0.0,0.0,0.0,217.64664,0.0,0.0,0.0,0.0,0.0,-2.56668e-07,0.0,0.0,0.0,0.0,0.0,-0.0,-0.0,0.0,0.0,0.0
1402.0,0.0,-0.0,-2.79478e-07,0.0,0.0,0.0,0.0,0.0,0.0,217.64664,0.0,0.0,0.0,0.0,0.0,-2.56668e-07,0.0,0.0,0.0,0.0,0.0,-0.0,-0.0,0.0,0.0,0.0
1402.5,0.0,-0.0,-2.79478e-07,0.0,0.0,0.0,0.0,0.0,0.0,217.64664,0.0,0.0,0.0,0.0,0.0,-2.56668e-07,0.0,0.0,0.0,0.0,0.0,-0.0,-0.0,0.0,0.0,0.0
1403.0,0.0,-0.0,-2.79478e-07,0.0,0.0,0.0,0.0,0.0,0.0,217.64664,0.0,0.0,0.0,0.0,0.0,-2.56668e-07,0.0,0.0,0.0,0.0,0.0,-0.0,-0.0,0.0,0.0,0.0
1403.5,0.0,-0.0,-2.79478e-07,0.0,0.0,0.0,0.0,0.0,0.0,217.64664,0.0,0.0,0.0,0.0,0.0,-2.56668e-07,0.0,0.0,0.0,0.0,0.0,-0.0,-0.0,0.0,0.0,0.0
1404.0,0.0,-0.0,-2.79478e-07,0.0,0.0,0.0,0.0,0.0,0.0,217.64664,0.0,0.0,0.0,0.0,0.0,-2.56668e-07,0.0,0.0,0.0,0.0,0.0,-0.0,-0.0,0.0,0.0,0.0
1404.5,0.0,-0.0,-2.79478e-07,0.0,0.0,0.0,0.0,0.0,0.0,217.64664,0.0,0.0,0.0,0.0,0.0,-2.56668e-07,0.0,0.0,0.0,0.0,0.0,-0.0,-0.0,0.0,0.0,0.0
1405.0,0.0,-0.0,-2.79478e-07,0.0,0.0,0.0,0.0,0.0,0.0,217.64664,0.0,0.0,0.0,0.0,0.0,-2.56668e-07,0.0,0.0,0.0,0.0,0.0,-0.0,-0.0,0.0,0.0,0.0
1405.5,0.0,-0.0,-2.79478e-07,0.0,0.0,0.0,0.0,0.0,0.0,217.64664,0.0,0.0,0.0,0.0,0.0,-2.56668e-07,0.0,0.0,0.0,0.0,0.0,-0.0,-0.0,0.0,0.0,0.0
1406.0,0.0,-0.0,-2.79478e-07,0.0,0.0,0.0,0.0,0.0,0.0,217.64664,0.0,0.0,0.0,0.0,0.0,-2.56668e-07,0.0,0.0,0.0,0.0,0.0,-0.0,-0.0,0.0,0.0,0.0
1406.5,0.0,-0.0,-2.79478e-07,0.0,0.0,0.0,0.0,0.0,0.0,217.64664,0.0,0.0,0.0,0.0,0.0,-2.56668e-07,0.0,0.0,0.0,0.0,0.0,-0.0,-0.0,0.0,0.0,0.0
1407.0,0.0,-0.0,-2.79478e-07,0.0,0.0,0.0,0.0,0.0,0.0,217.64664,0.0,0.0,0.0,0.0,0.0,-2.56668e-07,0.0,0.0,0.0,0.0,0.0,-0.0,-0.0,0.0,0.0,0.0
1407.5,0.0,-0.0,-2.79478e-07,0.0,0.0,0.0,0.0,0.0,0.0,217.64664,0.0,0.0,0.0,0.0,0.0,-2.56668e-07,0.0,0.0,0.0,0.0,0.0,-0.0,-0.0,0.0,0.0,0.0
1408.0,0.0,-0.0,-2.79478e-07,0.0,0.0,0.0,0.0,0.0,0.0,217.64664,0.0,0.0,0.0,0.0,0.0,-2.56668e-07,0.0,0.0,0.0,-0.0,0.0,-0.0,-0.0,0.0,0.0,0.0
1408.5,0.0,-0.0,-2.79478e-07,0.0,0.0,0.0,0.0,0.0,0.0,217.64664,0.0,0.0,0.0,0.0,0.0,-2.56668e-07,0.0,0.0,0.0,0.0,0.0,-0.0,-0.0,0.0,0.0,0.0
1409.0,0.0,-0.0,-2.79478e-07,0.0,0.0,0.0,0.0,0.0,0.0,217.64664,0.0,0.0,0.0,0.0,0.0,-2.56668e-07,0.0,0.0,0.0,0.0,0.0,-0.0,-0.0,0.0,0.0,0.0
1409.5,0.0,-0.0,-2.79478e-07,0.0,0.0,0.0,0.0,0.0,0.0,217.64664,0.0,0.0,0.0,0.0,0.0,-2.56668e-07,0.0,0.0,0.0,0.0,0.0,-0.0,-0.0,0.0,0.0,0.0
1410.0,0.0,-0.0,-2.79478e-07,0.0,0.0,0.0,0.0,0.0,0.0,217.64664,0.0,0.0,0.0,0.0,0.0,-2.56668e-07,0.0,0.0,0.0,0.0,0.0,-0.0,-0.0,0.0,0.0,0.0
1410.5,0.0,-0.0,-2.79478e-07,0.0,0.0,0.0,0.0,0.0,0.0,217.64664,0.0,0.0,0.0,0.0,0.0,-2.56668e-07,0.0,0.0,0.0,-0.0,0.0,-0.0,-0.0,0.0,0.0,0.0
1411.0,0.0,-0.0,-2.79478e-07,0.0,0.0,0.0,0.0,0.0,0.0,217.64664,0.0,0.0,0.0,0.0,0.0,-2.56668e-07,0.0,0.0,0.0,0.0,0.0,-0.0,-0.0,0.0,0.0,0.0
1411.5,0.0,-0.0,-2.79478e-07,0.0,0.0,0.0,0.0,0.0,0.0,217.64664,0.0,0.0,0.0,0.0,0.0,-2.56668e-07,0.0,0.0,0.0,0.0,0.0,-0.0,-0.0,0.0,0.0,0.0
1412.0,0.0,-0.0,-2.79478e-07,0.0,0.0,0.0,0.0,0.0,0.0,217.64664,0.0,0.0,0.0,0.0,0.0,-2.56668e-07,0.0,0.0,0.0,0.0,0.0,-0.0,-0.0,0.0,0.0,0.0
1412.5,0.0,-0.0,-2.79478e-07,0.0,0.0,0.0,0.0,0.0,0.0,217.64664,0.0,0.0,0.0,0.0,0.0,-2.56668e-07,0.0,0.0,0.0,0.0,0.0,-0.0,-0.0,0.0,0.0,0.0
1413.0,0.0,-0.0,-2.79478e-07,0.0,0.0,0.0,0.0,0.0,0.0,217.64664,0.0,0.0,0.0,0.0,0.0,-2.56668e-07,0.0,0.0,0.0,0.0,0.0,-0.0,-0.0,0.0,0.0,0.0
1413.5,0.0,-0.0,-2.79478e-07,0.0,0.0,0.0,0.0,0.0,0.0,217.64664,0.0,0.0,0.0,0.0,0.0,-2.56668e-07,0.0,0.0,0.0,0.0,0.0,-0.0,-0.0,0.0,0.0,0.0
1414.0,0.0,-0.0,-2.79478e-07,0.0,0.0,0.0,0.0,0.0,0.0,217.64664,0.0,0.0,0.0,0.0,0.0,-2.56668e-07,0.0,0.0,0.0,0.0,0.0,-0.0,-0.0,0.0,0.0,0.0
1414.5,0.0,-0.0,-2.79478e-07,0.0,0.0,0.0,0.0,0.0,0.0,217.64664,0.0,0.0,0.0,0.0,0.0,-2.56668e-07,0.0,0.0,0.0,0.0,0.0,-0.0,-0.0,0.0,0.0,0.0
1415.0,0.0,-0.0,-2.79478e-07,0.0,0.0,0.0,0.0,0.0,0.0,217.64664,0.0,0.0,0.0,0.0,0.0,-2.56668e-07,0.0,0.0,0.0,0.0,0.0,-0.0,-0.0,0.0,0.0,0.0
1415.5,0.0,-0.0,-2.79478e-07,0.0,0.0,0.0,0.0,0.0,0.0,217.64664,0.0,0.0,0.0,0.0,0.0,-2.56668e-07,0.0,0.0,0.0,0.0,0.0,-0.0,-0.0,0.0,0.0,0.0
1416.0,0.0,-0.0,-2.79478e-07,0.0,0.0,0.0,0.0,0.0,0.0,217.64664,0.0,0.0,0.0,0.0,0.0,-2.56668e-07,0.0,0.0,0.0,0.0,0.0,-0.0,-0.0,0.0,0.0,0.0
1416.5,0.0,-0.0,-2.79478e-07,0.0,0.0,0.0,0.0,0.0,0.0,217.64664,0.0,0.0,0.0,0.0,0.0,-2.56668e-07,0.0,0.0,0.0,0.0,0.0,-0.0,-0.0,0.0,0.0,0.0
1417.0,0.0,-0.0,-2.79478e-07,0.0,0.0,0.0,0.0,0.0,0.0,217.64664,0.0,0.0,0.0,0.0,0.0,-2.56668e-07,0.0,0.0,0.0,0.0,0.0,-0.0,-0.0,0.0,0.0,0.0
1417.5,0.0,-0.0,-2.79478e-07,0.0,0.0,0.0,0.0,0.0,0.0,217.64664,0.0,0.0,0.0,0.0,0.0,-2.56668e-07,0.0,0.0,0.0,0.0,0.0,-0.0,-0.0,0.0,0.0,0.0
1418.0,0.0,-0.0,-2.79478e-07,0.0,0.0,0.0,0.0,0.0,0.0,217.64664,0.0,0.0,0.0,0.0,0.0,-2.56668e-07,0.0,0.0,0.0,0.0,0.0,-0.0,-0.0,0.0,0.0,0.0
1418.5,0.0,-0.0,-2.79478e-07,0.0,0.0,0.0,0.0,0.0,0.0,217.64664,0.0,0.0,0.0,0.0,0.0,-2.56668e-07,0.0,0.0,0.0,0.0,0.0,-0.0,-0.0,0.0,0.0,0.0
1419.0,0.0,-0.0,-2.79478e-07,0.0,0.0,0.0,0.0,0.0,0.0,217.64664,0.0,0.0,0.0,0.0,0.0,-2.56668e-07,0.0,0.0,0.0,0.0,0.0,-0.0,-0.0,0.0,0.0,0.0
1419.5,0.0,-0.0,-2.79478e-07,0.0,0.0,0.0,0.0,0.0,0.0,217.64664,0.0,0.0,0.0,0.0,0.0,-2.56668e-07,0.0,0.0,0.0,0.0,0.0,-0.0,-0.0,0.0,0.0,0.0
1420.0,0.0,-0.0,-2.79478e-07,0.0,0.0,0.0,0.0,0.0,0.0,217.64664,0.0,0.0,0.0,0.0,0.0,-2.56668e-07,0.0,0.0,0.0,0.0,0.0,-0.0,-0.0,0.0,0.0,0.0
1420.5,0.0,-0.0,-2.79478e-07,0.0,0.0,0.0,0.0,0.0,0.0,217.64664,0.0,0.0,0.0,0.0,0.0,-2.56668e-07,0.0,0.0,0.0,0.0,0.0,-0.0,-0.0,0.0,0.0,0.0
1421.0,0.0,-0.0,-2.79478e-07,0.0,0.0,0.0,0.0,0.0,0.0,217.64664,0.0,0.0,0.0,0.0,0.0,-2.56668e-07,0.0,0.0,0.0,0.0,0.0,-0.0,-0.0,0.0,0.0,0.0
1421.5,0.0,-0.0,-2.79478e-07,0.0,0.0,0.0,0.0,0.0,0.0,217.64664,0.0,0.0,0.0,0.0,0.0,-2.56668e-07,0.0,0.0,0.0,-0.0,0.0,-0.0,-0.0,0.0,0.0,0.0
1422.0,0.0,-0.0,-2.79478e-07,0.0,0.0,0.0,0.0,0.0,0.0,217.64664,0.0,0.0,0.0,0.0,0.0,-2.56668e-07,0.0,0.0,0.0,0.0,0.0,-0.0,-0.0,0.0,0.0,0.0
1422.5,0.0,-0.0,-2.79478e-07,0.0,0.0,0.0,0.0,0.0,0.0,217.64664,0.0,0.0,0.0,0.0,0.0,-2.56668e-07,0.0,0.0,0.0,0.0,0.0,-0.0,-0.0,0.0,0.0,0.0
1423.0,0.0,-0.0,-2.79478e-07,0.0,0.0,0.0,0.0,0.0,0.0,217.64664,0.0,0.0,0.0,0.0,0.0,-2.56668e-07,0.0,0.0,0.0,0.0,0.0,-0.0,-0.0,0.0,0.0,0.0
1423.5,0.0,-0.0,-2.79478e-07,0.0,0.0,0.0,0.0,0.0,0.0,217.64664,0.0,0.0,0.0,0.0,0.0,-2.56668e-07,0.0,0.0,0.0,0.0,0.0,-0.0,-0.0,0.0,0.0,0.0
1424.0,0.0,-0.0,-2.79478e-07,0.0,0.0,0.0,0.0,0.0,0.0,217.64664,0.0,0.0,0.0,0.0,0.0,-2.56668e-07,0.0,0.0,0.0,0.0,0.0,-0.0,-0.0,0.0,0.0,0.0
1424.5,0.0,-0.0,-2.79478e-07,0.0,0.0,0.0,0.0,0.0,0.0,217.64664,0.0,0.0,0.0,0.0,0.0,-2.56668e-07,0.0,0.0,0.0,-0.0,0.0,-0.0,-0.0,0.0,0.0,0.0
1425.0,0.0,-0.0,-2.79478e-07,0.0,0.0,0.0,0.0,0.0,0.0,217.64664,0.0,0.0,0.0,0.0,0.0,-2.56668e-07,0.0,0.0,0.0,0.0,0.0,-0.0,-0.0,0.0,0.0,0.0
1425.5,0.0,-0.0,-2.79478e-07,0.0,0.0,0.0,0.0,0.0,0.0,217.64664,0.0,0.0,0.0,0.0,0.0,-2.56668e-07,0.0,0.0,0.0,0.0,0.0,-0.0,-0.0,0.0,0.0,0.0
1426.0,0.0,-0.0,-2.79478e-07,0.0,0.0,0.0,0.0,0.0,0.0,217.64664,0.0,0.0,0.0,0.0,0.0,-2.56668e-07,0.0,0.0,0.0,0.0,0.0,-0.0,-0.0,0.0,0.0,0.0
1426.5,0.0,-0.0,-2.79478e-07,0.0,0.0,0.0,0.0,0.0,0.0,217.64664,0.0,0.0,0.0,0.0,0.0,-2.56668e-07,0.0,0.0,0.0,0.0,0.0,-0.0,-0.0,0.0,0.0,0.0
1427.0,0.0,-0.0,-2.79478e-07,0.0,0.0,0.0,0.0,0.0,0.0,217.64664,0.0,0.0,0.0,0.0,0.0,-2.56668e-07,0.0,0.0,0.0,-0.0,0.0,-0.0,-0.0,0.0,0.0,0.0
1427.5,0.0,-0.0,-2.79478e-07,0.0,0.0,0.0,0.0,0.0,0.0,217.64664,0.0,0.0,0.0,0.0,0.0,-2.56668e-07,0.0,0.0,0.0,0.0,0.0,-0.0,-0.0,0.0,0.0,0.0
1428.0,0.0,-0.0,-2.79478e-07,0.0,0.0,0.0,0.0,0.0,0.0,217.64664,0.0,0.0,0.0,0.0,0.0,-2.56668e-07,0.0,0.0,0.0,0.0,0.0,-0.0,-0.0,0.0,0.0,0.0
1428.5,0.0,-0.0,-2.79478e-07,0.0,0.0,0.0,0.0,0.0,0.0,217.64664,0.0,0.0,0.0,0.0,0.0,-2.56668e-07,0.0,0.0,0.0,0.0,0.0,-0.0,-0.0,0.0,0.0,0.0
1429.0,0.0,-0.0,-2.79478e-07,0.0,0.0,0.0,0.0,0.0,0.0,217.64664,0.0,0.0,0.0,0.0,0.0,-2.56668e-07,0.0,0.0,0.0,0.0,0.0,-0.0,-0.0,0.0,0.0,0.0
1429.5,0.0,-0.0,-2.79478e-07,0.0,0.0,0.0,0.0,0.0,0.0,217.64664,0.0,0.0,0.0,0.0,0.0,-2.56668e-07,0.0,0.0,0.0,0.0,0.0,-0.0,-0.0,0.0,0.0,0.0
1430.0,0.0,-0.0,-2.79478e-07,0.0,0.0,0.0,0.0,0.0,0.0,217.64664,0.0,0.0,0.0,0.0,0.0,-2.56668e-07,0.0,0.0,0.0,0.0,0.0,-0.0,-0.0,0.0,0.0,0.0
1430.5,0.0,-0.0,-2.79478e-07,0.0,0.0,0.0,0.0,0.0,0.0,217.64664,0.0,0.0,0.0,0.0,0.0,-2.56668e-07,0.0,0.0,0.0,0.0,0.0,-0.0,-0.0,0.0,0.0,0.0
1431.0,0.0,-0.0,-2.79478e-07,0.0,0.0,0.0,0.0,0.0,0.0,217.64664,0.0,0.0,0.0,0.0,0.0,-2.56668e-07,0.0,0.0,0.0,0.0,0.0,-0.0,-0.0,0.0,0.0,0.0
1431.5,0.0,-0.0,-2.79478e-07,0.0,0.0,0.0,0.0,0.0,0.0,217.64664,0.0,0.0,0.0,0.0,0.0,-2.56668e-07,0.0,0.0,0.0,0.0,0.0,-0.0,-0.0,0.0,0.0,0.0
1432.0,0.0,-0.0,-2.79478e-07,0.0,0.0,0.0,0.0,0.0,0.0,217.64664,0.0,0.0,0.0,0.0,0.0,-2.56668e-07,0.0,0.0,0.0,0.0,0.0,-0.0,-0.0,0.0,0.0,0.0
1432.5,0.0,-0.0,-2.79478e-07,0.0,0.0,0.0,0.0,0.0,0.0,217.64664,0.0,0.0,0.0,0.0,0.0,-2.56668e-07,0.0,0.0,0.0,0.0,0.0,-0.0,-0.0,0.0,0.0,0.0
1433.0,0.0,-0.0,-2.79478e-07,0.0,0.0,0.0,0.0,0.0,0.0,217.64664,0.0,0.0,0.0,0.0,0.0,-2.56668e-07,0.0,0.0,0.0,0.0,0.0,-0.0,-0.0,0.0,0.0,0.0
1433.5,0.0,-0.0,-2.79478e-07,0.0,0.0,0.0,0.0,0.0,0.0,217.64664,0.0,0.0,0.0,0.0,0.0,-2.56668e-07,0.0,0.0,0.0,0.0,0.0,-0.0,-0.0,0.0,0.0,0.0
1434.0,0.0,-0.0,-2.79478e-07,0.0,0.0,0.0,0.0,0.0,0.0,217.64664,0.0,0.0,0.0,0.0,0.0,-2.56668e-07,0.0,0.0,0.0,0.0,0.0,-0.0,-0.0,0.0,0.0,0.0
1434.5,0.0,-0.0,-2.79478e-07,0.0,0.0,0.0,0.0,0.0,0.0,217.64664,0.0,0.0,0.0,0.0,0.0,-2.56668e-07,0.0,0.0,0.0,0.0,0.0,-0.0,-0.0,0.0,0.0,0.0
1435.0,0.0,-0.0,-2.79478e-07,0.0,0.0,0.0,0.0,0.0,0.0,217.64664,0.0,0.0,0.0,0.0,0.0,-2.56668e-07,0.0,0.0,0.0,-0.0,0.0,-0.0,-0.0,0.0,0.0,0.0
1435.5,0.0,-0.0,-2.79478e-07,0.0,0.0,0.0,0.0,0.0,0.0,217.64664,0.0,0.0,0.0,0.0,0.0,-2.56668e-07,0.0,0.0,0.0,0.0,0.0,-0.0,-0.0,0.0,0.0,0.0
1436.0,0.0,-0.0,-2.79478e-07,0.0,0.0,0.0,0.0,0.0,0.0,217.64664,0.0,0.0,0.0,0.0,0.0,-2.56668e-07,0.0,0.0,0.0,0.0,0.0,-0.0,-0.0,0.0,0.0,0.0
1436.5,0.0,-0.0,-2.79478e-07,0.0,0.0,0.0,0.0,0.0,0.0,217.64664,0.0,0.0,0.0,0.0,0.0,-2.56668e-07,0.0,0.0,0.0,0.0,0.0,-0.0,-0.0,0.0,0.0,0.0
1437.0,0.0,-0.0,-2.79478e-07,0.0,0.0,0.0,0.0,0.0,0.0,217.64664,0.0,0.0,0.0,0.0,0.0,-2.56668e-07,0.0,0.0,0.0,0.0,0.0,-0.0,-0.0,0.0,0.0,0.0
1437.5,0.0,-0.0,-2.79478e-07,0.0,0.0,0.0,0.0,0.0,0.0,217.64664,0.0,0.0,0.0,0.0,0.0,-2.56668e-07,0.0,0.0,0.0,0.0,0.0,-0.0,-0.0,0.0,0.0,0.0
1438.0,0.0,-0.0,-2.79478e-07,0.0,0.0,0.0,0.0,0.0,0.0,217.64664,0.0,0.0,0.0,0.0,0.0,-2.56668e-07,0.0,0.0,0.0,-0.0,0.0,-0.0,-0.0,0.0,0.0,0.0
1438.5,0.0,-0.0,-2.79478e-07,0.0,0.0,0.0,0.0,0.0,0.0,217.64664,0.0,0.0,0.0,0.0,0.0,-2.56668e-07,0.0,0.0,0.0,0.0,0.0,-0.0,-0.0,0.0,0.0,0.0
1439.0,0.0,-0.0,-2.79478e-07,0.0,0.0,0.0,0.0,0.0,0.0,217.64664,0.0,0.0,0.0,0.0,0.0,-2.56668e-07,0.0,0.0,0.0,0.0,0.0,-0.0,-0.0,0.0,0.0,0.0
1439.5,0.0,-0.0,-2.79478e-07,0.0,0.0,0.0,0.0,0.0,0.0,217.64664,0.0,0.0,0.0,0.0,0.0,-2.56668e-07,0.0,0.0,0.0,0.0,0.0,-0.0,-0.0,0.0,0.0,0.0
1440.0,0.0,-0.0,-2.79478e-07,0.0,0.0,0.0,0.0,0.0,0.0,217.64664,0.0,0.0,0.0,0.0,0.0,-2.56668e-07,0.0,0.0,0.0,0.0,0.0,-0.0,-0.0,0.0,0.0,0.0
1440.5,0.0,-0.0,-2.79478e-07,0.0,0.0,0.0,0.0,0.0,0.0,217.64664,0.0,0.0,0.0,0.0,0.0,-2.56668e-07,0.0,0.0,0.0,-0.0,0.0,-0.0,-0.0,0.0,0.0,0.0
1441.0,0.0,-0.0,-2.79478e-07,0.0,0.0,0.0,0.0,0.0,0.0,217.64664,0.0,0.0,0.0,0.0,0.0,-2.56668e-07,0.0,0.0,0.0,0.0,0.0,-0.0,-0.0,0.0,0.0,0.0
1441.5,0.0,-0.0,-2.79478e-07,0.0,0.0,0.0,0.0,0.0,0.0,217.64664,0.0,0.0,0.0,0.0,0.0,-2.56668e-07,0.0,0.0,0.0,0.0,0.0,-0.0,-0.0,0.0,0.0,0.0
1442.0,0.0,-0.0,-2.79478e-07,0.0,0.0,0.0,0.0,0.0,0.0,217.64664,0.0,0.0,0.0,0.0,0.0,-2.56668e-07,0.0,0.0,0.0,0.0,0.0,-0.0,-0.0,0.0,0.0,0.0
1442.5,0.0,-0.0,-2.79478e-07,0.0,0.0,0.0,0.0,0.0,0.0,217.64664,0.0,0.0,0.0,0.0,0.0,-2.56668e-07,0.0,0.0,0.0,0.0,0.0,-0.0,-0.0,0.0,0.0,0.0
1443.0,0.0,-0.0,-2.79478e-07,0.0,0.0,0.0,0.0,0.0,0.0,217.64664,0.0,0.0,0.0,0.0,0.0,-2.56668e-07,0.0,0.0,0.0,0.0,0.0,-0.0,-0.0,0.0,0.0,0.0
1443.5,0.0,-0.0,-2.79478e-07,0.0,0.0,0.0,0.0,0.0,0.0,217.64664,0.0,0.0,0.0,0.0,0.0,-2.56668e-07,0.0,0.0,0.0,0.0,0.0,-0.0,-0.0,0.0,0.0,0.0
1444.0,0.0,-0.0,-2.79478e-07,0.0,0.0,0.0,0.0,0.0,0.0,217.64664,0.0,0.0,0.0,0.0,0.0,-2.56668e-07,0.0,0.0,0.0,0.0,0.0,-0.0,-0.0,0.0,0.0,0.0
1444.5,0.0,-0.0,-2.79478e-07,0.0,0.0,0.0,0.0,0.0,0.0,217.64664,0.0,0.0,0.0,0.0,0.0,-2.56668e-07,0.0,0.0,0.0,0.0,0.0,-0.0,-0.0,0.0,0.0,0.0
1445.0,0.0,-0.0,-2.79478e-07,0.0,0.0,0.0,0.0,0.0,0.0,217.64664,0.0,0.0,0.0,0.0,0.0,-2.56668e-07,0.0,0.0,0.0,0.0,0.0,-0.0,-0.0,0.0,0.0,0.0
1445.5,0.0,-0.0,-2.79478e-07,0.0,0.0,0.0,0.0,0.0,0.0,217.64664,0.0,0.0,0.0,0.0,0.0,-2.56668e-07,0.0,0.0,0.0,0.0,0.0,-0.0,-0.0,0.0,0.0,0.0
1446.0,0.0,-0.0,-2.79478e-07,0.0,0.0,0.0,0.0,0.0,0.0,217.64664,0.0,0.0,0.0,0.0,0.0,-2.56668e-07,0.0,0.0,0.0,0.0,0.0,-0.0,-0.0,0.0,0.0,0.0
1446.5,0.0,-0.0,-2.79478e-07,0.0,0.0,0.0,0.0,0.0,0.0,217.64664,0.0,0.0,0.0,0.0,0.0,-2.56668e-07,0.0,0.0,0.0,0.0,0.0,-0.0,-0.0,0.0,0.0,0.0
1447.0,0.0,-0.0,-2.79478e-07,0.0,0.0,0.0,0.0,0.0,0.0,217.64664,0.0,0.0,0.0,0.0,0.0,-2.56668e-07,0.0,0.0,0.0,0.0,0.0,-0.0,-0.0,0.0,0.0,0.0
1447.5,0.0,-0.0,-2.79478e-07,0.0,0.0,0.0,0.0,0.0,0.0,217.64664,0.0,0.0,0.0,0.0,0.0,-2.56668e-07,0.0,0.0,0.0,0.0,0.0,-0.0,-0.0,0.0,0.0,0.0
1448.0,0.0,-0.0,-2.79478e-07,0.0,0.0,0.0,0.0,0.0,0.0,217.64664,0.0,0.0,0.0,0.0,0.0,-2.56668e-07,0.0,0.0,0.0,0.0,0.0,-0.0,-0.0,0.0,0.0,0.0
1448.5,0.0,-0.0,-2.79478e-07,0.0,0.0,0.0,0.0,0.0,0.0,217.64664,0.0,0.0,0.0,0.0,0.0,-2.56668e-07,0.0,0.0,0.0,0.0,0.0,-0.0,-0.0,0.0,0.0,0.0
1449.0,0.0,-0.0,-2.79478e-07,0.0,0.0,0.0,0.0,0.0,0.0,217.64664,0.0,0.0,0.0,0.0,0.0,-2.56668e-07,0.0,0.0,0.0,0.0,0.0,-0.0,-0.0,0.0,0.0,0.0
1449.5,0.0,-0.0,-2.79478e-07,0.0,0.0,0.0,0.0,0.0,0.0,217.64664,0.0,0.0,0.0,0.0,0.0,-2.56668e-07,0.0,0.0,0.0,0.0,0.0,-0.0,-0.0,0.0,0.0,0.0
1450.0,0.0,-0.0,-2.79478e-07,0.0,0.0,0.0,0.0,0.0,0.0,217.64664,0.0,0.0,0.0,0.0,0.0,-2.56668e-07,0.0,0.0,0.0,0.0,0.0,-0.0,-0.0,0.0,0.0,0.0
1450.5,0.0,-0.0,-2.79478e-07,0.0,0.0,0.0,0.0,0.0,0.0,217.64664,0.0,0.0,0.0,0.0,0.0,-2.56668e-07,0.0,0.0,0.0,0.0,0.0,-0.0,-0.0,0.0,0.0,0.0
1451.0,0.0,-0.0,-2.79478e-07,0.0,0.0,0.0,0.0,0.0,0.0,217.64664,0.0,0.0,0.0,0.0,0.0,-2.56668e-07,0.0,0.0,0.0,0.0,0.0,-0.0,-0.0,0.0,0.0,0.0
1451.5,0.0,-0.0,-2.79478e-07,0.0,0.0,0.0,0.0,0.0,0.0,217.64664,0.0,0.0,0.0,0.0,0.0,-2.56668e-07,0.0,0.0,0.0,-0.0,0.0,-0.0,-0.0,0.0,0.0,0.0
1452.0,0.0,-0.0,-2.79478e-07,0.0,0.0,0.0,0.0,0.0,0.0,217.64664,0.0,0.0,0.0,0.0,0.0,-2.56668e-07,0.0,0.0,0.0,0.0,0.0,-0.0,-0.0,0.0,0.0,0.0
1452.5,0.0,-0.0,-2.79478e-07,0.0,0.0,0.0,0.0,0.0,0.0,217.64664,0.0,0.0,0.0,0.0,0.0,-2.56668e-07,0.0,0.0,0.0,0.0,0.0,-0.0,-0.0,0.0,0.0,0.0
1453.0,0.0,-0.0,-2.79478e-07,0.0,0.0,0.0,0.0,0.0,0.0,217.64664,0.0,0.0,0.0,0.0,0.0,-2.56668e-07,0.0,0.0,0.0,0.0,0.0,-0.0,-0.0,0.0,0.0,0.0
1453.5,0.0,-0.0,-2.79478e-07,0.0,0.0,0.0,0.0,0.0,0.0,217.64664,0.0,0.0,0.0,0.0,0.0,-2.56668e-07,0.0,0.0,0.0,0.0,0.0,-0.0,-0.0,0.0,0.0,0.0
1454.0,0.0,-0.0,-2.79478e-07,0.0,0.0,0.0,0.0,0.0,0.0,217.64664,0.0,0.0,0.0,0.0,0.0,-2.56668e-07,0.0,0.0,0.0,-0.0,0.0,-0.0,-0.0,0.0,0.0,0.0
1454.5,0.0,-0.0,-2.79478e-07,0.0,0.0,0.0,0.0,0.0,0.0,217.64664,0.0,0.0,0.0,0.0,0.0,-2.56668e-07,0.0,0.0,0.0,0.0,0.0,-0.0,-0.0,0.0,0.0,0.0
1455.0,0.0,-0.0,-2.79478e-07,0.0,0.0,0.0,0.0,0.0,0.0,217.64664,0.0,0.0,0.0,0.0,0.0,-2.56668e-07,0.0,0.0,0.0,0.0,0.0,-0.0,-0.0,0.0,0.0,0.0
1455.5,0.0,-0.0,-2.79478e-07,0.0,0.0,0.0,0.0,0.0,0.0,217.64664,0.0,0.0,0.0,0.0,0.0,-2.56668e-07,0.0,0.0,0.0,0.0,0.0,-0.0,-0.0,0.0,0.0,0.0
1456.0,0.0,-0.0,-2.79478e-07,0.0,0.0,0.0,0.0,0.0,0.0,217.64664,0.0,0.0,0.0,0.0,0.0,-2.56668e-07,0.0,0.0,0.0,0.0,0.0,-0.0,-0.0,0.0,0.0,0.0
1456.5,0.0,-0.0,-2.79478e-07,0.0,0.0,0.0,0.0,0.0,0.0,217.64664,0.0,0.0,0.0,0.0,0.0,-2.56668e-07,0.0,0.0,0.0,0.0,0.0,-0.0,-0.0,0.0,0.0,0.0
1457.0,0.0,-0.0,-2.79478e-07,0.0,0.0,0.0,0.0,0.0,0.0,217.64664,0.0,0.0,0.0,0.0,0.0,-2.56668e-07,0.0,0.0,0.0,0.0,0.0,-0.0,-0.0,0.0,0.0,0.0
1457.5,0.0,-0.0,-2.79478e-07,0.0,0.0,0.0,0.0,0.0,0.0,217.64664,0.0,0.0,0.0,0.0,0.0,-2.56668e-07,0.0,0.0,0.0,0.0,0.0,-0.0,-0.0,0.0,0.0,0.0
1458.0,0.0,-0.0,-2.79478e-07,0.0,0.0,0.0,0.0,0.0,0.0,217.64664,0.0,0.0,0.0,0.0,0.0,-2.56668e-07,0.0,0.0,0.0,0.0,0.0,-0.0,-0.0,0.0,0.0,0.0
1458.5,0.0,-0.0,-2.79478e-07,0.0,0.0,0.0,0.0,0.0,0.0,217.64664,0.0,0.0,0.0,0.0,0.0,-2.56668e-07,0.0,0.001317099435,0.0,0.0,0.0,-0.0,-0.0,0.0,0.0,0.0
1459.0,0.0,-0.0,-2.79478e-07,0.0,0.0,0.0,0.0,0.0,0.0,217.64664,0.0,0.0,0.0,0.0,0.0,-2.56668e-07,0.0,0.0853828837,0.0,0.0,0.0,-0.0,-0.0,0.0,0.0,0.0
1459.5,0.0,-0.0,-2.79478e-07,0.0,0.0,0.0,0.0,0.0,0.0,217.64664,0.0,0.0,0.0,0.0,0.0,-2.56668e-07,0.0,0.216741165,0.0,0.0,0.0,-0.0,-0.0,0.0,0.0,0.0
1460.0,0.0,-0.0,-2.79478e-07,0.0,0.0,0.0,0.0,0.0,0.0,217.64664,0.0,0.0,0.0,0.0,0.0,-2.56668e-07,0.0,0.34809945,0.0,0.0,0.0,-0.0,-0.0,0.0,0.0,0.0
1460.5,0.0,-0.0,-2.79478e-07,0.0,0.0,0.0,0.0,0.0,0.0,217.64664,0.0,0.0,0.0,0.0,0.0,-2.56668e-07,0.0,0.47945773,0.0,0.0,0.0,-0.0,-0.0,0.0,0.0,0.0
1461.0,0.0,-0.0,-2.79478e-07,0.0,0.0,0.0,0.0,0.0,0.0,217.64664,0.0,0.0,0.0,0.0,0.0,-2.56668e-07,0.0,0.610816008,0.0,0.0,0.0,-0.0,-0.0,0.0,0.0,0.0
1461.5,0.0,-0.0,-2.79478e-07,0.0,0.0,0.0,0.0,0.0,0.0,217.64664,0.0,0.0,0.0,0.0,0.0,-2.56668e-07,0.0,0.740860544,0.0,0.0,0.0,-0.0,-0.0,0.0,0.0,0.0
1462.0,0.0,-0.0,-2.79478e-07,0.0,0.0,0.0,0.0,0.0,0.0,217.64664,0.0,0.0,0.0,0.0,0.0,-2.56668e-07,0.0,0.7881497,0.0,0.0,0.0,-0.0,-0.0,0.0,0.0,0.0
1462.5,0.0,-0.0,-2.79478e-07,0.0,0.0,0.0,0.0,0.0,0.0,217.64664,0.0,0.0,0.0,0.0,0.0,-2.56668e-07,0.0,0.7881497,0.0,0.0,0.0,-0.0,-0.0,0.0,0.0,0.0
1463.0,0.0,-0.0,-2.79478e-07,0.0,0.0,0.0,0.0,0.0,0.0,217.64664,0.0,0.0,0.0,0.0,0.0,-2.56668e-07,0.0,0.7881497,0.0,0.0,0.0,-0.0,-0.0,0.0,0.0,0.0
1463.5,0.0,-0.0,-2.79478e-07,0.0,0.0,0.0,0.0,0.0,0.0,217.64664,0.0,0.0,0.0,0.0,0.0,-2.56668e-07,0.0,0.7881497,0.0,0.0,0.0,-0.0,-0.0,0.0,0.0,0.0
1464.0,0.0,-0.0,-2.79478e-07,0.0,0.0,0.0,0.0,0.0,0.0,217.64664,0.0,0.0,0.0,0.0,0.0,-2.56668e-07,0.0,0.7881497,0.0,0.0,0.0,-0.0,-0.0,0.0,0.0,0.0
1464.5,0.0,-0.0,-2.79478e-07,0.0,0.0,0.0,0.0,0.0,0.0,217.64664,0.0,0.0,0.0,0.0,0.0,-2.56668e-07,0.0,0.786832792,0.0,0.0,0.0,-0.0,-0.0,0.0,0.0,0.0
1465.0,0.0,-0.0,-2.79478e-07,0.0,0.0,0.0,0.0,0.0,0.0,217.64664,0.0,0.0,0.0,0.0,0.0,-2.56668e-07,0.0,0.702766807,0.0,-0.0,0.0,-0.0,-0.0,0.0,0.0,0.0
1465.5,0.0,-0.0,-2.79478e-07,0.0,0.0,0.0,0.0,0.0,0.0,217.64664,0.0,0.0,0.0,0.0,0.0,-2.56668e-07,0.0,0.571408524,0.0,0.0,0.0,-0.0,-0.0,0.0,0.0,0.0
1466.0,0.0,-0.0,-2.79478e-07,0.0,0.0,0.0,0.0,0.0,0.0,217.64664,0.0,0.0,0.0,0.0,0.0,-2.56668e-07,0.0,0.440050244,0.0,0.0,0.0,-0.0,-0.0,0.0,0.0,0.0
1466.5,0.0,-0.0,-2.79478e-07,0.0,0.0,0.0,0.0,0.0,0.0,217.64664,0.0,0.0,0.0,0.0,0.0,-2.56668e-07,0.0,0.308691964,0.0,0.0,0.0,-0.0,-0.0,0.0,0.0,0.0
1467.0,0.0,-0.0,-2.79478e-07,0.0,0.0,0.0,0.0,0.0,0.0,217.64664,0.0,0.0,0.0,0.0,0.0,-2.56668e-07,0.0,0.177333682,0.0,0.0,0.0,-0.0,-0.0,0.0,0.0,0.0
1467.5,0.0,-0.0,-2.79478e-07,0.0,0.0,0.0,0.0,0.0,0.0,217.64664,0.0,0.0,0.0,0.0,0.0,-2.56668e-07,0.0,0.047294006615,0.0,0.0,0.0,-0.0,-0.0,0.0,0.0,0.0
1468.0,0.0,-0.0,-2.79478e-07,0.0,0.0,0.0,0.0,0.0,0.0,217.64664,0.0,0.0,0.0,0.0,0.0,-2.56668e-07,0.0,0.0,0.0,-0.0,0.0,-0.0,-0.0,0.0,0.0,0.0
1468.5,0.0,-0.0,-2.79478e-07,0.0,0.0,0.0,0.0,0.0,0.0,217.64664,0.0,0.0,0.0,0.0,0.0,-2.56668e-07,0.0,0.0,0.0,0.0,0.0,-0.0,-0.0,0.0,0.0,0.0
1469.0,0.0,-0.0,-2.79478e-07,0.0,0.0,0.0,0.0,0.0,0.0,217.64664,0.0,0.0,0.0,0.0,0.0,-2.56668e-07,0.0,0.0,0.0,0.0,0.0,-0.0,-0.0,0.0,0.0,0.0
1469.5,0.0,-0.0,-2.79478e-07,0.0,0.0,0.0,0.0,0.0,0.0,217.64664,0.0,0.0,0.0,0.0,0.0,-2.56668e-07,0.0,0.0,0.0,0.0,0.0,-0.0,-0.0,0.0,0.0,0.0
1470.0,0.0,-0.0,-2.79478e-07,0.0,0.0,0.0,0.0,0.0,0.0,217.64664,0.0,0.0,0.0,0.0,0.0,-2.56668e-07,0.0,0.0,0.0,0.0,0.0,-0.0,-0.0,0.0,0.0,0.0
1470.5,0.0,-0.0,-2.79478e-07,0.0,0.0,0.0,0.0,0.0,0.0,217.64664,0.0,0.0,0.0,0.0,0.0,-2.56668e-07,0.0,0.0,0.0,-0.0,0.0,-0.0,-0.0,0.0,0.0,0.0
1471.0,0.0,-0.0,-2.79478e-07,0.0,0.0,0.0,0.0,0.0,0.0,217.64664,0.0,0.0,0.0,0.0,0.0,-2.56668e-07,0.0,0.0,0.0,0.0,0.0,-0.0,-0.0,0.0,0.0,0.0
1471.5,0.0,-0.0,-2.79478e-07,0.0,0.0,0.0,0.0,0.0,0.0,217.64664,0.0,0.0,0.0,0.0,0.0,-2.56668e-07,0.0,0.0,0.0,0.0,0.0,-0.0,-0.0,0.0,0.0,0.0
1472.0,0.0,-0.0,-2.79478e-07,0.0,0.0,0.0,0.0,0.0,0.0,217.64664,0.0,0.0,0.0,0.0,0.0,-2.56668e-07,0.0,0.0,0.0,0.0,0.0,-0.0,-0.0,0.0,0.0,0.0
1472.5,0.0,-0.0,-2.79478e-07,0.0,0.0,0.0,0.0,0.0,0.0,217.64664,0.0,0.0,0.0,0.0,0.0,-2.56668e-07,0.0,0.0,0.0,0.0,0.0,-0.0,-0.0,0.0,0.0,0.0
1473.0,0.0,-0.0,-2.79478e-07,0.0,0.0,0.0,0.0,0.0,0.0,217.64664,0.0,0.0,0.0,0.0,0.0,-2.56668e-07,0.0,0.0,0.0,0.0,0.0,-0.0,-0.0,0.0,0.0,0.0
1473.5,0.0,-0.0,-2.79478e-07,0.0,0.0,0.0,0.0,0.0,0.0,217.64664,0.0,0.0,0.0,0.0,0.0,-2.56668e-07,0.0,0.001627544776,0.0,0.0,0.0,-0.0,-0.0,0.0,0.0,0.0
1474.0,0.0,-0.0,-2.79478e-07,0.0,0.0,0.0,0.0,0.0,0.0,217.64664,0.0,0.0,0.0,0.0,0.0,-2.56668e-07,0.0,0.105543102,0.0,0.0,0.0,-0.0,-0.0,0.0,0.0,0.0
1474.5,0.0,-0.0,-2.79478e-07,0.0,0.0,0.0,0.0,0.0,0.0,217.64664,0.0,0.0,0.0,0.0,0.0,-2.56668e-07,0.0,0.267917108,0.0,0.0,0.0,-0.0,-0.0,0.0,0.0,0.0
1475.0,0.0,-0.0,-2.79478e-07,0.0,0.0,0.0,0.0,0.0,0.0,217.64664,0.0,0.0,0.0,0.0,0.0,-2.56668e-07,0.0,0.430291117,0.0,0.0,0.0,-0.0,-0.0,0.0,0.0,0.0
1475.5,0.0,-0.0,-2.79478e-07,0.0,0.0,0.0,0.0,0.0,0.0,217.64664,0.0,0.0,0.0,0.0,0.0,-2.56668e-07,0.0,0.592665118,0.0,0.0,0.0,-0.0,-0.0,0.0,0.0,0.0
1476.0,0.0,-0.0,-2.79478e-07,0.0,0.0,0.0,0.0,0.0,0.0,217.64664,0.0,0.0,0.0,0.0,0.0,-2.56668e-07,0.0,0.755039122,0.0,0.0,0.0,-0.0,-0.0,0.0,0.0,0.0
1476.5,0.0,-0.0,-2.79478e-07,0.0,0.0,0.0,0.0,0.0,0.0,217.64664,0.0,0.0,0.0,0.0,0.0,-2.56668e-07,0.0,0.915788719,0.0,0.0,0.0,-0.0,-0.0,0.0,0.0,0.0
1477.0,0.0,-0.0,-2.79478e-07,0.0,0.0,0.0,0.0,0.0,0.0,217.64664,0.0,0.0,0.0,0.0,0.0,-2.56668e-07,0.0,0.97424406,0.0,0.0,0.0,-0.0,-0.0,0.0,0.0,0.0
1477.5,0.0,-0.0,-2.79478e-07,0.0,0.0,0.0,0.0,0.0,0.0,217.64664,0.0,0.0,0.0,0.0,0.0,-2.56668e-07,0.0,0.97424406,0.0,0.0,0.0,-0.0,-0.0,0.0,0.0,0.0
1478.0,0.0,-0.0,-2.79478e-07,0.0,0.0,0.0,0.0,0.0,0.0,217.64664,0.0,0.0,0.0,0.0,0.0,-2.56668e-07,0.0,0.97424406,0.0,0.0,0.0,-0.0,-0.0,0.0,0.0,0.0
1478.5,0.0,-0.0,-2.79478e-07,0.0,0.0,0.0,0.0,0.0,0.0,217.64664,0.0,0.0,0.0,0.0,0.0,-2.56668e-07,0.0,0.97424406,0.0,-0.0,0.0,-0.0,-0.0,0.0,0.0,0.0
1479.0,0.0,-0.0,-2.79478e-07,0.0,0.0,0.0,0.0,0.0,0.0,217.64664,0.0,0.0,0.0,0.0,0.0,-2.56668e-07,0.0,0.97424406,0.0,0.0,0.0,-0.0,-0.0,0.0,0.0,0.0
1479.5,0.0,-0.0,-2.79478e-07,0.0,0.0,0.0,0.0,0.0,0.0,217.64664,0.0,0.0,0.0,0.0,0.0,-2.56668e-07,0.0,0.972615698,0.0,0.0,0.0,-0.0,-0.0,0.0,0.0,0.0
1480.0,0.0,-0.0,-2.79478e-07,0.0,0.0,0.0,0.0,0.0,0.0,217.64664,0.0,0.0,0.0,0.0,0.0,-2.56668e-07,0.0,0.868700933,0.0,0.0,0.0,-0.0,-0.0,0.0,0.0,0.0
1480.5,0.0,-0.0,-2.79478e-07,0.0,0.0,0.0,0.0,0.0,0.0,217.64664,0.0,0.0,0.0,0.0,0.0,-2.56668e-07,0.0,0.706326922,0.0,0.0,0.0,-0.0,-0.0,0.0,0.0,0.0
1481.0,0.0,-0.0,-2.79478e-07,0.0,0.0,0.0,0.0,0.0,0.0,217.64664,0.0,0.0,0.0,0.0,0.0,-2.56668e-07,0.0,0.543952917,0.0,0.0,0.0,-0.0,-0.0,0.0,0.0,0.0
1481.5,0.0,-0.0,-2.79478e-07,0.0,0.0,0.0,0.0,0.0,0.0,217.64664,0.0,0.0,0.0,0.0,0.0,-2.56668e-07,0.0,0.38157891,0.0,-0.0,0.0,-0.0,-0.0,0.0,0.0,0.0
1482.0,0.0,-0.0,-2.79478e-07,0.0,0.0,0.0,0.0,0.0,0.0,217.64664,0.0,0.0,0.0,0.0,0.0,-2.56668e-07,0.0,0.219204908,0.0,0.0,0.0,-0.0,-0.0,0.0,0.0,0.0
1482.5,0.0,-0.0,-2.79478e-07,0.0,0.0,0.0,0.0,0.0,0.0,217.64664,0.0,0.0,0.0,0.0,0.0,-2.56668e-07,0.0,0.058460989113,0.0,0.0,0.0,-0.0,-0.0,0.0,0.0,0.0
1483.0,0.0,-0.0,-2.79478e-07,0.0,0.0,0.0,0.0,0.0,0.0,217.64664,0.0,0.0,0.0,0.0,0.0,-2.56668e-07,0.0,0.0,0.0,0.0,0.0,-0.0,-0.0,0.0,0.0,0.0
1483.5,0.0,-0.0,-2.79478e-07,0.0,0.0,0.0,0.0,0.0,0.0,217.64664,0.0,0.0,0.0,0.0,0.0,-2.56668e-07,0.0,0.0,0.0,0.0,0.0,-0.0,-0.0,0.0,0.0,0.0
1484.0,0.0,-0.0,-2.79478e-07,0.0,0.0,0.0,0.0,0.0,0.0,217.64664,0.0,0.0,0.0,0.0,0.0,-2.56668e-07,0.0,0.0,0.0,-0.0,0.0,-0.0,-0.0,0.0,0.0,0.0
1484.5,0.0,-0.0,-2.79478e-07,0.0,0.0,0.0,0.0,0.0,0.0,217.64664,0.0,0.0,0.0,0.0,0.0,-2.56668e-07,0.0,0.0,0.0,0.0,0.0,-0.0,-0.0,0.0,0.0,0.0
1485.0,0.0,-0.0,-2.79478e-07,0.0,0.0,0.0,0.0,0.0,0.0,217.64664,0.0,0.0,0.0,0.0,0.0,-2.56668e-07,0.0,0.0,0.0,0.0,0.0,-0.0,-0.0,0.0,0.0,0.0
1485.5,0.0,-0.0,-2.79478e-07,0.0,0.0,0.0,0.0,0.0,0.0,217.64664,0.0,0.0,0.0,0.0,0.0,-2.56668e-07,0.0,0.0,0.0,0.0,0.0,-0.0,-0.0,0.0,0.0,0.0
1486.0,0.0,-0.0,-2.79478e-07,0.0,0.0,0.0,0.0,0.0,0.0,217.64664,0.0,0.0,0.0,0.0,0.0,-2.56668e-07,0.0,0.0,0.0,0.0,0.0,-0.0,-0.0,0.0,0.0,0.0
1486.5,0.0,-0.0,-2.79478e-07,0.0,0.0,0.0,0.0,0.0,0.0,217.64664,0.0,0.0,0.0,0.0,0.0,-2.56668e-07,0.0,0.0,0.0,0.0,0.0,-0.0,-0.0,0.0,0.0,0.0
1487.0,0.0,-0.0,-2.79478e-07,0.0,0.0,0.0,0.0,0.0,0.0,217.64664,0.0,0.0,0.0,0.0,0.0,-2.56668e-07,0.0,0.0,0.0,0.0,0.0,-0.0,-0.0,0.0,0.0,0.0
1487.5,0.0,-0.0,-2.79478e-07,0.0,0.0,0.0,0.0,0.0,0.0,217.64664,0.0,0.0,0.0,0.0,0.0,-2.56668e-07,0.0,0.0,0.0,0.0,0.0,-0.0,-0.0,0.0,0.0,0.0
1488.0,0.0,-0.0,-2.79478e-07,0.0,0.0,0.0,0.0,0.0,0.0,217.64664,0.0,0.0,0.0,0.0,0.0,-2.56668e-07,0.0,0.0,0.0,0.0,0.0,-0.0,-0.0,0.0,0.0,0.0
1488.5,0.0,-0.0,-2.79478e-07,0.0,0.0,0.0,0.0,0.0,0.0,217.64664,0.0,0.0,0.0,0.0,0.0,-2.56668e-07,0.0,0.0,0.0,0.0,0.0,-0.0,-0.0,0.0,0.0,0.0
1489.0,0.0,-0.0,-2.79478e-07,0.0,0.0,0.0,0.0,0.0,0.0,217.64664,0.0,0.0,0.0,0.0,0.0,-2.56668e-07,0.0,0.0,0.0,0.0,0.0,-0.0,-0.0,0.0,0.0,0.0
1489.5,0.0,-0.0,-2.79478e-07,0.0,0.0,0.0,0.0,0.0,0.0,217.64664,0.0,0.0,0.0,0.0,0.0,-2.56668e-07,0.0,0.0,0.0,0.0,0.0,-0.0,-0.0,0.0,0.0,0.0
1490.0,0.0,-0.0,-2.79478e-07,0.0,0.0,0.0,0.0,0.0,0.0,217.64664,0.0,0.0,0.0,0.0,0.0,-2.56668e-07,0.0,0.0,0.0,0.0,0.0,-0.0,-0.0,0.0,0.0,0.0
1490.5,0.0,-0.0,-2.79478e-07,0.0,0.0,0.0,0.0,0.0,0.0,217.64664,0.0,0.0,0.0,0.0,0.0,-2.56668e-07,0.0,0.0,0.0,0.0,0.0,-0.0,-0.0,0.0,0.0,0.0
1491.0,0.0,-0.0,-2.79478e-07,0.0,0.0,0.0,0.0,0.0,0.0,217.64664,0.0,0.0,0.0,0.0,0.0,-2.56668e-07,0.0,0.0,0.0,0.0,0.0,-0.0,-0.0,0.0,0.0,0.0
1491.5,0.0,-0.0,-2.79478e-07,0.0,0.0,0.0,0.0,0.0,0.0,217.64664,0.0,0.0,0.0,0.0,0.0,-2.56668e-07,0.0,0.0,0.0,0.0,0.0,-0.0,-0.0,0.0,0.0,0.0
1492.0,0.0,-0.0,-2.79478e-07,0.0,0.0,0.0,0.0,0.0,0.0,217.64664,0.0,0.0,0.0,0.0,0.0,-2.56668e-07,0.0,0.0,0.0,0.0,0.0,-0.0,-0.0,0.0,0.0,0.0
1492.5,0.0,-0.0,-2.79478e-07,0.0,0.0,0.0,0.0,0.0,0.0,217.64664,0.0,0.0,0.0,0.0,0.0,-2.56668e-07,0.0,0.0,0.0,0.0,0.0,-0.0,-0.0,0.0,0.0,0.0
1493.0,0.0,-0.0,-2.79478e-07,0.0,0.0,0.0,0.0,0.0,0.0,217.64664,0.0,0.0,0.0,0.0,0.0,-2.56668e-07,0.0,0.0,0.0,0.0,0.0,-0.0,-0.0,0.0,0.0,0.0
1493.5,0.0,-0.0,-2.79478e-07,0.0,0.0,0.0,0.0,0.0,0.0,217.64664,0.0,0.0,0.0,0.0,0.0,-2.56668e-07,0.0,0.0,0.0,0.0,0.0,-0.0,-0.0,0.0,0.0,0.0
1494.0,0.0,-0.0,-2.79478e-07,0.0,0.0,0.0,0.0,0.0,0.0,217.64664,0.0,0.0,0.0,0.0,0.0,-2.56668e-07,0.0,0.0,0.0,0.0,0.0,-0.0,-0.0,0.0,0.0,0.0
1494.5,0.0,-0.0,-2.79478e-07,0.0,0.0,0.0,0.0,0.0,0.0,217.64664,0.0,0.0,0.0,0.0,0.0,-2.56668e-07,0.0,0.0,0.0,0.0,0.0,-0.0,-0.0,0.0,0.0,0.0
1495.0,0.0,-0.0,-2.79478e-07,0.0,0.0,0.0,0.0,0.0,0.0,217.64664,0.0,0.0,0.0,0.0,0.0,-2.56668e-07,0.0,0.0,0.0,-0.0,0.0,-0.0,-0.0,0.0,0.0,0.0
1495.5,0.0,-0.0,-2.79478e-07,0.0,0.0,0.0,0.0,0.0,0.0,217.64664,0.0,0.0,0.0,0.0,0.0,-2.56668e-07,0.0,0.0,0.0,0.0,0.0,-0.0,-0.0,0.0,0.0,0.0
1496.0,0.0,-0.0,-2.79478e-07,0.0,0.0,0.0,0.0,0.0,0.0,217.64664,0.0,0.0,0.0,0.0,0.0,-2.56668e-07,0.0,0.0,0.0,0.0,0.0,-0.0,-0.0,0.0,0.0,0.0
1496.5,0.0,-0.0,-2.79478e-07,0.0,0.0,0.0,0.0,0.0,0.0,217.64664,0.0,0.0,0.0,0.0,0.0,-2.56668e-07,0.0,0.0,0.0,0.0,0.0,-0.0,-0.0,0.0,0.0,0.0
1497.0,0.0,-0.0,-2.79478e-07,0.0,0.0,0.0,0.0,0.0,0.0,217.64664,0.0,0.0,0.0,0.0,0.0,-2.56668e-07,0.0,0.0,0.0,0.0,0.0,-0.0,-0.0,0.0,0.0,0.0
1497.5,0.0,-0.0,-2.79478e-07,0.0,0.0,0.0,0.0,0.0,0.0,217.64664,0.0,0.0,0.0,0.0,0.0,-2.56668e-07,0.0,0.0,0.0,-0.0,0.0,-0.0,-0.0,0.0,0.0,0.0
1498.0,0.0,-0.0,-2.79478e-07,0.0,0.0,0.0,0.0,0.0,0.0,217.64664,0.0,0.0,0.0,0.0,0.0,-2.56668e-07,0.0,0.0,0.0,0.0,0.0,-0.0,-0.0,0.0,0.0,0.0
1498.5,0.0,-0.0,-2.79478e-07,0.0,0.0,0.0,0.0,0.0,0.0,217.64664,0.0,0.0,0.0,0.0,0.0,-2.56668e-07,0.0,0.0,0.0,0.0,0.0,-0.0,-0.0,0.0,0.0,0.0
1499.0,0.0,-0.0,-2.79478e-07,0.0,0.0,0.0,0.0,0.0,0.0,217.64664,0.0,0.0,0.0,0.0,0.0,-2.56668e-07,0.0,0.0,0.0,0.0,0.0,-0.0,-0.0,0.0,0.0,0.0
1499.5,0.0,-0.0,-2.79478e-07,0.0,0.0,0.0,0.0,0.0,0.0,217.64664,0.0,0.0,0.0,0.0,0.0,-2.56668e-07,0.0,0.0,0.0,0.0,0.0,-0.0,-0.0,0.0,0.0,0.0
1500.0,0.0,-0.0,-2.79478e-07,0.0,0.0,0.0,0.0,0.0,0.0,217.64664,0.0,0.0,0.0,0.0,0.0,-2.56668e-07,0.0,0.0,0.0,0.0,0.0,-0.0,-0.0,0.0,0.0,0.0
1500.5,0.0,-0.0,-2.79478e-07,0.0,0.0,0.0,0.0,0.0,0.0,217.64664,0.0,0.0,0.0,0.0,0.0,-2.56668e-07,0.0,0.0,0.0,0.0,0.0,-0.0,-0.0,0.0,0.0,0.0
1501.0,0.0,-0.0,-2.79478e-07,0.0,0.0,0.0,0.0,0.0,0.0,217.64664,0.0,0.0,0.0,0.0,0.0,-2.56668e-07,0.0,0.0,0.0,0.0,0.0,-0.0,-0.0,0.0,0.0,0.0
1501.5,0.0,-0.0,-2.79478e-07,0.0,0.0,0.0,0.0,0.0,0.0,217.64664,0.0,0.0,0.0,0.0,0.0,-2.56668e-07,0.0,0.0,0.0,0.0,0.0,-0.0,-0.0,0.0,0.0,0.0
1502.0,0.0,-0.0,-2.79478e-07,0.0,0.0,0.0,0.0,0.0,0.0,217.64664,0.0,0.0,0.0,0.0,0.0,-2.56668e-07,0.0,0.0,0.0,0.0,0.0,-0.0,-0.0,0.0,0.0,0.0
1502.5,0.0,-0.0,-2.79478e-07,0.0,0.0,0.0,0.0,0.0,0.0,217.64664,0.0,0.0,0.0,0.0,0.0,-2.56668e-07,0.0,0.0,0.0,0.0,0.0,-0.0,-0.0,0.0,0.0,0.0
1503.0,0.0,-0.0,-2.79478e-07,0.0,0.0,0.0,0.0,0.0,0.0,217.64664,0.0,0.0,0.0,0.0,0.0,-2.56668e-07,0.0,0.0,0.0,0.0,0.0,-0.0,-0.0,0.0,0.0,0.0
1503.5,0.0,-0.0,-2.79478e-07,0.0,0.0,0.0,0.0,0.0,0.0,217.64664,0.0,0.0,0.0,0.0,0.0,-2.56668e-07,0.0,0.0,0.0,0.0,0.0,-0.0,-0.0,0.0,0.0,0.0
1504.0,0.0,-0.0,-2.79478e-07,0.0,0.0,0.0,0.0,0.0,0.0,217.64664,0.0,0.0,0.0,0.0,0.0,-2.56668e-07,0.0,0.0,0.0,0.0,0.0,-0.0,-0.0,0.0,0.0,0.0
1504.5,0.0,-0.0,-2.79478e-07,0.0,0.0,0.0,0.0,0.0,0.0,217.64664,0.0,0.0,0.0,0.0,0.0,-2.56668e-07,0.0,0.0,0.0,0.0,0.0,-0.0,-0.0,0.0,0.0,0.0
1505.0,0.0,-0.0,-2.79478e-07,0.0,0.0,0.0,0.0,0.0,0.0,217.64664,0.0,0.0,0.0,0.0,0.0,-2.56668e-07,0.0,0.0,0.0,0.0,0.0,-0.0,-0.0,0.0,0.0,0.0
1505.5,0.0,-0.0,-2.79478e-07,0.0,0.0,0.0,0.0,0.0,0.0,217.64664,0.0,0.0,0.0,0.0,0.0,-2.56668e-07,0.0,0.0,0.0,0.0,0.0,-0.0,-0.0,0.0,0.0,0.0
1506.0,0.0,-0.0,-2.79478e-07,0.0,0.0,0.0,0.0,0.0,0.0,217.64664,0.0,0.0,0.0,0.0,0.0,-2.56668e-07,0.0,0.0,0.0,0.0,0.0,-0.0,-0.0,0.0,0.0,0.0
1506.5,0.0,-0.0,-2.79478e-07,0.0,0.0,0.0,0.0,0.0,0.0,217.64664,0.0,0.0,0.0,0.0,0.0,-2.56668e-07,0.0,0.0,0.0,0.0,0.0,-0.0,-0.0,0.0,0.0,0.0
1507.0,0.0,-0.0,-2.79478e-07,0.0,0.0,0.0,0.0,0.0,0.0,217.64664,0.0,0.0,0.0,0.0,0.0,-2.56668e-07,0.0,0.0,0.0,0.0,0.0,-0.0,-0.0,0.0,0.0,0.0
1507.5,0.0,-0.0,-2.79478e-07,0.0,0.0,0.0,0.0,0.0,0.0,217.64664,0.0,0.0,0.0,0.0,0.0,-2.56668e-07,0.0,0.0,0.0,0.0,0.0,-0.0,-0.0,0.0,0.0,0.0
1508.0,0.0,-0.0,-2.79478e-07,0.0,0.0,0.0,0.0,0.0,0.0,217.64664,0.0,0.0,0.0,0.0,0.0,-2.56668e-07,0.0,0.0,0.0,0.0,0.0,-0.0,-0.0,0.0,0.0,0.0
1508.5,0.0,-0.0,-2.79478e-07,0.0,0.0,0.0,0.0,0.0,0.0,217.64664,0.0,0.0,0.0,0.0,0.0,-2.56668e-07,0.0,0.0,0.0,-0.0,0.0,-0.0,-0.0,0.0,0.0,0.0
1509.0,0.0,-0.0,-2.79478e-07,0.0,0.0,0.0,0.0,0.0,0.0,217.64664,0.0,0.0,0.0,0.0,0.0,-2.56668e-07,0.0,0.0,0.0,0.0,0.0,-0.0,-0.0,0.0,0.0,0.0
1509.5,0.0,-0.0,-2.79478e-07,0.0,0.0,0.0,0.0,0.0,0.0,217.64664,0.0,0.0,0.0,0.0,0.0,-2.56668e-07,0.0,0.0,0.0,0.0,0.0,-0.0,-0.0,0.0,0.0,0.0
1510.0,0.0,-0.0,-2.79478e-07,0.0,0.0,0.0,0.0,0.0,0.0,217.64664,0.0,0.0,0.0,0.0,0.0,-2.56668e-07,0.0,0.0,0.0,0.0,0.0,-0.0,-0.0,0.0,0.0,0.0
1510.5,0.0,-0.0,-2.79478e-07,0.0,0.0,0.0,0.0,0.0,0.0,217.64664,0.0,0.0,0.0,0.0,0.0,-2.56668e-07,0.0,0.0,0.0,0.0,0.0,-0.0,-0.0,0.0,0.0,0.0
1511.0,0.0,-0.0,-2.79478e-07,0.0,0.0,0.0,0.0,0.0,0.0,217.64664,0.0,0.0,0.0,0.0,0.0,-2.56668e-07,0.0,0.0,0.0,0.0,0.0,-0.0,-0.0,0.0,0.0,0.0
1511.5,0.0,-0.0,-2.79478e-07,0.0,0.0,0.0,0.0,0.0,0.0,217.64664,0.0,0.0,0.0,0.0,0.0,-2.56668e-07,0.0,0.0,0.0,-0.0,0.0,-0.0,-0.0,0.0,0.0,0.0
1512.0,0.0,-0.0,-2.79478e-07,0.0,0.0,0.0,0.0,0.0,0.0,217.64664,0.0,0.0,0.0,0.0,0.0,-2.56668e-07,0.0,0.0,0.0,0.0,0.0,-0.0,-0.0,0.0,0.0,0.0
1512.5,0.0,-0.0,-2.79478e-07,0.0,0.0,0.0,0.0,0.0,0.0,217.64664,0.0,0.0,0.0,0.0,0.0,-2.56668e-07,0.0,0.0,0.0,0.0,0.0,-0.0,-0.0,0.0,0.0,0.0
1513.0,0.0,-0.0,-2.79478e-07,0.0,0.0,0.0,0.0,0.0,0.0,217.64664,0.0,0.0,0.0,0.0,0.0,-2.56668e-07,0.0,0.0,0.0,0.0,0.0,-0.0,-0.0,0.0,0.0,0.0
1513.5,0.0,-0.0,-2.79478e-07,0.0,0.0,0.0,0.0,0.0,0.0,217.64664,0.0,0.0,0.0,0.0,0.0,-2.56668e-07,0.0,0.0,0.0,0.0,0.0,-0.0,-0.0,0.0,0.0,0.0
1514.0,0.0,-0.0,-2.79478e-07,0.0,0.0,0.0,0.0,0.0,0.0,217.64664,0.0,0.0,0.0,0.0,0.0,-2.56668e-07,0.0,0.0,0.0,-0.0,0.0,-0.0,-0.0,0.0,0.0,0.0
1514.5,0.0,-0.0,-2.79478e-07,0.0,0.0,0.0,0.0,0.0,0.0,217.64664,0.0,0.0,0.0,0.0,0.0,-2.56668e-07,0.0,0.0,0.0,0.0,0.0,-0.0,-0.0,0.0,0.0,0.0
1515.0,0.0,-0.0,-2.79478e-07,0.0,0.0,0.0,0.0,0.0,0.0,217.64664,0.0,0.0,0.0,0.0,0.0,-2.56668e-07,0.0,0.0,0.0,0.0,0.0,-0.0,-0.0,0.0,0.0,0.0
1515.5,0.0,-0.0,-2.79478e-07,0.0,0.0,0.0,0.0,0.0,0.0,217.64664,0.0,0.0,0.0,0.0,0.0,-2.56668e-07,0.0,0.0,0.0,0.0,0.0,-0.0,-0.0,0.0,0.0,0.0
1516.0,0.0,-0.0,-2.79478e-07,0.0,0.0,0.0,0.0,0.0,0.0,217.64664,0.0,0.0,0.0,0.0,0.0,-2.56668e-07,0.0,0.0,0.0,0.0,0.0,-0.0,-0.0,0.0,0.0,0.0
1516.5,0.0,-0.0,-2.79478e-07,0.0,0.0,0.0,0.0,0.0,0.0,217.64664,0.0,0.0,0.0,0.0,0.0,-2.56668e-07,0.0,0.0,0.0,0.0,0.0,-0.0,-0.0,0.0,0.0,0.0
1517.0,0.0,-0.0,-2.79478e-07,0.0,0.0,0.0,0.0,0.0,0.0,217.64664,0.0,0.0,0.0,0.0,0.0,-2.56668e-07,0.0,0.0,0.0,0.0,0.0,-0.0,-0.0,0.0,0.0,0.0
1517.5,0.0,-0.0,-2.79478e-07,0.0,0.0,0.0,0.0,0.0,0.0,217.64664,0.0,0.0,0.0,0.0,0.0,-2.56668e-07,0.0,0.0,0.0,0.0,0.0,-0.0,-0.0,0.0,0.0,0.0
1518.0,0.0,-0.0,-2.79478e-07,0.0,0.0,0.0,0.0,0.0,0.0,217.64664,0.0,0.0,0.0,0.0,0.0,-2.56668e-07,0.0,0.0,0.0,0.0,0.0,-0.0,-0.0,0.0,0.0,0.0
1518.5,0.0,-0.0,-2.79478e-07,0.0,0.0,0.0,0.0,0.0,0.0,217.64664,0.0,0.0,0.0,0.0,0.0,-2.56668e-07,0.0,0.0,0.0,0.0,0.0,-0.0,-0.0,0.0,0.0,0.0
1519.0,0.0,-0.0,-2.79478e-07,0.0,0.0,0.0,0.0,0.0,0.0,217.64664,0.0,0.0,0.0,0.0,0.0,-2.56668e-07,0.0,0.0,0.0,0.0,0.0,-0.0,-0.0,0.0,0.0,0.0
1519.5,0.0,-0.0,-2.79478e-07,0.0,0.0,0.0,0.0,0.0,0.0,217.64664,0.0,0.0,0.0,0.0,0.0,-2.56668e-07,0.0,0.0,0.0,0.0,0.0,-0.0,-0.0,0.0,0.0,0.0
1520.0,0.0,-0.0,-2.79478e-07,0.0,0.0,0.0,0.0,0.0,0.0,217.64664,0.0,0.0,0.0,0.0,0.0,-2.56668e-07,0.0,0.0,0.0,0.0,0.0,-0.0,-0.0,0.0,0.0,0.0
1520.5,0.0,-0.0,-2.79478e-07,0.0,0.0,0.0,0.0,0.0,0.0,217.64664,0.0,0.0,0.0,0.0,0.0,-2.56668e-07,0.0,0.0,0.0,0.0,0.0,-0.0,-0.0,0.0,0.0,0.0
1521.0,0.0,-0.0,-2.79478e-07,0.0,0.0,0.0,0.0,0.0,0.0,217.64664,0.0,0.0,0.0,0.0,0.0,-2.56668e-07,0.0,0.0,0.0,0.0,0.0,-0.0,-0.0,0.0,0.0,0.0
1521.5,0.0,-0.0,-2.79478e-07,0.0,0.0,0.0,0.0,0.0,0.0,217.64664,0.0,0.0,0.0,0.0,0.0,-2.56668e-07,0.0,0.0,0.0,0.0,0.0,-0.0,-0.0,0.0,0.0,0.0
1522.0,0.0,-0.0,-2.79478e-07,0.0,0.0,0.0,0.0,0.0,0.0,217.64664,0.0,0.0,0.0,0.0,0.0,-2.56668e-07,0.0,0.0,0.0,-0.0,0.0,-0.0,-0.0,0.0,0.0,0.0
1522.5,0.0,-0.0,-2.79478e-07,0.0,0.0,0.0,0.0,0.0,0.0,217.64664,0.0,0.0,0.0,0.0,0.0,-2.56668e-07,0.0,0.0,0.0,0.0,0.0,-0.0,-0.0,0.0,0.0,0.0
1523.0,0.0,-0.0,-2.79478e-07,0.0,0.0,0.0,0.0,0.0,0.0,217.64664,0.0,0.0,0.0,0.0,0.0,-2.56668e-07,0.0,0.0,0.0,0.0,0.0,-0.0,-0.0,0.0,0.0,0.0
1523.5,0.0,-0.0,-2.79478e-07,0.0,0.0,0.0,0.0,0.0,0.0,217.64664,0.0,0.0,0.0,0.0,0.0,-2.56668e-07,0.0,0.0,0.0,0.0,0.0,-0.0,-0.0,0.0,0.0,0.0
1524.0,0.0,-0.0,-2.79478e-07,0.0,0.0,0.0,0.0,0.0,0.0,217.64664,0.0,0.0,0.0,0.0,0.0,-2.56668e-07,0.0,0.0,0.0,0.0,0.0,-0.0,-0.0,0.0,0.0,0.0
1524.5,0.0,-0.0,-2.79478e-07,0.0,0.0,0.0,0.0,0.0,0.0,217.64664,0.0,0.0,0.0,0.0,0.0,-2.56668e-07,0.0,0.0,0.0,0.0,0.0,-0.0,-0.0,0.0,0.0,0.0
1525.0,0.0,-0.0,-2.79478e-07,0.0,0.0,0.0,0.0,0.0,0.0,217.64664,0.0,0.0,0.0,0.0,0.0,-2.56668e-07,0.0,0.0,0.0,-0.0,0.0,-0.0,-0.0,0.0,0.0,0.0
1525.5,0.0,-0.0,-2.79478e-07,0.0,0.0,0.0,0.0,0.0,0.0,217.64664,0.0,0.0,0.0,0.0,0.0,-2.56668e-07,0.0,0.0,0.0,0.0,0.0,-0.0,-0.0,0.0,0.0,0.0
1526.0,0.0,-0.0,-2.79478e-07,0.0,0.0,0.0,0.0,0.0,0.0,217.64664,0.0,0.0,0.0,0.0,0.0,-2.56668e-07,0.0,0.0,0.0,0.0,0.0,-0.0,-0.0,0.0,0.0,0.0
1526.5,0.0,-0.0,-2.79478e-07,0.0,0.0,0.0,0.0,0.0,0.0,217.64664,0.0,0.0,0.0,0.0,0.0,-2.56668e-07,0.0,0.0,0.0,0.0,0.0,-0.0,-0.0,0.0,0.0,0.0
1527.0,0.0,-0.0,-2.79478e-07,0.0,0.0,0.0,0.0,0.0,0.0,217.64664,0.0,0.0,0.0,0.0,0.0,-2.56668e-07,0.0,0.0,0.0,0.0,0.0,-0.0,-0.0,0.0,0.0,0.0
1527.5,0.0,-0.0,-2.79478e-07,0.0,0.0,0.0,0.0,0.0,0.0,217.64664,0.0,0.0,0.0,0.0,0.0,-2.56668e-07,0.0,0.0,0.0,-0.0,0.0,-0.0,-0.0,0.0,0.0,0.0
1528.0,0.0,-0.0,-2.79478e-07,0.0,0.0,0.0,0.0,0.0,0.0,217.64664,0.0,0.0,0.0,0.0,0.0,-2.56668e-07,0.0,0.0,0.0,0.0,0.0,-0.0,-0.0,0.0,0.0,0.0
1528.5,0.0,-0.0,-2.79478e-07,0.0,0.0,0.0,0.0,0.0,0.0,217.64664,0.0,0.0,0.0,0.0,0.0,-2.56668e-07,0.0,0.0,0.0,0.0,0.0,-0.0,-0.0,0.0,0.0,0.0
1529.0,0.0,-0.0,-2.79478e-07,0.0,0.0,0.0,0.0,0.0,0.0,217.64664,0.0,0.0,0.0,0.0,0.0,-2.56668e-07,0.0,0.0,0.0,0.0,0.0,-0.0,-0.0,0.0,0.0,0.0
1529.5,0.0,-0.0,-2.79478e-07,0.0,0.0,0.0,0.0,0.0,0.0,217.64664,0.0,0.0,0.0,0.0,0.0,-2.56668e-07,0.0,0.0,0.0,0.0,0.0,-0.0,-0.0,0.0,0.0,0.0
1530.0,0.0,-0.0,-2.79478e-07,0.0,0.0,0.0,0.0,0.0,0.0,217.64664,0.0,0.0,0.0,0.0,0.0,-2.56668e-07,0.0,0.0,0.0,0.0,0.0,-0.0,-0.0,0.0,0.0,0.0
1530.5,0.0,-0.0,-2.79478e-07,0.0,0.0,0.0,0.0,0.0,0.0,217.64664,0.0,0.0,0.0,0.0,0.0,-2.56668e-07,0.0,0.0,0.0,0.0,0.0,-0.0,-0.0,0.0,0.0,0.0
1531.0,0.0,-0.0,-2.79478e-07,0.0,0.0,0.0,0.0,0.0,0.0,217.64664,0.0,0.0,0.0,0.0,0.0,-2.56668e-07,0.0,0.0,0.0,0.0,0.0,-0.0,-0.0,0.0,0.0,0.0
1531.5,0.0,-0.0,-2.79478e-07,0.0,0.0,0.0,0.0,0.0,0.0,217.64664,0.0,0.0,0.0,0.0,0.0,-2.56668e-07,0.0,0.0,0.0,0.0,0.0,-0.0,-0.0,0.0,0.0,0.0
1532.0,0.0,-0.0,-2.79478e-07,0.0,0.0,0.0,0.0,0.0,0.0,217.64664,0.0,0.0,0.0,0.0,0.0,-2.56668e-07,0.0,0.0,0.0,0.0,0.0,-0.0,-0.0,0.0,0.0,0.0
1532.5,0.0,-0.0,-2.79478e-07,0.0,0.0,0.0,0.0,0.0,0.0,217.64664,0.0,0.0,0.0,0.0,0.0,-2.56668e-07,0.0,0.0,0.0,0.0,0.0,-0.0,-0.0,0.0,0.0,0.0
1533.0,0.0,-0.0,-2.79478e-07,0.0,0.0,0.0,0.0,0.0,0.0,217.64664,0.0,0.0,0.0,0.0,0.0,-2.56668e-07,0.0,0.0,0.0,0.0,0.0,-0.0,-0.0,0.0,0.0,0.0
1533.5,0.0,-0.0,-2.79478e-07,0.0,0.0,0.0,0.0,0.0,0.0,217.64664,0.0,0.0,0.0,0.0,0.0,-2.56668e-07,0.0,0.0,0.0,0.0,0.0,-0.0,-0.0,0.0,0.0,0.0
1534.0,0.0,-0.0,-2.79478e-07,0.0,0.0,0.0,0.0,0.0,0.0,217.64664,0.0,0.0,0.0,0.0,0.0,-2.56668e-07,0.0,0.0,0.0,0.0,0.0,-0.0,-0.0,0.0,0.0,0.0
1534.5,0.0,-0.0,-2.79478e-07,0.0,0.0,0.0,0.0,0.0,0.0,217.64664,0.0,0.0,0.0,0.0,0.0,-2.56668e-07,0.0,0.0,0.0,0.0,0.0,-0.0,-0.0,0.0,0.0,0.0
1535.0,0.0,-0.0,-2.79478e-07,0.0,0.0,0.0,0.0,0.0,0.0,217.64664,0.0,0.0,0.0,0.0,0.0,-2.56668e-07,0.0,0.0,0.0,0.0,0.0,-0.0,-0.0,0.0,0.0,0.0
1535.5,0.0,-0.0,-2.79478e-07,0.0,0.0,0.0,0.0,0.0,0.0,217.64664,0.0,0.0,0.0,0.0,0.0,-2.56668e-07,0.0,0.0,0.0,0.0,0.0,-0.0,-0.0,0.0,0.0,0.0
1536.0,0.0,-0.0,-2.79478e-07,0.0,0.0,0.0,0.0,0.0,0.0,217.64664,0.0,0.0,0.0,0.0,0.0,-2.56668e-07,0.0,0.0,0.0,0.0,0.0,-0.0,-0.0,0.0,0.0,0.0
1536.5,0.0,-0.0,-2.79478e-07,0.0,0.0,0.0,0.0,0.0,0.0,217.64664,0.0,0.0,0.0,0.0,0.0,-2.56668e-07,0.0,0.0,0.0,0.0,0.0,-0.0,-0.0,0.0,0.0,0.0
1537.0,0.0,-0.0,-2.79478e-07,0.0,0.0,0.0,0.0,0.0,0.0,217.64664,0.0,0.0,0.0,0.0,0.0,-2.56668e-07,0.0,0.0,0.0,0.0,0.0,-0.0,-0.0,0.0,0.0,0.0
1537.5,0.0,-0.0,-2.79478e-07,0.0,0.0,0.0,0.0,0.0,0.0,217.64664,0.0,0.0,0.0,0.0,0.0,-2.56668e-07,0.0,0.0,0.0,0.0,0.0,-0.0,-0.0,0.0,0.0,0.0
1538.0,0.0,-0.0,-2.79478e-07,0.0,0.0,0.0,0.0,0.0,0.0,217.64664,0.0,0.0,0.0,0.0,0.0,-2.56668e-07,0.0,0.0,0.0,0.0,0.0,-0.0,-0.0,0.0,0.0,0.0
1538.5,0.0,-0.0,-2.79478e-07,0.0,0.0,0.0,0.0,0.0,0.0,217.64664,0.0,0.0,0.0,0.0,0.0,-2.56668e-07,0.0,0.0,0.0,-0.0,0.0,-0.0,-0.0,0.0,0.0,0.0
1539.0,0.0,-0.0,-2.79478e-07,0.0,0.0,0.0,0.0,0.0,0.0,217.64664,0.0,0.0,0.0,0.0,0.0,-2.56668e-07,0.0,0.0,0.0,0.0,0.0,-0.0,-0.0,0.0,0.0,0.0
1539.5,0.0,-0.0,-2.79478e-07,0.0,0.0,0.0,0.0,0.0,0.0,217.64664,0.0,0.0,0.0,0.0,0.0,-2.56668e-07,0.0,0.0,0.0,0.0,0.0,-0.0,-0.0,0.0,0.0,0.0
1540.0,0.0,-0.0,-2.79478e-07,0.0,0.0,0.0,0.0,0.0,0.0,217.64664,0.0,0.0,0.0,0.0,0.0,-2.56668e-07,0.0,0.0,0.0,0.0,0.0,-0.0,-0.0,0.0,0.0,0.0
1540.5,0.0,-0.0,-2.79478e-07,0.0,0.0,0.0,0.0,0.0,0.0,217.64664,0.0,0.0,0.0,0.0,0.0,-2.56668e-07,0.0,0.0,0.0,0.0,0.0,-0.0,-0.0,0.0,0.0,0.0
1541.0,0.0,-0.0,-2.79478e-07,0.0,0.0,0.0,0.0,0.0,0.0,217.64664,0.0,0.0,0.0,0.0,0.0,-2.56668e-07,0.0,0.0,0.0,-0.0,0.0,-0.0,-0.0,0.0,0.0,0.0
1541.5,0.0,-0.0,-2.79478e-07,0.0,0.0,0.0,0.0,0.0,0.0,217.64664,0.0,0.0,0.0,0.0,0.0,-2.56668e-07,0.0,0.0,0.0,0.0,0.0,-0.0,-0.0,0.0,0.0,0.0
1542.0,0.0,-0.0,-2.79478e-07,0.0,0.0,0.0,0.0,0.0,0.0,217.64664,0.0,0.0,0.0,0.0,0.0,-2.56668e-07,0.0,0.0,0.0,0.0,0.0,-0.0,-0.0,0.0,0.0,0.0
1542.5,0.0,-0.0,-2.79478e-07,0.0,0.0,0.0,0.0,0.0,0.0,217.64664,0.0,0.0,0.0,0.0,0.0,-2.56668e-07,0.0,0.0,0.0,0.0,0.0,-0.0,-0.0,0.0,0.0,0.0
1543.0,0.0,-0.0,-2.79478e-07,0.0,0.0,0.0,0.0,0.0,0.0,217.64664,0.0,0.0,0.0,0.0,0.0,-2.56668e-07,0.0,0.0,0.0,0.0,0.0,-0.0,-0.0,0.0,0.0,0.0
1543.5,0.0,-0.0,-2.79478e-07,0.0,0.0,0.0,0.0,0.0,0.0,217.64664,0.0,0.0,0.0,0.0,0.0,-2.56668e-07,0.0,0.0,0.0,0.0,0.0,-0.0,-0.0,0.0,0.0,0.0
1544.0,0.0,-0.0,-2.79478e-07,0.0,0.0,0.0,0.0,0.0,0.0,217.64664,0.0,0.0,0.0,0.0,0.0,-2.56668e-07,0.0,0.0,0.0,0.0,0.0,-0.0,-0.0,0.0,0.0,0.0
1544.5,0.0,-0.0,-2.79478e-07,0.0,0.0,0.0,0.0,0.0,0.0,217.64664,0.0,0.0,0.0,0.0,0.0,-2.56668e-07,0.0,0.0,0.0,0.0,0.0,-0.0,-0.0,0.0,0.0,0.0
1545.0,0.0,-0.0,-2.79478e-07,0.0,0.0,0.0,0.0,0.0,0.0,217.64664,0.0,0.0,0.0,0.0,0.0,-2.56668e-07,0.0,0.0,0.0,0.0,0.0,-0.0,-0.0,0.0,0.0,0.0
1545.5,0.0,-0.0,-2.79478e-07,0.0,0.0,0.0,0.0,0.0,0.0,217.64664,0.0,0.0,0.0,0.0,0.0,-2.56668e-07,0.0,0.0,0.0,0.0,0.0,-0.0,-0.0,0.0,0.0,0.0
1546.0,0.0,-0.0,-2.79478e-07,0.0,0.0,0.0,0.0,0.0,0.0,217.64664,0.0,0.0,0.0,0.0,0.0,-2.56668e-07,0.0,0.0,0.0,0.0,0.0,-0.0,-0.0,0.0,0.0,0.0
1546.5,0.0,-0.0,-2.79478e-07,0.0,0.0,0.0,0.0,0.0,0.0,217.64664,0.0,0.0,0.0,0.0,0.0,-2.56668e-07,0.0,0.0,0.0,0.0,0.0,-0.0,-0.0,0.0,0.0,0.0
1547.0,0.0,-0.0,-2.79478e-07,0.0,0.0,0.0,0.0,0.0,0.0,217.64664,0.0,0.0,0.0,0.0,0.0,-2.56668e-07,0.0,0.0,0.0,0.0,0.0,-0.0,-0.0,0.0,0.0,0.0
1547.5,0.0,-0.0,-2.79478e-07,0.0,0.0,0.0,0.0,0.0,0.0,217.64664,0.0,0.0,0.0,0.0,0.0,-2.56668e-07,0.0,0.0,0.0,0.0,0.0,-0.0,-0.0,0.0,0.0,0.0
1548.0,0.0,-0.0,-2.79478e-07,0.0,0.0,0.0,0.0,0.0,0.0,217.64664,0.0,0.0,0.0,0.0,0.0,-2.56668e-07,0.0,0.0,0.0,0.0,0.0,-0.0,-0.0,0.0,0.0,0.0
1548.5,0.0,-0.0,-2.79478e-07,0.0,0.0,0.0,0.0,0.0,0.0,217.64664,0.0,0.0,0.0,0.0,0.0,-2.56668e-07,0.0,0.0,0.0,0.0,0.0,-0.0,-0.0,0.0,0.0,0.0
1549.0,0.0,-0.0,-2.79478e-07,0.0,0.0,0.0,0.0,0.0,0.0,217.64664,0.0,0.0,0.0,0.0,0.0,-2.56668e-07,0.0,0.0,0.0,0.0,0.0,-0.0,-0.0,0.0,0.0,0.0
1549.5,0.0,-0.0,-2.79478e-07,0.0,0.0,0.0,0.0,0.0,0.0,217.64664,0.0,0.0,0.0,0.0,0.0,-2.56668e-07,0.0,0.0,0.0,0.0,0.0,-0.0,-0.0,0.0,0.0,0.0
1550.0,0.0,-0.0,-2.79478e-07,0.0,0.0,0.0,0.0,0.0,0.0,217.64664,0.0,0.0,0.0,0.0,0.0,-2.56668e-07,0.0,0.0,0.0,0.0,0.0,-0.0,-0.0,0.0,0.0,0.0
1550.5,0.0,-0.0,-2.79478e-07,0.0,0.0,0.0,0.0,0.0,0.0,217.64664,0.0,0.0,0.0,0.0,0.0,-2.56668e-07,0.0,0.0,0.0,0.0,0.0,-0.0,-0.0,0.0,0.0,0.0
1551.0,0.0,-0.0,-2.79478e-07,0.0,0.0,0.0,0.0,0.0,0.0,217.64664,0.0,0.0,0.0,0.0,0.0,-2.56668e-07,0.0,0.0,0.0,0.0,0.0,-0.0,-0.0,0.0,0.0,0.0
1551.5,0.0,-0.0,-2.79478e-07,0.0,0.0,0.0,0.0,0.0,0.0,217.64664,0.0,0.0,0.0,0.0,0.0,-2.56668e-07,0.0,0.0,0.0,0.0,0.0,-0.0,-0.0,0.0,0.0,0.0
1552.0,0.0,-0.0,-2.79478e-07,0.0,0.0,0.0,0.0,0.0,0.0,217.64664,0.0,0.0,0.0,0.0,0.0,-2.56668e-07,0.0,0.0,0.0,-0.0,0.0,-0.0,-0.0,0.0,0.0,0.0
1552.5,0.0,-0.0,-2.79478e-07,0.0,0.0,0.0,0.0,0.0,0.0,217.64664,0.0,0.0,0.0,0.0,0.0,-2.56668e-07,0.0,0.0,0.0,0.0,0.0,-0.0,-0.0,0.0,0.0,0.0
1553.0,0.0,-0.0,-2.79478e-07,0.0,0.0,0.0,0.0,0.0,0.0,217.64664,0.0,0.0,0.0,0.0,0.0,-2.56668e-07,0.0,0.0,0.0,0.0,0.0,-0.0,-0.0,0.0,0.0,0.0
1553.5,0.0,-0.0,-2.79478e-07,0.0,0.0,0.0,0.0,0.0,0.0,217.64664,0.0,0.0,0.0,0.0,0.0,-2.56668e-07,0.0,0.0,0.0,0.0,0.0,-0.0,-0.0,0.0,0.0,0.0
1554.0,0.0,-0.0,-2.79478e-07,0.0,0.0,0.0,0.0,0.0,0.0,217.64664,0.0,0.0,0.0,0.0,0.0,-2.56668e-07,0.0,0.0,0.0,0.0,0.0,-0.0,-0.0,0.0,0.0,0.0
1554.5,0.0,-0.0,-2.79478e-07,0.0,0.0,0.0,0.0,0.0,0.0,217.64664,0.0,0.0,0.0,0.0,0.0,-2.56668e-07,0.0,0.0,0.0,0.0,0.0,-0.0,-0.0,0.0,0.0,0.0
1555.0,0.0,-0.0,-2.79478e-07,0.0,0.0,0.0,0.0,0.0,0.0,217.64664,0.0,0.0,0.0,0.0,0.0,-2.56668e-07,0.0,0.0,0.0,-0.0,0.0,-0.0,-0.0,0.0,0.0,0.0
1555.5,0.0,-0.0,-2.79478e-07,0.0,0.0,0.0,0.0,0.0,0.0,217.64664,0.0,0.0,0.0,0.0,0.0,-2.56668e-07,0.0,0.0,0.0,0.0,0.0,-0.0,-0.0,0.0,0.0,0.0
1556.0,0.0,-0.0,-2.79478e-07,0.0,0.0,0.0,0.0,0.0,0.0,217.64664,0.0,0.0,0.0,0.0,0.0,-2.56668e-07,0.0,0.0,0.0,0.0,0.0,-0.0,-0.0,0.0,0.0,0.0
1556.5,0.0,-0.0,-2.79478e-07,0.0,0.0,0.0,0.0,0.0,0.0,217.64664,0.0,0.0,0.0,0.0,0.0,-2.56668e-07,0.0,0.0,0.0,0.0,0.0,-0.0,-0.0,0.0,0.0,0.0
1557.0,0.0,-0.0,-2.79478e-07,0.0,0.0,0.0,0.0,0.0,0.0,217.64664,0.0,0.0,0.0,0.0,0.0,-2.56668e-07,0.0,0.0,0.0,0.0,0.0,-0.0,-0.0,0.0,0.0,0.0
1557.5,0.0,-0.0,-2.79478e-07,0.0,0.0,0.0,0.0,0.0,0.0,217.64664,0.0,0.0,0.0,0.0,0.0,-2.56668e-07,0.0,0.0,0.0,-0.0,0.0,-0.0,-0.0,0.0,0.0,0.0
1558.0,0.0,-0.0,-2.79478e-07,0.0,0.0,0.0,0.0,0.0,0.0,217.64664,0.0,0.0,0.0,0.0,0.0,-2.56668e-07,0.0,0.0,0.0,0.0,0.0,-0.0,-0.0,0.0,0.0,0.0
1558.5,0.0,-0.0,-2.79478e-07,0.0,0.0,0.0,0.0,0.0,0.0,217.64664,0.0,0.0,0.0,0.0,0.0,-2.56668e-07,0.0,0.0,0.0,0.0,0.0,-0.0,-0.0,0.0,0.0,0.0
1559.0,0.0,-0.0,-2.79478e-07,0.0,0.0,0.0,0.0,0.0,0.0,217.64664,0.0,0.0,0.0,0.0,0.0,-2.56668e-07,0.0,0.0,0.0,0.0,0.0,-0.0,-0.0,0.0,0.0,0.0
1559.5,0.0,-0.0,-2.79478e-07,0.0,0.0,0.0,0.0,0.0,0.0,217.64664,0.0,0.0,0.0,0.0,0.0,-2.56668e-07,0.0,0.0,0.0,0.0,0.0,-0.0,-0.0,0.0,0.0,0.0
1560.0,0.0,-0.0,-2.79478e-07,0.0,0.0,0.0,0.0,0.0,0.0,217.64664,0.0,0.0,0.0,0.0,0.0,-2.56668e-07,0.0,0.0,0.0,0.0,0.0,-0.0,-0.0,0.0,0.0,0.0
1560.5,0.0,-0.0,-2.79478e-07,0.0,0.0,0.0,0.0,0.0,0.0,217.64664,0.0,0.0,0.0,0.0,0.0,-2.56668e-07,0.0,0.0,0.0,0.0,0.0,-0.0,-0.0,0.0,0.0,0.0
1561.0,0.0,-0.0,-2.79478e-07,0.0,0.0,0.0,0.0,0.0,0.0,217.64664,0.0,0.0,0.0,0.0,0.0,-2.56668e-07,0.0,0.0,0.0,0.0,0.0,-0.0,-0.0,0.0,0.0,0.0
1561.5,0.0,-0.0,-2.79478e-07,0.0,0.0,0.0,0.0,0.0,0.0,217.64664,0.0,0.0,0.0,0.0,0.0,-2.56668e-07,0.0,0.0,0.0,0.0,0.0,-0.0,-0.0,0.0,0.0,0.0
1562.0,0.0,-0.0,-2.79478e-07,0.0,0.0,0.0,0.0,0.0,0.0,217.64664,0.0,0.0,0.0,0.0,0.0,-2.56668e-07,0.0,0.0,0.0,0.0,0.0,-0.0,-0.0,0.0,0.0,0.0
1562.5,0.0,-0.0,-2.79478e-07,0.0,0.0,0.0,0.0,0.0,0.0,217.64664,0.0,0.0,0.0,0.0,0.0,-2.56668e-07,0.0,0.0,0.0,0.0,0.0,-0.0,-0.0,0.0,0.0,0.0
1563.0,0.0,-0.0,-2.79478e-07,0.0,0.0,0.0,0.0,0.0,0.0,217.64664,0.0,0.0,0.0,0.0,0.0,-2.56668e-07,0.0,0.0,0.0,0.0,0.0,-0.0,-0.0,0.0,0.0,0.0
1563.5,0.0,-0.0,-2.79478e-07,0.0,0.0,0.0,0.0,0.0,0.0,217.64664,0.0,0.0,0.0,0.0,0.0,-2.56668e-07,0.0,0.0,0.0,0.0,0.0,-0.0,-0.0,0.0,0.0,0.0
1564.0,0.0,-0.0,-2.79478e-07,0.0,0.0,0.0,0.0,0.0,0.0,217.64664,0.0,0.0,0.0,0.0,0.0,-2.56668e-07,0.0,0.0,0.0,0.0,0.0,-0.0,-0.0,0.0,0.0,0.0
1564.5,0.0,-0.0,-2.79478e-07,0.0,0.0,0.0,0.0,0.0,0.0,217.64664,0.0,0.0,0.0,0.0,0.0,-2.56668e-07,0.0,0.0,0.0,0.0,0.0,-0.0,-0.0,0.0,0.0,0.0
1565.0,0.0,-0.0,-2.79478e-07,0.0,0.0,0.0,0.0,0.0,0.0,217.64664,0.0,0.0,0.0,0.0,0.0,-2.56668e-07,0.0,0.0,0.0,0.0,0.0,-0.0,-0.0,0.0,0.0,0.0
1565.5,0.0,-0.0,-2.79478e-07,0.0,0.0,0.0,0.0,0.0,0.0,217.64664,0.0,0.0,0.0,0.0,0.0,-2.56668e-07,0.0,0.0,0.0,-0.0,0.0,-0.0,-0.0,0.0,0.0,0.0
1566.0,0.0,-0.0,-2.79478e-07,0.0,0.0,0.0,0.0,0.0,0.0,217.64664,0.0,0.0,0.0,0.0,0.0,-2.56668e-07,0.0,0.0,0.0,0.0,0.0,-0.0,-0.0,0.0,0.0,0.0
1566.5,0.0,-0.0,-2.79478e-07,0.0,0.0,0.0,0.0,0.0,0.0,217.64664,0.0,0.0,0.0,0.0,0.0,-2.56668e-07,0.0,0.0,0.0,0.0,0.0,-0.0,-0.0,0.0,0.0,0.0
1567.0,0.0,-0.0,-2.79478e-07,0.0,0.0,0.0,0.0,0.0,0.0,217.64664,0.0,0.0,0.0,0.0,0.0,-2.56668e-07,0.0,0.0,0.0,0.0,0.0,-0.0,-0.0,0.0,0.0,0.0
1567.5,0.0,-0.0,-2.79478e-07,0.0,0.0,0.0,0.0,0.0,0.0,217.64664,0.0,0.0,0.0,0.0,0.0,-2.56668e-07,0.0,0.0,0.0,0.0,0.0,-0.0,-0.0,0.0,0.0,0.0
1568.0,0.0,-0.0,-2.79478e-07,0.0,0.0,0.0,0.0,0.0,0.0,217.64664,0.0,0.0,0.0,0.0,0.0,-2.56668e-07,0.0,0.0,0.0,0.0,0.0,-0.0,-0.0,0.0,0.0,0.0
1568.5,0.0,-0.0,-2.79478e-07,0.0,0.0,0.0,0.0,0.0,0.0,217.64664,0.0,0.0,0.0,0.0,0.0,-2.56668e-07,0.0,0.0,0.0,-0.0,0.0,-0.0,-0.0,0.0,0.0,0.0
1569.0,0.0,-0.0,-2.79478e-07,0.0,0.0,0.0,0.0,0.0,0.0,217.64664,0.0,0.0,0.0,0.0,0.0,-2.56668e-07,0.0,0.0,0.0,0.0,0.0,-0.0,-0.0,0.0,0.0,0.0
1569.5,0.0,-0.0,-2.79478e-07,0.0,0.0,0.0,0.0,0.0,0.0,217.64664,0.0,0.0,0.0,0.0,0.0,-2.56668e-07,0.0,0.0,0.0,0.0,0.0,-0.0,-0.0,0.0,0.0,0.0
1570.0,0.0,-0.0,-2.79478e-07,0.0,0.0,0.0,0.0,0.0,0.0,217.64664,0.0,0.0,0.0,0.0,0.0,-2.56668e-07,0.0,0.0,0.0,0.0,0.0,-0.0,-0.0,0.0,0.0,0.0
1570.5,0.0,-0.0,-2.79478e-07,0.0,0.0,0.0,0.0,0.0,0.0,217.64664,0.0,0.0,0.0,0.0,0.0,-2.56668e-07,0.0,0.0,0.0,0.0,0.0,-0.0,-0.0,0.0,0.0,0.0
1571.0,0.0,-0.0,-2.79478e-07,0.0,0.0,0.0,0.0,0.0,0.0,217.64664,0.0,0.0,0.0,0.0,0.0,-2.56668e-07,0.0,0.0,0.0,-0.0,0.0,-0.0,-0.0,0.0,0.0,0.0
1571.5,0.0,-0.0,-2.79478e-07,0.0,0.0,0.0,0.0,0.0,0.0,217.64664,0.0,0.0,0.0,0.0,0.0,-2.56668e-07,0.0,0.0,0.0,0.0,0.0,-0.0,-0.0,0.0,0.0,0.0
1572.0,0.0,-0.0,-2.79478e-07,0.0,0.0,0.0,0.0,0.0,0.0,217.64664,0.0,0.0,0.0,0.0,0.0,-2.56668e-07,0.0,0.0,0.0,0.0,0.0,-0.0,-0.0,0.0,0.0,0.0
1572.5,0.0,-0.0,-2.79478e-07,0.0,0.0,0.0,0.0,0.0,0.0,217.64664,0.0,0.0,0.0,0.0,0.0,-2.56668e-07,0.0,0.0,0.0,0.0,0.0,-0.0,-0.0,0.0,0.0,0.0
1573.0,0.0,-0.0,-2.79478e-07,0.0,0.0,0.0,0.0,0.0,0.0,217.64664,0.0,0.0,0.0,0.0,0.0,-2.56668e-07,0.0,0.0,0.0,0.0,0.0,-0.0,-0.0,0.0,0.0,0.0
1573.5,0.0,-0.0,-2.79478e-07,0.0,0.0,0.0,0.0,0.0,0.0,217.64664,0.0,0.0,0.0,0.0,0.0,-2.56668e-07,0.0,0.0,0.0,0.0,0.0,-0.0,-0.0,0.0,0.0,0.0
1574.0,0.0,-0.0,-2.79478e-07,0.0,0.0,0.0,0.0,0.0,0.0,217.64664,0.0,0.0,0.0,0.0,0.0,-2.56668e-07,0.0,0.0,0.0,0.0,0.0,-0.0,-0.0,0.0,0.0,0.0
1574.5,0.0,-0.0,-2.79478e-07,0.0,0.0,0.0,0.0,0.0,0.0,217.64664,0.0,0.0,0.0,0.0,0.0,-2.56668e-07,0.0,0.0,0.0,0.0,0.0,-0.0,-0.0,0.0,0.0,0.0
1575.0,0.0,-0.0,-2.79478e-07,0.0,0.0,0.0,0.0,0.0,0.0,217.64664,0.0,0.0,0.0,0.0,0.0,-2.56668e-07,0.0,0.0,0.0,0.0,0.0,-0.0,-0.0,0.0,0.0,0.0
1575.5,0.0,-0.0,-2.79478e-07,0.0,0.0,0.0,0.0,0.0,0.0,217.64664,0.0,0.0,0.0,0.0,0.0,-2.56668e-07,0.0,0.0,0.0,0.0,0.0,-0.0,-0.0,0.0,0.0,0.0
1576.0,0.0,-0.0,-2.79478e-07,0.0,0.0,0.0,0.0,0.0,0.0,217.64664,0.0,0.0,0.0,0.0,0.0,-2.56668e-07,0.0,0.0,0.0,0.0,0.0,-0.0,-0.0,0.0,0.0,0.0
1576.5,0.0,-0.0,-2.79478e-07,0.0,0.0,0.0,0.0,0.0,0.0,217.64664,0.0,0.0,0.0,0.0,0.0,-2.56668e-07,0.0,0.0,0.0,0.0,0.0,-0.0,-0.0,0.0,0.0,0.0
1577.0,0.0,-0.0,-2.79478e-07,0.0,0.0,0.0,0.0,0.0,0.0,217.64664,0.0,0.0,0.0,0.0,0.0,-2.56668e-07,0.0,0.0,0.0,0.0,0.0,-0.0,-0.0,0.0,0.0,0.0
1577.5,0.0,-0.0,-2.79478e-07,0.0,0.0,0.0,0.0,0.0,0.0,217.64664,0.0,0.0,0.0,0.0,0.0,-2.56668e-07,0.0,0.0,0.0,0.0,0.0,-0.0,-0.0,0.0,0.0,0.0
1578.0,0.0,-0.0,-2.79478e-07,0.0,0.0,0.0,0.0,0.0,0.0,217.64664,0.0,0.0,0.0,0.0,0.0,-2.56668e-07,0.0,0.0,0.0,0.0,0.0,-0.0,-0.0,0.0,0.0,0.0
1578.5,0.0,-0.0,-2.79478e-07,0.0,0.0,0.0,0.0,0.0,0.0,217.64664,0.0,0.0,0.0,0.0,0.0,-2.56668e-07,0.0,0.0,0.0,0.0,0.0,-0.0,-0.0,0.0,0.0,0.0
1579.0,0.0,-0.0,-2.79478e-07,0.0,0.0,0.0,0.0,0.0,0.0,217.64664,0.0,0.0,0.0,0.0,0.0,-2.56668e-07,0.0,0.0,0.0,0.0,0.0,-0.0,-0.0,0.0,0.0,0.0
1579.5,0.0,-0.0,-2.79478e-07,0.0,0.0,0.0,0.0,0.0,0.0,217.64664,0.0,0.0,0.0,0.0,0.0,-2.56668e-07,0.0,0.0,0.0,0.0,0.0,-0.0,-0.0,0.0,0.0,0.0
1580.0,0.0,-0.0,-2.79478e-07,0.0,0.0,0.0,0.0,0.0,0.0,217.64664,0.0,0.0,0.0,0.0,0.0,-2.56668e-07,0.0,0.0,0.0,0.0,0.0,-0.0,-0.0,0.0,0.0,0.0
1580.5,0.0,-0.0,-2.79478e-07,0.0,0.0,0.0,0.0,0.0,0.0,217.64664,0.0,0.0,0.0,0.0,0.0,-2.56668e-07,0.0,0.0,0.0,0.0,0.0,-0.0,-0.0,0.0,0.0,0.0
1581.0,0.0,-0.0,-2.79478e-07,0.0,0.0,0.0,0.0,0.0,0.0,217.64664,0.0,0.0,0.0,0.0,0.0,-2.56668e-07,0.0,0.0,0.0,0.0,0.0,-0.0,-0.0,0.0,0.0,0.0
1581.5,0.0,-0.0,-2.79478e-07,0.0,0.0,0.0,0.0,0.0,0.0,217.64664,0.0,0.0,0.0,0.0,0.0,-2.56668e-07,0.0,0.07350527147,0.0,0.0,0.0,-0.0,-0.0,0.0,0.0,0.0
1582.0,0.0,-0.0,-2.79478e-07,0.0,0.0,0.0,0.0,0.0,0.0,217.64664,0.0,0.0,0.0,0.0,0.0,-2.56668e-07,0.0,4.76293662,0.0,-0.0,0.0,-0.0,-0.0,0.0,0.0,0.0
1582.5,0.0,-0.0,-2.79478e-07,0.0,0.0,0.0,0.0,0.0,0.0,217.64664,0.0,0.0,0.0,0.0,0.0,-2.56668e-07,0.0,12.09053145,0.0,0.0,0.0,-0.0,-0.0,0.0,0.0,0.0
1583.0,0.0,-0.0,-2.79478e-07,0.0,0.0,0.0,0.0,0.0,0.0,217.64664,0.0,0.0,0.0,0.0,0.0,-2.56668e-07,0.0,19.418126,0.0,0.0,0.0,-0.0,-0.0,0.0,0.0,0.0
1583.5,0.0,-0.0,-2.79478e-07,0.0,0.0,0.0,0.0,0.0,0.0,217.64664,0.0,0.0,0.0,0.0,0.0,-2.56668e-07,0.0,26.7457209,0.0,0.0,0.0,-0.0,-0.0,0.0,0.0,0.0
1584.0,0.0,-0.0,-2.79478e-07,0.0,0.0,0.0,0.0,0.0,0.0,217.64664,0.0,0.0,0.0,0.0,0.0,-2.56668e-07,0.0,34.0733165,0.0,0.0,0.0,-0.0,-0.0,0.0,0.0,0.0
1584.5,0.0,-0.0,-2.79478e-07,0.0,0.0,0.0,0.0,0.0,0.0,217.64664,0.0,0.0,0.0,0.0,0.0,-2.56668e-07,0.0,41.3273452,0.0,-0.0,0.0,-0.0,-0.0,0.0,0.0,0.0
1585.0,0.0,-0.0,-2.79478e-07,0.0,0.0,0.0,0.0,0.0,0.0,217.64664,0.0,0.0,0.0,0.0,0.0,-2.56668e-07,0.0,43.96557,0.0,0.0,0.0,-0.0,-0.0,0.0,0.0,0.0
1585.5,0.0,-0.0,-2.79478e-07,0.0,0.0,0.0,0.0,0.0,0.0,217.64664,0.0,0.0,0.0,0.0,0.0,-2.56668e-07,0.0,43.96557,0.0,0.0,0.0,-0.0,-0.0,0.0,0.0,0.0
1586.0,0.0,-0.0,-2.79478e-07,0.0,0.0,0.0,0.0,0.0,0.0,217.64664,0.0,0.0,0.0,0.0,0.0,-2.56668e-07,0.0,43.96557,0.0,0.0,0.0,-0.0,-0.0,0.0,0.0,0.0
1586.5,0.0,-0.0,-2.79478e-07,0.0,0.0,0.0,0.0,0.0,0.0,217.64664,0.0,0.0,0.0,0.0,0.0,-2.56668e-07,0.0,43.96557,0.0,0.0,0.0,-0.0,-0.0,0.0,0.0,0.0
1587.0,0.0,-0.0,-2.79478e-07,0.0,0.0,0.0,0.0,0.0,0.0,217.64664,0.0,0.0,0.0,0.0,0.0,-2.56668e-07,0.0,43.96557,0.0,0.0,0.0,-0.0,-0.0,0.0,0.0,0.0
1587.5,0.0,-0.0,-2.79478e-07,0.0,0.0,0.0,0.0,0.0,0.0,217.64664,0.0,0.0,0.0,0.0,0.0,-2.56668e-07,0.0,43.96557,0.0,-0.0,0.0,-0.0,-0.0,0.0,0.0,0.0
1588.0,0.0,-0.0,-2.79478e-07,0.0,0.0,0.0,0.0,0.0,0.0,217.64664,0.0,0.0,0.0,0.0,0.0,-2.56668e-07,0.0,43.96557,0.0,0.0,0.0,-0.0,-0.0,0.0,0.0,0.0
1588.5,0.0,-0.0,-2.79478e-07,0.0,0.0,0.0,0.0,0.0,0.0,217.64664,0.0,0.0,0.0,0.0,0.0,-2.56668e-07,0.0,43.96557,0.0,0.0,0.0,-0.0,-0.0,0.0,0.0,0.0
1589.0,0.0,-0.0,-2.79478e-07,0.0,0.0,0.0,0.0,0.0,0.0,217.64664,0.0,0.0,0.0,0.0,0.0,-2.56668e-07,0.0,43.96557,0.0,0.0,0.0,-0.0,-0.0,0.0,0.0,0.0
1589.5,0.0,-0.0,-2.79478e-07,0.0,0.0,0.0,0.0,0.0,0.0,217.64664,0.0,0.0,0.0,0.0,0.0,-2.56668e-07,0.0,43.96557,0.0,0.0,0.0,-0.0,-0.0,0.0,0.0,0.0
1590.0,0.0,-0.0,-2.79478e-07,0.0,0.0,0.0,0.0,0.0,0.0,217.64664,0.0,0.0,0.0,0.0,0.0,-2.56668e-07,0.0,43.96557,0.0,0.0,0.0,-0.0,-0.0,0.0,0.0,0.0
1590.5,0.0,-0.0,-2.79478e-07,0.0,0.0,0.0,0.0,0.0,0.0,217.64664,0.0,0.0,0.0,0.0,0.0,-2.56668e-07,0.0,43.96557,0.0,0.0,0.0,-0.0,-0.0,0.0,0.0,0.0
1591.0,0.0,-0.0,-2.79478e-07,0.0,0.0,0.0,0.0,0.0,0.0,217.64664,0.0,0.0,0.0,0.0,0.0,-2.56668e-07,0.0,43.96557,0.0,0.0,0.0,-0.0,-0.0,0.0,0.0,0.0
1591.5,0.0,-0.0,-2.79478e-07,0.0,0.0,0.0,0.0,0.0,0.0,217.64664,0.0,0.0,0.0,0.0,0.0,-2.56668e-07,0.0,43.96557,0.0,0.0,0.0,-0.0,-0.0,0.0,0.0,0.0
1592.0,0.0,-0.0,-2.79478e-07,0.0,0.0,0.0,0.0,0.0,0.0,217.64664,0.0,0.0,0.0,0.0,0.0,-2.56668e-07,0.0,43.96557,0.0,0.0,0.0,-0.0,-0.0,0.0,0.0,0.0
1592.5,0.0,-0.0,-2.79478e-07,0.0,0.0,0.0,0.0,0.0,0.0,217.64664,0.0,0.0,0.0,0.0,0.0,-2.56668e-07,0.0,43.96557,0.0,0.0,0.0,-0.0,-0.0,0.0,0.0,0.0
1593.0,0.0,-0.0,-2.79478e-07,0.0,0.0,0.0,0.0,0.0,0.0,217.64664,0.0,0.0,0.0,0.0,0.0,-2.56668e-07,0.0,43.96557,0.0,0.0,0.0,-0.0,-0.0,0.0,0.0,0.0
1593.5,0.0,-0.0,-2.79478e-07,0.0,0.0,0.0,0.0,0.0,0.0,217.64664,0.0,0.0,0.0,0.0,0.0,-2.56668e-07,0.0,43.892191,0.0,0.0,0.0,-0.0,-0.0,0.0,0.0,0.0
1594.0,0.0,-0.0,-2.79478e-07,0.0,0.0,0.0,0.0,0.0,0.0,217.64664,0.0,0.0,0.0,0.0,0.0,-2.56668e-07,0.0,39.2026327,0.0,0.0,0.0,-0.0,-0.0,0.0,0.0,0.0
1594.5,0.0,-0.0,-2.79478e-07,0.0,0.0,0.0,0.0,0.0,0.0,217.64664,0.0,0.0,0.0,0.0,0.0,-2.56668e-07,0.0,31.8750378,0.0,0.0,0.0,-0.0,-0.0,0.0,0.0,0.0
1595.0,0.0,-0.0,-2.79478e-07,0.0,0.0,0.0,0.0,0.0,0.0,217.64664,0.0,0.0,0.0,0.0,0.0,-2.56668e-07,0.0,24.5474424,0.0,0.0,0.0,-0.0,-0.0,0.0,0.0,0.0
1595.5,0.0,-0.0,-2.79478e-07,0.0,0.0,0.0,0.0,0.0,0.0,217.64664,0.0,0.0,0.0,0.0,0.0,-2.56668e-07,0.0,17.21984755,0.0,-0.0,0.0,-0.0,-0.0,0.0,0.0,0.0
1596.0,0.0,-0.0,-2.79478e-07,0.0,0.0,0.0,0.0,0.0,0.0,217.64664,0.0,0.0,0.0,0.0,0.0,-2.56668e-07,0.0,9.89225301,0.0,0.0,0.0,-0.0,-0.0,0.0,0.0,0.0
1596.5,0.0,-0.0,-2.79478e-07,0.0,0.0,0.0,0.0,0.0,0.0,217.64664,0.0,0.0,0.0,0.0,0.0,-2.56668e-07,0.0,2.6381806518,0.0,0.0,0.0,-0.0,-0.0,0.0,0.0,0.0
1597.0,0.0,-0.0,-2.79478e-07,0.0,0.0,0.0,0.0,0.0,0.0,217.64664,0.0,0.0,0.0,0.0,0.0,-2.56668e-07,0.0,0.0,0.0,0.0,0.0,-0.0,-0.0,0.0,0.0,0.0
1597.5,0.0,-0.0,-2.79478e-07,0.0,0.0,0.0,0.0,0.0,0.0,217.64664,0.0,0.0,0.0,0.0,0.0,-2.56668e-07,0.0,0.0,0.0,0.0,0.0,-0.0,-0.0,0.0,0.0,0.0
1598.0,0.0,-0.0,-2.79478e-07,0.0,0.0,0.0,0.0,0.0,0.0,217.64664,0.0,0.0,0.0,0.0,0.0,-2.56668e-07,0.0,0.0,0.0,0.0,0.0,-0.0,-0.0,0.0,0.0,0.0
1598.5,0.0,-0.0,-2.79478e-07,0.0,0.0,0.0,0.0,0.0,0.0,217.64664,0.0,0.0,0.0,0.0,0.0,-2.56668e-07,0.0,0.0,0.0,-0.0,0.0,-0.0,-0.0,0.0,0.0,0.0
1599.0,0.0,-0.0,-2.79478e-07,0.0,0.0,0.0,0.0,0.0,0.0,217.64664,0.0,0.0,0.0,0.0,0.0,-2.56668e-07,0.0,0.0,0.0,0.0,0.0,-0.0,-0.0,0.0,0.0,0.0
1599.5,0.0,-0.0,-2.79478e-07,0.0,0.0,0.0,0.0,0.0,0.0,217.64664,0.0,0.0,0.0,0.0,0.0,-2.56668e-07,0.0,0.0,0.0,0.0,0.0,-0.0,-0.0,0.0,0.0,0.0
1600.0,0.0,-0.0,-2.79478e-07,0.0,0.0,0.0,0.0,0.0,0.0,217.64664,0.0,0.0,0.0,0.0,0.0,-2.56668e-07,0.0,0.0,0.0,0.0,0.0,-0.0,-0.0,0.0,0.0,0.0
1600.5,0.0,-0.0,-2.79478e-07,0.0,0.0,0.0,0.0,0.0,0.0,217.64664,0.0,0.0,0.0,0.0,0.0,-2.56668e-07,0.0,0.0,0.0,0.0,0.0,-0.0,-0.0,0.0,0.0,0.0
1601.0,0.0,-0.0,-2.79478e-07,0.0,0.0,0.0,0.0,0.0,0.0,217.64664,0.0,0.0,0.0,0.0,0.0,-2.56668e-07,0.0,0.0,0.0,-0.0,0.0,-0.0,-0.0,0.0,0.0,0.0
1601.5,0.0,-0.0,-2.79478e-07,0.0,0.0,0.0,0.0,0.0,0.0,217.64664,0.0,0.0,0.0,0.0,0.0,-2.56668e-07,0.0,0.0,0.0,0.0,0.0,-0.0,-0.0,0.0,0.0,0.0
1602.0,0.0,-0.0,-2.79478e-07,0.0,0.0,0.0,0.0,0.0,0.0,217.64664,0.0,0.0,0.0,0.0,0.0,-2.56668e-07,0.0,0.0,0.0,0.0,0.0,-0.0,-0.0,0.0,0.0,0.0
1602.5,0.0,-0.0,-2.79478e-07,0.0,0.0,0.0,0.0,0.0,0.0,217.64664,0.0,0.0,0.0,0.0,0.0,-2.56668e-07,0.0,0.0,0.0,0.0,0.0,-0.0,-0.0,0.0,0.0,0.0
1603.0,0.0,-0.0,-2.79478e-07,0.0,0.0,0.0,0.0,0.0,0.0,217.64664,0.0,0.0,0.0,0.0,0.0,-2.56668e-07,0.0,0.0,0.0,0.0,0.0,-0.0,-0.0,0.0,0.0,0.0
1603.5,0.0,-0.0,-2.79478e-07,0.0,0.0,0.0,0.0,0.0,0.0,217.64664,0.0,0.0,0.0,0.0,0.0,-2.56668e-07,0.0,0.0,0.0,0.0,0.0,-0.0,-0.0,0.0,0.0,0.0
1604.0,0.0,-0.0,-2.79478e-07,0.0,0.0,0.0,0.0,0.0,0.0,217.64664,0.0,0.0,0.0,0.0,0.0,-2.56668e-07,0.0,0.0,0.0,0.0,0.0,-0.0,-0.0,0.0,0.0,0.0
1604.5,0.0,-0.0,-2.79478e-07,0.0,0.0,0.0,0.0,0.0,0.0,217.64664,0.0,0.0,0.0,0.0,0.0,-2.56668e-07,0.0,0.0,0.0,0.0,0.0,-0.0,-0.0,0.0,0.0,0.0
1605.0,0.0,-0.0,-2.79478e-07,0.0,0.0,0.0,0.0,0.0,0.0,217.64664,0.0,0.0,0.0,0.0,0.0,-2.56668e-07,0.0,0.0,0.0,0.0,0.0,-0.0,-0.0,0.0,0.0,0.0
1605.5,0.0,-0.0,-2.79478e-07,0.0,0.0,0.0,0.0,0.0,0.0,216.493407,0.0,0.0,0.0,0.0,0.0,-2.56668e-07,0.0,0.0,0.0,0.0,0.0,-0.0,-0.0,0.0,0.0,0.0
1606.0,0.0,-0.0,-2.79478e-07,0.0,0.0,0.0,0.0,0.0,0.0,205.852504,0.0,0.0,0.0,0.0,0.0,-2.56668e-07,0.0,0.0,0.0,0.0,0.0,-0.0,-0.0,0.0,0.0,0.0
1606.5,0.0,-0.0,-2.79478e-07,0.0,0.0,0.0,0.0,0.0,0.0,193.122431,0.0,0.0,0.0,0.0,0.0,-2.56668e-07,0.0,0.0,0.0,0.0,0.0,-0.0,-0.0,0.0,0.0,0.0
1607.0,0.0,-0.0,-2.79478e-07,0.0,0.0,0.0,0.0,0.0,0.0,180.392357,0.0,0.0,0.0,0.0,0.0,-2.56668e-07,0.0,0.0,0.0,0.0,0.0,-0.0,-0.0,0.0,0.0,0.0
1607.5,0.0,-0.0,-2.79478e-07,0.0,0.0,0.0,0.0,0.0,0.0,167.662284,0.0,0.0,0.0,0.0,0.0,-2.56668e-07,0.0,0.0,0.0,0.0,0.0,-0.0,-0.0,0.0,0.0,0.0
1608.0,0.0,-0.0,-2.79478e-07,0.0,0.0,0.0,0.0,0.0,0.0,154.932208,0.0,0.0,0.0,0.0,0.0,-2.56668e-07,0.0,0.0,0.0,0.0,0.0,-0.0,-0.0,0.0,0.0,0.0
1608.5,0.0,-0.0,-2.79478e-07,0.0,0.0,0.0,0.0,0.0,0.0,142.202134,0.0,0.0,0.0,0.0,0.0,-2.56668e-07,0.0,0.0,0.0,0.0,0.0,-0.0,-0.0,0.0,0.0,0.0
1609.0,0.0,-0.0,-2.79478e-07,0.0,0.0,0.0,0.0,0.0,0.0,129.4720596,0.0,0.0,0.0,0.0,0.0,-2.56668e-07,0.0,0.0,0.0,0.0,0.0,-0.0,-0.0,0.0,0.0,0.0
1609.5,0.0,-0.0,-2.79478e-07,0.0,0.0,0.0,0.0,0.0,0.0,116.7419864,0.0,0.0,0.0,0.0,0.0,-2.56668e-07,0.0,0.0,0.0,0.0,0.0,-0.0,-0.0,0.0,0.0,0.0
1610.0,0.0,-0.0,-2.79478e-07,0.0,0.0,0.0,0.0,0.0,0.0,104.011913,0.0,0.0,0.0,0.0,0.0,-2.56668e-07,0.0,0.0,0.0,0.0,0.0,-0.0,-0.0,0.0,0.0,0.0
1610.5,0.0,-0.0,-2.79478e-07,0.0,0.0,0.0,0.0,0.0,0.0,91.2818381,0.0,0.0,0.0,0.0,0.0,-2.56668e-07,0.0,0.0,0.0,0.0,0.0,-0.0,-0.0,0.0,0.0,0.0
1611.0,0.0,-0.0,-2.79478e-07,0.0,0.0,0.0,0.0,0.0,0.0,83.280724,0.0,0.0,0.0,0.0,0.0,-2.56668e-07,0.0,0.0,0.0,0.0,0.0,-0.0,-0.0,0.0,0.0,0.0
1611.5,0.0,-0.0,-2.79478e-07,0.0,0.0,0.0,0.0,0.0,0.0,83.16966,0.0,0.0,0.0,0.0,0.0,-2.56668e-07,0.0,0.0,0.0,0.0,0.0,-0.0,-0.0,0.0,0.0,0.0
1612.0,0.0,-0.0,-2.79478e-07,0.0,0.0,0.0,0.0,0.0,0.0,83.16966,0.0,0.0,0.0,0.0,0.0,-2.56668e-07,0.0,0.0,0.0,-0.0,0.0,-0.0,-0.0,0.0,0.0,0.0
1612.5,0.0,-0.0,-2.79478e-07,0.0,0.0,0.0,0.0,0.0,0.0,83.16966,0.0,0.0,0.0,0.0,0.0,-2.56668e-07,0.0,0.0,0.0,0.0,0.0,-0.0,-0.0,0.0,0.0,0.0
1613.0,0.0,-0.0,-2.79478e-07,0.0,0.0,0.0,0.0,0.0,0.0,83.16966,0.0,0.0,0.0,0.0,0.0,-2.56668e-07,0.0,0.0,0.0,0.0,0.0,-0.0,-0.0,0.0,0.0,0.0
1613.5,0.0,-0.0,-2.79478e-07,0.0,0.0,0.0,0.0,0.0,0.0,83.16966,0.0,0.0,0.0,0.0,0.0,-2.56668e-07,0.0,0.0,0.0,0.0,0.0,-0.0,-0.0,0.0,0.0,0.0
1614.0,0.0,-0.0,-2.79478e-07,0.0,0.0,0.0,0.0,0.0,0.0,83.16966,0.0,0.0,0.0,0.0,0.0,-2.56668e-07,0.0,0.0,0.0,0.0,0.0,-0.0,-0.0,0.0,0.0,0.0
1614.5,0.0,-0.0,-2.79478e-07,0.0,0.0,0.0,0.0,0.0,0.0,83.16966,0.0,0.0,0.0,0.0,0.0,-2.56668e-07,0.0,0.0,0.0,-0.0,0.0,-0.0,-0.0,0.0,0.0,0.0
1615.0,0.0,-0.0,-2.79478e-07,0.0,0.0,0.0,0.0,0.0,0.0,83.16966,0.0,0.0,0.0,0.0,0.0,-2.56668e-07,0.0,0.0,0.0,0.0,0.0,-0.0,-0.0,0.0,0.0,0.0
1615.5,0.0,-0.0,-2.79478e-07,0.0,0.0,0.0,0.0,0.0,0.0,83.16966,0.0,0.0,0.0,0.0,0.0,-2.56668e-07,0.0,0.0,0.0,0.0,0.0,-0.0,-0.0,0.0,0.0,0.0
1616.0,0.0,-0.0,-2.79478e-07,0.0,0.0,0.0,0.0,0.0,0.0,83.16966,0.0,0.0,0.0,0.0,0.0,-2.56668e-07,0.0,0.0,0.0,0.0,0.0,-0.0,-0.0,0.0,0.0,0.0
1616.5,0.0,-0.0,-2.79478e-07,0.0,0.0,0.0,0.0,0.0,0.0,83.16966,0.0,0.0,0.0,0.0,0.0,-2.56668e-07,0.0,0.0,0.0,0.0,0.0,-0.0,-0.0,0.0,0.0,0.0
1617.0,0.0,-0.0,-2.79478e-07,0.0,0.0,0.0,0.0,0.0,0.0,83.16966,0.0,0.0,0.0,0.0,0.0,-2.56668e-07,0.0,0.0,0.0,0.0,0.0,-0.0,-0.0,0.0,0.0,0.0
1617.5,0.0,-0.0,-2.79478e-07,0.0,0.0,0.0,0.0,0.0,0.0,83.16966,0.0,0.0,0.0,0.0,0.0,-2.56668e-07,0.0,0.0,0.0,0.0,0.0,-0.0,-0.0,0.0,0.0,0.0
1618.0,0.0,-0.0,-2.79478e-07,0.0,0.0,0.0,0.0,0.0,0.0,83.16966,0.0,0.0,0.0,0.0,0.0,-2.56668e-07,0.0,0.0,0.0,0.0,0.0,-0.0,-0.0,0.0,0.0,0.0
1618.5,0.0,-0.0,-2.79478e-07,0.0,0.0,0.0,0.0,0.0,0.0,83.16966,0.0,0.0,0.0,0.0,0.0,-2.56668e-07,0.0,0.0,0.0,0.0,0.0,-0.0,-0.0,0.0,0.0,0.0
1619.0,0.0,-0.0,-2.79478e-07,0.0,0.0,0.0,0.0,0.0,0.0,83.16966,0.0,0.0,0.0,0.0,0.0,-2.56668e-07,0.0,0.0,0.0,0.0,0.0,-0.0,-0.0,0.0,0.0,0.0
1619.5,0.0,-0.0,-2.79478e-07,0.0,0.0,0.0,0.0,0.0,0.0,83.16966,0.0,0.0,0.0,0.0,0.0,-2.56668e-07,0.0,0.0,0.0,0.0,0.0,-0.0,-0.0,0.0,0.0,0.0
1620.0,0.0,-0.0,-2.79478e-07,0.0,0.0,0.0,0.0,0.0,0.0,83.16966,0.0,0.0,0.0,0.0,0.0,-2.56668e-07,0.0,0.0,0.0,0.0,0.0,-0.0,-0.0,0.0,0.0,0.0
1620.5,0.0,-0.0,-2.79478e-07,0.0,0.0,0.0,0.0,0.0,0.0,83.16966,0.0,0.0,0.0,0.0,0.0,-2.56668e-07,0.0,0.0,0.0,0.0,0.0,-0.0,-0.0,0.0,0.0,0.0
1621.0,0.0,-0.0,-2.79478e-07,0.0,0.0,0.0,0.0,0.0,0.0,83.16966,0.0,0.0,0.0,0.0,0.0,-2.56668e-07,0.0,0.0,0.0,0.0,0.0,-0.0,-0.0,0.0,0.0,0.0
1621.5,0.0,-0.0,-2.79478e-07,0.0,0.0,0.0,0.0,0.0,0.0,83.16966,0.0,0.0,0.0,0.0,0.0,-2.56668e-07,0.0,0.0,0.0,0.0,0.0,-0.0,-0.0,0.0,0.0,0.0
1622.0,0.0,-0.0,-2.79478e-07,0.0,0.0,0.0,0.0,0.0,0.0,83.16966,0.0,0.0,0.0,0.0,0.0,-2.56668e-07,0.0,0.0,0.0,0.0,0.0,-0.0,-0.0,0.0,0.0,0.0
1622.5,0.0,-0.0,-2.79478e-07,0.0,0.0,0.0,0.0,0.0,0.0,83.16966,0.0,0.0,0.0,0.0,0.0,-2.56668e-07,0.0,0.0,0.0,0.0,0.0,-0.0,-0.0,0.0,0.0,0.0
1623.0,0.0,-0.0,-2.79478e-07,0.0,0.0,0.0,0.0,0.0,0.0,83.16966,0.0,0.0,0.0,0.0,0.0,-2.56668e-07,0.0,0.0,0.0,0.0,0.0,-0.0,-0.0,0.0,0.0,0.0
1623.5,0.0,-0.0,-2.79478e-07,0.0,0.0,0.0,0.0,0.0,0.0,83.16966,0.0,0.0,0.0,0.0,0.0,-2.56668e-07,0.0,0.0,0.0,0.0,0.0,-0.0,-0.0,0.0,0.0,0.0
1624.0,0.0,-0.0,-2.79478e-07,0.0,0.0,0.0,0.0,0.0,0.0,83.16966,0.0,0.0,0.0,0.0,0.0,-2.56668e-07,0.0,0.0,0.0,0.0,0.0,-0.0,-0.0,0.0,0.0,0.0
1624.5,0.0,-0.0,-2.79478e-07,0.0,0.0,0.0,0.0,0.0,0.0,83.16966,0.0,0.0,0.0,0.0,0.0,-2.56668e-07,0.0,0.0,0.0,0.0,0.0,-0.0,-0.0,0.0,0.0,0.0
1625.0,0.0,-0.0,-2.79478e-07,0.0,0.0,0.0,0.0,0.0,0.0,83.16966,0.0,0.0,0.0,0.0,0.0,-2.56668e-07,0.0,0.0,0.0,0.0,0.0,-0.0,-0.0,0.0,0.0,0.0
1625.5,0.0,-0.0,-2.79478e-07,0.0,0.0,0.0,0.0,0.0,0.0,83.16966,0.0,0.0,0.0,0.0,0.0,-2.56668e-07,0.0,0.0,0.0,-0.0,0.0,-0.0,-0.0,0.0,0.0,0.0
1626.0,0.0,-0.0,-2.79478e-07,0.0,0.0,0.0,0.0,0.0,0.0,83.16966,0.0,0.0,0.0,0.0,0.0,-2.56668e-07,0.0,0.0,0.0,0.0,0.0,-0.0,-0.0,0.0,0.0,0.0
1626.5,0.0,-0.0,-2.79478e-07,0.0,0.0,0.0,0.0,0.0,0.0,83.16966,0.0,0.0,0.0,0.0,0.0,-2.56668e-07,0.0,0.0,0.0,0.0,0.0,-0.0,-0.0,0.0,0.0,0.0
1627.0,0.0,-0.0,-2.79478e-07,0.0,0.0,0.0,0.0,0.0,0.0,83.16966,0.0,0.0,0.0,0.0,0.0,-2.56668e-07,0.0,0.0,0.0,0.0,0.0,-0.0,-0.0,0.0,0.0,0.0
1627.5,0.0,-0.0,-2.79478e-07,0.0,0.0,0.0,0.0,0.0,0.0,83.16966,0.0,0.0,0.0,0.0,0.0,-2.56668e-07,0.0,0.0,0.0,0.0,0.0,-0.0,-0.0,0.0,0.0,0.0
1628.0,0.0,-0.0,-2.79478e-07,0.0,0.0,0.0,0.0,0.0,0.0,83.16966,0.0,0.0,0.0,0.0,0.0,-2.56668e-07,0.0,0.0,0.0,-0.0,0.0,-0.0,-0.0,0.0,0.0,0.0
1628.5,0.0,-0.0,-2.79478e-07,0.0,0.0,0.0,0.0,0.0,0.0,83.16966,0.0,0.0,0.0,0.0,0.0,-2.56668e-07,0.0,0.0,0.0,0.0,0.0,-0.0,-0.0,0.0,0.0,0.0
1629.0,0.0,-0.0,-2.79478e-07,0.0,0.0,0.0,0.0,0.0,0.0,83.16966,0.0,0.0,0.0,0.0,0.0,-2.56668e-07,0.0,0.0,0.0,0.0,0.0,-0.0,-0.0,0.0,0.0,0.0
1629.5,0.0,-0.0,-2.79478e-07,0.0,0.0,0.0,0.0,0.0,0.0,83.16966,0.0,0.0,0.0,0.0,0.0,-2.56668e-07,0.0,0.0,0.0,0.0,0.0,-0.0,-0.0,0.0,0.0,0.0
1630.0,0.0,-0.0,-2.79478e-07,0.0,0.0,0.0,0.0,0.0,0.0,83.16966,0.0,0.0,0.0,0.0,0.0,-2.56668e-07,0.0,0.0,0.0,0.0,0.0,-0.0,-0.0,0.0,0.0,0.0
1630.5,0.0,-0.0,-2.79478e-07,0.0,0.0,0.0,0.0,0.0,0.0,83.16966,0.0,0.0,0.0,0.0,0.0,-2.56668e-07,0.0,0.0,0.0,0.0,0.0,-0.0,-0.0,0.0,0.0,0.0
1631.0,0.0,-0.0,-2.79478e-07,0.0,0.0,0.0,0.0,0.0,0.0,83.16966,0.0,0.0,0.0,0.0,0.0,-2.56668e-07,0.0,0.0,0.0,-0.0,0.0,-0.0,-0.0,0.0,0.0,0.0
1631.5,0.0,-0.0,-2.79478e-07,0.0,0.0,0.0,0.0,0.0,0.0,83.16966,0.0,0.0,0.0,0.0,0.0,-2.56668e-07,0.0,0.0,0.0,0.0,0.0,-0.0,-0.0,0.0,0.0,0.0
1632.0,0.0,-0.0,-2.79478e-07,0.0,0.0,0.0,0.0,0.0,0.0,83.16966,0.0,0.0,0.0,0.0,0.0,-2.56668e-07,0.0,0.0,0.0,0.0,0.0,-0.0,-0.0,0.0,0.0,0.0
1632.5,0.0,-0.0,-2.79478e-07,0.0,0.0,0.0,0.0,0.0,0.0,83.16966,0.0,0.0,0.0,0.0,0.0,-2.56668e-07,0.0,0.0,0.0,0.0,0.0,-0.0,-0.0,0.0,0.0,0.0
1633.0,0.0,-0.0,-2.79478e-07,0.0,0.0,0.0,0.0,0.0,0.0,83.16966,0.0,0.0,0.0,0.0,0.0,-2.56668e-07,0.0,0.0,0.0,0.0,0.0,-0.0,-0.0,0.0,0.0,0.0
1633.5,0.0,-0.0,-2.79478e-07,0.0,0.0,0.0,0.0,0.0,0.0,83.16966,0.0,0.0,0.0,0.0,0.0,-2.56668e-07,0.0,0.0,0.0,0.0,0.0,-0.0,-0.0,0.0,0.0,0.0
1634.0,0.0,-0.0,-2.79478e-07,0.0,0.0,0.0,0.0,0.0,0.0,83.16966,0.0,0.0,0.0,0.0,0.0,-2.56668e-07,0.0,0.0,0.0,0.0,0.0,-0.0,-0.0,0.0,0.0,0.0
1634.5,0.0,-0.0,-2.79478e-07,0.0,0.0,0.0,0.0,0.0,0.0,83.16966,0.0,0.0,0.0,0.0,0.0,-2.56668e-07,0.0,0.0,0.0,0.0,0.0,-0.0,-0.0,0.0,0.0,0.0
1635.0,0.0,-0.0,-2.79478e-07,0.0,0.0,0.0,0.0,0.0,0.0,83.16966,0.0,0.0,0.0,0.0,0.0,-2.56668e-07,0.0,0.0,0.0,0.0,0.0,-0.0,-0.0,0.0,0.0,0.0
1635.5,0.0,-0.0,-2.79478e-07,0.0,0.0,0.0,0.0,0.0,0.0,83.16966,0.0,0.0,0.0,0.0,0.0,-2.56668e-07,0.0,0.0,0.0,0.0,0.0,-0.0,-0.0,0.0,0.0,0.0
1636.0,0.0,-0.0,-2.79478e-07,0.0,0.0,0.0,0.0,0.0,0.0,83.16966,0.0,0.0,0.0,0.0,0.0,-2.56668e-07,0.0,0.0,0.0,0.0,0.0,-0.0,-0.0,0.0,0.0,0.0
1636.5,0.0,-0.0,-2.79478e-07,0.0,0.0,0.0,0.0,0.0,0.0,83.16966,0.0,0.0,0.0,0.0,0.0,-2.56668e-07,0.0,0.0,0.0,0.0,0.0,-0.0,-0.0,0.0,0.0,0.0
1637.0,0.0,-0.0,-2.79478e-07,0.0,0.0,0.0,0.0,0.0,0.0,83.16966,0.0,0.0,0.0,0.0,0.0,-2.56668e-07,0.0,0.0,0.0,0.0,0.0,-0.0,-0.0,0.0,0.0,0.0
1637.5,0.0,-0.0,-2.79478e-07,0.0,0.0,0.0,0.0,0.0,0.0,83.16966,0.0,0.0,0.0,0.0,0.0,-2.56668e-07,0.0,0.0,0.0,0.0,0.0,-0.0,-0.0,0.0,0.0,0.0
1638.0,0.0,-0.0,-2.79478e-07,0.0,0.0,0.0,0.0,0.0,0.0,83.16966,0.0,0.0,0.0,0.0,0.0,-2.56668e-07,0.0,0.0,0.0,0.0,0.0,-0.0,-0.0,0.0,0.0,0.0
1638.5,0.0,-0.0,-2.79478e-07,0.0,0.0,0.0,0.0,0.0,0.0,83.16966,0.0,0.0,0.0,0.0,0.0,-2.56668e-07,0.0,0.0,0.0,0.0,0.0,-0.0,-0.0,0.0,0.0,0.0
1639.0,0.0,-0.0,-2.79478e-07,0.0,0.0,0.0,0.0,0.0,0.0,83.16966,0.0,0.0,0.0,0.0,0.0,-2.56668e-07,0.0,0.0,0.0,-0.0,0.0,-0.0,-0.0,0.0,0.0,0.0
1639.5,0.0,-0.0,-2.79478e-07,0.0,0.0,0.0,0.0,0.0,0.0,83.16966,0.0,0.0,0.0,0.0,0.0,-2.56668e-07,0.0,0.0,0.0,0.0,0.0,-0.0,-0.0,0.0,0.0,0.0
1640.0,0.0,-0.0,-2.79478e-07,0.0,0.0,0.0,0.0,0.0,0.0,83.16966,0.0,0.0,0.0,0.0,0.0,-2.56668e-07,0.0,0.0,0.0,0.0,0.0,-0.0,-0.0,0.0,0.0,0.0
1640.5,0.0,-0.0,-2.79478e-07,0.0,0.0,0.0,0.0,0.0,0.0,83.16966,0.0,0.0,0.0,0.0,0.0,-2.56668e-07,0.0,0.0,0.0,0.0,0.0,-0.0,-0.0,0.0,0.0,0.0
1641.0,0.0,-0.0,-2.79478e-07,0.0,0.0,0.0,0.0,0.0,0.0,83.16966,0.0,0.0,0.0,0.0,0.0,-2.56668e-07,0.0,0.0,0.0,0.0,0.0,-0.0,-0.0,0.0,0.0,0.0
1641.5,0.0,-0.0,-2.79478e-07,0.0,0.0,0.0,0.0,0.0,0.0,83.16966,0.0,0.0,0.0,0.0,0.0,-2.56668e-07,0.0,0.0,0.0,0.0,0.0,-0.0,-0.0,0.0,0.0,0.0
1642.0,0.0,-0.0,-2.79478e-07,0.0,0.0,0.0,0.0,0.0,0.0,83.16966,0.0,0.0,0.0,0.0,0.0,-2.56668e-07,0.0,0.0,0.0,-0.0,0.0,-0.0,-0.0,0.0,0.0,0.0
1642.5,0.0,-0.0,-2.79478e-07,0.0,0.0,0.0,0.0,0.0,0.0,83.16966,0.0,0.0,0.0,0.0,0.0,-2.56668e-07,0.0,0.0,0.0,0.0,0.0,-0.0,-0.0,0.0,0.0,0.0
1643.0,0.0,-0.0,-2.79478e-07,0.0,0.0,0.0,0.0,0.0,0.0,83.16966,0.0,0.0,0.0,0.0,0.0,-2.56668e-07,0.0,0.0,0.0,0.0,0.0,-0.0,-0.0,0.0,0.0,0.0
1643.5,0.0,-0.0,-2.79478e-07,0.0,0.0,0.0,0.0,0.0,0.0,83.16966,0.0,0.0,0.0,0.0,0.0,-2.56668e-07,0.0,0.0,0.0,0.0,0.0,-0.0,-0.0,0.0,0.0,0.0
1644.0,0.0,-0.0,-2.79478e-07,0.0,0.0,0.0,0.0,0.0,0.0,83.16966,0.0,0.0,0.0,0.0,0.0,-2.56668e-07,0.0,0.0,0.0,0.0,0.0,-0.0,-0.0,0.0,0.0,0.0
1644.5,0.0,-0.0,-2.79478e-07,0.0,0.0,0.0,0.0,0.0,0.0,83.16966,0.0,0.0,0.0,0.0,0.0,-2.56668e-07,0.0,0.0,0.0,-0.0,0.0,-0.0,-0.0,0.0,0.0,0.0
1645.0,0.0,-0.0,-2.79478e-07,0.0,0.0,0.0,0.0,0.0,0.0,83.16966,0.0,0.0,0.0,0.0,0.0,-2.56668e-07,0.0,0.0,0.0,0.0,0.0,-0.0,-0.0,0.0,0.0,0.0
1645.5,0.0,-0.0,-2.79478e-07,0.0,0.0,0.0,0.0,0.0,0.0,83.16966,0.0,0.0,0.0,0.0,0.0,-2.56668e-07,0.0,0.0,0.0,0.0,0.0,-0.0,-0.0,0.0,0.0,0.0
1646.0,0.0,-0.0,-2.79478e-07,0.0,0.0,0.0,0.0,0.0,0.0,83.16966,0.0,0.0,0.0,0.0,0.0,-2.56668e-07,0.0,0.0,0.0,0.0,0.0,-0.0,-0.0,0.0,0.0,0.0
1646.5,0.0,-0.0,-2.79478e-07,0.0,0.0,0.0,0.0,0.0,0.0,83.16966,0.0,0.0,0.0,0.0,0.0,-2.56668e-07,0.0,0.0,0.0,0.0,0.0,-0.0,-0.0,0.0,0.0,0.0
1647.0,0.0,-0.0,-2.79478e-07,0.0,0.0,0.0,0.0,0.0,0.0,83.16966,0.0,0.0,0.0,0.0,0.0,-2.56668e-07,0.0,0.0,0.0,0.0,0.0,-0.0,-0.0,0.0,0.0,0.0
1647.5,0.0,-0.0,-2.79478e-07,0.0,0.0,0.0,0.0,0.0,0.0,83.16966,0.0,0.0,0.0,0.0,0.0,-2.56668e-07,0.0,0.0,0.0,0.0,0.0,-0.0,-0.0,0.0,0.0,0.0
1648.0,0.0,-0.0,-2.79478e-07,0.0,0.0,0.0,0.0,0.0,0.0,83.16966,0.0,0.0,0.0,0.0,0.0,-2.56668e-07,0.0,0.0,0.0,0.0,0.0,-0.0,-0.0,0.0,0.0,0.0
1648.5,0.0,-0.0,-2.79478e-07,0.0,0.0,0.0,0.0,0.0,0.0,83.16966,0.0,0.0,0.0,0.0,0.0,-2.56668e-07,0.0,0.0,0.0,0.0,0.0,-0.0,-0.0,0.0,0.0,0.0
1649.0,0.0,-0.0,-2.79478e-07,0.0,0.0,0.0,0.0,0.0,0.0,83.16966,0.0,0.0,0.0,0.0,0.0,-2.56668e-07,0.0,0.0,0.0,0.0,0.0,-0.0,-0.0,0.0,0.0,0.0
1649.5,0.0,-0.0,-2.79478e-07,0.0,0.0,0.0,0.0,0.0,0.0,83.16966,0.0,0.0,0.0,0.0,0.0,-2.56668e-07,0.0,0.0,0.0,0.0,0.0,-0.0,-0.0,0.0,0.0,0.0
1650.0,0.0,-0.0,-2.79478e-07,0.0,0.0,0.0,0.0,0.0,0.0,83.16966,0.0,0.0,0.0,0.0,0.0,-2.56668e-07,0.0,0.0,0.0,0.0,0.0,-0.0,-0.0,0.0,0.0,0.0
1650.5,0.0,-0.0,-2.79478e-07,0.0,0.0,0.0,0.0,0.0,0.0,83.16966,0.0,0.0,0.0,0.0,0.0,-2.56668e-07,0.0,0.0,0.0,0.0,0.0,-0.0,-0.0,0.0,0.0,0.0
1651.0,0.0,-0.0,-2.79478e-07,0.0,0.0,0.0,0.0,0.0,0.0,83.16966,0.0,0.0,0.0,0.0,0.0,-2.56668e-07,0.0,0.0,0.0,0.0,0.0,-0.0,-0.0,0.0,0.0,0.0
1651.5,0.0,-0.0,-2.79478e-07,0.0,0.0,0.0,0.0,0.0,0.0,83.16966,0.0,0.0,0.0,0.0,0.0,-2.56668e-07,0.0,0.0,0.0,0.0,0.0,-0.0,-0.0,0.0,0.0,0.0
1652.0,0.0,-0.0,-2.79478e-07,0.0,0.0,0.0,0.0,0.0,0.0,83.16966,0.0,0.0,0.0,0.0,0.0,-2.56668e-07,0.0,0.0,0.0,0.0,0.0,-0.0,-0.0,0.0,0.0,0.0
1652.5,0.0,-0.0,-2.79478e-07,0.0,0.0,0.0,0.0,0.0,0.0,83.16966,0.0,0.0,0.0,0.0,0.0,-2.56668e-07,0.0,0.0,0.0,0.0,0.0,-0.0,-0.0,0.0,0.0,0.0
1653.0,0.0,-0.0,-2.79478e-07,0.0,0.0,0.0,0.0,0.0,0.0,83.16966,0.0,0.0,0.0,0.0,0.0,-2.56668e-07,0.0,0.0,0.0,0.0,0.0,-0.0,-0.0,0.0,0.0,0.0
1653.5,0.0,-0.0,-2.79478e-07,0.0,0.0,0.0,0.0,0.0,0.0,83.16966,0.0,0.0,0.0,0.0,0.0,-2.56668e-07,0.0,0.0,0.0,0.0,0.0,-0.0,-0.0,0.0,0.0,0.0
1654.0,0.0,-0.0,-2.79478e-07,0.0,0.0,0.0,0.0,0.0,0.0,83.16966,0.0,0.0,0.0,0.0,0.0,-2.56668e-07,0.0,0.0,0.0,0.0,0.0,-0.0,-0.0,0.0,0.0,0.0
1654.5,0.0,-0.0,-2.79478e-07,0.0,0.0,0.0,0.0,0.0,0.0,83.16966,0.0,0.0,0.0,0.0,0.0,-2.56668e-07,0.0,0.0,0.0,0.0,0.0,-0.0,-0.0,0.0,0.0,0.0
1655.0,0.0,-0.0,-2.79478e-07,0.0,0.0,0.0,0.0,0.0,0.0,83.16966,0.0,0.0,0.0,0.0,0.0,-2.56668e-07,0.0,0.0,0.0,0.0,0.0,-0.0,-0.0,0.0,0.0,0.0
1655.5,0.0,-0.0,-2.79478e-07,0.0,0.0,0.0,0.0,0.0,0.0,83.16966,0.0,0.0,0.0,0.0,0.0,-2.56668e-07,0.0,0.0,0.0,-0.0,0.0,-0.0,-0.0,0.0,0.0,0.0
1656.0,0.0,-0.0,-2.79478e-07,0.0,0.0,0.0,0.0,0.0,0.0,83.16966,0.0,0.0,0.0,0.0,0.0,-2.56668e-07,0.0,0.0,0.0,0.0,0.0,-0.0,-0.0,0.0,0.0,0.0
1656.5,0.0,-0.0,-2.79478e-07,0.0,0.0,0.0,0.0,0.0,0.0,83.16966,0.0,0.0,0.0,0.0,0.0,-2.56668e-07,0.0,0.0,0.0,0.0,0.0,-0.0,-0.0,0.0,0.0,0.0
1657.0,0.0,-0.0,-2.79478e-07,0.0,0.0,0.0,0.0,0.0,0.0,83.16966,0.0,0.0,0.0,0.0,0.0,-2.56668e-07,0.0,0.0,0.0,0.0,0.0,-0.0,-0.0,0.0,0.0,0.0
1657.5,0.0,-0.0,-2.79478e-07,0.0,0.0,0.0,0.0,0.0,0.0,83.16966,0.0,0.0,0.0,0.0,0.0,-2.56668e-07,0.0,0.0,0.0,0.0,0.0,-0.0,-0.0,0.0,0.0,0.0
1658.0,0.0,-0.0,-2.79478e-07,0.0,0.0,0.0,0.0,0.0,0.0,83.16966,0.0,0.0,0.0,0.0,0.0,-2.56668e-07,0.0,0.0,0.0,-0.0,0.0,-0.0,-0.0,0.0,0.0,0.0
1658.5,0.0,-0.0,-2.79478e-07,0.0,0.0,0.0,0.0,0.0,0.0,83.16966,0.0,0.0,0.0,0.0,0.0,-2.56668e-07,0.0,0.0,0.0,0.0,0.0,-0.0,-0.0,0.0,0.0,0.0
1659.0,0.0,-0.0,-2.79478e-07,0.0,0.0,0.0,0.0,0.0,0.0,83.16966,0.0,0.0,0.0,0.0,0.0,-2.56668e-07,0.0,0.0,0.0,0.0,0.0,-0.0,-0.0,0.0,0.0,0.0
1659.5,0.0,-0.0,-2.79478e-07,0.0,0.0,0.0,0.0,0.0,0.0,83.16966,0.0,0.0,0.0,0.0,0.0,-2.56668e-07,0.0,0.0,0.0,0.0,0.0,-0.0,-0.0,0.0,0.0,0.0
1660.0,0.0,-0.0,-2.79478e-07,0.0,0.0,0.0,0.0,0.0,0.0,83.16966,0.0,0.0,0.0,0.0,0.0,-2.56668e-07,0.0,0.0,0.0,0.0,0.0,-0.0,-0.0,0.0,0.0,0.0
1660.5,0.0,-0.0,-2.79478e-07,0.0,0.0,0.0,0.0,0.0,0.0,83.16966,0.0,0.0,0.0,0.0,0.0,-2.56668e-07,0.0,0.0,0.0,0.0,0.0,-0.0,-0.0,0.0,0.0,0.0
1661.0,0.0,-0.0,-2.79478e-07,0.0,0.0,0.0,0.0,0.0,0.0,83.16966,0.0,0.0,0.0,0.0,0.0,-2.56668e-07,0.0,0.0,0.0,0.0,0.0,-0.0,-0.0,0.0,0.0,0.0
1661.5,0.0,-0.0,-2.79478e-07,0.0,0.0,0.0,0.0,0.0,0.0,83.16966,0.0,0.0,0.0,0.0,0.0,-2.56668e-07,0.0,0.0,0.0,0.0,0.0,-0.0,-0.0,0.0,0.0,0.0
1662.0,0.0,-0.0,-2.79478e-07,0.0,0.0,0.0,0.0,0.0,0.0,83.16966,0.0,0.0,0.0,0.0,0.0,-2.56668e-07,0.0,0.0,0.0,0.0,0.0,-0.0,-0.0,0.0,0.0,0.0
1662.5,0.0,-0.0,-2.79478e-07,0.0,0.0,0.0,0.0,0.0,0.0,83.16966,0.0,0.0,0.0,0.0,0.0,-2.56668e-07,0.0,0.0,0.0,0.0,0.0,-0.0,-0.0,0.0,0.0,0.0
1663.0,0.0,-0.0,-2.79478e-07,0.0,0.0,0.0,0.0,0.0,0.0,83.16966,0.0,0.0,0.0,0.0,0.0,-2.56668e-07,0.0,0.0,0.0,0.0,0.0,-0.0,-0.0,0.0,0.0,0.0
1663.5,0.0,-0.0,-2.79478e-07,0.0,0.0,0.0,0.0,0.0,0.0,83.16966,0.0,0.0,0.0,0.0,0.0,-2.56668e-07,0.0,0.0,0.0,0.0,0.0,-0.0,-0.0,0.0,0.0,0.0
1664.0,0.0,-0.0,-2.79478e-07,0.0,0.0,0.0,0.0,0.0,0.0,83.16966,0.0,0.0,0.0,0.0,0.0,-2.56668e-07,0.0,0.0,0.0,0.0,0.0,-0.0,-0.0,0.0,0.0,0.0
1664.5,0.0,-0.0,-2.79478e-07,0.0,0.0,0.0,0.0,0.0,0.0,83.16966,0.0,0.0,0.0,0.0,0.0,-2.56668e-07,0.0,0.0,0.0,0.0,0.0,-0.0,-0.0,0.0,0.0,0.0
1665.0,0.0,-0.0,-2.79478e-07,0.0,0.0,0.0,0.0,0.0,0.0,83.16966,0.0,0.0,0.0,0.0,0.0,-2.56668e-07,0.0,0.0,0.0,0.0,0.0,-0.0,-0.0,0.0,0.0,0.0
1665.5,0.0,-0.0,-2.79478e-07,0.0,0.0,0.0,0.0,0.0,0.0,83.16966,0.0,0.0,0.0,0.0,0.0,-2.56668e-07,0.0,0.0,0.0,0.0,0.0,-0.0,-0.0,0.0,0.0,0.0
1666.0,0.0,-0.0,-2.79478e-07,0.0,0.0,0.0,0.0,0.0,0.0,83.16966,0.0,0.0,0.0,0.0,0.0,-2.56668e-07,0.0,0.0,0.0,0.0,0.0,-0.0,-0.0,0.0,0.0,0.0
1666.5,0.0,-0.0,-2.79478e-07,0.0,0.0,0.0,0.0,0.0,0.0,83.16966,0.0,0.0,0.0,0.0,0.0,-2.56668e-07,0.0,0.0,0.0,0.0,0.0,-0.0,-0.0,0.0,0.0,0.0
1667.0,0.0,-0.0,-2.79478e-07,0.0,0.0,0.0,0.0,0.0,0.0,83.16966,0.0,0.0,0.0,0.0,0.0,-2.56668e-07,0.0,0.0,0.0,0.0,0.0,-0.0,-0.0,0.0,0.0,0.0
1667.5,0.0,-0.0,-2.79478e-07,0.0,0.0,0.0,0.0,0.0,0.0,83.16966,0.0,0.0,0.0,0.0,0.0,-2.56668e-07,0.0,0.0,0.0,0.0,0.0,-0.0,-0.0,0.0,0.0,0.0
1668.0,0.0,-0.0,-2.79478e-07,0.0,0.0,0.0,0.0,0.0,0.0,83.16966,0.0,0.0,0.0,0.0,0.0,-2.56668e-07,0.0,0.0,0.0,0.0,0.0,-0.0,-0.0,0.0,0.0,0.0
1668.5,0.0,-0.0,-2.79478e-07,0.0,0.0,0.0,0.0,0.0,0.0,83.16966,0.0,0.0,0.0,0.0,0.0,-2.56668e-07,0.0,0.0,0.0,0.0,0.0,-0.0,-0.0,0.0,0.0,0.0
1669.0,0.0,-0.0,-2.79478e-07,0.0,0.0,0.0,0.0,0.0,0.0,83.16966,0.0,0.0,0.0,0.0,0.0,-2.56668e-07,0.0,0.0,0.0,-0.0,0.0,-0.0,-0.0,0.0,0.0,0.0
1669.5,0.0,-0.0,-2.79478e-07,0.0,0.0,0.0,0.0,0.0,0.0,83.16966,0.0,0.0,0.0,0.0,0.0,-2.56668e-07,0.0,0.0,0.0,0.0,0.0,-0.0,-0.0,0.0,0.0,0.0
1670.0,0.0,-0.0,-2.79478e-07,0.0,0.0,0.0,0.0,0.0,0.0,83.16966,0.0,0.0,0.0,0.0,0.0,-2.56668e-07,0.0,0.0,0.0,0.0,0.0,-0.0,-0.0,0.0,0.0,0.0
1670.5,0.0,-0.0,-2.79478e-07,0.0,0.0,0.0,0.0,0.0,0.0,83.16966,0.0,0.0,0.0,0.0,0.0,-2.56668e-07,0.0,0.0,0.0,0.0,0.0,-0.0,-0.0,0.0,0.0,0.0
1671.0,0.0,-0.0,-2.79478e-07,0.0,0.0,0.0,0.0,0.0,0.0,83.16966,0.0,0.0,0.0,0.0,0.0,-2.56668e-07,0.0,0.0,0.0,0.0,0.0,-0.0,-0.0,0.0,0.0,0.0
1671.5,0.0,-0.0,-2.79478e-07,0.0,0.0,0.0,0.0,0.0,0.0,83.16966,0.0,0.0,0.0,0.0,0.0,-2.56668e-07,0.0,0.0,0.0,-0.0,0.0,-0.0,-0.0,0.0,0.0,0.0
1672.0,0.0,-0.0,-2.79478e-07,0.0,0.0,0.0,0.0,0.0,0.0,83.16966,0.0,0.0,0.0,0.0,0.0,-2.56668e-07,0.0,0.0,0.0,0.0,0.0,-0.0,-0.0,0.0,0.0,0.0
1672.5,0.0,-0.0,-2.79478e-07,0.0,0.0,0.0,0.0,0.0,0.0,83.16966,0.0,0.0,0.0,0.0,0.0,-2.56668e-07,0.0,0.0,0.0,0.0,0.0,-0.0,-0.0,0.0,0.0,0.0
1673.0,0.0,-0.0,-2.79478e-07,0.0,0.0,0.0,0.0,0.0,0.0,83.16966,0.0,0.0,0.0,0.0,0.0,-2.56668e-07,0.0,0.0,0.0,0.0,0.0,-0.0,-0.0,0.0,0.0,0.0
1673.5,0.0,-0.0,-2.79478e-07,0.0,0.0,0.0,0.0,0.0,0.0,83.16966,0.0,0.0,0.0,0.0,0.0,-2.56668e-07,0.0,0.0,0.0,0.0,0.0,-0.0,-0.0,0.0,0.0,0.0
1674.0,0.0,-0.0,-2.79478e-07,0.0,0.0,0.0,0.0,0.0,0.0,83.16966,0.0,0.0,0.0,0.0,0.0,-2.56668e-07,0.0,0.0,0.0,0.0,0.0,-0.0,-0.0,0.0,0.0,0.0
1674.5,0.0,-0.0,-2.79478e-07,0.0,0.0,0.0,0.0,0.0,0.0,83.16966,0.0,0.0,0.0,0.0,0.0,-2.56668e-07,0.0,0.0,0.0,-0.0,0.0,-0.0,-0.0,0.0,0.0,0.0
1675.0,0.0,-0.0,-2.79478e-07,0.0,0.0,0.0,0.0,0.0,0.0,83.16966,0.0,0.0,0.0,0.0,0.0,-2.56668e-07,0.0,0.0,0.0,0.0,0.0,-0.0,-0.0,0.0,0.0,0.0
1675.5,0.0,-0.0,-2.79478e-07,0.0,0.0,0.0,0.0,0.0,0.0,83.16966,0.0,0.0,0.0,0.0,0.0,-2.56668e-07,0.0,0.0,0.0,0.0,0.0,-0.0,-0.0,0.0,0.0,0.0
1676.0,0.0,-0.0,-2.79478e-07,0.0,0.0,0.0,0.0,0.0,0.0,83.16966,0.0,0.0,0.0,0.0,0.0,-2.56668e-07,0.0,0.0,0.0,0.0,0.0,-0.0,-0.0,0.0,0.0,0.0
1676.5,0.0,-0.0,-2.79478e-07,0.0,0.0,0.0,0.0,0.0,0.0,83.16966,0.0,0.0,0.0,0.0,0.0,-2.56668e-07,0.0,0.0,0.0,0.0,0.0,-0.0,-0.0,0.0,0.0,0.0
1677.0,0.0,-0.0,-2.79478e-07,0.0,0.0,0.0,0.0,0.0,0.0,83.16966,0.0,0.0,0.0,0.0,0.0,-2.56668e-07,0.0,0.0,0.0,0.0,0.0,-0.0,-0.0,0.0,0.0,0.0
1677.5,0.0,-0.0,-2.79478e-07,0.0,0.0,0.0,0.0,0.0,0.0,83.16966,0.0,0.0,0.0,0.0,0.0,-2.56668e-07,0.0,0.0,0.0,0.0,0.0,-0.0,-0.0,0.0,0.0,0.0
1678.0,0.0,-0.0,-2.79478e-07,0.0,0.0,0.0,0.0,0.0,0.0,83.16966,0.0,0.0,0.0,0.0,0.0,-2.56668e-07,0.0,0.0,0.0,0.0,0.0,-0.0,-0.0,0.0,0.0,0.0
1678.5,0.0,-0.0,-2.79478e-07,0.0,0.0,0.0,0.0,0.0,0.0,83.16966,0.0,0.0,0.0,0.0,0.0,-2.56668e-07,0.0,0.0,0.0,0.0,0.0,-0.0,-0.0,0.0,0.0,0.0
1679.0,0.0,-0.0,-2.79478e-07,0.0,0.0,0.0,0.0,0.0,0.0,83.16966,0.0,0.0,0.0,0.0,0.0,-2.56668e-07,0.0,0.0,0.0,0.0,0.0,-0.0,-0.0,0.0,0.0,0.0
1679.5,0.0,-0.0,-2.79478e-07,0.0,0.0,0.0,0.0,0.0,0.0,83.16966,0.0,0.0,0.0,0.0,0.0,-2.56668e-07,0.0,0.0,0.0,0.0,0.0,-0.0,-0.0,0.0,0.0,0.0
1680.0,0.0,-0.0,-2.79478e-07,0.0,0.0,0.0,0.0,0.0,0.0,83.16966,0.0,0.0,0.0,0.0,0.0,-2.56668e-07,0.0,0.0,0.0,0.0,0.0,-0.0,-0.0,0.0,0.0,0.0
1680.5,0.0,-0.0,-2.79478e-07,0.0,0.0,0.0,0.0,0.0,0.0,83.16966,0.0,0.0,0.0,0.0,0.0,-2.56668e-07,0.0,0.0,0.0,0.0,0.0,-0.0,-0.0,0.0,0.0,0.0
1681.0,0.0,-0.0,-2.79478e-07,0.0,0.0,0.0,0.0,0.0,0.0,83.16966,0.0,0.0,0.0,0.0,0.0,-2.56668e-07,0.0,0.0,0.0,0.0,0.0,-0.0,-0.0,0.0,0.0,0.0
1681.5,0.0,-0.0,-2.79478e-07,0.0,0.0,0.0,0.0,0.0,0.0,83.16966,0.0,0.0,0.0,0.0,0.0,-2.56668e-07,0.0,0.0,0.0,0.0,0.0,-0.0,-0.0,0.0,0.0,0.0
1682.0,0.0,-0.0,-2.79478e-07,0.0,0.0,0.0,0.0,0.0,0.0,83.16966,0.0,0.0,0.0,0.0,0.0,-2.56668e-07,0.0,0.0,0.0,0.0,0.0,-0.0,-0.0,0.0,0.0,0.0
1682.5,0.0,-0.0,-2.79478e-07,0.0,0.0,0.0,0.0,0.0,0.0,83.16966,0.0,0.0,0.0,0.0,0.0,-2.56668e-07,0.0,0.0,0.0,-0.0,0.0,-0.0,-0.0,0.0,0.0,0.0
1683.0,0.0,-0.0,-2.79478e-07,0.0,0.0,0.0,0.0,0.0,0.0,83.16966,0.0,0.0,0.0,0.0,0.0,-2.56668e-07,0.0,0.0,0.0,0.0,0.0,-0.0,-0.0,0.0,0.0,0.0
1683.5,0.0,-0.0,-2.79478e-07,0.0,0.0,0.0,0.0,0.0,0.0,83.16966,0.0,0.0,0.0,0.0,0.0,-2.56668e-07,0.0,0.0,0.0,0.0,0.0,-0.0,-0.0,0.0,0.0,0.0
1684.0,0.0,-0.0,-2.79478e-07,0.0,0.0,0.0,0.0,0.0,0.0,83.16966,0.0,0.0,0.0,0.0,0.0,-2.56668e-07,0.0,0.0,0.0,0.0,0.0,-0.0,-0.0,0.0,0.0,0.0
1684.5,0.0,-0.0,-2.79478e-07,0.0,0.0,0.0,0.0,0.0,0.0,83.16966,0.0,0.0,0.0,0.0,0.0,-2.56668e-07,0.0,0.0,0.0,0.0,0.0,-0.0,-0.0,0.0,0.0,0.0
1685.0,0.0,-0.0,-2.79478e-07,0.0,0.0,0.0,0.0,0.0,0.0,83.16966,0.0,0.0,0.0,0.0,0.0,-2.56668e-07,0.0,0.0,0.0,0.0,0.0,-0.0,-0.0,0.0,0.0,0.0
1685.5,0.0,-0.0,-2.79478e-07,0.0,0.0,0.0,0.0,0.0,0.0,83.16966,0.0,0.0,0.0,0.0,0.0,-2.56668e-07,0.0,0.0,0.0,-0.0,0.0,-0.0,-0.0,0.0,0.0,0.0
1686.0,0.0,-0.0,-2.79478e-07,0.0,0.0,0.0,0.0,0.0,0.0,83.16966,0.0,0.0,0.0,0.0,0.0,-2.56668e-07,0.0,0.0,0.0,0.0,0.0,-0.0,-0.0,0.0,0.0,0.0
1686.5,0.0,-0.0,-2.79478e-07,0.0,0.0,0.0,0.0,0.0,0.0,83.16966,0.0,0.0,0.0,0.0,0.0,-2.56668e-07,0.0,0.0,0.0,0.0,0.0,-0.0,-0.0,0.0,0.0,0.0
1687.0,0.0,-0.0,-2.79478e-07,0.0,0.0,0.0,0.0,0.0,0.0,83.16966,0.0,0.0,0.0,0.0,0.0,-2.56668e-07,0.0,0.0,0.0,0.0,0.0,-0.0,-0.0,0.0,0.0,0.0
1687.5,0.0,-0.0,-2.79478e-07,0.0,0.0,0.0,0.0,0.0,0.0,83.16966,0.0,0.0,0.0,0.0,0.0,-2.56668e-07,0.0,0.0,0.0,0.0,0.0,-0.0,-0.0,0.0,0.0,0.0
1688.0,0.0,-0.0,-2.79478e-07,0.0,0.0,0.0,0.0,0.0,0.0,83.16966,0.0,0.0,0.0,0.0,0.0,-2.56668e-07,0.0,0.0,0.0,-0.0,0.0,-0.0,-0.0,0.0,0.0,0.0
1688.5,0.0,-0.0,-2.79478e-07,0.0,0.0,0.0,0.0,0.0,0.0,83.16966,0.0,0.0,0.0,0.0,0.0,-2.56668e-07,0.0,0.0,0.0,0.0,0.0,-0.0,-0.0,0.0,0.0,0.0
1689.0,0.0,-0.0,-2.79478e-07,0.0,0.0,0.0,0.0,0.0,0.0,83.16966,0.0,0.0,0.0,0.0,0.0,-2.56668e-07,0.0,0.0,0.0,0.0,0.0,-0.0,-0.0,0.0,0.0,0.0
1689.5,0.0,-0.0,-2.79478e-07,0.0,0.0,0.0,0.0,0.0,0.0,83.16966,0.0,0.0,0.0,0.0,0.0,-2.56668e-07,0.0,0.0,0.0,0.0,0.0,-0.0,-0.0,0.0,0.0,0.0
1690.0,0.0,-0.0,-2.79478e-07,0.0,0.0,0.0,0.0,0.0,0.0,83.16966,0.0,0.0,0.0,0.0,0.0,-2.56668e-07,0.0,0.0,0.0,0.0,0.0,-0.0,-0.0,0.0,0.0,0.0
1690.5,0.0,-0.0,-2.79478e-07,0.0,0.0,0.0,0.0,0.0,0.0,83.16966,0.0,0.0,0.0,0.0,0.0,-2.56668e-07,0.0,0.0,0.0,0.0,0.0,-0.0,-0.0,0.0,0.0,0.0
1691.0,0.0,-0.0,-2.79478e-07,0.0,0.0,0.0,0.0,0.0,0.0,83.16966,0.0,0.0,0.0,0.0,0.0,-2.56668e-07,0.0,0.0,0.0,0.0,0.0,-0.0,-0.0,0.0,0.0,0.0
1691.5,0.0,-0.0,-2.79478e-07,0.0,0.0,0.0,0.0,0.0,0.0,83.16966,0.0,0.0,0.0,0.0,0.0,-2.56668e-07,0.0,0.0,0.0,0.0,0.0,-0.0,-0.0,0.0,0.0,0.0
1692.0,0.0,-0.0,-2.79478e-07,0.0,0.0,0.0,0.0,0.0,0.0,83.16966,0.0,0.0,0.0,0.0,0.0,-2.56668e-07,0.0,0.0,0.0,0.0,0.0,-0.0,-0.0,0.0,0.0,0.0
1692.5,0.0,-0.0,-2.79478e-07,0.0,0.0,0.0,0.0,0.0,0.0,83.16966,0.0,0.0,0.0,0.0,0.0,-2.56668e-07,0.0,0.0,0.0,0.0,0.0,-0.0,-0.0,0.0,0.0,0.0
1693.0,0.0,-0.0,-2.79478e-07,0.0,0.0,0.0,0.0,0.0,0.0,83.16966,0.0,0.0,0.0,0.0,0.0,-2.56668e-07,0.0,0.0,0.0,0.0,0.0,-0.0,-0.0,0.0,0.0,0.0
1693.5,0.0,-0.0,-2.79478e-07,0.0,0.0,0.0,0.0,0.0,0.0,83.16966,0.0,0.0,0.0,0.0,0.0,-2.56668e-07,0.0,0.0,0.0,0.0,0.0,-0.0,-0.0,0.0,0.0,0.0
1694.0,0.0,-0.0,-2.79478e-07,0.0,0.0,0.0,0.0,0.0,0.0,83.16966,0.0,0.0,0.0,0.0,0.0,-2.56668e-07,0.0,0.0,0.0,0.0,0.0,-0.0,-0.0,0.0,0.0,0.0
1694.5,0.0,-0.0,-2.79478e-07,0.0,0.0,0.0,0.0,0.0,0.0,83.16966,0.0,0.0,0.0,0.0,0.0,-2.56668e-07,0.0,0.0,0.0,0.0,0.0,-0.0,-0.0,0.0,0.0,0.0
1695.0,0.0,-0.0,-2.79478e-07,0.0,0.0,0.0,0.0,0.0,0.0,83.16966,0.0,0.0,0.0,0.0,0.0,-2.56668e-07,0.0,0.0,0.0,0.0,0.0,-0.0,-0.0,0.0,0.0,0.0
1695.5,0.0,-0.0,-2.79478e-07,0.0,0.0,0.0,0.0,0.0,0.0,83.16966,0.0,0.0,0.0,0.0,0.0,-2.56668e-07,0.0,0.0,0.0,0.0,0.0,-0.0,-0.0,0.0,0.0,0.0
1696.0,0.0,-0.0,-2.79478e-07,0.0,0.0,0.0,0.0,0.0,0.0,83.16966,0.0,0.0,0.0,0.0,0.0,-2.56668e-07,0.0,0.0,0.0,0.0,0.0,-0.0,-0.0,0.0,0.0,0.0
1696.5,0.0,-0.0,-2.79478e-07,0.0,0.0,0.0,0.0,0.0,0.0,83.16966,0.0,0.0,0.0,0.0,0.0,-2.56668e-07,0.0,0.0,0.0,0.0,0.0,-0.0,-0.0,0.0,0.0,0.0
1697.0,0.0,-0.0,-2.79478e-07,0.0,0.0,0.0,0.0,0.0,0.0,83.16966,0.0,0.0,0.0,0.0,0.0,-2.56668e-07,0.0,0.0,0.0,0.0,0.0,-0.0,-0.0,0.0,0.0,0.0
1697.5,0.0,-0.0,-2.79478e-07,0.0,0.0,0.0,0.0,0.0,0.0,83.16966,0.0,0.0,0.0,0.0,0.0,-2.56668e-07,0.0,0.0,0.0,0.0,0.0,-0.0,-0.0,0.0,0.0,0.0
1698.0,0.0,-0.0,-2.79478e-07,0.0,0.0,0.0,0.0,0.0,0.0,83.16966,0.0,0.0,0.0,0.0,0.0,-2.56668e-07,0.0,0.0,0.0,0.0,0.0,-0.0,-0.0,0.0,0.0,0.0
1698.5,0.0,-0.0,-2.79478e-07,0.0,0.0,0.0,0.0,0.0,0.0,83.16966,0.0,0.0,0.0,0.0,0.0,-2.56668e-07,0.0,0.0,0.0,0.0,0.0,-0.0,-0.0,0.0,0.0,0.0
1699.0,0.0,-0.0,-2.79478e-07,0.0,0.0,0.0,0.0,0.0,0.0,83.16966,0.0,0.0,0.0,0.0,0.0,-2.56668e-07,0.0,0.0,0.0,-0.0,0.0,-0.0,-0.0,0.0,0.0,0.0
1699.5,0.0,-0.0,-2.79478e-07,0.0,0.0,0.0,0.0,0.0,0.0,83.16966,0.0,0.0,0.0,0.0,0.0,-2.56668e-07,0.0,0.0,0.0,0.0,0.0,-0.0,-0.0,0.0,0.0,0.0
1700.0,0.0,-0.0,-2.79478e-07,0.0,0.0,0.0,0.0,0.0,0.0,83.16966,0.0,0.0,0.0,0.0,0.0,-2.56668e-07,0.0,0.0,0.0,0.0,0.0,-0.0,-0.0,0.0,0.0,0.0
1700.5,0.0,-0.0,-2.79478e-07,0.0,0.0,0.0,0.0,0.0,0.0,83.16966,0.0,0.0,0.0,0.0,0.0,-2.56668e-07,0.0,0.0,0.0,0.0,0.0,-0.0,-0.0,0.0,0.0,0.0
1701.0,0.0,-0.0,-2.79478e-07,0.0,0.0,0.0,0.0,0.0,0.0,83.16966,0.0,0.0,0.0,0.0,0.0,-2.56668e-07,0.0,0.0,0.0,0.0,0.0,-0.0,-0.0,0.0,0.0,0.0
1701.5,0.0,-0.0,-2.79478e-07,0.0,0.0,0.0,0.0,0.0,0.0,83.16966,0.0,0.0,0.0,0.0,0.0,-2.56668e-07,0.0,0.0,0.0,-0.0,0.0,-0.0,-0.0,0.0,0.0,0.0
1702.0,0.0,-0.0,-2.79478e-07,0.0,0.0,0.0,0.0,0.0,0.0,83.16966,0.0,0.0,0.0,0.0,0.0,-2.56668e-07,0.0,0.0,0.0,0.0,0.0,-0.0,-0.0,0.0,0.0,0.0
1702.5,0.0,-0.0,-2.79478e-07,0.0,0.0,0.0,0.0,0.0,0.0,83.16966,0.0,0.0,0.0,0.0,0.0,-2.56668e-07,0.0,0.0,0.0,0.0,0.0,-0.0,-0.0,0.0,0.0,0.0
1703.0,0.0,-0.0,-2.79478e-07,0.0,0.0,0.0,0.0,0.0,0.0,83.16966,0.0,0.0,0.0,0.0,0.0,-2.56668e-07,0.0,0.0,0.0,0.0,0.0,-0.0,-0.0,0.0,0.0,0.0
1703.5,0.0,-0.0,-2.79478e-07,0.0,0.0,0.0,0.0,0.0,0.0,83.16966,0.0,0.0,0.0,0.0,0.0,-2.56668e-07,0.0,0.0,0.0,0.0,0.0,-0.0,-0.0,0.0,0.0,0.0
1704.0,0.0,-0.0,-2.79478e-07,0.0,0.0,0.0,0.0,0.0,0.0,83.16966,0.0,0.0,0.0,0.0,0.0,-2.56668e-07,0.0,0.0,0.0,0.0,0.0,-0.0,-0.0,0.0,0.0,0.0
1704.5,0.0,-0.0,-2.79478e-07,0.0,0.0,0.0,0.0,0.0,0.0,83.16966,0.0,0.0,0.0,0.0,0.0,-2.56668e-07,0.0,0.0,0.0,0.0,0.0,-0.0,-0.0,0.0,0.0,0.0
1705.0,0.0,-0.0,-2.79478e-07,0.0,0.0,0.0,0.0,0.0,0.0,83.16966,0.0,0.0,0.0,0.0,0.0,-2.56668e-07,0.0,0.0,0.0,0.0,0.0,-0.0,-0.0,0.0,0.0,0.0
1705.5,0.0,-0.0,-2.79478e-07,0.0,0.0,0.0,0.0,0.0,0.0,83.16966,0.0,0.0,0.0,0.0,0.0,-2.56668e-07,0.0,0.0,0.0,0.0,0.0,-0.0,-0.0,0.0,0.0,0.0
1706.0,0.0,-0.0,-2.79478e-07,0.0,0.0,0.0,0.0,0.0,0.0,83.16966,0.0,0.0,0.0,0.0,0.0,-2.56668e-07,0.0,0.0,0.0,0.0,0.0,-0.0,-0.0,0.0,0.0,0.0
1706.5,0.0,-0.0,-2.79478e-07,0.0,0.0,0.0,0.0,0.0,0.0,83.16966,0.0,0.0,0.0,0.0,0.0,-2.56668e-07,0.0,0.0,0.0,0.0,0.0,-0.0,-0.0,0.0,0.0,0.0
1707.0,0.0,-0.0,-2.79478e-07,0.0,0.0,0.0,0.0,0.0,0.0,83.16966,0.0,0.0,0.0,0.0,0.0,-2.56668e-07,0.0,0.0,0.0,0.0,0.0,-0.0,-0.0,0.0,0.0,0.0
1707.5,0.0,-0.0,-2.79478e-07,0.0,0.0,0.0,0.0,0.0,0.0,83.16966,0.0,0.0,0.0,0.0,0.0,-2.56668e-07,0.0,0.0,0.0,0.0,0.0,-0.0,-0.0,0.0,0.0,0.0
1708.0,0.0,-0.0,-2.79478e-07,0.0,0.0,0.0,0.0,0.0,0.0,83.16966,0.0,0.0,0.0,0.0,0.0,-2.56668e-07,0.0,0.0,0.0,0.0,0.0,-0.0,-0.0,0.0,0.0,0.0
1708.5,0.0,-0.0,-2.79478e-07,0.0,0.0,0.0,0.0,0.0,0.0,83.16966,0.0,0.0,0.0,0.0,0.0,-2.56668e-07,0.0,0.0,0.0,0.0,0.0,-0.0,-0.0,0.0,0.0,0.0
1709.0,0.0,-0.0,-2.79478e-07,0.0,0.0,0.0,0.0,0.0,0.0,83.16966,0.0,0.0,0.0,0.0,0.0,-2.56668e-07,0.0,0.0,0.0,0.0,0.0,-0.0,-0.0,0.0,0.0,0.0
1709.5,0.0,-0.0,-2.79478e-07,0.0,0.0,0.0,0.0,0.0,0.0,83.16966,0.0,0.0,0.0,0.0,0.0,-2.56668e-07,0.0,0.0,0.0,0.0,0.0,-0.0,-0.0,0.0,0.0,0.0
1710.0,0.0,-0.0,-2.79478e-07,0.0,0.0,0.0,0.0,0.0,0.0,83.16966,0.0,0.0,0.0,0.0,0.0,-2.56668e-07,0.0,0.0,0.0,0.0,0.0,-0.0,-0.0,0.0,0.0,0.0
1710.5,0.0,-0.0,-2.79478e-07,0.0,0.0,0.0,0.0,0.0,0.0,83.16966,0.0,0.0,0.0,0.0,0.0,-2.56668e-07,0.0,0.0,0.0,0.0,0.0,-0.0,-0.0,0.0,0.0,0.0
1711.0,0.0,-0.0,-2.79478e-07,0.0,0.0,0.0,0.0,0.0,0.0,83.16966,0.0,0.0,0.0,0.0,0.0,-2.56668e-07,0.0,0.0,0.0,0.0,0.0,-0.0,-0.0,0.0,0.0,0.0
1711.5,0.0,-0.0,-2.79478e-07,0.0,0.0,0.0,0.0,0.0,0.0,83.16966,0.0,0.0,0.0,0.0,0.0,-2.56668e-07,0.0,0.0,0.0,0.0,0.0,-0.0,-0.0,0.0,0.0,0.0
1712.0,0.0,-0.0,-2.79478e-07,0.0,0.0,0.0,0.0,0.0,0.0,83.16966,0.0,0.0,0.0,0.0,0.0,-2.56668e-07,0.0,0.0,0.0,0.0,0.0,-0.0,-0.0,0.0,0.0,0.0
1712.5,0.0,-0.0,-2.79478e-07,0.0,0.0,0.0,0.0,0.0,0.0,83.16966,0.0,0.0,0.0,0.0,0.0,-2.56668e-07,0.0,0.0,0.0,-0.0,0.0,-0.0,-0.0,0.0,0.0,0.0
1713.0,0.0,-0.0,-2.79478e-07,0.0,0.0,0.0,0.0,0.0,0.0,83.16966,0.0,0.0,0.0,0.0,0.0,-2.56668e-07,0.0,0.0,0.0,0.0,0.0,-0.0,-0.0,0.0,0.0,0.0
1713.5,0.0,-0.0,-2.79478e-07,0.0,0.0,0.0,0.0,0.0,0.0,83.16966,0.0,0.0,0.0,0.0,0.0,-2.56668e-07,0.0,0.0,0.0,0.0,0.0,-0.0,-0.0,0.0,0.0,0.0
1714.0,0.0,-0.0,-2.79478e-07,0.0,0.0,0.0,0.0,0.0,0.0,83.16966,0.0,0.0,0.0,0.0,0.0,-2.56668e-07,0.0,0.0,0.0,0.0,0.0,-0.0,-0.0,0.0,0.0,0.0
1714.5,0.0,-0.0,-2.79478e-07,0.0,0.0,0.0,0.0,0.0,0.0,83.16966,0.0,0.0,0.0,0.0,0.0,-2.56668e-07,0.0,0.0,0.0,0.0,0.0,-0.0,-0.0,0.0,0.0,0.0
1715.0,0.0,-0.0,-2.79478e-07,0.0,0.0,0.0,0.0,0.0,0.0,83.16966,0.0,0.0,0.0,0.0,0.0,-2.56668e-07,0.0,0.0,0.0,-0.0,0.0,-0.0,-0.0,0.0,0.0,0.0
1715.5,0.0,-0.0,-2.79478e-07,0.0,0.0,0.0,0.0,0.0,0.0,83.16966,0.0,0.0,0.0,0.0,0.0,-2.56668e-07,0.0,0.0,0.0,0.0,0.0,-0.0,-0.0,0.0,0.0,0.0
1716.0,0.0,-0.0,-2.79478e-07,0.0,0.0,0.0,0.0,0.0,0.0,83.16966,0.0,0.0,0.0,0.0,0.0,-2.56668e-07,0.0,0.0,0.0,0.0,0.0,-0.0,-0.0,0.0,0.0,0.0
1716.5,0.0,-0.0,-2.79478e-07,0.0,0.0,0.0,0.0,0.0,0.0,83.16966,0.0,0.0,0.0,0.0,0.0,-2.56668e-07,0.0,0.0,0.0,0.0,0.0,-0.0,-0.0,0.0,0.0,0.0
1717.0,0.0,-0.0,-2.79478e-07,0.0,0.0,0.0,0.0,0.0,0.0,83.16966,0.0,0.0,0.0,0.0,0.0,-2.56668e-07,0.0,0.0,0.0,0.0,0.0,-0.0,-0.0,0.0,0.0,0.0
1717.5,0.0,-0.0,-2.79478e-07,0.0,0.0,0.0,0.0,0.0,0.0,83.16966,0.0,0.0,0.0,0.0,0.0,-2.56668e-07,0.0,0.0,0.0,0.0,0.0,-0.0,-0.0,0.0,0.0,0.0
1718.0,0.0,-0.0,-2.79478e-07,0.0,0.0,0.0,0.0,0.0,0.0,83.16966,0.0,0.0,0.0,0.0,0.0,-2.56668e-07,0.0,0.0,0.0,-0.0,0.0,-0.0,-0.0,0.0,0.0,0.0
1718.5,0.0,-0.0,-2.79478e-07,0.0,0.0,0.0,0.0,0.0,0.0,83.16966,0.0,0.0,0.0,0.0,0.0,-2.56668e-07,0.0,0.0,0.0,0.0,0.0,-0.0,-0.0,0.0,0.0,0.0
1719.0,0.0,-0.0,-2.79478e-07,0.0,0.0,0.0,0.0,0.0,0.0,83.16966,0.0,0.0,0.0,0.0,0.0,-2.56668e-07,0.0,0.0,0.0,0.0,0.0,-0.0,-0.0,0.0,0.0,0.0
1719.5,0.0,-0.0,-2.79478e-07,0.0,0.0,0.0,0.0,0.0,0.0,83.16966,0.0,0.0,0.0,0.0,0.0,-2.56668e-07,0.0,0.0,0.0,0.0,0.0,-0.0,-0.0,0.0,0.0,0.0
1720.0,0.0,-0.0,-2.79478e-07,0.0,0.0,0.0,0.0,0.0,0.0,83.16966,0.0,0.0,0.0,0.0,0.0,-2.56668e-07,0.0,0.0,0.0,0.0,0.0,-0.0,-0.0,0.0,0.0,0.0
1720.5,0.0,-0.0,-2.79478e-07,0.0,0.0,0.0,0.0,0.0,0.0,83.16966,0.0,0.0,0.0,0.0,0.0,-2.56668e-07,0.0,0.0,0.0,0.0,0.0,-0.0,-0.0,0.0,0.0,0.0
1721.0,0.0,-0.0,-2.79478e-07,0.0,0.0,0.0,0.0,0.0,0.0,83.16966,0.0,0.0,0.0,0.0,0.0,-2.56668e-07,0.0,0.0,0.0,0.0,0.0,-0.0,-0.0,0.0,0.0,0.0
1721.5,0.0,-0.0,-2.79478e-07,0.0,0.0,0.0,0.0,0.0,0.0,83.16966,0.0,0.0,0.0,0.0,0.0,-2.56668e-07,0.0,0.0,0.0,0.0,0.0,-0.0,-0.0,0.0,0.0,0.0
1722.0,0.0,-0.0,-2.79478e-07,0.0,0.0,0.0,0.0,0.0,0.0,83.16966,0.0,0.0,0.0,0.0,0.0,-2.56668e-07,0.0,0.0,0.0,0.0,0.0,-0.0,-0.0,0.0,0.0,0.0
1722.5,0.0,-0.0,-2.79478e-07,0.0,0.0,0.0,0.0,0.0,0.0,83.16966,0.0,0.0,0.0,0.0,0.0,-2.56668e-07,0.0,0.0,0.0,0.0,0.0,-0.0,-0.0,0.0,0.0,0.0
1723.0,0.0,-0.0,-2.79478e-07,0.0,0.0,0.0,0.0,0.0,0.0,83.16966,0.0,0.0,0.0,0.0,0.0,-2.56668e-07,0.0,0.0,0.0,0.0,0.0,-0.0,-0.0,0.0,0.0,0.0
1723.5,0.0,-0.0,-2.79478e-07,0.0,0.0,0.0,0.0,0.0,0.0,83.16966,0.0,0.0,0.0,0.0,0.0,-2.56668e-07,0.0,0.0,0.0,0.0,0.0,-0.0,-0.0,0.0,0.0,0.0
1724.0,0.0,-0.0,-2.79478e-07,0.0,0.0,0.0,0.0,0.0,0.0,83.16966,0.0,0.0,0.0,0.0,0.0,-2.56668e-07,0.0,0.0,0.0,0.0,0.0,-0.0,-0.0,0.0,0.0,0.0
1724.5,0.0,-0.0,-2.79478e-07,0.0,0.0,0.0,0.0,0.0,0.0,83.16966,0.0,0.0,0.0,0.0,0.0,-2.56668e-07,0.0,0.0,0.0,0.0,0.0,-0.0,-0.0,0.0,0.0,0.0
1725.0,0.0,-0.0,-2.79478e-07,0.0,0.0,0.0,0.0,0.0,0.0,83.16966,0.0,0.0,0.0,0.0,0.0,-2.56668e-07,0.0,0.0,0.0,0.0,0.0,-0.0,-0.0,0.0,0.0,0.0
1725.5,0.0,-0.0,-2.79478e-07,0.0,0.0,0.0,0.0,0.0,0.0,83.16966,0.0,0.0,0.0,0.0,0.0,-2.56668e-07,0.0,0.0,0.0,0.0,0.0,-0.0,-0.0,0.0,0.0,0.0
1726.0,0.0,-0.0,-2.79478e-07,0.0,0.0,0.0,0.0,0.0,0.0,83.16966,0.0,0.0,0.0,0.0,0.0,-2.56668e-07,0.0,0.0,0.0,-0.0,0.0,-0.0,-0.0,0.0,0.0,0.0
1726.5,0.0,-0.0,-2.79478e-07,0.0,0.0,0.0,0.0,0.0,0.0,83.16966,0.0,0.0,0.0,0.0,0.0,-2.56668e-07,0.0,0.0,0.0,0.0,0.0,-0.0,-0.0,0.0,0.0,0.0
1727.0,0.0,-0.0,-2.79478e-07,0.0,0.0,0.0,0.0,0.0,0.0,83.16966,0.0,0.0,0.0,0.0,0.0,-2.56668e-07,0.0,0.0,0.0,0.0,0.0,-0.0,-0.0,0.0,0.0,0.0
1727.5,0.0,-0.0,-2.79478e-07,0.0,0.0,0.0,0.0,0.0,0.0,83.16966,0.0,0.0,0.0,0.0,0.0,-2.56668e-07,0.0,0.0,0.0,0.0,0.0,-0.0,-0.0,0.0,0.0,0.0
1728.0,0.0,-0.0,-2.79478e-07,0.0,0.0,0.0,0.0,0.0,0.0,83.16966,0.0,0.0,0.0,0.0,0.0,-2.56668e-07,0.0,0.0,0.0,0.0,0.0,-0.0,-0.0,0.0,0.0,0.0
1728.5,0.0,-0.0,-2.79478e-07,0.0,0.0,0.0,0.0,0.0,0.0,83.16966,0.0,0.0,0.0,0.0,0.0,-2.56668e-07,0.0,0.0,0.0,0.0,0.0,-0.0,-0.0,0.0,0.0,0.0
1729.0,0.0,-0.0,-2.79478e-07,0.0,0.0,0.0,0.0,0.0,0.0,83.16966,0.0,0.0,0.0,0.0,0.0,-2.56668e-07,0.0,0.0,0.0,-0.0,0.0,-0.0,-0.0,0.0,0.0,0.0
1729.5,0.0,-0.0,-2.79478e-07,0.0,0.0,0.0,0.0,0.0,0.0,83.16966,0.0,0.0,0.0,0.0,0.0,-2.56668e-07,0.0,0.0,0.0,0.0,0.0,-0.0,-0.0,0.0,0.0,0.0
1730.0,0.0,-0.0,-2.79478e-07,0.0,0.0,0.0,0.0,0.0,0.0,83.16966,0.0,0.0,0.0,0.0,0.0,-2.56668e-07,0.0,0.0,0.0,0.0,0.0,-0.0,-0.0,0.0,0.0,0.0
1730.5,0.0,-0.0,-2.79478e-07,0.0,0.0,0.0,0.0,0.0,0.0,83.16966,0.0,0.0,0.0,0.0,0.0,-2.56668e-07,0.0,0.0,0.0,0.0,0.0,-0.0,-0.0,0.0,0.0,0.0
1731.0,0.0,-0.0,-2.79478e-07,0.0,0.0,0.0,0.0,0.0,0.0,83.16966,0.0,0.0,0.0,0.0,0.0,-2.56668e-07,0.0,0.0,0.0,0.0,0.0,-0.0,-0.0,0.0,0.0,0.0
1731.5,0.0,-0.0,-2.79478e-07,0.0,0.0,0.0,0.0,0.0,0.0,83.16966,0.0,0.0,0.0,0.0,0.0,-2.56668e-07,0.0,0.0,0.0,-0.0,0.0,-0.0,-0.0,0.0,0.0,0.0
1732.0,0.0,-0.0,-2.79478e-07,0.0,0.0,0.0,0.0,0.0,0.0,83.16966,0.0,0.0,0.0,0.0,0.0,-2.56668e-07,0.0,0.0,0.0,0.0,0.0,-0.0,-0.0,0.0,0.0,0.0
1732.5,0.0,-0.0,-2.79478e-07,0.0,0.0,0.0,0.0,0.0,0.0,83.16966,0.0,0.0,0.0,0.0,0.0,-2.56668e-07,0.0,0.0,0.0,0.0,0.0,-0.0,-0.0,0.0,0.0,0.0
1733.0,0.0,-0.0,-2.79478e-07,0.0,0.0,0.0,0.0,0.0,0.0,83.16966,0.0,0.0,0.0,0.0,0.0,-2.56668e-07,0.0,0.0,0.0,0.0,0.0,-0.0,-0.0,0.0,0.0,0.0
1733.5,0.0,-0.0,-2.79478e-07,0.0,0.0,0.0,0.0,0.0,0.0,83.16966,0.0,0.0,0.0,0.0,0.0,-2.56668e-07,0.0,0.0,0.0,0.0,0.0,-0.0,-0.0,0.0,0.0,0.0
1734.0,0.0,-0.0,-2.79478e-07,0.0,0.0,0.0,0.0,0.0,0.0,83.16966,0.0,0.0,0.0,0.0,0.0,-2.56668e-07,0.0,0.0,0.0,0.0,0.0,-0.0,-0.0,0.0,0.0,0.0
1734.5,0.0,-0.0,-2.79478e-07,0.0,0.0,0.0,0.0,0.0,0.0,83.16966,0.0,0.0,0.0,0.0,0.0,-2.56668e-07,0.0,0.0,0.0,0.0,0.0,-0.0,-0.0,0.0,0.0,0.0
1735.0,0.0,-0.0,-2.79478e-07,0.0,0.0,0.0,0.0,0.0,0.0,83.16966,0.0,0.0,0.0,0.0,0.0,-2.56668e-07,0.0,0.0,0.0,0.0,0.0,-0.0,-0.0,0.0,0.0,0.0
1735.5,0.0,-0.0,-2.79478e-07,0.0,0.0,0.0,0.0,0.0,0.0,83.16966,0.0,0.0,0.0,0.0,0.0,-2.56668e-07,0.0,0.0,0.0,0.0,0.0,-0.0,-0.0,0.0,0.0,0.0
1736.0,0.0,-0.0,-2.79478e-07,0.0,0.0,0.0,0.0,0.0,0.0,83.16966,0.0,0.0,0.0,0.0,0.0,-2.56668e-07,0.0,0.0,0.0,0.0,0.0,-0.0,-0.0,0.0,0.0,0.0
1736.5,0.0,-0.0,-2.79478e-07,0.0,0.0,0.0,0.0,0.0,0.0,83.16966,0.0,0.0,0.0,0.0,0.0,-2.56668e-07,0.0,0.0,0.0,0.0,0.0,-0.0,-0.0,0.0,0.0,0.0
1737.0,0.0,-0.0,-2.79478e-07,0.0,0.0,0.0,0.0,0.0,0.0,83.16966,0.0,0.0,0.0,0.0,0.0,-2.56668e-07,0.0,0.0,0.0,0.0,0.0,-0.0,-0.0,0.0,0.0,0.0
1737.5,0.0,-0.0,-2.79478e-07,0.0,0.0,0.0,0.0,0.0,0.0,83.16966,0.0,0.0,0.0,0.0,0.0,-2.56668e-07,0.0,0.0,0.0,0.0,0.0,-0.0,-0.0,0.0,0.0,0.0
1738.0,0.0,-0.0,-2.79478e-07,0.0,0.0,0.0,0.0,0.0,0.0,83.16966,0.0,0.0,0.0,0.0,0.0,-2.56668e-07,0.0,0.0,0.0,0.0,0.0,-0.0,-0.0,0.0,0.0,0.0
1738.5,0.0,-0.0,-2.79478e-07,0.0,0.0,0.0,0.0,0.0,0.0,83.16966,0.0,0.0,0.0,0.0,0.0,-2.56668e-07,0.0,0.0,0.0,0.0,0.0,-0.0,-0.0,0.0,0.0,0.0
1739.0,0.0,-0.0,-2.79478e-07,0.0,0.0,0.0,0.0,0.0,0.0,83.16966,0.0,0.0,0.0,0.0,0.0,-2.56668e-07,0.0,0.0,0.0,0.0,0.0,-0.0,-0.0,0.0,0.0,0.0
1739.5,0.0,-0.0,-2.79478e-07,0.0,0.0,0.0,0.0,0.0,0.0,83.16966,0.0,0.0,0.0,0.0,0.0,-2.56668e-07,0.0,0.0,0.0,0.0,0.0,-0.0,-0.0,0.0,0.0,0.0
1740.0,0.0,-0.0,-2.79478e-07,0.0,0.0,0.0,0.0,0.0,0.0,83.16966,0.0,0.0,0.0,0.0,0.0,-2.56668e-07,0.0,0.0,0.0,0.0,0.0,-0.0,-0.0,0.0,0.0,0.0
1740.5,0.0,-0.0,-2.79478e-07,0.0,0.0,0.0,0.0,0.0,0.0,83.16966,0.0,0.0,0.0,0.0,0.0,-2.56668e-07,0.0,0.0,0.0,0.0,0.0,-0.0,-0.0,0.0,0.0,0.0
1741.0,0.0,-0.0,-2.79478e-07,0.0,0.0,0.0,0.0,0.0,0.0,83.16966,0.0,0.0,0.0,0.0,0.0,-2.56668e-07,0.0,0.0,0.0,0.0,0.0,-0.0,-0.0,0.0,0.0,0.0
1741.5,0.0,-0.0,-2.79478e-07,0.0,0.0,0.0,0.0,0.0,0.0,83.16966,0.0,0.0,0.0,0.0,0.0,-2.56668e-07,0.0,0.0,0.0,0.0,0.0,-0.0,-0.0,0.0,0.0,0.0
1742.0,0.0,-0.0,-2.79478e-07,0.0,0.0,0.0,0.0,0.0,0.0,83.16966,0.0,0.0,0.0,0.0,0.0,-2.56668e-07,0.0,0.0,0.0,0.0,0.0,-0.0,-0.0,0.0,0.0,0.0
1742.5,0.0,-0.0,-2.79478e-07,0.0,0.0,0.0,0.0,0.0,0.0,83.16966,0.0,0.0,0.0,0.0,0.0,-2.56668e-07,0.0,0.0,0.0,-0.0,0.0,-0.0,-0.0,0.0,0.0,0.0
1743.0,0.0,-0.0,-2.79478e-07,0.0,0.0,0.0,0.0,0.0,0.0,83.16966,0.0,0.0,0.0,0.0,0.0,-2.56668e-07,0.0,0.0,0.0,0.0,0.0,-0.0,-0.0,0.0,0.0,0.0
1743.5,0.0,-0.0,-2.79478e-07,0.0,0.0,0.0,0.0,0.0,0.0,83.16966,0.0,0.0,0.0,0.0,0.0,-2.56668e-07,0.0,0.0,0.0,0.0,0.0,-0.0,-0.0,0.0,0.0,0.0
1744.0,0.0,-0.0,-2.79478e-07,0.0,0.0,0.0,0.0,0.0,0.0,83.16966,0.0,0.0,0.0,0.0,0.0,-2.56668e-07,0.0,0.0,0.0,0.0,0.0,-0.0,-0.0,0.0,0.0,0.0
1744.5,0.0,-0.0,-2.79478e-07,0.0,0.0,0.0,0.0,0.0,0.0,83.16966,0.0,0.0,0.0,0.0,0.0,-2.56668e-07,0.0,0.0,0.0,0.0,0.0,-0.0,-0.0,0.0,0.0,0.0
1745.0,0.0,-0.0,-2.79478e-07,0.0,0.0,0.0,0.0,0.0,0.0,83.16966,0.0,0.0,0.0,0.0,0.0,-2.56668e-07,0.0,0.0,0.0,-0.0,0.0,-0.0,-0.0,0.0,0.0,0.0
1745.5,0.0,-0.0,-2.79478e-07,0.0,0.0,0.0,0.0,0.0,0.0,83.16966,0.0,0.0,0.0,0.0,0.0,-2.56668e-07,0.0,0.0,0.0,0.0,0.0,-0.0,-0.0,0.0,0.0,0.0
1746.0,0.0,-0.0,-2.79478e-07,0.0,0.0,0.0,0.0,0.0,0.0,83.16966,0.0,0.0,0.0,0.0,0.0,-2.56668e-07,0.0,0.0,0.0,0.0,0.0,-0.0,-0.0,0.0,0.0,0.0
1746.5,0.0,-0.0,-2.79478e-07,0.0,0.0,0.0,0.0,0.0,0.0,83.16966,0.0,0.0,0.0,0.0,0.0,-2.56668e-07,0.0,0.0,0.0,0.0,0.0,-0.0,-0.0,0.0,0.0,0.0
1747.0,0.0,-0.0,-2.79478e-07,0.0,0.0,0.0,0.0,0.0,0.0,83.16966,0.0,0.0,0.0,0.0,0.0,-2.56668e-07,0.0,0.0,0.0,0.0,0.0,-0.0,-0.0,0.0,0.0,0.0
1747.5,0.0,-0.0,-2.79478e-07,0.0,0.0,0.0,0.0,0.0,0.0,83.16966,0.0,0.0,0.0,0.0,0.0,-2.56668e-07,0.0,0.0,0.0,0.0,0.0,-0.0,-0.0,0.0,0.0,0.0
1748.0,0.0,-0.0,-2.79478e-07,0.0,0.0,0.0,0.0,0.0,0.0,83.16966,0.0,0.0,0.0,0.0,0.0,-2.56668e-07,0.0,0.0,0.0,0.0,0.0,-0.0,-0.0,0.0,0.0,0.0
1748.5,0.0,-0.0,-2.79478e-07,0.0,0.0,0.0,0.0,0.0,0.0,83.16966,0.0,0.0,0.0,0.0,0.0,-2.56668e-07,0.0,0.0,0.0,0.0,0.0,-0.0,-0.0,0.0,0.0,0.0
1749.0,0.0,-0.0,-2.79478e-07,0.0,0.0,0.0,0.0,0.0,0.0,83.16966,0.0,0.0,0.0,0.0,0.0,-2.56668e-07,0.0,0.0,0.0,0.0,0.0,-0.0,-0.0,0.0,0.0,0.0
1749.5,0.0,-0.0,-2.79478e-07,0.0,0.0,0.0,0.0,0.0,0.0,83.16966,0.0,0.0,0.0,0.0,0.0,-2.56668e-07,0.0,0.0,0.0,0.0,0.0,-0.0,-0.0,0.0,0.0,0.0
1750.0,0.0,-0.0,-2.79478e-07,0.0,0.0,0.0,0.0,0.0,0.0,83.16966,0.0,0.0,0.0,0.0,0.0,-2.56668e-07,0.0,0.0,0.0,0.0,0.0,-0.0,-0.0,0.0,0.0,0.0
1750.5,0.0,-0.0,-2.79478e-07,0.0,0.0,0.0,0.0,0.0,0.0,83.16966,0.0,0.0,0.0,0.0,0.0,-2.56668e-07,0.0,0.0,0.0,0.0,0.0,-0.0,-0.0,0.0,0.0,0.0
1751.0,0.0,-0.0,-2.79478e-07,0.0,0.0,0.0,0.0,0.0,0.0,83.16966,0.0,0.0,0.0,0.0,0.0,-2.56668e-07,0.0,0.0,0.0,0.0,0.0,-0.0,-0.0,0.0,0.0,0.0
1751.5,0.0,-0.0,-2.79478e-07,0.0,0.0,0.0,0.0,0.0,0.0,83.16966,0.0,0.0,0.0,0.0,0.0,-2.56668e-07,0.0,0.0,0.0,0.0,0.0,-0.0,-0.0,0.0,0.0,0.0
1752.0,0.0,-0.0,-2.79478e-07,0.0,0.0,0.0,0.0,0.0,0.0,83.16966,0.0,0.0,0.0,0.0,0.0,-2.56668e-07,0.0,0.0,0.0,0.0,0.0,-0.0,-0.0,0.0,0.0,0.0
1752.5,0.0,-0.0,-2.79478e-07,0.0,0.0,0.0,0.0,0.0,0.0,83.16966,0.0,0.0,0.0,0.0,0.0,-2.56668e-07,0.0,0.006421135372,0.0,0.0,0.0,-0.0,-0.0,0.0,0.0,0.0
1753.0,0.0,-0.0,-2.79478e-07,0.0,0.0,0.0,0.0,0.0,0.0,83.16966,0.0,0.0,0.0,0.0,0.0,-2.56668e-07,0.0,0.416959729,0.0,0.0,0.0,-0.0,-0.0,0.0,0.0,0.0
1753.5,0.0,-0.0,-2.79478e-07,0.0,0.0,0.0,0.0,0.0,0.0,83.16966,0.0,0.0,0.0,0.0,0.0,-2.56668e-07,0.0,1.058436214,0.0,0.0,0.0,-0.0,-0.0,0.0,0.0,0.0
1754.0,0.0,-0.0,-2.79478e-07,0.0,0.0,0.0,0.0,0.0,0.0,83.16966,0.0,0.0,0.0,0.0,0.0,-2.56668e-07,0.0,1.6999127,0.0,0.0,0.0,-0.0,-0.0,0.0,0.0,0.0
1754.5,0.0,-0.0,-2.79478e-07,0.0,0.0,0.0,0.0,0.0,0.0,83.16966,0.0,0.0,0.0,0.0,0.0,-2.56668e-07,0.0,2.34138918,0.0,0.0,0.0,-0.0,-0.0,0.0,0.0,0.0
1755.0,0.0,-0.0,-2.79478e-07,0.0,0.0,0.0,0.0,0.0,0.0,83.16966,0.0,0.0,0.0,0.0,0.0,-2.56668e-07,0.0,2.98286569,0.0,0.0,0.0,-0.0,-0.0,0.0,0.0,0.0
1755.5,0.0,-0.0,-2.79478e-07,0.0,0.0,0.0,0.0,0.0,0.0,83.16966,0.0,0.0,0.0,0.0,0.0,-2.56668e-07,0.0,3.6179072,0.0,0.0,0.0,-0.0,-0.0,0.0,0.0,0.0
1756.0,0.0,-0.0,-2.79478e-07,0.0,0.0,0.0,0.0,0.0,0.0,83.16966,0.0,0.0,0.0,0.0,0.0,-2.56668e-07,0.0,3.848859,0.0,-0.0,0.0,-0.0,-0.0,0.0,0.0,0.0
1756.5,0.0,-0.0,-2.79478e-07,0.0,0.0,0.0,0.0,0.0,0.0,83.16966,0.0,0.0,0.0,0.0,0.0,-2.56668e-07,0.0,3.848859,0.0,0.0,0.0,-0.0,-0.0,0.0,0.0,0.0
1757.0,0.0,-0.0,-2.79478e-07,0.0,0.0,0.0,0.0,0.0,0.0,83.16966,0.0,0.0,0.0,0.0,0.0,-2.56668e-07,0.0,3.848859,0.0,0.0,0.0,-0.0,-0.0,0.0,0.0,0.0
1757.5,0.0,-0.0,-2.79478e-07,0.0,0.0,0.0,0.0,0.0,0.0,83.16966,0.0,0.0,0.0,0.0,0.0,-2.56668e-07,0.0,3.848859,0.0,0.0,0.0,-0.0,-0.0,0.0,0.0,0.0
1758.0,0.0,-0.0,-2.79478e-07,0.0,0.0,0.0,0.0,0.0,0.0,83.16966,0.0,0.0,0.0,0.0,0.0,-2.56668e-07,0.0,3.848859,0.0,0.0,0.0,-0.0,-0.0,0.0,0.0,0.0
1758.5,0.0,-0.0,-2.79478e-07,0.0,0.0,0.0,0.0,0.0,0.0,83.16966,0.0,0.0,0.0,0.0,0.0,-2.56668e-07,0.0,3.848859,0.0,-0.0,0.0,-0.0,-0.0,0.0,0.0,0.0
1759.0,0.0,-0.0,-2.79478e-07,0.0,0.0,0.0,0.0,0.0,0.0,83.16966,0.0,0.0,0.0,0.0,0.0,-2.56668e-07,0.0,3.848859,0.0,0.0,0.0,-0.0,-0.0,0.0,0.0,0.0
1759.5,0.0,-0.0,-2.79478e-07,0.0,0.0,0.0,0.0,0.0,0.0,83.16966,0.0,0.0,0.0,0.0,0.0,-2.56668e-07,0.0,3.848859,0.0,0.0,0.0,-0.0,-0.0,0.0,0.0,0.0
1760.0,0.0,-0.0,-2.79478e-07,0.0,0.0,0.0,0.0,0.0,0.0,83.16966,0.0,0.0,0.0,0.0,0.0,-2.56668e-07,0.0,3.848859,0.0,0.0,0.0,-0.0,-0.0,0.0,0.0,0.0
1760.5,0.0,-0.0,-2.79478e-07,0.0,0.0,0.0,0.0,0.0,0.0,83.16966,0.0,0.0,0.0,0.0,0.0,-2.56668e-07,0.0,3.848859,0.0,0.0,0.0,-0.0,-0.0,0.0,0.0,0.0
1761.0,0.0,-0.0,-2.79478e-07,0.0,0.0,0.0,0.0,0.0,0.0,83.16966,0.0,0.0,0.0,0.0,0.0,-2.56668e-07,0.0,3.848859,0.0,0.0,0.0,-0.0,-0.0,0.0,0.0,0.0
1761.5,0.0,-0.0,-2.79478e-07,0.0,0.0,0.0,0.0,0.0,0.0,83.16966,0.0,0.0,0.0,0.0,0.0,-2.56668e-07,0.0,3.848859,0.0,-0.0,0.0,-0.0,-0.0,0.0,0.0,0.0
1762.0,0.0,-0.0,-2.79478e-07,0.0,0.0,0.0,0.0,0.0,0.0,83.16966,0.0,0.0,0.0,0.0,0.0,-2.56668e-07,0.0,3.848859,0.0,0.0,0.0,-0.0,-0.0,0.0,0.0,0.0
1762.5,0.0,-0.0,-2.79478e-07,0.0,0.0,0.0,0.0,0.0,0.0,83.16966,0.0,0.0,0.0,0.0,0.0,-2.56668e-07,0.0,3.848859,0.0,0.0,0.0,-0.0,-0.0,0.0,0.0,0.0
1763.0,0.0,-0.0,-2.79478e-07,0.0,0.0,0.0,0.0,0.0,0.0,83.16966,0.0,0.0,0.0,0.0,0.0,-2.56668e-07,0.0,3.848859,0.0,0.0,0.0,-0.0,-0.0,0.0,0.0,0.0
1763.5,0.0,-0.0,-2.79478e-07,0.0,0.0,0.0,0.0,0.0,0.0,83.16966,0.0,0.0,0.0,0.0,0.0,-2.56668e-07,0.0,3.848859,0.0,0.0,0.0,-0.0,-0.0,0.0,0.0,0.0
1764.0,0.0,-0.0,-2.79478e-07,0.0,0.0,0.0,0.0,0.0,0.0,83.16966,0.0,0.0,0.0,0.0,0.0,-2.56668e-07,0.0,3.848859,0.0,0.0,0.0,-0.0,-0.0,0.0,0.0,0.0
1764.5,0.0,-0.0,-2.79478e-07,0.0,0.0,0.0,0.0,0.0,0.0,83.16966,0.0,0.0,0.0,0.0,0.0,-2.56668e-07,0.0,3.84243466,0.0,0.0,0.0,-0.0,-0.0,0.0,0.0,0.0
1765.0,0.0,-0.0,-2.79478e-07,0.0,0.0,0.0,0.0,0.0,0.0,83.16966,0.0,0.0,0.0,0.0,0.0,-2.56668e-07,0.0,3.43189925,0.0,0.0,0.0,-0.0,-0.0,0.0,0.0,0.0
1765.5,0.0,-0.0,-2.79478e-07,0.0,0.0,0.0,0.0,0.0,0.0,83.16966,0.0,0.0,0.0,0.0,0.0,-2.56668e-07,0.0,2.79042274,0.0,0.0,0.0,-0.0,-0.0,0.0,0.0,0.0
1766.0,0.0,-0.0,-2.79478e-07,0.0,0.0,0.0,0.0,0.0,0.0,83.16966,0.0,0.0,0.0,0.0,0.0,-2.56668e-07,0.0,2.14894624,0.0,0.0,0.0,-0.0,-0.0,0.0,0.0,0.0
1766.5,0.0,-0.0,-2.79478e-07,0.0,0.0,0.0,0.0,0.0,0.0,83.16966,0.0,0.0,0.0,0.0,0.0,-2.56668e-07,0.0,1.50746975,0.0,0.0,0.0,-0.0,-0.0,0.0,0.0,0.0
1767.0,0.0,-0.0,-2.79478e-07,0.0,0.0,0.0,0.0,0.0,0.0,83.16966,0.0,0.0,0.0,0.0,0.0,-2.56668e-07,0.0,0.865993276,0.0,0.0,0.0,-0.0,-0.0,0.0,0.0,0.0
1767.5,0.0,-0.0,-2.79478e-07,0.0,0.0,0.0,0.0,0.0,0.0,83.16966,0.0,0.0,0.0,0.0,0.0,-2.56668e-07,0.0,0.230940855298,0.0,0.0,0.0,-0.0,-0.0,0.0,0.0,0.0
1768.0,0.0,-0.0,-2.79478e-07,0.0,0.0,0.0,0.0,0.0,0.0,83.16966,0.0,0.0,0.0,0.0,0.0,-2.56668e-07,0.0,0.0,0.0,0.0,0.0,-0.0,-0.0,0.0,0.0,0.0
1768.5,0.0,-0.0,-2.79478e-07,0.0,0.0,0.0,0.0,0.0,0.0,83.16966,0.0,0.0,0.0,0.0,0.0,-2.56668e-07,0.0,0.0,0.0,0.0,0.0,-0.0,-0.0,0.0,0.0,0.0
1769.0,0.0,-0.0,-2.79478e-07,0.0,0.0,0.0,0.0,0.0,0.0,83.16966,0.0,0.0,0.0,0.0,0.0,-2.56668e-07,0.0,0.0,0.0,0.0,0.0,-0.0,-0.0,0.0,0.0,0.0
1769.5,0.0,-0.0,-2.79478e-07,0.0,0.0,0.0,0.0,0.0,0.0,83.16966,0.0,0.0,0.0,0.0,0.0,-2.56668e-07,0.0,0.0,0.0,-0.0,0.0,-0.0,-0.0,0.0,0.0,0.0
1770.0,0.0,-0.0,-2.79478e-07,0.0,0.0,0.0,0.0,0.0,0.0,83.16966,0.0,0.0,0.0,0.0,0.0,-2.56668e-07,0.0,0.0,0.0,0.0,0.0,-0.0,-0.0,0.0,0.0,0.0
1770.5,0.0,-0.0,-2.79478e-07,0.0,0.0,0.0,0.0,0.0,0.0,83.16966,0.0,0.0,0.0,0.0,0.0,-2.56668e-07,0.0,0.0,0.0,0.0,0.0,-0.0,-0.0,0.0,0.0,0.0
1771.0,0.0,-0.0,-2.79478e-07,0.0,0.0,0.0,0.0,0.0,0.0,83.16966,0.0,0.0,0.0,0.0,0.0,-2.56668e-07,0.0,0.0,0.0,0.0,0.0,-0.0,-0.0,0.0,0.0,0.0
1771.5,0.0,-0.0,-2.79478e-07,0.0,0.0,0.0,0.0,0.0,0.0,83.16966,0.0,0.0,0.0,0.0,0.0,-2.56668e-07,0.0,0.0,0.0,0.0,0.0,-0.0,-0.0,0.0,0.0,0.0
1772.0,0.0,-0.0,-2.79478e-07,0.0,0.0,0.0,0.0,0.0,0.0,83.16966,0.0,0.0,0.0,0.0,0.0,-2.56668e-07,0.0,0.0,0.0,0.0,0.0,-0.0,-0.0,0.0,0.0,0.0
1772.5,0.0,-0.0,-2.79478e-07,0.0,0.0,0.0,0.0,0.0,0.0,83.16966,0.0,0.0,0.0,0.0,0.0,-2.56668e-07,0.0,0.0,0.0,-0.0,0.0,-0.0,-0.0,0.0,0.0,0.0
1773.0,0.0,-0.0,-2.79478e-07,0.0,0.0,0.0,0.0,0.0,0.0,83.16966,0.0,0.0,0.0,0.0,0.0,-2.56668e-07,0.0,0.0,0.0,0.0,0.0,-0.0,-0.0,0.0,0.0,0.0
1773.5,0.0,-0.0,-2.79478e-07,0.0,0.0,0.0,0.0,0.0,0.0,83.16966,0.0,0.0,0.0,0.0,0.0,-2.56668e-07,0.0,0.0,0.0,0.0,0.0,-0.0,-0.0,0.0,0.0,0.0
1774.0,0.0,-0.0,-2.79478e-07,0.0,0.0,0.0,0.0,0.0,0.0,83.16966,0.0,0.0,0.0,0.0,0.0,-2.56668e-07,0.0,0.0,0.0,0.0,0.0,-0.0,-0.0,0.0,0.0,0.0
1774.5,0.0,-0.0,-2.79478e-07,0.0,0.0,0.0,0.0,0.0,0.0,83.16966,0.0,0.0,0.0,0.0,0.0,-2.56668e-07,0.0,0.0,0.0,0.0,0.0,-0.0,-0.0,0.0,0.0,0.0
1775.0,0.0,-0.0,-2.79478e-07,0.0,0.0,0.0,0.0,0.0,0.0,83.16966,0.0,0.0,0.0,0.0,0.0,-2.56668e-07,0.0,0.0,0.0,-0.0,0.0,-0.0,-0.0,0.0,0.0,0.0
1775.5,0.0,-0.0,-2.79478e-07,0.0,0.0,0.0,0.0,0.0,0.0,83.16966,0.0,0.0,0.0,0.0,0.0,-2.56668e-07,0.0,0.0,0.0,0.0,0.0,-0.0,-0.0,0.0,0.0,0.0
1776.0,0.0,-0.0,-2.79478e-07,0.0,0.0,0.0,0.0,0.0,0.0,83.16966,0.0,0.0,0.0,0.0,0.0,-2.56668e-07,0.0,0.0,0.0,0.0,0.0,-0.0,-0.0,0.0,0.0,0.0
1776.5,0.0,-0.0,-2.79478e-07,0.0,0.0,0.0,0.0,0.0,0.0,83.16966,0.0,0.0,0.0,0.0,0.0,-2.56668e-07,0.0,0.01040974886,0.0,0.0,0.0,-0.0,-0.0,0.0,0.0,0.0
1777.0,0.0,-0.0,-2.79478e-07,0.0,0.0,0.0,0.0,0.0,0.0,83.16966,0.0,0.0,0.0,0.0,0.0,-2.56668e-07,0.0,0.674489759,0.0,0.0,0.0,-0.0,-0.0,0.0,0.0,0.0
1777.5,0.0,-0.0,-2.79478e-07,0.0,0.0,0.0,0.0,0.0,0.0,83.16966,0.0,0.0,0.0,0.0,0.0,-2.56668e-07,0.0,1.7121663,0.0,0.0,0.0,-0.0,-0.0,0.0,0.0,0.0
1778.0,0.0,-0.0,-2.79478e-07,0.0,0.0,0.0,0.0,0.0,0.0,83.16966,0.0,0.0,0.0,0.0,0.0,-2.56668e-07,0.0,2.74984283,0.0,0.0,0.0,-0.0,-0.0,0.0,0.0,0.0
1778.5,0.0,-0.0,-2.79478e-07,0.0,0.0,0.0,0.0,0.0,0.0,83.16966,0.0,0.0,0.0,0.0,0.0,-2.56668e-07,0.0,3.78751938,0.0,0.0,0.0,-0.0,-0.0,0.0,0.0,0.0
1779.0,0.0,-0.0,-2.79478e-07,0.0,0.0,0.0,0.0,0.0,0.0,83.16966,0.0,0.0,0.0,0.0,0.0,-2.56668e-07,0.0,4.82519591,0.0,0.0,0.0,-0.0,-0.0,0.0,0.0,0.0
1779.5,0.0,-0.0,-2.79478e-07,0.0,0.0,0.0,0.0,0.0,0.0,83.16966,0.0,0.0,0.0,0.0,0.0,-2.56668e-07,0.0,5.85248494,0.0,0.0,0.0,-0.0,-0.0,0.0,0.0,0.0
1780.0,0.0,-0.0,-2.79478e-07,0.0,0.0,0.0,0.0,0.0,0.0,83.16966,0.0,0.0,0.0,0.0,0.0,-2.56668e-07,0.0,6.2260594,0.0,0.0,0.0,-0.0,-0.0,0.0,0.0,0.0
1780.5,0.0,-0.0,-2.79478e-07,0.0,0.0,0.0,0.0,0.0,0.0,83.16966,0.0,0.0,0.0,0.0,0.0,-2.56668e-07,0.0,6.2260594,0.0,0.0,0.0,-0.0,-0.0,0.0,0.0,0.0
1781.0,0.0,-0.0,-2.79478e-07,0.0,0.0,0.0,0.0,0.0,0.0,83.16966,0.0,0.0,0.0,0.0,0.0,-2.56668e-07,0.0,6.2260594,0.0,0.0,0.0,-0.0,-0.0,0.0,0.0,0.0
1781.5,0.0,-0.0,-2.79478e-07,0.0,0.0,0.0,0.0,0.0,0.0,83.16966,0.0,0.0,0.0,0.0,0.0,-2.56668e-07,0.0,6.2260594,0.0,0.0,0.0,-0.0,-0.0,0.0,0.0,0.0
1782.0,0.0,-0.0,-2.79478e-07,0.0,0.0,0.0,0.0,0.0,0.0,83.16966,0.0,0.0,0.0,0.0,0.0,-2.56668e-07,0.0,6.2260594,0.0,0.0,0.0,-0.0,-0.0,0.0,0.0,0.0
1782.5,0.0,-0.0,-2.79478e-07,0.0,0.0,0.0,0.0,0.0,0.0,83.16966,0.0,0.0,0.0,0.0,0.0,-2.56668e-07,0.0,6.21566318,0.0,0.0,0.0,-0.0,-0.0,0.0,0.0,0.0
1783.0,0.0,-0.0,-2.79478e-07,0.0,0.0,0.0,0.0,0.0,0.0,83.16966,0.0,0.0,0.0,0.0,0.0,-2.56668e-07,0.0,5.55156948,0.0,0.0,0.0,-0.0,-0.0,0.0,0.0,0.0
1783.5,0.0,-0.0,-2.79478e-07,0.0,0.0,0.0,0.0,0.0,0.0,83.16966,0.0,0.0,0.0,0.0,0.0,-2.56668e-07,0.0,4.51389294,0.0,0.0,0.0,-0.0,-0.0,0.0,0.0,0.0
1784.0,0.0,-0.0,-2.79478e-07,0.0,0.0,0.0,0.0,0.0,0.0,83.16966,0.0,0.0,0.0,0.0,0.0,-2.56668e-07,0.0,3.47621645,0.0,0.0,0.0,-0.0,-0.0,0.0,0.0,0.0
1784.5,0.0,-0.0,-2.79478e-07,0.0,0.0,0.0,0.0,0.0,0.0,83.16966,0.0,0.0,0.0,0.0,0.0,-2.56668e-07,0.0,2.43853985,0.0,0.0,0.0,-0.0,-0.0,0.0,0.0,0.0
1785.0,0.0,-0.0,-2.79478e-07,0.0,0.0,0.0,0.0,0.0,0.0,83.16966,0.0,0.0,0.0,0.0,0.0,-2.56668e-07,0.0,1.40086334,0.0,0.0,0.0,-0.0,-0.0,0.0,0.0,0.0
1785.5,0.0,-0.0,-2.79478e-07,0.0,0.0,0.0,0.0,0.0,0.0,83.16966,0.0,0.0,0.0,0.0,0.0,-2.56668e-07,0.0,0.37360068497,0.0,0.0,0.0,-0.0,-0.0,0.0,0.0,0.0
1786.0,0.0,-0.0,-2.79478e-07,0.0,0.0,0.0,0.0,0.0,0.0,83.16966,0.0,0.0,0.0,0.0,0.0,-2.56668e-07,0.0,0.0,0.0,-0.0,0.0,-0.0,-0.0,0.0,0.0,0.0
1786.5,0.0,-0.0,-2.79478e-07,0.0,0.0,0.0,0.0,0.0,0.0,83.16966,0.0,0.0,0.0,0.0,0.0,-2.56668e-07,0.0,0.0,0.0,0.0,0.0,-0.0,-0.0,0.0,0.0,0.0
1787.0,0.0,-0.0,-2.79478e-07,0.0,0.0,0.0,0.0,0.0,0.0,83.16966,0.0,0.0,0.0,0.0,0.0,-2.56668e-07,0.0,0.0,0.0,0.0,0.0,-0.0,-0.0,0.0,0.0,0.0
1787.5,0.0,-0.0,-2.79478e-07,0.0,0.0,0.0,0.0,0.0,0.0,83.16966,0.0,0.0,0.0,0.0,0.0,-2.56668e-07,0.0,0.0,0.0,0.0,0.0,-0.0,-0.0,0.0,0.0,0.0
1788.0,0.0,-0.0,-2.79478e-07,0.0,0.0,0.0,0.0,0.0,0.0,83.16966,0.0,0.0,0.0,0.0,0.0,-2.56668e-07,0.0,0.0,0.0,0.0,0.0,-0.0,-0.0,0.0,0.0,0.0
1788.5,0.0,-0.0,-2.79478e-07,0.0,0.0,0.0,0.0,0.0,0.0,83.16966,0.0,0.0,0.0,0.0,0.0,-2.56668e-07,0.0,0.0,0.0,-0.0,0.0,-0.0,-0.0,0.0,0.0,0.0
1789.0,0.0,-0.0,-2.79478e-07,0.0,0.0,0.0,0.0,0.0,0.0,83.16966,0.0,0.0,0.0,0.0,0.0,-2.56668e-07,0.0,0.0,0.0,0.0,0.0,-0.0,-0.0,0.0,0.0,0.0
1789.5,0.0,-0.0,-2.79478e-07,0.0,0.0,0.0,0.0,0.0,0.0,83.16966,0.0,0.0,0.0,0.0,0.0,-2.56668e-07,0.0,0.0,0.0,0.0,0.0,-0.0,-0.0,0.0,0.0,0.0
1790.0,0.0,-0.0,-2.79478e-07,0.0,0.0,0.0,0.0,0.0,0.0,83.16966,0.0,0.0,0.0,0.0,0.0,-2.56668e-07,0.0,0.0,0.0,0.0,0.0,-0.0,-0.0,0.0,0.0,0.0
1790.5,0.0,-0.0,-2.79478e-07,0.0,0.0,0.0,0.0,0.0,0.0,83.16966,0.0,0.0,0.0,0.0,0.0,-2.56668e-07,0.0,0.0,0.0,0.0,0.0,-0.0,-0.0,0.0,0.0,0.0
1791.0,0.0,-0.0,-2.79478e-07,0.0,0.0,0.0,0.0,0.0,0.0,83.16966,0.0,0.0,0.0,0.0,0.0,-2.56668e-07,0.0,0.0,0.0,0.0,0.0,-0.0,-0.0,0.0,0.0,0.0
1791.5,0.0,-0.0,-2.79478e-07,0.0,0.0,0.0,0.0,0.0,0.0,83.16966,0.0,0.0,0.0,0.0,0.0,-2.56668e-07,0.0,0.0,0.0,-0.0,0.0,-0.0,-0.0,0.0,0.0,0.0
1792.0,0.0,-0.0,-2.79478e-07,0.0,0.0,0.0,0.0,0.0,0.0,83.16966,0.0,0.0,0.0,0.0,0.0,-2.56668e-07,0.0,0.0,0.0,0.0,0.0,-0.0,-0.0,0.0,0.0,0.0
1792.5,0.0,-0.0,-2.79478e-07,0.0,0.0,0.0,0.0,0.0,0.0,83.16966,0.0,0.0,0.0,0.0,0.0,-2.56668e-07,0.0,0.0,0.0,0.0,0.0,-0.0,-0.0,0.0,0.0,0.0
1793.0,0.0,-0.0,-2.79478e-07,0.0,0.0,0.0,0.0,0.0,0.0,83.16966,0.0,0.0,0.0,0.0,0.0,-2.56668e-07,0.0,0.0,0.0,0.0,0.0,-0.0,-0.0,0.0,0.0,0.0
1793.5,0.0,-0.0,-2.79478e-07,0.0,0.0,0.0,0.0,0.0,0.0,83.16966,0.0,0.0,0.0,0.0,0.0,-2.56668e-07,0.0,0.0,0.0,0.0,0.0,-0.0,-0.0,0.0,0.0,0.0
1794.0,0.0,-0.0,-2.79478e-07,0.0,0.0,0.0,0.0,0.0,0.0,83.16966,0.0,0.0,0.0,0.0,0.0,-2.56668e-07,0.0,0.0,0.0,0.0,0.0,-0.0,-0.0,0.0,0.0,0.0
1794.5,0.0,-0.0,-2.79478e-07,0.0,0.0,0.0,0.0,0.0,0.0,83.16966,0.0,0.0,0.0,0.0,0.0,-2.56668e-07,0.0,0.0,0.0,0.0,0.0,-0.0,-0.0,0.0,0.0,0.0
1795.0,0.0,-0.0,-2.79478e-07,0.0,0.0,0.0,0.0,0.0,0.0,83.16966,0.0,0.0,0.0,0.0,0.0,-2.56668e-07,0.0,0.0,0.0,0.0,0.0,-0.0,-0.0,0.0,0.0,0.0
1795.5,0.0,-0.0,-2.79478e-07,0.0,0.0,0.0,0.0,0.0,0.0,83.16966,0.0,0.0,0.0,0.0,0.0,-2.56668e-07,0.0,0.0,0.0,0.0,0.0,-0.0,-0.0,0.0,0.0,0.0
1796.0,0.0,-0.0,-2.79478e-07,0.0,0.0,0.0,0.0,0.0,0.0,83.16966,0.0,0.0,0.0,0.0,0.0,-2.56668e-07,0.0,0.0,0.0,0.0,0.0,-0.0,-0.0,0.0,0.0,0.0
1796.5,0.0,-0.0,-2.79478e-07,0.0,0.0,0.0,0.0,0.0,0.0,83.16966,0.0,0.0,0.0,0.0,0.0,-2.56668e-07,0.0,0.0,0.0,0.0,0.0,-0.0,-0.0,0.0,0.0,0.0
1797.0,0.0,-0.0,-2.79478e-07,0.0,0.0,0.0,0.0,0.0,0.0,83.16966,0.0,0.0,0.0,0.0,0.0,-2.56668e-07,0.0,0.0,0.0,0.0,0.0,-0.0,-0.0,0.0,0.0,0.0
1797.5,0.0,-0.0,-2.79478e-07,0.0,0.0,0.0,0.0,0.0,0.0,83.16966,0.0,0.0,0.0,0.0,0.0,-2.56668e-07,0.0,0.0,0.0,0.0,0.0,-0.0,-0.0,0.0,0.0,0.0
1798.0,0.0,-0.0,-2.79478e-07,0.0,0.0,0.0,0.0,0.0,0.0,83.16966,0.0,0.0,0.0,0.0,0.0,-2.56668e-07,0.0,0.0,0.0,0.0,0.0,-0.0,-0.0,0.0,0.0,0.0
1798.5,0.0,-0.0,-2.79478e-07,0.0,0.0,0.0,0.0,0.0,0.0,83.16966,0.0,0.0,0.0,0.0,0.0,-2.56668e-07,0.0,0.0,0.0,0.0,0.0,-0.0,-0.0,0.0,0.0,0.0
1799.0,0.0,-0.0,-2.79478e-07,0.0,0.0,0.0,0.0,0.0,0.0,83.16966,0.0,0.0,0.0,0.0,0.0,-2.56668e-07,0.0,0.0,0.0,0.0,0.0,-0.0,-0.0,0.0,0.0,0.0
1799.5,0.0,-0.0,-2.79478e-07,0.0,0.0,0.0,0.0,0.0,0.0,83.16966,0.0,0.0,0.0,0.0,0.0,-2.56668e-07,0.0,0.0,0.0,-0.0,0.0,-0.0,-0.0,0.0,0.0,0.0
1800.0,0.0,-0.0,-2.79478e-07,0.0,0.0,0.0,0.0,0.0,0.0,83.16966,0.0,0.0,0.0,0.0,0.0,-2.56668e-07,0.0,0.0,0.0,-0.0,0.0,-0.0,-0.0,0.0,0.0,0.0
