Time01,ICE_Torque;Nm,EM1_Speed;rpm,EM1_Torque;Nm,EM1_Torque_ist;Nm,EM1_Power;kW,EM1_Power_ist;kW,EM1_elPower;kW,EM1_elPower_ist;kW,EM2_Speed;rpm,EM2_Torque;Nm,EM2_Torque_ist;Nm,EM2_Power;kW,EM2_Power_ist;kW,EM2_elPower;kW,EM2_elPower_ist;kW,SOC;1,ICE_Speed_soll;rpm,Brake;perc,Car_Speed;kmph,Car_Acc;mpsh2,Grade;perc,Sun_Speed;rpm,Carrier_Speed;rpm,Ring_Speed;rpm,Brake_Trq;Nm,Brake_Pwr;kW
0.0,0.0,-1.5216473,-0.10103656,-0.10103656,1.610147e-05,1.610147e-05,4.602908e-05,4.602908e-05,1.9686561,178.89304,178.89304,0.036880083,0.036880083,0.11093994,0.11093994,0.19059035,0.0,0.0,0.1024994,0.55710864,0.0,-1.5216473,0.5163151,1.9686561,0.0,0.0
0.5,0.0,-15.90316178,-0.153761861,-0.153761861,0.000249738631,0.000249738631,0.000713924784,0.000713924784,11.75767058,178.89304,178.89304,0.220263899,0.220263899,0.64115577,0.64115577,0.190588145,0.0,0.0,0.612171048,0.506921267,0.0,-15.90316178,0.247794073,11.75767058,0.0,0.0
1.0,0.0,-40.764946,-0.140083694,-0.140083694,0.000597648465,0.000597648465,0.00170849043,0.00170849043,29.1279426,178.89304,178.89304,0.54567221,0.54567221,1.52164308,1.52164308,0.19057838,0.0,0.0,1.51656594,0.502081783,0.0,-40.764946,0.0449953583,29.1279426,0.0,0.0
1.5,0.0,-65.0785654,-0.139553686,-0.139553686,0.000951049254,0.000951049254,0.002718753,0.002718753,46.4848312,178.89304,178.89304,0.870829819,0.870829819,2.32491052,2.32491052,0.190560837,0.0,0.0,2.42026405,0.502024228,0.0,-65.0785654,0.0624782227,46.4848312,0.0,0.0
2.0,0.0,-89.0922975,-0.1316376199,-0.1316376199,0.00122221531,0.00122221531,0.00349393215,0.00349393215,63.5994313,168.461579,168.461579,1.11682266,1.11682266,2.84589598,2.84589598,0.190536401,0.0,0.0,3.31134723,0.468201177,0.0,-89.0922975,0.0632752944,63.5994313,0.0,0.0
2.5,0.0,-108.163579,-0.0850593051,-0.0850593051,0.000957075246,0.000957075246,0.00273597944,0.00273597944,77.1263975,118.0291851,118.0291851,0.948332724,0.948332724,2.2789802,2.2789802,0.190512206,0.0,0.0,4.01563778,0.304886025,0.0,-108.163579,0.0258702848,77.1263975,0.0,0.0
3.0,0.0,-118.6687698,-0.035829534,-0.035829534,0.000442615143,0.000442615143,0.001265298544,0.001265298544,84.6237834,63.6815764,63.6815764,0.562240144,0.562240144,1.326688305,1.326688305,0.190495687,0.0,0.0,4.40599433,0.1289144626,0.0,-118.6687698,0.0322513624,84.6237834,0.0,0.0
3.5,0.0,-122.0528325,-0.0108852862,-0.0108852862,0.000139189305,0.000139189305,0.000397898787,0.000397898787,87.1302215,37.920036,37.920036,0.345992103,0.345992103,0.844447525,0.844447525,0.190486719,0.0,0.0,4.53649374,0.0454691507,0.0,-122.0528325,0.0876095235,87.1302215,0.0,0.0
4.0,0.0,-124.1847185,-0.01256764425,-0.01256764425,0.000163441176,0.000163441176,0.000467227303,0.000467227303,88.7020294,37.920036,37.920036,0.352233713,0.352233713,0.856696275,0.856696275,0.190479124,0.0,0.0,4.61833077,0.0454601503,0.0,-124.1847185,0.1182820401,88.7020294,0.0,0.0
4.5,0.0,-126.3828885,-0.0126315501,-0.0126315501,0.000167175866,0.000167175866,0.000477903619,0.000477903619,90.2734567,37.920036,37.920036,0.358473814,0.358473814,0.868857358,0.868857358,0.19047142,0.0,0.0,4.7001483,0.0454481251,0.0,-126.3828885,0.1211523236,90.2734567,0.0,0.0
5.0,0.0,-128.582263,-0.012629389,-0.012629389,0.00017005596,0.00017005596,0.000486136915,0.000486136915,91.844463,37.920036,37.920036,0.364712238,0.364712238,0.880931373,0.880931373,0.190463606,0.0,0.0,4.78194386,0.0454357741,0.0,-128.582263,0.1232751678,91.844463,0.0,0.0
5.5,0.0,-130.781069,-0.0126259204,-0.0126259204,0.000172916477,0.000172916477,0.000494314243,0.000494314243,93.415037,37.920036,37.920036,0.370948954,0.370948954,0.892919159,0.892919159,0.190455682,0.0,0.0,4.86371692,0.0454232119,0.0,-130.781069,0.125383487,93.415037,0.0,0.0
6.0,0.0,-132.979256,-0.0126223707,-0.0126223707,0.000175773461,0.000175773461,0.000502481454,0.000502481454,94.9851755,37.920036,37.920036,0.377183935,0.377183935,0.904821598,0.904821598,0.190447648,0.0,0.0,4.94546715,0.04541044,0.0,-132.979256,0.12749096,94.9851755,0.0,0.0
6.5,0.0,-135.176829,-0.0126187627,-0.0126187627,0.000178627151,0.000178627151,0.000510639278,0.000510639278,96.5548671,37.920036,37.920036,0.383417151,0.383417151,0.916639534,0.916639534,0.190439508,0.0,0.0,5.02719423,0.0453974598,0.0,-135.176829,0.129597831,96.5548671,0.0,0.0
7.0,0.0,-137.373766,-0.01261509645,-0.01261509645,0.000181477513,0.000181477513,0.000518787572,0.000518787572,98.1241065,37.920036,37.920036,0.389648567,0.389648567,0.928373815,0.928373815,0.190431261,0.0,0.0,5.10889772,0.0453842705,0.0,-137.373766,0.1317041,98.1241065,0.0,0.0
7.5,0.0,-139.570057,-0.0126113722,-0.0126113722,0.000184324492,0.000184324492,0.000526926209,0.000526926209,99.6928865,37.920036,37.920036,0.395878152,0.395878152,0.940025259,0.940025259,0.190422909,0.0,0.0,5.19057735,0.0453708717,0.0,-139.570057,0.133809747,99.6928865,0.0,0.0
8.0,0.0,-141.765697,-0.0126075898,-0.0126075898,0.000187168035,0.000187168035,0.000535054999,0.000535054999,101.2611999,37.920036,37.920036,0.40210588,0.40210588,0.9515947,0.9515947,0.190414448,0.0,0.0,5.27223254,0.0453572648,0.0,-141.765697,0.135914768,101.2611999,0.0,0.0
8.5,0.0,-143.960672,-0.0126037498,-0.0126037498,0.000190008087,0.000190008087,0.000543173808,0.000543173808,102.829039,37.920036,37.920036,0.408331747,0.408331747,0.963082953,0.963082953,0.190405887,0.0,0.0,5.35386318,0.0453434499,0.0,-143.960672,0.138019152,102.829039,0.0,0.0
9.0,0.0,-146.154974,-0.0125998519,-0.0125998519,0.000192844603,0.000192844603,0.000551282541,0.000551282541,104.396398,37.920036,37.920036,0.414555683,0.414555683,0.9744908,0.9744908,0.190397222,0.0,0.0,5.43546885,0.0453294264,0.0,-146.154974,0.140122894,104.396398,0.0,0.0
9.5,0.0,-148.34859,-0.0125958964,-0.0125958964,0.00019567753,0.00019567753,0.000559380971,0.000559380971,105.9632675,37.920036,37.920036,0.420777687,0.420777687,0.98581903,0.98581903,0.190388453,0.0,0.0,5.51704884,0.0453151952,0.0,-148.34859,0.142225978,105.9632675,0.0,0.0
10.0,0.0,-150.541513,-0.01259188295,-0.01259188295,0.000198506812,0.000198506812,0.000567469012,0.000567469012,107.5296394,37.920036,37.920036,0.42699772,0.42699772,0.997068403,0.997068403,0.190379578,0.0,0.0,5.59860318,0.0453007581,0.0,-150.541513,0.144328399,107.5296394,0.0,0.0
10.5,0.0,-152.733733,-0.01258781245,-0.01258781245,0.000201332401,0.000201332401,0.000575546496,0.000575546496,109.095512,37.920036,37.920036,0.433215762,0.433215762,1.00823973,1.00823973,0.190370605,0.0,0.0,5.6801315,0.045286112,0.0,-152.733733,0.146430146,109.095512,0.0,0.0
11.0,0.0,-154.925239,-0.0125836839,-0.0125836839,0.000204154252,0.000204154252,0.000583613287,0.000583613287,110.6608725,37.920036,37.920036,0.439431774,0.439431774,1.01933377,1.01933377,0.190361529,0.0,0.0,5.761633,0.0452712604,0.0,-154.925239,0.148531204,110.6608725,0.0,0.0
11.5,0.0,-157.116025,-0.01257949805,-0.01257949805,0.000206972307,0.000206972307,0.000591669225,0.000591669225,112.2257175,37.920036,37.920036,0.445645733,0.445645733,1.03035122,1.03035122,0.19035235,0.0,0.0,5.84310761,0.0452562015,0.0,-157.116025,0.150631572,112.2257175,0.0,0.0
12.0,0.0,-159.306071,-0.01257525525,-0.01257525525,0.000209786522,0.000209786522,0.000599714185,0.000599714185,113.7900376,37.920036,37.920036,0.451857615,0.451857615,1.04129285,1.04129285,0.190343074,0.0,0.0,5.92455509,0.0452409369,0.0,-159.306071,0.152731233,113.7900376,0.0,0.0
12.5,0.0,-161.495375,-0.0125709552,-0.0125709552,0.000212596839,0.000212596839,0.000607748012,0.000607748012,115.3538266,37.920036,37.920036,0.458067383,0.458067383,1.05215938,1.05215938,0.1903337,0.0,0.0,6.0059748,0.0452254661,0.0,-161.495375,0.154830184,115.3538266,0.0,0.0
13.0,0.0,-163.683927,-0.0125665973,-0.0125665973,0.000215403217,0.000215403217,0.000615770566,0.000615770566,116.917079,37.920036,37.920036,0.464275011,0.464275011,1.06295155,1.06295155,0.190324228,0.0,0.0,6.08736649,0.0452097894,0.0,-163.683927,0.156928413,116.917079,0.0,0.0
13.5,0.0,-165.871709,-0.0125621826,-0.0125621826,0.0002182056,0.0002182056,0.000623781698,0.000623781698,118.4797821,37.920036,37.920036,0.470480478,0.470480478,1.07367006,1.07367006,0.19031465,0.0,0.0,6.16872972,0.0451939074,0.0,-165.871709,0.159025909,118.4797821,0.0,0.0
14.0,0.0,-168.05873,-0.01255771085,-0.01255771085,0.000221003934,0.000221003934,0.000631781271,0.000631781271,120.0419354,37.920036,37.920036,0.476683751,0.476683751,1.08431559,1.08431559,0.190304981,0.0,0.0,6.25006421,0.0451778202,0.0,-168.05873,0.16112266,120.0419354,0.0,0.0
14.5,0.0,-170.244956,-0.0125531823,-0.0125531823,0.000223798177,0.000223798177,0.000639769136,0.000639769136,121.603526,37.920036,37.920036,0.482884798,0.482884798,1.09488884,1.09488884,0.190295216,0.0,0.0,6.33136961,0.0451615279,0.0,-170.244956,0.163218661,121.603526,0.0,0.0
15.0,0.0,-172.430391,-0.01254859685,-0.01254859685,0.000226588279,0.000226588279,0.000647745174,0.000647745174,123.1645537,37.920036,37.920036,0.489083591,0.489083591,1.10539051,1.10539051,0.190285352,0.0,0.0,6.4126455,0.0451450307,0.0,-172.430391,0.165313909,123.1645537,0.0,0.0
15.5,0.0,-174.615025,-0.01254395465,-0.01254395465,0.000229374187,0.000229374187,0.000655709208,0.000655709208,124.7250051,37.920036,37.920036,0.495280115,0.495280115,1.11582128,1.11582128,0.190275393,0.0,0.0,6.49389151,0.0451283302,0.0,-174.615025,0.16740838,124.7250051,0.0,0.0
16.0,0.0,-176.798848,-0.01253925605,-0.01253925605,0.000232155855,0.000232155855,0.000663661117,0.000663661117,126.2848768,37.920036,37.920036,0.501474341,0.501474341,1.12618182,1.12618182,0.190265339,0.0,0.0,6.57510714,0.0451114255,0.0,-176.798848,0.169502071,126.2848768,0.0,0.0
16.5,0.0,-178.981842,-0.0125345006,-0.0125345006,0.000234933232,0.000234933232,0.000671600792,0.000671600792,127.8441599,37.920036,37.920036,0.507666195,0.507666195,1.1364727,1.1364727,0.190255192,0.0,0.0,6.65629235,0.0450943168,0.0,-178.981842,0.171594977,127.8441599,0.0,0.0
17.0,0.0,-181.164008,-0.0125296884,-0.0125296884,0.000237706269,0.000237706269,0.000679528028,0.000679528028,129.402848,37.920036,37.920036,0.513855723,0.513855723,1.14669474,1.14669474,0.190244951,0.0,0.0,6.73744642,0.0450770049,0.0,-181.164008,0.173687076,129.402848,0.0,0.0
17.5,0.0,-183.345328,-0.01252482,-0.01252482,0.00024047492,0.00024047492,0.000687442748,0.000687442748,130.960935,37.920036,37.920036,0.52004285,0.52004285,1.15684843,1.15684843,0.190234617,0.0,0.0,6.81856912,0.0450594913,0.0,-183.345328,0.175778374,130.960935,0.0,0.0
18.0,0.0,-185.525795,-0.0125198951,-0.0125198951,0.000243239129,0.000243239129,0.000695344766,0.000695344766,132.518411,37.920036,37.920036,0.526227553,0.526227553,1.16693448,1.16693448,0.190224191,0.0,0.0,6.89966047,0.0450417728,0.0,-185.525795,0.177868857,132.518411,0.0,0.0
18.5,0.0,-187.7054,-0.0125149142,-0.0125149142,0.000245998859,0.000245998859,0.000703233964,0.000703233964,134.075274,37.920036,37.920036,0.532409818,0.532409818,1.17695345,1.17695345,0.19021367,0.0,0.0,6.98071938,0.0450238539,0.0,-187.7054,0.179958508,134.075274,0.0,0.0
19.0,0.0,-189.884134,-0.0125098768,-0.0125098768,0.000248754055,0.000248754055,0.0007111102,0.0007111102,135.631511,37.920036,37.920036,0.538589606,0.538589606,1.18690608,1.18690608,0.190203061,0.0,0.0,7.06174606,0.0450057322,0.0,-189.884134,0.182047323,135.631511,0.0,0.0
19.5,0.0,-192.061988,-0.0125047839,-0.0125047839,0.000251504669,0.000251504669,0.000718973356,0.000718973356,137.187119,37.920036,37.920036,0.54476687,0.54476687,1.19679289,1.19679289,0.190192358,0.0,0.0,7.14273976,0.0449874082,0.0,-192.061988,0.184135293,137.187119,0.0,0.0
20.0,0.0,-194.238942,-0.0124996347,-0.0124996347,0.000254250656,0.000254250656,0.000726823276,0.000726823276,138.742092,37.920036,37.920036,0.550941631,0.550941631,1.20661448,1.20661448,0.190181566,0.0,0.0,7.22370041,0.0449688831,0.0,-194.238942,0.186222414,138.742092,0.0,0.0
20.5,0.0,-196.415003,-0.01249442965,-0.01249442965,0.000256991968,0.000256991968,0.000734659826,0.000734659826,140.296419,37.920036,37.920036,0.557113835,0.557113835,1.21637148,1.21637148,0.190170686,0.0,0.0,7.30462745,0.0449501582,0.0,-196.415003,0.188308668,140.296419,0.0,0.0
21.0,0.0,-198.590154,-0.0124891686,-0.0124891686,0.000259728546,0.000259728546,0.000742482848,0.000742482848,141.850091,37.920036,37.920036,0.563283439,0.563283439,1.2260645,1.2260645,0.190159718,0.0,0.0,7.3855207,0.0449312314,0.0,-198.590154,0.190394042,141.850091,0.0,0.0
21.5,0.0,-200.764379,-0.0124838524,-0.0124838524,0.000262460372,0.000262460372,0.000750292276,0.000750292276,143.40311,37.920036,37.920036,0.569450451,0.569450451,1.23569404,1.23569404,0.190148658,0.0,0.0,7.46637973,0.0449121055,0.0,-200.764379,0.192478539,143.40311,0.0,0.0
22.0,0.0,-202.937675,-0.0124784803,-0.0124784803,0.000265187364,0.000265187364,0.00075808791,0.00075808791,144.955471,37.920036,37.920036,0.575614828,0.575614828,1.24526076,1.24526076,0.190137509,0.0,0.0,7.54720406,0.0448927788,0.0,-202.937675,0.194562147,144.955471,0.0,0.0
22.5,0.0,-205.11003,-0.01247305295,-0.01247305295,0.000267909493,0.000267909493,0.000765869642,0.000765869642,146.507149,37.920036,37.920036,0.581776496,0.581776496,1.25476517,1.25476517,0.190126277,0.0,0.0,7.62799336,0.0448732535,0.0,-205.11003,0.196644847,146.507149,0.0,0.0
23.0,0.0,-207.281434,-0.0124675697,-0.0124675697,0.000270626716,0.000270626716,0.000773637302,0.000773637302,148.058152,37.920036,37.920036,0.587935498,0.587935498,1.2642079,1.2642079,0.190114957,0.0,0.0,7.70874747,0.044853527,0.0,-207.281434,0.198726637,148.058152,0.0,0.0
23.5,0.0,-209.451879,-0.0124620316,-0.0124620316,0.000273338981,0.000273338981,0.000781390822,0.000781390822,149.608468,37.920036,37.920036,0.594091772,0.594091772,1.27358942,1.27358942,0.190103547,0.0,0.0,7.7894659,0.0448336028,0.0,-209.451879,0.200807513,149.608468,0.0,0.0
24.0,0.0,-211.621358,-0.01245643815,-0.01245643815,0.000276046234,0.000276046234,0.00078913002,0.00078913002,151.158095,37.920036,37.920036,0.600245309,0.600245309,1.28291037,1.28291037,0.190092056,0.0,0.0,7.87014825,0.0448134808,0.0,-211.621358,0.202887453,151.158095,0.0,0.0
24.5,0.0,-213.789857,-0.01245079,-0.01245079,0.000278748444,0.000278748444,0.000796854779,0.000796854779,152.707024,37.920036,37.920036,0.606396078,0.606396078,1.29217121,1.29217121,0.190080478,0.0,0.0,7.95079403,0.0447931596,0.0,-213.789857,0.204966458,152.707024,0.0,0.0
25.0,0.0,-215.957367,-0.0124450864,-0.0124450864,0.000281445551,0.000281445551,0.000804564987,0.000804564987,154.255245,37.920036,37.920036,0.612544016,0.612544016,1.3013725,1.3013725,0.190068812,0.0,0.0,8.03140343,0.0447726414,0.0,-215.957367,0.207044518,154.255245,0.0,0.0
25.5,0.0,-218.123877,-0.01243932815,-0.01243932815,0.000284137518,0.000284137518,0.000812260495,0.000812260495,155.802752,37.920036,37.920036,0.618689134,0.618689134,1.31051479,1.31051479,0.190057067,0.0,0.0,8.1119754,0.0447519248,0.0,-218.123877,0.20912162,155.802752,0.0,0.0
26.0,0.0,-220.289382,-0.012433515,-0.012433515,0.000286824297,0.000286824297,0.000819941156,0.000819941156,157.349544,37.920036,37.920036,0.624831397,0.624831397,1.31959864,1.31959864,0.190045234,0.0,0.0,8.19251,0.0447310114,0.0,-220.289382,0.211197754,157.349544,0.0,0.0
26.5,0.0,-222.453871,-0.01242764755,-0.01242764755,0.000289505844,0.000289505844,0.000827606857,0.000827606857,158.895606,37.920036,37.920036,0.63097078,0.63097078,1.32862443,1.32862443,0.190033322,0.0,0.0,8.2730068,0.0447099018,0.0,-222.453871,0.213272917,158.895606,0.0,0.0
27.0,0.0,-224.617331,-0.0124217251,-0.0124217251,0.000292182115,0.000292182115,0.000835257467,0.000835257467,160.440933,37.920036,37.920036,0.637107243,0.637107243,1.33759284,1.33759284,0.190021321,0.0,0.0,8.3534654,0.0446885962,0.0,-224.617331,0.21534709,160.440933,0.0,0.0
27.5,0.0,-226.779757,-0.01241574835,-0.01241574835,0.000294853061,0.000294853061,0.000842892886,0.000842892886,161.98552,37.920036,37.920036,0.643240778,0.643240778,1.34650423,1.34650423,0.190009243,0.0,0.0,8.4338855,0.0446670946,0.0,-226.779757,0.217420276,161.98552,0.0,0.0
28.0,0.0,-228.941133,-0.0124097174,-0.0124097174,0.000297518634,0.000297518634,0.000850512915,0.000850512915,163.529366,37.920036,37.920036,0.649371331,0.649371331,1.35535921,1.35535921,0.189997081,0.0,0.0,8.51426675,0.0446453977,0.0,-228.941133,0.219492457,163.529366,0.0,0.0
28.5,0.0,-231.101459,-0.0124036322,-0.0124036322,0.0003001788,0.0003001788,0.000858117506,0.000858117506,165.072454,37.920036,37.920036,0.655498903,0.655498903,1.36415821,1.36415821,0.189984837,0.0,0.0,8.59460875,0.0446235049,0.0,-231.101459,0.221563623,165.072454,0.0,0.0
29.0,0.0,-233.260722,-0.01239749285,-0.01239749285,0.000302833513,0.000302833513,0.000865706496,0.000865706496,166.614784,37.920036,37.920036,0.661623445,0.661623445,1.37290171,1.37290171,0.189972513,0.0,0.0,8.6749108,0.0446014179,0.0,-233.260722,0.223633778,166.614784,0.0,0.0
29.5,0.0,-235.418907,-0.01239129965,-0.01239129965,0.000305482717,0.000305482717,0.000873279741,0.000873279741,168.156342,37.920036,37.920036,0.667744966,0.667744966,1.38159028,1.38159028,0.18996011,0.0,0.0,8.75517335,0.0445791363,0.0,-235.418907,0.225702895,168.156342,0.0,0.0
30.0,0.0,-237.576013,-0.0123850523,-0.0123850523,0.000308126382,0.000308126382,0.000880837144,0.000880837144,169.697132,37.920036,37.920036,0.673863395,0.673863395,1.39022426,1.39022426,0.189947627,0.0,0.0,8.83539555,0.0445566609,0.0,-237.576013,0.22777098,169.697132,0.0,0.0
30.5,0.0,-239.732025,-0.0123787513,-0.0123787513,0.000310764457,0.000310764457,0.000888378585,0.000888378585,171.237143,37.920036,37.920036,0.679978736,0.679978736,1.39880424,1.39880424,0.189935063,0.0,0.0,8.9155771,0.0445339927,0.0,-239.732025,0.229838013,171.237143,0.0,0.0
31.0,0.0,-241.886932,-0.01237239635,-0.01237239635,0.000313396891,0.000313396891,0.000895903918,0.000895903918,172.776362,37.920036,37.920036,0.686090943,0.686090943,1.40733064,1.40733064,0.189922424,0.0,0.0,8.99571775,0.0445111314,0.0,-241.886932,0.231903996,172.776362,0.0,0.0
31.5,0.0,-244.040732,-0.0123659884,-0.0123659884,0.000316023658,0.000316023658,0.000903413018,0.000903413018,174.31479,37.920036,37.920036,0.692200017,0.692200017,1.4158039,1.4158039,0.189909701,0.0,0.0,9.0758172,0.0444880773,0.0,-244.040732,0.233968908,174.31479,0.0,0.0
32.0,0.0,-246.193408,-0.01235952665,-0.01235952665,0.000318644715,0.000318644715,0.000910905774,0.000910905774,175.852414,37.920036,37.920036,0.698305871,0.698305871,1.42422453,1.42422453,0.189896904,0.0,0.0,9.1558747,0.0444648302,0.0,-246.193408,0.23603275,175.852414,0.0,0.0
32.5,0.0,-248.344956,-0.01235301185,-0.01235301185,0.000321259994,0.000321259994,0.000918382053,0.000918382053,177.389237,37.920036,37.920036,0.704408563,0.704408563,1.4325929,1.4325929,0.189884025,0.0,0.0,9.23589,0.044441392,0.0,-248.344956,0.238095504,177.389237,0.0,0.0
33.0,0.0,-250.495365,-0.0123464436,-0.0123464436,0.000323869482,0.000323869482,0.000925841755,0.000925841755,178.925244,37.920036,37.920036,0.710508008,0.710508008,1.4409095,1.4409095,0.189871072,0.0,0.0,9.3158632,0.0444177621,0.0,-250.495365,0.240157168,178.925244,0.0,0.0
33.5,0.0,-252.644624,-0.01233982215,-0.01233982215,0.000326473121,0.000326473121,0.000933284743,0.000933284743,180.460429,37.920036,37.920036,0.71660419,0.71660419,1.44917481,1.44917481,0.189858045,0.0,0.0,9.39579385,0.0443939426,0.0,-252.644624,0.242217734,180.460429,0.0,0.0
34.0,0.0,-254.792732,-0.0123331481,-0.0123331481,0.00032907086,0.00032907086,0.000940710881,0.000940710881,181.994786,37.920036,37.920036,0.722697096,0.722697096,1.4573892,1.4573892,0.18984494,0.0,0.0,9.47568115,0.0443699305,0.0,-254.792732,0.244277186,181.994786,0.0,0.0
34.5,0.0,-256.939665,-0.0123264213,-0.0123264213,0.000331662685,0.000331662685,0.000948120089,0.000948120089,183.52831,37.920036,37.920036,0.728786687,0.728786687,1.46555314,1.46555314,0.189831759,0.0,0.0,9.5555253,0.0443457288,0.0,-256.939665,0.246335522,183.52831,0.0,0.0
35.0,0.0,-259.085421,-0.0123196415,-0.0123196415,0.000334248523,0.000334248523,0.000955512213,0.000955512213,185.061001,37.920036,37.920036,0.734872943,0.734872943,1.47366702,1.47366702,0.189818501,0.0,0.0,9.6353257,0.0443213378,0.0,-259.085421,0.248392731,185.061001,0.0,0.0
35.5,0.0,-261.230008,-0.01231280895,-0.01231280895,0.000336828362,0.000336828362,0.000962887153,0.000962887153,186.592836,37.920036,37.920036,0.740955842,0.740955842,1.48173131,1.48173131,0.189805171,0.0,0.0,9.7150817,0.0442967583,0.0,-261.230008,0.250448801,186.592836,0.0,0.0
36.0,0.0,-263.373379,-0.0123059241,-0.0123059241,0.000339402132,0.000339402132,0.000970244761,0.000970244761,188.123827,37.920036,37.920036,0.747035351,0.747035351,1.48974635,1.48974635,0.189791762,0.0,0.0,9.7947936,0.0442719903,0.0,-263.373379,0.252503731,188.123827,0.0,0.0
36.5,0.0,-265.515561,-0.0122989872,-0.0122989872,0.000341969816,0.000341969816,0.00097758498,0.00097758498,189.653951,37.920036,37.920036,0.753111456,0.753111456,1.49771266,1.49771266,0.189778286,0.0,0.0,9.8744607,0.0442470327,0.0,-265.515561,0.254557503,189.653951,0.0,0.0
37.0,0.0,-267.65652,-0.0122919977,-0.0122919977,0.000344531361,0.000344531361,0.00098490762,0.00098490762,191.183213,37.920036,37.920036,0.759184114,0.759184114,1.50563056,1.50563056,0.189764734,0.0,0.0,9.9540827,0.0442218879,0.0,-267.65652,0.256610119,191.183213,0.0,0.0
37.5,0.0,-269.79627,-0.0122849564,-0.0122849564,0.000347086723,0.000347086723,0.00099221261,0.00099221261,192.711599,37.920036,37.920036,0.765253309,0.765253309,1.51350047,1.51350047,0.189751105,0.0,0.0,10.0336593,0.0441965554,0.0,-269.79627,0.258661563,192.711599,0.0,0.0
38.0,0.0,-271.934782,-0.01227786265,-0.01227786265,0.000349635881,0.000349635881,0.00099949984,0.00099949984,194.239109,37.920036,37.920036,0.771319,0.771319,1.52150521,1.52150521,0.189737407,0.0,0.0,10.11318995,0.0441710364,0.0,-271.934782,0.260711825,194.239109,0.0,0.0
38.5,0.0,-274.07205,-0.01227071745,-0.01227071745,0.000352178772,0.000352178772,0.00100676915,0.00100676915,195.765732,37.920036,37.920036,0.777381216,0.777381216,1.52968488,1.52968488,0.189723633,0.0,0.0,10.1926752,0.0441453305,0.0,-274.07205,0.262760889,195.765732,0.0,0.0
39.0,0.0,-276.208079,-0.01226352045,-0.01226352045,0.000354715354,0.000354715354,0.00101402051,0.00101402051,197.291465,37.920036,37.920036,0.783439852,0.783439852,1.53781954,1.53781954,0.189709782,0.0,0.0,10.2721133,0.0441194383,0.0,-276.208079,0.264808768,197.291465,0.0,0.0
39.5,0.0,-278.34285,-0.012256272,-0.012256272,0.000357245611,0.000357245611,0.00102125371,0.00102125371,198.816294,37.920036,37.920036,0.789494913,0.789494913,1.54590962,1.54590962,0.189695857,0.0,0.0,10.35150445,0.0440933611,0.0,-278.34285,0.266855444,198.816294,0.0,0.0
40.0,0.0,-280.476349,-0.01224897175,-0.01224897175,0.000359769495,0.000359769495,0.00102846868,0.00102846868,200.340224,37.920036,37.920036,0.795546412,0.795546412,1.55395541,1.55395541,0.189681861,0.0,0.0,10.4308489,0.0440670981,0.0,-280.476349,0.268900895,200.340224,0.0,0.0
40.5,0.0,-282.608572,-0.01224162065,-0.01224162065,0.00036228696,0.00036228696,0.00103566532,0.00103566532,201.863243,37.920036,37.920036,0.801594288,0.801594288,1.56195721,1.56195721,0.189667783,0.0,0.0,10.51014565,0.044040651,0.0,-282.608572,0.270945123,201.863243,0.0,0.0
41.0,0.0,-284.739506,-0.012234218,-0.012234218,0.000364797959,0.000364797959,0.00104284351,0.00104284351,203.385342,37.920036,37.920036,0.807638503,0.807638503,1.56991537,1.56991537,0.189653634,0.0,0.0,10.58939515,0.044014019,0.0,-284.739506,0.272988131,203.385342,0.0,0.0
41.5,0.0,-286.869158,-0.0122267643,-0.0122267643,0.000367302476,0.000367302476,0.00105000314,0.00105000314,204.90652,37.920036,37.920036,0.813679057,0.813679057,1.57783019,1.57783019,0.189639413,0.0,0.0,10.6685961,0.0439872034,0.0,-286.869158,0.275029893,204.90652,0.0,0.0
42.0,0.0,-288.997501,-0.0122192599,-0.0122192599,0.000369800459,0.000369800459,0.00105714408,0.00105714408,206.426762,37.920036,37.920036,0.819715903,0.819715903,1.58570199,1.58570199,0.189625119,0.0,0.0,10.7477487,0.0439602051,0.0,-288.997501,0.277070402,206.426762,0.0,0.0
42.5,0.0,-291.124533,-0.0122117043,-0.0122117043,0.000372291866,0.000372291866,0.00106426629,0.00106426629,207.946074,37.920036,37.920036,0.82574905,0.82574905,1.5935311,1.5935311,0.189610751,0.0,0.0,10.8268524,0.0439330243,0.0,-291.124533,0.279109663,207.946074,0.0,0.0
43.0,0.0,-293.250245,-0.01220409855,-0.01220409855,0.000374776673,0.000374776673,0.00107136953,0.00107136953,209.46444,37.920036,37.920036,0.831778453,0.831778453,1.60131782,1.60131782,0.18959631,0.0,0.0,10.90590715,0.0439056618,0.0,-293.250245,0.281147651,209.46444,0.0,0.0
43.5,0.0,-295.374638,-0.01219644185,-0.01219644185,0.000377254829,0.000377254829,0.00107845381,0.00107845381,210.981859,37.920036,37.920036,0.83780409,0.83780409,1.60906243,1.60906243,0.189581798,0.0,0.0,10.98491285,0.0438781157,0.0,-295.374638,0.283184369,210.981859,0.0,0.0
44.0,0.0,-297.497678,-0.0121887352,-0.0121887352,0.000379726297,0.000379726297,0.00108551895,0.00108551895,212.49832,37.920036,37.920036,0.843825917,0.843825917,1.61676528,1.61676528,0.189567211,0.0,0.0,11.0638683,0.0438503892,0.0,-297.497678,0.285219804,212.49832,0.0,0.0
44.5,0.0,-299.619382,-0.01218097785,-0.01218097785,0.000382191046,0.000382191046,0.00109256491,0.00109256491,214.013819,37.920036,37.920036,0.849843929,0.849843929,1.62442664,1.62442664,0.189552558,0.0,0.0,11.14277405,0.0438224815,0.0,-299.619382,0.287253952,214.013819,0.0,0.0
45.0,0.0,-301.739716,-0.0121731705,-0.0121731705,0.000384649042,0.000384649042,0.00109959154,0.00109959154,215.528352,37.920036,37.920036,0.855858116,0.855858116,1.63204681,1.63204681,0.189537831,0.0,0.0,11.22162885,0.0437943946,0.0,-301.739716,0.289286798,215.528352,0.0,0.0
45.5,0.0,-303.858711,-0.01216531315,-0.01216531315,0.000387100234,0.000387100234,0.00110659875,0.00110659875,217.041911,37.920036,37.920036,0.86186841,0.86186841,1.63962612,1.63962612,0.189523032,0.0,0.0,11.3004333,0.0437661271,0.0,-303.858711,0.29131833,217.041911,0.0,0.0
46.0,0.0,-305.976305,-0.01215740605,-0.01215740605,0.000389544597,0.000389544597,0.00111358642,0.00111358642,218.55449,37.920036,37.920036,0.867874831,0.867874831,1.64716484,1.64716484,0.189508164,0.0,0.0,11.37918685,0.0437376794,0.0,-305.976305,0.293348565,218.55449,0.0,0.0
46.5,0.0,-308.09254,-0.01214944935,-0.01214944935,0.000391982099,0.000391982099,0.0011205545,0.0011205545,220.06608,37.920036,37.920036,0.87387732,0.87387732,1.6546632,1.6546632,0.189493226,0.0,0.0,11.4578886,0.0437090537,0.0,-308.09254,0.295377454,220.06608,0.0,0.0
47.0,0.0,-310.207375,-0.0121414429,-0.0121414429,0.000394412696,0.000394412696,0.00112750279,0.00112750279,221.576677,37.920036,37.920036,0.879875885,0.879875885,1.66212159,1.66212159,0.189478219,0.0,0.0,11.536539,0.0436802501,0.0,-310.207375,0.297405024,221.576677,0.0,0.0
47.5,0.0,-312.320822,-0.012133387,-0.012133387,0.000396836351,0.000396836351,0.00113443127,0.00113443127,223.086274,37.920036,37.920036,0.885870456,0.885870456,1.66954026,1.66954026,0.189463141,0.0,0.0,11.6151374,0.043651269,0.0,-312.320822,0.299431254,223.086274,0.0,0.0
48.0,0.0,-314.432851,-0.012125282,-0.012125282,0.000399253026,0.000399253026,0.00114133979,0.00114133979,224.594871,37.920036,37.920036,0.891861051,0.891861051,1.67691947,1.67691947,0.189447996,0.0,0.0,11.6936835,0.0436221096,0.0,-314.432851,0.301456129,224.594871,0.0,0.0
48.5,0.0,-316.543467,-0.01211712785,-0.01211712785,0.000401662697,0.000401662697,0.00114822829,0.00114822829,226.102456,37.920036,37.920036,0.897847637,0.897847637,1.68425949,1.68425949,0.189432781,0.0,0.0,11.7721766,0.043592774,0.0,-316.543467,0.303479648,226.102456,0.0,0.0
49.0,0.0,-318.652661,-0.01210892445,-0.01210892445,0.000404065323,0.000404065323,0.00115509663,0.00115509663,227.609022,37.920036,37.920036,0.903830172,0.903830172,1.6915606,1.6915606,0.189417498,0.0,0.0,11.85061745,0.0435632622,0.0,-318.652661,0.305501806,227.609022,0.0,0.0
49.5,0.0,-320.760421,-0.0121006726,-0.0121006726,0.000406460866,0.000406460866,0.00116194475,0.00116194475,229.114564,37.920036,37.920036,0.909808644,0.909808644,1.69882316,1.69882316,0.189402149,0.0,0.0,11.92900415,0.0435335732,0.0,-320.760421,0.307522588,229.114564,0.0,0.0
50.0,0.0,-322.866743,-0.0120923715,-0.0120923715,0.000408849306,0.000408849306,0.00116808438,0.00116808438,230.619077,37.920036,37.920036,0.915783029,0.915783029,1.70604732,1.70604732,0.189386732,0.0,0.0,12.00733755,0.0435037115,0.0,-322.866743,0.309541983,230.619077,0.0,0.0
50.5,0.0,-324.971616,-0.0120840222,-0.0120840222,0.00041123058,0.00041123058,0.00117169349,0.00117169349,232.122557,37.920036,37.920036,0.921753333,0.921753333,1.71323339,1.71323339,0.189371248,0.0,0.0,12.0856174,0.0434736744,0.0,-324.971616,0.311559997,232.122557,0.0,0.0
51.0,0.0,-327.075022,-0.01207562435,-0.01207562435,0.000413604668,0.000413604668,0.0011750412,0.0011750412,233.624993,37.920036,37.920036,0.927719448,0.927719448,1.72038166,1.72038166,0.189355695,0.0,0.0,12.163843,0.0434434622,0.0,-327.075022,0.313576608,233.624993,0.0,0.0
51.5,0.0,-329.176969,-0.0120671784,-0.0120671784,0.000415971552,0.000415971552,0.00117835148,0.00117835148,235.126381,37.920036,37.920036,0.933681432,0.933681432,1.7274924,1.7274924,0.189340078,0.0,0.0,12.24201345,0.0434130763,0.0,-329.176969,0.315591815,235.126381,0.0,0.0
52.0,0.0,-331.277441,-0.01205868435,-0.01205868435,0.000418331191,0.000418331191,0.0011816246,0.0011816246,236.626717,37.920036,37.920036,0.939639229,0.939639229,1.73456581,1.73456581,0.189324393,0.0,0.0,12.32012955,0.0433825176,0.0,-331.277441,0.317605608,236.626717,0.0,0.0
52.5,0.0,-333.376424,-0.01205014245,-0.01205014245,0.000420683539,0.000420683539,0.00118486076,0.00118486076,238.125993,37.920036,37.920036,0.945592819,0.945592819,1.74160225,1.74160225,0.189308642,0.0,0.0,12.3981903,0.0433517864,0.0,-333.376424,0.31961798,238.125993,0.0,0.0
53.0,0.0,-335.473918,-0.0120415522,-0.0120415522,0.000423028572,0.000423028572,0.00118806036,0.00118806036,239.624205,37.920036,37.920036,0.951542186,0.951542186,1.74860187,1.74860187,0.18929283,0.0,0.0,12.4761956,0.0433208836,0.0,-335.473918,0.321628919,239.624205,0.0,0.0
53.5,0.0,-337.569914,-0.0120329148,-0.0120329148,0.00042536625,0.00042536625,0.00119122354,0.00119122354,241.121343,37.920036,37.920036,0.957487288,0.957487288,1.75556501,1.75556501,0.189276947,0.0,0.0,12.5541453,0.043289808,0.0,-337.569914,0.323638425,241.121343,0.0,0.0
54.0,0.0,-339.664416,-0.0120242296,-0.0120242296,0.000427696555,0.000427696555,0.0011943506,0.0011943506,242.617407,37.920036,37.920036,0.963428124,0.963428124,1.76249188,1.76249188,0.189261,0.0,0.0,12.6320387,0.0432585618,0.0,-339.664416,0.32564649,242.617407,0.0,0.0
54.5,0.0,-341.757387,-0.0120154969,-0.0120154969,0.000430019437,0.000430019437,0.00119744171,0.00119744171,244.112385,37.920036,37.920036,0.96936465,0.96936465,1.76938272,1.76938272,0.189244992,0.0,0.0,12.7098759,0.0432271458,0.0,-341.757387,0.327653089,244.112385,0.0,0.0
55.0,0.0,-343.848832,-0.0120067172,-0.0120067172,0.000432334885,0.000432334885,0.00120049724,0.00120049724,245.606275,37.920036,37.920036,0.975296847,0.975296847,1.77623779,1.77623779,0.189228918,0.0,0.0,12.7876563,0.0431955596,0.0,-343.848832,0.329658233,245.606275,0.0,0.0
55.5,0.0,-345.938735,-0.01199789045,-0.01199789045,0.000434642847,0.000434642847,0.00120351735,0.00120351735,247.099068,37.920036,37.920036,0.981224711,0.981224711,1.78305737,1.78305737,0.18921278,0.0,0.0,12.86537955,0.0431638047,0.0,-345.938735,0.331661897,247.099068,0.0,0.0
56.0,0.0,-348.027107,-0.01198901665,-0.01198901665,0.000436943306,0.000436943306,0.00120650235,0.00120650235,248.590765,37.920036,37.920036,0.987148184,0.987148184,1.78984164,1.78984164,0.189196578,0.0,0.0,12.9430459,0.0431318799,0.0,-348.027107,0.3336641,248.590765,0.0,0.0
56.5,0.0,-350.113932,-0.0119800962,-0.0119800962,0.000439236233,0.000439236233,0.00120945238,0.00120945238,250.081352,37.920036,37.920036,0.993067279,0.993067279,1.79659088,1.79659088,0.189180311,0.0,0.0,13.0206542,0.0430997875,0.0,-350.113932,0.335664817,250.081352,0.0,0.0
57.0,0.0,-352.199195,-0.01197112905,-0.01197112905,0.000441521573,0.000441521573,0.00121236775,0.00121236775,251.570827,37.920036,37.920036,0.99898195,0.99898195,1.80330534,1.80330534,0.189163984,0.0,0.0,13.0982047,0.0430675273,0.0,-352.199195,0.337664037,251.570827,0.0,0.0
57.5,0.0,-354.282896,-0.0119621155,-0.0119621155,0.000443799317,0.000443799317,0.00121524871,0.00121524871,253.059184,37.920036,37.920036,1.00489218,1.00489218,1.80998523,1.80998523,0.189147594,0.0,0.0,13.175697,0.0430350997,0.0,-354.282896,0.339661749,253.059184,0.0,0.0
58.0,0.0,-356.365017,-0.0119530552,-0.0119530552,0.000446069433,0.000446069433,0.00121809544,0.00121809544,254.546419,37.920036,37.920036,1.01079795,1.01079795,1.81663079,1.81663079,0.18913114,0.0,0.0,13.2531308,0.0430025062,0.0,-356.365017,0.341657957,254.546419,0.0,0.0
58.5,0.0,-358.445567,-0.01194394945,-0.01194394945,0.000448331885,0.000448331885,0.00122090816,0.00122090816,256.032526,37.920036,37.920036,1.01669924,1.01669924,1.82324227,1.82324227,0.189114623,0.0,0.0,13.3305058,0.0429697461,0.0,-358.445567,0.343652652,256.032526,0.0,0.0
59.0,0.0,-360.524527,-0.0119347975,-0.0119347975,0.000450586647,0.000450586647,0.0012236872,0.0012236872,257.517493,37.920036,37.920036,1.02259601,1.02259601,1.82981989,1.82981989,0.18909805,0.0,0.0,13.4078217,0.042936821,0.0,-360.524527,0.345645821,257.517493,0.0,0.0
59.5,0.0,-362.601878,-0.0119255995,-0.0119255995,0.000452833698,0.000452833698,0.00122643269,0.00122643269,259.001317,37.920036,37.920036,1.02848826,1.02848826,1.83636385,1.83636385,0.189081409,0.0,0.0,13.48507805,0.042903731,0.0,-362.601878,0.347637456,259.001317,0.0,0.0
60.0,0.0,-364.677625,-0.0119163561,-0.0119163561,0.00045507299,0.00045507299,0.00122914487,0.00122914487,260.484002,37.920036,37.920036,1.03437593,1.03437593,1.84287442,1.84287442,0.189064715,0.0,0.0,13.5622748,0.0428704755,0.0,-364.677625,0.349627558,260.484002,0.0,0.0
60.5,0.0,-366.751765,-0.011907067,-0.011907067,0.000457304509,0.000457304509,0.00123182399,0.00123182399,261.965524,37.920036,37.920036,1.04025905,1.04025905,1.84935183,1.84935183,0.189047953,0.0,0.0,13.6394117,0.0428370577,0.0,-366.751765,0.351616108,261.965524,0.0,0.0
61.0,0.0,-368.824289,-0.0118977327,-0.0118977327,0.000459528212,0.000459528212,0.00123447027,0.00123447027,263.445894,37.920036,37.920036,1.04613759,1.04613759,1.85579622,1.85579622,0.189031129,0.0,0.0,13.71648795,0.0428034756,0.0,-368.824289,0.353603105,263.445894,0.0,0.0
61.5,0.0,-370.895183,-0.01188835295,-0.01188835295,0.000461744085,0.000461744085,0.00123708392,0.00123708392,264.925103,37.920036,37.920036,1.05201145,1.05201145,1.86220793,1.86220793,0.189014249,0.0,0.0,13.7935041,0.0427697321,0.0,-370.895183,0.355588544,264.925103,0.0,0.0
62.0,0.0,-372.964424,-0.0118789285,-0.0118789285,0.000463952087,0.000463952087,0.00123966517,0.00123966517,266.40314,37.920036,37.920036,1.05788069,1.05788069,1.86858709,1.86858709,0.188997309,0.0,0.0,13.8704588,0.0427358258,0.0,-372.964424,0.357572402,266.40314,0.0,0.0
62.5,0.0,-375.032035,-0.0118694588,-0.0118694588,0.000466152211,0.000466152211,0.00124221422,0.00124221422,267.880001,37.920036,37.920036,1.0637453,1.0637453,1.87493396,1.87493396,0.188980309,0.0,0.0,13.9473528,0.0427017576,0.0,-375.032035,0.359554692,267.880001,0.0,0.0
63.0,0.0,-377.097989,-0.0118599447,-0.0118599447,0.000468344401,0.000468344401,0.00124473127,0.00124473127,269.355679,37.920036,37.920036,1.06960519,1.06960519,1.88124874,1.88124874,0.188963249,0.0,0.0,14.02418495,0.0426675294,0.0,-377.097989,0.3615354,269.355679,0.0,0.0
63.5,0.0,-379.162276,-0.01185038565,-0.01185038565,0.000470528658,0.000470528658,0.0012472165,0.0012472165,270.830169,37.920036,37.920036,1.07546038,1.07546038,1.88753165,1.88753165,0.188946131,0.0,0.0,14.10095555,0.0426331408,0.0,-379.162276,0.363514513,270.830169,0.0,0.0
64.0,0.0,-381.224902,-0.0118407828,-0.0118407828,0.000472704933,0.000472704933,0.00124967022,0.00124967022,272.303476,37.920036,37.920036,1.08131081,1.08131081,1.89378288,1.89378288,0.188928954,0.0,0.0,14.17766385,0.0425985917,0.0,-381.224902,0.365492032,272.303476,0.0,0.0
64.5,0.0,-383.285855,-0.0118311354,-0.0118311354,0.000474873204,0.000474873204,0.00125209255,0.00125209255,273.775581,37.920036,37.920036,1.08715652,1.08715652,1.90000266,1.90000266,0.188911717,0.0,0.0,14.25431,0.0425638848,0.0,-383.285855,0.367467938,273.775581,0.0,0.0
65.0,0.0,-385.345116,-0.0118214437,-0.0118214437,0.00047703346,0.00047703346,0.00125448374,0.00125448374,275.24648,37.920036,37.920036,1.09299741,1.09299741,1.90619125,1.90619125,0.188894424,0.0,0.0,14.3308936,0.0425290186,0.0,-385.345116,0.369442228,275.24648,0.0,0.0
65.5,0.0,-387.402688,-0.01181170815,-0.01181170815,0.000479185654,0.000479185654,0.00125684401,0.00125684401,276.716177,37.920036,37.920036,1.09883357,1.09883357,1.91234875,1.91234875,0.188877068,0.0,0.0,14.40741445,0.0424939937,0.0,-387.402688,0.3714149,276.716177,0.0,0.0
66.0,0.0,-389.458564,-0.0118019292,-0.0118019292,0.000481329773,0.000481329773,0.0012591735,0.0012591735,278.184663,37.920036,37.920036,1.10466484,1.10466484,1.91847538,1.91847538,0.188859662,0.0,0.0,14.4838719,0.0424588124,0.0,-389.458564,0.373385943,278.184663,0.0,0.0
66.5,0.0,-391.512727,-0.01179210645,-0.01179210645,0.00048346578,0.00048346578,0.00126147244,0.00126147244,279.651923,37.920036,37.920036,1.11049132,1.11049132,1.92457141,1.92457141,0.18884219,0.0,0.0,14.5602659,0.0424234737,0.0,-391.512727,0.375355353,279.651923,0.0,0.0
67.0,0.0,-393.565191,-0.01178224005,-0.01178224005,0.000485593666,0.000485593666,0.00126374104,0.00126374104,281.117959,37.920036,37.920036,1.11631297,1.11631297,1.93063703,1.93063703,0.188824667,0.0,0.0,14.6365961,0.0423879799,0.0,-393.565191,0.377323117,281.117959,0.0,0.0
67.5,0.0,-395.61592,-0.01177233105,-0.01177233105,0.000487713395,0.000487713395,0.0012659795,0.0012659795,282.582769,37.920036,37.920036,1.12212965,1.12212965,1.93667237,1.93667237,0.188807086,0.0,0.0,14.7128624,0.0423523297,0.0,-395.61592,0.379289231,282.582769,0.0,0.0
68.0,0.0,-397.664926,-0.0117623786,-0.0117623786,0.000489824941,0.000489824941,0.00126818798,0.00126818798,284.046335,37.920036,37.920036,1.12794146,1.12794146,1.94267774,1.94267774,0.188789449,0.0,0.0,14.78906395,0.042316525,0.0,-397.664926,0.381253692,284.046335,0.0,0.0
68.5,0.0,-399.712184,-0.0117523831,-0.0117523831,0.000491928278,0.000491928278,0.00127036669,0.00127036669,285.508675,37.920036,37.920036,1.13374836,1.13374836,1.94865317,1.94865317,0.188771756,0.0,0.0,14.8652016,0.0422805655,0.0,-399.712184,0.383216479,285.508675,0.0,0.0
69.0,0.0,-401.757709,-0.0117423452,-0.0117423452,0.000494023385,0.000494023385,0.00127251584,0.00127251584,286.969766,37.920036,37.920036,1.1395503,1.1395503,1.954599,1.954599,0.188754002,0.0,0.0,14.94127415,0.0422444523,0.0,-401.757709,0.385177597,286.969766,0.0,0.0
69.5,0.0,-403.80148,-0.0117322643,-0.0117322643,0.00049611025,0.00049611025,0.00127463565,0.00127463565,288.4296,37.920036,37.920036,1.14534727,1.14534727,1.9605154,1.9605154,0.188736198,0.0,0.0,15.01728135,0.0422081845,0.0,-403.80148,0.387137035,288.4296,0.0,0.0
70.0,0.0,-405.843495,-0.01172214135,-0.01172214135,0.000498188841,0.000498188841,0.00127672621,0.00127672621,289.888183,37.920036,37.920036,1.15113923,1.15113923,1.9664025,1.9664025,0.188718334,0.0,0.0,15.0932232,0.0421717662,0.0,-405.843495,0.389094796,289.888183,0.0,0.0
70.5,0.0,-407.883731,-0.01171197595,-0.01171197595,0.000500259134,0.000500259134,0.0012787878,0.0012787878,291.345493,37.920036,37.920036,1.15692622,1.15692622,1.97226053,1.97226053,0.188700419,0.0,0.0,15.16909955,0.0421351963,0.0,-407.883731,0.391050851,291.345493,0.0,0.0
71.0,0.0,-409.922196,-0.0117017683,-0.0117017683,0.000502321085,0.000502321085,0.00128082058,0.00128082058,292.801541,37.920036,37.920036,1.16270818,1.16270818,1.97808972,1.97808972,0.188682447,0.0,0.0,15.2449097,0.042098473,0.0,-409.922196,0.393005209,292.801541,0.0,0.0
71.5,0.0,-411.958891,-0.0116915192,-0.0116915192,0.000504374702,0.000504374702,0.00128282471,0.00128282471,294.256323,37.920036,37.920036,1.16848507,1.16848507,1.98389013,1.98389013,0.188664419,0.0,0.0,15.3206536,0.0420616005,0.0,-411.958891,0.394957867,294.256323,0.0,0.0
72.0,0.0,-413.993802,-0.0116812283,-0.0116812283,0.000506419934,0.000506419934,0.00128480036,0.00128480036,295.709829,37.920036,37.920036,1.17425687,1.17425687,1.98966208,1.98966208,0.188646338,0.0,0.0,15.39633135,0.0420245767,0.0,-413.993802,0.396908799,295.709829,0.0,0.0
72.5,0.0,-416.026898,-0.0116708955,-0.0116708955,0.000508456802,0.000508456802,0.00128674775,0.00128674775,297.162045,37.920036,37.920036,1.18002362,1.18002362,1.99540565,1.99540565,0.188628203,0.0,0.0,15.471942,0.0419874048,0.0,-416.026898,0.398858023,297.162045,0.0,0.0
73.0,0.0,-418.058204,-0.0116605213,-0.0116605213,0.000510485244,0.000510485244,0.00128866707,0.00128866707,298.612978,37.920036,37.920036,1.18578521,1.18578521,2.00112111,2.00112111,0.188610013,0.0,0.0,15.5474857,0.0419500826,0.0,-418.058204,0.40080551,298.612978,0.0,0.0
73.5,0.0,-420.087695,-0.01165010615,-0.01165010615,0.000512505234,0.000512505234,0.00129055846,0.00129055846,300.06261,37.920036,37.920036,1.19154172,1.19154172,2.00680855,2.00680855,0.188591768,0.0,0.0,15.6229621,0.0419126129,0.0,-420.087695,0.402751267,300.06261,0.0,0.0
74.0,0.0,-422.11537,-0.01163965,-0.01163965,0.000514516793,0.000514516793,0.00129242213,0.00129242213,301.510948,37.920036,37.920036,1.197293,1.197293,2.01246822,2.01246822,0.188573472,0.0,0.0,15.69837115,0.0418749949,0.0,-422.11537,0.404695274,301.510948,0.0,0.0
74.5,0.0,-424.141224,-0.0116291529,-0.0116291529,0.000516519873,0.000516519873,0.00129425824,0.00129425824,302.957988,37.920036,37.920036,1.20303917,1.20303917,2.01810024,2.01810024,0.188555122,0.0,0.0,15.773712,0.0418372303,0.0,-424.141224,0.406637539,302.957988,0.0,0.0
75.0,0.0,-426.165252,-0.0116186153,-0.0116186153,0.000518514443,0.000518514443,0.00129606696,0.00129606696,304.403706,37.920036,37.920036,1.20878013,1.20878013,2.02370482,2.02370482,0.188536718,0.0,0.0,15.8489847,0.0417993195,0.0,-426.165252,0.40857805,304.403706,0.0,0.0
75.5,0.0,-428.187427,-0.0116080369,-0.0116080369,0.000520500501,0.000520500501,0.00129784842,0.00129784842,305.848133,37.920036,37.920036,1.21451588,1.21451588,2.02928213,2.02928213,0.188518269,0.0,0.0,15.9241894,0.0417612622,0.0,-428.187427,0.410516787,305.848133,0.0,0.0
76.0,0.0,-430.207769,-0.011597418,-0.011597418,0.000522478009,0.000522478009,0.00129960292,0.00129960292,307.291228,37.920036,37.920036,1.22024639,1.22024639,2.03483236,2.03483236,0.18849976,0.0,0.0,15.9993251,0.0417230609,0.0,-430.207769,0.412453764,307.291228,0.0,0.0
76.5,0.0,-432.226251,-0.01158675905,-0.01158675905,0.000524446976,0.000524446976,0.0013013305,0.0013013305,308.733003,37.920036,37.920036,1.22597162,1.22597162,2.0403557,2.0403557,0.188481194,0.0,0.0,16.0743921,0.0416847143,0.0,-432.226251,0.414388973,308.733003,0.0,0.0
77.0,0.0,-434.242874,-0.01157606045,-0.01157606045,0.000526407363,0.000526407363,0.00130303141,0.00130303141,310.173447,37.920036,37.920036,1.23169159,1.23169159,2.04585225,2.04585225,0.188462585,0.0,0.0,16.1493898,0.0416462241,0.0,-434.242874,0.416322387,310.173447,0.0,0.0
77.5,0.0,-436.257628,-0.0115653214,-0.0115653214,0.000528359124,0.000528359124,0.00130470576,0.00130470576,311.612565,37.920036,37.920036,1.23740629,1.23740629,2.05132216,2.05132216,0.18844392,0.0,0.0,16.224318,0.04160759,0.0,-436.257628,0.418254014,311.612565,0.0,0.0
78.0,0.0,-438.270515,-0.011554543,-0.011554543,0.000530302285,0.000530302285,0.00130635371,0.00130635371,313.050337,37.920036,37.920036,1.24311566,1.24311566,2.05676571,2.05676571,0.188425203,0.0,0.0,16.2991769,0.0415688145,0.0,-438.270515,0.420183859,313.050337,0.0,0.0
78.5,0.0,-440.281528,-0.01154372515,-0.01154372515,0.000532236813,0.000532236813,0.00130797551,0.00130797551,314.486772,37.920036,37.920036,1.24881967,1.24881967,2.06218299,2.06218299,0.188406434,0.0,0.0,16.3739657,0.0415298952,0.0,-440.281528,0.422111877,314.486772,0.0,0.0
79.0,0.0,-442.290634,-0.0115328682,-0.0115328682,0.000534162671,0.000534162671,0.00130957127,0.00130957127,315.921849,37.920036,37.920036,1.2545184,1.2545184,2.06757414,2.06757414,0.188387621,0.0,0.0,16.4486842,0.0414908357,0.0,-442.290634,0.424038098,315.921849,0.0,0.0
79.5,0.0,-444.297864,-0.01152197175,-0.01152197175,0.000536079869,0.000536079869,0.00131114113,0.00131114113,317.355587,37.920036,37.920036,1.2602117,1.2602117,2.0729394,2.0729394,0.188368751,0.0,0.0,16.5233323,0.0414516344,0.0,-444.297864,0.425962508,317.355587,0.0,0.0
80.0,0.0,-446.303186,-0.01151103645,-0.01151103645,0.000537988357,0.000537988357,0.00131268526,0.00131268526,318.787958,37.920036,37.920036,1.26589964,1.26589964,2.0782789,2.0782789,0.188349831,0.0,0.0,16.5979101,0.0414122942,0.0,-446.303186,0.427885096,318.787958,0.0,0.0
80.5,0.0,-448.306595,-0.0115000628,-0.0115000628,0.000539888161,0.000539888161,0.00131420386,0.00131420386,320.218968,37.920036,37.920036,1.27158213,1.27158213,2.08359269,2.08359269,0.188330857,0.0,0.0,16.6724165,0.0413728133,0.0,-448.306595,0.429805846,320.218968,0.0,0.0
81.0,0.0,-450.308104,-0.0114890501,-0.0114890501,0.000541779223,0.000541779223,0.00131569703,0.00131569703,321.648606,37.920036,37.920036,1.2772592,1.2772592,2.08888117,2.08888117,0.188311839,0.0,0.0,16.7468518,0.041333195,0.0,-450.308104,0.431724768,321.648606,0.0,0.0
81.5,0.0,-452.307678,-0.0114779989,-0.0114779989,0.000543661538,0.000543661538,0.00131716502,0.00131716502,323.076885,37.920036,37.920036,1.28293084,1.28293084,2.09414423,2.09414423,0.188292768,0.0,0.0,16.8212158,0.0412934375,0.0,-452.307678,0.433641846,323.076885,0.0,0.0
82.0,0.0,-454.305336,-0.0114669098,-0.0114669098,0.000545535096,0.000545535096,0.0013186079,0.0013186079,324.503779,37.920036,37.920036,1.28859702,1.28859702,2.09938223,2.09938223,0.188273652,0.0,0.0,16.8955077,0.0412535423,0.0,-454.305336,0.435557076,324.503779,0.0,0.0
82.5,0.0,-456.301055,-0.01145578235,-0.01145578235,0.00054739988,0.00054739988,0.00132002585,0.00132002585,325.929288,37.920036,37.920036,1.29425767,1.29425767,2.10459522,2.10459522,0.188254485,0.0,0.0,16.9697282,0.0412135102,0.0,-456.301055,0.437470455,325.929288,0.0,0.0
83.0,0.0,-458.294835,-0.01144461715,-0.01144461715,0.000549255848,0.000549255848,0.00132141898,0.00132141898,327.353427,37.920036,37.920036,1.29991286,1.29991286,2.10978342,2.10978342,0.188235265,0.0,0.0,17.0438764,0.0411733422,0.0,-458.294835,0.439381972,327.353427,0.0,0.0
83.5,0.0,-460.286665,-0.0114334142,-0.0114334142,0.000551103016,0.000551103016,0.00132278755,0.00132278755,328.776152,37.920036,37.920036,1.30556251,1.30556251,2.11494693,2.11494693,0.188215996,0.0,0.0,17.1179519,0.0411330391,0.0,-460.286665,0.441291619,328.776152,0.0,0.0
84.0,0.0,-462.276539,-0.01142217395,-0.01142217395,0.000552941359,0.000552941359,0.00132413165,0.00132413165,330.197503,37.920036,37.920036,1.31120662,1.31120662,2.12008591,2.12008591,0.188196682,0.0,0.0,17.1919551,0.0410926007,0.0,-462.276539,0.443199396,330.197503,0.0,0.0
84.5,0.0,-464.264454,-0.0114108959,-0.0114108959,0.000554770861,0.000554770861,0.00132545141,0.00132545141,331.617434,37.920036,37.920036,1.31684516,1.31684516,2.12520047,2.12520047,0.188177316,0.0,0.0,17.265885,0.0410520274,0.0,-464.264454,0.445105296,331.617434,0.0,0.0
85.0,0.0,-466.250409,-0.0113995811,-0.0113995811,0.000556591503,0.000556591503,0.00132674703,0.00132674703,333.035966,37.920036,37.920036,1.32247815,1.32247815,2.13029098,2.13029098,0.188157904,0.0,0.0,17.3397419,0.0410113212,0.0,-466.250409,0.447009307,333.035966,0.0,0.0
85.5,0.0,-468.234376,-0.01138822925,-0.01138822925,0.000558403271,0.000558403271,0.00132801861,0.00132801861,334.453088,37.920036,37.920036,1.32810552,1.32810552,2.13535714,2.13535714,0.188138442,0.0,0.0,17.4135255,0.0409704804,0.0,-468.234376,0.448911425,334.453088,0.0,0.0
86.0,0.0,-470.216368,-0.01137684065,-0.01137684065,0.000560206165,0.000560206165,0.00132926634,0.00132926634,335.8688,37.920036,37.920036,1.33372727,1.33372727,2.14039957,2.14039957,0.188118938,0.0,0.0,17.4872361,0.0409295086,0.0,-470.216368,0.450811648,335.8688,0.0,0.0
86.5,0.0,-472.196384,-0.01136541515,-0.01136541515,0.000562000129,0.000562000129,0.00133049034,0.00133049034,337.283094,37.920036,37.920036,1.33934337,1.33934337,2.14541817,2.14541817,0.188099377,0.0,0.0,17.5608717,0.0408884046,0.0,-472.196384,0.452709966,337.283094,0.0,0.0
87.0,0.0,-474.174392,-0.0113539534,-0.0113539534,0.00056378521,0.00056378521,0.00133169075,0.00133169075,338.695969,37.920036,37.920036,1.34495388,1.34495388,2.15041307,2.15041307,0.188079775,0.0,0.0,17.6344334,0.0408471701,0.0,-474.174392,0.454606369,338.695969,0.0,0.0
87.5,0.0,-476.150416,-0.01134245535,-0.01134245535,0.000565561338,0.000565561338,0.00133286771,0.00133286771,340.107408,37.920036,37.920036,1.35055867,1.35055867,2.15538454,2.15538454,0.18806012,0.0,0.0,17.7079211,0.0408058034,0.0,-476.150416,0.456500869,340.107408,0.0,0.0
88.0,0.0,-478.124423,-0.01133092115,-0.01133092115,0.000567328528,0.000567328528,0.00133402148,0.00133402148,341.517419,37.920036,37.920036,1.35615776,1.35615776,2.16033265,2.16033265,0.188040427,0.0,0.0,17.7813339,0.0407643082,0.0,-478.124423,0.458393432,341.517419,0.0,0.0
88.5,0.0,-480.096426,-0.01131935125,-0.01131935125,0.000569086764,0.000569086764,0.00133515205,0.00133515205,342.925982,37.920036,37.920036,1.36175119,1.36175119,2.16525751,2.16525751,0.188020679,0.0,0.0,17.8546728,0.0407226833,0.0,-480.096426,0.460284082,342.925982,0.0,0.0
89.0,0.0,-482.066416,-0.01130774545,-0.01130774545,0.000570836004,0.000570836004,0.00133625961,0.00133625961,344.333114,37.920036,37.920036,1.36733886,1.36733886,2.17015933,2.17015933,0.188000893,0.0,0.0,17.9279358,0.0406809319,0.0,-482.066416,0.46217278,344.333114,0.0,0.0
89.5,0.0,-484.034365,-0.0112961046,-0.0112961046,0.000572576281,0.000572576281,0.00133734432,0.00133734432,345.738799,37.920036,37.920036,1.37292078,1.37292078,2.17503819,2.17503819,0.187981051,0.0,0.0,18.0011237,0.0406390507,0.0,-484.034365,0.464059543,345.738799,0.0,0.0
90.0,0.0,-486.000304,-0.01128442765,-0.01128442765,0.00057430757,0.00057430757,0.00133840631,0.00133840631,347.14304,37.920036,37.920036,1.37849695,1.37849695,2.17989422,2.17989422,0.187961165,0.0,0.0,18.0742361,0.0405970434,0.0,-486.000304,0.465944367,347.14304,0.0,0.0
90.5,0.0,-487.964187,-0.01127271605,-0.01127271605,0.00057602984,0.00057602984,0.00133944573,0.00133944573,348.545812,37.920036,37.920036,1.3840674,1.3840674,2.1847277,2.1847277,0.187941237,0.0,0.0,18.147273,0.0405549081,0.0,-487.964187,0.467827232,348.545812,0.0,0.0
91.0,0.0,-489.926042,-0.0112609691,-0.0112609691,0.000577743091,0.000577743091,0.00134046267,0.00134046267,349.947137,37.920036,37.920036,1.38963197,1.38963197,2.18953859,2.18953859,0.187921263,0.0,0.0,18.2202333,0.0405126486,0.0,-489.926042,0.469708153,349.947137,0.0,0.0
91.5,0.0,-491.885847,-0.0112491877,-0.0112491877,0.000579447312,0.000579447312,0.00134145733,0.00134145733,351.347,37.920036,37.920036,1.39519082,1.39519082,2.19432705,2.19432705,0.187901239,0.0,0.0,18.2931181,0.0404702636,0.0,-491.885847,0.471587092,351.347,0.0,0.0
92.0,0.0,-493.843592,-0.01123737165,-0.01123737165,0.000581142489,0.000581142489,0.00134242982,0.00134242982,352.74539,37.920036,37.920036,1.40074379,1.40074379,2.19909329,2.19909329,0.187881173,0.0,0.0,18.3659263,0.0404277536,0.0,-493.843592,0.473464068,352.74539,0.0,0.0
92.5,0.0,-495.799276,-0.011225521,-0.011225521,0.000582828619,0.000582828619,0.00134338029,0.00134338029,354.142313,37.920036,37.920036,1.40629094,1.40629094,2.20383741,2.20383741,0.18786106,0.0,0.0,18.4386578,0.0403851195,0.0,-495.799276,0.475339073,354.142313,0.0,0.0
93.0,0.0,-497.752898,-0.0112136362,-0.0112136362,0.000584505678,0.000584505678,0.00134430883,0.00134430883,355.537749,37.920036,37.920036,1.41183216,1.41183216,2.20855958,2.20855958,0.187840904,0.0,0.0,18.5113121,0.0403423625,0.0,-497.752898,0.477212093,355.537749,0.0,0.0
93.5,0.0,-499.704448,-0.0112017174,-0.0112017174,0.000586173651,0.000586173651,0.00134521561,0.00134521561,356.931717,37.920036,37.920036,1.4173676,1.4173676,2.21325977,2.21325977,0.187820701,0.0,0.0,18.5838903,0.040299483,0.0,-499.704448,0.479083126,356.931717,0.0,0.0
94.0,0.0,-501.653917,-0.0111897647,-0.0111897647,0.000587832538,0.000587832538,0.0013461008,0.0013461008,358.324192,37.920036,37.920036,1.42289708,1.42289708,2.21793831,2.21793831,0.187800453,0.0,0.0,18.6563902,0.0402564819,0.0,-501.653917,0.480952165,358.324192,0.0,0.0
94.5,0.0,-503.601298,-0.0111777781,-0.0111777781,0.000589482342,0.000589482342,0.00134696446,0.00134696446,359.71518,37.920036,37.920036,1.42842068,1.42842068,2.22259522,2.22259522,0.187780163,0.0,0.0,18.7288134,0.0402133594,0.0,-503.601298,0.482819216,359.71518,0.0,0.0
95.0,0.0,-505.546601,-0.01116575805,-0.01116575805,0.000591123031,0.000591123031,0.00134780677,0.00134780677,361.104673,37.920036,37.920036,1.43393833,1.43393833,2.22723068,2.22723068,0.187759829,0.0,0.0,18.8011583,0.0401701173,0.0,-505.546601,0.484684255,361.104673,0.0,0.0
95.5,0.0,-507.489795,-0.0111537052,-0.0111537052,0.000592754607,0.000592754607,0.00134862782,0.00134862782,362.492673,37.920036,37.920036,1.43945004,1.43945004,2.23184472,2.23184472,0.187739451,0.0,0.0,18.8734258,0.0401267539,0.0,-507.489795,0.48654728,362.492673,0.0,0.0
96.0,0.0,-509.430888,-0.0111416188,-0.0111416188,0.000594377065,0.000594377065,0.00134942776,0.00134942776,363.879172,37.920036,37.920036,1.44495582,1.44495582,2.23643764,2.23643764,0.187719026,0.0,0.0,18.9456144,0.0400832726,0.0,-509.430888,0.488408301,363.879172,0.0,0.0
96.5,0.0,-511.369876,-0.0111294996,-0.0111294996,0.000595990379,0.000595990379,0.00135020676,0.00135020676,365.264169,37.920036,37.920036,1.45045557,1.45045557,2.24100941,2.24100941,0.187698562,0.0,0.0,19.0177249,0.0400396721,0.0,-511.369876,0.490267293,365.264169,0.0,0.0
97.0,0.0,-513.306755,-0.01111734745,-0.01111734745,0.000597594543,0.000597594543,0.00135096489,0.00135096489,366.647648,37.920036,37.920036,1.45594933,1.45594933,2.24556014,2.24556014,0.187678054,0.0,0.0,19.089757,0.0399959533,0.0,-513.306755,0.492124265,366.647648,0.0,0.0
97.5,0.0,-515.241524,-0.0111051627,-0.0111051627,0.000599189581,0.000599189581,0.00135170229,0.00135170229,368.029621,37.920036,37.920036,1.46143713,1.46143713,2.25009008,2.25009008,0.187657502,0.0,0.0,19.1617104,0.0399521171,0.0,-515.241524,0.493979211,368.029621,0.0,0.0
98.0,0.0,-517.174135,-0.01109294575,-0.01109294575,0.000600775437,0.000600775437,0.00135241909,0.00135241909,369.410074,37.920036,37.920036,1.46691887,1.46691887,2.25459927,2.25459927,0.187636904,0.0,0.0,19.2335839,0.0399081652,0.0,-517.174135,0.495832109,369.410074,0.0,0.0
98.5,0.0,-519.104655,-0.01108069645,-0.01108069645,0.000602352145,0.000602352145,0.00135311541,0.00135311541,370.78901,37.920036,37.920036,1.47239457,1.47239457,2.25908789,2.25908789,0.187616263,0.0,0.0,19.3053792,0.0398640973,0.0,-519.104655,0.497682972,370.78901,0.0,0.0
99.0,0.0,-521.033023,-0.01106841535,-0.01106841535,0.000603919664,0.000603919664,0.00135379137,0.00135379137,372.166413,37.920036,37.920036,1.47786426,1.47786426,2.26355595,2.26355595,0.187595581,0.0,0.0,19.3770947,0.039819914,0.0,-521.033023,0.499531784,372.166413,0.0,0.0
99.5,0.0,-522.959249,-0.0110561021,-0.0110561021,0.000605477996,0.000605477996,0.00135444718,0.00135444718,373.542287,37.920036,37.920036,1.48332779,1.48332779,2.26800371,2.26800371,0.187574859,0.0,0.0,19.4487306,0.0397756171,0.0,-522.959249,0.501378536,373.542287,0.0,0.0
100.0,0.0,-524.88334,-0.0110437576,-0.0110437576,0.000607027142,0.000607027142,0.00135508282,0.00135508282,374.916627,37.920036,37.920036,1.48878528,1.48878528,2.27243112,2.27243112,0.18755409,0.0,0.0,19.5202871,0.0397312065,0.0,-524.88334,0.503223243,374.916627,0.0,0.0
100.5,0.0,-526.805261,-0.0110313814,-0.0110313814,0.000608567103,0.000608567103,0.0013556985,0.0013556985,376.28944,37.920036,37.920036,1.49423665,1.49423665,2.27683846,2.27683846,0.187533283,0.0,0.0,19.5917631,0.0396866803,0.0,-526.805261,0.505065896,376.28944,0.0,0.0
101.0,0.0,-528.725032,-0.011018974,-0.011018974,0.000610097857,0.000610097857,0.00135629437,0.00135629437,377.660698,37.920036,37.920036,1.49968189,1.49968189,2.28122579,2.28122579,0.187512437,0.0,0.0,19.6631587,0.039642044,0.0,-528.725032,0.506906462,377.660698,0.0,0.0
101.5,0.0,-530.642626,-0.0110065356,-0.0110065356,0.000611619399,0.000611619399,0.00135687045,0.00135687045,379.030424,37.920036,37.920036,1.50512104,1.50512104,2.28559313,2.28559313,0.187491544,0.0,0.0,19.734474,0.0395972952,0.0,-530.642626,0.508744946,379.030424,0.0,0.0
102.0,0.0,-532.558076,-0.01099406595,-0.01099406595,0.000613131735,0.000613131735,0.00135742692,0.00135742692,380.398588,37.920036,37.920036,1.51055403,1.51055403,2.28994074,2.28994074,0.18747061,0.0,0.0,19.8057092,0.0395524342,0.0,-532.558076,0.510581368,380.398588,0.0,0.0
102.5,0.0,-534.471338,-0.01098156625,-0.01098156625,0.000614634842,0.000614634842,0.00135796394,0.00135796394,381.765209,37.920036,37.920036,1.51598085,1.51598085,2.29426868,2.29426868,0.187449636,0.0,0.0,19.8768625,0.0395074638,0.0,-534.471338,0.512415711,381.765209,0.0,0.0
103.0,0.0,-536.382417,-0.01096903555,-0.01096903555,0.000616128718,0.000616128718,0.00135848156,0.00135848156,383.130262,37.920036,37.920036,1.52140144,1.52140144,2.29857709,2.29857709,0.187428618,0.0,0.0,19.9479354,0.0394623848,0.0,-536.382417,0.514247956,383.130262,0.0,0.0
103.5,0.0,-538.291333,-0.0109564748,-0.0109564748,0.000617613372,0.000617613372,0.00135897993,0.00135897993,384.493769,37.920036,37.920036,1.52681587,1.52681587,2.30286597,2.30286597,0.187407563,0.0,0.0,20.018927,0.0394171951,0.0,-538.291333,0.516078107,384.493769,0.0,0.0
104.0,0.0,-540.198026,-0.01094388365,-0.01094388365,0.000619088787,0.000619088787,0.00135945917,0.00135945917,385.855708,37.920036,37.920036,1.53222408,1.53222408,2.3071355,2.3071355,0.187386465,0.0,0.0,20.0898372,0.0393718977,0.0,-540.198026,0.517906166,385.855708,0.0,0.0
104.5,0.0,-542.102549,-0.0109312627,-0.0109312627,0.000620554956,0.000620554956,0.00135991936,0.00135991936,387.21607,37.920036,37.920036,1.53762608,1.53762608,2.31173051,2.31173051,0.187365324,0.0,0.0,20.1606661,0.039326492,0.0,-542.102549,0.519732096,387.21607,0.0,0.0
105.0,0.0,-544.00486,-0.0109186119,-0.0109186119,0.000622011888,0.000622011888,0.00136036068,0.00136036068,388.574872,37.920036,37.920036,1.54302183,1.54302183,2.31778908,2.31778908,0.187344133,0.0,0.0,20.2314126,0.0392809797,0.0,-544.00486,0.521555942,388.574872,0.0,0.0
105.5,0.0,-545.90498,-0.0109059315,-0.0109059315,0.000623459573,0.000623459573,0.00136078323,0.00136078323,389.932086,37.920036,37.920036,1.54841134,1.54841134,2.32399978,2.32399978,0.187322885,0.0,0.0,20.3020774,0.0392353602,0.0,-545.90498,0.523377651,389.932086,0.0,0.0
106.0,0.0,-547.802879,-0.01089322175,-0.01089322175,0.000624897996,0.000624897996,0.00136118706,0.00136118706,391.28773,37.920036,37.920036,1.55379455,1.55379455,2.33019314,2.33019314,0.187301575,0.0,0.0,20.3726596,0.0391896362,0.0,-547.802879,0.525197281,391.28773,0.0,0.0
106.5,0.0,-549.698557,-0.01088048285,-0.01088048285,0.000626327163,0.000626327163,0.00136157234,0.00136157234,392.641793,37.920036,37.920036,1.55917152,1.55917152,2.33636939,2.33636939,0.187280207,0.0,0.0,20.4431598,0.0391438073,0.0,-549.698557,0.527014764,392.641793,0.0,0.0
107.0,0.0,-551.592002,-0.01086771505,-0.01086771505,0.000627747061,0.000627747061,0.00136193917,0.00136193917,393.994268,37.920036,37.920036,1.56454215,1.56454215,2.34252834,2.34252834,0.187258779,0.0,0.0,20.5135767,0.0390978732,0.0,-551.592002,0.528830105,393.994268,0.0,0.0
107.5,0.0,-553.483267,-0.01085491835,-0.01085491835,0.000629157714,0.000629157714,0.0013622877,0.0013622877,395.345151,37.920036,37.920036,1.56990646,1.56990646,2.34867019,2.34867019,0.187237295,0.0,0.0,20.5839119,0.039051835,0.0,-553.483267,0.530643322,395.345151,0.0,0.0
108.0,0.0,-555.372269,-0.0108420931,-0.0108420931,0.000630559086,0.000630559086,0.00136261796,0.00136261796,396.694444,37.920036,37.920036,1.57526448,1.57526448,2.35479496,2.35479496,0.187215752,0.0,0.0,20.6541638,0.0390056945,0.0,-555.372269,0.532454408,396.694444,0.0,0.0
108.5,0.0,-557.259027,-0.0108292391,-0.0108292391,0.0006319512,0.0006319512,0.00136293013,0.00136293013,398.042131,37.920036,37.920036,1.58061615,1.58061615,2.36090262,2.36090262,0.18719415,0.0,0.0,20.724332,0.0389594515,0.0,-557.259027,0.534263347,398.042131,0.0,0.0
109.0,0.0,-559.143569,-0.0108163571,-0.0108163571,0.000633334036,0.000633334036,0.00136322434,0.00136322434,399.388226,37.920036,37.920036,1.58596143,1.58596143,2.36699331,2.36699331,0.187172492,0.0,0.0,20.7944173,0.0389131063,0.0,-559.143569,0.536070136,399.388226,0.0,0.0
109.5,0.0,-561.025863,-0.0108034469,-0.0108034469,0.000634707606,0.000634707606,0.00136350063,0.00136350063,400.73272,37.920036,37.920036,1.59130037,1.59130037,2.37306706,2.37306706,0.187150774,0.0,0.0,20.8644189,0.0388666617,0.0,-561.025863,0.537874778,400.73272,0.0,0.0
110.0,0.0,-562.905889,-0.010790509,-0.010790509,0.000636071892,0.000636071892,0.00136375916,0.00136375916,402.075592,37.920036,37.920036,1.59663294,1.59663294,2.37912385,2.37912385,0.187128996,0.0,0.0,20.9343368,0.0388201157,0.0,-562.905889,0.539677255,402.075592,0.0,0.0
110.5,0.0,-564.783663,-0.0107775433,-0.0107775433,0.000637426898,0.000637426898,0.00136400001,0.00136400001,403.416867,37.920036,37.920036,1.60195906,1.60195906,2.38516378,2.38516378,0.18710716,0.0,0.0,21.0041714,0.0387734702,0.0,-564.783663,0.541477573,403.416867,0.0,0.0
111.0,0.0,-566.65918,-0.01076455025,-0.01076455025,0.000638772643,0.000638772643,0.00136422331,0.00136422331,404.756532,37.920036,37.920036,1.6072788,1.6072788,2.39118688,2.39118688,0.18708527,0.0,0.0,21.0739213,0.0387267251,0.0,-566.65918,0.543275727,404.756532,0.0,0.0
111.5,0.0,-568.532446,-0.01075152965,-0.01075152965,0.000640109087,0.000640109087,0.00136442913,0.00136442913,406.094568,37.920036,37.920036,1.61259215,1.61259215,2.39719308,2.39719308,0.187063319,0.0,0.0,21.1435873,0.038679883,0.0,-568.532446,0.545071688,406.094568,0.0,0.0
112.0,0.0,-570.403432,-0.0107384822,-0.0107384822,0.000641436255,0.000641436255,0.00136461766,0.00136461766,407.430983,37.920036,37.920036,1.61789901,1.61789901,2.40318262,2.40318262,0.187041311,0.0,0.0,21.213169,0.0386329423,0.0,-570.403432,0.546865496,407.430983,0.0,0.0
112.5,0.0,-572.272144,-0.01072540785,-0.01072540785,0.000642754134,0.000642754134,0.0013647889,0.0013647889,408.765772,37.920036,37.920036,1.62319945,1.62319945,2.40915544,2.40915544,0.187019248,0.0,0.0,21.2826656,0.038585905,0.0,-572.272144,0.548657126,408.765772,0.0,0.0
113.0,0.0,-574.138573,-0.0107123062,-0.0107123062,0.000644062747,0.000644062747,0.00136494305,0.00136494305,410.09894,37.920036,37.920036,1.62849342,1.62849342,2.41511152,2.41511152,0.186997126,0.0,0.0,21.3520778,0.0385387729,0.0,-574.138573,0.550446563,410.09894,0.0,0.0
113.5,0.0,-576.002716,-0.0106991783,-0.0106991783,0.00064536208,0.00064536208,0.00136508014,0.00136508014,411.430473,37.920036,37.920036,1.6337809,1.6337809,2.42105108,2.42105108,0.18697495,0.0,0.0,21.421405,0.0384915437,0.0,-576.002716,0.552233816,411.430473,0.0,0.0
114.0,0.0,-577.86457,-0.0106860242,-0.0106860242,0.000646652124,0.000646652124,0.00136520035,0.00136520035,412.760379,37.920036,37.920036,1.63906192,1.63906192,2.42697395,2.42697395,0.186952713,0.0,0.0,21.4906473,0.0384442207,0.0,-577.86457,0.554018877,412.760379,0.0,0.0
114.5,0.0,-579.724154,-0.01067284415,-0.01067284415,0.000647932902,0.000647932902,0.00136530371,0.00136530371,414.088638,37.920036,37.920036,1.64433643,1.64433643,2.43288029,2.43288029,0.186930422,0.0,0.0,21.5598041,0.0383968023,0.0,-579.724154,0.555801738,414.088638,0.0,0.0
115.0,0.0,-581.58141,-0.01065963795,-0.01065963795,0.000649204382,0.000649204382,0.00136539042,0.00136539042,415.415258,37.920036,37.920036,1.64960439,1.64960439,2.43877016,2.43877016,0.186908074,0.0,0.0,21.6288755,0.038349291,0.0,-581.58141,0.55758239,415.415258,0.0,0.0
115.5,0.0,-583.436388,-0.01064640565,-0.01064640565,0.000650466578,0.000650466578,0.00136546046,0.00136546046,416.740234,37.920036,37.920036,1.65486587,1.65486587,2.44464355,2.44464355,0.186885669,0.0,0.0,21.6978611,0.0383016861,0.0,-583.436388,0.559360832,416.740234,0.0,0.0
116.0,0.0,-585.289046,-0.0106331479,-0.0106331479,0.000651719515,0.000651719515,0.001365514,0.001365514,418.063563,37.920036,37.920036,1.66012076,1.66012076,2.45050043,2.45050043,0.186863205,0.0,0.0,21.7667613,0.0382539911,0.0,-585.289046,0.561137089,418.063563,0.0,0.0
116.5,0.0,-587.139396,-0.0106198649,-0.0106198649,0.000652963155,0.000652963155,0.00136555119,0.00136555119,419.385244,37.920036,37.920036,1.66536913,1.66536913,2.45634104,2.45634104,0.186840693,0.0,0.0,21.8355757,0.0382062035,0.0,-587.139396,0.562911112,419.385244,0.0,0.0
117.0,0.0,-588.987433,-0.01060655615,-0.01060655615,0.000654197541,0.000654197541,0.00136557207,0.00136557207,420.705275,37.920036,37.920036,1.6706109,1.6706109,2.46216526,2.46216526,0.186818122,0.0,0.0,21.9043034,0.0381583246,0.0,-588.987433,0.564682913,420.705275,0.0,0.0
117.5,0.0,-590.83314,-0.0105932227,-0.0105932227,0.000655422644,0.000655422644,0.00136557671,0.00136557671,422.02363,37.920036,37.920036,1.67584615,1.67584615,2.46797317,2.46797317,0.18679549,0.0,0.0,21.9729453,0.0381103558,0.0,-590.83314,0.566452484,422.02363,0.0,0.0
118.0,0.0,-592.67655,-0.0105798645,-0.0105798645,0.000656638481,0.000656638481,0.00136556529,0.00136556529,423.340348,37.920036,37.920036,1.68107477,1.68107477,2.4737648,2.4737648,0.186772808,0.0,0.0,22.0415006,0.0380622984,0.0,-592.67655,0.568219833,423.340348,0.0,0.0
118.5,0.0,-594.517604,-0.0105664816,-0.0105664816,0.000657845033,0.000657845033,0.00136553787,0.00136553787,424.65539,37.920036,37.920036,1.68629676,1.68629676,2.47954028,2.47954028,0.186750068,0.0,0.0,22.1099694,0.0380141511,0.0,-594.517604,0.56998496,424.65539,0.0,0.0
119.0,0.0,-596.356326,-0.01055307425,-0.01055307425,0.000659042335,0.000659042335,0.00136549454,0.00136549454,425.968771,37.920036,37.920036,1.69151216,1.69151216,2.48529952,2.48529952,0.186727274,0.0,0.0,22.1783512,0.0379659174,0.0,-596.356326,0.571747843,425.968771,0.0,0.0
119.5,0.0,-598.192738,-0.0105396427,-0.0105396427,0.000660230363,0.000660230363,0.00136543542,0.00136543542,427.280488,37.920036,37.920036,1.69672094,1.69672094,2.49104262,2.49104262,0.186704423,0.0,0.0,22.2466465,0.0379175946,0.0,-598.192738,0.573508494,427.280488,0.0,0.0
120.0,0.0,-600.026797,-0.01052618675,-0.01052618675,0.000661409136,0.000661409136,0.00136536061,0.00136536061,428.590522,37.920036,37.920036,1.70192307,1.70192307,2.49676964,2.49676964,0.186681521,0.0,0.0,22.3148542,0.0378691862,0.0,-600.026797,0.575266899,428.590522,0.0,0.0
120.5,0.0,-601.858501,-0.01051270715,-0.01051270715,0.000662578642,0.000662578642,0.00136527018,0.00136527018,429.89889,37.920036,37.920036,1.70711856,1.70711856,2.50248055,2.50248055,0.186658555,0.0,0.0,22.3829755,0.0378206912,0.0,-601.858501,0.577023059,429.89889,0.0,0.0
121.0,0.0,-603.687866,-0.0104992035,-0.0104992035,0.000663738913,0.000663738913,0.00136516427,0.00136516427,431.205572,37.920036,37.920036,1.71230738,1.71230738,2.5081756,2.5081756,0.186635542,0.0,0.0,22.4510087,0.0377721108,0.0,-603.687866,0.578776959,431.205572,0.0,0.0
121.5,0.0,-605.514857,-0.0104856768,-0.0104856768,0.000664889915,0.000664889915,0.00136504294,0.00136504294,432.510575,37.920036,37.920036,1.7174895,1.7174895,2.51385452,2.51385452,0.186612471,0.0,0.0,22.5189548,0.037723446,0.0,-605.514857,0.580528599,432.510575,0.0,0.0
122.0,0.0,-607.3395,-0.0104721261,-0.0104721261,0.000666031685,0.000666031685,0.00136490629,0.00136490629,433.813899,37.920036,37.920036,1.72266497,1.72266497,2.51951757,2.51951757,0.186589348,0.0,0.0,22.5868132,0.0376746986,0.0,-607.3395,0.582277965,433.813899,0.0,0.0
122.5,0.0,-609.161797,-0.01045855295,-0.01045855295,0.000667164209,0.000667164209,0.00136475446,0.00136475446,435.115527,37.920036,37.920036,1.72783372,1.72783372,2.52516474,2.52516474,0.18656617,0.0,0.0,22.6545833,0.0376258653,0.0,-609.161797,0.584025093,435.115527,0.0,0.0
123.0,0.0,-610.981711,-0.01044495645,-0.01044495645,0.000668287502,0.000668287502,0.00136458748,0.00136458748,436.415476,37.920036,37.920036,1.73299577,1.73299577,2.53079602,2.53079602,0.186542938,0.0,0.0,22.7222655,0.0375769512,0.0,-610.981711,0.585769947,436.415476,0.0,0.0
123.5,0.0,-612.799275,-0.0104313372,-0.0104313372,0.000669401539,0.000669401539,0.00136440554,0.00136440554,437.713731,37.920036,37.920036,1.73815108,1.73815108,2.53641147,2.53641147,0.18651965,0.0,0.0,22.7898604,0.0375279549,0.0,-612.799275,0.587512531,437.713731,0.0,0.0
124.0,0.0,-614.61445,-0.0104176955,-0.0104176955,0.000670506368,0.000670506368,0.00136420863,0.00136420863,439.010284,37.920036,37.920036,1.7432997,1.7432997,2.54201119,2.54201119,0.186496312,0.0,0.0,22.8573664,0.0374788766,0.0,-614.61445,0.589252851,439.010284,0.0,0.0
124.5,0.0,-616.427266,-0.0104040314,-0.0104040314,0.000671601973,0.000671601973,0.00136399687,0.00136399687,440.305141,37.920036,37.920036,1.74844155,1.74844155,2.54759512,2.54759512,0.186472916,0.0,0.0,22.9247839,0.037429718,0.0,-616.427266,0.590990868,440.305141,0.0,0.0
125.0,0.0,-618.23769,-0.01039034485,-0.01039034485,0.000672688358,0.000672688358,0.00136377043,0.00136377043,441.598304,37.920036,37.920036,1.75357665,1.75357665,2.55316343,2.55316343,0.186449466,0.0,0.0,22.9921132,0.0373804798,0.0,-618.23769,0.592726616,441.598304,0.0,0.0
125.5,0.0,-620.045713,-0.0103766365,-0.0103766365,0.000673765524,0.000673765524,0.0013635293,0.0013635293,442.889756,37.920036,37.920036,1.75870499,1.75870499,2.55871599,2.55871599,0.186425966,0.0,0.0,23.0593533,0.0373311619,0.0,-620.045713,0.594460066,442.889756,0.0,0.0
126.0,0.0,-621.851342,-0.0103629061,-0.0103629061,0.000674833509,0.000674833509,0.0013632736,0.0013632736,444.1795,37.920036,37.920036,1.76382652,1.76382652,2.56425301,2.56425301,0.186402411,0.0,0.0,23.1265052,0.0372817659,0.0,-621.851342,0.596191237,444.1795,0.0,0.0
126.5,0.0,-623.654619,-0.0103491543,-0.0103491543,0.000675892272,0.000675892272,0.00136300353,0.00136300353,445.467543,37.920036,37.920036,1.76894132,1.76894132,2.56977446,2.56977446,0.186378802,0.0,0.0,23.1935675,0.037232292,0.0,-623.654619,0.597920109,445.467543,0.0,0.0
127.0,0.0,-625.45547,-0.010335381,-0.010335381,0.000676941846,0.000676941846,0.00136271903,0.00136271903,446.753867,37.920036,37.920036,1.77404931,1.77404931,2.57528033,2.57528033,0.186355135,0.0,0.0,23.2605411,0.0371827401,0.0,-625.45547,0.599646683,446.753867,0.0,0.0
127.5,0.0,-627.253924,-0.0103215863,-0.0103215863,0.000677982248,0.000677982248,0.00136242024,0.00136242024,448.038481,37.920036,37.920036,1.77915049,1.77915049,2.58077072,2.58077072,0.186331425,0.0,0.0,23.3274252,0.0371331118,0.0,-627.253924,0.601370958,448.038481,0.0,0.0
128.0,0.0,-629.049972,-0.0103077703,-0.0103077703,0.000679013436,0.000679013436,0.0013621073,0.0013621073,449.321378,37.920036,37.920036,1.7842448,1.7842448,2.58624565,2.58624565,0.186307659,0.0,0.0,23.3942202,0.0370834089,0.0,-629.049972,0.603092939,449.321378,0.0,0.0
128.5,0.0,-630.843629,-0.01029393385,-0.01029393385,0.000680035475,0.000680035475,0.00136178028,0.00136178028,450.602552,37.920036,37.920036,1.78933231,1.78933231,2.59170515,2.59170515,0.186283841,0.0,0.0,23.4609256,0.0370336298,0.0,-630.843629,0.604812614,450.602552,0.0,0.0
129.0,0.0,-632.63488,-0.01028007635,-0.01028007635,0.000681048358,0.000681048358,0.00136143923,0.00136143923,451.882007,37.920036,37.920036,1.79441299,1.79441299,2.59714928,2.59714928,0.186259967,0.0,0.0,23.5275411,0.0369837759,0.0,-632.63488,0.606529955,451.882007,0.0,0.0
129.5,0.0,-634.423695,-0.0102661986,-0.0102661986,0.000682052056,0.000682052056,0.00136108429,0.00136108429,453.159735,37.920036,37.920036,1.79948683,1.79948683,2.6025781,2.6025781,0.186236042,0.0,0.0,23.5940668,0.0369338489,0.0,-634.423695,0.608245005,453.159735,0.0,0.0
130.0,0.0,-636.210075,-0.01025230015,-0.01025230015,0.000683046616,0.000683046616,0.0013607155,0.0013607155,454.435732,37.920036,37.920036,1.80455382,1.80455382,2.60799158,2.60799158,0.186212067,0.0,0.0,23.6605027,0.0368838482,0.0,-636.210075,0.609957714,454.435732,0.0,0.0
130.5,0.0,-637.99406,-0.0102383819,-0.0102383819,0.000684032046,0.000684032046,0.001360333,0.001360333,455.710003,37.920036,37.920036,1.80961391,1.80961391,2.61338985,2.61338985,0.186188034,0.0,0.0,23.7268485,0.0368337752,0.0,-637.99406,0.611668106,455.710003,0.0,0.0
131.0,0.0,-639.775616,-0.0102244436,-0.0102244436,0.000685008305,0.000685008305,0.00135993683,0.00135993683,456.982542,37.920036,37.920036,1.81466715,1.81466715,2.61877287,2.61877287,0.186163953,0.0,0.0,23.7931042,0.0367836307,0.0,-639.775616,0.613376177,456.982542,0.0,0.0
131.5,0.0,-641.55475,-0.0102104856,-0.0102104856,0.000685975473,0.000685975473,0.00135952714,0.00135952714,458.253343,37.920036,37.920036,1.81971345,1.81971345,2.62414068,2.62414068,0.186139817,0.0,0.0,23.8592698,0.0367334144,0.0,-641.55475,0.615081926,458.253343,0.0,0.0
132.0,0.0,-643.331434,-0.01019650745,-0.01019650745,0.000686933501,0.000686933501,0.00135910395,0.00135910395,459.522418,37.920036,37.920036,1.8247529,1.8247529,2.62949335,2.62949335,0.186115634,0.0,0.0,23.9253442,0.0366831276,0.0,-643.331434,0.616785343,459.522418,0.0,0.0
132.5,0.0,-645.105704,-0.0101825103,-0.0101825103,0.000687882438,0.000687882438,0.0013587788,0.0013587788,460.789746,37.920036,37.920036,1.82978542,1.82978542,2.63483092,2.63483092,0.186091398,0.0,0.0,23.9913285,0.0366327713,0.0,-645.105704,0.618486421,460.789746,0.0,0.0
133.0,0.0,-646.877514,-0.01016849385,-0.01016849385,0.00068882225,0.00068882225,0.00135920303,0.00135920303,462.055329,37.920036,37.920036,1.83481102,1.83481102,2.64015349,2.64015349,0.186067108,0.0,0.0,24.0572222,0.0365823451,0.0,-646.877514,0.620185167,462.055329,0.0,0.0
133.5,0.0,-648.646894,-0.01015445845,-0.01015445845,0.00068975299,0.00068975299,0.00135975354,0.00135975354,463.319174,37.920036,37.920036,1.83982972,1.83982972,2.645461,2.645461,0.186042769,0.0,0.0,24.1230245,0.0365318512,0.0,-648.646894,0.621881558,463.319174,0.0,0.0
134.0,0.0,-650.41383,-0.010140404,-0.010140404,0.000690674631,0.000690674631,0.00136028684,0.00136028684,464.581256,37.920036,37.920036,1.84484149,1.84484149,2.65075348,2.65075348,0.186018375,0.0,0.0,24.1887368,0.0364812893,0.0,-650.41383,0.623575618,464.581256,0.0,0.0
134.5,0.0,-652.178308,-0.01012633115,-0.01012633115,0.000691587213,0.000691587213,0.00136080307,0.00136080307,465.841611,37.920036,37.920036,1.84984626,1.84984626,2.65603102,2.65603102,0.185993936,0.0,0.0,24.2543571,0.0364306604,0.0,-652.178308,0.625267321,465.841611,0.0,0.0
135.0,0.0,-653.940343,-0.0101122395,-0.0101122395,0.000692490733,0.000692490733,0.00136130234,0.00136130234,467.100201,37.920036,37.920036,1.85484411,1.85484411,2.66129368,2.66129368,0.185969441,0.0,0.0,24.3198864,0.036379964,0.0,-653.940343,0.626956678,467.100201,0.0,0.0
135.5,0.0,-655.699915,-0.01009812985,-0.01009812985,0.000693385196,0.000693385196,0.00136178465,0.00136178465,468.357042,37.920036,37.920036,1.859835,1.859835,2.66654144,2.66654144,0.1859449,0.0,0.0,24.3853248,0.0363292031,0.0,-655.699915,0.628643675,468.357042,0.0,0.0
136.0,0.0,-657.457011,-0.01008400175,-0.01008400175,0.000694270606,0.000694270606,0.00136225006,0.00136225006,469.612124,37.920036,37.920036,1.8648189,1.8648189,2.67177437,2.67177437,0.185920305,0.0,0.0,24.4506716,0.0362783763,0.0,-657.457011,0.630328326,469.612124,0.0,0.0
136.5,0.0,-659.211685,-0.01006985595,-0.01006985595,0.000695146986,0.000695146986,0.00136269869,0.00136269869,470.865457,37.920036,37.920036,1.86979585,1.86979585,2.67699256,2.67699256,0.185895658,0.0,0.0,24.5159268,0.0362274846,0.0,-659.211685,0.632010599,470.865457,0.0,0.0
137.0,0.0,-660.963867,-0.0100556924,-0.0100556924,0.000696014346,0.000696014346,0.00136313061,0.00136313061,472.117011,37.920036,37.920036,1.87476573,1.87476573,2.68219586,2.68219586,0.18587096,0.0,0.0,24.5810905,0.0361765298,0.0,-660.963867,0.633690549,472.117011,0.0,0.0
137.5,0.0,-662.7136,-0.0100415115,-0.0100415115,0.00069687268,0.00069687268,0.00136354589,0.00136354589,473.366813,37.920036,37.920036,1.87972868,1.87972868,2.68738453,2.68738453,0.185846217,0.0,0.0,24.6461626,0.0361255106,0.0,-662.7136,0.635368098,473.366813,0.0,0.0
138.0,0.0,-664.460859,-0.01002731275,-0.01002731275,0.00069772203,0.00069772203,0.00136394457,0.00136394457,474.614849,37.920036,37.920036,1.88468463,1.88468463,2.69255853,2.69255853,0.185821421,0.0,0.0,24.7111423,0.0360744306,0.0,-664.460859,0.637043288,474.614849,0.0,0.0
138.5,0.0,-666.205618,-0.01001309695,-0.01001309695,0.000698562391,0.000698562391,0.00136432672,0.00136432672,475.861125,37.920036,37.920036,1.88963352,1.88963352,2.69771784,2.69771784,0.185796577,0.0,0.0,24.7760297,0.0360232873,0.0,-666.205618,0.638716091,475.861125,0.0,0.0
139.0,0.0,-667.947928,-0.0099988641,-0.0099988641,0.000699393781,0.000699393781,0.00136469248,0.00136469248,477.105621,37.920036,37.920036,1.89457542,1.89457542,2.70286252,2.70286252,0.185771681,0.0,0.0,24.8408257,0.0359720837,0.0,-667.947928,0.640386538,477.105621,0.0,0.0
139.5,0.0,-669.68775,-0.00998461435,-0.00998461435,0.000700216185,0.000700216185,0.00136504182,0.00136504182,478.348355,37.920036,37.920036,1.89951025,1.89951025,2.70799269,2.70799269,0.185746735,0.0,0.0,24.9055297,0.0359208185,0.0,-669.68775,0.642054613,478.348355,0.0,0.0
140.0,0.0,-671.425091,-0.00997034825,-0.00997034825,0.000701029638,0.000701029638,0.00136537491,0.00136537491,479.589308,37.920036,37.920036,1.90443804,1.90443804,2.71310833,2.71310833,0.185721738,0.0,0.0,24.9701404,0.0358694948,0.0,-671.425091,0.643720286,479.589308,0.0,0.0
140.5,0.0,-673.159936,-0.00995606545,-0.00995606545,0.000701834145,0.000701834145,0.00136569175,0.00136569175,480.828489,37.920036,37.920036,1.90935884,1.90935884,2.71820944,2.71820944,0.185696691,0.0,0.0,25.0346597,0.0358181094,0.0,-673.159936,0.645383593,480.828489,0.0,0.0
141.0,0.0,-674.892306,-0.0099417663,-0.0099417663,0.000702629737,0.000702629737,0.00136599246,0.00136599246,482.065894,37.920036,37.920036,1.91427254,1.91427254,2.7232961,2.7232961,0.185671597,0.0,0.0,25.0990855,0.0357666677,0.0,-674.892306,0.647044522,482.065894,0.0,0.0
141.5,0.0,-676.622193,-0.0099274512,-0.0099274512,0.000703416403,0.000703416403,0.00136627703,0.00136627703,483.301518,37.920036,37.920036,1.91917919,1.91917919,2.7283684,2.7283684,0.185646452,0.0,0.0,25.1634191,0.0357151676,0.0,-676.622193,0.64870303,483.301518,0.0,0.0
142.0,0.0,-678.349562,-0.00991312025,-0.00991312025,0.000704194136,0.000704194136,0.00136654567,0.00136654567,484.535368,37.920036,37.920036,1.92407872,1.92407872,2.73342622,2.73342622,0.18562126,0.0,0.0,25.22766,0.0356636098,0.0,-678.349562,0.650359164,484.535368,0.0,0.0
142.5,0.0,-680.074441,-0.0098987735,-0.0098987735,0.000704963017,0.000704963017,0.00136679834,0.00136679834,485.767426,37.920036,37.920036,1.92897119,1.92897119,2.73846974,2.73846974,0.185596018,0.0,0.0,25.2918082,0.0356119957,0.0,-680.074441,0.652012925,485.767426,0.0,0.0
143.0,0.0,-681.796834,-0.00988441105,-0.00988441105,0.000705722977,0.000705722977,0.0013670351,0.0013670351,486.997693,37.920036,37.920036,1.93385658,1.93385658,2.74349893,2.74349893,0.185570728,0.0,0.0,25.3558629,0.0355603252,0.0,-681.796834,0.653664266,486.997693,0.0,0.0
143.5,0.0,-683.516703,-0.0098700333,-0.0098700333,0.000706474097,0.000706474097,0.00136725611,0.00136725611,488.226172,37.920036,37.920036,1.93873489,1.93873489,2.74851384,2.74851384,0.185545388,0.0,0.0,25.4198252,0.0355085993,0.0,-683.516703,0.655313219,488.226172,0.0,0.0
144.0,0.0,-685.234083,-0.0098556403,-0.0098556403,0.000707216347,0.000707216347,0.00136746139,0.00136746139,489.452875,37.920036,37.920036,1.94360606,1.94360606,2.7535146,2.7535146,0.185520001,0.0,0.0,25.483694,0.0354568193,0.0,-685.234083,0.656959768,489.452875,0.0,0.0
144.5,0.0,-686.948937,-0.0098412321,-0.0098412321,0.000707949756,0.000707949756,0.001367651,0.001367651,490.677779,37.920036,37.920036,1.94847013,1.94847013,2.7585011,2.7585011,0.185494563,0.0,0.0,25.5474692,0.0354049846,0.0,-686.948937,0.658603907,490.677779,0.0,0.0
145.0,0.0,-688.66131,-0.00982680955,-0.00982680955,0.00070867435,0.00070867435,0.00136782504,0.00136782504,491.900898,37.920036,37.920036,1.9533271,1.9533271,2.76347348,2.76347348,0.185469077,0.0,0.0,25.6111515,0.0353530969,0.0,-688.66131,0.660245648,491.900898,0.0,0.0
145.5,0.0,-690.371144,-0.00981237195,-0.00981237195,0.000709390112,0.000709390112,0.00136798354,0.00136798354,493.122217,37.920036,37.920036,1.95817693,1.95817693,2.76843173,2.76843173,0.185443545,0.0,0.0,25.6747405,0.0353011568,0.0,-690.371144,0.661884985,493.122217,0.0,0.0
146.0,0.0,-692.078484,-0.00979791985,-0.00979791985,0.000710097072,0.000710097072,0.00136812664,0.00136812664,494.34174,37.920036,37.920036,1.96301962,1.96301962,2.77337581,2.77337581,0.185417962,0.0,0.0,25.7382356,0.0352491634,0.0,-692.078484,0.663521887,494.34174,0.0,0.0
146.5,0.0,-693.783295,-0.0097834537,-0.0097834537,0.000710795258,0.000710795258,0.00136825433,0.00136825433,495.55946,37.920036,37.920036,1.96785517,1.96785517,2.77830591,2.77830591,0.185392332,0.0,0.0,25.8016372,0.0351971194,0.0,-693.783295,0.665156402,495.55946,0.0,0.0
147.0,0.0,-695.4856,-0.00976897305,-0.00976897305,0.000711484673,0.000711484673,0.00136836675,0.00136836675,496.775382,37.920036,37.920036,1.97268356,1.97268356,2.78322194,2.78322194,0.185366657,0.0,0.0,25.8649455,0.0351450248,0.0,-695.4856,0.666788472,496.775382,0.0,0.0
147.5,0.0,-697.18535,-0.00975447875,-0.00975447875,0.000712165321,0.000712165321,0.00136846387,0.00136846387,497.989507,37.920036,37.920036,1.97750481,1.97750481,2.78812413,2.78812413,0.18534093,0.0,0.0,25.9281599,0.0350928786,0.0,-697.18535,0.668418156,497.989507,0.0,0.0
148.0,0.0,-698.882598,-0.00973997045,-0.00973997045,0.000712837234,0.000712837234,0.00136854591,0.00136854591,499.201829,37.920036,37.920036,1.9823189,1.9823189,2.79301226,2.79301226,0.18531516,0.0,0.0,25.9912792,0.0350406847,0.0,-698.882598,0.670045418,499.201829,0.0,0.0
148.5,0.0,-700.577322,-0.00972544905,-0.00972544905,0.000713500401,0.000713500401,0.00136861285,0.00136861285,500.412335,37.920036,37.920036,1.98712581,1.98712581,2.79788654,2.79788654,0.185289335,0.0,0.0,26.0543049,0.0349884418,0.0,-700.577322,0.671670234,500.412335,0.0,0.0
149.0,0.0,-702.269504,-0.0097109139,-0.0097109139,0.000714154869,0.000714154869,0.00136866472,0.00136866472,501.621038,37.920036,37.920036,1.99192556,1.99192556,2.80274694,2.80274694,0.185263472,0.0,0.0,26.1172377,0.0349361498,0.0,-702.269504,0.673292641,501.621038,0.0,0.0
149.5,0.0,-703.959171,-0.0096963654,-0.0096963654,0.000714800638,0.000714800638,0.0013687017,0.0013687017,502.827933,37.920036,37.920036,1.99671811,1.99671811,2.8075935,2.8075935,0.185237554,0.0,0.0,26.1800755,0.0348838093,0.0,-703.959171,0.674912596,502.827933,0.0,0.0
150.0,0.0,-705.646295,-0.00968180405,-0.00968180405,0.000715437719,0.000715437719,0.00136872374,0.00136872374,504.03302,37.920036,37.920036,2.00150351,2.00150351,2.81242628,2.81242628,0.185211596,0.0,0.0,26.2428191,0.0348314231,0.0,-705.646295,0.67653015,504.03302,0.0,0.0
150.5,0.0,-707.330868,-0.00966722985,-0.00966722985,0.000716066153,0.000716066153,0.00136873102,0.00136873102,505.236298,37.920036,37.920036,2.00628166,2.00628166,2.81724526,2.81724526,0.185185589,0.0,0.0,26.3054683,0.0347789906,0.0,-707.330868,0.678145263,505.236298,0.0,0.0
151.0,0.0,-709.012922,-0.0096526426,-0.0096526426,0.000716685907,0.000716685907,0.00136872355,0.00136872355,506.437753,37.920036,37.920036,2.01105264,2.01105264,2.8220506,2.8220506,0.185159527,0.0,0.0,26.3680235,0.034726511,0.0,-709.012922,0.679757943,506.437753,0.0,0.0
151.5,0.0,-710.692429,-0.0096380431,-0.0096380431,0.000717297034,0.000717297034,0.00136870138,0.00136870138,507.637403,37.920036,37.920036,2.01581644,2.01581644,2.82684217,2.82684217,0.185133428,0.0,0.0,26.4304837,0.0346739879,0.0,-710.692429,0.681368189,507.637403,0.0,0.0
152.0,0.0,-712.369379,-0.00962343115,-0.00962343115,0.000717899537,0.000717899537,0.00136866467,0.00136866467,508.835235,37.920036,37.920036,2.02057295,2.02057295,2.83162006,2.83162006,0.185107277,0.0,0.0,26.4928496,0.0346214191,0.0,-712.369379,0.682976008,508.835235,0.0,0.0
152.5,0.0,-714.043797,-0.0096088071,-0.0096088071,0.000718493451,0.000718493451,0.00136861338,0.00136861338,510.031246,37.920036,37.920036,2.02532231,2.02532231,2.83638449,2.83638449,0.18508108,0.0,0.0,26.5551207,0.0345688082,0.0,-714.043797,0.684581353,510.031246,0.0,0.0
153.0,0.0,-715.71567,-0.00959417065,-0.00959417065,0.000719078765,0.000719078765,0.00136854766,0.00136854766,511.225433,37.920036,37.920036,2.03006444,2.03006444,2.84113518,2.84113518,0.18505484,0.0,0.0,26.6172972,0.0345161532,0.0,-715.71567,0.686184274,511.225433,0.0,0.0
153.5,0.0,-717.384989,-0.00957952285,-0.00957952285,0.000719655503,0.000719655503,0.00136846754,0.00136846754,512.417809,37.920036,37.920036,2.03479927,2.03479927,2.84587239,2.84587239,0.185028547,0.0,0.0,26.6793785,0.0344634548,0.0,-717.384989,0.687784759,512.417809,0.0,0.0
154.0,0.0,-719.051756,-0.0095648633,-0.0095648633,0.000720223699,0.000720223699,0.00136837313,0.00136837313,513.608363,37.920036,37.920036,2.03952692,2.03952692,2.85059611,2.85059611,0.185002214,0.0,0.0,26.7413656,0.0344107157,0.0,-719.051756,0.689382794,513.608363,0.0,0.0
154.5,0.0,-720.71597,-0.0095501921,-0.0095501921,0.00072078336,0.00072078336,0.00136826442,0.00136826442,514.797081,37.920036,37.920036,2.04424732,2.04424732,2.85530631,2.85530631,0.184975836,0.0,0.0,26.8032569,0.0343579344,0.0,-720.71597,0.690978384,514.797081,0.0,0.0
155.0,0.0,-722.377637,-0.00953551,-0.00953551,0.000721334495,0.000721334495,0.00136814157,0.00136814157,515.983982,37.920036,37.920036,2.04896047,2.04896047,2.86000309,2.86000309,0.18494941,0.0,0.0,26.8650538,0.0343051133,0.0,-722.377637,0.692571508,515.983982,0.0,0.0
155.5,0.0,-724.036733,-0.0095208161,-0.0095208161,0.000721877118,0.000721877118,0.00136800459,0.00136800459,517.169057,37.920036,37.920036,2.05366634,2.05366634,2.86468657,2.86468657,0.184922935,0.0,0.0,26.9267555,0.0342522507,0.0,-724.036733,0.694162187,517.169057,0.0,0.0
156.0,0.0,-725.693276,-0.0095061118,-0.0095061118,0.000722411256,0.000722411256,0.00136785359,0.00136785359,518.352291,37.920036,37.920036,2.05836499,2.05836499,2.86935656,2.86935656,0.184896421,0.0,0.0,26.9883617,0.0341993501,0.0,-725.693276,0.695750405,518.352291,0.0,0.0
156.5,0.0,-727.347244,-0.00949139655,-0.00949139655,0.000722936936,0.000722936936,0.00136768858,0.00136768858,519.533706,37.920036,37.920036,2.06305636,2.06305636,2.87401324,2.87401324,0.184869853,0.0,0.0,27.0498729,0.0341464102,0.0,-727.347244,0.697336187,519.533706,0.0,0.0
157.0,0.0,-728.998691,-0.0094766705,-0.0094766705,0.000723454144,0.000723454144,0.0013675097,0.0013675097,520.713294,37.920036,37.920036,2.06774047,2.06774047,2.87865665,2.87865665,0.184843247,0.0,0.0,27.1112886,0.0340934325,0.0,-728.998691,0.698919514,520.713294,0.0,0.0
157.5,0.0,-730.647515,-0.00946193425,-0.00946193425,0.000723962948,0.000723962948,0.00136731697,0.00136731697,521.891048,37.920036,37.920036,2.07241727,2.07241727,2.88328675,2.88328675,0.184816593,0.0,0.0,27.1726089,0.0340404171,0.0,-730.647515,0.700500361,521.891048,0.0,0.0
158.0,0.0,-732.293808,-0.00944718765,-0.00944718765,0.0007244633,0.0007244633,0.0013671105,0.0013671105,523.066965,37.920036,37.920036,2.0770868,2.0770868,2.88790366,2.88790366,0.184789894,0.0,0.0,27.2338338,0.0339873642,0.0,-732.293808,0.702078761,523.066965,0.0,0.0
158.5,0.0,-733.937515,-0.0094324307,-0.0094324307,0.000724955276,0.000724955276,0.00136689035,0.00136689035,524.241035,37.920036,37.920036,2.0817491,2.0817491,2.89250739,2.89250739,0.18476315,0.0,0.0,27.2949635,0.0339342752,0.0,-733.937515,0.703654687,524.241035,0.0,0.0
159.0,0.0,-735.578666,-0.00941766425,-0.00941766425,0.000725438865,0.000725438865,0.00136665655,0.00136665655,525.413299,37.920036,37.920036,2.08640406,2.08640406,2.89709794,2.89709794,0.184736357,0.0,0.0,27.3559969,0.0338811504,0.0,-735.578666,0.70522816,525.413299,0.0,0.0
159.5,0.0,-737.217237,-0.00940288755,-0.00940288755,0.000725914093,0.000725914093,0.00136640916,0.00136640916,526.583692,37.920036,37.920036,2.09105173,2.09105173,2.90167536,2.90167536,0.184709525,0.0,0.0,27.4169353,0.0338279907,0.0,-737.217237,0.706799169,526.583692,0.0,0.0
160.0,0.0,-738.853244,-0.00938810195,-0.00938810195,0.000726380974,0.000726380974,0.00136614831,0.00136614831,527.752282,37.920036,37.920036,2.09569205,2.09569205,2.90623975,2.90623975,0.184682645,0.0,0.0,27.4777777,0.0337747962,0.0,-738.853244,0.708367699,527.752282,0.0,0.0
160.5,0.0,-740.486667,-0.00937330635,-0.00937330635,0.000726839557,0.000726839557,0.00136587406,0.00136587406,528.919,37.920036,37.920036,2.1003252,2.1003252,2.91079099,2.91079099,0.184655725,0.0,0.0,27.5385248,0.033721568,0.0,-740.486667,0.70993377,528.919,0.0,0.0
161.0,0.0,-742.117502,-0.00935850165,-0.00935850165,0.000727289785,0.000727289785,0.00136558645,0.00136558645,530.08389,37.920036,37.920036,2.10495092,2.10495092,2.91532931,2.91532931,0.184628755,0.0,0.0,27.5991754,0.0336683065,0.0,-742.117502,0.711497358,530.08389,0.0,0.0
161.5,0.0,-743.745783,-0.00934368775,-0.00934368775,0.000727731753,0.000727731753,0.00136528554,0.00136528554,531.246935,37.920036,37.920036,2.10956933,2.10956933,2.91985455,2.91985455,0.184601743,0.0,0.0,27.6597305,0.0336150123,0.0,-743.745783,0.713058486,531.246935,0.0,0.0
162.0,0.0,-745.371464,-0.0093288651,-0.0093288651,0.000728165482,0.000728165482,0.00136497142,0.00136497142,532.408159,37.920036,37.920036,2.11418047,2.11418047,2.92436689,2.92436689,0.184574687,0.0,0.0,27.7201891,0.0335616855,0.0,-745.371464,0.714617143,532.408159,0.0,0.0
162.5,0.0,-746.994581,-0.0093140336,-0.0093140336,0.00072859091,0.00072859091,0.00136464421,0.00136464421,533.567502,37.920036,37.920036,2.11878426,2.11878426,2.92886634,2.92886634,0.184547588,0.0,0.0,27.7805518,0.0335083281,0.0,-746.994581,0.716173331,533.567502,0.0,0.0
163.0,0.0,-748.6151,-0.0092991938,-0.0092991938,0.000729008133,0.000729008133,0.00136430384,0.00136430384,534.725035,37.920036,37.920036,2.12338074,2.12338074,2.93335288,2.93335288,0.18452044,0.0,0.0,27.8408193,0.0334549388,0.0,-748.6151,0.717727008,534.725035,0.0,0.0
163.5,0.0,-750.233036,-0.0092843454,-0.0092843454,0.000729417153,0.000729417153,0.00136395055,0.00136395055,535.880704,37.920036,37.920036,2.12796986,2.12796986,2.93782662,2.93782662,0.184493252,0.0,0.0,27.9009897,0.0334015198,0.0,-750.233036,0.719278242,535.880704,0.0,0.0
164.0,0.0,-751.848403,-0.00926948875,-0.00926948875,0.000729817968,0.000729817968,0.00136358425,0.00136358425,537.034512,37.920036,37.920036,2.13255168,2.13255168,2.94228741,2.94228741,0.184466023,0.0,0.0,27.9610642,0.033348072,0.0,-751.848403,0.720826985,537.034512,0.0,0.0
164.5,0.0,-753.461159,-0.009254624,-0.009254624,0.000730210592,0.000730210592,0.0013632051,0.0013632051,538.186496,37.920036,37.920036,2.13712617,2.13712617,2.94673556,2.94673556,0.184438743,0.0,0.0,28.0210427,0.033294594,0.0,-753.461159,0.722373236,538.186496,0.0,0.0
165.0,0.0,-755.071331,-0.0092397513,-0.0092397513,0.00073059511,0.00073059511,0.00136281311,0.00136281311,539.336627,37.920036,37.920036,2.1416933,2.1416933,2.95117092,2.95117092,0.184411425,0.0,0.0,28.0809244,0.0332410878,0.0,-755.071331,0.723917018,539.336627,0.0,0.0
165.5,0.0,-756.67891,-0.0092248708,-0.0092248708,0.000730971463,0.000730971463,0.00136240843,0.00136240843,540.484893,37.920036,37.920036,2.14625301,2.14625301,2.95559355,2.95559355,0.184384062,0.0,0.0,28.1407103,0.0331875541,0.0,-756.67891,0.72545831,540.484893,0.0,0.0
166.0,0.0,-758.283917,-0.0092099829,-0.0092099829,0.000731339711,0.000731339711,0.00136199107,0.00136199107,541.631311,37.920036,37.920036,2.1508055,2.1508055,2.96000354,2.96000354,0.184356656,0.0,0.0,28.2003996,0.0331339926,0.0,-758.283917,0.726997124,541.631311,0.0,0.0
166.5,0.0,-759.886306,-0.0091950875,-0.0091950875,0.000731699881,0.000731699881,0.00136156111,0.00136156111,542.77589,37.920036,37.920036,2.15535055,2.15535055,2.96440084,2.96440084,0.184329205,0.0,0.0,28.2599928,0.0330804044,0.0,-759.886306,0.728533441,542.77589,0.0,0.0
167.0,0.0,-761.486104,-0.0091801846,-0.0091801846,0.000732051947,0.000732051947,0.00136111861,0.00136111861,543.918614,37.920036,37.920036,2.15988819,2.15988819,2.96878559,2.96878559,0.184301714,0.0,0.0,28.3194893,0.033026791,0.0,-761.486104,0.730067291,543.918614,0.0,0.0
167.5,0.0,-763.083324,-0.0091652751,-0.0091652751,0.000732395986,0.000732395986,0.00136066364,0.00136066364,545.059485,37.920036,37.920036,2.16441857,2.16441857,2.97315772,2.97315772,0.184274179,0.0,0.0,28.378889,0.0329731512,0.0,-763.083324,0.731598642,545.059485,0.0,0.0
168.0,0.0,-764.677943,-0.0091503585,-0.0091503585,0.000732732005,0.000732732005,0.00136019627,0.00136019627,546.198488,37.920036,37.920036,2.16894159,2.16894159,2.97751729,2.97751729,0.1842466,0.0,0.0,28.4381923,0.0329194862,0.0,-764.677943,0.733127499,546.198488,0.0,0.0
168.5,0.0,-766.269956,-0.00913543495,-0.00913543495,0.000733060004,0.000733060004,0.00135971659,0.00135971659,547.335633,37.920036,37.920036,2.17345717,2.17345717,2.98186441,2.98186441,0.184218981,0.0,0.0,28.4973989,0.032865798,0.0,-766.269956,0.734653864,547.335633,0.0,0.0
169.0,0.0,-767.859368,-0.00912050505,-0.00912050505,0.000733380013,0.000733380013,0.0013592246,0.0013592246,548.470945,37.920036,37.920036,2.17796545,2.17796545,2.986199,2.986199,0.184191315,0.0,0.0,28.5565088,0.0328120865,0.0,-767.859368,0.736177751,548.470945,0.0,0.0
169.5,0.0,-769.446193,-0.0091055684,-0.0091055684,0.000733692055,0.000733692055,0.00135872043,0.00135872043,549.60439,37.920036,37.920036,2.18246625,2.18246625,2.99052119,2.99052119,0.184163613,0.0,0.0,28.6155223,0.0327583508,0.0,-769.446193,0.737699135,549.60439,0.0,0.0
170.0,0.0,-771.030397,-0.00909062565,-0.00909062565,0.000733996138,0.000733996138,0.00135820415,0.00135820415,550.735948,37.920036,37.920036,2.18695976,2.18695976,2.99483091,2.99483091,0.184135863,0.0,0.0,28.6744388,0.0327045921,0.0,-771.030397,0.739218006,550.735948,0.0,0.0
170.5,0.0,-772.61202,-0.0090756769,-0.0090756769,0.000734292301,0.000734292301,0.00135767582,0.00135767582,551.865681,37.920036,37.920036,2.19144587,2.19144587,2.99912828,2.99912828,0.18410807,0.0,0.0,28.7332585,0.0326508119,0.0,-772.61202,0.740734442,551.865681,0.0,0.0
171.0,0.0,-774.191018,-0.00906072215,-0.00906072215,0.000734580571,0.000734580571,0.00135713543,0.00135713543,552.993549,37.920036,37.920036,2.19592458,2.19592458,3.00341333,3.00341333,0.184080236,0.0,0.0,28.7919816,0.03259701,0.0,-774.191018,0.742248317,552.993549,0.0,0.0
171.5,0.0,-775.767438,-0.0090457616,-0.0090457616,0.000734860968,0.000734860968,0.00135658313,0.00135658313,554.119551,37.920036,37.920036,2.20039592,2.20039592,3.00768601,3.00768601,0.184052363,0.0,0.0,28.8506079,0.0325431875,0.0,-775.767438,0.743759708,554.119551,0.0,0.0
172.0,0.0,-777.341227,-0.0090307952,-0.0090307952,0.000735133468,0.000735133468,0.00135601896,0.00135601896,555.243689,37.920036,37.920036,2.20485986,2.20485986,3.01194649,3.01194649,0.184024445,0.0,0.0,28.9091372,0.032489345,0.0,-777.341227,0.745268636,555.243689,0.0,0.0
172.5,0.0,-778.912419,-0.00901582355,-0.00901582355,0.000735398138,0.000735398138,0.00135544303,0.00135544303,556.365969,37.920036,37.920036,2.20931638,2.20931638,3.01619469,3.01619469,0.18399649,0.0,0.0,28.9675692,0.032435483,0.0,-778.912419,0.74677505,556.365969,0.0,0.0
173.0,0.0,-780.481017,-0.0090008465,-0.0090008465,0.000735655016,0.000735655016,0.00135485531,0.00135485531,557.486393,37.920036,37.920036,2.21376558,2.21376558,3.02043071,3.02043071,0.183968485,0.0,0.0,29.0259046,0.0323816015,0.0,-780.481017,0.748278945,557.486393,0.0,0.0
173.5,0.0,-782.046975,-0.0089858645,-0.0089858645,0.000735904066,0.000735904066,0.00135425597,0.00135425597,558.604958,37.920036,37.920036,2.21820734,2.21820734,3.02465443,3.02465443,0.183940448,0.0,0.0,29.0841431,0.0323277016,0.0,-782.046975,0.749780355,558.604958,0.0,0.0
174.0,0.0,-783.610348,-0.0089708774,-0.0089708774,0.000736145357,0.000736145357,0.00135364499,0.00135364499,559.721622,37.920036,37.920036,2.22264165,2.22264165,3.02886611,3.02886611,0.183912362,0.0,0.0,29.1422844,0.0322737835,0.0,-783.610348,0.751279263,559.721622,0.0,0.0
174.5,0.0,-785.171107,-0.00895588545,-0.00895588545,0.000736378902,0.000736378902,0.0013530225,0.0013530225,560.836446,37.920036,37.920036,2.22706867,2.22706867,3.03306566,3.03306566,0.183884237,0.0,0.0,29.2003285,0.0322198488,0.0,-785.171107,0.752775671,560.836446,0.0,0.0
175.0,0.0,-786.729247,-0.0089408887,-0.0089408887,0.000736604702,0.000736604702,0.00135238853,0.00135238853,561.94943,37.920036,37.920036,2.23148819,2.23148819,3.03725314,3.03725314,0.183856071,0.0,0.0,29.2582755,0.0321658956,0.0,-786.729247,0.75426957,561.94943,0.0,0.0
175.5,0.0,-788.284789,-0.00892588735,-0.00892588735,0.000736822799,0.000736822799,0.00135174315,0.00135174315,563.060524,37.920036,37.920036,2.23590027,2.23590027,3.04142848,3.04142848,0.183827863,0.0,0.0,29.3161256,0.0321119285,0.0,-788.284789,0.75576097,563.060524,0.0,0.0
176.0,0.0,-789.837715,-0.0089108821,-0.0089108821,0.000737033219,0.000737033219,0.00135108649,0.00135108649,564.169748,37.920036,37.920036,2.24030511,2.24030511,3.04559188,3.04559188,0.183799618,0.0,0.0,29.3738785,0.0320579425,0.0,-789.837715,0.757249851,564.169748,0.0,0.0
176.5,0.0,-791.38801,-0.00889587215,-0.00889587215,0.000737235969,0.000737235969,0.00135041846,0.00135041846,565.277114,37.920036,37.920036,2.24470238,2.24470238,3.04974328,3.04974328,0.183771327,0.0,0.0,29.4315337,0.032003944,0.0,-791.38801,0.75873625,565.277114,0.0,0.0
177.0,0.0,-792.935699,-0.00888085865,-0.00888085865,0.000737431071,0.000737431071,0.00134973925,0.00134973925,566.382615,37.920036,37.920036,2.24909228,2.24909228,3.05388278,3.05388278,0.183742996,0.0,0.0,29.4890926,0.0319499296,0.0,-792.935699,0.760220125,566.382615,0.0,0.0
177.5,0.0,-794.480798,-0.0088658409,-0.0088658409,0.000737618563,0.000737618563,0.00134904892,0.00134904892,567.486244,37.920036,37.920036,2.25347475,2.25347475,3.05801027,3.05801027,0.183714625,0.0,0.0,29.5465539,0.031895903,0.0,-794.480798,0.761701501,567.486244,0.0,0.0
178.0,0.0,-796.023257,-0.0088508195,-0.0088508195,0.00073779846,0.00073779846,0.00134834753,0.00134834753,568.587992,37.920036,37.920036,2.25784983,2.25784983,3.06212593,3.06212593,0.183686213,0.0,0.0,29.6039177,0.0318418614,0.0,-796.023257,0.763180369,568.587992,0.0,0.0
178.5,0.0,-797.563107,-0.0088357943,-0.0088357943,0.000737970776,0.000737970776,0.00134763509,0.00134763509,569.687887,37.920036,37.920036,2.26221746,2.26221746,3.0662297,3.0662297,0.183657758,0.0,0.0,29.6611842,0.0317878073,0.0,-797.563107,0.764656725,569.687887,0.0,0.0
179.0,0.0,-799.100365,-0.0088207661,-0.0088207661,0.000738135547,0.000738135547,0.00134691169,0.00134691169,570.785912,37.920036,37.920036,2.26657773,2.26657773,3.07032164,3.07032164,0.183629268,0.0,0.0,29.7183541,0.0317337407,0.0,-799.100365,0.766130582,570.785912,0.0,0.0
179.5,0.0,-800.634957,-0.00880573425,-0.00880573425,0.00073829279,0.00073829279,0.00134617742,0.00134617742,571.882073,37.920036,37.920036,2.27093052,2.27093052,3.07440183,3.07440183,0.183600735,0.0,0.0,29.7754255,0.0316796624,0.0,-800.634957,0.767601929,571.882073,0.0,0.0
180.0,0.0,-802.166958,-0.0087906995,-0.0087906995,0.00073844254,0.00073844254,0.00134543234,0.00134543234,572.97636,37.920036,37.920036,2.27527584,2.27527584,3.07847021,3.07847021,0.183572165,0.0,0.0,29.8323999,0.0316255723,0.0,-802.166958,0.76907077,572.97636,0.0,0.0
180.5,0.0,-803.696328,-0.0087756616,-0.0087756616,0.000738584785,0.000738584785,0.0013446765,0.0013446765,574.068768,37.920036,37.920036,2.27961382,2.27961382,3.08252689,3.08252689,0.183543553,0.0,0.0,29.8892773,0.0315714732,0.0,-803.696328,0.770537078,574.068768,0.0,0.0
181.0,0.0,-805.223105,-0.00876062095,-0.00876062095,0.000738719592,0.000738719592,0.00134390997,0.00134390997,575.159312,37.920036,37.920036,2.28394436,2.28394436,3.08657183,3.08657183,0.183514898,0.0,0.0,29.9460573,0.0315173619,0.0,-805.223105,0.772000898,575.159312,0.0,0.0
181.5,0.0,-806.747252,-0.00874557775,-0.00874557775,0.000738846968,0.000738846968,0.00134313278,0.00134313278,576.24799,37.920036,37.920036,2.28826746,2.28826746,3.09060514,3.09060514,0.183486207,0.0,0.0,30.0027401,0.0314632424,0.0,-806.747252,0.773462201,576.24799,0.0,0.0
182.0,0.0,-808.268778,-0.0087305317,-0.0087305317,0.000738966928,0.000738966928,0.00134234506,0.00134234506,577.334785,37.920036,37.920036,2.29258306,2.29258306,3.09462681,3.09462681,0.183457471,0.0,0.0,30.059325,0.0314091126,0.0,-808.268778,0.774920979,577.334785,0.0,0.0
182.5,0.0,-809.787671,-0.0087154839,-0.0087154839,0.0007390795,0.0007390795,0.00134154682,0.00134154682,578.419727,37.920036,37.920036,2.29689133,2.29689133,3.09863685,3.09863685,0.183428701,0.0,0.0,30.1158125,0.0313549756,0.0,-809.787671,0.776377255,578.419727,0.0,0.0
183.0,0.0,-811.303958,-0.0087004336,-0.0087004336,0.000739184709,0.000739184709,0.00134073815,0.00134073815,579.502765,37.920036,37.920036,2.30119218,2.30119218,3.10263533,3.10263533,0.183399885,0.0,0.0,30.1722027,0.0313008293,0.0,-811.303958,0.777831024,579.502765,0.0,0.0
183.5,0.0,-812.816536,-0.0085952808,-0.0085952808,0.000731606123,0.000731606123,0.00132601112,0.00132601112,580.582579,37.920036,37.920036,2.30548003,2.30548003,3.1066889,3.1066889,0.183371036,0.0,0.006280661709,30.2284239,0.0304366198,0.0,-812.816536,0.778923642,580.582579,-0.1536465,0.0037396368
184.0,0.0,-813.392383,0.00553111949,0.00553111949,-0.000470916245,-0.000470916245,-0.000156267066,-0.000156267066,580.945407,37.920036,37.920036,2.30692082,2.30692082,3.10817865,3.10817865,0.183342156,0.0,0.406675793,30.2473141,-0.0223374933,0.0,-813.392383,0.751165959,580.945407,-10.13922232,0.2466919894
184.5,0.0,-810.334578,0.029141338,0.029141338,-0.00247186879,-0.00247186879,-0.001361938684,-0.001361938684,578.745258,37.920036,37.920036,2.29818409,2.29818409,3.09983724,3.09983724,0.183313324,0.0,1.032330891,30.1327622,-0.1048896509,0.0,-810.334578,0.738879019,578.745258,-25.7805993,0.624788197
185.0,0.0,-803.262665,0.0520676941,0.0520676941,-0.00437800997,-0.00437800997,-0.00240379683,-0.00240379683,573.693617,37.920036,37.920036,2.27812405,2.27812405,3.08112755,3.08112755,0.183284634,0.0,1.65798598,29.8697447,-0.187299552,0.0,-803.262665,0.731942663,573.693617,-41.4219766,0.995054089
185.5,0.0,-792.204896,0.0749366725,0.0749366725,-0.00621413312,-0.00621413312,-0.00339334345,-0.00339334345,565.795309,37.920036,37.920036,2.24676009,2.24676009,3.05166992,3.05166992,0.183256191,0.0,2.28364104,29.4585143,-0.269572253,0.0,-792.204896,0.721400011,565.795309,-57.063353,1.35189648
186.0,0.0,-777.168282,0.0977688195,0.0977688195,-0.00795354745,-0.00795354745,-0.00431081451,-0.00431081451,555.054983,37.920036,37.920036,2.20411055,2.20411055,3.01120674,3.01120674,0.183228092,0.0,2.90929615,28.8993122,-0.351713834,0.0,-777.168282,0.707043716,555.054983,-72.7047302,1.68973415
186.5,0.0,-758.161173,0.1203865465,0.1203865465,-0.0095540768,-0.0095540768,-0.00512918776,-0.00512918776,541.479782,37.920036,37.920036,2.15020375,2.15020375,2.95938221,2.95938221,0.183200455,0.0,3.52239089,28.1925106,-0.432112276,0.0,-758.161173,0.689592009,541.479782,-88.0388152,1.99612719
187.0,0.0,-737.055465,0.1149286204,0.1149286204,-0.00887527465,-0.00887527465,-0.00471568503,-0.00471568503,526.501347,37.920036,37.920036,2.09072473,2.09072473,2.90131826,2.90131826,0.183173365,0.0,3.34725468,27.4126474,-0.408570805,0.0,-737.055465,0.72603215,526.501347,-83.7090404,1.84688574
187.5,0.0,-719.251045,0.0904652745,0.0904652745,-0.00681698852,-0.00681698852,-0.00358906196,-0.00358906196,513.816061,37.920036,37.920036,2.0403517,2.0403517,2.85139689,2.85139689,0.183146802,0.0,2.72159963,26.7521797,-0.325337353,0.0,-719.251045,0.727735968,513.816061,-68.0676624,1.46560627
188.0,0.0,-705.515797,0.067329651,0.067329651,-0.00497674947,-0.00497674947,-0.00260166082,-0.00260166082,504.005822,37.920036,37.920036,2.00139548,2.00139548,2.81230452,2.81230452,0.18312066,0.0,2.09594451,26.2414031,-0.242244866,0.0,-705.515797,0.714945633,504.005822,-52.426286,1.107263114
188.5,0.0,-695.800104,0.0442689387,0.0442689387,-0.00322714713,-0.00322714713,-0.00167853127,-0.00167853127,497.065938,37.920036,37.920036,1.97383736,1.97383736,2.78439035,2.78439035,0.183094829,0.0,1.47028946,25.8800736,-0.1592836566,0.0,-695.800104,0.705578147,497.065938,-36.7849085,0.76619802
189.0,0.0,-690.096683,0.0212439098,0.0212439098,-0.001535963787,-0.001535963787,-0.000796522963,-0.000796522963,492.991975,37.920036,37.920036,1.95765977,1.95765977,2.76790221,2.76790221,0.183069208,0.0,0.844634358,25.6679595,-0.0764483137,0.0,-690.096683,0.700051871,492.991975,-21.1435315,0.436765207
189.5,0.0,-688.398481,-0.00165693314,-0.00165693314,0.000119502236,0.000119502236,0.000440202572,0.000440202572,491.778264,37.920036,37.920036,1.95284015,1.95284015,2.76297547,2.76297547,0.183043684,0.0,0.225242333487,25.6047667,0.00545430284,0.0,-688.398481,0.698009298,491.778264,-5.6558010361,0.116497334044
190.0,0.0,-689.766467,-0.01050141295,-0.01050141295,0.000758512534,0.000758512534,0.00146319199,0.00146319199,492.706808,37.920036,37.920036,1.95652736,1.95652736,2.76674604,2.76674604,0.183018144,0.0,0.0,25.6531119,0.0353200275,0.0,-689.766467,0.67095146,492.706808,0.0,0.0
190.5,0.0,-691.497249,-0.00982281035,-0.00982281035,0.000711302171,0.000711302171,0.00137086499,0.00137086499,493.92695,37.920036,37.920036,1.9613725,1.9613725,2.77169498,2.77169498,0.182992556,0.0,0.0,25.7166399,0.0352668969,0.0,-691.497249,0.663190087,493.92695,0.0,0.0
191.0,0.0,-693.203455,-0.00978875205,-0.00978875205,0.000710585793,0.000710585793,0.00136826487,0.00136826487,495.145294,37.920036,37.920036,1.96621051,1.96621051,2.77662988,2.77662988,0.182966917,0.0,0.0,25.7800734,0.0352148361,0.0,-693.203455,0.664604655,495.145294,0.0,0.0
191.5,0.0,-694.906604,-0.00977390935,-0.00977390935,0.000711251548,0.000711251548,0.00136833115,0.00136833115,496.361821,37.920036,37.920036,1.97104134,1.97104134,2.78155073,2.78155073,0.182941232,0.0,0.0,25.843413,0.0351627566,0.0,-694.906604,0.666233452,496.361821,0.0,0.0
192.0,0.0,-696.607244,-0.00975941255,-0.00975941255,0.000711934689,0.000711934689,0.00136843255,0.00136843255,497.576562,37.920036,37.920036,1.975865,1.975865,2.78645758,2.78645758,0.182915497,0.0,0.0,25.9066591,0.0351106289,0.0,-696.607244,0.667863894,497.576562,0.0,0.0
192.5,0.0,-698.30535,-0.009744909,-0.009744909,0.000712609574,0.000712609574,0.00136851973,0.00136851973,498.78949,37.920036,37.920036,1.98068156,1.98068156,2.79135046,2.79135046,0.182889716,0.0,0.0,25.9698114,0.035058451,0.0,-698.30535,0.669491953,498.78949,0.0,0.0
193.0,0.0,-700.000923,-0.009730392,-0.009730392,0.000713275722,0.000713275722,0.00136859173,0.00136859173,500.000625,37.920036,37.920036,1.98549093,1.98549093,2.79622944,2.79622944,0.182863891,0.0,0.0,26.0328691,0.0350062239,0.0,-700.000923,0.671117605,500.000625,0.0,0.0
193.5,0.0,-701.693984,-0.0097158615,-0.0097158615,0.000713933151,0.000713933151,0.00136864874,0.00136864874,501.209947,37.920036,37.920036,1.99029309,1.99029309,2.80109458,2.80109458,0.182838014,0.0,0.0,26.0958334,0.0349539486,0.0,-701.693984,0.672740836,501.209947,0.0,0.0
194.0,0.0,-703.384489,-0.00970131745,-0.00970131745,0.000714581873,0.000714581873,0.00136869079,0.00136869079,502.417449,37.920036,37.920036,1.99508809,1.99508809,2.80594581,2.80594581,0.18281209,0.0,0.0,26.158703,0.0349016254,0.0,-703.384489,0.674361631,502.417449,0.0,0.0
194.5,0.0,-705.072468,-0.00968676055,-0.00968676055,0.000715221901,0.000715221901,0.0013687179,0.0013687179,503.623158,37.920036,37.920036,1.99987594,1.99987594,2.81078331,2.81078331,0.182786122,0.0,0.0,26.2214786,0.0348492553,0.0,-705.072468,0.675980008,503.623158,0.0,0.0
195.0,0.0,-706.757915,-0.0096721905,-0.0096721905,0.00071585327,0.00071585327,0.00136873021,0.00136873021,504.827046,37.920036,37.920036,2.00465653,2.00465653,2.81560701,2.81560701,0.182760105,0.0,0.0,26.2841607,0.0347968384,0.0,-706.757915,0.677595942,504.827046,0.0,0.0
195.5,0.0,-708.440848,-0.0096576077,-0.0096576077,0.000716475977,0.000716475977,0.00136872773,0.00136872773,506.029127,37.920036,37.920036,2.00942999,2.00942999,2.82041697,2.82041697,0.182734041,0.0,0.0,26.3467476,0.0347443743,0.0,-708.440848,0.67920946,506.029127,0.0,0.0
196.0,0.0,-710.121219,-0.0096430123,-0.0096430123,0.000717090047,0.000717090047,0.00136871058,0.00136871058,507.22939,37.920036,37.920036,2.01419615,2.01419615,2.8252132,2.8252132,0.18270793,0.0,0.0,26.4092401,0.0346918657,0.0,-710.121219,0.680820527,507.22939,0.0,0.0
196.5,0.0,-711.799033,-0.00962840465,-0.00962840465,0.000717695487,0.000717695487,0.00136867879,0.00136867879,508.427835,37.920036,37.920036,2.01895524,2.01895524,2.82999577,2.82999577,0.18268177,0.0,0.0,26.4716382,0.0346393128,0.0,-711.799033,0.682429159,508.427835,0.0,0.0
197.0,0.0,-713.474315,-0.0096137847,-0.0096137847,0.000718292313,0.000718292313,0.00136863245,0.00136863245,509.624473,37.920036,37.920036,2.02370699,2.02370699,2.83476478,2.83476478,0.18265557,0.0,0.0,26.5339416,0.0345867159,0.0,-713.474315,0.684035367,509.624473,0.0,0.0
197.5,0.0,-715.147039,-0.0095991525,-0.0095991525,0.000718880557,0.000718880557,0.00136857164,0.00136857164,510.819274,37.920036,37.920036,2.02845158,2.02845158,2.83952015,2.83952015,0.182629317,0.0,0.0,26.5961498,0.034534075,0.0,-715.147039,0.685639105,510.819274,0.0,0.0
198.0,0.0,-716.817232,-0.0095845088,-0.0095845088,0.000719460226,0.000719460226,0.00136849643,0.00136849643,512.012272,37.920036,37.920036,2.03318886,2.03318886,2.84426193,2.84426193,0.18260302,0.0,0.0,26.6582641,0.034481392,0.0,-716.817232,0.687240408,512.012272,0.0,0.0
198.5,0.0,-718.484877,-0.00956985285,-0.00956985285,0.000720031321,0.000720031321,0.00136840685,0.00136840685,513.203435,37.920036,37.920036,2.03791898,2.03791898,2.84899022,2.84899022,0.182576676,0.0,0.0,26.720283,0.0344286666,0.0,-718.484877,0.68883928,513.203435,0.0,0.0
199.0,0.0,-720.149952,-0.0095551857,-0.0095551857,0.000720593886,0.000720593886,0.00136830301,0.00136830301,514.392794,37.920036,37.920036,2.04264186,2.04264186,2.853705,2.853705,0.182550285,0.0,0.0,26.7822069,0.0343758996,0.0,-720.149952,0.690435704,514.392794,0.0,0.0
199.5,0.0,-721.812483,-0.0095405073,-0.0095405073,0.000721147898,0.000721147898,0.00136818496,0.00136818496,515.580311,37.920036,37.920036,2.04735748,2.04735748,2.85840639,2.85840639,0.182523852,0.0,0.0,26.8440361,0.0343230918,0.0,-721.812483,0.692029681,515.580311,0.0,0.0
200.0,0.0,-723.47245,-0.0095258174,-0.0095258174,0.000721693417,0.000721693417,0.00136805278,0.00136805278,516.765996,37.920036,37.920036,2.05206586,2.05206586,2.86309438,2.86309438,0.182497372,0.0,0.0,26.9057698,0.0342702441,0.0,-723.47245,0.693621187,516.765996,0.0,0.0
200.5,0.0,-725.129887,-0.0095111168,-0.0095111168,0.000722230444,0.000722230444,0.00136790656,0.00136790656,517.949862,37.920036,37.920036,2.05676692,2.05676692,2.86776897,2.86776897,0.182470841,0.0,0.0,26.9674088,0.0342173564,0.0,-725.129887,0.695210243,517.949862,0.0,0.0
201.0,0.0,-726.784717,-0.0094964051,-0.0094964051,0.000722758999,0.000722758999,0.00136774631,0.00136774631,519.131893,37.920036,37.920036,2.0614608,2.0614608,2.87243012,2.87243012,0.18244427,0.0,0.0,27.0289522,0.0341644291,0.0,-726.784717,0.696796843,519.131893,0.0,0.0
201.5,0.0,-728.437016,-0.00948168275,-0.00948168275,0.00072327908,0.00072327908,0.00136757211,0.00136757211,520.312101,37.920036,37.920036,2.06614735,2.06614735,2.87707811,2.87707811,0.182417651,0.0,0.0,27.0904007,0.034111464,0.0,-728.437016,0.69838102,520.312101,0.0,0.0
202.0,0.0,-730.086724,-0.0094669499,-0.0094669499,0.000723790746,0.000723790746,0.00136738414,0.00136738414,521.490469,37.920036,37.920036,2.07082665,2.07082665,2.88171272,2.88171272,0.182390989,0.0,0.0,27.1517534,0.0340584616,0.0,-730.086724,0.699962699,521.490469,0.0,0.0
202.5,0.0,-731.733891,-0.00945220675,-0.00945220675,0.00072429398,0.00072429398,0.00136718232,0.00136718232,522.667012,37.920036,37.920036,2.0754987,2.0754987,2.88633411,2.88633411,0.18236428,0.0,0.0,27.2130109,0.0340054211,0.0,-731.733891,0.701541938,522.667012,0.0,0.0
203.0,0.0,-733.378486,-0.0094374536,-0.0094374536,0.000724788812,0.000724788812,0.00136696675,0.00136696675,523.841729,37.920036,37.920036,2.08016341,2.08016341,2.89094233,2.89094233,0.182337524,0.0,0.0,27.2741726,0.0339523437,0.0,-733.378486,0.703118713,523.841729,0.0,0.0
203.5,0.0,-735.020505,-0.00942269005,-0.00942269005,0.000725275252,0.000725275252,0.00136673764,0.00136673764,525.014596,37.920036,37.920036,2.08482087,2.08482087,2.89553735,2.89553735,0.182310728,0.0,0.0,27.335239,0.0338992314,0.0,-735.020505,0.704693008,525.014596,0.0,0.0
204.0,0.0,-736.659945,-0.00940791715,-0.00940791715,0.000725753334,0.000725753334,0.00136649483,0.00136649483,526.185641,37.920036,37.920036,2.08947101,2.08947101,2.90011924,2.90011924,0.182283883,0.0,0.0,27.3962101,0.033846084,0.0,-736.659945,0.706264854,526.185641,0.0,0.0
204.5,0.0,-738.296825,-0.0093931345,-0.0093931345,0.00072622304,0.00072622304,0.00136623863,0.00136623863,527.354828,37.920036,37.920036,2.09411385,2.09411385,2.90468802,2.90468802,0.182256994,0.0,0.0,27.4570849,0.0337929006,0.0,-738.296825,0.707834214,527.354828,0.0,0.0
205.0,0.0,-739.931128,-0.00937834205,-0.00937834205,0.00072668443,0.00072668443,0.0013659689,0.0013659689,528.522191,37.920036,37.920036,2.09874944,2.09874944,2.90924372,2.90924372,0.182230059,0.0,0.0,27.5178645,0.0337396841,0.0,-739.931128,0.709401131,528.522191,0.0,0.0
205.5,0.0,-741.562857,-0.0093635406,-0.0093635406,0.00072713752,0.00072713752,0.00136568583,0.00136568583,529.687719,37.920036,37.920036,2.10337769,2.10337769,2.91378646,2.91378646,0.182203082,0.0,0.0,27.5785476,0.0336864341,0.0,-741.562857,0.710965563,529.687719,0.0,0.0
206.0,0.0,-743.192003,-0.0093487297,-0.0093487297,0.000727582304,0.000727582304,0.00136538946,0.00136538946,530.851389,37.920036,37.920036,2.1079986,2.1079986,2.91831619,2.91831619,0.182176059,0.0,0.0,27.6391348,0.0336331508,0.0,-743.192003,0.712527538,530.851389,0.0,0.0
206.5,0.0,-744.818568,-0.0093339099,-0.0093339099,0.000728018808,0.000728018808,0.00136507978,0.00136507978,532.013222,37.920036,37.920036,2.11261221,2.11261221,2.92283296,2.92283296,0.182148991,0.0,0.0,27.6996264,0.0335798351,0.0,-744.818568,0.714087034,532.013222,0.0,0.0
207.0,0.0,-746.442551,-0.00931908155,-0.00931908155,0.000728447061,0.000728447061,0.00136475705,0.00136475705,533.173218,37.920036,37.920036,2.11721852,2.11721852,2.92733665,2.92733665,0.182121884,0.0,0.0,27.7600223,0.0335264884,0.0,-746.442551,0.715644055,533.173218,0.0,0.0
207.5,0.0,-748.063959,-0.0093042447,-0.0093042447,0.000728867081,0.000728867081,0.00136442116,0.00136442116,534.331352,37.920036,37.920036,2.12181743,2.12181743,2.93182764,2.93182764,0.182094727,0.0,0.0,27.8203221,0.0334731098,0.0,-748.063959,0.717198587,534.331352,0.0,0.0
208.0,0.0,-749.682772,-0.00928939895,-0.00928939895,0.000729278877,0.000729278877,0.00136407218,0.00136407218,535.48765,37.920036,37.920036,2.12640912,2.12640912,2.93630569,2.93630569,0.182067527,0.0,0.0,27.8805252,0.0334197012,0.0,-749.682772,0.718750663,535.48765,0.0,0.0
208.5,0.0,-751.29901,-0.00927454505,-0.00927454505,0.000729682486,0.000729682486,0.00136371033,0.00136371033,536.6421,37.920036,37.920036,2.13099341,2.13099341,2.94077093,2.94077093,0.182040282,0.0,0.0,27.9406327,0.033366263,0.0,-751.29901,0.720300251,536.6421,0.0,0.0
209.0,0.0,-752.912651,-0.00925968295,-0.00925968295,0.000730077911,0.000730077911,0.00136333555,0.00136333555,537.794709,37.920036,37.920036,2.13557033,2.13557033,2.94522341,2.94522341,0.182012997,0.0,0.0,28.0006442,0.0333127944,0.0,-752.912651,0.721847345,537.794709,0.0,0.0
209.5,0.0,-754.523706,-0.0092448129,-0.0092448129,0.000730465175,0.000730465175,0.00136294796,0.00136294796,538.945459,37.920036,37.920036,2.14013999,2.14013999,2.94966312,2.94966312,0.181985666,0.0,0.0,28.060559,0.0332592983,0.0,-754.523706,0.723391974,538.945459,0.0,0.0
210.0,0.0,-756.132182,-0.0092299354,-0.0092299354,0.000730844302,0.000730844302,0.00136254759,0.00136254759,540.09437,37.920036,37.920036,2.14470224,2.14470224,2.95409005,2.95409005,0.181958294,0.0,0.0,28.120377,0.0332057745,0.0,-756.132182,0.724934123,540.09437,0.0,0.0
210.5,0.0,-757.738036,-0.0092150499,-0.0092150499,0.000731215317,0.000731215317,0.00136213452,0.00136213452,541.241415,37.920036,37.920036,2.14925718,2.14925718,2.95850431,2.95850431,0.181930878,0.0,0.0,28.1800992,0.0331522218,0.0,-757.738036,0.72647378,541.241415,0.0,0.0
211.0,0.0,-759.341345,-0.0092001569,-0.0092001569,0.000731578221,0.000731578221,0.00136170882,0.00136170882,542.386622,37.920036,37.920036,2.15380478,2.15380478,2.96290598,2.96290598,0.181903417,0.0,0.0,28.2397251,0.0330986428,0.0,-759.341345,0.72801094,542.386622,0.0,0.0
211.5,0.0,-760.942033,-0.0091852567,-0.0091852567,0.000731933044,0.000731933044,0.00136127061,0.00136127061,543.529967,37.920036,37.920036,2.15834497,2.15834497,2.96729492,2.96729492,0.181875912,0.0,0.0,28.2992545,0.0330450372,0.0,-760.942033,0.729545627,543.529967,0.0,0.0
212.0,0.0,-762.540113,-0.00917034945,-0.00917034945,0.000732279837,0.000732279837,0.00136081985,0.00136081985,544.671458,37.920036,37.920036,2.16287784,2.16287784,2.97167136,2.97167136,0.181848368,0.0,0.0,28.3586871,0.0329914069,0.0,-762.540113,0.731077836,544.671458,0.0,0.0
212.5,0.0,-764.135614,-0.00915543515,-0.00915543515,0.000732618565,0.000732618565,0.00136035671,0.00136035671,545.811114,37.920036,37.920036,2.16740328,2.16740328,2.97603521,2.97603521,0.181820779,0.0,0.0,28.418023,0.0329377509,0.0,-764.135614,0.73260754,545.811114,0.0,0.0
213.0,0.0,-765.728515,-0.009140514,-0.009140514,0.000732949288,0.000732949288,0.00135988118,0.00135988118,546.948904,37.920036,37.920036,2.17192144,2.17192144,2.98038658,2.98038658,0.181793143,0.0,0.0,28.4772631,0.0328840711,0.0,-765.728515,0.734134746,546.948904,0.0,0.0
213.5,0.0,-767.318819,-0.00912558605,-0.00912558605,0.00073327202,0.00073327202,0.00135939339,0.00135939339,548.084828,37.920036,37.920036,2.17643221,2.17643221,2.98472535,2.98472535,0.181765469,0.0,0.0,28.5364056,0.0328303656,0.0,-767.318819,0.735659475,548.084828,0.0,0.0
214.0,0.0,-768.906521,-0.00911065165,-0.00911065165,0.000733586758,0.000733586758,0.00135889335,0.00135889335,549.218891,37.920036,37.920036,2.18093562,2.18093562,2.9890518,2.9890518,0.181737752,0.0,0.0,28.595452,0.0327766379,0.0,-768.906521,0.737181712,549.218891,0.0,0.0
214.5,0.0,-770.491621,-0.0090957112,-0.0090957112,0.000733893545,0.000733893545,0.00135838116,0.00135838116,550.35112,37.920036,37.920036,2.18543152,2.18543152,2.99336584,2.99336584,0.181709992,0.0,0.0,28.6544011,0.0327228874,0.0,-770.491621,0.738701463,550.35112,0.0,0.0
215.0,0.0,-772.074107,-0.0090807645,-0.0090807645,0.000734192414,0.000734192414,0.00135785693,0.00135785693,551.481463,37.920036,37.920036,2.18992018,2.18992018,2.99766733,2.99766733,0.181682189,0.0,0.0,28.7132543,0.0326691144,0.0,-772.074107,0.740218693,551.481463,0.0,0.0
215.5,0.0,-773.654014,-0.0090658115,-0.0090658115,0.000734483369,0.000734483369,0.00135732064,0.00135732064,552.609961,37.920036,37.920036,2.19440145,2.19440145,3.00195656,3.00195656,0.181654342,0.0,0.0,28.7720103,0.03261532,0.0,-773.654014,0.741733443,552.609961,0.0,0.0
216.0,0.0,-775.231298,-0.0090508529,-0.0090508529,0.000734766433,0.000734766433,0.00135677237,0.00135677237,553.736599,37.920036,37.920036,2.19887525,2.19887525,3.00623351,3.00623351,0.181626458,0.0,0.0,28.8306694,0.0325615044,0.0,-775.231298,0.743245714,553.736599,0.0,0.0
216.5,0.0,-776.805979,-0.0090358885,-0.0090358885,0.000735041621,0.000735041621,0.00135621228,0.00135621228,554.861377,37.920036,37.920036,2.20334171,2.20334171,3.01049811,3.01049811,0.181598527,0.0,0.0,28.8892312,0.032507669,0.0,-776.805979,0.744755456,554.861377,0.0,0.0
217.0,0.0,-778.378075,-0.00902091895,-0.00902091895,0.000735308957,0.000735308957,0.00135564033,0.00135564033,555.984299,37.920036,37.920036,2.20780077,2.20780077,3.01475048,3.01475048,0.181570556,0.0,0.0,28.9476966,0.0324538129,0.0,-778.378075,0.746262718,555.984299,0.0,0.0
217.5,0.0,-779.947546,-0.00900594355,-0.00900594355,0.000735568482,0.000735568482,0.00135505661,0.00135505661,557.105353,37.920036,37.920036,2.21225247,2.21225247,3.0189906,3.0189906,0.181542542,0.0,0.0,29.0060651,0.0323999388,0.0,-779.947546,0.747767469,557.105353,0.0,0.0
218.0,0.0,-781.514404,-0.0089909631,-0.0089909631,0.000735820196,0.000735820196,0.0013544612,0.0013544612,558.224529,37.920036,37.920036,2.21669668,2.21669668,3.02321849,3.02321849,0.18151449,0.0,0.0,29.0643364,0.032346045,0.0,-781.514404,0.749269727,558.224529,0.0,0.0
218.5,0.0,-783.078646,-0.0089759776,-0.0089759776,0.000736064132,0.000736064132,0.00135385419,0.00135385419,559.341859,37.920036,37.920036,2.22113355,2.22113355,3.02743434,3.02743434,0.181486397,0.0,0.0,29.1225106,0.0322921333,0.0,-783.078646,0.750769504,559.341859,0.0,0.0
219.0,0.0,-784.640297,-0.00896098725,-0.00896098725,0.0007363003,0.0007363003,0.00135323562,0.00135323562,560.457325,37.920036,37.920036,2.22556302,2.22556302,3.03163796,3.03163796,0.181458257,0.0,0.0,29.1805879,0.0322382033,0.0,-784.640297,0.752266739,560.457325,0.0,0.0
219.5,0.0,-786.199344,-0.00894599235,-0.00894599235,0.000736528741,0.000736528741,0.00135260556,0.00135260556,561.570921,37.920036,37.920036,2.22998512,2.22998512,3.03582955,3.03582955,0.181430077,0.0,0.0,29.2385682,0.0321842568,0.0,-786.199344,0.753761505,561.570921,0.0,0.0
220.0,0.0,-787.755764,-0.00893099255,-0.00893099255,0.000736749448,0.000736749448,0.00135196408,0.00135196408,562.682652,37.920036,37.920036,2.23439977,2.23439977,3.04000902,3.04000902,0.181401861,0.0,0.0,29.2964514,0.0321302939,0.0,-787.755764,0.755253743,562.682652,0.0,0.0
220.5,0.0,-789.309576,-0.0089159885,-0.0089159885,0.000736962485,0.000736962485,0.00135131117,0.00135131117,563.792506,37.920036,37.920036,2.23880703,2.23880703,3.04417652,3.04417652,0.181373597,0.0,0.0,29.3542369,0.0320763149,0.0,-789.309576,0.756743494,563.792506,0.0,0.0
221.0,0.0,-790.860764,-0.00890098035,-0.00890098035,0.000737167843,0.000737167843,0.00135064706,0.00135064706,564.90051,37.920036,37.920036,2.24320685,2.24320685,3.04833204,3.04833204,0.181345297,0.0,0.0,29.4119258,0.0320223205,0.0,-790.860764,0.758230739,564.90051,0.0,0.0
221.5,0.0,-792.409364,-0.0088859679,-0.0088859679,0.000737365536,0.000737365536,0.00134997165,0.00134997165,566.006648,37.920036,37.920036,2.24759931,2.24759931,3.05247553,3.05247553,0.181316953,0.0,0.0,29.469517,0.0319683114,0.0,-792.409364,0.759715472,566.006648,0.0,0.0
222.0,0.0,-793.955325,-0.0088709516,-0.0088709516,0.000737555602,0.000737555602,0.00134928508,0.00134928508,567.11091,37.920036,37.920036,2.25198427,2.25198427,3.05660713,3.05660713,0.18128857,0.0,0.0,29.5270115,0.0319142889,0.0,-793.955325,0.761197698,567.11091,0.0,0.0
222.5,0.0,-795.498671,-0.0088559313,-0.0088559313,0.000737738096,0.000737738096,0.00134858746,0.00134858746,568.213296,37.920036,37.920036,2.25636183,2.25636183,3.06072676,3.06072676,0.181260145,0.0,0.0,29.5844087,0.0318602522,0.0,-795.498671,0.762677417,568.213296,0.0,0.0
223.0,0.0,-797.039415,-0.0088409076,-0.0088409076,0.000737912988,0.000737912988,0.00134787873,0.00134787873,569.313825,37.920036,37.920036,2.26073206,2.26073206,3.06483457,3.06483457,0.18123168,0.0,0.0,29.6417083,0.0318062022,0.0,-797.039415,0.764154622,569.313825,0.0,0.0
223.5,0.0,-798.577549,-0.00882588025,-0.00882588025,0.000738080317,0.000738080317,0.00134715908,0.00134715908,570.41249,37.920036,37.920036,2.26509484,2.26509484,3.06893052,3.06893052,0.181203178,0.0,0.0,29.6989107,0.0317521407,0.0,-798.577549,0.765629327,570.41249,0.0,0.0
224.0,0.0,-800.11306,-0.0088108497,-0.0088108497,0.000738240132,0.000738240132,0.00134642849,0.00134642849,571.509287,37.920036,37.920036,2.26945012,2.26945012,3.07301478,3.07301478,0.181174627,0.0,0.0,29.7560158,0.0316980657,0.0,-800.11306,0.767101537,571.509287,0.0,0.0
224.5,0.0,-801.645936,-0.0087958158,-0.0087958158,0.000738392413,0.000738392413,0.0013456871,0.0013456871,572.604212,37.920036,37.920036,2.27379803,2.27379803,3.07708714,3.07708714,0.181146042,0.0,0.0,29.8130236,0.0316439793,0.0,-801.645936,0.768571218,572.604212,0.0,0.0
225.0,0.0,-803.176219,-0.00878077905,-0.00878077905,0.000738537219,0.000738537219,0.0013449349,0.0013449349,573.697263,37.920036,37.920036,2.2781385,2.2781385,3.0811478,3.0811478,0.181117416,0.0,0.0,29.8699338,0.0315898836,0.0,-803.176219,0.770038401,573.697263,0.0,0.0
225.5,0.0,-804.70386,-0.0087657395,-0.0087657395,0.000738674553,0.000738674553,0.00134417197,0.00134417197,574.788428,37.920036,37.920036,2.28247156,2.28247156,3.08519672,3.08519672,0.18108875,0.0,0.0,29.9267472,0.031535776,0.0,-804.70386,0.771503062,574.788428,0.0,0.0
226.0,0.0,-806.228896,-0.0087506968,-0.0087506968,0.000738804466,0.000738804466,0.00134339843,0.00134339843,575.877745,37.920036,37.920036,2.28679719,2.28679719,3.089234,3.089234,0.181060045,0.0,0.0,29.9834627,0.0314816594,0.0,-806.228896,0.772965212,575.877745,0.0,0.0
226.5,0.0,-807.7513,-0.0087356521,-0.0087356521,0.00073892694,0.00073892694,0.0013426143,0.0013426143,576.965175,37.920036,37.920036,2.29111543,2.29111543,3.09325959,3.09325959,0.181031294,0.0,0.0,30.0400805,0.0314275336,0.0,-807.7513,0.774424858,576.965175,0.0,0.0
227.0,0.0,-809.271103,-0.0087206042,-0.0087206042,0.000739042017,0.000739042017,0.00134181963,0.00134181963,578.050746,37.920036,37.920036,2.29542617,2.29542617,3.09727359,3.09727359,0.181002512,0.0,0.0,30.0966018,0.0313733986,0.0,-809.271103,0.775882002,578.050746,0.0,0.0
227.5,0.0,-810.788297,-0.008705555,-0.008705555,0.00073914973,0.00073914973,0.0013410145,0.0013410145,579.134455,37.920036,37.920036,2.29972946,2.29972946,3.10127602,3.10127602,0.180973685,0.0,0.0,30.1530251,0.031319255,0.0,-810.788297,0.777336622,579.134455,0.0,0.0
228.0,0.0,-812.302828,-0.0086905032,-0.0086905032,0.000739250091,0.000739250091,0.001340199,0.001340199,580.216272,37.920036,37.920036,2.30402536,2.30402536,3.10527089,3.10527089,0.180944821,0.0,0.0,30.2093506,0.0312651046,0.0,-812.302828,0.778788721,580.216272,0.0,0.0
228.5,0.0,-813.814761,-0.0086754493,-0.0086754493,0.000739343139,0.000739343139,0.00133937313,0.00133937313,581.296205,37.920036,37.920036,2.30831383,2.30831383,3.10969623,3.10969623,0.180915917,0.0,0.0,30.2655793,0.0312109472,0.0,-813.814761,0.78023831,581.296205,0.0,0.0
229.0,0.0,-815.324071,-0.0086603935,-0.0086603935,0.000739428886,0.000739428886,0.00133853701,0.00133853701,582.374298,37.920036,37.920036,2.31259485,2.31259485,3.11441028,3.11441028,0.180886963,0.0,0.0,30.3217102,0.0311567832,0.0,-815.324071,0.781685413,582.374298,0.0,0.0
229.5,0.0,-816.830763,-0.00864533665,-0.00864533665,0.000739507336,0.000739507336,0.00133769068,0.00133769068,583.450491,37.920036,37.920036,2.31686848,2.31686848,3.11911292,3.11911292,0.180857966,0.0,0.0,30.3777439,0.0311026132,0.0,-816.830763,0.783129977,583.450491,0.0,0.0
230.0,0.0,-818.334833,-0.008630278,-0.008630278,0.000739578557,0.000739578557,0.0013368342,0.0013368342,584.524838,37.920036,37.920036,2.3211346,2.3211346,3.12380424,3.12380424,0.18082892,0.0,0.0,30.4336796,0.0310484374,0.0,-818.334833,0.78457204,584.524838,0.0,0.0
230.5,0.0,-819.836263,-0.00861521765,-0.00861521765,0.000739642539,0.000739642539,0.00133596767,0.00133596767,585.597286,37.920036,37.920036,2.32539332,2.32539332,3.12848426,3.12848426,0.180799831,0.0,0.0,30.4895178,0.0309942567,0.0,-819.836263,0.786011577,585.597286,0.0,0.0
231.0,0.0,-821.335098,-0.00860015625,-0.00860015625,0.000739699317,0.000739699317,0.00133509109,0.00133509109,586.667881,37.920036,37.920036,2.32964464,2.32964464,3.13315297,3.13315297,0.180770692,0.0,0.0,30.5452587,0.0309400714,0.0,-821.335098,0.787448593,586.667881,0.0,0.0
231.5,0.0,-822.831282,-0.0085850937,-0.0085850937,0.000739748929,0.000739748929,0.00133420457,0.00133420457,587.7366,37.920036,37.920036,2.33388843,2.33388843,3.13781032,3.13781032,0.180741502,0.0,0.0,30.6009016,0.0308858827,0.0,-822.831282,0.788883109,587.7366,0.0,0.0
232.0,0.0,-824.324871,-0.0085700304,-0.0085700304,0.000739791367,0.000739791367,0.00133330816,0.00133330816,588.803443,37.920036,37.920036,2.33812479,2.33812479,3.14245644,3.14245644,0.18071228,0.0,0.0,30.6564478,0.0308316905,0.0,-824.324871,0.790315113,588.803443,0.0,0.0
232.5,0.0,-825.815819,-0.0085549662,-0.0085549662,0.000739826695,0.000739826695,0.00133240192,0.00133240192,589.868408,37.920036,37.920036,2.34235383,2.34235383,3.14709129,3.14709129,0.180683004,0.0,0.0,30.711896,0.0307774952,0.0,-825.815819,0.791744597,589.868408,0.0,0.0
233.0,0.0,-827.304147,-0.0085399013,-0.0085399013,0.000739854919,0.000739854919,0.00133148593,0.00133148593,590.931491,37.920036,37.920036,2.34657534,2.34657534,3.15171496,3.15171496,0.180653683,0.0,0.0,30.7672465,0.030723298,0.0,-827.304147,0.793171558,590.931491,0.0,0.0
233.5,0.0,-828.789854,-0.00852483585,-0.00852483585,0.000739876026,0.000739876026,0.00133056022,0.00133056022,591.992716,37.920036,37.920036,2.35078943,2.35078943,3.1563273,3.1563273,0.180624316,0.0,0.0,30.8224999,0.0306690986,0.0,-828.789854,0.794596029,591.992716,0.0,0.0
234.0,0.0,-830.272953,-0.00850977025,-0.00850977025,0.000739890111,0.000739890111,0.00132962483,0.00132962483,593.052075,37.920036,37.920036,2.35499609,2.35499609,3.16092857,3.16092857,0.180594906,0.0,0.0,30.8776554,0.0306148979,0.0,-830.272953,0.796017948,593.052075,0.0,0.0
234.5,0.0,-831.75341,-0.0084947044,-0.0084947044,0.000739897155,0.000739897155,0.00132867991,0.00132867991,594.109523,37.920036,37.920036,2.35919519,2.35919519,3.16551861,3.16551861,0.180565444,0.0,0.0,30.9327132,0.0305606965,0.0,-831.75341,0.797437384,594.109523,0.0,0.0
235.0,0.0,-833.231238,-0.00847963835,-0.00847963835,0.000739897197,0.000739897197,0.00132772542,0.00132772542,595.165131,37.920036,37.920036,2.36338695,2.36338695,3.17009754,3.17009754,0.180535942,0.0,0.0,30.9876736,0.0305064952,0.0,-833.231238,0.798854281,595.165131,0.0,0.0
235.5,0.0,-834.706467,-0.00846457245,-0.00846457245,0.000739890244,0.000739890244,0.00132676149,0.00132676149,596.218854,37.920036,37.920036,2.36757126,2.36757126,3.17466528,3.17466528,0.180506393,0.0,0.0,31.0425363,0.0304522935,0.0,-834.706467,0.800268688,596.218854,0.0,0.0
236.0,0.0,-836.179048,-0.00844950675,-0.00844950675,0.000739876352,0.000739876352,0.00132578817,0.00132578817,597.270701,37.920036,37.920036,2.37174814,2.37174814,3.17922185,3.17922185,0.180476801,0.0,0.0,31.0973021,0.030398093,0.0,-836.179048,0.801680555,597.270701,0.0,0.0
236.5,0.0,-837.649015,-0.0084344415,-0.0084344415,0.000739855512,0.000739855512,0.00132480551,0.00132480551,598.320681,37.920036,37.920036,2.37591757,2.37591757,3.18376738,3.18376738,0.180447165,0.0,0.0,31.1519692,0.0303438934,0.0,-837.649015,0.803089933,598.320681,0.0,0.0
237.0,0.0,-839.116366,-0.0084193766,-0.0084193766,0.000739827751,0.000739827751,0.00132381357,0.00132381357,599.368786,37.920036,37.920036,2.38007959,2.38007959,3.18830184,3.18830184,0.180417478,0.0,0.0,31.2065395,0.0302896961,0.0,-839.116366,0.804496786,599.368786,0.0,0.0
237.5,0.0,-840.580508,-0.0083564002,-0.0083564002,0.000735571892,0.000735571892,0.00131526721,0.00131526721,600.414265,37.920036,37.920036,2.38423126,2.38423126,3.19282211,3.19282211,0.180387748,0.0,0.003327105516,31.260974,0.0298047344,0.0,-840.580508,0.805710413,600.414265,-0.0817053,0.002056483
238.0,0.0,-841.5453,-0.000837445556,-0.000837445556,7.3787066e-05,7.3787066e-05,0.000265678758,0.000265678758,601.077636,37.920036,37.920036,2.38686544,2.38686544,3.19568867,3.19568867,0.180357982,0.0,0.2162598325,31.2955118,0.00171607199,0.0,-841.5453,0.791581391,601.077636,-5.39178046,0.1357553
238.5,0.0,-840.576673,0.01172405946,0.01172405946,-0.001031794371,-0.001031794371,-0.000576988807,-0.000576988807,600.377231,37.920036,37.920036,2.38408415,2.38408415,3.19266188,3.19266188,0.180328229,0.0,0.548967282,31.259046,-0.0422052981,0.0,-840.576673,0.785679038,600.377231,-13.7094665,0.344731156
239.0,0.0,-837.472439,0.0239209711,0.0239209711,-0.0020974288,-0.0020974288,-0.0011711387,-0.0011711387,598.159779,37.920036,37.920036,2.37527868,2.37527868,3.18307015,3.18307015,0.18029854,0.0,0.881674721,31.1435928,-0.0860476731,0.0,-837.472439,0.782621426,598.159779,-22.0271527,0.551819299
239.5,0.0,-832.247808,0.0360861385,0.0360861385,-0.00314434774,-0.00314434774,-0.00175125737,-0.00175125737,594.427963,37.920036,37.920036,2.36045975,2.36045975,3.16689812,3.16689812,0.180268985,0.0,1.21438217,30.9492926,-0.1298126416,0.0,-832.247808,0.777645841,594.427963,-30.3448388,0.75543748
240.0,0.0,-824.906782,0.0482300426,0.0482300426,-0.0041654253,-0.0041654253,-0.00231167099,-0.00231167099,589.184438,37.920036,37.920036,2.3396378,2.3396378,3.14411099,3.14411099,0.180239629,0.0,1.54708963,30.6762849,-0.173501817,0.0,-824.906782,0.770642475,589.184438,-38.662525,0.954007086
240.5,0.0,-815.453555,0.060305563,0.060305563,-0.00514866383,-0.00514866383,-0.00284416161,-0.00284416161,582.432516,37.920036,37.920036,2.3128261,2.3128261,3.11483928,3.11483928,0.180210528,0.0,1.87645626,30.3247416,-0.21668662,0.0,-815.453555,0.761803152,582.432516,-46.8985051,1.14397322
241.0,0.0,-804.387793,0.0649051774,0.0649051774,-0.00546740864,-0.00546740864,-0.00300412628,-0.00300412628,574.554248,37.920036,37.920036,2.28154165,2.28154165,3.08431774,3.08431774,0.180181739,0.0,1.9962447,29.9145533,-0.23219593,0.0,-804.387793,0.766280885,574.554248,-49.906116,1.2010841
241.5,0.0,-793.147025,0.0644421309,0.0644421309,-0.0053524588,-0.0053524588,-0.00292464837,-0.00292464837,566.533702,37.920036,37.920036,2.24969221,2.24969221,3.05443759,3.05443759,0.180153233,0.0,1.9962447,29.4969584,-0.231800168,0.0,-793.147025,0.760510807,566.533702,-49.906116,1.18431744
242.0,0.0,-781.936971,0.0643236,0.0643236,-0.00526710005,-0.00526710005,-0.00286201175,-0.00286201175,558.52672,37.920036,37.920036,2.21789668,2.21789668,3.02434858,3.02434858,0.180125029,0.0,1.9962447,29.0800699,-0.231411214,0.0,-781.936971,0.749877711,558.52672,-49.906116,1.16757916
242.5,0.0,-770.74588,0.0642170116,0.0642170116,-0.00518311408,-0.00518311408,-0.00280066273,-0.00280066273,550.53307,37.920036,37.920036,2.18615415,2.18615415,2.99404788,2.99404788,0.180097117,0.0,1.9962447,28.6638755,-0.231028445,0.0,-770.74588,0.739147305,550.53307,-49.906116,1.15086875
243.0,0.0,-759.573176,0.0641123179,0.0641123179,-0.00509965231,-0.00509965231,-0.00274012986,-0.00274012986,542.552561,37.920036,37.920036,2.1544637,2.1544637,2.96353248,2.96353248,0.180069496,0.0,1.9962447,28.2483648,-0.230651817,0.0,-759.573176,0.728432414,542.552561,-49.906116,1.13418578
243.5,0.0,-748.418543,0.0640093232,0.0640093232,-0.00501668972,-0.00501668972,-0.00268039358,-0.00268039358,534.584963,37.920036,37.920036,2.12282451,2.12282451,2.93279938,2.93279938,0.18004218,0.0,1.9962447,27.8335261,-0.230281275,0.0,-748.418543,0.717734837,534.584963,-49.906116,1.11752982
244.0,0.0,-737.281692,0.0639080125,0.0639080125,-0.00493421675,-0.00493421675,-0.00262144263,-0.00262144263,526.63006,37.920036,37.920036,2.09123585,2.09123585,2.90184559,2.90184559,0.18001516,0.0,1.9962447,27.419349,-0.229916797,0.0,-737.281692,0.707054321,526.63006,-49.906116,1.10090044
244.5,0.0,-726.162335,0.063808377,0.063808377,-0.00485222447,-0.00485222447,-0.00256326612,-0.00256326612,518.687669,37.920036,37.920036,2.05969674,2.05969674,2.87066792,2.87066792,0.179988441,0.0,1.9962447,27.005823,-0.229558344,0.0,-726.162335,0.696390609,518.687669,-49.906116,1.08429713
245.0,0.0,-715.060186,0.0637104056,0.0637104056,-0.00477070374,-0.00477070374,-0.00250585349,-0.00250585349,510.757561,37.920036,37.920036,2.02820649,2.02820649,2.83926338,2.83926338,0.179962033,0.0,1.9962447,26.5929368,-0.229205882,0.0,-715.060186,0.685743403,510.757561,-49.906116,1.06771955
245.5,0.0,-703.974971,0.0636140911,0.0636140911,-0.00468964532,-0.00468964532,-0.00244919427,-0.00244919427,502.839527,37.920036,37.920036,1.99676416,1.99676416,2.80762868,2.80762868,0.179935918,0.0,1.9962447,26.1806791,-0.22885937,0.0,-703.974971,0.675112406,502.839527,-49.906116,1.05116719
246.0,0.0,-692.906353,0.0635194196,0.0635194196,-0.0046090406,-0.0046090406,-0.00239327819,-0.00239327819,494.933383,37.920036,37.920036,1.96536904,1.96536904,2.7757606,2.7757606,0.179910121,0.0,1.9962447,25.7690401,-0.228518779,0.0,-692.906353,0.664497389,494.933383,-49.906116,1.03463972
246.5,0.0,-681.8541,0.0634263875,0.0634263875,-0.00452888079,-0.00452888079,-0.00233809517,-0.00233809517,487.038905,37.920036,37.920036,1.93402023,1.93402023,2.74365576,2.74365576,0.179884628,0.0,1.9962447,25.3580088,-0.228184081,0.0,-681.8541,0.65389807,487.038905,-49.906116,1.01813657
247.0,0.0,-670.817899,0.0633349827,0.0633349827,-0.00444915712,-0.00444915712,-0.00228363546,-0.00228363546,479.155903,37.920036,37.920036,1.90271701,1.90271701,2.71131082,2.71131082,0.179859447,0.0,1.9962447,24.9475745,-0.227855235,0.0,-670.817899,0.643314135,479.155903,-49.906116,1.001657451
247.5,0.0,-659.797466,0.0632451942,0.0632451942,-0.00436986109,-0.00436986109,-0.00222988924,-0.00222988924,471.284158,37.920036,37.920036,1.87145853,1.87145853,2.67872232,2.67872232,0.17983458,0.0,1.9962447,24.5377271,-0.227532216,0.0,-659.797466,0.632745354,471.284158,-49.906116,0.985201879
248.0,0.0,-648.792525,0.0631570185,0.0631570185,-0.00429098419,-0.00429098419,-0.00217670725,-0.00217670725,463.423485,37.920036,37.920036,1.84024399,1.84024399,2.6458868,2.6458868,0.17981003,0.0,1.9962447,24.1284562,-0.227214989,0.0,-648.792525,0.62219143,463.423485,-49.906116,0.968769429
248.5,0.0,-637.802797,0.0630704438,0.0630704438,-0.00421251802,-0.00421251802,-0.00211787293,-0.00211787293,455.573677,37.920036,37.920036,1.80907258,1.80907258,2.61280069,2.61280069,0.179785793,0.0,1.9962447,23.7197507,-0.226903527,0.0,-637.802797,0.611652121,455.573677,-49.906116,0.952359721
249.0,0.0,-626.828018,0.062985462,0.062985462,-0.00413445423,-0.00413445423,-0.00205661154,-0.00205661154,447.73454,37.920036,37.920036,1.77794355,1.77794355,2.57946029,2.57946029,0.179761879,0.0,1.9962447,23.311601,-0.226597793,0.0,-626.828018,0.601127143,447.73454,-49.906116,0.935972296
249.5,0.0,-615.867897,0.0629020681,0.0629020681,-0.00405678458,-0.00405678458,-0.00199640428,-0.00199640428,439.905884,37.920036,37.920036,1.74685611,1.74685611,2.545862,2.545862,0.179738287,0.0,1.9962447,22.9039962,-0.226297769,0.0,-615.867897,0.590616217,439.905884,-49.906116,0.919606758
250.0,0.0,-604.92216,0.0628202496,0.0628202496,-0.00397950087,-0.00397950087,-0.00193723874,-0.00193723874,432.08749,37.920036,37.920036,1.71580943,1.71580943,2.51200195,2.51200195,0.179715015,0.0,1.9962447,22.4969265,-0.226003419,0.0,-604.92216,0.580119125,432.08749,-49.906116,0.903262703
250.5,0.0,-593.990531,0.0627400038,0.0627400038,-0.00390259515,-0.00390259515,-0.00187910269,-0.00187910269,424.279175,37.920036,37.920036,1.68480282,1.68480282,2.47787633,2.47787633,0.179692069,0.0,1.9962447,22.0903812,-0.225714716,0.0,-593.990531,0.569635554,424.279175,-49.906116,0.886939717
251.0,0.0,-583.072741,0.0626613175,0.0626613175,-0.00382605933,-0.00382605933,-0.00182198428,-0.00182198428,416.48075,37.920036,37.920036,1.65383544,1.65383544,2.44348131,2.44348131,0.179669452,0.0,1.9962447,21.6843509,-0.225431632,0.0,-583.072741,0.559165252,416.48075,-49.906116,0.870637405
251.5,0.0,-572.168498,0.0625841862,0.0625841862,-0.00374988554,-0.00374988554,-0.00176587183,-0.00176587183,408.692008,37.920036,37.920036,1.62290656,1.62290656,2.40881276,2.40881276,0.179647163,0.0,1.9962447,21.278825,-0.225154143,0.0,-572.168498,0.548707985,408.692008,-49.906116,0.854355347
252.0,0.0,-561.277578,0.0625086036,0.0625086036,-0.00367406583,-0.00367406583,-0.00171075398,-0.00171075398,400.912763,37.920036,37.920036,1.59201534,1.59201534,2.37386673,2.37386673,0.179625207,0.0,1.9962447,20.8737934,-0.224882222,0.0,-561.277578,0.538263473,400.912763,-49.906116,0.838093124
252.5,0.0,-550.399667,0.0624345606,0.0624345606,-0.00359859247,-0.00359859247,-0.00165661957,-0.00165661957,393.142829,37.920036,37.920036,1.56116112,1.56116112,2.33863905,2.33863905,0.179603589,0.0,1.9962447,20.4692464,-0.224615838,0.0,-550.399667,0.52783147,393.142829,-49.906116,0.821850367
253.0,0.0,-539.534531,0.062362049,0.062362049,-0.00352345777,-0.00352345777,-0.00160345774,-0.00160345774,385.382009,37.920036,37.920036,1.53034307,1.53034307,2.30607439,2.30607439,0.179582299,0.0,1.9962447,20.0651739,-0.224354974,0.0,-539.534531,0.517411709,385.382009,-49.906116,0.805626633
253.5,0.0,-528.681874,0.062291067,0.062291067,-0.00344865404,-0.00344865404,-0.00155125788,-0.00155125788,377.630105,37.920036,37.920036,1.49956046,1.49956046,2.28110895,2.28110895,0.179561277,0.0,1.9962447,19.6615658,-0.224099606,0.0,-528.681874,0.507003939,377.630105,-49.906116,0.789421591
254.0,0.0,-517.841445,0.0622216036,0.0622216036,-0.00337417376,-0.00337417376,-0.0015000095,-0.0015000095,369.886938,37.920036,37.920036,1.46881247,1.46881247,2.25613367,2.25613367,0.179540488,0.0,1.9962447,19.2584129,-0.223849696,0.0,-517.841445,0.496607891,369.886938,-49.906116,0.773234801
254.5,0.0,-507.012977,0.062153654,0.062153654,-0.00330000938,-0.00330000938,-0.0014497026,-0.0014497026,362.152316,37.920036,37.920036,1.4380985,1.4380985,2.23069468,2.23069468,0.179519944,0.0,1.9962447,18.8557046,-0.223605239,0.0,-507.012977,0.48622334,362.152316,-49.906116,0.757065867
255.0,0.0,-496.19621,0.0620872104,0.0620872104,-0.00322615356,-0.00322615356,-0.00140032712,-0.00140032712,354.426056,37.920036,37.920036,1.40741768,1.40741768,2.20477827,2.20477827,0.179499639,0.0,1.9962447,18.4534317,-0.223366199,0.0,-496.19621,0.475850005,354.426056,-49.906116,0.740914391
255.5,0.0,-485.390891,0.0620222682,0.0620222682,-0.00315259882,-0.00315259882,-0.00135187352,-0.00135187352,346.707966,37.920036,37.920036,1.37676932,1.37676932,2.1783703,2.1783703,0.179479581,0.0,1.9962447,18.0515836,-0.223132561,0.0,-485.390891,0.46548765,346.707966,-49.906116,0.724780003
256.0,0.0,-474.596753,0.0619588203,0.0619588203,-0.00307933788,-0.00307933788,-0.0013043322,-0.0013043322,338.997851,37.920036,37.920036,1.34615265,1.34615265,2.15145611,2.15145611,0.179459779,0.0,1.9962447,17.6501518,-0.222904299,0.0,-474.596753,0.45513603,338.997851,-49.906116,0.708662308
256.5,0.0,-463.813515,0.0618968629,0.0618968629,-0.00300636338,-0.00300636338,-0.00125769409,-0.00125769409,331.295546,37.920036,37.920036,1.31556693,1.31556693,2.12402023,2.12402023,0.179440235,0.0,1.9962447,17.2491261,-0.222681395,0.0,-463.813515,0.444794888,331.295546,-49.906116,0.692560934
257.0,0.0,-453.040951,0.0618363862,0.0618363862,-0.00293366822,-0.00293366822,-0.00121195002,-0.00121195002,323.600852,37.920036,37.920036,1.2850115,1.2850115,2.09604687,2.09604687,0.17942095,0.0,1.9962447,16.8484966,-0.222463823,0.0,-453.040951,0.434463962,323.600852,-49.906116,0.67647545
257.5,0.0,-442.278782,0.0617773883,0.0617773883,-0.00286124525,-0.00286124525,-0.00116709135,-0.00116709135,315.913585,37.920036,37.920036,1.25448554,1.25448554,2.06751931,2.06751931,0.179401931,0.0,1.9962447,16.4482538,-0.222251572,0.0,-442.278782,0.424143027,315.913585,-49.906116,0.660405519
258.0,0.0,-431.526759,0.0617198624,0.0617198624,-0.00278908741,-0.00278908741,-0.00112310948,-0.00112310948,308.233567,37.920036,37.920036,1.22398839,1.22398839,2.03842028,2.03842028,0.179383187,0.0,1.9962447,16.0483881,-0.222044613,0.0,-431.526759,0.413831822,308.233567,-49.906116,0.644350718
258.5,0.0,-420.784632,0.0616638031,0.0616638031,-0.0027171875,-0.0027171875,-0.00107999601,-0.00107999601,300.560605,37.920036,37.920036,1.19351926,1.19351926,2.00873182,2.00873182,0.179364715,0.0,1.9962447,15.6488908,-0.221842931,0.0,-420.784632,0.403530121,300.560605,-49.906116,0.628310696
259.0,0.0,-410.052133,0.0616092047,0.0616092047,-0.00264553866,-0.00264553866,-0.00103774283,-0.00103774283,292.894535,37.920036,37.920036,1.16307742,1.16307742,1.97843514,1.97843514,0.179346531,0.0,1.9962447,15.2497517,-0.221646504,0.0,-410.052133,0.393237654,292.894535,-49.906116,0.612285076
259.5,0.0,-399.329018,0.0615560633,0.0615560633,-0.00257413394,-0.00257413394,-0.00099634205,-0.00099634205,285.235161,37.920036,37.920036,1.13266224,1.13266224,1.9475106,1.9475106,0.179328631,0.0,1.9962447,14.850961,-0.22145532,0.0,-399.329018,0.382954194,285.235161,-49.906116,0.596273417
260.0,0.0,-388.615025,0.0615043729,0.0615043729,-0.00250296636,-0.00250296636,-0.000955785888,-0.000955785888,277.58231,37.920036,37.920036,1.10227295,1.10227295,1.91593775,1.91593775,0.179311027,0.0,1.9962447,14.4525099,-0.221269355,0.0,-388.615025,0.372679485,277.58231,-49.906116,0.580275412
260.5,0.0,-377.909907,0.0614541297,0.0614541297,-0.00243202916,-0.00243202916,-0.000916066851,-0.000916066851,269.935793,37.920036,37.920036,1.07190879,1.07190879,1.88369528,1.88369528,0.179293722,0.0,1.9962447,14.0543888,-0.221088596,0.0,-377.909907,0.3624133,269.935793,-49.906116,0.564290647
261.0,0.0,-367.213405,0.0614053289,0.0614053289,-0.00236131552,-0.00236131552,-0.000877177603,-0.000877177603,262.295437,37.920036,37.920036,1.04156911,1.04156911,1.85076099,1.85076099,0.179276722,0.0,1.9962447,13.65658855,-0.220913026,0.0,-367.213405,0.352155387,262.295437,-49.906116,0.54831878
261.5,0.0,-356.525864,0.0613100508,0.0613100508,-0.00228905761,-0.00228905761,-0.000838470726,-0.000838470726,254.66179,37.920036,37.920036,1.011256075,1.011256075,1.81711475,1.81711475,0.179260034,0.0,1.99291579,13.25913785,-0.220311843,0.0,-356.525864,0.342096227,254.66179,-49.824411,0.531501094
262.0,0.0,-346.34332,0.0537573381,0.0537573381,-0.00195078876,-0.00195078876,-0.000705096412,-0.000705096412,247.414335,37.920036,37.920036,0.982476617,0.982476617,1.78447023,1.78447023,0.179243661,0.0,1.77998483,12.88179415,-0.192100442,0.0,-346.34332,0.347392093,247.414335,-44.514336,0.461522665
262.5,0.0,-338.100933,0.0411513613,0.0411513613,-0.00145775908,-0.00145775908,-0.000521050566,-0.000521050566,241.535468,37.920036,37.920036,0.95913175,0.95913175,1.75747176,1.75747176,0.179227565,0.0,1.44727739,12.57570695,-0.148018588,0.0,-338.100933,0.344481493,241.535468,-36.1966503,0.366363572
263.0,0.0,-332.002995,0.028897541,0.028897541,-0.001005220762,-0.001005220762,-0.000356321287,-0.000356321287,237.17997,37.920036,37.920036,0.941836168,0.941836168,1.73715979,1.73715979,0.179211694,0.0,1.114569933,12.348935,-0.1039714296,0.0,-332.002995,0.338736884,237.17997,-27.8789641,0.27708002
263.5,0.0,-328.036431,0.0166629325,0.0166629325,-0.000572709905,-0.000572709905,-0.000201905506,-0.000201905506,234.346695,37.920036,37.920036,0.930585315,0.930585315,1.72380255,1.72380255,0.179195973,0.0,0.781862495,12.20141865,-0.0599566506,0.0,-328.036431,0.334921112,234.346695,-19.5612777,0.192078775
264.0,0.0,-326.199456,0.004437187206,0.004437187206,-0.000151653804,-0.000151653804,-4.4288832e-05,-4.4288832e-05,233.034542,37.920036,37.920036,0.925374781,0.925374781,1.71757748,1.71757748,0.179180345,0.0,0.449155046,12.13310035,-0.0159730879,0.0,-326.199456,0.333145464,233.034542,-11.24359172,0.1097682535
264.5,0.0,-326.489985,-0.00773211843,-0.00773211843,0.000264499688,0.000264499688,0.00075186615,0.00075186615,233.241711,37.920036,37.920036,0.926197451,0.926197451,1.71856201,1.71856201,0.179164738,0.0,0.119787863597,12.14388695,0.0275490042,0.0,-326.489985,0.333219633,233.241711,-3.0076110157,0.029358459822
265.0,0.0,-328.41022,-0.0124339278,-0.0124339278,0.000427598199,0.000427598199,0.00121258704,0.00121258704,234.587489,37.920036,37.920036,0.931541497,0.931541497,1.72494391,1.72494391,0.179149087,0.0,0.0,12.2139557,0.0434246377,0.0,-328.41022,0.31998523,234.587489,0.0,0.0
265.5,0.0,-330.523242,-0.0120723574,-0.0120723574,0.000417851436,0.000417851436,0.00118149144,0.00118149144,236.088206,37.920036,37.920036,0.937500821,0.937500821,1.7320307,1.7320307,0.179133367,0.0,0.0,12.2920917,0.0433935262,0.0,-330.523242,0.317002404,236.088206,0.0,0.0
266.0,0.0,-332.623038,-0.01205341335,-0.01205341335,0.000419846778,0.000419846778,0.00118372272,0.00118372272,237.587864,37.920036,37.920036,0.943455915,0.943455915,1.73908038,1.73908038,0.179117583,0.0,0.0,12.37017235,0.0433628385,0.0,-332.623038,0.318897901,237.587864,0.0,0.0
266.5,0.0,-334.721077,-0.0120446455,-0.0120446455,0.000422187654,0.000422187654,0.00118691629,0.00118691629,239.08646,37.920036,37.920036,0.949406811,0.949406811,1.7460932,1.7460932,0.179101734,0.0,0.0,12.44819765,0.0433319967,0.0,-334.721077,0.32090718,239.08646,0.0,0.0
267.0,0.0,-336.817613,-0.01203602095,-0.01203602095,0.000424527858,0.000424527858,0.00119009212,0.00119009212,240.583985,37.920036,37.920036,0.955353442,0.955353442,1.75306942,1.75306942,0.179085814,0.0,0.0,12.52616715,0.0433009842,0.0,-336.817613,0.322917167,240.583985,0.0,0.0
267.5,0.0,-338.912644,-0.01202735295,-0.01202735295,0.000426860804,0.000426860804,0.00119323206,0.00119323206,242.080434,37.920036,37.920036,0.961295812,0.961295812,1.76000925,1.76000925,0.17906983,0.0,0.0,12.604081,0.0432697992,0.0,-338.912644,0.324925733,242.080434,0.0,0.0
268.0,0.0,-341.006159,-0.0120186373,-0.0120186373,0.00042918636,0.00042918636,0.00119633612,0.00119633612,243.575802,37.920036,37.920036,0.967233898,0.967233898,1.766913,1.766913,0.179053784,0.0,0.0,12.6819381,0.0432384443,0.0,-341.006159,0.326932871,243.575802,0.0,0.0
268.5,0.0,-343.098154,-0.0120098747,-0.0120098747,0.000431504483,0.000431504483,0.00119940438,0.00119940438,245.070083,37.920036,37.920036,0.973167637,0.973167637,1.77378088,1.77378088,0.179037674,0.0,0.0,12.759739,0.0432069194,0.0,-343.098154,0.328938544,245.070083,0.0,0.0
269.0,0.0,-345.188612,-0.0120010647,-0.0120010647,0.00043381514,0.00043381514,0.00120243721,0.00120243721,246.563276,37.920036,37.920036,0.979097067,0.979097067,1.78061315,1.78061315,0.1790215,0.0,0.0,12.8374832,0.0431752236,0.0,-345.188612,0.330942739,246.563276,0.0,0.0
269.5,0.0,-347.277544,-0.0119922077,-0.0119922077,0.00043611829,0.00043611829,0.00120543474,0.00120543474,248.055366,37.920036,37.920036,0.985022113,0.985022113,1.7874101,1.7874101,0.179005261,0.0,0.0,12.9151696,0.0431433605,0.0,-347.277544,0.33294547,248.055366,0.0,0.0
270.0,0.0,-349.364925,-0.011983304,-0.011983304,0.000438413921,0.000438413921,0.00120839728,0.00120839728,249.546348,37.920036,37.920036,0.990942781,0.990942781,1.79417187,1.79417187,0.178988957,0.0,0.0,12.9927986,0.0431113285,0.0,-349.364925,0.334946713,249.546348,0.0,0.0
270.5,0.0,-351.450746,-0.01197435355,-0.01197435355,0.000440701986,0.000440701986,0.00121132507,0.00121132507,251.036225,37.920036,37.920036,0.996859066,0.996859066,1.80089878,1.80089878,0.178972589,0.0,0.0,13.0703702,0.0430791282,0.0,-351.450746,0.336946471,251.036225,0.0,0.0
271.0,0.0,-353.535012,-0.0119653567,-0.0119653567,0.000442982469,0.000442982469,0.00121421836,0.00121421836,252.524985,37.920036,37.920036,1.0027709,1.0027709,1.80759105,1.80759105,0.178956164,0.0,0.0,13.14788355,0.043046761,0.0,-353.535012,0.338944731,252.524985,0.0,0.0
271.5,0.0,-355.617707,-0.0119563135,-0.0119563135,0.000445255323,0.000445255323,0.00121707735,0.00121707735,254.012623,37.920036,37.920036,1.00867825,1.00867825,1.81424892,1.81424892,0.17893967,0.0,0.0,13.2253384,0.043014227,0.0,-355.617707,0.340941479,254.012623,0.0,0.0
272.0,0.0,-357.698815,-0.01194722395,-0.01194722395,0.000447520532,0.000447520532,0.00121990225,0.00121990225,255.49913,37.920036,37.920036,1.01458113,1.01458113,1.82087262,1.82087262,0.178923117,0.0,0.0,13.3027345,0.0429815263,0.0,-357.698815,0.342936714,255.49913,0.0,0.0
272.5,0.0,-359.778342,-0.0119380884,-0.0119380884,0.000449778063,0.000449778063,0.00122269338,0.00122269338,256.984504,37.920036,37.920036,1.02047954,1.02047954,1.82746235,1.82746235,0.178906499,0.0,0.0,13.3800715,0.0429486607,0.0,-359.778342,0.344930424,256.984504,0.0,0.0
273.0,0.0,-361.856279,-0.0119289067,-0.0119289067,0.000452027881,0.000452027881,0.00122545086,0.00122545086,258.468737,37.920036,37.920036,1.02637341,1.02637341,1.83401836,1.83401836,0.178889822,0.0,0.0,13.45734945,0.0429156296,0.0,-361.856279,0.346922628,258.468737,0.0,0.0
273.5,0.0,-363.932613,-0.01191967965,-0.01191967965,0.000454269963,0.000454269963,0.00122817498,0.00122817498,259.951835,37.920036,37.920036,1.03226273,1.03226273,1.84054091,1.84054091,0.178873083,0.0,0.0,13.5345674,0.0428824337,0.0,-363.932613,0.34891327,259.951835,0.0,0.0
274.0,0.0,-366.007326,-0.01191040725,-0.01191040725,0.000456504273,0.000456504273,0.00123086598,0.00123086598,261.433778,37.920036,37.920036,1.03814752,1.03814752,1.84703019,1.84703019,0.178856282,0.0,0.0,13.6117259,0.0428490737,0.0,-366.007326,0.350902377,261.433778,0.0,0.0
274.5,0.0,-368.080425,-0.0119010888,-0.0119010888,0.000458730784,0.000458730784,0.00123352402,0.00123352402,262.914569,37.920036,37.920036,1.04402769,1.04402769,1.85348641,1.85348641,0.178839418,0.0,0.0,13.68882385,0.0428155517,0.0,-368.080425,0.352889939,262.914569,0.0,0.0
275.0,0.0,-370.151899,-0.01189172545,-0.01189172545,0.000460949475,0.000460949475,0.00123614936,0.00123614936,264.394191,37.920036,37.920036,1.04990322,1.04990322,1.85990985,1.85990985,0.178822495,0.0,0.0,13.76586155,0.0427818649,0.0,-370.151899,0.354875937,264.394191,0.0,0.0
275.5,0.0,-372.221741,-0.011882317,-0.011882317,0.00046316031,0.00046316031,0.00123874222,0.00123874222,265.872648,37.920036,37.920036,1.05577412,1.05577412,1.86630066,1.86630066,0.178805515,0.0,0.0,13.8428386,0.0427480169,0.0,-372.221741,0.356860364,265.872648,0.0,0.0
276.0,0.0,-374.28994,-0.0118728635,-0.0118728635,0.000465363259,0.000465363259,0.00124130277,0.00124130277,267.349929,37.920036,37.920036,1.0616404,1.0616404,1.87265912,1.87265912,0.178788472,0.0,0.0,13.9197543,0.0427140068,0.0,-374.28994,0.358843222,267.349929,0.0,0.0
276.5,0.0,-376.354711,-0.0117137023,-0.0117137023,0.000461643285,0.000461643285,0.00122811709,0.00122811709,268.823748,37.920036,37.920036,1.0674929,1.0674929,1.8789756,1.8789756,0.17877137,0.0,0.01041898838,13.99648945,0.0413342586,0.0,-376.354711,0.360228796,268.823748,-0.2552089,0.0028806476
277.0,0.0,-376.865804,0.0117428943,0.0117428943,-0.000462686028,-0.000462686028,-8.5428595e-05,-8.5428595e-05,269.108255,37.920036,37.920036,1.06862266,1.06862266,1.88019145,1.88019145,0.178754229,0.0,0.675493975,14.01130255,-0.04630062258,0.0,-376.865804,0.313676752,269.108255,-16.84138448,0.1896986938
277.5,0.0,-371.340058,0.0509848505,0.0509848505,-0.00197969675,-0.00197969675,-0.000738842034,-0.000738842034,265.13458,37.920036,37.920036,1.05284328,1.05284328,1.86309377,1.86309377,0.178737165,0.0,1.71471546,13.8044106,-0.1835122194,0.0,-371.340058,0.292784326,265.13458,-42.8219218,0.47500763
278.0,0.0,-359.13921,0.0891273266,0.0891273266,-0.00334687893,-0.00334687893,-0.00122934037,-0.00122934037,256.419143,37.920036,37.920036,1.018234475,1.018234475,1.82489239,1.82489239,0.178720363,0.0,2.75393693,13.3506355,-0.320617517,0.0,-359.13921,0.280767039,256.419143,-68.8024585,0.738002316
278.5,0.0,-340.303895,0.1272117717,0.1272117717,-0.0045261017,-0.0045261017,-0.00162125933,-0.00162125933,242.9654,37.920036,37.920036,0.964810008,0.964810008,1.76395666,1.76395666,0.17870403,0.0,3.79315841,12.6501575,-0.457629097,0.0,-340.303895,0.262744187,242.9654,-94.7829961,0.963215484
279.0,0.0,-314.839103,0.165274131,0.165274131,-0.00543960628,-0.00543960628,-0.00190457001,-0.00190457001,224.77633,37.920036,37.920036,0.892581605,0.892581605,1.67754355,1.67754355,0.178688383,0.0,4.83237994,11.7031312,-0.594563572,0.0,-314.839103,0.238363915,224.77633,-120.7635329,1.13519248
279.5,0.0,-282.749882,0.203171542,0.203171542,-0.00600443053,-0.00600443053,-0.00210041488,-0.00210041488,201.85651,37.920036,37.920036,0.801567529,0.801567529,1.56158556,1.56158556,0.178673682,0.0,5.86118038,10.5097951,-0.730097715,0.0,-282.749882,0.208215797,201.85651,-146.488859,1.23646913
280.0,0.0,-245.588542,0.217761578,0.217761578,-0.00560138008,-0.00560138008,-0.00195942345,-0.00195942345,175.393294,37.920036,37.920036,0.696482731,0.696482731,1.42110965,1.42110965,0.178660186,0.0,6.235329,9.1319703,-0.77933992,0.0,-245.588542,0.219645577,175.393294,-155.88322,1.14525178
280.5,0.0,-207.840195,0.216554008,0.216554008,-0.00471335814,-0.00471335814,-0.00164878377,-0.00164878377,148.456937,37.920036,37.920036,0.589519064,0.589519064,1.26592103,1.26592103,0.17864805,0.0,6.235329,7.72951039,-0.778961364,0.0,-207.840195,0.19906874,148.456937,-155.88322,0.969367577
281.0,0.0,-170.145218,0.216434226,0.216434226,-0.00385635734,-0.00385635734,-0.00134899557,-0.00134899557,121.532532,37.920036,37.920036,0.482602881,0.482602881,1.09358077,1.09358077,0.178637423,0.0,6.235329,6.32767319,-0.778647436,0.0,-170.145218,0.163266179,121.532532,-155.88322,0.793561394
281.5,0.0,-132.4647806,0.216363803,0.216363803,-0.00300134916,-0.00300134916,-0.001049904494,-0.001049904494,94.6178958,37.920036,37.920036,0.375725476,0.375725476,0.901061859,0.901061859,0.178628453,0.0,6.235329,4.92634444,-0.778396241,0.0,-132.4647806,0.127116965,94.6178958,-155.88322,0.617819022
282.0,0.0,-94.7949992,0.216311373,0.216311373,-0.00214731759,-0.00214731759,-0.000751154965,-0.000751154965,67.7108582,37.920036,37.920036,0.268878261,0.268878261,0.684580142,0.684580142,0.178621338,0.0,6.235329,3.52541159,-0.778207649,0.0,-94.7949992,0.0909713069,67.7108582,-155.88322,0.442126264
282.5,0.0,-57.1328348,0.216276336,0.216276336,-0.001293976146,-0.001293976146,-0.000452646875,-0.000452646875,40.8092621,37.920036,37.920036,0.1620526394,0.1620526394,0.439342026,0.439342026,0.178616301,0.0,6.235329,2.12476178,-0.778081605,0.0,-57.1328348,0.0548328537,40.8092621,-155.88322,0.266469025
283.0,0.0,-19.49555872,0.215013611,0.215013611,-0.000441053652,-0.000441053652,-0.000154285347,-0.000154285347,13.93327154,37.920036,37.920036,0.0553287006,0.0553287006,0.1594481076,0.1594481076,0.178613611,0.0,6.235329,0.725445178,-0.769905916,0.0,-19.49555872,0.02328853395,13.93327154,-155.88322,0.0909789854
283.5,0.0,0.733401512,0.0059071719,0.0059071719,1.45498e-07,1.45498e-07,3.284196e-06,3.284196e-06,0.0594619452,37.920036,37.920036,0.000236122013,0.000236122013,0.000714129512,0.000714129512,0.178613118,0.0,6.235329,0.00309592631,-0.00165026968,0.0,0.733401512,0.3398931796,0.0594619452,-23.8757294,5.9516023e-05
284.0,0.0,-0.0439243865,-0.001403496475,-0.001403496475,7.8e-10,7.8e-10,7.952e-09,7.952e-09,0.0590296216,37.920036,37.920036,0.000234405262,0.000234405262,0.000708938273,0.000708938273,0.17861311,0.0,6.235329,0.00307341704,-7.6989e-08,0.0,-0.0439243865,0.01618969848,0.0590296216,-23.5762091,5.8295172e-05
284.5,0.0,-0.0819031938,-2.7424936e-05,-2.7424936e-05,2.33e-10,2.33e-10,6.66e-10,6.66e-10,0.0590289356,37.920036,37.920036,0.000234402543,0.000234402543,0.000708930031,0.000708930031,0.178613108,0.0,6.235329,0.00307338132,-1.579e-09,0.0,-0.0819031938,0.00038603588,0.0590289356,-23.5757344,5.829332e-05
285.0,0.0,-0.0826269055,-5.06051e-07,-5.06051e-07,4e-12,4e-12,1.3e-11,1.3e-11,0.059028924,37.920036,37.920036,0.00023440248,0.00023440248,0.000708929855,0.000708929855,0.1786131,0.0,6.235329,0.0030733806,-2.9e-11,0.0,-0.0826269055,8.4886588e-05,0.059028924,-23.575726,5.8293284e-05
285.5,0.0,-0.0826402409,-9.308e-09,-9.308e-09,0.0,0.0,0.0,0.0,0.059028924,37.920036,37.920036,0.00023440248,0.00023440248,0.00070892985,0.00070892985,0.1786131,0.0,6.235329,0.0030733806,-1e-12,0.0,-0.0826402409,7.9337421e-05,0.059028924,-23.575726,5.8293284e-05
286.0,0.0,-0.0826404866,-1.71e-10,-1.71e-10,0.0,0.0,0.0,0.0,0.059028924,37.920036,37.920036,0.00023440248,0.00023440248,0.00070892985,0.00070892985,0.178613084,0.0,6.235329,0.0030733806,-0.0,0.0,-0.0826404866,7.9235365e-05,0.059028924,-23.575726,5.8293284e-05
286.5,0.0,-0.08264049,-3e-12,-3e-12,0.0,0.0,0.0,0.0,0.059028924,37.920036,37.920036,0.00023440248,0.00023440248,0.00070892985,0.00070892985,0.17861308,0.0,6.235329,0.0030733806,-0.0,0.0,-0.08264049,7.9233487e-05,0.059028924,-23.575726,5.8293284e-05
287.0,0.0,-0.08264049,-0.0,-0.0,0.0,0.0,0.0,0.0,0.059028924,37.920036,37.920036,0.00023440248,0.00023440248,0.00070892985,0.00070892985,0.178613075,0.0,6.235329,0.0030733806,-0.0,0.0,-0.08264049,7.9233454e-05,0.059028924,-23.575726,5.8293284e-05
287.5,0.0,-0.08264049,-0.0,-0.0,0.0,0.0,0.0,0.0,0.059028924,37.920036,37.920036,0.00023440248,0.00023440248,0.00070892985,0.00070892985,0.17861307,0.0,6.235329,0.0030733806,-0.0,0.0,-0.08264049,7.9233454e-05,0.059028924,-23.575726,5.8293284e-05
288.0,0.0,-0.08264049,-0.0,-0.0,0.0,0.0,0.0,0.0,0.059028924,37.920036,37.920036,0.00023440248,0.00023440248,0.00070892985,0.00070892985,0.178613068,0.0,6.235329,0.0030733806,-0.0,0.0,-0.08264049,7.9233454e-05,0.059028924,-23.575726,5.8293284e-05
288.5,0.0,-0.08264049,-0.0,-0.0,0.0,0.0,0.0,0.0,0.059028924,37.920036,37.920036,0.00023440248,0.00023440248,0.00070892985,0.00070892985,0.17861305,0.0,6.235329,0.0030733806,-0.0,0.0,-0.08264049,7.9233454e-05,0.059028924,-23.575726,5.8293284e-05
289.0,0.0,-0.08264049,-0.0,-0.0,0.0,0.0,0.0,0.0,0.059028924,37.920036,37.920036,0.00023440248,0.00023440248,0.00070892985,0.00070892985,0.17861305,0.0,6.235329,0.0030733806,-0.0,0.0,-0.08264049,7.9233454e-05,0.059028924,-23.575726,5.8293284e-05
289.5,0.0,-0.08264049,-0.0,-0.0,0.0,0.0,0.0,0.0,0.059028924,37.920036,37.920036,0.00023440248,0.00023440248,0.00070892985,0.00070892985,0.178613043,0.0,6.235329,0.0030733806,-0.0,0.0,-0.08264049,7.9233454e-05,0.059028924,-23.575726,5.8293284e-05
290.0,0.0,-0.08264049,-0.0,-0.0,0.0,0.0,0.0,0.0,0.059028924,37.920036,37.920036,0.00023440248,0.00023440248,0.00070892985,0.00070892985,0.17861304,0.0,6.235329,0.0030733806,-0.0,0.0,-0.08264049,7.9233454e-05,0.059028924,-23.575726,5.8293284e-05
290.5,0.0,-0.08264049,-0.0,-0.0,0.0,0.0,0.0,0.0,0.059028924,37.920036,37.920036,0.00023440248,0.00023440248,0.00070892985,0.00070892985,0.178613034,0.0,6.235329,0.0030733806,-0.0,0.0,-0.08264049,7.9233454e-05,0.059028924,-23.575726,5.8293284e-05
291.0,0.0,-0.08264049,-0.0,-0.0,0.0,0.0,0.0,0.0,0.059028924,37.920036,37.920036,0.00023440248,0.00023440248,0.00070892985,0.00070892985,0.17861302,0.0,6.235329,0.0030733806,-0.0,0.0,-0.08264049,7.9233454e-05,0.059028924,-23.575726,5.8293284e-05
291.5,0.0,-0.08264049,-0.0,-0.0,0.0,0.0,0.0,0.0,0.059028924,37.920036,37.920036,0.00023440248,0.00023440248,0.00070892985,0.00070892985,0.17861302,0.0,6.235329,0.0030733806,-0.0,0.0,-0.08264049,7.9233454e-05,0.059028924,-23.575726,5.8293284e-05
292.0,0.0,-0.08264049,-0.0,-0.0,0.0,0.0,0.0,0.0,0.059028924,37.920036,37.920036,0.00023440248,0.00023440248,0.00070892985,0.00070892985,0.178613002,0.0,6.235329,0.0030733806,-0.0,0.0,-0.08264049,7.9233454e-05,0.059028924,-23.575726,5.8293284e-05
292.5,0.0,-0.08264049,-0.0,-0.0,0.0,0.0,0.0,0.0,0.059028924,37.920036,37.920036,0.00023440248,0.00023440248,0.00070892985,0.00070892985,0.178613,0.0,6.235329,0.0030733806,-0.0,0.0,-0.08264049,7.9233454e-05,0.059028924,-23.575726,5.8293284e-05
293.0,0.0,-0.08264049,0.0,0.0,-0.0,-0.0,0.0,0.0,0.059028924,37.920036,37.920036,0.00023440248,0.00023440248,0.00070892985,0.00070892985,0.178612994,0.0,6.235329,0.0030733806,-0.0,0.0,-0.08264049,7.9233454e-05,0.059028924,-23.575726,5.8293284e-05
293.5,0.0,-0.08264049,0.0,0.0,-0.0,-0.0,-0.0,-0.0,0.059028924,37.920036,37.920036,0.00023440248,0.00023440248,0.00070892985,0.00070892985,0.17861299,0.0,6.235329,0.0030733806,-0.0,0.0,-0.08264049,7.9233454e-05,0.059028924,-23.575726,5.8293284e-05
294.0,0.0,-0.08264049,0.0,0.0,-0.0,-0.0,-0.0,-0.0,0.059028924,37.920036,37.920036,0.00023440248,0.00023440248,0.00070892985,0.00070892985,0.178612988,0.0,6.235329,0.0030733806,-0.0,0.0,-0.08264049,7.9233454e-05,0.059028924,-23.575726,5.8293284e-05
294.5,0.0,-0.08264049,0.0,0.0,-0.0,-0.0,-0.0,-0.0,0.059028924,37.920036,37.920036,0.00023440248,0.00023440248,0.00070892985,0.00070892985,0.17861298,0.0,6.235329,0.0030733806,-0.0,0.0,-0.08264049,7.9233454e-05,0.059028924,-23.575726,5.8293284e-05
295.0,0.0,-0.08264049,0.0,0.0,-0.0,-0.0,-0.0,-0.0,0.059028924,37.920036,37.920036,0.00023440248,0.00023440248,0.00070892985,0.00070892985,0.17861298,0.0,6.235329,0.0030733806,-0.0,0.0,-0.08264049,7.9233454e-05,0.059028924,-23.575726,5.8293284e-05
295.5,0.0,-0.08264049,0.0,0.0,-0.0,-0.0,-0.0,-0.0,0.059028924,37.920036,37.920036,0.00023440248,0.00023440248,0.00070892985,0.00070892985,0.178612964,0.0,6.235329,0.0030733806,-0.0,0.0,-0.08264049,7.9233454e-05,0.059028924,-23.575726,5.8293284e-05
296.0,0.0,-0.08264049,0.0,0.0,-0.0,-0.0,-0.0,-0.0,0.059028924,37.920036,37.920036,0.00023440248,0.00023440248,0.00070892985,0.00070892985,0.17861296,0.0,6.235329,0.0030733806,-0.0,0.0,-0.08264049,7.9233454e-05,0.059028924,-23.575726,5.8293284e-05
296.5,0.0,-0.08264049,0.0,0.0,-0.0,-0.0,-0.0,-0.0,0.059028924,37.920036,37.920036,0.00023440248,0.00023440248,0.00070892985,0.00070892985,0.178612956,0.0,6.235329,0.0030733806,-0.0,0.0,-0.08264049,7.9233454e-05,0.059028924,-23.575726,5.8293284e-05
297.0,0.0,-0.08264049,0.0,0.0,-0.0,-0.0,-0.0,-0.0,0.059028924,37.920036,37.920036,0.00023440248,0.00023440248,0.00070892985,0.00070892985,0.17861295,0.0,6.235329,0.0030733806,-0.0,0.0,-0.08264049,7.9233454e-05,0.059028924,-23.575726,5.8293284e-05
297.5,0.0,-0.0826850424,-3.11805e-06,-3.11805e-06,2.7e-11,2.7e-11,7.8e-11,7.8e-11,0.0590807353,37.920036,37.920036,0.000234608222,0.000234608222,0.000709551995,0.000709551995,0.178612948,0.0,6.2248933,0.0030760782,1.6833803e-05,0.0,-0.0826850424,9.0947182e-05,0.0590807353,-23.5724306,5.833623e-05
298.0,0.0,-0.0882524096,-5.9515944e-05,-5.9515944e-05,5.52e-10,5.52e-10,1.577e-09,1.577e-09,0.0631829682,37.920036,37.920036,0.000250898112,0.000250898112,0.000758810646,0.000758810646,0.17861293,0.0,5.55983495,0.00328966386,0.000206154168,0.0,-0.0882524096,0.000169589581,0.0631829682,-23.5279651,6.2268436e-05
298.5,0.0,-0.1005997144,-8.6092784e-05,-8.6092784e-05,9.12e-10,9.12e-10,2.607e-09,2.607e-09,0.0719492644,37.920036,37.920036,0.000285708858,0.000285708858,0.000864070536,0.000864070536,0.17861293,0.0,4.52061344,0.00374608676,0.000311860967,0.0,-0.1005997144,0.000150358818,0.0719492644,-23.4894997,7.0790898e-05
299.0,0.0,-0.1200796709,-0.000144336199,-0.000144336199,1.833e-09,1.833e-09,5.241e-09,5.241e-09,0.0859555421,37.920036,37.920036,0.000341327474,0.000341327474,0.001032237936,0.001032237936,0.17861292,0.0,3.48139199,0.00447533315,0.000526289205,0.0,-0.1200796709,0.000222769628,0.0859555421,-23.4194237,8.4315508e-05
299.5,0.0,-0.156038654,-0.000291248847,-0.000291248847,4.864e-09,4.864e-09,1.3904e-08,1.3904e-08,0.1119386884,37.920036,37.920036,0.000444505949,0.000444505949,0.00134417043,0.00134417043,0.17861291,0.0,2.44217048,0.0058281633,0.001073480827,0.0,-0.156038654,0.000431338545,0.1119386884,-23.2611426,0.000109037243
300.0,0.0,-0.245029583,-0.000869639377,-0.000869639377,2.3867e-08,2.3867e-08,6.8228e-08,6.8228e-08,0.177090719,37.920036,37.920036,0.000703223159,0.000703223159,0.00212611415,0.00212611415,0.178612896,0.0,1.402949014,0.00922034784,0.00331257755,0.0,-0.245029583,0.001443344786,0.177090719,-22.7000847,0.000167955672
300.5,0.0,-1.337251453,-0.01640538516,-0.01640538516,3.130668e-06,3.130668e-06,8.949601e-06,8.949601e-06,1.011670391,37.920036,37.920036,0.00401731972,0.00401731972,0.01210468304,0.01210468304,0.17861285,0.0,0.374158983188,0.0526733011,0.0618241464,0.0,-1.337251453,0.03426666467,1.011670391,-9.393287329,0.00021365605
301.0,0.0,-5.38986937,-0.0232852815,-0.0232852815,1.2742385e-05,1.2742385e-05,3.6426502e-05,3.6426502e-05,3.8506955,37.920036,37.920036,0.0152910233,0.0152910233,0.0457495818,0.0457495818,0.178612601,0.0,0.0,0.200489062,0.0798998259,0.0,-5.38986937,0.00562826548,3.8506955,0.0,0.0
301.5,0.0,-8.6271748,-0.0150530794,-0.0150530794,1.3466301e-05,1.3466301e-05,3.8495952e-05,3.8495952e-05,6.14347859,37.920036,37.920036,0.0243956125,0.0243956125,0.0725603936,0.0725603936,0.178612068,0.0,0.0,0.319864358,0.0544146083,0.0,-8.6271748,-0.002699208614,6.14347859,0.0,0.0
302.0,0.0,-10.949634,-0.01253706175,-0.01253706175,1.4384082e-05,1.4384082e-05,4.1119601e-05,4.1119601e-05,7.81614907,37.920036,37.920036,0.0310377476,0.0310377476,0.0919060869,0.0919060869,0.178611341,0.0,0.0,0.406953076,0.0457969972,0.0,-10.949634,0.00756826452,7.81614907,0.0,0.0
302.5,0.0,-13.1593591,-0.0127231682,-0.0127231682,1.7533482e-05,1.7533482e-05,5.0122751e-05,5.0122751e-05,9.3994171,37.920036,37.920036,0.0373248671,0.0373248671,0.1100556198,0.1100556198,0.178610445,0.0,0.0,0.48938699,0.0457961446,0.0,-13.1593591,0.01254366245,9.3994171,0.0,0.0
303.0,0.0,-15.3757066,-0.0127290777,-0.0127290777,2.0495599e-05,2.0495599e-05,5.8590523e-05,5.8590523e-05,10.9826443,37.920036,37.920036,0.0436118271,0.0436118271,0.12805142,0.12805142,0.178609387,0.0,0.0,0.571818777,0.0457947625,0.0,-15.3757066,0.014739799,10.9826443,0.0,0.0
303.5,0.0,-17.5921491,-0.01272874885,-0.01272874885,2.3449472e-05,2.3449472e-05,6.7034722e-05,6.7034722e-05,12.56581955,37.920036,37.920036,0.0498985789,0.0498985789,0.145895315,0.145895315,0.178608174,0.0,0.0,0.654247867,0.0457931529,0.0,-17.5921491,0.016866092,12.56581955,0.0,0.0
304.0,0.0,-19.8085117,-0.0127282435,-0.0127282435,2.6402726e-05,2.6402726e-05,7.5477153e-05,7.5477153e-05,14.1489353,37.920036,37.920036,0.0561850951,0.0561850951,0.163589131,0.163589131,0.1786068,0.0,0.0,0.736673861,0.0457913274,0.0,-19.8085117,0.0189910037,14.1489353,0.0,0.0
304.5,0.0,-22.02478,-0.01272767585,-0.01272767585,2.9355478e-05,2.9355478e-05,8.3918147e-05,8.3918147e-05,15.73198445,37.920036,37.920036,0.0624713478,0.0624713478,0.181134668,0.181134668,0.17860527,0.0,0.0,0.81909638,0.0457892845,0.0,-22.02478,0.0211158023,15.73198445,0.0,0.0
305.0,0.0,-24.2409451,-0.01272704805,-0.01272704805,3.2307674e-05,3.2307674e-05,9.2357556e-05,9.2357556e-05,17.3149592,37.920036,37.920036,0.0687573022,0.0687573022,0.198533708,0.198533708,0.178603584,0.0,0.0,0.901515014,0.0457870268,0.0,-24.2409451,0.0232405008,17.3149592,0.0,0.0
305.5,0.0,-26.4569956,-0.0127263601,-0.0127263601,3.525926e-05,3.525926e-05,0.000100795219,0.000100795219,18.8978519,37.920036,37.920036,0.0750429355,0.0750429355,0.215787993,0.215787993,0.178601746,0.0,0.0,0.983929403,0.0457845513,0.0,-26.4569956,0.0253650893,18.8978519,0.0,0.0
306.0,0.0,-28.6729212,-0.012725612,-0.012725612,3.8210179e-05,3.8210179e-05,0.000109230976,0.000109230976,20.4806558,37.920036,37.920036,0.0813282111,0.0813282111,0.232899238,0.232899238,0.178599757,0.0,0.0,1.06633914,0.04578186,0.0,-28.6729212,0.0274895578,20.4806558,0.0,0.0
306.5,0.0,-30.8887108,-0.0127248038,-0.0127248038,4.1160376e-05,4.1160376e-05,0.00011766467,0.00011766467,22.0633626,37.920036,37.920036,0.0876131036,0.0876131036,0.249869143,0.249869143,0.178597615,0.0,0.0,1.14874384,0.0457789533,0.0,-30.8887108,0.0296138968,22.0633626,0.0,0.0
307.0,0.0,-33.104355,-0.0127239358,-0.0127239358,4.4109796e-05,4.4109796e-05,0.000126096142,0.000126096142,23.6459653,37.920036,37.920036,0.0938975817,0.0938975817,0.266699359,0.266699359,0.178595317,0.0,0.0,1.2311431,0.0457758304,0.0,-33.104355,0.0317380951,23.6459653,0.0,0.0
307.5,0.0,-35.3198419,-0.01272300785,-0.01272300785,4.7058382e-05,4.7058382e-05,0.000134525227,0.000134525227,25.2284563,37.920036,37.920036,0.1001816161,0.1001816161,0.283391543,0.283391543,0.178592876,0.0,0.0,1.31353656,0.0457724909,0.0,-35.3198419,0.0338621437,25.2284563,0.0,0.0
308.0,0.0,-37.5351633,-0.0127220195,-0.0127220195,5.000608e-05,5.000608e-05,0.000142951774,0.000142951774,26.8108277,37.920036,37.920036,0.1064651785,0.1064651785,0.299947294,0.299947294,0.178590284,0.0,0.0,1.39592381,0.0457689355,0.0,-37.5351633,0.035986033,26.8108277,0.0,0.0
308.5,0.0,-39.7503052,-0.012720971,-0.012720971,5.2952833e-05,5.2952833e-05,0.000151375618,0.000151375618,28.393073,37.920036,37.920036,0.1127482383,0.1127482383,0.316368202,0.316368202,0.178587544,0.0,0.0,1.47830451,0.0457651645,0.0,-39.7503052,0.0381097528,28.393073,0.0,0.0
309.0,0.0,-41.9652618,-0.01271986305,-0.01271986305,5.5898586e-05,5.5898586e-05,0.000159796608,0.000159796608,29.9751839,37.920036,37.920036,0.1190307628,0.1190307628,0.332655846,0.332655846,0.17858466,0.0,0.0,1.56067814,0.0457611773,0.0,-41.9652618,0.0402332908,29.9751839,0.0,0.0
309.5,0.0,-44.1800184,-0.01271869485,-0.01271869485,5.8843283e-05,5.8843283e-05,0.000168214582,0.000168214582,31.557153,37.920036,37.920036,0.1253127266,0.1253127266,0.348811746,0.348811746,0.178581626,0.0,0.0,1.64304445,0.0457569753,0.0,-44.1800184,0.0423566398,31.557153,0.0,0.0
310.0,0.0,-46.394568,-0.0127174666,-0.0127174666,6.1786869e-05,6.1786869e-05,0.000176629374,0.000176629374,33.1389737,37.920036,37.920036,0.131594098,0.131594098,0.364837433,0.364837433,0.178578455,0.0,0.0,1.72540296,0.0457525562,0.0,-46.394568,0.044479789,33.1389737,0.0,0.0
310.5,0.0,-48.6088972,-0.01271617855,-0.01271617855,6.472929e-05,6.472929e-05,0.000185040835,0.000185040835,34.7206379,37.920036,37.920036,0.13787485,0.13787485,0.380734378,0.380734378,0.178575138,0.0,0.0,1.8077534,0.0457479227,0.0,-48.6088972,0.046602728,34.7206379,0.0,0.0
311.0,0.0,-50.8229973,-0.0127148306,-0.0127148306,6.7670487e-05,6.7670487e-05,0.000193448803,0.000193448803,36.3021374,37.920036,37.920036,0.144154947,0.144154947,0.396504086,0.396504086,0.178571675,0.0,0.0,1.89009526,0.045743073,0.0,-50.8229973,0.0487254469,36.3021374,0.0,0.0
311.5,0.0,-53.0368576,-0.0127134227,-0.0127134227,7.0610408e-05,7.0610408e-05,0.000201853122,0.000201853122,37.8834671,37.920036,37.920036,0.150434368,0.150434368,0.412147984,0.412147984,0.178568076,0.0,0.0,1.97242819,0.0457380089,0.0,-53.0368576,0.0508479373,37.8834671,0.0,0.0
312.0,0.0,-55.2504674,-0.01271195515,-0.01271195515,7.3548997e-05,7.3548997e-05,0.000210253627,0.000210253627,39.4646152,37.920036,37.920036,0.156713075,0.156713075,0.427667487,0.427667487,0.178564338,0.0,0.0,2.05475185,0.0457327284,0.0,-55.2504674,0.0529701855,39.4646152,0.0,0.0
312.5,0.0,-57.4638175,-0.01271042755,-0.01271042755,7.6486198e-05,7.6486198e-05,0.000218650168,0.000218650168,41.0455798,37.920036,37.920036,0.162991047,0.162991047,0.443064031,0.443064031,0.178560461,0.0,0.0,2.13706576,0.0457272325,0.0,-57.4638175,0.0550921845,41.0455798,0.0,0.0
313.0,0.0,-59.6768947,-0.01270884045,-0.01270884045,7.9421959e-05,7.9421959e-05,0.000227042587,0.000227042587,42.6263495,37.920036,37.920036,0.169268245,0.169268245,0.458338971,0.458338971,0.178556446,0.0,0.0,2.21936962,0.0457215221,0.0,-59.6768947,0.0572139237,42.6263495,0.0,0.0
313.5,0.0,-61.889692,-0.01270719305,-0.01270719305,8.2356218e-05,8.2356218e-05,0.000235430726,0.000235430726,44.2069172,37.920036,37.920036,0.175544647,0.175544647,0.473493693,0.473493693,0.178552291,0.0,0.0,2.30166297,0.0457155965,0.0,-61.889692,0.0593353933,44.2069172,0.0,0.0
314.0,0.0,-64.1021953,-0.01270548615,-0.01270548615,8.5288926e-05,8.5288926e-05,0.000243814421,0.000243814421,45.7872781,37.920036,37.920036,0.181820223,0.181820223,0.488529522,0.488529522,0.178548006,0.0,0.0,2.38394549,0.0457094567,0.0,-64.1021953,0.0614565817,45.7872781,0.0,0.0
314.5,0.0,-66.3143988,-0.0127037196,-0.0127037196,8.8220026e-05,8.8220026e-05,0.000252193522,0.000252193522,47.3674226,37.920036,37.920036,0.188094936,0.188094936,0.503447792,0.503447792,0.178543579,0.0,0.0,2.46621674,0.0457031012,0.0,-66.3143988,0.0635774826,47.3674226,0.0,0.0
315.0,0.0,-68.5262863,-0.0127018936,-0.0127018936,9.1149464e-05,9.1149464e-05,0.000260567862,0.000260567862,48.9473422,37.920036,37.920036,0.19436877,0.19436877,0.518249803,0.518249803,0.178539028,0.0,0.0,2.5484764,0.0456965311,0.0,-68.5262863,0.0656980806,48.9473422,0.0,0.0
315.5,0.0,-70.7378499,-0.01270000765,-0.01270000765,9.4077184e-05,9.4077184e-05,0.000268937305,0.000268937305,50.5270323,37.920036,37.920036,0.200641677,0.200641677,0.532936842,0.532936842,0.178534336,0.0,0.0,2.63072401,0.0456897462,0.0,-70.7378499,0.0678183708,50.5270323,0.0,0.0
316.0,0.0,-72.9490872,-0.01269806225,-0.01269806225,9.7003132e-05,9.7003132e-05,0.000277301676,0.000277301676,52.1064842,37.920036,37.920036,0.206913642,0.206913642,0.54751016,0.54751016,0.178529518,0.0,0.0,2.71295916,0.0456827477,0.0,-72.9490872,0.0699383414,52.1064842,0.0,0.0
316.5,0.0,-75.1599725,-0.0126960573,-0.0126960573,9.9927251e-05,9.9927251e-05,0.000285660825,0.000285660825,53.685689,37.920036,37.920036,0.213184634,0.213184634,0.561971041,0.561971041,0.178524569,0.0,0.0,2.79518163,0.0456755347,0.0,-75.1599725,0.0720579815,53.685689,0.0,0.0
317.0,0.0,-77.3705068,-0.01269399285,-0.01269399285,0.00010284949,0.00010284949,0.000294014588,0.000294014588,55.2646423,37.920036,37.920036,0.219454622,0.219454622,0.576320679,0.576320679,0.178519486,0.0,0.0,2.87739083,0.045668107,0.0,-77.3705068,0.0741772815,55.2646423,0.0,0.0
317.5,0.0,-79.5806765,-0.01269186875,-0.01269186875,0.000105769793,0.000105769793,0.000302362825,0.000302362825,56.8433338,37.920036,37.920036,0.225723571,0.225723571,0.590560295,0.590560295,0.178514278,0.0,0.0,2.95958652,0.0456604664,0.0,-79.5806765,0.0762962344,56.8433338,0.0,0.0
318.0,0.0,-81.790474,-0.0126896854,-0.0126896854,0.000108688105,0.000108688105,0.000310705373,0.000310705373,58.4217596,37.920036,37.920036,0.231991458,0.231991458,0.604691096,0.604691096,0.178508943,0.0,0.0,3.0417683,0.0456526114,0.0,-81.790474,0.0784148246,58.4217596,0.0,0.0
318.5,0.0,-83.9998804,-0.01268744265,-0.01268744265,0.000111604372,0.000111604372,0.000319042066,0.000319042066,59.9999083,37.920036,37.920036,0.238258251,0.238258251,0.61871423,0.61871423,0.178503474,0.0,0.0,3.12393565,0.0456445423,0.0,-83.9998804,0.0805330461,59.9999083,0.0,0.0
319.0,0.0,-86.208894,-0.0126851404,-0.0126851404,0.00011451854,0.00011451854,0.000327372768,0.000327372768,61.5777743,37.920036,37.920036,0.244523921,0.244523921,0.632630879,0.632630879,0.178497888,0.0,0.0,3.20608835,0.0456362595,0.0,-86.208894,0.08265089,61.5777743,0.0,0.0
319.5,0.0,-88.4175013,-0.012682779,-0.012682779,0.000117430554,0.000117430554,0.000335697305,0.000335697305,63.1553518,37.920036,37.920036,0.250788442,0.250788442,0.646442174,0.646442174,0.178492174,0.0,0.0,3.28822592,0.0456277638,0.0,-88.4175013,0.0847683431,63.1553518,0.0,0.0
320.0,0.0,-90.6256921,-0.012680358,-0.012680358,0.000120340362,0.000120340362,0.000344015528,0.000344015528,64.7326301,37.920036,37.920036,0.257051782,0.257051782,0.660149282,0.660149282,0.17848633,0.0,0.0,3.37034807,0.0456190559,0.0,-90.6256921,0.0868853976,64.7326301,0.0,0.0
320.5,0.0,-92.8334583,-0.0126778782,-0.0126778782,0.000123247904,0.000123247904,0.000352327296,0.000352327296,66.3096044,37.920036,37.920036,0.263313911,0.263313911,0.673753251,0.673753251,0.178480367,0.0,0.0,3.4524543,0.0456101329,0.0,-92.8334583,0.0890020424,66.3096044,0.0,0.0
321.0,0.0,-95.0407854,-0.0126753392,-0.0126753392,0.000126153133,0.000126153133,0.000360632435,0.000360632435,67.886266,37.920036,37.920036,0.2695748,0.2695748,0.687255227,0.687255227,0.178474285,0.0,0.0,3.53454426,0.0456009989,0.0,-95.0407854,0.09111827,67.886266,0.0,0.0
321.5,0.0,-97.2476654,-0.0126727406,-0.0126727406,0.000129055991,0.000129055991,0.0003689308,0.0003689308,69.4626105,37.920036,37.920036,0.27583442,0.27583442,0.70065626,0.70065626,0.178468076,0.0,0.0,3.61661762,0.045591651,0.0,-97.2476654,0.0932340685,69.4626105,0.0,0.0
322.0,0.0,-99.4540857,-0.0126700832,-0.0126700832,0.000131956428,0.000131956428,0.000377222249,0.000377222249,71.0386273,37.920036,37.920036,0.282092745,0.282092745,0.71395743,0.71395743,0.178461747,0.0,0.0,3.69867392,0.0455820899,0.0,-99.4540857,0.0953494259,71.0386273,0.0,0.0
322.5,0.0,-101.6600424,-0.0126673667,-0.0126673667,0.000134854389,0.000134854389,0.0003855066,0.0003855066,72.6143084,37.920036,37.920036,0.288349733,0.288349733,0.727159781,0.727159781,0.178455302,0.0,0.0,3.78071285,0.0455723177,0.0,-101.6600424,0.097464339,72.6143084,0.0,0.0
323.0,0.0,-103.8655174,-0.0126645913,-0.0126645913,0.000137749813,0.000137749813,0.000393783728,0.000393783728,74.1896478,37.920036,37.920036,0.294605382,0.294605382,0.740264346,0.740264346,0.178448732,0.0,0.0,3.86273403,0.0455623323,0.0,-103.8655174,0.0995787912,74.1896478,0.0,0.0
323.5,0.0,-106.0705066,-0.01266175695,-0.01266175695,0.000140642659,0.000140642659,0.000402053463,0.000402053463,75.7646394,37.920036,37.920036,0.300859633,0.300859633,0.753272156,0.753272156,0.178442047,0.0,0.0,3.944737,0.0455521353,0.0,-106.0705066,0.101692774,75.7646394,0.0,0.0
324.0,0.0,-108.2749948,-0.01265886395,-0.01265886395,0.000143532864,0.000143532864,0.000410315656,0.000410315656,77.339276,37.920036,37.920036,0.307112475,0.307112475,0.766184205,0.766184205,0.178435247,0.0,0.0,4.02672142,0.0455417269,0.0,-108.2749948,0.1038062806,77.339276,0.0,0.0
324.5,0.0,-110.4789759,-0.0126559117,-0.0126559117,0.000146420379,0.000146420379,0.000418570166,0.000418570166,78.9135457,37.920036,37.920036,0.313363873,0.313363873,0.779001507,0.779001507,0.178428328,0.0,0.0,4.10868685,0.045531107,0.0,-110.4789759,0.1059193006,78.9135457,0.0,0.0
325.0,0.0,-112.6824366,-0.01265290085,-0.01265290085,0.000149305151,0.000149305151,0.000426816819,0.000426816819,80.4874475,37.920036,37.920036,0.319613799,0.319613799,0.791725025,0.791725025,0.178421295,0.0,0.0,4.19063318,0.0455202745,0.0,-112.6824366,0.1080318201,80.4874475,0.0,0.0
325.5,0.0,-114.8853681,-0.0126498313,-0.0126498313,0.000152187124,0.000152187124,0.000435055484,0.000435055484,82.0609681,37.920036,37.920036,0.325862216,0.325862216,0.804355716,0.804355716,0.178414144,0.0,0.0,4.27255967,0.0455092316,0.0,-114.8853681,0.1101438341,82.0609681,0.0,0.0
326.0,0.0,-117.087763,-0.0126467031,-0.0126467031,0.000155066247,0.000155066247,0.000443286007,0.000443286007,83.6341051,37.920036,37.920036,0.332109104,0.332109104,0.816894533,0.816894533,0.17840688,0.0,0.0,4.35446618,0.0454979779,0.0,-117.087763,0.112255329,83.6341051,0.0,0.0
326.5,0.0,-119.2896048,-0.01264351645,-0.01264351645,0.00015794247,0.00015794247,0.000451508227,0.000451508227,85.20685,37.920036,37.920036,0.338354444,0.338354444,0.829342452,0.829342452,0.178399502,0.0,0.0,4.43635218,0.045486514,0.0,-119.2896048,0.1143662981,85.20685,0.0,0.0
327.0,0.0,-121.4908859,-0.0126402709,-0.0126402709,0.000160815737,0.000160815737,0.000459721989,0.000459721989,86.7791955,37.920036,37.920036,0.344598184,0.344598184,0.841700389,0.841700389,0.178392012,0.0,0.0,4.51821732,0.045474838,0.0,-121.4908859,0.1164767295,86.7791955,0.0,0.0
327.5,0.0,-123.6916003,-0.0126369673,-0.0126369673,0.00016368599,0.00016368599,0.000467927161,0.000467927161,88.3511336,37.920036,37.920036,0.350840304,0.350840304,0.8539692,0.8539692,0.178384411,0.0,0.0,4.60006126,0.0454629527,0.0,-123.6916003,0.118586617,88.3511336,0.0,0.0
328.0,0.0,-125.8917316,-0.01263360495,-0.01263360495,0.000166553192,0.000166553192,0.000476123586,0.000476123586,89.9226556,37.920036,37.920036,0.357080793,0.357080793,0.866149859,0.866149859,0.178376698,0.0,0.0,4.68188366,0.0454508563,0.0,-125.8917316,0.1206959445,89.9226556,0.0,0.0
328.5,0.0,-128.0912728,-0.01263018465,-0.01263018465,0.000169417274,0.000169417274,0.000484311105,0.000484311105,91.4937561,37.920036,37.920036,0.363319593,0.363319593,0.878243237,0.878243237,0.178368871,0.0,0.0,4.76368407,0.0454385502,0.0,-128.0912728,0.1228047094,91.4937561,0.0,0.0
329.0,0.0,-130.290214,-0.0126267055,-0.0126267055,0.000172278193,0.000172278193,0.000492489578,0.000492489578,93.064429,37.920036,37.920036,0.369556698,0.369556698,0.890250184,0.890250184,0.178360939,0.0,0.0,4.84546233,0.045426035,0.0,-130.290214,0.1249128954,93.064429,0.0,0.0
329.5,0.0,-132.488542,-0.0126231686,-0.0126231686,0.000175135889,0.000175135889,0.000500658848,0.000500658848,94.6346641,37.920036,37.920036,0.375792062,0.375792062,0.902171614,0.902171614,0.178352895,0.0,0.0,4.92721769,0.0454133101,0.0,-132.488542,0.127020495,94.6346641,0.0,0.0
330.0,0.0,-134.686253,-0.0126195732,-0.0126195732,0.000177990327,0.000177990327,0.000508818791,0.000508818791,96.2044556,37.920036,37.920036,0.382025678,0.382025678,0.914008347,0.914008347,0.178344748,0.0,0.0,5.00894983,0.0454003751,0.0,-134.686253,0.129127506,96.2044556,0.0,0.0
330.5,0.0,-136.883331,-0.01261591995,-0.01261591995,0.000180841434,0.000180841434,0.00051696922,0.00051696922,97.7737965,37.920036,37.920036,0.388257495,0.388257495,0.925761226,0.925761226,0.17833649,0.0,0.0,5.09065869,0.0453872333,0.0,-136.883331,0.131233905,97.7737965,0.0,0.0
331.0,0.0,-139.079768,-0.0126122086,-0.0126122086,0.000183689175,0.000183689175,0.000525110004,0.000525110004,99.3426816,37.920036,37.920036,0.394487499,0.394487499,0.937431107,0.937431107,0.178328125,0.0,0.0,5.17234365,0.0453738803,0.0,-139.079768,0.133339695,99.3426816,0.0,0.0
331.5,0.0,-141.275552,-0.01260843965,-0.01260843965,0.000186533484,0.000186533484,0.000533241013,0.000533241013,100.9110995,37.920036,37.920036,0.400715642,0.400715642,0.94901878,0.94901878,0.178319652,0.0,0.0,5.25400441,0.0453603208,0.0,-141.275552,0.135444855,100.9110995,0.0,0.0
332.0,0.0,-143.470677,-0.01260461215,-0.01260461215,0.000189374323,0.000189374323,0.000541362092,0.000541362092,102.4790454,37.920036,37.920036,0.406941915,0.406941915,0.960525094,0.960525094,0.178311076,0.0,0.0,5.3356404,0.0453465522,0.0,-143.470677,0.137549386,102.4790454,0.0,0.0
332.5,0.0,-145.665128,-0.0126007272,-0.0126007272,0.000192211629,0.000192211629,0.000549473052,0.000549473052,104.0465104,37.920036,37.920036,0.413166295,0.413166295,0.971950807,0.971950807,0.178302398,0.0,0.0,5.41725184,0.0453325752,0.0,-145.665128,0.139653269,104.0465104,0.0,0.0
333.0,0.0,-147.8589,-0.0125967848,-0.0125967848,0.000195045361,0.000195045361,0.000557573814,0.000557573814,105.6134904,37.920036,37.920036,0.41938873,0.41938873,0.983296752,0.983296752,0.178293613,0.0,0.0,5.49883752,0.0453183903,0.0,-147.8589,0.141756503,105.6134904,0.0,0.0
333.5,0.0,-150.051983,-0.0125927841,-0.0125927841,0.000197875461,0.000197875461,0.000565664194,0.000565664194,107.1799746,37.920036,37.920036,0.425609205,0.425609205,0.994563687,0.994563687,0.178284726,0.0,0.0,5.58039757,0.0453039985,0.0,-150.051983,0.143859069,107.1799746,0.0,0.0
334.0,0.0,-152.244358,-0.01258872605,-0.01258872605,0.00020070188,0.00020070188,0.000573744039,0.000573744039,108.7459595,37.920036,37.920036,0.431827697,0.431827697,1.00575237,1.00575237,0.178275738,0.0,0.0,5.66193167,0.0452893997,0.0,-152.244358,0.145960966,108.7459595,0.0,0.0
334.5,0.0,-154.436024,-0.0125846108,-0.0125846108,0.000203524573,0.000203524573,0.000581813231,0.000581813231,110.3114346,37.920036,37.920036,0.438044163,0.438044163,1.01686357,1.01686357,0.17826664,0.0,0.0,5.74343924,0.0452745939,0.0,-154.436024,0.148062178,110.3114346,0.0,0.0
335.0,0.0,-156.626968,-0.0125804377,-0.0125804377,0.00020634348,0.00020634348,0.000589871603,0.000589871603,111.8763955,37.920036,37.920036,0.444258584,0.444258584,1.02789808,1.02789808,0.178257449,0.0,0.0,5.82491995,0.0452595809,0.0,-156.626968,0.150162703,111.8763955,0.0,0.0
335.5,0.0,-158.817183,-0.01257620745,-0.01257620745,0.000209158556,0.000209158556,0.000597919019,0.000597919019,113.4408336,37.920036,37.920036,0.450470928,0.450470928,1.03885655,1.03885655,0.178248154,0.0,0.0,5.90637352,0.0452443632,0.0,-158.817183,0.152262524,113.4408336,0.0,0.0
336.0,0.0,-161.006653,-0.0125719197,-0.0125719197,0.00021196975,0.00021196975,0.00060595534,0.00060595534,115.004742,37.920036,37.920036,0.456681175,0.456681175,1.04973981,1.04973981,0.178238761,0.0,0.0,5.98779941,0.0452289369,0.0,-161.006653,0.154361637,115.004742,0.0,0.0
336.5,0.0,-163.195222,-0.0125549533,-0.0125549533,0.000214559808,0.000214559808,0.000613359527,0.000613359527,116.567921,37.920036,37.920036,0.462888518,0.462888518,1.06054717,1.06054717,0.178229269,0.0,0.000877830148,6.06918726,0.0450999989,0.0,-163.195222,0.156409873,116.567921,-0.021488048,0.00010555307
337.0,0.0,-165.252418,-0.0105774165,-0.0105774165,0.000182989346,0.000182989346,0.000523109426,0.000523109426,118.030567,37.920036,37.920036,0.468696648,0.468696648,1.07059689,1.07059689,0.178219679,0.0,0.0568285704,6.14534097,0.0377121862,0.0,-165.252418,0.154424242,118.030567,-1.417023306,0.00701568529
337.5,0.0,-166.800929,-0.00727077434,-0.00727077434,0.000126965934,0.000126965934,0.000362955981,0.000362955981,119.1343935,37.920036,37.920036,0.473079923,0.473079923,1.07814126,1.07814126,0.17821001,0.0,0.1442571405,6.20281235,0.0261497263,0.0,-166.800929,0.154594333,119.1343935,-3.60273759,0.0179855326
338.0,0.0,-167.786834,-0.00405527607,-0.00405527607,7.123402e-05,7.123402e-05,0.000203635828,0.000203635828,119.8385596,37.920036,37.920036,0.475876152,0.475876152,1.08293607,1.08293607,0.178200286,0.0,0.231685709,6.23947536,0.0145914588,0.0,-167.786834,0.155510505,119.8385596,-5.7884519,0.0290605983
338.5,0.0,-168.213337,-0.000843610304,-0.000843610304,1.4856339e-05,1.4856339e-05,4.6366284e-05,4.6366284e-05,120.1432071,37.920036,37.920036,0.477085907,0.477085907,1.08500613,1.08500613,0.17819053,0.0,0.319114281,6.25533711,0.003037304205,0.0,-168.213337,0.155920756,120.1432071,-7.97416623,0.0401311568
339.0,0.0,-168.080714,0.002366854426,0.002366854426,-4.1648455e-05,-4.1648455e-05,-1.4569081e-05,-1.4569081e-05,120.0484812,37.920036,37.920036,0.476709746,0.476709746,1.08436278,1.08436278,0.178180771,0.0,0.406542851,6.25040508,-0.00851271293,0.0,-168.080714,0.155795508,120.0484812,-10.1598804,0.0510875373
339.5,0.0,-167.38932,0.00556354939,0.00556354939,-9.7497008e-05,-9.7497008e-05,-3.410551e-05,-3.410551e-05,119.5547146,37.920036,37.920036,0.474749008,0.474749008,1.08100502,1.08100502,0.178171029,0.0,0.493094057,6.22469695,-0.0199452959,0.0,-167.38932,0.155184534,119.5547146,-12.3241063,0.0617129162
340.0,0.0,-166.269812,0.00679859808,0.00679859808,-0.000118377909,-0.000118377909,-4.1409875e-05,-4.1409875e-05,118.7618484,37.920036,37.920036,0.471600558,0.471600558,1.07559936,1.07559936,0.17816133,0.0,0.5245714,6.18341562,-0.0241151372,0.0,-166.269812,0.158070981,118.7618484,-13.114285,0.0652394348
340.5,0.0,-165.099683,0.00670346679,0.00670346679,-0.000115897678,-0.000115897678,-4.0542265e-05,-4.0542265e-05,117.9282966,37.920036,37.920036,0.468290549,0.468290549,1.06989743,1.06989743,0.17815168,0.0,0.5245714,6.14001637,-0.0241064574,0.0,-165.099683,0.158265474,117.9282966,-13.114285,0.0647815415
341.0,0.0,-163.933058,0.00669837505,0.00669837505,-0.000114991225,-0.000114991225,-4.0225177e-05,-4.0225177e-05,117.0950435,37.920036,37.920036,0.464981713,0.464981713,1.06417778,1.06417778,0.178142083,0.0,0.5245714,6.09663244,-0.0240979979,0.0,-163.933058,0.157177882,117.0950435,-13.114285,0.0643238095
341.5,0.0,-162.766904,0.00669599084,0.00669599084,-0.000114132587,-0.000114132587,-3.9924816e-05,-3.9924816e-05,116.262079,37.920036,37.920036,0.46167404,0.46167404,1.05844029,1.05844029,0.178132538,0.0,0.5245714,6.05326361,-0.0240896053,0.0,-162.766904,0.156060353,116.262079,-13.114285,0.0638662376
342.0,0.0,-161.60116,0.00669367466,0.00669367466,-0.000113275967,-0.000113275967,-3.962516e-05,-3.962516e-05,115.4294056,37.920036,37.920036,0.458367506,0.458367506,1.05268487,1.05268487,0.178123048,0.0,0.5245714,6.00990978,-0.0240812757,0.0,-161.60116,0.154942651,115.4294056,-13.114285,0.063408827
342.5,0.0,-160.43582,0.00669137671,0.00669137671,-0.000112420502,-0.000112420502,-3.932591e-05,-3.932591e-05,114.597021,37.920036,37.920036,0.455062119,0.455062119,1.04691142,1.04691142,0.178113609,0.0,0.5245714,5.96657101,-0.0240730092,0.0,-160.43582,0.153825325,114.597021,-13.114285,0.0629515689
343.0,0.0,-159.270875,0.00668909625,0.00668909625,-0.000111566168,-0.000111566168,-3.9027054e-05,-3.9027054e-05,113.7649149,37.920036,37.920036,0.451757851,0.451757851,1.04111984,1.04111984,0.17810422,0.0,0.5245714,5.92324713,-0.024064805,0.0,-159.270875,0.15270838,113.7649149,-13.114285,0.0624944706
343.5,0.0,-158.106325,0.0066868333,0.0066868333,-0.000110712956,-0.000110712956,-3.8728592e-05,-3.8728592e-05,112.9330957,37.920036,37.920036,0.448454717,0.448454717,1.03531,1.03531,0.17809489,0.0,0.5245714,5.87993783,-0.0240566631,0.0,-158.106325,0.151591808,112.9330957,-13.114285,0.0620375266
344.0,0.0,-156.942169,0.00668458759,0.00668458759,-0.000109860856,-0.000109860856,-3.8430518e-05,-3.8430518e-05,112.101556,37.920036,37.920036,0.445152695,0.445152695,1.02948183,1.02948183,0.178085611,0.0,0.5245714,5.83664316,-0.0240485843,0.0,-156.942169,0.150475619,112.101556,-13.114285,0.0615807374
344.5,0.0,-155.778401,0.00668235915,0.00668235915,-0.000109009859,-0.000109009859,-3.813283e-05,-3.813283e-05,111.2702974,37.920036,37.920036,0.441851774,0.441851774,1.02363526,1.02363526,0.178076381,0.0,0.5245714,5.79336296,-0.0240405675,0.0,-155.778401,0.149359809,111.2702974,-13.114285,0.0611241009
345.0,0.0,-154.615025,0.00668014812,0.00668014812,-0.000108159955,-0.000108159955,-3.7835524e-05,-3.7835524e-05,110.4393109,37.920036,37.920036,0.438551945,0.438551945,1.01777014,1.01777014,0.178067211,0.0,0.5245714,5.75009699,-0.0240326131,0.0,-154.615025,0.148244363,110.4393109,-13.114285,0.0606676155
345.5,0.0,-153.45218,0.0066653332,0.0066653332,-0.000107109114,-0.000107109114,-3.7467928e-05,-3.7467928e-05,109.6087923,37.920036,37.920036,0.435253978,0.435253978,1.01188773,1.01188773,0.178058095,0.0,0.523695975,5.70685564,-0.0239114125,0.0,-153.45218,0.147179431,109.6087923,-13.092797,0.0601130638
346.0,0.0,-152.420328,0.00469000059,0.00469000059,-7.488329e-05,-7.488329e-05,-2.6194986e-05,-2.6194986e-05,108.8785335,37.920036,37.920036,0.432354146,0.432354146,1.00669884,1.00669884,0.178049023,0.0,0.467742847,5.66883424,-0.0165315224,0.0,-152.420328,0.150148063,108.8785335,-11.69726205,0.053351942
346.5,0.0,-151.896779,0.001385531648,0.001385531648,-2.2045797e-05,-2.2045797e-05,-7.46467e-06,-7.46467e-06,108.506821,37.920036,37.920036,0.430878087,0.430878087,1.00405159,1.00405159,0.17803999,0.0,0.380314279,5.64948096,-0.004976872224,0.0,-151.896779,0.150960741,108.506821,-9.5115477,0.0432324558
347.0,0.0,-151.93547,-0.001827874314,-0.001827874314,2.9091486e-05,2.9091486e-05,8.316348e-05,8.316348e-05,108.534507,37.920036,37.920036,0.430988017,0.430988017,1.00424891,1.00424891,0.178030972,0.0,0.29288571,5.65092226,0.00657387206,0.0,-151.93547,0.151027063,108.534507,-7.32583361,0.0333035941
347.5,0.0,-152.533199,-0.00503754805,-0.00503754805,8.0490279e-05,8.0490279e-05,0.000230096579,0.000230096579,108.9614544,37.920036,37.920036,0.432683412,0.432683412,1.00728878,1.00728878,0.178021933,0.0,0.20545714,5.67315149,0.0181208607,0.0,-152.533199,0.151598985,108.9614544,-5.14011931,0.0234556293
348.0,0.0,-153.689715,-0.00824611716,-0.00824611716,0.000132755685,0.000132755685,0.000379507068,0.000379507068,109.7875349,37.920036,37.920036,0.43596376,0.43596376,1.013155,1.013155,0.178012854,0.0,0.1180285685,5.71616213,0.0296640561,0.0,-153.689715,0.152706071,109.7875349,-2.95440519,0.0135788818
348.5,0.0,-155.404686,-0.0114409868,-0.0114409868,0.000186243935,0.000186243935,0.000532413286,0.000532413286,111.0124254,37.920036,37.920036,0.440827776,0.440827776,1.02181574,1.02181574,0.17800371,0.0,0.031474578186,5.77993681,0.0410900649,0.0,-155.404686,0.154298524,111.0124254,-0.79017898764,0.003664238448
349.0,0.0,-157.54745,-0.01267421755,-0.01267421755,0.000209098669,0.000209098669,0.000597747828,0.000597747828,112.536189,37.920036,37.920036,0.446878609,0.446878609,1.03252853,1.03252853,0.177994476,0.0,0.0,5.85927259,0.045253355,0.0,-157.54745,0.152393143,112.536189,0.0,0.0
349.5,0.0,-159.740512,-0.01257720005,-0.01257720005,0.000210390993,0.000210390993,0.000601442184,0.000601442184,114.1004084,37.920036,37.920036,0.453090075,0.453090075,1.04345522,1.04345522,0.177985136,0.0,0.0,5.94071454,0.0452378872,0.0,-159.740512,0.153179298,114.1004084,0.0,0.0
350.0,0.0,-161.929741,-0.01257014695,-0.01257014695,0.00021315495,0.00021315495,0.000609343491,0.000609343491,115.6640886,37.920036,37.920036,0.459299427,0.459299427,1.05430693,1.05430693,0.177975699,0.0,0.0,6.0221287,0.045222371,0.0,-161.929741,0.155247212,115.6640886,0.0,0.0
350.5,0.0,-164.118142,-0.01256572685,-0.01256572685,0.00021595967,0.00021595967,0.000617361286,0.000617361286,117.2272324,37.920036,37.920036,0.46550663,0.46550663,1.06508443,1.06508443,0.177966163,0.0,0.0,6.10351485,0.045206653,0.0,-164.118142,0.15734472,117.2272324,0.0,0.0
351.0,0.0,-166.305776,-0.0125612998,-0.0125612998,0.000218761238,0.000218761238,0.000625370089,0.000625370089,118.7898274,37.920036,37.920036,0.471711662,0.471711662,1.07578838,1.07578838,0.177956529,0.0,0.0,6.18487255,0.0451907314,0.0,-166.305776,0.159442056,118.7898274,0.0,0.0
351.5,0.0,-168.492638,-0.012556817,-0.012556817,0.000221558761,0.000221558761,0.000633367344,0.000633367344,120.351869,37.920036,37.920036,0.477914494,0.477914494,1.08641952,1.08641952,0.1779468,0.0,0.0,6.26620117,0.0451746022,0.0,-168.492638,0.161538663,120.351869,0.0,0.0
352.0,0.0,-170.67871,-0.0125522769,-0.0125522769,0.000224352194,0.000224352194,0.000641352892,0.000641352892,121.9133496,37.920036,37.920036,0.484115099,0.484115099,1.0969785,1.0969785,0.17793697,0.0,0.0,6.34750075,0.0451582696,0.0,-170.67871,0.163634515,121.9133496,0.0,0.0
352.5,0.0,-172.86399,-0.0125476803,-0.0125476803,0.000227141463,0.000227141463,0.000649326551,0.000649326551,123.4742634,37.920036,37.920036,0.490313444,0.490313444,1.10746606,1.10746606,0.177927047,0.0,0.0,6.42877084,0.0451417324,0.0,-172.86399,0.165729602,123.4742634,0.0,0.0
353.0,0.0,-175.048461,-0.0125430268,-0.0125430268,0.000229926532,0.000229926532,0.000657288184,0.000657288184,125.034599,37.920036,37.920036,0.496509509,0.496509509,1.11788284,1.11788284,0.177917024,0.0,0.0,6.51001079,0.0451249921,0.0,-175.048461,0.167823922,125.034599,0.0,0.0
353.5,0.0,-177.232114,-0.0125383168,-0.0125383168,0.000232707354,0.000232707354,0.000665237694,0.000665237694,126.5943546,37.920036,37.920036,0.502703251,0.502703251,1.12822949,1.12822949,0.177906909,0.0,0.0,6.59122053,0.0451080468,0.0,-177.232114,0.169917459,126.5943546,0.0,0.0
354.0,0.0,-179.414952,-0.01253355,-0.01253355,0.000235483874,0.000235483874,0.000673174896,0.000673174896,128.1535206,37.920036,37.920036,0.508894675,0.508894675,1.1385067,1.1385067,0.177896695,0.0,0.0,6.67239948,0.0450908976,0.0,-179.414952,0.172010205,128.1535206,0.0,0.0
354.5,0.0,-181.596943,-0.0125287266,-0.0125287266,0.000238256045,0.000238256045,0.000681099676,0.000681099676,129.71209,37.920036,37.920036,0.515083714,0.515083714,1.14871509,1.14871509,0.177886393,0.0,0.0,6.75354739,0.0450735463,0.0,-181.596943,0.174102152,129.71209,0.0,0.0
355.0,0.0,-183.7781,-0.012523847,-0.012523847,0.00024102382,0.00024102382,0.000689011869,0.000689011869,131.270057,37.920036,37.920036,0.521270369,0.521270369,1.15885531,1.15885531,0.177875993,0.0,0.0,6.83466393,0.0450559907,0.0,-183.7781,0.176193286,131.270057,0.0,0.0
355.5,0.0,-185.958396,-0.0125189112,-0.0125189112,0.000243787146,0.000243787146,0.000696911367,0.000696911367,132.827411,37.920036,37.920036,0.527454584,0.527454584,1.16892802,1.16892802,0.177865502,0.0,0.0,6.91574871,0.0450382333,0.0,-185.958396,0.178283603,132.827411,0.0,0.0
356.0,0.0,-188.137832,-0.0125139187,-0.0125139187,0.00024654598,0.00024654598,0.000704798001,0.000704798001,134.384152,37.920036,37.920036,0.533636346,0.533636346,1.17893378,1.17893378,0.17785492,0.0,0.0,6.99680137,0.0450202733,0.0,-188.137832,0.180373091,134.384152,0.0,0.0
356.5,0.0,-190.31639,-0.0125088709,-0.0125088709,0.00024930026,0.00024930026,0.000712671658,0.000712671658,135.940264,37.920036,37.920036,0.539815653,0.539815653,1.1888733,1.1888733,0.177844239,0.0,0.0,7.07782144,0.0450021111,0.0,-190.31639,0.182461737,135.940264,0.0,0.0
357.0,0.0,-192.494065,-0.0125037663,-0.0125037663,0.000252049968,0.000252049968,0.00072053219,0.00072053219,137.495745,37.920036,37.920036,0.545992418,0.545992418,1.19874711,1.19874711,0.177833474,0.0,0.0,7.15880867,0.044983748,0.0,-192.494065,0.18454954,137.495745,0.0,0.0
357.5,0.0,-194.670848,-0.012498606,-0.012498606,0.000254795032,0.000254795032,0.000728379456,0.000728379456,139.05059,37.920036,37.920036,0.552166679,0.552166679,1.20855583,1.20855583,0.177822619,0.0,0.0,7.23976275,0.0449651838,0.0,-194.670848,0.186636488,139.05059,0.0,0.0
358.0,0.0,-196.846724,-0.01249339,-0.01249339,0.000257535402,0.000257535402,0.000736213354,0.000736213354,140.604786,37.920036,37.920036,0.558338369,0.558338369,1.21830008,1.21830008,0.177811671,0.0,0.0,7.32068305,0.0449464187,0.0,-196.846724,0.188722569,140.604786,0.0,0.0
358.5,0.0,-199.021689,-0.01248811835,-0.01248811835,0.000260271047,0.000260271047,0.000744033684,0.000744033684,142.158335,37.920036,37.920036,0.564507447,0.564507447,1.22798043,1.22798043,0.177800636,0.0,0.0,7.40156948,0.0449274519,0.0,-199.021689,0.190807775,142.158335,0.0,0.0
359.0,0.0,-201.195731,-0.01248279055,-0.01248279055,0.000263001909,0.000263001909,0.000751840379,0.000751840379,143.711224,37.920036,37.920036,0.570673948,0.570673948,1.23759748,1.23759748,0.177789512,0.0,0.0,7.48242157,0.044908286,0.0,-201.195731,0.19289209,143.711224,0.0,0.0
359.5,0.0,-203.368843,-0.0124774076,-0.0124774076,0.000265727945,0.000265727945,0.000759633267,0.000759633267,145.263446,37.920036,37.920036,0.576837785,0.576837785,1.24715179,1.24715179,0.177778296,0.0,0.0,7.56323907,0.0448889191,0.0,-203.368843,0.194975518,145.263446,0.0,0.0
360.0,0.0,-205.541011,-0.012471969,-0.012471969,0.000268449106,0.000268449106,0.000767412204,0.000767412204,146.814994,37.920036,37.920036,0.582998947,0.582998947,1.25664393,1.25664393,0.177766996,0.0,0.0,7.64402155,0.0448693546,0.0,-205.541011,0.19705804,146.814994,0.0,0.0
360.5,0.0,-207.712227,-0.01246647525,-0.01246647525,0.000271165342,0.000271165342,0.000775177104,0.000775177104,148.36586,37.920036,37.920036,0.589157415,0.589157415,1.26607446,1.26607446,0.177755606,0.0,0.0,7.72476858,0.0448495885,0.0,-207.712227,0.199139649,148.36586,0.0,0.0
361.0,0.0,-209.882481,-0.0124609259,-0.0124609259,0.000273876615,0.000273876615,0.000782927766,0.000782927766,149.916043,37.920036,37.920036,0.595313138,0.595313138,1.27544394,1.27544394,0.177744131,0.0,0.0,7.80547983,0.044829625,0.0,-209.882481,0.201220341,149.916043,0.0,0.0
361.5,0.0,-212.051762,-0.0124553218,-0.0124553218,0.000276582879,0.000276582879,0.000790664116,0.000790664116,151.465529,37.920036,37.920036,0.60146611,0.60146611,1.28475289,1.28475289,0.17773257,0.0,0.0,7.88615478,0.0448094635,0.0,-212.051762,0.203300098,151.465529,0.0,0.0
362.0,0.0,-214.220067,-0.01244966225,-0.01244966225,0.000279284079,0.000279284079,0.000798386001,0.000798386001,153.014315,37.920036,37.920036,0.607616324,0.607616324,1.29400189,1.29400189,0.177720927,0.0,0.0,7.96679361,0.044789104,0.0,-214.220067,0.205378917,153.014315,0.0,0.0
362.5,0.0,-216.387381,-0.01244394795,-0.01244394795,0.000281980168,0.000281980168,0.000806093291,0.000806093291,154.562399,37.920036,37.920036,0.613763716,0.613763716,1.30319143,1.30319143,0.177709193,0.0,0.0,8.04739525,0.0447685454,0.0,-216.387381,0.207456785,154.562399,0.0,0.0
363.0,0.0,-218.553689,-0.0124381788,-0.0124381788,0.000284671111,0.000284671111,0.000813785868,0.000813785868,156.109765,37.920036,37.920036,0.619908272,0.619908272,1.31232207,1.31232207,0.177697375,0.0,0.0,8.1279602,0.0447477899,0.0,-218.553689,0.209533695,156.109765,0.0,0.0
363.5,0.0,-220.718997,-0.0124323552,-0.0124323552,0.000287356857,0.000287356857,0.000821463566,0.000821463566,157.656406,37.920036,37.920036,0.626049958,0.626049958,1.32139435,1.32139435,0.177685477,0.0,0.0,8.2084872,0.0447268377,0.0,-220.718997,0.211609639,157.656406,0.0,0.0
364.0,0.0,-222.883283,-0.0124264765,-0.0124264765,0.000290037365,0.000290037365,0.000829126294,0.000829126294,159.202325,37.920036,37.920036,0.632188768,0.632188768,1.33040874,1.33040874,0.177673493,0.0,0.0,8.2889764,0.0447056883,0.0,-222.883283,0.213684604,159.202325,0.0,0.0
364.5,0.0,-225.046534,-0.0124205433,-0.0124205433,0.00029271257,0.00029271257,0.000836773899,0.000836773899,160.747506,37.920036,37.920036,0.638324649,0.638324649,1.33936578,1.33936578,0.177661427,0.0,0.0,8.3694273,0.0446843443,0.0,-225.046534,0.215758585,160.747506,0.0,0.0
365.0,0.0,-227.208754,-0.0124145558,-0.0124145558,0.000295382462,0.000295382462,0.000844406256,0.000844406256,162.291954,37.920036,37.920036,0.644457579,0.644457579,1.34826593,1.34826593,0.177649275,0.0,0.0,8.4498398,0.044662804,0.0,-227.208754,0.217831571,162.291954,0.0,0.0
365.5,0.0,-229.369926,-0.0124085141,-0.0124085141,0.000298046963,0.000298046963,0.000852023248,0.000852023248,163.835647,37.920036,37.920036,0.650587562,0.650587562,1.35710976,1.35710976,0.177637042,0.0,0.0,8.53021335,0.0446410684,0.0,-229.369926,0.21990355,163.835647,0.0,0.0
366.0,0.0,-231.53004,-0.01240241805,-0.01240241805,0.00030070605,0.00030070605,0.000859624753,0.000859624753,165.378583,37.920036,37.920036,0.656714523,0.656714523,1.36589772,1.36589772,0.177624732,0.0,0.0,8.6105476,0.0446191369,0.0,-231.53004,0.221974518,165.378583,0.0,0.0
366.5,0.0,-233.689091,-0.012396268,-0.012396268,0.000303359669,0.000303359669,0.000867210618,0.000867210618,166.920759,37.920036,37.920036,0.662838483,0.662838483,1.37463028,1.37463028,0.177612334,0.0,0.0,8.690842,0.0445970117,0.0,-233.689091,0.224044465,166.920759,0.0,0.0
367.0,0.0,-235.847059,-0.012390064,-0.012390064,0.000306007786,0.000306007786,0.000874780745,0.000874780745,168.462166,37.920036,37.920036,0.668959382,0.668959382,1.38330797,1.38330797,0.177599862,0.0,0.0,8.77109635,0.0445746925,0.0,-235.847059,0.22611338,168.462166,0.0,0.0
367.5,0.0,-238.00395,-0.0123838058,-0.0123838058,0.000308650337,0.000308650337,0.000882334979,0.000882334979,170.002804,37.920036,37.920036,0.675077204,0.675077204,1.39193122,1.39193122,0.177587305,0.0,0.0,8.8513105,0.0445521774,0.0,-238.00395,0.228181258,170.002804,0.0,0.0
368.0,0.0,-240.159741,-0.01237749425,-0.01237749425,0.000311287295,0.000311287295,0.000889873221,0.000889873221,171.542652,37.920036,37.920036,0.681191923,0.681191923,1.40050053,1.40050053,0.177574669,0.0,0.0,8.931484,0.0445294709,0.0,-240.159741,0.230248079,171.542652,0.0,0.0
368.5,0.0,-242.314432,-0.0123711291,-0.0123711291,0.000313918623,0.000313918623,0.000897395359,0.000897395359,173.081723,37.920036,37.920036,0.687303502,0.687303502,1.40901632,1.40901632,0.177561959,0.0,0.0,9.0116164,0.0445065712,0.0,-242.314432,0.232313851,173.081723,0.0,0.0
369.0,0.0,-244.468008,-0.01236471015,-0.01236471015,0.000316544245,0.000316544245,0.000904901216,0.000904901216,174.619986,37.920036,37.920036,0.693411931,0.693411931,1.41747912,1.41747912,0.177549166,0.0,0.0,9.0917075,0.0444834791,0.0,-244.468008,0.234378552,174.619986,0.0,0.0
369.5,0.0,-246.620462,-0.012358238,-0.012358238,0.000319164161,0.000319164161,0.000912390718,0.000912390718,176.157456,37.920036,37.920036,0.699517183,0.699517183,1.4258893,1.4258893,0.177536295,0.0,0.0,9.1717565,0.0444601939,0.0,-246.620462,0.236442176,176.157456,0.0,0.0
370.0,0.0,-248.771785,-0.01235171255,-0.01235171255,0.000321778302,0.000321778302,0.000919863734,0.000919863734,177.694115,37.920036,37.920036,0.705619234,0.705619234,1.43424738,1.43424738,0.177523348,0.0,0.0,9.25176395,0.0444367178,0.0,-248.771785,0.23850472,177.694115,0.0,0.0
370.5,0.0,-250.921968,-0.0123451338,-0.0123451338,0.000324386624,0.000324386624,0.000927320117,0.000927320117,179.229956,37.920036,37.920036,0.711718024,0.711718024,1.4425538,1.4425538,0.177510323,0.0,0.0,9.3317286,0.0444130502,0.0,-250.921968,0.240566167,179.229956,0.0,0.0
371.0,0.0,-253.070998,-0.0123385022,-0.0123385022,0.000326989093,0.000326989093,0.000934759762,0.000934759762,180.76498,37.920036,37.920036,0.717813565,0.717813565,1.45080895,1.45080895,0.177497215,0.0,0.0,9.41165045,0.0443891917,0.0,-253.070998,0.242626511,180.76498,0.0,0.0
371.5,0.0,-255.218871,-0.0123318174,-0.0123318174,0.000329585668,0.000329585668,0.000942182553,0.000942182553,182.299175,37.920036,37.920036,0.723905804,0.723905804,1.45901331,1.45901331,0.177484038,0.0,0.0,9.49152935,0.0443651434,0.0,-255.218871,0.244685742,182.299175,0.0,0.0
372.0,0.0,-257.365578,-0.0123250801,-0.0123250801,0.000332176308,0.000332176308,0.000949588385,0.000949588385,183.832533,37.920036,37.920036,0.729994743,0.729994743,1.46716726,1.46716726,0.177470784,0.0,0.0,9.57136465,0.0443409035,0.0,-257.365578,0.246743852,183.832533,0.0,0.0
372.5,0.0,-259.511102,-0.0123182896,-0.0123182896,0.00033476096,0.00033476096,0.000956977099,0.000956977099,185.365054,37.920036,37.920036,0.736080344,0.736080344,1.47527129,1.47527129,0.177457451,0.0,0.0,9.6511565,0.0443164754,0.0,-259.511102,0.248800839,185.365054,0.0,0.0
373.0,0.0,-261.655437,-0.012311447,-0.012311447,0.000337339592,0.000337339592,0.000964348618,0.000964348618,186.89672,37.920036,37.920036,0.742162583,0.742162583,1.48332576,1.48332576,0.17744405,0.0,0.0,9.73090375,0.0442918582,0.0,-261.655437,0.250856686,186.89672,0.0,0.0
373.5,0.0,-263.798584,-0.01230455155,-0.01230455155,0.000339912167,0.000339912167,0.000971702784,0.000971702784,188.427541,37.920036,37.920036,0.748241409,0.748241409,1.49133112,1.49133112,0.177430568,0.0,0.0,9.8106067,0.0442670519,0.0,-263.798584,0.252911385,188.427541,0.0,0.0
374.0,0.0,-265.94052,-0.0122976043,-0.0122976043,0.00034247863,0.00034247863,0.00097903952,0.00097903952,189.957495,37.920036,37.920036,0.754316837,0.754316837,1.49928779,1.49928779,0.177417012,0.0,0.0,9.8902649,0.0442420576,0.0,-265.94052,0.254964928,189.957495,0.0,0.0
374.5,0.0,-268.081239,-0.01229060455,-0.01229060455,0.000345038951,0.000345038951,0.00098635867,0.00098635867,191.486583,37.920036,37.920036,0.760388793,0.760388793,1.50719614,1.50719614,0.177403383,0.0,0.0,9.9698779,0.044216875,0.0,-268.081239,0.257017311,191.486583,0.0,0.0
375.0,0.0,-270.220743,-0.01228355285,-0.01228355285,0.000347593086,0.000347593086,0.00099366016,0.00099366016,193.014796,37.920036,37.920036,0.766457293,0.766457293,1.51506064,1.51506064,0.177389685,0.0,0.0,10.0494455,0.0441915055,0.0,-270.220743,0.259068522,193.014796,0.0,0.0
375.5,0.0,-272.359014,-0.0122764488,-0.0122764488,0.000350141,0.000350141,0.00100094384,0.00100094384,194.542132,37.920036,37.920036,0.772522303,0.772522303,1.52313199,1.52313199,0.177375908,0.0,0.0,10.12896715,0.0441659493,0.0,-272.359014,0.261118541,194.542132,0.0,0.0
376.0,0.0,-274.496032,-0.0122692933,-0.0122692933,0.000352682641,0.000352682641,0.00100820958,0.00100820958,196.068575,37.920036,37.920036,0.778583787,0.778583787,1.53130272,1.53130272,0.177362056,0.0,0.0,10.2084428,0.0441402069,0.0,-274.496032,0.263167379,196.068575,0.0,0.0
376.5,0.0,-276.63182,-0.0122620862,-0.0122620862,0.000355217981,0.000355217981,0.00101545735,0.00101545735,197.594132,37.920036,37.920036,0.784641729,0.784641729,1.53942855,1.53942855,0.17734813,0.0,0.0,10.2878714,0.0441142775,0.0,-276.63182,0.265215018,197.594132,0.0,0.0
377.0,0.0,-278.766331,-0.0122548275,-0.0122548275,0.000357746978,0.000357746978,0.00102268692,0.00102268692,199.11879,37.920036,37.920036,0.790696094,0.790696094,1.54750981,1.54750981,0.177334128,0.0,0.0,10.3672538,0.0440881627,0.0,-278.766331,0.267261444,199.11879,0.0,0.0
377.5,0.0,-280.899571,-0.01224751725,-0.01224751725,0.000360269584,0.000360269584,0.00102989829,0.00102989829,200.642531,37.920036,37.920036,0.79674687,0.79674687,1.5555468,1.5555468,0.177320052,0.0,0.0,10.4465887,0.0440618643,0.0,-280.899571,0.269306658,200.642531,0.0,0.0
378.0,0.0,-283.031545,-0.0122401557,-0.0122401557,0.00036278577,0.00036278577,0.00103709127,0.00103709127,202.165371,37.920036,37.920036,0.802794013,0.802794013,1.56353992,1.56353992,0.177305898,0.0,0.0,10.52587615,0.04403538,0.0,-283.031545,0.271350652,202.165371,0.0,0.0
378.5,0.0,-285.162235,-0.01223274275,-0.01223274275,0.000365295486,0.000365295486,0.00104426578,0.00104426578,203.687285,37.920036,37.920036,0.80883752,0.80883752,1.57148946,1.57148946,0.17729167,0.0,0.0,10.6051159,0.0440087127,0.0,-285.162235,0.273393407,203.687285,0.0,0.0
379.0,0.0,-287.291622,-0.01222527925,-0.01222527925,0.000367798706,0.000367798706,0.00105142173,0.00105142173,205.208281,37.920036,37.920036,0.814877348,0.814877348,1.57939574,1.57939574,0.177277375,0.0,0.0,10.6843075,0.0439818594,0.0,-287.291622,0.275434917,205.208281,0.0,0.0
379.5,0.0,-289.419704,-0.0122177644,-0.0122177644,0.000370295389,0.000370295389,0.00105855897,0.00105855897,206.728337,37.920036,37.920036,0.820913476,0.820913476,1.58725903,1.58725903,0.177262998,0.0,0.0,10.7634503,0.043954826,0.0,-289.419704,0.277475187,206.728337,0.0,0.0
380.0,0.0,-291.546478,-0.0122101994,-0.0122101994,0.000372785494,0.000372785494,0.00106567739,0.00106567739,208.247463,37.920036,37.920036,0.826945876,0.826945876,1.59507967,1.59507967,0.177248551,0.0,0.0,10.8425444,0.0439276078,0.0,-291.546478,0.279514197,208.247463,0.0,0.0
380.5,0.0,-293.671929,-0.0122025831,-0.0122025831,0.000375268978,0.000375268978,0.0010727769,0.0010727769,209.76564,37.920036,37.920036,0.832974509,0.832974509,1.602858,1.602858,0.177234031,0.0,0.0,10.92158945,0.0439002086,0.0,-293.671929,0.281551932,209.76564,0.0,0.0
381.0,0.0,-295.79605,-0.0121949164,-0.0121949164,0.00037774581,0.00037774581,0.00107985738,0.00107985738,211.282866,37.920036,37.920036,0.838999397,0.838999397,1.61059434,1.61059434,0.177219439,0.0,0.0,11.000585,0.0438726272,0.0,-295.79605,0.283588399,211.282866,0.0,0.0
381.5,0.0,-297.918827,-0.0121871997,-0.0121871997,0.000380215948,0.000380215948,0.00108691874,0.00108691874,212.799142,37.920036,37.920036,0.84502047,0.84502047,1.61828894,1.61828894,0.177204775,0.0,0.0,11.0795307,0.0438448649,0.0,-297.918827,0.285623576,212.799142,0.0,0.0
382.0,0.0,-300.040259,-0.0121794326,-0.0121794326,0.000382679366,0.000382679366,0.00109396086,0.00109396086,214.314447,37.920036,37.920036,0.851037723,0.851037723,1.6259421,1.6259421,0.177190037,0.0,0.0,11.158426,0.0438169222,0.0,-300.040259,0.287657461,214.314447,0.0,0.0
382.5,0.0,-302.16033,-0.01217161515,-0.01217161515,0.000385136008,0.000385136008,0.00110098364,0.00110098364,215.828788,37.920036,37.920036,0.857051129,0.857051129,1.63355414,1.63355414,0.177175233,0.0,0.0,11.2372714,0.0437887986,0.0,-302.16033,0.289690052,215.828788,0.0,0.0
383.0,0.0,-304.279048,-0.012163748,-0.012163748,0.00038758585,0.00038758585,0.00110798698,0.00110798698,217.342149,37.920036,37.920036,0.86306067,0.86306067,1.64112536,1.64112536,0.177160352,0.0,0.0,11.3160656,0.0437604955,0.0,-304.279048,0.291721327,217.342149,0.0,0.0
383.5,0.0,-306.396382,-0.0121558313,-0.0121558313,0.000390028859,0.000390028859,0.00111497077,0.00111497077,218.854534,37.920036,37.920036,0.869066299,0.869066299,1.64865605,1.64865605,0.177145406,0.0,0.0,11.3948088,0.0437320134,0.0,-306.396382,0.293751289,218.854534,0.0,0.0
384.0,0.0,-308.512335,-0.0121478646,-0.0121478646,0.000392464989,0.000392464989,0.00112193489,0.00112193489,220.365931,37.920036,37.920036,0.875068016,0.875068016,1.65614649,1.65614649,0.177130387,0.0,0.0,11.4735007,0.0437033512,0.0,-308.512335,0.295779932,220.365931,0.0,0.0
384.5,0.0,-310.626894,-0.01213984825,-0.01213984825,0.000394894211,0.000394894211,0.00112887928,0.00112887928,221.876327,37.920036,37.920036,0.88106578,0.88106578,1.66359697,1.66359697,0.177115298,0.0,0.0,11.55214065,0.0436745132,0.0,-310.626894,0.297807227,221.876327,0.0,0.0
385.0,0.0,-312.740059,-0.01213178265,-0.01213178265,0.000397316483,0.000397316483,0.0011358038,0.0011358038,223.385729,37.920036,37.920036,0.887059584,0.887059584,1.67100778,1.67100778,0.17710014,0.0,0.0,11.6307285,0.0436454962,0.0,-312.740059,0.299833179,223.385729,0.0,0.0
385.5,0.0,-314.85181,-0.0121236679,-0.0121236679,0.00039973177,0.00039973177,0.0011427084,0.0011427084,224.894127,37.920036,37.920036,0.893049378,0.893049378,1.67837916,1.67837916,0.177084913,0.0,0.0,11.7092642,0.0436163018,0.0,-314.85181,0.301857791,224.894127,0.0,0.0
386.0,0.0,-316.962144,-0.0121155038,-0.0121155038,0.000402140046,0.000402140046,0.00114959287,0.00114959287,226.401507,37.920036,37.920036,0.899035145,0.899035145,1.68571145,1.68571145,0.177069614,0.0,0.0,11.7877472,0.0435869306,0.0,-316.962144,0.303881042,226.401507,0.0,0.0
386.5,0.0,-319.071047,-0.0121072908,-0.0121072908,0.000404541274,0.000404541274,0.00115645724,0.00115645724,227.907872,37.920036,37.920036,0.905016896,0.905016896,1.69300491,1.69300491,0.17705425,0.0,0.0,11.866177,0.0435573846,0.0,-319.071047,0.305902924,227.907872,0.0,0.0
387.0,0.0,-321.178531,-0.01209902905,-0.01209902905,0.000406935402,0.000406935402,0.00116330131,0.00116330131,229.413212,37.920036,37.920036,0.91099456,0.91099456,1.70025981,1.70025981,0.177038822,0.0,0.0,11.94455345,0.0435276619,0.0,-321.178531,0.307923436,229.413212,0.0,0.0
387.5,0.0,-323.284563,-0.0120907185,-0.0120907185,0.000409322414,0.000409322414,0.00116893818,0.00116893818,230.917519,37.920036,37.920036,0.916968137,0.916968137,1.70747639,1.70747639,0.17702332,0.0,0.0,12.02287625,0.0434977638,0.0,-323.284563,0.30994256,230.917519,0.0,0.0
388.0,0.0,-325.389145,-0.0120823595,-0.0120823595,0.000411702277,0.000411702277,0.00117236083,0.00117236083,232.420791,37.920036,37.920036,0.922937587,0.922937587,1.71465497,1.71465497,0.177007749,0.0,0.0,12.1011453,0.0434676911,0.0,-325.389145,0.311960297,232.420791,0.0,0.0
388.5,0.0,-327.492263,-0.01207395205,-0.01207395205,0.000414074947,0.000414074947,0.0011757011,0.0011757011,233.923021,37.920036,37.920036,0.92890292,0.92890292,1.72179574,1.72179574,0.176992117,0.0,0.0,12.17935955,0.043437445,0.0,-327.492263,0.313976634,233.923021,0.0,0.0
389.0,0.0,-329.593909,-0.01206549675,-0.01206549675,0.000416440387,0.000416440387,0.00117900396,0.00117900396,235.424201,37.920036,37.920036,0.93486407,0.93486407,1.72889904,1.72889904,0.176976414,0.0,0.0,12.25751975,0.0434070255,0.0,-329.593909,0.315991554,235.424201,0.0,0.0
389.5,0.0,-331.694089,-0.0120569932,-0.0120569932,0.000418798581,0.000418798581,0.00118226971,0.00118226971,236.924326,37.920036,37.920036,0.940821032,0.940821032,1.73596511,1.73596511,0.176960647,0.0,0.0,12.33562465,0.0433764324,0.0,-331.694089,0.318005067,236.924326,0.0,0.0
390.0,0.0,-333.792782,-0.0120484415,-0.0120484415,0.000421149479,0.000421149479,0.00118549862,0.00118549862,238.423394,37.920036,37.920036,0.946773778,0.946773778,1.74299422,1.74299422,0.17694481,0.0,0.0,12.4136747,0.0433456669,0.0,-333.792782,0.320017154,238.423394,0.0,0.0
390.5,0.0,-335.889983,-0.01203984195,-0.01203984195,0.000423493054,0.000423493054,0.00118869096,0.00118869096,239.921389,37.920036,37.920036,0.952722309,0.952722309,1.74998658,1.74998658,0.176928911,0.0,0.0,12.4916688,0.0433147304,0.0,-335.889983,0.322027808,239.921389,0.0,0.0
391.0,0.0,-337.985672,-0.0120311951,-0.0120311951,0.000425829273,0.000425829273,0.00119184697,0.00119184697,241.418317,37.920036,37.920036,0.958666549,0.958666549,1.75694247,1.75694247,0.176912945,0.0,0.0,12.5696073,0.0432836214,0.0,-337.985672,0.324037028,241.418317,0.0,0.0
391.5,0.0,-340.079865,-0.0120225003,-0.0120225003,0.000428158106,0.000428158106,0.00119496686,0.00119496686,242.914163,37.920036,37.920036,0.964606531,0.964606531,1.76386218,1.76386218,0.176896916,0.0,0.0,12.64748975,0.0432523406,0.0,-340.079865,0.326044802,242.914163,0.0,0.0
392.0,0.0,-342.172534,-0.01201375825,-0.01201375825,0.000430479518,0.000430479518,0.0011980509,0.0011980509,244.40893,37.920036,37.920036,0.970542217,0.970542217,1.77074592,1.77074592,0.17688082,0.0,0.0,12.7253155,0.0432208906,0.0,-342.172534,0.328051116,244.40893,0.0,0.0
392.5,0.0,-344.263671,-0.012004969,-0.012004969,0.00043279348,0.00043279348,0.00120109939,0.00120109939,245.902602,37.920036,37.920036,0.976473552,0.976473552,1.77759392,1.77759392,0.176864661,0.0,0.0,12.8030847,0.0431892721,0.0,-344.263671,0.330055968,245.902602,0.0,0.0
393.0,0.0,-346.353287,-0.01199613305,-0.01199613305,0.000435099962,0.000435099962,0.0012041125,0.0012041125,247.395177,37.920036,37.920036,0.982400532,0.982400532,1.78440644,1.78440644,0.176848433,0.0,0.0,12.88079685,0.0431574822,0.0,-346.353287,0.332059353,247.395177,0.0,0.0
393.5,0.0,-348.441351,-0.0119872501,-0.0119872501,0.000437398925,0.000437398925,0.00120709052,0.00120709052,248.88665,37.920036,37.920036,0.988323143,0.988323143,1.79118379,1.79118379,0.176832148,0.0,0.0,12.9584516,0.0431255254,0.0,-348.441351,0.33406125,248.88665,0.0,0.0
394.0,0.0,-350.527863,-0.0119783205,-0.0119783205,0.000439690341,0.000439690341,0.00121003367,0.00121003367,250.377019,37.920036,37.920036,0.994241362,0.994241362,1.79792608,1.79792608,0.176815795,0.0,0.0,13.03604855,0.0430933984,0.0,-350.527863,0.336061664,250.377019,0.0,0.0
394.5,0.0,-352.61282,-0.011969344,-0.011969344,0.000441974185,0.000441974185,0.00121294222,0.00121294222,251.866274,37.920036,37.920036,1.000155152,1.000155152,1.80463366,1.80463366,0.176799382,0.0,0.0,13.11358745,0.0430611051,0.0,-352.61282,0.338060588,251.866274,0.0,0.0
395.0,0.0,-354.696203,-0.01196032135,-0.01196032135,0.000444250421,0.000444250421,0.00121581632,0.00121581632,253.354409,37.920036,37.920036,1.00606451,1.00606451,1.81130674,1.81130674,0.176782906,0.0,0.0,13.191068,0.0430286451,0.0,-354.696203,0.340058006,253.354409,0.0,0.0
395.5,0.0,-356.778017,-0.0119512517,-0.0119512517,0.000446519014,0.000446519014,0.00121865627,0.00121865627,254.841418,37.920036,37.920036,1.01196939,1.01196939,1.8179455,1.8179455,0.176766366,0.0,0.0,13.2684902,0.0429960182,0.0,-356.778017,0.342053918,254.841418,0.0,0.0
396.0,0.0,-358.858252,-0.01194213695,-0.01194213695,0.000448779958,0.000448779958,0.00122146232,0.00122146232,256.327296,37.920036,37.920036,1.01786978,1.01786978,1.82455024,1.82455024,0.176749763,0.0,0.0,13.3458536,0.042963225,0.0,-358.858252,0.344048307,256.327296,0.0,0.0
396.5,0.0,-360.936894,-0.011932976,-0.011932976,0.000451033179,0.000451033179,0.00122423469,0.00122423469,257.812041,37.920036,37.920036,1.02376566,1.02376566,1.83112114,1.83112114,0.176733101,0.0,0.0,13.4231577,0.0429302674,0.0,-360.936894,0.346041173,257.812041,0.0,0.0
397.0,0.0,-363.013929,-0.0119237687,-0.0119237687,0.000453278688,0.000453278688,0.00122697356,0.00122697356,259.295634,37.920036,37.920036,1.029657,1.029657,1.83765849,1.83765849,0.176716375,0.0,0.0,13.50040225,0.0428971444,0.0,-363.013929,0.348032501,259.295634,0.0,0.0
397.5,0.0,-365.089362,-0.0119145163,-0.0119145163,0.000455516442,0.000455516442,0.00122967916,0.00122967916,260.778085,37.920036,37.920036,1.03554376,1.03554376,1.84416244,1.84416244,0.176699584,0.0,0.0,13.577587,0.0428638572,0.0,-365.089362,0.350022292,260.778085,0.0,0.0
398.0,0.0,-367.163183,-0.01190521815,-0.01190521815,0.00045774641,0.00045774641,0.00123235176,0.00123235176,262.25939,37.920036,37.920036,1.041426,1.041426,1.85063329,1.85063329,0.176682736,0.0,0.0,13.65471185,0.042830406,0.0,-367.163183,0.352010539,262.25939,0.0,0.0
398.5,0.0,-369.235376,-0.01189587495,-0.01189587495,0.000459968564,0.000459968564,0.00123499154,0.00123499154,263.739532,37.920036,37.920036,1.04730356,1.04730356,1.85707118,1.85707118,0.17666583,0.0,0.0,13.7317763,0.042796792,0.0,-369.235376,0.353997231,263.739532,0.0,0.0
399.0,0.0,-371.305929,-0.0118864863,-0.0118864863,0.000462182876,0.000462182876,0.00123759873,0.00123759873,265.218498,37.920036,37.920036,1.05317652,1.05317652,1.86347642,1.86347642,0.176648861,0.0,0.0,13.80877995,0.0427630161,0.0,-371.305929,0.355982352,265.218498,0.0,0.0
399.5,0.0,-373.37486,-0.0118770528,-0.0118770528,0.000464389323,0.000464389323,0.00124017357,0.00124017357,266.696311,37.920036,37.920036,1.05904489,1.05904489,1.86984916,1.86984916,0.17663183,0.0,0.0,13.8857229,0.042729078,0.0,-373.37486,0.357965906,266.696311,0.0,0.0
400.0,0.0,-375.442145,-0.0118675743,-0.0118675743,0.000466587866,0.000466587866,0.00124271622,0.00124271622,268.172932,37.920036,37.920036,1.06490852,1.06490852,1.87618967,1.87618967,0.176614742,0.0,0.0,13.96260445,0.042694978,0.0,-375.442145,0.359947884,268.172932,0.0,0.0
400.5,0.0,-377.507771,-0.0118580513,-0.0118580513,0.000468778493,0.000468778493,0.00124522693,0.00124522693,269.648373,37.920036,37.920036,1.07076749,1.07076749,1.88249806,1.88249806,0.176597592,0.0,0.0,14.03942425,0.0426607175,0.0,-377.507771,0.361928278,269.648373,0.0,0.0
401.0,0.0,-379.571729,-0.0118484836,-0.0118484836,0.000470961156,0.000470961156,0.00124770592,0.00124770592,271.122634,37.920036,37.920036,1.07662171,1.07662171,1.8887747,1.8887747,0.176580384,0.0,0.0,14.11618285,0.0426262968,0.0,-379.571729,0.363907073,271.122634,0.0,0.0
401.5,0.0,-381.634022,-0.0118388715,-0.0118388715,0.000473135856,0.000473135856,0.00125015339,0.00125015339,272.595705,37.920036,37.920036,1.08247125,1.08247125,1.89501967,1.89501967,0.176563114,0.0,0.0,14.1928789,0.0425917166,0.0,-381.634022,0.36588427,272.595705,0.0,0.0
402.0,0.0,-383.694638,-0.0118292155,-0.0118292155,0.00047530253,0.00047530253,0.00125256953,0.00125256953,274.067569,37.920036,37.920036,1.08831599,1.08831599,1.90123322,1.90123322,0.17654579,0.0,0.0,14.2695127,0.0425569781,0.0,-383.694638,0.36785985,274.067569,0.0,0.0
402.5,0.0,-385.753569,-0.01181951525,-0.01181951525,0.000477461185,0.000477461185,0.0012549546,0.0012549546,275.538238,37.920036,37.920036,1.09415597,1.09415597,1.9074156,1.9074156,0.176528406,0.0,0.0,14.3460838,0.0425220802,0.0,-385.753569,0.369833827,275.538238,0.0,0.0
403.0,0.0,-387.810803,-0.0118097712,-0.0118097712,0.000479611784,0.000479611784,0.00125730871,0.00125730871,277.007689,37.920036,37.920036,1.09999113,1.09999113,1.91356697,1.91356697,0.176510964,0.0,0.0,14.42259205,0.0424870241,0.0,-387.810803,0.371806181,277.007689,0.0,0.0
403.5,0.0,-389.866342,-0.01179998325,-0.01179998325,0.000481754295,0.000481754295,0.00125963215,0.00125963215,278.475926,37.920036,37.920036,1.10582147,1.10582147,1.91968751,1.91968751,0.176493463,0.0,0.0,14.49903705,0.0424518115,0.0,-389.866342,0.3737769,278.475926,0.0,0.0
404.0,0.0,-391.920173,-0.0117901521,-0.0117901521,0.000483888693,0.000483888693,0.00126192501,0.00126192501,279.942953,37.920036,37.920036,1.11164699,1.11164699,1.92577752,1.92577752,0.176475903,0.0,0.0,14.5754185,0.0424164429,0.0,-391.920173,0.375745975,279.942953,0.0,0.0
404.5,0.0,-393.972277,-0.01178027705,-0.01178027705,0.000486014963,0.000486014963,0.00126418763,0.00126418763,281.408744,37.920036,37.920036,1.11746763,1.11746763,1.93183711,1.93183711,0.17645829,0.0,0.0,14.6517358,0.0423809175,0.0,-393.972277,0.377713416,281.408744,0.0,0.0
405.0,0.0,-396.022665,-0.01177035945,-0.01177035945,0.000488133065,0.000488133065,0.00126642016,0.00126642016,282.873305,37.920036,37.920036,1.12328338,1.12328338,1.93786651,1.93786651,0.176440614,0.0,0.0,14.72798935,0.0423452363,0.0,-396.022665,0.379679198,282.873305,0.0,0.0
405.5,0.0,-398.071327,-0.01176039825,-0.01176039825,0.000490242982,0.000490242982,0.00126862271,0.00126862271,284.336643,37.920036,37.920036,1.12909421,1.12909421,1.94386585,1.94386585,0.176422886,0.0,0.0,14.80417855,0.0423094002,0.0,-398.071327,0.381643322,284.336643,0.0,0.0
406.0,0.0,-400.118249,-0.01175039445,-0.01175039445,0.000492344697,0.000492344697,0.00127079556,0.00127079556,285.798721,37.920036,37.920036,1.13490011,1.13490011,1.94983548,1.94983548,0.176405102,0.0,0.0,14.8803028,0.0422734103,0.0,-400.118249,0.383605784,285.798721,0.0,0.0
406.5,0.0,-402.163427,-0.0117403479,-0.0117403479,0.000494438175,0.000494438175,0.00127293885,0.00127293885,287.259557,37.920036,37.920036,1.14070108,1.14070108,1.95577543,1.95577543,0.176387259,0.0,0.0,14.9563626,0.042237267,0.0,-402.163427,0.385566568,287.259557,0.0,0.0
407.0,0.0,-404.206846,-0.0117302587,-0.0117302587,0.000496523399,0.000496523399,0.0012750528,0.0012750528,288.719147,37.920036,37.920036,1.14649707,1.14649707,1.96168597,1.96168597,0.176369359,0.0,0.0,15.032357,0.0422009693,0.0,-404.206846,0.387525677,288.719147,0.0,0.0
407.5,0.0,-406.248512,-0.01172012755,-0.01172012755,0.000498600332,0.000498600332,0.00127713762,0.00127713762,290.177474,37.920036,37.920036,1.15228806,1.15228806,1.96756731,1.96756731,0.176351404,0.0,0.0,15.1082858,0.0421645206,0.0,-406.248512,0.3894831,290.177474,0.0,0.0
408.0,0.0,-408.288391,-0.0117099536,-0.0117099536,0.00050066899,0.00050066899,0.00127919346,0.00127919346,291.634541,37.920036,37.920036,1.15807404,1.15807404,1.97341962,1.97341962,0.176333392,0.0,0.0,15.1841489,0.0421279195,0.0,-408.288391,0.391438814,291.634541,0.0,0.0
408.5,0.0,-410.32652,-0.01169973775,-0.01169973775,0.000502729276,0.000502729276,0.00128122053,0.00128122053,293.090335,37.920036,37.920036,1.16385495,1.16385495,1.97924305,1.97924305,0.176315329,0.0,0.0,15.2599462,0.0420911679,0.0,-410.32652,0.393392841,293.090335,0.0,0.0
409.0,0.0,-412.362852,-0.01168948035,-0.01168948035,0.000504781228,0.000504781228,0.00128321902,0.00128321902,294.544864,37.920036,37.920036,1.16963088,1.16963088,1.98503782,1.98503782,0.176297211,0.0,0.0,15.33567695,0.042054265,0.0,-412.362852,0.395345157,294.544864,0.0,0.0
409.5,0.0,-414.397393,-0.01167918125,-0.01167918125,0.000506824827,0.000506824827,0.00128518906,0.00128518906,295.998115,37.920036,37.920036,1.17540166,1.17540166,1.99080409,1.99080409,0.176279034,0.0,0.0,15.4113412,0.0420172119,0.0,-414.397393,0.39729575,295.998115,0.0,0.0
410.0,0.0,-416.430148,-0.01166884025,-0.01166884025,0.000508860005,0.000508860005,0.00128713087,0.00128713087,297.450076,37.920036,37.920036,1.18116738,1.18116738,1.9965421,1.9965421,0.176260805,0.0,0.0,15.4869386,0.0419800088,0.0,-416.430148,0.399244626,297.450076,0.0,0.0
410.5,0.0,-418.461091,-0.0116584581,-0.0116584581,0.000510886766,0.000510886766,0.00128904463,0.00128904463,298.900757,37.920036,37.920036,1.18692796,1.18692796,2.00225194,2.00225194,0.176242521,0.0,0.0,15.56246885,0.0419426585,0.0,-418.461091,0.401191775,298.900757,0.0,0.0
411.0,0.0,-420.490224,-0.0116480344,-0.0116480344,0.000512905091,0.000512905091,0.00129093052,0.00129093052,300.350127,37.920036,37.920036,1.19268343,1.19268343,2.00793389,2.00793389,0.176224185,0.0,0.0,15.63793185,0.0419051592,0.0,-420.490224,0.403137179,300.350127,0.0,0.0
411.5,0.0,-422.517543,-0.01163757025,-0.01163757025,0.000514914973,0.000514914973,0.0012927887,0.0012927887,301.798218,37.920036,37.920036,1.19843373,1.19843373,2.01358802,2.01358802,0.176205796,0.0,0.0,15.7133273,0.0418675133,0.0,-422.517543,0.405080852,301.798218,0.0,0.0
412.0,0.0,-424.543028,-0.01162706505,-0.01162706505,0.000516916361,0.000516916361,0.00129461934,0.00129461934,303.244988,37.920036,37.920036,1.20417886,1.20417886,2.01921464,2.01921464,0.176187352,0.0,0.0,15.78865475,0.0418297184,0.0,-424.543028,0.407022767,303.244988,0.0,0.0
412.5,0.0,-426.566683,-0.011616519,-0.011616519,0.000518909235,0.000518909235,0.00129642265,0.00129642265,304.690459,37.920036,37.920036,1.20991878,1.20991878,2.02481382,2.02481382,0.176168852,0.0,0.0,15.86391405,0.0417917794,0.0,-426.566683,0.408962918,304.690459,0.0,0.0
413.0,0.0,-428.588502,-0.01160593295,-0.01160593295,0.000520893603,0.000520893603,0.00129819877,0.00129819877,306.134611,37.920036,37.920036,1.21565346,1.21565346,2.0303857,2.0303857,0.176150301,0.0,0.0,15.9391047,0.0417536928,0.0,-428.588502,0.410901316,306.134611,0.0,0.0
413.5,0.0,-430.608472,-0.01159530595,-0.01159530595,0.000522869425,0.000522869425,0.00129994789,0.00129994789,307.577453,37.920036,37.920036,1.22138296,1.22138296,2.03593055,2.03593055,0.1761317,0.0,0.0,16.0142268,0.0417154626,0.0,-430.608472,0.412837939,307.577453,0.0,0.0
414.0,0.0,-432.626583,-0.01158463925,-0.01158463925,0.00052483667,0.00052483667,0.00130167018,0.00130167018,309.018961,37.920036,37.920036,1.22710715,1.22710715,2.04144858,2.04144858,0.176113044,0.0,0.0,16.0892805,0.0416770867,0.0,-432.626583,0.414772792,309.018961,0.0,0.0
414.5,0.0,-434.642844,-0.0115739323,-0.0115739323,0.000526795352,0.000526795352,0.00130336574,0.00130336574,310.459139,37.920036,37.920036,1.23282608,1.23282608,2.04693982,2.04693982,0.176094337,0.0,0.0,16.1642643,0.0416385683,0.0,-434.642844,0.416705847,310.459139,0.0,0.0
415.0,0.0,-436.657226,-0.01156318565,-0.01156318565,0.00052874542,0.00052874542,0.00130503488,0.00130503488,311.897988,37.920036,37.920036,1.23853972,1.23853972,2.05240451,2.05240451,0.176075576,0.0,0.0,16.239179,0.0415999065,0.0,-436.657226,0.418637132,311.897988,0.0,0.0
415.5,0.0,-438.669737,-0.0115523995,-0.0115523995,0.000530686865,0.000530686865,0.00130667766,0.00130667766,313.3355,37.920036,37.920036,1.24424802,1.24424802,2.05784278,2.05784278,0.176056764,0.0,0.0,16.3140241,0.0415611023,0.0,-438.669737,0.420566597,313.3355,0.0,0.0
416.0,0.0,-440.680371,-0.01154157365,-0.01154157365,0.000532619665,0.000532619665,0.00130829426,0.00130829426,314.771662,37.920036,37.920036,1.24995102,1.24995102,2.06325492,2.06325492,0.176037903,0.0,0.0,16.3887988,0.0415221552,0.0,-440.680371,0.422494268,314.771662,0.0,0.0
416.5,0.0,-442.689114,-0.01153070905,-0.01153070905,0.000534543825,0.000534543825,0.00130988484,0.00130988484,316.206477,37.920036,37.920036,1.25564863,1.25564863,2.06864093,2.06864093,0.176018986,0.0,0.0,16.4635034,0.0414830671,0.0,-442.689114,0.424420137,316.206477,0.0,0.0
417.0,0.0,-444.69596,-0.0115198049,-0.0115198049,0.000536459291,0.000536459291,0.00131144959,0.00131144959,317.639941,37.920036,37.920036,1.26134089,1.26134089,2.07400105,2.07400105,0.176000022,0.0,0.0,16.5381374,0.0414438385,0.0,-444.69596,0.426344182,317.639941,0.0,0.0
417.5,0.0,-446.700903,-0.011508862,-0.011508862,0.000538366061,0.000538366061,0.00131298865,0.00131298865,319.072042,37.920036,37.920036,1.26702775,1.26702775,2.07933539,2.07933539,0.175981006,0.0,0.0,16.6127011,0.0414044709,0.0,-446.700903,0.428266403,319.072042,0.0,0.0
418.0,0.0,-448.703937,-0.0114978802,-0.0114978802,0.000540264121,0.000540264121,0.00131450218,0.00131450218,320.502788,37.920036,37.920036,1.27270914,1.27270914,2.08464421,2.08464421,0.175961938,0.0,0.0,16.6871936,0.041364962,0.0,-448.703937,0.430186794,320.502788,0.0,0.0
418.5,0.0,-450.705063,-0.0114868599,-0.0114868599,0.000542153457,0.000542153457,0.00131599038,0.00131599038,321.932152,37.920036,37.920036,1.27838515,1.27838515,2.08992757,2.08992757,0.175942822,0.0,0.0,16.7616147,0.0413253155,0.0,-450.705063,0.43210535,321.932152,0.0,0.0
419.0,0.0,-452.704259,-0.0114758014,-0.0114758014,0.000544034036,0.000544034036,0.00131745333,0.00131745333,323.360149,37.920036,37.920036,1.28405571,1.28405571,2.0951857,2.0951857,0.175923655,0.0,0.0,16.8359646,0.0412855313,0.0,-452.704259,0.434022059,323.360149,0.0,0.0
419.5,0.0,-454.701528,-0.0114647046,-0.0114647046,0.000545905851,0.000545905851,0.00131889127,0.00131889127,324.786778,37.920036,37.920036,1.28972078,1.28972078,2.10041872,2.10041872,0.175904438,0.0,0.0,16.9102425,0.0412456086,0.0,-454.701528,0.435936924,324.786778,0.0,0.0
420.0,0.0,-456.696863,-0.01145356965,-0.01145356965,0.00054776889,0.00054776889,0.00132030424,0.00132030424,326.212017,37.920036,37.920036,1.29538039,1.29538039,2.10562683,2.10562683,0.175885168,0.0,0.0,16.9844482,0.0412055498,0.0,-456.696863,0.437849937,326.212017,0.0,0.0
420.5,0.0,-458.690255,-0.01144239685,-0.01144239685,0.000549623118,0.000549623118,0.00132169252,0.00132169252,327.635865,37.920036,37.920036,1.30103445,1.30103445,2.11081006,2.11081006,0.175865853,0.0,0.0,17.0585817,0.041165355,0.0,-458.690255,0.439761083,327.635865,0.0,0.0
421.0,0.0,-460.681695,-0.0114311865,-0.0114311865,0.00055146854,0.00055146854,0.00132305621,0.00132305621,329.058326,37.920036,37.920036,1.306683,1.306683,2.11596868,2.11596868,0.175846486,0.0,0.0,17.1326431,0.0411250242,0.0,-460.681695,0.441670356,329.058326,0.0,0.0
421.5,0.0,-462.671184,-0.0114199387,-0.0114199387,0.000553305134,0.000553305134,0.00132439547,0.00132439547,330.479387,37.920036,37.920036,1.31232601,1.31232601,2.12110281,2.12110281,0.175827075,0.0,0.0,17.2066322,0.0410845588,0.0,-462.671184,0.443577761,330.479387,0.0,0.0
422.0,0.0,-464.658712,-0.0114086535,-0.0114086535,0.000555132878,0.000555132878,0.00132571046,0.00132571046,331.899048,37.920036,37.920036,1.31796343,1.31796343,2.12621257,2.12621257,0.17580761,0.0,0.0,17.280548,0.0410439589,0.0,-464.658712,0.445483288,331.899048,0.0,0.0
422.5,0.0,-466.644266,-0.0113973313,-0.0113973313,0.000556951753,0.000556951753,0.00132700128,0.00132700128,333.317301,37.920036,37.920036,1.32359531,1.32359531,2.13129805,2.13129805,0.175788099,0.0,0.0,17.3543899,0.0410032262,0.0,-466.644266,0.447386923,333.317301,0.0,0.0
423.0,0.0,-468.627851,-0.01138597205,-0.01138597205,0.000558761752,0.000558761752,0.0013282681,0.0013282681,334.73415,37.920036,37.920036,1.32922155,1.32922155,2.13635971,2.13635971,0.17576854,0.0,0.0,17.4281588,0.0409623598,0.0,-468.627851,0.449288672,334.73415,0.0,0.0
423.5,0.0,-470.609445,-0.011374576,-0.011374576,0.000560562869,0.000560562869,0.0013295111,0.0013295111,336.149574,37.920036,37.920036,1.33484221,1.33484221,2.14139735,2.14139735,0.175748935,0.0,0.0,17.5018544,0.0409213623,0.0,-470.609445,0.451188513,336.149574,0.0,0.0
424.0,0.0,-472.589068,-0.0113631435,-0.0113631435,0.000562355089,0.000562355089,0.00133073043,0.00133073043,337.563585,37.920036,37.920036,1.34045721,1.34045721,2.14641119,2.14641119,0.175729275,0.0,0.0,17.5754754,0.0408802314,0.0,-472.589068,0.453086448,337.563585,0.0,0.0
424.5,0.0,-474.566685,-0.01135167465,-0.01135167465,0.00056413837,0.00056413837,0.00133192621,0.00133192621,338.976171,37.920036,37.920036,1.34606656,1.34606656,2.15140153,2.15140153,0.175709572,0.0,0.0,17.6490225,0.0408389708,0.0,-474.566685,0.454982475,338.976171,0.0,0.0
425.0,0.0,-476.542305,-0.0113401696,-0.0113401696,0.000565912731,0.000565912731,0.00133309858,0.00133309858,340.387328,37.920036,37.920036,1.35167023,1.35167023,2.15636831,2.15636831,0.175689821,0.0,0.0,17.7224959,0.0407975791,0.0,-476.542305,0.456876589,340.387328,0.0,0.0
425.5,0.0,-478.515918,-0.0113286281,-0.0113286281,0.000567678152,0.000567678152,0.00133424766,0.00133424766,341.797049,37.920036,37.920036,1.3572682,1.3572682,2.16131176,2.16131176,0.175670021,0.0,0.0,17.7958938,0.0407560588,0.0,-478.515918,0.458768772,341.797049,0.0,0.0
426.0,0.0,-480.487525,-0.0113170511,-0.0113170511,0.000569434595,0.000569434595,0.00133537368,0.00133537368,343.205337,37.920036,37.920036,1.36286051,1.36286051,2.16623205,2.16623205,0.17565018,0.0,0.0,17.8692174,0.0407144085,0.0,-480.487525,0.460659029,343.205337,0.0,0.0
426.5,0.0,-482.457102,-0.0113054382,-0.0113054382,0.000571182082,0.000571182082,0.00133647669,0.00133647669,344.612183,37.920036,37.920036,1.368447,1.368447,2.1711293,2.1711293,0.175630285,0.0,0.0,17.9424657,0.0406726299,0.0,-482.457102,0.462547354,344.612183,0.0,0.0
427.0,0.0,-484.424657,-0.0112937896,-0.0112937896,0.000572920569,0.000572920569,0.00133755689,0.00133755689,346.017578,37.920036,37.920036,1.37402784,1.37402784,2.17600367,2.17600367,0.175610348,0.0,0.0,18.0156385,0.0406307244,0.0,-484.424657,0.464433738,346.017578,0.0,0.0
427.5,0.0,-486.39019,-0.0112821063,-0.0112821063,0.000574650056,0.000574650056,0.00133861436,0.00133861436,347.421526,37.920036,37.920036,1.37960286,1.37960286,2.18085521,2.18085521,0.175590364,0.0,0.0,18.0887364,0.0405886906,0.0,-486.39019,0.466318167,347.421526,0.0,0.0
428.0,0.0,-488.353672,-0.0112703875,-0.0112703875,0.000576370539,0.000576370539,0.00133964931,0.00133964931,348.824019,37.920036,37.920036,1.38517212,1.38517212,2.18568415,2.18568415,0.175570334,0.0,0.0,18.1617574,0.0405465324,0.0,-488.353672,0.468200652,348.824019,0.0,0.0
428.5,0.0,-490.315114,-0.01125863405,-0.01125863405,0.000578082002,0.000578082002,0.00134066183,0.00134066183,350.225053,37.920036,37.920036,1.39073558,1.39073558,2.19049062,2.19049062,0.175550255,0.0,0.0,18.2347035,0.040504247,0.0,-490.315114,0.470081177,350.225053,0.0,0.0
429.0,0.0,-492.274509,-0.0112468455,-0.0112468455,0.000579784432,0.000579784432,0.00134165209,0.00134165209,351.624614,37.920036,37.920036,1.39629324,1.39629324,2.19527463,2.19527463,0.175530134,0.0,0.0,18.3075723,0.0404618366,0.0,-492.274509,0.471959723,351.624614,0.0,0.0
429.5,0.0,-494.231849,-0.01123502255,-0.01123502255,0.000581477818,0.000581477818,0.00134262018,0.00134262018,353.022713,37.920036,37.920036,1.40184503,1.40184503,2.20003651,2.20003651,0.175509965,0.0,0.0,18.3803659,0.040419302,0.0,-494.231849,0.473836312,353.022713,0.0,0.0
430.0,0.0,-496.187122,-0.01122316525,-0.01122316525,0.00058316214,0.00058316214,0.00134356627,0.00134356627,354.419342,37.920036,37.920036,1.40739104,1.40739104,2.20477622,2.20477622,0.175489751,0.0,0.0,18.4530819,0.0403766445,0.0,-496.187122,0.475710915,354.419342,0.0,0.0
430.5,0.0,-498.140336,-0.0112112736,-0.0112112736,0.000584837397,0.000584837397,0.00134449051,0.00134449051,355.814498,37.920036,37.920036,1.41293116,1.41293116,2.209494,2.209494,0.175469494,0.0,0.0,18.5257213,0.0403338626,0.0,-498.140336,0.477583545,355.814498,0.0,0.0
431.0,0.0,-500.09147,-0.01119934825,-0.01119934825,0.000586503582,0.000586503582,0.00134539301,0.00134539301,357.208162,37.920036,37.920036,1.41846534,1.41846534,2.21418995,2.21418995,0.175449187,0.0,0.0,18.5982837,0.0402909597,0.0,-500.09147,0.479454187,357.208162,0.0,0.0
431.5,0.0,-502.040529,-0.01118738875,-0.01118738875,0.000588160656,0.000588160656,0.00134627388,0.00134627388,358.600338,37.920036,37.920036,1.42399368,1.42399368,2.21886414,2.21886414,0.175428839,0.0,0.0,18.6707686,0.0402479342,0.0,-502.040529,0.481322833,358.600338,0.0,0.0
432.0,0.0,-503.9875,-0.01117539555,-0.01117539555,0.00058980864,0.00058980864,0.00134713329,0.00134713329,359.991038,37.920036,37.920036,1.42951608,1.42951608,2.22351684,2.22351684,0.175408445,0.0,0.0,18.7431762,0.040204787,0.0,-503.9875,0.483189474,359.991038,0.0,0.0
432.5,0.0,-505.93238,-0.01116336905,-0.01116336905,0.000591447532,0.000591447532,0.00134797141,0.00134797141,361.380239,37.920036,37.920036,1.43503258,1.43503258,2.22814803,2.22814803,0.17538801,0.0,0.0,18.8155057,0.0401615214,0.0,-505.93238,0.485054127,361.380239,0.0,0.0
433.0,0.0,-507.875158,-0.01115130935,-0.01115130935,0.000593077307,0.000593077307,0.00134878824,0.00134878824,362.767932,37.920036,37.920036,1.4405431,1.4405431,2.23275785,2.23275785,0.175367528,0.0,0.0,18.8877573,0.0401181348,0.0,-507.875158,0.486916751,362.767932,0.0,0.0
433.5,0.0,-509.815837,-0.0111392162,-0.0111392162,0.00059469793,0.00059469793,0.00134958403,0.00134958403,364.154141,37.920036,37.920036,1.44604767,1.44604767,2.2373465,2.2373465,0.175346999,0.0,0.0,18.9599307,0.0400746289,0.0,-509.815837,0.488777372,364.154141,0.0,0.0
434.0,0.0,-511.754413,-0.0111270904,-0.0111270904,0.000596309452,0.000596309452,0.00135035889,0.00135035889,365.538834,37.920036,37.920036,1.45154626,1.45154626,2.24191413,2.24191413,0.17532643,0.0,0.0,19.0320256,0.0400310047,0.0,-511.754413,0.49063596,365.538834,0.0,0.0
434.5,0.0,-513.690861,-0.01111493195,-0.01111493195,0.000597911813,0.000597911813,0.00135111288,0.00135111288,366.922016,37.920036,37.920036,1.45703882,1.45703882,2.24646074,2.24646074,0.17530582,0.0,0.0,19.1040422,0.0399872629,0.0,-513.690861,0.492492524,366.922016,0.0,0.0
435.0,0.0,-515.625208,-0.01110274115,-0.01110274115,0.000599505009,0.000599505009,0.00135184616,0.00135184616,368.303692,37.920036,37.920036,1.46252544,1.46252544,2.25098653,2.25098653,0.17528516,0.0,0.0,19.1759797,0.039943404,0.0,-515.625208,0.494347061,368.303692,0.0,0.0
435.5,0.0,-517.557424,-0.0110905174,-0.0110905174,0.000601089058,0.000601089058,0.00135255888,0.00135255888,369.683835,37.920036,37.920036,1.46800599,1.46800599,2.25549163,2.25549163,0.175264463,0.0,0.0,19.2478383,0.0398994301,0.0,-517.557424,0.496199565,369.683835,0.0,0.0
436.0,0.0,-519.487494,-0.011078262,-0.011078262,0.000602663933,0.000602663933,0.00135325118,0.00135325118,371.062459,37.920036,37.920036,1.47348048,1.47348048,2.25997615,2.25997615,0.175243718,0.0,0.0,19.3196175,0.0398553379,0.0,-519.487494,0.498050018,371.062459,0.0,0.0
436.5,0.0,-521.415439,-0.0110659743,-0.0110659743,0.000604229632,0.000604229632,0.00135392312,0.00135392312,372.439569,37.920036,37.920036,1.47894892,1.47894892,2.26444021,2.26444021,0.175222935,0.0,0.0,19.3913175,0.0398111326,0.0,-521.415439,0.499898427,372.439569,0.0,0.0
437.0,0.0,-523.341248,-0.0110536552,-0.0110536552,0.000605786141,0.000605786141,0.0013545749,0.0013545749,373.815141,37.920036,37.920036,1.48441129,1.48441129,2.26888393,2.26888393,0.175202103,0.0,0.0,19.4629376,0.0397668117,0.0,-523.341248,0.501744785,373.815141,0.0,0.0
437.5,0.0,-525.264902,-0.0110413041,-0.0110413041,0.000607333467,0.000607333467,0.00135520659,0.00135520659,375.189179,37.920036,37.920036,1.48986757,1.48986757,2.27330734,2.27330734,0.175181235,0.0,0.0,19.5344772,0.0397223781,0.0,-525.264902,0.503589074,375.189179,0.0,0.0
438.0,0.0,-527.186403,-0.0110289217,-0.0110289217,0.000608871598,0.000608871598,0.00135581833,0.00135581833,376.561679,37.920036,37.920036,1.49531773,1.49531773,2.2777107,2.2777107,0.175160323,0.0,0.0,19.6059373,0.0396778318,0.0,-527.186403,0.505431299,376.561679,0.0,0.0
438.5,0.0,-529.10573,-0.011016508,-0.011016508,0.000610400524,0.000610400524,0.00135641023,0.00135641023,377.932636,37.920036,37.920036,1.50076176,1.50076176,2.28209406,2.28209406,0.175139364,0.0,0.0,19.6773171,0.039633172,0.0,-529.10573,0.507271474,377.932636,0.0,0.0
439.0,0.0,-531.022917,-0.0110040636,-0.0110040636,0.000611920255,0.000611920255,0.00135698245,0.00135698245,379.30205,37.920036,37.920036,1.50619968,1.50619968,2.2864575,2.2864575,0.175118368,0.0,0.0,19.7486167,0.0395884015,0.0,-531.022917,0.509109546,379.30205,0.0,0.0
439.5,0.0,-532.937933,-0.01099158805,-0.01099158805,0.000613430747,0.000613430747,0.00135753507,0.00135753507,380.669913,37.920036,37.920036,1.51163143,1.51163143,2.29080121,2.29080121,0.175097331,0.0,0.0,19.8198353,0.0395435193,0.0,-532.937933,0.510945558,380.669913,0.0,0.0
440.0,0.0,-534.850769,-0.01097908195,-0.01097908195,0.000614932038,0.000614932038,0.00135806819,0.00135806819,382.036221,37.920036,37.920036,1.517057,1.517057,2.29512524,2.29512524,0.17507625,0.0,0.0,19.8909733,0.0394985273,0.0,-534.850769,0.51277948,382.036221,0.0,0.0
440.5,0.0,-536.761413,-0.01096654555,-0.01096654555,0.000616424082,0.000616424082,0.00135858201,0.00135858201,383.400969,37.920036,37.920036,1.52247638,1.52247638,2.2994297,2.2994297,0.175055128,0.0,0.0,19.9620297,0.039453425,0.0,-536.761413,0.514611301,383.400969,0.0,0.0
441.0,0.0,-538.669871,-0.0109539785,-0.0109539785,0.000617906892,0.000617906892,0.00135907656,0.00135907656,384.764158,37.920036,37.920036,1.5278896,1.5278896,2.3037148,2.3037148,0.175033968,0.0,0.0,20.0330053,0.0394082145,0.0,-538.669871,0.516441029,384.764158,0.0,0.0
441.5,0.0,-540.576153,-0.0109413814,-0.0109413814,0.00061938048,0.00061938048,0.00135955199,0.00135955199,386.125784,37.920036,37.920036,1.5332966,1.5332966,2.30798051,2.30798051,0.175012763,0.0,0.0,20.1038992,0.0393628953,0.0,-540.576153,0.518268684,386.125784,0.0,0.0
442.0,0.0,-542.480228,-0.01092875455,-0.01092875455,0.000620844819,0.000620844819,0.00136000845,0.00136000845,387.485841,37.920036,37.920036,1.53869734,1.53869734,2.31284381,2.31284381,0.174991515,0.0,0.0,20.1747118,0.0393174689,0.0,-542.480228,0.520094207,387.485841,0.0,0.0
442.5,0.0,-544.382104,-0.010916098,-0.010916098,0.000622299905,0.000622299905,0.00136044602,0.00136044602,388.844329,37.920036,37.920036,1.54409183,1.54409183,2.31902297,2.31902297,0.174970212,0.0,0.0,20.2454418,0.0392719347,0.0,-544.382104,0.521917628,388.844329,0.0,0.0
443.0,0.0,-546.281795,-0.0109034117,-0.0109034117,0.000623745753,0.000623745753,0.00136086482,0.00136086482,390.20123,37.920036,37.920036,1.5494801,1.5494801,2.32523015,2.32523015,0.174948855,0.0,0.0,20.3160899,0.0392262944,0.0,-546.281795,0.523738923,390.20123,0.0,0.0
443.5,0.0,-548.179256,-0.0108906962,-0.0108906962,0.000625182336,0.000625182336,0.00136126497,0.00136126497,391.556565,37.920036,37.920036,1.5548621,1.5548621,2.33142016,2.33142016,0.17492744,0.0,0.0,20.3866566,0.0391805495,0.0,-548.179256,0.525558109,391.556565,0.0,0.0
444.0,0.0,-550.074475,-0.01087795165,-0.01087795165,0.000626609662,0.000626609662,0.00136164658,0.00136164658,392.910311,37.920036,37.920036,1.56023778,1.56023778,2.3375929,2.3375929,0.174905958,0.0,0.0,20.45714,0.0391346999,0.0,-550.074475,0.52737516,392.910311,0.0,0.0
444.5,0.0,-551.967505,-0.0108651778,-0.0108651778,0.000628027741,0.000628027741,0.00136200979,0.00136200979,394.262464,37.920036,37.920036,1.56560715,1.56560715,2.34374848,2.34374848,0.174884421,0.0,0.0,20.5275414,0.0390887451,0.0,-551.967505,0.529190098,394.262464,0.0,0.0
445.0,0.0,-553.858305,-0.0108523754,-0.0108523754,0.000629436551,0.000629436551,0.00136235469,0.00136235469,395.613038,37.920036,37.920036,1.57097023,1.57097023,2.34988698,2.34988698,0.174862822,0.0,0.0,20.5978594,0.0390426869,0.0,-553.858305,0.531002907,395.613038,0.0,0.0
445.5,0.0,-555.746856,-0.01083954445,-0.01083954445,0.000630836093,0.000630836093,0.00136268137,0.00136268137,396.962004,37.920036,37.920036,1.57632698,1.57632698,2.35600831,2.35600831,0.174841171,0.0,0.0,20.668095,0.0389965255,0.0,-555.746856,0.532813545,396.962004,0.0,0.0
446.0,0.0,-557.633177,-0.0108266851,-0.0108266851,0.000632226355,0.000632226355,0.00136298994,0.00136298994,398.309386,37.920036,37.920036,1.58167736,1.58167736,2.36211269,2.36211269,0.174819454,0.0,0.0,20.7382466,0.038950262,0.0,-557.633177,0.53462206,398.309386,0.0,0.0
446.5,0.0,-559.517284,-0.01081379745,-0.01081379745,0.000633607343,0.000633607343,0.00136328059,0.00136328059,399.655167,37.920036,37.920036,1.58702143,1.58702143,2.36819995,2.36819995,0.174797682,0.0,0.0,20.8083155,0.0389038978,0.0,-559.517284,0.536428428,399.655167,0.0,0.0
447.0,0.0,-561.399117,-0.0108008819,-0.0108008819,0.000634979063,0.000634979063,0.00136355335,0.00136355335,400.99933,37.920036,37.920036,1.59235908,1.59235908,2.37427036,2.37427036,0.174775852,0.0,0.0,20.8783003,0.0388574316,0.0,-561.399117,0.538232636,400.99933,0.0,0.0
447.5,0.0,-563.278718,-0.0107879381,-0.0107879381,0.00063634152,0.00063634152,0.00136380835,0.00136380835,402.341899,37.920036,37.920036,1.59769038,1.59769038,2.38032381,2.38032381,0.174753965,0.0,0.0,20.9482017,0.0388108657,0.0,-563.278718,0.540034693,402.341899,0.0,0.0
448.0,0.0,-565.15604,-0.0107749671,-0.0107749671,0.000637694684,0.000637694684,0.0013640457,0.0013640457,403.682844,37.920036,37.920036,1.60301526,1.60301526,2.38636036,2.38636036,0.174732014,0.0,0.0,21.0180193,0.0387642011,0.0,-565.15604,0.541834574,403.682844,0.0,0.0
448.5,0.0,-567.031107,-0.0107619686,-0.0107619686,0.000639038585,0.000639038585,0.00136426552,0.00136426552,405.022179,37.920036,37.920036,1.60833375,1.60833375,2.39238008,2.39238008,0.174710008,0.0,0.0,21.0877528,0.0387174375,0.0,-567.031107,0.543632292,405.022179,0.0,0.0
449.0,0.0,-568.903904,-0.0107489426,-0.0107489426,0.000640373186,0.000640373186,0.00136446794,0.00136446794,406.359903,37.920036,37.920036,1.61364579,1.61364579,2.39838302,2.39838302,0.174687946,0.0,0.0,21.1574019,0.0386705752,0.0,-568.903904,0.545427854,406.359903,0.0,0.0
449.5,0.0,-570.774447,-0.0107358898,-0.0107358898,0.000641698527,0.000641698527,0.001364653,0.001364653,407.695995,37.920036,37.920036,1.61895137,1.61895137,2.40436922,2.40436922,0.174665826,0.0,0.0,21.2269669,0.0386236161,0.0,-570.774447,0.547221208,407.695995,0.0,0.0
450.0,0.0,-572.642714,-0.0107228098,-0.0107228098,0.000643014556,0.000643014556,0.00136482085,0.00136482085,409.030469,37.920036,37.920036,1.62425053,1.62425053,2.41033869,2.41033869,0.174643641,0.0,0.0,21.2964471,0.0385765598,0.0,-572.642714,0.549012404,409.030469,0.0,0.0
450.5,0.0,-574.508671,-0.01070970325,-0.01070970325,0.000644321326,0.000644321326,0.00136497162,0.00136497162,410.363305,37.920036,37.920036,1.62954323,1.62954323,2.41629153,2.41629153,0.174621413,0.0,0.0,21.3658418,0.0385294079,0.0,-574.508671,0.550801416,410.363305,0.0,0.0
451.0,0.0,-576.372385,-0.0106965703,-0.0106965703,0.000645618819,0.000645618819,0.00136510535,0.00136510535,411.694516,37.920036,37.920036,1.6348294,1.6348294,2.4222277,2.4222277,0.174599117,0.0,0.0,21.4351525,0.0384821592,0.0,-576.372385,0.552588232,411.694516,0.0,0.0
451.5,0.0,-578.233782,-0.01068341085,-0.01068341085,0.000646907034,0.000646907034,0.00136522222,0.00136522222,413.024099,37.920036,37.920036,1.64010915,1.64010915,2.42814732,2.42814732,0.174576768,0.0,0.0,21.5043777,0.038434818,0.0,-578.233782,0.554372842,413.024099,0.0,0.0
452.0,0.0,-580.092894,-0.01067022535,-0.01067022535,0.000648185956,0.000648185956,0.00136532225,0.00136532225,414.352031,37.920036,37.920036,1.64538235,1.64538235,2.43405039,2.43405039,0.174554363,0.0,0.0,21.5735181,0.0383873807,0.0,-580.092894,0.556155256,414.352031,0.0,0.0
452.5,0.0,-581.949708,-0.010657014,-0.010657014,0.000649455597,0.000649455597,0.00136540564,0.00136540564,415.678329,37.920036,37.920036,1.65064901,1.65064901,2.43993696,2.43993696,0.174531894,0.0,0.0,21.6425723,0.0383398511,0.0,-581.949708,0.557935477,415.678329,0.0,0.0
453.0,0.0,-583.804226,-0.01064377675,-0.01064377675,0.000650715957,0.000650715957,0.00136547239,0.00136547239,417.002977,37.920036,37.920036,1.65590918,1.65590918,2.44580712,2.44580712,0.174509378,0.0,0.0,21.7115407,0.0382922285,0.0,-583.804226,0.559713508,417.002977,0.0,0.0
453.5,0.0,-585.656423,-0.01063051375,-0.01063051375,0.000651967054,0.000651967054,0.00136552269,0.00136552269,418.325979,37.920036,37.920036,1.66116281,1.66116281,2.45166074,2.45166074,0.1744868,0.0,0.0,21.7804238,0.0382445141,0.0,-585.656423,0.561489305,418.325979,0.0,0.0
454.0,0.0,-587.506299,-0.01061722545,-0.01061722545,0.000653208865,0.000653208865,0.00136555661,0.00136555661,419.647323,37.920036,37.920036,1.66640985,1.66640985,2.45749809,2.45749809,0.174464166,0.0,0.0,21.8492213,0.0381967084,0.0,-587.506299,0.563262894,419.647323,0.0,0.0
454.5,0.0,-589.353888,-0.01060391235,-0.01060391235,0.000654441407,0.000654441407,0.00136557428,0.00136557428,420.967032,37.920036,37.920036,1.67165033,1.67165033,2.46331908,2.46331908,0.174441478,0.0,0.0,21.9179319,0.0381488118,0.0,-589.353888,0.565034244,420.967032,0.0,0.0
455.0,0.0,-591.199149,-0.010590574,-0.010590574,0.000655664648,0.000655664648,0.00136557572,0.00136557572,422.285064,37.920036,37.920036,1.67688426,1.67688426,2.46912378,2.46912378,0.174418732,0.0,0.0,21.9865566,0.0381008255,0.0,-591.199149,0.56680338,422.285064,0.0,0.0
455.5,0.0,-593.042078,-0.01057721075,-0.01057721075,0.000656878644,0.000656878644,0.00136556113,0.00136556113,423.601447,37.920036,37.920036,1.68211157,1.68211157,2.47491224,2.47491224,0.174395933,0.0,0.0,22.0550948,0.0380527502,0.0,-593.042078,0.568570301,423.601447,0.0,0.0
456.0,0.0,-594.882668,-0.010563823,-0.010563823,0.000658083361,0.000658083361,0.00136553054,0.00136553054,424.916156,37.920036,37.920036,1.68733227,1.68733227,2.48068439,2.48068439,0.174373077,0.0,0.0,22.1235464,0.0380045861,0.0,-594.882668,0.570334971,424.916156,0.0,0.0
456.5,0.0,-596.720948,-0.0105504108,-0.0105504108,0.000659278809,0.000659278809,0.00136548408,0.00136548408,426.229212,37.920036,37.920036,1.69254634,1.69254634,2.48644049,2.48644049,0.174350165,0.0,0.0,22.1919108,0.0379563343,0.0,-596.720948,0.572097428,426.229212,0.0,0.0
457.0,0.0,-598.556875,-0.01053697415,-0.01053697415,0.00066046502,0.00066046502,0.00136542181,0.00136542181,427.540585,37.920036,37.920036,1.69775383,1.69775383,2.49218039,2.49218039,0.174327195,0.0,0.0,22.2601889,0.0379079947,0.0,-598.556875,0.573857612,427.540585,0.0,0.0
457.5,0.0,-600.390468,-0.01052351375,-0.01052351375,0.000661641973,0.000661641973,0.00136534387,0.00136534387,428.850288,37.920036,37.920036,1.70295458,1.70295458,2.49790425,2.49790425,0.174304173,0.0,0.0,22.3283799,0.0378595685,0.0,-600.390468,0.575615571,428.850288,0.0,0.0
458.0,0.0,-602.221703,-0.0105100291,-0.0105100291,0.000662809632,0.000662809632,0.00136525036,0.00136525036,430.158323,37.920036,37.920036,1.70814879,1.70814879,2.50361202,2.50361202,0.174281093,0.0,0.0,22.3964828,0.0378110573,0.0,-602.221703,0.577371272,430.158323,0.0,0.0
458.5,0.0,-604.050589,-0.01049652115,-0.01049652115,0.000663968056,0.000663968056,0.00136514142,0.00136514142,431.464679,37.920036,37.920036,1.71333627,1.71333627,2.50930381,2.50930381,0.174257962,0.0,0.0,22.4644988,0.0377624595,0.0,-604.050589,0.579124726,431.464679,0.0,0.0
459.0,0.0,-605.877139,-0.0104829896,-0.0104829896,0.000665117227,0.000665117227,0.00136501705,0.00136501705,432.769351,37.920036,37.920036,1.7185171,1.7185171,2.51497961,2.51497961,0.174234772,0.0,0.0,22.5324279,0.0377137783,0.0,-605.877139,0.580875933,432.769351,0.0,0.0
459.5,0.0,-607.701323,-0.0104694348,-0.0104694348,0.000666257148,0.000666257148,0.0013648774,0.0013648774,434.072338,37.920036,37.920036,1.72369119,1.72369119,2.52063947,2.52063947,0.174211528,0.0,0.0,22.6002687,0.0376650137,0.0,-607.701323,0.58262487,434.072338,0.0,0.0
460.0,0.0,-609.523143,-0.01045585665,-0.01045585665,0.000667387852,0.000667387852,0.00136472251,0.00136472251,435.373635,37.920036,37.920036,1.72885865,1.72885865,2.5262835,2.5262835,0.174188231,0.0,0.0,22.6680214,0.0376161653,0.0,-609.523143,0.584371541,435.373635,0.0,0.0
460.5,0.0,-611.342602,-0.0104422556,-0.0104422556,0.000668509302,0.000668509302,0.0013645526,0.0013645526,436.673241,37.920036,37.920036,1.73401937,1.73401937,2.53191158,2.53191158,0.174164881,0.0,0.0,22.7356864,0.0375672334,0.0,-611.342602,0.586115933,436.673241,0.0,0.0
461.0,0.0,-613.159677,-0.0104286319,-0.0104286319,0.00066962153,0.00066962153,0.00136436764,0.00136436764,437.971159,37.920036,37.920036,1.73917332,1.73917332,2.53752394,2.53752394,0.174141472,0.0,0.0,22.8032638,0.0375182212,0.0,-613.159677,0.587858064,437.971159,0.0,0.0
461.5,0.0,-614.974379,-0.0104149856,-0.0104149856,0.000670724528,0.000670724528,0.00136416778,0.00136416778,439.267376,37.920036,37.920036,1.74432062,1.74432062,2.54312054,2.54312054,0.174118011,0.0,0.0,22.8707518,0.0374691278,0.0,-614.974379,0.589597925,439.267376,0.0,0.0
462.0,0.0,-616.786716,-0.0104013173,-0.0104013173,0.000671818294,0.000671818294,0.00136395312,0.00136395312,440.561899,37.920036,37.920036,1.74946112,1.74946112,2.54870139,2.54870139,0.174094499,0.0,0.0,22.9381519,0.0374199535,0.0,-616.786716,0.5913355,440.561899,0.0,0.0
462.5,0.0,-618.596675,-0.0103876263,-0.0103876263,0.000672902846,0.000672902846,0.0013637237,0.0013637237,441.854719,37.920036,37.920036,1.75459488,1.75459488,2.55426655,2.55426655,0.174070929,0.0,0.0,23.0054635,0.0373706992,0.0,-618.596675,0.593070805,441.854719,0.0,0.0
463.0,0.0,-620.404216,-0.01037391345,-0.01037391345,0.000673978203,0.000673978203,0.00136347971,0.00136347971,443.145829,37.920036,37.920036,1.7597219,1.7597219,2.55981599,2.55981599,0.174047303,0.0,0.0,23.0726862,0.0373213651,0.0,-620.404216,0.594803787,443.145829,0.0,0.0
463.5,0.0,-622.209386,-0.01036017875,-0.01036017875,0.000675044346,0.000675044346,0.00136322118,0.00136322118,444.435241,37.920036,37.920036,1.76484209,1.76484209,2.56534998,2.56534998,0.174023632,0.0,0.0,23.1398204,0.0372719535,0.0,-622.209386,0.596534504,444.435241,0.0,0.0
464.0,0.0,-624.012181,-0.0103464229,-0.0103464229,0.000676101287,0.000676101287,0.00136294819,0.00136294819,445.722942,37.920036,37.920036,1.76995553,1.76995553,2.57086824,2.57086824,0.173999896,0.0,0.0,23.2068655,0.0372224645,0.0,-624.012181,0.598262928,445.722942,0.0,0.0
464.5,0.0,-625.81256,-0.01033264515,-0.01033264515,0.000677149033,0.000677149033,0.00136266088,0.00136266088,447.008923,37.920036,37.920036,1.77506213,1.77506213,2.57637111,2.57637111,0.173976116,0.0,0.0,23.2738209,0.0371728979,0.0,-625.81256,0.59998904,447.008923,0.0,0.0
465.0,0.0,-627.610536,-0.01031884625,-0.01031884625,0.000678187598,0.000678187598,0.00136235929,0.00136235929,448.293198,37.920036,37.920036,1.78016195,1.78016195,2.58185843,2.58185843,0.173952278,0.0,0.0,23.3406874,0.0371232546,0.0,-627.610536,0.601712871,448.293198,0.0,0.0
465.5,0.0,-629.4061,-0.01030502655,-0.01030502655,0.000679216999,0.000679216999,0.00136204351,0.00136204351,449.575756,37.920036,37.920036,1.78525494,1.78525494,2.58733027,2.58733027,0.173928387,0.0,0.0,23.4074645,0.0370735367,0.0,-629.4061,0.603434381,449.575756,0.0,0.0
466.0,0.0,-631.199278,-0.0102911856,-0.0102911856,0.000680237206,0.000680237206,0.00136171368,0.00136171368,450.856588,37.920036,37.920036,1.79034111,1.79034111,2.59278676,2.59278676,0.173904448,0.0,0.0,23.4741521,0.0370237421,0.0,-631.199278,0.605153585,450.856588,0.0,0.0
466.5,0.0,-632.990032,-0.010277324,-0.010277324,0.000681248258,0.000681248258,0.00136136988,0.00136136988,452.135701,37.920036,37.920036,1.79542043,1.79542043,2.59822781,2.59822781,0.173880451,0.0,0.0,23.5407497,0.036973874,0.0,-632.990032,0.606870472,452.135701,0.0,0.0
467.0,0.0,-634.778371,-0.010263442,-0.010263442,0.000682250136,0.000682250136,0.0013610122,0.0013610122,453.413088,37.920036,37.920036,1.80049291,1.80049291,2.6036536,2.6036536,0.173856405,0.0,0.0,23.6072582,0.0369239331,0.0,-634.778371,0.608585061,453.413088,0.0,0.0
467.5,0.0,-636.564302,-0.0102495398,-0.0102495398,0.000683242907,0.000683242907,0.0013606407,0.0013606407,454.688745,37.920036,37.920036,1.80555849,1.80555849,2.60906405,2.60906405,0.173832304,0.0,0.0,23.673676,0.0368739174,0.0,-636.564302,0.61029732,454.688745,0.0,0.0
468.0,0.0,-638.347789,-0.0102356173,-0.0102356173,0.000684226492,0.000684226492,0.00136025548,0.00136025548,455.962665,37.920036,37.920036,1.81061726,1.81061726,2.61445925,2.61445925,0.173808149,0.0,0.0,23.7400034,0.0368238297,0.0,-638.347789,0.612007249,455.962665,0.0,0.0
468.5,0.0,-640.128871,-0.01022167505,-0.01022167505,0.000685200958,0.000685200958,0.00135985662,0.00135985662,457.234863,37.920036,37.920036,1.81566909,1.81566909,2.61983925,2.61983925,0.173783946,0.0,0.0,23.8062416,0.0367736705,0.0,-640.128871,0.613714873,457.234863,0.0,0.0
469.0,0.0,-641.907505,-0.0102077128,-0.0102077128,0.000686166306,0.000686166306,0.00135944425,0.00135944425,458.505332,37.920036,37.920036,1.82071404,1.82071404,2.62520407,2.62520407,0.173759688,0.0,0.0,23.8723889,0.0367234399,0.0,-641.907505,0.615420159,458.505332,0.0,0.0
469.5,0.0,-643.683731,-0.0101937314,-0.0101937314,0.000687122547,0.000687122547,0.00135901836,0.00135901836,459.774046,37.920036,37.920036,1.82575212,1.82575212,2.63055379,2.63055379,0.173735379,0.0,0.0,23.9384457,0.0366731394,0.0,-643.683731,0.617123104,459.774046,0.0,0.0
470.0,0.0,-645.457488,-0.0101797301,-0.0101797301,0.000688069654,0.000688069654,0.00135880532,0.00135880532,461.04103,37.920036,37.920036,1.8307833,1.8307833,2.63588844,2.63588844,0.173711017,0.0,0.0,24.0044121,0.036622769,0.0,-645.457488,0.618823705,461.04103,0.0,0.0
470.5,0.0,-647.228835,-0.01016571005,-0.01016571005,0.000689007689,0.000689007689,0.00135931362,0.00135931362,462.306269,37.920036,37.920036,1.83580751,1.83580751,2.64120795,2.64120795,0.173686606,0.0,0.0,24.0702876,0.03657233,0.0,-647.228835,0.620521987,462.306269,0.0,0.0
471.0,0.0,-648.997721,-0.0101516711,-0.0101516711,0.000689936606,0.000689936606,0.00135986072,0.00135986072,463.569765,37.920036,37.920036,1.84082481,1.84082481,2.6465124,2.6465124,0.173662137,0.0,0.0,24.1360722,0.036521822,0.0,-648.997721,0.622217919,463.569765,0.0,0.0
471.5,0.0,-650.764172,-0.01013761285,-0.01013761285,0.000690856449,0.000690856449,0.00136039063,0.00136039063,464.831507,37.920036,37.920036,1.8458352,1.8458352,2.65180196,2.65180196,0.173637622,0.0,0.0,24.2017657,0.0364712474,0.0,-650.764172,0.623911503,464.831507,0.0,0.0
472.0,0.0,-652.528174,-0.0101235362,-0.0101235362,0.000691767239,0.000691767239,0.00136090353,0.00136090353,466.09151,37.920036,37.920036,1.85083861,1.85083861,2.65707656,2.65707656,0.173613053,0.0,0.0,24.2673683,0.0364206048,0.0,-652.528174,0.625602758,466.09151,0.0,0.0
472.5,0.0,-654.289709,-0.0101094408,-0.0101094408,0.00069266895,0.00069266895,0.00136139938,0.00136139938,467.349758,37.920036,37.920036,1.85583509,1.85583509,2.66233632,2.66233632,0.173588438,0.0,0.0,24.3328799,0.0363698958,0.0,-654.289709,0.627291646,467.349758,0.0,0.0
473.0,0.0,-656.048802,-0.0100953278,-0.0100953278,0.000693561623,0.000693561623,0.00136187833,0.00136187833,468.606252,37.920036,37.920036,1.86082461,1.86082461,2.66758108,2.66758108,0.173563767,0.0,0.0,24.3983002,0.0363191215,0.0,-656.048802,0.628978166,468.606252,0.0,0.0
473.5,0.0,-657.805434,-0.01008119615,-0.01008119615,0.000694445225,0.000694445225,0.00136234042,0.00136234042,469.86098,37.920036,37.920036,1.8658071,1.8658071,2.67281104,2.67281104,0.173539041,0.0,0.0,24.4636282,0.0362682822,0.0,-657.805434,0.630662349,469.86098,0.0,0.0
474.0,0.0,-659.559604,-0.01006704685,-0.01006704685,0.000695319821,0.000695319821,0.00136278573,0.00136278573,471.113956,37.920036,37.920036,1.87078264,1.87078264,2.67802631,2.67802631,0.173514274,0.0,0.0,24.5288658,0.0362173773,0.0,-659.559604,0.632344166,471.113956,0.0,0.0
474.5,0.0,-661.3113,-0.0100528798,-0.0100528798,0.000696185393,0.000696185393,0.00136321435,0.00136321435,472.365169,37.920036,37.920036,1.87575119,1.87575119,2.68322672,2.68322672,0.173489452,0.0,0.0,24.5940113,0.0361664103,0.0,-661.3113,0.634023624,472.365169,0.0,0.0
475.0,0.0,-663.060527,-0.0100386949,-0.0100386949,0.000697041969,0.000697041969,0.00136362632,0.00136362632,473.614625,37.920036,37.920036,1.88071273,1.88071273,2.68841248,2.68841248,0.173464581,0.0,0.0,24.6590649,0.036115379,0.0,-663.060527,0.635700704,473.614625,0.0,0.0
475.5,0.0,-664.807285,-0.0100244931,-0.0100244931,0.000697889517,0.000697889517,0.00136402168,0.00136402168,474.862313,37.920036,37.920036,1.88566724,1.88566724,2.6935835,2.6935835,0.173439654,0.0,0.0,24.7240258,0.0360642857,0.0,-664.807285,0.637375429,474.862313,0.0,0.0
476.0,0.0,-666.551577,-0.0100102738,-0.0100102738,0.000698728084,0.000698728084,0.00136440062,0.00136440062,476.108231,37.920036,37.920036,1.89061479,1.89061479,2.69873994,2.69873994,0.173414682,0.0,0.0,24.7888959,0.0360131307,0.0,-666.551577,0.639047772,476.108231,0.0,0.0
476.5,0.0,-668.293396,-0.00999603765,-0.00999603765,0.000699557683,0.000699557683,0.00136476309,0.00136476309,477.352373,37.920036,37.920036,1.89555528,1.89555528,2.70388176,2.70388176,0.173389656,0.0,0.0,24.8536736,0.0359619146,0.0,-668.293396,0.640717756,477.352373,0.0,0.0
477.0,0.0,-670.03271,-0.00998178475,-0.00998178475,0.000700378315,0.000700378315,0.00136510923,0.00136510923,478.594755,37.920036,37.920036,1.90048868,1.90048868,2.70900898,2.70900898,0.173364582,0.0,0.0,24.9183584,0.0359106378,0.0,-670.03271,0.642385342,478.594755,0.0,0.0
477.5,0.0,-671.769558,-0.0099675152,-0.0099675152,0.000701190001,0.000701190001,0.00136543908,0.00136543908,479.835358,37.920036,37.920036,1.90541513,1.90541513,2.71412175,2.71412175,0.173339461,0.0,0.0,24.9829512,0.0358593017,0.0,-671.769558,0.644050558,479.835358,0.0,0.0
478.0,0.0,-673.503936,-0.00995322935,-0.00995322935,0.000701992738,0.000701992738,0.0013657527,0.0013657527,481.074185,37.920036,37.920036,1.91033449,1.91033449,2.71922,2.71922,0.17331429,0.0,0.0,25.0474518,0.0358079063,0.0,-673.503936,0.645713379,481.074185,0.0,0.0
478.5,0.0,-675.235786,-0.009938927,-0.009938927,0.000702786546,0.000702786546,0.00136605019,0.00136605019,482.311234,37.920036,37.920036,1.9152468,1.9152468,2.7243038,2.7243038,0.173289067,0.0,0.0,25.1118596,0.0357564523,0.0,-675.235786,0.647373823,482.311234,0.0,0.0
479.0,0.0,-676.965174,-0.00992460865,-0.00992460865,0.000703571441,0.000703571441,0.00136633165,0.00136633165,483.546515,37.920036,37.920036,1.92015203,1.92015203,2.72937322,2.72937322,0.173263792,0.0,0.0,25.1761754,0.0357049404,0.0,-676.965174,0.649031886,483.546515,0.0,0.0
479.5,0.0,-678.692058,-0.00991027445,-0.00991027445,0.000704347419,0.000704347419,0.00136659707,0.00136659707,484.779994,37.920036,37.920036,1.9250502,1.9250502,2.73442822,2.73442822,0.173238469,0.0,0.0,25.2403975,0.0356533708,0.0,-678.692058,0.650687554,484.779994,0.0,0.0
480.0,0.0,-680.416433,-0.0098959244,-0.0098959244,0.000705114518,0.000705114518,0.00136684658,0.00136684658,486.011699,37.920036,37.920036,1.92994124,1.92994124,2.73946887,2.73946887,0.1732131,0.0,0.0,25.304527,0.0356017461,0.0,-680.416433,0.652340809,486.011699,0.0,0.0
480.5,0.0,-682.138337,-0.0098815593,-0.0098815593,0.000705872735,0.000705872735,0.00136708021,0.00136708021,487.241623,37.920036,37.920036,1.93482523,1.93482523,2.74449526,2.74449526,0.17318768,0.0,0.0,25.3685636,0.0355500642,0.0,-682.138337,0.653991687,487.241623,0.0,0.0
481.0,0.0,-683.857708,-0.00986717825,-0.00986717825,0.000706622088,0.000706622088,0.00136729811,0.00136729811,488.469755,37.920036,37.920036,1.9397021,1.9397021,2.74950741,2.74950741,0.173162209,0.0,0.0,25.432507,0.0354983284,0.0,-683.857708,0.655640163,488.469755,0.0,0.0
481.5,0.0,-685.574589,-0.00985278225,-0.00985278225,0.00070736259,0.00070736259,0.00136750027,0.00136750027,489.696095,37.920036,37.920036,1.94457189,1.94457189,2.75450527,2.75450527,0.173136692,0.0,0.0,25.4963575,0.0354465364,0.0,-685.574589,0.657286239,489.696095,0.0,0.0
482.0,0.0,-687.288957,-0.0098383713,-0.0098383713,0.000708094254,0.000708094254,0.00136768678,0.00136768678,490.920646,37.920036,37.920036,1.94943455,1.94943455,2.75948897,2.75948897,0.173111123,0.0,0.0,25.5601139,0.0353946909,0.0,-687.288957,0.658929905,490.920646,0.0,0.0
482.5,0.0,-689.000816,-0.00982394545,-0.00982394545,0.000708817105,0.000708817105,0.00136785772,0.00136785772,492.143397,37.920036,37.920036,1.95429008,1.95429008,2.76445852,2.76445852,0.173085509,0.0,0.0,25.6237782,0.0353427927,0.0,-689.000816,0.660571167,492.143397,0.0,0.0
483.0,0.0,-690.71016,-0.00980950495,-0.00980950495,0.000709531097,0.000709531097,0.00136801317,0.00136801317,493.364366,37.920036,37.920036,1.95913848,1.95913848,2.76941396,2.76941396,0.173059847,0.0,0.0,25.6873483,0.0352908424,0.0,-690.71016,0.662210006,493.364366,0.0,0.0
483.5,0.0,-692.417005,-0.00979505005,-0.00979505005,0.000710236318,0.000710236318,0.0013681532,0.0013681532,494.583532,37.920036,37.920036,1.9639798,1.9639798,2.77435531,2.77435531,0.173034132,0.0,0.0,25.7508251,0.0352388393,0.0,-692.417005,0.663846443,494.583532,0.0,0.0
484.0,0.0,-694.121303,-0.0097805813,-0.0097805813,0.000710932769,0.000710932769,0.00136827785,0.00136827785,495.8009,37.920036,37.920036,1.9688139,1.9688139,2.77928259,2.77928259,0.173008374,0.0,0.0,25.8142078,0.035186785,0.0,-694.121303,0.665480479,495.8009,0.0,0.0
484.5,0.0,-695.823099,-0.00976609795,-0.00976609795,0.000711620429,0.000711620429,0.00136838726,0.00136838726,497.016464,37.920036,37.920036,1.97364088,1.97364088,2.78419589,2.78419589,0.172982561,0.0,0.0,25.8774967,0.0351346799,0.0,-695.823099,0.667112078,497.016464,0.0,0.0
485.0,0.0,-697.522372,-0.0097516011,-0.0097516011,0.000712299353,0.000712299353,0.00136848139,0.00136848139,498.230225,37.920036,37.920036,1.97846073,1.97846073,2.78909527,2.78909527,0.172956705,0.0,0.0,25.9406922,0.035082525,0.0,-697.522372,0.668741264,498.230225,0.0,0.0
485.5,0.0,-699.219123,-0.00973709025,-0.00973709025,0.000712969525,0.000712969525,0.00136856039,0.00136856039,499.442186,37.920036,37.920036,1.98327338,1.98327338,2.79398064,2.79398064,0.172930803,0.0,0.0,26.0037941,0.0350303203,0.0,-699.219123,0.670368037,499.442186,0.0,0.0
486.0,0.0,-700.913337,-0.00972256555,-0.00972256555,0.000713630978,0.000713630978,0.00136862434,0.00136862434,500.652333,37.920036,37.920036,1.98807888,1.98807888,2.79885217,2.79885217,0.172904849,0.0,0.0,26.0668016,0.0349780676,0.0,-700.913337,0.67199239,500.652333,0.0,0.0
486.5,0.0,-702.605007,-0.00970802765,-0.00970802765,0.00071428371,0.00071428371,0.00136867326,0.00136867326,501.86069,37.920036,37.920036,1.99287719,1.99287719,2.80370978,2.80370978,0.172878849,0.0,0.0,26.1297146,0.0349257662,0.0,-702.605007,0.673614301,501.86069,0.0,0.0
487.0,0.0,-704.294188,-0.0096934768,-0.0096934768,0.000714927757,0.000714927757,0.00136870723,0.00136870723,503.067224,37.920036,37.920036,1.99766833,1.99766833,2.80855362,2.80855362,0.172852805,0.0,0.0,26.1925341,0.0348734166,0.0,-704.294188,0.675233788,503.067224,0.0,0.0
487.5,0.0,-705.980792,-0.00967891275,-0.00967891275,0.000715563112,0.000715563112,0.00136872638,0.00136872638,504.271954,37.920036,37.920036,2.00245224,2.00245224,2.81338368,2.81338368,0.172826706,0.0,0.0,26.2552593,0.0348210217,0.0,-705.980792,0.676850859,504.271954,0.0,0.0
488.0,0.0,-707.664877,-0.0096643357,-0.0096643357,0.000716189821,0.000716189821,0.00136873071,0.00136873071,505.474867,37.920036,37.920036,2.00722906,2.00722906,2.81819995,2.81819995,0.172800565,0.0,0.0,26.3178892,0.0347685791,0.0,-707.664877,0.678465482,505.474867,0.0,0.0
488.5,0.0,-709.346404,-0.0096497462,-0.0096497462,0.000716807861,0.000716807861,0.00136872033,0.00136872033,506.675969,37.920036,37.920036,2.01199851,2.01199851,2.82300254,2.82300254,0.172774375,0.0,0.0,26.3804259,0.0347160919,0.0,-709.346404,0.680077686,506.675969,0.0,0.0
489.0,0.0,-711.025412,-0.0096351443,-0.0096351443,0.000717417288,0.000717417288,0.00136869527,0.00136869527,507.875254,37.920036,37.920036,2.01676094,2.01676094,2.82779142,2.82779142,0.172748139,0.0,0.0,26.4428673,0.034663559,0.0,-711.025412,0.681687438,507.875254,0.0,0.0
489.5,0.0,-712.701874,-0.00962053,-0.00962053,0.000718018072,0.000718018072,0.00136865566,0.00136865566,509.072724,37.920036,37.920036,2.02151601,2.02151601,2.8325666,2.8325666,0.172721857,0.0,0.0,26.5052147,0.0346109821,0.0,-712.701874,0.68329477,509.072724,0.0,0.0
490.0,0.0,-714.37578,-0.00960590335,-0.00960590335,0.000718610289,0.000718610289,0.00136860147,0.00136860147,510.268373,37.920036,37.920036,2.02626395,2.02626395,2.83732829,2.83732829,0.172695528,0.0,0.0,26.5674668,0.0345583624,0.0,-714.37578,0.684899649,510.268373,0.0,0.0
490.5,0.0,-716.047144,-0.0095912655,-0.0095912655,0.000719193907,0.000719193907,0.00136853292,0.00136853292,511.462204,37.920036,37.920036,2.03100461,2.03100461,2.84207636,2.84207636,0.172669152,0.0,0.0,26.6296244,0.0345056985,0.0,-716.047144,0.686502079,511.462204,0.0,0.0
491.0,0.0,-717.715966,-0.0095766148,-0.0095766148,0.000719768945,0.000719768945,0.00136844993,0.00136844993,512.654211,37.920036,37.920036,2.03573803,2.03573803,2.84681086,2.84681086,0.172642729,0.0,0.0,26.6916873,0.034452992,0.0,-717.715966,0.68810208,512.654211,0.0,0.0
491.5,0.0,-719.382217,-0.00956195295,-0.00956195295,0.000720335431,0.000720335431,0.00136835266,0.00136835266,513.844396,37.920036,37.920036,2.04046425,2.04046425,2.85153189,2.85153189,0.17261626,0.0,0.0,26.7536548,0.0344002444,0.0,-719.382217,0.6896996,513.844396,0.0,0.0
492.0,0.0,-721.045935,-0.0095472795,-0.0095472795,0.000720893413,0.000720893413,0.00136824118,0.00136824118,515.032754,37.920036,37.920036,2.04518317,2.04518317,2.85623947,2.85623947,0.172589744,0.0,0.0,26.8155276,0.0343474555,0.0,-721.045935,0.691294712,515.032754,0.0,0.0
492.5,0.0,-722.707074,-0.0095325949,-0.0095325949,0.000721442855,0.000721442855,0.00136811549,0.00136811549,516.219297,37.920036,37.920036,2.04989488,2.04989488,2.86093358,2.86093358,0.17256318,0.0,0.0,26.8773058,0.034294626,0.0,-722.707074,0.692887354,516.219297,0.0,0.0
493.0,0.0,-724.36566,-0.00951789905,-0.00951789905,0.000721983785,0.000721983785,0.00136797573,0.00136797573,517.404001,37.920036,37.920036,2.05459939,2.05459939,2.86561432,2.86561432,0.172536577,0.0,0.0,26.9389883,0.0342417562,0.0,-724.36566,0.694477567,517.404001,0.0,0.0
493.5,0.0,-726.021704,-0.00950319255,-0.00950319255,0.000722516248,0.000722516248,0.00136782194,0.00136782194,518.586886,37.920036,37.920036,2.05929659,2.05929659,2.87028167,2.87028167,0.172509916,0.0,0.0,27.000576,0.0341888479,0.0,-726.021704,0.696065308,518.586886,0.0,0.0
494.0,0.0,-727.675172,-0.0094884752,-0.0094884752,0.000723040257,0.000723040257,0.0013676542,0.0013676542,519.767939,37.920036,37.920036,2.06398649,2.06398649,2.87493575,2.87493575,0.172483223,0.0,0.0,27.0620679,0.0341358986,0.0,-727.675172,0.697650569,519.767939,0.0,0.0
494.5,0.0,-729.326084,-0.0094737472,-0.0094737472,0.000723555782,0.000723555782,0.00136747254,0.00136747254,520.947159,37.920036,37.920036,2.06866911,2.06866911,2.87957651,2.87957651,0.172456477,0.0,0.0,27.123465,0.0340829146,0.0,-729.326084,0.69923341,520.947159,0.0,0.0
495.0,0.0,-730.97442,-0.00945900865,-0.00945900865,0.000724062896,0.000724062896,0.00136727714,0.00136727714,522.124559,37.920036,37.920036,2.07334453,2.07334453,2.88420403,2.88420403,0.17242969,0.0,0.0,27.1847662,0.0340298915,0.0,-730.97442,0.700813779,522.124559,0.0,0.0
495.5,0.0,-732.620199,-0.00944425995,-0.00944425995,0.000724561602,0.000724561602,0.00136706789,0.00136706789,523.300102,37.920036,37.920036,2.07801264,2.07801264,2.88881832,2.88881832,0.172402852,0.0,0.0,27.2459725,0.033976831,0.0,-732.620199,0.702391687,523.300102,0.0,0.0
496.0,0.0,-734.263404,-0.00942950125,-0.00942950125,0.00072505191,0.00072505191,0.00136684501,0.00136684501,524.473815,37.920036,37.920036,2.08267339,2.08267339,2.89341937,2.89341937,0.17237597,0.0,0.0,27.3070828,0.0339237354,0.0,-734.263404,0.703967142,524.473815,0.0,0.0
496.5,0.0,-735.90404,-0.0094147328,-0.0094147328,0.000725533845,0.000725533845,0.00136660852,0.00136660852,525.645706,37.920036,37.920036,2.08732694,2.08732694,2.89800732,2.89800732,0.172349045,0.0,0.0,27.3680977,0.0338706034,0.0,-735.90404,0.705540123,525.645706,0.0,0.0
497.0,0.0,-737.542103,-0.0093999546,-0.0093999546,0.000726007416,0.000726007416,0.00136635851,0.00136635851,526.815748,37.920036,37.920036,2.09197317,2.09197317,2.90258214,2.90258214,0.172322072,0.0,0.0,27.429017,0.0338174362,0.0,-737.542103,0.707110622,526.815748,0.0,0.0
497.5,0.0,-739.177594,-0.0093851666,-0.0093851666,0.000726472633,0.000726472633,0.00136609499,0.00136609499,527.983952,37.920036,37.920036,2.09661208,2.09661208,2.90714388,2.90714388,0.172295057,0.0,0.0,27.4898403,0.0337642359,0.0,-739.177594,0.708678674,527.983952,0.0,0.0
498.0,0.0,-740.810504,-0.0093703693,-0.0093703693,0.000726929543,0.000726929543,0.00136581805,0.00136581805,529.150325,37.920036,37.920036,2.10124367,2.10124367,2.91169266,2.91169266,0.172267997,0.0,0.0,27.5505678,0.0337110007,0.0,-740.810504,0.710244249,529.150325,0.0,0.0
498.5,0.0,-742.440838,-0.00935556275,-0.00935556275,0.000727378155,0.000727378155,0.00136552779,0.00136552779,530.314856,37.920036,37.920036,2.10586803,2.10586803,2.91622834,2.91622834,0.172240893,0.0,0.0,27.6111997,0.0336577326,0.0,-742.440838,0.711807362,530.314856,0.0,0.0
499.0,0.0,-744.068584,-0.00934074705,-0.00934074705,0.000727818491,0.000727818491,0.00136522425,0.00136522425,531.477534,37.920036,37.920036,2.11048494,2.11048494,2.92075109,2.92075109,0.172213742,0.0,0.0,27.6717354,0.0336044321,0.0,-744.068584,0.713367995,531.477534,0.0,0.0
499.5,0.0,-745.693791,-0.00932592275,-0.00932592275,0.000728250542,0.000728250542,0.00136490753,0.00136490753,532.638358,37.920036,37.920036,2.11509468,2.11509468,2.92526085,2.92526085,0.172186547,0.0,0.0,27.7321759,0.0335510994,0.0,-745.693791,0.714926152,532.638358,0.0,0.0
500.0,0.0,-747.316365,-0.0093110894,-0.0093110894,0.000728674353,0.000728674353,0.00136457768,0.00136457768,533.797355,37.920036,37.920036,2.11969696,2.11969696,2.92975768,2.92975768,0.172159307,0.0,0.0,27.7925196,0.0334977356,0.0,-747.316365,0.716481834,533.797355,0.0,0.0
500.5,0.0,-748.936374,-0.0092962476,-0.0092962476,0.000729089956,0.000729089956,0.00136423477,0.00136423477,534.954513,37.920036,37.920036,2.12429206,2.12429206,2.93424169,2.93424169,0.172132024,0.0,0.0,27.8527677,0.0334443411,0.0,-748.936374,0.71803505,534.954513,0.0,0.0
501.0,0.0,-750.553806,-0.00928139775,-0.00928139775,0.00072949733,0.00072949733,0.00136387886,0.00136387886,536.109804,37.920036,37.920036,2.12887973,2.12887973,2.93871288,2.93871288,0.172104698,0.0,0.0,27.9129188,0.0333909154,0.0,-750.553806,0.719585769,536.109804,0.0,0.0
501.5,0.0,-752.168652,-0.00926653925,-0.00926653925,0.000729896521,0.000729896521,0.00136351002,0.00136351002,537.263277,37.920036,37.920036,2.13346,2.13346,2.94317111,2.94317111,0.172077324,0.0,0.0,27.9729742,0.0333374612,0.0,-752.168652,0.721134019,537.263277,0.0,0.0
502.0,0.0,-753.780896,-0.0092516733,-0.0092516733,0.000730287568,0.000730287568,0.0013631283,0.0013631283,538.414873,37.920036,37.920036,2.13803307,2.13803307,2.94761673,2.94761673,0.172049908,0.0,0.0,28.0329338,0.0332839775,0.0,-753.780896,0.722679799,538.414873,0.0,0.0
502.5,0.0,-755.390542,-0.0092367989,-0.0092367989,0.000730670422,0.000730670422,0.0013627338,0.0013627338,539.564642,37.920036,37.920036,2.14259871,2.14259871,2.95204957,2.95204957,0.172022451,0.0,0.0,28.0927968,0.0332304657,0.0,-755.390542,0.724223084,539.564642,0.0,0.0
503.0,0.0,-756.997623,-0.009221917,-0.009221917,0.00073104519,0.00073104519,0.00136232662,0.00136232662,540.712543,37.920036,37.920036,2.14715704,2.14715704,2.95646967,2.95646967,0.171994949,0.0,0.0,28.1525633,0.0331769267,0.0,-756.997623,0.725763885,540.712543,0.0,0.0
503.5,0.0,-758.602099,-0.0092070273,-0.0092070273,0.000731411832,0.000731411832,0.00136190674,0.00136190674,541.858601,37.920036,37.920036,2.15170797,2.15170797,2.9608772,2.9608772,0.171967403,0.0,0.0,28.2122334,0.0331233604,0.0,-758.602099,0.727302192,541.858601,0.0,0.0
504.0,0.0,-760.204005,-0.00919213045,-0.00919213045,0.000731770375,0.000731770375,0.00136147429,0.00136147429,543.002805,37.920036,37.920036,2.15625164,2.15625164,2.96527201,2.96527201,0.171939813,0.0,0.0,28.271807,0.0330697678,0.0,-760.204005,0.728838019,543.002805,0.0,0.0
504.5,0.0,-761.803282,-0.0091772265,-0.0091772265,0.000732120871,0.000732120871,0.0013610293,0.0013610293,544.14515,37.920036,37.920036,2.16078784,2.16078784,2.96965424,2.96965424,0.171912182,0.0,0.0,28.331284,0.0330161472,0.0,-761.803282,0.730371386,544.14515,0.0,0.0
505.0,0.0,-763.399972,-0.0091623152,-0.0091623152,0.000732463308,0.000732463308,0.00136057187,0.00136057187,545.28566,37.920036,37.920036,2.16531676,2.16531676,2.97402386,2.97402386,0.171884504,0.0,0.0,28.3906651,0.0329625035,0.0,-763.399972,0.731902234,545.28566,0.0,0.0
505.5,0.0,-764.994076,-0.0091473973,-0.0091473973,0.000732797731,0.000732797731,0.00136010206,0.00136010206,546.424303,37.920036,37.920036,2.16983826,2.16983826,2.97838097,2.97838097,0.171856785,0.0,0.0,28.449949,0.0329088341,0.0,-764.994076,0.73343059,546.424303,0.0,0.0
506.0,0.0,-766.585561,-0.0091324728,-0.0091324728,0.000733124129,0.000733124129,0.00135961991,0.00135961991,547.561074,37.920036,37.920036,2.17435241,2.17435241,2.98272553,2.98272553,0.171829022,0.0,0.0,28.5091369,0.0328551408,0.0,-766.585561,0.734956469,547.561074,0.0,0.0
506.5,0.0,-768.17448,-0.0091175414,-0.0091175414,0.000733442567,0.000733442567,0.00135912554,0.00135912554,548.696018,37.920036,37.920036,2.17885919,2.17885919,2.98705776,2.98705776,0.171801219,0.0,0.0,28.5682278,0.0328014238,0.0,-768.17448,0.736479858,548.696018,0.0,0.0
507.0,0.0,-769.760788,-0.00910260375,-0.00910260375,0.000733753023,0.000733753023,0.00135861894,0.00135861894,549.829074,37.920036,37.920036,2.18335858,2.18335858,2.99137746,2.99137746,0.171773366,0.0,0.0,28.6272215,0.032747683,0.0,-769.760788,0.738000764,549.829074,0.0,0.0
507.5,0.0,-771.344475,-0.00908765965,-0.00908765965,0.000734055544,0.000734055544,0.00135810025,0.00135810025,550.960293,37.920036,37.920036,2.18785062,2.18785062,2.99568468,2.99568468,0.171745482,0.0,0.0,28.6861192,0.0326939217,0.0,-771.344475,0.739519142,550.960293,0.0,0.0
508.0,0.0,-772.925565,-0.00907270955,-0.00907270955,0.000734350132,0.000734350132,0.0013575695,0.0013575695,552.089648,37.920036,37.920036,2.19233522,2.19233522,2.99997961,2.99997961,0.171717549,0.0,0.0,28.7449198,0.0326401366,0.0,-772.925565,0.741035041,552.089648,0.0,0.0
508.5,0.0,-774.504057,-0.0090577537,-0.0090577537,0.00073463684,0.00073463684,0.00135702677,0.00135702677,553.217148,37.920036,37.920036,2.19681252,2.19681252,3.00426217,3.00426217,0.171689575,0.0,0.0,28.8036238,0.0325863306,0.0,-774.504057,0.742548468,553.217148,0.0,0.0
509.0,0.0,-776.079936,-0.0090427921,-0.0090427921,0.000734915661,0.000734915661,0.00135647212,0.00135647212,554.342778,37.920036,37.920036,2.20128238,2.20128238,3.0085325,3.0085325,0.171661558,0.0,0.0,28.8622303,0.0325325042,0.0,-776.079936,0.744059373,554.342778,0.0,0.0
509.5,0.0,-777.653232,-0.00902782455,-0.00902782455,0.000735186613,0.000735186613,0.00135590562,0.00135590562,555.466548,37.920036,37.920036,2.20574483,2.20574483,3.01279048,3.01279048,0.171633497,0.0,0.0,28.9207402,0.0324786578,0.0,-777.653232,0.74556778,555.466548,0.0,0.0
510.0,0.0,-779.223916,-0.00901285185,-0.00901285185,0.00073544973,0.00073544973,0.00135532733,0.00135532733,556.58846,37.920036,37.920036,2.21019992,2.21019992,3.01703619,3.01703619,0.171605397,0.0,0.0,28.979153,0.032424791,0.0,-779.223916,0.747073678,556.58846,0.0,0.0
510.5,0.0,-780.791976,-0.00899787395,-0.00899787395,0.000735705063,0.000735705063,0.0013547373,0.0013547373,557.708511,37.920036,37.920036,2.21464765,2.21464765,3.02126981,3.02126981,0.171577254,0.0,0.0,29.0374696,0.0323709055,0.0,-780.791976,0.748577109,557.708511,0.0,0.0
511.0,0.0,-782.357436,-0.0089828907,-0.0089828907,0.000735952572,0.000735952572,0.00135413563,0.00135413563,558.826689,37.920036,37.920036,2.2190879,2.2190879,3.0254912,3.0254912,0.17154907,0.0,0.0,29.0956883,0.0323170023,0.0,-782.357436,0.750078,558.826689,0.0,0.0
511.5,0.0,-783.920283,-0.0089679027,-0.0089679027,0.000736192323,0.000736192323,0.00135352237,0.00135352237,559.943011,37.920036,37.920036,2.22352077,2.22352077,3.02970045,3.02970045,0.171520841,0.0,0.0,29.1538105,0.0322630815,0.0,-783.920283,0.751576424,559.943011,0.0,0.0
512.0,0.0,-785.480527,-0.00895290985,-0.00895290985,0.000736424324,0.000736424324,0.0013528976,0.0013528976,561.057479,37.920036,37.920036,2.22794631,2.22794631,3.03389759,3.03389759,0.171492572,0.0,0.0,29.2118353,0.0322091422,0.0,-785.480527,0.753072332,561.057479,0.0,0.0
512.5,0.0,-787.038156,-0.00893791225,-0.00893791225,0.00073664861,0.00073664861,0.00135226136,0.00135226136,562.170056,37.920036,37.920036,2.23236432,2.23236432,3.03808269,3.03808269,0.171464261,0.0,0.0,29.2697633,0.0321551872,0.0,-787.038156,0.754565721,562.170056,0.0,0.0
513.0,0.0,-788.593165,-0.00892291015,-0.00892291015,0.000736865172,0.000736865172,0.00135161373,0.00135161373,563.28079,37.920036,37.920036,2.23677504,2.23677504,3.04225563,3.04225563,0.171435912,0.0,0.0,29.3275942,0.032101216,0.0,-788.593165,0.756056623,563.28079,0.0,0.0
513.5,0.0,-790.145567,-0.0089079038,-0.0089079038,0.000737074049,0.000737074049,0.00135095476,0.00135095476,564.389648,37.920036,37.920036,2.2411783,2.2411783,3.04641664,3.04641664,0.17140752,0.0,0.0,29.3853276,0.0320472283,0.0,-790.145567,0.757545015,564.389648,0.0,0.0
514.0,0.0,-791.695367,-0.0088928932,-0.0088928932,0.000737275284,0.000737275284,0.00135028458,0.00135028458,565.496641,37.920036,37.920036,2.24557414,2.24557414,3.0505657,3.0505657,0.171379081,0.0,0.0,29.4429637,0.0319932259,0.0,-791.695367,0.759030924,565.496641,0.0,0.0
514.5,0.0,-793.24254,-0.0088778787,-0.0088778787,0.000737468876,0.000737468876,0.00134960318,0.00134960318,566.601777,37.920036,37.920036,2.24996252,2.24996252,3.05470285,3.05470285,0.171350611,0.0,0.0,29.5005032,0.03193921,0.0,-793.24254,0.760514301,566.601777,0.0,0.0
515.0,0.0,-794.787093,-0.0088628602,-0.0088628602,0.00073765487,0.00073765487,0.0013489106,0.0013489106,567.705019,37.920036,37.920036,2.2543435,2.2543435,3.05882793,3.05882793,0.171322098,0.0,0.0,29.5579452,0.0318851788,0.0,-794.787093,0.761995175,567.705019,0.0,0.0
515.5,0.0,-796.329047,-0.0088478382,-0.0088478382,0.000737833257,0.000737833257,0.00134820701,0.00134820701,568.806406,37.920036,37.920036,2.2587172,2.2587172,3.06294118,3.06294118,0.171293539,0.0,0.0,29.6152897,0.0318311351,0.0,-796.329047,0.763473546,568.806406,0.0,0.0
516.0,0.0,-797.868372,-0.0088328124,-0.0088328124,0.000738004069,0.000738004069,0.00134749241,0.00134749241,569.905938,37.920036,37.920036,2.26308334,2.26308334,3.06704266,3.06704266,0.171264946,0.0,0.0,29.6725367,0.031777078,0.0,-797.868372,0.76494942,569.905938,0.0,0.0
516.5,0.0,-799.405099,-0.00881778335,-0.00881778335,0.000738167357,0.000738167357,0.00134676685,0.00134676685,571.003591,37.920036,37.920036,2.26744207,2.26744207,3.07113232,3.07113232,0.171236304,0.0,0.0,29.7296868,0.0317230089,0.0,-799.405099,0.766422775,571.003591,0.0,0.0
517.0,0.0,-800.939187,-0.00880275095,-0.00880275095,0.000738323099,0.000738323099,0.0013460304,0.0013460304,572.099371,37.920036,37.920036,2.27179339,2.27179339,3.07521012,3.07521012,0.171207628,0.0,0.0,29.7867398,0.0316689297,0.0,-800.939187,0.76789359,572.099371,0.0,0.0
517.5,0.0,-802.470657,-0.00878771555,-0.00878771555,0.000738471359,0.000738471359,0.00134528322,0.00134528322,573.193287,37.920036,37.920036,2.27613731,2.27613731,3.07927616,3.07927616,0.171178908,0.0,0.0,29.8436948,0.031614837,0.0,-802.470657,0.769361938,573.193287,0.0,0.0
518.0,0.0,-803.999527,-0.00877267705,-0.00877267705,0.000738612131,0.000738612131,0.00134452522,0.00134452522,574.285334,37.920036,37.920036,2.28047375,2.28047375,3.08333049,3.08333049,0.171150151,0.0,0.0,29.9005529,0.0315607349,0.0,-803.999527,0.770827745,574.285334,0.0,0.0
518.5,0.0,-805.525772,-0.0087576358,-0.0087576358,0.000738745451,0.000738745451,0.00134375657,0.00134375657,575.3755,37.920036,37.920036,2.28480287,2.28480287,3.08737316,3.08737316,0.17112135,0.0,0.0,29.9573133,0.0315066224,0.0,-805.525772,0.772291072,575.3755,0.0,0.0
519.0,0.0,-807.049387,-0.0087425923,-0.0087425923,0.000738871343,0.000738871343,0.0013429773,0.0013429773,576.463805,37.920036,37.920036,2.28912451,2.28912451,3.09140422,3.09140422,0.17109251,0.0,0.0,30.0139769,0.0314525008,0.0,-807.049387,0.77375188,576.463805,0.0,0.0
519.5,0.0,-808.570383,-0.00872754555,-0.00872754555,0.000738989852,0.000738989852,0.0013421875,0.0013421875,577.550242,37.920036,37.920036,2.29343861,2.29343861,3.09542353,3.09542353,0.171063632,0.0,0.0,30.070542,0.0313983701,0.0,-808.570383,0.775210176,577.550242,0.0,0.0
520.0,0.0,-810.088771,-0.0087124972,-0.0087124972,0.000739100963,0.000739100963,0.00134138721,0.00134138721,578.634787,37.920036,37.920036,2.29774538,2.29774538,3.09943128,3.09943128,0.171034714,0.0,0.0,30.1270106,0.0313442303,0.0,-810.088771,0.77666595,578.634787,0.0,0.0
520.5,0.0,-811.604528,-0.0086974463,-0.0086974463,0.000739204709,0.000739204709,0.00134057643,0.00134057643,579.717485,37.920036,37.920036,2.30204476,2.30204476,3.10342743,3.10342743,0.171005755,0.0,0.0,30.1833814,0.0312900831,0.0,-811.604528,0.778119216,579.717485,0.0,0.0
521.0,0.0,-813.117687,-0.0086823935,-0.0086823935,0.000739301117,0.000739301117,0.00133975534,0.00133975534,580.798287,37.920036,37.920036,2.30633661,2.30633661,3.10756513,3.10756513,0.170976753,0.0,0.0,30.2396546,0.0312359291,0.0,-813.117687,0.77956997,580.798287,0.0,0.0
521.5,0.0,-814.6282,-0.0086673386,-0.0086673386,0.000739390235,0.000739390235,0.00133892397,0.00133892397,581.877234,37.920036,37.920036,2.31062108,2.31062108,3.11223724,3.11223724,0.170947715,0.0,0.0,30.2958307,0.0311817677,0.0,-814.6282,0.781018218,581.877234,0.0,0.0
522.0,0.0,-816.136089,-0.0086522821,-0.0086522821,0.000739472044,0.000739472044,0.00133808233,0.00133808233,582.954324,37.920036,37.920036,2.31489811,2.31489811,3.11694512,3.11694512,0.170918625,0.0,0.0,30.3519089,0.0311276004,0.0,-816.136089,0.782463952,582.954324,0.0,0.0
522.5,0.0,-817.64137,-0.0086372241,-0.0086372241,0.000739546613,0.000739546613,0.00133723053,0.00133723053,584.029512,37.920036,37.920036,2.3191677,2.3191677,3.12164167,3.12164167,0.170889488,0.0,0.0,30.40789,0.0310734274,0.0,-817.64137,0.783907164,584.029512,0.0,0.0
523.0,0.0,-819.144022,-0.00862216425,-0.00862216425,0.000739613935,0.000739613935,0.00133636864,0.00133636864,585.102831,37.920036,37.920036,2.32342986,2.32342986,3.12632692,3.12632692,0.170860305,0.0,0.0,30.4637733,0.0310192488,0.0,-819.144022,0.785347869,585.102831,0.0,0.0
523.5,0.0,-820.644055,-0.0086071038,-0.0086071038,0.000739674016,0.000739674016,0.00133549669,0.00133549669,586.174289,37.920036,37.920036,2.32768445,2.32768445,3.13100079,3.13100079,0.170831077,0.0,0.0,30.5195591,0.0309650661,0.0,-820.644055,0.786786046,586.174289,0.0,0.0
524.0,0.0,-822.141477,-0.0085920419,-0.0085920419,0.000739726942,0.000739726942,0.00133461476,0.00133461476,587.243866,37.920036,37.920036,2.33193183,2.33193183,3.13566337,3.13566337,0.170801801,0.0,0.0,30.575247,0.0309108786,0.0,-822.141477,0.788221721,587.243866,0.0,0.0
524.5,0.0,-823.636251,-0.00857697875,-0.00857697875,0.000739772696,0.000739772696,0.00133372289,0.00133372289,588.311561,37.920036,37.920036,2.33617165,2.33617165,3.14031472,3.14031472,0.170772481,0.0,0.0,30.6308382,0.0308566876,0.0,-823.636251,0.789654867,588.311561,0.0,0.0
525.0,0.0,-825.128412,-0.00856191475,-0.00856191475,0.00073981129,0.00073981129,0.00133282116,0.00133282116,589.37739,37.920036,37.920036,2.34040401,2.34040401,3.14495474,3.14495474,0.170743113,0.0,0.0,30.6863311,0.0308024937,0.0,-825.128412,0.791085517,589.37739,0.0,0.0
525.5,0.0,-826.617953,-0.00854685045,-0.00854685045,0.000739842783,0.000739842783,0.00133190966,0.00133190966,590.441367,37.920036,37.920036,2.34462895,2.34462895,3.14958355,3.14958355,0.170713699,0.0,0.0,30.7417266,0.0307482973,0.0,-826.617953,0.792513654,590.441367,0.0,0.0
526.0,0.0,-828.104867,-0.0085317853,-0.0085317853,0.000739867168,0.000739867168,0.00133098838,0.00133098838,591.503433,37.920036,37.920036,2.34884646,2.34884646,3.15420118,3.15420118,0.17068424,0.0,0.0,30.7970251,0.0306940989,0.0,-828.104867,0.793939274,591.503433,0.0,0.0
526.5,0.0,-829.589171,-0.00851671975,-0.00851671975,0.000739884504,0.000739884504,0.0013300575,0.0013300575,592.563639,37.920036,37.920036,2.35305654,2.35305654,3.15880756,3.15880756,0.170654732,0.0,0.0,30.8522252,0.0306398991,0.0,-829.589171,0.795362363,592.563639,0.0,0.0
527.0,0.0,-831.070846,-0.0085016539,-0.0085016539,0.000739894788,0.000739894788,0.00132911695,0.00132911695,593.621979,37.920036,37.920036,2.35725917,2.35725917,3.16340274,3.16340274,0.17062518,0.0,0.0,30.9073285,0.0305856976,0.0,-831.070846,0.796782951,593.621979,0.0,0.0
527.5,0.0,-832.549877,-0.0084865879,-0.0084865879,0.000739898054,0.000739898054,0.00132816689,0.00132816689,594.678435,37.920036,37.920036,2.36145436,2.36145436,3.16798673,3.16798673,0.170595586,0.0,0.0,30.9623341,0.030531496,0.0,-832.549877,0.798201032,594.678435,0.0,0.0
528.0,0.0,-834.026293,-0.008471522,-0.008471522,0.000739894327,0.000739894327,0.00132720732,0.00132720732,595.733025,37.920036,37.920036,2.36564209,2.36564209,3.17255967,3.17255967,0.17056594,0.0,0.0,31.017242,0.0304772947,0.0,-834.026293,0.799616564,595.733025,0.0,0.0
528.5,0.0,-835.500104,-0.008456456,-0.008456456,0.000739883614,0.000739883614,0.0013262383,0.0013262383,596.785733,37.920036,37.920036,2.36982241,2.36982241,3.17712143,3.17712143,0.170536253,0.0,0.0,31.0720522,0.0304230936,0.0,-835.500104,0.801029617,596.785733,0.0,0.0
529.0,0.0,-836.971272,-0.00844139065,-0.00844139065,0.000739865975,0.000739865975,0.00132525994,0.00132525994,597.836592,37.920036,37.920036,2.37399534,2.37399534,3.18167208,3.18167208,0.17050652,0.0,0.0,31.1267647,0.0303688938,0.0,-836.971272,0.802440138,597.836592,0.0,0.0
529.5,0.0,-838.439841,-0.00842632555,-0.00842632555,0.000739841422,0.000739841422,0.00132427226,0.00132427226,598.88555,37.920036,37.920036,2.37816069,2.37816069,3.18621161,3.18621161,0.170476743,0.0,0.0,31.1813802,0.0303146952,0.0,-838.439841,0.803848162,598.88555,0.0,0.0
530.0,0.0,-839.905765,-0.00841126095,-0.00841126095,0.000739809966,0.000739809966,0.00132327536,0.00132327536,599.932652,37.920036,37.920036,2.38231868,2.38231868,3.1907401,3.1907401,0.170446918,0.0,0.0,31.2358972,0.030260499,0.0,-839.905765,0.805253652,599.932652,0.0,0.0
530.5,0.0,-841.369068,-0.00839619725,-0.00839619725,0.000739771653,0.000739771653,0.0013222693,0.0013222693,600.97786,37.920036,37.920036,2.38646918,2.38646918,3.19525757,3.19525757,0.170417051,0.0,0.0,31.2903178,0.0302063051,0.0,-841.369068,0.806656631,600.97786,0.0,0.0
531.0,0.0,-842.829761,-0.00838113415,-0.00838113415,0.000739726478,0.000739726478,0.00132125406,0.00132125406,602.021211,37.920036,37.920036,2.39061236,2.39061236,3.19976395,3.19976395,0.170387134,0.0,0.0,31.3446402,0.0301521145,0.0,-842.829761,0.808057093,602.021211,0.0,0.0
531.5,0.0,-844.287823,-0.0083660721,-0.0083660721,0.000739674496,0.000739674496,0.00132022978,0.00132022978,603.062685,37.920036,37.920036,2.39474798,2.39474798,3.20425932,3.20425932,0.170357177,0.0,0.0,31.3988652,0.0300979269,0.0,-844.287823,0.809455042,603.062685,0.0,0.0
532.0,0.0,-845.743245,-0.00835101155,-0.00835101155,0.000739615706,0.000739615706,0.00131919651,0.00131919651,604.102275,37.920036,37.920036,2.39887623,2.39887623,3.20874379,3.20874379,0.170327173,0.0,0.0,31.4529925,0.0300437439,0.0,-845.743245,0.810850473,604.102275,0.0,0.0
532.5,0.0,-847.196074,-0.0083359515,-0.0083359515,0.000739550158,0.000739550158,0.00131815431,0.00131815431,605.140023,37.920036,37.920036,2.40299701,2.40299701,3.21321716,3.21321716,0.170297125,0.0,0.0,31.5070228,0.0299895652,0.0,-847.196074,0.812243404,605.140023,0.0,0.0
533.0,0.0,-848.646264,-0.00832089375,-0.00832089375,0.000739477877,0.000739477877,0.00131710321,0.00131710321,606.175869,37.920036,37.920036,2.40711035,2.40711035,3.21767961,3.21767961,0.170267032,0.0,0.0,31.560955,0.0299353917,0.0,-848.646264,0.813633812,606.175869,0.0,0.0
533.5,0.0,-850.09384,-0.008305837,-0.008305837,0.00073939887,0.00073939887,0.0013160433,0.0013160433,607.209852,37.920036,37.920036,2.41121631,2.41121631,3.22213113,3.22213113,0.170236897,0.0,0.0,31.61479,0.0298812242,0.0,-850.09384,0.815021726,607.209852,0.0,0.0
534.0,0.0,-851.538792,-0.0082907819,-0.0082907819,0.00073931317,0.00073931317,0.00131497459,0.00131497459,608.241964,37.920036,37.920036,2.41531472,2.41531472,3.22657177,3.22657177,0.170206714,0.0,0.0,31.668527,0.0298270618,0.0,-851.538792,0.816407099,608.241964,0.0,0.0
534.5,0.0,-852.981123,-0.0082757286,-0.0082757286,0.00073922082,0.00073922082,0.00131389722,0.00131389722,609.272194,37.920036,37.920036,2.4194058,2.4194058,3.23100143,3.23100143,0.170176485,0.0,0.0,31.7221675,0.0297729066,0.0,-852.981123,0.817789966,609.272194,0.0,0.0
535.0,0.0,-854.420831,-0.0082606775,-0.0082606775,0.000739121795,0.000739121795,0.00131281116,0.00131281116,610.300546,37.920036,37.920036,2.42348941,2.42348941,3.23542026,3.23542026,0.170146218,0.0,0.0,31.7757095,0.029718758,0.0,-854.420831,0.819170319,610.300546,0.0,0.0
535.5,0.0,-855.857925,-0.0082456286,-0.0082456286,0.000739016175,0.000739016175,0.00131171656,0.00131171656,611.327055,37.920036,37.920036,2.42756558,2.42756558,3.23982828,3.23982828,0.170115901,0.0,0.0,31.8291546,0.0296646169,0.0,-855.857925,0.820548155,611.327055,0.0,0.0
536.0,0.0,-857.292385,-0.00823058145,-0.00823058145,0.000738903974,0.000738903974,0.00131061342,0.00131061342,612.351657,37.920036,37.920036,2.43163425,2.43163425,3.2442254,3.2442254,0.170085544,0.0,0.0,31.8825019,0.029610484,0.0,-857.292385,0.8219235,612.351657,0.0,0.0
536.5,0.0,-858.724232,-0.00821553725,-0.00821553725,0.000738785203,0.000738785203,0.00130950181,0.00130950181,613.374406,37.920036,37.920036,2.43569566,2.43569566,3.2486117,3.2486117,0.170055146,0.0,0.0,31.9357519,0.0295563595,0.0,-858.724232,0.823296316,613.374406,0.0,0.0
537.0,0.0,-860.153466,-0.008200495,-0.008200495,0.000738659895,0.000738659895,0.00130838182,0.00130838182,614.395285,37.920036,37.920036,2.43974952,2.43974952,3.25298719,3.25298719,0.170024697,0.0,0.0,31.9889048,0.0295022438,0.0,-860.153466,0.824666622,614.395285,0.0,0.0
537.5,0.0,-861.580063,-0.00818545555,-0.00818545555,0.000738528074,0.000738528074,0.00130725346,0.00130725346,615.414294,37.920036,37.920036,2.443796,2.443796,3.25735195,3.25735195,0.169994207,0.0,0.0,32.04196,0.0294481377,0.0,-861.580063,0.82603443,615.414294,0.0,0.0
538.0,0.0,-863.004067,-0.0081704188,-0.0081704188,0.000738389776,0.000738389776,0.0013061168,0.0013061168,616.43143,37.920036,37.920036,2.44783502,2.44783502,3.26170588,3.26170588,0.169963677,0.0,0.0,32.0949177,0.0293940417,0.0,-863.004067,0.827399708,616.43143,0.0,0.0
538.5,0.0,-864.425431,-0.0081553851,-0.0081553851,0.000738245003,0.000738245003,0.00130497193,0.00130497193,617.446696,37.920036,37.920036,2.4518666,2.4518666,3.2660491,3.2660491,0.169933098,0.0,0.0,32.1477788,0.0293399556,0.0,-864.425431,0.828762484,617.446696,0.0,0.0
539.0,0.0,-865.844202,-0.0081403542,-0.0081403542,0.000738093797,0.000738093797,0.00130381884,0.00130381884,618.460101,37.920036,37.920036,2.45589077,2.45589077,3.27038162,3.27038162,0.169902478,0.0,0.0,32.2005422,0.0292858807,0.0,-865.844202,0.830122764,618.460101,0.0,0.0
539.5,0.0,-867.260351,-0.0081253266,-0.0081253266,0.00073793621,0.00073793621,0.00130265767,0.00130265767,619.471617,37.920036,37.920036,2.45990752,2.45990752,3.27470337,3.27470337,0.169871819,0.0,0.0,32.2532077,0.0292318174,0.0,-867.260351,0.831480523,619.471617,0.0,0.0
540.0,0.0,-868.673844,-0.00811030215,-0.00811030215,0.000737772214,0.000737772214,0.00130148845,0.00130148845,620.481266,37.920036,37.920036,2.46391682,2.46391682,3.27901445,3.27901445,0.169841111,0.0,0.0,32.3057763,0.029177765,0.0,-868.673844,0.83283578,620.481266,0.0,0.0
540.5,0.0,-870.08476,-0.0080952813,-0.0080952813,0.00073760188,0.00073760188,0.00130031122,0.00130031122,621.48907,37.920036,37.920036,2.46791874,2.46791874,3.28331487,3.28331487,0.169810361,0.0,0.0,32.3582479,0.029123725,0.0,-870.08476,0.834188521,621.48907,0.0,0.0
541.0,0.0,-871.493064,-0.0080802637,-0.0080802637,0.00073742519,0.00073742519,0.00129912605,0.00129912605,622.495005,37.920036,37.920036,2.47191327,2.47191327,3.28760467,3.28760467,0.169779568,0.0,0.0,32.4106212,0.0290696985,0.0,-871.493064,0.835538766,622.495005,0.0,0.0
541.5,0.0,-872.898734,-0.00806525,-0.00806525,0.000737242243,0.000737242243,0.00129793298,0.00129793298,623.499059,37.920036,37.920036,2.47590033,2.47590033,3.29188385,3.29188385,0.169748731,0.0,0.0,32.4628983,0.0290156845,0.0,-872.898734,0.836886484,623.499059,0.0,0.0
542.0,0.0,-874.301793,-0.00805024,-0.00805024,0.000737052982,0.000737052982,0.00129673208,0.00129673208,624.501233,37.920036,37.920036,2.47987999,2.47987999,3.2961524,3.2961524,0.169717856,0.0,0.0,32.5150771,0.0289616844,0.0,-874.301793,0.838231718,624.501233,0.0,0.0
542.5,0.0,-875.70224,-0.00803523375,-0.00803523375,0.000736857478,0.000736857478,0.00129552342,0.00129552342,625.501554,37.920036,37.920036,2.48385224,2.48385224,3.30041028,3.30041028,0.169686938,0.0,0.0,32.5671603,0.0289076983,0.0,-875.70224,0.839574439,625.501554,0.0,0.0
543.0,0.0,-877.100076,-0.0080202319,-0.0080202319,0.000736655765,0.000736655765,0.00129430705,0.00129430705,626.500016,37.920036,37.920036,2.48781712,2.48781712,3.30465769,3.30465769,0.169655972,0.0,0.0,32.6191456,0.0288537267,0.0,-877.100076,0.840914637,626.500016,0.0,0.0
543.5,0.0,-878.495302,-0.00800523395,-0.00800523395,0.000736447823,0.000736447823,0.001293083,0.001293083,627.496598,37.920036,37.920036,2.49177445,2.49177445,3.30889457,3.30889457,0.169624963,0.0,0.0,32.6710337,0.0287997703,0.0,-878.495302,0.842252359,627.496598,0.0,0.0
544.0,0.0,-879.887921,-0.00799024055,-0.00799024055,0.000736233734,0.000736233734,0.00129185134,0.00129185134,628.491317,37.920036,37.920036,2.49572456,2.49572456,3.31312081,3.31312081,0.169593918,0.0,0.0,32.7228235,0.0287458289,0.0,-879.887921,0.843587551,628.491317,0.0,0.0
544.5,0.0,-881.277918,-0.0079752515,-0.0079752515,0.000736013504,0.000736013504,0.00129061221,0.00129061221,629.484187,37.920036,37.920036,2.49966718,2.49966718,3.31733664,3.31733664,0.169562827,0.0,0.0,32.7745178,0.0286919037,0.0,-881.277918,0.844920261,629.484187,0.0,0.0
545.0,0.0,-882.665313,-0.0079602667,-0.0079602667,0.000735787123,0.000735787123,0.0012893655,0.0012893655,630.475176,37.920036,37.920036,2.50360233,2.50360233,3.32154188,3.32154188,0.169531695,0.0,0.0,32.8261158,0.028637995,0.0,-882.665313,0.846250467,630.475176,0.0,0.0
545.5,0.0,-884.050102,-0.0079452867,-0.0079452867,0.000735554687,0.000735554687,0.0012881114,0.0012881114,631.464315,37.920036,37.920036,2.50753023,2.50753023,3.32573672,3.32573672,0.169500519,0.0,0.0,32.8776148,0.028584103,0.0,-884.050102,0.847578161,631.464315,0.0,0.0
546.0,0.0,-885.432261,-0.00793031155,-0.00793031155,0.000735316163,0.000735316163,0.00128684993,0.00128684993,632.451579,37.920036,37.920036,2.51145065,2.51145065,3.32992111,3.32992111,0.169469302,0.0,0.0,32.9290176,0.0285302282,0.0,-885.432261,0.848903375,632.451579,0.0,0.0
546.5,0.0,-886.811846,-0.00791534135,-0.00791534135,0.000735071609,0.000735071609,0.00128558112,0.00128558112,633.436978,37.920036,37.920036,2.51536362,2.51536362,3.33409502,3.33409502,0.169438046,0.0,0.0,32.9803232,0.0284763712,0.0,-886.811846,0.850226067,633.436978,0.0,0.0
547.0,0.0,-888.18881,-0.0079003761,-0.0079003761,0.000734821044,0.000734821044,0.00128430502,0.00128430502,634.420536,37.920036,37.920036,2.5192693,2.5192693,3.33825855,3.33825855,0.169406744,0.0,0.0,33.0315333,0.0284225321,0.0,-888.18881,0.851546267,634.420536,0.0,0.0
547.5,0.0,-889.563153,-0.00788541615,-0.00788541615,0.00073456448,0.00073456448,0.00128302176,0.00128302176,635.402218,37.920036,37.920036,2.52316753,2.52316753,3.3424116,3.3424116,0.169375401,0.0,0.0,33.0826451,0.0283687117,0.0,-889.563153,0.852863992,635.402218,0.0,0.0
548.0,0.0,-890.934923,-0.0078704615,-0.0078704615,0.000734301978,0.000734301978,0.0012817313,0.0012817313,636.382045,37.920036,37.920036,2.5270584,2.5270584,3.34655438,3.34655438,0.169344016,0.0,0.0,33.13366,0.0283149107,0.0,-890.934923,0.854179188,636.382045,0.0,0.0
548.5,0.0,-892.304076,-0.007855512,-0.007855512,0.000734033522,0.000734033522,0.00128043378,0.00128043378,637.36,37.920036,37.920036,2.5309419,2.5309419,3.35068677,3.35068677,0.169312589,0.0,0.0,33.1845779,0.0282611288,0.0,-892.304076,0.855491904,637.36,0.0,0.0
549.0,0.0,-893.670631,-0.0078405683,-0.0078405683,0.000733759173,0.000733759173,0.00127912917,0.00127912917,638.336108,37.920036,37.920036,2.53481794,2.53481794,3.35480877,3.35480877,0.169281125,0.0,0.0,33.2354001,0.0282073666,0.0,-893.670631,0.85680212,638.336108,0.0,0.0
549.5,0.0,-895.034555,-0.0078256301,-0.0078256301,0.000733478926,0.000733478926,0.0012778176,0.0012778176,639.310365,37.920036,37.920036,2.53868663,2.53868663,3.35892049,3.35892049,0.169249614,0.0,0.0,33.2861243,0.0281536249,0.0,-895.034555,0.858109853,639.310365,0.0,0.0
550.0,0.0,-896.395908,-0.00781069793,-0.00781069793,0.000733192837,0.000733192837,0.00127649907,0.00127649907,640.282748,37.920036,37.920036,2.54254804,2.54254804,3.36302191,3.36302191,0.169218064,0.0,0.0,33.3367539,0.0280999041,0.0,-896.395908,0.859415085,640.282748,0.0,0.0
550.5,0.0,-897.754673,-0.00779577135,-0.00779577135,0.000732900926,0.000732900926,0.00127517366,0.00127517366,641.253283,37.920036,37.920036,2.54640201,2.54640201,3.36711306,3.36711306,0.169186474,0.0,0.0,33.3872849,0.0280462042,0.0,-897.754673,0.860717821,641.253283,0.0,0.0
551.0,0.0,-899.110799,-0.00778085095,-0.00778085095,0.000732603215,0.000732603215,0.00127384143,0.00127384143,642.221967,37.920036,37.920036,2.55024859,2.55024859,3.37119394,3.37119394,0.169154842,0.0,0.0,33.4377198,0.0279925261,0.0,-899.110799,0.862018068,642.221967,0.0,0.0
551.5,0.0,-900.464349,-0.00776593656,-0.00776593656,0.000732299723,0.000732299723,0.00127250244,0.00127250244,643.18878,37.920036,37.920036,2.55408777,2.55408777,3.37526461,3.37526461,0.169123172,0.0,0.0,33.4880574,0.0279388694,0.0,-900.464349,0.863315819,643.18878,0.0,0.0
552.0,0.0,-901.815306,-0.00775102846,-0.00775102846,0.000731990501,0.000731990501,0.00127115673,0.00127115673,644.153756,37.920036,37.920036,2.55791963,2.55791963,3.37932503,3.37932503,0.169091456,0.0,0.0,33.5382993,0.0278852358,0.0,-901.815306,0.8646111,644.153756,0.0,0.0
552.5,0.0,-903.163662,-0.0077361267,-0.0077361267,0.000731675544,0.000731675544,0.00126980432,0.00126980432,645.116857,37.920036,37.920036,2.56174414,2.56174414,3.3833752,3.3833752,0.1690597,0.0,0.0,33.5884436,0.0278316253,0.0,-903.163662,0.86590387,645.116857,0.0,0.0
553.0,0.0,-904.50943,-0.00772123124,-0.00772123124,0.000731354904,0.000731354904,0.0012684453,0.0012684453,646.07812,37.920036,37.920036,2.5655613,2.5655613,3.38741527,3.38741527,0.169027906,0.0,0.0,33.6384923,0.0277780374,0.0,-904.50943,0.867194161,646.07812,0.0,0.0
553.5,0.0,-905.852598,-0.00770634253,-0.00770634253,0.000731028588,0.000731028588,0.00126707973,0.00126707973,647.037525,37.920036,37.920036,2.56937108,2.56937108,3.39144504,3.39144504,0.168996071,0.0,0.0,33.6884445,0.0277244737,0.0,-905.852598,0.868481963,647.037525,0.0,0.0
554.0,0.0,-907.193183,-0.00769146057,-0.00769146057,0.000730696635,0.000730696635,0.00126570767,0.00126570767,647.995072,37.920036,37.920036,2.57317358,2.57317358,3.39546481,3.39546481,0.168964192,0.0,0.0,33.7383001,0.0276709342,0.0,-907.193183,0.869767286,647.995072,0.0,0.0
554.5,0.0,-908.531162,-0.00767658545,-0.00767658545,0.000730359074,0.000730359074,0.00126432915,0.00126432915,648.950786,37.920036,37.920036,2.57696859,2.57696859,3.39947438,3.39947438,0.168932277,0.0,0.0,33.7880607,0.0276174187,0.0,-908.531162,0.87105013,648.950786,0.0,0.0
555.0,0.0,-909.866571,-0.00766171706,-0.00766171706,0.000730015929,0.000730015929,0.0012629442,0.0012629442,649.904663,37.920036,37.920036,2.58075633,2.58075633,3.40347384,3.40347384,0.168900319,0.0,0.0,33.8377231,0.0275639282,0.0,-909.866571,0.872330472,649.904663,0.0,0.0
555.5,0.0,-911.199373,-0.00764685587,-0.00764685587,0.000729667213,0.000729667213,0.00126155292,0.00126155292,650.856648,37.920036,37.920036,2.58453676,2.58453676,3.40746325,3.40746325,0.168868321,0.0,0.0,33.8872905,0.0275104638,0.0,-911.199373,0.873608357,650.856648,0.0,0.0
556.0,0.0,-912.52959,-0.00763200175,-0.00763200175,0.000729312979,0.000729312979,0.00126015533,0.00126015533,651.806815,37.920036,37.920036,2.58830984,2.58830984,3.41144256,3.41144256,0.168836284,0.0,0.0,33.9367604,0.0274570244,0.0,-912.52959,0.87488375,651.806815,0.0,0.0
556.5,0.0,-913.857233,-0.00761715498,-0.00761715498,0.000728953233,0.000728953233,0.00125875151,0.00125875151,652.755129,37.920036,37.920036,2.59207553,2.59207553,3.41541182,3.41541182,0.168804207,0.0,0.0,33.9861355,0.0274036111,0.0,-913.857233,0.876156665,652.755129,0.0,0.0
557.0,0.0,-915.182287,-0.00760231557,-0.00760231557,0.000728588004,0.000728588004,0.00125734149,0.00125734149,653.701587,37.920036,37.920036,2.59583395,2.59583395,3.41937111,3.41937111,0.16877209,0.0,0.0,34.035413,0.0273502241,0.0,-915.182287,0.877427096,653.701587,0.0,0.0
557.5,0.0,-916.504754,-0.00758748363,-0.00758748363,0.000728217317,0.000728217317,0.00125592532,0.00125592532,654.646206,37.920036,37.920036,2.59958499,2.59958499,3.42332034,3.42332034,0.16873993,0.0,0.0,34.0845958,0.0272968649,0.0,-916.504754,0.878695063,654.646206,0.0,0.0
558.0,0.0,-917.824644,-0.00757265937,-0.00757265937,0.00072784123,0.00072784123,0.00125450308,0.00125450308,655.588987,37.920036,37.920036,2.60332872,2.60332872,3.42725956,3.42725956,0.168707734,0.0,0.0,34.1336826,0.0272435325,0.0,-917.824644,0.879960543,655.588987,0.0,0.0
558.5,0.0,-919.141938,-0.00755784267,-0.00755784267,0.000727459741,0.000727459741,0.0012530748,0.0012530748,656.529915,37.920036,37.920036,2.60706512,2.60706512,3.43118883,3.43118883,0.168675496,0.0,0.0,34.1826736,0.0271902283,0.0,-919.141938,0.881223561,656.529915,0.0,0.0
559.0,0.0,-920.456677,-0.00754303396,-0.00754303396,0.000727072851,0.000727072851,0.00125164053,0.00125164053,657.469018,37.920036,37.920036,2.61079428,2.61079428,3.43510822,3.43510822,0.168643221,0.0,0.0,34.2315672,0.0271369518,0.0,-920.456677,0.882484096,657.469018,0.0,0.0
559.5,0.0,-921.768836,-0.00752823303,-0.00752823303,0.000726680634,0.000726680634,0.00125020032,0.00125020032,658.406257,37.920036,37.920036,2.61451608,2.61451608,3.43901761,3.43901761,0.168610908,0.0,0.0,34.2803658,0.0270837041,0.0,-921.768836,0.883742155,658.406257,0.0,0.0
560.0,0.0,-923.078385,-0.00751344022,-0.00751344022,0.000726283104,0.000726283104,0.00124875424,0.00124875424,659.341678,37.920036,37.920036,2.61823053,2.61823053,3.44291706,3.44291706,0.168578551,0.0,0.0,34.3290686,0.0270304851,0.0,-923.078385,0.884997753,659.341678,0.0,0.0
560.5,0.0,-924.385399,-0.00749865562,-0.00749865562,0.00072588028,0.00072588028,0.00124730232,0.00124730232,660.275236,37.920036,37.920036,2.62193772,2.62193772,3.44680661,3.44680661,0.168546156,0.0,0.0,34.377676,0.0269772956,0.0,-924.385399,0.886250878,660.275236,0.0,0.0
561.0,0.0,-925.689828,-0.00748387923,-0.00748387923,0.000725472196,0.000725472196,0.00124584463,0.00124584463,661.206969,37.920036,37.920036,2.62563762,2.62563762,3.45068632,3.45068632,0.168513721,0.0,0.0,34.4261861,0.0269241358,0.0,-925.689828,0.887501542,661.206969,0.0,0.0
561.5,0.0,-926.991678,-0.00746911112,-0.00746911112,0.000725058869,0.000725058869,0.00124438119,0.00124438119,662.136871,37.920036,37.920036,2.62933022,2.62933022,3.4545562,3.4545562,0.168481246,0.0,0.0,34.4746018,0.0268710058,0.0,-926.991678,0.888749746,662.136871,0.0,0.0
562.0,0.0,-928.29095,-0.00745435158,-0.00745435158,0.000724640344,0.000724640344,0.00124291207,0.00124291207,663.064915,37.920036,37.920036,2.63301551,2.63301551,3.45841622,3.45841622,0.168448738,0.0,0.0,34.5229223,0.0268179067,0.0,-928.29095,0.889995471,663.064915,0.0,0.0
562.5,0.0,-929.587668,-0.00743960046,-0.00743960046,0.000724216625,0.000724216625,0.00124143734,0.00124143734,663.991138,37.920036,37.920036,2.6366935,2.6366935,3.46226637,3.46226637,0.168416184,0.0,0.0,34.5711463,0.0267648381,0.0,-929.587668,0.891238736,663.991138,0.0,0.0
563.0,0.0,-930.881796,-0.0074248582,-0.0074248582,0.000723787754,0.000723787754,0.00123995697,0.00123995697,664.915543,37.920036,37.920036,2.64036421,2.64036421,3.46610677,3.46610677,0.168383595,0.0,0.0,34.6192754,0.0267118013,0.0,-930.881796,0.892479543,664.915543,0.0,0.0
563.5,0.0,-932.173378,-0.00741012462,-0.00741012462,0.000723353739,0.000723353739,0.00123847111,0.00123847111,665.838088,37.920036,37.920036,2.64402771,2.64402771,3.4699374,3.4699374,0.168350969,0.0,0.0,34.6673084,0.0266587958,0.0,-932.173378,0.893717881,665.838088,0.0,0.0
564.0,0.0,-933.462399,-0.00739540002,-0.00739540002,0.000722914646,0.000722914646,0.00123697979,0.00123697979,666.758815,37.920036,37.920036,2.6476838,2.6476838,3.47375826,3.47375826,0.168318303,0.0,0.0,34.7152469,0.026605822,0.0,-933.462399,0.894953784,666.758815,0.0,0.0
564.5,0.0,-934.748853,-0.00738068445,-0.00738068445,0.000722470449,0.000722470449,0.00123548302,0.00123548302,667.677704,37.920036,37.920036,2.65133274,2.65133274,3.47756939,3.47756939,0.168285593,0.0,0.0,34.7630899,0.0265528809,0.0,-934.748853,0.896187192,667.677704,0.0,0.0
565.0,0.0,-936.032734,-0.00736597786,-0.00736597786,0.000722021232,0.000722021232,0.00123398084,0.00123398084,668.594759,37.920036,37.920036,2.65497438,2.65497438,3.48137078,3.48137078,0.168252851,0.0,0.0,34.8108372,0.0264999722,0.0,-936.032734,0.897418184,668.594759,0.0,0.0
565.5,0.0,-937.314071,-0.00735128032,-0.00735128032,0.000721566963,0.000721566963,0.00123247337,0.00123247337,669.509994,37.920036,37.920036,2.65860881,2.65860881,3.48516252,3.48516252,0.168220066,0.0,0.0,34.8584901,0.0264470966,0.0,-937.314071,0.898646684,669.509994,0.0,0.0
566.0,0.0,-938.592837,-0.00733659239,-0.00733659239,0.000721107715,0.000721107715,0.0012309606,0.0012309606,670.423412,37.920036,37.920036,2.66223589,2.66223589,3.48894452,3.48894452,0.168187245,0.0,0.0,34.9060466,0.0263942546,0.0,-938.592837,0.899872752,670.423412,0.0,0.0
566.5,0.0,-939.869049,-0.00732191378,-0.00732191378,0.000720643501,0.000720643501,0.00122944257,0.00122944257,671.334995,37.920036,37.920036,2.66585576,2.66585576,3.49271686,3.49271686,0.168154386,0.0,0.0,34.9535089,0.0263414466,0.0,-939.869049,0.901096362,671.334995,0.0,0.0
567.0,0.0,-941.142696,-0.00730724461,-0.00730724461,0.000720174337,0.000720174337,0.00122791935,0.00122791935,672.244753,37.920036,37.920036,2.66946833,2.66946833,3.49647956,3.49647956,0.168121489,0.0,0.0,35.0008762,0.0262886724,0.0,-941.142696,0.902317523,672.244753,0.0,0.0
567.5,0.0,-942.41381,-0.00729258501,-0.00729258501,0.00071970026,0.00071970026,0.00122639104,0.00122639104,673.152678,37.920036,37.920036,2.67307375,2.67307375,3.50023258,3.50023258,0.168088552,0.0,0.0,35.0481479,0.0262359329,0.0,-942.41381,0.903536254,673.152678,0.0,0.0
568.0,0.0,-943.682374,-0.00727793526,-0.00727793526,0.000719221313,0.000719221313,0.0012248576,0.0012248576,674.058783,37.920036,37.920036,2.67667191,2.67667191,3.50397612,3.50397612,0.168055577,0.0,0.0,35.0953249,0.0261832283,0.0,-943.682374,0.904752509,674.058783,0.0,0.0
568.5,0.0,-944.948368,-0.00726329511,-0.00726329511,0.000718737476,0.000718737476,0.00122331911,0.00122331911,674.963079,37.920036,37.920036,2.6802628,2.6802628,3.50771001,3.50771001,0.168022567,0.0,0.0,35.1424076,0.0261305594,0.0,-944.948368,0.905966343,674.963079,0.0,0.0
569.0,0.0,-946.211821,-0.00724866492,-0.00724866492,0.000718248816,0.000718248816,0.00122177566,0.00122177566,675.86554,37.920036,37.920036,2.68384646,2.68384646,3.51143435,3.51143435,0.16798952,0.0,0.0,35.1893954,0.0260779252,0.0,-946.211821,0.907177723,675.86554,0.0,0.0
569.5,0.0,-947.472735,-0.00723404477,-0.00723404477,0.000717755343,0.000717755343,0.00122022726,0.00122022726,676.76619,37.920036,37.920036,2.6874229,2.6874229,3.5151491,3.5151491,0.167956431,0.0,0.0,35.2362874,0.0260253279,0.0,-947.472735,0.908386665,676.76619,0.0,0.0
570.0,0.0,-948.731097,-0.00721943474,-0.00721943474,0.000717257094,0.000717257094,0.00121867395,0.00121867395,677.66502,37.920036,37.920036,2.69099215,2.69099215,3.51885435,3.51885435,0.167923308,0.0,0.0,35.283086,0.0259727667,0.0,-948.731097,0.909593168,677.66502,0.0,0.0
570.5,0.0,-949.986923,-0.00720483483,-0.00720483483,0.000716754099,0.000716754099,0.00121711577,0.00121711577,678.562039,37.920036,37.920036,2.69455418,2.69455418,3.52255009,3.52255009,0.167890145,0.0,0.0,35.3297903,0.0259202419,0.0,-949.986923,0.910797224,678.562039,0.0,0.0
571.0,0.0,-951.240193,-0.00719024535,-0.00719024535,0.000716246355,0.000716246355,0.00121555278,0.00121555278,679.457234,37.920036,37.920036,2.698109,2.698109,3.52623634,3.52623634,0.167856947,0.0,0.0,35.3763989,0.025867754,0.0,-951.240193,0.911998854,679.457234,0.0,0.0
571.5,0.0,-952.490928,-0.00717566615,-0.00717566615,0.000715733922,0.000715733922,0.00121398504,0.00121398504,680.350616,37.920036,37.920036,2.7016566,2.7016566,3.52991308,3.52991308,0.167823709,0.0,0.0,35.4229131,0.0258153039,0.0,-952.490928,0.913198051,680.350616,0.0,0.0
572.0,0.0,-953.739146,-0.00716109748,-0.00716109748,0.000715216805,0.000715216805,0.00121241259,0.00121241259,681.242197,37.920036,37.920036,2.70519699,2.70519699,3.53358036,3.53358036,0.167790434,0.0,0.0,35.4693332,0.0257628914,0.0,-953.739146,0.91439481,681.242197,0.0,0.0
572.5,0.0,-954.984787,-0.00714653929,-0.00714653929,0.000714695045,0.000714695045,0.00121083551,0.00121083551,682.131947,37.920036,37.920036,2.70873021,2.70873021,3.53723834,3.53723834,0.167757124,0.0,0.0,35.5156602,0.0257105167,0.0,-954.984787,0.91558913,682.131947,0.0,0.0
573.0,0.0,-956.227929,-0.00713199193,-0.00713199193,0.00071416866,0.00071416866,0.00120925378,0.00120925378,683.019899,37.920036,37.920036,2.71225626,2.71225626,3.54088681,3.54088681,0.167723772,0.0,0.0,35.5618919,0.0256581806,0.0,-956.227929,0.916781038,683.019899,0.0,0.0
573.5,0.0,-957.46852,-0.00711745525,-0.00711745525,0.000713637681,0.000713637681,0.00120766748,0.00120766748,683.906052,37.920036,37.920036,2.71577511,2.71577511,3.54452588,3.54452588,0.167690391,0.0,0.0,35.6080296,0.025605883,0.0,-957.46852,0.917970502,683.906052,0.0,0.0
574.0,0.0,-958.706599,-0.00710292934,-0.00710292934,0.000713102143,0.000713102143,0.00120607663,0.00120607663,684.790381,37.920036,37.920036,2.71928676,2.71928676,3.54815561,3.54815561,0.167656967,0.0,0.0,35.654073,0.0255536249,0.0,-958.706599,0.919157556,684.790381,0.0,0.0
574.5,0.0,-959.942148,-0.0070884145,-0.0070884145,0.000712562044,0.000712562044,0.00120448137,0.00120448137,685.672899,37.920036,37.920036,2.72279129,2.72279129,3.55177589,3.55177589,0.167623511,0.0,0.0,35.7000226,0.0255014062,0.0,-959.942148,0.920342161,685.672899,0.0,0.0
575.0,0.0,-961.175146,-0.00707391068,-0.00707391068,0.000712017455,0.000712017455,0.00120288162,0.00120288162,686.55363,37.920036,37.920036,2.72628864,2.72628864,3.55538699,3.55538699,0.167590014,0.0,0.0,35.7458781,0.0254492269,0.0,-961.175146,0.921524363,686.55363,0.0,0.0
575.5,0.0,-962.407104,-0.00710583081,-0.00710583081,0.000716149102,0.000716149102,0.00120917837,0.00120917837,687.433862,37.9837796,37.9837796,2.7343746,2.7343746,3.56308583,3.56308583,0.167556472,0.0,0.0,35.7917062,0.0256031938,0.0,-962.407104,0.92284257,687.433862,0.0,0.0
576.0,0.0,-963.672056,-0.00745021847,-0.00745021847,0.000751846871,0.000751846871,0.0012687163,0.0012687163,688.338187,38.3747992,38.3747992,2.76615902,2.76615902,3.59403135,3.59403135,0.167522739,0.0,0.0,35.8387918,0.0268150575,0.0,-963.672056,0.924531618,688.338187,0.0,0.0
576.5,0.0,-965.00265,-0.00783049615,-0.00783049615,0.000791313971,0.000791313971,0.00133450402,0.00133450402,689.288673,38.8111672,38.8111672,2.80147684,2.80147684,3.63565425,3.63565425,0.167488633,0.0,0.0,35.8882805,0.0281710163,0.0,-965.00265,0.925846102,689.288673,0.0,0.0
577.0,0.0,-966.398904,-0.008206672,-0.008206672,0.000830528522,0.000830528522,0.00139974419,0.00139974419,690.285991,39.2475348,39.2475348,2.83707397,2.83707397,3.67813143,3.67813143,0.167454094,0.0,0.0,35.9402064,0.0295241005,0.0,-966.398904,0.927184244,690.285991,0.0,0.0
577.5,0.0,-967.860575,-0.0085819797,-0.0085819797,0.000869823888,0.000869823888,0.00146505652,0.00146505652,691.330076,39.683902,39.683902,2.87295639,2.87295639,3.72084299,3.72084299,0.167419125,0.0,0.0,35.9945656,0.030874309,0.0,-967.860575,0.928584338,691.330076,0.0,0.0
578.0,0.0,-969.387545,-0.0089564851,-0.0089564851,0.000909213912,0.000909213912,0.00153069764,0.00153069764,692.420746,40.1202693,40.1202693,2.90913016,2.90913016,3.76379469,3.76379469,0.167383723,0.0,0.0,36.0513529,0.0322216356,0.0,-969.387545,0.930047019,692.420746,0.0,0.0
578.5,0.0,-970.979638,-0.0093301871,-0.0093301871,0.000948705695,0.000948705695,0.00159645489,0.00159645489,693.557949,40.5566367,40.5566367,2.94560124,2.94560124,3.80699186,3.80699186,0.167347884,0.0,0.0,36.1105622,0.0335660727,0.0,-970.979638,0.931572139,693.557949,0.0,0.0
579.0,0.0,-972.636743,-0.0097030842,-0.0097030842,0.00098830613,0.00098830613,0.00166230393,0.00166230393,694.7416,40.9930044,40.9930044,2.98237559,2.98237559,3.85044027,3.85044027,0.167311598,0.0,0.0,36.1721898,0.0349076137,0.0,-972.636743,0.933159573,694.7416,0.0,0.0
579.5,0.0,-974.358708,-0.0100751737,-0.0100751737,0.00102802203,0.00102802203,0.0017282525,0.0017282525,695.97157,41.4293718,41.4293718,3.01945907,3.01945907,3.89414523,3.89414523,0.167274877,0.0,0.0,36.2362285,0.0362462482,0.0,-974.358708,0.934809195,695.97157,0.0,0.0
580.0,0.0,-976.145389,-0.0104464533,-0.0104464533,0.00106786011,0.00106786011,0.00179430821,0.00179430821,697.247769,41.865739,41.865739,3.05685763,3.05685763,3.93811222,3.93811222,0.167237704,0.0,0.0,36.3026755,0.0375819699,0.0,-976.145389,0.936520873,697.247769,0.0,0.0
580.5,0.0,-977.996654,-0.0108169202,-0.0108169202,0.00110782708,0.00110782708,0.00186047846,0.00186047846,698.570103,42.3021065,42.3021065,3.09457716,3.09457716,3.98234657,3.98234657,0.167200084,0.0,0.0,36.3715227,0.0389147691,0.0,-977.996654,0.938294458,698.570103,0.0,0.0
581.0,0.0,-979.912354,-0.01118657205,-0.01118657205,0.00114792952,0.00114792952,0.00192677056,0.00192677056,699.938446,42.7384743,42.7384743,3.13262349,3.13262349,4.02685349,4.02685349,0.167162006,0.0,0.0,36.4427671,0.0402446341,0.0,-979.912354,0.940129814,699.938446,0.0,0.0
581.5,0.0,-981.89234,-0.0115554059,-0.0115554059,0.00118817398,0.00118817398,0.00199319177,0.00199319177,701.352729,43.1748415,43.1748415,3.17100267,3.17100267,4.07163843,4.07163843,0.167123469,0.0,0.0,36.5164031,0.0415715566,0.0,-981.89234,0.942026814,701.352729,0.0,0.0
582.0,0.0,-983.936488,-0.0119234188,-0.0119234188,0.00122856694,0.00122856694,0.00205974904,0.00205974904,702.812833,43.6112091,43.6112091,3.20972025,3.20972025,4.11670643,4.11670643,0.167084472,0.0,0.0,36.5924234,0.0428955259,0.0,-983.936488,0.943985314,702.812833,0.0,0.0
582.5,0.0,-986.044663,-0.0122906076,-0.0122906076,0.0012691147,0.0012691147,0.0021264493,0.0021264493,704.318664,44.0475763,44.0475763,3.24878219,3.24878219,4.16206264,4.16206264,0.16704501,0.0,0.0,36.6708256,0.0442165307,0.0,-986.044663,0.946005174,704.318664,0.0,0.0
583.0,0.0,-988.216659,-0.012656969,-0.012656969,0.00130982365,0.00130982365,0.00219329927,0.00219329927,705.870088,44.4839441,44.4839441,3.28819424,3.28819424,4.20771212,4.20771212,0.167005073,0.0,0.0,36.7516019,0.0455345586,0.0,-988.216659,0.94808628,705.870088,0.0,0.0
583.5,0.0,-990.452406,-0.0130225004,-0.0130225004,0.00135070002,0.00135070002,0.00226030561,0.00226030561,707.467026,44.9203115,44.9203115,3.3279622,3.3279622,4.25365998,4.25365998,0.166964667,0.0,0.0,36.8347488,0.0468495995,0.0,-990.452406,0.950228459,707.467026,0.0,0.0
584.0,0.0,-992.751716,-0.0133871969,-0.0133871969,0.00139174993,0.00139174993,0.00232747472,0.00232747472,709.109401,45.3566785,45.3566785,3.36809176,3.36809176,4.29991099,4.29991099,0.166923784,0.0,0.0,36.9202596,0.0481616378,0.0,-992.751716,0.952431575,709.109401,0.0,0.0
584.5,0.0,-995.114464,-0.01375105605,-0.01375105605,0.00143297955,0.00143297955,0.002394813,0.002394813,710.797096,45.7930461,45.7930461,3.4085888,3.4085888,4.34647025,4.34647025,0.166882417,0.0,0.0,37.0081301,0.0494706637,0.0,-995.114464,0.95469553,710.797096,0.0,0.0
585.0,0.0,-997.540495,-0.01411407365,-0.01411407365,0.00147439485,0.00147439485,0.00246232658,0.00246232658,712.529961,46.2294137,46.2294137,3.44945887,3.44945887,4.39334255,4.39334255,0.166840565,0.0,0.0,37.0983523,0.0507766631,0.0,-997.540495,0.957020117,712.529961,0.0,0.0
585.5,0.0,-1000.029657,-0.0144762465,-0.0144762465,0.00151600182,0.00151600182,0.00253002147,0.00253002147,714.307932,46.6657818,46.6657818,3.4907076,3.4907076,4.4405326,4.4405326,0.166798224,0.0,0.0,37.1909239,0.0520796203,0.0,-1000.029657,0.959405257,714.307932,0.0,0.0
586.0,0.0,-1002.58183,-0.0148375696,-0.0148375696,0.00155780633,0.00155780633,0.00259790362,0.00259790362,716.130905,47.102149,47.102149,3.53234089,3.53234089,4.48804504,4.48804504,0.166755388,0.0,0.0,37.2858384,0.0533795226,0.0,-1002.58183,0.961850791,716.130905,0.0,0.0
586.5,0.0,-1005.196815,-0.01519803965,-0.01519803965,0.00159981415,0.00159981415,0.00266597869,0.00266597869,717.998764,47.538516,47.538516,3.57436417,3.57436417,4.53588491,4.53588491,0.166712051,0.0,0.0,37.3830891,0.0546763559,0.0,-1005.196815,0.96435656,717.998764,0.0,0.0
587.0,0.0,-1007.87452,-0.0155576521,-0.0155576521,0.00164203106,0.00164203106,0.00273425239,0.00273425239,719.911394,47.9748837,47.9748837,3.61678314,3.61678314,4.58405645,4.58405645,0.166668214,0.0,0.0,37.4826725,0.0559701033,0.0,-1007.87452,0.966922408,719.911394,0.0,0.0
587.5,0.0,-1010.614746,-0.0159164032,-0.0159164032,0.00168446266,0.00168446266,0.00280273003,0.00280273003,721.868692,48.411251,48.411251,3.65960338,3.65960338,4.63256431,4.63256431,0.166623861,0.0,0.0,37.58458,0.0572607513,0.0,-1010.614746,0.96954824,721.868692,0.0,0.0
588.0,0.0,-1013.41738,-0.0162742873,-0.0162742873,0.00172711457,0.00172711457,0.00287141698,0.00287141698,723.870571,48.8476182,48.8476182,3.70283045,3.70283045,4.68141324,4.68141324,0.166579006,0.0,0.0,37.6888095,0.0585482816,0.0,-1013.41738,0.97223387,723.870571,0.0,0.0
588.5,0.0,-1016.282217,-0.0166294021,-0.0166294021,0.00176978983,0.00176978983,0.0029399822,0.0029399822,725.91687,49.2787474,49.2787474,3.7460711,3.7460711,4.73014265,4.73014265,0.166533631,0.0,0.0,37.7953521,0.059815783,0.0,-1016.282217,0.974971706,725.91687,0.0,0.0
589.0,0.0,-1019.192684,-0.0167398772,-0.0167398772,0.00178663893,0.00178663893,0.00296553502,0.00296553502,727.994962,49.43234,49.43234,3.76849683,3.76849683,4.75451901,4.75451901,0.166487835,0.0,0.0,37.9035483,0.0601827331,0.0,-1019.192684,0.977272422,727.994962,0.0,0.0
589.5,0.0,-1022.102762,-0.0166924505,-0.0166924505,0.00178666465,0.00178666465,0.00296313986,0.00296313986,730.073291,49.43234,49.43234,3.77925553,3.77925553,4.76528189,4.76528189,0.166441888,0.0,0.0,38.0117591,0.0600518774,0.0,-1022.102762,0.979907309,730.073291,0.0,0.0
590.0,0.0,-1025.00612,-0.0166557382,-0.0166557382,0.00178779925,0.00178779925,0.00296259209,0.00296259209,732.147135,49.43234,49.43234,3.78999081,3.78999081,4.77600852,4.77600852,0.166395825,0.0,0.0,38.1197335,0.059920953,0.0,-1025.00612,0.982687307,732.147135,0.0,0.0
590.5,0.0,-1027.90315,-0.0166193171,-0.0166193171,0.00178893176,0.00178893176,0.00296204708,0.00296204708,734.216421,49.43234,49.43234,3.8007026,3.8007026,4.78669941,4.78669941,0.166349648,0.0,0.0,38.2274741,0.0597899453,0.0,-1027.90315,0.985464813,734.216421,0.0,0.0
591.0,0.0,-1030.79384,-0.0165828787,-0.0165828787,0.0017900293,0.0017900293,0.00296145047,0.00296145047,736.281212,49.43234,49.43234,3.81139101,3.81139101,4.79735424,4.79735424,0.166303354,0.0,0.0,38.3349777,0.0596588561,0.0,-1030.79384,0.988236269,736.281212,0.0,0.0
591.5,0.0,-1033.6782,-0.0165464189,-0.0165464189,0.00179109147,0.00179109147,0.00296080155,0.00296080155,738.341448,49.43234,49.43234,3.82205597,3.82205597,4.80797333,4.80797333,0.16625695,0.0,0.0,38.4422452,0.0595276872,0.0,-1033.6782,0.991001659,738.341448,0.0,0.0
592.0,0.0,-1036.55616,-0.0165099378,-0.0165099378,0.00179211831,0.00179211831,0.00296010058,0.00296010058,740.397163,49.43234,49.43234,3.83269741,3.83269741,4.81855671,4.81855671,0.166210431,0.0,0.0,38.5492766,0.0593964414,0.0,-1036.55616,0.99376096,740.397163,0.0,0.0
592.5,0.0,-1039.4278,-0.0164734358,-0.0164734358,0.00179310995,0.00179310995,0.00295934804,0.00295934804,742.448329,49.43234,49.43234,3.84331529,3.84331529,4.82910451,4.82910451,0.1661638,0.0,0.0,38.6560722,0.0592651227,0.0,-1039.4278,0.996514147,742.448329,0.0,0.0
593.0,0.0,-1042.29308,-0.0164369147,-0.0164369147,0.00179406655,0.00179406655,0.00295854411,0.00295854411,744.494947,49.43234,49.43234,3.85390973,3.85390973,4.83961664,4.83961664,0.166117056,0.0,0.0,38.7626306,0.0591337322,0.0,-1042.29308,0.999261289,744.494947,0.0,0.0
593.5,0.0,-1045.15198,-0.0164003736,-0.0164003736,0.00179498817,0.00179498817,0.00295768922,0.00295768922,746.537022,49.43234,49.43234,3.86448068,3.86448068,4.85009343,4.85009343,0.166070206,0.0,0.0,38.8689525,0.0590022727,0.0,-1045.15198,1.0020023,746.537022,0.0,0.0
594.0,0.0,-1048.00451,-0.0163638147,-0.0163638147,0.00179587502,0.00179587502,0.00295678369,0.00295678369,748.57456,49.43234,49.43234,3.87502801,3.87502801,4.86053483,4.86053483,0.166023235,0.0,0.0,38.975039,0.0588707471,0.0,-1048.00451,1.00473722,748.57456,0.0,0.0
594.5,0.0,-1050.8507,-0.0163272381,-0.0163272381,0.00179672722,0.00179672722,0.00295582781,0.00295582781,750.607546,49.43234,49.43234,3.88555188,3.88555188,4.87094102,4.87094102,0.165976159,0.0,0.0,39.0808885,0.0587391576,0.0,-1050.8507,1.00746603,750.607546,0.0,0.0
595.0,0.0,-1053.69054,-0.0162906443,-0.0162906443,0.00179754484,0.00179754484,0.00295482198,0.00295482198,752.63599,49.43234,49.43234,3.89605218,3.89605218,4.88131193,4.88131193,0.165928966,0.0,0.0,39.1864991,0.0586075078,0.0,-1053.69054,1.01018872,752.63599,0.0,0.0
595.5,0.0,-1056.52396,-0.0162540336,-0.0162540336,0.00179832803,0.00179832803,0.00295376646,0.00295376646,754.659861,49.43234,49.43234,3.90652891,3.90652891,4.89164784,4.89164784,0.165881671,0.0,0.0,39.2918744,0.0584757986,0.0,-1056.52396,1.01290534,754.659861,0.0,0.0
596.0,0.0,-1059.35098,-0.0162174086,-0.0162174086,0.00179907697,0.00179907697,0.00295266155,0.00295266155,756.679198,49.43234,49.43234,3.91698206,3.91698206,4.9019488,4.9019488,0.16583426,0.0,0.0,39.3970119,0.0583440334,0.0,-1059.35098,1.0156158,756.679198,0.0,0.0
596.5,0.0,-1062.1717,-0.0161807679,-0.0161807679,0.00179979176,0.00179979176,0.00295150765,0.00295150765,758.693965,49.43234,49.43234,3.9274116,3.9274116,4.91221466,4.91221466,0.165786738,0.0,0.0,39.5019116,0.0582122154,0.0,-1062.1717,1.01832017,758.693965,0.0,0.0
597.0,0.0,-1064.98599,-0.0161441127,-0.0161441127,0.00180047247,0.00180047247,0.00295030516,0.00295030516,760.704188,49.43234,49.43234,3.93781756,3.93781756,4.92244588,4.92244588,0.165739105,0.0,0.0,39.6065751,0.0580803446,0.0,-1064.98599,1.02101844,760.704188,0.0,0.0
597.5,0.0,-1067.7939,-0.0161074443,-0.0161074443,0.00180111935,0.00180111935,0.00294905425,0.00294905425,762.709844,49.43234,49.43234,3.94819994,3.94819994,4.9326423,4.9326423,0.165691368,0.0,0.0,39.7110013,0.0579484264,0.0,-1067.7939,1.02371054,762.709844,0.0,0.0
598.0,0.0,-1070.59543,-0.0160707636,-0.0160707636,0.00180173246,0.00180173246,0.00294775534,0.00294775534,764.710914,49.43234,49.43234,3.95855868,3.95855868,4.94280411,4.94280411,0.165643517,0.0,0.0,39.8151901,0.0578164619,0.0,-1070.59543,1.02639656,764.710914,0.0,0.0
598.5,0.0,-1073.39058,-0.0160340703,-0.0160340703,0.00180231197,0.00180231197,0.00294640879,0.00294640879,766.707448,49.43234,49.43234,3.96889381,3.96889381,4.95293132,4.95293132,0.165595554,0.0,0.0,39.9191411,0.0576844535,0.0,-1073.39058,1.02907646,766.707448,0.0,0.0
599.0,0.0,-1076.17934,-0.0159973656,-0.0159973656,0.00180285799,0.00180285799,0.00294501485,0.00294501485,768.699415,49.43234,49.43234,3.97920535,3.97920535,4.96302411,4.96302411,0.16554749,0.0,0.0,40.0228538,0.0575524042,0.0,-1076.17934,1.03175021,768.699415,0.0,0.0
599.5,0.0,-1078.96172,-0.0159606502,-0.0159606502,0.00180337072,0.00180337072,0.00294357387,0.00294357387,770.686833,49.43234,49.43234,3.98949314,3.98949314,4.97308252,4.97308252,0.165499315,0.0,0.0,40.1263288,0.0574203153,0.0,-1078.96172,1.03441783,770.686833,0.0,0.0
600.0,0.0,-1081.73766,-0.0159239244,-0.0159239244,0.00180385017,0.00180385017,0.00294208618,0.00294208618,772.669655,49.43234,49.43234,3.99975741,3.99975741,4.98310663,4.98310663,0.165451029,0.0,0.0,40.2295664,0.0572881907,0.0,-1081.73766,1.03707935,772.669655,0.0,0.0
600.5,0.0,-1084.50724,-0.0158871889,-0.0158871889,0.00180429659,0.00180429659,0.00294055214,0.00294055214,774.647934,49.43234,49.43234,4.00999795,4.00999795,4.99335526,4.99335526,0.165402638,0.0,0.0,40.3325664,0.0571560326,0.0,-1084.50724,1.03973473,774.647934,0.0,0.0
601.0,0.0,-1087.27041,-0.0158504459,-0.0158504459,0.0018047101,0.0018047101,0.0029389721,0.0029389721,776.62162,49.43234,49.43234,4.02021487,4.02021487,5.00424866,5.00424866,0.16535413,0.0,0.0,40.4353281,0.0570238426,0.0,-1087.27041,1.04238396,776.62162,0.0,0.0
601.5,0.0,-1090.02722,-0.0158136937,-0.0158136937,0.00180509082,0.00180509082,0.00293734627,0.00293734627,778.59074,49.43234,49.43234,4.03040809,4.03040809,5.01514426,5.01514426,0.165305504,0.0,0.0,40.537852,0.0568916228,0.0,-1090.02722,1.04502707,778.59074,0.0,0.0
602.0,0.0,-1092.77756,-0.0157769341,-0.0157769341,0.00180543889,0.00180543889,0.00293567505,0.00293567505,780.555291,49.43234,49.43234,4.04057778,4.04057778,5.0260066,5.0260066,0.165256762,0.0,0.0,40.6401372,0.0567593773,0.0,-1092.77756,1.04766406,780.555291,0.0,0.0
602.5,0.0,-1095.52154,-0.0157401679,-0.0157401679,0.00180575445,0.00180575445,0.00293395882,0.00293395882,782.515281,49.43234,49.43234,4.05072375,4.05072375,5.03683614,5.03683614,0.165207906,0.0,0.0,40.7421851,0.0566271072,0.0,-1095.52154,1.05029486,782.515281,0.0,0.0
603.0,0.0,-1098.2591,-0.015703396,-0.015703396,0.00180603768,0.00180603768,0.00293219778,0.00293219778,784.47068,49.43234,49.43234,4.06084589,4.06084589,5.04763264,5.04763264,0.165158931,0.0,0.0,40.8439947,0.056494815,0.0,-1098.2591,1.05291957,784.47068,0.0,0.0
603.5,0.0,-1100.9903,-0.0156666182,-0.0156666182,0.00180628864,0.00180628864,0.00293039238,0.00293039238,786.421519,49.43234,49.43234,4.07094452,4.07094452,5.05839624,5.05839624,0.165109836,0.0,0.0,40.9455666,0.0563625037,0.0,-1100.9903,1.05553814,786.421519,0.0,0.0
604.0,0.0,-1103.71502,-0.0156298359,-0.0156298359,0.00180650758,0.00180650758,0.00292854285,0.00292854285,788.367778,49.43234,49.43234,4.08101934,4.08101934,5.06912695,5.06912695,0.165060632,0.0,0.0,41.0468993,0.0562301751,0.0,-1103.71502,1.05815056,788.367778,0.0,0.0
604.5,0.0,-1106.43339,-0.01559304945,-0.01559304945,0.00180669456,0.00180669456,0.00292664958,0.00292664958,790.309457,49.43234,49.43234,4.09107063,4.09107063,5.07982502,5.07982502,0.165011306,0.0,0.0,41.1479944,0.0560978307,0.0,-1106.43339,1.06075681,790.309457,0.0,0.0
605.0,0.0,-1109.14535,-0.01555625935,-0.01555625935,0.00180684976,0.00180684976,0.00292471285,0.00292471285,792.246568,49.43234,49.43234,4.10109809,4.10109809,5.09049033,5.09049033,0.164961867,0.0,0.0,41.2488523,0.0559654738,0.0,-1109.14535,1.06335697,792.246568,0.0,0.0
605.5,0.0,-1111.85088,-0.0155194665,-0.0155194665,0.00180697335,0.00180697335,0.00292273299,0.00292273299,794.179095,49.43234,49.43234,4.1111019,4.1111019,5.10112297,5.10112297,0.164912315,0.0,0.0,41.34947,0.0558331084,0.0,-1111.85088,1.06595097,794.179095,0.0,0.0
606.0,0.0,-1114.55002,-0.0154826716,-0.0154826716,0.00180706542,0.00180706542,0.00292071038,0.00292071038,796.107064,49.43234,49.43234,4.12108211,4.12108211,5.11172312,5.11172312,0.164862646,0.0,0.0,41.4498508,0.0557007345,0.0,-1114.55002,1.06853884,796.107064,0.0,0.0
606.5,0.0,-1117.24274,-0.0154458748,-0.0154458748,0.00180712618,0.00180712618,0.00291864522,0.00291864522,798.030435,49.43234,49.43234,4.13103851,4.13103851,5.12229058,5.12229058,0.164812856,0.0,0.0,41.5499926,0.0555683537,0.0,-1117.24274,1.07112053,798.030435,0.0,0.0
607.0,0.0,-1119.92911,-0.01540907745,-0.01540907745,0.00180715569,0.00180715569,0.00291653792,0.00291653792,799.949243,49.43234,49.43234,4.14097129,4.14097129,5.13282584,5.13282584,0.16476296,0.0,0.0,41.6498968,0.0554359712,0.0,-1119.92911,1.0736961,799.949243,0.0,0.0
607.5,0.0,-1122.60899,-0.0153722795,-0.0153722795,0.00180715417,0.00180715417,0.0029143888,0.0029143888,801.86346,49.43234,49.43234,4.15088035,4.15088035,5.14332839,5.14332839,0.164712947,0.0,0.0,41.7495615,0.055303587,0.0,-1122.60899,1.07626554,801.86346,0.0,0.0
608.0,0.0,-1125.28252,-0.01533548215,-0.01533548215,0.00180712177,0.00180712177,0.00291219812,0.00291219812,803.773113,49.43234,49.43234,4.16076572,4.16076572,5.15379878,5.15379878,0.164662823,0.0,0.0,41.8489888,0.0551712034,0.0,-1125.28252,1.07882884,803.773113,0.0,0.0
608.5,0.0,-1127.9496,-0.0152986856,-0.0152986856,0.0018070586,0.0018070586,0.00290996625,0.00290996625,805.67819,49.43234,49.43234,4.17062751,4.17062751,5.16423682,5.16423682,0.164612583,0.0,0.0,41.9481777,0.0550388236,0.0,-1127.9496,1.08138597,805.67819,0.0,0.0
609.0,0.0,-1130.61032,-0.0152618907,-0.0152618907,0.00180696481,0.00180696481,0.00290769355,0.00290769355,807.578688,49.43234,49.43234,4.18046547,4.18046547,5.17464263,5.17464263,0.164562229,0.0,0.0,42.0471287,0.0549064501,0.0,-1130.61032,1.08393699,807.578688,0.0,0.0
609.5,0.0,-1133.26461,-0.0152250981,-0.0152250981,0.00180684057,0.00180684057,0.00290538029,0.00290538029,809.474606,49.43234,49.43234,4.19027977,4.19027977,5.18501629,5.18501629,0.164511762,0.0,0.0,42.1458412,0.054774085,0.0,-1133.26461,1.08648184,809.474606,0.0,0.0
610.0,0.0,-1135.91246,-0.01518830815,-0.01518830815,0.00180668604,0.00180668604,0.00290302673,0.00290302673,811.365957,49.43234,49.43234,4.20007029,4.20007029,5.19535779,5.19535779,0.164461188,0.0,0.0,42.2443152,0.0546417281,0.0,-1135.91246,1.08902059,811.365957,0.0,0.0
610.5,0.0,-1138.55393,-0.01515152185,-0.01515152185,0.00180650135,0.00180650135,0.00290063327,0.00290063327,813.252711,49.43234,49.43234,4.20983739,4.20983739,5.20566739,5.20566739,0.164410495,0.0,0.0,42.3425512,0.0545093854,0.0,-1138.55393,1.09155316,813.252711,0.0,0.0
611.0,0.0,-1141.18901,-0.01511473955,-0.01511473955,0.00180628664,0.00180628664,0.0028982002,0.0028982002,815.134918,49.43234,49.43234,4.21958053,4.21958053,5.21594488,5.21594488,0.164359693,0.0,0.0,42.4405492,0.054377057,0.0,-1141.18901,1.0940796,815.134918,0.0,0.0
611.5,0.0,-1143.8177,-0.0150779618,-0.0150779618,0.00180604208,0.00180604208,0.00289572784,0.00289572784,817.012533,49.43234,49.43234,4.22930013,4.22930013,5.22619048,5.22619048,0.164308778,0.0,0.0,42.5383081,0.0542447453,0.0,-1143.8177,1.09659989,817.012533,0.0,0.0
612.0,0.0,-1146.43994,-0.0150411894,-0.0150411894,0.00180576786,0.00180576786,0.00289321645,0.00289321645,818.885573,49.43234,49.43234,4.23899602,4.23899602,5.23640407,5.23640407,0.164257751,0.0,0.0,42.6358296,0.054112452,0.0,-1146.43994,1.09911406,818.885573,0.0,0.0
612.5,0.0,-1149.05579,-0.01500442315,-0.01500442315,0.00180546406,0.00180546406,0.00289066647,0.00289066647,820.754044,49.43234,49.43234,4.24866827,4.24866827,5.24658605,5.24658605,0.164206616,0.0,0.0,42.7331122,0.0539801806,0.0,-1149.05579,1.10162208,820.754044,0.0,0.0
613.0,0.0,-1151.66527,-0.01496766335,-0.01496766335,0.00180513083,0.00180513083,0.00288807806,0.00288807806,822.617948,49.43234,49.43234,4.25831684,4.25831684,5.25673625,5.25673625,0.164155367,0.0,0.0,42.8301578,0.0538479328,0.0,-1151.66527,1.10412398,822.617948,0.0,0.0
613.5,0.0,-1154.2683,-0.0149309102,-0.0149309102,0.00180476843,0.00180476843,0.00288545169,0.00288545169,824.477281,49.43234,49.43234,4.26794177,4.26794177,5.26685467,5.26685467,0.164104006,0.0,0.0,42.9269647,0.0537157099,0.0,-1154.2683,1.10661974,824.477281,0.0,0.0
614.0,0.0,-1156.86499,-0.01489416495,-0.01489416495,0.0018043769,0.0018043769,0.00288278749,0.00288278749,826.332032,49.43234,49.43234,4.27754289,4.27754289,5.27694154,5.27694154,0.164052536,0.0,0.0,43.0235344,0.0535835155,0.0,-1156.86499,1.10910935,826.332032,0.0,0.0
614.5,0.0,-1159.45524,-0.01485742805,-0.01485742805,0.00180395644,0.00180395644,0.00288008591,0.00288008591,828.182212,49.43234,49.43234,4.28712051,4.28712051,5.28699692,5.28699692,0.164000955,0.0,0.0,43.1198653,0.0534513498,0.0,-1159.45524,1.11159285,828.182212,0.0,0.0
615.0,0.0,-1162.03913,-0.0148207,-0.0148207,0.0018035072,0.0018035072,0.0028773472,0.0028773472,830.02784,49.43234,49.43234,4.29667438,4.29667438,5.29702075,5.29702075,0.163949266,0.0,0.0,43.2159587,0.0533192151,0.0,-1162.03913,1.1140702,830.02784,0.0,0.0
615.5,0.0,-1164.61662,-0.01478398145,-0.01478398145,0.00180302934,0.00180302934,0.00287457173,0.00287457173,831.868888,49.43234,49.43234,4.30620479,4.30620479,5.30701317,5.30701317,0.163897467,0.0,0.0,43.3118146,0.0531871164,0.0,-1164.61662,1.11654144,831.868888,0.0,0.0
616.0,0.0,-1167.18768,-0.01474727275,-0.01474727275,0.00180252303,0.00180252303,0.00287175975,0.00287175975,833.705362,49.43234,49.43234,4.3157113,4.3157113,5.31697418,5.31697418,0.163845561,0.0,0.0,43.407433,0.0530550529,0.0,-1167.18768,1.11900652,833.705362,0.0,0.0
616.5,0.0,-1169.75234,-0.01471057465,-0.01471057465,0.00180198838,0.00180198838,0.00286891156,0.00286891156,835.537303,49.43234,49.43234,4.32519446,4.32519446,5.32690385,5.32690385,0.163793545,0.0,0.0,43.5028125,0.0529230271,0.0,-1169.75234,1.12146549,835.537303,0.0,0.0
617.0,0.0,-1172.31067,-0.0146738876,-0.0146738876,0.00180142559,0.00180142559,0.00286602753,0.00286602753,837.364656,49.43234,49.43234,4.33465373,4.33465373,5.33680236,5.33680236,0.16374142,0.0,0.0,43.5979547,0.052791042,0.0,-1172.31067,1.12391832,837.364656,0.0,0.0
617.5,0.0,-1174.86257,-0.01463721245,-0.01463721245,0.00180083477,0.00180083477,0.00286310788,0.00286310788,839.187433,49.43234,49.43234,4.34408957,4.34408957,5.34666963,5.34666963,0.163689183,0.0,0.0,43.6928606,0.0526590987,0.0,-1174.86257,1.12636505,839.187433,0.0,0.0
618.0,0.0,-1177.40811,-0.0146005497,-0.0146005497,0.00180021616,0.00180021616,0.00286015299,0.00286015299,841.005683,49.43234,49.43234,4.35350168,4.35350168,5.35650577,5.35650577,0.163636842,0.0,0.0,43.7875275,0.052527201,0.0,-1177.40811,1.1288057,841.005683,0.0,0.0
618.5,0.0,-1179.94726,-0.0145639,-0.0145639,0.0017995698,0.0017995698,0.00285716313,0.00285716313,842.819356,49.43234,49.43234,4.36289027,4.36289027,5.36631092,5.36631092,0.16358439,0.0,0.0,43.8819579,0.0523953484,0.0,-1179.94726,1.13124015,842.819356,0.0,0.0
619.0,0.0,-1182.47998,-0.01452726315,-0.01452726315,0.0017988959,0.0017988959,0.00285413859,0.00285413859,844.62847,49.43234,49.43234,4.37225533,4.37225533,5.37608503,5.37608503,0.163531829,0.0,0.0,43.9761507,0.0522635455,0.0,-1182.47998,1.13366851,844.62847,0.0,0.0
619.5,0.0,-1185.00638,-0.0144906411,-0.0144906411,0.00179819468,0.00179819468,0.00285107968,0.00285107968,846.433021,49.43234,49.43234,4.38159662,4.38159662,5.38582817,5.38582817,0.163479171,0.0,0.0,44.0701062,0.0521317904,0.0,-1185.00638,1.13609077,846.433021,0.0,0.0
620.0,0.0,-1187.52636,-0.0144540329,-0.0144540329,0.00179746623,0.00179746623,0.00284798678,0.00284798678,848.233018,49.43234,49.43234,4.39091441,4.39091441,5.39554054,5.39554054,0.163426397,0.0,0.0,44.1638239,0.0520000892,0.0,-1187.52636,1.1385069,848.233018,0.0,0.0
620.5,0.0,-1190.04003,-0.0144174402,-0.0144174402,0.00179671067,0.00179671067,0.00284486011,0.00284486011,850.028489,49.43234,49.43234,4.40020871,4.40020871,5.40522203,5.40522203,0.163373519,0.0,0.0,44.2573065,0.0518684427,0.0,-1190.04003,1.14091695,850.028489,0.0,0.0
621.0,0.0,-1192.54729,-0.01438086275,-0.01438086275,0.00179592827,0.00179592827,0.00284169995,0.00284169995,851.819386,49.43234,49.43234,4.40947932,4.40947932,5.41487285,5.41487285,0.163320536,0.0,0.0,44.3505512,0.0517368516,0.0,-1192.54729,1.14332085,851.819386,0.0,0.0
621.5,0.0,-1195.04818,-0.014344302,-0.014344302,0.00179511912,0.00179511912,0.00283850667,0.00283850667,853.605742,49.43234,49.43234,4.41872661,4.41872661,5.42449306,5.42449306,0.163267445,0.0,0.0,44.4435586,0.0516053197,0.0,-1195.04818,1.14571868,853.605742,0.0,0.0
622.0,0.0,-1197.54275,-0.0143077578,-0.0143077578,0.00179428335,0.00179428335,0.00283528051,0.00283528051,855.387572,49.43234,49.43234,4.42795015,4.42795015,5.43408241,5.43408241,0.163214246,0.0,0.0,44.5363302,0.0514738479,0.0,-1197.54275,1.14811041,855.387572,0.0,0.0
622.5,0.0,-1200.03088,-0.0142712309,-0.0142712309,0.00179342114,0.00179342114,0.00283202179,0.00283202179,857.164831,49.43234,49.43234,4.43715028,4.43715028,5.44364135,5.44364135,0.163160944,0.0,0.0,44.6288642,0.0513424378,0.0,-1200.03088,1.15049604,857.164831,0.0,0.0
623.0,0.0,-1202.5127,-0.0142347218,-0.0142347218,0.00179253271,0.00179253271,0.00282873087,0.00282873087,858.937546,49.43234,49.43234,4.44632683,4.44632683,5.45316982,5.45316982,0.163107532,0.0,0.0,44.7211631,0.0512110922,0.0,-1202.5127,1.15287553,858.937546,0.0,0.0
623.5,0.0,-1204.98819,-0.0141982309,-0.0141982309,0.00179161816,0.00179161816,0.00282540792,0.00282540792,860.705736,49.43234,49.43234,4.45547989,4.45547989,5.46266793,5.46266793,0.163054022,0.0,0.0,44.8132238,0.051079813,0.0,-1204.98819,1.15524897,860.705736,0.0,0.0
624.0,0.0,-1207.45727,-0.01416175915,-0.01416175915,0.00179067761,0.00179067761,0.00282205332,0.00282205332,862.46937,49.43234,49.43234,4.46460947,4.46460947,5.4721356,5.4721356,0.163000402,0.0,0.0,44.9050494,0.0509486013,0.0,-1207.45727,1.15761631,862.46937,0.0,0.0
624.5,0.0,-1209.92006,-0.0141253066,-0.0141253066,0.00178971133,0.00178971133,0.00281866732,0.00281866732,864.22847,49.43234,49.43234,4.47371551,4.47371551,5.48157286,5.48157286,0.16294668,0.0,0.0,44.9966395,0.0508174584,0.0,-1209.92006,1.15997756,864.22847,0.0,0.0
625.0,0.0,-1212.37646,-0.01408887425,-0.01408887425,0.00178871939,0.00178871939,0.00281525022,0.00281525022,865.983073,49.43234,49.43234,4.48279821,4.48279821,5.49098017,5.49098017,0.162892854,0.0,0.0,45.0879922,0.0506863883,0.0,-1212.37646,1.16233278,865.983073,0.0,0.0
625.5,0.0,-1214.82653,-0.01405246235,-0.01405246235,0.00178770197,0.00178770197,0.00281180239,0.00281180239,867.733111,49.43234,49.43234,4.49185745,4.49185745,5.50035715,5.50035715,0.162838926,0.0,0.0,45.1791102,0.0505553919,0.0,-1214.82653,1.16468181,867.733111,0.0,0.0
626.0,0.0,-1217.27025,-0.0140160712,-0.0140160712,0.00178665925,0.00178665925,0.00280832403,0.00280832403,869.478641,49.43234,49.43234,4.5008931,4.5008931,5.50970402,5.50970402,0.16278489,0.0,0.0,45.2699918,0.0504244711,0.0,-1217.27025,1.16702486,869.478641,0.0,0.0
626.5,0.0,-1219.70763,-0.01397970165,-0.01397970165,0.00178559136,0.00178559136,0.00280481538,0.00280481538,871.219643,49.43234,49.43234,4.50990556,4.50990556,5.51902102,5.51902102,0.162730753,0.0,0.0,45.3606383,0.0502936283,0.0,-1219.70763,1.16936183,871.219643,0.0,0.0
627.0,0.0,-1222.13869,-0.0139433541,-0.0139433541,0.00178449846,0.00178449846,0.00280127695,0.00280127695,872.95612,49.43234,49.43234,4.51889445,4.51889445,5.5283079,5.5283079,0.162676514,0.0,0.0,45.451049,0.0501628633,0.0,-1222.13869,1.17169267,872.95612,0.0,0.0
627.5,0.0,-1224.56347,-0.0139070288,-0.0139070288,0.00178338075,0.00178338075,0.00279770878,0.00279770878,874.688072,49.43234,49.43234,4.52786024,4.52786024,5.53756485,5.53756485,0.162622169,0.0,0.0,45.5412235,0.0500321798,0.0,-1224.56347,1.17401751,874.688072,0.0,0.0
628.0,0.0,-1226.98186,-0.0138707269,-0.0138707269,0.00178223838,0.00178223838,0.00279411129,0.00279411129,876.415506,49.43234,49.43234,4.53680218,4.53680218,5.54679217,5.54679217,0.162567723,0.0,0.0,45.6311642,0.0499015779,0.0,-1226.98186,1.17633625,876.415506,0.0,0.0
628.5,0.0,-1229.39393,-0.0138344484,-0.0138344484,0.00178107145,0.00178107145,0.00279048479,0.00279048479,878.138451,49.43234,49.43234,4.54572093,4.54572093,5.5559895,5.5559895,0.162513175,0.0,0.0,45.7208695,0.049771063,0.0,-1229.39393,1.17864894,878.138451,0.0,0.0
629.0,0.0,-1231.79972,-0.01379819365,-0.01379819365,0.00177988022,0.00177988022,0.00278682944,0.00278682944,879.856845,49.43234,49.43234,4.55461641,4.55461641,5.56515717,5.56515717,0.162458525,0.0,0.0,45.8103398,0.0496406326,0.0,-1231.79972,1.18095554,879.856845,0.0,0.0
629.5,0.0,-1234.1992,-0.0137619634,-0.0137619634,0.00177866474,0.00177866474,0.00278314566,0.00278314566,881.570747,49.43234,49.43234,4.56348854,4.56348854,5.57429527,5.57429527,0.16240377,0.0,0.0,45.8995751,0.0495102903,0.0,-1234.1992,1.18325616,881.570747,0.0,0.0
630.0,0.0,-1236.59236,-0.0137257583,-0.0137257583,0.00177742528,0.00177742528,0.00277943365,0.00277943365,883.280161,49.43234,49.43234,4.57233741,4.57233741,5.58340379,5.58340379,0.162348917,0.0,0.0,45.9885765,0.049380039,0.0,-1236.59236,1.18555069,883.280161,0.0,0.0
630.5,0.0,-1238.9792,-0.01368957905,-0.01368957905,0.00177616193,0.00177616193,0.00277569366,0.00277569366,884.985063,49.43234,49.43234,4.58116283,4.58116283,5.59248275,5.59248275,0.162293959,0.0,0.0,46.0773434,0.0492498788,0.0,-1238.9792,1.18783919,884.985063,0.0,0.0
631.0,0.0,-1241.3598,-0.0136534253,-0.0136534253,0.00177487484,0.00177487484,0.00277192609,0.00277192609,886.685451,49.43234,49.43234,4.58996512,4.58996512,5.60153234,5.60153234,0.162238906,0.0,0.0,46.1658763,0.0491198123,0.0,-1241.3598,1.19012166,886.685451,0.0,0.0
631.5,0.0,-1243.73405,-0.01361729825,-0.01361729825,0.0017735642,0.0017735642,0.00276813115,0.00276813115,888.381372,49.43234,49.43234,4.59874399,4.59874399,5.61055245,5.61055245,0.162183751,0.0,0.0,46.2541748,0.0489898409,0.0,-1243.73405,1.19239809,888.381372,0.0,0.0
632.0,0.0,-1246.10206,-0.0135811982,-0.0135811982,0.00177223017,0.00177223017,0.00276430909,0.00276430909,890.072774,49.43234,49.43234,4.60749971,4.60749971,5.61954336,5.61954336,0.162128496,0.0,0.0,46.3422396,0.0488599658,0.0,-1246.10206,1.19466849,890.072774,0.0,0.0
632.5,0.0,-1248.46373,-0.01354512515,-0.01354512515,0.00177087289,0.00177087289,0.00276046025,0.00276046025,891.759714,49.43234,49.43234,4.61623208,4.61623208,5.62850499,5.62850499,0.162073138,0.0,0.0,46.43007,0.0487301897,0.0,-1248.46373,1.19693287,891.759714,0.0,0.0
633.0,0.0,-1250.81917,-0.0135090803,-0.0135090803,0.00176949261,0.00176949261,0.00275658481,0.00275658481,893.442165,49.43234,49.43234,4.62494126,4.62494126,5.63743743,5.63743743,0.162017681,0.0,0.0,46.5176676,0.0486005139,0.0,-1250.81917,1.19919121,893.442165,0.0,0.0
633.5,0.0,-1253.16832,-0.01347306375,-0.01347306375,0.00176808934,0.00176808934,0.00275268325,0.00275268325,895.120113,49.43234,49.43234,4.63362734,4.63362734,5.64634071,5.64634071,0.161962124,0.0,0.0,46.6050319,0.0484709392,0.0,-1253.16832,1.20144357,895.120113,0.0,0.0
634.0,0.0,-1255.51117,-0.01343707595,-0.01343707595,0.00176666334,0.00176666334,0.00274875561,0.00274875561,896.79358,49.43234,49.43234,4.64229022,4.64229022,5.6552149,5.6552149,0.161906472,0.0,0.0,46.6921628,0.0483414694,0.0,-1255.51117,1.20368989,896.79358,0.0,0.0
634.5,0.0,-1257.8478,-0.0134011174,-0.0134011174,0.00176521472,0.00176521472,0.00274480228,0.00274480228,898.462611,49.43234,49.43234,4.65092993,4.65092993,5.66406032,5.66406032,0.161850715,0.0,0.0,46.779061,0.0482121049,0.0,-1257.8478,1.20593023,898.462611,0.0,0.0
635.0,0.0,-1260.17815,-0.01336518855,-0.01336518855,0.0017637437,0.0017637437,0.00274082352,0.00274082352,900.127145,49.43234,49.43234,4.65954642,4.65954642,5.67287674,5.67287674,0.161794861,0.0,0.0,46.8657275,0.0480828464,0.0,-1260.17815,1.20816457,900.127145,0.0,0.0
635.5,0.0,-1262.50225,-0.0133292897,-0.0133292897,0.00176225038,0.00176225038,0.00273681958,0.00273681958,901.787216,49.43234,49.43234,4.66813994,4.66813994,5.68166426,5.68166426,0.161738908,0.0,0.0,46.9521596,0.0479536973,0.0,-1262.50225,1.21039289,901.787216,0.0,0.0
636.0,0.0,-1264.82007,-0.01329342185,-0.01329342185,0.00176073495,0.00176073495,0.00273279081,0.00273279081,903.442839,49.43234,49.43234,4.67671013,4.67671013,5.69042286,5.69042286,0.161682863,0.0,0.0,47.0383598,0.0478246576,0.0,-1264.82007,1.21261526,903.442839,0.0,0.0
636.5,0.0,-1267.13171,-0.013257585,-0.013257585,0.00175919758,0.00175919758,0.00272873736,0.00272873736,905.093969,49.43234,49.43234,4.68525746,4.68525746,5.69915298,5.69915298,0.161626714,0.0,0.0,47.1243285,0.0476957303,0.0,-1267.13171,1.2148316,905.093969,0.0,0.0
637.0,0.0,-1269.4371,-0.0132217796,-0.0132217796,0.00175763841,0.00175763841,0.00272465957,0.00272465957,906.740673,49.43234,49.43234,4.69378162,4.69378162,5.7078544,5.7078544,0.161570468,0.0,0.0,47.210064,0.0475669166,0.0,-1269.4371,1.21704196,906.740673,0.0,0.0
637.5,0.0,-1271.73621,-0.013186006,-0.013186006,0.00175605759,0.00175605759,0.0027205577,0.0027205577,908.382914,49.43234,49.43234,4.70228281,4.70228281,5.71652732,5.71652732,0.161514122,0.0,0.0,47.2955691,0.0474382176,0.0,-1271.73621,1.21924639,908.382914,0.0,0.0
638.0,0.0,-1274.02914,-0.013150265,-0.013150265,0.00175445528,0.00175445528,0.00271643197,0.00271643197,910.020716,49.43234,49.43234,4.71076095,4.71076095,5.72517149,5.72517149,0.161457683,0.0,0.0,47.3808417,0.0473096342,0.0,-1274.02914,1.22144483,910.020716,0.0,0.0
638.5,0.0,-1276.31584,-0.01311455705,-0.01311455705,0.00175283173,0.00175283173,0.00271228279,0.00271228279,911.654067,49.43234,49.43234,4.71921614,4.71921614,5.73378735,5.73378735,0.161401145,0.0,0.0,47.4658831,0.0471811705,0.0,-1276.31584,1.22363728,911.654067,0.0,0.0
639.0,0.0,-1278.59632,-0.01307888205,-0.01307888205,0.00175118696,0.00175118696,0.00270811027,0.00270811027,913.282977,49.43234,49.43234,4.72764821,4.72764821,5.74237482,5.74237482,0.16134451,0.0,0.0,47.5506939,0.0470528265,0.0,-1278.59632,1.2258238,913.282977,0.0,0.0
639.5,0.0,-1280.87058,-0.0130432407,-0.0130432407,0.00174952122,0.00174952122,0.00270391469,0.00270391469,914.907469,49.43234,49.43234,4.7360574,4.7360574,5.75093392,5.75093392,0.161287785,0.0,0.0,47.6352729,0.0469246037,0.0,-1280.87058,1.22800438,914.907469,0.0,0.0
640.0,0.0,-1283.13865,-0.01300763365,-0.01300763365,0.00174783461,0.00174783461,0.00269969642,0.00269969642,916.527505,49.43234,49.43234,4.74444363,4.74444363,5.75946487,5.75946487,0.161230955,0.0,0.0,47.7196223,0.0467965033,0.0,-1283.13865,1.230179,916.527505,0.0,0.0
640.5,0.0,-1285.40051,-0.01297206125,-0.01297206125,0.00174612734,0.00174612734,0.00269545556,0.00269545556,918.143117,49.43234,49.43234,4.7528069,4.7528069,5.7679676,5.7679676,0.161174033,0.0,0.0,47.8037408,0.0466685275,0.0,-1285.40051,1.23234767,918.143117,0.0,0.0
641.0,0.0,-1287.65619,-0.0129365236,-0.0129365236,0.0017443995,0.0017443995,0.00269119245,0.00269119245,919.754326,49.43234,49.43234,4.7611473,4.7611473,5.77644218,5.77644218,0.161117019,0.0,0.0,47.8876289,0.0465406756,0.0,-1287.65619,1.23451043,919.754326,0.0,0.0
641.5,0.0,-1289.90568,-0.0129010215,-0.0129010215,0.00174265135,0.00174265135,0.00268693276,0.00268693276,921.361102,49.43234,49.43234,4.76946499,4.76946499,5.78488866,5.78488866,0.161059903,0.0,0.0,47.9712871,0.046412953,0.0,-1289.90568,1.23666721,921.361102,0.0,0.0
642.0,0.0,-1292.14897,-0.0128655552,-0.0128655552,0.00174088299,0.00174088299,0.00268301688,0.00268301688,922.963465,49.43234,49.43234,4.77775972,4.77775972,5.79330733,5.79330733,0.161002699,0.0,0.0,48.0547157,0.0462853581,0.0,-1292.14897,1.23881812,922.963465,0.0,0.0
642.5,0.0,-1294.38614,-0.0128301252,-0.0128301252,0.00173909454,0.00173909454,0.0026791966,0.0026791966,924.561428,49.43234,49.43234,4.78603156,4.78603156,5.80169792,5.80169792,0.160945392,0.0,0.0,48.1379148,0.0461578953,0.0,-1294.38614,1.2409631,924.561428,0.0,0.0
643.0,0.0,-1296.61712,-0.01279473165,-0.01279473165,0.00173728622,0.00173728622,0.00267535168,0.00267535168,926.154976,49.43234,49.43234,4.79428065,4.79428065,5.81006069,5.81006069,0.160887999,0.0,0.0,48.2208839,0.046030562,0.0,-1296.61712,1.24310213,926.154976,0.0,0.0
643.5,0.0,-1298.84194,-0.012759375,-0.012759375,0.00173545817,0.00173545817,0.00267148237,0.00267148237,927.744137,49.43234,49.43234,4.80250707,4.80250707,5.81839592,5.81839592,0.160830508,0.0,0.0,48.3036249,0.0459033631,0.0,-1298.84194,1.24523531,927.744137,0.0,0.0
644.0,0.0,-1301.06058,-0.01272405605,-0.01272405605,0.00173361055,0.00173361055,0.00266758886,0.00266758886,929.3289,49.43234,49.43234,4.81071066,4.81071066,5.82670318,5.82670318,0.16077292,0.0,0.0,48.3861358,0.0457762994,0.0,-1301.06058,1.24736259,929.3289,0.0,0.0
644.5,0.0,-1303.27309,-0.012688775,-0.012688775,0.00173174353,0.00173174353,0.00266367144,0.00266367144,930.909264,49.43234,49.43234,4.81889134,4.81889134,5.83498284,5.83498284,0.160715241,0.0,0.0,48.468418,0.045649371,0.0,-1303.27309,1.24948393,930.909264,0.0,0.0
645.0,0.0,-1305.4795,-0.0126535318,-0.0126535318,0.00172985725,0.00172985725,0.00265973036,0.00265973036,932.485244,49.43234,49.43234,4.82704957,4.82704957,5.84323496,5.84323496,0.16065747,0.0,0.0,48.5504736,0.0455225797,0.0,-1305.4795,1.25159938,932.485244,0.0,0.0
645.5,0.0,-1307.67973,-0.0126183274,-0.0126183274,0.00172795181,0.00172795181,0.0026557659,0.0026557659,934.056854,49.43234,49.43234,4.83518499,4.83518499,5.85145949,5.85145949,0.160599608,0.0,0.0,48.6322991,0.0453959277,0.0,-1307.67973,1.25370901,934.056854,0.0,0.0
646.0,0.0,-1309.87383,-0.012583162,-0.012583162,0.00172602749,0.00172602749,0.0026517783,0.0026517783,935.624077,49.43234,49.43234,4.84329789,4.84329789,5.85965664,5.85965664,0.160541646,0.0,0.0,48.7138983,0.0452694165,0.0,-1309.87383,1.25581273,935.624077,0.0,0.0
646.5,0.0,-1312.06185,-0.0125480359,-0.0125480359,0.00172408432,0.00172408432,0.00264776779,0.00264776779,937.186937,49.43234,49.43234,4.85138806,4.85138806,5.86782635,5.86782635,0.160483597,0.0,0.0,48.7952691,0.0451430456,0.0,-1312.06185,1.25791057,937.186937,0.0,0.0
647.0,0.0,-1314.24374,-0.0125129495,-0.0125129495,0.00172212258,0.00172212258,0.00264373461,0.00264373461,938.745414,49.43234,49.43234,4.85945567,4.85945567,5.87596878,5.87596878,0.160425452,0.0,0.0,48.8764132,0.0450168192,0.0,-1314.24374,1.26000259,938.745414,0.0,0.0
647.5,0.0,-1316.41951,-0.0124779034,-0.0124779034,0.00172014232,0.00172014232,0.00263967909,0.00263967909,940.299551,49.43234,49.43234,4.86750053,4.86750053,5.88408412,5.88408412,0.160367218,0.0,0.0,48.9573299,0.0448907358,0.0,-1316.41951,1.26208872,940.299551,0.0,0.0
648.0,0.0,-1318.58919,-0.0124428978,-0.0124428978,0.00171814373,0.00171814373,0.00263560146,0.00263560146,941.849321,49.43234,49.43234,4.87552314,4.87552314,5.89217209,5.89217209,0.160308889,0.0,0.0,49.0380196,0.0447647985,0.0,-1318.58919,1.26416903,941.849321,0.0,0.0
648.5,0.0,-1320.75276,-0.012407933,-0.012407933,0.00171612699,0.00171612699,0.00263150181,0.00263150181,943.394734,49.43234,49.43234,4.88352295,4.88352295,5.90023315,5.90023315,0.16025047,0.0,0.0,49.1184837,0.0446390097,0.0,-1320.75276,1.26624346,943.394734,0.0,0.0
649.0,0.0,-1322.91028,-0.01237300945,-0.01237300945,0.00171409223,0.00171409223,0.00262738052,0.00262738052,944.935816,49.43234,49.43234,4.89150039,4.89150039,5.90826694,5.90826694,0.160191959,0.0,0.0,49.1987194,0.0445133681,0.0,-1322.91028,1.2683121,944.935816,0.0,0.0
649.5,0.0,-1325.06171,-0.0123381275,-0.0123381275,0.00171203961,0.00171203961,0.00262323785,0.00262323785,946.472548,49.43234,49.43234,4.89945545,4.89945545,5.91627394,5.91627394,0.160133358,0.0,0.0,49.2787307,0.0443878763,0.0,-1325.06171,1.27037489,946.472548,0.0,0.0
650.0,0.0,-1327.20709,-0.01230328745,-0.01230328745,0.00170996928,0.00170996928,0.00261907404,0.00261907404,948.004934,49.43234,49.43234,4.90738799,4.90738799,5.92425385,5.92425385,0.160074662,0.0,0.0,49.3585165,0.044262536,0.0,-1327.20709,1.27243184,948.004934,0.0,0.0
650.5,0.0,-1329.34634,-0.01226849005,-0.01226849005,0.00170788143,0.00170788143,0.00261488926,0.00261488926,949.533003,49.43234,49.43234,4.915298,4.915298,5.93220707,5.93220707,0.160015881,0.0,0.0,49.438076,0.0441373465,0.0,-1329.34634,1.27448305,949.533003,0.0,0.0
651.0,0.0,-1331.4796,-0.01223373485,-0.01223373485,0.00170577615,0.00170577615,0.00261068384,0.00261068384,951.056743,49.43234,49.43234,4.92318573,4.92318573,5.94013345,5.94013345,0.159957009,0.0,0.0,49.5174111,0.0440123117,0.0,-1331.4796,1.2765284,951.056743,0.0,0.0
651.5,0.0,-1333.60677,-0.012199023,-0.012199023,0.00170365363,0.00170365363,0.00260645794,0.00260645794,952.576161,49.43234,49.43234,4.93105112,4.93105112,5.94803321,5.94803321,0.159898045,0.0,0.0,49.5965212,0.043887432,0.0,-1333.60677,1.27856798,952.576161,0.0,0.0
652.0,0.0,-1335.72794,-0.0121643547,-0.0121643547,0.00170151405,0.00170151405,0.00260221185,0.00260221185,954.09127,49.43234,49.43234,4.93889408,4.93889408,5.95590627,5.95590627,0.159838993,0.0,0.0,49.6754051,0.0437627084,0.0,-1335.72794,1.28060173,954.09127,0.0,0.0
652.5,0.0,-1337.84303,-0.0121297299,-0.0121297299,0.00169935751,0.00169935751,0.00259794588,0.00259794588,955.602075,49.43234,49.43234,4.94671484,4.94671484,5.96375267,5.96375267,0.159779848,0.0,0.0,49.7540663,0.0436381422,0.0,-1337.84303,1.28262969,955.602075,0.0,0.0
653.0,0.0,-1339.95211,-0.0120951492,-0.0120951492,0.00169718419,0.00169718419,0.00259366005,0.00259366005,957.108575,49.43234,49.43234,4.95451325,4.95451325,5.97157267,5.97157267,0.159720618,0.0,0.0,49.8325019,0.0435137342,0.0,-1339.95211,1.28465191,957.108575,0.0,0.0
653.5,0.0,-1342.05521,-0.01206061305,-0.01206061305,0.00169499421,0.00169499421,0.00258935484,0.00258935484,958.610758,49.43234,49.43234,4.96228935,4.96228935,5.97936628,5.97936628,0.159661297,0.0,0.0,49.9107156,0.0433894856,0.0,-1342.05521,1.28666838,958.610758,0.0,0.0
654.0,0.0,-1344.15227,-0.0120261215,-0.0120261215,0.00169278778,0.00169278778,0.0025850303,0.0025850303,960.108657,49.43234,49.43234,4.97004326,4.97004326,5.98713341,5.98713341,0.159601887,0.0,0.0,49.9887043,0.0432653993,0.0,-1344.15227,1.28867905,960.108657,0.0,0.0
654.5,0.0,-1346.24332,-0.01199167485,-0.01199167485,0.00169056504,0.00169056504,0.00258068675,0.00258068675,961.60227,49.43234,49.43234,4.97777514,4.97777514,5.99487434,5.99487434,0.159542388,0.0,0.0,50.0664706,0.0431414743,0.0,-1346.24332,1.290684,961.60227,0.0,0.0
655.0,0.0,-1348.32839,-0.0119572742,-0.0119572742,0.00168832608,0.00168832608,0.00257632446,0.00257632446,963.0916,49.43234,49.43234,4.98548471,4.98548471,6.00258892,6.00258892,0.159482803,0.0,0.0,50.1440141,0.0430177127,0.0,-1348.32839,1.29268317,963.0916,0.0,0.0
655.5,0.0,-1350.40747,-0.011922919,-0.011922919,0.0016860711,0.0016860711,0.00257194367,0.00257194367,964.576677,49.43234,49.43234,4.99317223,4.99317223,6.01027758,6.01027758,0.159423127,0.0,0.0,50.2213341,0.0428941163,0.0,-1350.40747,1.29467661,964.576677,0.0,0.0
656.0,0.0,-1352.48059,-0.0118886099,-0.0118886099,0.00168380024,0.00168380024,0.0025675445,0.0025675445,966.05745,49.43234,49.43234,5.00083755,5.00083755,6.01793994,6.01793994,0.159363363,0.0,0.0,50.2984319,0.0427706845,0.0,-1352.48059,1.29666433,966.05745,0.0,0.0
656.5,0.0,-1354.54769,-0.0118543473,-0.0118543473,0.0016815137,0.0016815137,0.00256312729,0.00256312729,967.533959,49.43234,49.43234,5.0084809,5.0084809,6.02560648,6.02560648,0.159303514,0.0,0.0,50.375308,0.0426474205,0.0,-1354.54769,1.29864633,967.533959,0.0,0.0
657.0,0.0,-1356.60887,-0.0118201311,-0.0118201311,0.00167921155,0.00167921155,0.00255869222,0.00255869222,969.006228,49.43234,49.43234,5.01610205,5.01610205,6.03359464,6.03359464,0.15924357,0.0,0.0,50.4519623,0.0425243249,0.0,-1356.60887,1.30062257,969.006228,0.0,0.0
657.5,0.0,-1358.66409,-0.01178596225,-0.01178596225,0.00167689398,0.00167689398,0.00255423946,0.00255423946,970.474255,49.43234,49.43234,5.02370129,5.02370129,6.04165375,6.04165375,0.159183544,0.0,0.0,50.5283967,0.0424013982,0.0,-1358.66409,1.30259313,970.474255,0.0,0.0
658.0,0.0,-1360.71335,-0.01175184045,-0.01175184045,0.00167456113,0.00167456113,0.00254976937,0.00254976937,971.938013,49.43234,49.43234,5.03127848,5.03127848,6.04968664,6.04968664,0.159123417,0.0,0.0,50.6046079,0.0422786412,0.0,-1360.71335,1.30455801,971.938013,0.0,0.0
658.5,0.0,-1362.7567,-0.0117177667,-0.0117177667,0.00167221313,0.00167221313,0.00254528209,0.00254528209,973.397545,49.43234,49.43234,5.03883378,5.03883378,6.05769336,6.05769336,0.159063203,0.0,0.0,50.6805993,0.0421560563,0.0,-1362.7567,1.30651716,973.397545,0.0,0.0
659.0,0.0,-1364.79408,-0.0116837407,-0.0116837407,0.0016698502,0.0016698502,0.00254077787,0.00254077787,974.852825,49.43234,49.43234,5.04636727,5.04636727,6.06567407,6.06567407,0.159002894,0.0,0.0,50.7563699,0.0420336444,0.0,-1364.79408,1.30847065,974.852825,0.0,0.0
659.5,0.0,-1366.82557,-0.01164976325,-0.01164976325,0.00166747237,0.00166747237,0.002536257,0.002536257,976.303896,49.43234,49.43234,5.0538787,5.0538787,6.07362879,6.07362879,0.158942499,0.0,0.0,50.8319195,0.041911405,0.0,-1366.82557,1.31041846,976.303896,0.0,0.0
660.0,0.0,-1368.85116,-0.0116158335,-0.0116158335,0.00166507992,0.00166507992,0.00253171949,0.00253171949,977.750723,49.43234,49.43234,5.06136827,5.06136827,6.08155758,6.08155758,0.158882008,0.0,0.0,50.9072509,0.0417893412,0.0,-1368.85116,1.3123606,977.750723,0.0,0.0
660.5,0.0,-1370.87081,-0.0115819535,-0.0115819535,0.00166267288,0.00166267288,0.00252716587,0.00252716587,979.193343,49.43234,49.43234,5.06883607,5.06883607,6.08946038,6.08946038,0.158821423,0.0,0.0,50.9823615,0.0416674532,0.0,-1370.87081,1.31429711,979.193343,0.0,0.0
661.0,0.0,-1372.8846,-0.01154812235,-0.01154812235,0.00166025145,0.00166025145,0.00252259612,0.00252259612,980.631754,49.43234,49.43234,5.076282,5.076282,6.09733734,6.09733734,0.158760754,0.0,0.0,51.0572533,0.0415457413,0.0,-1372.8846,1.31622796,980.631754,0.0,0.0
661.5,0.0,-1374.89249,-0.0115143405,-0.0115143405,0.00165781581,0.00165781581,0.00251801057,0.00251801057,982.065955,49.43234,49.43234,5.08370628,5.08370628,6.1051886,6.1051886,0.15869999,0.0,0.0,51.1319265,0.0414242086,0.0,-1374.89249,1.31815312,982.065955,0.0,0.0
662.0,0.0,-1376.89448,-0.0114806085,-0.0114806085,0.00165536602,0.00165536602,0.00251340941,0.00251340941,983.495958,49.43234,49.43234,5.09110873,5.09110873,6.11301411,6.11301411,0.158639141,0.0,0.0,51.20638,0.0413028537,0.0,-1376.89448,1.32007266,983.495958,0.0,0.0
662.5,0.0,-1378.89062,-0.0114469269,-0.0114469269,0.00165290234,0.00165290234,0.00250879288,0.00250879288,984.921797,49.43234,49.43234,5.09848954,5.09848954,6.12081397,6.12081397,0.1585782,0.0,0.0,51.2806165,0.0411816784,0.0,-1378.89062,1.32198662,984.921797,0.0,0.0
663.0,0.0,-1380.88091,-0.0114132951,-0.0114132951,0.00165042479,0.00165042479,0.00250416111,0.00250416111,986.34341,49.43234,49.43234,5.10584865,5.10584865,6.12858819,6.12858819,0.158517163,0.0,0.0,51.3546345,0.0410606849,0.0,-1380.88091,1.32389492,986.34341,0.0,0.0
663.5,0.0,-1382.8653,-0.0113797142,-0.0113797142,0.00164793361,0.00164793361,0.00249951444,0.00249951444,987.760857,49.43234,49.43234,5.11318619,5.11318619,6.13633709,6.13633709,0.158456045,0.0,0.0,51.4284353,0.0409398737,0.0,-1382.8653,1.32579761,987.760857,0.0,0.0
664.0,0.0,-1384.84393,-0.0113461838,-0.0113461838,0.00164542889,0.00164542889,0.00249485303,0.00249485303,989.174128,49.43234,49.43234,5.12050188,5.12050188,6.14406027,6.14406027,0.158394834,0.0,0.0,51.5020178,0.0408192446,0.0,-1384.84393,1.32769472,989.174128,0.0,0.0
664.5,0.0,-1386.81667,-0.011312705,-0.011312705,0.00164291077,0.00164291077,0.00249017708,0.00249017708,990.58323,49.43234,49.43234,5.12779623,5.12779623,6.15175821,6.15175821,0.158333536,0.0,0.0,51.5753841,0.0406987999,0.0,-1386.81667,1.32958622,990.58323,0.0,0.0
665.0,0.0,-1388.78359,-0.01127927735,-0.01127927735,0.00164037946,0.00164037946,0.00248548681,0.00248548681,991.98817,49.43234,49.43234,5.13506904,5.13506904,6.15943064,6.15943064,0.158272151,0.0,0.0,51.6485338,0.0405785402,0.0,-1388.78359,1.33147214,991.98817,0.0,0.0
665.5,0.0,-1390.7447,-0.0112459015,-0.0112459015,0.00163783503,0.00163783503,0.00248078249,0.00248078249,993.388976,49.43234,49.43234,5.14232037,5.14232037,6.16707785,6.16707785,0.15821067,0.0,0.0,51.7214666,0.040458466,0.0,-1390.7447,1.33335248,993.388976,0.0,0.0
666.0,0.0,-1392.69999,-0.01121257745,-0.01121257745,0.00163527765,0.00163527765,0.00247606425,0.00247606425,994.785607,49.43234,49.43234,5.14955014,5.14955014,6.17469973,6.17469973,0.15814911,0.0,0.0,51.7941829,0.0403385794,0.0,-1392.69999,1.33522727,994.785607,0.0,0.0
666.5,0.0,-1394.64951,-0.01117930575,-0.01117930575,0.00163270744,0.00163270744,0.00247133234,0.00247133234,996.17813,49.43234,49.43234,5.15675837,5.15675837,6.18229653,6.18229653,0.158087459,0.0,0.0,51.8666853,0.0402188802,0.0,-1394.64951,1.33709648,996.17813,0.0,0.0
667.0,0.0,-1396.59321,-0.0111460863,-0.0111460863,0.00163012459,0.00163012459,0.00246658698,0.00246658698,997.566488,49.43234,49.43234,5.1639453,5.1639453,6.18986821,6.18986821,0.158025715,0.0,0.0,51.938972,0.0400993697,0.0,-1396.59321,1.33896015,997.566488,0.0,0.0
667.5,0.0,-1398.53117,-0.01111291965,-0.01111291965,0.0016275292,0.0016275292,0.00246182834,0.00246182834,998.950721,49.43234,49.43234,5.17111095,5.17111095,6.19741492,6.19741492,0.157963889,0.0,0.0,52.0110427,0.0399800489,0.0,-1398.53117,1.34081828,998.950721,0.0,0.0
668.0,0.0,-1400.46333,-0.0110798061,-0.0110798061,0.00162492143,0.00162492143,0.00245705665,0.00245705665,1000.330847,49.43234,49.43234,5.17825524,5.17825524,6.20493639,6.20493639,0.157901974,0.0,0.0,52.0828998,0.0398609189,0.0,-1400.46333,1.34267086,1000.330847,0.0,0.0
668.5,0.0,-1402.38973,-0.01104674575,-0.01104674575,0.00162230143,0.00162230143,0.00245227215,0.00245227215,1001.70684,49.43234,49.43234,5.1853782,5.1853782,6.21243298,6.21243298,0.157839972,0.0,0.0,52.1545423,0.0397419806,0.0,-1402.38973,1.34451793,1001.70684,0.0,0.0
669.0,0.0,-1404.31035,-0.0110137387,-0.0110137387,0.00161966928,0.00161966928,0.00244747498,0.00244747498,1003.078755,49.43234,49.43234,5.19247984,5.19247984,6.21990486,6.21990486,0.157777883,0.0,0.0,52.2259708,0.0396232337,0.0,-1404.31035,1.3463595,1003.078755,0.0,0.0
669.5,0.0,-1406.22527,-0.0109807857,-0.0109807857,0.00161702518,0.00161702518,0.00244266537,0.00244266537,1004.446529,49.43234,49.43234,5.19956034,5.19956034,6.22735183,6.22735183,0.15771571,0.0,0.0,52.2971856,0.0395046808,0.0,-1406.22527,1.34819555,1004.446529,0.0,0.0
670.0,0.0,-1408.13445,-0.0109478862,-0.0109478862,0.00161436922,0.00161436922,0.00243784355,0.00243784355,1005.810232,49.43234,49.43234,5.2066194,5.2066194,6.2347741,6.2347741,0.157653449,0.0,0.0,52.3681883,0.0393863217,0.0,-1408.13445,1.35002608,1005.810232,0.0,0.0
670.5,0.0,-1410.0379,-0.0109150413,-0.0109150413,0.00161170162,0.00161170162,0.00243300969,0.00243300969,1007.169835,49.43234,49.43234,5.21365756,5.21365756,6.24217155,6.24217155,0.157591101,0.0,0.0,52.4389764,0.039268158,0.0,-1410.0379,1.35185117,1007.169835,0.0,0.0
671.0,0.0,-1411.93566,-0.01088225055,-0.01088225055,0.00160902242,0.00160902242,0.00242816398,0.00242816398,1008.525365,49.43234,49.43234,5.2206744,5.2206744,6.24954448,6.24954448,0.157528669,0.0,0.0,52.509553,0.0391501903,0.0,-1411.93566,1.35367075,1008.525365,0.0,0.0
671.5,0.0,-1413.82768,-0.0108495146,-0.0108495146,0.00160633182,0.00160633182,0.00242330666,0.00242330666,1009.876815,49.43234,49.43234,5.2276704,5.2276704,6.25689286,6.25689286,0.157466151,0.0,0.0,52.5799168,0.0390324195,0.0,-1413.82768,1.35548488,1009.876815,0.0,0.0
672.0,0.0,-1415.71403,-0.01081683345,-0.01081683345,0.00160362992,0.00160362992,0.00241843791,0.00241843791,1011.224193,49.43234,49.43234,5.23464515,5.23464515,6.26421653,6.26421653,0.157403548,0.0,0.0,52.6500699,0.0389148442,0.0,-1415.71403,1.35729354,1011.224193,0.0,0.0
672.5,0.0,-1417.59464,-0.0107842076,-0.0107842076,0.00160091688,0.00160091688,0.00241355791,0.00241355791,1012.56752,49.43234,49.43234,5.24159881,5.24159881,6.27151585,6.27151585,0.157340861,0.0,0.0,52.7200101,0.0387974693,0.0,-1417.59464,1.35909674,1012.56752,0.0,0.0
673.0,0.0,-1419.46964,-0.01075163715,-0.01075163715,0.00159819281,0.00159819281,0.00240866688,0.00240866688,1013.906787,49.43234,49.43234,5.24853166,5.24853166,6.27879095,6.27879095,0.157278085,0.0,0.0,52.7897406,0.0386802935,0.0,-1419.46964,1.36089452,1013.906787,0.0,0.0
673.5,0.0,-1421.33894,-0.01071912195,-0.01071912195,0.0015954579,0.0015954579,0.00240376502,0.00240376502,1015.242032,49.43234,49.43234,5.25544352,5.25544352,6.2860413,6.2860413,0.157215228,0.0,0.0,52.8592597,0.0385633166,0.0,-1421.33894,1.36268684,1015.242032,0.0,0.0
674.0,0.0,-1423.20258,-0.01068666305,-0.01068666305,0.00159271221,0.00159271221,0.00239885252,0.00239885252,1016.573201,49.43234,49.43234,5.26233443,5.26233443,6.29326774,6.29326774,0.157152285,0.0,0.0,52.9285682,0.0384465415,0.0,-1423.20258,1.36447377,1016.573201,0.0,0.0
674.5,0.0,-1425.06058,-0.01065425975,-0.01065425975,0.00158995593,0.00158995593,0.00239392948,0.00239392948,1017.90033,49.43234,49.43234,5.26920442,5.26920442,6.30046984,6.30046984,0.157089261,0.0,0.0,52.9976669,0.0383299663,0.0,-1425.06058,1.36625524,1017.90033,0.0,0.0
675.0,0.0,-1426.91296,-0.0106219131,-0.0106219131,0.00158718918,0.00158718918,0.00238899632,0.00238899632,1019.223458,49.43234,49.43234,5.27605356,5.27605356,6.30764784,6.30764784,0.157026151,0.0,0.0,53.066556,0.0382135947,0.0,-1426.91296,1.36803132,1019.223458,0.0,0.0
675.5,0.0,-1428.75971,-0.0105896222,-0.0105896222,0.00158441207,0.00158441207,0.00238405296,0.00238405296,1020.542565,49.43234,49.43234,5.28288202,5.28288202,6.31480169,6.31480169,0.156962956,0.0,0.0,53.1352352,0.0380974264,0.0,-1428.75971,1.36980207,1020.542565,0.0,0.0
676.0,0.0,-1430.60082,-0.0105573885,-0.0105573885,0.00158162476,0.00158162476,0.00237909979,0.00237909979,1021.857659,49.43234,49.43234,5.28968958,5.28968958,6.32193143,6.32193143,0.156899678,0.0,0.0,53.2037075,0.0379814609,0.0,-1430.60082,1.37156735,1021.857659,0.0,0.0
676.5,0.0,-1432.43634,-0.0105252112,-0.0105252112,0.00157882735,0.00157882735,0.00237413692,0.00237413692,1023.168723,49.43234,49.43234,5.2964764,5.2964764,6.32903723,6.32903723,0.156836316,0.0,0.0,53.2719697,0.0378657007,0.0,-1432.43634,1.3733273,1023.168723,0.0,0.0
677.0,0.0,-1434.26626,-0.01049309155,-0.01049309155,0.00157602001,0.00157602001,0.00236916445,0.00236916445,1024.47581,49.43234,49.43234,5.30324259,5.30324259,6.33611908,6.33611908,0.156772874,0.0,0.0,53.3400241,0.0377501462,0.0,-1434.26626,1.37508186,1024.47581,0.0,0.0
677.5,0.0,-1436.09058,-0.0104610289,-0.0104610289,0.00157320282,0.00157320282,0.00236418274,0.00236418274,1025.77889,49.43234,49.43234,5.30998816,5.30998816,6.34317718,6.34317718,0.156709347,0.0,0.0,53.4078701,0.0376347963,0.0,-1436.09058,1.37683104,1025.77889,0.0,0.0
678.0,0.0,-1437.90934,-0.0104290236,-0.0104290236,0.00157037597,0.00157037597,0.00235919189,0.00235919189,1027.078,49.43234,49.43234,5.31671294,5.31671294,6.35021139,6.35021139,0.156645736,0.0,0.0,53.4755081,0.037519654,0.0,-1437.90934,1.37857494,1027.078,0.0,0.0
678.5,0.0,-1439.72253,-0.01039707625,-0.01039707625,0.00156753955,0.00156753955,0.00235419211,0.00235419211,1028.37314,49.43234,49.43234,5.32341734,5.32341734,6.35722191,6.35722191,0.156582048,0.0,0.0,53.5429404,0.0374047186,0.0,-1439.72253,1.38031345,1028.37314,0.0,0.0
679.0,0.0,-1441.53013,-0.0103651865,-0.0103651865,0.00156469369,0.00156469369,0.0023491835,0.0023491835,1029.6643,49.43234,49.43234,5.33010112,5.33010112,6.36420875,6.36420875,0.156518272,0.0,0.0,53.6101662,0.0372899914,0.0,-1441.53013,1.38204664,1029.6643,0.0,0.0
679.5,0.0,-1443.33222,-0.010333355,-0.010333355,0.00156183853,0.00156183853,0.00234416642,0.00234416642,1030.95146,49.43234,49.43234,5.33676427,5.33676427,6.37117196,6.37117196,0.156454422,0.0,0.0,53.6771846,0.0371754739,0.0,-1443.33222,1.38377454,1030.95146,0.0,0.0
680.0,0.0,-1445.12878,-0.0103015816,-0.0103015816,0.00155897418,0.00155897418,0.00233914084,0.00233914084,1032.23472,49.43234,49.43234,5.343407,5.343407,6.37811158,6.37811158,0.156390484,0.0,0.0,53.7439972,0.0370611653,0.0,-1445.12878,1.3854971,1032.23472,0.0,0.0
680.5,0.0,-1446.91975,-0.0102698666,-0.0102698666,0.0015561008,0.0015561008,0.00233410705,0.00233410705,1033.51401,49.43234,49.43234,5.35002941,5.35002941,6.38502779,6.38502779,0.156326468,0.0,0.0,53.8106052,0.0369470669,0.0,-1446.91975,1.38721436,1033.51401,0.0,0.0
681.0,0.0,-1448.70525,-0.01023821015,-0.01023821015,0.0015532185,0.0015532185,0.00232906521,0.00232906521,1034.78937,49.43234,49.43234,5.35663127,5.35663127,6.39192044,6.39192044,0.156262372,0.0,0.0,53.8770071,0.0368331798,0.0,-1448.70525,1.38892637,1034.78937,0.0,0.0
681.5,0.0,-1450.48527,-0.01020661245,-0.01020661245,0.00155032742,0.00155032742,0.00232401552,0.00232401552,1036.06079,49.43234,49.43234,5.36321279,5.36321279,6.39878986,6.39878986,0.15619819,0.0,0.0,53.9432038,0.0367195039,0.0,-1450.48527,1.39063307,1036.06079,0.0,0.0
682.0,0.0,-1452.25974,-0.01017507385,-0.01017507385,0.00154742761,0.00154742761,0.00231895809,0.00231895809,1037.32827,49.43234,49.43234,5.36977394,5.36977394,6.40563592,6.40563592,0.156133934,0.0,0.0,54.0091964,0.0366060397,0.0,-1452.25974,1.39233446,1037.32827,0.0,0.0
682.5,0.0,-1454.02874,-0.0101435942,-0.0101435942,0.00154451932,0.00154451932,0.00231389316,0.00231389316,1038.59186,49.43234,49.43234,5.37631495,5.37631495,6.41245857,6.41245857,0.15606959,0.0,0.0,54.0749857,0.0364927881,0.0,-1454.02874,1.39403067,1038.59186,0.0,0.0
683.0,0.0,-1455.79228,-0.0101121741,-0.0101121741,0.00154160259,0.00154160259,0.00230882096,0.00230882096,1039.85152,49.43234,49.43234,5.38283577,5.38283577,6.41925819,6.41925819,0.15600517,0.0,0.0,54.1405709,0.0363797503,0.0,-1455.79228,1.39572158,1039.85152,0.0,0.0
683.5,0.0,-1457.55033,-0.01008081335,-0.01008081335,0.00153867755,0.00153867755,0.00230374155,0.00230374155,1041.10728,49.43234,49.43234,5.38933621,5.38933621,6.4260347,6.4260347,0.155940671,0.0,0.0,54.2059529,0.0362669267,0.0,-1457.55033,1.39740725,1041.10728,0.0,0.0
684.0,0.0,-1459.30293,-0.01004951225,-0.01004951225,0.00153574434,0.00153574434,0.00229865518,0.00229865518,1042.35916,49.43234,49.43234,5.39581657,5.39581657,6.43278801,6.43278801,0.155876092,0.0,0.0,54.2711316,0.0361543173,0.0,-1459.30293,1.3990877,1042.35916,0.0,0.0
684.5,0.0,-1461.05009,-0.01001827105,-0.01001827105,0.00153280308,0.00153280308,0.0022935619,0.0022935619,1043.60711,49.43234,49.43234,5.4022767,5.4022767,6.4395183,6.4395183,0.155811436,0.0,0.0,54.3361077,0.0360419238,0.0,-1461.05009,1.40076291,1043.60711,0.0,0.0
685.0,0.0,-1462.79184,-0.00998708975,-0.00998708975,0.00152985389,0.00152985389,0.00228846206,0.00228846206,1044.85119,49.43234,49.43234,5.40871684,5.40871684,6.44622571,6.44622571,0.155746695,0.0,0.0,54.4008826,0.0359297442,0.0,-1462.79184,1.40243297,1044.85119,0.0,0.0
685.5,0.0,-1464.52811,-0.0099559684,-0.0099559684,0.0015268969,0.0015268969,0.0022833557,0.0022833557,1046.09141,49.43234,49.43234,5.41513683,5.41513683,6.45291028,6.45291028,0.155681877,0.0,0.0,54.4654549,0.0358177829,0.0,-1464.52811,1.40409777,1046.09141,0.0,0.0
686.0,0.0,-1466.25903,-0.0099249076,-0.0099249076,0.00152393224,0.00152393224,0.00227824304,0.00227824304,1047.32778,49.43234,49.43234,5.42153681,5.42153681,6.45957191,6.45957191,0.155616982,0.0,0.0,54.5298262,0.0357060379,0.0,-1466.25903,1.40575741,1047.32778,0.0,0.0
686.5,0.0,-1467.98447,-0.00989390725,-0.00989390725,0.00152095996,0.00152095996,0.00227312419,0.00227312419,1048.56025,49.43234,49.43234,5.42791683,5.42791683,6.46621081,6.46621081,0.155552008,0.0,0.0,54.5939972,0.0355945091,0.0,-1467.98447,1.40741185,1048.56025,0.0,0.0
687.0,0.0,-1469.70456,-0.0098629672,-0.0098629672,0.00151798027,0.00151798027,0.00226799943,0.00226799943,1049.78889,49.43234,49.43234,5.43427691,5.43427691,6.47282691,6.47282691,0.155486955,0.0,0.0,54.6579659,0.0354832008,0.0,-1469.70456,1.40906113,1049.78889,0.0,0.0
687.5,0.0,-1471.41928,-0.0098320884,-0.0098320884,0.00151499322,0.00151499322,0.00226286882,0.00226286882,1051.0137,49.43234,49.43234,5.4406172,5.4406172,6.47942042,6.47942042,0.155421826,0.0,0.0,54.721736,0.0353721086,0.0,-1471.41928,1.41070524,1051.0137,0.0,0.0
688.0,0.0,-1473.12864,-0.00980126995,-0.00980126995,0.00151199904,0.00151199904,0.00225773256,0.00225773256,1052.23464,49.43234,49.43234,5.44693752,5.44693752,6.48599141,6.48599141,0.155356612,0.0,0.0,54.7853059,0.035261236,0.0,-1473.12864,1.41234421,1052.23464,0.0,0.0
688.5,0.0,-1474.83259,-0.0097705129,-0.0097705129,0.00150899769,0.00150899769,0.00225259079,0.00225259079,1053.45179,49.43234,49.43234,5.45323789,5.45323789,6.49253985,6.49253985,0.155291329,0.0,0.0,54.848677,0.0351505843,0.0,-1474.83259,1.41397804,1053.45179,0.0,0.0
689.0,0.0,-1476.53124,-0.00973981685,-0.00973981685,0.0015059894,0.0015059894,0.00224744372,0.00224744372,1054.66509,49.43234,49.43234,5.4595187,5.4595187,6.49906567,6.49906567,0.155225965,0.0,0.0,54.9118485,0.035040151,0.0,-1476.53124,1.41560676,1054.66509,0.0,0.0
689.5,0.0,-1478.22453,-0.0097091821,-0.0097091821,0.00150297426,0.00150297426,0.00224229143,0.00224229143,1055.87455,49.43234,49.43234,5.46577975,5.46577975,6.50556917,6.50556917,0.155160524,0.0,0.0,54.9748209,0.0349299401,0.0,-1478.22453,1.41723033,1055.87455,0.0,0.0
690.0,0.0,-1479.91247,-0.00967860905,-0.00967860905,0.00149995236,0.00149995236,0.00223713423,0.00223713423,1057.08025,49.43234,49.43234,5.47202094,5.47202094,6.51205027,6.51205027,0.155095007,0.0,0.0,55.037597,0.0348199492,0.0,-1479.91247,1.4188488,1057.08025,0.0,0.0
690.5,0.0,-1481.59285,-0.0094565756,-0.0094565756,0.0014671918,0.0014671918,0.00218764689,0.00218764689,1058.27922,49.43234,49.43234,5.47822749,5.47822749,6.51849339,6.51849339,0.155029414,0.0,0.01327012331,55.1000205,0.0329908582,0.0,-1481.59285,1.41970118,1058.27922,-0.3261026,0.014462847
691.0,0.0,-1481.28722,0.02048765993,0.02048765993,-0.003176391034,-0.003176391034,-0.002086914828,-0.002086914828,1057.95817,49.43234,49.43234,5.47656547,5.47656547,6.51676808,6.51676808,0.154963786,0.0,0.862430309,55.0833051,-0.078872542672,0.0,-1481.28722,1.35941627,1057.95817,-21.5047441,0.95268396
691.5,0.0,-1473.28383,0.0704771976,0.0704771976,-0.01086819983,-0.01086819983,-0.00727774219,-0.00727774219,1052.20762,49.43234,49.43234,5.4467976,5.4467976,6.48584195,6.48584195,0.154898397,0.0,2.18924617,54.7838998,-0.253649376,0.0,-1473.28383,1.33200455,1052.20762,-54.6751405,2.40878892
692.0,0.0,-1456.78754,0.1189490174,0.1189490174,-0.0181375461,-0.0181375461,-0.01211114155,-0.01211114155,1040.42421,49.43234,49.43234,5.38580021,5.38580021,6.4223371,6.4223371,0.15483361,0.0,3.51606204,54.1703884,-0.427883357,0.0,-1456.78754,1.31596796,1040.42421,-87.84554,3.82671704
692.5,0.0,-1431.86991,0.16723523,0.16723523,-0.0250639673,-0.0250639673,-0.0166643235,-0.0166643235,1022.6263,49.43234,49.43234,5.29366862,5.29366862,6.32607433,6.32607433,0.154769785,0.0,4.84287791,53.2437278,-0.601596866,0.0,-1431.86991,1.292309,1022.6263,-121.015934,5.18141441
693.0,0.0,-1398.55649,0.21538405,0.21538405,-0.0315288132,-0.0315288132,-0.0208417707,-0.0208417707,998.831403,49.43234,49.43234,5.17049332,5.17049332,6.19672528,6.19672528,0.1547073,0.0,6.16969377,52.0048308,-0.77481917,0.0,-1398.55649,1.26059499,998.831403,-154.186333,6.44792372
693.5,0.0,-1356.87253,0.263215361,0.263215361,-0.0373820518,-0.0373820518,-0.024531776,-0.024531776,969.058807,49.43234,49.43234,5.01637419,5.01637419,6.03492301,6.03492301,0.154646516,0.0,7.48321888,50.4546996,-0.945869283,0.0,-1356.87253,1.22159629,969.058807,-187.030624,7.58836971
694.0,0.0,-1308.81744,0.281207373,0.281207373,-0.0385439206,-0.0385439206,-0.0250835684,-0.0250835684,934.836792,49.43234,49.43234,4.83922247,4.83922247,5.85544746,5.85544746,0.154587697,0.0,7.960895,48.672908,-1.00646202,0.0,-1308.81744,1.23571026,934.836792,-199.02238,7.79338849
694.5,0.0,-1260.12365,0.279033277,0.279033277,-0.0368215591,-0.0368215591,-0.0236957013,-0.0236957013,900.089692,49.43234,49.43234,4.65935265,4.65935265,5.67258524,5.67258524,0.154530893,0.0,7.960895,46.863777,-1.00370676,0.0,-1260.12365,1.20896425,900.089692,-199.02238,7.50371467
695.0,0.0,-1211.6073,0.278257409,0.278257409,-0.0353053843,-0.0353053843,-0.0224283046,-0.0224283046,865.435838,49.43234,49.43234,4.4799655,4.4799655,5.48795243,5.48795243,0.154476107,0.0,7.960895,45.0595006,-1.001065095,0.0,-1211.6073,1.16286681,865.435838,-199.02238,7.21481838
695.5,0.0,-1163.21716,0.277552989,0.277552989,-0.0338095213,-0.0338095213,-0.0211994388,-0.0211994388,830.871429,49.43234,49.43234,4.30104127,4.30104127,5.30150452,5.30150452,0.154423343,0.0,7.960895,43.2598803,-0.998533604,0.0,-1163.21716,1.11642944,830.871429,-199.02238,6.92666752
696.0,0.0,-1114.94699,0.276879645,0.276879645,-0.0323279049,-0.0323279049,-0.020004703,-0.020004703,796.392625,49.43234,49.43234,4.12256038,4.12256038,5.11319548,5.11319548,0.154372609,0.0,7.960895,41.4647191,-0.996111215,0.0,-1114.94699,1.07009891,796.392625,-199.02238,6.63923057
696.5,0.0,-1066.7914,0.276236359,0.276236359,-0.0308597672,-0.0308597672,-0.0188431602,-0.0188431602,761.995706,49.43234,49.43234,3.94450318,3.94450318,4.92903541,4.92903541,0.154323875,0.0,7.960895,39.6738201,-0.993796811,0.0,-1066.7914,1.02387863,761.995706,-199.02238,6.35247609
697.0,0.0,-1018.745245,0.275622823,0.275622823,-0.0294044508,-0.0294044508,-0.0177139691,-0.0177139691,727.676933,49.43234,49.43234,3.76685067,3.76685067,4.75272908,4.75272908,0.154277044,0.0,7.960895,37.8869902,-0.991589519,0.0,-1018.745245,0.977763658,727.676933,-199.02238,6.06637335
697.5,0.0,-970.803375,0.275038806,0.275038806,-0.0279613109,-0.0279613109,-0.0166038382,-0.0166038382,693.432637,49.43234,49.43234,3.58958363,3.58958363,4.57351157,4.57351157,0.154232087,0.0,7.960895,36.1040374,-0.989488377,0.0,-970.803375,0.931749103,693.432637,-199.02238,5.7808914
698.0,0.0,-922.960628,0.274484049,0.274484049,-0.0265297132,-0.0265297132,-0.0154305212,-0.0154305212,659.259161,49.43234,49.43234,3.41268312,3.41268312,4.39112288,4.39112288,0.154189021,0.0,7.960895,34.3247725,-0.987492533,0.0,-922.960628,0.885829987,659.259161,-199.02238,5.49599975
698.5,0.0,-875.211955,0.273958328,0.273958328,-0.0251090342,-0.0251090342,-0.0142794911,-0.0142794911,625.152879,49.43234,49.43234,3.23613048,3.23613048,4.20545913,4.20545913,0.154147866,0.0,7.960895,32.5490062,-0.985601146,0.0,-875.211955,0.840001445,625.152879,-199.02238,5.21166819
699.0,0.0,-827.552283,0.273461431,0.273461431,-0.0236986603,-0.0236986603,-0.0131715124,-0.0131715124,591.110189,49.43234,49.43234,3.05990703,3.05990703,4.01694075,4.01694075,0.154108641,0.0,7.960895,30.7765505,-0.983813465,0.0,-827.552283,0.794258615,591.110189,-199.02238,4.92786682
699.5,0.0,-779.978952,0.272801617,0.272801617,-0.0222828343,-0.0222828343,-0.01209760205,-0.01209760205,557.130449,49.43234,49.43234,2.88400949,2.88400949,3.84325293,3.84325293,0.154071287,0.0,7.94757781,29.0073725,-0.980409294,0.0,-779.978952,0.749357761,557.130449,-198.696277,4.63718833
700.0,0.0,-734.466199,0.242430481,0.242430481,-0.0186653147,-0.0186653147,-0.0099070006,-0.0099070006,524.724088,49.43234,49.43234,2.71625655,2.71625655,3.68129928,3.68129928,0.154035626,0.0,7.09846492,27.3201129,-0.867002037,0.0,-734.466199,0.765708244,524.724088,-177.517637,3.90520072
700.5,0.0,-696.729348,0.191965756,0.191965756,-0.0140202684,-0.0140202684,-0.00729777019,-0.00729777019,497.803137,49.43234,49.43234,2.57689916,2.57689916,3.54254025,3.54254025,0.154001474,0.0,5.771649,25.9184559,-0.69051191,0.0,-696.729348,0.749350089,497.803137,-144.347236,3.0126547
701.0,0.0,-667.573624,0.142954522,0.142954522,-0.01000420895,-0.01000420895,-0.00512817341,-0.00512817341,476.978192,49.43234,49.43234,2.46909796,2.46909796,3.43244587,3.43244587,0.153968559,0.0,4.44483312,24.8341909,-0.514336503,0.0,-667.573624,0.721723466,476.978192,-111.176844,2.22330871
701.5,0.0,-646.93908,0.0940615766,0.0940615766,-0.00637933137,-0.00637933137,-0.00323297482,-0.00323297482,462.239013,49.43234,49.43234,2.39279996,2.39279996,3.35302265,3.35302265,0.153936579,0.0,3.11801729,24.0667856,-0.338440191,0.0,-646.93908,0.701820305,462.239013,-78.0064414,1.51171925
702.0,0.0,-634.8117,0.045240299,0.045240299,-0.00301077454,-0.00301077454,-0.001510329676,-0.001510329676,453.576401,49.43234,49.43234,2.34795753,2.34795753,3.30574862,3.30574862,0.153905213,0.0,1.79120142,23.6157609,-0.1627993124,0.0,-634.8117,0.690075501,453.576401,-44.8360484,0.852501433
702.5,0.0,-631.177247,-0.00332240791,-0.00332240791,0.000219837156,0.000219837156,0.000880805028,0.000880805028,450.978866,49.43234,49.43234,2.33451123,2.33451123,3.29148618,3.29148618,0.153874145,0.0,0.477708618824,23.4805181,0.01088063597,0.0,-631.177247,0.685720423,450.978866,-11.9917549955,0.22648999966
703.0,0.0,-634.044768,-0.0220774845,-0.0220774845,0.00146575715,0.00146575715,0.0029262453,0.0029262453,452.924088,49.43234,49.43234,2.34458081,2.34458081,3.30217503,3.30217503,0.153843046,0.0,0.0,23.5817976,0.0742100124,0.0,-634.044768,0.628320749,452.924088,0.0,0.0
703.5,0.0,-637.681951,-0.0206413107,-0.0206413107,0.00137837832,0.00137837832,0.00274200799,0.00274200799,455.487854,49.43234,49.43234,2.35785222,2.35785222,3.31623023,3.31623023,0.153811805,0.0,0.0,23.7152817,0.074107009,0.0,-637.681951,0.611824423,455.487854,0.0,0.0
704.0,0.0,-641.267438,-0.0205716259,-0.0205716259,0.00138145305,0.00138145305,0.00273864234,0.00273864234,458.048104,49.43234,49.43234,2.37110556,2.37110556,3.33022702,3.33022702,0.153780422,0.0,0.0,23.8485834,0.0740059571,0.0,-641.267438,0.614791817,458.048104,0.0,0.0
704.5,0.0,-644.846925,-0.0205426575,-0.0205426575,0.00138720808,0.00138720808,0.00274096758,0.00274096758,460.604864,49.43234,49.43234,2.38434073,2.38434073,3.34416581,3.34416581,0.153748907,0.0,0.0,23.9817031,0.0739045476,0.0,-644.846925,0.618214798,460.604864,0.0,0.0
705.0,0.0,-648.421467,-0.0205143377,-0.0205143377,0.00139297473,0.00139297473,0.00274638857,0.00274638857,463.158107,49.43234,49.43234,2.39755769,2.39755769,3.35804694,3.35804694,0.153717244,0.0,0.0,24.114639,0.0738027147,0.0,-648.421467,0.621641615,463.158107,0.0,0.0
705.5,0.0,-651.991086,-0.0204859149,-0.0204859149,0.00139870256,0.00139870256,0.00275243394,0.00275243394,465.707831,49.43234,49.43234,2.41075639,2.41075639,3.37187052,3.37187052,0.153685447,0.0,0.0,24.247392,0.073700463,0.0,-651.991086,0.625063847,465.707831,0.0,0.0
706.0,0.0,-655.555711,-0.0204573761,-0.0204573761,0.00140439053,0.00140439053,0.0027583854,0.0027583854,468.25401,49.43234,49.43234,2.42393683,2.42393683,3.38563688,3.38563688,0.153653505,0.0,0.0,24.3799604,0.0735977904,0.0,-655.555711,0.628481342,468.25401,0.0,0.0
706.5,0.0,-659.115394,-0.020428722,-0.020428722,0.0014100386,0.0014100386,0.00276424342,0.00276424342,470.796632,49.43234,49.43234,2.43709878,2.43709878,3.39934618,3.39934618,0.153621431,0.0,0.0,24.5123436,0.0734947058,0.0,-659.115394,0.631894062,470.796632,0.0,0.0
707.0,0.0,-662.67006,-0.0203999533,-0.0203999533,0.00141564666,0.00141564666,0.00277000832,0.00277000832,473.335676,49.43234,49.43234,2.45024228,2.45024228,3.41299875,3.41299875,0.153589216,0.0,0.0,24.6445407,0.0733912066,0.0,-662.67006,0.635302,473.335676,0.0,0.0
707.5,0.0,-666.219708,-0.0203710708,-0.0203710708,0.00142121468,0.00142121468,0.00277568068,0.00277568068,475.871133,49.43234,49.43234,2.46336719,2.46336719,3.42659477,3.42659477,0.153556864,0.0,0.0,24.7765516,0.0732872981,0.0,-666.219708,0.638705111,475.871133,0.0,0.0
708.0,0.0,-669.764332,-0.0203420753,-0.0203420753,0.00142674253,0.00142674253,0.00278126096,0.00278126096,478.402996,49.43234,49.43234,2.4764735,2.4764735,3.44013447,3.44013447,0.153524378,0.0,0.0,24.9083745,0.0731829841,0.0,-669.764332,0.642103401,478.402996,0.0,0.0
708.5,0.0,-673.303869,-0.0203129676,-0.0203129676,0.00143223021,0.00143223021,0.00278674965,0.00278674965,480.931252,49.43234,49.43234,2.4895611,2.4895611,3.45361817,3.45361817,0.153491752,0.0,0.0,25.0400096,0.0730782676,0.0,-673.303869,0.64549685,480.931252,0.0,0.0
709.0,0.0,-676.838335,-0.0202837488,-0.0202837488,0.00143767762,0.00143767762,0.0027921471,0.0027921471,483.455867,49.43234,49.43234,2.50262992,2.50262992,3.46704594,3.46704594,0.153458991,0.0,0.0,25.1714559,0.0729731483,0.0,-676.838335,0.648885406,483.455867,0.0,0.0
709.5,0.0,-680.367721,-0.0202544193,-0.0202544193,0.00144308476,0.00144308476,0.00279745397,0.00279745397,485.976858,49.43234,49.43234,2.51567986,2.51567986,3.48041807,3.48041807,0.153426095,0.0,0.0,25.3027127,0.0728676333,0.0,-680.367721,0.65226908,485.976858,0.0,0.0
710.0,0.0,-683.891975,-0.0202249803,-0.0202249803,0.00144845151,0.00144845151,0.0028026705,0.0028026705,488.494188,49.43234,49.43234,2.52871091,2.52871091,3.49373492,3.49373492,0.153393066,0.0,0.0,25.4337786,0.0727617195,0.0,-683.891975,0.655647868,488.494188,0.0,0.0
710.5,0.0,-687.411103,-0.020195432,-0.020195432,0.00145377782,0.00145377782,0.00280779731,0.00280779731,491.007838,49.43234,49.43234,2.54172305,2.54172305,3.50699658,3.50699658,0.153359896,0.0,0.0,25.5646543,0.0726554186,0.0,-687.411103,0.659021717,491.007838,0.0,0.0
711.0,0.0,-690.925057,-0.0201657761,-0.0201657761,0.00145906364,0.00145906364,0.00281283474,0.00281283474,493.517819,49.43234,49.43234,2.55471599,2.55471599,3.52020335,3.52020335,0.153326599,0.0,0.0,25.6953379,0.0725487276,0.0,-690.925057,0.662390642,493.517819,0.0,0.0
711.5,0.0,-694.433876,-0.0201360127,-0.0201360127,0.00146430894,0.00146430894,0.00281778336,0.00281778336,496.0241,49.43234,49.43234,2.56768989,2.56768989,3.53335538,3.53335538,0.153293166,0.0,0.0,25.8258292,0.0724416519,0.0,-694.433876,0.665754613,496.0241,0.0,0.0
712.0,0.0,-697.937467,-0.0201061432,-0.0201061432,0.00146951366,0.00146951366,0.00282264361,0.00282264361,498.526673,49.43234,49.43234,2.58064459,2.58064459,3.546453,3.546453,0.153259596,0.0,0.0,25.9561275,0.0723341913,0.0,-697.937467,0.669113592,498.526673,0.0,0.0
712.5,0.0,-701.435856,-0.020076168,-0.020076168,0.00147467776,0.00147467776,0.00282741588,0.00282741588,501.025523,49.43234,49.43234,2.59357991,2.59357991,3.55949633,3.55949633,0.1532259,0.0,0.0,26.086232,0.0722263522,0.0,-701.435856,0.672467582,501.025523,0.0,0.0
713.0,0.0,-704.929026,-0.0200460876,-0.0200460876,0.00147980121,0.00147980121,0.00283210072,0.00283210072,503.520639,49.43234,49.43234,2.60649605,2.60649605,3.57248562,3.57248562,0.153192067,0.0,0.0,26.216142,0.0721181351,0.0,-704.929026,0.67581654,503.520639,0.0,0.0
713.5,0.0,-708.416933,-0.0200159038,-0.0200159038,0.00148488389,0.00148488389,0.00283669862,0.00283669862,506.012014,49.43234,49.43234,2.61939272,2.61939272,3.58542123,3.58542123,0.1531581,0.0,0.0,26.3458568,0.0720095465,0.0,-708.416933,0.679160498,506.012014,0.0,0.0
714.0,0.0,-711.899592,-0.0199856172,-0.0199856172,0.00148992584,0.00148992584,0.00284120986,0.00284120986,508.499624,49.43234,49.43234,2.63226991,2.63226991,3.59830317,3.59830317,0.15312401,0.0,0.0,26.4753754,0.0719005851,0.0,-711.899592,0.682499391,508.499624,0.0,0.0
714.5,0.0,-715.349013,-0.01760608784,-0.01760608784,0.001318569134,0.001318569134,0.002546869795,0.002546869795,510.947559,49.43234,49.43234,2.6449418,2.6449418,3.61094688,3.61094688,0.153089786,0.0,0.1630833339,26.6028293,0.050702175,0.0,-715.349013,0.676499025,510.947559,-3.9996307,0.085735136
715.0,0.0,-694.489247,0.3495372754,0.3495372754,-0.02507651605,-0.02507651605,-0.01297100088,-0.01297100088,494.786631,49.43234,49.43234,2.56128406,2.56128406,3.52636343,3.52636343,0.153055775,0.0,10.57766105,25.7613995,-1.320961351,0.0,-694.489247,-0.0798347853,494.786631,-263.754515,5.40223808
715.5,0.0,-579.157498,0.96353361,0.96353361,-0.0575705202,-0.0575705202,-0.027175728,-0.027175728,411.989221,49.43234,49.43234,2.13267972,2.13267972,3.07847314,3.07847314,0.153024486,0.0,26.8509851,21.4504969,-3.46781378,0.0,-579.157498,-0.434247203,411.989221,-670.58763,11.4040027
716.0,0.0,-359.385734,1.56040847,1.56040847,-0.0573255489,-0.0573255489,-0.0217388128,-0.0217388128,255.000307,49.43234,49.43234,1.320019934,1.320019934,2.26347472,2.26347472,0.152999408,0.0,43.1243094,13.27676245,-5.61339627,0.0,-359.385734,-0.650263075,255.000307,-1077.420731,11.2355353
716.5,0.0,-62.16434515,1.33357498,1.33357498,-0.013819286304,-0.013819286304,-0.004512000776,-0.004512000776,46.7952375973,49.43234,49.43234,0.242237541126,0.242237541126,0.561838486385,0.561838486385,0.152985913,0.0,59.3976344,2.43642557849,-4.399176542885,0.0,-62.16434515,1.456351154,46.7952375973,-853.852095,2.67361678724
717.0,0.0,3.122590958,-0.0972670727,-0.0972670727,-5.5363968e-05,-5.5363968e-05,-1.9366916e-05,-1.9366916e-05,0.0286904267,49.43234,49.43234,0.000148517213,0.000148517213,0.000449210547,0.000449210547,0.15298483,0.0,75.6709586,0.00149378639,0.000356323854,0.0,3.122590958,1.316085316,0.0286904267,-30.9022789,3.7138131e-05
717.5,0.0,0.0333574009,-0.002667614085,-0.002667614085,-3.0031e-08,-3.0031e-08,-9.115e-09,-9.115e-09,0.0280334212,49.43234,49.43234,0.000145116195,0.000145116195,0.000438924595,0.000438924595,0.152984826,0.0,91.7813729,0.00145957896,-8.1100834e-05,0.0,0.0333574009,0.03024876935,0.0280334212,-30.8592537,3.6236776e-05
718.0,0.0,-0.0375937039,-5.1659262e-05,-5.1659262e-05,1.96e-10,1.96e-10,5.59e-10,5.59e-10,0.0278477436,49.43234,49.43234,0.000144155031,0.000144155031,0.000436017662,0.000436017662,0.15298481,0.0,97.639946,0.00144991153,-6.4063199e-05,0.0,-0.0375937039,0.000617074008,0.0278477436,-30.8948363,3.6038446e-05
718.5,0.0,-0.0389520152,-8.03336e-07,-8.03336e-07,3e-12,3e-12,1.6e-11,1.6e-11,0.0278414817,49.43234,49.43234,0.000144122615,0.000144122615,0.000435919622,0.000435919622,0.15298481,0.0,97.639946,0.0014495855,0.00046692256,0.0,-0.0389520152,4.8214417e-05,0.0278414817,-30.8269036,3.5951221e-05
719.0,0.0,-0.0389753238,2.81053e-07,2.81053e-07,-1e-12,-1e-12,4e-12,4e-12,0.0278388277,49.43234,49.43234,0.000144108877,0.000144108877,0.00043587807,0.00043587807,0.15298481,0.0,97.639946,0.00144944733,0.000328901627,0.0,-0.0389753238,3.6966178e-05,0.0278388277,-30.7981098,3.5914129e-05
719.5,0.0,-0.0389812729,-4.96434e-07,-4.96434e-07,2e-12,2e-12,1.3e-11,1.3e-11,0.0278474584,49.43234,49.43234,0.000144153555,0.000144153555,0.000436013206,0.000436013206,0.152984806,0.0,97.639946,0.00144989671,0.000159969983,0.0,-0.0389812729,3.9530101e-05,0.0278474584,-30.8917463,3.6034553e-05
720.0,0.0,-0.0389775849,-2.84704e-07,-2.84704e-07,1e-12,1e-12,9e-12,9e-12,0.0278377008,49.43234,49.43234,0.000144103043,0.000144103043,0.000435860433,0.000435860433,0.1529848,0.0,97.639946,0.00144938869,-0.000589619874,0.0,-0.0389775849,3.536712e-05,0.0278377008,-30.7858855,3.5898489e-05
720.5,0.0,-0.038979936,-2.79102e-07,-2.79102e-07,1e-12,1e-12,1.1e-11,1.1e-11,0.0278425993,49.43234,49.43234,0.000144128404,0.000144128404,0.00043593713,0.00043593713,0.1529848,0.0,97.639946,0.00144964372,-0.000418123937,0.0,-0.038979936,3.724921e-05,0.0278425993,-30.839031,3.5966805e-05
721.0,0.0,-0.0389818238,-5.69721e-07,-5.69721e-07,2e-12,2e-12,1e-11,1e-11,0.0278448819,49.43234,49.43234,0.000144140217,0.000144140217,0.000435972859,0.000435972859,0.1529848,0.0,97.639946,0.00144976257,-0.000680018275,0.0,-0.0389818238,3.7796451e-05,0.0278448819,-30.8637903,3.5998572e-05
721.5,0.0,-0.0389771907,-1.00853e-07,-1.00853e-07,0.0,0.0,7e-12,7e-12,0.0278404256,49.43234,49.43234,0.00014411715,0.00014411715,0.000435903102,0.000435903102,0.152984788,0.0,97.639946,0.00144953055,-0.000359281986,0.0,-0.0389771907,3.7122227e-05,0.0278404256,-30.8154494,3.5936461e-05
722.0,0.0,-0.0389725613,7.43295e-07,7.43295e-07,-3e-12,-3e-12,5e-12,5e-12,0.0278298418,49.43234,49.43234,0.000144062361,0.000144062361,0.000435737386,0.000435737386,0.15298478,0.0,97.639946,0.00144897948,-3.6481715e-05,0.0,-0.0389725613,3.2868987e-05,0.0278298418,-30.7006224,3.5788942e-05
722.5,0.0,-0.0389859894,-7.71682e-07,-7.71682e-07,3e-12,3e-12,1.4e-11,1.4e-11,0.0278535001,49.43234,49.43234,0.000144184828,0.000144184828,0.00043610779,0.00043610779,0.15298478,0.0,97.639946,0.00145021125,0.000147068073,0.0,-0.0389859894,4.1094943e-05,0.0278535001,-30.9572889,3.6118844e-05
723.0,0.0,-0.0389790242,1.30767e-07,1.30767e-07,-1e-12,-1e-12,5e-12,5e-12,0.0278413065,49.43234,49.43234,0.000144121711,0.000144121711,0.000435916889,0.000435916889,0.15298478,0.0,97.639946,0.00144957642,0.000244117781,0.0,-0.0389790242,3.6874219e-05,0.0278413065,-30.8250058,3.5948725e-05
723.5,0.0,-0.0389783916,-2.95664e-07,-2.95664e-07,1e-12,1e-12,1.1e-11,1.1e-11,0.0278398078,49.43234,49.43234,0.000144113947,0.000144113947,0.000435893418,0.000435893418,0.152984773,0.0,97.639946,0.00144949837,-0.000142037368,0.0,-0.0389783916,3.6261825e-05,0.0278398078,-30.8087423,3.5927865e-05
724.0,0.0,-0.0389766744,-9.08353e-07,-9.08353e-07,4e-12,4e-12,1.5e-11,1.5e-11,0.0278375975,49.43234,49.43234,0.000144102509,0.000144102509,0.000435858821,0.000435858821,0.15298477,0.0,97.639946,0.00144938328,-0.001376438164,0.0,-0.0389766744,3.5686093e-05,0.0278375975,-30.7847639,3.5896985e-05
724.5,0.0,-0.0389809417,2.04886e-07,2.04886e-07,-1e-12,-1e-12,5e-12,5e-12,0.0278453159,49.43234,49.43234,0.000144142459,0.000144142459,0.000435979647,0.000435979647,0.15298477,0.0,97.639946,0.00144978512,0.0004491442,0.0,-0.0389809417,3.8416708e-05,0.0278453159,-30.8684975,3.6004681e-05
725.0,0.0,-0.0389777836,1.078625e-06,1.078625e-06,-4e-12,-4e-12,2e-12,2e-12,0.0278398405,49.43234,49.43234,0.00014411412,0.00014411412,0.000435893936,0.000435893936,0.15298477,0.0,97.639946,0.00144950004,0.000788831608,0.0,-0.0389777836,3.6533621e-05,0.0278398405,-30.8090975,3.5928275e-05
725.5,0.0,-0.0389792258,3.55439e-07,3.55439e-07,-1e-12,-1e-12,6e-12,6e-12,0.0278417913,49.43234,49.43234,0.000144124218,0.000144124218,0.000435924471,0.000435924471,0.152984752,0.0,97.639946,0.00144960162,1.305322e-05,0.0,-0.0389792258,3.7072571e-05,0.0278417913,-30.8302573,3.5955379e-05
726.0,0.0,-0.0389814474,2.54619e-07,2.54619e-07,-1e-12,-1e-12,8e-12,8e-12,0.0278447566,49.43234,49.43234,0.000144139569,0.000144139569,0.000435970896,0.000435970896,0.15298475,0.0,97.639946,0.001449756,0.000333763128,0.0,-0.0389814474,3.7879744e-05,0.0278447566,-30.8624298,3.5996846e-05
726.5,0.0,-0.0389845528,-8.20448e-07,-8.20448e-07,3e-12,3e-12,1.4e-11,1.4e-11,0.0278481912,49.43234,49.43234,0.000144157351,0.000144157351,0.000436024668,0.000436024668,0.15298475,0.0,97.4771928,0.00144993486,-0.000497442154,0.0,-0.0389845528,3.8593241e-05,0.0278481912,-30.8480879,3.5984454e-05
727.0,0.0,-0.0394597973,-4.801444e-06,-4.801444e-06,2e-11,2e-11,5.7e-11,5.7e-11,0.0281983265,49.43234,49.43234,0.000145969839,0.000145969839,0.000441506328,0.000441506328,0.152984749,0.0,87.0622853,0.00146816487,0.000111627106,0.0,-0.0394597973,4.5281712e-05,0.0281983265,-30.8522511,3.6441926e-05
727.5,0.0,-0.0404980995,-7.239793e-06,-7.239793e-06,3.1e-11,3.1e-11,8.8e-11,8.8e-11,0.0289340625,49.43234,49.43234,0.000149778409,0.000149778409,0.000453024861,0.000453024861,0.15298474,0.0,70.7889611,0.00150647147,-2.8321535e-05,0.0,-0.0404980995,4.2827339e-05,0.0289340625,-30.8120541,3.734427e-05
728.0,0.0,-0.0421521246,-1.2306874e-05,-1.2306874e-05,5.4e-11,5.4e-11,1.56e-10,1.56e-10,0.0301232166,49.43234,49.43234,0.000155934112,0.000155934112,0.000471641883,0.000471641883,0.15298474,0.0,54.5156368,0.00156838555,0.000118094015,0.0,-0.0421521246,4.8913541e-05,0.0301232166,-30.8132019,3.8880071e-05
728.5,0.0,-0.0452392083,-2.5170651e-05,-2.5170651e-05,1.2e-10,1.2e-10,3.43e-10,3.43e-10,0.0323560464,49.43234,49.43234,0.000167492453,0.000167492453,0.000506597989,0.000506597989,0.15298474,0.0,38.242312,0.00168463936,8.1844526e-05,0.0,-0.0452392083,6.8087878e-05,0.0323560464,-30.8060465,4.1752222e-05
729.0,0.0,-0.0531927233,-8.0186913e-05,-8.0186913e-05,4.61e-10,4.61e-10,1.318e-09,1.318e-09,0.0381955202,49.43234,49.43234,0.000197720738,0.000197720738,0.000598015401,0.000598015401,0.152984728,0.0,21.9689881,0.00198867554,0.000320600048,0.0,-0.0531927233,0.000168197406,0.0381955202,-30.7548033,4.9201268e-05
729.5,0.0,-0.2237636321,-0.006384517179,-0.006384517179,4.8929e-07,4.8929e-07,1.398728e-06,1.398728e-06,0.1956411107,49.43234,49.43234,0.001012744493,0.001012744493,0.00305820809,0.00305820809,0.152984719,0.0,5.858426112572,0.01018618625,0.035101939891,0.0,-0.2237636321,0.021123697615,0.1956411107,-23.705323994,7.5867431e-05
730.0,0.0,-4.72626007,-0.0370017362,-0.0370017362,1.7269604e-05,1.7269604e-05,4.9368409e-05,4.9368409e-05,3.43012155,49.43234,49.43234,0.01775617028,0.01775617028,0.0530816559,0.0530816559,0.152984512,0.0,0.0,0.178591589,0.121852647,0.0,-4.72626007,0.03619090391,3.43012155,0.0,0.0
730.5,0.0,-9.7630582,-0.0239355471,-0.0239355471,2.4274346e-05,2.4274346e-05,6.9392778e-05,6.9392778e-05,6.95112254,49.43234,49.43234,0.0359827812,0.0359827812,0.1065327335,0.1065327335,0.152983782,0.0,0.0,0.361914874,0.0869727336,0.0,-9.7630582,-0.003771414263,6.95112254,0.0,0.0
731.0,0.0,-13.7838441,-0.0229964662,-0.0229964662,3.3203683e-05,3.3203683e-05,9.4918968e-05,9.4918968e-05,9.8437484,49.43234,49.43234,0.050956582,0.050956582,0.149578189,0.149578189,0.15298264,0.0,0.0,0.512521393,0.0830600386,0.0,-13.7838441,0.012132705,9.8437484,0.0,0.0
731.5,0.0,-17.8013792,-0.0230848924,-0.0230848924,4.3034025e-05,4.3034025e-05,0.000123020846,0.000123020846,12.7152324,49.43234,49.43234,0.0658209432,0.0658209432,0.191577743,0.191577743,0.15298111,0.0,0.0,0.662027138,0.0830573976,0.0,-17.8013792,0.0170448261,12.7152324,0.0,0.0
732.0,0.0,-21.8212572,-0.0230857843,-0.0230857843,5.2753678e-05,5.2753678e-05,0.000150806302,0.000150806302,15.58660885,49.43234,49.43234,0.0806847437,0.0806847437,0.232867682,0.232867682,0.152979213,0.0,0.0,0.811527288,0.0830538902,0.0,-21.8212572,0.0209195746,15.58660885,0.0,0.0
732.5,0.0,-25.8409973,-0.0230846455,-0.0230846455,6.2468459e-05,6.2468459e-05,0.000178577827,0.000178577827,18.4578515,49.43234,49.43234,0.0955478525,0.0955478525,0.273465466,0.273465466,0.152976943,0.0,0.0,0.961020473,0.0830496725,0.0,-25.8409973,0.0247736457,18.4578515,0.0,0.0
733.0,0.0,-29.8605162,-0.0230832755,-0.0230832755,7.2181026e-05,7.2181026e-05,0.000206343028,0.000206343028,21.3289365,49.43234,49.43234,0.1104101454,0.1104101454,0.313388029,0.313388029,0.152974312,0.0,0.0,1.11050544,0.0830447427,0.0,-29.8605162,0.0286271286,21.3289365,0.0,0.0
733.5,0.0,-33.8797798,-0.0230817065,-0.0230817065,8.189112e-05,8.189112e-05,0.000234101152,0.000234101152,24.1998383,49.43234,49.43234,0.125271493,0.125271493,0.352651724,0.352651724,0.152971323,0.0,0.0,1.25998088,0.0830390971,0.0,-33.8797798,0.0324803592,24.1998383,0.0,0.0
734.0,0.0,-37.8987523,-0.0230799406,-0.0230799406,9.1598406e-05,9.1598406e-05,0.000261851253,0.000261851253,27.0705326,49.43234,49.43234,0.140131763,0.140131763,0.391272415,0.391272415,0.152967985,0.0,0.0,1.40944553,0.083032743,0.0,-37.8987523,0.036333311,27.0705326,0.0,0.0
734.5,0.0,-41.9174012,-0.0230779767,-0.0230779767,0.000101302553,0.000101302553,0.000289592377,0.000289592377,29.9409946,49.43234,49.43234,0.154990836,0.154990836,0.42926544,0.42926544,0.152964297,0.0,0.0,1.55889807,0.0830256768,0.0,-41.9174012,0.0401859515,29.9409946,0.0,0.0
735.0,0.0,-45.9356901,-0.023075815,-0.023075815,0.000111003226,0.000111003226,0.000317323578,0.000317323578,32.811201,49.43234,49.43234,0.169848578,0.169848578,0.466645661,0.466645661,0.152960269,0.0,0.0,1.7083373,0.0830178993,0.0,-45.9356901,0.0440382483,32.811201,0.0,0.0
735.5,0.0,-49.9535853,-0.0230734561,-0.0230734561,0.000120700099,0.000120700099,0.000345043909,0.000345043909,35.6811256,49.43234,49.43234,0.184704865,0.184704865,0.503427478,0.503427478,0.152955903,0.0,0.0,1.85776183,0.0830094139,0.0,-49.9535853,0.0478901677,35.6811256,0.0,0.0
736.0,0.0,-53.9710534,-0.0230708999,-0.0230708999,0.000130392834,0.000130392834,0.00037275242,0.00037275242,38.5507443,49.43234,49.43234,0.199559571,0.199559571,0.539624817,0.539624817,0.152951212,0.0,0.0,2.00717052,0.0830002172,0.0,-53.9710534,0.0517416777,38.5507443,0.0,0.0
736.5,0.0,-57.9880577,-0.0230681454,-0.0230681454,0.000140081107,0.000140081107,0.000400448169,0.000400448169,41.4200336,49.43234,49.43234,0.214412566,0.214412566,0.575251229,0.575251229,0.15294619,0.0,0.0,2.15656193,0.0829903112,0.0,-57.9880577,0.0555927422,41.4200336,0.0,0.0
737.0,0.0,-62.004567,-0.023065195,-0.023065195,0.00014976458,0.00014976458,0.000428130196,0.000428130196,44.2889676,49.43234,49.43234,0.229263727,0.229263727,0.610319796,0.610319796,0.152940849,0.0,0.0,2.30593492,0.082979694,0.0,-62.004567,0.0594433327,44.2889676,0.0,0.0
737.5,0.0,-66.0205441,-0.0230620468,-0.0230620468,0.000159442927,0.000159442927,0.000455797569,0.000455797569,47.1575218,49.43234,49.43234,0.244112925,0.244112925,0.644843233,0.644843233,0.152935188,0.0,0.0,2.45528815,0.082968369,0.0,-66.0205441,0.0632934133,47.1575218,0.0,0.0
738.0,0.0,-70.0359565,-0.0230587017,-0.0230587017,0.000169115817,0.000169115817,0.000483449335,0.000483449335,50.0256737,49.43234,49.43234,0.258960029,0.258960029,0.678833866,0.678833866,0.15292922,0.0,0.0,2.6046204,0.0829563345,0.0,-70.0359565,0.0671429541,50.0256737,0.0,0.0
738.5,0.0,-74.050768,-0.0230551596,-0.0230551596,0.000178782919,0.000178782919,0.00051108456,0.00051108456,52.8933959,49.43234,49.43234,0.273804923,0.273804923,0.712303633,0.712303633,0.152922938,0.0,0.0,2.75393033,0.0829435918,0.0,-74.050768,0.0709919178,52.8933959,0.0,0.0
739.0,0.0,-78.0649471,-0.023051421,-0.023051421,0.000188443903,0.000188443903,0.000538702299,0.000538702299,55.7606657,49.43234,49.43234,0.288647459,0.288647459,0.74526415,0.74526415,0.152916357,0.0,0.0,2.90321673,0.0829301424,0.0,-78.0649471,0.074840272,55.7606657,0.0,0.0
739.5,0.0,-82.0784575,-0.0230474855,-0.0230474855,0.000198098437,0.000198098437,0.000566301604,0.000566301604,58.6274583,49.43234,49.43234,0.303487539,0.303487539,0.777726671,0.777726671,0.152909479,0.0,0.0,3.05247812,0.0829159834,0.0,-82.0784575,0.0786879895,58.6274583,0.0,0.0
740.0,0.0,-86.0912646,-0.0230433537,-0.0230433537,0.000207746201,0.000207746201,0.000593881553,0.000593881553,61.4937495,49.43234,49.43234,0.31832502,0.31832502,0.809702129,0.809702129,0.152902301,0.0,0.0,3.20171352,0.0829011175,0.0,-86.0912646,0.082535035,61.4937495,0.0,0.0
740.5,0.0,-90.1033405,-0.0230390252,-0.0230390252,0.000217386859,0.000217386859,0.000621441174,0.000621441174,64.3595162,49.43234,49.43234,0.333159769,0.333159769,0.841201146,0.841201146,0.152894836,0.0,0.0,3.35092155,0.082885547,0.0,-90.1033405,0.0863813726,64.3595162,0.0,0.0
741.0,0.0,-94.1146386,-0.0230345008,-0.0230345008,0.00022702009,0.00022702009,0.000648979588,0.000648979588,67.2247297,49.43234,49.43234,0.347991674,0.347991674,0.872234008,0.872234008,0.15288708,0.0,0.0,3.50010084,0.0828692688,0.0,-94.1146386,0.0902269698,67.2247297,0.0,0.0
741.5,0.0,-98.1251356,-0.0230297799,-0.0230297799,0.000236645565,0.000236645565,0.000676495809,0.000676495809,70.08937,49.43234,49.43234,0.362820601,0.362820601,0.902810722,0.902810722,0.152879043,0.0,0.0,3.64925021,0.0828522848,0.0,-98.1251356,0.0940717986,70.08937,0.0,0.0
742.0,0.0,-102.1347908,-0.0230248633,-0.0230248633,0.000246262956,0.000246262956,0.000703988915,0.000703988915,72.9534085,49.43234,49.43234,0.377646428,0.377646428,0.932941035,0.932941035,0.152870725,0.0,0.0,3.79836837,0.0828345985,0.0,-102.1347908,0.097915823,72.9534085,0.0,0.0
742.5,0.0,-106.143575,-0.023019751,-0.023019751,0.000255871929,0.000255871929,0.000731457992,0.000731457992,75.816826,49.43234,49.43234,0.392469021,0.392469021,0.962634417,0.962634417,0.152862139,0.0,0.0,3.94745408,0.0828162084,0.0,-106.143575,0.1017590064,75.816826,0.0,0.0
743.0,0.0,-110.1514509,-0.0230144432,-0.0230144432,0.000265472177,0.000265472177,0.00075890209,0.00075890209,78.6795939,49.43234,49.43234,0.407288265,0.407288265,0.991900005,0.991900005,0.152853276,0.0,0.0,4.09650593,0.0827971105,0.0,-110.1514509,0.1056013234,78.6795939,0.0,0.0
743.5,0.0,-114.1583873,-0.0230089399,-0.0230089399,0.000275063367,0.000275063367,0.000786320299,0.000786320299,81.5416896,49.43234,49.43234,0.422104026,0.422104026,1.02074673,1.02074673,0.152844147,0.0,0.0,4.24552295,0.082777312,0.0,-114.1583873,0.1094427399,81.5416896,0.0,0.0
744.0,0.0,-118.164347,-0.0230032416,-0.0230032416,0.000284645165,0.000284645165,0.000813711684,0.000813711684,84.4030881,49.43234,49.43234,0.436916186,0.436916186,1.04918338,1.04918338,0.152834748,0.0,0.0,4.39450363,0.0827568115,0.0,-118.164347,0.1132832191,84.4030881,0.0,0.0
744.5,0.0,-122.1692985,-0.022997348,-0.022997348,0.000294217261,0.000294217261,0.000841075319,0.000841075319,87.2637665,49.43234,49.43234,0.451724616,0.451724616,1.07721826,1.07721826,0.152825092,0.0,0.0,4.54344692,0.0827356096,0.0,-122.1692985,0.117122732,87.2637665,0.0,0.0
745.0,0.0,-126.173204,-0.02299126,-0.02299126,0.000303779325,0.000303779325,0.000868410275,0.000868410275,90.1237,49.43234,49.43234,0.466529174,0.466529174,1.10485967,1.10485967,0.152815184,0.0,0.0,4.69235121,0.0827137064,0.0,-126.173204,0.1209612436,90.1237,0.0,0.0
745.5,0.0,-130.176036,-0.0229849767,-0.0229849767,0.000313331048,0.000313331048,0.000895715664,0.000895715664,92.9828639,49.43234,49.43234,0.481329758,0.481329758,1.1321156,1.1321156,0.152805015,0.0,0.0,4.84121551,0.0826911036,0.0,-130.176036,0.1247987235,92.9828639,0.0,0.0
746.0,0.0,-134.177755,-0.0229784997,-0.0229784997,0.000322872089,0.000322872089,0.000922990532,0.000922990532,95.841237,49.43234,49.43234,0.496126243,0.496126243,1.15899385,1.15899385,0.152794595,0.0,0.0,4.99003852,0.0826677995,0.0,-134.177755,0.128635139,95.841237,0.0,0.0
746.5,0.0,-138.178331,-0.022971828,-0.022971828,0.000332402139,0.000332402139,0.000950233977,0.000950233977,98.6987885,49.43234,49.43234,0.510918482,0.510918482,1.18550189,1.18550189,0.152783929,0.0,0.0,5.13881901,0.0826437993,0.0,-138.178331,0.132470457,98.6987885,0.0,0.0
747.0,0.0,-142.177727,-0.0229649626,-0.0229649626,0.000341920882,0.000341920882,0.000977445079,0.000977445079,101.5555001,49.43234,49.43234,0.52570637,0.52570637,1.21164722,1.21164722,0.152773021,0.0,0.0,5.28755556,0.0826191005,0.0,-142.177727,0.136304649,101.5555001,0.0,0.0
747.5,0.0,-146.175912,-0.0229579036,-0.0229579036,0.000351427987,0.000351427987,0.00100462296,0.00100462296,104.411344,49.43234,49.43234,0.540489774,0.540489774,1.23743693,1.23743693,0.15276187,0.0,0.0,5.43624692,0.0825937045,0.0,-146.175912,0.140137674,104.411344,0.0,0.0
748.0,0.0,-150.17285,-0.0229506511,-0.0229506511,0.000360923152,0.000360923152,0.00103176664,0.00103176664,107.2662994,49.43234,49.43234,0.555268552,0.555268552,1.26287803,1.26287803,0.152750479,0.0,0.0,5.58489219,0.0825676146,0.0,-150.17285,0.143969506,107.2662994,0.0,0.0
748.5,0.0,-154.168508,-0.0229432051,-0.0229432051,0.000370406046,0.000370406046,0.00105887525,0.00105887525,110.1203414,49.43234,49.43234,0.570042626,0.570042626,1.28797735,1.28797735,0.152738856,0.0,0.0,5.73348983,0.0825408271,0.0,-154.168508,0.147800114,110.1203414,0.0,0.0
749.0,0.0,-158.162856,-0.0229355663,-0.0229355663,0.000379876358,0.000379876358,0.00108594796,0.00108594796,112.9734446,49.43234,49.43234,0.58481184,0.58481184,1.31274147,1.31274147,0.152726996,0.0,0.0,5.88203855,0.082513345,0.0,-158.162856,0.151629458,112.9734446,0.0,0.0
749.5,0.0,-162.155848,-0.0229277351,-0.0229277351,0.000389333781,0.000389333781,0.00111298376,0.00111298376,115.8255854,49.43234,49.43234,0.599576079,0.599576079,1.33717694,1.33717694,0.152714913,0.0,0.0,6.03053721,0.0824851716,0.0,-162.155848,0.155457514,115.8255854,0.0,0.0
750.0,0.0,-166.147472,-0.0229197107,-0.0229197107,0.000398777987,0.000398777987,0.00113998181,0.00113998181,118.6767386,49.43234,49.43234,0.614335195,0.614335195,1.36128996,1.36128996,0.152702602,0.0,0.0,6.17898444,0.0824563045,0.0,-166.147472,0.159284247,118.6767386,0.0,0.0
750.5,0.0,-170.137673,-0.0229114949,-0.0229114949,0.000408208672,0.000408208672,0.00116694118,0.00116694118,121.526885,49.43234,49.43234,0.629089087,0.629089087,1.38508672,1.38508672,0.152690069,0.0,0.0,6.32737922,0.0824267457,0.0,-170.137673,0.163109627,121.526885,0.0,0.0
751.0,0.0,-174.126426,-0.0229030874,-0.0229030874,0.000417625521,0.000417625521,0.00119386101,0.00119386101,124.3759964,49.43234,49.43234,0.643837639,0.643837639,1.40857319,1.40857319,0.152677308,0.0,0.0,6.47572003,0.0823964979,0.0,-174.126426,0.166933617,124.3759964,0.0,0.0
751.5,0.0,-178.113704,-0.0228944874,-0.0228944874,0.000427028223,0.000427028223,0.00122074041,0.00122074041,127.2240498,49.43234,49.43234,0.658580709,0.658580709,1.43175521,1.43175521,0.152664333,0.0,0.0,6.62400592,0.0823655599,0.0,-178.113704,0.17075619,127.2240498,0.0,0.0
752.0,0.0,-182.099465,-0.022885697,-0.022885697,0.000436416456,0.000436416456,0.00124757845,0.00124757845,130.071023,49.43234,49.43234,0.673318176,0.673318176,1.45463846,1.45463846,0.152651141,0.0,0.0,6.77223548,0.0823339341,0.0,-182.099465,0.174577311,130.071023,0.0,0.0
752.5,0.0,-186.083679,-0.0228767148,-0.0228767148,0.000445789932,0.000445789932,0.00127437428,0.00127437428,132.916886,49.43234,49.43234,0.688049944,0.688049944,1.47722846,1.47722846,0.152637737,0.0,0.0,6.92040738,0.0823016215,0.0,-186.083679,0.178396949,132.916886,0.0,0.0
753.0,0.0,-190.066315,-0.0228675422,-0.0228675422,0.000455148322,0.000455148322,0.00130112703,0.00130112703,135.761625,49.43234,49.43234,0.70277587,0.70277587,1.49953069,1.49953069,0.152624121,0.0,0.0,7.06852052,0.0822686213,0.0,-190.066315,0.182215072,135.761625,0.0,0.0
753.5,0.0,-194.047333,-0.0228581788,-0.0228581788,0.000464491344,0.000464491344,0.00132783576,0.00132783576,138.60521,49.43234,49.43234,0.717495769,0.717495769,1.52155033,1.52155033,0.152610299,0.0,0.0,7.2165737,0.0822349361,0.0,-194.047333,0.186031648,138.60521,0.0,0.0
754.0,0.0,-198.026708,-0.0228486264,-0.0228486264,0.000473818669,0.000473818669,0.00135449968,0.00135449968,141.447617,49.43234,49.43234,0.732209632,0.732209632,1.54329263,1.54329263,0.15259627,0.0,0.0,7.36456564,0.082200569,0.0,-198.026708,0.189846643,141.447617,0.0,0.0
754.5,0.0,-202.0044,-0.022838883,-0.022838883,0.000483129999,0.000483129999,0.0013811179,0.0013811179,144.28883,49.43234,49.43234,0.746917266,0.746917266,1.56476254,1.56476254,0.152582039,0.0,0.0,7.51249512,0.082165517,0.0,-202.0044,0.193660029,144.28883,0.0,0.0
755.0,0.0,-205.980379,-0.0228289511,-0.0228289511,0.000492425037,0.000492425037,0.00140768948,0.00140768948,147.128815,49.43234,49.43234,0.761618575,0.761618575,1.58596498,1.58596498,0.152567608,0.0,0.0,7.66036092,0.0821297869,0.0,-205.980379,0.197471776,147.128815,0.0,0.0
755.5,0.0,-209.954611,-0.0228188296,-0.0228188296,0.000501703452,0.000501703452,0.00143421362,0.00143421362,149.967552,49.43234,49.43234,0.776313428,0.776313428,1.60690484,1.60690484,0.152552978,0.0,0.0,7.80816159,0.082093374,0.0,-209.954611,0.201281849,149.967552,0.0,0.0
756.0,0.0,-213.92707,-0.0228085196,-0.0228085196,0.000510964988,0.000510964988,0.00146068944,0.00146068944,152.805017,49.43234,49.43234,0.791001686,0.791001686,1.6275866,1.6275866,0.152538153,0.0,0.0,7.95589624,0.0820562811,0.0,-213.92707,0.205090213,152.805017,0.0,0.0
756.5,0.0,-217.897712,-0.022798021,-0.022798021,0.000520209329,0.000520209329,0.00148711611,0.00148711611,155.641192,49.43234,49.43234,0.805683269,0.805683269,1.64801498,1.64801498,0.152523135,0.0,0.0,8.10356355,0.0820185131,0.0,-217.897712,0.208896848,155.641192,0.0,0.0
757.0,0.0,-221.866513,-0.0227873343,-0.0227873343,0.000529436156,0.000529436156,0.00151349271,0.00151349271,158.47605,49.43234,49.43234,0.820358012,0.820358012,1.66819439,1.66819439,0.152507919,0.0,0.0,8.2511623,0.0819800661,0.0,-221.866513,0.212701711,158.47605,0.0,0.0
757.5,0.0,-225.833434,-0.0227764599,-0.0227764599,0.000538645179,0.000538645179,0.00153981843,0.00153981843,161.309562,49.43234,49.43234,0.835025825,0.835025825,1.68812919,1.68812919,0.152492517,0.0,0.0,8.39869105,0.081940945,0.0,-225.833434,0.216504772,161.309562,0.0,0.0
758.0,0.0,-229.798446,-0.0227653984,-0.0227653984,0.000547836102,0.000547836102,0.00156609241,0.00156609241,164.141718,49.43234,49.43234,0.849686575,0.849686575,1.70782359,1.70782359,0.152476932,0.0,0.0,8.54614915,0.0819011491,0.0,-229.798446,0.220306005,164.141718,0.0,0.0
758.5,0.0,-233.761515,-0.0227541496,-0.0227541496,0.000557008653,0.000557008653,0.00159231392,0.00159231392,166.97248,49.43234,49.43234,0.864340139,0.864340139,1.72728183,1.72728183,0.152461155,0.0,0.0,8.6935346,0.081860681,0.0,-233.761515,0.224105378,166.97248,0.0,0.0
759.0,0.0,-237.722609,-0.0227427146,-0.0227427146,0.000566162507,0.000566162507,0.0016184819,0.0016184819,169.801828,49.43234,49.43234,0.878986413,0.878986413,1.7465079,1.7465079,0.152445197,0.0,0.0,8.84084675,0.0818195425,0.0,-237.722609,0.227902855,169.801828,0.0,0.0
759.5,0.0,-241.681695,-0.0227310932,-0.0227310932,0.000575297377,0.000575297377,0.00164459565,0.00164459565,172.629751,49.43234,49.43234,0.893625253,0.893625253,1.76550578,1.76550578,0.15242906,0.0,0.0,8.988084,0.081777732,0.0,-241.681695,0.231698414,172.629751,0.0,0.0
760.0,0.0,-245.638746,-0.0227192861,-0.0227192861,0.000584413005,0.000584413005,0.00167065433,0.00167065433,175.456215,49.43234,49.43234,0.90825657,0.90825657,1.78427939,1.78427939,0.152412747,0.0,0.0,9.13524615,0.081735256,0.0,-245.638746,0.235492009,175.456215,0.0,0.0
760.5,0.0,-249.593721,-0.0227072932,-0.0227072932,0.000593509043,0.000593509043,0.00169665712,0.00169665712,178.281197,49.43234,49.43234,0.922880188,0.922880188,1.80283248,1.80283248,0.152396252,0.0,0.0,9.28233055,0.0816921095,0.0,-249.593721,0.239283627,178.281197,0.0,0.0
761.0,0.0,-253.546593,-0.0226951157,-0.0226951157,0.000602585248,0.000602585248,0.00172260318,0.00172260318,181.104668,49.43234,49.43234,0.937496067,0.937496067,1.82116877,1.82116877,0.152379581,0.0,0.0,9.4293369,0.0816482995,0.0,-253.546593,0.243073222,181.104668,0.0,0.0
761.5,0.0,-257.497329,-0.0226827535,-0.0226827535,0.000611641295,0.000611641295,0.0017484916,0.0017484916,183.926627,49.43234,49.43234,0.952104012,0.952104012,1.83929186,1.83929186,0.152362743,0.0,0.0,9.5762639,0.0816038268,0.0,-257.497329,0.246860768,183.926627,0.0,0.0
762.0,0.0,-261.445894,-0.0226702067,-0.0226702067,0.000620676964,0.000620676964,0.00177432171,0.00177432171,186.74703,49.43234,49.43234,0.96670396,0.96670396,1.85720535,1.85720535,0.152345729,0.0,0.0,9.7231098,0.0815586885,0.0,-261.445894,0.25064624,186.74703,0.0,0.0
762.5,0.0,-265.392258,-0.0226574772,-0.0226574772,0.000629691902,0.000629691902,0.00180009264,0.00180009264,189.565861,49.43234,49.43234,0.981295761,0.981295761,1.87491264,1.87491264,0.152328546,0.0,0.0,9.86987455,0.0815128901,0.0,-265.392258,0.254429602,189.565861,0.0,0.0
763.0,0.0,-269.336394,-0.0226445632,-0.0226445632,0.000638685886,0.000638685886,0.00182580353,0.00182580353,192.3831,49.43234,49.43234,0.995879304,0.995879304,1.89242468,1.89242468,0.152311196,0.0,0.0,10.0165558,0.0814664339,0.0,-269.336394,0.25821082,192.3831,0.0,0.0
763.5,0.0,-273.278265,-0.0226314662,-0.0226314662,0.000647658551,0.000647658551,0.00185145364,0.00185145364,195.19872,49.43234,49.43234,1.01045451,1.01045451,1.91094712,1.91094712,0.152293676,0.0,0.0,10.16315295,0.0814193195,0.0,-273.278265,0.261989875,195.19872,0.0,0.0
764.0,0.0,-277.217833,-0.0226181879,-0.0226181879,0.000656609698,0.000656609698,0.0018770422,0.0018770422,198.012699,49.43234,49.43234,1.02502118,1.02502118,1.93015847,1.93015847,0.152275974,0.0,0.0,10.3096646,0.0813715465,0.0,-277.217833,0.265766725,198.012699,0.0,0.0
764.5,0.0,-281.155074,-0.0226047267,-0.0226047267,0.000665538998,0.000665538998,0.00190256828,0.00190256828,200.825016,49.43234,49.43234,1.03957924,1.03957924,1.94919408,1.94919408,0.15225809,0.0,0.0,10.4560897,0.0813231159,0.0,-281.155074,0.269541344,200.825016,0.0,0.0
765.0,0.0,-285.08996,-0.0225910844,-0.0225910844,0.000674446204,0.000674446204,0.0019280312,0.0019280312,203.635643,49.43234,49.43234,1.05412859,1.05412859,1.96805615,1.96805615,0.152240029,0.0,0.0,10.6024272,0.081274036,0.0,-285.08996,0.2733137,203.635643,0.0,0.0
765.5,0.0,-289.02245,-0.0225772606,-0.0225772606,0.000683331025,0.000683331025,0.00195343014,0.00195343014,206.444567,49.43234,49.43234,1.06866911,1.06866911,1.98674691,1.98674691,0.152221785,0.0,0.0,10.7486757,0.0812243034,0.0,-289.02245,0.277083759,206.444567,0.0,0.0
766.0,0.0,-292.952529,-0.0225632559,-0.0225632559,0.000692193203,0.000692193203,0.00197876432,0.00197876432,209.251761,49.43234,49.43234,1.08320067,1.08320067,2.0052686,2.0052686,0.15220336,0.0,0.0,10.8948342,0.0811739234,0.0,-292.952529,0.280851504,209.251761,0.0,0.0
766.5,0.0,-296.880143,-0.0225490713,-0.0225490713,0.000701032459,0.000701032459,0.002004033,0.002004033,212.057202,49.43234,49.43234,1.09772314,1.09772314,2.02362323,2.02362323,0.152184764,0.0,0.0,11.0409012,0.0811228914,0.0,-296.880143,0.284616903,212.057202,0.0,0.0
767.0,0.0,-300.805272,-0.0225347075,-0.0225347075,0.000709848507,0.000709848507,0.00202923534,0.00202923534,214.860868,49.43234,49.43234,1.11223641,1.11223641,2.04181294,2.04181294,0.152165996,0.0,0.0,11.1868757,0.081071214,0.0,-300.805272,0.288379909,214.860868,0.0,0.0
767.5,0.0,-304.727882,-0.0225201635,-0.0225201635,0.000718641091,0.000718641091,0.00205437067,0.00205437067,217.662733,49.43234,49.43234,1.12674041,1.12674041,2.05983984,2.05983984,0.152147047,0.0,0.0,11.33275685,0.0810188925,0.0,-304.727882,0.292140506,217.662733,0.0,0.0
768.0,0.0,-308.647953,-0.0225054409,-0.0225054409,0.000727409952,0.000727409952,0.00207943802,0.00207943802,220.462779,49.43234,49.43234,1.14123497,1.14123497,2.07770581,2.07770581,0.152127927,0.0,0.0,11.4785431,0.0809659259,0.0,-308.647953,0.29589866,220.462779,0.0,0.0
768.5,0.0,-312.56544,-0.0224905402,-0.0224905402,0.000736154809,0.000736154809,0.00210443681,0.00210443681,223.260983,49.43234,49.43234,1.15571997,1.15571997,2.095413,2.095413,0.152108641,0.0,0.0,11.6242336,0.080912319,0.0,-312.56544,0.299654336,223.260983,0.0,0.0
769.0,0.0,-316.480309,-0.0224754615,-0.0224754615,0.000744875397,0.000744875397,0.00212936631,0.00212936631,226.057323,49.43234,49.43234,1.17019536,1.17019536,2.11296333,2.11296333,0.152089183,0.0,0.0,11.76982665,0.0808580725,0.0,-316.480309,0.303407519,226.057323,0.0,0.0
769.5,0.0,-320.392547,-0.0224602055,-0.0224602055,0.000753571485,0.000753571485,0.00215422565,0.00215422565,228.851774,49.43234,49.43234,1.18466097,1.18466097,2.13035864,2.13035864,0.15206956,0.0,0.0,11.9153218,0.0808031861,0.0,-320.392547,0.307158169,228.851774,0.0,0.0
770.0,0.0,-324.302106,-0.0224447725,-0.0224447725,0.000762242753,0.000762242753,0.00217380683,0.00217380683,231.644321,49.43234,49.43234,1.1991167,1.1991167,2.14760091,2.14760091,0.152049767,0.0,0.0,12.06071765,0.0807476674,0.0,-324.302106,0.310906255,231.644321,0.0,0.0
770.5,0.0,-328.208971,-0.0224291638,-0.0224291638,0.000770888998,0.000770888998,0.00218665568,0.00218665568,234.434936,49.43234,49.43234,1.21356245,1.21356245,2.16469206,2.16469206,0.152029811,0.0,0.0,12.2060127,0.0806915111,0.0,-328.208971,0.314651753,234.434936,0.0,0.0
771.0,0.0,-332.113097,-0.022413379,-0.022413379,0.000779509936,0.000779509936,0.00219929275,0.00219929275,237.223597,49.43234,49.43234,1.22799806,1.22799806,2.18163375,2.18163375,0.152009691,0.0,0.0,12.3512064,0.0806347225,0.0,-332.113097,0.318394629,237.223597,0.0,0.0
771.5,0.0,-336.014463,-0.022397419,-0.022397419,0.000788105323,0.000788105323,0.0022117321,0.0022117321,240.010283,49.43234,49.43234,1.24242348,1.24242348,2.19842789,2.19842789,0.15198941,0.0,0.0,12.4962974,0.0805773066,0.0,-336.014463,0.322134856,240.010283,0.0,0.0
772.0,0.0,-339.913038,-0.022381284,-0.022381284,0.000796674892,0.000796674892,0.0022239764,0.0022239764,242.794977,49.43234,49.43234,1.25683853,1.25683853,2.21507635,2.21507635,0.15196897,0.0,0.0,12.6412842,0.080519258,0.0,-339.913038,0.32587241,242.794977,0.0,0.0
772.5,0.0,-343.808773,-0.022364975,-0.022364975,0.000805218404,0.000805218404,0.00223602813,0.00223602813,245.57765,49.43234,49.43234,1.27124319,1.27124319,2.23158073,2.23158073,0.151948362,0.0,0.0,12.7861659,0.0804605845,0.0,-343.808773,0.329607256,245.57765,0.0,0.0
773.0,0.0,-347.701666,-0.022348492,-0.022348492,0.000813735596,0.000813735596,0.00224788991,0.00224788991,248.358286,49.43234,49.43234,1.28563723,1.28563723,2.24794276,2.24794276,0.151927603,0.0,0.0,12.9309415,0.0804012865,0.0,-347.701666,0.333339364,248.358286,0.0,0.0
773.5,0.0,-351.591673,-0.0223318357,-0.0223318357,0.000822226223,0.000822226223,0.00225956431,0.00225956431,251.136861,49.43234,49.43234,1.30002067,1.30002067,2.26416423,2.26416423,0.151906688,0.0,0.0,13.0756099,0.080341363,0.0,-351.591673,0.337068699,251.136861,0.0,0.0
774.0,0.0,-355.478762,-0.0223150073,-0.0223150073,0.000830690057,0.000830690057,0.00227105367,0.00227105367,253.913354,49.43234,49.43234,1.3143933,1.3143933,2.28024674,2.28024674,0.151885612,0.0,0.0,13.22017,0.0802808204,0.0,-355.478762,0.340795253,253.913354,0.0,0.0
774.5,0.0,-359.362904,-0.0222980071,-0.0222980071,0.000839126835,0.000839126835,0.00228236051,0.00228236051,256.68774,49.43234,49.43234,1.32875501,1.32875501,2.29619194,2.29619194,0.151864383,0.0,0.0,13.3646202,0.0802196585,0.0,-359.362904,0.344518975,256.68774,0.0,0.0
775.0,0.0,-363.244073,-0.0222808342,-0.0222808342,0.000847536303,0.000847536303,0.00229348706,0.00229348706,259.46,49.43234,49.43234,1.34310577,1.34310577,2.3120015,2.3120015,0.151843006,0.0,0.0,13.50895995,0.080157881,0.0,-363.244073,0.348239847,259.46,0.0,0.0
775.5,0.0,-367.122238,-0.0222634914,-0.0222634914,0.000855918241,0.000855918241,0.00230443575,0.00230443575,262.230119,49.43234,49.43234,1.35744535,1.35744535,2.32767691,2.32767691,0.151821467,0.0,0.0,13.65318805,0.0800954864,0.0,-367.122238,0.351957844,262.230119,0.0,0.0
776.0,0.0,-370.997362,-0.0222459777,-0.0222459777,0.000864272413,0.000864272413,0.0023152088,0.0023152088,264.998067,49.43234,49.43234,1.37177379,1.37177379,2.34321981,2.34321981,0.151799786,0.0,0.0,13.7973032,0.0800324821,0.0,-370.997362,0.355672923,264.998067,0.0,0.0
776.5,0.0,-374.869431,-0.0222282943,-0.0222282943,0.000872598553,0.000872598553,0.0023258084,0.0023258084,267.763825,49.43234,49.43234,1.38609087,1.38609087,2.35863174,2.35863174,0.151777954,0.0,0.0,13.9413042,0.0799688622,0.0,-374.869431,0.359385074,267.763825,0.0,0.0
777.0,0.0,-378.738405,-0.0222104418,-0.0222104418,0.000880896471,0.000880896471,0.00233623672,0.00233623672,270.527384,49.43234,49.43234,1.4003965,1.4003965,2.3739142,2.3739142,0.151755969,0.0,0.0,14.0851903,0.0799046361,0.0,-378.738405,0.363094256,270.527384,0.0,0.0
777.5,0.0,-382.60425,-0.0221924208,-0.0221924208,0.000889165873,0.000889165873,0.00234649597,0.00234649597,273.288697,49.43234,49.43234,1.41469057,1.41469057,2.3890687,2.3890687,0.151733836,0.0,0.0,14.22896035,0.0798398019,0.0,-382.60425,0.366800447,273.288697,0.0,0.0
778.0,0.0,-386.466943,-0.0221742313,-0.0221742313,0.000897406575,0.000897406575,0.0023565882,0.0023565882,276.047769,49.43234,49.43234,1.42897301,1.42897301,2.40409661,2.40409661,0.151711564,0.0,0.0,14.37261295,0.0797743653,0.0,-386.466943,0.37050361,276.047769,0.0,0.0
778.5,0.0,-390.326455,-0.0221558742,-0.0221558742,0.000905618326,0.000905618326,0.00236651553,0.00236651553,278.804564,49.43234,49.43234,1.44324368,1.44324368,2.41899959,2.41899959,0.15168914,0.0,0.0,14.5161474,0.079708323,0.0,-390.326455,0.374203729,278.804564,0.0,0.0
779.0,0.0,-394.182754,-0.0221373506,-0.0221373506,0.000913800924,0.000913800924,0.00237627995,0.00237627995,281.559061,49.43234,49.43234,1.45750247,1.45750247,2.43377879,2.43377879,0.151666573,0.0,0.0,14.6595622,0.0796416825,0.0,-394.182754,0.377900771,281.559061,0.0,0.0
779.5,0.0,-398.035824,-0.0221186603,-0.0221186603,0.000921954114,0.000921954114,0.00238588338,0.00238588338,284.311245,49.43234,49.43234,1.4717493,1.4717493,2.44843592,2.44843592,0.15164386,0.0,0.0,14.8028569,0.0795744434,0.0,-398.035824,0.381594696,284.311245,0.0,0.0
780.0,0.0,-401.885619,-0.0220998044,-0.0220998044,0.000930077666,0.000930077666,0.00239532791,0.00239532791,287.061106,49.43234,49.43234,1.48598402,1.48598402,2.46297215,2.46297215,0.151621015,0.0,0.0,14.9460297,0.0795066061,0.0,-401.885619,0.385285505,287.061106,0.0,0.0
780.5,0.0,-405.732115,-0.0220807834,-0.0220807834,0.0009381714,0.0009381714,0.00240461533,0.00240461533,289.808594,49.43234,49.43234,1.50020655,1.50020655,2.47738891,2.47738891,0.151598021,0.0,0.0,15.0890801,0.0794381785,0.0,-405.732115,0.388973144,289.808594,0.0,0.0
781.0,0.0,-409.575275,-0.0220615981,-0.0220615981,0.000946235053,0.000946235053,0.00241374759,0.00241374759,292.553721,49.43234,49.43234,1.51441677,1.51441677,2.49168763,2.49168763,0.151574895,0.0,0.0,15.2320065,0.0793691555,0.0,-409.575275,0.392657595,292.553721,0.0,0.0
781.5,0.0,-413.415098,-0.0220422487,-0.0220422487,0.00095426842,0.00095426842,0.00242272646,0.00242272646,295.296436,49.43234,49.43234,1.52861463,1.52861463,2.5058695,2.5058695,0.151551623,0.0,0.0,15.37480835,0.0792995441,0.0,-413.415098,0.396338824,295.296436,0.0,0.0
782.0,0.0,-417.251531,-0.0220227361,-0.0220227361,0.000962271318,0.000962271318,0.00243155387,0.00243155387,298.036753,49.43234,49.43234,1.54279992,1.54279992,2.51993588,2.51993588,0.151528215,0.0,0.0,15.51748425,0.0792293465,0.0,-417.251531,0.400016824,298.036753,0.0,0.0
782.5,0.0,-421.08455,-0.0220030608,-0.0220030608,0.00097024347,0.00097024347,0.00244023159,0.00244023159,300.774616,49.43234,49.43234,1.55697261,1.55697261,2.53388806,2.53388806,0.151504671,0.0,0.0,15.66003335,0.079158563,0.0,-421.08455,0.40369155,300.774616,0.0,0.0
783.0,0.0,-424.91412,-0.0219832238,-0.0219832238,0.000978184717,0.000978184717,0.00244876127,0.00244876127,303.510027,49.43234,49.43234,1.57113259,1.57113259,2.54772728,2.54772728,0.151480992,0.0,0.0,15.80245455,0.0790871966,0.0,-424.91412,0.407362971,303.510027,0.0,0.0
783.5,0.0,-428.740238,-0.021963225,-0.021963225,0.00098609483,0.00098609483,0.00245714471,0.00245714471,306.242962,49.43234,49.43234,1.58527979,1.58527979,2.56145482,2.56145482,0.15145718,0.0,0.0,15.94474645,0.079015247,0.0,-428.740238,0.411031072,306.242962,0.0,0.0
784.0,0.0,-432.562853,-0.0219430654,-0.0219430654,0.00099397359,0.00099397359,0.00246538358,0.00246538358,308.973406,49.43234,49.43234,1.599414,1.599414,2.57507197,2.57507197,0.151433231,0.0,0.0,16.0869089,0.078942722,0.0,-432.562853,0.414695821,308.973406,0.0,0.0
784.5,0.0,-436.381939,-0.0219227462,-0.0219227462,0.00100182084,0.00100182084,0.00247347955,0.00247347955,311.701329,49.43234,49.43234,1.61353522,1.61353522,2.58857973,2.58857973,0.151409148,0.0,0.0,16.2289399,0.0788696204,0.0,-436.381939,0.418357195,311.701329,0.0,0.0
785.0,0.0,-440.197476,-0.0219022671,-0.0219022671,0.00100963629,0.00100963629,0.00248143422,0.00248143422,314.426712,49.43234,49.43234,1.62764324,1.62764324,2.60197948,2.60197948,0.15138494,0.0,0.0,16.3708386,0.0787959455,0.0,-440.197476,0.422015166,314.426712,0.0,0.0
785.5,0.0,-444.009441,-0.0218816295,-0.0218816295,0.00101741982,0.00101741982,0.00248924926,0.00248924926,317.149542,49.43234,49.43234,1.64173811,1.64173811,2.61527245,2.61527245,0.151360596,0.0,0.0,16.5126044,0.0787216982,0.0,-444.009441,0.425669699,317.149542,0.0,0.0
786.0,0.0,-447.817786,-0.0218608333,-0.0218608333,0.00102517118,0.00102517118,0.00249692627,0.00249692627,319.869791,49.43234,49.43234,1.65581959,1.65581959,2.62845966,2.62845966,0.151336129,0.0,0.0,16.6542363,0.0786468829,0.0,-447.817786,0.429320783,319.869791,0.0,0.0
786.5,0.0,-451.622503,-0.02183988,-0.02183988,0.0010328902,0.0010328902,0.00250446674,0.00250446674,322.587443,49.43234,49.43234,1.66988764,1.66988764,2.64154227,2.64154227,0.15131153,0.0,0.0,16.7957325,0.0785715006,0.0,-451.622503,0.432968379,322.587443,0.0,0.0
787.0,0.0,-455.42356,-0.0218187702,-0.0218187702,0.00104057667,0.00104057667,0.00251187217,0.00251187217,325.302481,49.43234,49.43234,1.68394214,1.68394214,2.65452146,2.65452146,0.151286803,0.0,0.0,16.9370929,0.0784955566,0.0,-455.42356,0.436612455,325.302481,0.0,0.0
787.5,0.0,-459.22093,-0.0217975037,-0.0217975037,0.0010482304,0.0010482304,0.0025191442,0.0025191442,328.014882,49.43234,49.43234,1.69798303,1.69798303,2.66739839,2.66739839,0.151261949,0.0,0.0,17.0783162,0.078419047,0.0,-459.22093,0.44025301,328.014882,0.0,0.0
788.0,0.0,-463.014568,-0.0217760815,-0.0217760815,0.00105585119,0.00105585119,0.00252628417,0.00252628417,330.724634,49.43234,49.43234,1.71201016,1.71201016,2.68017396,2.68017396,0.151236969,0.0,0.0,17.2194011,0.0783419775,0.0,-463.014568,0.443890001,330.724634,0.0,0.0
788.5,0.0,-466.804479,-0.0217545043,-0.0217545043,0.0010634389,0.0010634389,0.00253329363,0.00253329363,333.431709,49.43234,49.43234,1.72602344,1.72602344,2.69284946,2.69284946,0.15121186,0.0,0.0,17.3603466,0.0782643535,0.0,-466.804479,0.447523406,333.431709,0.0,0.0
789.0,0.0,-470.590611,-0.0217327737,-0.0217327737,0.00107099329,0.00107099329,0.00254017396,0.00254017396,336.136088,49.43234,49.43234,1.74002276,1.74002276,2.70542579,2.70542579,0.151186636,0.0,0.0,17.501152,0.0781861755,0.0,-470.590611,0.451153178,336.136088,0.0,0.0
789.5,0.0,-474.372945,-0.0217108891,-0.0217108891,0.00107851417,0.00107851417,0.00254692656,0.00254692656,338.837759,49.43234,49.43234,1.75400807,1.75400807,2.71790419,2.71790419,0.151161287,0.0,0.0,17.6418158,0.078107442,0.0,-474.372945,0.454779328,338.837759,0.0,0.0
790.0,0.0,-478.151464,-0.0216888515,-0.0216888515,0.00108600138,0.00108600138,0.00255355289,0.00255355289,341.536695,49.43234,49.43234,1.76797926,1.76797926,2.73028553,2.73028553,0.151135812,0.0,0.0,17.7823379,0.0780281624,0.0,-478.151464,0.45840181,341.536695,0.0,0.0
790.5,0.0,-481.926122,-0.0216666621,-0.0216666621,0.00109345474,0.00109345474,0.0025600543,0.0025600543,344.232881,49.43234,49.43234,1.78193618,1.78193618,2.74257091,2.74257091,0.15111022,0.0,0.0,17.9227168,0.0779483337,0.0,-481.926122,0.462020599,344.232881,0.0,0.0
791.0,0.0,-485.696911,-0.0216443217,-0.0216443217,0.00110087408,0.00110087408,0.002566432,0.002566432,346.926298,49.43234,49.43234,1.79587876,1.79587876,2.75476135,2.75476135,0.151084504,0.0,0.0,18.0629515,0.0778679581,0.0,-485.696911,0.465635676,346.926298,0.0,0.0
791.5,0.0,-489.463795,-0.0216218303,-0.0216218303,0.0011082592,0.0011082592,0.0025726876,0.0025726876,349.616926,49.43234,49.43234,1.80980692,1.80980692,2.76685776,2.76685776,0.151058666,0.0,0.0,18.203041,0.0777870427,0.0,-489.463795,0.469247007,349.616926,0.0,0.0
792.0,0.0,-493.22674,-0.0215991883,-0.0215991883,0.00111560996,0.00111560996,0.00257882214,0.00257882214,352.30475,49.43234,49.43234,1.82372053,1.82372053,2.77886123,2.77886123,0.151032719,0.0,0.0,18.342984,0.0777055868,0.0,-493.22674,0.472854567,352.30475,0.0,0.0
792.5,0.0,-496.985736,-0.0215763974,-0.0215763974,0.00112292616,0.00112292616,0.00258483702,0.00258483702,354.989751,49.43234,49.43234,1.83761954,1.83761954,2.79077267,2.79077267,0.151006647,0.0,0.0,18.4827807,0.0776235954,0.0,-496.985736,0.476458344,354.989751,0.0,0.0
793.0,0.0,-500.740756,-0.0215534579,-0.0215534579,0.00113020766,0.00113020766,0.00259073347,0.00259073347,357.6719,49.43234,49.43234,1.85150382,1.85150382,2.80259298,2.80259298,0.15098046,0.0,0.0,18.6224288,0.0775410672,0.0,-500.740756,0.480058305,357.6719,0.0,0.0
793.5,0.0,-504.491762,-0.0215303705,-0.0215303705,0.0011374542,0.0011374542,0.00259651277,0.00259651277,360.351198,49.43234,49.43234,1.8653733,1.8653733,2.8143232,2.8143232,0.150954158,0.0,0.0,18.761928,0.0774580091,0.0,-504.491762,0.483654426,360.351198,0.0,0.0
794.0,0.0,-508.23874,-0.0215071361,-0.0215071361,0.00114466573,0.00114466573,0.00260217612,0.00260217612,363.027603,49.43234,49.43234,1.87922784,1.87922784,2.82596421,2.82596421,0.150927738,0.0,0.0,18.901277,0.0773744188,0.0,-508.23874,0.487246679,363.027603,0.0,0.0
794.5,0.0,-511.98166,-0.0214837552,-0.0214837552,0.00115184205,0.00115184205,0.00260772473,0.00260772473,365.70112,49.43234,49.43234,1.8930674,1.8930674,2.83751689,2.83751689,0.150901205,0.0,0.0,19.040475,0.0772903014,0.0,-511.98166,0.490835035,365.70112,0.0,0.0
795.0,0.0,-515.72048,-0.0214602281,-0.0214602281,0.00115898296,0.00115898296,0.00261315982,0.00261315982,368.371714,49.43234,49.43234,1.90689183,1.90689183,2.8489822,2.8489822,0.150874557,0.0,0.0,19.1795211,0.0772056631,0.0,-515.72048,0.494419485,368.371714,0.0,0.0
795.5,0.0,-519.45521,-0.021436556,-0.021436556,0.00116608834,0.00116608834,0.00261848258,0.00261848258,371.039373,49.43234,49.43234,1.9207011,1.9207011,2.860361,2.860361,0.150847801,0.0,0.0,19.3184147,0.0771205005,0.0,-519.45521,0.497999996,371.039373,0.0,0.0
796.0,0.0,-523.185814,-0.0214127397,-0.0214127397,0.00117315807,0.00117315807,0.00262369416,0.00262369416,373.704071,49.43234,49.43234,1.93449505,1.93449505,2.87165418,2.87165418,0.150820931,0.0,0.0,19.4571546,0.0770348196,0.0,-523.185814,0.501576545,373.704071,0.0,0.0
796.5,0.0,-526.912236,-0.0213887802,-0.0213887802,0.00118019188,0.00118019188,0.00262879561,0.00262879561,376.365805,49.43234,49.43234,1.94827366,1.94827366,2.88286264,2.88286264,0.150793947,0.0,0.0,19.5957393,0.0769486214,0.0,-526.912236,0.505149099,376.365805,0.0,0.0
797.0,0.0,-530.634481,-0.0213646772,-0.0213646772,0.00118718972,0.00118718972,0.00263378817,0.00263378817,379.024555,49.43234,49.43234,1.96203678,1.96203678,2.89398717,2.89398717,0.150766857,0.0,0.0,19.7341692,0.076861909,0.0,-530.634481,0.508717634,379.024555,0.0,0.0
797.5,0.0,-534.352514,-0.0213404328,-0.0213404328,0.00119415145,0.00119415145,0.00263867293,0.00263867293,381.680296,49.43234,49.43234,1.97578428,1.97578428,2.90502864,2.90502864,0.150739652,0.0,0.0,19.8724417,0.0767746855,0.0,-534.352514,0.512282161,381.680296,0.0,0.0
798.0,0.0,-538.066308,-0.0213160465,-0.0213160465,0.00120107686,0.00120107686,0.00264345098,0.00264345098,384.333013,49.43234,49.43234,1.98951619,1.98951619,2.91598789,2.91598789,0.15071234,0.0,0.0,20.0105575,0.0766869549,0.0,-538.066308,0.515842636,384.333013,0.0,0.0
798.5,0.0,-541.775851,-0.0212915196,-0.0212915196,0.00120796581,0.00120796581,0.0026481233,0.0026481233,386.982685,49.43234,49.43234,2.00323235,2.00323235,2.92736342,2.92736342,0.150684921,0.0,0.0,20.1485142,0.0765987157,0.0,-541.775851,0.519399,386.982685,0.0,0.0
799.0,0.0,-545.481117,-0.021266853,-0.021266853,0.00121481819,0.00121481819,0.00265269111,0.00265269111,389.629302,49.43234,49.43234,2.01693266,2.01693266,2.9422701,2.9422701,0.150657372,0.0,0.0,20.2863122,0.076509975,0.0,-545.481117,0.522951258,389.629302,0.0,0.0
799.5,0.0,-549.182069,-0.021242047,-0.021242047,0.00122163381,0.00122163381,0.00265715542,0.00265715542,392.272837,49.43234,49.43234,2.03061705,2.03061705,2.95781596,2.95781596,0.150629667,0.0,0.0,20.4239496,0.076420732,0.0,-549.182069,0.526499405,392.272837,0.0,0.0
800.0,0.0,-552.87871,-0.0212171031,-0.0212171031,0.00122841262,0.00122841262,0.0026615172,0.0026615172,394.913281,49.43234,49.43234,2.04428538,2.04428538,2.97329734,2.97329734,0.150601811,0.0,0.0,20.5614263,0.0763309931,0.0,-552.87871,0.530043391,394.913281,0.0,0.0
800.5,0.0,-556.570967,-0.0211920207,-0.0211920207,0.0012351544,0.0012351544,0.00266577753,0.00266577753,397.550611,49.43234,49.43234,2.05793773,2.05793773,2.98871463,2.98871463,0.150573799,0.0,0.0,20.6987405,0.076240756,0.0,-556.570967,0.533583219,397.550611,0.0,0.0
801.0,0.0,-560.258839,-0.0211668018,-0.0211668018,0.00124185903,0.00124185903,0.00266993741,0.00266993741,400.184819,49.43234,49.43234,2.07157378,2.07157378,3.00406801,3.00406801,0.150545638,0.0,0.0,20.8358921,0.0761500314,0.0,-560.258839,0.537118832,400.184819,0.0,0.0
801.5,0.0,-563.942322,-0.0211414466,-0.0211414466,0.00124852644,0.00124852644,0.00267399782,0.00267399782,402.81588,49.43234,49.43234,2.08519352,2.08519352,3.01935785,3.01935785,0.150517322,0.0,0.0,20.9728805,0.076058812,0.0,-563.942322,0.540650246,402.81588,0.0,0.0
802.0,0.0,-567.621387,-0.0211159569,-0.0211159569,0.00125515645,0.00125515645,0.00267795972,0.00267795972,405.443777,49.43234,49.43234,2.09879693,2.09879693,3.03458435,3.03458435,0.150488861,0.0,0.0,21.1097034,0.0759671085,0.0,-567.621387,0.544177388,405.443777,0.0,0.0
802.5,0.0,-571.295995,-0.0210903318,-0.0210903318,0.00126174887,0.00126174887,0.00268182413,0.00268182413,408.068491,49.43234,49.43234,2.11238392,2.11238392,3.04974776,3.04974776,0.150460244,0.0,0.0,21.2463613,0.0758749204,0.0,-571.295995,0.547700267,408.068491,0.0,0.0
803.0,0.0,-574.966115,-0.0210645726,-0.0210645726,0.00126830368,0.00126830368,0.00268559196,0.00268559196,410.690016,49.43234,49.43234,2.12595437,2.12595437,3.06484834,3.06484834,0.150431476,0.0,0.0,21.3828524,0.075782249,0.0,-574.966115,0.551218872,410.690016,0.0,0.0
803.5,0.0,-578.631771,-0.0210386804,-0.0210386804,0.00127482072,0.00127482072,0.00268926421,0.00268926421,413.308325,49.43234,49.43234,2.13950816,2.13950816,3.07988635,3.07988635,0.150402555,0.0,0.0,21.5191767,0.0756891016,0.0,-578.631771,0.55473316,413.308325,0.0,0.0
804.0,0.0,-582.292879,-0.0210126564,-0.0210126564,0.00128129986,0.00128129986,0.00269284182,0.00269284182,415.923415,49.43234,49.43234,2.15304527,2.15304527,3.0948621,3.0948621,0.150373488,0.0,0.0,21.6553331,0.0755954748,0.0,-582.292879,0.558243122,415.923415,0.0,0.0
804.5,0.0,-585.949449,-0.0209865004,-0.0209865004,0.001287741,0.001287741,0.00269632558,0.00269632558,418.535254,49.43234,49.43234,2.16656556,2.16656556,3.10977577,3.10977577,0.150344274,0.0,0.0,21.7913197,0.0755013764,0.0,-585.949449,0.561748721,418.535254,0.0,0.0
805.0,0.0,-589.601459,-0.0209602139,-0.0209602139,0.00129414402,0.00129414402,0.00269971652,0.00269971652,421.143826,49.43234,49.43234,2.18006894,2.18006894,3.12462774,3.12462774,0.150314907,0.0,0.0,21.927137,0.0754068084,0.0,-589.601459,0.565249936,421.143826,0.0,0.0
805.5,0.0,-593.248892,-0.0209337976,-0.0209337976,0.00130050878,0.00130050878,0.00270301554,0.00270301554,423.749126,49.43234,49.43234,2.19355539,2.19355539,3.13941814,3.13941814,0.150285396,0.0,0.0,22.0627838,0.0753117726,0.0,-593.248892,0.568746789,423.749126,0.0,0.0
806.0,0.0,-596.891699,-0.0209072517,-0.0209072517,0.0013068352,0.0013068352,0.00270622351,0.00270622351,426.351138,49.43234,49.43234,2.20702479,2.20702479,3.15414726,3.15414726,0.150255734,0.0,0.0,22.198259,0.07521627,0.0,-596.891699,0.572239198,426.351138,0.0,0.0
806.5,0.0,-600.529865,-0.0208805775,-0.0208805775,0.00131312316,0.00131312316,0.00270934125,0.00270934125,428.949827,49.43234,49.43234,2.22047702,2.22047702,3.16881538,3.16881538,0.150225931,0.0,0.0,22.3335616,0.0751203075,0.0,-600.529865,0.575727157,428.949827,0.0,0.0
807.0,0.0,-604.163374,-0.0208537755,-0.0208537755,0.00131937252,0.00131937252,0.00271236972,0.00271236972,431.545199,49.43234,49.43234,2.23391213,2.23391213,3.18342276,3.18342276,0.150195982,0.0,0.0,22.4686914,0.0750238836,0.0,-604.163374,0.579210669,431.545199,0.0,0.0
807.5,0.0,-607.792224,-0.0208268471,-0.0208268471,0.00132558326,0.00132558326,0.00271530971,0.00271530971,434.13723,49.43234,49.43234,2.24732984,2.24732984,3.1979696,3.1979696,0.150165884,0.0,0.0,22.6036469,0.074927005,0.0,-607.792224,0.582689687,434.13723,0.0,0.0
808.0,0.0,-611.416365,-0.0207997924,-0.0207997924,0.00133175518,0.00133175518,0.00271816209,0.00271816209,436.725898,49.43234,49.43234,2.26073017,2.26073017,3.21245625,3.21245625,0.150135637,0.0,0.0,22.7384281,0.0748296734,0.0,-611.416365,0.586164217,436.725898,0.0,0.0
808.5,0.0,-615.035778,-0.0207726121,-0.0207726121,0.00133788824,0.00133788824,0.00272092761,0.00272092761,439.311196,49.43234,49.43234,2.2741131,2.2741131,3.22688283,3.22688283,0.150105248,0.0,0.0,22.8730332,0.07473189,0.0,-615.035778,0.589634192,439.311196,0.0,0.0
809.0,0.0,-618.650462,-0.0207453077,-0.0207453077,0.00134398234,0.00134398234,0.00272360726,0.00272360726,441.893101,49.43234,49.43234,2.28747849,2.28747849,3.24124974,3.24124974,0.150074714,0.0,0.0,23.0074625,0.0746336596,0.0,-618.650462,0.593099638,441.893101,0.0,0.0
809.5,0.0,-622.26036,-0.020717879,-0.020717879,0.00135003734,0.00135003734,0.0027262017,0.0027262017,444.471618,49.43234,49.43234,2.30082628,2.30082628,3.25555706,3.25555706,0.150044039,0.0,0.0,23.1417141,0.0745349825,0.0,-622.26036,0.596560516,444.471618,0.0,0.0
810.0,0.0,-625.865498,-0.0206903282,-0.0206903282,0.00135605321,0.00135605321,0.00272871181,0.00272871181,447.046709,49.43234,49.43234,2.31415628,2.31415628,3.26980516,3.26980516,0.150013216,0.0,0.0,23.2757881,0.0744358629,0.0,-625.865498,0.600016799,447.046709,0.0,0.0
810.5,0.0,-629.465813,-0.0206626551,-0.0206626551,0.00136202983,0.00136202983,0.00273113837,0.00273113837,449.618353,49.43234,49.43234,2.3274686,2.3274686,3.28399423,3.28399423,0.149982256,0.0,0.0,23.4096826,0.0743363076,0.0,-629.465813,0.60346848,449.618353,0.0,0.0
811.0,0.0,-633.061301,-0.0206348604,-0.0206348604,0.00136796706,0.00136796706,0.00273348221,0.00273348221,452.186563,49.43234,49.43234,2.34076294,2.34076294,3.29812451,3.29812451,0.149951147,0.0,0.0,23.5433984,0.074236313,0.0,-633.061301,0.606915546,452.186563,0.0,0.0
811.5,0.0,-636.651921,-0.0206069453,-0.0206069453,0.0013738649,0.0013738649,0.00273574407,0.00273574407,454.751308,49.43234,49.43234,2.35403947,2.35403947,3.3121963,3.3121963,0.149919904,0.0,0.0,23.6769332,0.0741358855,0.0,-636.651921,0.610357945,454.751308,0.0,0.0
812.0,0.0,-640.237687,-0.0205789103,-0.0205789103,0.00137972321,0.00137972321,0.00273792466,0.00273792466,457.312562,49.43234,49.43234,2.36729795,2.36729795,3.32620979,3.32620979,0.149888514,0.0,0.0,23.8102867,0.0740350264,0.0,-640.237687,0.61379569,457.312562,0.0,0.0
812.5,0.0,-643.818574,-0.0205507574,-0.0205507574,0.00138554194,0.00138554194,0.00274005583,0.00274005583,459.870327,49.43234,49.43234,2.38053831,2.38053831,3.34016527,3.34016527,0.14985698,0.0,0.0,23.9434584,0.0739337414,0.0,-643.818574,0.61722873,459.870327,0.0,0.0
813.0,0.0,-647.394523,-0.0205224862,-0.0205224862,0.00139132095,0.00139132095,0.0027446334,0.0027446334,462.424583,49.43234,49.43234,2.39376054,2.39376054,3.3540629,3.3540629,0.149825309,0.0,0.0,24.0764474,0.0738320308,0.0,-647.394523,0.620657062,462.424583,0.0,0.0
813.5,0.0,-650.965566,-0.0204940963,-0.0204940963,0.00139706024,0.00139706024,0.00275070589,0.00275070589,464.97531,49.43234,49.43234,2.40696458,2.40696458,3.36790305,3.36790305,0.1497935,0.0,0.0,24.2092534,0.0737299002,0.0,-650.965566,0.62408067,464.97531,0.0,0.0
814.0,0.0,-654.531642,-0.0204655911,-0.0204655911,0.00140275968,0.00140275968,0.00275668436,0.00275668436,467.522509,49.43234,49.43234,2.42015017,2.42015017,3.38168578,3.38168578,0.149761547,0.0,0.0,24.341875,0.0736273489,0.0,-654.531642,0.627499525,467.522509,0.0,0.0
814.5,0.0,-658.092728,-0.0204369702,-0.0204369702,0.00140841924,0.00140841924,0.00276256913,0.00276256913,470.066158,49.43234,49.43234,2.43331753,2.43331753,3.39541153,3.39541153,0.149729454,0.0,0.0,24.4743115,0.0735243829,0.0,-658.092728,0.630913617,470.066158,0.0,0.0
815.0,0.0,-661.648848,-0.0204082342,-0.0204082342,0.00141403881,0.00141403881,0.00276836077,0.00276836077,472.606234,49.43234,49.43234,2.44646629,2.44646629,3.40908035,3.40908035,0.149697227,0.0,0.0,24.6065616,0.0734210008,0.0,-661.648848,0.63432293,472.606234,0.0,0.0
815.5,0.0,-665.199932,-0.0203793842,-0.0203793842,0.00141961833,0.00141961833,0.00277405969,0.00277405969,475.142726,49.43234,49.43234,2.45959654,2.45959654,3.4226926,3.4226926,0.149664859,0.0,0.0,24.7386262,0.0733172088,0.0,-665.199932,0.637727431,475.142726,0.0,0.0
816.0,0.0,-668.745994,-0.0203504214,-0.0203504214,0.00142515776,0.00142515776,0.00277966639,0.00277966639,477.675626,49.43234,49.43234,2.4727082,2.4727082,3.43624845,3.43624845,0.149632354,0.0,0.0,24.8705034,0.0732130136,0.0,-668.745994,0.641127118,477.675626,0.0,0.0
816.5,0.0,-672.287003,-0.0203213458,-0.0203213458,0.001430657,0.001430657,0.00278518138,0.00278518138,480.204911,49.43234,49.43234,2.4858012,2.4858012,3.44974823,3.44974823,0.149599711,0.0,0.0,25.0021925,0.0731084106,0.0,-672.287003,0.644521945,480.204911,0.0,0.0
817.0,0.0,-675.822936,-0.0202921582,-0.0202921582,0.00143611599,0.00143611599,0.00279060501,0.00279060501,482.730584,49.43234,49.43234,2.49887537,2.49887537,3.46319203,3.46319203,0.149566929,0.0,0.0,25.1336929,0.0730034056,0.0,-675.822936,0.647911915,482.730584,0.0,0.0
817.5,0.0,-679.35378,-0.0202628608,-0.0202628608,0.00144153469,0.00144153469,0.00279593788,0.00279593788,485.252608,49.43234,49.43234,2.51193083,2.51193083,3.47658017,3.47658017,0.14953401,0.0,0.0,25.2650042,0.072898004,0.0,-679.35378,0.651297,485.252608,0.0,0.0
818.0,0.0,-682.87951,-0.0202334534,-0.0202334534,0.00144691304,0.00144691304,0.0028011803,0.0028011803,487.770998,49.43234,49.43234,2.5249673,2.5249673,3.48991286,3.48991286,0.149500958,0.0,0.0,25.3961255,0.0727922075,0.0,-682.87951,0.654677205,487.770998,0.0,0.0
818.5,0.0,-686.400105,-0.0202039363,-0.0202039363,0.00145225099,0.00145225099,0.00280633284,0.00280633284,490.28571,49.43234,49.43234,2.53798477,2.53798477,3.50319034,3.50319034,0.149467771,0.0,0.0,25.5270558,0.0726860154,0.0,-686.400105,0.65805247,490.28571,0.0,0.0
819.0,0.0,-689.915562,-0.0201743114,-0.0201743114,0.00145754847,0.00145754847,0.00281139593,0.00281139593,492.796746,49.43234,49.43234,2.55098333,2.55098333,3.51641291,3.51641291,0.149434448,0.0,0.0,25.6577945,0.0725794365,0.0,-689.915562,0.661422816,492.796746,0.0,0.0
819.5,0.0,-693.42584,-0.0201445786,-0.0201445786,0.00146280544,0.00146280544,0.00281637005,0.00281637005,495.30409,49.43234,49.43234,2.56396275,2.56396275,3.52958064,3.52958064,0.149400992,0.0,0.0,25.7883415,0.0724724706,0.0,-693.42584,0.664788196,495.30409,0.0,0.0
820.0,0.0,-696.93095,-0.020114739,-0.020114739,0.00146802181,0.00146802181,0.00282125565,0.00282125565,497.807734,49.43234,49.43234,2.57692291,2.57692291,3.54269386,3.54269386,0.149367401,0.0,0.0,25.9186949,0.0723651209,0.0,-696.93095,0.668148621,497.807734,0.0,0.0
820.5,0.0,-700.430839,-0.0200847943,-0.0200847943,0.00147319759,0.00147319759,0.0028260532,0.0028260532,500.307648,49.43234,49.43234,2.58986384,2.58986384,3.55575274,3.55575274,0.149333672,0.0,0.0,26.0488552,0.072257391,0.0,-700.430839,0.671504034,500.307648,0.0,0.0
821.0,0.0,-703.925511,-0.0200547442,-0.0200547442,0.00147833269,0.00147833269,0.0028307631,0.0028307631,502.803846,49.43234,49.43234,2.60278555,2.60278555,3.56875762,3.56875762,0.149299816,0.0,0.0,26.1788214,0.0721492832,0.0,-703.925511,0.674854459,502.803846,0.0,0.0
821.5,0.0,-707.414946,-0.0200245899,-0.0200245899,0.00148342709,0.00148342709,0.00283538588,0.00283538588,505.296287,49.43234,49.43234,2.61568777,2.61568777,3.58170861,3.58170861,0.149265825,0.0,0.0,26.3085921,0.0720408,0.0,-707.414946,0.678199842,505.296287,0.0,0.0
822.0,0.0,-710.899094,-0.0199943325,-0.0199943325,0.00148848078,0.00148848078,0.00283992201,0.00283992201,507.784985,49.43234,49.43234,2.6285706,2.6285706,3.59460589,3.59460589,0.149231704,0.0,0.0,26.4381674,0.0719319463,0.0,-710.899094,0.681540208,507.784985,0.0,0.0
822.5,0.0,-714.377988,-0.0199639729,-0.0199639729,0.00149349366,0.00149349366,0.00284437183,0.00284437183,510.269903,49.43234,49.43234,2.64143389,2.64143389,3.60744985,3.60744985,0.149197444,0.0,0.0,26.5675465,0.0718227238,0.0,-714.377988,0.684875511,510.269903,0.0,0.0
823.0,0.0,-717.851579,-0.0199335115,-0.0199335115,0.00149846576,0.00149846576,0.00284873592,0.00284873592,512.751057,49.43234,49.43234,2.65427758,2.65427758,3.62024064,3.62024064,0.149163061,0.0,0.0,26.6967288,0.0717131324,0.0,-717.851579,0.688205721,512.751057,0.0,0.0
823.5,0.0,-721.319863,-0.0199029488,-0.0199029488,0.001503397,0.001503397,0.00285301475,0.00285301475,515.228386,49.43234,49.43234,2.66710167,2.66710167,3.63297844,3.63297844,0.14912854,0.0,0.0,26.8257134,0.0716031816,0.0,-721.319863,0.691530841,515.228386,0.0,0.0
824.0,0.0,-724.782813,-0.0198722862,-0.0198722862,0.00150828731,0.00150828731,0.00285720869,0.00285720869,517.70193,49.43234,49.43234,2.67990611,2.67990611,3.64566349,3.64566349,0.149093896,0.0,0.0,26.9544992,0.0714928704,0.0,-724.782813,0.694850844,517.70193,0.0,0.0
824.5,0.0,-728.240423,-0.0198415252,-0.0198415252,0.00151313676,0.00151313676,0.00286131816,0.00286131816,520.171645,49.43234,49.43234,2.69269069,2.69269069,3.65829599,3.65829599,0.149059115,0.0,0.0,27.083087,0.0713822024,0.0,-728.240423,0.698165748,520.171645,0.0,0.0
825.0,0.0,-731.692653,-0.0198106651,-0.0198106651,0.00151794524,0.00151794524,0.00286534376,0.00286534376,522.637525,49.43234,49.43234,2.70545546,2.70545546,3.67087626,3.67087626,0.14902421,0.0,0.0,27.2114751,0.0712711803,0.0,-731.692653,0.701475497,522.637525,0.0,0.0
825.5,0.0,-735.139511,-0.0197797076,-0.0197797076,0.00152271276,0.00152271276,0.00286928575,0.00286928575,525.099564,49.43234,49.43234,2.7182003,2.7182003,3.68340442,3.68340442,0.148989176,0.0,0.0,27.3396631,0.0711598064,0.0,-735.139511,0.704780091,525.099564,0.0,0.0
826.0,0.0,-738.580957,-0.0197486539,-0.0197486539,0.00152743932,0.00152743932,0.00287314478,0.00287314478,527.557758,49.43234,49.43234,2.73092517,2.73092517,3.69588068,3.69588068,0.14895401,0.0,0.0,27.4676501,0.071048088,0.0,-738.580957,0.708079518,527.557758,0.0,0.0
826.5,0.0,-742.017024,-0.0197175035,-0.0197175035,0.00153212483,0.00153212483,0.00287692118,0.00287692118,530.012068,49.43234,49.43234,2.74363007,2.74363007,3.70830526,3.70830526,0.148918716,0.0,0.0,27.5954357,0.0709360205,0.0,-742.017024,0.711373722,530.012068,0.0,0.0
827.0,0.0,-745.447617,-0.0196862588,-0.0196862588,0.00153676934,0.00153676934,0.00288061545,0.00288061545,532.462506,49.43234,49.43234,2.75631485,2.75631485,3.72067837,3.72067837,0.148883294,0.0,0.0,27.723019,0.0708236161,0.0,-745.447617,0.714662738,532.462506,0.0,0.0
827.5,0.0,-748.872785,-0.0196549197,-0.0196549197,0.0015413728,0.0015413728,0.0028842281,0.0028842281,534.909048,49.43234,49.43234,2.76897948,2.76897948,3.73300032,3.73300032,0.148847749,0.0,0.0,27.8503998,0.0707108696,0.0,-748.872785,0.717946544,534.909048,0.0,0.0
828.0,0.0,-752.292494,-0.0196234879,-0.0196234879,0.00154593515,0.00154593515,0.00288775941,0.00288775941,537.351707,49.43234,49.43234,2.78162391,2.78162391,3.74527117,3.74527117,0.148812073,0.0,0.0,27.9775777,0.0705977872,0.0,-752.292494,0.721225098,537.351707,0.0,0.0
828.5,0.0,-755.706703,-0.0195919624,-0.0195919624,0.00155045647,0.00155045647,0.00289120997,0.00289120997,539.790407,49.43234,49.43234,2.79424809,2.79424809,3.75749129,3.75749129,0.148776272,0.0,0.0,28.1045519,0.0704843735,0.0,-755.706703,0.724498406,539.790407,0.0,0.0
829.0,0.0,-759.115418,-0.0195603461,-0.0195603461,0.00155493666,0.00155493666,0.00289458015,0.00289458015,542.225213,49.43234,49.43234,2.80685192,2.80685192,3.76966077,3.76966077,0.148740346,0.0,0.0,28.2313213,0.0703706294,0.0,-759.115418,0.727766432,542.225213,0.0,0.0
829.5,0.0,-762.518631,-0.0195286388,-0.0195286388,0.00155937579,0.00155937579,0.00289787049,0.00289787049,544.656069,49.43234,49.43234,2.8194354,2.8194354,3.78177987,3.78177987,0.148704291,0.0,0.0,28.3578856,0.0702565589,0.0,-762.518631,0.731029173,544.656069,0.0,0.0
830.0,0.0,-765.916291,-0.0194968412,-0.0194968412,0.0015637738,0.0015637738,0.00290108136,0.00290108136,547.082989,49.43234,49.43234,2.83199832,2.83199832,3.7938488,3.7938488,0.148668113,0.0,0.0,28.4842438,0.0701421661,0.0,-765.916291,0.734286627,547.082989,0.0,0.0
830.5,0.0,-769.308428,-0.0194649549,-0.0194649549,0.0015681307,0.0015681307,0.00290421315,0.00290421315,549.505941,49.43234,49.43234,2.84454085,2.84454085,3.80586777,3.80586777,0.148631816,0.0,0.0,28.6103965,0.0700274505,0.0,-769.308428,0.737538762,549.505941,0.0,0.0
831.0,0.0,-772.695001,-0.0194329803,-0.0194329803,0.00157244647,0.00157244647,0.0029072665,0.0029072665,551.924905,49.43234,49.43234,2.8570628,2.8570628,3.81783692,3.81783692,0.14859539,0.0,0.0,28.7363424,0.0699124179,0.0,-772.695001,0.740785571,551.924905,0.0,0.0
831.5,0.0,-776.076,-0.0194009184,-0.0194009184,0.00157672118,0.00157672118,0.00291024166,0.00291024166,554.339916,49.43234,49.43234,2.86956411,2.86956411,3.82975659,3.82975659,0.14855884,0.0,0.0,28.862081,0.069797072,0.0,-776.076,0.74402704,554.339916,0.0,0.0
832.0,0.0,-779.451409,-0.0193687695,-0.0193687695,0.00158095473,0.00158095473,0.00291313916,0.00291313916,556.750902,49.43234,49.43234,2.88204483,2.88204483,3.84162687,3.84162687,0.148522168,0.0,0.0,28.9876111,0.0696814121,0.0,-779.451409,0.747263131,556.750902,0.0,0.0
832.5,0.0,-782.821199,-0.0193365348,-0.0193365348,0.00158514719,0.00158514719,0.00291595944,0.00291595944,559.157918,49.43234,49.43234,2.89450471,2.89450471,3.85344806,3.85344806,0.148485372,0.0,0.0,29.1129337,0.0695654439,0.0,-782.821199,0.750493865,559.157918,0.0,0.0
833.0,0.0,-786.185375,-0.0193042153,-0.0193042153,0.00158929854,0.00158929854,0.00291870297,0.00291870297,561.560901,49.43234,49.43234,2.90694392,2.90694392,3.86522025,3.86522025,0.148448451,0.0,0.0,29.2380466,0.0694491704,0.0,-786.185375,0.753719226,561.560901,0.0,0.0
833.5,0.0,-789.543932,-0.0192718118,-0.0192718118,0.00159340877,0.00159340877,0.00292137008,0.00292137008,563.959863,49.43234,49.43234,2.91936221,2.91936221,3.87694372,3.87694372,0.148411412,0.0,0.0,29.36295,0.0693325946,0.0,-789.543932,0.756939143,563.959863,0.0,0.0
834.0,0.0,-792.896839,-0.0192393249,-0.0192393249,0.00159747793,0.00159747793,0.00292396133,0.00292396133,566.354787,49.43234,49.43234,2.93175964,2.93175964,3.88861857,3.88861857,0.148374253,0.0,0.0,29.4876434,0.0692157202,0.0,-792.896839,0.760153677,566.354787,0.0,0.0
834.5,0.0,-796.244065,-0.0192067555,-0.0192067555,0.00160150602,0.00160150602,0.00292647718,0.00292647718,568.745662,49.43234,49.43234,2.94413621,2.94413621,3.90024517,3.90024517,0.148336968,0.0,0.0,29.6121262,0.0690985496,0.0,-796.244065,0.763362774,568.745662,0.0,0.0
835.0,0.0,-799.585599,-0.0191741043,-0.0191741043,0.00160549306,0.00160549306,0.00292891789,0.00292891789,571.132486,49.43234,49.43234,2.95649162,2.95649162,3.91182359,3.91182359,0.148299566,0.0,0.0,29.736398,0.068981084,0.0,-799.585599,0.766566434,571.132486,0.0,0.0
835.5,0.0,-802.921471,-0.0191413724,-0.0191413724,0.00160943899,0.00160943899,0.00293128409,0.00293128409,573.515244,49.43234,49.43234,2.96882603,2.96882603,3.92335417,3.92335417,0.148262043,0.0,0.0,29.8604579,0.0688633282,0.0,-802.921471,0.769764627,573.515244,0.0,0.0
836.0,0.0,-806.251636,-0.0191085615,-0.0191085615,0.00161334391,0.00161334391,0.00293357613,0.00293357613,575.893925,49.43234,49.43234,2.98113939,2.98113939,3.93483691,3.93483691,0.148224401,0.0,0.0,29.9843055,0.0687452838,0.0,-806.251636,0.772957346,575.893925,0.0,0.0
836.5,0.0,-809.576055,-0.0190756702,-0.0190756702,0.00161720781,0.00161720781,0.00293579443,0.00293579443,578.268519,49.43234,49.43234,2.99343162,2.99343162,3.94627219,3.94627219,0.148186635,0.0,0.0,30.1079399,0.0686269565,0.0,-809.576055,0.776144597,578.268519,0.0,0.0
837.0,0.0,-812.894771,-0.0190427015,-0.0190427015,0.00162103075,0.00162103075,0.00293793952,0.00293793952,580.639029,49.43234,49.43234,3.00570258,3.00570258,3.95790802,3.95790802,0.148148755,0.0,0.0,30.2313619,0.068508345,0.0,-812.894771,0.779326346,580.639029,0.0,0.0
837.5,0.0,-816.207719,-0.019009655,-0.019009655,0.00162481267,0.00162481267,0.00294001177,0.00294001177,583.00541,49.43234,49.43234,3.01795232,3.01795232,3.97100125,3.97100125,0.148110743,0.0,0.0,30.3545698,0.0683894585,0.0,-816.207719,0.782502582,583.00541,0.0,0.0
838.0,0.0,-819.514911,-0.0189765321,-0.0189765321,0.00162855366,0.00162855366,0.00294201155,0.00294201155,585.367701,49.43234,49.43234,3.03018079,3.03018079,3.98430552,3.98430552,0.148072595,0.0,0.0,30.4775637,0.0682702935,0.0,-819.514911,0.785673298,585.367701,0.0,0.0
838.5,0.0,-822.816327,-0.0189433331,-0.0189433331,0.00163225368,0.00163225368,0.00294393936,0.00294393936,587.725838,49.43234,49.43234,3.04238782,3.04238782,3.99756796,3.99756796,0.148034306,0.0,0.0,30.6003422,0.0681508587,0.0,-822.816327,0.788838494,587.725838,0.0,0.0
839.0,0.0,-826.111945,-0.0189100596,-0.0189100596,0.00163591288,0.00163591288,0.00294579567,0.00294579567,590.079872,49.43234,49.43234,3.05457354,3.05457354,4.01078867,4.01078867,0.147995876,0.0,0.0,30.7229063,0.0680311514,0.0,-826.111945,0.791998125,590.079872,0.0,0.0
839.5,0.0,-829.401784,-0.0188767121,-0.0188767121,0.00163953118,0.00163953118,0.00294758094,0.00294758094,592.429737,49.43234,49.43234,3.06673777,3.06673777,4.02396791,4.02396791,0.147957314,0.0,0.0,30.8452543,0.0679111814,0.0,-829.401784,0.7951522,592.429737,0.0,0.0
840.0,0.0,-832.685797,-0.0188432905,-0.0188432905,0.00164310861,0.00164310861,0.00294929545,0.00294929545,594.775482,49.43234,49.43234,3.07888053,3.07888053,4.03710555,4.03710555,0.147918615,0.0,0.0,30.9673861,0.0677909446,0.0,-832.685797,0.798300699,594.775482,0.0,0.0
840.5,0.0,-835.963983,-0.0188097971,-0.0188097971,0.00164664528,0.00164664528,0.00295093974,0.00295093974,597.117047,49.43234,49.43234,3.09100179,3.09100179,4.05020174,4.05020174,0.147879774,0.0,0.0,31.0893011,0.0676704495,0.0,-835.963983,0.801443617,597.117047,0.0,0.0
841.0,0.0,-839.236342,-0.0187762319,-0.0187762319,0.00165014117,0.00165014117,0.00295251421,0.00295251421,599.454434,49.43234,49.43234,3.10310139,3.10310139,4.06325682,4.06325682,0.147840796,0.0,0.0,31.2109993,0.0675496935,0.0,-839.236342,0.804580943,599.454434,0.0,0.0
841.5,0.0,-842.502847,-0.018742596,-0.018742596,0.00165359631,0.00165359631,0.0029540193,0.0029540193,601.787652,49.43234,49.43234,3.1151794,3.1151794,4.07627041,4.07627041,0.147801685,0.0,0.0,31.3324798,0.0674286855,0.0,-842.502847,0.807712666,601.787652,0.0,0.0
842.0,0.0,-845.763477,-0.0187088901,-0.0187088901,0.00165701078,0.00165701078,0.00295545536,0.00295545536,604.11668,49.43234,49.43234,3.12723576,3.12723576,4.08924283,4.08924283,0.147762438,0.0,0.0,31.4537417,0.0673074245,0.0,-845.763477,0.810838761,604.11668,0.0,0.0
842.5,0.0,-849.01824,-0.0186751157,-0.0186751157,0.00166038459,0.00166038459,0.00295682299,0.00295682299,606.44151,49.43234,49.43234,3.13927026,3.13927026,4.10217435,4.10217435,0.14772305,0.0,0.0,31.5747858,0.067185916,0.0,-849.01824,0.813959222,606.44151,0.0,0.0
843.0,0.0,-852.267124,-0.0186412724,-0.0186412724,0.0016637178,0.0016637178,0.00295812248,0.00295812248,608.762142,49.43234,49.43234,3.15128308,3.15128308,4.11506467,4.11506467,0.147683533,0.0,0.0,31.6956111,0.067064161,0.0,-852.267124,0.817074043,608.762142,0.0,0.0
843.5,0.0,-855.510115,-0.0186073623,-0.0186073623,0.00166701044,0.00166701044,0.0029593543,0.0029593543,611.078552,49.43234,49.43234,3.16327408,3.16327408,4.12791406,4.12791406,0.14764388,0.0,0.0,31.8162163,0.0669421655,0.0,-855.510115,0.820183192,611.078552,0.0,0.0
844.0,0.0,-858.747166,-0.0185733842,-0.0185733842,0.00167026255,0.00167026255,0.00296051886,0.00296051886,613.390736,49.43234,49.43234,3.17524322,3.17524322,4.14072274,4.14072274,0.147604088,0.0,0.0,31.9366022,0.0668199269,0.0,-858.747166,0.823286714,613.390736,0.0,0.0
844.5,0.0,-861.978301,-0.0185393409,-0.0185393409,0.0016734742,0.0016734742,0.00296161659,0.00296161659,615.698697,49.43234,49.43234,3.1871905,3.1871905,4.15349067,4.15349067,0.147564164,0.0,0.0,32.0567676,0.0666974524,0.0,-861.978301,0.826384525,615.698697,0.0,0.0
845.0,0.0,-865.203539,-0.0185052333,-0.0185052333,0.0016766454,0.0016766454,0.00296264791,0.00296264791,618.002429,49.43234,49.43234,3.19911582,3.19911582,4.16621786,4.16621786,0.147524101,0.0,0.0,32.1767124,0.0665747461,0.0,-865.203539,0.829476683,618.002429,0.0,0.0
845.5,0.0,-868.422796,-0.0184710616,-0.0184710616,0.00167977622,0.00167977622,0.00296361323,0.00296361323,620.301892,49.43234,49.43234,3.21101918,3.21101918,4.17890452,4.17890452,0.147483909,0.0,0.0,32.2964363,0.0664518069,0.0,-868.422796,0.832563112,620.301892,0.0,0.0
846.0,0.0,-871.636102,-0.0184368258,-0.0184368258,0.00168286674,0.00168286674,0.00296451297,0.00296451297,622.597126,49.43234,49.43234,3.22290052,3.22290052,4.19155065,4.19155065,0.147443584,0.0,0.0,32.4159381,0.0663286384,0.0,-871.636102,0.835643849,622.597126,0.0,0.0
846.5,0.0,-874.843447,-0.0184025274,-0.0184025274,0.00168591703,0.00168591703,0.00296534755,0.00296534755,624.888071,49.43234,49.43234,3.23475973,3.23475973,4.20415634,4.20415634,0.147403128,0.0,0.0,32.5352191,0.0662052495,0.0,-874.843447,0.838718863,624.888071,0.0,0.0
847.0,0.0,-878.04482,-0.0183681673,-0.0183681673,0.00168892707,0.00168892707,0.00296611745,0.00296611745,627.17479,49.43234,49.43234,3.24659694,3.24659694,4.21672188,4.21672188,0.147362535,0.0,0.0,32.6542773,0.066081637,0.0,-878.04482,0.841788121,627.17479,0.0,0.0
847.5,0.0,-881.240196,-0.018333747,-0.018333747,0.00169189696,0.00169189696,0.002966823,0.002966823,629.457183,49.43234,49.43234,3.25841188,3.25841188,4.22924697,4.22924697,0.147321811,0.0,0.0,32.7731129,0.0659578046,0.0,-881.240196,0.844851659,629.457183,0.0,0.0
848.0,0.0,-884.429578,-0.0182992661,-0.0182992661,0.00169482675,0.00169482675,0.00296746469,0.00296746469,631.735334,49.43234,49.43234,3.27020474,3.27020474,4.24173196,4.24173196,0.147280953,0.0,0.0,32.8917253,0.0658337553,0.0,-884.429578,0.84790946,631.735334,0.0,0.0
848.5,0.0,-887.612945,-0.0182647261,-0.0182647261,0.00169771651,0.00169771651,0.00296804284,0.00296804284,634.009146,49.43234,49.43234,3.28197539,3.28197539,4.25417696,4.25417696,0.147239963,0.0,0.0,33.0101132,0.065709495,0.0,-887.612945,0.8509615,634.009146,0.0,0.0
849.0,0.0,-890.790304,-0.0182301277,-0.0182301277,0.00170056631,0.00170056631,0.00296855796,0.00296855796,636.278689,49.43234,49.43234,3.29372372,3.29372372,4.26658198,4.26658198,0.147198842,0.0,0.0,33.1282783,0.065585023,0.0,-890.790304,0.854007748,636.278689,0.0,0.0
849.5,0.0,-893.96164,-0.0181954719,-0.0181954719,0.0017033762,0.0017033762,0.00296901045,0.00296901045,638.543911,49.43234,49.43234,3.30544979,3.30544979,4.27894705,4.27894705,0.147157596,0.0,0.0,33.2462203,0.0654603428,0.0,-893.96164,0.857048243,638.543911,0.0,0.0
850.0,0.0,-897.126925,-0.0181607592,-0.0181607592,0.00170614622,0.00170614622,0.00296940065,0.00296940065,640.804839,49.43234,49.43234,3.31715357,3.31715357,4.29127238,4.29127238,0.147116212,0.0,0.0,33.3639354,0.06533546,0.0,-897.126925,0.86008293,640.804839,0.0,0.0
850.5,0.0,-900.286142,-0.0181259901,-0.0181259901,0.0017088765,0.0017088765,0.00296972908,0.00296972908,643.061427,49.43234,49.43234,3.32883487,3.32883487,4.30355798,4.30355798,0.1470747,0.0,0.0,33.4814263,0.0652103755,0.0,-900.286142,0.863111822,643.061427,0.0,0.0
851.0,0.0,-903.439316,-0.018091166,-0.018091166,0.00171156707,0.00171156707,0.00296999606,0.00296999606,645.313702,49.43234,49.43234,3.34049384,3.34049384,4.31580391,4.31580391,0.147033055,0.0,0.0,33.5986923,0.0650850921,0.0,-903.439316,0.866134905,645.313702,0.0,0.0
851.5,0.0,-906.586413,-0.0180562879,-0.0180562879,0.00171421802,0.00171421802,0.00297020203,0.00297020203,647.561623,49.43234,49.43234,3.35213037,3.35213037,4.32801038,4.32801038,0.146991282,0.0,0.0,33.7157335,0.0649596135,0.0,-906.586413,0.869152172,647.561623,0.0,0.0
852.0,0.0,-909.727442,-0.0180213556,-0.0180213556,0.00171682938,0.00171682938,0.00297034744,0.00297034744,649.805207,49.43234,49.43234,3.3637444,3.3637444,4.34017727,4.34017727,0.146949382,0.0,0.0,33.8325472,0.0648339421,0.0,-909.727442,0.872163625,649.805207,0.0,0.0
852.5,0.0,-912.862387,-0.0179863711,-0.0179863711,0.00171940124,0.00171940124,0.00297043259,0.00297043259,652.044458,49.43234,49.43234,3.37533588,3.37533588,4.35230484,4.35230484,0.146907346,0.0,0.0,33.9491342,0.0647080791,0.0,-912.862387,0.875169224,652.044458,0.0,0.0
853.0,0.0,-915.991225,-0.017951334,-0.017951334,0.00172193369,0.00172193369,0.00297045802,0.00297045802,654.279355,49.43234,49.43234,3.38690494,3.38690494,4.36439318,4.36439318,0.14686519,0.0,0.0,34.0654956,0.0645820317,0.0,-915.991225,0.878168994,654.279355,0.0,0.0
853.5,0.0,-919.113976,-0.0179162467,-0.0179162467,0.00172442681,0.00172442681,0.00297042411,0.00297042411,656.509873,49.43234,49.43234,3.39845136,3.39845136,4.37644218,4.37644218,0.146822904,0.0,0.0,34.1816299,0.0644557972,0.0,-919.113976,0.881162893,656.509873,0.0,0.0
854.0,0.0,-922.230598,-0.0178811081,-0.0178811081,0.00172688068,0.00172688068,0.00297033113,0.00297033113,658.736045,49.43234,49.43234,3.40997518,3.40997518,4.38845226,4.38845226,0.146780482,0.0,0.0,34.2975357,0.064329386,0.0,-922.230598,0.884150956,658.736045,0.0,0.0
854.5,0.0,-925.34111,-0.0178459201,-0.0178459201,0.00172929536,0.00172929536,0.00297017965,0.00297017965,660.957826,49.43234,49.43234,3.42147636,3.42147636,4.40042318,4.40042318,0.146737943,0.0,0.0,34.4132152,0.0642027913,0.0,-925.34111,0.887133139,660.957826,0.0,0.0
855.0,0.0,-928.445465,-0.0178106838,-0.0178106838,0.00173167093,0.00173167093,0.00296996999,0.00296996999,663.17523,49.43234,49.43234,3.43295484,3.43295484,4.41235533,4.41235533,0.146695269,0.0,0.0,34.5286655,0.064076025,0.0,-928.445465,0.890109448,663.17523,0.0,0.0
855.5,0.0,-931.543702,-0.017775399,-0.017775399,0.00173400745,0.00173400745,0.00296970259,0.00296970259,665.388265,49.43234,49.43234,3.44441065,3.44441065,4.4242485,4.4242485,0.146652469,0.0,0.0,34.6438882,0.0639490825,0.0,-931.543702,0.89307987,665.388265,0.0,0.0
856.0,0.0,-934.635775,-0.0177400673,-0.0177400673,0.0017363051,0.0017363051,0.00296937779,0.00296937779,667.596896,49.43234,49.43234,3.45584373,3.45584373,4.43610283,4.43610283,0.146609542,0.0,0.0,34.7588814,0.0638219744,0.0,-934.635775,0.896044373,667.596896,0.0,0.0
856.5,0.0,-937.72171,-0.0177046888,-0.0177046888,0.00173856389,0.00173856389,0.0029689961,0.0029689961,669.80112,49.43234,49.43234,3.46725405,3.46725405,4.44791869,4.44791869,0.146566489,0.0,0.0,34.8736466,0.0636946976,0.0,-937.72171,0.899003014,669.80112,0.0,0.0
857.0,0.0,-940.801477,-0.0176692657,-0.0176692657,0.00174078385,0.00174078385,0.00296855776,0.00296855776,672.000954,49.43234,49.43234,3.47864153,3.47864153,4.45969585,4.45969585,0.146523308,0.0,0.0,34.9881822,0.0635672566,0.0,-940.801477,0.901955732,672.000954,0.0,0.0
857.5,0.0,-943.875066,-0.0176337966,-0.0176337966,0.00174296526,0.00174296526,0.00296806331,0.00296806331,674.196374,49.43234,49.43234,3.49000624,3.49000624,4.47143458,4.47143458,0.146479998,0.0,0.0,35.1024887,0.0634396542,0.0,-943.875066,0.904902557,674.196374,0.0,0.0
858.0,0.0,-946.94247,-0.017598284,-0.017598284,0.00174510799,0.00174510799,0.00296751304,0.00296751304,676.387383,49.43234,49.43234,3.50134809,3.50134809,4.48313489,4.48313489,0.146436571,0.0,0.0,35.2165646,0.0633118924,0.0,-946.94247,0.90784338,676.387383,0.0,0.0
858.5,0.0,-950.003689,-0.0175627284,-0.0175627284,0.00174721222,0.00174721222,0.00296690747,0.00296690747,678.573964,49.43234,49.43234,3.51266702,3.51266702,4.4947969,4.4947969,0.146393013,0.0,0.0,35.3304108,0.0631839782,0.0,-950.003689,0.910778369,678.573964,0.0,0.0
859.0,0.0,-953.058729,-0.0175271298,-0.0175271298,0.00174927807,0.00174927807,0.00296624687,0.00296624687,680.756128,49.43234,49.43234,3.52396311,3.52396311,4.50642063,4.50642063,0.146349335,0.0,0.0,35.4440266,0.063055909,0.0,-953.058729,0.913707354,680.756128,0.0,0.0
859.5,0.0,-956.107557,-0.0174914901,-0.0174914901,0.00175130559,0.00175130559,0.00296553171,0.00296553171,682.933864,49.43234,49.43234,3.5352362,3.5352362,4.51800627,4.51800627,0.14630553,0.0,0.0,35.5574122,0.06292769,0.0,-956.107557,0.916630426,682.933864,0.0,0.0
860.0,0.0,-959.150174,-0.0174558092,-0.0174558092,0.00175329494,0.00175329494,0.00296476236,0.00296476236,685.107158,49.43234,49.43234,3.54648644,3.54648644,4.52955387,4.52955387,0.146261601,0.0,0.0,35.6705666,0.0627993238,0.0,-959.150174,0.919547533,685.107158,0.0,0.0
860.5,0.0,-962.186561,-0.0174200883,-0.0174200883,0.00175524614,0.00175524614,0.0029639392,0.0029639392,687.276021,49.43234,49.43234,3.55771359,3.55771359,4.5410635,4.5410635,0.146217547,0.0,0.0,35.7834901,0.0626708126,0.0,-962.186561,0.922458684,687.276021,0.0,0.0
861.0,0.0,-965.216743,-0.0173843278,-0.0173843278,0.00175715931,0.00175715931,0.00296306263,0.00296306263,689.440421,49.43234,49.43234,3.56891777,3.56891777,4.55253523,4.55253523,0.14617337,0.0,0.0,35.8961809,0.0625421607,0.0,-965.216743,0.925363868,689.440421,0.0,0.0
861.5,0.0,-968.240698,-0.0173485293,-0.0173485293,0.00175903456,0.00175903456,0.00296246733,0.00296246733,691.600395,49.43234,49.43234,3.58009883,3.58009883,4.56396919,4.56396919,0.146129069,0.0,0.0,36.0086399,0.0624133716,0.0,-968.240698,0.928263085,691.600395,0.0,0.0
862.0,0.0,-971.258392,-0.0173126922,-0.0173126922,0.00176087198,0.00176087198,0.00296291316,0.00296291316,693.755912,49.43234,49.43234,3.59125692,3.59125692,4.5753654,4.5753654,0.146084644,0.0,0.0,36.1208683,0.0622844441,0.0,-971.258392,0.931156301,693.755912,0.0,0.0
862.5,0.0,-974.269856,-0.0172768185,-0.0172768185,0.00176267168,0.00176267168,0.0029633841,0.0029633841,695.906963,49.43234,49.43234,3.60239194,3.60239194,4.58672421,4.58672421,0.146040096,0.0,0.0,36.2328644,0.0621553853,0.0,-974.269856,0.934043562,695.906963,0.0,0.0
863.0,0.0,-977.27509,-0.0172409084,-0.0172409084,0.00176443378,0.00176443378,0.00296379635,0.00296379635,698.053523,49.43234,49.43234,3.61350381,3.61350381,4.59804523,4.59804523,0.145995429,0.0,0.0,36.3446279,0.0620261935,0.0,-977.27509,0.936924836,698.053523,0.0,0.0
863.5,0.0,-980.274044,-0.0172049631,-0.0172049631,0.00176615836,0.00176615836,0.00296415019,0.00296415019,700.195635,49.43234,49.43234,3.62459257,3.62459257,4.6093289,4.6093289,0.145950635,0.0,0.0,36.4561581,0.0618968765,0.0,-980.274044,0.939800095,700.195635,0.0,0.0
864.0,0.0,-983.266754,-0.017168983,-0.017168983,0.00176784548,0.00176784548,0.00296444604,0.00296444604,702.333292,49.43234,49.43234,3.63565816,3.63565816,4.62057529,4.62057529,0.145905724,0.0,0.0,36.5674555,0.0617674349,0.0,-983.266754,0.942669353,702.333292,0.0,0.0
864.5,0.0,-986.253181,-0.0171329687,-0.0171329687,0.00176949536,0.00176949536,0.00296468414,0.00296468414,704.466452,49.43234,49.43234,3.64670056,3.64670056,4.6317845,4.6317845,0.145860691,0.0,0.0,36.67852,0.0616378694,0.0,-986.253181,0.945532603,704.466452,0.0,0.0
865.0,0.0,-989.233328,-0.0170969208,-0.0170969208,0.00177110802,0.00177110802,0.00296486488,0.00296486488,706.595138,49.43234,49.43234,3.65771978,3.65771978,4.64295631,4.64295631,0.145815536,0.0,0.0,36.7893519,0.0615081839,0.0,-989.233328,0.948389847,706.595138,0.0,0.0
865.5,0.0,-992.207199,-0.0170608414,-0.0170608414,0.00177268356,0.00177268356,0.00296498858,0.00296498858,708.719337,49.43234,49.43234,3.66871577,3.66871577,4.65409138,4.65409138,0.145770257,0.0,0.0,36.899951,0.0613783828,0.0,-992.207199,0.951241055,708.719337,0.0,0.0
866.0,0.0,-995.174801,-0.0170247293,-0.0170247293,0.00177422214,0.00177422214,0.00296505556,0.00296505556,710.839037,49.43234,49.43234,3.67968855,3.67968855,4.66518918,4.66518918,0.145724862,0.0,0.0,37.0103134,0.0612484684,0.0,-995.174801,0.954086261,710.839037,0.0,0.0
866.5,0.0,-998.136102,-0.0169885877,-0.0169885877,0.00177572382,0.00177572382,0.0029650662,0.0029650662,712.954266,49.43234,49.43234,3.69063807,3.69063807,4.67625026,4.67625026,0.145679348,0.0,0.0,37.1204435,0.0611184405,0.0,-998.136102,0.956925413,712.954266,0.0,0.0
867.0,0.0,-1001.091115,-0.0169524146,-0.0169524146,0.00177718877,0.00177718877,0.00296502076,0.00296502076,715.064976,49.43234,49.43234,3.7015643,3.7015643,4.68727437,4.68727437,0.145633706,0.0,0.0,37.2303399,0.060988306,0.0,-1001.091115,0.959758555,715.064976,0.0,0.0
867.5,0.0,-1004.039782,-0.0169162123,-0.0169162123,0.00177861706,0.00177861706,0.00296491965,0.00296491965,717.171181,49.43234,49.43234,3.71246726,3.71246726,4.69826193,4.69826193,0.145587954,0.0,0.0,37.3400017,0.0608580644,0.0,-1004.039782,0.96258563,717.171181,0.0,0.0
868.0,0.0,-1006.982211,-0.0168799814,-0.0168799814,0.00178000884,0.00178000884,0.0029647631,0.0029647631,719.2729,49.43234,49.43234,3.72334681,3.72334681,4.70921281,4.70921281,0.145542077,0.0,0.0,37.4494288,0.0607277191,0.0,-1006.982211,0.965406685,719.2729,0.0,0.0
868.5,0.0,-1009.918289,-0.0168437224,-0.0168437224,0.00178136416,0.00178136416,0.00296455156,0.00296455156,721.370116,49.43234,49.43234,3.73420312,3.73420312,4.72012725,4.72012725,0.145496087,0.0,0.0,37.5586204,0.0605972736,0.0,-1009.918289,0.968221671,721.370116,0.0,0.0
869.0,0.0,-1012.848055,-0.0168074365,-0.0168074365,0.00178268322,0.00178268322,0.00296428531,0.00296428531,723.462805,49.43234,49.43234,3.74503601,3.74503601,4.73100504,4.73100504,0.145449971,0.0,0.0,37.6675785,0.0604667311,0.0,-1012.848055,0.971030615,723.462805,0.0,0.0
869.5,0.0,-1015.771525,-0.0167711238,-0.0167711238,0.00178396609,0.00178396609,0.00296396463,0.00296396463,725.550974,49.43234,49.43234,3.75584549,3.75584549,4.74184656,4.74184656,0.145403736,0.0,0.0,37.7763012,0.0603360922,0.0,-1015.771525,0.973833487,725.550974,0.0,0.0
870.0,0.0,-1018.688639,-0.0167347856,-0.0167347856,0.00178521288,0.00178521288,0.00296358995,0.00296358995,727.634638,49.43234,49.43234,3.76663171,3.76663171,4.7526519,4.7526519,0.14535739,0.0,0.0,37.8847881,0.0602053603,0.0,-1018.688639,0.976630296,727.634638,0.0,0.0
870.5,0.0,-1021.59944,-0.016698422,-0.016698422,0.0017864237,0.0017864237,0.00296316161,0.00296316161,729.71378,49.43234,49.43234,3.77739446,3.77739446,4.76342093,4.76342093,0.145310927,0.0,0.0,37.9930402,0.0600745394,0.0,-1021.59944,0.979421053,729.71378,0.0,0.0
871.0,0.0,-1024.503878,-0.0166620344,-0.0166620344,0.00178759877,0.00178759877,0.00296267981,0.00296267981,731.788387,49.43234,49.43234,3.78813374,3.78813374,4.77415396,4.77415396,0.145264341,0.0,0.0,38.1010561,0.0599436304,0.0,-1024.503878,0.982205735,731.788387,0.0,0.0
871.5,0.0,-1027.40203,-0.016625623,-0.016625623,0.00178873809,0.00178873809,0.00296214505,0.00296214505,733.858481,49.43234,49.43234,3.79884969,3.79884969,4.78485097,4.78485097,0.145217635,0.0,0.0,38.2088372,0.0598126371,0.0,-1027.40203,0.984984343,733.858481,0.0,0.0
872.0,0.0,-1030.29381,-0.0165891895,-0.0165891895,0.00178984183,0.00178984183,0.0029615575,0.0029615575,735.924037,49.43234,49.43234,3.8095421,3.8095421,4.79551204,4.79551204,0.145170824,0.0,0.0,38.3163811,0.0596815622,0.0,-1030.29381,0.987756863,735.924037,0.0,0.0
872.5,0.0,-1033.17923,-0.0165527332,-0.0165527332,0.00179091007,0.00179091007,0.00296091761,0.00296091761,737.985067,49.43234,49.43234,3.82021117,3.82021117,4.80613736,4.80613736,0.145123888,0.0,0.0,38.4236903,0.0595504071,0.0,-1033.17923,0.990523297,737.985067,0.0,0.0
873.0,0.0,-1036.05831,-0.0165162556,-0.0165162556,0.00179194305,0.00179194305,0.00296022566,0.00296022566,740.041569,49.43234,49.43234,3.83085662,3.83085662,4.81672693,4.81672693,0.145076839,0.0,0.0,38.5307622,0.0594191746,0.0,-1036.05831,0.993283627,740.041569,0.0,0.0
873.5,0.0,-1038.93107,-0.0164797576,-0.0164797576,0.0017929408,0.0017929408,0.00295948197,0.00295948197,742.093503,49.43234,49.43234,3.84147861,3.84147861,4.82728076,4.82728076,0.145029669,0.0,0.0,38.6375982,0.0592878687,0.0,-1038.93107,0.996037921,742.093503,0.0,0.0
874.0,0.0,-1041.79742,-0.0164432394,-0.0164432394,0.00179390342,0.00179390342,0.00295868701,0.00295868701,744.140914,49.43234,49.43234,3.85207716,3.85207716,4.83779909,4.83779909,0.144982388,0.0,0.0,38.7441979,0.0591564898,0.0,-1041.79742,0.998786075,744.140914,0.0,0.0
874.5,0.0,-1044.65744,-0.0164067018,-0.0164067018,0.00179483112,0.00179483112,0.00295784088,0.00295784088,746.183786,49.43234,49.43234,3.8626521,3.8626521,4.84828202,4.84828202,0.144934994,0.0,0.0,38.8505615,0.0590250428,0.0,-1044.65744,1.00152815,746.183786,0.0,0.0
875.0,0.0,-1047.51111,-0.0163701459,-0.0163701459,0.00179572395,0.00179572395,0.00295694409,0.00295694409,748.222101,49.43234,49.43234,3.87320359,3.87320359,4.85872952,4.85872952,0.144887481,0.0,0.0,38.9566883,0.0588935282,0.0,-1047.51111,1.00426411,748.222101,0.0,0.0
875.5,0.0,-1050.35838,-0.0163335722,-0.0163335722,0.00179658214,0.00179658214,0.00295599687,0.00295599687,750.255879,49.43234,49.43234,3.88373152,3.88373152,4.86914185,4.86914185,0.144839858,0.0,0.0,39.062578,0.0587619496,0.0,-1050.35838,1.00699401,750.255879,0.0,0.0
876.0,0.0,-1053.19926,-0.0162969814,-0.0162969814,0.00179740575,0.00179740575,0.00295499972,0.00295499972,752.285109,49.43234,49.43234,3.89423585,3.89423585,4.87951882,4.87951882,0.144792118,0.0,0.0,39.1682312,0.0586303092,0.0,-1053.19926,1.00971774,752.285109,0.0,0.0
876.5,0.0,-1056.03257,-0.0161530109,-0.0161530109,0.00178630558,0.00178630558,0.00293442965,0.00293442965,754.308126,49.43234,49.43234,3.90470807,3.90470807,4.88985241,4.88985241,0.144744265,0.0,0.00753373503,39.2735617,0.0575297786,0.0,-1056.03257,1.01200622,754.308126,-0.18380889,0.0058145873
877.0,0.0,-1057.74047,0.00079101848,0.00079101848,-8.7569902e-05,-8.7569902e-05,0.000325867603,0.000325867603,755.469925,49.43234,49.43234,3.91072234,3.91072234,4.89578203,4.89578203,0.144696321,0.0,0.487491137,39.3340512,-0.00576603917,0.0,-1057.74047,0.979706313,755.469925,-12.15040155,0.384487117
877.5,0.0,-1055.09137,0.02909558,0.02909558,-0.00321353279,-0.00321353279,-0.00195548084,-0.00195548084,753.558593,49.43234,49.43234,3.90082812,3.90082812,4.8860241,4.8860241,0.144648422,0.0,1.23747751,39.2345359,-0.104730642,0.0,-1055.09137,0.965982172,753.558593,-30.9000603,0.9751254
878.0,0.0,-1047.63136,0.0565655329,0.0565655329,-0.00620334155,-0.00620334155,-0.00376694931,-0.00376694931,748.229715,49.43234,49.43234,3.87324305,3.87324305,4.85876321,4.85876321,0.144600741,0.0,1.98746387,38.9570854,-0.203472989,0.0,-1047.63136,0.958667788,748.229715,-49.6497206,1.55565445
878.5,0.0,-1035.39681,0.0839525185,0.0839525185,-0.00909922285,-0.00909922285,-0.00550651598,-0.00550651598,739.490917,49.43234,49.43234,3.82800623,3.82800623,4.81388006,4.81388006,0.144553462,0.0,2.73745025,38.5020936,-0.301999575,0.0,-1035.39681,0.947032454,739.490917,-68.3993784,2.11804372
879.0,0.0,-1018.398586,0.1112813569,0.1112813569,-0.01186319165,-0.01186319165,-0.00714485491,-0.00714485491,727.349518,49.43234,49.43234,3.76515566,3.76515566,4.75115115,4.75115115,0.14450678,0.0,3.48743664,37.8699423,-0.400318646,0.0,-1018.398586,0.930830689,727.349518,-87.1490399,2.65428558
879.5,0.0,-996.64907,0.138340851,0.138340851,-0.01443304905,-0.01443304905,-0.0086392309,-0.0086392309,711.815748,49.43234,49.43234,3.68474463,3.68474463,4.67026239,4.67026239,0.144460876,0.0,4.22241655,37.061167,-0.49650362,0.0,-996.64907,0.910924179,711.815748,-105.531079,3.14557082
880.0,0.0,-972.39294,0.131747128,0.131747128,-0.01342196835,-0.01342196835,-0.00797930718,-0.00797930718,694.606352,49.43234,49.43234,3.59565933,3.59565933,4.57982587,4.57982587,0.144415914,0.0,4.012427,36.1651473,-0.468106006,0.0,-972.39294,0.955632645,694.606352,-100.3475533,2.92072107
880.5,0.0,-952.103235,0.1023729996,0.1023729996,-0.0102112957,-0.0102112957,-0.00602042615,-0.00602042615,680.15216,49.43234,49.43234,3.52083663,3.52083663,4.50318505,4.50318505,0.144371836,0.0,3.26244072,35.4125806,-0.368157245,0.0,-952.103235,0.958647981,680.15216,-81.5978962,2.32556073
881.0,0.0,-936.698528,0.0746054635,0.0746054635,-0.00732122077,-0.00732122077,-0.0042858984,-0.0042858984,669.149527,49.43234,49.43234,3.46388103,3.46388103,4.44441704,4.44441704,0.144328453,0.0,2.51245437,34.8397211,-0.268428235,0.0,-936.698528,0.944306579,669.149527,-62.8482341,1.76219143
881.5,0.0,-926.116917,0.04694133,0.04694133,-0.00455445007,-0.00455445007,-0.00265314226,-0.00265314226,661.591108,49.43234,49.43234,3.42475449,3.42475449,4.40382877,4.40382877,0.144285574,0.0,1.76246795,34.4461862,-0.168906089,0.0,-926.116917,0.934075536,661.591108,-44.0985772,1.222467317
882.0,0.0,-920.347379,0.0193335154,0.0193335154,-0.00186413842,-0.00186413842,-0.001083015872,-0.001083015872,657.469849,49.43234,49.43234,3.40342065,3.40342065,4.38162304,4.38162304,0.144243013,0.0,1.012481598,34.2316115,-0.0695835865,0.0,-920.347379,0.928451727,657.469849,-25.3489172,0.698265822
882.5,0.0,-919.379082,-0.00811276362,-0.00811276362,0.000781402101,0.000781402101,0.001406996192,0.001406996192,656.77731,49.43234,49.43234,3.39983572,3.39983572,4.37788627,4.37788627,0.144200566,0.0,0.270030590925,34.1955537,0.0285744782,0.0,-919.379082,0.927004909,656.77731,-6.7830668192,0.18654847198
883.0,0.0,-922.084769,-0.0187028077,-0.0187028077,0.00180589276,0.00180589276,0.00310649067,0.00310649067,658.651666,49.43234,49.43234,3.40953835,3.40953835,4.38799727,4.38799727,0.144158044,0.0,0.0,34.2931424,0.0643356112,0.0,-922.084769,0.895566956,658.651666,0.0,0.0
883.5,0.0,-925.222567,-0.0178711148,-0.0178711148,0.0017315129,0.0017315129,0.00297415395,0.00297415395,660.873615,49.43234,49.43234,3.42104048,3.42104048,4.39996975,4.39996975,0.144115397,0.0,0.0,34.4088306,0.0642076394,0.0,-925.222567,0.887288621,660.873615,0.0,0.0
884.0,0.0,-928.327816,-0.0178124663,-0.0178124663,0.00173162476,0.00173162476,0.00297005324,0.00297005324,663.091206,49.43234,49.43234,3.43251992,3.43251992,4.41190338,4.41190338,0.14407262,0.0,0.0,34.5242898,0.0640808355,0.0,-928.327816,0.890001617,663.091206,0.0,0.0
884.5,0.0,-931.426301,-0.0177767461,-0.0177767461,0.00173392036,0.00173392036,0.00296971512,0.00296971512,665.304396,49.43234,49.43234,3.44397653,3.44397653,4.42379811,4.42379811,0.144029718,0.0,0.0,34.6395217,0.0639539025,0.0,-931.426301,0.892967385,665.304396,0.0,0.0
885.0,0.0,-934.518607,-0.0177414082,-0.0177414082,0.0017362187,0.0017362187,0.00296939119,0.00296939119,667.513186,49.43234,49.43234,3.45541041,3.45541041,4.43565399,4.43565399,0.143986685,0.0,0.0,34.7545242,0.063826798,0.0,-934.518607,0.895932052,667.513186,0.0,0.0
885.5,0.0,-937.604772,-0.0177060315,-0.0177060315,0.00173847892,0.00173847892,0.00296901154,0.00296901154,669.717585,49.43234,49.43234,3.46682161,3.46682161,4.44747113,4.44747113,0.143943527,0.0,0.0,34.8692976,0.0636995271,0.0,-937.604772,0.898890896,669.717585,0.0,0.0
886.0,0.0,-940.684768,-0.0176706098,-0.0176706098,0.00174070039,0.00174070039,0.00296857539,0.00296857539,671.917586,49.43234,49.43234,3.47821001,3.47821001,4.45924979,4.45924979,0.143900238,0.0,0.0,34.9838425,0.0635720925,0.0,-940.684768,0.901843831,671.917586,0.0,0.0
886.5,0.0,-943.758589,-0.0176351428,-0.0176351428,0.0017428832,0.0017428832,0.0029680831,0.0029680831,674.113172,49.43234,49.43234,3.48957556,3.48957556,4.47099002,4.47099002,0.143856829,0.0,0.0,35.098157,0.0634444984,0.0,-943.758589,0.904790865,674.113172,0.0,0.0
887.0,0.0,-946.826248,-0.0175996322,-0.0175996322,0.00174502738,0.00174502738,0.00296753493,0.00296753493,676.304343,49.43234,49.43234,3.50091828,3.50091828,4.48269167,4.48269167,0.143813291,0.0,0.0,35.2122422,0.0633167425,0.0,-946.826248,0.907731959,676.304343,0.0,0.0
887.5,0.0,-949.887692,-0.0175640778,-0.0175640778,0.00174713312,0.00174713312,0.00296693135,0.00296693135,678.491114,49.43234,49.43234,3.51223812,3.51223812,4.49435522,4.49435522,0.143769628,0.0,0.0,35.3260972,0.063188831,0.0,-949.887692,0.910667135,678.491114,0.0,0.0
888.0,0.0,-952.942953,-0.0175284808,-0.0175284808,0.00174920042,0.00174920042,0.00296627292,0.00296627292,680.673448,49.43234,49.43234,3.52353504,3.52353504,4.50598038,4.50598038,0.14372584,0.0,0.0,35.4397219,0.063060769,0.0,-952.942953,0.913596362,680.673448,0.0,0.0
888.5,0.0,-955.992021,-0.0174928424,-0.0174928424,0.00175122938,0.00175122938,0.00296555982,0.00296555982,682.851339,49.43234,49.43234,3.53480901,3.53480901,4.51756757,4.51756757,0.143681927,0.0,0.0,35.5531153,0.0629325556,0.0,-955.992021,0.916519646,682.851339,0.0,0.0
889.0,0.0,-959.034862,-0.0174571636,-0.0174571636,0.00175322017,0.00175322017,0.00296479253,0.00296479253,685.024826,49.43234,49.43234,3.54606002,3.54606002,4.52911651,4.52911651,0.143637888,0.0,0.0,35.6662784,0.0628041944,0.0,-959.034862,0.919436987,685.024826,0.0,0.0
889.5,0.0,-962.071507,-0.0174214441,-0.0174214441,0.0017551728,0.0017551728,0.00296397137,0.00296397137,687.193844,49.43234,49.43234,3.55728814,3.55728814,4.54062756,4.54062756,0.143593728,0.0,0.0,35.7792099,0.062675689,0.0,-962.071507,0.922348364,687.193844,0.0,0.0
890.0,0.0,-965.101919,-0.0173856851,-0.0173856851,0.00175708744,0.00175708744,0.00296309686,0.00296309686,689.358429,49.43234,49.43234,3.56849313,3.56849313,4.55210072,4.55210072,0.14354944,0.0,0.0,35.8919104,0.0625470434,0.0,-965.101919,0.925253778,689.358429,0.0,0.0
890.5,0.0,-968.126102,-0.0173498874,-0.0173498874,0.00175896412,0.00175896412,0.00296246677,0.00296246677,691.518537,49.43234,49.43234,3.57967518,3.57967518,4.56353615,4.56353615,0.14350503,0.0,0.0,36.0043789,0.0624182594,0.0,-968.126102,0.928153215,691.518537,0.0,0.0
891.0,0.0,-971.14404,-0.0173140523,-0.0173140523,0.00176080297,0.00176080297,0.00296289417,0.00296289417,693.674215,49.43234,49.43234,3.59083413,3.59083413,4.57493387,4.57493387,0.143460495,0.0,0.0,36.1166163,0.0622893375,0.0,-971.14404,0.931046684,693.674215,0.0,0.0
891.5,0.0,-974.155746,-0.0172781801,-0.0172781801,0.0017626041,0.0017626041,0.00296336729,0.00296336729,695.825428,49.43234,49.43234,3.60196998,3.60196998,4.58629384,4.58629384,0.143415833,0.0,0.0,36.22862,0.0621602826,0.0,-974.155746,0.933934149,695.825428,0.0,0.0
892.0,0.0,-977.161219,-0.0172422711,-0.0172422711,0.00176436763,0.00176436763,0.00296378175,0.00296378175,697.97218,49.43234,49.43234,3.61308275,3.61308275,4.59761647,4.59761647,0.143371057,0.0,0.0,36.3403926,0.062031098,0.0,-977.161219,0.936815651,697.97218,0.0,0.0
892.5,0.0,-980.160404,-0.0172063272,-0.0172063272,0.00176609361,0.00176609361,0.00296413785,0.00296413785,700.11447,49.43234,49.43234,3.62417235,3.62417235,4.60890164,4.60890164,0.143326152,0.0,0.0,36.4519321,0.0619017848,0.0,-980.160404,0.939691139,700.11447,0.0,0.0
893.0,0.0,-983.15335,-0.0171703483,-0.0171703483,0.00176778217,0.00176778217,0.00296443588,0.00296443588,702.25228,49.43234,49.43234,3.63523886,3.63523886,4.62014936,4.62014936,0.143281133,0.0,0.0,36.5632385,0.0617723467,0.0,-983.15335,0.942560618,702.25228,0.0,0.0
893.5,0.0,-986.140005,-0.0171343354,-0.0171343354,0.00176943347,0.00176943347,0.00296467614,0.00296467614,704.385628,49.43234,49.43234,3.64628207,3.64628207,4.63135988,4.63135988,0.143235986,0.0,0.0,36.6743121,0.0616427858,0.0,-986.140005,0.9454241,704.385628,0.0,0.0
894.0,0.0,-989.120414,-0.0170982894,-0.0170982894,0.0017710475,0.0017710475,0.00296485906,0.00296485906,706.514471,49.43234,49.43234,3.65730222,3.65730222,4.64253323,4.64253323,0.143190719,0.0,0.0,36.7851529,0.0615131063,0.0,-989.120414,0.94828156,706.514471,0.0,0.0
894.5,0.0,-992.094515,-0.0170622105,-0.0170622105,0.00177262446,0.00177262446,0.0029649849,0.0029649849,708.638837,49.43234,49.43234,3.66829911,3.66829911,4.65366956,4.65366956,0.143145327,0.0,0.0,36.8957579,0.0613833097,0.0,-992.094515,0.951133022,708.638837,0.0,0.0
895.0,0.0,-995.062344,-0.0170261,-0.0170261,0.00177416445,0.00177416445,0.00296505408,0.00296505408,710.758721,49.43234,49.43234,3.67927272,3.67927272,4.66476889,4.66476889,0.143099821,0.0,0.0,37.006132,0.0612533976,0.0,-995.062344,0.953978442,710.758721,0.0,0.0
895.5,0.0,-998.02389,-0.0169899588,-0.0169899588,0.00177566753,0.00177566753,0.00296506678,0.00296506678,712.874092,49.43234,49.43234,3.69022319,3.69022319,4.67583133,4.67583133,0.143054188,0.0,0.0,37.1162711,0.061123375,0.0,-998.02389,0.956817824,712.874092,0.0,0.0
896.0,0.0,-1000.979132,-0.0169537873,-0.0169537873,0.00177713386,0.00177713386,0.00296502347,0.00296502347,714.984991,49.43234,49.43234,3.70115027,3.70115027,4.68685692,4.68685692,0.143008439,0.0,0.0,37.2261749,0.0609932442,0.0,-1000.979132,0.959651198,714.984991,0.0,0.0
896.5,0.0,-1003.928077,-0.0169175863,-0.0169175863,0.00177856357,0.00177856357,0.00296492441,0.00296492441,717.091368,49.43234,49.43234,3.71205403,3.71205403,4.6978458,4.6978458,0.142962569,0.0,0.0,37.3358456,0.0608630063,0.0,-1003.928077,0.962478497,717.091368,0.0,0.0
897.0,0.0,-1006.870714,-0.0168813563,-0.0168813563,0.00177995673,0.00177995673,0.00296477001,0.00296477001,719.193261,49.43234,49.43234,3.72293455,3.72293455,4.70879802,4.70879802,0.142916579,0.0,0.0,37.4452818,0.0607326657,0.0,-1006.870714,0.965299778,719.193261,0.0,0.0
897.5,0.0,-1009.807045,-0.0168450986,-0.0168450986,0.00178131343,0.00178131343,0.00296456055,0.00296456055,721.290629,49.43234,49.43234,3.73379172,3.73379172,4.71971386,4.71971386,0.142870466,0.0,0.0,37.554484,0.0606022238,0.0,-1009.807045,0.968114998,721.290629,0.0,0.0
898.0,0.0,-1012.737051,-0.0168088136,-0.0168088136,0.00178263388,0.00178263388,0.00296429634,0.00296429634,723.383505,49.43234,49.43234,3.74462551,3.74462551,4.7305931,4.7305931,0.142824242,0.0,0.0,37.6634491,0.0604716849,0.0,-1012.737051,0.970924173,723.383505,0.0,0.0
898.5,0.0,-1015.660725,-0.0167725022,-0.0167725022,0.00178391808,0.00178391808,0.00296397779,0.00296397779,725.471857,49.43234,49.43234,3.75543594,3.75543594,4.74143593,4.74143593,0.142777893,0.0,0.0,37.772181,0.0603410494,0.0,-1015.660725,0.973727291,725.471857,0.0,0.0
899.0,0.0,-1018.578102,-0.0167361647,-0.0167361647,0.00178516627,0.00178516627,0.0029636052,0.0029636052,727.555678,49.43234,49.43234,3.76622295,3.76622295,4.75224261,4.75224261,0.14273143,0.0,0.0,37.8806772,0.0602103215,0.0,-1018.578102,0.976524329,727.555678,0.0,0.0
899.5,0.0,-1021.489146,-0.0166998022,-0.0166998022,0.00178637847,0.00178637847,0.00296317881,0.00296317881,729.635001,49.43234,49.43234,3.77698668,3.77698668,4.76301309,4.76301309,0.142684847,0.0,0.0,37.9889374,0.0600795032,0.0,-1021.489146,0.979315313,729.635001,0.0,0.0
900.0,0.0,-1024.393837,-0.0166634154,-0.0166634154,0.00178755484,0.00178755484,0.00296269908,0.00296269908,731.709779,49.43234,49.43234,3.78772685,3.78772685,4.77374749,4.77374749,0.142638143,0.0,0.0,38.096963,0.0599485986,0.0,-1024.393837,0.982100211,731.709779,0.0,0.0
900.5,0.0,-1027.29223,-0.0166270051,-0.0166270051,0.00178869551,0.00178869551,0.00296216624,0.00296216624,733.780037,49.43234,49.43234,3.79844357,3.79844357,4.78444581,4.78444581,0.142591329,0.0,0.0,38.2047519,0.0598176078,0.0,-1027.29223,0.984879052,733.780037,0.0,0.0
901.0,0.0,-1030.18424,-0.0165905717,-0.0165905717,0.00178980059,0.00178980059,0.00296158074,0.00296158074,735.84578,49.43234,49.43234,3.80913697,3.80913697,4.79510838,4.79510838,0.142544392,0.0,0.0,38.3123064,0.0596865351,0.0,-1030.18424,0.987651801,735.84578,0.0,0.0
901.5,0.0,-1033.06988,-0.0165541164,-0.0165541164,0.00179087022,0.00179087022,0.00296094281,0.00296094281,737.906972,49.43234,49.43234,3.81980688,3.81980688,4.80573495,4.80573495,0.142497341,0.0,0.0,38.4196232,0.059555384,0.0,-1033.06988,0.990418462,737.906972,0.0,0.0
902.0,0.0,-1035.94924,-0.0165176398,-0.0165176398,0.00179190449,0.00179190449,0.00296025285,0.00296025285,739.963626,49.43234,49.43234,3.83045327,3.83045327,4.81632591,4.81632591,0.142450172,0.0,0.0,38.5267044,0.0594241543,0.0,-1035.94924,0.993179062,739.963626,0.0,0.0
902.5,0.0,-1038.82222,-0.0164811423,-0.0164811423,0.00179290355,0.00179290355,0.00295951122,0.00295951122,742.015747,49.43234,49.43234,3.84107615,3.84107615,4.826881,4.826881,0.14240289,0.0,0.0,38.6335507,0.05929285,0.0,-1038.82222,0.995933552,742.015747,0.0,0.0
903.0,0.0,-1041.68882,-0.016444625,-0.016444625,0.0017938675,0.0017938675,0.00295871801,0.00295871801,744.063335,49.43234,49.43234,3.85167554,3.85167554,4.83740083,4.83740083,0.142355485,0.0,0.0,38.7401596,0.0591614741,0.0,-1041.68882,0.998681964,744.063335,0.0,0.0
903.5,0.0,-1044.54908,-0.0164080879,-0.0164080879,0.00179479656,0.00179479656,0.00295787392,0.00295787392,746.106379,49.43234,49.43234,3.86225144,3.86225144,4.84788507,4.84788507,0.142307967,0.0,0.0,38.8465314,0.0590300297,0.0,-1044.54908,1.00142426,746.106379,0.0,0.0
904.0,0.0,-1047.40297,-0.0163715331,-0.0163715331,0.00179569073,0.00179569073,0.00295697903,0.00295697903,748.14488,49.43234,49.43234,3.87280382,3.87280382,4.8583339,4.8583339,0.142260339,0.0,0.0,38.9526673,0.058898518,0.0,-1047.40297,1.00416045,748.14488,0.0,0.0
904.5,0.0,-1050.25048,-0.0163349597,-0.0163349597,0.00179655023,0.00179655023,0.00295603377,0.00295603377,750.178821,49.43234,49.43234,3.88333256,3.88333256,4.86874751,4.86874751,0.142212594,0.0,0.0,39.0585663,0.0587669418,0.0,-1050.25048,1.00689053,750.178821,0.0,0.0
905.0,0.0,-1053.09165,-0.0162983695,-0.0162983695,0.00179737512,0.00179737512,0.0029550384,0.0029550384,752.208207,49.43234,49.43234,3.89383783,3.89383783,4.87912581,4.87912581,0.142164732,0.0,0.0,39.1642275,0.0586353048,0.0,-1053.09165,1.00961452,752.208207,0.0,0.0
905.5,0.0,-1055.92643,-0.0162617627,-0.0162617627,0.00179816558,0.00179816558,0.00295399335,0.00295399335,754.233068,49.43234,49.43234,3.90431956,3.90431956,4.88946908,4.88946908,0.142116757,0.0,0.0,39.2696524,0.0585036076,0.0,-1055.92643,1.01233243,754.233068,0.0,0.0
906.0,0.0,-1058.75485,-0.0162251404,-0.0162251404,0.00179892173,0.00179892173,0.00295289886,0.00295289886,756.253355,49.43234,49.43234,3.91477764,3.91477764,4.89977741,4.89977741,0.142068668,0.0,0.0,39.3748406,0.0583718542,0.0,-1058.75485,1.01504421,756.253355,0.0,0.0
906.5,0.0,-1061.57686,-0.0161885027,-0.0161885027,0.00179964371,0.00179964371,0.00295175532,0.00295175532,758.269078,49.43234,49.43234,3.92521221,3.92521221,4.91005073,4.91005073,0.142020461,0.0,0.0,39.4797907,0.0582400464,0.0,-1061.57686,1.01774989,758.269078,0.0,0.0
907.0,0.0,-1064.39252,-0.0161518509,-0.0161518509,0.00180033162,0.00180033162,0.00295056301,0.00295056301,760.280251,49.43234,49.43234,3.93562313,3.93562313,4.92028927,4.92028927,0.141972148,0.0,0.0,39.5845043,0.058108187,0.0,-1064.39252,1.02044943,760.280251,0.0,0.0
907.5,0.0,-1067.20176,-0.0161151853,-0.0161151853,0.00180098566,0.00180098566,0.0029493223,0.0029493223,762.286867,49.43234,49.43234,3.94601046,3.94601046,4.93049299,4.93049299,0.14192372,0.0,0.0,39.68898,0.0579762788,0.0,-1067.20176,1.02314284,762.286867,0.0,0.0
908.0,0.0,-1070.00465,-0.0160785069,-0.0160785069,0.00180160587,0.00180160587,0.00294803349,0.00294803349,764.288937,49.43234,49.43234,3.95637418,3.95637418,4.94066209,4.94066209,0.141875173,0.0,0.0,39.7932176,0.0578443235,0.0,-1070.00465,1.02583013,764.288937,0.0,0.0
908.5,0.0,-1072.80113,-0.0160418161,-0.0160418161,0.00180219246,0.00180219246,0.00294669697,0.00294669697,766.286431,49.43234,49.43234,3.96671439,3.96671439,4.95079663,4.95079663,0.141826524,0.0,0.0,39.8972188,0.0577123246,0.0,-1072.80113,1.02851132,766.286431,0.0,0.0
909.0,0.0,-1075.59125,-0.0160051135,-0.0160051135,0.00180274553,0.00180274553,0.00294531298,0.00294531298,768.279351,49.43234,49.43234,3.97703079,3.97703079,4.96089669,4.96089669,0.141777756,0.0,0.0,40.0009829,0.0575802834,0.0,-1075.59125,1.03118637,768.279351,0.0,0.0
909.5,0.0,-1078.37497,-0.0159684003,-0.0159684003,0.00180326524,0.00180326524,0.00294388194,0.00294388194,770.267731,49.43234,49.43234,3.98732363,3.98732363,4.97096237,4.97096237,0.141728875,0.0,0.0,40.1045083,0.0574482032,0.0,-1078.37497,1.0338553,770.267731,0.0,0.0
910.0,0.0,-1081.15228,-0.0159316766,-0.0159316766,0.00180375173,0.00180375173,0.00294240411,0.00294240411,772.251518,49.43234,49.43234,3.99759289,3.99759289,4.98099372,4.98099372,0.141679887,0.0,0.0,40.207796,0.0573160853,0.0,-1081.15228,1.0365181,772.251518,0.0,0.0
910.5,0.0,-1083.92318,-0.0158949439,-0.0158949439,0.00180420513,0.00180420513,0.00294087977,0.00294087977,774.230744,49.43234,49.43234,4.00783841,4.00783841,4.99112166,4.99112166,0.141630787,0.0,0.0,40.3108456,0.057183935,0.0,-1083.92318,1.03917478,774.230744,0.0,0.0
911.0,0.0,-1086.68767,-0.0158582019,-0.0158582019,0.00180462553,0.00180462553,0.00293930941,0.00293930941,776.205403,49.43234,49.43234,4.01806046,4.01806046,5.0019449,5.0019449,0.14158157,0.0,0.0,40.4136574,0.0570517502,0.0,-1086.68767,1.04182531,776.205403,0.0,0.0
911.5,0.0,-1089.44583,-0.0158214515,-0.0158214515,0.00180501316,0.00180501316,0.00293769321,0.00293769321,778.175502,49.43234,49.43234,4.02825851,4.02825851,5.01284723,5.01284723,0.141532229,0.0,0.0,40.5162315,0.0569195378,0.0,-1089.44583,1.0444697,778.175502,0.0,0.0
912.0,0.0,-1092.19756,-0.0157846935,-0.0157846935,0.00180536811,0.00180536811,0.00293603157,0.00293603157,780.141019,49.43234,49.43234,4.03843327,4.03843327,5.02371667,5.02371667,0.14148277,0.0,0.0,40.6185679,0.0567872967,0.0,-1092.19756,1.04710797,780.141019,0.0,0.0
912.5,0.0,-1094.94287,-0.0157479289,-0.0157479289,0.00180569052,0.00180569052,0.00293432481,0.00293432481,782.101967,49.43234,49.43234,4.04858409,4.04858409,5.03455292,5.03455292,0.141433189,0.0,0.0,40.7206657,0.0566550312,0.0,-1094.94287,1.04974012,782.101967,0.0,0.0
913.0,0.0,-1097.6818,-0.0157111579,-0.0157111579,0.00180598058,0.00180598058,0.00293257325,0.00293257325,784.058341,49.43234,49.43234,4.05871138,4.05871138,5.0453564,5.0453564,0.141383491,0.0,0.0,40.8225249,0.0565227439,0.0,-1097.6818,1.05236612,784.058341,0.0,0.0
913.5,0.0,-1100.41433,-0.0156743812,-0.0156743812,0.00180623833,0.00180623833,0.00293077712,0.00293077712,786.010135,49.43234,49.43234,4.06881489,4.06881489,5.05612703,5.05612703,0.141333667,0.0,0.0,40.9241475,0.0563904367,0.0,-1100.41433,1.05498593,786.010135,0.0,0.0
914.0,0.0,-1103.14047,-0.01563760005,-0.01563760005,0.00180646403,0.00180646403,0.00292893692,0.00292893692,787.957366,49.43234,49.43234,4.07889477,4.07889477,5.0668648,5.0668648,0.141283728,0.0,0.0,41.0255312,0.0562581113,0.0,-1103.14047,1.05759966,787.957366,0.0,0.0
914.5,0.0,-1105.86016,-0.0156008144,-0.0156008144,0.00180665774,0.00180665774,0.00292705279,0.00292705279,789.900004,49.43234,49.43234,4.088951,4.088951,5.07756962,5.07756962,0.141233667,0.0,0.0,41.1266761,0.0561257698,0.0,-1105.86016,1.06020723,789.900004,0.0,0.0
915.0,0.0,-1108.57346,-0.01556402505,-0.01556402505,0.00180681965,0.00180681965,0.00292512522,0.00292512522,791.838083,49.43234,49.43234,4.09898352,4.09898352,5.08824192,5.08824192,0.141183486,0.0,0.0,41.2275828,0.055993417,0.0,-1108.57346,1.06280867,791.838083,0.0,0.0
915.5,0.0,-1111.28038,-0.0155272327,-0.0155272327,0.00180694989,0.00180694989,0.00292315444,0.00292315444,793.77159,49.43234,49.43234,4.10899232,4.10899232,5.09888152,5.09888152,0.141133187,0.0,0.0,41.3282522,0.0558610517,0.0,-1111.28038,1.06540395,793.77159,0.0,0.0
916.0,0.0,-1113.98084,-0.01549043805,-0.01549043805,0.00180704858,0.00180704858,0.00292114088,0.00292114088,795.700497,49.43234,49.43234,4.1189775,4.1189775,5.10948831,5.10948831,0.141082774,0.0,0.0,41.4286831,0.0557286792,0.0,-1113.98084,1.06799313,795.700497,0.0,0.0
916.5,0.0,-1116.67493,-0.0154536418,-0.0154536418,0.00180711592,0.00180711592,0.00291908458,0.00291908458,797.624844,49.43234,49.43234,4.12893897,4.12893897,5.1200628,5.1200628,0.141032236,0.0,0.0,41.5288752,0.0555963006,0.0,-1116.67493,1.07057614,797.624844,0.0,0.0
917.0,0.0,-1119.3626,-0.01541684425,-0.01541684425,0.00180715203,0.00180715203,0.00291698621,0.00291698621,799.544619,49.43234,49.43234,4.13887672,4.13887672,5.13060478,5.13060478,0.140981586,0.0,0.0,41.6288291,0.0554639169,0.0,-1119.3626,1.073153,799.544619,0.0,0.0
917.5,0.0,-1122.04389,-0.0153800464,-0.0153800464,0.00180715708,0.00180715708,0.00291484587,0.00291484587,801.459804,49.43234,49.43234,4.14879081,4.14879081,5.14111418,5.14111418,0.140930812,0.0,0.0,41.7285454,0.0553315322,0.0,-1122.04389,1.0757237,801.459804,0.0,0.0
918.0,0.0,-1124.71874,-0.0153432489,-0.0153432489,0.00180713116,0.00180713116,0.002912664,0.002912664,803.37042,49.43234,49.43234,4.15868124,4.15868124,5.15159146,5.15159146,0.140879924,0.0,0.0,41.8280227,0.0551991496,0.0,-1124.71874,1.07828831,803.37042,0.0,0.0
918.5,0.0,-1127.38722,-0.015306452,-0.015306452,0.00180707447,0.00180707447,0.00291044081,0.00291044081,805.276458,49.43234,49.43234,4.16854788,4.16854788,5.16203635,5.16203635,0.140828916,0.0,0.0,41.9272624,0.0550667691,0.0,-1127.38722,1.08084674,805.276458,0.0,0.0
919.0,0.0,-1130.04924,-0.015269657,-0.015269657,0.00180698716,0.00180698716,0.00290817664,0.00290817664,807.177925,49.43234,49.43234,4.17839097,4.17839097,5.17244893,5.17244893,0.140777794,0.0,0.0,42.0262626,0.0549343933,0.0,-1130.04924,1.08339907,807.177925,0.0,0.0
919.5,0.0,-1132.70488,-0.0152328638,-0.0152328638,0.00180686931,0.00180686931,0.0029058719,0.0029058719,809.074822,49.43234,49.43234,4.18821027,4.18821027,5.18282941,5.18282941,0.140726554,0.0,0.0,42.1250256,0.0548020262,0.0,-1132.70488,1.08594521,809.074822,0.0,0.0
920.0,0.0,-1135.35411,-0.01519607325,-0.01519607325,0.00180672118,0.00180672118,0.00290352686,0.00290352686,810.967134,49.43234,49.43234,4.19800583,4.19800583,5.19317771,5.19317771,0.140675193,0.0,0.0,42.2235504,0.0546696681,0.0,-1135.35411,1.08848522,810.967134,0.0,0.0
920.5,0.0,-1137.99696,-0.01515928605,-0.01515928605,0.00180654284,0.00180654284,0.00290114175,0.00290114175,812.854857,49.43234,49.43234,4.20777776,4.20777776,5.20349395,5.20349395,0.140623724,0.0,0.0,42.3218358,0.0545373225,0.0,-1137.99696,1.09101913,812.854857,0.0,0.0
921.0,0.0,-1140.63337,-0.0151225029,-0.0151225029,0.00180633446,0.00180633446,0.00289871706,0.00289871706,814.737998,49.43234,49.43234,4.21752601,4.21752601,5.2137783,5.2137783,0.140572133,0.0,0.0,42.4198838,0.0544049898,0.0,-1140.63337,1.09354684,814.737998,0.0,0.0
921.5,0.0,-1143.26338,-0.01508572415,-0.01508572415,0.00180609619,0.00180609619,0.00289625296,0.00289625296,816.616595,49.43234,49.43234,4.22725058,4.22725058,5.22403054,5.22403054,0.140520429,0.0,0.0,42.5176936,0.0542726749,0.0,-1143.26338,1.09606843,816.616595,0.0,0.0
922.0,0.0,-1145.88699,-0.0150489507,-0.0150489507,0.00180582822,0.00180582822,0.00289374978,0.00289374978,818.490601,49.43234,49.43234,4.23695152,4.23695152,5.23425098,5.23425098,0.140468609,0.0,0.0,42.615265,0.0541403772,0.0,-1145.88699,1.0985839,818.490601,0.0,0.0
922.5,0.0,-1148.50422,-0.0150121829,-0.0150121829,0.00180553064,0.00180553064,0.00289120786,0.00289120786,820.360058,49.43234,49.43234,4.24662864,4.24662864,5.24443951,5.24443951,0.140416672,0.0,0.0,42.7125998,0.0540081021,0.0,-1148.50422,1.10109323,820.360058,0.0,0.0
923.0,0.0,-1151.11502,-0.01497542175,-0.01497542175,0.00180520363,0.00180520363,0.00288862758,0.00288862758,822.224924,49.43234,49.43234,4.2562822,4.2562822,5.25459654,5.25459654,0.140364624,0.0,0.0,42.8096948,0.0538758478,0.0,-1151.11502,1.10359638,822.224924,0.0,0.0
923.5,0.0,-1153.71944,-0.0149386669,-0.0149386669,0.00180484736,0.00180484736,0.00288600918,0.00288600918,824.085192,49.43234,49.43234,4.26591215,4.26591215,5.26472158,5.26472158,0.14031246,0.0,0.0,42.9065528,0.0537436199,0.0,-1153.71944,1.10609348,824.085192,0.0,0.0
924.0,0.0,-1156.31746,-0.01490192035,-0.01490192035,0.00180446194,0.00180446194,0.00288335296,0.00288335296,825.940916,49.43234,49.43234,4.27551846,4.27551846,5.27481524,5.27481524,0.14026018,0.0,0.0,43.0031712,0.05361142,0.0,-1156.31746,1.10858437,825.940916,0.0,0.0
924.5,0.0,-1158.90905,-0.01486518125,-0.01486518125,0.00180404761,0.00180404761,0.00288065919,0.00288065919,827.792077,49.43234,49.43234,4.28510088,4.28510088,5.28487713,5.28487713,0.14020779,0.0,0.0,43.0995528,0.0534792479,0.0,-1158.90905,1.11106915,827.792077,0.0,0.0
925.0,0.0,-1161.4943,-0.0148284514,-0.0148284514,0.00180360444,0.00180360444,0.00287792836,0.00287792836,829.63867,49.43234,49.43234,4.29465989,4.29465989,5.29490761,5.29490761,0.140155281,0.0,0.0,43.1956956,0.0533471074,0.0,-1161.4943,1.11354782,829.63867,0.0,0.0
925.5,0.0,-1164.07308,-0.0147917306,-0.0147917306,0.0018031326,0.0018031326,0.00287516061,0.00287516061,831.480688,49.43234,49.43234,4.30419516,4.30419516,5.30490648,5.30490648,0.140102662,0.0,0.0,43.2916015,0.0532149988,0.0,-1164.07308,1.11602031,831.480688,0.0,0.0
926.0,0.0,-1166.64554,-0.01475501995,-0.01475501995,0.00180263229,0.00180263229,0.00287235626,0.00287235626,833.31813,49.43234,49.43234,4.31370687,4.31370687,5.31487432,5.31487432,0.140049927,0.0,0.0,43.3872698,0.0530829283,0.0,-1166.64554,1.11848673,833.31813,0.0,0.0
926.5,0.0,-1169.21156,-0.0147183196,-0.0147183196,0.00180210359,0.00180210359,0.00286951569,0.00286951569,835.150994,49.43234,49.43234,4.32319474,4.32319474,5.32481064,5.32481064,0.139997082,0.0,0.0,43.4827005,0.0529508947,0.0,-1169.21156,1.12094695,835.150994,0.0,0.0
927.0,0.0,-1171.77124,-0.01468163035,-0.01468163035,0.00180154671,0.00180154671,0.00286663923,0.00286663923,836.979338,49.43234,49.43234,4.33265913,4.33265913,5.33471563,5.33471563,0.139944124,0.0,0.0,43.5778931,0.0528189005,0.0,-1171.77124,1.12340112,836.979338,0.0,0.0
927.5,0.0,-1174.32447,-0.01464495255,-0.01464495255,0.00180096185,0.00180096185,0.00286372708,0.00286372708,838.803087,49.43234,49.43234,4.34209983,4.34209983,5.34458947,5.34458947,0.139891054,0.0,0.0,43.6728483,0.052686949,0.0,-1174.32447,1.12584915,838.803087,0.0,0.0
928.0,0.0,-1176.87134,-0.0146082871,-0.0146082871,0.00180034903,0.00180034903,0.00286077963,0.00286077963,840.622276,49.43234,49.43234,4.35151699,4.35151699,5.35443217,5.35443217,0.139837868,0.0,0.0,43.7675654,0.0525550413,0.0,-1176.87134,1.12829103,840.622276,0.0,0.0
928.5,0.0,-1179.41186,-0.0145716344,-0.0145716344,0.00179970855,0.00179970855,0.00285779707,0.00285779707,842.436927,49.43234,49.43234,4.36091064,4.36091064,5.3642438,5.3642438,0.139784572,0.0,0.0,43.8620462,0.0524231787,0.0,-1179.41186,1.13072681,842.436927,0.0,0.0
929.0,0.0,-1181.94594,-0.0145349951,-0.0145349951,0.00179904042,0.00179904042,0.00285477988,0.00285477988,844.247003,49.43234,49.43234,4.3702805,4.3702805,5.37402452,5.37402452,0.139731168,0.0,0.0,43.9562885,0.0522913641,0.0,-1181.94594,1.13315646,844.247003,0.0,0.0
929.5,0.0,-1184.4737,-0.0144983698,-0.0144983698,0.00179834495,0.00179834495,0.00285172824,0.00285172824,846.052514,49.43234,49.43234,4.37962692,4.37962692,5.38377429,5.38377429,0.13967765,0.0,0.0,44.0502949,0.0521595997,0.0,-1184.4737,1.13558,846.052514,0.0,0.0
930.0,0.0,-1186.99503,-0.01446175865,-0.01446175865,0.00179762224,0.00179762224,0.00284864242,0.00284864242,847.853483,49.43234,49.43234,4.38894966,4.38894966,5.39349304,5.39349304,0.13962402,0.0,0.0,44.1440631,0.0520278877,0.0,-1186.99503,1.13799745,847.853483,0.0,0.0
930.5,0.0,-1189.51,-0.01442516255,-0.01442516255,0.00179687242,0.00179687242,0.00284552285,0.00284552285,849.649911,49.43234,49.43234,4.39824889,4.39824889,5.40318104,5.40318104,0.139570284,0.0,0.0,44.2375953,0.0518962287,0.0,-1189.51,1.14040876,849.649911,0.0,0.0
931.0,0.0,-1192.01861,-0.01438858195,-0.01438858195,0.00179609567,0.00179609567,0.00284236975,0.00284236975,851.441761,49.43234,49.43234,4.40752447,4.40752447,5.41283837,5.41283837,0.139516434,0.0,0.0,44.3308885,0.0517646259,0.0,-1192.01861,1.14281398,851.441761,0.0,0.0
931.5,0.0,-1194.52084,-0.0143520174,-0.0143520174,0.00179529211,0.00179529211,0.00283918345,0.00283918345,853.229094,49.43234,49.43234,4.41677665,4.41677665,5.42246503,5.42246503,0.139462471,0.0,0.0,44.4239477,0.0516330812,0.0,-1194.52084,1.14521309,853.229094,0.0,0.0
932.0,0.0,-1197.01676,-0.01431546985,-0.01431546985,0.00179446195,0.00179446195,0.00283596418,0.00283596418,855.011859,49.43234,49.43234,4.42600531,4.42600531,5.43206087,5.43206087,0.139408404,0.0,0.0,44.516768,0.0515015965,0.0,-1197.01676,1.14760609,855.011859,0.0,0.0
932.5,0.0,-1199.50627,-0.0142789392,-0.0142789392,0.00179360536,0.00179360536,0.00283271232,0.00283271232,856.790069,49.43234,49.43234,4.4352103,4.4352103,5.44162626,5.44162626,0.139354225,0.0,0.0,44.6093534,0.0513701736,0.0,-1199.50627,1.14999299,856.790069,0.0,0.0
933.0,0.0,-1201.98941,-0.0142424264,-0.0142424264,0.00179272241,0.00179272241,0.00282942817,0.00282942817,858.563752,49.43234,49.43234,4.44439188,4.44439188,5.45116119,5.45116119,0.139299937,0.0,0.0,44.7017008,0.0512388137,0.0,-1201.98941,1.15237382,858.563752,0.0,0.0
933.5,0.0,-1204.4662,-0.0142059315,-0.0142059315,0.00179181332,0.00179181332,0.00282611194,0.00282611194,860.332912,49.43234,49.43234,4.45354994,4.45354994,5.46066558,5.46066558,0.139245534,0.0,0.0,44.7938119,0.0511075203,0.0,-1204.4662,1.15474851,860.332912,0.0,0.0
934.0,0.0,-1206.93667,-0.0141694556,-0.0141694556,0.00179087831,0.00179087831,0.00282276401,0.00282276401,862.097514,49.43234,49.43234,4.46268441,4.46268441,5.4701397,5.4701397,0.139191026,0.0,0.0,44.8856879,0.0509762943,0.0,-1206.93667,1.15711714,862.097514,0.0,0.0
934.5,0.0,-1209.40075,-0.01413299915,-0.01413299915,0.00178991744,0.00178991744,0.00281938455,0.00281938455,863.857566,49.43234,49.43234,4.47179553,4.47179553,5.47958352,5.47958352,0.139136408,0.0,0.0,44.9773264,0.0508451376,0.0,-1209.40075,1.15947968,863.857566,0.0,0.0
935.0,0.0,-1211.85849,-0.01409656255,-0.01409656255,0.00178893085,0.00178893085,0.00281597408,0.00281597408,865.61311,49.43234,49.43234,4.48088306,4.48088306,5.48899706,5.48899706,0.139081689,0.0,0.0,45.0687295,0.0507140526,0.0,-1211.85849,1.16183614,865.61311,0.0,0.0
935.5,0.0,-1214.30991,-0.01406014575,-0.01406014575,0.00178791885,0.00178791885,0.0028125327,0.0028125327,867.36411,49.43234,49.43234,4.48994727,4.48994727,5.49838047,5.49838047,0.139026852,0.0,0.0,45.1598975,0.0505830405,0.0,-1214.30991,1.16418653,867.36411,0.0,0.0
936.0,0.0,-1216.75497,-0.0140237504,-0.0140237504,0.00178688142,0.00178688142,0.0028090607,0.0028090607,869.110591,49.43234,49.43234,4.49898797,4.49898797,5.50773362,5.50773362,0.138971916,0.0,0.0,45.2508285,0.0504521035,0.0,-1216.75497,1.16653083,869.110591,0.0,0.0
936.5,0.0,-1219.19369,-0.01398737625,-0.01398737625,0.00178581883,0.00178581883,0.0028055585,0.0028055585,870.852543,49.43234,49.43234,4.50800532,4.50800532,5.51705691,5.51705691,0.13891687,0.0,0.0,45.3415244,0.0503212432,0.0,-1219.19369,1.16886905,870.852543,0.0,0.0
937.0,0.0,-1221.62612,-0.0139510239,-0.0139510239,0.00178473124,0.00178473124,0.00280202628,0.00280202628,872.58998,49.43234,49.43234,4.51699922,4.51699922,5.52635025,5.52635025,0.138861713,0.0,0.0,45.4319853,0.0501904608,0.0,-1221.62612,1.17120123,872.58998,0.0,0.0
937.5,0.0,-1224.05218,-0.0139146942,-0.0139146942,0.00178361874,0.00178361874,0.00279846441,0.00279846441,874.322874,49.43234,49.43234,4.52596968,4.52596968,5.53561356,5.53561356,0.138806449,0.0,0.0,45.5222101,0.0500597605,0.0,-1224.05218,1.17352728,874.322874,0.0,0.0
938.0,0.0,-1226.47191,-0.01387838715,-0.01387838715,0.00178248156,0.00178248156,0.00279487311,0.00279487311,876.051268,49.43234,49.43234,4.53491671,4.53491671,5.544847,5.544847,0.138751087,0.0,0.0,45.6121994,0.0499291418,0.0,-1226.47191,1.17584732,876.051268,0.0,0.0
938.5,0.0,-1228.88535,-0.0138421036,-0.0138421036,0.00178131981,0.00178131981,0.00279125263,0.00279125263,877.77514,49.43234,49.43234,4.54384057,4.54384057,5.55405063,5.55405063,0.138695606,0.0,0.0,45.7019549,0.0497986071,0.0,-1228.88535,1.1781613,877.77514,0.0,0.0
939.0,0.0,-1231.29246,-0.0138058439,-0.0138058439,0.00178013368,0.00178013368,0.00278760335,0.00278760335,879.494509,49.43234,49.43234,4.55274075,4.55274075,5.56322464,5.56322464,0.138640025,0.0,0.0,45.7914748,0.0496681588,0.0,-1231.29246,1.1804692,879.494509,0.0,0.0
939.5,0.0,-1233.69327,-0.01376960875,-0.01376960875,0.00177892331,0.00177892331,0.00278392554,0.00278392554,881.209372,49.43234,49.43234,4.56161773,4.56161773,5.57236906,5.57236906,0.138584342,0.0,0.0,45.8807603,0.0495377993,0.0,-1233.69327,1.18277106,881.209372,0.0,0.0
940.0,0.0,-1236.08775,-0.01373339835,-0.01373339835,0.00177768888,0.00177768888,0.00278021944,0.00278021944,882.919724,49.43234,49.43234,4.57047144,4.57047144,5.58148368,5.58148368,0.138528551,0.0,0.0,45.9698106,0.049407527,0.0,-1236.08775,1.18506687,882.919724,0.0,0.0
940.5,0.0,-1238.47595,-0.0136972134,-0.0136972134,0.00177643054,0.00177643054,0.00277648539,0.00277648539,884.625572,49.43234,49.43234,4.57930196,4.57930196,5.59056892,5.59056892,0.138472652,0.0,0.0,46.0586271,0.0492773486,0.0,-1238.47595,1.18735665,884.625572,0.0,0.0
941.0,0.0,-1240.85782,-0.0136610543,-0.0136610543,0.00177514847,0.00177514847,0.00277272358,0.00277272358,886.32693,49.43234,49.43234,4.58810908,4.58810908,5.59962479,5.59962479,0.138416646,0.0,0.0,46.147208,0.0491472621,0.0,-1240.85782,1.18964038,886.32693,0.0,0.0
941.5,0.0,-1243.23346,-0.0136249216,-0.0136249216,0.00177384278,0.00177384278,0.00276893442,0.00276893442,888.02378,49.43234,49.43234,4.59689289,4.59689289,5.60865103,5.60865103,0.13836054,0.0,0.0,46.2355573,0.0490172696,0.0,-1243.23346,1.19191809,888.02378,0.0,0.0
942.0,0.0,-1245.60273,-0.0135888156,-0.0135888156,0.00177251369,0.00177251369,0.00276511807,0.00276511807,889.716146,49.43234,49.43234,4.6056535,4.6056535,5.61764803,5.61764803,0.138304327,0.0,0.0,46.3236707,0.0488873746,0.0,-1245.60273,1.19418976,889.716146,0.0,0.0
942.5,0.0,-1247.96575,-0.01355273675,-0.01355273675,0.00177116132,0.00177116132,0.00276127485,0.00276127485,891.404024,49.43234,49.43234,4.61439083,4.61439083,5.62661582,5.62661582,0.138248011,0.0,0.0,46.4115519,0.0487575766,0.0,-1247.96575,1.19645542,891.404024,0.0,0.0
943.0,0.0,-1250.32252,-0.013516686,-0.013516686,0.00176978584,0.00176978584,0.002757405,0.002757405,893.087412,49.43234,49.43234,4.62310503,4.62310503,5.63555443,5.63555443,0.138191586,0.0,0.0,46.4991981,0.04862788,0.0,-1250.32252,1.19871506,893.087412,0.0,0.0
943.5,0.0,-1252.67298,-0.0134806635,-0.0134806635,0.00176838742,0.00176838742,0.00275350894,0.00275350894,894.766326,49.43234,49.43234,4.63179588,4.63179588,5.64446399,5.64446399,0.138135063,0.0,0.0,46.586611,0.0484982842,0.0,-1252.67298,1.20096868,894.766326,0.0,0.0
944.0,0.0,-1255.01719,-0.01344466935,-0.01344466935,0.00176696619,0.00176696619,0.00274958678,0.00274958678,896.440751,49.43234,49.43234,4.64046369,4.64046369,5.65334433,5.65334433,0.138078436,0.0,0.0,46.6737916,0.0483687918,0.0,-1255.01719,1.20321626,896.440751,0.0,0.0
944.5,0.0,-1257.35512,-0.01340870455,-0.01340870455,0.00176552233,0.00176552233,0.00274563884,0.00274563884,898.110698,49.43234,49.43234,4.64910821,4.64910821,5.66219576,5.66219576,0.138021705,0.0,0.0,46.7607385,0.0482394049,0.0,-1257.35512,1.20545786,898.110698,0.0,0.0
945.0,0.0,-1259.6868,-0.01337276935,-0.01337276935,0.00176405604,0.00176405604,0.00274166543,0.00274166543,899.776178,49.43234,49.43234,4.6577298,4.6577298,5.67101822,5.67101822,0.137964868,0.0,0.0,46.8474532,0.048110125,0.0,-1259.6868,1.20769346,899.776178,0.0,0.0
945.5,0.0,-1262.01224,-0.0133368647,-0.0133368647,0.0017625674,0.0017625674,0.00273766675,0.00273766675,901.437193,49.43234,49.43234,4.66632807,4.66632807,5.67981185,5.67981185,0.137907931,0.0,0.0,46.9339348,0.0479809509,0.0,-1262.01224,1.20992302,901.437193,0.0,0.0
946.0,0.0,-1264.33137,-0.01330099015,-0.01330099015,0.00176105666,0.00176105666,0.00273364322,0.00273364322,903.093755,49.43234,49.43234,4.67490319,4.67490319,5.68857666,5.68857666,0.137850896,0.0,0.0,47.0201842,0.0478518894,0.0,-1264.33137,1.2121467,903.093755,0.0,0.0
946.5,0.0,-1266.64429,-0.0132651466,-0.0132651466,0.0017595239,0.0017595239,0.00272959495,0.00272959495,904.745835,49.43234,49.43234,4.68345534,4.68345534,5.69731273,5.69731273,0.137793753,0.0,0.0,47.1062015,0.0477229371,0.0,-1266.64429,1.21436429,904.745835,0.0,0.0
947.0,0.0,-1268.95101,-0.0132293345,-0.0132293345,0.0017579693,0.0017579693,0.00272552231,0.00272552231,906.393491,49.43234,49.43234,4.6919844,4.6919844,5.70602017,5.70602017,0.137736509,0.0,0.0,47.1919872,0.0475940995,0.0,-1268.95101,1.21657593,906.393491,0.0,0.0
947.5,0.0,-1271.25146,-0.0131935541,-0.0131935541,0.00175639303,0.00175639303,0.00272142552,0.00272142552,908.036667,49.43234,49.43234,4.7004904,4.7004904,5.71469899,5.71469899,0.137679161,0.0,0.0,47.2775401,0.0474653765,0.0,-1271.25146,1.2187816,908.036667,0.0,0.0
948.0,0.0,-1273.54567,-0.01315780635,-0.01315780635,0.00175479528,0.00175479528,0.00271730483,0.00271730483,909.675393,49.43234,49.43234,4.70897342,4.70897342,5.7233493,5.7233493,0.137621712,0.0,0.0,47.3628623,0.0473367688,0.0,-1273.54567,1.22098131,909.675393,0.0,0.0
948.5,0.0,-1275.83371,-0.0131220911,-0.0131220911,0.00175317616,0.00175317616,0.00271316048,0.00271316048,911.309672,49.43234,49.43234,4.71743349,4.71743349,5.73197121,5.73197121,0.137564164,0.0,0.0,47.4479525,0.0472082796,0.0,-1275.83371,1.22317504,911.309672,0.0,0.0
949.0,0.0,-1278.11548,-0.0130864093,-0.0130864093,0.00175153587,0.00175153587,0.00270899284,0.00270899284,912.939525,49.43234,49.43234,4.72587036,4.72587036,5.74056463,5.74056463,0.137506514,0.0,0.0,47.532812,0.0470799098,0.0,-1278.11548,1.22536283,912.939525,0.0,0.0
949.5,0.0,-1280.39106,-0.0130507607,-0.0130507607,0.00174987453,0.00174987453,0.00270480221,0.00270480221,914.564941,49.43234,49.43234,4.73428438,4.73428438,5.74912976,5.74912976,0.13744877,0.0,0.0,47.6174397,0.0469516619,0.0,-1280.39106,1.22754468,914.564941,0.0,0.0
950.0,0.0,-1282.66044,-0.0130151465,-0.0130151465,0.00174819231,0.00174819231,0.00270058865,0.00270058865,916.185915,49.43234,49.43234,4.74267544,4.74267544,5.75766662,5.75766662,0.137390916,0.0,0.0,47.701837,0.0468235336,0.0,-1282.66044,1.22972053,916.185915,0.0,0.0
950.5,0.0,-1284.9236,-0.0129795667,-0.0129795667,0.00174648937,0.00174648937,0.00269635252,0.00269635252,917.802474,49.43234,49.43234,4.75104367,4.75104367,5.7661753,5.7661753,0.137332966,0.0,0.0,47.7860053,0.0466955319,0.0,-1284.9236,1.23189043,917.802474,0.0,0.0
951.0,0.0,-1287.18061,-0.0129440215,-0.0129440215,0.0017447659,0.0017447659,0.00269209415,0.00269209415,919.414621,49.43234,49.43234,4.75938891,4.75938891,5.77465569,5.77465569,0.137274917,0.0,0.0,47.8699413,0.0465676552,0.0,-1287.18061,1.23405441,919.414621,0.0,0.0
951.5,0.0,-1289.43141,-0.01290851215,-0.01290851215,0.00174302202,0.00174302202,0.00268781642,0.00268781642,921.022327,49.43234,49.43234,4.76771132,4.76771132,5.78310819,5.78310819,0.137216765,0.0,0.0,47.9536484,0.0464399043,0.0,-1289.43141,1.23621249,921.022327,0.0,0.0
952.0,0.0,-1291.67603,-0.01287303825,-0.01287303825,0.00174125789,0.00174125789,0.00268382,0.00268382,922.625619,49.43234,49.43234,4.77601083,4.77601083,5.79153273,5.79153273,0.137158513,0.0,0.0,48.0371248,0.0463122828,0.0,-1291.67603,1.23836462,922.625619,0.0,0.0
952.5,0.0,-1293.91448,-0.01283760025,-0.01283760025,0.00173947369,0.00173947369,0.00268000502,0.00268000502,924.224516,49.43234,49.43234,4.7842875,4.7842875,5.79992934,5.79992934,0.137100168,0.0,0.0,48.120373,0.0461847911,0.0,-1293.91448,1.24051085,924.224516,0.0,0.0
953.0,0.0,-1296.14674,-0.012802199,-0.012802199,0.00173766957,0.00173766957,0.00267616526,0.00267616526,925.819001,49.43234,49.43234,4.79254144,4.79254144,5.80829801,5.80829801,0.137041719,0.0,0.0,48.2033901,0.0460574316,0.0,-1296.14674,1.24265114,925.819001,0.0,0.0
953.5,0.0,-1298.37286,-0.01276683445,-0.01276683445,0.00173584567,0.00173584567,0.00267230098,0.00267230098,927.409068,49.43234,49.43234,4.80077268,4.80077268,5.8166389,5.8166389,0.136983171,0.0,0.0,48.2861788,0.0459302037,0.0,-1298.37286,1.24478554,927.409068,0.0,0.0
954.0,0.0,-1300.59283,-0.01273150765,-0.01273150765,0.00173400217,0.00173400217,0.00266841262,0.00266841262,928.994764,49.43234,49.43234,4.80898091,4.80898091,5.824952,5.824952,0.136924532,0.0,0.0,48.3687382,0.0458031106,0.0,-1300.59283,1.24691406,928.994764,0.0,0.0
954.5,0.0,-1302.80662,-0.01269621865,-0.01269621865,0.00173213922,0.00173213922,0.00266450028,0.00266450028,930.576066,49.43234,49.43234,4.81716662,4.81716662,5.83323749,5.83323749,0.136865784,0.0,0.0,48.4510703,0.0456761535,0.0,-1302.80662,1.24903666,930.576066,0.0,0.0
955.0,0.0,-1305.01433,-0.01266096715,-0.01266096715,0.00173025698,0.00173025698,0.00266056414,0.00266056414,932.152973,49.43234,49.43234,4.82532956,4.82532956,5.84149551,5.84149551,0.136806947,0.0,0.0,48.5331723,0.0455493333,0.0,-1305.01433,1.25115337,932.152973,0.0,0.0
955.5,0.0,-1307.21585,-0.0126257548,-0.0126257548,0.00172835557,0.00172835557,0.00265660465,0.00265660465,933.725491,49.43234,49.43234,4.83346968,4.83346968,5.84972585,5.84972585,0.136748007,0.0,0.0,48.6150476,0.0454226525,0.0,-1307.21585,1.2532642,933.725491,0.0,0.0
956.0,0.0,-1309.41125,-0.01259058105,-0.01259058105,0.00172643524,0.00172643524,0.00265262187,0.00265262187,935.293658,49.43234,49.43234,4.84158745,4.84158745,5.85792881,5.85792881,0.136688973,0.0,0.0,48.6966936,0.0452961107,0.0,-1309.41125,1.25536918,935.293658,0.0,0.0
956.5,0.0,-1311.60054,-0.01255544665,-0.01255544665,0.00172449604,0.00172449604,0.00264861616,0.00264861616,936.857421,49.43234,49.43234,4.84968239,4.84968239,5.86610426,5.86610426,0.136629837,0.0,0.0,48.7781134,0.0451697105,0.0,-1311.60054,1.25746828,936.857421,0.0,0.0
957.0,0.0,-1313.78372,-0.01252035205,-0.01252035205,0.00172253818,0.00172253818,0.00264458782,0.00264458782,938.41685,49.43234,49.43234,4.85775473,4.85775473,5.87425247,5.87425247,0.13657061,0.0,0.0,48.8593051,0.0450434535,0.0,-1313.78372,1.25956149,938.41685,0.0,0.0
957.5,0.0,-1315.96078,-0.0124852973,-0.0124852973,0.00172056184,0.00172056184,0.00264053695,0.00264053695,939.971883,49.43234,49.43234,4.86580449,4.86580449,5.88237339,5.88237339,0.136511285,0.0,0.0,48.9402701,0.04491734,0.0,-1315.96078,1.26164889,939.971883,0.0,0.0
958.0,0.0,-1318.13175,-0.01245028305,-0.01245028305,0.00171856711,0.00171856711,0.00263646389,0.00263646389,941.522561,49.43234,49.43234,4.87383171,4.87383171,5.89046723,5.89046723,0.136451861,0.0,0.0,49.0210072,0.0447913719,0.0,-1318.13175,1.26373043,941.522561,0.0,0.0
958.5,0.0,-1320.29659,-0.01241530935,-0.01241530935,0.00171655417,0.00171655417,0.00263236889,0.00263236889,943.068916,49.43234,49.43234,4.8818364,4.8818364,5.89853397,5.89853397,0.136392342,0.0,0.0,49.101519,0.0446655516,0.0,-1320.29659,1.26580613,943.068916,0.0,0.0
959.0,0.0,-1322.45542,-0.0123803773,-0.0123803773,0.00171452319,0.00171452319,0.00262825221,0.00262825221,944.610888,49.43234,49.43234,4.88981853,4.88981853,5.90657342,5.90657342,0.136332725,0.0,0.0,49.181803,0.0445398782,0.0,-1322.45542,1.26787596,944.610888,0.0,0.0
959.5,0.0,-1324.60813,-0.01234548645,-0.01234548645,0.00171247436,0.00171247436,0.00262411406,0.00262411406,946.148537,49.43234,49.43234,4.89777828,4.89777828,5.91458611,5.91458611,0.136273016,0.0,0.0,49.2618621,0.0444143552,0.0,-1324.60813,1.26993998,946.148537,0.0,0.0
960.0,0.0,-1326.75473,-0.0123106378,-0.0123106378,0.00171040772,0.00171040772,0.00261995468,0.00261995468,947.681863,49.43234,49.43234,4.90571538,4.90571538,5.92257175,5.92257175,0.136213209,0.0,0.0,49.3416943,0.044288982,0.0,-1326.75473,1.2719982,947.681863,0.0,0.0
960.5,0.0,-1328.89531,-0.01227583115,-0.01227583115,0.00170832358,0.00170832358,0.00261577434,0.00261577434,949.210832,49.43234,49.43234,4.91363029,4.91363029,5.93053049,5.93053049,0.13615331,0.0,0.0,49.4213018,0.0441637617,0.0,-1328.89531,1.27405057,949.210832,0.0,0.0
961.0,0.0,-1331.02983,-0.0122410672,-0.0122410672,0.00170622193,0.00170622193,0.00261157319,0.00261157319,950.735483,49.43234,49.43234,4.9215228,4.9215228,5.93846264,5.93846264,0.136093311,0.0,0.0,49.5006843,0.044038695,0.0,-1331.02983,1.27609716,950.735483,0.0,0.0
961.5,0.0,-1333.15829,-0.01220634615,-0.01220634615,0.00170410305,0.00170410305,0.00260735164,0.00260735164,952.255825,49.43234,49.43234,4.92939287,4.92939287,5.94636799,5.94636799,0.136033223,0.0,0.0,49.579841,0.0439137809,0.0,-1333.15829,1.27813794,952.255825,0.0,0.0
962.0,0.0,-1335.28073,-0.0121716685,-0.0121716685,0.00170196704,0.00170196704,0.00260310977,0.00260310977,953.771822,49.43234,49.43234,4.9372406,4.9372406,5.95424671,5.95424671,0.13597304,0.0,0.0,49.6587742,0.0437890249,0.0,-1335.28073,1.28017291,953.771822,0.0,0.0
962.5,0.0,-1337.39709,-0.0121370345,-0.0121370345,0.00169981408,0.00169981408,0.00259884794,0.00259884794,955.283548,49.43234,49.43234,4.94506587,4.94506587,5.96209883,5.96209883,0.135912762,0.0,0.0,49.7374818,0.043664425,0.0,-1337.39709,1.28220213,955.283548,0.0,0.0
963.0,0.0,-1339.50744,-0.0121024444,-0.0121024444,0.00169764428,0.00169764428,0.00259456632,0.00259456632,956.790963,49.43234,49.43234,4.95286904,4.95286904,5.96992431,5.96992431,0.135852387,0.0,0.0,49.8159656,0.0435399835,0.0,-1339.50744,1.28422557,956.790963,0.0,0.0
963.5,0.0,-1341.61181,-0.01206789905,-0.01206789905,0.00169545782,0.00169545782,0.00259026516,0.00259026516,958.294038,49.43234,49.43234,4.96064993,4.96064993,5.97772349,5.97772349,0.135791922,0.0,0.0,49.8942255,0.043415701,0.0,-1341.61181,1.28624325,958.294038,0.0,0.0
964.0,0.0,-1343.71015,-0.01203339785,-0.01203339785,0.00169325486,0.00169325486,0.00258594468,0.00258594468,959.792843,49.43234,49.43234,4.96840858,4.96840858,5.98549621,5.98549621,0.135731362,0.0,0.0,49.9722612,0.0432915803,0.0,-1343.71015,1.28825516,959.792843,0.0,0.0
964.5,0.0,-1345.80245,-0.0119989419,-0.0119989419,0.00169103554,0.00169103554,0.00258160514,0.00258160514,961.287378,49.43234,49.43234,4.97614496,4.97614496,5.99324268,5.99324268,0.135670711,0.0,0.0,50.0500751,0.043167622,0.0,-1345.80245,1.29026129,961.287378,0.0,0.0
965.0,0.0,-1347.88877,-0.01196453145,-0.01196453145,0.00168880002,0.00168880002,0.00257724679,0.00257724679,962.777611,49.43234,49.43234,4.98385924,4.98385924,6.00096283,6.00096283,0.135609965,0.0,0.0,50.1276657,0.0430438259,0.0,-1347.88877,1.29226167,962.777611,0.0,0.0
965.5,0.0,-1349.96911,-0.01193016665,-0.01193016665,0.00168654837,0.00168654837,0.00257286987,0.00257286987,964.263578,49.43234,49.43234,4.99155132,4.99155132,6.00865683,6.00865683,0.135549126,0.0,0.0,50.2050331,0.0429201937,0.0,-1349.96911,1.29425631,964.263578,0.0,0.0
966.0,0.0,-1352.04349,-0.0118958477,-0.0118958477,0.00168428089,0.00168428089,0.00256847457,0.00256847457,965.74526,49.43234,49.43234,4.99922143,4.99922143,6.01632468,6.01632468,0.135488194,0.0,0.0,50.2821773,0.042796728,0.0,-1352.04349,1.29624525,965.74526,0.0,0.0
966.5,0.0,-1354.11191,-0.0118615753,-0.0118615753,0.00168199765,0.00168199765,0.00256406111,0.00256406111,967.22268,49.43234,49.43234,5.00686936,5.00686936,6.02397118,6.02397118,0.135427171,0.0,0.0,50.3591005,0.042673428,0.0,-1354.11191,1.29822845,967.22268,0.0,0.0
967.0,0.0,-1356.1743,-0.01182734915,-0.01182734915,0.00167969873,0.00167969873,0.00255962977,0.00255962977,968.695841,49.43234,49.43234,5.0144954,5.0144954,6.03189013,6.03189013,0.135366055,0.0,0.0,50.4358012,0.0425502963,0.0,-1356.1743,1.30020593,968.695841,0.0,0.0
967.5,0.0,-1358.2308,-0.01179317035,-0.01179317035,0.00167738439,0.00167738439,0.00255518076,0.00255518076,970.164755,49.43234,49.43234,5.02209916,5.02209916,6.03995478,6.03995478,0.135304842,0.0,0.0,50.5122811,0.0424273337,0.0,-1358.2308,1.30217769,970.164755,0.0,0.0
968.0,0.0,-1360.28131,-0.0117590388,-0.0117590388,0.00167505479,0.00167505479,0.00255071433,0.00255071433,971.629413,49.43234,49.43234,5.02968115,5.02968115,6.04799318,6.04799318,0.135243532,0.0,0.0,50.588541,0.042304541,0.0,-1360.28131,1.30414376,971.629413,0.0,0.0
968.5,0.0,-1362.3259,-0.0117249548,-0.0117249548,0.00167271,0.00167271,0.0025462307,0.0025462307,973.089833,49.43234,49.43234,5.03724092,5.03724092,6.05600556,6.05600556,0.135182126,0.0,0.0,50.6645779,0.0421819195,0.0,-1362.3259,1.30610411,973.089833,0.0,0.0
969.0,0.0,-1364.36455,-0.01169091845,-0.01169091845,0.00167035018,0.00167035018,0.00254172999,0.00254172999,974.546006,49.43234,49.43234,5.04477891,5.04477891,6.06399182,6.06399182,0.135120621,0.0,0.0,50.7403953,0.0420594708,0.0,-1364.36455,1.30805882,974.546006,0.0,0.0
969.5,0.0,-1366.39727,-0.0116569306,-0.0116569306,0.00166797548,0.00166797548,0.00253721259,0.00253721259,975.997971,49.43234,49.43234,5.05229504,5.05229504,6.07195199,6.07195199,0.135059025,0.0,0.0,50.8159918,0.0419371954,0.0,-1366.39727,1.31000782,975.997971,0.0,0.0
970.0,0.0,-1368.42411,-0.0116229913,-0.0116229913,0.00166558611,0.00166558611,0.00253267861,0.00253267861,977.44569,49.43234,49.43234,5.05978923,5.05978923,6.07988603,6.07988603,0.134997329,0.0,0.0,50.8913687,0.0418150942,0.0,-1368.42411,1.31195116,977.44569,0.0,0.0
970.5,0.0,-1370.44503,-0.0115891007,-0.0115891007,0.00166318212,0.00166318212,0.00252812836,0.00252812836,978.889194,49.43234,49.43234,5.0672616,5.0672616,6.08779444,6.08779444,0.134935536,0.0,0.0,50.9665265,0.0416931694,0.0,-1370.44503,1.31388884,978.889194,0.0,0.0
971.0,0.0,-1372.46002,-0.0115552591,-0.0115552591,0.00166076374,0.00166076374,0.00252356198,0.00252356198,980.328499,49.43234,49.43234,5.0747123,5.0747123,6.09567681,6.09567681,0.134873654,0.0,0.0,51.0414645,0.0415714198,0.0,-1372.46002,1.31582086,980.328499,0.0,0.0
971.5,0.0,-1374.46918,-0.01152146705,-0.01152146705,0.00165833108,0.00165833108,0.00251897975,0.00251897975,981.763598,49.43234,49.43234,5.08214114,5.08214114,6.10353363,6.10353363,0.134811673,0.0,0.0,51.1161836,0.0414498489,0.0,-1374.46918,1.31774728,981.763598,0.0,0.0
972.0,0.0,-1376.4724,-0.0114877245,-0.0114877245,0.00165588429,0.00165588429,0.00251438184,0.00251438184,983.194488,49.43234,49.43234,5.08954806,5.08954806,6.11136465,6.11136465,0.134749595,0.0,0.0,51.1906838,0.0413284563,0.0,-1376.4724,1.31966799,983.194488,0.0,0.0
972.5,0.0,-1378.4698,-0.0114540319,-0.0114540319,0.0016534235,0.0016534235,0.00250976857,0.00250976857,984.621179,49.43234,49.43234,5.09693343,5.09693343,6.11916971,6.11916971,0.134687427,0.0,0.0,51.2649655,0.0412072435,0.0,-1378.4698,1.3215831,984.621179,0.0,0.0
973.0,0.0,-1380.46127,-0.0114203896,-0.0114203896,0.00165094888,0.00165094888,0.00250513995,0.00250513995,986.043697,49.43234,49.43234,5.10429705,5.10429705,6.12694943,6.12694943,0.13462516,0.0,0.0,51.3390287,0.041086212,0.0,-1380.46127,1.32349259,986.043697,0.0,0.0
973.5,0.0,-1382.44696,-0.011386798,-0.011386798,0.00164846055,0.00164846055,0.00250049646,0.00250049646,987.462016,49.43234,49.43234,5.11163927,5.11163927,6.13470361,6.13470361,0.134562801,0.0,0.0,51.412876,0.0409653616,0.0,-1382.44696,1.32539647,987.462016,0.0,0.0
974.0,0.0,-1384.42676,-0.01135325695,-0.01135325695,0.00164595866,0.00164595866,0.00249583811,0.00249583811,988.876179,49.43234,49.43234,5.11895961,5.11895961,6.14243222,6.14243222,0.134500342,0.0,0.0,51.4865056,0.0408446944,0.0,-1384.42676,1.32729476,988.876179,0.0,0.0
974.5,0.0,-1386.40078,-0.01131976725,-0.01131976725,0.00164344341,0.00164344341,0.00249116527,0.00249116527,990.286176,49.43234,49.43234,5.12625852,5.12625852,6.15013543,6.15013543,0.134437796,0.0,0.0,51.559916,0.0407242105,0.0,-1386.40078,1.32918745,990.286176,0.0,0.0
975.0,0.0,-1388.3689,-0.01128632875,-0.01128632875,0.00164091485,0.00164091485,0.002486478,0.002486478,991.691976,49.43234,49.43234,5.13353588,5.13353588,6.1578133,6.1578133,0.134375155,0.0,0.0,51.6331121,0.0406039115,0.0,-1388.3689,1.33107456,991.691976,0.0,0.0
975.5,0.0,-1390.33126,-0.01125294185,-0.01125294185,0.00163837316,0.00163837316,0.00248177659,0.00248177659,993.093651,49.43234,49.43234,5.14079161,5.14079161,6.16546584,6.16546584,0.134312421,0.0,0.0,51.7060904,0.0404837987,0.0,-1390.33126,1.33295607,993.093651,0.0,0.0
976.0,0.0,-1392.28776,-0.0112196068,-0.0112196068,0.00163581848,0.00163581848,0.00247706127,0.00247706127,994.491183,49.43234,49.43234,5.1480259,5.1480259,6.17309323,6.17309323,0.134249595,0.0,0.0,51.7788537,0.0403638724,0.0,-1392.28776,1.33483202,994.491183,0.0,0.0
976.5,0.0,-1394.23852,-0.0111863239,-0.0111863239,0.00163325101,0.00163325101,0.00247233225,0.00247233225,995.884544,49.43234,49.43234,5.15523875,5.15523875,6.1806952,6.1806952,0.134186672,0.0,0.0,51.8514,0.0402441331,0.0,-1394.23852,1.3367024,995.884544,0.0,0.0
977.0,0.0,-1396.18346,-0.01115309335,-0.01115309335,0.00163067081,0.00163067081,0.00246758968,0.00246758968,997.273789,49.43234,49.43234,5.16243028,5.16243028,6.18827226,6.18827226,0.134123655,0.0,0.0,51.9237321,0.0401245836,0.0,-1396.18346,1.33856724,997.273789,0.0,0.0
977.5,0.0,-1398.12258,-0.01111991575,-0.01111991575,0.00162807807,0.00162807807,0.00246283387,0.00246283387,998.658889,49.43234,49.43234,5.16960039,5.16960039,6.19582416,6.19582416,0.134060553,0.0,0.0,51.9958494,0.0400052221,0.0,-1398.12258,1.34042654,998.658889,0.0,0.0
978.0,0.0,-1400.05597,-0.01108679105,-0.01108679105,0.0016254729,0.0016254729,0.00245806486,0.00245806486,1000.039886,49.43234,49.43234,5.1767491,5.1767491,6.20335093,6.20335093,0.133997354,0.0,0.0,52.0677507,0.0398860516,0.0,-1400.05597,1.34228032,1000.039886,0.0,0.0
978.5,0.0,-1401.98359,-0.0110537192,-0.0110537192,0.00162285545,0.00162285545,0.00245328304,0.00245328304,1001.41676,49.43234,49.43234,5.18387649,5.18387649,6.21085284,6.21085284,0.133934065,0.0,0.0,52.1394383,0.0397670732,0.0,-1401.98359,1.34412855,1001.41676,0.0,0.0
979.0,0.0,-1403.90546,-0.01102070105,-0.01102070105,0.00162022583,0.00162022583,0.00244848855,0.00244848855,1002.789509,49.43234,49.43234,5.19098263,5.19098263,6.21832985,6.21832985,0.133870687,0.0,0.0,52.2109119,0.0396482847,0.0,-1403.90546,1.34597124,1002.789509,0.0,0.0
979.5,0.0,-1405.60648,-0.00704319403,-0.00704319403,0.001036619408,0.001036619408,0.001566115233,0.001566115233,1003.989197,44.680082,44.680082,4.69747698,4.69747698,5.66063324,5.66063324,0.133809262,0.0,0.0,52.2733754,0.0241696053,0.0,-1405.60648,1.33864743,1003.989197,0.0,0.0
980.0,0.0,-1405.97152,0.002681535096,0.002681535096,-0.000394772234,-0.000394772234,-0.000233571095,-0.000233571095,1004.238823,34.2238853,34.2238853,3.59913876,3.59913876,4.49863965,4.49863965,0.133758857,0.0,0.0,52.2863708,-0.00969848724,0.0,-1405.97152,1.3325048,1004.238823,0.0,0.0
980.5,0.0,-1404.68458,0.0120843071,0.0120843071,-0.00177740975,-0.00177740975,-0.00117628835,-0.00117628835,1003.319326,23.7676856,23.7676856,2.49734367,2.49734367,3.37016254,3.37016254,0.133720453,0.0,0.0,52.2384971,-0.0434647493,0.0,-1404.68458,1.33112404,1003.319326,0.0,0.0
981.0,0.0,-1401.76532,0.0214423356,0.0214423356,-0.00314727317,-0.00314727317,-0.00208180498,-0.00208180498,1001.234231,13.3114867,13.3114867,1.395937035,1.395937035,2.03169788,2.03169788,0.13369455,0.0,0.0,52.1299347,-0.0771302309,0.0,-1401.76532,1.32836819,1001.234231,0.0,0.0
981.5,0.0,-1397.219,0.0307770628,0.0307770628,-0.00450275756,-0.00450275756,-0.00297605038,-0.00297605038,997.986897,2.855357148,2.855357148,0.2987561183,0.2987561183,0.4644939309,0.4644939309,0.133682937,0.0,0.0,51.9608605,-0.1107296288,0.0,-1397.219,1.32403739,997.986897,0.0,0.0
982.0,0.0,-1391.0313,0.0403469134,0.0403469134,-0.00587668378,-0.00587668378,-0.00387994153,-0.00387994153,993.566331,-7.60323213,-7.60323213,-0.790632641,-0.790632641,-0.533477409,-0.533477409,0.13368382,0.0,0.0,51.7307003,-0.14517668,0.0,-1391.0313,1.31765037,993.566331,0.0,0.0
982.5,0.0,-1383.16299,0.0500178583,0.0500178583,-0.0072440854,-0.0072440854,-0.00477617305,-0.00477617305,987.945985,-18.0594308,-18.0594308,-1.86782094,-1.86782094,-1.32101309,-1.32101309,0.133692007,0.0,0.0,51.4380733,-0.179935508,0.0,-1383.16299,1.31002855,987.945985,0.0,0.0
983.0,0.0,-1373.61448,0.0596521872,0.0596521872,-0.0085797802,-0.0085797802,-0.00564739015,-0.00564739015,981.125701,-28.51563,-28.51563,-2.92911806,-2.92911806,-2.24230784,-2.24230784,0.133707625,0.0,0.0,51.0829714,-0.214595341,0.0,-1373.61448,1.30091668,981.125701,0.0,0.0
983.5,0.0,-1362.39079,0.0692594249,0.0692594249,-0.00988018965,-0.00988018965,-0.00649057708,-0.00649057708,973.108831,-38.97183,-38.97183,-3.97059618,-3.97059618,-3.24054304,-3.24054304,0.133731459,0.0,0.0,50.6655668,-0.2491586,0.0,-1362.39079,1.29020031,973.108831,0.0,0.0
984.0,0.0,-1349.49648,0.0788405773,0.0788405773,-0.0111405324,-0.0111405324,-0.00730199067,-0.00730199067,963.898703,-49.4280288,-49.4280288,-4.98834154,-4.98834154,-4.14451999,-4.14451999,0.133763178,0.0,0.0,50.1860351,-0.283628034,0.0,-1349.49648,1.27788095,963.898703,0.0,0.0
984.5,0.0,-1334.93605,0.0883965149,0.0883965149,-0.012356049,-0.012356049,-0.00807797605,-0.00807797605,953.498447,-59.884226,-59.884226,-5.9784544,-5.9784544,-5.02784001,-5.02784001,0.13380205,0.0,0.0,49.6445399,-0.318006769,0.0,-1334.93605,1.26396276,953.498447,0.0,0.0
985.0,0.0,-1318.71381,0.0979281942,0.0979281942,-0.0135220296,-0.0135220296,-0.0088149965,-0.0088149965,941.911213,-70.3404277,-70.3404277,-6.93704812,-6.93704812,-5.86407807,-5.86407807,0.133847735,0.0,0.0,49.0412427,-0.352298248,0.0,-1318.71381,1.24844956,941.911213,0.0,0.0
985.5,0.0,-1300.98796,0.104260264,0.104260264,-0.014204289,-0.014204289,-0.00923098215,-0.00923098215,929.263128,-77.0509655,-77.0509655,-7.49793311,-7.49793311,-6.33690758,-6.33690758,0.133898988,0.0,0.0,48.3827099,-0.373898526,0.0,-1300.98796,1.23918129,929.263128,0.0,0.0
986.0,0.0,-1282.87918,0.1037730865,0.1037730865,-0.0139412239,-0.0139412239,-0.0090252062,-0.0090252062,916.342536,-77.16017,-77.16017,-7.40422556,-7.40422556,-6.24453294,-6.24453294,0.133951193,0.0,0.0,47.7099917,-0.373237875,0.0,-1282.87918,1.23015213,916.342536,0.0,0.0
986.5,0.0,-1264.83817,0.1034647636,0.1034647636,-0.0137043184,-0.0137043184,-0.00882978325,-0.00882978325,903.456633,-77.16017,-77.16017,-7.30010491,-7.30010491,-6.14356612,-6.14356612,0.134002631,0.0,0.0,47.0390784,-0.372225433,0.0,-1264.83817,1.2131551,903.456633,0.0,0.0
987.0,0.0,-1246.84648,0.1031875674,0.1031875674,-0.0134731875,-0.0134731875,-0.0086395813,-0.0086395813,890.605429,-77.16017,-77.16017,-7.19626482,-7.19626482,-6.04324481,-6.04324481,0.134053291,0.0,0.0,46.369971,-0.371230052,0.0,-1246.84648,1.1959031,890.605429,0.0,0.0
987.5,0.0,-1228.90262,0.1029155612,0.1029155612,-0.01324428465,-0.01324428465,-0.00845232575,-0.00845232575,877.788355,-77.16017,-77.16017,-7.09270021,-7.09270021,-5.94356184,-5.94356184,0.134103179,0.0,0.0,45.7026419,-0.370251509,0.0,-1228.90262,1.17869131,877.788355,0.0,0.0
988.0,0.0,-1211.00562,0.1026482086,0.1026482086,-0.0130174982,-0.0130174982,-0.0082679177,-0.0082679177,865.004805,-77.16017,-77.16017,-6.98940669,-6.98940669,-5.84450917,-5.84450917,0.134152297,0.0,0.0,45.0370579,-0.369289655,0.0,-1211.00562,1.16152445,865.004805,0.0,0.0
988.5,0.0,-1193.15489,0.1023854479,0.1023854479,-0.01279278305,-0.01279278305,-0.00808630155,-0.00808630155,852.254225,-77.16017,-77.16017,-6.88637949,-6.88637949,-5.74608,-5.74608,0.134200657,0.0,0.0,44.3731905,-0.368344338,0.0,-1193.15489,1.14440193,852.254225,0.0,0.0
989.0,0.0,-1175.34942,0.1021272446,0.1021272446,-0.0125700961,-0.0125700961,-0.00790742455,-0.00790742455,839.536029,-77.16017,-77.16017,-6.78361432,-6.78361432,-5.64826705,-5.64826705,0.134248248,0.0,0.0,43.7110107,-0.367415417,0.0,-1175.34942,1.127323,839.536029,0.0,0.0
989.5,0.0,-1157.58857,0.1018735539,0.1018735539,-0.0123493943,-0.0123493943,-0.0077312352,-0.0077312352,826.849698,-77.16017,-77.16017,-6.68110619,-6.68110619,-5.55106297,-5.55106297,0.134295085,0.0,0.0,43.0504878,-0.366502724,0.0,-1157.58857,1.11028685,826.849698,0.0,0.0
990.0,0.0,-1139.87151,0.1016243359,0.1016243359,-0.0121306365,-0.0121306365,-0.00755768214,-0.00755768214,814.194638,-77.16017,-77.16017,-6.5788507,-6.5788507,-5.45446091,-5.45446091,0.134341166,0.0,0.0,42.3915925,-0.365606126,0.0,-1139.87151,1.09329274,814.194638,0.0,0.0
990.5,0.0,-1122.19742,0.1013795556,0.1013795556,-0.01191378115,-0.01191378115,-0.0073867161,-0.0073867161,801.570275,-77.16017,-77.16017,-6.47684351,-6.47684351,-5.35845387,-5.35845387,0.134386492,0.0,0.0,41.7342971,-0.364725486,0.0,-1122.19742,1.07633993,801.570275,0.0,0.0
991.0,0.0,-1104.56558,0.1011391702,0.1011391702,-0.0116987876,-0.0116987876,-0.00721828856,-0.00721828856,788.976106,-77.16017,-77.16017,-6.37508012,-6.37508012,-5.26303519,-5.26303519,0.134431072,0.0,0.0,41.0785733,-0.363860666,0.0,-1104.56558,1.05942771,788.976106,0.0,0.0
991.5,0.0,-1086.97525,0.1009031442,0.1009031442,-0.0114856164,-0.0114856164,-0.00705235198,-0.00705235198,776.411564,-77.16017,-77.16017,-6.27355608,-6.27355608,-5.16788827,-5.16788827,0.134474902,0.0,0.0,40.4243908,-0.363011522,0.0,-1086.97525,1.04255527,776.411564,0.0,0.0
992.0,0.0,-1069.42559,0.100671439,0.100671439,-0.01127422795,-0.01127422795,-0.00688886025,-0.00688886025,763.87609,-77.16017,-77.16017,-6.17226712,-6.17226712,-5.06908782,-5.06908782,0.134517975,0.0,0.0,39.771724,-0.362177937,0.0,-1069.42559,1.02572197,763.87609,0.0,0.0
992.5,0.0,-1051.91596,0.1004440219,0.1004440219,-0.01106458385,-0.01106458385,-0.00672776801,-0.00672776801,751.36918,-77.16017,-77.16017,-6.07120883,-6.07120883,-4.96968348,-4.96968348,0.134560262,0.0,0.0,39.1205432,-0.36135976,0.0,-1051.91596,1.00892702,751.36918,0.0,0.0
993.0,0.0,-1034.44551,0.1002208541,0.1002208541,-0.0108566459,-0.0108566459,-0.00656903101,-0.00656903101,738.890284,-77.16017,-77.16017,-5.97037693,-5.97037693,-4.8710462,-4.8710462,0.134601768,0.0,0.0,38.4708209,-0.360556883,0.0,-1034.44551,0.992169764,738.890284,0.0,0.0
993.5,0.0,-1017.01357,0.100001903,0.100001903,-0.0106503765,-0.0106503765,-0.0064126058,-0.0064126058,726.438896,-77.16017,-77.16017,-5.86976725,-5.86976725,-4.77316824,-4.77316824,0.134642495,0.0,0.0,37.8225306,-0.359769178,0.0,-1017.01357,0.97544947,726.438896,0.0,0.0
994.0,0.0,-999.61939,0.0997871378,0.0997871378,-0.0104457392,-0.0104457392,-0.00625845041,-0.00625845041,714.014458,-77.16017,-77.16017,-5.76937539,-5.76937539,-4.676042,-4.676042,0.134682451,0.0,0.0,37.1756445,-0.358996526,0.0,-999.61939,0.958765424,714.014458,0.0,0.0
994.5,0.0,-982.262249,0.0995765195,0.0995765195,-0.0102426972,-0.0102426972,-0.00610652299,-0.00610652299,701.616497,-77.16017,-77.16017,-5.6691974,-5.6691974,-4.57965987,-4.57965987,0.134721633,0.0,0.0,36.5301361,-0.358238791,0.0,-982.262249,0.942116945,701.616497,0.0,0.0
995.0,0.0,-964.941406,0.0993700203,0.0993700203,-0.010041215,-0.010041215,-0.00595298924,-0.00595298924,689.244458,-77.16017,-77.16017,-5.569229,-5.569229,-4.48401454,-4.48401454,0.134760051,0.0,0.0,35.885977,-0.357495892,0.0,-964.941406,0.925503328,689.244458,0.0,0.0
995.5,0.0,-947.656176,0.0991676079,0.0991676079,-0.00984125725,-0.00984125725,-0.00578933649,-0.00578933649,676.897849,-77.16017,-77.16017,-5.469466,-5.469466,-4.38909868,-4.38909868,0.134797708,0.0,0.0,35.2431436,-0.356767686,0.0,-947.656176,0.908923929,676.897849,0.0,0.0
996.0,0.0,-930.405849,0.0989692531,0.0989692531,-0.00964278895,-0.00964278895,-0.00562752239,-0.00562752239,664.576171,-77.16017,-77.16017,-5.36990451,-5.36990451,-4.29490522,-4.29490522,0.134834609,0.0,0.0,34.6016068,-0.356054074,0.0,-930.405849,0.892378007,664.576171,0.0,0.0
996.5,0.0,-913.189686,0.0987749245,0.0987749245,-0.009445776,-0.009445776,-0.00546849318,-0.00546849318,652.278915,-77.16017,-77.16017,-5.27054013,-5.27054013,-4.20142697,-4.20142697,0.134870754,0.0,0.0,33.9613411,-0.355354941,0.0,-913.189686,0.875864928,652.278915,0.0,0.0
997.0,0.0,-896.007037,0.0985845911,0.0985845911,-0.0092501845,-0.0092501845,-0.00531220196,-0.00531220196,640.005568,-77.16017,-77.16017,-5.17136922,-5.17136922,-4.10865726,-4.10865726,0.13490615,0.0,0.0,33.3223212,-0.354670191,0.0,-896.007037,0.859383995,640.005568,0.0,0.0
997.5,0.0,-878.857169,0.098398227,0.098398227,-0.009055981,-0.009055981,-0.0051586028,-0.0051586028,627.755651,-77.16017,-77.16017,-5.07238758,-5.07238758,-4.01658908,-4.01658908,0.134940801,0.0,0.0,32.6845209,-0.353999705,0.0,-878.857169,0.842934546,627.755651,0.0,0.0
998.0,0.0,-861.739418,0.098215803,0.098215803,-0.00886313275,-0.00886313275,-0.00500765086,-0.00500765086,615.528681,-77.16017,-77.16017,-4.9735911,-4.9735911,-3.92521584,-3.92521584,0.13497471,0.0,0.0,32.047916,-0.353343415,0.0,-861.739418,0.82651594,615.528681,0.0,0.0
998.5,0.0,-844.653086,0.0980372924,0.0980372924,-0.00867160725,-0.00867160725,-0.0048593026,-0.0048593026,603.324136,-77.16017,-77.16017,-4.8749761,-4.8749761,-3.83453091,-3.83453091,0.135007885,0.0,0.0,31.4124786,-0.352701199,0.0,-844.653086,0.810127516,603.324136,0.0,0.0
999.0,0.0,-827.597497,0.0978626684,0.0978626684,-0.0084813726,-0.0084813726,-0.00471351514,-0.00471351514,591.141564,-77.16017,-77.16017,-4.77653853,-4.77653853,-3.74452801,-3.74452801,0.13504032,0.0,0.0,30.7781835,-0.352072955,0.0,-827.597497,0.793768583,591.141564,0.0,0.0
999.5,0.0,-810.571986,0.097691904,0.097691904,-0.008292397,-0.008292397,-0.004570247,-0.004570247,578.980475,-77.16017,-77.16017,-4.67827454,-4.67827454,-3.65338889,-3.65338889,0.135072024,0.0,0.0,30.1450084,-0.351458616,0.0,-810.571986,0.777438545,578.980475,0.0,0.0
1000.0,0.0,-793.575866,0.0975249775,0.0975249775,-0.00810464915,-0.00810464915,-0.00442945771,-0.00442945771,566.840386,-77.16017,-77.16017,-4.58018016,-4.58018016,-3.5565318,-3.5565318,0.135102962,0.0,0.0,29.512926,-0.350858054,0.0,-793.575866,0.761136749,566.840386,0.0,0.0
1000.5,0.0,-776.608477,0.0973618581,0.0973618581,-0.00791809855,-0.00791809855,-0.00429110776,-0.00429110776,554.72081,-77.16017,-77.16017,-4.48225182,-4.48225182,-3.46013709,-3.46013709,0.135133106,0.0,0.0,28.8819124,-0.35027122,0.0,-776.608477,0.744862522,554.72081,0.0,0.0
1001.0,0.0,-759.669156,0.0972025255,0.0972025255,-0.00773271418,-0.00773271418,-0.00415515836,-0.00415515836,542.621279,-77.16017,-77.16017,-4.38448536,-4.38448536,-3.364789,-3.364789,0.135162465,0.0,0.0,28.2519428,-0.349697996,0.0,-759.669156,0.728615266,542.621279,0.0,0.0
1001.5,0.0,-742.757266,0.0970469566,0.0970469566,-0.00754846665,-0.00754846665,-0.00402157193,-0.00402157193,530.54134,-77.16017,-77.16017,-4.28687713,-4.28687713,-3.2704796,-3.2704796,0.135191045,0.0,0.0,27.6229929,-0.349138311,0.0,-742.757266,0.712394333,530.54134,0.0,0.0
1002.0,0.0,-725.872129,0.0968951274,0.0968951274,-0.00736532617,-0.00736532617,-0.00389031174,-0.00389031174,518.480524,-77.16017,-77.16017,-4.18942324,-4.18942324,-3.17720088,-3.17720088,0.135218852,0.0,0.0,26.9950387,-0.34859209,0.0,-725.872129,0.696199091,518.480524,0.0,0.0
1002.5,0.0,-709.01312,0.0967470182,0.0967470182,-0.00718326294,-0.00718326294,-0.00376134199,-0.00376134199,506.438359,-77.16017,-77.16017,-4.09212027,-4.09212027,-3.08494513,-3.08494513,0.135245892,0.0,0.0,26.3680544,-0.348059242,0.0,-709.01312,0.680028913,506.438359,0.0,0.0
1003.0,0.0,-692.179572,0.0966026023,0.0966026023,-0.00700224828,-0.00700224828,-0.00363462792,-0.00363462792,494.414386,-77.16017,-77.16017,-3.99496422,-3.99496422,-2.99370478,-2.99370478,0.135272175,0.0,0.0,25.7420184,-0.347539686,0.0,-692.179572,0.663883202,494.414386,0.0,0.0
1003.5,0.0,-675.370829,0.0964618646,0.0964618646,-0.0068222537,-0.0068222537,-0.00351013528,-0.00351013528,482.408145,-77.16017,-77.16017,-3.89795147,-3.89795147,-2.90347249,-2.90347249,0.135297704,0.0,0.0,25.1169055,-0.347033354,0.0,-675.370829,0.647761341,482.408145,0.0,0.0
1004.0,0.0,-658.586312,0.09632478,0.09632478,-0.00664325044,-0.00664325044,-0.00338783101,-0.00338783101,470.419178,-77.16017,-77.16017,-3.80107832,-3.80107832,-2.81424092,-2.81424092,0.135322486,0.0,0.0,24.492692,-0.34654017,0.0,-658.586312,0.631662675,470.419178,0.0,0.0
1004.5,0.0,-641.825332,0.0961913305,0.0961913305,-0.00646521074,-0.00646521074,-0.00326205228,-0.00326205228,458.447041,-77.16017,-77.16017,-3.70434105,-3.70434105,-2.7260031,-2.7260031,0.135346529,0.0,0.0,23.8693542,-0.346060068,0.0,-641.825332,0.615586648,458.447041,0.0,0.0
1005.0,0.0,-625.087257,0.096061498,0.096061498,-0.00628810658,-0.00628810658,-0.00312266351,-0.00312266351,446.491267,-77.16017,-77.16017,-3.60773615,-3.60773615,-2.63875199,-2.63875199,0.13536984,0.0,0.0,23.2468693,-0.345592966,0.0,-625.087257,0.599532625,446.491267,0.0,0.0
1005.5,0.0,-608.371504,0.0959352581,0.0959352581,-0.00611191079,-0.00611191079,-0.00298559945,-0.00298559945,434.551423,-77.16017,-77.16017,-3.51125986,-3.51125986,-2.55248085,-2.55248085,0.135392422,0.0,0.0,22.6252129,-0.345138808,0.0,-608.371504,0.583500007,434.551423,0.0,0.0
1006.0,0.0,-591.677391,0.0958126021,0.0958126021,-0.00593659604,-0.00593659604,-0.00285187901,-0.00285187901,422.627052,-77.16017,-77.16017,-3.41490869,-3.41490869,-2.46718307,-2.46718307,0.135414287,0.0,0.0,22.0043629,-0.344697521,0.0,-591.677391,0.567488174,422.627052,0.0,0.0
1006.5,0.0,-575.00434,0.0956935007,0.0956935007,-0.00576213557,-0.00576213557,-0.00272146081,-0.00272146081,410.717735,-77.16017,-77.16017,-3.318679,-3.318679,-2.38285222,-2.38285222,0.135435434,0.0,0.0,21.3842953,-0.344269051,0.0,-575.00434,0.551496593,410.717735,0.0,0.0
1007.0,0.0,-558.351722,0.0955779484,0.0955779484,-0.00558850252,-0.00558850252,-0.00259430466,-0.00259430466,398.822991,-77.16017,-77.16017,-3.22256715,-3.22256715,-2.2994818,-2.2994818,0.135455875,0.0,0.0,20.7649874,-0.343853326,0.0,-558.351722,0.5355246,398.822991,0.0,0.0
1007.5,0.0,-541.718914,0.0954659196,0.0954659196,-0.00541567075,-0.00541567075,-0.00247037174,-0.00247037174,386.942406,-77.16017,-77.16017,-3.12656972,-3.12656972,-2.21500883,-2.21500883,0.135475615,0.0,0.0,20.1464171,-0.34345029,0.0,-541.718914,0.519571639,386.942406,0.0,0.0
1008.0,0.0,-525.10531,0.0953574056,0.0953574056,-0.00524361411,-0.00524361411,-0.0023496245,-0.0023496245,375.075529,-77.16017,-77.16017,-3.03068312,-3.03068312,-2.1201319,-2.1201319,0.135494593,0.0,0.0,19.5285602,-0.343059887,0.0,-525.10531,0.503637104,375.075529,0.0,0.0
1008.5,0.0,-508.510302,0.0952523835,0.0952523835,-0.00507230667,-0.00507230667,-0.00223202628,-0.00223202628,363.221939,-77.16017,-77.16017,-2.93490381,-2.93490381,-2.02528989,-2.02528989,0.13551276,0.0,0.0,18.911395,-0.342682061,0.0,-508.510302,0.487720432,363.221939,0.0,0.0
1009.0,0.0,-491.933263,0.0951508445,0.0951508445,-0.00490172258,-0.00490172258,-0.00211754211,-0.00211754211,351.381192,-77.16017,-77.16017,-2.83922826,-2.83922826,-1.93236493,-1.93236493,0.135530126,0.0,0.0,18.2948988,-0.342316759,0.0,-491.933263,0.471821015,351.381192,0.0,0.0
1009.5,0.0,-475.37361,0.0950527714,0.0950527714,-0.00473183654,-0.00473183654,-0.00200613756,-0.00200613756,339.55286,-77.16017,-77.16017,-2.743653,-2.743653,-1.84134779,-1.84134779,0.135546707,0.0,0.0,17.6790487,-0.34196392,0.0,-475.37361,0.455938293,339.55286,0.0,0.0
1010.0,0.0,-458.830735,0.0949581491,0.0949581491,-0.00456262344,-0.00456262344,-0.00189777996,-0.00189777996,327.736519,-77.16017,-77.16017,-2.64817465,-2.64817465,-1.75222954,-1.75222954,0.135562518,0.0,0.0,17.0638219,-0.341623504,0.0,-458.830735,0.440071679,327.736519,0.0,0.0
1010.5,0.0,-442.304044,0.094866967,0.094866967,-0.00439405823,-0.00439405823,-0.00179243733,-0.00179243733,315.931715,-77.16017,-77.16017,-2.55278957,-2.55278957,-1.66500154,-1.66500154,0.135577574,0.0,0.0,16.4491975,-0.34129546,0.0,-442.304044,0.424220592,315.931715,0.0,0.0
1011.0,0.0,-425.792921,0.0947792107,0.0947792107,-0.00422611585,-0.00422611585,-0.00169007902,-0.00169007902,304.138053,-77.16017,-77.16017,-2.45749447,-2.45749447,-1.57965549,-1.57965549,0.135591886,0.0,0.0,15.8351524,-0.340979736,0.0,-425.792921,0.408384463,304.138053,0.0,0.0
1011.5,0.0,-409.296781,0.0946948656,0.0946948656,-0.00405877196,-0.00405877196,-0.00159067543,-0.00159067543,292.355082,-77.16017,-77.16017,-2.36228586,-2.36228586,-1.49618325,-1.49618325,0.135605473,0.0,0.0,15.2216645,-0.340676306,0.0,-409.296781,0.392562734,292.355082,0.0,0.0
1012.0,0.0,-392.81503,0.0946139254,0.0946139254,-0.00389200191,-0.00389200191,-0.00149419802,-0.00149419802,280.582402,-77.16017,-77.16017,-2.26716025,-2.26716025,-1.41457706,-1.41457706,0.135618341,0.0,0.0,14.60871155,-0.3403851,0.0,-392.81503,0.376754801,280.582402,0.0,0.0
1012.5,0.0,-376.347082,0.0945363709,0.0945363709,-0.00372578138,-0.00372578138,-0.00140061931,-0.00140061931,268.819565,-77.16017,-77.16017,-2.17211428,-2.17211428,-1.33482944,-1.33482944,0.135630515,0.0,0.0,13.99627195,-0.340106087,0.0,-376.347082,0.36096013,268.819565,0.0,0.0
1013.0,0.0,-359.892346,0.0944621999,0.0944621999,-0.00356008639,-0.00356008639,-0.00130991296,-0.00130991296,257.066174,-77.16017,-77.16017,-2.0771446,-2.0771446,-1.2569331,-1.2569331,0.135642003,0.0,0.0,13.3843237,-0.339839237,0.0,-359.892346,0.345178146,257.066174,0.0,0.0
1013.5,0.0,-343.450229,0.0943913946,0.0943913946,-0.003394893,-0.003394893,-0.00122205353,-0.00122205353,245.321793,-77.16017,-77.16017,-1.98224772,-1.98224772,-1.180881,-1.180881,0.13565282,0.0,0.0,12.77284475,-0.339584509,0.0,-343.450229,0.329408265,245.321793,0.0,0.0
1014.0,0.0,-327.020146,0.094323948,0.094323948,-0.00323017731,-0.00323017731,-0.0011376701,-0.0011376701,233.586014,-77.16017,-77.16017,-1.88742033,-1.88742033,-1.10666648,-1.10666648,0.135662984,0.0,0.0,12.1618133,-0.339341856,0.0,-327.020146,0.313649957,233.586014,0.0,0.0
1014.5,0.0,-310.601519,0.0942598505,0.0942598505,-0.00306591566,-0.00306591566,-0.00107249054,-0.00107249054,221.858417,-77.16017,-77.16017,-1.79265903,-1.79265903,-1.03428306,-1.03428306,0.135672503,0.0,0.0,11.5512077,-0.339111262,0.0,-310.601519,0.297902634,221.858417,0.0,0.0
1015.0,0.0,-294.19377,0.0941990941,0.0941990941,-0.00290208458,-0.00290208458,-0.00101518063,-0.00101518063,210.138575,-77.16017,-77.16017,-1.69796049,-1.69796049,-0.963724565,-0.963724565,0.135681396,0.0,0.0,10.94100655,-0.338892679,0.0,-294.19377,0.28216576,210.138575,0.0,0.0
1015.5,0.0,-277.796298,0.0941416696,0.0941416696,-0.00273866063,-0.00273866063,-0.000958013173,-0.000958013173,198.426087,-77.16017,-77.16017,-1.60332132,-1.60332132,-0.894963358,-0.894963358,0.135689682,0.0,0.0,10.3311881,-0.338686079,0.0,-277.796298,0.26643875,198.426087,0.0,0.0
1016.0,0.0,-261.408535,0.0940875704,0.0940875704,-0.00257562053,-0.00257562053,-0.000900979978,-0.000900979978,186.720538,-77.16017,-77.16017,-1.50873817,-1.50873817,-0.824430769,-0.824430769,0.135697361,0.0,0.0,9.72173075,-0.33849144,0.0,-261.408535,0.250721073,186.720538,0.0,0.0
1016.5,0.0,-245.029911,0.0940367815,0.0940367815,-0.00241294108,-0.00241294108,-0.000844072954,-0.000844072954,175.021506,-77.16017,-77.16017,-1.41420775,-1.41420775,-0.753662713,-0.753662713,0.135704409,0.0,0.0,9.1126126,-0.338308734,0.0,-245.029911,0.235012157,175.021506,0.0,0.0
1017.0,0.0,-228.659836,0.093989305,0.093989305,-0.00225059944,-0.00225059944,-0.00078728407,-0.00078728407,163.32859,-77.16017,-77.16017,-1.31972673,-1.31972673,-0.685485685,-0.685485685,0.135710843,0.0,0.0,8.50381295,-0.338137926,0.0,-228.659836,0.21931146,163.32859,0.0,0.0
1017.5,0.0,-212.297744,0.0939451315,0.0939451315,-0.00208857233,-0.00208857233,-0.000730605243,-0.000730605243,151.641373,-77.16017,-77.16017,-1.22529172,-1.22529172,-0.619893396,-0.619893396,0.135716684,0.0,0.0,7.89531013,-0.337978994,0.0,-212.297744,0.203618419,151.641373,0.0,0.0
1018.0,0.0,-195.943057,0.0939042525,0.0939042525,-0.00192683717,-0.00192683717,-0.000674028508,-0.000674028508,139.95944,-77.16017,-77.16017,-1.13089946,-1.13089946,-0.556879945,-0.556879945,0.135721956,0.0,0.0,7.28708264,-0.337831928,0.0,-195.943057,0.187932493,139.95944,0.0,0.0
1018.5,0.0,-179.595204,0.0938666666,0.0938666666,-0.00176537098,-0.00176537098,-0.000617545891,-0.000617545891,128.282391,-77.16017,-77.16017,-1.03654663,-1.03654663,-0.496439776,-0.496439776,0.135726682,0.0,0.0,6.67910922,-0.337696698,0.0,-179.595204,0.172253125,128.282391,0.0,0.0
1019.0,0.0,-163.253603,0.0938323633,0.0938323633,-0.00160415115,-0.00160415115,-0.00056114945,-0.00056114945,116.6098139,-77.16017,-77.16017,-0.942229927,-0.942229927,-0.438567744,-0.438567744,0.135730878,0.0,0.0,6.07136855,-0.337573288,0.0,-163.253603,0.156579768,116.6098139,0.0,0.0
1019.5,0.0,-146.917694,0.093801339,0.093801339,-0.0014431551,-0.0014431551,-0.000504831274,-0.000504831274,104.9412956,-77.16017,-77.16017,-0.847946048,-0.847946048,-0.383259029,-0.383259029,0.135734573,0.0,0.0,5.46383933,-0.337461675,0.0,-146.917694,0.140911871,104.9412956,0.0,0.0
1020.0,0.0,-130.586902,0.0937735931,0.0937735931,-0.00128236019,-0.00128236019,-0.00044858349,-0.00044858349,93.2764351,-77.16017,-77.16017,-0.753691701,-0.753691701,-0.330509167,-0.330509167,0.135737775,0.0,0.0,4.85650039,-0.337361845,0.0,-130.586902,0.125248886,93.2764351,0.0,0.0
1020.5,0.0,-114.2606512,0.0937491165,0.0937491165,-0.00112174397,-0.00112174397,-0.000392398205,-0.000392398205,81.6148205,-77.16017,-77.16017,-0.65946361,-0.65946361,-0.280314072,-0.280314072,0.135740528,0.0,0.0,4.24933065,-0.337273794,0.0,-114.2606512,0.1095902686,81.6148205,0.0,0.0
1021.0,0.0,-97.9383821,0.0937279114,0.0937279114,-0.000961284009,-0.000961284009,-0.000336267573,-0.000336267573,69.9560501,-77.16017,-77.16017,-0.565258442,-0.565258442,-0.232669984,-0.232669984,0.135742837,0.0,0.0,3.64230878,-0.337197496,0.0,-97.9383821,0.0939354685,69.9560501,0.0,0.0
1021.5,0.0,-81.619519,0.09370997,0.09370997,-0.000800957925,-0.000800957925,-0.000280183765,-0.000280183765,58.2997085,-77.16017,-77.16017,-0.471072968,-0.471072968,-0.187573543,-0.187573543,0.13574473,0.0,0.0,3.03541364,-0.337132959,0.0,-81.619519,0.07828394,58.2997085,0.0,0.0
1022.0,0.0,-65.3035006,0.0936952929,0.0936952929,-0.000640743325,-0.000640743325,-0.000224138963,-0.000224138963,46.645398,-77.16017,-77.16017,-0.376903871,-0.376903871,-0.14502171,-0.14502171,0.135746231,0.0,0.0,2.4286241,-0.337080149,0.0,-65.3035006,0.06263514,46.645398,0.0,0.0
1022.5,0.0,-48.9897496,0.0936838761,0.0936838761,-0.000480617891,-0.000480617891,-0.000168125352,-0.000168125352,34.9927097,-77.16017,-77.16017,-0.282747893,-0.282747893,-0.1050118104,-0.1050118104,0.135747357,0.0,0.0,1.82191904,-0.337039076,0.0,-48.9897496,0.0469885199,34.9927097,0.0,0.0
1023.0,0.0,-32.6777037,0.093675721,0.093675721,-0.000320559346,-0.000320559346,-0.000112135133,-0.000112135133,23.3412395,-77.16017,-77.16017,-0.188601745,-0.188601745,-0.0675415291,-0.0675415291,0.135748136,0.0,0.0,1.21527739,-0.337009733,0.0,-32.6777037,0.031343538,23.3412395,0.0,0.0
1023.5,0.0,-16.367023,0.0936450855,0.0936450855,-0.000160523289,-0.000160523289,-5.6152786e-05,-5.6152786e-05,11.6909379,-77.16017,-77.16017,-0.0944650465,-0.0944650465,-0.0326098918,-0.0326098918,0.135748586,0.0,0.0,0.608696542,-0.336479775,0.0,-16.367023,0.0158131897,11.6909379,0.0,0.0
1024.0,0.0,-1.224417254,0.0750080925,0.0750080925,-1.364e-05,-1.364e-05,1.2329975e-05,1.2329975e-05,0.941303097,-77.16017,-77.16017,-0.00760591215,-0.00760591215,0.012735957464,0.012735957464,0.135748717,0.0,0.0,0.0490095843,-0.266428203,0.0,-1.224417254,0.0401308703,0.941303097,0.0,0.0
1024.5,0.0,9.33089072,0.0500738006,0.0500738006,4.800001e-05,4.800001e-05,0.000137217045,0.000137217045,-6.60662089,-77.16017,-77.16017,0.0533827777,0.0533827777,0.157574959,0.157574959,0.135747997,0.0,0.0,-0.343978168,-0.18319671,0.0,9.33089072,0.02509540317,-6.60662089,0.0,0.0
1025.0,0.0,17.7091868,0.0477896293,0.0477896293,8.8679385e-05,8.8679385e-05,0.000253506677,0.000253506677,-12.6443753,-77.16017,-77.16017,0.1021690075,0.1021690075,0.295748458,0.295748458,0.13574593,0.0,0.0,-0.658337926,-0.172809775,0.0,17.7091868,-0.01403418716,-12.6443753,0.0,0.0
1025.5,0.0,26.0661661,0.0480271885,0.0480271885,0.000131098079,0.000131098079,0.000374768479,0.000374768479,-18.6185827,-77.16017,-77.16017,0.150441759,0.150441759,0.427055544,0.427055544,0.135742643,0.0,0.0,-0.969389043,-0.172802132,0.0,26.0661661,-0.0249288211,-18.6185827,0.0,0.0
1026.0,0.0,34.4294613,0.0480292368,0.0480292368,0.000173166524,0.000173166524,0.000495029047,0.000495029047,-24.5924614,-77.16017,-77.16017,0.198711864,0.198711864,0.553305151,0.553305151,0.135738172,0.0,0.0,-1.28042308,-0.172790995,0.0,34.4294613,-0.0330036312,-24.5924614,0.0,0.0
1026.5,0.0,42.7922786,0.0480253776,0.0480253776,0.000215210861,0.000215210861,0.000615220676,0.000615220676,-30.5659013,-77.16017,-77.16017,0.246978419,0.246978419,0.674781782,0.674781782,0.135732562,0.0,0.0,-1.59143428,-0.172776768,0.0,42.7922786,-0.0410213068,-30.5659013,0.0,0.0
1027.0,0.0,51.1543357,0.0480205688,0.0480205688,0.000257239545,0.000257239545,0.000735367559,0.000735367559,-36.5387961,-77.16017,-77.16017,0.29524057,0.29524057,0.791749025,0.791749025,0.13572585,0.0,0.0,-1.90241709,-0.172759465,0.0,51.1543357,-0.0490372111,-36.5387961,0.0,0.0
1027.5,0.0,59.51548,0.0480149033,0.0480149033,0.000299249878,0.000299249878,0.000855462004,0.000855462004,-42.5110405,-77.16017,-77.16017,0.34349746,0.34349746,0.904451436,0.904451436,0.135718067,0.0,0.0,-2.21336594,-0.17273908,0.0,59.51548,-0.0570522216,-42.5110405,0.0,0.0
1028.0,0.0,67.8755643,0.0480083827,0.0480083827,0.000341238876,0.000341238876,0.00097549543,0.00097549543,-48.4825266,-77.16017,-77.16017,0.391748225,0.391748225,1.013116175,1.013116175,0.135709262,0.0,0.0,-2.52427542,-0.172715622,0.0,67.8755643,-0.065066216,-48.4825266,0.0,0.0
1028.5,0.0,76.234438,0.0480010069,0.0480010069,0.000383203555,0.000383203555,0.00109545937,0.00109545937,-54.4531482,-77.16017,-77.16017,0.439992009,0.439992009,1.11795463,1.11795463,0.135699451,0.0,0.0,-2.83513991,-0.172689091,0.0,76.234438,-0.0730790502,-54.4531482,0.0,0.0
1029.0,0.0,84.5919536,0.0479927766,0.0479927766,0.000425140918,0.000425140918,0.00121534522,0.00121534522,-60.4227995,-77.16017,-77.16017,0.488227957,0.488227957,1.21916358,1.21916358,0.135688676,0.0,0.0,-3.14595378,-0.17265948,0.0,84.5919536,-0.081090585,-60.4227995,0.0,0.0
1029.5,0.0,92.9479615,0.0479836936,0.0479836936,0.000467048006,0.000467048006,0.00133514444,0.00133514444,-66.3913738,-77.16017,-77.16017,0.536455195,0.536455195,1.3169266,1.3169266,0.135676963,0.0,0.0,-3.45671168,-0.172626802,0.0,92.9479615,-0.089100672,-66.3913738,0.0,0.0
1030.0,0.0,101.3023134,0.0479737564,0.0479737564,0.00050892182,0.00050892182,0.00145484863,0.00145484863,-72.358766,-77.16017,-77.16017,0.584672865,0.584672865,1.41141507,1.41141507,0.135664341,0.0,0.0,-3.7674079,-0.172591056,0.0,101.3023134,-0.0971091738,-72.358766,0.0,0.0
1030.5,0.0,109.65486,0.0479629679,0.0479629679,0.00055075939,0.00055075939,0.0015744492,0.0015744492,-78.324871,-77.16017,-77.16017,0.632880141,0.632880141,1.50278924,1.50278924,0.135650837,0.0,0.0,-4.07803721,-0.172552242,0.0,109.65486,-0.1051159504,-78.324871,0.0,0.0
1031.0,0.0,118.0054553,0.047951328,0.047951328,0.00059255778,0.00059255778,0.00169393774,0.00169393774,-84.289579,-77.16017,-77.16017,0.681076141,0.681076141,1.59119898,1.59119898,0.135636478,0.0,0.0,-4.38859359,-0.172510368,0.0,118.0054553,-0.1131208505,-84.289579,0.0,0.0
1031.5,0.0,126.3539501,0.0479388365,0.0479388365,0.000634313994,0.000634313994,0.0018133057,0.0018133057,-90.2527835,-77.16017,-77.16017,0.729260023,0.729260023,1.67678477,1.67678477,0.135621285,0.0,0.0,-4.699072,-0.172465429,0.0,126.3539501,-0.121123739,-90.2527835,0.0,0.0
1032.0,0.0,134.700194,0.0479254954,0.0479254954,0.000676025094,0.000676025094,0.00193254472,0.00193254472,-96.214385,-77.16017,-77.16017,0.777430914,0.777430914,1.75967839,1.75967839,0.135605293,0.0,0.0,-5.00946683,-0.172417433,0.0,134.700194,-0.129124473,-96.214385,0.0,0.0
1032.5,0.0,143.04404,0.0479113062,0.0479113062,0.000717688134,0.000717688134,0.00205164637,0.00205164637,-102.1742736,-77.16017,-77.16017,0.825587967,0.825587967,1.84000339,1.84000339,0.135588507,0.0,0.0,-5.31977242,-0.172366386,0.0,143.04404,-0.137122916,-102.1742736,0.0,0.0
1033.0,0.0,151.385345,0.0478962688,0.0478962688,0.000759300171,0.000759300171,0.0021706022,0.0021706022,-108.1323439,-77.16017,-77.16017,0.873730346,0.873730346,1.91787603,1.91787603,0.13557097,0.0,0.0,-5.62998351,-0.172312286,0.0,151.385345,-0.145118913,-108.1323439,0.0,0.0
1033.5,0.0,159.723955,0.0478803839,0.0478803839,0.000800858263,0.000800858263,0.00228940383,0.00228940383,-114.0884938,-77.16017,-77.16017,0.921857183,0.921857183,1.99340563,1.99340563,0.135552682,0.0,0.0,-5.94009444,-0.172255144,0.0,159.723955,-0.153112334,-114.0884938,0.0,0.0
1034.0,0.0,168.059727,0.0478636535,0.0478636535,0.000842359523,0.000842359523,0.00240804298,0.00240804298,-120.0426159,-77.16017,-77.16017,0.969967622,0.969967622,2.06669501,2.06669501,0.135533678,0.0,0.0,-6.25009963,-0.172194954,0.0,168.059727,-0.161103034,-120.0426159,0.0,0.0
1034.5,0.0,176.392512,0.0478460803,0.0478460803,0.000883801,0.000883801,0.0025265112,0.0025265112,-125.9945997,-77.16017,-77.16017,1.01806082,1.01806082,2.13784117,2.13784117,0.13551397,0.0,0.0,-6.55999386,-0.172131732,0.0,176.392512,-0.169090871,-125.9945997,0.0,0.0
1035.0,0.0,184.722164,0.0478276625,0.0478276625,0.000925179801,0.000925179801,0.00264480031,0.00264480031,-131.944348,-77.16017,-77.16017,1.06613598,1.06613598,2.20693558,2.20693558,0.135493572,0.0,0.0,-6.86977149,-0.172065471,0.0,184.722164,-0.177075711,-131.944348,0.0,0.0
1035.5,0.0,193.048535,0.0478084029,0.0478084029,0.000966493024,0.000966493024,0.00276290193,0.00276290193,-137.891753,-77.16017,-77.16017,1.11419217,1.11419217,2.27406452,2.27406452,0.135472521,0.0,0.0,-7.17942732,-0.171996185,0.0,193.048535,-0.185057407,-137.891753,0.0,0.0
1036.0,0.0,201.371481,0.0477883022,0.0477883022,0.00100773781,0.00100773781,0.00288080781,0.00288080781,-143.836714,-77.16017,-77.16017,1.16222855,1.16222855,2.33930957,2.33930957,0.135450813,0.0,0.0,-7.48895547,-0.171923873,0.0,201.371481,-0.193035812,-143.836714,0.0,0.0
1036.5,0.0,209.69085,0.0477673641,0.0477673641,0.00104891122,0.00104891122,0.00299850983,0.00299850983,-149.779116,-77.16017,-77.16017,1.21024435,1.21024435,2.40274776,2.40274776,0.135428478,0.0,0.0,-7.79835076,-0.171848544,0.0,209.69085,-0.201010803,-149.779116,0.0,0.0
1037.0,0.0,218.006503,0.0477455868,0.0477455868,0.00109001046,0.00109001046,0.00311599974,0.00311599974,-155.718868,-77.16017,-77.16017,1.2582387,1.2582387,2.46445214,2.46445214,0.135405521,0.0,0.0,-8.10760784,-0.1717702,0.0,218.006503,-0.208982223,-155.718868,0.0,0.0
1037.5,0.0,226.318289,0.0477229743,0.0477229743,0.00113103265,0.00113103265,0.00323326928,0.00323326928,-161.655858,-77.16017,-77.16017,1.30621072,1.30621072,2.52449166,2.52449166,0.135381962,0.0,0.0,-8.416721,-0.171688853,0.0,226.318289,-0.216949947,-161.655858,0.0,0.0
1038.0,0.0,234.626069,0.0476995266,0.0476995266,0.0011719749,0.0011719749,0.00335031047,0.00335031047,-167.589979,-77.16017,-77.16017,1.35415959,1.35415959,2.58293182,2.58293182,0.135357824,0.0,0.0,-8.72568545,-0.171604494,0.0,234.626069,-0.224913827,-167.589979,0.0,0.0
1038.5,0.0,242.929691,0.0476752468,0.0476752468,0.00121283445,0.00121283445,0.00346711516,0.00346711516,-173.521142,-77.16017,-77.16017,1.40208447,1.40208447,2.63983466,2.63983466,0.13533311,0.0,0.0,-9.034495,-0.171517146,0.0,242.929691,-0.232873726,-173.521142,0.0,0.0
1039.0,0.0,251.229011,0.0476501353,0.0476501353,0.00125360846,0.00125360846,0.00358367533,0.00358367533,-179.449223,-77.16017,-77.16017,1.44998457,1.44998457,2.6952592,2.6952592,0.135307833,0.0,0.0,-9.34314485,-0.171426804,0.0,251.229011,-0.2408295,-179.449223,0.0,0.0
1039.5,0.0,259.523885,0.0476241939,0.0476241939,0.00129429408,0.00129429408,0.00369998284,0.00369998284,-185.374131,-77.16017,-77.16017,1.49785897,1.49785897,2.74926117,2.74926117,0.135282014,0.0,0.0,-9.6516291,-0.171333481,0.0,259.523885,-0.24878102,-185.374131,0.0,0.0
1040.0,0.0,267.814179,0.0475974266,0.0475974266,0.00133488858,0.00133488858,0.00381602982,0.00381602982,-191.295765,-77.16017,-77.16017,1.5457069,1.5457069,2.80196834,2.80196834,0.135255665,0.0,0.0,-9.9599429,-0.171237179,0.0,267.814179,-0.256728142,-191.295765,0.0,0.0
1040.5,0.0,276.099733,0.0475698321,0.0475698321,0.00137538915,0.00137538915,0.00393180836,0.00393180836,-197.214017,-77.16017,-77.16017,1.59352754,1.59352754,2.85988587,2.85988587,0.135228767,0.0,0.0,-10.2680808,-0.171137906,0.0,276.099733,-0.264670727,-197.214017,0.0,0.0
1041.0,0.0,284.380405,0.0475414148,0.0475414148,0.00141579301,0.00141579301,0.00404731046,0.00404731046,-203.128784,-77.16017,-77.16017,1.64131999,1.64131999,2.92084712,2.92084712,0.135201267,0.0,0.0,-10.5760368,-0.171035678,0.0,284.380405,-0.272608644,-203.128784,0.0,0.0
1041.5,0.0,292.65607,0.0475121749,0.0475121749,0.00145609743,0.00145609743,0.00416252816,0.00416252816,-209.039969,-77.16017,-77.16017,1.6890835,1.6890835,2.98075388,2.98075388,0.135173157,0.0,0.0,-10.8838068,-0.170930484,0.0,292.65607,-0.280541753,-209.039969,0.0,0.0
1042.0,0.0,300.926572,0.0474821161,0.0474821161,0.00149629969,0.00149629969,0.0042774538,0.0042774538,-214.947463,-77.16017,-77.16017,1.7368172,1.7368172,3.03963221,3.03963221,0.135144449,0.0,0.0,-11.1913844,-0.170822342,0.0,300.926572,-0.288469915,-214.947463,0.0,0.0
1042.5,0.0,309.191759,0.0474512399,0.0474512399,0.00153639704,0.00153639704,0.00439207944,0.00439207944,-220.851166,-77.16017,-77.16017,1.7845203,1.7845203,3.09750734,3.09750734,0.135115152,0.0,0.0,-11.49876485,-0.170711262,0.0,309.191759,-0.296392983,-220.851166,0.0,0.0
1043.0,0.0,317.451499,0.047419548,0.047419548,0.00157638677,0.00157638677,0.00450639782,0.00450639782,-226.750981,-77.16017,-77.16017,1.83219195,1.83219195,3.15440373,3.15440373,0.135085271,0.0,0.0,-11.80594265,-0.170597248,0.0,317.451499,-0.304310834,-226.750981,0.0,0.0
1043.5,0.0,325.70565,0.0473870426,0.0473870426,0.00161626623,0.00161626623,0.00460003045,0.00460003045,-232.646805,-77.16017,-77.16017,1.87983134,1.87983134,3.21034495,3.21034495,0.135054817,0.0,0.0,-12.11291275,-0.170480309,0.0,325.70565,-0.312223344,-232.646805,0.0,0.0
1044.0,0.0,333.954075,0.0473537272,0.0473537272,0.00165603266,0.00165603266,0.00466050731,0.00466050731,-238.538532,-77.16017,-77.16017,1.92743765,1.92743765,3.26535391,3.26535391,0.135023799,0.0,0.0,-12.41966945,-0.170360449,0.0,333.954075,-0.320130359,-238.538532,0.0,0.0
1044.5,0.0,342.19663,0.0473196021,0.0473196021,0.00169568354,0.00169568354,0.00471898763,0.00471898763,-244.426063,-77.16017,-77.16017,1.97501011,1.97501011,3.31945275,3.31945275,0.134992229,0.0,0.0,-12.7262079,-0.170237686,0.0,342.19663,-0.328031743,-244.426063,0.0,0.0
1045.0,0.0,350.433167,0.0472846719,0.0472846719,0.00173521614,0.00173521614,0.00477589346,0.00477589346,-250.309306,-77.16017,-77.16017,2.0225478,2.0225478,3.37266287,3.37266287,0.134960105,0.0,0.0,-13.03252265,-0.170112021,0.0,350.433167,-0.335927365,-250.309306,0.0,0.0
1045.5,0.0,358.663551,0.0472489381,0.0472489381,0.00177462786,0.00177462786,0.00483127125,0.00483127125,-256.188156,-77.16017,-77.16017,2.07004996,2.07004996,3.42500525,3.42500525,0.134927441,0.0,0.0,-13.3386089,-0.169983461,0.0,358.663551,-0.343817101,-256.188156,0.0,0.0
1046.0,0.0,366.887651,0.0472124013,0.0472124013,0.00181391608,0.00181391608,0.00488516534,0.00488516534,-262.062506,-77.16017,-77.16017,2.1175159,2.1175159,3.47649991,3.47649991,0.134894248,0.0,0.0,-13.6444611,-0.16985202,0.0,366.887651,-0.351700796,-262.062506,0.0,0.0
1046.5,0.0,375.105318,0.0471750682,0.0471750682,0.00185307817,0.00185307817,0.00493761865,0.00493761865,-267.932264,-77.16017,-77.16017,2.16494471,2.16494471,3.52716627,3.52716627,0.134860526,0.0,0.0,-13.9500738,-0.169717708,0.0,375.105318,-0.359578343,-267.932264,0.0,0.0
1047.0,0.0,383.316414,0.0471369369,0.0471369369,0.00189211167,0.00189211167,0.00498867186,0.00498867186,-273.797333,-77.16017,-77.16017,2.21233554,2.21233554,3.57702347,3.57702347,0.134826288,0.0,0.0,-14.25544245,-0.169580527,0.0,383.316414,-0.367449588,-273.797333,0.0,0.0
1047.5,0.0,391.520794,0.0470980126,0.0470980126,0.00193101397,0.00193101397,0.00503836409,0.00503836409,-279.657601,-77.16017,-77.16017,2.25968766,2.25968766,3.62608986,3.62608986,0.134791538,0.0,0.0,-14.5605615,-0.169440496,0.0,391.520794,-0.375314408,-279.657601,0.0,0.0
1048.0,0.0,399.718339,0.0470582984,0.0470582984,0.00196978255,0.00196978255,0.00508673308,0.00508673308,-285.512983,-77.16017,-77.16017,2.3070003,2.3070003,3.67438309,3.67438309,0.134756286,0.0,0.0,-14.8654259,-0.169297619,0.0,399.718339,-0.383172666,-285.512983,0.0,0.0
1048.5,0.0,407.908887,0.0470177954,0.0470177954,0.00200841483,0.00200841483,0.00513381479,0.00513381479,-291.363382,-77.16017,-77.16017,2.35427267,2.35427267,3.72192056,3.72192056,0.13472053,0.0,0.0,-15.1700308,-0.169151907,0.0,407.908887,-0.391024234,-291.363382,0.0,0.0
1049.0,0.0,416.092324,0.0469765072,0.0469765072,0.00204690848,0.00204690848,0.00517964376,0.00517964376,-297.208687,-77.16017,-77.16017,2.40150388,2.40150388,3.76871904,3.76871904,0.13468429,0.0,0.0,-15.4743705,-0.169003368,0.0,416.092324,-0.398868978,-297.208687,0.0,0.0
1049.5,0.0,424.2685,0.046934437,0.046934437,0.00208526082,0.00208526082,0.00522425339,0.00522425339,-303.048807,-77.16017,-77.16017,2.44869321,2.44869321,3.81479481,3.81479481,0.134647562,0.0,0.0,-15.77844035,-0.168852015,0.0,424.2685,-0.406706768,-303.048807,0.0,0.0
1050.0,0.0,432.437281,0.0468915872,0.0468915872,0.00212346961,0.00212346961,0.00526767557,0.00526767557,-308.883649,-77.16017,-77.16017,2.49583988,2.49583988,3.86016369,3.86016369,0.134610358,0.0,0.0,-16.0822355,-0.168697858,0.0,432.437281,-0.414537472,-308.883649,0.0,0.0
1050.5,0.0,440.598541,0.0468479606,0.0468479606,0.00216153234,0.00216153234,0.0053099409,0.0053099409,-314.713113,-77.16017,-77.16017,2.54294304,2.54294304,3.90484109,3.90484109,0.134572682,0.0,0.0,-16.3857507,-0.16854091,0.0,440.598541,-0.422360965,-314.713113,0.0,0.0
1051.0,0.0,448.752126,0.0468035611,0.0468035611,0.00219944657,0.00219944657,0.00535107905,0.00535107905,-320.537109,-77.16017,-77.16017,2.59000204,2.59000204,3.94884168,3.94884168,0.134534542,0.0,0.0,-16.6889804,-0.168381175,0.0,448.752126,-0.430177118,-320.537109,0.0,0.0
1051.5,0.0,456.897924,0.0467583903,0.0467583903,0.00223720985,0.00223720985,0.00539111856,0.00539111856,-326.355525,-77.16017,-77.16017,2.63701601,2.63701601,3.99218035,3.99218035,0.134495946,0.0,0.0,-16.9919205,-0.168218669,0.0,456.897924,-0.437985793,-326.355525,0.0,0.0
1052.0,0.0,465.03578,0.046712452,0.046712452,0.00227481997,0.00227481997,0.00543008668,0.00543008668,-332.168282,-77.16017,-77.16017,2.68398419,2.68398419,4.03487083,4.03487083,0.134456894,0.0,0.0,-17.2945654,-0.168053405,0.0,465.03578,-0.44578687,-332.168282,0.0,0.0
1052.5,0.0,473.165566,0.0466657497,0.0466657497,0.00231227447,0.00231227447,0.00546800975,0.00546800975,-337.975279,-77.16017,-77.16017,2.73090581,2.73090581,4.07692681,4.07692681,0.134417391,0.0,0.0,-17.5969105,-0.167885392,0.0,473.165566,-0.453580225,-337.975279,0.0,0.0
1053.0,0.0,481.287163,0.0466182869,0.0466182869,0.00234957108,0.00234957108,0.00550491314,0.00550491314,-343.776411,-77.16017,-77.16017,2.77778013,2.77778013,4.11836182,4.11836182,0.134377453,0.0,0.0,-17.8989504,-0.16771464,0.0,481.287163,-0.461365722,-343.776411,0.0,0.0
1053.5,0.0,489.400433,0.046570066,0.046570066,0.00238670748,0.00238670748,0.00554082162,0.00554082162,-349.571597,-77.16017,-77.16017,2.82460634,2.82460634,4.1591887,4.1591887,0.134337074,0.0,0.0,-18.200681,-0.167541157,0.0,489.400433,-0.469143234,-349.571597,0.0,0.0
1054.0,0.0,497.505237,0.0465210909,0.0465210909,0.00242368142,0.00242368142,0.00557575852,0.00557575852,-355.360737,-77.16017,-77.16017,2.87138377,2.87138377,4.19941995,4.19941995,0.134296268,0.0,0.0,-18.5020967,-0.167364965,0.0,497.505237,-0.476912638,-355.360737,0.0,0.0
1054.5,0.0,505.601442,0.0464713637,0.0464713637,0.0024604907,0.0024604907,0.00560974675,0.00560974675,-361.143747,-77.16017,-77.16017,2.9181116,2.9181116,4.239068,4.239068,0.134255039,0.0,0.0,-18.8031927,-0.167186069,0.0,505.601442,-0.484673816,-361.143747,0.0,0.0
1055.0,0.0,513.68894,0.0464208887,0.0464208887,0.00249713298,0.00249713298,0.00564280815,0.00564280815,-366.920516,-77.16017,-77.16017,2.96478904,2.96478904,4.27814444,4.27814444,0.134213383,0.0,0.0,-19.1039645,-0.167004479,0.0,513.68894,-0.492426625,-366.920516,0.0,0.0
1055.5,0.0,521.767554,0.0463696705,0.0463696705,0.00253360606,0.00253360606,0.00567496425,0.00567496425,-372.690964,-77.16017,-77.16017,3.01141534,3.01141534,4.31666112,4.31666112,0.134171319,0.0,0.0,-19.4044063,-0.166820213,0.0,521.767554,-0.500170957,-372.690964,0.0,0.0
1056.0,0.0,529.837205,0.0463177106,0.0463177106,0.00256990778,0.00256990778,0.00570623542,0.00570623542,-378.455001,-77.16017,-77.16017,3.05798985,3.05798985,4.35462931,4.35462931,0.134128846,0.0,0.0,-19.7045146,-0.166633285,0.0,529.837205,-0.50790667,-378.455001,0.0,0.0
1056.5,0.0,537.897747,0.0462650131,0.0462650131,0.00260603605,0.00260603605,0.00573664134,0.00573664134,-384.212522,-77.16017,-77.16017,3.10451174,3.10451174,4.39205975,4.39205975,0.134085965,0.0,0.0,-20.0042841,-0.1664437,0.0,537.897747,-0.515633676,-384.212522,0.0,0.0
1057.0,0.0,545.949037,0.0462115821,0.0462115821,0.00264198865,0.00264198865,0.00576620143,0.00576620143,-389.963448,-77.16017,-77.16017,3.15098036,3.15098036,4.43657848,4.43657848,0.134042659,0.0,0.0,-20.30371,-0.166251475,0.0,545.949037,-0.523351813,-389.963448,0.0,0.0
1057.5,0.0,553.990968,0.0461574208,0.0461574208,0.00267776353,0.00267776353,0.00579493395,0.00579493395,-395.707684,-77.16017,-77.16017,3.19739483,3.19739483,4.48832925,4.48832925,0.133998827,0.0,0.0,-20.6027872,-0.166056624,0.0,553.990968,-0.531060996,-395.707684,0.0,0.0
1058.0,0.0,562.023419,0.0461025326,0.0461025326,0.00271335856,0.00271335856,0.005822857,0.005822857,-401.445135,-77.16017,-77.16017,3.24375464,3.24375464,4.53970779,4.53970779,0.133954439,0.0,0.0,-20.9015114,-0.16585916,0.0,562.023419,-0.538761031,-401.445135,0.0,0.0
1058.5,0.0,570.04622,0.0460469214,0.0460469214,0.00274877175,0.00274877175,0.00584998784,0.00584998784,-407.175715,-77.16017,-77.16017,3.29005875,3.29005875,4.59071704,4.59071704,0.133909491,0.0,0.0,-21.1998778,-0.165659095,0.0,570.04622,-0.546451887,-407.175715,0.0,0.0
1059.0,0.0,578.059289,0.0459905917,0.0459905917,0.00278400102,0.00278400102,0.00587634339,0.00587634339,-412.899339,-77.16017,-77.16017,3.33630676,3.33630676,4.64136011,4.64136011,0.133864,0.0,0.0,-21.4978823,-0.165456442,0.0,578.059289,-0.554133405,-412.899339,0.0,0.0
1059.5,0.0,586.062492,0.045933545,0.045933545,0.0028190443,0.0028190443,0.00590193973,0.00590193973,-418.615901,-77.16017,-77.16017,3.38249774,3.38249774,4.69164028,4.69164028,0.133817961,0.0,0.0,-21.795519,-0.165251211,0.0,586.062492,-0.561805455,-418.615901,0.0,0.0
1060.0,0.0,594.05571,0.0458757883,0.0458757883,0.00285389975,0.00285389975,0.00592679276,0.00592679276,-424.32533,-77.16017,-77.16017,3.42863103,3.42863103,4.74156016,4.74156016,0.133771375,0.0,0.0,-22.0927841,-0.165043426,0.0,594.05571,-0.569467954,-424.32533,0.0,0.0
1060.5,0.0,602.038789,0.045817323,0.045817323,0.00288856528,0.00288856528,0.00595091767,0.00595091767,-430.027531,-77.16017,-77.16017,3.47470591,3.47470591,4.79112301,4.79112301,0.133724246,0.0,0.0,-22.3896732,-0.164833089,0.0,602.038789,-0.57712073,-430.027531,0.0,0.0
1061.0,0.0,610.011619,0.0457581536,0.0457581536,0.00292303902,0.00292303902,0.00597432928,0.00597432928,-435.722415,-77.16017,-77.16017,3.52072169,3.52072169,4.84033166,4.84033166,0.133676581,0.0,0.0,-22.686181,-0.164620225,0.0,610.011619,-0.5847637,-435.722415,0.0,0.0
1061.5,0.0,617.974092,0.0456982855,0.0456982855,0.00295731907,0.00295731907,0.00599704206,0.00599704206,-441.409903,-77.16017,-77.16017,3.56667766,3.56667766,4.8891891,4.8891891,0.13362837,0.0,0.0,-22.9823039,-0.164404837,0.0,617.974092,-0.592396749,-441.409903,0.0,0.0
1062.0,0.0,625.926084,0.0456377199,0.0456377199,0.00299140353,0.00299140353,0.00601906959,0.00601906959,-447.089895,-77.16017,-77.16017,3.61257316,3.61257316,4.93769801,4.93769801,0.133579634,0.0,0.0,-23.2780367,-0.164186951,0.0,625.926084,-0.600019737,-447.089895,0.0,0.0
1062.5,0.0,633.867478,0.0455764621,0.0455764621,0.0030252906,0.0030252906,0.00604042572,0.00604042572,-452.762307,-77.16017,-77.16017,3.65840735,3.65840735,4.98586152,4.98586152,0.133530362,0.0,0.0,-23.5733749,-0.163966572,0.0,633.867478,-0.60763258,-452.762307,0.0,0.0
1063.0,0.0,641.798141,0.0455145175,0.0455145175,0.00305897838,0.00305897838,0.00606117564,0.00606117564,-458.427067,-77.16017,-77.16017,3.70417967,3.70417967,5.03368233,5.03368233,0.133480561,0.0,0.0,-23.8683146,-0.163743717,0.0,641.798141,-0.615235115,-458.427067,0.0,0.0
1063.5,0.0,649.717954,0.0454518883,0.0454518883,0.00309246514,0.00309246514,0.0060928726,0.0060928726,-464.084073,-77.16017,-77.16017,3.74988941,3.74988941,5.08116317,5.08116317,0.13343023,0.0,0.0,-24.1628503,-0.163518405,0.0,649.717954,-0.622827295,-464.084073,0.0,0.0
1064.0,0.0,657.626787,0.04538858,0.04538858,0.0031257491,0.0031257491,0.00613256313,0.00613256313,-469.73325,-77.16017,-77.16017,3.79553581,3.79553581,5.12830693,5.12830693,0.133379376,0.0,0.0,-24.4569784,-0.163290646,0.0,657.626787,-0.630408947,-469.73325,0.0,0.0
1064.5,0.0,665.524571,0.0453245959,0.0453245959,0.00315882852,0.00315882852,0.00617155798,0.00617155798,-475.374509,-77.16017,-77.16017,3.84111828,3.84111828,5.17511632,5.17511632,0.133327999,0.0,0.0,-24.7506945,-0.163060454,0.0,665.524571,-0.637979987,-475.374509,0.0,0.0
1065.0,0.0,673.411165,0.0452599396,0.0452599396,0.00319170158,0.00319170158,0.00620986358,0.00620986358,-481.007773,-77.16017,-77.16017,3.88663622,3.88663622,5.22159404,5.22159404,0.133276101,0.0,0.0,-25.043994,-0.162827848,0.0,673.411165,-0.645540302,-481.007773,0.0,0.0
1065.5,0.0,681.286392,0.0451946159,0.0451946159,0.00322436675,0.00322436675,0.00624748621,0.00624748621,-486.632954,-77.16017,-77.16017,3.93208868,3.93208868,5.26774285,5.26774285,0.133223686,0.0,0.0,-25.3368725,-0.162592841,0.0,681.286392,-0.653089759,-486.632954,0.0,0.0
1066.0,0.0,689.150221,0.045128629,0.045128629,0.00325682226,0.00325682226,0.00628443214,0.00628443214,-492.249959,-77.16017,-77.16017,3.97747527,3.97747527,5.31356532,5.31356532,0.13317076,0.0,0.0,-25.6293261,-0.162355449,0.0,689.150221,-0.660628263,-492.249959,0.0,0.0
1066.5,0.0,697.002496,0.0450619856,0.0450619856,0.00328906651,0.00328906651,0.0063207076,0.0063207076,-497.858728,-77.16017,-77.16017,4.02279506,4.02279506,5.35906411,5.35906411,0.133117312,0.0,0.0,-25.9213499,-0.162115685,0.0,697.002496,-0.66815571,-497.858728,0.0,0.0
1067.0,0.0,704.843098,0.0449946856,0.0449946856,0.00332109798,0.00332109798,0.00635631868,0.00635631868,-503.459158,-77.16017,-77.16017,4.06804778,4.06804778,5.4042419,5.4042419,0.13306336,0.0,0.0,-26.2129411,-0.161873571,0.0,704.843098,-0.675671989,-503.459158,0.0,0.0
1067.5,0.0,712.671913,0.0449267357,0.0449267357,0.003352915,0.003352915,0.00639127164,0.00639127164,-509.051182,-77.16017,-77.16017,4.11323249,4.11323249,5.44910114,5.44910114,0.133008895,0.0,0.0,-26.5040934,-0.161629115,0.0,712.671913,-0.683176972,-509.051182,0.0,0.0
1068.0,0.0,720.488872,0.0448581409,0.0448581409,0.00338451602,0.00338451602,0.00642557229,0.00642557229,-514.63472,-77.16017,-77.16017,4.15834844,4.15834844,5.49364451,5.49364451,0.132953928,0.0,0.0,-26.7948032,-0.161382337,0.0,720.488872,-0.690670562,-514.63472,0.0,0.0
1068.5,0.0,728.29382,0.0447889044,0.0447889044,0.00341589953,0.00341589953,0.00645922669,0.00645922669,-520.209668,-77.16017,-77.16017,4.20339512,4.20339512,5.5378745,5.5378745,0.13289846,0.0,0.0,-27.0850674,-0.161133253,0.0,728.29382,-0.698152665,-520.209668,0.0,0.0
1069.0,0.0,736.086666,0.0447190317,0.0447190317,0.00344706406,0.00344706406,0.00649224077,0.00649224077,-525.775975,-77.16017,-77.16017,4.24837201,4.24837201,5.58179378,5.58179378,0.132842483,0.0,0.0,-27.3748813,-0.160881878,0.0,736.086666,-0.705623172,-525.775975,0.0,0.0
1069.5,0.0,743.86728,0.0446485256,0.0446485256,0.00347800817,0.00347800817,0.0065246204,0.0065246204,-531.333575,-77.16017,-77.16017,4.29327835,4.29327835,5.62540462,5.62540462,0.132786006,0.0,0.0,-27.66424,-0.160628228,0.0,743.86728,-0.713081969,-531.333575,0.0,0.0
1070.0,0.0,751.635548,0.0445773925,0.0445773925,0.00350873038,0.00350873038,0.00655637121,0.00655637121,-536.882339,-77.16017,-77.16017,4.33811342,4.33811342,5.66870961,5.66870961,0.132729045,0.0,0.0,-27.9531407,-0.160372319,0.0,751.635548,-0.720528908,-536.882339,0.0,0.0
1070.5,0.0,759.391376,0.044505636,0.044505636,0.00353922939,0.00353922939,0.00658749899,0.00658749899,-542.422204,-77.16017,-77.16017,4.38287679,4.38287679,5.71171119,5.71171119,0.132671582,0.0,0.0,-28.2415786,-0.160114164,0.0,759.391376,-0.727963971,-542.422204,0.0,0.0
1071.0,0.0,767.134699,0.0444332602,0.0444332602,0.00356950363,0.00356950363,0.00661800957,0.00661800957,-547.953144,-77.16017,-77.16017,4.42756771,4.42756771,5.75441164,5.75441164,0.132613626,0.0,0.0,-28.5295495,-0.159853789,0.0,767.134699,-0.735387006,-547.953144,0.0,0.0
1071.5,0.0,774.865325,0.0443602708,0.0443602708,0.00359955194,0.00359955194,0.00664790832,0.00664790832,-553.475025,-77.16017,-77.16017,4.47218574,4.47218574,5.79681357,5.79681357,0.13255518,0.0,0.0,-28.8170501,-0.159591199,0.0,774.865325,-0.742797909,-553.475025,0.0,0.0
1072.0,0.0,782.583197,0.0442866717,0.0442866717,0.00362937295,0.00362937295,0.00667720107,0.00667720107,-558.987793,-77.16017,-77.16017,4.51672976,4.51672976,5.83891913,5.83891913,0.132496249,0.0,0.0,-29.1040758,-0.159326419,0.0,782.583197,-0.750196577,-558.987793,0.0,0.0
1072.5,0.0,790.288196,0.0442124682,0.0442124682,0.00365896533,0.00365896533,0.00670589313,0.00670589313,-564.491359,-77.16017,-77.16017,4.56119977,4.56119977,5.88073093,5.88073093,0.132436832,0.0,0.0,-29.3906237,-0.159059462,0.0,790.288196,-0.757582932,-564.491359,0.0,0.0
1073.0,0.0,797.980242,0.0441376634,0.0441376634,0.00368832781,0.00368832781,0.00673399006,0.00673399006,-569.98567,-77.16017,-77.16017,4.6055949,4.6055949,5.92225101,5.92225101,0.132376928,0.0,0.0,-29.676688,-0.158790347,0.0,797.980242,-0.764956828,-569.98567,0.0,0.0
1073.5,0.0,805.659178,0.0440622641,0.0440622641,0.00371745922,0.00371745922,0.00676149725,0.00676149725,-575.470643,-77.16017,-77.16017,4.6499144,4.6499144,5.96348203,5.96348203,0.132316548,0.0,0.0,-29.9622667,-0.158519093,0.0,805.659178,-0.772318218,-575.470643,0.0,0.0
1074.0,0.0,813.324975,0.0439862735,0.0439862735,0.00374635822,0.00374635822,0.00678841993,0.00678841993,-580.946185,-77.16017,-77.16017,4.69415803,4.69415803,6.00544734,6.00544734,0.132255684,0.0,0.0,-30.2473551,-0.158245704,0.0,813.324975,-0.779666966,-580.946185,0.0,0.0
1074.5,0.0,820.977477,0.0439096961,0.0439096961,0.00377502394,0.00377502394,0.00681476377,0.00681476377,-586.412251,-77.16017,-77.16017,4.73832489,4.73832489,6.05214919,6.05214919,0.132194302,0.0,0.0,-30.5319491,-0.157970215,0.0,820.977477,-0.78700298,-586.412251,0.0,0.0
1075.0,0.0,828.61657,0.0438325397,0.0438325397,0.00380345497,0.00380345497,0.00684053382,0.00684053382,-591.868761,-77.16017,-77.16017,4.7824145,4.7824145,6.099278,6.099278,0.132132371,0.0,0.0,-30.8160459,-0.157692631,0.0,828.61657,-0.794326186,-591.868761,0.0,0.0
1075.5,0.0,836.242194,0.0437548044,0.0437548044,0.00383165027,0.00383165027,0.00686573512,0.00686573512,-597.315631,-77.16017,-77.16017,4.82642622,4.82642622,6.14618234,6.14618234,0.132069887,0.0,0.0,-31.0996414,-0.157412969,0.0,836.242194,-0.801636471,-597.315631,0.0,0.0
1076.0,0.0,843.854243,0.0436764978,0.0436764978,0.00385960876,0.00385960876,0.00689037328,0.00689037328,-602.752796,-77.16017,-77.16017,4.87035962,4.87035962,6.1928631,6.1928631,0.132006855,0.0,0.0,-31.3827304,-0.157131256,0.0,843.854243,-0.808933733,-602.752796,0.0,0.0
1076.5,0.0,851.452589,0.0435976254,0.0435976254,0.00388732937,0.00388732937,0.00691445298,0.00691445298,-608.180189,-77.16017,-77.16017,4.91421404,4.91421404,6.23932099,6.23932099,0.131943268,0.0,0.0,-31.6653121,-0.156847504,0.0,851.452589,-0.816217883,-608.180189,0.0,0.0
1077.0,0.0,859.03715,0.0435181897,0.0435181897,0.00391481107,0.00391481107,0.00693797972,0.00693797972,-613.597741,-77.16017,-77.16017,4.95798891,4.95798891,6.28555686,6.28555686,0.13187914,0.0,0.0,-31.9473803,-0.156561727,0.0,859.03715,-0.823488823,-613.597741,0.0,0.0
1077.5,0.0,866.607841,0.0434381977,0.0434381977,0.003942053,0.003942053,0.00696095829,0.00696095829,-619.005381,-77.16017,-77.16017,5.00168352,5.00168352,6.33157142,6.33157142,0.13181446,0.0,0.0,-32.2289323,-0.156273948,0.0,866.607841,-0.830746442,-619.005381,0.0,0.0
1078.0,0.0,874.164559,0.0433576538,0.0433576538,0.003969054,0.003969054,0.00698339374,0.00698339374,-624.403013,-77.16017,-77.16017,5.04529769,5.04529769,6.37736555,6.37736555,0.131749235,0.0,0.0,-32.5099643,-0.15598418,0.0,874.164559,-0.837990716,-624.403013,0.0,0.0
1078.5,0.0,881.70719,0.0432765612,0.0432765612,0.0039958132,0.0039958132,0.00700529112,0.00700529112,-629.79062,-77.16017,-77.16017,5.0888304,5.0888304,6.42293983,6.42293983,0.131683466,0.0,0.0,-32.7904732,-0.155692445,0.0,881.70719,-0.845221467,-629.79062,0.0,0.0
1079.0,0.0,889.23567,0.0431949275,0.0431949275,0.00402232972,0.00402232972,0.00702665526,0.00702665526,-635.1681,-77.16017,-77.16017,5.13228152,5.13228152,6.46829521,6.46829521,0.131617152,0.0,0.0,-33.0704548,-0.155398759,0.0,889.23567,-0.852438664,-635.1681,0.0,0.0
1079.5,0.0,896.749879,0.0431127548,0.0431127548,0.00404860276,0.00404860276,0.00704749125,0.00704749125,-640.535389,-77.16017,-77.16017,5.17565026,5.17565026,6.51343227,6.51343227,0.131550299,0.0,0.0,-33.3499075,-0.155103138,0.0,896.749879,-0.8596422,-640.535389,0.0,0.0
1080.0,0.0,904.249743,0.0430300523,0.0430300523,0.00407463113,0.00407463113,0.00706780372,0.00706780372,-645.892434,-77.16017,-77.16017,5.21893622,5.21893622,6.55835207,6.55835207,0.131482899,0.0,0.0,-33.6288253,-0.154805594,0.0,904.249743,-0.866831955,-645.892434,0.0,0.0
1080.5,0.0,911.735132,0.0429468196,0.0429468196,0.00410041448,0.00410041448,0.00708759759,0.00708759759,-651.239153,-77.16017,-77.16017,5.26213868,5.26213868,6.60305517,6.60305517,0.131414963,0.0,0.0,-33.9072048,-0.154506166,0.0,911.735132,-0.874007888,-651.239153,0.0,0.0
1081.0,0.0,919.206024,0.0428630662,0.0428630662,0.00412595166,0.00412595166,0.00710687757,0.00710687757,-656.575487,-77.16017,-77.16017,5.30525736,5.30525736,6.64754238,6.64754238,0.131346482,0.0,0.0,-34.1850456,-0.15420485,0.0,919.206024,-0.881169885,-656.575487,0.0,0.0
1081.5,0.0,926.662268,0.0427787944,0.0427787944,0.004151242,0.004151242,0.00712564853,0.00712564853,-661.901371,-77.16017,-77.16017,5.34829155,5.34829155,6.69181456,6.69181456,0.131277472,0.0,0.0,-34.4623402,-0.153901674,0.0,926.662268,-0.888317865,-661.901371,0.0,0.0
1082.0,0.0,934.103777,0.0426940103,0.0426940103,0.00417628513,0.00417628513,0.00714391489,0.00714391489,-667.216744,-77.16017,-77.16017,5.39124079,5.39124079,6.73587207,6.73587207,0.131207921,0.0,0.0,-34.7390896,-0.153596654,0.0,934.103777,-0.895451731,-667.216744,0.0,0.0
1082.5,0.0,941.530499,0.0426087178,0.0426087178,0.00420107961,0.00420107961,0.00716168163,0.00716168163,-672.521536,-77.16017,-77.16017,5.43410462,5.43410462,6.77971635,6.77971635,0.131137831,0.0,0.0,-35.0152873,-0.153289809,0.0,941.530499,-0.902571428,-672.521536,0.0,0.0
1083.0,0.0,948.942321,0.0425229243,0.0425229243,0.00422562543,0.00422562543,0.00717895313,0.00717895313,-677.815689,-77.16017,-77.16017,5.47688232,5.47688232,6.82334777,6.82334777,0.131067207,0.0,0.0,-35.2909313,-0.152981155,0.0,948.942321,-0.909676842,-677.815689,0.0,0.0
1083.5,0.0,956.339152,0.0424366335,0.0424366335,0.00424992154,0.00424992154,0.00719573423,0.00719573423,-683.099149,-77.16017,-77.16017,5.51957366,5.51957366,6.86676712,6.86676712,0.13099605,0.0,0.0,-35.5660179,-0.152670715,0.0,956.339152,-0.916767906,-683.099149,0.0,0.0
1084.0,0.0,963.720926,0.0423498497,0.0423498497,0.00427396748,0.00427396748,0.00721202936,0.00721202936,-688.371834,-77.16017,-77.16017,5.56217811,5.56217811,6.90997529,6.90997529,0.130924362,0.0,0.0,-35.8405446,-0.152358506,0.0,963.720926,-0.92384452,-688.371834,0.0,0.0
1084.5,0.0,971.087536,0.0422625791,0.0422625791,0.00429776271,0.00429776271,0.00723193627,0.00723193627,-693.633725,-77.16017,-77.16017,5.60469502,5.60469502,6.9529729,6.9529729,0.130852139,0.0,0.0,-36.1145064,-0.15204454,0.0,971.087536,-0.930906637,-693.633725,0.0,0.0
1085.0,0.0,978.43891,0.0421748266,0.0421748266,0.0043213067,0.0043213067,0.00725626717,0.00725626717,-698.884689,-77.16017,-77.16017,5.64712396,5.64712396,6.99576088,6.99576088,0.13077939,0.0,0.0,-36.3879024,-0.151728843,0.0,978.43891,-0.937954124,-698.884689,0.0,0.0
1085.5,0.0,985.774983,0.0420865982,0.0420865982,0.00434459869,0.00434459869,0.00728010589,0.00728010589,-704.124731,-77.16017,-77.16017,5.68946445,5.68946445,7.03833985,7.03833985,0.130706108,0.0,0.0,-36.6607282,-0.151411429,0.0,985.774983,-0.94498693,-704.124731,0.0,0.0
1086.0,0.0,993.095635,0.0419978969,0.0419978969,0.00436763834,0.00436763834,0.00730345502,0.00730345502,-709.353755,-77.16017,-77.16017,5.73171609,5.73171609,7.08071071,7.08071071,0.1306323,0.0,0.0,-36.932982,-0.151092318,0.0,993.095635,-0.952004992,-709.353755,0.0,0.0
1086.5,0.0,1000.400795,0.0419087298,0.0419087298,0.00439042519,0.00439042519,0.00732631717,0.00732631717,-714.571748,-77.16017,-77.16017,5.77387831,5.77387831,7.12287422,7.12287422,0.130557961,0.0,0.0,-37.2046583,-0.150771528,0.0,1000.400795,-0.959008207,-714.571748,0.0,0.0
1087.0,0.0,1007.690395,0.0418191006,0.0418191006,0.0044129588,0.0044129588,0.0073486955,0.0073486955,-719.778603,-77.16017,-77.16017,5.81595078,5.81595078,7.16483117,7.16483117,0.130483099,0.0,0.0,-37.4757582,-0.150449078,0.0,1007.690395,-0.965996509,-719.778603,0.0,0.0
1087.5,0.0,1014.964356,0.0417290155,0.0417290155,0.00443523869,0.00443523869,0.00737059239,0.00737059239,-724.974278,-77.16017,-77.16017,5.85793295,5.85793295,7.206582,7.206582,0.130407711,0.0,0.0,-37.7462742,-0.150124987,0.0,1014.964356,-0.972969814,-724.974278,0.0,0.0
1088.0,0.0,1022.222584,0.0416384795,0.0416384795,0.00445726451,0.00445726451,0.00739201076,0.00739201076,-730.158729,-77.16017,-77.16017,5.89982412,5.89982412,7.248128,7.248128,0.130331796,0.0,0.0,-38.0162065,-0.149799274,0.0,1022.222584,-0.979928055,-730.158729,0.0,0.0
1088.5,0.0,1029.46499,0.0415474967,0.0415474967,0.00447903564,0.00447903564,0.00741295347,0.00741295347,-735.331884,-77.16017,-77.16017,5.94162436,5.94162436,7.28946986,7.28946986,0.13025536,0.0,0.0,-38.2855499,-0.149471954,0.0,1029.46499,-0.986871167,-735.331884,0.0,0.0
1089.0,0.0,1036.69157,0.0414560742,0.0414560742,0.00450055228,0.00450055228,0.00743342309,0.00743342309,-740.493703,-77.16017,-77.16017,5.98333287,5.98333287,7.33060782,7.33060782,0.130178404,0.0,0.0,-38.5543038,-0.149143054,0.0,1036.69157,-0.99379902,-740.493703,0.0,0.0
1089.5,0.0,1043.90215,0.0413642159,0.0413642159,0.0045218135,0.0045218135,0.00745342254,0.00745342254,-745.644109,-77.16017,-77.16017,6.02494917,6.02494917,7.37154328,7.37154328,0.130100923,0.0,0.0,-38.8224635,-0.148812583,0.0,1043.90215,-1.000711625,-745.644109,0.0,0.0
1090.0,0.0,1051.09669,0.0412719281,0.0412719281,0.00454281953,0.00454281953,0.00747295472,0.00747295472,-750.783078,-77.16017,-77.16017,6.06647303,6.06647303,7.41227655,7.41227655,0.130022925,0.0,0.0,-39.0900276,-0.148480563,0.0,1051.09669,-1.00760888,-750.783078,0.0,0.0
1090.5,0.0,1058.27513,0.0411792134,0.0411792134,0.00456356994,0.00456356994,0.00749202237,0.00749202237,-755.910547,-77.16017,-77.16017,6.10790391,6.10790391,7.45280874,7.45280874,0.129944408,0.0,0.0,-39.3569924,-0.148147017,0.0,1058.27513,-1.01449064,-755.910547,0.0,0.0
1091.0,0.0,1065.43738,0.04108608,0.04108608,0.00458406444,0.00458406444,0.00751062837,0.00751062837,-761.026444,-77.16017,-77.16017,6.14924149,6.14924149,7.49314055,7.49314055,0.129865371,0.0,0.0,-39.6233552,-0.14781196,0.0,1065.43738,-1.02135695,-761.026444,0.0,0.0
1091.5,0.0,1072.58338,0.0409925313,0.0409925313,0.00460430296,0.00460430296,0.00752877545,0.00752877545,-766.130757,-77.16017,-77.16017,6.1904851,6.1904851,7.53327251,7.53327251,0.129785821,0.0,0.0,-39.8891136,-0.147475406,0.0,1072.58338,-1.02820763,-766.130757,0.0,0.0
1092.0,0.0,1079.7131,0.0408985727,0.0408985727,0.0046242851,0.0046242851,0.00754646662,0.00754646662,-771.223375,-77.16017,-77.16017,6.23163463,6.23163463,7.5732058,7.5732058,0.129705752,0.0,0.0,-40.1542649,-0.147137384,0.0,1079.7131,-1.03504272,-771.223375,0.0,0.0
1092.5,0.0,1086.82643,0.0408042113,0.0408042113,0.00464401097,0.00464401097,0.00756370457,0.00756370457,-776.304295,-77.16017,-77.16017,6.27268946,6.27268946,7.61444191,7.61444191,0.129625165,0.0,0.0,-40.4188062,-0.146797905,0.0,1086.82643,-1.04186207,-776.304295,0.0,0.0
1093.0,0.0,1093.92323,0.0407094489,0.0407094489,0.00466348042,0.00466348042,0.00758049245,0.00758049245,-781.373475,-77.16017,-77.16017,6.31364922,6.31364922,7.65756157,7.65756157,0.129544025,0.0,0.0,-40.6827359,-0.146456992,0.0,1093.92323,-1.04866566,-781.373475,0.0,0.0
1093.5,0.0,1101.00352,0.0406142953,0.0406142953,0.00468269317,0.00468269317,0.00759683287,0.00759683287,-786.43082,-77.16017,-77.16017,6.35451358,6.35451358,7.70051922,7.70051922,0.129462329,0.0,0.0,-40.9460499,-0.146114662,0.0,1101.00352,-1.05545339,-786.43082,0.0,0.0
1094.0,0.0,1108.06721,0.040518751,0.040518751,0.00470164927,0.00470164927,0.00761272871,0.00761272871,-791.476301,-77.16017,-77.16017,6.39528209,6.39528209,7.74330286,7.74330286,0.129380075,0.0,0.0,-41.2087474,-0.145770932,0.0,1108.06721,-1.06222519,-791.476301,0.0,0.0
1094.5,0.0,1115.11422,0.0404228246,0.0404228246,0.00472034878,0.00472034878,0.00762818302,0.00762818302,-796.509897,-77.16017,-77.16017,6.43595455,6.43595455,7.78591269,7.78591269,0.129297261,0.0,0.0,-41.4708243,-0.145425824,0.0,1115.11422,-1.06898105,-796.509897,0.0,0.0
1095.0,0.0,1122.14448,0.040326519,0.040326519,0.0047387915,0.0047387915,0.00764319847,0.00764319847,-801.53151,-77.16017,-77.16017,6.47653023,6.47653023,7.82834916,7.82834916,0.129213894,0.0,0.0,-41.7322785,-0.145079358,0.0,1122.14448,-1.07572088,-801.53151,0.0,0.0
1095.5,0.0,1129.158,0.0402298401,0.0402298401,0.00475697755,0.00475697755,0.0076577783,0.0076577783,-806.541153,-77.16017,-77.16017,6.51700908,6.51700908,7.87061242,7.87061242,0.129129964,0.0,0.0,-41.9931088,-0.144731548,0.0,1129.158,-1.0824446,-806.541153,0.0,0.0
1096.0,0.0,1136.1546,0.0401327945,0.0401327945,0.0047749069,0.0047749069,0.00767192506,0.00767192506,-811.538721,-77.16017,-77.16017,6.55739045,6.55739045,7.91270295,7.91270295,0.129045484,0.0,0.0,-42.2533111,-0.144382415,0.0,1136.1546,-1.08915216,-811.538721,0.0,0.0
1096.5,0.0,1143.1343,0.0400353861,0.0400353861,0.0047925799,0.0047925799,0.00768564188,0.00768564188,-816.524231,-77.16017,-77.16017,6.59767422,6.59767422,7.95462084,7.95462084,0.128960444,0.0,0.0,-42.5128835,-0.144031979,0.0,1143.1343,-1.09584349,-816.524231,0.0,0.0
1097.0,0.0,1150.09698,0.0399376212,0.0399376212,0.00480999623,0.00480999623,0.00769893171,0.00769893171,-821.497571,-77.16017,-77.16017,6.63785979,6.63785979,7.99636661,7.99636661,0.128874852,0.0,0.0,-42.7718255,-0.143680253,0.0,1150.09698,-1.10251852,-821.497571,0.0,0.0
1097.5,0.0,1157.04261,0.0398395036,0.0398395036,0.00482715624,0.00482715624,0.00771179724,0.00771179724,-826.458742,-77.16017,-77.16017,6.67794701,6.67794701,8.03794025,8.03794025,0.128788704,0.0,0.0,-43.030131,-0.143327266,0.0,1157.04261,-1.10917722,-826.458742,0.0,0.0
1098.0,0.0,1163.97116,0.0397410385,0.0397410385,0.00484406005,0.00484406005,0.00772424165,0.00772424165,-831.407678,-77.16017,-77.16017,6.71793538,6.71793538,8.0793428,8.0793428,0.128701999,0.0,0.0,-43.2878015,-0.142973029,0.0,1163.97116,-1.11581953,-831.407678,0.0,0.0
1098.5,0.0,1170.88253,0.0396422328,0.0396422328,0.00486070782,0.00486070782,0.00773626779,0.00773626779,-836.344366,-77.16017,-77.16017,6.75782484,6.75782484,8.120574,8.120574,0.12861474,0.0,0.0,-43.5448326,-0.142617567,0.0,1170.88253,-1.12244535,-836.344366,0.0,0.0
1099.0,0.0,1177.7766,0.0395430898,0.0395430898,0.00487709963,0.00487709963,0.00774787869,0.00774787869,-841.268735,-77.16017,-77.16017,6.79761455,6.79761455,8.161634,8.161634,0.128526933,0.0,0.0,-43.8012235,-0.14226089,0.0,1177.7766,-1.12905469,-841.268735,0.0,0.0
1099.5,0.0,1184.65344,0.0394436167,0.0394436167,0.00489323587,0.00489323587,0.00775907711,0.00775907711,-846.180742,-77.16017,-77.16017,6.83730467,6.83730467,8.2025237,8.2025237,0.128438571,0.0,0.0,-44.0569707,-0.141903027,0.0,1184.65344,-1.13564744,-846.180742,0.0,0.0
1100.0,0.0,1191.51289,0.0393438172,0.0393438172,0.00490911643,0.00490911643,0.00776986611,0.00776986611,-851.080368,-77.16017,-77.16017,6.87689461,6.87689461,8.24324285,8.24324285,0.128349653,0.0,0.0,-44.3120733,-0.141543981,0.0,1191.51289,-1.14222358,-851.080368,0.0,0.0
1100.5,0.0,1198.35499,0.0392436968,0.0392436968,0.00492474208,0.00492474208,0.00778024863,0.00778024863,-855.967567,-77.16017,-77.16017,6.9163839,6.9163839,8.2837922,8.2837922,0.128260186,0.0,0.0,-44.566528,-0.141183793,0.0,1198.35499,-1.14878306,-855.967567,0.0,0.0
1101.0,0.0,1205.1796,0.0391432611,0.0391432611,0.00494011282,0.00494011282,0.00779022744,0.00779022744,-860.842275,-77.16017,-77.16017,6.95577268,6.95577268,8.3241721,8.3241721,0.128170168,0.0,0.0,-44.8203333,-0.140822463,0.0,1205.1796,-1.15532575,-860.842275,0.0,0.0
1101.5,0.0,1211.98667,0.0390425146,0.0390425146,0.00495522901,0.00495522901,0.00779980584,0.00779980584,-865.704464,-77.16017,-77.16017,6.99506017,6.99506017,8.3643827,8.3643827,0.128079602,0.0,0.0,-45.0734872,-0.140460019,0.0,1211.98667,-1.1618517,-865.704464,0.0,0.0
1102.0,0.0,1218.77619,0.0389414634,0.0389414634,0.00497009101,0.00497009101,0.00780898645,0.00780898645,-870.554138,-77.16017,-77.16017,7.03424633,7.03424633,8.40442455,8.40442455,0.12798848,0.0,0.0,-45.3259872,-0.140096469,0.0,1218.77619,-1.16836079,-870.554138,0.0,0.0
1102.5,0.0,1225.54812,0.0388401121,0.0388401121,0.00498469892,0.00498469892,0.0078177723,0.0078177723,-875.391204,-77.16017,-77.16017,7.07333084,7.07333084,8.4442978,8.4442978,0.127896807,0.0,0.0,-45.577833,-0.139731848,0.0,1225.54812,-1.174853,-875.391204,0.0,0.0
1103.0,0.0,1232.30233,0.0387384657,0.0387384657,0.00499905354,0.00499905354,0.007826167,0.007826167,-880.215659,-77.16017,-77.16017,7.11231333,7.11231333,8.484003,8.484003,0.127804591,0.0,0.0,-45.829021,-0.139366168,0.0,1232.30233,-1.18132829,-880.215659,0.0,0.0
1103.5,0.0,1239.03885,0.0386365294,0.0386365294,0.00501315489,0.00501315489,0.0078341725,0.0078341725,-885.027455,-77.16017,-77.16017,7.15119339,7.15119339,8.5235404,8.5235404,0.127711826,0.0,0.0,-46.07955,-0.138999441,0.0,1239.03885,-1.1877866,-885.027455,0.0,0.0
1104.0,0.0,1245.75754,0.0385343085,0.0385343085,0.00502700372,0.00502700372,0.0078417924,0.0078417924,-889.826533,-77.16017,-77.16017,7.1899711,7.1899711,8.5629101,8.5629101,0.127618501,0.0,0.0,-46.3294178,-0.138631689,0.0,1245.75754,-1.19422785,-889.826533,0.0,0.0
1104.5,0.0,1252.45844,0.038431809,0.038431809,0.00504060033,0.00504060033,0.00784902935,0.00784902935,-894.612884,-77.16017,-77.16017,7.22864584,7.22864584,8.60211305,8.60211305,0.127524642,0.0,0.0,-46.5786226,-0.138262935,0.0,1252.45844,-1.20065203,-894.612884,0.0,0.0
1105.0,0.0,1259.1415,0.0383290343,0.0383290343,0.00505394517,0.00505394517,0.0078558865,0.0078558865,-899.386476,-77.16017,-77.16017,7.26721729,7.26721729,8.6411491,8.6411491,0.127430229,0.0,0.0,-46.8271628,-0.137893194,0.0,1259.1415,-1.20705905,-899.386476,0.0,0.0
1105.5,0.0,1265.80659,0.0382259908,0.0382259908,0.00506703862,0.00506703862,0.00786236675,0.00786236675,-904.147273,-77.16017,-77.16017,7.30568548,7.30568548,8.6800189,8.6800189,0.127335268,0.0,0.0,-47.075037,-0.137522486,0.0,1265.80659,-1.21344891,-904.147273,0.0,0.0
1106.0,0.0,1272.45374,0.0381226832,0.0381226832,0.00507988135,0.00507988135,0.00786847335,0.00786847335,-908.895235,-77.16017,-77.16017,7.34404984,7.34404984,8.71872265,8.71872265,0.127239764,0.0,0.0,-47.3222434,-0.137150823,0.0,1272.45374,-1.21982159,-908.895235,0.0,0.0
1106.5,0.0,1279.08287,0.0380191165,0.0380191165,0.00509247403,0.00509247403,0.0078742086,0.0078742086,-913.630329,-77.16017,-77.16017,7.3823104,7.3823104,8.7572607,8.7572607,0.127143713,0.0,0.0,-47.5687785,-0.13677823,0.0,1279.08287,-1.22617703,-913.630329,0.0,0.0
1107.0,0.0,1285.69395,0.0379152961,0.0379152961,0.00510481694,0.00510481694,0.0078795761,0.0078795761,-918.352532,-77.16017,-77.16017,7.42046672,7.42046672,8.7956338,8.7956338,0.127047117,0.0,0.0,-47.8146443,-0.136404728,0.0,1285.69395,-1.23251513,-918.352532,0.0,0.0
1107.5,0.0,1292.28694,0.0378112273,0.0378112273,0.00511691077,0.00511691077,0.0078859843,0.0078859843,-923.061805,-77.16017,-77.16017,7.45851849,7.45851849,8.8338421,8.8338421,0.126949973,0.0,0.0,-48.0598352,-0.136030323,0.0,1292.28694,-1.23883587,-923.061805,0.0,0.0
1108.0,0.0,1298.86178,0.0377069153,0.0377069153,0.00512875606,0.00512875606,0.00789493575,0.00789493575,-927.758119,-77.16017,-77.16017,7.49646565,7.49646565,8.871886,8.871886,0.126852288,0.0,0.0,-48.3043519,-0.135655048,0.0,1298.86178,-1.24513925,-927.758119,0.0,0.0
1108.5,0.0,1305.41846,0.037602363,0.037602363,0.00514035351,0.00514035351,0.00790360025,0.00790360025,-932.441432,-77.16017,-77.16017,7.53430785,7.53430785,8.90976545,8.90976545,0.126754057,0.0,0.0,-48.5481919,-0.135278912,0.0,1305.41846,-1.25142518,-932.441432,0.0,0.0
1109.0,0.0,1311.95685,0.0374975781,0.0374975781,0.00515170375,0.00515170375,0.0079118905,0.0079118905,-937.11174,-77.16017,-77.16017,7.57204474,7.57204474,8.9474813,8.9474813,0.126655282,0.0,0.0,-48.7913543,-0.134901938,0.0,1311.95685,-1.25769366,-937.11174,0.0,0.0
1109.5,0.0,1318.47704,0.0373925626,0.0373925626,0.00516280741,0.00516280741,0.0079198089,0.0079198089,-941.769005,-77.16017,-77.16017,7.60967626,7.60967626,8.9850344,8.9850344,0.126555957,0.0,0.0,-49.0338376,-0.134524138,0.0,1318.47704,-1.26394463,-941.769005,0.0,0.0
1110.0,0.0,1324.97886,0.0372873259,0.0372873259,0.00517366514,0.00517366514,0.007927358,0.007927358,-946.41317,-77.16017,-77.16017,7.64720223,7.64720223,9.0224241,9.0224241,0.126456097,0.0,0.0,-49.2756409,-0.134145533,0.0,1324.97886,-1.27017806,-946.41317,0.0,0.0
1110.5,0.0,1331.46241,0.0371818692,0.0371818692,0.00518427768,0.00518427768,0.0079345399,0.0079345399,-951.044253,-77.16017,-77.16017,7.68462229,7.68462229,9.0596511,9.0596511,0.126355695,0.0,0.0,-49.516761,-0.133766146,0.0,1331.46241,-1.27639392,-951.044253,0.0,0.0
1111.0,0.0,1337.92753,0.0370762009,0.0370762009,0.00519464577,0.00519464577,0.0079413576,0.0079413576,-955.662224,-77.16017,-77.16017,7.72193621,7.72193621,9.0967164,9.0967164,0.126254749,0.0,0.0,-49.7571971,-0.133385987,0.0,1337.92753,-1.28259215,-955.662224,0.0,0.0
1111.5,0.0,1344.37424,0.0369703216,0.0369703216,0.00520476992,0.00520476992,0.00794781325,0.00794781325,-960.267004,-77.16017,-77.16017,7.75914388,7.75914388,9.13361975,9.13361975,0.12615326,0.0,0.0,-49.996949,-0.133005076,0.0,1344.37424,-1.28877276,-960.267004,0.0,0.0
1112.0,0.0,1350.80249,0.0368642397,0.0368642397,0.00521465131,0.00521465131,0.0079539093,0.0079539093,-964.85862,-77.16017,-77.16017,7.79624494,7.79624494,9.170362,9.170362,0.126051231,0.0,0.0,-50.2360145,-0.132623438,0.0,1350.80249,-1.29493564,-964.85862,0.0,0.0
1112.5,0.0,1357.21226,0.0367579593,0.0367579593,0.00522429023,0.00522429023,0.0079596484,0.0079596484,-969.437017,-77.16017,-77.16017,7.83323936,7.83323936,9.2077401,9.2077401,0.125948655,0.0,0.0,-50.4743926,-0.132241082,0.0,1357.21226,-1.30108082,-969.437017,0.0,0.0
1113.0,0.0,1363.6035,0.0366514849,0.0366514849,0.00523368788,0.00523368788,0.0079650333,0.0079650333,-974.002203,-77.16017,-77.16017,7.8701269,7.8701269,9.2462537,9.2462537,0.125845519,0.0,0.0,-50.7120815,-0.131858026,0.0,1363.6035,-1.30720826,-974.002203,0.0,0.0
1113.5,0.0,1369.97622,0.036544822,0.036544822,0.00524284476,0.00524284476,0.007970066,0.007970066,-978.554112,-77.16017,-77.16017,7.90690724,7.90690724,9.28463205,9.28463205,0.125741814,0.0,0.0,-50.9490805,-0.131474294,0.0,1369.97622,-1.31331792,-978.554112,0.0,0.0
1114.0,0.0,1376.33032,0.0364379739,0.0364379739,0.00525176191,0.00525176191,0.007974749,0.007974749,-983.092765,-77.16017,-77.16017,7.94358048,7.94358048,9.3228585,9.3228585,0.125637537,0.0,0.0,-51.1853876,-0.131089897,0.0,1376.33032,-1.31940974,-983.092765,0.0,0.0
1114.5,0.0,1382.66579,0.0363309479,0.0363309479,0.00526043994,0.00526043994,0.0079790853,0.0079790853,-987.618113,-77.16017,-77.16017,7.98014613,7.98014613,9.36093365,9.36093365,0.125532691,0.0,0.0,-51.4210034,-0.130704857,0.0,1382.66579,-1.32548374,-987.618113,0.0,0.0
1115.0,0.0,1388.98261,0.0362237463,0.0362237463,0.00526888015,0.00526888015,0.00798307715,0.00798307715,-992.130124,-77.16017,-77.16017,8.0166042,8.0166042,9.3988577,9.3988577,0.125427272,0.0,0.0,-51.6559232,-0.130319193,0.0,1388.98261,-1.33153983,-992.130124,0.0,0.0
1115.5,0.0,1395.28074,0.0361163763,0.0361163763,0.00527708291,0.00527708291,0.00798672755,0.00798672755,-996.628805,-77.16017,-77.16017,8.0529543,8.0529543,9.43663045,9.43663045,0.125321281,0.0,0.0,-51.8901515,-0.129932916,0.0,1395.28074,-1.33757808,-996.628805,0.0,0.0
1116.0,0.0,1401.5602,0.0360088418,0.0360088418,0.00528504925,0.00528504925,0.00799003815,0.00799003815,-1001.114126,-77.16017,-77.16017,8.0891966,8.0891966,9.47425265,9.47425265,0.125214723,0.0,0.0,-52.1236813,-0.12954605,0.0,1401.5602,-1.34359832,-1001.114126,0.0,0.0
1116.5,0.0,1407.82092,0.0359011466,0.0359011466,0.0052927804,0.0052927804,0.0079930122,0.0079930122,-1005.586056,-77.16017,-77.16017,8.1253306,8.1253306,9.5117239,9.5117239,0.125107597,0.0,0.0,-52.3565151,-0.129158607,0.0,1407.82092,-1.34960065,-1005.586056,0.0,0.0
1117.0,0.0,1414.06285,0.0357932977,0.0357932977,0.00530027685,0.00530027685,0.0079956521,0.0079956521,-1010.04457,-77.16017,-77.16017,8.1613564,8.1613564,9.5490452,9.5490452,0.1249998984,0.0,0.0,-52.5886512,-0.128770598,0.0,1414.06285,-1.35558497,-1010.04457,0.0,0.0
1117.5,0.0,1420.28598,0.0356852969,0.0356852969,0.00530753982,0.00530753982,0.0079979604,0.0079979604,-1014.48968,-77.16017,-77.16017,8.19727365,8.19727365,9.58621645,9.58621645,0.12489163,0.0,0.0,-52.8200894,-0.128382061,0.0,1420.28598,-1.36155132,-1014.48968,0.0,0.0
1118.0,0.0,1426.49031,0.0355771519,0.0355771519,0.00531457013,0.00531457013,0.0079999397,0.0079999397,-1018.921329,-77.16017,-77.16017,8.2330822,8.2330822,9.6232377,9.6232377,0.1247827914,0.0,0.0,-53.0508258,-0.127992998,0.0,1426.49031,-1.3674996,-1018.921329,0.0,0.0
1118.5,0.0,1432.67581,0.0354688652,0.0354688652,0.00532136875,0.00532136875,0.0080015926,0.0080015926,-1023.339537,-77.16017,-77.16017,8.26878205,8.26878205,9.6601094,9.6601094,0.1246733828,0.0,0.0,-53.2808633,-0.127603423,0.0,1432.67581,-1.37342988,-1023.339537,0.0,0.0
1119.0,0.0,1438.8424,0.035360442,0.035360442,0.00532793692,0.00532793692,0.0080029214,0.0080029214,-1027.74427,-77.16017,-77.16017,8.3043731,8.3043731,9.69683185,9.69683185,0.1245634055,0.0,0.0,-53.5101975,-0.127213364,0.0,1438.8424,-1.379342,-1027.74427,0.0,0.0
1119.5,0.0,1444.99014,0.035251888,0.035251888,0.00533427522,0.00533427522,0.0080039291,0.0080039291,-1032.13549,-77.16017,-77.16017,8.3398552,8.3398552,9.7334051,9.7334051,0.12445286,0.0,0.0,-53.7388299,-0.126822826,0.0,1444.99014,-1.38523608,-1032.13549,0.0,0.0
1120.0,0.0,1451.11892,0.0351432089,0.0351432089,0.00534038491,0.00534038491,0.0080046181,0.0080046181,-1036.51323,-77.16017,-77.16017,8.375228,8.375228,9.7698295,9.7698295,0.1243417445,0.0,0.0,-53.9667591,-0.126431838,0.0,1451.11892,-1.39111199,-1036.51323,0.0,0.0
1120.5,0.0,1457.22881,0.0350344059,0.0350344059,0.0053462671,0.0053462671,0.008004991,0.008004991,-1040.87739,-77.16017,-77.16017,8.41049125,8.41049125,9.8061053,9.8061053,0.1242300584,0.0,0.0,-54.1939837,-0.126040409,0.0,1457.22881,-1.39696979,-1040.87739,0.0,0.0
1121.0,0.0,1463.31971,0.0349254858,0.0349254858,0.00535192276,0.00535192276,0.00800505045,0.00800505045,-1045.22806,-77.16017,-77.16017,8.4456455,8.4456455,9.8422331,9.8422331,0.124117802,0.0,0.0,-54.4205031,-0.125648556,0.0,1463.31971,-1.40280936,-1045.22806,0.0,0.0
1121.5,0.0,1469.3917,0.0348164527,0.0348164527,0.00535735276,0.00535735276,0.0080047988,0.0080047988,-1049.56514,-77.16017,-77.16017,8.4806902,8.4806902,9.87821265,9.87821265,0.124004976,0.0,0.0,-54.6463182,-0.125256297,0.0,1469.3917,-1.40863081,-1049.56514,0.0,0.0
1122.0,0.0,1475.44462,0.0347073103,0.0347073103,0.00536255844,0.00536255844,0.00800423915,0.00800423915,-1053.88871,-77.16017,-77.16017,8.5156254,8.5156254,9.9140446,9.9140446,0.1238915824,0.0,0.0,-54.8714253,-0.1248636509,0.0,1475.44462,-1.414434,-1053.88871,0.0,0.0
1122.5,0.0,1481.47855,0.0345980671,0.0345980671,0.00536754077,0.00536754077,0.00800337335,0.00800337335,-1058.19864,-77.16017,-77.16017,8.55045085,8.55045085,9.9497288,9.9497288,0.1237776196,0.0,0.0,-55.0958259,-0.1244706286,0.0,1481.47855,-1.42021904,-1058.19864,0.0,0.0
1123.0,0.0,1487.49346,0.0344887219,0.0344887219,0.00537230085,0.00537230085,0.0080022046,0.0080022046,-1062.49498,-77.16017,-77.16017,8.5851659,8.5851659,9.9852659,9.9852659,0.1236630874,0.0,0.0,-55.3195194,-0.124077253,0.0,1487.49346,-1.42598578,-1062.49498,0.0,0.0
1123.5,0.0,1493.4893,0.0343792828,0.0343792828,0.00537683971,0.00537683971,0.0080007354,0.0080007354,-1066.77776,-77.16017,-77.16017,8.61977155,8.61977155,10.0206561,10.0206561,0.1235479856,0.0,0.0,-55.5425031,-0.123683534,0.0,1493.4893,-1.43173432,-1066.77776,0.0,0.0
1124.0,0.0,1499.46611,0.0342697543,0.0342697543,0.0053811587,0.0053811587,0.00799896835,0.00799896835,-1071.04691,-77.16017,-77.16017,8.6542669,8.6542669,10.0558998,10.0558998,0.1234323151,0.0,0.0,-55.7647778,-0.1232894939,0.0,1499.46611,-1.43746455,-1071.04691,0.0,0.0
1124.5,0.0,1505.42381,0.03416014,0.03416014,0.00538525883,0.00538525883,0.0079969058,0.0079969058,-1075.30241,-77.16017,-77.16017,8.6886522,8.6886522,10.09099685,10.09099685,0.123316075,0.0,0.0,-55.9863442,-0.1228951414,0.0,1505.42381,-1.4431765,-1075.30241,0.0,0.0
1125.0,0.0,1511.36244,0.0340504436,0.0340504436,0.00538914121,0.00538914121,0.00799455085,0.00799455085,-1079.54426,-77.16017,-77.16017,8.7229272,8.7229272,10.1259482,10.1259482,0.1231992642,0.0,0.0,-56.2072001,-0.1225004971,0.0,1511.36244,-1.44887013,-1079.54426,0.0,0.0
1125.5,0.0,1517.28194,0.0339406703,0.0339406703,0.00539280698,0.00539280698,0.00799190575,0.00799190575,-1083.7725,-77.16017,-77.16017,8.75709215,8.75709215,10.1607534,10.1607534,0.1230818874,0.0,0.0,-56.4273454,-0.1221055769,0.0,1517.28194,-1.45454546,-1083.7725,0.0,0.0
1126.0,0.0,1523.18233,0.0338308252,0.0338308252,0.00539625729,0.00539625729,0.0079889729,0.0079889729,-1087.98708,-77.16017,-77.16017,8.7911464,8.7911464,10.19541305,10.19541305,0.1229639386,0.0,0.0,-56.6467797,-0.1217103946,0.0,1523.18233,-1.46020246,-1087.98708,0.0,0.0
1126.5,0.0,1529.06357,0.0337209117,0.0337209117,0.0053994935,0.0053994935,0.0079857554,0.0079857554,-1092.18794,-77.16017,-77.16017,8.8250908,8.8250908,10.229928,10.229928,0.1228454209,0.0,0.0,-56.8655021,-0.12131497,0.0,1529.06357,-1.46584113,-1092.18794,0.0,0.0
1127.0,0.0,1534.92571,0.0336109351,0.0336109351,0.00540251674,0.00540251674,0.00798225535,0.00798225535,-1096.37516,-77.16017,-77.16017,8.8589245,8.8589245,10.2642976,10.2642976,0.1227263349,0.0,0.0,-57.0835132,-0.1209193172,0.0,1534.92571,-1.47146148,-1096.37516,0.0,0.0
1127.5,0.0,1540.76866,0.0335008986,0.0335008986,0.00540532811,0.00540532811,0.0079784758,0.0079784758,-1100.54875,-77.16017,-77.16017,8.89264715,8.89264715,10.2985228,10.2985228,0.1226066779,0.0,0.0,-57.3008111,-0.1205234496,0.0,1540.76866,-1.47706347,-1100.54875,0.0,0.0
1128.0,0.0,1546.59244,0.033390807,0.033390807,0.00540792884,0.00540792884,0.0079744191,0.0079744191,-1104.70858,-77.16017,-77.16017,8.9262597,8.9262597,10.33260345,10.33260345,0.1224864525,0.0,0.0,-57.5173968,-0.1201273805,0.0,1546.59244,-1.48264705,-1104.70858,0.0,0.0
1128.5,0.0,1552.39706,0.0332806645,0.0332806645,0.00541032031,0.00541032031,0.0079700881,0.0079700881,-1108.85473,-77.16017,-77.16017,8.9597615,8.9597615,10.3665406,10.3665406,0.1223656561,0.0,0.0,-57.7332691,-0.1197311313,0.0,1552.39706,-1.48821228,-1108.85473,0.0,0.0
1129.0,0.0,1558.1825,0.0331704757,0.0331704757,0.0054125036,0.0054125036,0.0079654849,0.0079654849,-1112.9872,-77.16017,-77.16017,8.99315245,8.99315245,10.4003337,10.4003337,0.1222442895,0.0,0.0,-57.9484283,-0.1193347146,0.0,1558.1825,-1.49375913,-1112.9872,0.0,0.0
1129.5,0.0,1563.94873,0.0330602438,0.0330602438,0.00541447989,0.00541447989,0.00796061295,0.00796061295,-1117.10592,-77.16017,-77.16017,9.02643255,9.02643255,10.43398355,10.43398355,0.1221223567,0.0,0.0,-58.1628741,-0.1189381475,0.0,1563.94873,-1.49928758,-1117.10592,0.0,0.0
1130.0,0.0,1569.69579,0.0329499749,0.0329499749,0.0054162508,0.0054162508,0.00795547365,0.00795547365,-1121.21095,-77.16017,-77.16017,9.0596022,9.0596022,10.46749045,10.46749045,0.1219998516,0.0,0.0,-58.3766044,-0.1185414381,0.0,1569.69579,-1.50479762,-1121.21095,0.0,0.0
1130.5,0.0,1575.42365,0.0328396718,0.0328396718,0.00541781709,0.00541781709,0.0079500708,0.0079500708,-1125.30228,-77.16017,-77.16017,9.0926609,9.0926609,10.5008543,10.5008543,0.1218767781,0.0,0.0,-58.5896222,-0.1181446106,0.0,1575.42365,-1.51028927,-1125.30228,0.0,0.0
1131.0,0.0,1581.13229,0.0327293379,0.0327293379,0.00541918045,0.00541918045,0.0079444061,0.0079444061,-1129.37986,-77.16017,-77.16017,9.1256086,9.1256086,10.53407605,10.53407605,0.1217531346,0.0,0.0,-58.8019242,-0.1177476744,0.0,1581.13229,-1.5157625,-1129.37986,0.0,0.0
1131.5,0.0,1586.82169,0.0326189791,0.0326189791,0.00542034181,0.00542034181,0.0079384826,0.0079384826,-1133.44376,-77.16017,-77.16017,9.1584455,9.1584455,10.5671555,10.5671555,0.1216289198,0.0,0.0,-59.0135125,-0.1173506465,0.0,1586.82169,-1.52121733,-1133.44376,0.0,0.0
1132.0,0.0,1592.49188,0.0325085984,0.0325085984,0.00542130274,0.00542130274,0.00793230255,0.00793230255,-1137.4939,-77.16017,-77.16017,9.1911715,9.1911715,10.6000933,10.6000933,0.121504139,0.0,0.0,-59.2243867,-0.1169535375,0.0,1592.49188,-1.52665368,-1137.4939,0.0,0.0
1132.5,0.0,1598.14285,0.0323982003,0.0323982003,0.00542206443,0.00542206443,0.0079258691,0.0079258691,-1141.53029,-77.16017,-77.16017,9.2237865,9.2237865,10.63288975,10.63288975,0.1213787829,0.0,0.0,-59.4345448,-0.1165563694,0.0,1598.14285,-1.53207167,-1141.53029,0.0,0.0
1133.0,0.0,1603.77463,0.0322877877,0.0322877877,0.00542262819,0.00542262819,0.00791918395,0.00791918395,-1145.553,-77.16017,-77.16017,9.2562902,9.2562902,10.6655451,10.6655451,0.1212528599,0.0,0.0,-59.6439888,-0.1161591504,0.0,1603.77463,-1.53747125,-1145.553,0.0,0.0
1133.5,0.0,1609.38715,0.0321773677,0.0321773677,0.00542299547,0.00542299547,0.00791225055,0.00791225055,-1149.56192,-77.16017,-77.16017,9.2886834,9.2886834,10.6980593,10.6980593,0.1211263638,0.0,0.0,-59.852717,-0.1157618986,0.0,1609.38715,-1.54285238,-1149.56192,0.0,0.0
1134.0,0.0,1614.98045,0.0320669412,0.0320669412,0.00542316724,0.00542316724,0.0079058871,0.0079058871,-1153.55716,-77.16017,-77.16017,9.32096565,9.32096565,10.7304333,10.7304333,0.1209993005,0.0,0.0,-60.0607301,-0.1153646272,0.0,1614.98045,-1.54821506,-1153.55716,0.0,0.0
1134.5,0.0,1620.55453,0.0319565126,0.0319565126,0.00542314511,0.00542314511,0.0079005886,0.0079005886,-1157.53866,-77.16017,-77.16017,9.3531369,9.3531369,10.7626671,10.7626671,0.1208716641,0.0,0.0,-60.2680286,-0.114967349,0.0,1620.55453,-1.55355933,-1157.53866,0.0,0.0
1135.0,0.0,1626.10939,0.0318460876,0.0318460876,0.00542293052,0.00542293052,0.0078950512,0.0078950512,-1161.5064,-77.16017,-77.16017,9.3851971,9.3851971,10.79495735,10.79495735,0.120743458,0.0,0.0,-60.4746119,-0.1145700813,0.0,1626.10939,-1.55888518,-1161.5064,0.0,0.0
1135.5,0.0,1631.64499,0.0317356676,0.0317356676,0.00542252442,0.00542252442,0.007889261,0.007889261,-1165.4604,-77.16017,-77.16017,9.4171461,9.4171461,10.8280705,10.8280705,0.1206146662,0.0,0.0,-60.6804817,-0.1141728353,0.0,1631.64499,-1.56419259,-1165.4604,0.0,0.0
1136.0,0.0,1637.16138,0.0316252591,0.0316252591,0.00542192836,0.00542192836,0.0078832201,0.0078832201,-1169.40068,-77.16017,-77.16017,9.4489845,9.4489845,10.8611726,10.8611726,0.1204852849,0.0,0.0,-60.885634,-0.1137756239,0.0,1637.16138,-1.56948158,-1169.40068,0.0,0.0
1136.5,0.0,1642.65855,0.0315148633,0.0315148633,0.00542114378,0.00542114378,0.0078769314,0.0078769314,-1173.32721,-77.16017,-77.16017,9.48071185,9.48071185,10.8941381,10.8941381,0.1203553066,0.0,0.0,-61.0900726,-0.1133784671,0.0,1642.65855,-1.57475214,-1173.32721,0.0,0.0
1137.0,0.0,1648.1365,0.0314044867,0.0314044867,0.00542017204,0.00542017204,0.0078703968,0.0078703968,-1177.24005,-77.16017,-77.16017,9.5123281,9.5123281,10.9269673,10.9269673,0.1202247374,0.0,0.0,-61.2937962,-0.1129813722,0.0,1648.1365,-1.58000428,-1177.24005,0.0,0.0
1137.5,0.0,1653.59521,0.0312941305,0.0312941305,0.00541901445,0.00541901445,0.0078636189,0.0078636189,-1181.13915,-77.16017,-77.16017,9.5438336,9.5438336,10.95966055,10.95966055,0.120093571,0.0,0.0,-61.4968044,-0.1125843563,0.0,1653.59521,-1.58523801,-1181.13915,0.0,0.0
1138.0,0.0,1659.03475,0.0311838006,0.0311838006,0.00541767227,0.00541767227,0.00785660025,0.00785660025,-1185.0245,-77.16017,-77.16017,9.575228,9.575228,10.9922179,10.9922179,0.1199618113,0.0,0.0,-61.6990993,-0.112187432,0.0,1659.03475,-1.59045328,-1185.0245,0.0,0.0
1138.5,0.0,1664.45502,0.0310734998,0.0310734998,0.00541614706,0.00541614706,0.0078493432,0.0078493432,-1188.89614,-77.16017,-77.16017,9.60651145,9.60651145,11.0246391,11.0246391,0.1198294538,0.0,0.0,-61.9006799,-0.1117906126,0.0,1664.45502,-1.59565018,-1188.89614,0.0,0.0
1139.0,0.0,1669.85614,0.0309632319,0.0309632319,0.00541444002,0.00541444002,0.0078418499,0.0078418499,-1192.75408,-77.16017,-77.16017,9.6376845,9.6376845,11.0569259,11.0569259,0.1196965034,0.0,0.0,-62.1015448,-0.1113939101,0.0,1669.85614,-1.60082862,-1192.75408,0.0,0.0
1139.5,0.0,1675.23801,0.0308530007,0.0308530007,0.00541255278,0.00541255278,0.0078341232,0.0078341232,-1196.59828,-77.16017,-77.16017,9.66874655,9.66874655,11.0890775,11.0890775,0.1195629555,0.0,0.0,-62.3016972,-0.1109973396,0.0,1675.23801,-1.60598877,-1196.59828,0.0,0.0
1140.0,0.0,1680.60075,0.0307428096,0.0307428096,0.00541048657,0.00541048657,0.0078261649,0.0078261649,-1200.42882,-77.16017,-77.16017,9.6996976,9.6996976,11.1210941,11.1210941,0.1194288105,0.0,0.0,-62.5011346,-0.1106009166,0.0,1680.60075,-1.61113043,-1200.42882,0.0,0.0
1140.5,0.0,1685.94429,0.0306326623,0.0306326623,0.0054082427,0.0054082427,0.00781797835,0.00781797835,-1204.24561,-77.16017,-77.16017,9.7305384,9.7305384,11.15297645,11.15297645,0.1192940672,0.0,0.0,-62.69986,-0.1102046487,0.0,1685.94429,-1.61625375,-1204.24561,0.0,0.0
1141.0,0.0,1691.26866,0.0305225628,0.0305225628,0.00540582284,0.00540582284,0.00780956498,0.00780956498,-1208.04873,-77.16017,-77.16017,9.7612682,9.7612682,11.1847245,11.1847245,0.1191587265,0.0,0.0,-62.8978716,-0.1098085518,0.0,1691.26866,-1.62135867,-1208.04873,0.0,0.0
1141.5,0.0,1696.57384,0.0304125139,0.0304125139,0.00540322804,0.00540322804,0.00780092748,0.00780092748,-1211.8381,-77.16017,-77.16017,9.79188725,9.79188725,11.21633875,11.21633875,0.1190227882,0.0,0.0,-63.0951696,-0.1094126398,0.0,1696.57384,-1.62644524,-1211.8381,0.0,0.0
1142.0,0.0,1701.85991,0.0303025199,0.0303025199,0.00540046006,0.00540046006,0.00779206833,0.00779206833,-1215.61392,-77.16017,-77.16017,9.822396,9.822396,11.2478191,11.2478191,0.1188862516,0.0,0.0,-63.2917566,-0.1090169246,0.0,1701.85991,-1.63151342,-1215.61392,0.0,0.0
1142.5,0.0,1707.12676,0.0301925837,0.0301925837,0.00539752015,0.00539752015,0.00778298993,0.00778298993,-1219.37597,-77.16017,-77.16017,9.8527943,9.8527943,11.27916645,11.27916645,0.118749111,0.0,0.0,-63.4876314,-0.1086214169,0.0,1707.12676,-1.63656326,-1219.37597,0.0,0.0
1143.0,0.0,1712.37453,0.0300827097,0.0300827097,0.00539440965,0.00539440965,0.00777369459,0.00777369459,-1223.12434,-77.16017,-77.16017,9.8830821,9.8830821,11.3103807,11.3103807,0.1186113741,0.0,0.0,-63.6827933,-0.108226131,0.0,1712.37453,-1.64159477,-1223.12434,0.0,0.0
1143.5,0.0,1717.60314,0.0299729002,0.0299729002,0.0053911301,0.0053911301,0.00776418487,0.00776418487,-1226.85907,-77.16017,-77.16017,9.91325925,9.91325925,11.34146245,11.34146245,0.1184730349,0.0,0.0,-63.877245,-0.1078310829,0.0,1717.60314,-1.64660794,-1226.85907,0.0,0.0
1144.0,0.0,1722.81262,0.0298631596,0.0298631596,0.0053876828,0.0053876828,0.0077544628,0.0077544628,-1230.58015,-77.16017,-77.16017,9.94332625,9.94332625,11.3724115,11.3724115,0.118334095,0.0,0.0,-64.0709851,-0.107436276,0.0,1722.81262,-1.65160276,-1230.58015,0.0,0.0
1144.5,0.0,1728.00303,0.0297534907,0.0297534907,0.00538406937,0.00538406937,0.00774453089,0.00774453089,-1234.28755,-77.16017,-77.16017,9.9732833,9.9732833,11.4032282,11.4032282,0.1181945521,0.0,0.0,-64.264015,-0.1070417285,0.0,1728.00303,-1.65657934,-1234.28755,0.0,0.0
1145.0,0.0,1733.17436,0.0296438966,0.0296438966,0.0053802911,0.0053802911,0.00773439151,0.00773439151,-1237.98136,-77.16017,-77.16017,10.0031297,10.0031297,11.4339133,11.4339133,0.1180544075,0.0,0.0,-64.4563326,-0.106647455,0.0,1733.17436,-1.66153755,-1237.98136,0.0,0.0
1145.5,0.0,1738.32656,0.0295343815,0.0295343815,0.00537634944,0.00537634944,0.00772404719,0.00772404719,-1241.66152,-77.16017,-77.16017,10.0328662,10.0328662,11.4644668,11.4644668,0.11791366,0.0,0.0,-64.6479446,-0.1062534604,0.0,1738.32656,-1.66647752,-1241.66152,0.0,0.0
1146.0,0.0,1743.45977,0.0294249488,0.0294249488,0.00537224572,0.00537224572,0.00771350008,0.00771350008,-1245.32808,-77.16017,-77.16017,10.0624926,10.0624926,11.49488905,11.49488905,0.1177723055,0.0,0.0,-64.8388469,-0.1058597627,0.0,1743.45977,-1.67139921,-1245.32808,0.0,0.0
1146.5,0.0,1748.57388,0.0293156,0.0293156,0.00536798158,0.00536798158,0.00770275258,0.00770275258,-1248.98106,-77.16017,-77.16017,10.0920094,10.0920094,11.52518035,11.52518035,0.1176303504,0.0,0.0,-65.0290406,-0.1054663727,0.0,1748.57388,-1.67630264,-1248.98106,0.0,0.0
1147.0,0.0,1753.66899,0.0292063411,0.0292063411,0.00536355825,0.00536355825,0.00769180683,0.00769180683,-1252.6204,-77.16017,-77.16017,10.1214159,10.1214159,11.555341,11.555341,0.1174877876,0.0,0.0,-65.2185252,-0.1050732994,0.0,1753.66899,-1.68118783,-1252.6204,0.0,0.0
1147.5,0.0,1758.74504,0.0290971733,0.0290971733,0.0053589773,0.0053589773,0.00768066533,0.00768066533,-1256.24616,-77.16017,-77.16017,10.15071295,10.15071295,11.58537145,11.58537145,0.117344619,0.0,0.0,-65.4073031,-0.1046805541,0.0,1758.74504,-1.68605477,-1256.24616,0.0,0.0
1148.0,0.0,1763.80212,0.0289880999,0.0289880999,0.0053542403,0.0053542403,0.00766933052,0.00766933052,-1259.85837,-77.16017,-77.16017,10.1799,10.1799,11.6152718,11.6152718,0.1172008415,0.0,0.0,-65.5953733,-0.1042881516,0.0,1763.80212,-1.69090353,-1259.85837,0.0,0.0
1148.5,0.0,1768.84022,0.0288791254,0.0288791254,0.00534934833,0.00534934833,0.00765780436,0.00765780436,-1263.457,-77.16017,-77.16017,10.2089775,10.2089775,11.64504245,11.64504245,0.1170564576,0.0,0.0,-65.7827389,-0.1038961022,0.0,1768.84022,-1.69573407,-1263.457,0.0,0.0
1149.0,0.0,1773.85934,0.0287702518,0.0287702518,0.00534430301,0.00534430301,0.00764608962,0.00764608962,-1267.04206,-77.16017,-77.16017,10.237946,10.237946,11.67468365,11.67468365,0.1169114676,0.0,0.0,-65.9693995,-0.1035044165,0.0,1773.85934,-1.70054642,-1267.04206,0.0,0.0
1149.5,0.0,1778.85952,0.028661482,0.028661482,0.00533910591,0.00533910591,0.00763418832,0.00763418832,-1270.61364,-77.16017,-77.16017,10.2668048,10.2668048,11.70419585,11.70419585,0.116765864,0.0,0.0,-66.1553555,-0.1031131076,0.0,1778.85952,-1.70534065,-1270.61364,0.0,0.0
1150.0,0.0,1783.84077,0.0285528203,0.0285528203,0.00533375835,0.00533375835,0.0076221026,0.0076221026,-1274.17164,-77.16017,-77.16017,10.2955543,10.2955543,11.7335793,11.7335793,0.116619652,0.0,0.0,-66.3406074,-0.1027221821,0.0,1783.84077,-1.7101167,-1274.17164,0.0,0.0
1150.5,0.0,1788.80312,0.0284442684,0.0284442684,0.00532826181,0.00532826181,0.00760983507,0.00760983507,-1277.7162,-77.16017,-77.16017,10.3241949,10.3241949,11.7628343,11.7628343,0.1164728284,0.0,0.0,-66.5251526,-0.1023316536,0.0,1788.80312,-1.71487464,-1277.7162,0.0,0.0
1151.0,0.0,1793.74654,0.0283358304,0.0283358304,0.00532261754,0.00532261754,0.00759738781,0.00759738781,-1281.24722,-77.16017,-77.16017,10.3527264,10.3527264,11.7919614,11.7919614,0.1163253925,0.0,0.0,-66.709,-0.101941537,0.0,1793.74654,-1.71961446,-1281.24722,0.0,0.0
1151.5,0.0,1798.67109,0.0282275083,0.0282275083,0.00531682719,0.00531682719,0.00758476311,0.00758476311,-1284.76477,-77.16017,-77.16017,10.3811488,10.3811488,11.82096035,11.82096035,0.1161773456,0.0,0.0,-66.8921443,-0.101551834,0.0,1798.67109,-1.7243362,-1284.76477,0.0,0.0
1152.0,0.0,1803.57685,0.0281193059,0.0281193059,0.00531089229,0.00531089229,0.00757196344,0.00757196344,-1288.26885,-77.16017,-77.16017,10.40946265,10.40946265,11.8498318,11.8498318,0.1160286847,0.0,0.0,-67.0745871,-0.1011625644,0.0,1803.57685,-1.72903988,-1288.26885,0.0,0.0
1152.5,0.0,1808.46373,0.0280112254,0.0280112254,0.005304814,0.005304814,0.00755899083,0.00755899083,-1291.75949,-77.16017,-77.16017,10.43766755,10.43766755,11.87857665,11.87857665,0.1158794066,0.0,0.0,-67.2563279,-0.1007737345,0.0,1808.46373,-1.73372552,-1291.75949,0.0,0.0
1153.0,0.0,1813.33182,0.0279032707,0.0279032707,0.00529859409,0.00529859409,0.0075458474,0.0075458474,-1295.23671,-77.16017,-77.16017,10.4657639,10.4657639,11.9071942,11.9071942,0.115729514,0.0,0.0,-67.4373719,-0.1003853552,0.0,1813.33182,-1.73839312,-1295.23671,0.0,0.0
1153.5,0.0,1818.18111,0.027795444,0.027795444,0.00529223355,0.00529223355,0.00753253562,0.00753253562,-1298.70051,-77.16017,-77.16017,10.4937521,10.4937521,11.9356855,11.9356855,0.1155790054,0.0,0.0,-67.6177154,-0.0999974346,0.0,1818.18111,-1.74304267,-1298.70051,0.0,0.0
1154.0,0.0,1823.01166,0.0276877479,0.0276877479,0.00528573423,0.00528573423,0.00751905773,0.00751905773,-1302.15087,-77.16017,-77.16017,10.5216316,10.5216316,11.96405065,11.96405065,0.1154278774,0.0,0.0,-67.7973646,-0.0996099879,0.0,1823.01166,-1.74767431,-1302.15087,0.0,0.0
1154.5,0.0,1827.82343,0.0275801857,0.0275801857,0.00527909739,0.00527909739,0.00750541587,0.00750541587,-1305.58788,-77.16017,-77.16017,10.5494033,10.5494033,11.9922899,11.9922899,0.1152761309,0.0,0.0,-67.9763116,-0.0992230184,0.0,1827.82343,-1.75228792,-1305.58788,0.0,0.0
1155.0,0.0,1832.6165,0.0274727603,0.0274727603,0.00527232462,0.00527232462,0.0074916122,0.0074916122,-1309.01148,-77.16017,-77.16017,10.5770667,10.5770667,12.02040365,12.02040365,0.1151237635,0.0,0.0,-68.1545649,-0.0988365424,0.0,1832.6165,-1.75688363,-1309.01148,0.0,0.0
1155.5,0.0,1837.39086,0.027365474,0.027365474,0.00526541708,0.00526541708,0.00747764898,0.00747764898,-1312.42174,-77.16017,-77.16017,10.6046224,10.6046224,12.0483922,12.0483922,0.1149707775,0.0,0.0,-68.3321249,-0.0984505684,0.0,1837.39086,-1.7614614,-1312.42174,0.0,0.0
1156.0,0.0,1842.1466,0.0272583291,0.0272583291,0.00525837644,0.00525837644,0.00746352831,0.00746352831,-1315.81868,-77.16017,-77.16017,10.6320705,10.6320705,12.0762561,12.0762561,0.1148171686,0.0,0.0,-68.5089869,-0.0980651035,0.0,1842.1466,-1.76602127,-1315.81868,0.0,0.0
1156.5,0.0,1846.88365,0.0271513298,0.0271513298,0.00525120403,0.00525120403,0.00744925248,0.00744925248,-1319.2023,-77.16017,-77.16017,10.65941055,10.65941055,12.10399555,12.10399555,0.1146629356,0.0,0.0,-68.6851575,-0.0976801614,0.0,1846.88365,-1.7705633,-1319.2023,0.0,0.0
1157.0,0.0,1851.60209,0.0270444776,0.0270444776,0.00524390132,0.00524390132,0.00743482376,0.00743482376,-1322.57261,-77.16017,-77.16017,10.6866433,10.6866433,12.13161075,12.13161075,0.1145080769,0.0,0.0,-68.8606359,-0.0972957479,0.0,1851.60209,-1.77508746,-1322.57261,0.0,0.0
1157.5,0.0,1856.30193,0.0269377751,0.0269377751,0.00523646983,0.00523646983,0.00742024399,0.00742024399,-1325.92966,-77.16017,-77.16017,10.713769,10.713769,12.1591022,12.1591022,0.1143525928,0.0,0.0,-69.0354226,-0.096911873,0.0,1856.30193,-1.77959378,-1325.92966,0.0,0.0
1158.0,0.0,1860.98327,0.0268312252,0.0268312252,0.00522891075,0.00522891075,0.0074055156,0.0074055156,-1329.27346,-77.16017,-77.16017,10.7407876,10.7407876,12.18647015,12.18647015,0.1141964837,0.0,0.0,-69.2095184,-0.0965285495,0.0,1860.98327,-1.78408234,-1329.27346,0.0,0.0
1158.5,0.0,1865.64601,0.026724831,0.026724831,0.00522122576,0.00522122576,0.00739064051,0.00739064051,-1332.60399,-77.16017,-77.16017,10.76769875,10.76769875,12.21371525,12.21371525,0.1140397438,0.0,0.0,-69.3829245,-0.0961457831,0.0,1865.64601,-1.78855312,-1332.60399,0.0,0.0
1159.0,0.0,1870.29025,0.0266185937,0.0266185937,0.00521341604,0.00521341604,0.00737562116,0.00737562116,-1335.92129,-77.16017,-77.16017,10.79450335,10.79450335,12.2408377,12.2408377,0.1138823765,0.0,0.0,-69.555643,-0.0957635859,0.0,1870.29025,-1.79300617,-1335.92129,0.0,0.0
1159.5,0.0,1874.91599,0.0265125176,0.0265125176,0.00520548321,0.00520548321,0.00736045941,0.00736045941,-1339.22539,-77.16017,-77.16017,10.821201,10.821201,12.2678376,12.2678376,0.1137243748,0.0,0.0,-69.7276735,-0.0953819615,0.0,1874.91599,-1.79744146,-1339.22539,0.0,0.0
1160.0,0.0,1879.52326,0.0264066043,0.0264066043,0.00519742864,0.00519742864,0.00734515745,0.00734515745,-1342.51631,-77.16017,-77.16017,10.8477925,10.8477925,12.29471505,12.29471505,0.1135657439,0.0,0.0,-69.899018,-0.0950009262,0.0,1879.52326,-1.80185907,-1342.51631,0.0,0.0
1160.5,0.0,1884.11216,0.0263008556,0.0263008556,0.00518925363,0.00518925363,0.00732971738,0.00732971738,-1345.79409,-77.16017,-77.16017,10.8742777,10.8742777,12.32147115,12.32147115,0.1134064771,0.0,0.0,-70.0696781,-0.0946204831,0.0,1884.11216,-1.80625905,-1345.79409,0.0,0.0
1161.0,0.0,1888.68261,0.0261952754,0.0261952754,0.00518095965,0.00518095965,0.00731414133,0.00731414133,-1349.05873,-77.16017,-77.16017,10.90065625,10.90065625,12.3481062,12.3481062,0.1132465779,0.0,0.0,-70.239652,-0.0942406454,0.0,1888.68261,-1.81064136,-1349.05873,0.0,0.0
1161.5,0.0,1893.2347,0.0260898643,0.0260898643,0.00517254833,0.00517254833,0.00729843118,0.00729843118,-1352.31022,-77.16017,-77.16017,10.9269291,10.9269291,12.37461965,12.37461965,0.1130860405,0.0,0.0,-70.4089414,-0.093861419,0.0,1893.2347,-1.81500606,-1352.31022,0.0,0.0
1162.0,0.0,1897.76848,0.0259846261,0.0259846261,0.00516402075,0.00516402075,0.00728258935,0.00728258935,-1355.5486,-77.16017,-77.16017,10.953096,10.953096,12.4012141,12.4012141,0.1129248604,0.0,0.0,-70.577552,-0.0934828126,0.0,1897.76848,-1.81935318,-1355.5486,0.0,0.0
1162.5,0.0,1902.2839,0.0258795628,0.0258795628,0.00515537838,0.00515537838,0.00726661761,0.00726661761,-1358.77393,-77.16017,-77.16017,10.9791571,10.9791571,12.42823535,12.42823535,0.1127630336,0.0,0.0,-70.7454788,-0.093104836,0.0,1902.2839,-1.82368278,-1358.77393,0.0,0.0
1163.0,0.0,1906.7811,0.0257746768,0.0257746768,0.00514662285,0.00514662285,0.00725051811,0.00725051811,-1361.98617,-77.16017,-77.16017,11.00511285,11.00511285,12.4551671,12.4551671,0.1126005466,0.0,0.0,-70.9127278,-0.092727496,0.0,1906.7811,-1.82799485,-1361.98617,0.0,0.0
1163.5,0.0,1911.26003,0.0256699699,0.0256699699,0.00513775521,0.00513775521,0.00723429275,0.00723429275,-1365.18542,-77.16017,-77.16017,11.0309632,11.0309632,12.48197885,12.48197885,0.112437396,0.0,0.0,-71.0792991,-0.0923508007,0.0,1911.26003,-1.83228939,-1365.18542,0.0,0.0
1164.0,0.0,1915.72074,0.0255654449,0.0255654449,0.00512877713,0.00512877713,0.00721794393,0.00721794393,-1368.37163,-77.16017,-77.16017,11.05670845,11.05670845,12.5086712,12.5086712,0.1122735875,0.0,0.0,-71.2451908,-0.09197476,0.0,1915.72074,-1.83656653,-1368.37163,0.0,0.0
1164.5,0.0,1920.16324,0.0254611038,0.0254611038,0.00511968984,0.00511968984,0.00720147337,0.00720147337,-1371.54488,-77.16017,-77.16017,11.08234885,11.08234885,12.5352441,12.5352441,0.1121091091,0.0,0.0,-71.4104088,-0.0915993792,0.0,1920.16324,-1.84082618,-1371.54488,0.0,0.0
1165.0,0.0,1924.58763,0.0253569488,0.0253569488,0.00511049485,0.00511049485,0.00718488301,0.00718488301,-1374.70516,-77.16017,-77.16017,11.1078843,11.1078843,12.5616984,12.5616984,0.1119439651,0.0,0.0,-71.574948,-0.0912246689,0.0,1924.58763,-1.84506847,-1374.70516,0.0,0.0
1165.5,0.0,1928.99388,0.0252529816,0.0252529816,0.00510119343,0.00510119343,0.00716817494,0.00716817494,-1377.85246,-77.16017,-77.16017,11.13331525,11.13331525,12.5880343,12.5880343,0.1117781535,0.0,0.0,-71.7388169,-0.0908506372,0.0,1928.99388,-1.84929337,-1377.85246,0.0,0.0
1166.0,0.0,1933.38202,0.0251492053,0.0251492053,0.00509178709,0.00509178709,0.00715135119,0.00715135119,-1380.98685,-77.16017,-77.16017,11.15864225,11.15864225,12.6142518,12.6142518,0.1116116714,0.0,0.0,-71.9020115,-0.0904772924,0.0,1933.38202,-1.85350096,-1380.98685,0.0,0.0
1166.5,0.0,1937.75213,0.0250456223,0.0250456223,0.00508227697,0.00508227697,0.00713490724,0.00713490724,-1384.10835,-77.16017,-77.16017,11.1838644,11.1838644,12.6403516,12.6403516,0.1114445137,0.0,0.0,-72.0645348,-0.0901046359,0.0,1937.75213,-1.85769122,-1384.10835,0.0,0.0
1167.0,0.0,1942.10421,0.0249422329,0.0249422329,0.00507266459,0.00507266459,0.00711880139,0.00711880139,-1387.217,-77.16017,-77.16017,11.2089827,11.2089827,12.6663339,12.6663339,0.111276684,0.0,0.0,-72.2263876,-0.0897326839,0.0,1942.10421,-1.86186419,-1387.217,0.0,0.0
1167.5,0.0,1946.43832,0.0248390404,0.0248390404,0.00506295132,0.00506295132,0.00710257657,0.00710257657,-1390.31278,-77.16017,-77.16017,11.23399695,11.23399695,12.692199,12.692199,0.111108173,0.0,0.0,-72.3875729,-0.089361436,0.0,1946.43832,-1.86601996,-1390.31278,0.0,0.0
1168.0,0.0,1950.75448,0.0247360473,0.0247360473,0.00505313856,0.00505313856,0.00708623477,0.00708623477,-1393.39574,-77.16017,-77.16017,11.258908,11.258908,12.7179471,12.7179471,0.110938984,0.0,0.0,-72.5480886,-0.088990907,0.0,1950.75448,-1.87015848,-1393.39574,0.0,0.0
1168.5,0.0,1955.05274,0.0246332545,0.0246332545,0.00504322746,0.00504322746,0.00706977759,0.00706977759,-1396.46591,-77.16017,-77.16017,11.2837158,11.2837158,12.7435786,12.7435786,0.1107691116,0.0,0.0,-72.7079394,-0.0886210975,0.0,1955.05274,-1.87427984,-1396.46591,0.0,0.0
1169.0,0.0,1959.33311,0.0245306651,0.0245306651,0.00503321967,0.00503321967,0.00705320735,0.00705320735,-1399.52334,-77.16017,-77.16017,11.3084202,11.3084202,12.7690939,12.7690939,0.1105985541,0.0,0.0,-72.8671251,-0.0882520197,0.0,1959.33311,-1.87838409,-1399.52334,0.0,0.0
1169.5,0.0,1963.59559,0.0244282801,0.0244282801,0.00502311615,0.00502311615,0.00703652577,0.00703652577,-1402.56798,-77.16017,-77.16017,11.3330216,11.3330216,12.7944939,12.7944939,0.1104273096,0.0,0.0,-73.0256469,-0.0878836785,0.0,1963.59559,-1.8824712,-1402.56798,0.0,0.0
1170.0,0.0,1967.84028,0.0243261014,0.0243261014,0.0050129187,0.0050129187,0.00701973479,0.00701973479,-1405.5999,-77.16017,-77.16017,11.3575202,11.3575202,12.819778,12.819778,0.1102553755,0.0,0.0,-73.1835075,-0.0875160789,0.0,1967.84028,-1.88654127,-1405.5999,0.0,0.0
1170.5,0.0,1972.0672,0.0242241319,0.0242241319,0.00500262823,0.00500262823,0.00700283634,0.00700283634,-1408.61914,-77.16017,-77.16017,11.38191595,11.38191595,12.844947,12.844947,0.110082748,0.0,0.0,-73.3407041,-0.0871492314,0.0,1972.0672,-1.89059427,-1408.61914,0.0,0.0
1171.0,0.0,1976.27638,0.0241223723,0.0241223723,0.00499224626,0.00499224626,0.00698583223,0.00698583223,-1411.62569,-77.16017,-77.16017,11.40620965,11.40620965,12.8700011,12.8700011,0.1099094267,0.0,0.0,-73.4972436,-0.0867831424,0.0,1976.27638,-1.89463029,-1411.62569,0.0,0.0
1171.5,0.0,1980.46788,0.0240208256,0.0240208256,0.0049817741,0.0049817741,0.00696872403,0.00696872403,-1414.61961,-77.16017,-77.16017,11.43040125,11.43040125,12.8949406,12.8949406,0.109735403,0.0,0.0,-73.6531244,-0.0864178136,0.0,1980.46788,-1.89864934,-1414.61961,0.0,0.0
1172.0,0.0,1984.64171,0.0239194925,0.0239194925,0.00497121308,0.00497121308,0.00695151419,0.00695151419,-1417.60094,-77.16017,-77.16017,11.45449065,11.45449065,12.919766,12.919766,0.1095606802,0.0,0.0,-73.8083484,-0.0860532566,0.0,1984.64171,-1.90265143,-1417.60094,0.0,0.0
1172.5,0.0,1988.7979,0.0238183757,0.0238183757,0.0049605645,0.0049605645,0.00693420419,0.00693420419,-1420.56965,-77.16017,-77.16017,11.47847845,11.47847845,12.9444777,12.9444777,0.109385253,0.0,0.0,-73.9629164,-0.0856894766,0.0,1988.7979,-1.90663665,-1420.56965,0.0,0.0
1173.0,0.0,1992.93652,0.0237174764,0.0237174764,0.00494982961,0.00494982961,0.00691679591,0.00691679591,-1423.52579,-77.16017,-77.16017,11.5023647,11.5023647,12.96907585,12.96907585,0.10920912,0.0,0.0,-74.1168301,-0.0853264806,0.0,1992.93652,-1.910605,-1423.52579,0.0,0.0
1173.5,0.0,1997.05758,0.0236167969,0.0236167969,0.00493900974,0.00493900974,0.00689929117,0.00689929117,-1426.46941,-77.16017,-77.16017,11.5261496,11.5261496,12.9935609,12.9935609,0.1090322748,0.0,0.0,-74.2700918,-0.0849642748,0.0,1997.05758,-1.91455652,-1426.46941,0.0,0.0
1174.0,0.0,2001.16112,0.0235163381,0.0235163381,0.0049281062,0.0049281062,0.00688169174,0.00688169174,-1429.40052,-77.16017,-77.16017,11.5498337,11.5498337,13.0179334,13.0179334,0.1088547182,0.0,0.0,-74.4227015,-0.0846028625,0.0,2001.16112,-1.91849123,-1429.40052,0.0,0.0
1174.5,0.0,2005.24722,0.0234161031,0.0234161031,0.00491712037,0.00491712037,0.0068639996,0.0068639996,-1432.31916,-77.16017,-77.16017,11.5734167,11.5734167,13.042193,13.042193,0.108676442,0.0,0.0,-74.5746622,-0.0842422533,0.0,2005.24722,-1.92240922,-1432.31916,0.0,0.0
1175.0,0.0,2009.31583,0.0233160913,0.0233160913,0.00490605346,0.00490605346,0.00684621628,0.00684621628,-1435.2253,-77.16017,-77.16017,11.59689935,11.59689935,13.0663408,13.0663408,0.1084974471,0.0,0.0,-74.7259735,-0.083882451,0.0,2009.31583,-1.92631051,-1435.2253,0.0,0.0
1175.5,0.0,2013.36709,0.0232163063,0.0232163063,0.0048949065,0.0048949065,0.00682834362,0.00682834362,-1438.11908,-77.16017,-77.16017,11.6202812,11.6202812,13.0903769,13.0903769,0.1083177291,0.0,0.0,-74.8766375,-0.0835234639,0.0,2013.36709,-1.93019512,-1438.11908,0.0,0.0
1176.0,0.0,2017.40097,0.0231167495,0.0231167495,0.00488368126,0.00488368126,0.00681038367,0.00681038367,-1441.00042,-77.16017,-77.16017,11.64356305,11.64356305,13.1143017,13.1143017,0.1081372795,0.0,0.0,-75.0266586,-0.0831652951,0.0,2017.40097,-1.93406308,-1441.00042,0.0,0.0
1176.5,0.0,2021.41757,0.0230174213,0.0230174213,0.00487237849,0.00487237849,0.00679233769,0.00679233769,-1443.86941,-77.16017,-77.16017,11.66674505,11.66674505,13.1381152,13.1381152,0.1079561009,0.0,0.0,-75.1760334,-0.0828079525,0.0,2021.41757,-1.93791446,-1443.86941,0.0,0.0
1177.0,0.0,2025.41685,0.0229183247,0.0229183247,0.00486099973,0.00486099973,0.00677420771,0.00677420771,-1446.72602,-77.16017,-77.16017,11.6898274,11.6898274,13.1618183,13.1618183,0.1077741876,0.0,0.0,-75.3247665,-0.0824514381,0.0,2025.41685,-1.94174927,-1446.72602,0.0,0.0
1177.5,0.0,2029.39894,0.0228194601,0.0228194601,0.00484954629,0.00484954629,0.00675599547,0.00675599547,-1449.57039,-77.16017,-77.16017,11.7128101,11.7128101,13.1854107,13.1854107,0.1075915361,0.0,0.0,-75.4728588,-0.0820957635,0.0,2029.39894,-1.94556755,-1449.57039,0.0,0.0
1178.0,0.0,2033.3638,0.0227208297,0.0227208297,0.00483801925,0.00483801925,0.00673770259,0.00673770259,-1452.4024,-77.16017,-77.16017,11.7356934,11.7356934,13.20889315,13.20889315,0.1074081396,0.0,0.0,-75.6203113,-0.0817409268,0.0,2033.3638,-1.94936935,-1452.4024,0.0,0.0
1178.5,0.0,2037.31152,0.0226224346,0.0226224346,0.00482641981,0.00482641981,0.00671933093,0.00671933093,-1455.22223,-77.16017,-77.16017,11.75847805,11.75847805,13.2322663,13.2322663,0.1072239988,0.0,0.0,-75.7671265,-0.0813869415,0.0,2037.31152,-1.9531547,-1455.22223,0.0,0.0
1179.0,0.0,2041.2421,0.0225242762,0.0225242762,0.00481474939,0.00481474939,0.00670088188,0.00670088188,-1458.02984,-77.16017,-77.16017,11.7811638,11.7811638,13.2555296,13.2555296,0.1070391039,0.0,0.0,-75.9133037,-0.0810338066,0.0,2041.2421,-1.95692365,-1458.02984,0.0,0.0
1179.5,0.0,2045.1532,0.0222203618,0.0222203618,0.00475884839,0.00475884839,0.00662092733,0.00662092733,-1460.82198,-77.16017,-77.16017,11.80372555,11.80372555,13.2786585,13.2786585,0.1068534532,0.0,0.014399274576,-76.058683,-0.0788270967,0.0,2045.1532,-1.95985504,-1460.82198,0.35181048,0.021545622
1180.0,0.0,2046.90878,-0.01017758339,-0.01017758339,-0.002180668383,-0.002180668383,-0.001141093906,-0.001141093906,-1461.96503,-77.16017,-77.16017,11.81296155,11.81296155,13.2881241,13.2881241,0.1066672424,0.0,0.931850895,-76.1181934,0.04218796363,0.0,2046.90878,-1.89673782,-1461.96503,23.23033536,1.422413493
1180.5,0.0,2040.34335,-0.0641837097,-0.0641837097,-0.0137086931,-0.0137086931,-0.00984867944,-0.00984867944,-1457.23909,-77.16017,-77.16017,11.77477485,11.77477485,13.24897645,13.24897645,0.1064815806,0.0,2.36546768,-75.8721359,0.231003758,0.0,2040.34335,-1.8692261,-1457.23909,59.0707539,3.60473017
1181.0,0.0,2024.60842,-0.1164852531,-0.1164852531,-0.0246876576,-0.0246876576,-0.0177129545,-0.0177129545,-1445.99966,-77.16017,-77.16017,11.6839581,11.6839581,13.1557835,13.1557835,0.1062979211,0.0,3.79908448,-75.2869476,0.419004079,0.0,2024.60842,-1.85400935,-1445.99966,94.9111731,5.7469651
1181.5,0.0,1999.79232,-0.168522911,-0.168522911,-0.0352785255,-0.0352785255,-0.0252592002,-0.0252592002,-1428.27447,-77.16017,-77.16017,11.54073495,11.54073495,13.0085532,13.0085532,0.1061176848,0.0,5.23270116,-74.364073,0.60621382,0.0,1999.79232,-1.83057214,-1428.27447,130.7515945,7.81993469
1182.0,0.0,1965.93368,-0.220349082,-0.220349082,-0.0453465827,-0.0453465827,-0.0323757656,-0.0323757656,-1404.09034,-77.16017,-77.16017,11.3453223,11.3453223,12.8071592,12.8071592,0.1059421475,0.0,6.66631798,-73.1049086,0.792666057,0.0,1965.93368,-1.79845865,-1404.09034,166.592011,9.7946148
1182.5,0.0,1923.07069,-0.271770677,-0.271770677,-0.0547095203,-0.0547095203,-0.0389030677,-0.0389030677,-1373.47584,-77.16017,-77.16017,11.0979515,11.0979515,12.5513618,12.5513618,0.1057724169,0.0,8.08558087,-71.5109469,0.976549845,0.0,1923.07069,-1.75851034,-1373.47584,202.08062,11.6221488
1183.0,0.0,1873.37284,-0.290909765,-0.290909765,-0.0570727007,-0.0570727007,-0.0403567786,-0.0403567786,-1338.08893,-77.16017,-77.16017,10.81201835,10.81201835,12.2584825,12.2584825,0.105609287,0.0,8.601701,-69.668503,1.04094525,0.0,1873.37284,-1.77597696,-1338.08893,215.04251,12.0530769
1183.5,0.0,1823.03881,-0.288248448,-0.288248448,-0.0550295343,-0.0550295343,-0.0386852869,-0.0386852869,-1302.17294,-77.16017,-77.16017,10.5218102,10.5218102,11.96416185,11.96416185,0.1054526396,0.0,8.601701,-67.7985111,1.03684838,0.0,1823.03881,-1.74925623,-1302.17294,215.04251,11.7295568
1184.0,0.0,1772.95046,-0.287100739,-0.287100739,-0.0533044365,-0.0533044365,-0.0372542314,-0.0372542314,-1266.3963,-77.16017,-77.16017,10.2327278,10.2327278,11.6692757,11.6692757,0.1053021285,0.0,8.601701,-65.935776,1.03288067,0.0,1772.95046,-1.70168081,-1266.3963,215.04251,11.40729255
1184.5,0.0,1723.05229,-0.286031797,-0.286031797,-0.0516113464,-0.0516113464,-0.0358603579,-0.0358603579,-1230.75466,-77.16017,-77.16017,9.94473665,9.94473665,11.37379225,11.37379225,0.1051574794,0.0,8.601701,-64.0800715,1.02903795,0.0,1723.05229,-1.65379139,-1230.75466,215.04251,11.0862441
1185.0,0.0,1673.33714,-0.284997911,-0.284997911,-0.0499410342,-0.0499410342,-0.034496781,-0.034496781,-1195.24374,-77.16017,-77.16017,9.6578016,9.6578016,11.0776808,11.0776808,0.1050184556,0.0,8.601701,-62.2311715,1.0253184,0.0,1673.33714,-1.60606898,-1195.24374,215.04251,10.7663731
1185.5,0.0,1623.79909,-0.283997826,-0.283997826,-0.0482925012,-0.0482925012,-0.0331593819,-0.0331593819,-1159.85933,-77.16017,-77.16017,9.3718886,9.3718886,10.7825572,10.7825572,0.1048848443,0.0,8.601701,-60.3888575,1.02172038,0.0,1623.79909,-1.55851696,-1159.85933,215.04251,10.4476414
1186.0,0.0,1574.43223,-0.283031098,-0.283031098,-0.046664919,-0.046664919,-0.0317966564,-0.0317966564,-1124.59722,-77.16017,-77.16017,9.0869639,9.0869639,10.4950145,10.4950145,0.1047563597,0.0,8.601701,-58.5529122,1.01824238,0.0,1574.43223,-1.51112983,-1124.59722,215.04251,10.1300118
1186.5,0.0,1525.23087,-0.282097301,-0.282097301,-0.0450574796,-0.0450574796,-0.0304460484,-0.0304460484,-1089.45329,-77.16017,-77.16017,8.8029939,8.8029939,10.2073704,10.2073704,0.1046327623,0.0,8.601701,-56.7231194,1.01488288,0.0,1525.23087,-1.46390202,-1089.45329,215.04251,9.8134464
1187.0,0.0,1476.18924,-0.28119604,-0.28119604,-0.0434693957,-0.0434693957,-0.0291274285,-0.0291274285,-1054.42349,-77.16017,-77.16017,8.51994625,8.51994625,9.91838075,9.91838075,0.104513916,0.0,8.601701,-54.8992675,1.01164041,0.0,1476.18924,-1.41682804,-1054.42349,215.04251,9.497909
1187.5,0.0,1427.30178,-0.280326922,-0.280326922,-0.0418998977,-0.0418998977,-0.0278398424,-0.0278398424,-1019.503753,-77.16017,-77.16017,8.2377882,8.2377882,9.6280064,9.6280064,0.1043997065,0.0,8.601701,-53.0811494,1.00851357,0.0,1427.30178,-1.36990248,-1019.503753,215.04251,9.1833632
1188.0,0.0,1378.56287,-0.279489589,-0.279489589,-0.0403482344,-0.0403482344,-0.0265823717,-0.0265823717,-984.690144,-77.16017,-77.16017,7.95648743,7.95648743,9.3362088,9.3362088,0.1042900301,0.0,8.601701,-51.2685563,1.00550109,0.0,1378.56287,-1.32312,-984.690144,215.04251,8.8697737
1188.5,0.0,1329.96701,-0.278683659,-0.278683659,-0.0388136689,-0.0388136689,-0.0253541305,-0.0253541305,-949.978723,-77.16017,-77.16017,7.67601243,7.67601243,9.0509619,9.0509619,0.1041847447,0.0,8.601701,-49.4612825,1.00260163,0.0,1329.96701,-1.27647524,-949.978723,215.04251,8.557104
1189.0,0.0,1281.50876,-0.277908817,-0.277908817,-0.0372954828,-0.0372954828,-0.0241313873,-0.0241313873,-915.365618,-77.16017,-77.16017,7.39633188,7.39633188,8.7712386,8.7712386,0.104083616,0.0,8.601701,-47.6591273,0.999813977,0.0,1281.50876,-1.22996304,-915.365618,215.04251,8.2453205
1189.5,0.0,1233.18277,-0.277164736,-0.277164736,-0.0357929676,-0.0357929676,-0.0228695446,-0.0228695446,-880.846954,-77.16017,-77.16017,7.11741436,7.11741436,8.489062,8.489062,0.1039865415,0.0,8.601701,-45.8618901,0.997136952,0.0,1233.18277,-1.18357814,-880.846954,215.04251,7.93438734
1190.0,0.0,1184.9837,-0.27645108,-0.27645108,-0.034305438,-0.034305438,-0.0216375347,-0.0216375347,-846.418947,-77.16017,-77.16017,6.8392294,6.8392294,8.2043713,8.2043713,0.103893464,0.0,8.601701,-44.0693734,0.994569464,0.0,1184.9837,-1.13731546,-846.418947,215.04251,7.62427095
1190.5,0.0,1136.90626,-0.275767576,-0.275767576,-0.032832211,-0.032832211,-0.0204395305,-0.0204395305,-812.077831,-77.16017,-77.16017,6.56174655,6.56174655,7.91710424,7.91710424,0.1038043419,0.0,8.601701,-42.2813796,0.9921104,0.0,1136.90626,-1.09116983,-812.077831,215.04251,7.31493715
1191.0,0.0,1088.94521,-0.275113927,-0.275113927,-0.0313726269,-0.0313726269,-0.0192746548,-0.0192746548,-777.819883,-77.16017,-77.16017,6.28493553,6.28493553,7.62905004,7.62905004,0.103719119,0.0,8.601701,-40.4977163,0.989758759,0.0,1088.94521,-1.04513633,-777.819883,215.04251,7.00635244
1191.5,0.0,1041.097866,-0.274283849,-0.274283849,-0.0299041049,-0.0299041049,-0.0181288642,-0.0181288642,-743.644524,-77.16017,-77.16017,6.00879199,6.00879199,7.35546637,7.35546637,0.1036376286,0.0,8.5873407,-38.7183533,0.98565895,0.0,1041.097866,-1.000031236,-743.644524,214.6907,6.68777878
1192.0,0.0,995.496453,-0.241362322,-0.241362322,-0.0251822947,-0.0251822947,-0.01507403425,-0.01507403425,-711.183072,-77.16017,-77.16017,5.74649725,5.74649725,7.09535214,7.09535214,0.1035596255,0.0,7.66984981,-37.0282264,0.862748191,0.0,995.496453,-1.021125917,-711.183072,191.81218,5.71777253
1192.5,0.0,958.313967,-0.186747512,-0.186747512,-0.0187558733,-0.0187558733,-0.011090211,-0.011090211,-684.660743,-77.16017,-77.16017,5.53219178,5.53219178,6.87948351,6.87948351,0.1034846568,0.0,6.23623295,-35.647323,0.671737435,0.0,958.313967,-1.006840556,-684.660743,155.97176,4.47599067
1193.0,0.0,930.416107,-0.133731806,-0.133731806,-0.01304052975,-0.01304052975,-0.00761322925,-0.00761322925,-664.734229,-77.16017,-77.16017,5.37118165,5.37118165,6.71526504,6.71526504,0.1034120501,0.0,4.80261619,-34.6098356,0.481167021,0.0,930.416107,-0.980398149,-664.734229,120.1313434,3.34703595
1193.5,0.0,911.733218,-0.0808719934,-0.0808719934,-0.00772779786,-0.00772779786,-0.00447240982,-0.00447240982,-651.388998,-77.16017,-77.16017,5.2633496,5.2633496,6.60429249,6.60429249,0.1033411375,0.0,3.36899942,-33.9150081,0.290999599,0.0,911.733218,-0.962309428,-651.388998,84.2909226,2.30115058
1194.0,0.0,902.245248,-0.0281183481,-0.0281183481,-0.00265893252,-0.00265893252,-0.001531992393,-0.001531992393,-644.61158,-77.16017,-77.16017,5.20858666,5.20858666,6.54762686,6.54762686,0.1032712292,0.0,1.93538263,-33.562137,0.1012115855,0.0,902.245248,-0.953037678,-644.61158,48.4505024,1.30866592
1194.5,0.0,901.931705,0.02432781185,0.02432781185,0.002299645626,0.002299645626,0.003991900157,0.003991900157,-644.385929,-77.16017,-77.16017,5.20676337,5.20676337,6.54573653,6.54573653,0.1032016342,0.0,0.51614765121,-33.5503875,-0.08635462645,0.0,901.931705,-0.951748873,-644.385929,12.961894323,0.34951697108
1195.0,0.0,908.637443,0.0445486851,0.0445486851,0.00423863676,0.00423863676,0.00733735495,0.00733735495,-649.06437,-77.16017,-77.16017,5.24456608,5.24456608,6.58488766,6.58488766,0.103131696,0.0,0.0,-33.7939735,-0.154630983,0.0,908.637443,-0.893138169,-649.06437,0.0,0.0
1195.5,0.0,916.166034,0.0429429248,0.0429429248,0.00411995856,0.00411995856,0.00710664246,0.00710664246,-654.404952,-77.16017,-77.16017,5.2877191,5.2877191,6.6294629,6.6294629,0.1030611964,0.0,0.0,-34.0720349,-0.154327785,0.0,916.166034,-0.878771459,-654.404952,0.0,0.0
1196.0,0.0,923.629455,0.0428140092,0.0428140092,0.00414106155,0.00414106155,0.00711821198,0.00711821198,-659.735114,-77.16017,-77.16017,5.33078762,5.33078762,6.67382244,6.67382244,0.1029901389,0.0,0.0,-34.3495531,-0.154025288,0.0,923.629455,-0.885420007,-659.735114,0.0,0.0
1196.5,0.0,931.077003,0.042728593,0.042728593,0.00416612444,0.00416612444,0.00713654398,0.00713654398,-665.054768,-77.16017,-77.16017,5.37377148,5.37377148,6.71796733,6.71796733,0.1029185167,0.0,0.0,-34.6265247,-0.153721014,0.0,931.077003,-0.892550261,-665.054768,0.0,0.0
1197.0,0.0,938.50976,0.0426434912,0.0426434912,0.0041910187,0.0041910187,0.00715451091,0.00715451091,-670.363854,-77.16017,-77.16017,5.41667022,5.41667022,6.76189842,6.76189842,0.1028463317,0.0,0.0,-34.9029471,-0.153414908,0.0,938.50976,-0.899675563,-670.363854,0.0,0.0
1197.5,0.0,945.927655,0.0425579011,0.0425579011,0.00421566586,0.00421566586,0.00717198349,0.00717198349,-675.662364,-77.16017,-77.16017,5.45948299,5.45948299,6.80561626,6.80561626,0.1027735909,0.0,0.0,-35.1788166,-0.153106988,0.0,945.927655,-0.906786802,-675.662364,0.0,0.0
1198.0,0.0,953.330606,0.0424718123,0.0424718123,0.00424006366,0.00424006366,0.00718896349,0.00718896349,-680.950177,-77.16017,-77.16017,5.50220962,5.50220962,6.84912176,6.84912176,0.1027002872,0.0,0.0,-35.4541295,-0.152797276,0.0,953.330606,-0.913883712,-680.950177,0.0,0.0
1198.5,0.0,960.718512,0.0423852285,0.0423852285,0.0042642115,0.0042642115,0.00720545584,0.00720545584,-686.22726,-77.16017,-77.16017,5.54484944,5.54484944,6.89241581,6.89241581,0.1026264249,0.0,0.0,-35.728885,-0.15248578,0.0,960.718512,-0.920966223,-686.22726,0.0,0.0
1199.0,0.0,968.09129,0.0422981556,0.0422981556,0.00428810889,0.00428810889,0.00722280495,0.00722280495,-691.493534,-77.16017,-77.16017,5.58740201,5.58740201,6.93549902,6.93549902,0.1025520084,0.0,0.0,-36.0030773,-0.152172525,0.0,968.09129,-0.928034241,-691.493534,0.0,0.0
1199.5,0.0,975.448894,0.0422105988,0.0422105988,0.00431175515,0.00431175515,0.00724642453,0.00724642453,-696.748969,-77.16017,-77.16017,5.62986688,5.62986688,6.97837224,6.97837224,0.1024770326,0.0,0.0,-36.2767044,-0.151857532,0.0,975.448894,-0.935087688,-696.748969,0.0,0.0
1200.0,0.0,982.791202,0.0421225637,0.0421225637,0.00433514969,0.00433514969,0.00727046323,0.00727046323,-701.993467,-77.16017,-77.16017,5.67224344,5.67224344,7.02103615,7.02103615,0.102401504,0.0,0.0,-36.5497623,-0.151540813,0.0,982.791202,-0.94212649,-701.993467,0.0,0.0
1200.5,0.0,990.116533,0.0418997097,0.0418997097,0.00434430969,0.00434430969,0.00727063539,0.00727063539,-707.224932,-77.16017,-77.16017,5.71451475,5.71451475,7.06347498,7.06347498,0.1023254195,0.0,0.009368312205,-36.8221426,-0.150012957,0.0,990.116533,-0.948615017,-707.224932,0.2294216,0.006818848
1201.0,0.0,996.03101,0.0207300438,0.0207300438,0.002161095174,0.002161095174,0.00361124853,0.00361124853,-711.37711,-77.16017,-77.16017,5.74806496,5.74806496,7.09707788,7.09707788,0.1022488301,0.0,0.607675808,-37.0383292,-0.0709368248,0.0,996.03101,-0.911985914,-711.37711,15.14889646,0.451606248
1201.5,0.0,996.50604,-0.014600938306,-0.014600938306,-0.001522908496,-0.001522908496,-0.000901326006,-0.000901326006,-711.692512,-77.16017,-77.16017,5.75061366,5.75061366,7.09962747,7.09962747,0.10217205,0.0,1.54256167,-37.0547501,0.05260075773,0.0,996.50604,-0.89848664,-711.692512,38.5210432,1.14821567
1202.0,0.0,990.975228,-0.0488957445,-0.0488957445,-0.00507162247,-0.00507162247,-0.00303069728,-0.00303069728,-707.741573,-77.16017,-77.16017,5.71868935,5.71868935,7.06765802,7.06765802,0.1020954931,0.0,2.47744757,-36.8490421,0.1758752846,0.0,990.975228,-0.892974729,-707.741573,61.8931905,1.83438256
1202.5,0.0,979.483347,-0.0830905083,-0.0830905083,-0.00851842815,-0.00851842815,-0.00507378414,-0.00507378414,-699.533297,-77.16017,-77.16017,5.65236471,5.65236471,7.00102334,7.00102334,0.1020195866,0.0,3.4123334,-36.4216723,0.298893288,0.0,979.483347,-0.88206908,-699.533297,85.2653375,2.49760868
1203.0,0.0,962.043368,-0.117216058,-0.117216058,-0.0118029141,-0.0118029141,-0.00698731317,-0.00698731317,-687.076356,-77.16017,-77.16017,5.55171039,5.55171039,6.8993369,6.8993369,0.101944781,0.0,4.34721928,-35.7730942,0.4216644,0.0,962.043368,-0.865461908,-687.076356,108.637483,3.12542965
1203.5,0.0,938.670162,-0.15100817,-0.15100817,-0.0148363004,-0.0148363004,-0.0086899133,-0.0086899133,-670.383223,-77.16017,-77.16017,5.41682653,5.41682653,6.76199843,6.76199843,0.1018715121,0.0,5.26335371,-34.903955,0.541783902,0.0,938.670162,-0.844227469,-670.383223,131.550787,3.69271964
1204.0,0.0,912.162271,-0.142845114,-0.142845114,-0.0136532918,-0.0136532918,-0.00790277625,-0.00790277625,-651.594073,-77.16017,-77.16017,5.26500663,5.26500663,6.60596613,6.60596613,0.1018001465,0.0,5.00163938,-33.9256853,0.506584023,0.0,912.162271,-0.903515897,-651.594073,125.0839853,3.41544526
1204.5,0.0,890.588283,-0.1062894986,-0.1062894986,-0.0099183424,-0.0099183424,-0.00568269802,-0.00568269802,-636.232085,-77.16017,-77.16017,5.14087869,5.14087869,6.47722591,6.47722591,0.1017305675,0.0,4.06675352,-33.1258523,0.382209453,0.0,890.588283,-0.910859136,-636.232085,101.711838,2.7117311
1205.0,0.0,875.093704,-0.0717306743,-0.0717306743,-0.00657708972,-0.00657708972,-0.00374068901,-0.00374068901,-625.165453,-77.16017,-77.16017,5.05145821,5.05145821,6.38381365,6.38381365,0.1016623381,0.0,3.13186764,-32.5496614,0.258089827,0.0,875.093704,-0.896547762,-625.165453,78.3396899,2.05219187
1205.5,0.0,865.60229,-0.0372955875,-0.0372955875,-0.00338261334,-0.00338261334,-0.00191513744,-0.00191513744,-618.385706,-77.16017,-77.16017,4.99667658,4.99667658,6.32630683,6.32630683,0.1015950154,0.0,2.19698179,-32.1966686,0.1342091335,0.0,865.60229,-0.887349636,-618.385706,54.9675438,1.42419237
1206.0,0.0,862.101131,-0.00292537187,-0.00292537187,-0.00026425094,-0.00026425094,0.000171479184,0.000171479184,-615.884707,-77.16017,-77.16017,4.97646807,4.97646807,6.3050392,6.3050392,0.101528152,0.0,1.262095926,-32.066453,0.01055929899,0.0,862.101131,-0.88388673,-615.884707,31.595397,0.81513121
1206.5,0.0,864.577574,0.0312465504,0.0312465504,0.0028305872,0.0028305872,0.00500201557,0.00500201557,-617.652499,-77.16017,-77.16017,4.99075208,4.99075208,6.32007499,6.32007499,0.1014612805,0.0,0.336601860877,-32.1584934,-0.1116534146,0.0,864.577574,-0.88562035,-617.652499,8.4526718987,0.21839377779
1207.0,0.0,871.626664,0.0444068617,0.0444068617,0.00405312451,0.00405312451,0.00714007667,0.00714007667,-622.614921,-77.16017,-77.16017,5.03084944,5.03084944,6.36221005,6.36221005,0.1013939775,0.0,0.0,-32.4168657,-0.156082234,0.0,871.626664,-0.849969224,-622.614921,0.0,0.0
1207.5,0.0,879.207748,0.0433333094,0.0433333094,0.00398970442,0.00398970442,0.00700289893,0.00700289893,-628.005891,-77.16017,-77.16017,5.07440942,5.07440942,6.40785735,6.40785735,0.1013261079,0.0,0.0,-32.697549,-0.155789417,0.0,879.207748,-0.843161769,-628.005891,0.0,0.0
1208.0,0.0,886.741713,0.0432226043,0.0432226043,0.00401361863,0.00401361863,0.00701972285,0.00701972285,-633.386744,-77.16017,-77.16017,5.11788768,5.11788768,6.45328522,6.45328522,0.1012576674,0.0,0.0,-32.9777063,-0.155496324,0.0,886.741713,-0.850054072,-633.386744,0.0,0.0
1208.5,0.0,894.260692,0.0431400636,0.0431400636,0.00403992176,0.00403992176,0.00704064461,0.00704064461,-638.757391,-77.16017,-77.16017,5.16128376,5.16128376,6.49849455,6.49849455,0.101188658,0.0,0.0,-33.2573344,-0.155201341,0.0,894.260692,-0.857256031,-638.757391,0.0,0.0
1209.0,0.0,901.765308,0.0430575251,0.0430575251,0.00406603046,0.00406603046,0.00706112842,0.00706112842,-644.11785,-77.16017,-77.16017,5.20459716,5.20459716,6.54348629,6.54348629,0.1011190809,0.0,0.0,-33.5364293,-0.154904434,0.0,901.765308,-0.864450252,-644.11785,0.0,0.0
1209.5,0.0,909.255515,0.042974468,0.042974468,0.0040918951,0.0040918951,0.00708109357,0.00708109357,-649.467984,-77.16017,-77.16017,5.24782738,5.24782738,6.58826102,6.58826102,0.101048938,0.0,0.0,-33.8149883,-0.154605626,0.0,909.255515,-0.871630787,-649.467984,0.0,0.0
1210.0,0.0,916.731213,0.0428908858,0.0428908858,0.00411751396,0.00411751396,0.00710054345,0.00710054345,-654.807768,-77.16017,-77.16017,5.29097381,5.29097381,6.63281976,6.63281976,0.1009782277,0.0,0.0,-34.0930081,-0.154304937,0.0,916.731213,-0.878797405,-654.807768,0.0,0.0
1210.5,0.0,924.192318,0.0428067847,0.0428067847,0.00414288628,0.00414288628,0.00711948255,0.00711948255,-660.137127,-77.16017,-77.16017,5.3340362,5.3340362,6.67716303,6.67716303,0.1009069503,0.0,0.0,-34.3704849,-0.154002373,0.0,924.192318,-0.885950043,-660.137127,0.0,0.0
1211.0,0.0,931.638736,0.0427221705,0.0427221705,0.00416801135,0.00416801135,0.00713791563,0.00713791563,-665.455998,-77.16017,-77.16017,5.37701362,5.37701362,6.7212918,6.7212918,0.1008351109,0.0,0.0,-34.6474148,-0.153697965,0.0,931.638736,-0.893088589,-665.455998,0.0,0.0
1211.5,0.0,939.070365,0.0426370467,0.0426370467,0.00419288844,0.00419288844,0.00715584739,0.00715584739,-670.764297,-77.16017,-77.16017,5.41990574,5.41990574,6.76520662,6.76520662,0.100762709,0.0,0.0,-34.9237956,-0.153391724,0.0,939.070365,-0.900212993,-670.764297,0.0,0.0
1212.0,0.0,946.487128,0.0425514183,0.0425514183,0.00421751664,0.00421751664,0.00717328276,0.00717328276,-676.06199,-77.16017,-77.16017,5.46271211,5.46271211,6.80890857,6.80890857,0.1006897434,0.0,0.0,-35.1996232,-0.153083671,0.0,946.487128,-0.907323154,-676.06199,0.0,0.0
1212.5,0.0,953.888949,0.0424652914,0.0424652914,0.00424189563,0.00424189563,0.0071902258,0.0071902258,-681.348991,-77.16017,-77.16017,5.5054322,5.5054322,6.85239804,6.85239804,0.1006162174,0.0,0.0,-35.4748947,-0.152773818,0.0,953.888949,-0.914418978,-681.348991,0.0,0.0
1213.0,0.0,961.275721,0.0423786707,0.0423786707,0.00426602458,0.00426602458,0.00720668147,0.00720668147,-686.625276,-77.16017,-77.16017,5.54806549,5.54806549,6.89567614,6.89567614,0.1005421332,0.0,0.0,-35.7496071,-0.152462192,0.0,961.275721,-0.921500397,-686.625276,0.0,0.0
1213.5,0.0,968.647369,0.0422915617,0.0422915617,0.00428990302,0.00428990302,0.00722440018,0.00722440018,-691.89074,-77.16017,-77.16017,5.59061135,5.59061135,6.9387435,6.9387435,0.100467489,0.0,0.0,-36.0237564,-0.152148804,0.0,968.647369,-0.928567316,-691.89074,0.0,0.0
1214.0,0.0,976.003804,0.0422039684,0.0422039684,0.00431353038,0.00431353038,0.00724825678,0.00724825678,-697.145317,-77.16017,-77.16017,5.63306955,5.63306955,6.98160089,6.98160089,0.1003922848,0.0,0.0,-36.297341,-0.151833676,0.0,976.003804,-0.935619671,-697.145317,0.0,0.0
1214.5,0.0,983.34495,0.0421158963,0.0421158963,0.004336906,0.004336906,0.00727225836,0.00727225836,-702.389,-77.16017,-77.16017,5.67543949,5.67543949,7.02424897,7.02424897,0.1003165226,0.0,0.0,-36.5703566,-0.151516831,0.0,983.34495,-0.942657348,-702.389,0.0,0.0
1215.0,0.0,990.67072,0.0420273516,0.0420273516,0.00436002937,0.00436002937,0.0072957694,0.0072957694,-707.621695,-77.16017,-77.16017,5.7177205,5.7177205,7.06668881,7.06668881,0.1002402051,0.0,0.0,-36.8428,-0.151198282,0.0,990.67072,-0.949680317,-707.621695,0.0,0.0
1215.5,0.0,997.981024,0.041938338,0.041938338,0.00438290005,0.00438290005,0.00731879272,0.00731879272,-712.843337,-77.16017,-77.16017,5.75991248,5.75991248,7.10892102,7.10892102,0.1001633327,0.0,0.0,-37.1146687,-0.150878047,0.0,997.981024,-0.956688454,-712.843337,0.0,0.0
1216.0,0.0,1005.275784,0.0418488616,0.0418488616,0.00440551762,0.00440551762,0.00734133109,0.00734133109,-718.053886,-77.16017,-77.16017,5.80201473,5.80201473,7.1509463,7.1509463,0.1000859047,0.0,0.0,-37.3859594,-0.150556145,0.0,1005.275784,-0.963681701,-718.053886,0.0,0.0
1216.5,0.0,1012.554934,0.0417589265,0.0417589265,0.0044278815,0.0044278815,0.00736338714,0.00736338714,-723.253266,-77.16017,-77.16017,5.84402687,5.84402687,7.19276535,7.19276535,0.1000079215,0.0,0.0,-37.6566691,-0.150232599,0.0,1012.554934,-0.970660008,-723.253266,0.0,0.0
1217.0,0.0,1019.818383,0.0416685406,0.0416685406,0.00444999164,0.00444999164,0.0073849639,0.0073849639,-728.441458,-77.16017,-77.16017,5.88594831,5.88594831,7.23437917,7.23437917,0.0999293852,0.0,0.0,-37.9267951,-0.14990742,0.0,1019.818383,-0.977623238,-728.441458,0.0,0.0
1217.5,0.0,1027.066075,0.0415777051,0.0415777051,0.00447184723,0.00447184723,0.00740606398,0.00740606398,-733.618363,-77.16017,-77.16017,5.92777869,5.92777869,7.27578851,7.27578851,0.0998502768,0.0,0.0,-38.1963344,-0.149580632,0.0,1027.066075,-0.984571365,-733.618363,0.0,0.0
1218.0,0.0,1034.29789,0.0414864274,0.0414864274,0.00449344831,0.00449344831,0.00742669009,0.00742669009,-738.78394,-77.16017,-77.16017,5.9695177,5.9695177,7.31699412,7.31699412,0.0997706069,0.0,0.0,-38.4652831,-0.149252252,0.0,1034.29789,-0.991504299,-738.78394,0.0,0.0
1218.5,0.0,1041.51378,0.0413947129,0.0413947129,0.00451479426,0.00451479426,0.00744684507,0.00744684507,-743.938138,-77.16017,-77.16017,6.01116462,6.01116462,7.3579964,7.3579964,0.0996903677,0.0,0.0,-38.7336416,-0.1489223,0.0,1041.51378,-0.998421961,-743.938138,0.0,0.0
1219.0,0.0,1048.71366,0.0413025658,0.0413025658,0.00453588492,0.00453588492,0.00746653191,0.00746653191,-749.080906,-77.16017,-77.16017,6.05271909,6.05271909,7.39879689,7.39879689,0.0996095645,0.0,0.0,-39.0014028,-0.148590791,0.0,1048.71366,-1.00532431,-749.080906,0.0,0.0
1219.5,0.0,1055.89741,0.0412099931,0.0412099931,0.00455672002,0.00455672002,0.00748575315,0.00748575315,-754.212189,-77.16017,-77.16017,6.0941809,6.0941809,7.43939559,7.43939559,0.0995282002,0.0,0.0,-39.2685658,-0.148257748,0.0,1055.89741,-1.01221122,-754.212189,0.0,0.0
1220.0,0.0,1063.06509,0.0411169978,0.0411169978,0.0045772994,0.0045772994,0.00750451196,0.00750451196,-759.331937,-77.16017,-77.16017,6.13554936,6.13554936,7.47979364,7.47979364,0.0994462656,0.0,0.0,-39.5351289,-0.147923191,0.0,1063.06509,-1.01908261,-759.331937,0.0,0.0
1220.5,0.0,1070.21649,0.0410235862,0.0410235862,0.00459762273,0.00459762273,0.00752281083,0.00752281083,-764.440076,-77.16017,-77.16017,6.17682418,6.17682418,7.5199918,7.5199918,0.0993637712,0.0,0.0,-39.8010879,-0.14758713,0.0,1070.21649,-1.02593853,-764.440076,0.0,0.0
1221.0,0.0,1077.3516,0.040929763,0.040929763,0.0046176899,0.0046176899,0.00754065283,0.00754065283,-769.536583,-77.16017,-77.16017,6.21800496,6.21800496,7.5599909,7.5599909,0.0992807123,0.0,0.0,-40.0664409,-0.147249594,0.0,1077.3516,-1.03277879,-769.536583,0.0,0.0
1221.5,0.0,1084.47036,0.0408355338,0.0408355338,0.00463750083,0.00463750083,0.00755804073,0.00755804073,-774.621388,-77.16017,-77.16017,6.25909122,6.25909122,7.60040181,7.60040181,0.0991970891,0.0,0.0,-40.3311857,-0.146910596,0.0,1084.47036,-1.03960334,-774.621388,0.0,0.0
1222.0,0.0,1091.57262,0.0407409047,0.0407409047,0.00465705523,0.00465705523,0.00757497742,0.00757497742,-779.694461,-77.16017,-77.16017,6.30008257,6.30008257,7.64328369,7.64328369,0.099112876,0.0,0.0,-40.5953174,-0.146570155,0.0,1091.57262,-1.04641214,-779.694461,0.0,0.0
1222.5,0.0,1098.65843,0.0406458792,0.0406458792,0.00467635296,0.00467635296,0.00759146571,0.00759146571,-784.755735,-77.16017,-77.16017,6.3409786,6.3409786,7.68629914,7.68629914,0.0990280555,0.0,0.0,-40.8588358,-0.146228292,0.0,1098.65843,-1.05320519,-784.755735,0.0,0.0
1223.0,0.0,1105.7276,0.0405504642,0.0405504642,0.00469539427,0.00469539427,0.00760750866,0.00760750866,-789.805165,-77.16017,-77.16017,6.38177902,6.38177902,7.72914033,7.72914033,0.0989426245,0.0,0.0,-41.121738,-0.145885023,0.0,1105.7276,-1.05998226,-789.805165,0.0,0.0
1223.5,0.0,1112.78017,0.0404546637,0.0404546637,0.00471417876,0.00471417876,0.00762310883,0.00762310883,-794.842686,-77.16017,-77.16017,6.42248326,6.42248326,7.77180776,7.77180776,0.0988565783,0.0,0.0,-41.3840205,-0.145540372,0.0,1112.78017,-1.06674342,-794.842686,0.0,0.0
1224.0,0.0,1119.81599,0.0403584837,0.0403584837,0.00473270669,0.00473270669,0.00763826963,0.00763826963,-799.868295,-77.16017,-77.16017,6.46309114,6.46309114,7.8143016,7.8143016,0.0987699245,0.0,0.0,-41.6456817,-0.145194353,0.0,1119.81599,-1.07348856,-799.868295,0.0,0.0
1224.5,0.0,1126.83506,0.0402619282,0.0402619282,0.00475097785,0.00475097785,0.00765299351,0.00765299351,-804.881894,-77.16017,-77.16017,6.50360204,6.50360204,7.85662233,7.85662233,0.0986826556,0.0,0.0,-41.9067189,-0.144846985,0.0,1126.83506,-1.08021764,-804.881894,0.0,0.0
1225.0,0.0,1133.83728,0.0401650039,0.0401650039,0.00476899238,0.00476899238,0.00766728349,0.00766728349,-809.883481,-77.16017,-77.16017,6.5440158,6.5440158,7.89877005,7.89877005,0.0985947784,0.0,0.0,-42.1671296,-0.144498291,0.0,1133.83728,-1.08693054,-809.883481,0.0,0.0
1225.5,0.0,1140.82259,0.0400677148,0.0400677148,0.00478675014,0.00478675014,0.00768114254,0.00768114254,-814.87298,-77.16017,-77.16017,6.58433189,6.58433189,7.94074514,7.94074514,0.0985062861,0.0,0.0,-42.4269112,-0.144148281,0.0,1140.82259,-1.09362727,-814.87298,0.0,0.0
1226.0,0.0,1147.7909,0.0399700668,0.0399700668,0.00480425162,0.00480425162,0.00769457361,0.00769457361,-819.85037,-77.16017,-77.16017,6.62455014,6.62455014,7.9825478,7.9825478,0.0984171829,0.0,0.0,-42.6860623,-0.143796988,0.0,1147.7909,-1.10030771,-819.85037,0.0,0.0
1226.5,0.0,1154.74224,0.0398720656,0.0398720656,0.00482149658,0.00482149658,0.00770757937,0.00770757937,-824.815575,-77.16017,-77.16017,6.66467006,6.66467006,8.0241788,8.0241788,0.098327468,0.0,0.0,-42.9445796,-0.143444415,0.0,1154.74224,-1.10697184,-824.815575,0.0,0.0
1227.0,0.0,1161.67642,0.0397737153,0.0397737153,0.00483848529,0.00483848529,0.00772016321,0.00772016321,-829.76858,-77.16017,-77.16017,6.70469123,6.70469123,8.0656379,8.0656379,0.0982371387,0.0,0.0,-43.2024605,-0.143090586,0.0,1161.67642,-1.1136196,-829.76858,0.0,0.0
1227.5,0.0,1168.59348,0.0396750212,0.0396750212,0.00485521786,0.00485521786,0.00773232767,0.00773232767,-834.709332,-77.16017,-77.16017,6.74461347,6.74461347,8.10692565,8.10692565,0.0981461949,0.0,0.0,-43.4597038,-0.142735529,0.0,1168.59348,-1.12025085,-834.709332,0.0,0.0
1228.0,0.0,1175.49328,0.0395759904,0.0395759904,0.00487169444,0.00487169444,0.00774407572,0.00774407572,-839.63778,-77.16017,-77.16017,6.78443625,6.78443625,8.14804225,8.14804225,0.0980546406,0.0,0.0,-43.7163068,-0.142379253,0.0,1175.49328,-1.12686569,-839.63778,0.0,0.0
1228.5,0.0,1182.37585,0.039476626,0.039476626,0.00488791532,0.00488791532,0.00775541063,0.00775541063,-844.553899,-77.16017,-77.16017,6.82415943,6.82415943,8.1889884,8.1889884,0.0979624715,0.0,0.0,-43.9722672,-0.142021777,0.0,1182.37585,-1.13346396,-844.553899,0.0,0.0
1229.0,0.0,1189.24106,0.0393769345,0.0393769345,0.00490388072,0.00490388072,0.00776633483,0.00776633483,-849.457623,-77.16017,-77.16017,6.86378251,6.86378251,8.2297641,8.2297641,0.0978696835,0.0,0.0,-44.2275843,-0.141663124,0.0,1189.24106,-1.14004559,-849.457623,0.0,0.0
1229.5,0.0,1196.08893,0.0392769201,0.0392769201,0.00491959092,0.00491959092,0.00777685188,0.00777685188,-854.348956,-77.16017,-77.16017,6.90330533,6.90330533,8.27037005,8.27037005,0.0977762859,0.0,0.0,-44.4822537,-0.141303311,0.0,1196.08893,-1.14661058,-854.348956,0.0,0.0
1230.0,0.0,1202.91932,0.0391765881,0.0391765881,0.00493504597,0.00493504597,0.00778696429,0.00778696429,-859.227808,-77.16017,-77.16017,6.94272747,6.94272747,8.31080575,8.31080575,0.0976822716,0.0,0.0,-44.7362752,-0.140942361,0.0,1202.91932,-1.15315888,-859.227808,0.0,0.0
1230.5,0.0,1209.73225,0.039075944,0.039075944,0.00495024644,0.00495024644,0.00779667496,0.00779667496,-864.09417,-77.16017,-77.16017,6.98204855,6.98204855,8.3510726,8.3510726,0.0975876421,0.0,0.0,-44.9896455,-0.140580283,0.0,1209.73225,-1.15969036,-864.09417,0.0,0.0
1231.0,0.0,1216.52758,0.0389749931,0.0389749931,0.00496519268,0.00496519268,0.00780598707,0.00780598707,-868.947976,-77.16017,-77.16017,7.02126844,7.02126844,8.39117035,8.39117035,0.0974923974,0.0,0.0,-45.2423622,-0.140217101,0.0,1216.52758,-1.16620509,-868.947976,0.0,0.0
1231.5,0.0,1223.30532,0.0388737405,0.0388737405,0.0049798848,0.0049798848,0.00781490363,0.00781490363,-873.78923,-77.16017,-77.16017,7.06038663,7.06038663,8.43109945,8.43109945,0.0973965344,0.0,0.0,-45.4944251,-0.139852834,0.0,1223.30532,-1.17270286,-873.78923,0.0,0.0
1232.0,0.0,1230.06539,0.0387721914,0.0387721914,0.0049943234,0.0049943234,0.0078234274,0.0078234274,-878.617871,-77.16017,-77.16017,7.09940285,7.09940285,8.47086025,8.47086025,0.097300057,0.0,0.0,-45.7458312,-0.1394875,0.0,1230.06539,-1.17918375,-878.617871,0.0,0.0
1232.5,0.0,1236.80778,0.0386703502,0.0386703502,0.00500850868,0.00500850868,0.00783156185,0.00783156185,-883.433854,-77.16017,-77.16017,7.13831698,7.13831698,8.5104532,8.5104532,0.0972029605,0.0,0.0,-45.996579,-0.139121115,0.0,1236.80778,-1.1856477,-883.433854,0.0,0.0
1233.0,0.0,1243.53242,0.038568224,0.038568224,0.00502244108,0.00502244108,0.00783930925,0.00783930925,-888.237153,-77.16017,-77.16017,7.17712856,7.17712856,8.54987845,8.54987845,0.097105247,0.0,0.0,-46.2466661,-0.138753702,0.0,1243.53242,-1.19209461,-888.237153,0.0,0.0
1233.5,0.0,1250.23925,0.0384658159,0.0384658159,0.00503612122,0.00503612122,0.00784667275,0.00784667275,-893.027743,-77.16017,-77.16017,7.21583747,7.21583747,8.5891365,8.5891365,0.0970069141,0.0,0.0,-46.4960904,-0.13838528,0.0,1250.23925,-1.19852446,-893.027743,0.0,0.0
1234.0,0.0,1256.92823,0.0383631323,0.0383631323,0.00504954944,0.00504954944,0.0078536553,0.0078536553,-897.805572,-77.16017,-77.16017,7.25444328,7.25444328,8.628228,8.628228,0.0969079634,0.0,0.0,-46.7448516,-0.138015861,0.0,1256.92823,-1.2049372,-897.805572,0.0,0.0
1234.5,0.0,1263.59927,0.0382601764,0.0382601764,0.0050627262,0.0050627262,0.00786026055,0.00786026055,-902.570616,-77.16017,-77.16017,7.29294566,7.29294566,8.6671528,8.6671528,0.0968083934,0.0,0.0,-46.9929472,-0.13764547,0.0,1263.59927,-1.21133279,-902.570616,0.0,0.0
1235.0,0.0,1270.25237,0.0381569562,0.0381569562,0.00507565207,0.00507565207,0.0078664904,0.0078664904,-907.322822,-77.16017,-77.16017,7.33134447,7.33134447,8.7059115,8.7059115,0.0967082031,0.0,0.0,-47.240374,-0.137274124,0.0,1270.25237,-1.21771113,-907.322822,0.0,0.0
1235.5,0.0,1276.88749,0.0380534745,0.0380534745,0.0050883276,0.0050883276,0.00787234865,0.00787234865,-912.062189,-77.16017,-77.16017,7.36963954,7.36963954,8.7445048,8.7445048,0.0966073951,0.0,0.0,-47.4871324,-0.136901839,0.0,1276.88749,-1.2240723,-912.062189,0.0,0.0
1236.0,0.0,1283.50454,0.0379497378,0.0379497378,0.00510075317,0.00510075317,0.00787783765,0.00787783765,-916.788667,-77.16017,-77.16017,7.40783035,7.40783035,8.78293255,8.78293255,0.0965059616,0.0,0.0,-47.7332197,-0.136528636,0.0,1283.50454,-1.23041609,-916.788667,0.0,0.0
1236.5,0.0,1290.10354,0.0378457507,0.0378457507,0.00511292949,0.00511292949,0.0078834393,0.0078834393,-921.502234,-77.16017,-77.16017,7.44591682,7.44591682,8.82119535,8.82119535,0.0964039094,0.0,0.0,-47.9786346,-0.136154528,0.0,1290.10354,-1.23674261,-921.502234,0.0,0.0
1237.0,0.0,1296.68439,0.037741518,0.037741518,0.00512485706,0.00512485706,0.00789198075,0.00789198075,-926.202823,-77.16017,-77.16017,7.48389862,7.48389862,8.8592933,8.8592933,0.096301233,0.0,0.0,-48.2233745,-0.135779543,0.0,1296.68439,-1.24305172,-926.202823,0.0,0.0
1237.5,0.0,1303.24707,0.0376370453,0.0376370453,0.00513653671,0.00513653671,0.0079007696,0.0079007696,-930.890464,-77.16017,-77.16017,7.52177565,7.52177565,8.89722745,8.89722745,0.0961979371,0.0,0.0,-48.4674394,-0.135403685,0.0,1303.24707,-1.24934347,-930.890464,0.0,0.0
1238.0,0.0,1309.79151,0.0375323366,0.0375323366,0.00514796874,0.00514796874,0.00790918395,0.00790918395,-935.565098,-77.16017,-77.16017,7.55954753,7.55954753,8.9349976,8.9349976,0.0960940149,0.0,0.0,-48.7108267,-0.135026987,0.0,1309.79151,-1.25561776,-935.565098,0.0,0.0
1238.5,0.0,1316.31779,0.0374273975,0.0374273975,0.00515915403,0.00515915403,0.0079172253,0.0079172253,-940.226684,-77.16017,-77.16017,7.59721408,7.59721408,8.97260435,8.97260435,0.0959894706,0.0,0.0,-48.9535361,-0.134649459,0.0,1316.31779,-1.26187451,-940.226684,0.0,0.0
1239.0,0.0,1322.82569,0.0373222346,0.0373222346,0.00517009324,0.00517009324,0.00792489635,0.00792489635,-944.875196,-77.16017,-77.16017,7.63477496,7.63477496,9.0100482,9.0100482,0.0958843002,0.0,0.0,-49.1955642,-0.13427112,0.0,1322.82569,-1.26811381,-944.875196,0.0,0.0
1239.5,0.0,1329.31529,0.0372168502,0.0372168502,0.00518078685,0.00518078685,0.0079321999,0.0079321999,-949.510616,-77.16017,-77.16017,7.67223019,7.67223019,9.0473292,9.0473292,0.0957785066,0.0,0.0,-49.4369117,-0.133891991,0.0,1329.31529,-1.27433546,-949.510616,0.0,0.0
1240.0,0.0,1335.78651,0.0371112502,0.0371112502,0.00519123588,0.00519123588,0.00793913805,0.00793913805,-954.132928,-77.16017,-77.16017,7.70957931,7.70957931,9.08444825,9.08444825,0.0956720823,0.0,0.0,-49.6775747,-0.133512086,0.0,1335.78651,-1.28053955,-954.132928,0.0,0.0
1240.5,0.0,1342.23935,0.0370054406,0.0370054406,0.00520144098,0.00520144098,0.0079457131,0.0079457131,-958.742082,-77.16017,-77.16017,7.74682214,7.74682214,9.1214054,9.1214054,0.0955650354,0.0,0.0,-49.9175531,-0.133131423,0.0,1342.23935,-1.28672599,-958.742082,0.0,0.0
1241.0,0.0,1348.6737,0.0368994257,0.0368994257,0.00521140257,0.00521140257,0.00795192835,0.00795192835,-963.338066,-77.16017,-77.16017,7.78395864,7.78395864,9.1582008,9.1582008,0.095457357,0.0,0.0,-50.1568457,-0.132750022,0.0,1348.6737,-1.29289476,-963.338066,0.0,0.0
1241.5,0.0,1355.08962,0.0367932107,0.0367932107,0.00522112187,0.00522112187,0.0079577851,0.0079577851,-967.92087,-77.16017,-77.16017,7.82098833,7.82098833,9.19513945,9.19513945,0.0953490497,0.0,0.0,-50.3954523,-0.132367901,0.0,1355.08962,-1.2990458,-967.92087,0.0,0.0
1242.0,0.0,1361.48701,0.0366867993,0.0366867993,0.00523059949,0.00523059949,0.00796328745,0.00796328745,-972.490427,-77.16017,-77.16017,7.85791149,7.85791149,9.2334988,9.2334988,0.0952400955,0.0,0.0,-50.633369,-0.131985076,0.0,1361.48701,-1.30517913,-972.490427,0.0,0.0
1242.5,0.0,1367.86586,0.0365801985,0.0365801985,0.0052398361,0.0052398361,0.00796843645,0.00796843645,-977.046741,-77.16017,-77.16017,7.89472726,7.89472726,9.2719275,9.2719275,0.095130478,0.0,0.0,-50.870597,-0.131601568,0.0,1367.86586,-1.31129468,-977.046741,0.0,0.0
1243.0,0.0,1374.22612,0.036473411,0.036473411,0.00524883262,0.00524883262,0.00797323505,0.00797323505,-981.589779,-77.16017,-77.16017,7.93143596,7.93143596,9.3102042,9.3102042,0.0950201965,0.0,0.0,-51.1071339,-0.131217389,0.0,1374.22612,-1.31739242,-981.589779,0.0,0.0
1243.5,0.0,1380.56781,0.036366444,0.036366444,0.00525758984,0.00525758984,0.0079776861,0.0079776861,-986.119542,-77.16017,-77.16017,7.96803723,7.96803723,9.3483296,9.3483296,0.0949092464,0.0,0.0,-51.3429779,-0.130832562,0.0,1380.56781,-1.32347232,-986.119542,0.0,0.0
1244.0,0.0,1386.89082,0.0362592999,0.0362592999,0.0052661087,0.0052661087,0.0079817921,0.0079817921,-990.635979,-77.16017,-77.16017,8.004531,8.004531,9.3863036,9.3863036,0.0947976296,0.0,0.0,-51.5781299,-0.1304471,0.0,1386.89082,-1.3295344,-990.635979,0.0,0.0
1244.5,0.0,1393.19515,0.0361519857,0.0361519857,0.00527439004,0.00527439004,0.0079855551,0.0079855551,-995.139087,-77.16017,-77.16017,8.0409168,8.0409168,9.4241264,9.4241264,0.0946853421,0.0,0.0,-51.8125874,-0.130061022,0.0,1393.19515,-1.33557851,-995.139087,0.0,0.0
1245.0,0.0,1399.4808,0.0360445042,0.0360445042,0.00528243483,0.00528243483,0.0079889781,0.0079889781,-999.628835,-77.16017,-77.16017,8.077195,8.077195,9.46179855,9.46179855,0.0945723871,0.0,0.0,-52.0463495,-0.129674349,0.0,1399.4808,-1.34160476,-999.628835,0.0,0.0
1245.5,0.0,1405.74772,0.0359368624,0.0359368624,0.00529024374,0.00529024374,0.00799206365,0.00799206365,-1004.105192,-77.16017,-77.16017,8.1133649,8.1133649,9.49932,9.49932,0.094458755,0.0,0.0,-52.2794136,-0.129287096,0.0,1405.74772,-1.34761302,-1004.105192,0.0,0.0
1246.0,0.0,1411.9959,0.0358290635,0.0358290635,0.00529781777,0.00529781777,0.00799481395,0.00799481395,-1008.568175,-77.16017,-77.16017,8.1494267,8.1494267,9.536691,9.536691,0.0943444521,0.0,0.0,-52.5117815,-0.128899276,0.0,1411.9959,-1.35360331,-1008.568175,0.0,0.0
1246.5,0.0,1418.22525,0.0357211128,0.0357211128,0.00530515814,0.00530515814,0.0079972319,0.0079972319,-1013.01773,-77.16017,-77.16017,8.18538,8.18538,9.57391155,9.57391155,0.0942294724,0.0,0.0,-52.7434508,-0.128510915,0.0,1418.22525,-1.35957564,-1013.01773,0.0,0.0
1247.0,0.0,1424.43581,0.0356130147,0.0356130147,0.00531226537,0.00531226537,0.00799931995,0.00799931995,-1017.45384,-77.16017,-77.16017,8.22122445,8.22122445,9.61098255,9.61098255,0.0941138147,0.0,0.0,-52.9744193,-0.128122017,0.0,1424.43581,-1.36552989,-1017.45384,0.0,0.0
1247.5,0.0,1430.62755,0.0355047749,0.0355047749,0.00531914073,0.00531914073,0.00800108055,0.00800108055,-1021.876497,-77.16017,-77.16017,8.2569604,8.2569604,9.6479041,9.6479041,0.0939974804,0.0,0.0,-53.2046892,-0.127732612,0.0,1430.62755,-1.37146611,-1021.876497,0.0,0.0
1248.0,0.0,1436.80044,0.0353963977,0.0353963977,0.00532578515,0.00532578515,0.0080025165,0.0080025165,-1026.28569,-77.16017,-77.16017,8.2925876,8.2925876,9.6846755,9.6846755,0.0938804654,0.0,0.0,-53.4342561,-0.127342715,0.0,1436.80044,-1.37738429,-1026.28569,0.0,0.0
1248.5,0.0,1442.9544,0.0352878864,0.0352878864,0.00533219959,0.00533219959,0.00800363055,0.00800363055,-1030.68141,-77.16017,-77.16017,8.3281057,8.3281057,9.7212984,9.7212984,0.0937627661,0.0,0.0,-53.6631217,-0.126952334,0.0,1442.9544,-1.38328432,-1030.68141,0.0,0.0
1249.0,0.0,1449.08944,0.0351792474,0.0351792474,0.00533838493,0.00533838493,0.0080044249,0.0080044249,-1035.0636,-77.16017,-77.16017,8.36351475,8.36351475,9.7577721,9.7577721,0.0936443856,0.0,0.0,-53.8912833,-0.126561491,0.0,1449.08944,-1.38916627,-1035.0636,0.0,0.0
1249.5,0.0,1455.20561,0.0350704844,0.0350704844,0.00534434249,0.00534434249,0.0080049026,0.0080049026,-1039.43227,-77.16017,-77.16017,8.39881445,8.39881445,9.7940974,9.7940974,0.0935253174,0.0,0.0,-54.1187424,-0.126170204,0.0,1455.20561,-1.39503007,-1039.43227,0.0,0.0
1250.0,0.0,1461.30284,0.0349616019,0.0349616019,0.00535007299,0.00535007299,0.0080050651,0.0080050651,-1043.78743,-77.16017,-77.16017,8.43400495,8.43400495,9.8302741,9.8302741,0.0934055641,0.0,0.0,-54.3454964,-0.125778494,0.0,1461.30284,-1.4008757,-1043.78743,0.0,0.0
1250.5,0.0,1467.38106,0.0348526065,0.0348526065,0.00535557774,0.00535557774,0.0080049166,0.0080049166,-1048.12902,-77.16017,-77.16017,8.4690858,8.4690858,9.8663026,9.8663026,0.0932851202,0.0,0.0,-54.5715438,-0.125386367,0.0,1467.38106,-1.40670318,-1048.12902,0.0,0.0
1251.0,0.0,1473.4403,0.0347435008,0.0347435008,0.00536085763,0.00536085763,0.0080044584,0.0080044584,-1052.45705,-77.16017,-77.16017,8.50405725,8.50405725,9.9021834,9.9021834,0.093163987,0.0,0.0,-54.7968853,-0.124993848,0.0,1473.4403,-1.41251242,-1052.45705,0.0,0.0
1251.5,0.0,1479.47864,0.0344746188,0.0344746188,0.00534112406,0.00534112406,0.00796673756,0.00796673756,-1056.76904,-77.16017,-77.16017,8.5388993,8.5388993,9.93789665,9.93789665,0.0930421609,0.0,0.01115931149,-55.0213935,-0.123163563,0.0,1479.47864,-1.41766693,-1056.76904,0.27267554,0.012092092
1252.0,0.0,1483.83994,0.00931964034,0.00931964034,0.001447566472,0.001447566472,0.002383833423,0.002383833423,-1059.79823,-77.16017,-77.16017,8.5633756,8.5633756,9.9629649,9.9629649,0.0929197278,0.0,0.72224382,-55.1791093,-0.02920422971,0.0,1483.83994,-1.37159729,-1059.79823,18.00499003,0.799387383
1252.5,0.0,1481.74054,-0.0326276017,-0.0326276017,-0.00506073964,-0.00506073964,-0.00339384657,-0.00339384657,-1058.27032,-77.16017,-77.16017,8.5510297,8.5510297,9.950322,9.950322,0.0927972076,0.0,1.83338816,-55.0995583,0.1174618281,0.0,1481.74054,-1.35306462,-1058.27032,45.783599,2.0291386
1253.0,0.0,1472.51447,-0.0733012808,-0.0733012808,-0.0112986821,-0.0112986821,-0.00756515949,-0.00756515949,-1051.67998,-77.16017,-77.16017,8.49777855,8.49777855,9.89573905,9.89573905,0.0926752826,0.0,2.94453252,-54.7564275,0.263665433,0.0,1472.51447,-1.34403958,-1051.67998,73.5622081,3.23973634
1253.5,0.0,1456.22216,-0.1138155705,-0.1138155705,-0.0173494052,-0.0173494052,-0.01158396205,-0.01158396205,-1040.04296,-77.16017,-77.16017,8.4037489,8.4037489,9.7991579,9.7991579,0.0925546699,0.0,4.05567684,-54.1505372,0.409418577,0.0,1456.22216,-1.32861985,-1040.04296,101.3408182,4.41357583
1254.0,0.0,1432.88588,-0.154208568,-0.154208568,-0.0231298639,-0.0231298639,-0.0153813811,-0.0153813811,-1023.37454,-77.16017,-77.16017,8.269065,8.269065,9.6603741,9.6603741,0.092436075,0.0,5.16682119,-53.2826854,0.554737884,0.0,1432.88588,-1.30644575,-1023.37454,129.1194244,5.53312294
1254.5,0.0,1402.53,-0.194167958,-0.194167958,-0.0285067136,-0.0285067136,-0.0188574931,-0.0188574931,-1001.694276,-77.16017,-77.16017,8.0938841,8.0938841,9.4790712,9.4790712,0.0923201826,0.0,6.25565662,-52.153887,0.696771545,0.0,1402.53,-1.27879998,-1001.694276,156.352683,6.55831718
1255.0,0.0,1368.48615,-0.184244398,-0.184244398,-0.026416742,-0.026416742,-0.017375105,-0.017375105,-977.549664,-77.16017,-77.16017,7.89879118,7.89879118,9.2761304,9.2761304,0.092207524,0.0,5.94462236,-50.896782,0.654146541,0.0,1368.48615,-1.3468489,-977.549664,148.666664,6.08969973
1255.5,0.0,1340.34205,-0.1406127315,-0.1406127315,-0.0197452069,-0.0197452069,-0.0129227738,-0.0129227738,-957.503676,-77.16017,-77.16017,7.73681559,7.73681559,9.1114498,9.1114498,0.092097798,0.0,4.83347782,-49.8530742,0.505663265,0.0,1340.34205,-1.35311316,-957.503676,120.888054,4.85023444
1256.0,0.0,1319.45178,-0.0993972503,-0.0993972503,-0.0137401275,-0.0137401275,-0.00895949336,-0.00895949336,-942.583047,-77.16017,-77.16017,7.61625404,7.61625404,8.99157765,8.99157765,0.0919902254,0.0,3.72233359,-49.0762216,0.357634906,0.0,1319.45178,-1.33366128,-942.583047,93.1094455,3.67741087
1256.5,0.0,1305.71749,-0.0583694368,-0.0583694368,-0.00798470829,-0.00798470829,-0.00519392635,-0.00519392635,-932.772525,-77.16017,-77.16017,7.536983,7.536983,8.91243765,8.91243765,0.0918841194,0.0,2.61118919,-48.5654305,0.210036543,0.0,1305.71749,-1.32030923,-932.772525,65.3308364,2.55329586
1257.0,0.0,1299.1169,-0.01745781489,-0.01745781489,-0.002376090275,-0.002376090275,-0.001532610896,-0.001532610896,-928.057498,-77.16017,-77.16017,7.49888474,7.49888474,8.874311,8.874311,0.0917788346,0.0,1.50004489,-48.3199399,0.0628538998,0.0,1299.1169,-1.31379103,-928.057498,37.5522273,1.46002809
1257.5,0.0,1299.62821,0.0231798116,0.0231798116,0.003156086197,0.003156086197,0.00485715895,0.00485715895,-928.4213,-77.16017,-77.16017,7.5018243,7.5018243,8.8772548,8.8772548,0.0916737047,0.0,0.400016303716,-48.3388824,-0.082482975,0.0,1299.62821,-1.31345398,-928.4213,10.0462942255,0.39043736522
1258.0,0.0,1305.57546,0.0388147604,0.0388147604,0.0053065494,0.0053065494,0.0081589736,0.0081589736,-932.58291,-77.16017,-77.16017,7.53545096,7.53545096,8.9109091,8.9109091,0.0915681124,0.0,0.0,-48.5555588,-0.135269638,0.0,1305.57546,-1.26870855,-932.58291,0.0,0.0
1258.5,0.0,1312.15347,0.0375298385,0.0375298385,0.00515690236,0.00515690236,0.0079196014,0.0079196014,-937.252855,-77.16017,-77.16017,7.57318502,7.57318502,8.9486202,8.9486202,0.0914618739,0.0,0.0,-48.7987017,-0.134890577,0.0,1312.15347,-1.25828207,-937.252855,0.0,0.0
1259.0,0.0,1318.67401,0.0373900452,0.0373900452,0.00516323093,0.00516323093,0.007920183,0.007920183,-941.909727,-77.16017,-77.16017,7.6108133,7.6108133,8.986168,8.986168,0.091354989,0.0,0.0,-49.041165,-0.134512693,0.0,1318.67401,-1.26414093,-941.909727,0.0,0.0
1259.5,0.0,1325.17533,0.0372841499,0.0372841499,0.00517399148,0.00517399148,0.00792758325,0.00792758325,-946.553513,-77.16017,-77.16017,7.64833604,7.64833604,9.0235528,9.0235528,0.0912474564,0.0,0.0,-49.2829454,-0.134134066,0.0,1325.17533,-1.27036654,-946.553513,0.0,0.0
1260.0,0.0,1331.65827,0.0371786757,0.0371786757,0.00518459494,0.00518459494,0.00793475185,0.00793475185,-951.184187,-77.16017,-77.16017,7.68575288,7.68575288,9.0607751,9.0607751,0.0911392756,0.0,0.0,-49.5240463,-0.13375465,0.0,1331.65827,-1.27658171,-951.184187,0.0,0.0
1260.5,0.0,1338.12287,0.0370730002,0.0370730002,0.00519495562,0.00519495562,0.0079415584,0.0079415584,-955.801738,-77.16017,-77.16017,7.72306362,7.72306362,9.0978355,9.0978355,0.0910304431,0.0,0.0,-49.7644621,-0.133374474,0.0,1338.12287,-1.28277942,-955.801738,0.0,0.0
1261.0,0.0,1344.56902,0.0369671149,0.0369671149,0.00520507249,0.00520507249,0.00794800305,0.00794800305,-960.406134,-77.16017,-77.16017,7.76026805,7.76026805,9.1347339,9.1347339,0.0909209595,0.0,0.0,-50.004193,-0.132993541,0.0,1344.56902,-1.28895944,-960.406134,0.0,0.0
1261.5,0.0,1350.99673,0.0368610265,0.0368610265,0.00521494637,0.00521494637,0.0079540884,0.0079540884,-964.997345,-77.16017,-77.16017,7.79736588,7.79736588,9.1714713,9.1714713,0.090810823,0.0,0.0,-50.2432382,-0.132611879,0.0,1350.99673,-1.29512182,-964.997345,0.0,0.0
1262.0,0.0,1357.40593,0.0367547399,0.0367547399,0.00522457808,0.00522457808,0.0079598163,0.0079598163,-969.57536,-77.16017,-77.16017,7.83435716,7.83435716,9.20890195,9.20890195,0.09070003,0.0,0.0,-50.4815949,-0.132229502,0.0,1357.40593,-1.30126649,-969.57536,0.0,0.0
1262.5,0.0,1363.79662,0.0366482598,0.0366482598,0.00523396842,0.00523396842,0.00796519035,0.00796519035,-974.140143,-77.16017,-77.16017,7.87124143,7.87124143,9.2474171,9.2474171,0.0905885552,0.0,0.0,-50.7192624,-0.131846425,0.0,1363.79662,-1.30739339,-974.140143,0.0,0.0
1263.0,0.0,1370.16874,0.0365415903,0.0365415903,0.0052431181,0.0052431181,0.0079702126,0.0079702126,-978.691664,-77.16017,-77.16017,7.90801853,7.90801853,9.285791,9.285791,0.0904763885,0.0,0.0,-50.9562405,-0.131462674,0.0,1370.16874,-1.31350248,-978.691664,0.0,0.0
1263.5,0.0,1376.52228,0.0364347377,0.0364347377,0.005252028,0.005252028,0.0079748852,0.0079748852,-983.22989,-77.16017,-77.16017,7.94468841,7.94468841,9.32401295,9.32401295,0.0903635315,0.0,0.0,-51.192528,-0.131078259,0.0,1376.52228,-1.3195938,-983.22989,0.0,0.0
1264.0,0.0,1382.85718,0.0363277065,0.0363277065,0.0052606989,0.0052606989,0.0079792114,0.0079792114,-987.754842,-77.16017,-77.16017,7.98125072,7.98125072,9.3620835,9.3620835,0.090249977,0.0,0.0,-51.4281214,-0.130693203,0.0,1382.85718,-1.32566721,-987.754842,0.0,0.0
1264.5,0.0,1389.17347,0.0362204998,0.0362204998,0.00526913176,0.00526913176,0.0079831928,0.0079831928,-992.266455,-77.16017,-77.16017,8.0177057,8.0177057,9.40000275,9.40000275,0.090135724,0.0,0.0,-51.6630219,-0.130307513,0.0,1389.17347,-1.33172284,-992.266455,0.0,0.0
1265.0,0.0,1395.47105,0.0361131243,0.0361131243,0.0052773274,0.0052773274,0.0079868324,0.0079868324,-996.764739,-77.16017,-77.16017,8.05405235,8.05405235,9.43777105,9.43777105,0.0900207803,0.0,0.0,-51.8972279,-0.12992122,0.0,1395.47105,-1.33776049,-996.764739,0.0,0.0
1265.5,0.0,1401.74992,0.0360055851,0.0360055851,0.00528528666,0.00528528666,0.00799013305,0.00799013305,-1001.249634,-77.16017,-77.16017,8.0902913,8.0902913,9.4753886,9.4753886,0.0899051325,0.0,0.0,-52.1307369,-0.129534333,0.0,1401.74992,-1.34378023,-1001.249634,0.0,0.0
1266.0,0.0,1408.01003,0.0358978854,0.0358978854,0.00529301062,0.00529301062,0.0079930971,0.0079930971,-1005.721167,-77.16017,-77.16017,8.1264222,8.1264222,9.51285565,9.51285565,0.0897887836,0.0,0.0,-52.36355,-0.129146868,0.0,1408.01003,-1.34978199,-1005.721167,0.0,0.0
1266.5,0.0,1414.25141,0.0357900308,0.0357900308,0.00530050005,0.00530050005,0.00799572685,0.00799572685,-1010.179288,-77.16017,-77.16017,8.16244485,8.16244485,9.55017225,9.55017225,0.089671732,0.0,0.0,-52.5956651,-0.128758853,0.0,1414.25141,-1.35576579,-1010.179288,0.0,0.0
1267.0,0.0,1420.47399,0.0356820257,0.0356820257,0.0053077559,0.0053077559,0.00799802515,0.00799802515,-1014.623981,-77.16017,-77.16017,8.1983587,8.1983587,9.58733885,9.58733885,0.0895539744,0.0,0.0,-52.8270807,-0.128370298,0.0,1420.47399,-1.36173157,-1014.623981,0.0,0.0
1267.5,0.0,1426.67775,0.035573877,0.035573877,0.00531477925,0.00531477925,0.00799999435,0.00799999435,-1019.05522,-77.16017,-77.16017,8.234164,8.234164,9.6243556,9.6243556,0.0894355104,0.0,0.0,-53.0577971,-0.127981212,0.0,1426.67775,-1.36767935,-1019.05522,0.0,0.0
1268.0,0.0,1432.86266,0.035465586,0.035465586,0.00532157089,0.00532157089,0.0080016374,0.0080016374,-1023.473017,-77.16017,-77.16017,8.2698605,8.2698605,9.66122285,9.66122285,0.0893163341,0.0,0.0,-53.2878124,-0.127591629,0.0,1432.86266,-1.37360903,-1023.473017,0.0,0.0
1268.5,0.0,1439.02871,0.0353571602,0.0353571602,0.005328132,0.005328132,0.0080029567,0.0080029567,-1027.87735,-77.16017,-77.16017,8.30544835,8.30544835,9.6979409,9.6979409,0.0891964465,0.0,0.0,-53.5171259,-0.127201556,0.0,1439.02871,-1.37952064,-1027.87735,0.0,0.0
1269.0,0.0,1445.17581,0.0352486019,0.0352486019,0.00533446337,0.00533446337,0.0080039546,0.0080039546,-1032.26813,-77.16017,-77.16017,8.34092705,8.34092705,9.73450945,9.73450945,0.0890758464,0.0,0.0,-53.745738,-0.126811002,0.0,1445.17581,-1.3854141,-1032.26813,0.0,0.0
1269.5,0.0,1451.3039,0.0351247927,0.0351247927,0.00533826253,0.00533826253,0.0080011831,0.0080011831,-1036.64524,-77.16017,-77.16017,8.3762948,8.3762948,9.7709275,9.7709275,0.088954529,0.0,0.001056740028,-53.973633,-0.126283843,0.0,1451.3039,-1.39122922,-1036.64524,0.02582962,0.0011237216
1270.0,0.0,1457.25596,0.0326434469,0.0326434469,0.00498129474,0.00498129474,0.00745855822,0.00745855822,-1040.88856,-77.16017,-77.16017,8.4105817,8.4105817,9.8061983,9.8061983,0.0888325049,0.0,0.0684156842,-54.1945644,-0.1170290071,0.0,1457.25596,-1.39217544,-1040.88856,1.70555103,0.0743999026
1270.5,0.0,1462.57883,0.0285711571,0.0285711571,0.00437581369,0.00437581369,0.00654594997,0.00654594997,-1044.68793,-77.16017,-77.16017,8.4412811,8.4412811,9.8377503,9.8377503,0.0887098191,0.0,0.173670582,-54.3923814,-0.1027805035,0.0,1462.57883,-1.39571359,-1044.68793,4.33692345,0.189815151
1271.0,0.0,1467.20944,0.0246194038,0.0246194038,0.00378252231,0.00378252231,0.00565391118,0.00565391118,-1047.99548,-77.16017,-77.16017,8.4680068,8.4680068,9.8651955,9.8651955,0.088586546,0.0,0.27892548,-54.5645901,-0.0885754609,0.0,1467.20944,-1.40013619,-1047.99548,6.96829584,0.305924404
1271.5,0.0,1471.15347,0.0206829909,0.0206829909,0.00318627506,0.00318627506,0.00475944108,0.00475944108,-1050.81263,-77.16017,-77.16017,8.4907702,8.4907702,9.88855585,9.88855585,0.0884627539,0.0,0.384180376,-54.7112691,-0.0744139801,0.0,1471.15347,-1.40393712,-1050.81263,9.5996684,0.422565632
1272.0,0.0,1474.41313,0.0167588073,0.0167588073,0.00258746406,0.00258746406,0.00386281162,0.00386281162,-1053.14103,-77.16017,-77.16017,8.509584,8.509584,9.9078518,9.9078518,0.0883385156,0.0,0.489435274,-54.8324982,-0.0602962733,0.0,1474.41313,-1.40708271,-1053.14103,12.23104085,0.539577477
1272.5,0.0,1476.99059,0.01285109585,0.01285109585,0.0019876051,0.0019876051,0.00296597057,0.00296597057,-1054.98214,-77.16017,-77.16017,8.52446055,8.52446055,9.9231021,9.9231021,0.0882139032,0.0,0.594392547,-54.9283562,-0.0462608406,0.0,1476.99059,-1.40959119,-1054.98214,14.85514055,0.65647767
1273.0,0.0,1478.9322,0.00961938555,0.00961938555,0.00148974768,0.00148974768,0.00222230321,0.00222230321,-1056.37134,-77.16017,-77.16017,8.53568535,8.53568535,9.934605,9.934605,0.0880889824,0.0,0.680681385,-55.0006841,-0.0347267037,0.0,1478.9322,-1.41281347,-1056.37134,17.0135566,0.752843742
1273.5,0.0,1480.36761,0.00684781725,0.00684781725,0.00106154539,0.00106154539,0.00158315031,0.00158315031,-1057.39743,-77.16017,-77.16017,8.54397645,8.54397645,9.943099,9.943099,0.0879638131,0.0,0.756299819,-55.0541086,-0.0246424583,0.0,1480.36761,-1.41465078,-1057.39743,18.9040177,0.837305319
1274.0,0.0,1481.31677,0.00405451193,0.00405451193,0.000628931563,0.000628931563,0.000937812811,0.000937812811,-1058.07541,-77.16017,-77.16017,8.5494547,8.5494547,9.9487105,9.9487105,0.087838444,0.0,0.831918272,-55.08941,-0.0145898749,0.0,1481.31677,-1.41558599,-1058.07541,20.7944787,0.921626226
1274.5,0.0,1481.78015,0.001269101698,0.001269101698,0.000196923304,0.000196923304,0.00029361302,0.00029361302,-1058.40647,-77.16017,-77.16017,8.5521294,8.5521294,9.9514499,9.9514499,0.0877129329,0.0,0.907536725,-55.1066449,-0.004568967228,0.0,1481.78015,-1.41604515,-1058.40647,22.6849402,1.005724818
1275.0,0.0,1481.75929,-0.001507539755,-0.001507539755,-0.000233917856,-0.000233917856,-0.000156885796,-0.000156885796,-1058.39157,-77.16017,-77.16017,8.5520095,8.5520095,9.9513269,9.9513269,0.0875873269,0.0,0.983155158,-55.1058709,0.00542033389,0.0,1481.75929,-1.41603982,-1058.39157,24.5754011,1.08951976
1275.5,0.0,1481.25586,-0.00426455792,-0.00426455792,-0.000661487004,-0.000661487004,-0.000443612833,-0.000443612833,-1058.03205,-77.16017,-77.16017,8.5491044,8.5491044,9.94835185,9.94835185,0.087461672,0.0,1.05801694,-55.0871525,0.0152803089,0.0,1481.25586,-1.41561492,-1058.03205,26.4473056,1.17210808
1276.0,0.0,1480.38402,-0.00531924178,-0.00531924178,-0.000824619689,-0.000824619689,-0.000552935627,-0.000552935627,-1057.41522,-77.16017,-77.16017,8.54412035,8.54412035,9.94324625,9.94324625,0.0873360225,0.0,1.0852401,-55.0550362,0.0188391029,0.0,1480.38402,-1.41821341,-1057.41522,27.131002,1.20171089
1276.5,0.0,1479.47092,-0.00522241892,-0.00522241892,-0.000809108695,-0.000809108695,-0.00054244962,-0.00054244962,-1056.76496,-77.16017,-77.16017,8.5388657,8.5388657,9.93786365,9.93786365,0.087210388,0.0,1.0852401,-55.0211789,0.018779607,0.0,1479.47092,-1.41847673,-1056.76496,27.131002,1.20097188
1277.0,0.0,1478.56336,-0.00520361562,-0.00520361562,-0.000805700875,-0.000805700875,-0.000540080704,-0.000540080704,-1056.11673,-77.16017,-77.16017,8.5336282,8.5336282,9.9324974,9.9324974,0.0870847716,0.0,1.0852401,-54.9874293,0.01872047,0.0,1478.56336,-1.41763318,-1056.11673,27.131002,1.20023521
1277.5,0.0,1477.65871,-0.00518719638,-0.00518719638,-0.000802667217,-0.000802667217,-0.000537963507,-0.000537963507,-1055.47054,-77.16017,-77.16017,8.52840675,8.52840675,9.9271469,9.9271469,0.0869591731,0.0,1.0852401,-54.9537847,0.0186615592,0.0,1477.65871,-1.41676623,-1055.47054,27.131002,1.19950085
1278.0,0.0,1476.75687,-0.00517088217,-0.00517088217,-0.000799654432,-0.000799654432,-0.000535861219,-0.000535861219,-1054.82642,-77.16017,-77.16017,8.52320205,8.52320205,9.9218126,9.9218126,0.086833591,0.0,1.0852401,-54.9202476,0.0186028697,0.0,1476.75687,-1.41590152,-1054.82642,27.131002,1.19876881
1278.5,0.0,1475.85793,-0.00515463003,-0.00515463003,-0.000796655836,-0.000796655836,-0.000533769326,-0.000533769326,-1054.18427,-77.16017,-77.16017,8.5180135,8.5180135,9.91649435,9.91649435,0.086708029,0.0,1.0852401,-54.8868154,0.0185444005,0.0,1475.85793,-1.41503951,-1054.18427,27.131002,1.19803908
1279.0,0.0,1474.9618,-0.00513843873,-0.00513843873,-0.000793671225,-0.000793671225,-0.000531687695,-0.000531687695,-1053.54419,-77.16017,-77.16017,8.51284155,8.51284155,9.911192,9.911192,0.0865824805,0.0,1.0852401,-54.8534876,0.0184861507,0.0,1474.9618,-1.4141802,-1053.54419,27.131002,1.19731163
1279.5,0.0,1474.06845,-0.00512230807,-0.00512230807,-0.00079070054,-0.00079070054,-0.000529616235,-0.000529616235,-1052.90608,-77.16017,-77.16017,8.5076853,8.5076853,9.9059054,9.9059054,0.086456952,0.0,1.0852401,-54.8202653,0.0184281183,0.0,1474.06845,-1.41332361,-1052.90608,27.131002,1.19658643
1280.0,0.0,1473.1779,-0.00510623775,-0.00510623775,-0.000787743672,-0.000787743672,-0.00052755491,-0.00052755491,-1052.26999,-77.16017,-77.16017,8.5025459,8.5025459,9.9006349,9.9006349,0.0863314379,0.0,1.0852401,-54.7871464,0.0183703035,0.0,1473.1779,-1.41246968,-1052.26999,27.131002,1.19586354
1280.5,0.0,1472.29018,-0.00509022754,-0.00509022754,-0.000784800552,-0.000784800552,-0.000525503652,-0.000525503652,-1051.6359,-77.16017,-77.16017,8.49742215,8.49742215,9.8953799,9.8953799,0.0862059411,0.0,1.0852401,-54.7541309,0.0183127049,0.0,1472.29018,-1.41161844,-1051.6359,27.131002,1.19514292
1281.0,0.0,1471.40525,-0.005074277,-0.005074277,-0.000781871095,-0.000781871095,-0.000523462385,-0.000523462385,-1051.00379,-77.16017,-77.16017,8.49231465,8.49231465,9.8901409,9.8901409,0.0860804615,0.0,1.0852401,-54.7212209,0.0182553214,0.0,1471.40525,-1.41076987,-1051.00379,27.131002,1.19442454
1281.5,0.0,1470.52308,-0.0050583861,-0.0050583861,-0.000778955244,-0.000778955244,-0.000521431062,-0.000521431062,-1050.37367,-77.16017,-77.16017,8.48722295,8.48722295,9.8849174,9.8849174,0.0859549962,0.0,1.0852401,-54.688413,0.0181981513,0.0,1470.52308,-1.40992398,-1050.37367,27.131002,1.19370841
1282.0,0.0,1469.64366,-0.00504255437,-0.00504255437,-0.00077605288,-0.00077605288,-0.000519409638,-0.000519409638,-1049.74549,-77.16017,-77.16017,8.4821475,8.4821475,9.87970945,9.87970945,0.0858295448,0.0,1.0852401,-54.6557067,0.0181411948,0.0,1469.64366,-1.40908069,-1049.74549,27.131002,1.19299454
1282.5,0.0,1468.76698,-0.00502678163,-0.00502678163,-0.000773163984,-0.000773163984,-0.000517398017,-0.000517398017,-1049.11931,-77.16017,-77.16017,8.4770877,8.4770877,9.87451715,9.87451715,0.0857041105,0.0,1.0852401,-54.623104,0.0180844505,0.0,1468.76698,-1.40824009,-1049.11931,27.131002,1.19228291
1283.0,0.0,1467.89307,-0.00501106761,-0.00501106761,-0.000770288403,-0.000770288403,-0.000515396167,-0.000515396167,-1048.49507,-77.16017,-77.16017,8.4720437,8.4720437,9.86934035,9.86934035,0.0855786902,0.0,1.0852401,-54.5906033,0.0180279177,0.0,1467.89307,-1.40740211,-1048.49507,27.131002,1.19157351
1283.5,0.0,1467.02188,-0.00499541197,-0.00499541197,-0.000767426126,-0.000767426126,-0.000513404028,-0.000513404028,-1047.87281,-77.16017,-77.16017,8.4670156,8.4670156,9.8641786,9.8641786,0.085453283,0.0,1.0852401,-54.5582038,0.0179715945,0.0,1467.02188,-1.40656673,-1047.87281,27.131002,1.19086633
1284.0,0.0,1466.15338,-0.00497981458,-0.00497981458,-0.000764577042,-0.000764577042,-0.000511421511,-0.000511421511,-1047.25246,-77.16017,-77.16017,8.4620032,8.4620032,9.8590328,9.8590328,0.085327895,0.0,1.0852401,-54.5259053,0.0179154802,0.0,1466.15338,-1.40573395,-1047.25246,27.131002,1.19016134
1284.5,0.0,1465.28761,-0.00496427494,-0.00496427494,-0.000761741095,-0.000761741095,-0.000509448613,-0.000509448613,-1046.63408,-77.16017,-77.16017,8.4570064,8.4570064,9.8539023,9.8539023,0.085202518,0.0,1.0852401,-54.4937084,0.0178595752,0.0,1465.28761,-1.4049038,-1046.63408,27.131002,1.18945855
1285.0,0.0,1464.42456,-0.00494879284,-0.00494879284,-0.000758918206,-0.000758918206,-0.000507485234,-0.000507485234,-1046.01758,-77.16017,-77.16017,8.4520253,8.4520253,9.84878695,9.84878695,0.0850771556,0.0,1.0852401,-54.4616114,0.0178038765,0.0,1464.42456,-1.40407622,-1046.01758,27.131002,1.18875793
1285.5,0.0,1463.56419,-0.00493336833,-0.00493336833,-0.000756108279,-0.000756108279,-0.00050553133,-0.00050553133,-1045.40304,-77.16017,-77.16017,8.4470595,8.4470595,9.8436868,9.8436868,0.0849518045,0.0,1.0852401,-54.4296139,0.0177483844,0.0,1463.56419,-1.40325121,-1045.40304,27.131002,1.18805951
1286.0,0.0,1462.70651,-0.00491800069,-0.00491800069,-0.000753311262,-0.000753311262,-0.000503586834,-0.000503586834,-1044.79043,-77.16017,-77.16017,8.4421091,8.4421091,9.838602,9.838602,0.0848264695,0.0,1.0852401,-54.3977177,0.0176930976,0.0,1462.70651,-1.4024288,-1044.79043,27.131002,1.18736331
1286.5,0.0,1461.85151,-0.00490268997,-0.00490268997,-0.00075052707,-0.00075052707,-0.000501651691,-0.000501651691,-1044.1797,-77.16017,-77.16017,8.4371746,8.4371746,9.8335322,9.8335322,0.084701146,0.0,1.0852401,-54.3659193,0.0176380158,0.0,1461.85151,-1.40160891,-1044.1797,27.131002,1.18666922
1287.0,0.0,1460.99913,-0.00488743586,-0.00488743586,-0.000747755646,-0.000747755646,-0.000499725863,-0.000499725863,-1043.57086,-77.16017,-77.16017,8.432255,8.432255,9.82847725,9.82847725,0.0845758355,0.0,1.0852401,-54.33422,0.0175831369,0.0,1460.99913,-1.40079163,-1043.57086,27.131002,1.18597731
1287.5,0.0,1460.14943,-0.00487223795,-0.00487223795,-0.000744996911,-0.000744996911,-0.000497809279,-0.000497809279,-1042.9639,-77.16017,-77.16017,8.42735085,8.42735085,9.82343765,9.82343765,0.084450539,0.0,1.0852401,-54.3026189,0.0175284602,0.0,1460.14943,-1.39997687,-1042.9639,27.131002,1.18528754
1288.0,0.0,1459.30238,-0.00485709599,-0.00485709599,-0.000742250782,-0.000742250782,-0.000495901891,-0.000495901891,-1042.3589,-77.16017,-77.16017,8.422462,8.422462,9.8184131,9.8184131,0.084325254,0.0,1.0852401,-54.2711177,0.0174739861,0.0,1459.30238,-1.39916462,-1042.3589,27.131002,1.18459994
1288.5,0.0,1458.45792,-0.00484201003,-0.00484201003,-0.000739517191,-0.000739517191,-0.00049400363,-0.00049400363,-1041.75572,-77.16017,-77.16017,8.41758835,8.41758835,9.8134032,9.8134032,0.0841999816,0.0,1.0852401,-54.2397134,0.0174197119,0.0,1458.45792,-1.3983549,-1041.75572,27.131002,1.18391448
1289.0,0.0,1457.61613,-0.0048269795,-0.0048269795,-0.000736796076,-0.000736796076,-0.000492114465,-0.000492114465,-1041.1544,-77.16017,-77.16017,8.41272975,8.41272975,9.8084083,9.8084083,0.0840747201,0.0,1.0852401,-54.2084068,0.0173656383,0.0,1457.61613,-1.39754773,-1041.1544,27.131002,1.18323113
1289.5,0.0,1456.77693,-0.00481200434,-0.00481200434,-0.000734087365,-0.000734087365,-0.000490234328,-0.000490234328,-1040.55501,-77.16017,-77.16017,8.4078864,8.4078864,9.8034282,9.8034282,0.0839494725,0.0,1.0852401,-54.177198,0.0173117628,0.0,1456.77693,-1.39674302,-1040.55501,27.131002,1.18254992
1290.0,0.0,1455.94034,-0.00479708412,-0.00479708412,-0.000731390964,-0.000731390964,-0.000488363162,-0.000488363162,-1039.95745,-77.16017,-77.16017,8.4030579,8.4030579,9.7984628,9.7984628,0.0838242324,0.0,1.0852401,-54.1460841,0.0172580857,0.0,1455.94034,-1.39594081,-1039.95745,27.131002,1.18187079
1290.5,0.0,1455.10633,-0.00478221868,-0.00478221868,-0.000728706829,-0.000728706829,-0.000486500923,-0.000486500923,-1039.36173,-77.16017,-77.16017,8.3982445,8.3982445,9.7935118,9.7935118,0.0836990059,0.0,1.0852401,-54.1150679,0.0172046054,0.0,1455.10633,-1.39514112,-1039.36173,27.131002,1.18119377
1291.0,0.0,1454.27492,-0.00476740783,-0.00476740783,-0.000726034883,-0.000726034883,-0.000484647546,-0.000484647546,-1038.76784,-77.16017,-77.16017,8.3934458,8.3934458,9.7885763,9.7885763,0.0835737905,0.0,1.0852401,-54.0841474,0.0171513216,0.0,1454.27492,-1.39434389,-1038.76784,27.131002,1.18051888
1291.5,0.0,1453.44606,-0.00475265135,-0.00475265135,-0.000723375076,-0.000723375076,-0.000482802992,-0.000482802992,-1038.17579,-77.16017,-77.16017,8.388662,8.388662,9.78365515,9.78365515,0.0834485841,0.0,1.0852401,-54.0533234,0.0170982326,0.0,1453.44606,-1.39354912,-1038.17579,27.131002,1.17984606
1292.0,0.0,1452.61978,-0.00473794858,-0.00473794858,-0.000720727323,-0.000720727323,-0.000480967205,-0.000480967205,-1037.58562,-77.16017,-77.16017,8.38389325,8.38389325,9.7787483,9.7787483,0.083323389,0.0,1.0852401,-54.022594,0.0170453386,0.0,1452.61978,-1.39275681,-1037.58562,27.131002,1.17917534
1292.5,0.0,1451.79607,-0.00472329993,-0.00472329993,-0.000718091561,-0.000718091561,-0.000479140123,-0.000479140123,-1036.99721,-77.16017,-77.16017,8.3791388,8.3791388,9.77385595,9.77385595,0.083198204,0.0,1.0852401,-53.9919594,0.0169926381,0.0,1451.79607,-1.39196697,-1036.99721,27.131002,1.17850666
1293.0,0.0,1450.97489,-0.0047087048,-0.0047087048,-0.000715467693,-0.000715467693,-0.000477321709,-0.000477321709,-1036.41067,-77.16017,-77.16017,8.3743998,8.3743998,9.7689784,9.7689784,0.0830730275,0.0,1.0852401,-53.9614204,0.0169401303,0.0,1450.97489,-1.39117955,-1036.41067,27.131002,1.17784005
1293.5,0.0,1450.15625,-0.00469416278,-0.00469416278,-0.00071285568,-0.00071285568,-0.000475511905,-0.000475511905,-1035.82593,-77.16017,-77.16017,8.36967445,8.36967445,9.7641148,9.7641148,0.082947862,0.0,1.0852401,-53.9309744,0.0168878135,0.0,1450.15625,-1.39039457,-1035.82593,27.131002,1.17717549
1294.0,0.0,1449.34011,-0.00467967392,-0.00467967392,-0.000710255469,-0.000710255469,-0.000473710663,-0.000473710663,-1035.24298,-77.16017,-77.16017,8.3649645,8.3649645,9.759266,9.759266,0.0828227054,0.0,1.0852401,-53.9006244,0.0168356884,0.0,1449.34011,-1.38961201,-1035.24298,27.131002,1.17651303
1294.5,0.0,1448.52653,-0.00466523792,-0.00466523792,-0.000707666976,-0.000707666976,-0.000471917927,-0.000471917927,-1034.66186,-77.16017,-77.16017,8.3602687,8.3602687,9.75443135,9.75443135,0.0826975596,0.0,1.0852401,-53.8703669,0.016783753,0.0,1448.52653,-1.38883189,-1034.66186,27.131002,1.17585259
1295.0,0.0,1447.71544,-0.00465085443,-0.00465085443,-0.000705090149,-0.000705090149,-0.00047013365,-0.00047013365,-1034.08249,-77.16017,-77.16017,8.35558735,8.35558735,9.7496111,9.7496111,0.0825724202,0.0,1.0852401,-53.8402026,0.0167320061,0.0,1447.71544,-1.38805415,-1034.08249,27.131002,1.17519417
1295.5,0.0,1446.90685,-0.00463652338,-0.00463652338,-0.000702524871,-0.000702524871,-0.000468357792,-0.000468357792,-1033.50492,-77.16017,-77.16017,8.35092045,8.35092045,9.7448048,9.7448048,0.08244729,0.0,1.0852401,-53.8101319,0.0166804487,0.0,1446.90685,-1.38727882,-1033.50492,27.131002,1.17453779
1296.0,0.0,1446.10078,-0.00462224439,-0.00462224439,-0.000699971144,-0.000699971144,-0.000466590286,-0.000466590286,-1032.92918,-77.16017,-77.16017,8.3462681,8.3462681,9.74001285,9.74001285,0.0823221688,0.0,1.0852401,-53.7801535,0.0166290787,0.0,1446.10078,-1.38650584,-1032.92918,27.131002,1.17388344
1296.5,0.0,1445.29718,-0.00460801737,-0.00460801737,-0.000697428887,-0.000697428887,-0.000464831086,-0.000464831086,-1032.35514,-77.16017,-77.16017,8.3416301,8.3416301,9.7352349,9.7352349,0.0821970536,0.0,1.0852401,-53.7502664,0.0165778949,0.0,1445.29718,-1.38573531,-1032.35514,27.131002,1.17323112
1297.0,0.0,1444.49601,-0.00459384192,-0.00459384192,-0.000694898014,-0.000694898014,-0.000463080163,-0.000463080163,-1031.78291,-77.16017,-77.16017,8.33700615,8.33700615,9.73047145,9.73047145,0.0820719469,0.0,1.0852401,-53.7204729,0.0165268973,0.0,1444.49601,-1.38496706,-1031.78291,27.131002,1.17258076
1297.5,0.0,1443.6973,-0.00457971795,-0.00457971795,-0.000692378478,-0.000692378478,-0.000461337452,-0.000461337452,-1031.21245,-77.16017,-77.16017,8.3323964,8.3323964,9.7257217,9.7257217,0.081946846,0.0,1.0852401,-53.6907698,0.0164760845,0.0,1443.6973,-1.38420124,-1031.21245,27.131002,1.17193245
1298.0,0.0,1442.90111,-0.00456564507,-0.00456564507,-0.000689870211,-0.000689870211,-0.0004596029,-0.0004596029,-1030.64369,-77.16017,-77.16017,8.32780105,8.32780105,9.720986,9.720986,0.0818217568,0.0,1.0852401,-53.6611589,0.0164254554,0.0,1442.90111,-1.38343779,-1030.64369,27.131002,1.17128609
1298.5,0.0,1442.10735,-0.0045516233,-0.0045516233,-0.000687373158,-0.000687373158,-0.00045787648,-0.00045787648,-1030.07672,-77.16017,-77.16017,8.3232198,8.3232198,9.71626415,9.71626415,0.0816966732,0.0,1.0852401,-53.6316383,0.0163750103,0.0,1442.10735,-1.38267662,-1030.07672,27.131002,1.17064173
1299.0,0.0,1441.31603,-0.0045376521,-0.0045376521,-0.000684887236,-0.000684887236,-0.000456158127,-0.000456158127,-1029.51149,-77.16017,-77.16017,8.31865255,8.31865255,9.71155625,9.71155625,0.0815715948,0.0,1.0852401,-53.6022084,0.0163247475,0.0,1441.31603,-1.38191783,-1029.51149,27.131002,1.16999939
1299.5,0.0,1440.52708,-0.00452373142,-0.00452373142,-0.000682412422,-0.000682412422,-0.000454447801,-0.000454447801,-1028.94797,-77.16017,-77.16017,8.31409945,8.31409945,9.7068622,9.7068622,0.081446527,0.0,1.0852401,-53.5728691,0.0162746661,0.0,1440.52708,-1.38116135,-1028.94797,27.131002,1.16935897
1300.0,0.0,1439.7406,-0.00450986116,-0.00450986116,-0.00067994862,-0.00067994862,-0.000452745461,-0.000452745461,-1028.38619,-77.16017,-77.16017,8.3095602,8.3095602,9.7021821,9.7021821,0.08132146,0.0,1.0852401,-53.5436195,0.0162247658,0.0,1439.7406,-1.38040722,-1028.38619,27.131002,1.16872051
1300.5,0.0,1438.95652,-0.0044960408,-0.0044960408,-0.000677495784,-0.000677495784,-0.000451051039,-0.000451051039,-1027.82614,-77.16017,-77.16017,8.3050346,8.3050346,9.6975153,9.6975153,0.081196403,0.0,1.0852401,-53.5144594,0.0161750461,0.0,1438.95652,-1.37965537,-1027.82614,27.131002,1.16808404
1301.0,0.0,1438.17483,-0.0044822704,-0.0044822704,-0.000675053824,-0.000675053824,-0.000449364515,-0.000449364515,-1027.26778,-77.16017,-77.16017,8.30052305,8.30052305,9.69286255,9.69286255,0.0810713499,0.0,1.0852401,-53.485389,0.0161255046,0.0,1438.17483,-1.37890585,-1027.26778,27.131002,1.16744951
1301.5,0.0,1437.39556,-0.00446854952,-0.00446854952,-0.00067262275,-0.00067262275,-0.000447685827,-0.000447685827,-1026.71114,-77.16017,-77.16017,8.2960254,8.2960254,9.6882237,9.6882237,0.0809463025,0.0,1.0852401,-53.4564077,0.0160761429,0.0,1437.39556,-1.3781586,-1026.71114,27.131002,1.16681691
1302.0,0.0,1436.61867,-0.00445487812,-0.00445487812,-0.000670202423,-0.000670202423,-0.000446014939,-0.000446014939,-1026.1562,-77.16017,-77.16017,8.29154165,8.29154165,9.6835981,9.6835981,0.080821261,0.0,1.0852401,-53.4275158,0.0160269577,0.0,1436.61867,-1.37741364,-1026.1562,27.131002,1.16618628
1302.5,0.0,1435.84414,-0.00444125581,-0.00444125581,-0.000667792852,-0.000667792852,-0.000444351805,-0.000444351805,-1025.60299,-77.16017,-77.16017,8.2870712,8.2870712,9.67898595,9.67898595,0.080696224,0.0,1.0852401,-53.3987111,0.0159779502,0.0,1435.84414,-1.37667096,-1025.60299,27.131002,1.16555754
1303.0,0.0,1435.07197,-0.00442768248,-0.00442768248,-0.000665393912,-0.000665393912,-0.000442696373,-0.000442696373,-1025.05145,-77.16017,-77.16017,8.2826145,8.2826145,9.6743876,9.6743876,0.0805711928,0.0,1.0852401,-53.3699953,0.0159291182,0.0,1435.07197,-1.37593059,-1025.05145,27.131002,1.16493072
1303.5,0.0,1434.30219,-0.00441415791,-0.00441415791,-0.000663005592,-0.000663005592,-0.000441048605,-0.000441048605,-1024.50158,-77.16017,-77.16017,8.2781717,8.2781717,9.66980265,9.66980265,0.080446165,0.0,1.0852401,-53.341365,0.0158804625,0.0,1434.30219,-1.37519242,-1024.50158,27.131002,1.16430587
1304.0,0.0,1433.53474,-0.00440068179,-0.00440068179,-0.000660627831,-0.000660627831,-0.000439408451,-0.000439408451,-1023.953416,-77.16017,-77.16017,8.2737423,8.2737423,9.665231,9.665231,0.0803211401,0.0,1.0852401,-53.3128253,0.0158319805,0.0,1433.53474,-1.37445655,-1023.953416,27.131002,1.16368286
1304.5,0.0,1432.76963,-0.004387254,-0.004387254,-0.000658260551,-0.000658260551,-0.000437775877,-0.000437775877,-1023.406921,-77.16017,-77.16017,8.2693265,8.2693265,9.66067295,9.66067295,0.0801961225,0.0,1.0852401,-53.2843709,0.0157836727,0.0,1432.76963,-1.3737229,-1023.406921,27.131002,1.16306178
1305.0,0.0,1432.00685,-0.00437387446,-0.00437387446,-0.000655903706,-0.000655903706,-0.000436150834,-0.000436150834,-1022.862085,-77.16017,-77.16017,8.2649241,8.2649241,9.6561283,9.6561283,0.0800711081,0.0,1.0852401,-53.2560035,0.015735538,0.0,1432.00685,-1.37299149,-1022.862085,27.131002,1.16244261
1305.5,0.0,1431.24641,-0.0043605427,-0.0043605427,-0.000653557242,-0.000653557242,-0.000434533275,-0.000434533275,-1022.318912,-77.16017,-77.16017,8.2605353,8.2605353,9.6515966,9.6515966,0.079946096,0.0,1.0852401,-53.2277228,0.0156875751,0.0,1431.24641,-1.37226233,-1022.318912,27.131002,1.16182529
1306.0,0.0,1430.48829,-0.00434725848,-0.00434725848,-0.000651221092,-0.000651221092,-0.000432923166,-0.000432923166,-1021.7774,-77.16017,-77.16017,8.2561595,8.2561595,9.64707845,9.64707845,0.079821089,0.0,1.0852401,-53.1995286,0.015639784,0.0,1430.48829,-1.37153539,-1021.7774,27.131002,1.16120991
1306.5,0.0,1429.73251,-0.00433402189,-0.00433402189,-0.000648895202,-0.000648895202,-0.000431320456,-0.000431320456,-1021.237507,-77.16017,-77.16017,8.2517972,8.2517972,9.6425733,9.6425733,0.0796960825,0.0,1.0852401,-53.17142,0.0155921636,0.0,1429.73251,-1.37081064,-1021.237507,27.131002,1.16059635
1307.0,0.0,1428.97897,-0.00432083258,-0.00432083258,-0.000646579526,-0.000646579526,-0.000429725107,-0.000429725107,-1020.69929,-77.16017,-77.16017,8.2474484,8.2474484,9.6380815,9.6380815,0.0795710804,0.0,1.0852401,-53.1433966,0.0155447132,0.0,1428.97897,-1.37008811,-1020.69929,27.131002,1.15998468
1307.5,0.0,1428.22775,-0.0043076903,-0.0043076903,-0.000644274004,-0.000644274004,-0.00042813708,-0.00042813708,-1020.162713,-77.16017,-77.16017,8.2431128,8.2431128,9.6336028,9.6336028,0.0794460809,0.0,1.0852401,-53.1154585,0.0154974322,0.0,1428.22775,-1.36936779,-1020.162713,27.131002,1.15937486
1308.0,0.0,1427.47884,-0.00429459482,-0.00429459482,-0.000641978569,-0.000641978569,-0.000426556324,-0.000426556324,-1019.627743,-77.16017,-77.16017,8.2387901,8.2387901,9.6291372,9.6291372,0.0793210824,0.0,1.0852401,-53.0876056,0.0154503194,0.0,1427.47884,-1.36864963,-1019.627743,27.131002,1.1587669
1308.5,0.0,1426.73212,-0.00428154592,-0.00428154592,-0.000639693195,-0.000639693195,-0.000424982808,-0.000424982808,-1019.094419,-77.16017,-77.16017,8.2344808,8.2344808,9.62468435,9.62468435,0.0791960876,0.0,1.0852401,-53.0598385,0.0154033746,0.0,1426.73212,-1.36793366,-1019.094419,27.131002,1.15816078
1309.0,0.0,1425.98774,-0.00426854361,-0.00426854361,-0.000637417797,-0.000637417797,-0.000423416495,-0.000423416495,-1018.562703,-77.16017,-77.16017,8.23018425,8.23018425,9.6202448,9.6202448,0.079071095,0.0,1.0852401,-53.0321531,0.01535659675,0.0,1425.98774,-1.36721988,-1018.562703,27.131002,1.15755651
1309.5,0.0,1425.2456,-0.00425558735,-0.00425558735,-0.000635152323,-0.000635152323,-0.000421857324,-0.000421857324,-1018.032611,-77.16017,-77.16017,8.2259009,8.2259009,9.6158179,9.6158179,0.0789461033,0.0,1.0852401,-53.0045537,0.0153099858,0.0,1425.2456,-1.36650829,-1018.032611,27.131002,1.15695411
1310.0,0.0,1424.50572,-0.00424267734,-0.00424267734,-0.000632896747,-0.000632896747,-0.000420305273,-0.000420305273,-1017.504132,-77.16017,-77.16017,8.2216309,8.2216309,9.61140395,9.61140395,0.0788211129,0.0,1.0852401,-52.9770384,0.0152635398,0.0,1424.50572,-1.36579881,-1017.504132,27.131002,1.15635349
1310.5,0.0,1423.76807,-0.00422981289,-0.00422981289,-0.000630650997,-0.000630650997,-0.000418760292,-0.000418760292,-1016.977238,-77.16017,-77.16017,8.21737365,8.21737365,9.60700315,9.60700315,0.0786961239,0.0,1.0852401,-52.9496049,0.0152172589,0.0,1423.76807,-1.36509151,-1016.977238,27.131002,1.1557547
1311.0,0.0,1423.03268,-0.00421699417,-0.00421699417,-0.000628415003,-0.000628415003,-0.00041722234,-0.00041722234,-1016.451947,-77.16017,-77.16017,8.21312905,8.21312905,9.60261505,9.60261505,0.078571135,0.0,1.0852401,-52.9222559,0.0151711421,0.0,1423.03268,-1.36438635,-1016.451947,27.131002,1.15515774
1311.5,0.0,1422.2998,-0.00417823008,-0.00417823008,-0.000622318618,-0.000622318618,-0.000413122406,-0.000413122406,-1015.928645,-77.16017,-77.16017,8.2089005,8.2089005,9.5982428,9.5982428,0.0784461474,0.0,1.08342711,-52.8950097,0.014891208,0.0,1422.2998,-1.36378697,-1015.928645,27.0866156,1.15267457
1312.0,0.0,1421.83906,-8.8140749e-05,-8.8140749e-05,-1.3123877e-05,-1.3123877e-05,9.8038459e-05,9.8038459e-05,-1015.613547,-77.16017,-77.16017,8.20635465,8.20635465,9.5956101,9.5956101,0.0783211475,0.0,0.96767239,-52.8786043,-0.00038618717,0.0,1421.83906,-1.37152585,-1015.613547,24.2001289,1.02951977
1312.5,0.0,1422.42921,0.00673578449,0.00673578449,0.001003405771,0.001003405771,0.00151145034,0.00151145034,-1016.039698,-77.16017,-77.16017,8.2097977,8.2097977,9.59917085,9.59917085,0.078196039,0.0,0.786799056,-52.9007917,-0.0242460064,0.0,1422.42921,-1.37478152,-1016.039698,19.6782954,0.837490649
1313.0,0.0,1424.17883,0.01335337665,0.01335337665,0.0019916507,0.0019916507,0.00299915329,0.00299915329,-1017.289467,-77.16017,-77.16017,8.21989635,8.21989635,9.6096109,9.6096109,0.0780706821,0.0,0.605925707,-52.9658618,-0.0480331621,0.0,1424.17883,-1.37648958,-1017.289467,15.1564615,0.645823039
1313.5,0.0,1427.07813,0.019945279,0.019945279,0.0029808852,0.0029808852,0.00448654898,0.00448654898,-1019.360355,-77.16017,-77.16017,8.2366293,8.2366293,9.62690395,9.62690395,0.077944948,0.0,0.425052358,-53.0736829,-0.0717479228,0.0,1427.07813,-1.37923702,-1019.360355,10.6346281,0.454047803
1314.0,0.0,1431.12349,0.0265168965,0.0265168965,0.00397426686,0.00397426686,0.00597750189,0.00597750189,-1022.249844,-77.16017,-77.16017,8.2599771,8.2599771,9.6510193,9.6510193,0.0778186928,0.0,0.244179016,-53.2241262,-0.0953900766,0.0,1431.12349,-1.3830819,-1022.249844,6.11279434,0.261697717
1314.5,0.0,1436.31106,0.0330422334,0.0330422334,0.00497020502,0.00497020502,0.00746873449,0.00746873449,-1025.95501,-77.16017,-77.16017,8.2899156,8.2899156,9.6819193,9.6819193,0.0776917867,0.0,0.065119175256,-53.4170389,-0.1187252535,0.0,1436.31106,-1.38791843,-1025.95501,1.6353471971,0.07021850498
1315.0,0.0,1442.36768,0.0354960232,0.0354960232,0.00536144235,0.00536144235,0.0080483506,0.0080483506,-1030.2671,-77.16017,-77.16017,8.32475825,8.32475825,9.7178484,9.7178484,0.0775641056,0.0,0.0,-53.6415511,-0.126989536,0.0,1442.36768,-1.385511,-1030.2671,0.0,0.0
1315.5,0.0,1448.51112,0.0351952747,0.0351952747,0.00533868443,0.00533868443,0.0080056741,0.0080056741,-1034.65058,-77.16017,-77.16017,8.3601774,8.3601774,9.75433625,9.75433625,0.0774356129,0.0,0.0,-53.8697805,-0.126598408,0.0,1448.51112,-1.38867688,-1034.65058,0.0,0.0
1316.0,0.0,1454.6292,0.0350808623,0.0350808623,0.00534380636,0.00534380636,0.0080048953,0.0080048953,-1039.02057,-77.16017,-77.16017,8.3954877,8.3954877,9.79067545,9.79067545,0.077306301,0.0,0.0,-54.0973047,-0.126207154,0.0,1454.6292,-1.39447864,-1039.02057,0.0,0.0
1316.5,0.0,1460.72816,0.0349718862,0.0349718862,0.0053495422,0.0053495422,0.00800506365,0.00800506365,-1043.37697,-77.16017,-77.16017,8.43068845,8.43068845,9.82686625,9.82686625,0.077176172,0.0,0.0,-54.324125,-0.12581548,0.0,1460.72816,-1.4003248,-1043.37697,0.0,0.0
1317.0,0.0,1466.80821,0.0348628981,0.0348628981,0.0053550678,0.0053550678,0.0080049438,0.0080049438,-1047.71983,-77.16017,-77.16017,8.46577985,8.46577985,9.8629087,9.8629087,0.0770452151,0.0,0.0,-54.5502398,-0.125423393,0.0,1466.80821,-1.40615391,-1047.71983,0.0,0.0
1317.5,0.0,1472.86927,0.0347538024,0.0347538024,0.00536036893,0.00536036893,0.0080045147,0.0080045147,-1052.04916,-77.16017,-77.16017,8.5007613,8.5007613,9.8988034,9.8988034,0.076913428,0.0,0.0,-54.7756485,-0.125030908,0.0,1472.86927,-1.41196492,-1052.04916,0.0,0.0
1318.0,0.0,1478.91131,0.0346446008,0.0346446008,0.00536544629,0.00536544629,0.00800377915,0.00800377915,-1056.36489,-77.16017,-77.16017,8.5356333,8.5356333,9.93455045,9.93455045,0.0767808075,0.0,0.0,-55.0003507,-0.1246380434,0.0,1478.91131,-1.41775771,-1056.36489,0.0,0.0
1318.5,0.0,1484.93431,0.0345352983,0.0345352983,0.00537030084,0.00537030084,0.0080027393,0.0080027393,-1060.66707,-77.16017,-77.16017,8.57039555,8.57039555,9.9701502,9.9701502,0.0766473484,0.0,0.0,-55.2243445,-0.124244816,0.0,1484.93431,-1.4235322,-1060.66707,0.0,0.0
1319.0,0.0,1490.93825,0.0344258995,0.0344258995,0.0053749338,0.0053749338,0.0080013975,0.0080013975,-1064.9556,-77.16017,-77.16017,8.60504775,8.60504775,10.0056029,10.0056029,0.0765130455,0.0,0.0,-55.4476305,-0.123851243,0.0,1490.93825,-1.4292885,-1064.9556,0.0,0.0
1319.5,0.0,1496.9232,0.0343164087,0.0343164087,0.00537934627,0.00537934627,0.00799975715,0.00799975715,-1069.23056,-77.16017,-77.16017,8.6395902,8.6395902,10.0409091,10.0409091,0.0763778926,0.0,0.0,-55.6702081,-0.1234573343,0.0,1496.9232,-1.43502653,-1069.23056,0.0,0.0
1320.0,0.0,1502.88902,0.0342068305,0.0342068305,0.00538353947,0.00538353947,0.00799782015,0.00799782015,-1073.49183,-77.16017,-77.16017,8.6740224,8.6740224,10.0760685,10.0760685,0.0762418878,0.0,0.0,-55.8920762,-0.1230631129,0.0,1502.88902,-1.44074626,-1073.49183,0.0,0.0
1320.5,0.0,1508.83577,0.0340971678,0.0340971678,0.00538751441,0.00538751441,0.00799558935,0.00799558935,-1077.73953,-77.16017,-77.16017,8.7083445,8.7083445,10.1110819,10.1110819,0.076105027,0.0,0.0,-56.1132346,-0.122668592,0.0,1508.83577,-1.44644769,-1077.73953,0.0,0.0
1321.0,0.0,1514.7634,0.0339874274,0.0339874274,0.00539127228,0.00539127228,0.0079930673,0.0079930673,-1081.97353,-77.16017,-77.16017,8.7425564,8.7425564,10.1459493,10.1459493,0.0759672995,0.0,0.0,-56.3336836,-0.1222737881,0.0,1514.7634,-1.45213082,-1081.97353,0.0,0.0
1321.5,0.0,1520.67195,0.0338776125,0.0338776125,0.0053948143,0.0053948143,0.00799025685,0.00799025685,-1086.19395,-77.16017,-77.16017,8.7766578,8.7766578,10.1806712,10.1806712,0.0758287037,0.0,0.0,-56.5534205,-0.1218787173,0.0,1520.67195,-1.45779563,-1086.19395,0.0,0.0
1322.0,0.0,1526.2972,0.0289096924,0.0289096924,0.00462020894,0.00462020894,0.00683663046,0.00683663046,-1090.19304,-71.306454,-71.306454,8.14028672,8.14028672,9.4533786,9.4533786,0.075694178,0.0,0.0,-56.7616348,-0.1025639636,0.0,1526.2972,-1.45214722,-1090.19304,0.0,0.0
1322.5,0.0,1530.25861,0.0167977447,0.0167977447,0.00269151255,0.00269151255,0.00398000342,0.00398000342,-1093.00881,-58.3524794,-58.3524794,6.67876859,6.67876859,7.82258727,7.82258727,0.0755845084,0.0,0.0,-56.908239,-0.0603671166,0.0,1530.25861,-1.44785783,-1093.00881,0.0,0.0
1323.0,0.0,1532.16204,0.005085444557,0.005085444557,0.000815858239,0.000815858239,0.001208159863,0.001208159863,-1094.3681,-45.3985035,-45.3985035,5.20268654,5.20268654,6.19351605,6.19351605,0.0755008936,0.0,0.0,-56.9790121,-0.018307684136,0.0,1532.16204,-1.44950297,-1094.3681,0.0,0.0
1323.5,0.0,1532.03254,-0.00656775355,-0.00656775355,-0.001053576519,-0.001053576519,-0.00071270592,-0.00071270592,-1094.27569,-32.4445282,-32.4445282,3.7179839,3.7179839,4.64087318,4.64087318,0.075439769,0.0,0.0,-56.9742005,0.02361462377,0.0,1532.03254,-1.44943782,-1094.27569,0.0,0.0
1324.0,0.0,1529.8773,-0.0181825747,-0.0181825747,-0.00291268362,-0.00291268362,-0.0019696011,-0.0019696011,-1092.73633,-19.4905525,-19.4905525,2.23057805,2.23057805,3.05499567,3.05499567,0.0753976924,0.0,0.0,-56.8940526,0.0654003229,0.0,1529.8773,-1.44743468,-1092.73633,0.0,0.0
1324.5,0.0,1525.70291,-0.0297596953,-0.0297596953,-0.00475422581,-0.00475422581,-0.00321259495,-0.00321259495,-1089.75473,-6.536576835,-6.536576835,0.746360851,0.746360851,1.083520787,1.083520787,0.0753756905,0.0,0.0,-56.7388135,0.1070504351,0.0,1525.70291,-1.44349517,-1089.75473,0.0,0.0
1325.0,0.0,1519.50361,-0.0415163883,-0.0415163883,-0.00660542131,-0.00660542131,-0.00445879122,-0.00445879122,-1085.32594,6.415854566,6.415854566,-0.728616256,-0.728616256,-0.5012711254,-0.5012711254,0.0753736569,0.0,0.0,-56.5082266,0.149407846,0.0,1519.50361,-1.43712876,-1085.32594,0.0,0.0
1325.5,0.0,1511.22871,-0.0535145952,-0.0535145952,-0.00846801578,-0.00846801578,-0.00570801153,-0.00570801153,-1079.41484,19.3698891,19.3698891,-2.18875106,-2.18875106,-1.5938429,-1.5938429,0.0753836921,0.0,0.0,-56.2004612,0.192513326,0.0,1511.22871,-1.42895172,-1079.41484,0.0,0.0
1326.0,0.0,1500.87002,-0.0654594524,-0.0654594524,-0.0102871362,-0.0102871362,-0.00692195066,-0.00692195066,-1072.01588,32.3238651,32.3238651,-3.62780604,-3.62780604,-2.89649677,-2.89649677,0.0754049386,0.0,0.0,-55.8152296,0.235483766,0.0,1500.87002,-1.41907393,-1072.01588,0.0,0.0
1326.5,0.0,1488.43474,-0.0773670075,-0.0773670075,-0.0120576972,-0.0120576972,-0.00809605034,-0.00809605034,-1063.13364,45.2778404,45.2778404,-5.03975474,-5.03975474,-4.21665891,-4.21665891,0.075438222,0.0,0.0,-55.35277,0.278322693,0.0,1488.43474,-1.40721193,-1063.13364,0.0,0.0
1327.0,0.0,1473.92913,-0.0892390513,-0.0892390513,-0.01377241145,-0.01377241145,-0.0092243784,-0.0092243784,-1052.77261,58.2318162,58.2318162,-6.41858788,-6.41858788,-5.45380018,-5.45380018,0.0754824234,0.0,0.0,-54.8133149,0.321033926,0.0,1473.92913,-1.39336337,-1052.77261,0.0,0.0
1327.5,0.0,1457.35929,-0.1010768066,-0.1010768066,-0.0154239697,-0.0154239697,-0.01030111715,-0.01030111715,-1040.93712,71.1857922,71.1857922,-7.75832,-7.75832,-6.64320465,-6.64320465,0.075536791,0.0,0.0,-54.1970923,0.363621822,0.0,1457.35929,-1.37753364,-1040.93712,0.0,0.0
1328.0,0.0,1438.73111,-0.1128816336,-0.1128816336,-0.0170051474,-0.0170051474,-0.0113206532,-0.0113206532,-1027.63134,84.1397666,84.1397666,-9.0529869,-9.0529869,-7.76812377,-7.76812377,0.0756004535,0.0,0.0,-53.5043198,0.406091289,0.0,1438.73111,-1.35972809,-1027.63134,0.0,0.0
1328.5,0.0,1418.05015,-0.124655039,-0.124655039,-0.0185088017,-0.0185088017,-0.0122775883,-0.0122775883,-1012.859323,97.093743,97.093743,-10.29664665,-10.29664665,-8.8276066,-8.8276066,0.0756727052,0.0,0.0,-52.7352027,0.448447711,0.0,1418.05015,-1.3399519,-1012.859323,0.0,0.0
1329.0,0.0,1395.3217,-0.136398672,-0.136398672,-0.0199278601,-0.0199278601,-0.01316674935,-0.01316674935,-996.624817,110.0477188,110.0477188,-11.48337555,-11.48337555,-9.8156416,-9.8156416,0.0757527645,0.0,0.0,-51.8899426,0.490697053,0.0,1395.3217,-1.31820987,-996.624817,0.0,0.0
1329.5,0.0,1370.55089,-0.148114327,-0.148114327,-0.0212553169,-0.0212553169,-0.0139832015,-0.0139832015,-978.931467,123.0016934,123.0016934,-12.6072679,-12.6072679,-10.7264009,-10.7264009,0.0758399246,0.0,0.0,-50.9687262,0.532845765,0.0,1370.55089,-1.29450659,-978.931467,0.0,0.0
1330.0,0.0,1343.74234,-0.159803944,-0.159803944,-0.0224842235,-0.0224842235,-0.0147222536,-0.0147222536,-959.782579,135.955669,135.955669,-13.6624348,-13.6624348,-11.5516692,-11.5516692,0.0759334348,0.0,0.0,-49.9717265,0.574900814,0.0,1343.74234,-1.26884642,-959.782579,0.0,0.0
1330.5,0.0,1314.90473,-0.171227702,-0.171227702,-0.0235747734,-0.0235747734,-0.01535809275,-0.01535809275,-939.185819,148.460243,148.460243,-14.5992864,-14.5992864,-12.2466818,-12.2466818,0.0760325147,0.0,0.0,-48.8993429,0.6153586,0.0,1314.90473,-1.24210962,-939.185819,0.0,0.0
1331.0,0.0,1284.69478,-0.174098275,-0.174098275,-0.0234222718,-0.0234222718,-0.0151685843,-0.0151685843,-917.634613,151.94553,151.94553,-14.6011253,-14.6011253,-12.1839204,-12.1839204,0.076134184,0.0,0.0,-47.7772642,0.625383943,0.0,1284.69478,-1.22908865,-917.634613,0.0,0.0
1331.5,0.0,1254.45904,-0.173368851,-0.173368851,-0.0227750107,-0.0227750107,-0.0146339947,-0.0146339947,-896.043408,151.94553,151.94553,-14.2575724,-14.2575724,-11.84943,-11.84943,0.0762339195,0.0,0.0,-46.6531036,0.623692845,0.0,1254.45904,-1.20344863,-896.043408,0.0,0.0
1332.0,0.0,1224.31199,-0.172904837,-0.172904837,-0.0221681866,-0.0221681866,-0.0141302689,-0.0141302689,-874.509874,151.94553,151.94553,-13.9149376,-13.9149376,-11.51812895,-11.51812895,0.0763312539,0.0,0.0,-45.5319461,0.6220468,0.0,1224.31199,-1.17459675,-874.509874,0.0,0.0
1332.5,0.0,1194.24372,-0.172459467,-0.172459467,-0.0215680514,-0.0215680514,-0.0136372946,-0.0136372946,-853.032496,151.94553,151.94553,-13.57319585,-13.57319585,-11.18997415,-11.18997415,0.0764261951,0.0,0.0,-44.4137119,0.62044495,0.0,1194.24372,-1.145749,-853.032496,0.0,0.0
1333.0,0.0,1164.25188,-0.172026378,-0.172026378,-0.0209735963,-0.0209735963,-0.01315430135,-0.01315430135,-831.609722,151.94553,151.94553,-13.23232295,-13.23232295,-10.8649258,-10.8649258,0.0765187469,0.0,0.0,-43.2983204,0.618886837,0.0,1164.25188,-1.11697342,-831.609722,0.0,0.0
1333.5,0.0,1134.33445,-0.171605339,-0.171605339,-0.0203846293,-0.0203846293,-0.01268105345,-0.01268105345,-810.240085,151.94553,151.94553,-12.89229595,-12.89229595,-10.5429427,-10.5429427,0.0766089235,0.0,0.0,-42.1856956,0.617372078,0.0,1134.33445,-1.08826934,-810.240085,0.0,0.0
1334.0,0.0,1104.48925,-0.171196238,-0.171196238,-0.0198009762,-0.0198009762,-0.01221732965,-0.01221732965,-788.922048,151.94553,151.94553,-12.5530901,-12.5530901,-10.22398695,-10.22398695,0.0766967259,0.0,0.0,-41.0757582,0.615900267,0.0,1104.48925,-1.05963463,-788.922048,0.0,0.0
1334.5,0.0,1074.71425,-0.170798969,-0.170798969,-0.0192224678,-0.0192224678,-0.011762917,-0.011762917,-767.654183,151.94553,151.94553,-12.214682,-12.214682,-9.9012189,-9.9012189,0.0767821524,0.0,0.0,-39.9684324,0.614471015,0.0,1074.71425,-1.03106749,-767.654183,0.0,0.0
1335.0,0.0,1045.0074,-0.170413423,-0.170413423,-0.0186489369,-0.0186489369,-0.01131760825,-0.01131760825,-746.43499,151.94553,151.94553,-11.8770483,-11.8770483,-9.5683995,-9.5683995,0.0768651089,0.0,0.0,-38.8636408,0.61308397,0.0,1045.0074,-1.002565837,-746.43499,0.0,0.0
1335.5,0.0,1015.366714,-0.170039515,-0.170039515,-0.0180802179,-0.0180802179,-0.0108812026,-0.0108812026,-725.262998,151.94553,151.94553,-11.5401666,-11.5401666,-9.2393031,-9.2393031,0.0769455661,0.0,0.0,-37.7613073,0.611738732,0.0,1015.366714,-0.974127761,-725.262998,0.0,0.0
1336.0,0.0,985.790125,-0.16967713,-0.16967713,-0.0175161499,-0.0175161499,-0.01045350545,-0.01045350545,-704.136837,151.94553,151.94553,-11.2040131,-11.2040131,-8.91427595,-8.91427595,0.07702354,0.0,0.0,-36.6613591,0.610435009,0.0,985.790125,-0.94575128,-704.136837,0.0,0.0
1336.5,0.0,956.27561,-0.16932619,-0.16932619,-0.0169565729,-0.0169565729,-0.0100145934,-0.0100145934,-683.055002,151.94553,151.94553,-10.86856535,-10.86856535,-8.59327495,-8.59327495,0.0770990406,0.0,0.0,-35.5637183,0.609172431,0.0,956.27561,-0.917434508,-683.055002,0.0,0.0
1337.0,0.0,926.821238,-0.168986597,-0.168986597,-0.0164013311,-0.0164013311,-0.00955610845,-0.00955610845,-662.016127,151.94553,151.94553,-10.53380115,-10.53380115,-8.276258,-8.276258,0.0771720831,0.0,0.0,-34.4683154,0.607950682,0.0,926.821238,-0.889175544,-662.016127,0.0,0.0
1337.5,0.0,897.42498,-0.168658268,-0.168658268,-0.0158502695,-0.0158502695,-0.0091088239,-0.0091088239,-641.018784,151.94553,151.94553,-10.1996975,-10.1996975,-7.96318347,-7.96318347,0.0772426812,0.0,0.0,-33.3750749,0.606769466,0.0,897.42498,-0.860972444,-641.018784,0.0,0.0
1338.0,0.0,868.084972,-0.168341115,-0.168341115,-0.0153032362,-0.0153032362,-0.0086728319,-0.0086728319,-620.061589,151.94553,151.94553,-9.86623315,-9.86623315,-7.65401169,-7.65401169,0.077310846,0.0,0.0,-32.2839244,0.60562845,0.0,868.084972,-0.832823383,-620.061589,0.0,0.0
1338.5,0.0,838.799167,-0.168035065,-0.168035065,-0.0147600812,-0.0147600812,-0.0082479198,-0.0082479198,-599.143143,151.94553,151.94553,-9.5333851,-9.5333851,-7.34870324,-7.34870324,0.0773765909,0.0,0.0,-31.194791,0.604527372,0.0,838.799167,-0.804726478,-599.143143,0.0,0.0
1339.0,0.0,809.565731,-0.167740028,-0.167740028,-0.0142206572,-0.0142206572,-0.0078338827,-0.0078338827,-578.262073,151.94553,151.94553,-9.2011318,-9.2011318,-7.04132584,-7.04132584,0.0774399224,0.0,0.0,-30.1076042,0.603465942,0.0,809.565731,-0.776679864,-578.262073,0.0,0.0
1339.5,0.0,780.382695,-0.167455941,-0.167455941,-0.0136848183,-0.0136848183,-0.00743052274,-0.00743052274,-557.417031,151.94553,151.94553,-8.86945155,-8.86945155,-6.71570859,-6.71570859,0.077500719,0.0,0.0,-29.0222925,0.602443886,0.0,780.382695,-0.748681726,-557.417031,0.0,0.0
1340.0,0.0,751.248188,-0.167182733,-0.167182733,-0.0131524206,-0.0131524206,-0.00703764932,-0.00703764932,-536.606629,151.94553,151.94553,-8.5383229,-8.5383229,-6.39378505,-6.39378505,0.0775589014,0.0,0.0,-27.9387857,0.601460944,0.0,751.248188,-0.720730225,-536.606629,0.0,0.0
1340.5,0.0,722.160306,-0.166920325,-0.166920325,-0.01262332235,-0.01262332235,-0.00665507875,-0.00665507875,-515.829534,151.94553,151.94553,-8.20772415,-8.20772415,-6.07788693,-6.07788693,0.0776144981,0.0,0.0,-26.8570126,0.600516901,0.0,722.160306,-0.692823544,-515.829534,0.0,0.0
1341.0,0.0,693.117185,-0.166668659,-0.166668659,-0.01209738335,-0.01209738335,-0.00628263406,-0.00628263406,-495.084412,151.94553,151.94553,-7.87763408,-7.87763408,-5.76796757,-5.76796757,0.0776675361,0.0,0.0,-25.776904,0.599611494,0.0,693.117185,-0.664959863,-495.084412,0.0,0.0
1341.5,0.0,664.116957,-0.166427673,-0.166427673,-0.0115744655,-0.0115744655,-0.00592014474,-0.00592014474,-474.369943,151.94553,151.94553,-7.54803139,-7.54803139,-5.46398243,-5.46398243,0.0777180471,0.0,0.0,-24.6983903,0.598744499,0.0,664.116957,-0.637137432,-474.369943,0.0,0.0
1342.0,0.0,635.157754,-0.166197303,-0.166197303,-0.0110544312,-0.0110544312,-0.00554325582,-0.00554325582,-453.684761,151.94553,151.94553,-7.21889524,-7.21889524,-5.16588847,-5.16588847,0.077766057,0.0,0.0,-23.6214029,0.597915718,0.0,635.157754,-0.609354449,-453.684761,0.0,0.0
1342.5,0.0,606.237753,-0.165977497,-0.165977497,-0.0105371462,-0.0105371462,-0.00513676299,-0.00513676299,-433.02759,151.94553,151.94553,-6.89020442,-6.89020442,-4.87364374,-4.87364374,0.0778115925,0.0,0.0,-22.5458736,0.597124909,0.0,606.237753,-0.581609123,-433.02759,0.0,0.0
1343.0,0.0,577.3551,-0.165768194,-0.165768194,-0.0100224763,-0.0100224763,-0.00474544501,-0.00474544501,-412.397102,151.94553,151.94553,-6.56193838,-6.56193838,-4.58720816,-4.58720816,0.077854687,0.0,0.0,-21.4717328,0.596371903,0.0,577.3551,-0.553899722,-412.397102,0.0,0.0
1343.5,0.0,548.507991,-0.165569341,-0.165569341,-0.0095102888,-0.0095102888,-0.00436985617,-0.00436985617,-391.791995,151.94553,151.94553,-6.23407614,-6.23407614,-4.30458607,-4.30458607,0.077895371,0.0,0.0,-20.3989141,0.595656507,0.0,548.507991,-0.526224469,-391.791995,0.0,0.0
1344.0,0.0,519.694607,-0.165380899,-0.165380899,-0.00900045305,-0.00900045305,-0.00400979919,-0.00400979919,-371.210973,151.94553,151.94553,-5.90659706,-5.90659706,-3.99190366,-3.99190366,0.077933523,0.0,0.0,-19.3273497,0.594978513,0.0,519.694607,-0.49858161,-371.210973,0.0,0.0
1344.5,0.0,490.913128,-0.165202811,-0.165202811,-0.0084928389,-0.0084928389,-0.003665087,-0.003665087,-350.652737,151.94553,151.94553,-5.57948068,-5.57948068,-3.67605115,-3.67605115,0.0779689266,0.0,0.0,-18.2569711,0.594337828,0.0,490.913128,-0.470969446,-350.652737,0.0,0.0
1345.0,0.0,462.161762,-0.16503504,-0.16503504,-0.00798731807,-0.00798731807,-0.00333554235,-0.00333554235,-330.116023,151.94553,151.94553,-5.25270662,-5.25270662,-3.37162749,-3.37162749,0.0780016235,0.0,0.0,-17.1877132,0.593734232,0.0,462.161762,-0.443386222,-330.116023,0.0,0.0
1345.5,0.0,433.438704,-0.16487754,-0.16487754,-0.0074837626,-0.0074837626,-0.00302099742,-0.00302099742,-309.59952,151.94553,151.94553,-4.92625433,-4.92625433,-3.07858005,-3.07858005,0.078031691,0.0,0.0,-16.119508,0.593167593,0.0,433.438704,-0.415830214,-309.59952,0.0,0.0
1346.0,0.0,404.742187,-0.164730273,-0.164730273,-0.00698204606,-0.00698204606,-0.00272129391,-0.00272129391,-289.10198,151.94553,151.94553,-4.60010364,-4.60010364,-2.79685881,-2.79685881,0.0780592061,0.0,0.0,-15.0522897,0.592637775,0.0,404.742187,-0.388299702,-289.10198,0.0,0.0
1346.5,0.0,376.070423,-0.164593204,-0.164593204,-0.00648204283,-0.00648204283,-0.00243628297,-0.00243628297,-268.622131,151.94553,151.94553,-4.27423419,-4.27423419,-2.52641672,-2.52641672,0.078084246,0.0,0.0,-13.9859919,0.592144648,0.0,376.070423,-0.360792995,-268.622131,0.0,0.0
1347.0,0.0,347.421653,-0.164466303,-0.164466303,-0.00598362836,-0.00598362836,-0.00216582467,-0.00216582467,-248.158679,151.94553,151.94553,-3.94862616,-3.94862616,-2.26720941,-2.26720941,0.0781068946,0.0,0.0,-12.920549,0.591688073,0.0,347.421653,-0.333308375,-248.158679,0.0,0.0
1347.5,0.0,318.79409,-0.164349528,-0.164349528,-0.00548667862,-0.00548667862,-0.00192458266,-0.00192458266,-227.710392,151.94553,151.94553,-3.62325914,-3.62325914,-2.01919551,-2.01919551,0.078127231,0.0,0.0,-11.8558952,0.59126798,0.0,318.79409,-0.305844138,-227.710392,0.0,0.0
1348.0,0.0,290.185972,-0.164242862,-0.164242862,-0.00499107066,-0.00499107066,-0.00174593062,-0.00174593062,-207.275996,151.94553,151.94553,-3.29811319,-3.29811319,-1.78233631,-1.78233631,0.078145342,0.0,0.0,-10.7919646,0.5908842,0.0,290.185972,-0.278398612,-207.275996,0.0,0.0
1348.5,0.0,261.595556,-0.164146272,-0.164146272,-0.00449668218,-0.00449668218,-0.00157298815,-0.00157298815,-186.854244,151.94553,151.94553,-2.97316838,-2.97316838,-1.552576,-1.552576,0.0781613028,0.0,0.0,-9.72869215,0.59053671,0.0,261.595556,-0.250970088,-186.854244,0.0,0.0
1349.0,0.0,233.021084,-0.16405974,-0.16405974,-0.00400339121,-0.00400339121,-0.00140042967,-0.00140042967,-166.443873,151.94553,151.94553,-2.64840475,-2.64840475,-1.3278156,-1.3278156,0.0781751366,0.0,0.0,-8.6660127,0.590225397,0.0,233.021084,-0.223556892,-166.443873,0.0,0.0
1349.5,0.0,204.460805,-0.16398324,-0.16398324,-0.00351107681,-0.00351107681,-0.00122821275,-0.00122821275,-146.043644,151.94553,151.94553,-2.32380245,-2.32380245,-1.11656024,-1.11656024,0.0781869164,0.0,0.0,-7.60386093,0.589950158,0.0,204.460805,-0.196157337,-146.043644,0.0,0.0
1350.0,0.0,175.912973,-0.163916756,-0.163916756,-0.0030196181,-0.0030196181,-0.00105629513,-0.00105629513,-125.6523118,151.94553,151.94553,-1.99934171,-1.99934171,-0.918959861,-0.918959861,0.0781967629,0.0,0.0,-6.54217218,0.589710964,0.0,175.912973,-0.168769751,-125.6523118,0.0,0.0
1350.5,0.0,147.375849,-0.163860272,-0.163860272,-0.00252889494,-0.00252889494,-0.00088463485,-0.00088463485,-105.2686215,151.94553,151.94553,-1.67500257,-1.67500257,-0.734985965,-0.734985965,0.078204787,0.0,0.0,-5.48088174,0.589507731,0.0,147.375849,-0.141392453,-105.2686215,0.0,0.0
1351.0,0.0,118.8476915,-0.163813771,-0.163813771,-0.00203878743,-0.00203878743,-0.000713189938,-0.000713189938,-84.8913371,151.94553,151.94553,-1.35076538,-1.35076538,-0.564613283,-0.564613283,0.0782111141,0.0,0.0,-4.41992461,0.58934044,0.0,118.8476915,-0.114023772,-84.8913371,0.0,0.0
1351.5,0.0,90.326758,-0.163777241,-0.163777241,-0.00154917609,-0.00154917609,-0.000541918581,-0.000541918581,-64.5192157,151.94553,151.94553,-1.026610299,-1.026610299,-0.407819916,-0.407819916,0.0782158615,0.0,0.0,-3.3592364,0.58920902,0.0,90.326758,-0.0866620435,-64.5192157,0.0,0.0
1352.0,0.0,61.8113214,-0.163750681,-0.163750681,-0.00105994161,-0.00105994161,-0.000370779056,-0.000370779056,-44.1510166,151.94553,151.94553,-0.70251767,-0.70251767,-0.264587279,-0.264587279,0.0782191484,0.0,0.0,-2.29875243,0.589113459,0.0,61.8113214,-0.0593055971,-44.1510166,0.0,0.0
1352.5,0.0,33.2996407,-0.163734075,-0.163734075,-0.000570964916,-0.000570964916,-0.000199729716,-0.000199729716,-23.7855027,151.94553,151.94553,-0.37846775,-0.37846775,-0.134900054,-0.134900054,0.078221103,0.0,0.0,-1.238408225,0.589053718,0.0,33.2996407,-0.0319527619,-23.7855027,0.0,0.0
1353.0,0.0,5.268501116,-0.15109292,-0.15109292,-9.384096e-05,-9.384096e-05,5.708617e-06,5.708617e-06,-3.82247937,151.94553,151.94553,-0.0608221391,-0.0608221391,0.0120393103,0.0120393103,0.078221822,0.0,0.0,-0.1990199604,0.536448803,0.0,5.268501116,-0.0396551813,-3.82247937,0.0,0.0
1353.5,0.0,-17.122669,-0.1137960171,-0.1137960171,0.000203877353,0.000203877353,0.000582821728,0.000582821728,12.15394614,151.94553,151.94553,0.193389924,0.193389924,0.561476498,0.561476498,0.0782192984,0.0,0.0,0.632803384,0.416256335,0.0,-17.122669,-0.02826960515,12.15394614,0.0,0.0
1354.0,0.0,-37.1019474,-0.1151831575,-0.1151831575,0.00044759296,0.00044759296,0.00127952858,0.00127952858,26.4987808,151.94553,151.94553,0.421640622,0.421640622,1.17661206,1.17661206,0.07821053,0.0,0.0,1.3796769,0.41486034,0.0,-37.1019474,0.0340482713,26.4987808,0.0,0.0
1354.5,0.0,-57.1768751,-0.1153014526,-0.1153014526,0.000690372002,0.000690372002,0.00197355805,0.00197355805,40.8405414,151.94553,151.94553,0.649842383,0.649842383,1.74305114,1.74305114,0.078195653,0.0,0.0,2.12639037,0.414818867,0.0,-57.1768751,0.0547709652,40.8405414,0.0,0.0
1355.0,0.0,-77.252847,-0.1152874255,-0.1152874255,0.000932660381,0.000932660381,0.00266618498,0.00266618498,55.180556,151.94553,151.94553,0.878016377,0.878016377,2.26640596,2.26640596,0.078175003,0.0,0.0,2.87301284,0.414759426,0.0,-77.252847,0.074038984,55.180556,0.0,0.0
1355.5,0.0,-97.3255785,-0.115266016,-0.115266016,0.00117477678,0.00117477678,0.00335832016,0.00335832016,69.518207,151.94553,151.94553,1.10615278,1.10615278,2.75139251,2.75139251,0.0781488785,0.0,0.0,3.61951235,0.414682237,0.0,-97.3255785,0.0932764588,69.518207,0.0,0.0
1356.0,0.0,-117.3941466,-0.1152396296,-0.1152396296,0.00141669184,0.00141669184,0.00404987974,0.00404987974,83.852884,151.94553,151.94553,1.33424182,1.33424182,3.20206261,3.20206261,0.0781175545,0.0,0.0,4.36585706,0.414587314,0.0,-117.3941466,0.1125094449,83.852884,0.0,0.0
1356.5,0.0,-137.457693,-0.1152083215,-0.1152083215,0.00165836444,0.00165836444,0.00474074645,0.00474074645,98.1839746,151.94553,151.94553,1.56227382,1.56227382,3.62191702,3.62191702,0.0780812791,0.0,0.0,5.11201483,0.414474689,0.0,-137.457693,0.1317376114,98.1839746,0.0,0.0
1357.0,0.0,-157.515358,-0.115172098,-0.115172098,0.00189975351,0.00189975351,0.00543080234,0.00543080234,112.510864,151.94553,151.94553,1.79023895,1.79023895,4.01399594,4.01399594,0.0780402815,0.0,0.0,5.85795401,0.414344363,0.0,-157.515358,0.150960152,112.510864,0.0,0.0
1357.5,0.0,-177.566286,-0.1151309571,-0.1151309571,0.00214081785,0.00214081785,0.00611993006,0.00611993006,126.8329429,151.94553,151.94553,2.01812758,2.01812758,4.38095222,4.38095222,0.0779947671,0.0,0.0,6.60364261,0.414196362,0.0,-177.566286,0.170176243,126.8329429,0.0,0.0
1358.0,0.0,-197.609624,-0.1150849142,-0.1150849142,0.00238151643,0.00238151643,0.00680801213,0.00680801213,141.149597,151.94553,151.94553,2.24592989,2.24592989,4.72511189,4.72511189,0.0779449319,0.0,0.0,7.34904904,0.414030726,0.0,-197.609624,0.18938507,141.149597,0.0,0.0
1358.5,0.0,-217.644522,-0.1150339764,-0.1150339764,0.00262180842,0.00262180842,0.00749493192,0.00749493192,155.460226,151.94553,151.94553,2.47363624,2.47363624,5.0485213,5.0485213,0.0778909509,0.0,0.0,8.09414132,0.413847469,0.0,-217.644522,0.208585813,155.460226,0.0,0.0
1359.0,0.0,-237.670117,-0.1149781465,-0.1149781465,0.00286165301,0.00286165301,0.00818057275,0.00818057275,169.764209,151.94553,151.94553,2.70123698,2.70123698,5.3529901,5.3529901,0.0778329919,0.0,0.0,8.8388881,0.413646622,0.0,-237.670117,0.22777766,169.764209,0.0,0.0
1359.5,0.0,-257.685571,-0.1149174383,-0.1149174383,0.00310100971,0.00310100971,0.00886481885,0.00886481885,184.06095,151.94553,151.94553,2.92872229,2.92872229,5.64012287,5.64012287,0.0777712026,0.0,0.0,9.5832574,0.413428232,0.0,-257.685571,0.246959793,184.06095,0.0,0.0
1360.0,0.0,-277.690027,-0.1148518604,-0.1148518604,0.00333983816,0.00333983816,0.0095475549,0.0095475549,198.349833,151.94553,151.94553,3.15608275,3.15608275,5.9223644,5.9223644,0.0777056829,0.0,0.0,10.3272179,0.413192309,0.0,-277.690027,0.266131404,198.349833,0.0,0.0
1360.5,0.0,-297.682645,-0.1147814264,-0.1147814264,0.00357809803,0.00357809803,0.01022866555,0.01022866555,212.630264,151.94553,151.94553,3.38330865,3.38330865,6.21083418,6.21083418,0.0776362884,0.0,0.0,11.07073775,0.412938926,0.0,-297.682645,0.285291678,212.630264,0.0,0.0
1361.0,0.0,-317.66258,-0.1147061492,-0.1147061492,0.00381574946,0.00381574946,0.0108984338,0.0108984338,226.901626,151.94553,151.94553,3.61039029,3.61039029,6.48727577,6.48727577,0.0775629959,0.0,0.0,11.8137861,0.412668096,0.0,-317.66258,0.304439811,226.901626,0.0,0.0
1361.5,0.0,-337.628979,-0.114626038,-0.114626038,0.00405275257,0.00405275257,0.0113478962,0.0113478962,241.163328,151.94553,151.94553,3.83731819,3.83731819,6.75206522,6.75206522,0.0774858891,0.0,0.0,12.55633125,0.412379895,0.0,-337.628979,0.323574993,241.163328,0.0,0.0
1362.0,0.0,-357.581014,-0.1145411056,-0.1145411056,0.00428906794,0.00428906794,0.0116927273,0.0116927273,255.414765,151.94553,151.94553,4.06408285,4.06408285,7.00591356,7.00591356,0.0774050495,0.0,0.0,13.29834195,0.412074352,0.0,-357.581014,0.342696421,255.414765,0.0,0.0
1362.5,0.0,-377.517839,-0.1144513692,-0.1144513692,0.00452465611,0.00452465611,0.012018126,0.012018126,269.655345,151.94553,151.94553,4.29067461,4.29067461,7.24947499,7.24947499,0.077320547,0.0,0.0,14.0397872,0.41175153,0.0,-377.517839,0.36180329,269.655345,0.0,0.0
1363.0,0.0,-397.43862,-0.114356846,-0.114356846,0.0047594782,0.0047594782,0.01232548385,0.01232548385,283.884457,151.94553,151.94553,4.51708396,4.51708396,7.48335258,7.48335258,0.0772324535,0.0,0.0,14.7806358,0.411411466,0.0,-397.43862,0.380894813,283.884457,0.0,0.0
1363.5,0.0,-417.342532,-0.114257549,-0.114257549,0.00499349528,0.00499349528,0.01261605555,0.01261605555,298.10152,151.94553,151.94553,4.74330159,4.74330159,7.70810323,7.70810323,0.0771408224,0.0,0.0,15.5208569,0.411054241,0.0,-417.342532,0.39997018,298.10152,0.0,0.0
1364.0,0.0,-437.228729,-0.1141534926,-0.1141534926,0.00522666917,0.00522666917,0.0128909765,0.0128909765,312.305941,151.94553,151.94553,4.96931805,4.96931805,7.92424175,7.92424175,0.0770457209,0.0,0.0,16.2604199,0.410679901,0.0,-437.228729,0.419028593,312.305941,0.0,0.0
1364.5,0.0,-457.096408,-0.1140447006,-0.1140447006,0.00545896138,0.00545896138,0.01315127585,0.01315127585,326.497119,151.94553,151.94553,5.1951238,5.1951238,8.1322453,8.1322453,0.0769471965,0.0,0.0,16.9992927,0.410288506,0.0,-457.096408,0.438069278,326.497119,0.0,0.0
1365.0,0.0,-476.944721,-0.1139311846,-0.1139311846,0.00569033416,0.00569033416,0.0133978896,0.0133978896,340.674484,151.94553,151.94553,5.42070965,5.42070965,8.332556,8.332556,0.0768452989,0.0,0.0,17.7374462,0.409880131,0.0,-476.944721,0.457091431,340.674484,0.0,0.0
1365.5,0.0,-496.77286,-0.1138129695,-0.1138129695,0.00592075009,0.00592075009,0.01363167,0.01363167,354.837421,151.94553,151.94553,5.64606622,5.64606622,8.5255849,8.5255849,0.0767400761,0.0,0.0,18.4748496,0.409454845,0.0,-496.77286,0.476094271,354.837421,0.0,0.0
1366.0,0.0,-516.580012,-0.1136900729,-0.1136900729,0.00615017196,0.00615017196,0.0138533956,0.0138533956,368.985374,151.94553,151.94553,5.87118414,5.87118414,8.7117143,8.7117143,0.0766315712,0.0,0.0,19.2114719,0.409012709,0.0,-516.580012,0.49507703,368.985374,0.0,0.0
1366.5,0.0,-536.365375,-0.1135625134,-0.1135625134,0.00637856261,0.00637856261,0.014063779,0.014063779,383.117752,151.94553,151.94553,6.09605416,6.09605416,8.8931489,8.8931489,0.076519817,0.0,0.0,19.947284,0.408553804,0.0,-536.365375,0.514038893,383.117752,0.0,0.0
1367.0,0.0,-556.128094,-0.1134303163,-0.1134303163,0.00660588609,0.00660588609,0.01426347295,0.01426347295,397.233974,151.94553,151.94553,6.32066725,6.32066725,9.121194,9.121194,0.0764044291,0.0,0.0,20.6822544,0.408078214,0.0,-556.128094,0.532979128,397.233974,0.0,0.0
1367.5,0.0,-575.867393,-0.113293497,-0.113293497,0.00683210587,0.00683210587,0.014453078,0.014453078,411.33346,151.94553,151.94553,6.54501408,6.54501408,9.36855875,9.36855875,0.07628449,0.0,0.0,21.4163542,0.407586012,0.0,-575.867393,0.551896943,411.33346,0.0,0.0
1368.0,0.0,-595.582472,-0.113152087,-0.113152087,0.00705718652,0.00705718652,0.0146331463,0.0146331463,425.415654,151.94553,151.94553,6.76908561,6.76908561,9.61165745,9.61165745,0.0761597971,0.0,0.0,22.1495526,0.407077266,0.0,-595.582472,0.570791562,425.415654,0.0,0.0
1368.5,0.0,-615.272538,-0.1130061045,-0.1130061045,0.00728109272,0.00728109272,0.01480418695,0.01480418695,439.479969,151.94553,151.94553,6.99287268,6.99287268,9.85058965,9.85058965,0.076030243,0.0,0.0,22.8818211,0.406552083,0.0,-615.272538,0.589662236,439.479969,0.0,0.0
1369.0,0.0,-634.93679,-0.112855577,-0.112855577,0.0075037892,0.0075037892,0.01496667045,0.01496667045,453.525842,151.94553,151.94553,7.21636659,7.21636659,10.0854517,10.0854517,0.0758957115,0.0,0.0,23.6131289,0.40601055,0.0,-634.93679,0.608508212,453.525842,0.0,0.0
1369.5,0.0,-654.574419,-0.1127005236,-0.1127005236,0.00772524198,0.00772524198,0.01518096275,0.01518096275,467.552711,151.94553,151.94553,7.43955795,7.43955795,10.31633665,10.31633665,0.0757560592,0.0,0.0,24.343447,0.405452742,0.0,-654.574419,0.627328699,467.552711,0.0,0.0
1370.0,0.0,-674.184689,-0.1125409765,-0.1125409765,0.00794541675,0.00794541675,0.01545232905,0.01545232905,481.560028,151.94553,151.94553,7.66243801,7.66243801,10.54333495,10.54333495,0.0756111224,0.0,0.0,25.0727474,0.404878751,0.0,-674.184689,0.646122967,481.560028,0.0,0.0
1370.5,0.0,-693.766761,-0.1123769591,-0.1123769591,0.00816428005,0.00816428005,0.01571585105,0.01571585105,495.547217,151.94553,151.94553,7.884998,7.884998,10.7665353,10.7665353,0.0754607122,0.0,0.0,25.8009996,0.404288688,0.0,-693.766761,0.664890285,495.547217,0.0,0.0
1371.0,0.0,-713.319883,-0.1122084986,-0.1122084986,0.00838179815,0.00838179815,0.0159717215,0.0159717215,509.513722,151.94553,151.94553,8.1072288,8.1072288,10.9860218,10.9860218,0.0753045967,0.0,0.0,26.5281753,0.403682639,0.0,-713.319883,0.683629896,509.513722,0.0,0.0
1371.5,0.0,-732.84331,-0.1120356228,-0.1120356228,0.00859793935,0.00859793935,0.0162201266,0.0162201266,523.45902,151.94553,151.94553,8.32912195,8.32912195,11.2018776,11.2018776,0.0751425066,0.0,0.0,27.2542464,0.403060702,0.0,-732.84331,0.702341048,523.45902,0.0,0.0
1372.0,0.0,-752.336223,-0.1118583612,-0.1118583612,0.0088126709,0.0088126709,0.0164612449,0.0164612449,537.382511,151.94553,151.94553,8.5506688,8.5506688,11.41418325,11.41418325,0.0749741056,0.0,0.0,27.9791835,0.40242299,0.0,-752.336223,0.72102302,537.382511,0.0,0.0
1372.5,0.0,-771.797929,-0.1116767401,-0.1116767401,0.00902596105,0.00902596105,0.016695247,0.016695247,551.283707,151.94553,151.94553,8.7718602,8.7718602,11.6230167,11.6230167,0.0747989705,0.0,0.0,28.7029579,0.401769589,0.0,-771.797929,0.739675104,551.283707,0.0,0.0
1373.0,0.0,-791.227616,-0.1114907921,-0.1114907921,0.00923777875,0.00923777875,0.0169223008,0.0169223008,565.162043,151.94553,151.94553,8.992688,8.992688,11.82845375,11.82845375,0.074616552,0.0,0.0,29.4255424,0.401100633,0.0,-791.227616,0.758296533,565.162043,0.0,0.0
1373.5,0.0,-810.62294,-0.1112879925,-0.1112034061,0.0094469986,0.00943974975,0.0171406022,0.0171274996,579.015777,151.94553,151.828493,9.21312445,9.2059604,12.03235875,12.0230257,0.074426121,0.0,0.0,30.146846,0.400037516,0.0,-810.62294,0.776840761,579.015777,0.0,0.0
1374.0,0.0,-829.834753,-0.110735295,-0.109135734,0.0096227924,0.0094834642,0.0172963002,0.0170461059,592.737388,151.94553,149.743965,9.4314587,9.2944831,12.2442889,12.0665657,0.074229861,0.0,0.0,30.8612717,0.392596126,0.0,-829.834753,0.794623374,592.737388,0.0,0.0
1374.5,0.0,-848.609662,-0.1100572706,-0.1065425175,0.0097802635,0.00946762545,0.0174201003,0.0168634628,606.14785,151.94553,147.086718,9.6448419,9.33613105,12.4518579,12.0533947,0.0740331171,0.0,0.0,31.559496,0.38330074,0.0,-848.609662,0.812512044,606.14785,0.0,0.0
1375.0,0.0,-866.946768,-0.109393637,-0.1040987799,0.0099313569,0.00945038665,0.0175340904,0.0166851253,619.245807,151.94553,144.584951,9.8532525,9.3756677,12.6534588,12.04023545,0.0738364886,0.0,0.0,32.2414505,0.374509803,0.0,-866.946768,0.830099117,619.245807,0.0,0.0
1375.5,0.0,-884.869675,-0.1087349901,-0.1017823929,0.01007564655,0.0094311506,0.0176376552,0.0165096348,632.047878,151.94553,142.224063,10.0569553,9.4132611,12.849435,12.0270884,0.0736399665,0.0,0.0,32.9079985,0.366176213,0.0,-884.869675,0.847290936,632.047878,0.0,0.0
1376.0,0.0,-902.399126,-0.1080792296,-0.0995743251,0.01021328225,0.0094093507,0.0177312047,0.0163356776,644.568934,151.94553,139.982812,10.25618635,9.44847865,13.04089605,12.01395485,0.0734435591,0.0,0.0,33.5599169,0.358231529,0.0,-902.399126,0.864100968,644.568934,0.0,0.0
1376.5,0.0,-919.551454,-0.1074225879,-0.09745249,0.01034418415,0.0093839036,0.0178147615,0.0161611257,656.820597,151.94553,137.837373,10.4511315,9.480524,13.22939945,12.00083725,0.0732472643,0.0,0.0,34.1978072,0.350598608,0.0,-919.551454,0.880546439,656.820597,0.0,0.0
1377.0,0.0,-936.342965,-0.1067700766,-0.09542957,0.0104690978,0.0093569302,0.0178897478,0.0159894078,668.814545,151.94553,135.801109,10.6419755,9.51104755,13.4130864,11.98773225,0.0730510795,0.0,0.0,34.8222803,0.343320926,0.0,-936.342965,0.896652327,668.814545,0.0,0.0
1377.5,0.0,-952.790354,-0.1061215261,-0.0934984129,0.0105882876,0.0093286294,0.0179567099,0.0158205893,680.562682,151.94553,133.866175,10.8289083,9.5402326,13.59208545,11.9746394,0.0728550038,0.0,0.0,35.4339554,0.336373262,0.0,-952.790354,0.912428134,680.562682,0.0,0.0
1378.0,0.0,-968.908915,-0.105477222,-0.0916515708,0.0107020419,0.0092990769,0.0180241993,0.0156614483,692.075951,151.94553,132.024359,11.012104,9.5681594,13.7666262,11.9615521,0.0726590415,0.0,0.0,36.0334004,0.32972913,0.0,-968.908915,0.927889607,692.075951,0.0,0.0
1378.5,0.0,-984.712731,-0.1048362568,-0.089882525,0.0108105105,0.0092683505,0.018120296,0.0155354434,703.36441,151.94553,130.26817,11.1917224,9.5948861,13.93691875,11.94844705,0.0724631884,0.0,0.0,36.6211422,0.323364398,0.0,-984.712731,0.943046544,703.36441,0.0,0.0
1379.0,0.0,-1000.214866,-0.104198065,-0.0881854837,0.0109138562,0.0092365259,0.018212928,0.015413888,714.437363,151.94553,128.591442,11.3679122,9.62050415,14.1031601,11.9353527,0.0722674462,0.0,0.0,37.1976625,0.317259149,0.0,-1000.214866,0.957914741,714.437363,0.0,0.0
1379.5,0.0,-1015.427418,-0.1035630783,-0.08655542,0.01101232945,0.0092036892,0.0182981515,0.0152929711,725.303491,151.94553,126.9883834,11.5408102,9.6450795,14.26553175,11.9222726,0.0720718163,0.0,0.0,37.7634141,0.311394735,0.0,-1015.427418,0.972505348,725.303491,0.0,0.0
1380.0,0.0,-1030.3616,-0.1029311027,-0.0849876085,0.0111061048,0.0091698995,0.018376312,0.01517270325,735.970758,151.94553,125.4537631,11.710545,9.6686697,14.4242004,11.90920745,0.0718762968,0.0,0.0,38.3188141,0.305754282,0.0,-1030.3616,0.986828842,735.970758,0.0,0.0
1380.5,0.0,-1045.02789,-0.1023020176,-0.0834778066,0.0111953492,0.00913521315,0.0184477397,0.0150530985,746.446705,151.94553,123.9828449,11.87723505,9.6913265,14.57932375,11.8961563,0.0716808885,0.0,0.0,38.8642515,0.300322549,0.0,-1045.02789,1.000895286,746.446705,0.0,0.0
1381.0,0.0,-1059.43606,-0.1016756985,-0.0820221814,0.0112802202,0.00909968315,0.0185127393,0.01493416675,756.738267,151.94553,122.5713455,12.0409911,9.7130989,14.73104595,11.88311995,0.0714855921,0.0,0.0,39.4000876,0.29508571,0.0,-1059.43606,1.01471406,756.738267,0.0,0.0
1381.5,0.0,-1073.59524,-0.1010520423,-0.0806172418,0.0113608653,0.0090633577,0.0185715975,0.01481591595,766.851972,151.94553,121.215369,12.2019175,9.7340304,14.8795027,11.8700979,0.0712904026,0.0,0.0,39.9266644,0.290031235,0.0,-1073.59524,1.02829392,766.851972,0.0,0.0
1382.0,0.0,-1087.51279,-0.1004225471,-0.0792329419,0.01143645145,0.0090232011,0.0186230052,0.0146933454,776.793023,151.94553,119.8802546,12.3600967,9.7516115,15.0287485,11.85709495,0.071095326,0.0,0.0,40.4442528,0.285047071,0.0,-1087.51279,1.04162043,776.793023,0.0,0.0
1382.5,0.0,-1101.1865,-0.0997711381,-0.0778286262,0.0115051302,0.0089747228,0.0186640687,0.0145591938,786.559915,151.94553,118.5242325,12.5155043,9.76253595,15.1840496,11.8441195,0.0709003593,0.0,0.0,40.9527716,0.279998505,0.0,-1101.1865,1.05470308,786.559915,0.0,0.0
1383.0,0.0,-1114.61956,-0.0991228471,-0.0764700259,0.0115698104,0.0089256331,0.0186995987,0.0144260193,796.154953,151.94553,117.2169091,12.66817775,9.7726376,15.3365878,11.83115685,0.0707055069,0.0,0.0,41.4523451,0.275111128,0.0,-1114.61956,1.06758601,796.154953,0.0,0.0
1383.5,0.0,-1127.81996,-0.09847738,-0.0751561675,0.01163060085,0.008876175,0.018729799,0.01429414505,805.583825,151.94553,115.958076,12.81820705,9.782186,15.4861065,11.818209,0.0705107596,0.0,0.0,41.9432657,0.270384322,0.0,-1127.81996,1.08024672,805.583825,0.0,0.0
1384.0,0.0,-1140.79509,-0.0978329855,-0.0738796836,0.0116874265,0.00882580555,0.018754574,0.0141626323,814.851799,151.94553,114.7393175,12.9656764,9.79073385,15.6334687,11.8052751,0.0703161242,0.0,0.0,42.425808,0.265791009,0.0,-1140.79509,1.09268702,814.851799,0.0,0.0
1384.5,0.0,-1153.54985,-0.0971842349,-0.0726262935,0.01173973205,0.0087730818,0.0187730719,0.01402912635,823.962318,151.94553,113.5456464,13.11064035,9.79720975,15.7805283,11.79235855,0.0701216001,0.0,0.0,42.9001544,0.261282606,0.0,-1153.54985,1.1049105,823.962318,0.0,0.0
1385.0,0.0,-1166.08961,-0.0965380419,-0.0714109175,0.011788444,0.0087200458,0.0187868116,0.0138968565,832.919314,151.94553,112.3928385,13.25316115,9.8031657,15.92493785,11.77945575,0.069927183,0.0,0.0,43.3665056,0.256910308,0.0,-1166.08961,1.11693755,832.919314,0.0,0.0
1385.5,0.0,-1178.421,-0.0958946665,-0.0702326455,0.01183371375,0.0086668638,0.0187960503,0.0137660285,841.727459,151.94553,111.2800067,13.39331365,9.8087485,16.0665859,11.7665663,0.0697328815,0.0,0.0,43.8251077,0.252671296,0.0,-1178.421,1.12876516,841.727459,0.0,0.0
1386.0,0.0,-1190.55033,-0.0952539864,-0.0690894097,0.01187564245,0.0086135454,0.0188009621,0.01363659785,850.391259,151.94553,110.2049151,13.5311692,9.813974,16.2055632,11.7536903,0.0695386871,0.0,0.0,44.2761936,0.248558343,0.0,-1190.55033,1.14039887,850.391259,0.0,0.0
1386.5,0.0,-1202.48349,-0.0946159541,-0.0679793535,0.01191433305,0.0085601053,0.0188017236,0.0135085302,858.914956,151.94553,109.1654924,13.6667956,9.8188551,16.341956,11.74082795,0.0693446005,0.0,0.0,44.7199856,0.244564763,0.0,-1202.48349,1.15184445,858.914956,0.0,0.0
1387.0,0.0,-1214.22614,-0.0939805225,-0.0669007644,0.0119498847,0.00850655675,0.0187985028,0.01338179435,867.302545,151.94553,108.1598298,13.8002568,9.823406,16.4758467,11.7279793,0.0691506266,0.0,0.0,45.1566913,0.240684381,0.0,-1214.22614,1.16310734,867.302545,0.0,0.0
1387.5,0.0,-1225.78355,-0.0933476538,-0.0658520435,0.0119823925,0.0084529132,0.0187914564,0.01325635985,875.557882,151.94553,107.1861544,13.93161315,9.8276384,16.6073134,11.7151441,0.0689567604,0.0,0.0,45.5865112,0.236911459,0.0,-1225.78355,1.17419255,875.557882,0.0,0.0
1388.0,0.0,-1237.16089,-0.0927173094,-0.0648317166,0.0120119465,0.0083991869,0.0187807375,0.01313219835,883.684538,151.94553,106.2428196,14.0609221,9.8315637,16.7364287,11.7023225,0.0687630056,0.0,0.0,46.0096311,0.233240689,0.0,-1237.16089,1.18510502,883.684538,0.0,0.0
1388.5,0.0,-1248.36293,-0.092089456,-0.0638384088,0.01203863425,0.00834538975,0.0187664882,0.0130092819,891.686001,151.94553,105.3283,14.18823895,9.8351937,16.8632629,11.68951415,0.06856936,0.0,0.0,46.4262325,0.229667125,0.0,-1248.36293,1.19584936,891.686001,0.0,0.0
1389.0,0.0,-1259.39421,-0.0914640706,-0.0628708432,0.01206253885,0.00829153355,0.0187488445,0.0128875843,899.565524,151.94553,104.4411701,14.3136155,9.8385375,16.9878816,11.67671975,0.0683758271,0.0,0.0,46.8364857,0.226186173,0.0,-1259.39421,1.20643001,899.565524,0.0,0.0
1389.5,0.0,-1270.25926,-0.0908411241,-0.0619278247,0.0120837405,0.0082376292,0.0187279373,0.01276708135,907.326265,151.94553,103.580108,14.43710195,9.84160575,17.1103501,11.66393915,0.068182398,0.0,0.0,47.2405535,0.222793538,0.0,-1270.25926,1.21685112,907.326265,0.0,0.0
1390.0,0.0,-1280.9621,-0.0902205889,-0.0610082429,0.0121023169,0.0081836868,0.0187038902,0.0126477484,914.971156,151.94553,102.7438718,14.55874535,9.84440695,17.2307267,11.6511722,0.0679890818,0.0,0.0,47.63859,0.219485214,0.0,-1280.9621,1.22711679,914.971156,0.0,0.0
1390.5,0.0,-1291.50678,-0.0896026045,-0.0601110359,0.0121183629,0.0081297135,0.0186799726,0.0125316463,922.503101,151.94553,101.9312874,14.678591,9.8469487,17.3490702,11.6384159,0.0677958735,0.0,0.0,48.0307453,0.216257404,0.0,-1291.50678,1.23723112,922.503101,0.0,0.0
1391.0,0.0,-1301.89717,-0.0889869265,-0.059235207,0.01213192,0.0080757164,0.0186651951,0.0124246612,929.924767,151.94553,101.1412217,14.7966828,9.84923375,17.4654346,11.62566625,0.0676027749,0.0,0.0,48.4171599,0.213106444,0.0,-1301.89717,1.24719668,929.924767,0.0,0.0
1391.5,0.0,-1312.13679,-0.0883734565,-0.058379862,0.0121430463,0.0080217065,0.0186484751,0.0123192118,937.238811,151.94553,100.3727244,14.9130614,9.8512764,17.5798732,11.6129293,0.0674097857,0.0,0.0,48.7979708,0.210029257,0.0,-1312.13679,1.25701799,937.238811,0.0,0.0
1392.0,0.0,-1322.22923,-0.0877623485,-0.0575441823,0.0121518305,0.00796769845,0.0186287098,0.0122144644,944.447694,151.94553,99.6248534,15.027767,9.8530846,17.6924353,11.60020645,0.0672169076,0.0,0.0,49.1733057,0.207022792,0.0,-1322.22923,1.26669828,944.447694,0.0,0.0
1392.5,0.0,-1332.17775,-0.08715357,-0.0567273538,0.0121583357,0.00791369935,0.0186059989,0.01211041045,951.553819,151.94553,98.8967115,15.1408373,9.85466565,17.8031699,11.58749755,0.067024138,0.0,0.0,49.5432904,0.204084137,0.0,-1332.17775,1.27624056,951.553819,0.0,0.0
1393.0,0.0,-1341.98572,-0.086547116,-0.0559286202,0.012162624,0.0078597174,0.0185804405,0.01200704385,958.559463,151.94553,98.1874565,15.2523096,9.85602595,17.9121222,11.57480255,0.0668314748,0.0,0.0,49.9080444,0.201210585,0.0,-1341.98572,1.28564803,958.559463,0.0,0.0
1393.5,0.0,-1351.65605,-0.0859428916,-0.0551469794,0.01216474425,0.00780572007,0.0185521124,0.01190429745,965.46687,151.94553,97.4958535,15.3622179,9.85712705,18.0194203,11.5621218,0.0666389215,0.0,0.0,50.2676836,0.198398117,0.0,-1351.65605,1.29492322,965.46687,0.0,0.0
1394.0,0.0,-1361.19051,-0.0853303097,-0.054363697,0.01216323365,0.00774912921,0.0185187934,0.0117982334,972.277175,151.94553,96.8008461,15.4705816,9.8558954,18.1289222,11.549459,0.0664464793,0.0,0.0,50.6222668,0.195578686,0.0,-1361.19051,1.30404685,972.277175,0.0,0.0
1394.5,0.0,-1370.58869,-0.0847128885,-0.053586436,0.01215859805,0.00769107668,0.018481277,0.0116905793,978.99018,151.94553,96.112288,15.57739655,9.8533553,18.2388041,11.5368124,0.066254144,0.0,0.0,50.9717831,0.192784327,0.0,-1370.58869,1.31305479,978.99018,0.0,0.0
1395.0,0.0,-1379.8531,-0.0840987859,-0.0528263876,0.0121520476,0.00763324118,0.0184414091,0.0115838797,985.607606,151.94553,95.4409473,15.68269115,9.8506694,18.3469832,11.52417925,0.0660619175,0.0,0.0,51.316324,0.190049936,0.0,-1379.8531,1.32194152,985.607606,0.0,0.0
1395.5,0.0,-1388.98653,-0.0834871416,-0.05208238,0.0121435186,0.00757555023,0.0183990933,0.0114780058,992.131508,151.94553,94.7861299,15.7864973,9.8478415,18.4534989,11.5115602,0.065869801,0.0,0.0,51.6559961,0.187373271,0.0,-1388.98653,1.33070253,992.131508,0.0,0.0
1396.0,0.0,-1397.99181,-0.08287796,-0.051353828,0.0121330673,0.00751800927,0.0183544133,0.01137295,998.563836,151.94553,94.1471865,15.88884685,9.8448761,18.55839,11.4989548,0.0656777925,0.0,0.0,51.9908982,0.184752212,0.0,-1397.99181,1.33934062,998.563836,0.0,0.0
1396.5,0.0,-1406.87149,-0.082271233,-0.0506401718,0.0121207473,0.00746062293,0.0183074515,0.01126870335,1004.906484,151.94553,93.5234985,15.9897689,9.8417771,18.661692,11.4863629,0.0654858929,0.0,0.0,52.3211335,0.182184737,0.0,-1406.87149,1.34785832,1004.906484,0.0,0.0
1397.0,0.0,-1415.62817,-0.0816669568,-0.049940883,0.0121066107,0.00740339598,0.0182582844,0.0111652571,1011.16126,151.94553,92.9144804,16.0892931,9.83854835,18.7634403,11.473785,0.0652940998,0.0,0.0,52.646793,0.179668953,0.0,-1415.62817,1.35625812,1011.16126,0.0,0.0
1397.5,0.0,-1424.26431,-0.0810651355,-0.0492554576,0.01209070785,0.00734633285,0.0182069884,0.011062603,1017.329952,151.94553,92.3195791,16.1874476,9.8351932,18.8636699,11.4612206,0.0651024165,0.0,0.0,52.9679689,0.177203043,0.0,-1424.26431,1.36454229,1017.329952,0.0,0.0
1398.0,0.0,-1432.78229,-0.0804657605,-0.0485834225,0.0120730884,0.00728943776,0.0181536349,0.0109607329,1023.41422,151.94553,91.7382715,16.2842585,9.8317153,18.9624124,11.4486703,0.0649108421,0.0,0.0,53.284751,0.174785311,0.0,-1432.78229,1.37271316,1023.41422,0.0,0.0
1398.5,0.0,-1441.18438,-0.0798688361,-0.047924325,0.0120537995,0.00723271487,0.0180982961,0.01085963875,1029.41569,151.94553,91.170054,16.3797522,9.8281178,19.0596988,11.4361331,0.0647193779,0.0,0.0,53.5972218,0.172414122,0.0,-1441.18438,1.38077292,1029.41569,0.0,0.0
1399.0,0.0,-1449.47279,-0.0792743556,-0.047277735,0.0120328883,0.00717616781,0.018041039,0.0107593135,1035.33603,151.94553,90.6144589,16.4739542,9.8244041,19.1555608,11.42361,0.064528019,0.0,0.0,53.9054673,0.170087932,0.0,-1449.47279,1.3887237,1035.33603,0.0,0.0
1399.5,0.0,-1457.64965,-0.0786823218,-0.0466432464,0.01201039915,0.00711980089,0.0179819292,0.01065974935,1041.17663,151.94553,90.0710364,16.5668888,9.8205768,19.2500273,11.41110075,0.0643367692,0.0,0.0,54.2095627,0.167805273,0.0,-1457.64965,1.39656755,1041.17663,0.0,0.0
1400.0,0.0,-1465.71706,-0.0780926439,-0.0460202251,0.01198636245,0.0070635801,0.0179210101,0.0105608833,1046.93908,151.94553,89.5389681,16.658579,9.8165968,19.3432103,11.398605,0.0641456281,0.0,0.0,54.5095894,0.165563518,0.0,-1465.71706,1.40430613,1046.93908,0.0,0.0
1400.5,0.0,-1473.67631,-0.0774981739,-0.0453986776,0.0119597115,0.0070060186,0.0178566888,0.01046048475,1052.62423,151.94553,89.0071,16.7490394,9.8112762,19.4374935,11.3861253,0.0639545935,0.0,0.0,54.8055897,0.163326641,0.0,-1473.67631,1.41192695,1052.62423,0.0,0.0
1401.0,0.0,-1481.52766,-0.0769020351,-0.0447835073,0.0119309426,0.00694790559,0.0177897154,0.0103597299,1058.23236,151.94553,88.4816525,16.838274,9.8053198,19.5315162,11.3736601,0.063763668,0.0,0.0,55.0975797,0.161114687,0.0,-1481.52766,1.41945513,1058.23236,0.0,0.0
1401.5,0.0,-1489.27293,-0.0763091719,-0.0441800438,0.0119008569,0.00689011622,0.0177212831,0.0102599149,1063.76468,151.94553,87.9675224,16.9263029,9.7993096,19.6241599,11.36120875,0.0635728501,0.0,0.0,55.3856259,0.15894363,0.0,-1489.27293,1.42688573,1063.76468,0.0,0.0
1402.0,0.0,-1496.91411,-0.0757189889,-0.0435875831,0.0118694034,0.00683259762,0.0176513142,0.01016094845,1069.22266,151.94553,87.4643265,17.0131491,9.79324665,19.7154519,11.34877055,0.0633821404,0.0,0.0,55.6697992,0.156812177,0.0,-1496.91411,1.43421635,1069.22266,0.0,0.0
1402.5,0.0,-1504.45304,-0.0751314946,-0.0430057917,0.011836625,0.00677535104,0.017579867,0.01006282125,1074.60763,151.94553,86.9716866,17.098833,9.7871315,19.8054192,11.336346,0.0631915374,0.0,0.0,55.9501709,0.154719101,0.0,-1504.45304,1.44144896,1074.60763,0.0,0.0
1403.0,0.0,-1511.89157,-0.0745466796,-0.0424343409,0.01180255965,0.00671837717,0.0175069953,0.00996552185,1079.92087,151.94553,86.4892477,17.1833758,9.7809653,19.8940887,11.3239349,0.0630010435,0.0,0.0,56.2268082,0.152663231,0.0,-1511.89157,1.44858531,1079.92087,0.0,0.0
1403.5,0.0,-1519.23146,-0.073964546,-0.0418729207,0.0117672454,0.00666167638,0.0174327523,0.0098690404,1085.16365,151.94553,86.0166704,17.2667971,9.7747478,19.9814861,11.31153725,0.0628106564,0.0,0.0,56.4997781,0.150643454,0.0,-1519.23146,1.45562707,1085.16365,0.0,0.0
1404.0,0.0,-1526.47446,-0.0733850838,-0.0413212341,0.0117307189,0.00660524927,0.0173571878,0.0097733663,1090.33725,151.94553,85.5536334,17.3491178,9.7684805,20.0676351,11.2991532,0.0626203793,0.0,0.0,56.769144,0.148658692,0.0,-1526.47446,1.46257592,1090.33725,0.0,0.0
1404.5,0.0,-1533.62223,-0.0728082936,-0.0407789983,0.01169301615,0.00654909642,0.0172803516,0.0096784905,1095.44282,151.94553,85.0998242,17.4303555,9.7621643,20.15256,11.28678235,0.0624302059,0.0,0.0,57.034968,0.146707925,0.0,-1533.62223,1.46943344,1095.44282,0.0,0.0
1405.0,0.0,-1540.67637,-0.0722341703,-0.040245941,0.0116541724,0.00649321795,0.0172022913,0.0095844029,1100.48151,151.94553,84.6549486,17.5105301,9.7557999,20.2362841,11.27442555,0.0622401421,0.0,0.0,57.2973104,0.144790181,0.0,-1540.67637,1.47620125,1100.48151,0.0,0.0
1405.5,0.0,-1547.63851,-0.071662711,-0.0397218016,0.0116142213,0.00643761471,0.0171230535,0.0094910949,1105.45444,151.94553,84.2187256,17.5896581,9.7493869,20.3188295,11.2620818,0.0620501852,0.0,0.0,57.5562297,0.142904523,0.0,-1547.63851,1.48288074,1105.45444,0.0,0.0
1406.0,0.0,-1554.5101,-0.07109391,-0.0392063322,0.0115731963,0.00638228691,0.0170426827,0.0093985572,1110.36273,151.94553,83.7908825,17.6677569,9.7429273,20.4002186,11.24975155,0.0618603358,0.0,0.0,57.8117839,0.141050059,0.0,-1554.5101,1.48947352,1110.36273,0.0,0.0
1406.5,0.0,-1561.29265,-0.0705277685,-0.0386992944,0.0115311292,0.00632723525,0.016961222,0.00930678125,1115.20744,151.94553,83.3711586,17.744845,9.7364212,20.480472,11.23743485,0.0616705936,0.0,0.0,58.0640269,0.139225925,0.0,-1561.29265,1.49598088,1115.20744,0.0,0.0
1407.0,0.0,-1567.98771,-0.0699642807,-0.03820046,0.0114880528,0.00627245989,0.0168787159,0.00921575845,1119.98958,151.94553,82.9593138,17.8209373,9.7298696,20.5596109,11.2251316,0.0614809588,0.0,0.0,58.3130141,0.137431307,0.0,-1567.98771,1.50240433,1119.98958,0.0,0.0
1407.5,0.0,-1574.59653,-0.0694034447,-0.03770961,0.011443997,0.00621796145,0.0167952036,0.00912548085,1124.71021,151.94553,82.5551022,17.8960501,9.7232727,20.6376547,11.21284165,0.0612914305,0.0,0.0,58.5587961,0.135665405,0.0,-1574.59653,1.5087451,1124.71021,0.0,0.0
1408.0,0.0,-1581.12062,-0.0688452596,-0.0372265334,0.01139899235,0.00616374023,0.0167107262,0.00903594085,1129.37024,151.94553,82.1583038,17.9701993,9.7166315,20.7146229,11.20056505,0.0611020092,0.0,0.0,58.8014237,0.133927476,0.0,-1581.12062,1.51500463,1129.37024,0.0,0.0
1408.5,0.0,-1587.56122,-0.0682897189,-0.036751029,0.01135306795,0.00610979645,0.016625322,0.0089471298,1133.97074,151.94553,81.7686949,18.0433998,9.7099466,20.7905344,11.188302,0.0609126955,0.0,0.0,59.0409488,0.132216787,0.0,-1587.56122,1.52118414,1133.97074,0.0,0.0
1409.0,0.0,-1593.91968,-0.0677368217,-0.0362829014,0.01130625315,0.00605613076,0.0165390288,0.008859041,1138.51249,151.94553,81.386072,18.1156671,9.7032187,20.8654074,11.1760523,0.0607234891,0.0,0.0,59.2774197,0.130532642,0.0,-1593.91968,1.52728487,1138.51249,0.0,0.0
1409.5,0.0,-1600.19726,-0.0671865649,-0.0358219663,0.0112585753,0.00600274331,0.0164518837,0.0087716667,1142.99646,151.94553,81.0102244,18.1870154,9.6964487,20.9392601,11.1638162,0.060534388,0.0,0.0,59.5108808,0.128874365,0.0,-1600.19726,1.533308,1142.99646,0.0,0.0
1410.0,0.0,-1606.39515,-0.066638946,-0.0353680423,0.01121006225,0.00594963431,0.0163639217,0.00868500005,1147.42354,151.94553,80.640968,18.2574578,9.6896366,21.0121106,11.15159315,0.0603453962,0.0,0.0,59.7413802,0.127241316,0.0,-1606.39515,1.53925484,1147.42354,0.0,0.0
1410.5,0.0,-1612.51465,-0.0660939885,-0.0349209536,0.01116074375,0.00589680361,0.0162756381,0.0085992724,1151.79463,151.94553,80.2781142,18.3270092,9.68278325,21.083974,11.13938325,0.0601565088,0.0,0.0,59.9689625,0.1256328675,0.0,-1612.51465,1.54512651,1151.79463,0.0,0.0
1411.0,0.0,-1618.55684,-0.065551679,-0.0344805356,0.0111106459,0.00584425143,0.0161901546,0.0085160988,1156.1105,151.94553,79.921468,18.3956814,9.6758878,21.1548676,11.12718495,0.0599677296,0.0,0.0,60.193672,0.1240483814,0.0,-1618.55684,1.55092394,1156.1105,0.0,0.0
1411.5,0.0,-1624.52293,-0.0650117746,-0.0340463668,0.0110597526,0.00579193375,0.016104546,0.0084338673,1160.37198,151.94553,79.5704635,18.4634893,9.668902,21.2249183,11.1149999,0.0597790554,0.0,0.0,60.4155495,0.1224859968,0.0,-1624.52293,1.55664781,1160.37198,0.0,0.0
1412.0,0.0,-1630.41349,-0.064467978,-0.0336121602,0.0110070096,0.0057388007,0.0160165104,0.00835064125,1164.57952,151.94553,79.2182197,18.5304385,9.6610043,21.2959519,11.10282965,0.059590489,0.0,0.0,60.6346184,0.1209234645,0.0,-1630.41349,1.56228747,1164.57952,0.0,0.0
1412.5,0.0,-1636.22867,-0.0639238784,-0.0331817001,0.0109530397,0.00568551259,0.0159269575,0.00826737975,1168.73322,151.94553,78.869345,18.5965306,9.65276385,21.3667338,11.0906737,0.0594020282,0.0,0.0,60.850883,0.1193757288,0.0,-1636.22867,1.56786492,1168.73322,0.0,0.0
1413.0,0.0,-1641.96952,-0.0633830054,-0.0327578533,0.0108984688,0.00563258224,0.0158367949,0.008184826,1172.83381,151.94553,78.5263279,18.6617782,9.6445028,21.4365705,11.0785311,0.0592136746,0.0,0.0,61.0643831,0.1178508499,0.0,-1641.96952,1.57337376,1172.83381,0.0,0.0
1413.5,0.0,-1647.63705,-0.0628448445,-0.0323402008,0.01084323265,0.00557996289,0.0157459259,0.0081029069,1176.88208,151.94553,78.189011,18.7261925,9.63622145,21.5054772,11.066401,0.0590254267,0.0,0.0,61.2751578,0.116348294,0.0,-1647.63705,1.57881223,1176.88208,0.0,0.0
1414.0,0.0,-1653.23243,-0.0623094082,-0.0319286115,0.0107873589,0.00552765608,0.0156543877,0.00802162005,1180.87878,151.94553,77.8572465,18.7897868,9.62792005,21.5734699,11.05428485,0.0588372857,0.0,0.0,61.4832487,0.1148675495,0.0,-1653.23243,1.58418143,1180.87878,0.0,0.0
1414.5,0.0,-1658.7566,-0.0617766959,-0.0315229482,0.0107308704,0.00547566154,0.0155622114,0.00794096095,1184.82463,151.94553,77.5308905,18.8525725,9.6195992,21.6405611,11.04218205,0.0586492499,0.0,0.0,61.688693,0.1134081205,0.0,-1658.7566,1.58948242,1184.82463,0.0,0.0
1415.0,0.0,-1664.21069,-0.0612467012,-0.0311230772,0.0106737892,0.00542397857,0.0154694256,0.0078609245,1188.72039,151.94553,77.2097971,18.9145608,9.61125865,21.706765,11.03009245,0.0584613211,0.0,0.0,61.8915289,0.1119695337,0.0,-1664.21069,1.59471619,1188.72039,0.0,0.0
1415.5,0.0,-1669.59563,-0.0607194243,-0.0307288707,0.01061613825,0.00537260676,0.0153760596,0.00778150569,1192.5668,151.94553,76.8938329,18.9757634,9.60289955,21.7720965,11.018016,0.0582734987,0.0,0.0,62.0917947,0.1105513276,0.0,-1669.59563,1.59988364,1192.5668,0.0,0.0
1416.0,0.0,-1674.91242,-0.06019486,-0.0303402047,0.01055793885,0.00532154544,0.0152821429,0.00770269994,1196.36449,151.94553,76.5828677,19.036192,9.5945213,21.8365675,11.0059531,0.0580857816,0.0,0.0,62.2895252,0.1091530511,0.0,-1674.91242,1.60498578,1196.36449,0.0,0.0
1416.5,0.0,-1680.16199,-0.059673003,-0.0299569592,0.01049921175,0.00527079446,0.0151877014,0.00762450247,1200.11423,151.94553,76.2767762,19.0958555,9.58612485,21.9001916,10.9939031,0.0578981706,0.0,0.0,62.4847558,0.107774276,0.0,-1680.16199,1.61002346,1200.11423,0.0,0.0
1417.0,0.0,-1685.34531,-0.059153853,-0.0295790183,0.01043997825,0.0052203532,0.01509276245,0.00754690885,1203.81661,151.94553,75.9754355,19.1547667,9.57771065,21.9629814,10.9818667,0.0577106654,0.0,0.0,62.6775219,0.1064145844,0.0,-1685.34531,1.61499756,1203.81661,0.0,0.0
1417.5,0.0,-1690.46327,-0.0586374041,-0.0292062702,0.0103802578,0.00517022068,0.0149973526,0.00746991472,1207.47229,151.94553,75.6787271,19.2129346,9.569278,22.0249497,10.9698434,0.0575232651,0.0,0.0,62.867858,0.1050735767,0.0,-1690.46327,1.61990905,1207.47229,0.0,0.0
1418.0,0.0,-1695.51676,-0.0581236504,-0.0288386063,0.01032007035,0.00512039691,0.01490149725,0.00739351497,1211.08193,151.94553,75.3865374,19.2703703,9.5608286,22.0861082,10.95783345,0.0573359713,0.0,0.0,63.0557974,0.1037508573,0.0,-1695.51676,1.62475868,1211.08193,0.0,0.0
1418.5,0.0,-1700.50666,-0.0576125912,-0.0284759214,0.01025943505,0.00507088107,0.01480522095,0.00731770585,1214.64615,151.94553,75.0987581,19.3270835,9.5523617,22.1464687,10.9458363,0.0571487837,0.0,0.0,63.2413705,0.1024460535,0.0,-1700.50666,1.62954735,1214.64615,0.0,0.0
1419.0,0.0,-1705.43385,-0.0571042204,-0.0281181135,0.0101983707,0.00502167235,0.014708548,0.00724248268,1218.16557,151.94553,74.8152851,19.3830838,9.5438779,22.2060435,10.9338527,0.0569617012,0.0,0.0,63.4246122,0.1011587954,0.0,-1705.43385,1.6342759,1218.16557,0.0,0.0
1419.5,0.0,-1710.29913,-0.0565985336,-0.027765084,0.01013689575,0.0049727705,0.0146115021,0.00716784129,1221.6408,151.94553,74.5360105,19.4383802,9.5353778,22.264843,10.92188225,0.0567747243,0.0,0.0,63.6055511,0.0998887245,0.0,-1710.29913,1.63894513,1221.6408,0.0,0.0
1420.0,0.0,-1715.10338,-0.056095528,-0.0274167374,0.010075028,0.00492417454,0.0145141062,0.00709377721,1225.07241,151.94553,74.260835,19.492983,9.5268612,22.3228789,10.909925,0.0565878539,0.0,0.0,63.7842206,0.0986355053,0.0,-1715.10338,1.64355574,1225.07241,0.0,0.0
1420.5,0.0,-1719.84736,-0.0555951957,-0.0270729812,0.01001278545,0.00487588404,0.0144163827,0.00702028643,1228.46096,151.94553,73.989666,19.5469008,9.51832845,22.3801622,10.8979811,0.0564010866,0.0,0.0,63.9606476,0.097398798,0.0,-1719.84736,1.64810861,1228.46096,0.0,0.0
1421.0,0.0,-1724.53188,-0.0550975344,-0.0267337248,0.0099501848,0.00482789811,0.0143183533,0.00694736478,1231.80707,151.94553,73.7224103,19.600143,9.5097805,22.4367027,10.88604985,0.0562144257,0.0,0.0,64.1348656,0.0961782805,0.0,-1724.53188,1.65260442,1231.80707,0.0,0.0
1421.5,0.0,-1729.15774,-0.0546025385,-0.0263988813,0.0098872426,0.00478021632,0.0142200395,0.00687500815,1235.11124,151.94553,73.4589775,19.6527174,9.5012166,22.4925124,10.87413215,0.0560278712,0.0,0.0,64.306898,0.0949736386,0.0,-1729.15774,1.65704403,1235.11124,0.0,0.0
1422.0,0.0,-1733.7256,-0.0541102034,-0.0260683662,0.00982397615,0.00473283772,0.01412146135,0.00680321252,1238.37401,151.94553,73.1992774,19.7046345,9.4926379,22.5475997,10.86222725,0.0558414209,0.0,0.0,64.4767781,0.0937845663,0.0,-1733.7256,1.66142802,1238.37401,0.0,0.0
1422.5,0.0,-1738.23631,-0.0536205233,-0.0257420967,0.00976040045,0.00468576162,0.0140226402,0.0067319736,1241.59599,151.94553,72.9432269,19.755901,9.48404425,22.6019763,10.8503356,0.0556550759,0.0,0.0,64.644531,0.0926107705,0.0,-1738.23631,1.66575721,1241.59599,0.0,0.0
1423.0,0.0,-1742.6906,-0.053133493,-0.025419993,0.00969653205,0.00463898743,0.0139235951,0.00666128775,1244.77761,151.94553,72.690747,19.8065259,9.475436,22.655651,10.8384572,0.0554688354,0.0,0.0,64.8101855,0.091451963,0.0,-1742.6906,1.67003226,1244.77761,0.0,0.0
1423.5,0.0,-1747.08914,-0.0526491068,-0.0251019778,0.009632386,0.00459251405,0.0138243453,0.0065911509,1247.91942,151.94553,72.4417551,19.8565182,9.4668135,22.7086332,10.82659165,0.0552827009,0.0,0.0,64.973768,0.0903078619,0.0,-1747.08914,1.67425388,1247.91942,0.0,0.0
1424.0,0.0,-1751.43264,-0.0521673607,-0.0247879748,0.0095679768,0.00454634098,0.0137249094,0.0065215592,1251.02195,151.94553,72.1961766,19.9058842,9.4581773,22.7609335,10.8147392,0.0550966716,0.0,0.0,65.1353004,0.0891781982,0.0,-1751.43264,1.67842272,1251.02195,0.0,0.0
1424.5,0.0,-1755.72186,-0.0516882471,-0.0244779123,0.00950331945,0.00450046739,0.0136253061,0.00645250858,1254.08567,151.94553,71.9539297,19.9546333,9.4495269,22.8125601,10.80290015,0.0549107451,0.0,0.0,65.2948162,0.0880627065,0.0,-1755.72186,1.68253943,1254.08567,0.0,0.0
1425.0,0.0,-1759.95736,-0.0512117619,-0.0241717175,0.0094384287,0.00445489224,0.0135255525,0.00638399554,1257.11108,151.94553,71.7149521,20.0027723,9.4408627,22.8635226,10.79107365,0.0547249258,0.0,0.0,65.4523343,0.0869611321,0.0,-1759.95736,1.68660474,1257.11108,0.0,0.0
1425.5,0.0,-1764.13995,-0.0507378974,-0.0238693214,0.0093733176,0.00440961494,0.0134256661,0.00631601595,1260.09861,151.94553,71.4791662,20.0503092,9.4321856,22.9138292,10.77926055,0.0545392106,0.0,0.0,65.6078825,0.0858732206,0.0,-1764.13995,1.69061923,1260.09861,0.0,0.0
1426.0,0.0,-1768.27015,-0.0502666493,-0.0235706563,0.0093080005,0.00436463422,0.01332566435,0.00624856641,1263.04876,151.94553,71.246505,20.0972513,9.4234956,22.9634895,10.76746035,0.0543535999,0.0,0.0,65.7614841,0.0847987363,0.0,-1768.27015,1.69458356,1263.04876,0.0,0.0
1426.5,0.0,-1772.34867,-0.0497980102,-0.0232756572,0.00924249025,0.00431994984,0.013225563,0.00618164296,1265.962,151.94553,71.0169052,20.1436057,9.41479295,23.0125117,10.75567325,0.0541680937,0.0,0.0,65.9131654,0.0837374391,0.0,-1772.34867,1.69849831,1265.962,0.0,0.0
1427.0,0.0,-1776.37614,-0.0493319753,-0.0229842591,0.0091768006,0.00427556031,0.0131253787,0.00611524187,1268.83878,151.94553,70.7902987,20.1893803,9.40607765,23.060904,10.74389895,0.0539826919,0.0,0.0,66.0629488,0.0826890975,0.0,-1776.37614,1.70236408,1268.83878,0.0,0.0
1427.5,0.0,-1780.35324,-0.0488685369,-0.0226964005,0.0091109439,0.00423146518,0.01302512665,0.00604935963,1271.67954,151.94553,70.5666264,20.2345818,9.3973501,23.1086749,10.7321378,0.0537973938,0.0,0.0,66.2108517,0.0816534886,0.0,-1780.35324,1.7061815,1271.67954,0.0,0.0
1428.0,0.0,-1784.28045,-0.048407688,-0.0224120204,0.0090449324,0.00418766336,0.01292482195,0.00598399257,1274.48471,151.94553,70.3458261,20.2792166,9.388611,23.1558321,10.7203898,0.0536122019,0.0,0.0,66.3569059,0.0806303964,0.0,-1784.28045,1.70995112,1274.48471,0.0,0.0
1428.5,0.0,-1788.15844,-0.047949423,-0.0221310595,0.0089787789,0.00414415376,0.01282447955,0.00591913705,1277.25473,151.94553,70.1278365,20.3232923,9.3798596,23.2023844,10.7086544,0.0534271139,0.0,0.0,66.5011279,0.0796196041,0.0,-1788.15844,1.71367357,1277.25473,0.0,0.0
1429.0,0.0,-1791.98781,-0.0474937351,-0.0218534603,0.0089124944,0.00410093549,0.01272411425,0.00585478935,1279.99002,151.94553,69.912602,20.3668152,9.3710969,23.248338,10.696932,0.0532421297,0.0,0.0,66.6435431,0.0786209056,0.0,-1791.98781,1.71734935,1279.99002,0.0,0.0
1429.5,0.0,-1795.76919,-0.0470406174,-0.0215791675,0.00884609155,0.0040580076,0.01262373985,0.00579094611,1282.69098,151.94553,69.7000669,20.4097922,9.362323,23.2937022,10.68522265,0.0530572497,0.0,0.0,66.7841686,0.0776341016,0.0,-1795.76919,1.72097911,1282.69098,0.0,0.0
1430.0,0.0,-1799.50301,-0.0465900623,-0.0213081248,0.008779581,0.00401536934,0.01252336985,0.00572760382,1285.35802,151.94553,69.490176,20.4522293,9.353538,23.3384839,10.67352625,0.0528724745,0.0,0.0,66.92303,0.0766589912,0.0,-1799.50301,1.72456326,1285.35802,0.0,0.0
1430.5,0.0,-1803.18995,-0.0461420639,-0.0210402799,0.00871297395,0.00397301944,0.01242301785,0.00566475887,1287.99157,151.94553,69.2828781,20.4941339,9.3447424,23.3826906,10.6618427,0.052687802,0.0,0.0,67.0601485,0.075695384,0.0,-1803.18995,1.72810251,1287.99157,0.0,0.0
1431.0,0.0,-1806.83054,-0.045696615,-0.0207755804,0.0086462813,0.00393095704,0.0123226968,0.00560240797,1290.59197,151.94553,69.0781215,20.5355103,9.3359363,23.4263287,10.6501722,0.0525032351,0.0,0.0,67.195542,0.0747430922,0.0,-1806.83054,1.73159724,1290.59197,0.0,0.0
1431.5,0.0,-1810.42529,-0.0452537061,-0.020513975,0.00857951385,0.00388918096,0.0122224193,0.00554054752,1293.15966,151.94553,68.8758556,20.5763669,9.32712,23.4694067,10.6385142,0.052318772,0.0,0.0,67.329231,0.0738019339,0.0,-1810.42529,1.73504802,1293.15966,0.0,0.0
1432.0,0.0,-1813.97476,-0.0448133322,-0.0202554145,0.0085126822,0.00384769031,0.0121221976,0.00547917404,1295.69504,151.94553,68.6760284,20.6167082,9.3182933,23.5119308,10.6268695,0.052134412,0.0,0.0,67.4612335,0.0728717306,0.0,-1813.97476,1.73845539,1295.69504,0.0,0.0
1432.5,0.0,-1817.4795,-0.0443754841,-0.0199998503,0.00844579565,0.00380648396,0.0120220439,0.00541828443,1298.19837,151.94553,68.4785975,20.6565409,9.30945675,23.5539073,10.61523755,0.0519501567,0.0,0.0,67.5915745,0.0719523056,0.0,-1817.4795,1.74181983,1298.19837,0.0,0.0
1433.0,0.0,-1820.93993,-0.0439401561,-0.0197472351,0.00837886455,0.0037655609,0.0119219698,0.00535787493,1300.67013,151.94553,68.283516,20.6958711,9.3006107,23.5953445,10.6036183,0.0517660047,0.0,0.0,67.7202666,0.0710434893,0.0,-1820.93993,1.74514183,1300.67013,0.0,0.0
1433.5,0.0,-1824.35667,-0.0435073394,-0.0194975232,0.00831189835,0.00372492005,0.0118219869,0.00529794238,1303.1107,151.94553,68.0907356,20.7347044,9.2917549,23.6362475,10.5920122,0.0515819574,0.0,0.0,67.8473353,0.0701451175,0.0,-1824.35667,1.74842189,1303.1107,0.0,0.0
1434.0,0.0,-1827.73018,-0.0430770261,-0.0192506684,0.00824490675,0.00368456034,0.0117221058,0.00523848357,1305.52032,151.94553,67.900217,20.7730461,9.2828908,23.6766243,10.5804185,0.051398013,0.0,0.0,67.9727956,0.0692570279,0.0,-1827.73018,1.75166048,1305.52032,0.0,0.0
1434.5,0.0,-1831.06093,-0.0426492088,-0.0190066271,0.00817789895,0.00364448066,0.0116223373,0.005179495,1307.89943,151.94553,67.711916,20.8109014,9.2740168,23.7164804,10.56883795,0.0512141716,0.0,0.0,68.0966641,0.0683790589,0.0,-1831.06093,1.75485807,1307.89943,0.0,0.0
1435.0,0.0,-1834.34945,-0.0422238788,-0.0187653566,0.00811088365,0.00360467987,0.01152269235,0.00512097356,1310.2484,151.94553,67.525787,20.8482776,9.2651345,23.7558217,10.55726995,0.0510304343,0.0,0.0,68.2189636,0.0675110562,0.0,-1834.34945,1.75801516,1310.2484,0.0,0.0
1435.5,0.0,-1837.59617,-0.0418010292,-0.0185268145,0.00804386975,0.00356515692,0.0114231808,0.00506291571,1312.5675,151.94553,67.3417946,20.885178,9.2562436,23.7946556,10.54571505,0.0508468012,0.0,0.0,68.33971,0.0666528701,0.0,-1837.59617,1.76113218,1312.5675,0.0,0.0
1436.0,0.0,-1840.8016,-0.0413806499,-0.0182909596,0.0079768655,0.00352591064,0.0113238126,0.00500531854,1314.85709,151.94553,67.1598972,20.9216099,9.2473443,23.8329874,10.5341727,0.0506632698,0.0,0.0,68.4589195,0.065804352,0.0,-1840.8016,1.76420955,1314.85709,0.0,0.0
1436.5,0.0,-1843.96619,-0.0409627345,-0.0180577515,0.00790987985,0.00348693989,0.0112245973,0.00494817878,1317.11752,151.94553,66.9800564,20.957577,9.2384369,23.8708233,10.5226429,0.0504798435,0.0,0.0,68.57661,0.0649653551,0.0,-1843.96619,1.76724779,1317.11752,0.0,0.0
1437.0,0.0,-1847.09042,-0.0405472741,-0.0178271509,0.0078429208,0.00344824362,0.0111255448,0.00489149298,1319.34909,151.94553,66.8022366,20.993085,9.2295215,23.9081696,10.51112635,0.0502965196,0.0,0.0,68.6928016,0.0641357393,0.0,-1847.09042,1.77024734,1319.34909,0.0,0.0
1437.5,0.0,-1850.17469,-0.040134261,-0.0175991188,0.00777599571,0.00340982058,0.01102666335,0.00483525807,1321.55215,151.94553,66.6263969,21.0281404,9.2205981,23.9450314,10.4996222,0.0501132995,0.0,0.0,68.8075051,0.063315366,0.0,-1850.17469,1.77320855,1321.55215,0.0,0.0
1438.0,0.0,-1853.21936,-0.0397203672,-0.0173714307,0.0077084683,0.00337124466,0.0109270493,0.00477886896,1323.72694,151.94553,66.449623,21.0627441,9.2112671,23.9814332,10.4876836,0.0499301831,0.0,0.0,68.9207356,0.0624947815,0.0,-1853.21936,1.77612353,1323.72694,0.0,0.0
1438.5,0.0,-1856.22418,-0.0393004481,-0.0171413884,0.00763934145,0.00333199433,0.0108252887,0.0047215856,1325.8732,151.94553,66.2702341,21.0968947,9.201295,24.017383,10.4750502,0.0497471873,0.0,0.0,69.0324828,0.0616685908,0.0,-1856.22418,1.77899779,1325.8732,0.0,0.0
1439.0,0.0,-1859.18912,-0.0388837879,-0.0169142388,0.00757042281,0.00329309217,0.0107239438,0.00466485665,1327.99101,151.94553,66.092755,21.1305931,9.1913113,24.0528525,10.4624254,0.0495643113,0.0,0.0,69.142747,0.0608514486,0.0,-1859.18912,1.78184529,1327.99101,0.0,0.0
1439.5,0.0,-1862.11473,-0.0384696294,-0.0166896392,0.00750157492,0.00325447735,0.0106228167,0.00460859477,1330.08077,151.94553,65.9172124,21.1638442,9.1813238,24.0878455,10.4498181,0.0493815588,0.0,0.0,69.251552,0.0600434026,0.0,-1862.11473,1.78465434,1330.08077,0.0,0.0
1440.0,0.0,-1865.00147,-0.0380579046,-0.0164675247,0.0074327937,0.00321614322,0.01052189975,0.00455278878,1332.14271,151.94553,65.7435682,21.1966534,9.17133365,24.1223701,10.4372283,0.0491989275,0.0,0.0,69.3589082,0.0592443196,0.0,-1865.00147,1.78742618,1332.14271,0.0,0.0
1440.5,0.0,-1867.84974,-0.0376486215,-0.0162478673,0.0073640893,0.00317808992,0.0104212055,0.00449743754,1334.17721,151.94553,65.5717848,21.2290253,9.16134,24.15643,10.4246554,0.0490164199,0.0,0.0,69.4648359,0.0584540727,0.0,-1867.84974,1.79016109,1334.17721,0.0,0.0
1441.0,0.0,-1870.65997,-0.0372417692,-0.01603063,0.00729546848,0.00314031588,0.0103207414,0.00444253732,1336.1845,151.94553,65.4018388,21.2609658,9.1513438,24.1900315,10.4120998,0.0488340327,0.0,0.0,69.5693484,0.0576725346,0.0,-1870.65997,1.79285951,1336.1845,0.0,0.0
1441.5,0.0,-1873.43259,-0.0368373379,-0.0158157795,0.00722693825,0.00310281999,0.010220515,0.00438808522,1338.16497,151.94553,65.2336926,21.2924781,9.14134485,24.2231794,10.39956195,0.0486517688,0.0,0.0,69.6724625,0.0568995827,0.0,-1873.43259,1.79552186,1338.16497,0.0,0.0
1442.0,0.0,-1876.16798,-0.0364353203,-0.01560328205,0.00715850546,0.00306560081,0.0101205341,0.00433407788,1340.11884,151.94553,65.0673135,21.3235672,9.13134355,24.255879,10.3870412,0.0484696241,0.0,0.0,69.7741921,0.0561350959,0.0,-1876.16798,1.79814855,1340.11884,0.0,0.0
1442.5,0.0,-1878.8666,-0.0360357067,-0.0153931048,0.0070901766,0.00302865702,0.0100208059,0.00428051199,1342.04644,151.94553,64.902677,21.3542384,9.1213399,24.288136,10.3745374,0.0482876029,0.0,0.0,69.874552,0.0553789542,0.0,-1878.8666,1.80073988,1342.04644,0.0,0.0
1443.0,0.0,-1881.52884,-0.0356384896,-0.01518521495,0.00702195771,0.00299198729,0.0099213374,0.00422738475,1343.94801,151.94553,64.739747,21.3844959,9.1113341,24.3199552,10.36205115,0.0481057028,0.0,0.0,69.97356,0.0546310426,0.0,-1881.52884,1.80329635,1343.94801,0.0,0.0
1443.5,0.0,-1884.15504,-0.0352436575,-0.01497958065,0.0069538556,0.00295559029,0.00982213545,0.00417469254,1345.8239,151.94553,64.5784997,21.4143439,9.101326,24.3513416,10.34958155,0.0479239238,0.0,0.0,70.0712281,0.0538912469,0.0,-1884.15504,1.80581824,1345.8239,0.0,0.0
1444.0,0.0,-1886.74563,-0.0348512036,-0.01477617145,0.00688587597,0.00291946464,0.0097232065,0.00412243261,1347.67433,151.94553,64.4189036,21.4437875,9.09131655,24.3823,10.3371297,0.0477422658,0.0,0.0,70.1675717,0.053159456,0.0,-1886.74563,1.80830601,1347.67433,0.0,0.0
1444.5,0.0,-1889.301,-0.0344611173,-0.01457495655,0.0068180248,0.00288360908,0.00962455755,0.00407060156,1349.49956,151.94553,64.2609336,21.4728305,9.0813053,24.4128354,10.3246946,0.0475607304,0.0,0.0,70.2626067,0.05243556,0.0,-1889.301,1.81076,1349.49956,0.0,0.0
1445.0,0.0,-1891.82149,-0.0340733908,-0.0143759066,0.00675030803,0.00284802218,0.00952619455,0.00401919657,1351.29999,151.94553,64.104558,21.5014777,9.07129295,24.4429531,10.3122765,0.0473793148,0.0,0.0,70.3563445,0.0517194514,0.0,-1891.82149,1.81318053,1351.29999,0.0,0.0
1445.5,0.0,-1894.30756,-0.0336880125,-0.0141789918,0.00668273087,0.00281270258,0.0094281231,0.00396821425,1353.07572,151.94553,63.9497548,21.5297335,9.0612789,24.4726571,10.2998758,0.0471980199,0.0,0.0,70.4487995,0.0510110248,0.0,-1894.30756,1.81556798,1353.07572,0.0,0.0
1446.0,0.0,-1896.75939,-0.0333006785,-0.01398163365,0.00661444465,0.00277714222,0.00932914505,0.00391693707,1354.82702,151.94553,63.7929601,21.5575992,9.05076105,24.5033141,10.28749245,0.0470168467,0.0,0.0,70.5399824,0.0502987875,0.0,-1896.75939,1.8179116,1354.82702,0.0,0.0
1446.5,0.0,-1899.17625,-0.032900878,-0.01377856625,0.00654336015,0.00274029463,0.0092263144,0.00386388955,1356.55331,151.94553,63.6302961,21.5850679,9.03918595,24.5364293,10.2751281,0.0468357941,0.0,0.0,70.629864,0.0495701798,0.0,-1899.17625,1.82021237,1356.55331,0.0,0.0
1447.0,0.0,-1901.55798,-0.0325041024,-0.0135778891,0.00647255601,0.00270377025,0.0091239728,0.00381134256,1358.25458,151.94553,63.4689727,21.612137,9.0275758,24.569236,10.2627812,0.0466548619,0.0,0.0,70.7184386,0.0488485823,0.0,-1901.55798,1.82250083,1358.25458,0.0,0.0
1447.5,0.0,-1903.90494,-0.0321101858,-0.0133796105,0.00640200735,0.00266757541,0.00902208375,0.00375930374,1359.93097,151.94553,63.3093597,21.6388116,9.0159872,24.6015859,10.2504512,0.0464740493,0.0,0.0,70.805721,0.0481351829,0.0,-1903.90494,1.82475542,1359.93097,0.0,0.0
1448.0,0.0,-1906.21759,-0.0317187925,-0.01318355815,0.00633165454,0.00263168007,0.00892056105,0.0037077298,1361.58284,151.94553,63.1514265,21.6650961,9.00442025,24.633484,10.2381378,0.0462933575,0.0,0.0,70.8917285,0.0474298663,0.0,-1906.21759,1.826977,1361.58284,0.0,0.0
1448.5,0.0,-1908.49627,-0.0313299614,-0.01298972235,0.00626151274,0.00259608658,0.00881942435,0.00365662285,1363.21051,151.94553,62.9951466,21.6909949,8.9928743,24.6649363,10.2258412,0.0461127867,0.0,0.0,70.9764745,0.0467325158,0.0,-1908.49627,1.82916603,1363.21051,0.0,0.0
1449.0,0.0,-1910.7414,-0.030943673,-0.012798069,0.00619158556,0.00256079238,0.0087186763,0.00360597796,1364.8142,151.94553,62.8404896,21.7165118,8.9813497,24.6959472,10.2135614,0.0459323352,0.0,0.0,71.0599706,0.0460430167,0.0,-1910.7414,1.83132286,1364.8142,0.0,0.0
1449.5,0.0,-1912.95335,-0.0305599158,-0.0126085676,0.00612187756,0.00252579518,0.008618322,0.00355579101,1366.39417,151.94553,62.6874297,21.7416523,8.9698459,24.7265221,10.2012987,0.0457520042,0.0,0.0,71.1422319,0.045361259,0.0,-1912.95335,1.83344781,1366.39417,0.0,0.0
1450.0,0.0,-1915.13253,-0.0301786766,-0.01242118685,0.00605239307,0.00249109299,0.00851836545,0.00350605799,1367.95071,151.94553,62.5359373,21.7664191,8.95836265,24.7566663,10.18905255,0.0455717926,0.0,0.0,71.2232738,0.0446871337,0.0,-1915.13253,1.83554134,1367.95071,0.0,0.0
1450.5,0.0,-1917.27919,-0.0297999425,-0.0122358976,0.00598313649,0.00245668354,0.00841881095,0.00345677486,1369.48405,151.94553,62.3859881,21.7908178,8.94689965,24.7863851,10.1768231,0.045391701,0.0,0.0,71.3031094,0.0440205301,0.0,-1917.27919,1.83760369,1369.48405,0.0,0.0
1451.0,0.0,-1919.39383,-0.0294237018,-0.0120526707,0.00591411158,0.00242256483,0.0083196625,0.00340793756,1370.99451,151.94553,62.2375557,21.8148515,8.9354568,24.8156831,10.1646105,0.0452117303,0.0,0.0,71.3817526,0.0433613469,0.0,-1919.39383,1.83963528,1370.99451,0.0,0.0
1451.5,0.0,-1921.4767,-0.0290499404,-0.01187147735,0.00584532278,0.00238873477,0.00822092435,0.00335954221,1372.48231,151.94553,62.0906134,21.8385244,8.92403435,24.8445651,10.1524142,0.0450318771,0.0,0.0,71.459216,0.0427094803,0.0,-1921.4767,1.84163644,1372.48231,0.0,0.0
1452.0,0.0,-1923.5282,-0.028678646,-0.0116922899,0.0057767734,0.00235519122,0.00812259925,0.00331158489,1373.94766,151.94553,61.9451389,21.8618411,8.9126316,24.8730366,10.1402349,0.0448521446,0.0,0.0,71.535511,0.0420648283,0.0,-1923.5282,1.8436075,1373.94766,0.0,0.0
1452.5,0.0,-1925.54868,-0.0283098065,-0.01151508025,0.00570846758,0.00232193213,0.0080246917,0.00326406162,1375.39089,151.94553,61.8011067,21.884805,8.90124845,24.9011014,10.1280719,0.0446725322,0.0,0.0,71.6106522,0.0414272924,0.0,-1925.54868,1.84554877,1375.39089,0.0,0.0
1453.0,0.0,-1927.53849,-0.0279434082,-0.01133982135,0.00564040855,0.00228895539,0.00792720435,0.0032169687,1376.81215,151.94553,61.6584929,21.9074201,8.8898848,24.9287648,10.1159258,0.0444930379,0.0,0.0,71.6846543,0.040796776,0.0,-1927.53849,1.84746058,1376.81215,0.0,0.0
1453.5,0.0,-1929.49794,-0.0275794385,-0.011166487,0.00557259996,0.00225625894,0.00783014078,0.00317030224,1378.21174,151.94553,61.5172756,21.9296906,8.87854055,24.9560313,10.1037965,0.0443136631,0.0,0.0,71.757523,0.0401731836,0.0,-1929.49794,1.84934327,1378.21174,0.0,0.0
1454.0,0.0,-1931.42736,-0.0272178845,-0.01099505125,0.0055050454,0.00222384084,0.0077335042,0.00312405852,1379.58995,151.94553,61.3774311,21.951619,8.86721575,24.9829044,10.0916837,0.0441344066,0.0,0.0,71.829281,0.0395564191,0.0,-1931.42736,1.85119722,1379.58995,0.0,0.0
1454.5,0.0,-1933.32708,-0.0268587335,-0.01082548835,0.00543774733,0.002191699,0.00763729727,0.00307823377,1380.94688,151.94553,61.2389372,21.9732108,8.85590945,25.0093908,10.07958705,0.0439552701,0.0,0.0,71.8999311,0.0389463934,0.0,-1933.32708,1.85302264,1380.94688,0.0,0.0
1455.0,0.0,-1935.19746,-0.0265019738,-0.010657773,0.00537070955,0.0021598313,0.0075415479,0.00303283421,1382.2829,151.94553,61.1017738,21.9944687,8.8446222,25.0354928,10.06750735,0.0437762523,0.0,0.0,71.9694889,0.0383430166,0.0,-1935.19746,1.85481988,1382.2829,0.0,0.0
1455.5,0.0,-1937.03881,-0.0261475945,-0.01049188095,0.00530393543,0.00212823585,0.00744653755,0.00298796789,1383.59813,151.94553,60.9659178,22.0153964,8.8333537,25.061216,10.0554438,0.0435973521,0.0,0.0,72.0379696,0.037746195,0.0,-1937.03881,1.85658928,1383.59813,0.0,0.0
1456.0,0.0,-1938.8514,-0.0257955735,-0.0103277867,0.00523742578,0.00209691042,0.00735203713,0.00294353838,1384.89287,151.94553,60.8313475,22.0359977,8.8221037,25.0865637,10.0433967,0.0434185725,0.0,0.0,72.1053799,0.0371558454,0.0,-1938.8514,1.85833106,1384.89287,0.0,0.0
1456.5,0.0,-1940.6356,-0.0254459053,-0.0101654682,0.00517118503,0.00206585336,0.00725796019,0.00289950599,1386.16729,151.94553,60.6980453,22.0562759,8.8108722,25.1115415,10.03136605,0.0432399091,0.0,0.0,72.1717348,0.0365718832,0.0,-1940.6356,1.86004561,1386.16729,0.0,0.0
1457.0,0.0,-1942.39169,-0.0250985762,-0.0100049022,0.00510521545,0.00203506249,0.00716430919,0.00285586723,1387.42164,151.94553,60.5659914,22.076235,8.799659,25.136152,10.0193518,0.0430613666,0.0,0.0,72.2370429,0.0359942254,0.0,-1942.39169,1.8617332,1387.42164,0.0,0.0
1457.5,0.0,-1944.11995,-0.0247535739,-0.00984606495,0.00503951974,0.00200453604,0.00707108677,0.00281261894,1388.65612,151.94553,60.4351655,22.0958778,8.7884637,25.1604005,10.007354,0.0428829402,0.0,0.0,72.3013171,0.035422787,0.0,-1944.11995,1.86339411,1388.65612,0.0,0.0
1458.0,0.0,-1945.82068,-0.0244108854,-0.00968893445,0.00497410032,0.00197427185,0.00697829524,0.00276975767,1389.87094,151.94553,60.3055472,22.1152074,8.7772868,25.1842905,9.9953723,0.0427046327,0.0,0.0,72.3645673,0.0348574889,0.0,-1945.82068,1.8650286,1389.87094,0.0,0.0
1458.5,0.0,-1947.49425,-0.0240704983,-0.0095334887,0.00490895944,0.00194426816,0.00688593676,0.0027272802,1391.06633,151.94553,60.1771205,22.1342282,8.7661278,25.2078253,9.9834073,0.0425264437,0.0,0.0,72.4268074,0.0342982517,0.0,-1947.49425,1.86663697,1391.06633,0.0,0.0
1459.0,0.0,-1949.14086,-0.0237323988,-0.00937970575,0.00484409954,0.00191452293,0.0067940138,0.00268518333,1392.24251,151.94553,60.0498647,22.1529429,8.7549865,25.2310107,9.97145815,0.0423483731,0.0,0.0,72.4880461,0.0337449969,0.0,-1949.14086,1.86821955,1392.24251,0.0,0.0
1459.5,0.0,-1950.76085,-0.0233965752,-0.00922756445,0.0047795226,0.00188503426,0.0067025281,0.00264346395,1393.39965,151.94553,59.9237645,22.1713551,8.7438627,25.2538495,9.959526,0.0421704199,0.0,0.0,72.5482905,0.0331976477,0.0,-1950.76085,1.86977653,1393.39965,0.0,0.0
1460.0,0.0,-1952.3545,-0.023063015,-0.00907704345,0.00471523075,0.00185580031,0.00661148204,0.00260211879,1394.53797,151.94553,59.7988,22.189468,8.73275685,25.2763443,9.9476098,0.0419925836,0.0,0.0,72.6075575,0.032656129,0.0,-1952.3545,1.8713082,1394.53797,0.0,0.0
1460.5,0.0,-1953.92206,-0.0227317047,-0.0089281225,0.00465122599,0.00182681905,0.00652087695,0.00256114459,1395.65766,151.94553,59.674956,22.2072845,8.7216682,25.298501,9.93571,0.0418148664,0.0,0.0,72.6658555,0.0321203655,0.0,-1953.92206,1.87281491,1395.65766,0.0,0.0
1461.0,0.0,-1955.46382,-0.0224026317,-0.00878078145,0.00458751027,0.00179808869,0.00643071477,0.00252053842,1396.75894,151.94553,59.5522132,22.2248074,8.710597,25.320322,9.9238263,0.0416372647,0.0,0.0,72.723195,0.031590286,0.0,-1955.46382,1.87429687,1396.75894,0.0,0.0
1461.5,0.0,-1956.9801,-0.0220757848,-0.0086350003,0.00452408512,0.00176960735,0.00634099715,0.00248029714,1397.84196,151.94553,59.4305575,22.2420403,8.6995431,25.341812,9.9119587,0.0414597821,0.0,0.0,72.7795854,0.0310658175,0.0,-1956.9801,1.87575433,1397.84196,0.0,0.0
1462.0,0.0,-1958.47109,-0.02175115,-0.0084907589,0.00446095254,0.00174137312,0.00625172553,0.00244041759,1398.90696,151.94553,59.309973,22.2589863,8.68850635,25.3629737,9.9001073,0.0412824163,0.0,0.0,72.835034,0.0305468901,0.0,-1958.47109,1.87718755,1398.90696,0.0,0.0
1462.5,0.0,-1959.9371,-0.0214287145,-0.0083480387,0.00439811386,0.00171338421,0.00616290123,0.00240089686,1399.95415,151.94553,59.1904408,22.2756483,8.6774867,25.3838103,9.88827225,0.0411051673,0.0,0.0,72.8895562,0.0300334345,0.0,-1959.9371,1.8785968,1399.95415,0.0,0.0
1463.0,0.0,-1961.3784,-0.0211084668,-0.0082068202,0.00433557095,0.00168563867,0.00607452573,0.00236173183,1400.98365,151.94553,59.071948,22.2920296,8.66648385,25.4043271,9.87645305,0.0409280362,0.0,0.0,72.9431584,0.0295253828,0.0,-1961.3784,1.87998231,1400.98365,0.0,0.0
1463.5,0.0,-1962.79523,-0.0207903933,-0.0080670855,0.00427332504,0.00165813479,0.0059866002,0.00232291952,1401.99569,151.94553,58.9544781,22.3081327,8.6554977,25.4245261,9.8646501,0.0407510215,0.0,0.0,72.9958501,0.0290226671,0.0,-1962.79523,1.88134437,1401.99569,0.0,0.0
1464.0,0.0,-1964.18787,-0.0204744824,-0.00792881545,0.00421137771,0.00163087064,0.00589912558,0.00228445698,1402.99043,151.94553,58.8380176,22.323961,8.64452865,25.4444113,9.85286325,0.0405741248,0.0,0.0,73.0476429,0.0285252221,0.0,-1964.18787,1.88268319,1402.99043,0.0,0.0
1464.5,0.0,-1965.55656,-0.0201607212,-0.00779199248,0.00414973004,0.00160384448,0.00581210311,0.00224634128,1403.96809,151.94553,58.722551,22.3395172,8.63357585,25.4639855,9.8410926,0.0403973432,0.0,0.0,73.0985443,0.0280329832,0.0,-1965.55656,1.88399906,1403.96809,0.0,0.0
1465.0,0.0,-1966.90154,-0.0198490972,-0.0076565988,0.0040883834,0.00157705449,0.00572553374,0.00220856948,1404.92877,151.94553,58.6080631,22.3548039,8.6226399,25.4832529,9.82933775,0.0402206801,0.0,0.0,73.148564,0.0275458861,0.0,-1966.90154,1.88529214,1404.92877,0.0,0.0
1465.5,0.0,-1968.22311,-0.0195395982,-0.00752261679,0.00402733899,0.00155049889,0.00563941794,0.00217113868,1405.87273,151.94553,58.494541,22.3698236,8.61172085,25.5022161,9.817599,0.0400441325,0.0,0.0,73.197711,0.0270638674,0.0,-1968.22311,1.88656274,1405.87273,0.0,0.0
1466.0,0.0,-1969.52142,-0.019232211,-0.00739002938,0.00396659777,0.00152417582,0.00555375686,0.00213404601,1406.80013,151.94553,58.3819703,22.3845797,8.60081695,25.5208783,9.80587585,0.0398677014,0.0,0.0,73.2459966,0.0265868661,0.0,-1969.52142,1.88781105,1406.80013,0.0,0.0
1466.5,0.0,-1970.79674,-0.0189269236,-0.00725881969,0.00390616089,0.00149808363,0.00546855105,0.00209728867,1407.7111,151.94553,58.270339,22.3990745,8.5899306,25.5392439,9.7941691,0.0396913868,0.0,0.0,73.2934279,0.0261148211,0.0,-1970.79674,1.88903732,1407.7111,0.0,0.0
1467.0,0.0,-1972.04941,-0.0186237252,-0.00712897112,0.00384602931,0.00147222046,0.00538380116,0.00206086375,1408.60585,151.94553,58.1596308,22.413312,8.57905985,25.5573145,9.7824784,0.0395151881,0.0,0.0,73.340013,0.025647673,0.0,-1972.04941,1.8902418,1408.60585,0.0,0.0
1467.5,0.0,-1973.27952,-0.0183226012,-0.00700046705,0.00378620381,0.00144658461,0.0052995076,0.00202476846,1409.48454,151.94553,58.0498344,22.4272931,8.56820555,25.5750945,9.7708031,0.0393391061,0.0,0.0,73.3857601,0.0251853624,0.0,-1973.27952,1.89142469,1409.48454,0.0,0.0
1468.0,0.0,-1974.48744,-0.01802354,-0.00687329165,0.00372668531,0.00142117434,0.00521567076,0.00198900014,1410.3473,151.94553,57.9409391,22.441021,8.5573673,25.5925863,9.7591441,0.0391631393,0.0,0.0,73.4306825,0.0247278311,0.0,-1974.48744,1.89258621,1410.3473,0.0,0.0
1468.5,0.0,-1975.67326,-0.0177265298,-0.00674742877,0.00366747462,0.00139598788,0.00513229117,0.00195355587,1411.19435,151.94553,57.8329278,22.4544986,8.5465448,25.6097937,9.747501,0.0389872901,0.0,0.0,73.4747839,0.0242750225,0.0,-1975.67326,1.89372657,1411.19435,0.0,0.0
1469.0,0.0,-1976.83731,-0.0174315583,-0.006622863,0.00360857223,0.00137102358,0.005049369,0.00191843298,1412.0258,151.94553,57.7257909,22.4677288,8.5357387,25.626718,9.73587335,0.0388115563,0.0,0.0,73.5180741,0.0238268797,0.0,-1976.83731,1.89484604,1412.0258,0.0,0.0
1469.5,0.0,-1977.97979,-0.0171386131,-0.0064995788,0.00354997901,0.00134627967,0.00496690452,0.00188362878,1412.84186,151.94553,57.6195178,22.4807137,8.5249481,25.6433642,9.7242618,0.0386359371,0.0,0.0,73.5605621,0.0233833485,0.0,-1977.97979,1.89594477,1412.84186,0.0,0.0
1470.0,0.0,-1979.10087,-0.016847682,-0.00637756103,0.00349169543,0.00132175449,0.00488489783,0.00184914058,1413.64265,151.94553,57.5140936,22.4934557,8.5141735,25.6597339,9.71266605,0.0384604341,0.0,0.0,73.6022581,0.0229443732,0.0,-1979.10087,1.89702301,1413.64265,0.0,0.0
1470.5,0.0,-1980.20085,-0.0165587529,-0.00625679489,0.00343372206,0.00129744633,0.00480334905,0.00181496563,1414.42833,151.94553,57.409507,22.5059577,8.50341445,25.6758306,9.701086,0.0382850475,0.0,0.0,73.6431665,0.0225099003,0.0,-1980.20085,1.898081,1414.42833,0.0,0.0
1471.0,0.0,-1981.27988,-0.0162718136,-0.00613726555,0.00337605932,0.0012733535,0.0047222581,0.00178110142,1415.19911,151.94553,57.3057482,22.5182219,8.49267125,25.6916575,9.6895215,0.0381097753,0.0,0.0,73.6832955,0.0220798769,0.0,-1981.27988,1.89911882,1415.19911,0.0,0.0
1471.5,0.0,-1982.33825,-0.0159868525,-0.0060189585,0.00331870766,0.0012494744,0.004641625,0.00174754521,1415.95504,151.94553,57.2028049,22.5302503,8.4819436,25.7072161,9.6779734,0.0379346184,0.0,0.0,73.7226545,0.0216542514,0.0,-1982.33825,1.90013686,1415.95504,0.0,0.0
1472.0,0.0,-1983.37611,-0.0157038566,-0.00590185948,0.00326166747,0.00122580727,0.00456144973,0.00171429443,1416.69639,151.94553,57.1006657,22.5420461,8.4712312,25.722511,9.6664401,0.0377595779,0.0,0.0,73.761251,0.0212329714,0.0,-1983.37611,1.90113522,1416.69639,0.0,0.0
1472.5,0.0,-1984.39366,-0.0154228151,-0.00578595469,0.00320493895,0.00120235058,0.00448173187,0.00168134649,1417.42322,151.94553,56.9993213,22.5536112,8.4605349,25.7375433,9.654923,0.0375846509,0.0,0.0,73.7990949,0.0208159877,0.0,-1984.39366,1.90211409,1417.42322,0.0,0.0
1473.0,0.0,-1985.39115,-0.01514371535,-0.00567122991,0.00314852251,0.0011791026,0.00440247133,0.00164869884,1418.13574,151.94553,56.8987603,22.5649488,8.44985375,25.752317,9.6434215,0.0374098412,0.0,0.0,73.8361926,0.0204032495,0.0,-1985.39115,1.90307368,1418.13574,0.0,0.0
1473.5,0.0,-1986.36875,-0.0148665454,-0.00555767161,0.00309241823,0.00115606172,0.00432366782,0.00161634892,1418.83402,151.94553,56.7989715,22.5760597,8.439188,25.766834,9.6319354,0.037235144,0.0,0.0,73.872549,0.0199947082,0.0,-1986.36875,1.90401423,1418.83402,0.0,0.0
1474.0,0.0,-1987.32668,-0.0145912937,-0.0054452664,0.0030366264,0.00113322636,0.00424532107,0.00158429423,1419.51827,151.94553,56.6999434,22.5869468,8.4285372,25.7810973,9.6204652,0.0370605621,0.0,0.0,73.9081761,0.0195903145,0.0,-1987.32668,1.90493585,1419.51827,0.0,0.0
1474.5,0.0,-1988.26518,-0.01431794835,-0.00533400094,0.00298114699,0.00111059485,0.00416743042,0.00155253226,1420.18863,151.94553,56.6016705,22.5976131,8.4179021,25.7951094,9.6090104,0.0368860958,0.0,0.0,73.943078,0.0191900223,0.0,-1988.26518,1.90583883,1420.18863,0.0,0.0
1475.0,0.0,-1989.18436,-0.0140464975,-0.00522386225,0.00292598012,0.00108816569,0.00408999569,0.00152106054,1420.84518,151.94553,56.5041394,22.6080602,8.407282,25.808873,9.5975713,0.0367117441,0.0,0.0,73.9772621,0.0187937831,0.0,-1989.18436,1.90672324,1420.84518,0.0,0.0
1475.5,0.0,-1990.08443,-0.0137769294,-0.00511483755,0.00287112591,0.00106593721,0.004013016,0.00148987657,1421.48811,151.94553,56.4073405,22.6182908,8.396677,25.8223906,9.58614755,0.036537506,0.0,0.0,74.0107374,0.0184015513,0.0,-1990.08443,1.90758938,1421.48811,0.0,0.0
1476.0,0.0,-1990.96567,-0.013509232,-0.00500691396,0.00281658415,0.00104390786,0.00393649121,0.00145897793,1422.11755,151.94553,56.3112643,22.6283061,8.38608715,25.8356645,9.5747393,0.0363633823,0.0,0.0,74.0435102,0.0180132813,0.0,-1990.96567,1.90843737,1422.11755,0.0,0.0
1476.5,0.0,-1991.82819,-0.0132433942,-0.00490007899,0.00276235496,0.00102207611,0.00386042041,0.00142836223,1422.73363,151.94553,56.215902,22.638109,8.3755123,25.8486978,9.5633467,0.0361893733,0.0,0.0,74.0755884,0.0176289281,0.0,-1991.82819,1.90926749,1422.73363,0.0,0.0
1477.0,0.0,-1992.67219,-0.01297940375,-0.0047943203,0.0027084382,0.00100044034,0.00378480306,0.00139802701,1423.33652,151.94553,56.1212439,22.6477017,8.3649525,25.8614929,9.55196945,0.0360154783,0.0,0.0,74.106976,0.0172484463,0.0,-1992.67219,1.91007974,1423.33652,0.0,0.0
1477.5,0.0,-1993.49792,-0.0127172498,-0.00468962592,0.00265483359,0.000978999046,0.00370963844,0.00136796993,1423.92632,151.94553,56.027282,22.6570862,8.3544074,25.8740514,9.5406077,0.0358416991,0.0,0.0,74.1376836,0.0168717935,0.0,-1993.49792,1.91087447,1423.92632,0.0,0.0
1478.0,0.0,-1994.30545,-0.01245692035,-0.00458598356,0.00260154097,0.000957750682,0.00363492571,0.00133818862,1424.50314,151.94553,55.9340059,22.6662649,8.34387765,25.8863768,9.5292612,0.0356680314,0.0,0.0,74.1677174,0.0164989263,0.0,-1994.30545,1.91165175,1424.50314,0.0,0.0
1478.5,0.0,-1995.09504,-0.01219840425,-0.0044833817,0.00254856034,0.000936693717,0.00356066424,0.00130868069,1425.06715,151.94553,55.841407,22.675239,8.3333624,25.8984702,9.51793045,0.035494479,0.0,0.0,74.1970812,0.0161298018,0.0,-1995.09504,1.91241184,1425.06715,0.0,0.0
1479.0,0.0,-1995.86686,-0.01194168895,-0.00438180857,0.00249589124,0.00091582663,0.00348685293,0.00127944391,1425.61846,151.94553,55.7494775,22.6840108,8.3228621,25.910336,9.5066143,0.03532104,0.0,0.0,74.2257869,0.0157643784,0.0,-1995.86686,1.91315486,1425.61846,0.0,0.0
1479.5,0.0,-1996.62106,-0.01168676465,-0.00428125259,0.00244353337,0.000895147919,0.00341349107,0.00125047588,1426.15719,151.94553,55.6582084,22.6925834,8.3123765,25.9219746,9.4953142,0.0351477144,0.0,0.0,74.2538345,0.0154026144,0.0,-1996.62106,1.91388095,1426.15719,0.0,0.0
1480.0,0.0,-1997.35788,-0.0114336185,-0.00418170245,0.00239148643,0.000874656081,0.00334057778,0.00122177432,1426.68346,151.94553,55.5675903,22.7009577,8.30190575,25.9333886,9.48402935,0.034974503,0.0,0.0,74.2812351,0.01504446905,0.0,-1997.35788,1.91459033,1426.68346,0.0,0.0
1480.5,0.0,-1998.07744,-0.01118224035,-0.00408314712,0.00233975013,0.000854349647,0.00326811202,0.001193337,1427.19745,151.94553,55.4776178,22.7091356,8.2914496,25.9445812,9.4727596,0.0348014042,0.0,0.0,74.3079955,0.0146899021,0.0,-1998.07744,1.91528315,1427.19745,0.0,0.0
1481.0,0.0,-1998.7799,-0.01093261825,-0.00398557525,0.00228832393,0.000834227126,0.00319609274,0.00116516165,1427.69921,151.94553,55.3882813,22.7171197,8.2810081,25.9555543,9.46150515,0.0346284197,0.0,0.0,74.3341205,0.0143388743,0.0,-1998.7799,1.9159596,1427.69921,0.0,0.0
1481.5,0.0,-1999.46547,-0.0106847413,-0.00388897623,0.00223720745,0.00081428704,0.003124519,0.00113724604,1428.18892,151.94553,55.2995708,22.7249117,8.2705808,25.9663094,9.45026605,0.0344555475,0.0,0.0,74.359618,0.0139913458,0.0,-1999.46547,1.91661982,1428.18892,0.0,0.0
1482.0,0.0,-2000.1343,-0.0104385982,-0.00379333937,0.00218640026,0.000794527945,0.00305338965,0.00110958795,1428.66666,151.94553,55.2114817,22.7325134,8.2601685,25.9768491,9.439042,0.0342827903,0.0,0.0,74.384494,0.01364727895,0.0,-2000.1343,1.91726402,1428.66666,0.0,0.0
1482.5,0.0,-2000.78657,-0.01019417745,-0.00369865391,0.00213590187,0.000774948403,0.00298270363,0.00108218523,1429.13256,151.94553,55.1240037,22.7399269,8.24977035,25.9871763,9.4278333,0.0341101449,0.0,0.0,74.4087493,0.0133066347,0.0,-2000.78657,1.91789224,1429.13256,0.0,0.0
1483.0,0.0,-2001.42244,-0.0099514683,-0.00360490946,0.00208571168,0.000755546941,0.00291245977,0.0010550356,1429.58675,151.94553,55.0371321,22.7471544,8.23938715,25.9972921,9.41663975,0.033937613,0.0,0.0,74.432401,0.01296937605,0.0,-2001.42244,1.91850475,1429.58675,0.0,0.0
1483.5,0.0,-2002.04205,-0.0097104598,-0.00351209575,0.00203582924,0.000736322182,0.00284265682,0.00102813698,1430.02935,151.94553,54.950856,22.7541961,8.2290182,26.0071995,9.4054614,0.0337651937,0.0,0.0,74.4554434,0.0126354657,0.0,-2002.04205,1.91910164,1430.02935,0.0,0.0
1484.0,0.0,-2002.64562,-0.0094711407,-0.00342020258,0.00198625382,0.000717272643,0.00277329371,0.00100148717,1430.46047,151.94553,54.865172,22.761056,8.2186635,26.0168995,9.39429815,0.0335928871,0.0,0.0,74.4778896,0.01230486725,0.0,-2002.64562,1.9196831,1430.46047,0.0,0.0
1484.5,0.0,-2003.23322,-0.00923350045,-0.00332921994,0.0019369849,0.000698396958,0.00270436908,0.000975084078,1430.88018,151.94553,54.7800694,22.7677343,8.2083232,26.0263957,9.38315,0.033420693,0.0,0.0,74.4997424,0.0119775446,0.0,-2003.23322,1.92024927,1430.88018,0.0,0.0
1485.0,0.0,-2003.80508,-0.0089975275,-0.00323913782,0.00188802181,0.000679693701,0.00263588178,0.000948925588,1431.28865,151.94553,54.6955432,22.7742336,8.1979975,26.0356884,9.3720169,0.0332486117,0.0,0.0,74.5210082,0.0116534618,0.0,-2003.80508,1.92080035,1431.28865,0.0,0.0
1485.5,0.0,-2004.36132,-0.00876321155,-0.00314994664,0.00183936389,0.0006611615,0.00256783035,0.000923009614,1431.68598,151.94553,54.6115856,22.7805557,8.1876856,26.0447813,9.3608989,0.0330766429,0.0,0.0,74.5416941,0.0113325841,0.0,-2004.36132,1.92133643,1431.68598,0.0,0.0
1486.0,0.0,-2004.90209,-0.00853054145,-0.00306163664,0.0017910105,0.000642798959,0.00250021358,0.000897334059,1432.07228,151.94553,54.5281888,22.7867027,8.1773879,26.0536754,9.34979595,0.0329047863,0.0,0.0,74.5618063,0.0110148767,0.0,-2004.90209,1.92185767,1432.07228,0.0,0.0
1486.5,0.0,-2005.42758,-0.0082995065,-0.00297419833,0.00174296082,0.000624604722,0.0024330301,0.000871896871,1432.44763,151.94553,54.4453491,22.7926747,8.16710495,26.0623727,9.3387079,0.032733041,0.0,0.0,74.5813514,0.0107003047,0.0,-2005.42758,1.9223642,1432.44763,0.0,0.0
1487.0,0.0,-2005.93793,-0.0080700962,-0.00288762231,0.00169521417,0.000606577402,0.00236627846,0.000846695997,1432.81216,151.94553,54.3630563,22.7984754,8.15683605,26.0708758,9.327635,0.0325614098,0.0,0.0,74.60033,0.0103888354,0.0,-2005.93793,1.92285623,1432.81216,0.0,0.0
1487.5,0.0,-2006.4333,-0.00784229972,-0.00280189933,0.00164776975,0.000588715673,0.00229995736,0.000821729444,1433.16595,151.94553,54.2813066,22.804105,8.1465813,26.0791861,9.316577,0.0323898897,0.0,0.0,74.6187524,0.0100804349,0.0,-2006.4333,1.92333383,1433.16595,0.0,0.0
1488.0,0.0,-2006.91377,-0.00761610659,-0.00271702017,0.00160062684,0.000571018163,0.00223406528,0.000796995163,1433.50918,151.94553,54.2000921,22.8095658,8.1363402,26.0873051,9.305534,0.0322184812,0.0,0.0,74.636622,0.00977507025,0.0,-2006.91377,1.92379722,1433.50918,0.0,0.0
1488.5,0.0,-2007.37954,-0.00739150602,-0.00263297584,0.00155378456,0.000553483549,0.0021686008,0.000772491192,1433.84186,151.94553,54.1194068,22.8148597,8.1261136,26.0952357,9.294506,0.0320471857,0.0,0.0,74.6539443,0.00947270915,0.0,-2007.37954,1.92424641,1433.84186,0.0,0.0
1489.0,0.0,-2007.83073,-0.00716848751,-0.00254975737,0.00150724208,0.000536110518,0.00210356242,0.00074821553,1434.16419,151.94553,54.0392442,22.8199877,8.11590105,26.1029791,9.2834926,0.0318760016,0.0,0.0,74.670724,0.0091733192,0.0,-2007.83073,1.92468166,1434.16419,0.0,0.0
1489.5,0.0,-2008.26756,-0.00694704079,-0.0024673561,0.00146099857,0.000518897733,0.00203894873,0.000724166234,1434.47618,151.94553,53.9595989,22.8249526,8.1057027,26.1105374,9.27249435,0.0317049283,0.0,0.0,74.6869701,0.0088768689,0.0,-2008.26756,1.9251031,1434.47618,0.0,0.0
1490.0,0.0,-2008.69008,-0.00672715539,-0.00238576324,0.00141505318,0.000501843886,0.001974758,0.000700341337,1434.77798,151.94553,53.8804626,22.8297551,8.09551805,26.1179127,9.261511,0.0315339684,0.0,0.0,74.7026837,0.00858332715,0.0,-2008.69008,1.92551078,1434.77798,0.0,0.0
1490.5,0.0,-2009.09845,-0.00650882066,-0.00230497014,0.00136940503,0.000484947693,0.00191098894,0.000676738933,1435.06971,151.94553,53.8018338,22.8343966,8.0853472,26.1251057,9.2505423,0.0313631184,0.0,0.0,74.7178697,0.00829266275,0.0,-2009.09845,1.92590491,1435.06971,0.0,0.0
1491.0,0.0,-2009.49284,-0.00629202672,-0.00222496846,0.00132405309,0.000468207855,0.00184763984,0.000653357103,1435.35141,151.94553,53.7237023,22.838879,8.0751906,26.1321192,9.2395884,0.0311923799,0.0,0.0,74.7325381,0.0080048452,0.0,-2009.49284,1.92628562,1435.35141,0.0,0.0
1491.5,0.0,-2009.87241,-0.00595744796,-0.00210665169,0.00125388135,0.000443393118,0.00174966403,0.000618710048,1435.62176,151.94553,53.6461884,22.8431804,8.0650582,26.1389272,9.2286608,0.0310217532,0.0,0.006747362654,74.7466135,0.00684987964,0.0,-2009.87241,1.92617455,1435.62176,-0.16512895,0.009930794
1492.0,0.0,-2009.25069,0.01311115826,0.013187840973,-0.002758133348,-0.002774274312,-0.00195824458,-0.001980767341,1435.11572,151.94553,53.6128143,22.8351287,8.0571993,26.1315522,9.2203171,0.0308512366,0.0,0.437156721,74.7202651,-0.04990402105,0.0,-2009.25069,1.88943132,1435.11572,-10.89883562,0.655072154
1492.5,0.0,-2004.70613,0.0384070982,0.0384070982,-0.00806148154,-0.00806148154,-0.00577452273,-0.00577452273,1431.86291,151.94553,53.6865881,22.7833709,8.0499941,26.0754618,9.213181,0.0306808315,0.0,1.10970557,74.5509084,-0.1381207044,0.0,-2004.70613,1.88115415,1431.86291,-27.7125561,1.66185873
1493.0,0.0,-1995.89929,0.0627221446,0.0627221446,-0.0131072759,-0.0131072759,-0.0093819519,-0.0093819519,1425.57293,151.94553,53.8708035,22.6832867,8.04212175,25.9657109,9.2058714,0.0305105367,0.0,1.78225434,74.2234165,-0.225605395,0.0,-1995.89929,1.87308051,1425.57293,-44.5262767,2.6584004
1493.5,0.0,-1982.87592,0.086836299,0.086836299,-0.0180280976,-0.0180280976,-0.01289009975,-0.01289009975,1416.27111,151.94553,54.1679662,22.5352793,8.0337028,25.8025764,9.1984772,0.0303403532,0.0,2.45480314,73.7391104,-0.31235924,0.0,-1982.87592,1.86093362,1416.27111,-61.3399975,3.63834482
1494.0,0.0,-1965.67136,0.1107472154,0.1107472154,-0.0227927521,-0.0227927521,-0.0162733001,-0.0162733001,1403.9827,151.94553,54.5814639,22.3397499,8.0247681,25.5862837,9.1909733,0.0301702802,0.0,3.127352,73.0993071,-0.398381594,0.0,-1965.67136,1.84477767,1403.9827,-78.1537168,4.59541124
1494.5,0.0,-1944.32221,0.134356987,0.134356987,-0.0273516203,-0.0273516203,-0.0194930368,-0.0194930368,1388.73456,151.94553,55.1162588,22.0971258,8.0153578,25.3170174,9.183322,0.0300003183,0.0,3.79315135,72.3054013,-0.482798462,0.0,-1944.32221,1.82503419,1388.73456,-94.8023087,5.5138439
1495.0,0.0,-1919.86453,0.142737674,0.142737674,-0.02869774,-0.02869774,-0.0204013362,-0.0204013362,1371.31734,151.94553,55.73498,21.8199874,8.00367135,25.0089086,9.1733853,0.0298304662,0.0,4.035293,71.3985613,-0.510868751,0.0,-1919.86453,1.83224742,1371.31734,-100.882324,5.79484248
1495.5,0.0,-1895.21369,0.140880383,0.140880383,-0.0279602659,-0.0279602659,-0.019820641,-0.019820641,1353.72691,151.94553,56.3648203,21.5400941,7.99029185,24.6986463,9.1619606,0.0296607251,0.0,4.035293,70.4827047,-0.506759162,0.0,-1895.21369,1.81873994,1353.72691,-100.882324,5.72050998
1496.0,0.0,-1870.78416,0.13973245,0.13973245,-0.027374949,-0.027374949,-0.01935103,-0.01935103,1336.2776,151.94553,56.9915901,21.2624466,7.97500411,24.3968959,9.1506628,0.0294910942,0.0,4.035293,69.5741951,-0.502703708,0.0,-1870.78416,1.7955316,1336.2776,-100.882324,5.64677358
1496.5,0.0,-1846.55106,0.138607272,0.138607272,-0.0268027747,-0.0268027747,-0.0188934546,-0.0188934546,1318.96827,151.94553,57.6288577,20.9870254,7.95971922,24.0973991,9.13939155,0.029321574,0.0,4.035293,68.672971,-0.498656589,0.0,-1846.55106,1.77229951,1318.96827,-100.882324,5.57362873
1497.0,0.0,-1822.51386,0.137482371,0.137482371,-0.026239184,-0.026239184,-0.0184446,-0.0184446,1301.79883,151.94553,58.2789369,20.7138305,7.94472395,23.7992805,9.128144,0.029152164,0.0,4.035293,67.7790345,-0.494609572,0.0,-1822.51386,1.74925334,1301.79883,-100.882324,5.50107485
1497.5,0.0,-1798.67255,0.136357053,0.136357053,-0.0256839751,-0.0256839751,-0.0180042482,-0.0180042482,1284.76935,151.94553,58.9421465,20.4428621,7.93002134,23.502563,9.1169194,0.0289828636,0.0,4.035293,66.8923819,-0.490561039,0.0,-1798.67255,1.72639578,1284.76935,-100.882324,5.42911262
1498.0,0.0,-1775.02732,0.135230846,0.135230846,-0.0251369957,-0.0251369957,-0.0175722178,-0.0175722178,1267.87988,151.94553,59.6188133,20.1741223,7.91561385,23.2072676,9.10571825,0.028813674,0.0,4.035293,66.0130194,-0.486509318,0.0,-1775.02732,1.70372689,1267.87988,-100.882324,5.3577419
1498.5,0.0,-1751.57825,0.134103281,0.134103281,-0.0245981016,-0.0245981016,-0.0171483326,-0.0171483326,1251.13058,151.94553,60.3092703,19.9076128,7.90150463,22.9134174,9.09453945,0.0286445941,0.0,4.035293,65.140956,-0.482452738,0.0,-1751.57825,1.68124691,1251.13058,-100.882324,5.28696351
1499.0,0.0,-1728.32574,0.132973905,0.132973905,-0.0240671521,-0.0240671521,-0.0167324245,-0.0167324245,1234.52158,151.94553,61.0138565,19.6433348,7.88769637,22.6210356,9.0833833,0.0284756234,0.0,4.035293,64.276197,-0.478389596,0.0,-1728.32574,1.65895609,1234.52158,-100.882324,5.21677808
1499.5,0.0,-1705.26996,0.131842233,0.131842233,-0.0235440117,-0.0235440117,-0.0163243288,-0.0163243288,1218.0532,151.94553,61.7329169,19.3812957,7.8741921,22.3301479,9.07224955,0.028306763,0.0,4.035293,63.4187612,-0.474318218,0.0,-1705.26996,1.63685483,1218.0532,-100.882324,5.14718692
1500.0,0.0,-1682.41154,0.130707795,0.130707795,-0.0230285488,-0.0230285488,-0.0159238858,-0.0159238858,1201.72577,151.94553,62.4668046,19.1214986,7.86099522,22.0407806,9.0611385,0.028138012,0.0,4.035293,62.5686623,-0.47023689,0.0,-1682.41154,1.61494347,1201.72577,-100.882324,5.0781912
1500.5,0.0,-1659.75092,0.129570119,0.129570119,-0.0225206374,-0.0225206374,-0.01553094225,-0.01553094225,1185.53961,151.94553,63.2158752,18.8639493,7.84810882,21.7529606,9.0500492,0.0279693705,0.0,4.035293,61.7259201,-0.466143894,0.0,-1659.75092,1.59322257,1185.53961,-100.882324,5.00979269
1501.0,0.0,-1637.28842,0.128436835,0.128436835,-0.0220215383,-0.0220215383,-0.0151462974,-0.0151462974,1169.49496,151.94553,63.9698982,18.6086515,7.83424211,21.4702497,9.0389831,0.0278008385,0.0,4.035293,60.8905426,-0.462071585,0.0,-1637.28842,1.57167038,1169.49496,-100.882324,4.94199201
1501.5,0.0,-1615.01966,0.127346254,0.127346254,-0.0215375727,-0.0215375727,-0.0147729135,-0.0147729135,1153.58858,151.94553,64.6891516,18.3555539,7.81458006,21.2055727,9.0279424,0.0276324158,0.0,4.035293,60.0623669,-0.458147909,0.0,-1615.01966,1.55025017,1153.58858,-100.882324,4.87477565
1502.0,0.0,-1592.93887,0.126271307,0.126271307,-0.0210637956,-0.0210637956,-0.0143971561,-0.0143971561,1137.81655,151.94553,65.403179,18.1045941,7.79281332,20.9484469,9.0169139,0.0274641024,0.0,4.035293,59.2411858,-0.454276302,0.0,-1592.93887,1.52906277,1137.81655,-100.882324,4.80812701
1502.5,0.0,-1571.04564,0.125192399,0.125192399,-0.0205967966,-0.0205967966,-0.0140260234,-0.0140260234,1122.17855,151.94553,66.1309795,17.8557669,7.77123437,20.6926076,9.00590455,0.0272958984,0.0,4.035293,58.4269823,-0.450394576,0.0,-1571.04564,1.50807634,1122.17855,-100.882324,4.74204466
1503.0,0.0,-1549.34056,0.1241102046,0.1241102046,-0.0201366568,-0.0201366568,-0.01366233535,-0.01366233535,1106.67494,151.94553,66.8728741,17.6090779,7.74984628,20.4380796,8.99491715,0.0271278031,0.0,4.035293,57.6197761,-0.446501189,0.0,-1549.34056,1.48727157,1106.67494,-100.882324,4.67653034
1503.5,0.0,-1527.82424,0.123024352,0.123024352,-0.0196832836,-0.0196832836,-0.01330594995,-0.01330594995,1091.30613,151.94553,67.6291654,17.3645342,7.72864896,20.1848882,8.9839514,0.0269598166,0.0,4.035293,56.8195903,-0.442594656,0.0,-1527.82424,1.46664849,1091.30613,-100.882324,4.61158564
1504.0,0.0,-1506.49736,0.121934438,0.121934438,-0.0192365812,-0.0192365812,-0.0129567249,-0.0129567249,1076.07265,151.94553,68.4001584,17.1221436,7.70764281,19.93306,8.9730073,0.0267919396,0.0,4.035293,56.0264479,-0.438673506,0.0,-1506.49736,1.44620768,1076.07265,-100.882324,4.54721273
1504.5,0.0,-1485.36061,0.1208400499,0.1208400499,-0.018796458,-0.018796458,-0.01261452115,-0.01261452115,1060.97498,151.94553,69.1861612,16.8819142,7.68682793,19.6826222,8.9620843,0.0266241712,0.0,4.035293,55.2403788,-0.434736269,0.0,-1485.36061,1.42594989,1060.97498,-100.882324,4.48341385
1505.0,0.0,-1464.41487,0.1197407774,0.1197407774,-0.0183628265,-0.0183628265,-0.01227920455,-0.01227920455,1046.01377,151.94553,69.9874726,16.6438558,7.66620495,19.4336045,8.95118315,0.026456511,0.0,4.035293,54.4614116,-0.430781451,0.0,-1464.41487,1.40587589,1046.01377,-100.882324,4.42019145
1505.5,0.0,-1443.66099,0.1186362166,0.1186362166,-0.0179356004,-0.0179356004,-0.0119506446,-0.0119506446,1031.18961,151.94553,70.8044094,16.4079778,7.64577415,19.1860345,8.94030275,0.0262889593,0.0,4.035293,53.6895806,-0.426807618,0.0,-1443.66099,1.38598653,1031.18961,-100.882324,4.35754823
1506.0,0.0,-1423.09995,0.1175259515,0.1175259515,-0.0175146986,-0.0175146986,-0.01162871605,-0.01162871605,1016.503128,151.94553,71.6372764,16.1742917,7.6255356,18.9399441,8.9294434,0.0261215171,0.0,4.035293,52.9249193,-0.422813261,0.0,-1423.09995,1.36628271,1016.503128,-100.882324,4.29548695
1506.5,0.0,-1402.73268,0.116409581,0.116409581,-0.017100045,-0.017100045,-0.01131329575,-0.01131329575,1001.955139,151.94553,72.486386,15.9428087,7.60549027,18.6953641,8.91860465,0.0259541825,0.0,4.035293,52.1674701,-0.418796946,0.0,-1402.73268,1.34676547,1001.955139,-100.882324,4.23401083
1507.0,0.0,-1382.5605,0.1152867054,0.1152867054,-0.0166915655,-0.0166915655,-0.0110042659,-0.0110042659,987.546404,151.94553,73.3520436,15.7135408,7.58563841,18.4523267,8.9077868,0.025786956,0.0,4.035293,51.4172692,-0.414757219,0.0,-1382.5605,1.32743578,987.546404,-100.882324,4.17312297
1507.5,0.0,-1362.58432,0.114156995,0.114156995,-0.0162891992,-0.0162891992,-0.0107015183,-0.0107015183,973.277763,151.94553,74.2342291,15.4865023,7.56594813,18.2109443,8.89698945,0.025619838,0.0,4.035293,50.6743623,-0.410693672,0.0,-1362.58432,1.30829447,973.277763,-100.882324,4.11282739
1508.0,0.0,-1342.80378,0.1130478836,0.1130478836,-0.0158967619,-0.0158967619,-0.0104074791,-0.0104074791,959.148701,151.94553,75.1012591,15.26168525,7.54320309,17.9788812,8.8862149,0.0254528281,0.0,4.035293,49.9387238,-0.406708299,0.0,-1342.80378,1.28928389,959.148701,-100.882324,4.05312162
1508.5,0.0,-1323.2143,0.1119534189,0.1119534189,-0.01551319835,-0.01551319835,-0.010121361,-0.010121361,945.156229,151.94553,75.9639585,15.0390408,7.51854414,17.7531957,8.87546255,0.0252859266,0.0,4.035293,49.2101954,-0.402765369,0.0,-1323.2143,1.27049212,945.156229,-100.882324,3.99399274
1509.0,0.0,-1303.81633,0.1108497171,0.1108497171,-0.0151350867,-0.0151350867,-0.0098408519,-0.0098408519,931.30052,151.94553,76.8439214,14.8185732,7.49414069,17.5286803,8.86473,0.0251191324,0.0,4.035293,48.488789,-0.398794464,0.0,-1303.81633,1.25190635,931.30052,-100.882324,3.93544209
1509.5,0.0,-1284.61235,0.1096410892,0.1096410892,-0.0147496608,-0.0147496608,-0.0095527115,-0.0095527115,917.584069,151.94553,77.7412355,14.60032135,7.46998501,17.3053982,8.8540045,0.0249524462,0.0,4.02855206,47.7746339,-0.393924344,0.0,-1284.61235,1.23389186,917.584069,-100.7171946,3.87117538
1510.0,0.0,-1266.6036,0.0934139223,0.0934139223,-0.01239413255,-0.01239413255,-0.00799016323,-0.00799016323,904.772586,151.94553,78.5866183,14.3964683,7.44581561,17.0960148,8.8420257,0.0247858675,0.0,3.59813617,47.1075946,-0.333471288,0.0,-1266.6036,1.24692653,904.772586,-89.9834872,3.41095623
1510.5,0.0,-1252.66429,0.0672074446,0.0672074446,-0.00881875518,-0.00881875518,-0.00566422302,-0.00566422302,894.832545,151.94553,79.2281035,14.23830585,7.42416143,16.9330953,8.8292891,0.0246193972,0.0,2.92558734,46.5900592,-0.241764189,0.0,-1252.66429,1.24325588,894.832545,-73.1697662,2.74308292
1511.0,0.0,-1243.16341,0.0419723612,0.0419723612,-0.00546570342,-0.00546570342,-0.00350172851,-0.00350172851,888.045816,151.94553,79.6390208,14.1303173,7.40609236,16.821715,8.8167308,0.0244530338,0.0,2.25303852,46.236703,-0.151054593,0.0,-1243.16341,1.23392139,888.045816,-56.3560458,2.09665681
1511.5,0.0,-1238.02895,0.01704012664,0.01704012664,-0.002209821387,-0.002209821387,-0.001413837925,-0.001413837925,884.377548,151.94553,79.811219,14.07194885,7.39145971,16.761657,8.80426135,0.024286778,0.0,1.58048971,46.0457125,-0.0613595193,0.0,-1238.02895,1.22853216,884.377548,-39.5423251,1.46495756
1512.0,0.0,-1237.17465,-0.013522817095,-0.006812263465,0.001752450378,0.000882831346,0.002792506561,0.001432972704,883.792356,151.94553,79.7345081,14.0626379,7.37946817,16.7525641,8.791026,0.02412063,0.0,0.907940903,46.0152445,0.02729238769,0.0,-1237.17465,1.24232303,883.792356,-22.7286051,0.84136279
1512.5,0.0,-1240.56584,-0.0611009433,-0.03183233,0.00793996633,0.00413655466,0.01240177175,0.00646106293,886.251824,151.94553,79.3992075,14.1017719,7.36887204,16.7938917,8.7756397,0.0239545897,0.0,0.242145410363,46.1432984,0.114006615,0.0,-1240.56584,1.26729492,886.251824,-6.0800136493,0.22549291102
1513.0,0.0,-1247.2915,-0.0802748591,-0.0417059892,0.010484737,0.00544722428,0.016349056,0.008493971,890.956695,151.94553,78.9197387,14.1766343,7.3632517,16.8721103,8.7632674,0.0237886563,0.0,0.0,46.3882608,0.144243554,0.0,-1247.2915,1.21584005,890.956695,0.0,0.0
1513.5,0.0,-1254.27963,-0.0765305356,-0.0395141166,0.0100520866,0.00519006199,0.015645179,0.0080778774,895.910359,151.94553,78.4488229,14.2554558,7.36001048,16.9541968,8.75335825,0.0236228305,0.0,0.0,46.6461765,0.142334171,0.0,-1254.27963,1.20042843,895.910359,0.0,0.0
1514.0,0.0,-1261.12001,-0.0760621615,-0.0390396121,0.0100450555,0.00515570479,0.0156059385,0.00800987935,900.798475,151.94553,77.9849525,14.33323355,7.35641007,17.0350844,8.74311495,0.0234571119,0.0,0.0,46.9006794,0.140453553,0.0,-1261.12001,1.20823321,900.798475,0.0,0.0
1514.5,0.0,-1267.87326,-0.0755043686,-0.0385278434,0.01002478655,0.00511536548,0.01554667105,0.00793303385,905.622177,151.94553,77.5310608,14.4099871,7.35275841,17.1147813,8.7328943,0.0232914992,0.0,0.0,47.151829,0.13860813,0.0,-1267.87326,1.21466873,905.622177,0.0,0.0
1515.0,0.0,-1274.53797,-0.074946521,-0.0380240042,0.0100030283,0.00507500882,0.01548566895,0.00785661815,910.382691,151.94553,77.0867221,14.4857348,7.34904856,17.1933133,8.7226872,0.0231259943,0.0,0.0,47.3996878,0.136796577,0.0,-1274.53797,1.22106293,910.382691,0.0,0.0
1515.5,0.0,-1281.11577,-0.0743919539,-0.0375296049,0.0099802544,0.0050348739,0.0154236651,0.00778099104,915.08111,151.94553,76.651601,14.5604949,7.34528081,17.2707044,8.7124933,0.0229605952,0.0,0.0,47.6443151,0.135017811,0.0,-1281.11577,1.22737413,915.08111,0.0,0.0
1516.0,0.0,-1287.60827,-0.073839979,-0.0370440007,0.009956406,0.0049949131,0.01536058555,0.00770607869,919.71861,151.94553,76.2253864,14.6342851,7.34145664,17.3469777,8.70231235,0.0227953034,0.0,0.0,47.885769,0.13327082,0.0,-1287.60827,1.23360336,919.71861,0.0,0.0
1516.5,0.0,-1294.01692,-0.0732907624,-0.0365669599,0.00993153755,0.00495513101,0.015301234,0.00763423151,924.296247,151.94553,75.807763,14.70712335,7.33757462,17.4221557,8.6921421,0.0226301179,0.0,0.0,48.1241075,0.131554553,0.0,-1294.01692,1.23975238,924.296247,0.0,0.0
1517.0,0.0,-1300.34328,-0.0727439754,-0.0360981874,0.00990563595,0.00491552378,0.01524421445,0.00756471737,928.815058,151.94553,75.3984527,14.7790251,7.33363651,17.4962615,8.6819836,0.0224650386,0.0,0.0,48.3593818,0.129868101,0.0,-1300.34328,1.24582199,928.815058,0.0,0.0
1517.5,0.0,-1306.58869,-0.0721997901,-0.0356374755,0.00987875375,0.00487609611,0.01518603325,0.00749574232,933.276071,151.94553,74.9972034,14.8500077,7.32964464,17.5693144,8.6718382,0.0223000657,0.0,0.0,48.5916474,0.128210633,0.0,-1306.58869,1.25181426,933.276071,0.0,0.0
1518.0,0.0,-1312.75457,-0.0716581851,-0.0351845825,0.00985091755,0.00483684788,0.01512672805,0.00742729945,937.680274,151.94553,74.603751,14.920086,7.32559989,17.6413358,8.6617062,0.0221351989,0.0,0.0,48.8209554,0.126581288,0.0,-1312.75457,1.25773024,937.680274,0.0,0.0
1518.5,0.0,-1318.84223,-0.0711191436,-0.0347392828,0.00982215415,0.00479777886,0.0150663377,0.00735938237,942.028637,151.94553,74.217852,14.9892757,7.32150308,17.7123455,8.65158725,0.0219704389,0.0,0.0,49.0473555,0.1249792642,0.0,-1318.84223,1.2635712,942.028637,0.0,0.0
1519.0,0.0,-1324.85304,-0.0705826537,-0.0343013584,0.0097924886,0.0047588892,0.015004899,0.00729198526,946.32205,151.94553,73.83927,15.0575914,7.31735534,17.7823622,8.6414817,0.021805784,0.0,0.0,49.2708955,0.1234037744,0.0,-1324.85304,1.26933844,946.32205,0.0,0.0
1519.5,0.0,-1330.78818,-0.0700487007,-0.0338706035,0.00976194695,0.0047201793,0.0149424481,0.00722510211,950.561468,151.94553,73.4677764,15.1250473,7.31315738,17.8514059,8.6313891,0.021641236,0.0,0.0,49.4916232,0.121854077,0.0,-1330.78818,1.27503317,950.561468,0.0,0.0
1520.0,0.0,-1336.64898,-0.0695172736,-0.0334468187,0.00973055285,0.00468164895,0.01487901995,0.00715872736,954.747732,151.94553,73.1031554,15.19165795,7.3089098,17.9194939,8.62131005,0.021476793,0.0,0.0,49.7095846,0.1203294588,0.0,-1336.64898,1.2806565,954.747732,0.0,0.0
1520.5,0.0,-1342.4365,-0.0689883596,-0.0330298159,0.00969833135,0.00464329847,0.0148146488,0.00709285568,958.881714,151.94553,72.745201,15.2574366,7.3046136,17.9866426,8.6112439,0.0213124566,0.0,0.0,49.9248217,0.118829231,0.0,-1342.4365,1.28620963,958.881714,0.0,0.0
1521.0,0.0,-1348.15202,-0.0684619467,-0.0326194094,0.00966530525,0.00460512796,0.01474936825,0.00702748147,962.964241,151.94553,72.393714,15.32239675,7.30026977,18.0528708,8.6011912,0.0211482256,0.0,0.0,50.1373821,0.1173527395,0.0,-1348.15202,1.29169371,962.964241,0.0,0.0
1521.5,0.0,-1353.79654,-0.0679248436,-0.0322093147,0.0096296248,0.0045662691,0.01468035595,0.00696127656,966.995948,151.94553,72.0478036,15.38654815,7.29580657,18.1183738,8.5911524,0.0209841001,0.0,0.000752558746,50.3472968,0.1157998404,0.0,-1353.79654,1.29705713,966.995948,-0.018449645,0.0007487008
1522.0,0.0,-1359.26748,-0.0640327296,-0.0302314676,0.0091142288,0.00430305117,0.0138814095,0.00655375662,970.891658,151.94553,71.7062574,15.4485356,7.29047478,18.1841533,8.5814688,0.0208200794,0.0,0.0488429589,50.5501285,0.1080325801,0.0,-1359.26748,1.29524043,970.891658,-1.217712872,0.0495469426
1522.5,0.0,-1364.23036,-0.0572135957,-0.0268931785,0.00817338285,0.00384188366,0.0124376156,0.00584628014,974.431669,151.94553,71.3902673,15.50486315,7.2848146,18.2446928,8.5720987,0.0206561652,0.0,0.1239859706,50.7344422,0.0967842004,0.0,-1364.23036,1.29714429,974.431669,-3.09628822,0.126402606
1523.0,0.0,-1368.64435,-0.0508544401,-0.0238086006,0.00728843841,0.00341223623,0.0110824025,0.0051884616,977.584901,151.94553,71.101744,15.5550362,7.27885277,18.2986236,8.5626927,0.0204923557,0.0,0.199128986,50.8986163,0.0856566787,0.0,-1368.64435,1.30159056,977.584901,-4.97486357,0.203734817
1523.5,0.0,-1372.52322,-0.044478976,-0.0207485605,0.0063927773,0.00298210168,0.0097139098,0.00453134381,980.35551,151.94553,70.840214,15.59912135,7.27263424,18.3460272,8.5532994,0.0203286515,0.0,0.274272,51.0428699,0.0746480632,0.0,-1372.52322,1.30530256,980.35551,-6.8534389,0.281453457
1524.0,0.0,-1375.87201,-0.0381112134,-0.0177205902,0.00549093146,0.00255311971,0.0083386558,0.00387722727,982.747513,151.94553,70.6048648,15.6371825,7.26615989,18.3869856,8.54391665,0.0201650527,0.0,0.349415016,51.167412,0.0637556538,0.0,-1375.87201,1.30852811,982.747513,-8.73201423,0.359469698
1524.5,0.0,-1378.69645,-0.0317707553,-0.0147298832,0.00458681949,0.00212658734,0.00696221023,0.0032278902,984.765132,151.94553,70.394949,15.6692858,7.25943106,18.4215792,8.5345424,0.0200015587,0.0,0.423803321,51.2724607,0.0530741863,0.0,-1378.69645,1.31131249,984.765132,-10.5921399,0.436934349
1525.0,0.0,-1381.10463,-0.0288539872,-0.0133306425,0.0041731318,0.00192800063,0.00633156899,0.00292520606,986.497569,151.94553,70.2014519,15.6968522,7.25221309,18.4513434,8.5248355,0.0198381699,0.0,0.4508581,51.362661,0.0487082879,0.0,-1381.10463,1.32083014,986.497569,-11.271452,0.465762483
1525.5,0.0,-1383.4366,-0.0289442003,-0.013336884,0.00419322974,0.00193215213,0.00635947714,0.00293031361,988.168311,151.94553,70.0101104,15.72343625,7.24469558,18.4800642,8.5148337,0.0196748859,0.0,0.4508581,51.4496488,0.0479468764,0.0,-1383.4366,1.32599924,988.168311,-11.271452,0.46655129
1526.0,0.0,-1385.7396,-0.0285473669,-0.0131186914,0.00414262407,0.00190370572,0.00628020159,0.00288601056,989.812911,151.94553,69.8215999,15.74960465,7.23721332,18.5083295,8.5048949,0.0195117063,0.0,0.4508581,51.5352762,0.0471962165,0.0,-1385.7396,1.32796955,989.812911,-11.271452,0.467327774
1526.5,0.0,-1388.0059,-0.028173894,-0.01291252995,0.00409511438,0.00187685342,0.00620572146,0.00284417713,991.431718,151.94553,69.6354345,15.7753627,7.22972133,18.5361473,8.4949672,0.0193486314,0.0,0.4508581,51.6195612,0.0464551354,0.0,-1388.0059,1.33016049,991.431718,-11.271452,0.468092075
1527.0,0.0,-1390.23656,-0.0278037613,-0.0127092535,0.00404781007,0.00185027581,0.00613164929,0.00280281019,993.025059,151.94553,69.4515821,15.8007158,7.22222183,18.5635244,8.48505225,0.0191856617,0.0,0.4508581,51.7025191,0.0457235002,0.0,-1390.23656,1.33230374,993.025059,-11.271452,0.468844354
1527.5,0.0,-1392.43008,-0.0271936904,-0.0124058176,0.00396521497,0.00180893947,0.00600424474,0.00273914908,994.590192,151.94553,69.270382,15.82561935,7.21473248,18.5904136,8.4751728,0.0190227963,0.0,0.464953759,51.7840089,0.0431799992,0.0,-1392.43008,1.33344203,994.590192,-11.6171722,0.483996176
1528.0,0.0,-1392.54768,0.01812871498,0.01952005428,-0.00264171113,-0.002844752154,-0.001418891622,-0.001726281745,994.526612,151.94553,69.2288213,15.8246079,7.20994181,18.5895774,8.4697061,0.0188600344,0.0,1.366105961,51.780699,-0.075676132,0.0,-1392.54768,1.24738715,994.526612,-34.0896672,1.41981044
1528.5,0.0,-1384.4085,0.072426121,0.072426121,-0.01049444346,-0.01049444346,-0.00691999841,-0.00691999841,988.715137,151.94553,69.5576135,15.73213725,7.2018151,18.4914856,8.4649867,0.0186973768,0.0,2.77417963,51.4781196,-0.260151404,0.0,-1384.4085,1.24088085,988.715137,-69.2915085,2.8686275
1529.0,0.0,-1367.38429,0.1231014685,0.1231014685,-0.01761781435,-0.01761781435,-0.011582622,-0.011582622,976.558164,151.94553,70.2977591,15.5386993,7.18886894,18.2856652,8.4597475,0.0185348231,0.0,4.18225336,50.8451587,-0.44275857,0.0,-1367.38429,1.22640508,976.558164,-104.49335,4.27253981
1529.5,0.0,-1341.56892,0.173350445,0.173350445,-0.0243407471,-0.0243407471,-0.0159302576,-0.0159302576,958.120077,151.94553,71.4425176,15.24531775,7.167872,17.98113,8.45420695,0.0183723741,0.0,5.59032693,49.8851681,-0.62354781,0.0,-1341.56892,1.20250655,958.120077,-139.695192,5.60385389
1530.0,0.0,-1307.04691,0.223089918,0.223089918,-0.0305185318,-0.0305185318,-0.0198520093,-0.0198520093,933.463003,151.94553,73.014629,14.85298235,7.13689058,17.5819859,8.4482539,0.0182100283,0.0,6.99840064,48.6013811,-0.802480496,0.0,-1307.04691,1.17028653,933.463003,-174.897034,6.83524
1530.5,0.0,-1263.91984,0.271821809,0.271821809,-0.0359585828,-0.0359585828,-0.0231593749,-0.0231593749,902.662467,151.94553,75.1103659,14.3628934,7.09923076,17.07871,8.4417022,0.0180477874,0.0,8.37743316,46.9977302,-0.975547639,0.0,-1263.91984,1.13158347,902.662467,-209.388985,7.91347844
1531.0,0.0,-1216.59388,0.255369172,0.255369172,-0.0325593903,-0.0325593903,-0.0207164946,-0.0207164946,869.083119,151.94553,77.5164544,13.8285888,7.05416402,16.5244182,8.4294405,0.0178856497,0.0,7.93520906,45.2493981,-0.907434566,0.0,-1216.59388,1.21751746,869.083119,-198.446574,7.22828243
1531.5,0.0,-1177.53689,0.195368703,0.195368703,-0.0241079176,-0.0241079176,-0.015178046,-0.015178046,841.258452,151.94553,79.607236,13.3858511,7.01271534,16.06062415,8.4140608,0.0177236159,0.0,6.45199257,43.8006887,-0.702643507,0.0,-1177.53689,1.2228156,841.258452,-161.366156,5.6894221
1532.0,0.0,-1148.44492,0.138928043,0.138928043,-0.0167198779,-0.0167198779,-0.010443642,-0.010443642,820.47856,151.94553,81.2333355,13.05520795,6.97938918,15.7115249,8.3995009,0.0175616859,0.0,4.96877589,42.7187703,-0.49992588,0.0,-1148.44492,1.1949754,820.47856,-124.2857404,4.2736823
1532.5,0.0,-1129.11278,0.083209903,0.083209903,-0.00984570689,-0.00984570689,-0.00611739143,-0.00611739143,806.668114,151.94553,82.3169806,12.8354598,6.95358032,15.4783371,8.385363,0.0173998595,0.0,3.48555918,41.9997189,-0.299485269,0.0,-1129.11278,1.17539525,806.668114,-87.2053231,2.94796243
1533.0,0.0,-1119.42415,0.0281654915,0.0281654915,-0.003304041515,-0.003304041515,-0.002047421421,-0.002047421421,799.745753,151.94553,82.8060739,12.7253132,6.93493453,15.36133975,8.3714951,0.0172381366,0.0,2.00234251,41.639301,-0.1014595947,0.0,-1119.42415,1.16498198,799.745753,-50.1249063,1.67961705
1533.5,0.0,-1119.15141,-0.04510056363,-0.024322521857,0.005289474083,0.002852599627,0.008536521177,0.004603718064,799.62253,151.94553,82.6506375,12.72335255,6.92084193,15.35997295,8.3550282,0.0170765176,0.0,0.533966712986,41.6328858,0.09208495924,0.0,-1119.15141,1.20653149,799.62253,-13.408658844,0.4487299706
1534.0,0.0,-1126.22822,-0.088933641,-0.048053016,0.0104877081,0.0056667431,0.016897151,0.00912991905,804.524212,151.94553,82.0608084,12.8013469,6.91356068,15.4439287,8.3407307,0.0169150024,0.0,0.0,41.8880953,0.160741148,0.0,-1126.22822,1.12386884,804.524212,0.0,0.0
1534.5,0.0,-1134.06604,-0.0819847099,-0.0439641523,0.009736385,0.00522109732,0.0156525778,0.0083936425,810.041758,151.94553,81.4759815,12.8891401,6.91136606,15.53795835,8.3317089,0.0167535904,0.0,0.0,42.1753708,0.158457468,0.0,-1134.06604,1.08415812,810.041758,0.0,0.0
1535.0,0.0,-1141.67544,-0.0815443708,-0.0434175315,0.0097490812,0.00519078657,0.0156403987,0.00832756085,815.480879,151.94553,80.899425,12.9756858,6.90853827,15.6305138,8.3220303,0.0165922811,0.0,0.0,42.4585622,0.156209595,0.0,-1141.67544,1.0936886,815.480879,0.0,0.0
1535.5,0.0,-1149.1828,-0.0809647364,-0.0428095812,0.0097434315,0.00515175736,0.01559934,0.0082480293,820.843163,151.94553,80.337424,13.0610091,6.90565853,15.72159915,8.3123778,0.0164310755,0.0,0.0,42.7377531,0.154011602,0.0,-1149.1828,1.10083067,820.843163,0.0,0.0
1536.0,0.0,-1156.58472,-0.0803818486,-0.0422113674,0.00973559335,0.00511248805,0.0155553967,0.0081686722,826.13029,151.94553,79.7892536,13.14513615,6.90271634,15.811251,8.3027383,0.0162699731,0.0,0.0,43.0130305,0.151861253,0.0,-1156.58472,1.10793134,826.13029,0.0,0.0
1536.5,0.0,-1163.88375,-0.079802969,-0.0416264294,0.0097264788,0.00507346049,0.01551002885,0.00809024565,831.343883,151.94553,79.2543567,13.2280931,6.89971199,15.8995041,8.2931108,0.0161089729,0.0,0.0,43.2844788,0.149756728,0.0,-1163.88375,1.11493473,831.343883,0.0,0.0
1537.0,0.0,-1171.08196,-0.0792269825,-0.0410537163,0.0097159984,0.00503460448,0.0154630891,0.00801262195,836.485476,151.94553,78.7322031,13.30990435,6.8966468,15.9863909,8.2834955,0.0159480758,0.0,0.0,43.5521791,0.147696317,0.0,-1171.08196,1.12184109,836.485476,0.0,0.0
1537.5,0.0,-1178.18146,-0.0786539399,-0.0404928176,0.0097041996,0.00499592444,0.01541464985,0.0079357913,841.556573,151.94553,78.2223051,13.3905944,6.89352172,16.0719439,8.27389235,0.0157872817,0.0,0.0,43.8162088,0.145678407,0.0,-1178.18146,1.12865284,841.556573,0.0,0.0
1538.0,0.0,-1185.18434,-0.0780838021,-0.0399433089,0.00969111925,0.00495741973,0.0153647648,0.0078597384,846.558611,151.94553,77.7241874,13.47018535,6.89033788,16.1561933,8.26430145,0.01562659,0.0,0.0,44.0766449,0.143701468,0.0,-1185.18434,1.1353718,846.558611,0.0,0.0
1538.5,0.0,-1192.09244,-0.0775165394,-0.0394047845,0.0096767925,0.00491908957,0.01531348675,0.0077844476,851.492989,151.94553,77.237414,13.5486999,6.88709597,16.2391694,8.2547223,0.0154660007,0.0,0.0,44.3335577,0.141764053,0.0,-1192.09244,1.14199994,851.492989,0.0,0.0
1539.0,0.0,-1198.90777,-0.0769521219,-0.0388768638,0.00966125395,0.00488093357,0.0152608672,0.0077099044,856.361066,151.94553,76.7615589,13.62615945,6.88379745,16.3208996,8.2451558,0.0153055139,0.0,0.0,44.5870163,0.139864784,0.0,-1198.90777,1.14853902,856.361066,0.0,0.0
1539.5,0.0,-1205.63202,-0.0763905266,-0.0383591848,0.00964453815,0.0048429512,0.01520695455,0.00763609459,861.164126,151.94553,76.2962251,13.7025842,6.88044297,16.4014125,8.2356013,0.01514512965,0.0,0.0,44.8370905,0.138002364,0.0,-1205.63202,1.15499075,861.164126,0.0,0.0
1540.0,0.0,-1212.26701,-0.075831725,-0.0378514002,0.0096266771,0.00480514244,0.0151517972,0.00756300477,865.903411,151.94553,75.841032,13.77799405,6.87703363,16.4807328,8.22605865,0.0149848475,0.0,0.0,45.083845,0.136175539,0.0,-1212.26701,1.16135684,865.903411,0.0,0.0
1540.5,0.0,-1218.81441,-0.0752756947,-0.0373531851,0.00960770265,0.0047675067,0.01509543925,0.00749062207,870.580148,151.94553,75.3956209,13.85240875,6.87357018,16.5588875,8.2165284,0.0148246678,0.0,0.0,45.3273419,0.134383143,0.0,-1218.81441,1.16763896,870.580148,0.0,0.0
1541.0,0.0,-1225.27589,-0.0747224074,-0.0368642265,0.0095876455,0.00473004373,0.01503792655,0.00741893381,875.195459,151.94553,74.959645,13.9258468,6.8700537,16.6359007,8.2070101,0.01466459005,0.0,0.0,45.5676421,0.132624051,0.0,-1225.27589,1.17383859,875.195459,0.0,0.0
1541.5,0.0,-1231.65301,-0.0741718478,-0.0363842281,0.0095665358,0.00469275342,0.01497930045,0.00734792812,879.750563,151.94553,74.5327844,13.9983258,6.86648496,16.7117966,8.19750415,0.01450461425,0.0,0.0,45.804806,0.13089719,0.0,-1231.65301,1.17995733,879.750563,0.0,0.0
1542.0,0.0,-1237.94729,-0.073623988,-0.0359129059,0.00954440305,0.00465563545,0.01491960245,0.00727759324,884.246482,151.94553,74.114725,14.0698637,6.86286489,16.7865979,8.18801015,0.01434474045,0.0,0.0,46.0388888,0.129201547,0.0,-1237.94729,1.18599664,884.246482,0.0,0.0
1542.5,0.0,-1244.16021,-0.0730788126,-0.0354499917,0.0095212746,0.00461868946,0.01485887255,0.00720791826,888.684324,151.94553,73.7051706,14.140477,6.85919449,16.8603268,8.1785283,0.01418496835,0.0,0.0,46.2699477,0.12753615,0.0,-1244.16021,1.19195794,888.684324,0.0,0.0
1543.0,0.0,-1250.29326,-0.0725362979,-0.034995227,0.00949717875,0.0045819156,0.0147971488,0.00713889212,893.065108,151.94553,73.3038424,14.21018275,6.85547446,16.933004,8.1690585,0.01402529815,0.0,0.0,46.498035,0.125900068,0.0,-1250.29326,1.19784258,893.065108,0.0,0.0
1543.5,0.0,-1256.34785,-0.0719964315,-0.0345483658,0.009472142,0.00454531331,0.01473446885,0.00707050457,897.389781,151.94553,72.910467,14.27899585,6.85170564,17.004652,8.1596004,0.01386572965,0.0,0.0,46.7232033,0.124292428,0.0,-1256.34785,1.20365193,897.389781,0.0,0.0
1544.0,0.0,-1262.32528,-0.0714591865,-0.0341091737,0.0094461911,0.00450888284,0.0146708682,0.00700274542,901.659387,151.94553,72.5247896,14.34693245,6.84788883,17.0752902,8.1501548,0.0137062626,0.0,0.0,46.9455035,0.1227123775,0.0,-1262.32528,1.20938731,901.659387,0.0,0.0
1544.5,0.0,-1268.22689,-0.0709245546,-0.0336774264,0.0094193503,0.00447262377,0.0146063821,0.0069356052,905.874824,151.94553,72.1465605,14.4140072,6.84402489,17.1449381,8.1407211,0.0135468971,0.0,0.0,47.1649832,0.121159108,0.0,-1268.22689,1.21504998,905.874824,0.0,0.0
1545.0,0.0,-1274.05396,-0.070392514,-0.0332529093,0.0093916453,0.00443653618,0.0145410437,0.00686907421,910.037012,151.94553,71.7755525,14.48023475,6.84011457,17.2136145,8.1312994,0.0133876331,0.0,0.0,47.3816907,0.1196318505,0.0,-1274.05396,1.22064112,910.037012,0.0,0.0
1545.5,0.0,-1279.8077,-0.069863047,-0.0328354161,0.00936309975,0.00440061979,0.0144748865,0.00680314336,914.146843,151.94553,71.411532,14.54562925,6.83615875,17.281338,8.1218898,0.0132284703,0.0,0.0,47.5956721,0.1181298645,0.0,-1279.8077,1.22616194,914.146843,0.0,0.0
1546.0,0.0,-1285.48937,-0.069336143,-0.0324247509,0.00933373795,0.00436487466,0.01440794165,0.0067378041,918.205174,151.94553,71.0542953,14.6102042,6.83215804,17.3481264,8.1124923,0.01306940885,0.0,0.0,47.8069719,0.1166524425,0.0,-1285.48937,1.2316136,918.205174,0.0,0.0
1546.5,0.0,-1291.1001,-0.06881185,-0.0320207174,0.00930359025,0.00432929972,0.01434163455,0.00667368828,922.212843,151.94553,70.7036182,14.6739729,6.82811259,17.4139966,8.103106,0.0129104483,0.0,0.0,48.0156339,0.1151988817,0.0,-1291.1001,1.23699741,922.212843,0.0,0.0
1547.0,0.0,-1296.641,-0.0682900546,-0.0316231313,0.00927266735,0.00429389431,0.0142794826,0.00661240291,926.170649,151.94553,70.3592998,14.7369487,6.82402187,17.4789665,8.0937296,0.0127515889,0.0,0.0,48.2217005,0.113768492,0.0,-1296.641,1.24231399,926.170649,0.0,0.0
1547.5,0.0,-1302.11329,-0.0677707085,-0.0312318176,0.0092409853,0.00425865816,0.014216894,0.00655178147,930.07944,151.94553,70.0211641,14.7991437,6.81988836,17.5430511,8.0843651,0.0125928308,0.0,0.0,48.4252124,0.1123607092,0.0,-1302.11329,1.24756481,930.07944,0.0,0.0
1548.0,0.0,-1307.51795,-0.0672538785,-0.0308466285,0.00920857635,0.00422359383,0.01415347945,0.00649161932,933.93991,151.94553,69.6890345,14.8605704,6.81571313,17.6062664,8.07501245,0.0124341733,0.0,0.0,48.6262106,0.1109749389,0.0,-1307.51795,1.25275081,933.93991,0.0,0.0
1548.5,0.0,-1312.85604,-0.0667395444,-0.0304673972,0.00917545955,0.00418870029,0.0140892652,0.00643191006,937.752846,151.94553,69.3627345,14.9212408,6.81149656,17.6686287,8.0656719,0.0122756168,0.0,0.0,48.8247335,0.1096106036,0.0,-1312.85604,1.257873,937.752846,0.0,0.0
1549.0,0.0,-1318.12861,-0.0662276854,-0.0300939714,0.0091416562,0.0041539777,0.0140242803,0.00637264927,941.518977,151.94553,69.0420982,14.9811664,6.80723948,17.7301525,8.0563434,0.01211716095,0.0,0.0,49.0208203,0.1082671556,0.0,-1318.12861,1.26293234,941.518977,0.0,0.0
1549.5,0.0,-1323.33667,-0.0657182946,-0.0297262021,0.00910718515,0.00411942567,0.0139585532,0.00631383252,945.23903,151.94553,68.726966,15.0403586,6.80294243,17.7908523,8.0470269,0.0119588056,0.0,0.0,49.2145069,0.1069440567,0.0,-1323.33667,1.26792978,945.23903,0.0,0.0
1550.0,0.0,-1328.48114,-0.0652113605,-0.0293639479,0.0090720665,0.00408504433,0.01389211,0.00625545516,948.913668,151.94553,68.4171863,15.0988284,6.79860639,17.8507421,8.03772255,0.01180055085,0.0,0.0,49.4058298,0.1056408,0.0,-1328.48114,1.27286628,948.913668,0.0,0.0
1550.5,0.0,-1333.56307,-0.0647068734,-0.0290070714,0.00903631875,0.00405083352,0.0138249777,0.00619751288,952.54358,151.94553,68.112604,15.1565865,6.79423169,17.9098352,8.02843,0.0116423966,0.0,0.0,49.5948245,0.1043568897,0.0,-1333.56307,1.27774274,952.54358,0.0,0.0
1551.0,0.0,-1338.58326,-0.0642048182,-0.0286554411,0.0089999602,0.00401679325,0.0137571812,0.00614000162,956.129445,151.94553,67.813081,15.2136437,6.78981905,17.9681459,8.01914935,0.0114843429,0.0,0.0,49.7815247,0.1030918529,0.0,-1338.58326,1.28256002,956.129445,0.0,0.0
1551.5,0.0,-1343.54265,-0.0637051871,-0.0283089302,0.00896300905,0.00398292329,0.0136887464,0.00608291715,959.671916,151.94553,67.5184794,15.2700102,6.78536908,18.0256881,8.00988125,0.0113263894,0.0,0.0,49.9659647,0.101845237,0.0,-1343.54265,1.28731902,959.671916,0.0,0.0
1552.0,0.0,-1348.44219,-0.0632079661,-0.0279674162,0.00892548335,0.00394922359,0.01361969675,0.00602625553,963.171571,151.94553,67.2286645,15.3256959,6.78088244,18.0824722,8.00062439,0.01116853605,0.0,0.0,50.1481773,0.1006165934,0.0,-1348.44219,1.29202057,963.171571,0.0,0.0
1552.5,0.0,-1353.28265,-0.062713099,-0.0276306922,0.0088873934,0.00391568151,0.01355004585,0.00596999335,966.629058,151.94553,66.9433375,15.3807103,6.77634167,18.1385606,7.99138005,0.01101078285,0.0,0.0,50.3281942,0.0994049334,0.0,-1353.28265,1.29666531,966.629058,0.0,0.0
1553.0,0.0,-1358.06451,-0.0622128986,-0.0272923265,0.00884766025,0.00388139647,0.01347814945,0.00591275626,970.044645,151.94553,66.6550905,15.43505795,6.77100484,18.1959576,7.98214876,0.0108531296,0.0,0.0,50.5060281,0.0981863126,0.0,-1358.06451,1.301238,970.044645,0.0,0.0
1553.5,0.0,-1362.7873,-0.0617090108,-0.026954511,0.00880651915,0.00384668508,0.01340436945,0.00585502635,973.418076,151.94553,66.367599,15.4887349,6.76524618,18.2536728,7.97293027,0.0106955763,0.0,0.0,50.6816686,0.096972657,0.0,-1362.7873,1.30576441,973.418076,0.0,0.0
1554.0,0.0,-1367.45177,-0.0612087654,-0.0266220512,0.0087650272,0.00381224363,0.0133303136,0.00579786193,976.749854,151.94553,66.0847286,15.54174915,6.75946874,18.3106373,7.96372347,0.01053812315,0.0,0.0,50.8551383,0.0957764954,0.0,-1367.45177,1.31024137,976.749854,0.0,0.0
1554.5,0.0,-1372.05879,-0.0607109726,-0.026294316,0.0087230337,0.00377799806,0.01325575025,0.00574114616,980.040572,151.94553,65.806362,15.5941101,6.75367324,18.3668612,7.95452856,0.0103807693,0.0,0.0,51.0264729,0.0945974269,0.0,-1372.05879,1.31466258,980.040572,0.0,0.0
1555.0,0.0,-1376.60913,-0.0602156842,-0.0259712221,0.0086805636,0.00374395136,0.01318071335,0.00568488013,983.290808,151.94553,65.5323813,15.6458271,6.74785996,18.4223574,7.94534552,0.01022351555,0.0,0.0,51.1956989,0.093435054,0.0,-1376.60913,1.31902948,983.290808,0.0,0.0
1555.5,0.0,-1381.10358,-0.0597228899,-0.0256526664,0.00863763255,0.00371010298,0.0131052253,0.00562905949,986.501156,151.94553,65.262676,15.69690905,6.74202893,18.4771368,7.93617411,0.01006636115,0.0,0.0,51.3628466,0.09228901,0.0,-1381.10358,1.32334286,986.501156,0.0,0.0
1556.0,0.0,-1385.54299,-0.0592325793,-0.0253385487,0.0085942567,0.00367645235,0.0130293061,0.0055736799,989.672151,151.94553,64.9971365,15.74736525,6.73618071,18.5312098,7.92701457,0.0099093066,0.0,0.0,51.5279478,0.0911589261,0.0,-1385.54299,1.32760332,989.672151,0.0,0.0
1556.5,0.0,-1389.92805,-0.0587447435,-0.0250287686,0.0085504508,0.00364299887,0.0129529763,0.00551873694,992.804364,151.94553,64.7356619,15.79720365,6.73031568,18.5845882,7.9178668,0.0097523513,0.0,0.0,51.6910276,0.0900444545,0.0,-1389.92805,1.33181177,992.804364,0.0,0.0
1557.0,0.0,-1394.25955,-0.0582593728,-0.0247232333,0.0085062303,0.00360974192,0.012876255,0.00546422671,995.898285,151.94553,64.4781491,15.8464334,6.72443388,18.637281,7.90873085,0.0095954954,0.0,0.0,51.8521158,0.0889452504,0.0,-1394.25955,1.3359688,995.898285,0.0,0.0
1557.5,0.0,-1398.53819,-0.0577764583,-0.0244218516,0.00846160895,0.00357668102,0.01279916205,0.00541014487,998.954497,151.94553,64.224502,15.8950628,6.71853588,18.6892996,7.89960644,0.00943873895,0.0,0.0,52.0112392,0.0878609909,0.0,-1398.53819,1.34007512,998.954497,0.0,0.0
1558.0,0.0,-1402.76475,-0.0572959901,-0.0241245346,0.0084166021,0.00354381546,0.0127217159,0.0053564875,1001.973456,151.94553,63.9746283,15.94309955,6.71262199,18.7406534,7.89049391,0.0092820813,0.0,0.0,52.1684235,0.0867913541,0.0,-1402.76475,1.34413153,1001.973456,0.0,0.0
1558.5,0.0,-1406.93952,-0.056809201,-0.023824402,0.0083699292,0.00351014193,0.01264198205,0.00530173683,1004.955388,151.94553,63.7199183,15.990547,6.70579357,18.7938699,7.88139469,0.00912552305,0.0,0.0,52.3236782,0.0857086046,0.0,-1406.93952,1.34811786,1004.955388,0.0,0.0
1559.0,0.0,-1411.06125,-0.0563101297,-0.0235189342,0.0083207046,0.00347528783,0.01255862745,0.00524533172,1007.899482,151.94553,63.4604202,16.0373924,6.69804962,18.8489659,7.87230897,0.0089690638,0.0,0.0,52.4769654,0.0846127636,0.0,-1411.06125,1.35205706,1007.899482,0.0,0.0
1559.5,0.0,-1415.13032,-0.0558159704,-0.0232186991,0.0082714688,0.00344081737,0.0124754897,0.00518963355,1010.805962,151.94553,63.2049729,16.0836397,6.69032558,18.9033303,7.86323475,0.0088127037,0.0,0.0,52.6282934,0.0835325745,0.0,-1415.13032,1.35596452,1010.805962,0.0,0.0
1560.0,0.0,-1419.14749,-0.0553245723,-0.0229227098,0.00822192135,0.00340659737,0.0123921114,0.00513443787,1013.675361,151.94553,62.9534766,16.1292969,6.68262087,18.9569742,7.85417198,0.0086564418,0.0,0.0,52.7776911,0.0824676881,0.0,-1419.14749,1.35982063,1013.675361,0.0,0.0
1560.5,0.0,-1423.11347,-0.0548359231,-0.0226308709,0.0081720764,0.0033726257,0.01230851085,0.00507973805,1016.508228,151.94553,62.7058304,16.1743723,6.67493501,19.009909,7.84512092,0.0085002794,0.0,0.0,52.9251849,0.0814177669,0.0,-1423.11347,1.36362769,1016.508228,0.0,0.0
1561.0,0.0,-1427.02897,-0.0543500311,-0.0223431018,0.0081219504,0.0033389016,0.0122247086,0.00502553041,1019.30501,151.94553,62.461938,16.2188742,6.66726727,19.0621456,7.83608133,0.00834421545,0.0,0.0,53.0708031,0.0803824774,0.0,-1427.02897,1.36738639,1019.30501,0.0,0.0
1561.5,0.0,-1430.89472,-0.0538668749,-0.022059312,0.0080715551,0.00330542289,0.0121407204,0.00497180805,1022.066286,151.94553,62.2217095,16.2628108,6.65961701,19.1136943,7.82705327,0.00818824995,0.0,0.0,53.2145696,0.0793615046,0.0,-1430.89472,1.37109732,1022.066286,0.0,0.0
1562.0,0.0,-1434.71139,-0.053386442,-0.0217794148,0.0080209036,0.00327218744,0.01205656125,0.00491856514,1024.79248,151.94553,61.9850545,16.3061893,6.6519837,19.1645669,7.81803669,0.0080323833,0.0,0.0,53.3565123,0.0783545393,0.0,-1434.71139,1.37476121,1024.79248,0.0,0.0
1562.5,0.0,-1438.47967,-0.0529087158,-0.0215033296,0.00797000755,0.00323919336,0.0119722466,0.00486579576,1027.48415,151.94553,61.7518844,16.349018,6.64436697,19.2147727,7.80903166,0.00787661475,0.0,0.0,53.4966535,0.077361284,0.0,-1438.47967,1.37837866,1027.48415,0.0,0.0
1563.0,0.0,-1442.20022,-0.0524336841,-0.021230975,0.0079188792,0.00320643868,0.01188779065,0.00481349428,1030.14166,151.94553,61.5221171,16.3913037,6.63676582,19.264322,7.80003806,0.00772094476,0.0,0.0,53.6350202,0.0763814539,0.0,-1442.20022,1.3819503,1030.14166,0.0,0.0
1563.5,0.0,-1445.87363,-0.0519613303,-0.0209622737,0.00786752965,0.00317392153,0.0118032084,0.00476165522,1032.76553,151.94553,61.2956709,16.4330541,6.62918027,19.3132244,7.79105605,0.00756537301,0.0,0.0,53.7716339,0.0754147632,0.0,-1445.87363,1.3854767,1032.76553,0.0,0.0
1564.0,0.0,-1449.5006,-0.0514916401,-0.02069715,0.0078159709,0.00314164006,0.0117185131,0.00471027311,1035.35623,151.94553,61.0724691,16.4742762,6.62160964,19.3614898,7.78208544,0.00740989946,0.0,0.0,53.9065199,0.0744609487,0.0,-1449.5006,1.3889586,1035.35623,0.0,0.0
1564.5,0.0,-1453.08166,-0.0510246006,-0.0204355319,0.00776421341,0.00310959246,0.0116337182,0.0046593424,1037.91413,151.94553,60.8524352,16.5149773,6.61405343,19.4091268,7.77312632,0.00725452403,0.0,0.0,54.0397,0.0735197407,0.0,-1453.08166,1.39239646,1037.91413,0.0,0.0
1565.0,0.0,-1456.61751,-0.050560197,-0.0201773481,0.00771226806,0.00307777687,0.0115488374,0.00460885832,1040.43977,151.94553,60.635495,16.555164,6.60651121,19.4561461,7.76417846,0.00709924663,0.0,0.0,54.1711973,0.0725908879,0.0,-1456.61751,1.39579094,1040.43977,0.0,0.0
1565.5,0.0,-1460.1087,-0.0500984168,-0.0199225302,0.00766014556,0.00304619163,0.01146388265,0.00455881539,1042.93343,151.94553,60.4215792,16.5948429,6.5989826,19.5025555,7.75524213,0.00694406727,0.0,0.0,54.3010335,0.0716741494,0.0,-1460.1087,1.39914252,1042.93343,0.0,0.0
1566.0,0.0,-1463.55579,-0.0496392443,-0.0196710114,0.00760785605,0.00301483483,0.011378867,0.00450920874,1045.39566,151.94553,60.2106168,16.6340208,6.59146718,19.5483641,7.74631718,0.0067889857,0.0,0.0,54.4292305,0.0707692774,0.0,-1463.55579,1.40245188,1045.39566,0.0,0.0
1566.5,0.0,-1466.95929,-0.049174824,-0.0194198569,0.00755420317,0.00298326343,0.0112919992,0.00445937353,1047.82671,151.94553,60.0025544,16.6727028,6.58396546,19.5935785,7.73740439,0.00663400183,0.0,0.000449278495,54.555804,0.0698181753,0.0,-1466.95929,1.40568801,1047.82671,-0.010985037,0.0004826461
1567.0,0.0,-1470.26032,-0.0463983048,-0.0182688443,0.00714358453,0.00281270971,0.01067219195,0.00420206157,1050.17611,151.94553,59.8018157,16.7100856,6.57665225,19.6372582,7.72871073,0.00647911586,0.0,0.0290814127,54.6781278,0.0651832873,0.0,-1470.26032,1.40391794,1050.17611,-0.725034117,0.0319027239
1567.5,0.0,-1473.25784,-0.0413811193,-0.016242755,0.00638413297,0.00250587364,0.009532683,0.00374173005,1052.3134,151.94553,59.6152924,16.7440942,6.56948303,19.6770868,7.72023202,0.00632432739,0.0,0.0738220463,54.7894065,0.058474117,0.0,-1473.25784,1.40456794,1052.3134,-1.84354992,0.0812700222
1568.0,0.0,-1475.92614,-0.0368052961,-0.01440523755,0.00568847666,0.00222641397,0.0084900439,0.00332292025,1054.21986,151.94553,59.4417316,16.7744287,6.56222455,19.7127899,7.71172352,0.00616963651,0.0,0.118562682,54.888666,0.0518278239,0.0,-1475.92614,1.40742581,1054.21986,-2.96206583,0.1308089629
1568.5,0.0,-1478.27498,-0.0322152616,-0.01257550725,0.00498698381,0.00194671192,0.00744006263,0.00290429247,1055.89764,151.94553,59.2811575,16.8011245,6.55491346,19.7444053,7.70322648,0.00601504305,0.0,0.163303315,54.9760209,0.0452440973,0.0,-1478.27498,1.4096725,1055.89764,-4.08058167,0.180487462
1569.0,0.0,-1480.30664,-0.0276368073,-0.01076225835,0.00428411057,0.00166830754,0.00638921814,0.00248807328,1057.34882,151.94553,59.1332592,16.8242155,6.54754664,19.7719775,7.69473889,0.00586054698,0.0,0.20804395,55.0515772,0.0387218371,0.0,-1480.30664,1.41164296,1057.34882,-5.19909755,0.230273846
1569.5,0.0,-1482.02412,-0.0230823618,-0.0089689092,0.00358225707,0.00139192571,0.00534091488,0.00207527177,1058.57567,151.94553,58.9977488,16.8437372,6.54012256,19.7955519,7.68625957,0.0057061483,0.0,0.252336205,55.1154559,0.0323179186,0.0,-1482.02412,1.41334761,1058.57567,-6.30662838,0.279649532
1570.0,0.0,-1483.4897,-0.0208878815,-0.00809265625,0.00324495081,0.00125720104,0.00483677311,0.00187392558,1059.63115,151.94553,58.8699712,16.8605313,6.53246479,19.8161166,7.67758047,0.00555184669,0.0,0.2684438,55.1704092,0.0296689686,0.0,-1483.4897,1.41978605,1059.63115,-6.7110953,0.297876829
1570.5,0.0,-1484.90797,-0.0209953455,-0.0081172896,0.0032647558,0.00126223045,0.00486511185,0.00188096532,1060.64812,151.94553,58.7428739,16.8767127,6.52461764,19.8360325,7.66870459,0.00539764221,0.0,0.2684438,55.2233586,0.0291647562,0.0,-1484.90797,1.42344189,1060.64812,-6.7110953,0.298162709
1571.0,0.0,-1486.30816,-0.0206541961,-0.00796844105,0.00321473552,0.00124025287,0.00478942109,0.00184777051,1061.64776,151.94553,58.6173906,16.8926192,6.51681625,19.8556233,7.65988074,0.00524353485,0.0,0.2684438,55.2754063,0.0286669549,0.0,-1486.30816,1.42448378,1061.64776,-6.7110953,0.298443725
1571.5,0.0,-1487.68367,-0.0203415363,-0.00783115566,0.00316900161,0.00122001315,0.00472017099,0.00181718776,1062.6303,151.94553,58.4931408,16.9082526,6.50902116,19.8749019,7.6510658,0.00508952453,0.0,0.2684438,55.326562,0.0281746535,0.0,-1487.68367,1.42583181,1062.6303,-6.7110953,0.298719934
1572.0,0.0,-1489.03548,-0.020032803,-0.00769608641,0.00312374011,0.00120006023,0.00465167601,0.00178705378,1063.59589,151.94553,58.3701249,16.9236176,6.50123441,19.8938716,7.64226207,0.00493561099,0.0,0.2684438,55.3768383,0.0276878146,0.0,-1489.03548,1.42713122,1063.59589,-6.7110953,0.298991379
1572.5,0.0,-1490.36392,-0.0197255008,-0.00756221866,0.00307856615,0.00118023806,0.0045833615,0.00175713547,1064.54477,151.94553,58.2483226,16.9387159,6.49345607,19.9125354,7.63346979,0.00478179429,0.0,0.2684438,55.4262417,0.027206364,0.0,-1490.36392,1.42840821,1064.54477,-6.7110953,0.299258121
1573.0,0.0,-1491.66916,-0.0194204971,-0.007429876,0.00303361864,0.00116059886,0.00451543316,0.00172751007,1065.47709,151.94553,58.1277141,16.9535509,6.48568611,19.9308977,7.62468879,0.00462807443,0.0,0.2684438,55.4747834,0.0267302249,0.0,-1491.66916,1.42966332,1065.47709,-6.7110953,0.29952021
1573.5,0.0,-1492.95149,-0.019117637,-0.00729898377,0.002988877,0.00114113275,0.00444785893,0.00169816208,1066.39304,151.94553,58.0082827,16.9681247,6.47792432,19.9489621,7.61591901,0.00447445105,0.0,0.2684438,55.5224731,0.0262593232,0.0,-1492.95149,1.43089632,1066.39304,-6.7110953,0.299777694
1574.0,0.0,-1494.21114,-0.0188169192,-0.00716952699,0.00294434453,0.00112183908,0.00438064268,0.00166909005,1067.2928,151.94553,57.8900074,16.9824414,6.4701707,19.9667313,7.60716065,0.00432092426,0.0,0.2684438,55.5693199,0.0257935848,0.0,-1494.21114,1.43210765,1067.2928,-6.7110953,0.300030628
1574.5,0.0,-1495.44838,-0.0185183275,-0.00704148564,0.00290002228,0.00110271637,0.00431378463,0.00164029121,1068.17656,151.94553,57.7728687,16.9965036,6.46242536,19.9842098,7.59841348,0.00416749405,0.0,0.2684438,55.6153329,0.0253329378,0.0,-1495.44838,1.4332974,1068.17656,-6.7110953,0.300279063
1575.0,0.0,-1496.66347,-0.0182218467,-0.0069148401,0.00285591114,0.00108376317,0.00424728501,0.0016117628,1069.04447,151.94553,57.6568522,17.0103134,6.45468801,20.0013998,7.58967754,0.00401416011,0.0,0.2684438,55.6605206,0.0248773124,0.0,-1496.66347,1.43446594,1069.04447,-6.7110953,0.300523044
1575.5,0.0,-1497.85656,-0.017927461,-0.00678957098,0.00281201209,0.00106497807,0.00418114419,0.00158350213,1069.89671,151.94553,57.5419375,17.0238738,6.44695887,20.0183047,7.58095279,0.00386092272,0.0,0.2684438,55.7048935,0.0244266395,0.0,-1497.85656,1.43561335,1069.89671,-6.7110953,0.300762627
1576.0,0.0,-1499.02801,-0.0176351566,-0.0066656596,0.00276832594,0.00104635966,0.00411536246,0.00155550658,1070.73347,151.94553,57.4281087,17.0371886,6.43923774,20.0349284,7.57223927,0.00370778138,0.0,0.2684438,55.7484604,0.0239808507,0.0,-1499.02801,1.43673994,1070.73347,-6.7110953,0.300997839
1576.5,0.0,-1500.17799,-0.0173449178,-0.00654308748,0.00272485371,0.00102790653,0.00404993944,0.00152777353,1071.55488,151.94553,57.3153496,17.0502579,6.43152456,20.0512734,7.56353702,0.00355473627,0.0,0.2684438,55.7912272,0.0235398802,0.0,-1500.17799,1.43784598,1071.55488,-6.7110953,0.301228758
1577.0,0.0,-1501.30675,-0.0170567296,-0.00642183634,0.00268159609,0.00100961732,0.00398487585,0.00150030043,1072.36115,151.94553,57.2036434,17.0630873,6.42381939,20.0673445,7.55484588,0.00340178727,0.0,0.2684438,55.833205,0.0231036623,0.0,-1501.30675,1.43893162,1072.36115,-6.7110953,0.301455405
1577.5,0.0,-1502.4145,-0.0167705778,-0.00630188846,0.00263855382,0.00099149062,0.00392017141,0.00147308466,1073.15239,151.94553,57.0929736,17.0756776,6.41612219,20.0831428,7.54616609,0.00324893421,0.0,0.2684438,55.8744026,0.0226721329,0.0,-1502.4145,1.43999708,1073.15239,-6.7110953,0.301677838
1578.0,0.0,-1503.50149,-0.0164864471,-0.00618322649,0.00259572757,0.000973525053,0.00385582606,0.0014461238,1073.9288,151.94553,56.9833224,17.0880319,6.40843288,20.0986724,7.53749716,0.00309617711,0.0,0.2684438,55.9148275,0.0222452295,0.0,-1503.50149,1.44104263,1073.9288,-6.7110953,0.301896095
1578.5,0.0,-1504.56791,-0.0162043239,-0.00606583295,0.00255311803,0.000955719355,0.00379183983,0.00141941528,1074.69056,151.94553,56.8746785,17.1001521,6.4007514,20.1139363,7.52883958,0.00294351587,0.0,0.2684438,55.9544881,0.0218228908,0.0,-1504.56791,1.44206842,1074.69056,-6.7110953,0.302110239
1579.0,0.0,-1505.614,-0.0159241939,-0.00594969138,0.0025107258,0.000938072095,0.00372821259,0.00139295664,1075.43776,151.94553,56.7670236,17.1120419,6.39307772,20.128937,7.52019302,0.00279095038,0.0,0.2684438,55.9933933,0.0214050549,0.0,-1505.614,1.44307473,1075.43776,-6.7110953,0.302320292
1579.5,0.0,-1506.63997,-0.0156460424,-0.00583478482,0.00246855148,0.000920582008,0.00366494411,0.00136674558,1076.17061,151.94553,56.6603443,17.123702,6.38541186,20.1436783,7.51155762,0.00263848061,0.0,0.2684438,56.0315482,0.0209916629,0.0,-1506.63997,1.44406169,1076.17061,-6.7110953,0.3025263
1580.0,0.0,-1507.64604,-0.0153698556,-0.00572109758,0.00242659541,0.000903247778,0.0036020342,0.00134077954,1076.88927,151.94553,56.5546265,17.1351374,6.37775383,20.1581613,7.50293337,0.00248610639,0.0,0.2684438,56.0689653,0.0205826562,0.0,-1507.64604,1.44502955,1076.88927,-6.7110953,0.302728322
1580.5,0.0,-1508.63245,-0.0150956193,-0.00560861321,0.00238485822,0.000886068072,0.00353948269,0.00131505627,1077.5938,151.94553,56.4498544,17.1463482,6.37010353,20.1723914,7.49432011,0.00233382772,0.0,0.2684438,56.1056492,0.0201779789,0.0,-1508.63245,1.44597855,1077.5938,-6.7110953,0.302926388
1581.0,0.0,-1509.59934,-0.0148233195,-0.0054973164,0.00234334035,0.000869041644,0.00347728921,0.00128957334,1078.2845,151.94553,56.3460148,17.1573372,6.36246104,20.1863703,7.48571799,0.00218164451,0.0,0.2684438,56.1416084,0.0197775723,0.0,-1509.59934,1.44690883,1078.2845,-6.7110953,0.303120532
1581.5,0.0,-1510.54703,-0.0145608407,-0.00538990415,0.00230329185,0.000852596453,0.00341730755,0.00126496533,1078.96145,151.94553,56.243085,17.1681094,6.35482556,20.2001018,7.47712622,0.00202955666,0.0,0.267995115,56.1768558,0.0194392533,0.0,-1510.54703,1.44785223,1078.96145,-6.70011027,0.302814225
1582.0,0.0,-1511.53455,-0.0167324129,-0.0061754807,0.00264857789,0.000977518308,0.00392891415,0.00145005572,1079.67578,151.94553,56.1368715,17.1794753,6.34702398,20.2145293,7.46833608,0.0018775641,0.0,0.239362393,56.2140471,0.0228011543,0.0,-1511.53455,1.45401673,1079.67578,-5.9860611,0.270718674
1582.5,0.0,-1512.76447,-0.0213532537,-0.00786693379,0.00338275337,0.00124626879,0.00501694278,0.00184833443,1080.55849,151.94553,56.0209717,17.193521,6.33909796,20.2319624,7.45934417,0.00172566675,0.0,0.19462176,56.2600058,0.0282550814,0.0,-1512.76447,1.45764851,1080.55849,-4.86754524,0.220312654
1583.0,0.0,-1514.26408,-0.0254546423,-0.009358391,0.00403648617,0.00148401251,0.00598495767,0.00220036734,1081.62899,151.94553,55.8966216,17.2105537,6.33129284,20.2526841,7.45040931,0.00157386454,0.0,0.149881125,56.3157414,0.0336637293,0.0,-1514.26408,1.45869715,1081.62899,-3.74902935,0.169853405
1583.5,0.0,-1516.0234,-0.0295752421,-0.0108483317,0.0046953619,0.00172227934,0.00695979102,0.0025528821,1082.88566,151.94553,55.763618,17.2305502,6.32356594,20.276675,7.44148552,0.00142215735,0.0,0.1051404916,56.3811717,0.0390268752,0.0,-1516.0234,1.46039848,1082.88566,-2.63051347,0.1193143715
1584.0,0.0,-1518.04131,-0.0336895671,-0.01232692865,0.00535567008,0.00195962578,0.0079358117,0.00290369316,1084.327,151.94553,55.6221597,17.2534842,6.31591953,20.3039009,7.43257455,0.00127054516,0.0,0.0603998563,56.4562139,0.0443452312,0.0,-1518.04131,1.46231797,1084.327,-1.51199763,0.0686692802
1584.5,0.0,-1520.31547,-0.0377878037,-0.0137901385,0.00601616934,0.00219551747,0.00891105445,0.00325196572,1085.95129,151.94553,55.4724438,17.2793296,6.30835476,20.3343298,7.42367737,0.00111902786,0.0,0.016108260444,56.5407865,0.0495616098,0.0,-1520.31547,1.46445489,1085.95129,-0.40446679745,0.018392206147
1585.0,0.0,-1522.78507,-0.0394194185,-0.0143526333,0.00628602054,0.00228874293,0.0093068756,0.00338863796,1087.70627,151.94553,55.3187697,17.3072537,6.30104491,20.3669922,7.41500287,0.000967605377,0.0,0.0,56.6321581,0.0510383138,0.0,-1522.78507,1.46152975,1087.70627,0.0,0.0
1585.5,0.0,-1525.24554,-0.0385354972,-0.0139919278,0.00615500925,0.00223483329,0.009109077,0.00330743129,1089.45936,151.94553,55.1675558,17.3351491,6.29394936,20.3995568,7.40655734,0.000816277633,0.0,0.0,56.7234369,0.0503837428,0.0,-1525.24554,1.46135298,1089.45936,0.0,0.0
1586.0,0.0,-1527.66748,-0.0381771372,-0.0138240084,0.00610745474,0.00221151939,0.00903496845,0.00327157713,1091.19001,151.94553,55.0176653,17.3626863,6.28681964,20.4317142,7.39807771,0.000665044543,0.0,0.0,56.8135423,0.0497356417,0.0,-1527.66748,1.46406684,1091.19001,0.0,0.0
1586.5,0.0,-1530.05923,-0.0377892182,-0.01364672345,0.00605486127,0.00218657571,0.0089535162,0.00323335952,1092.89833,151.94553,54.8694519,17.3898689,6.27969937,20.4634598,7.38961156,0.00051390603,0.0,0.0,56.9024885,0.0490947903,0.0,-1530.05923,1.46632795,1092.89833,0.0,0.0
1587.0,0.0,-1532.42007,-0.0374001333,-0.0134701267,0.00600176557,0.00216161031,0.008871435,0.0031951576,1094.58465,151.94553,54.722863,17.4167007,6.27258626,20.4947989,7.38115644,0.000362862016,0.0,0.0,56.9902878,0.0484610315,0.0,-1532.42007,1.46859535,1094.58465,0.0,0.0
1587.5,0.0,-1534.75038,-0.037014698,-0.0132959869,0.00594894569,0.00213691005,0.0087898725,0.00315739444,1096.24917,151.94553,54.5778688,17.4431863,6.26547984,20.5257369,7.37271198,0.000211912434,0.0,0.0,57.0769522,0.0478342484,0.0,-1534.75038,1.47083402,1096.24917,0.0,0.0
1588.0,0.0,-1537.03003,-0.0349343027,-0.01181900075,0.0056227781,0.00190223746,0.00830477906,0.0028096082,1097.86545,151.94553,48.9974069,17.4689042,5.6328612,21.0322008,6.6282297,6.171887e-05,0.0,0.0,57.1611049,0.0296238305,0.0,-1537.03003,1.4659847,1097.86545,0.0,0.0
1588.5,0.0,-1534.5375,0.0389967181,0.0389967181,-0.00626629435,-0.00626629435,-0.00424078913,-0.00424078913,1095.90925,151.94553,0.02544622475,17.4377778,0.00292013912,25.2856278,0.00423439571,-1.8404e-07,0.0,0.0,57.0592544,-0.128721441,0.0,-1534.5375,1.36094919,1095.90925,0.0,0.0
1589.0,0.0,-1528.06172,0.0359995414,0.0359995414,-0.0057606472,-0.0057606472,-0.00389435557,-0.00389435557,1091.4664,151.94553,0.0234768499,17.3670845,0.00268339064,25.2066056,0.0038946657,-1.8404e-07,0.0,0.0,56.8279334,-0.128303214,0.0,-1528.06172,1.46141483,1091.4664,0.0,0.0
1589.5,0.0,-1521.85281,0.0355541864,0.0355541864,-0.00566620879,-0.00566620879,-0.00382645073,-0.00382645073,1087.03792,151.94553,0.0231386407,17.2966197,0.0026339772,25.1276931,0.00382651298,-1.8404e-07,0.0,0.0,56.5973624,-0.127887209,0.0,-1521.85281,1.45923126,1087.03792,0.0,0.0
1590.0,0.0,-1515.67285,0.0354330023,0.0354330023,-0.00562396388,-0.00562396388,-0.00379391888,-0.00379391888,1082.62381,151.94553,0.0230140682,17.2263832,0.00260915783,25.0488896,0.00379397564,-1.8404e-07,0.0,0.0,56.3675386,-0.127474105,0.0,-1515.67285,1.45337595,1082.62381,0.0,0.0
1590.5,0.0,-1509.51301,0.0353188924,0.0353188924,-0.00558306948,-0.00558306948,-0.00376237042,-0.00376237042,1078.22393,151.94553,0.0228946206,17.1563734,0.0025850669,24.9701946,0.00376242663,-1.8404e-07,0.0,0.0,56.1384547,-0.127064006,0.0,-1509.51301,1.44746999,1078.22393,0.0,0.0
1591.0,0.0,-1503.37296,0.0352057269,0.0352057269,-0.00554254375,-0.00554254375,-0.00373114081,-0.00373114081,1073.83814,151.94553,0.022776266,17.086589,0.0025612426,24.8916071,0.00373119643,-1.8404e-07,0.0,0.0,55.9101069,-0.126656881,0.0,-1503.37296,1.44158167,1073.83814,0.0,0.0
1591.5,0.0,-1497.2525,0.0350933831,0.0350933831,-0.00550236471,-0.00550236471,-0.00370021416,-0.00370021416,1069.46641,151.94553,0.022658919,17.0170269,0.00253767327,24.813126,0.0037002692,-1.8404e-07,0.0,0.0,55.6824891,-0.126252714,0.0,-1497.2525,1.43571223,1069.46641,0.0,0.0
1592.0,0.0,-1491.15155,0.0349818539,0.0349818539,-0.00546252813,-0.00546252813,-0.00366958639,-0.00366958639,1065.10859,151.94553,0.0225425678,16.9476867,0.0025143552,24.7347504,0.00366964096,-1.8404e-07,0.0,0.0,55.4555959,-0.125851474,0.0,-1491.15155,1.42986142,1065.10859,0.0,0.0
1592.5,0.0,-1485.06998,0.0348711304,0.0348711304,-0.00542303027,-0.00542303027,-0.00363925396,-0.00363925396,1060.76455,151.94553,0.022427201,16.8785661,0.00249128521,24.6564804,0.00363930802,-1.8404e-07,0.0,0.0,55.2294219,-0.125453133,0.0,-1485.06998,1.42402921,1060.76455,0.0,0.0
1593.0,0.0,-1479.00754,0.0347612081,0.0347612081,-0.00538386731,-0.00538386731,-0.00360921328,-0.00360921328,1056.43428,151.94553,0.0223128087,16.809664,0.00246846005,24.578314,0.00360926677,-1.8404e-07,0.0,0.0,55.0039631,-0.125057671,0.0,-1479.00754,1.41821544,1056.43428,0.0,0.0
1593.5,0.0,-1472.96423,0.0346520795,0.0346520795,-0.00534503526,-0.00534503526,-0.00357946084,-0.00357946084,1052.11763,151.94553,0.0221993805,16.7409783,0.00244587644,24.5002506,0.0035795138,-1.8404e-07,0.0,0.0,54.7792127,-0.1246650645,0.0,-1472.96423,1.41241994,1052.11763,0.0,0.0
1594.0,0.0,-1466.93987,0.0345437357,0.0345437357,-0.00530653082,-0.00530653082,-0.00354999302,-0.00354999302,1047.81449,151.94553,0.0220869054,16.6725086,0.00242353136,24.4222899,0.00355004547,-1.8404e-07,0.0,0.0,54.5551677,-0.1242752843,0.0,-1466.93987,1.40664262,1047.81449,0.0,0.0
1594.5,0.0,-1460.93425,0.0344361732,0.0344361732,-0.00526835014,-0.00526835014,-0.0035208064,-0.0035208064,1043.52482,151.94553,0.0219753738,16.6042517,0.00240142156,24.3444313,0.00352085838,-1.8404e-07,0.0,0.0,54.3318217,-0.1238883114,0.0,-1460.93425,1.40088331,1043.52482,0.0,0.0
1595.0,0.0,-1454.94735,0.0343293827,0.0343293827,-0.00523048962,-0.00523048962,-0.00349189764,-0.00349189764,1039.24839,151.94553,0.0218647751,16.5362077,0.00237954401,24.2666729,0.00349194921,-1.8404e-07,0.0,0.0,54.1091687,-0.1235041214,0.0,-1454.94735,1.39514189,1039.24839,0.0,0.0
1595.5,0.0,-1448.97896,0.0342233599,0.0342233599,-0.0051929458,-0.0051929458,-0.00346326342,-0.00346326342,1034.98527,151.94553,0.0217550996,16.468374,0.0023578958,24.1890154,0.00346331435,-1.8404e-07,0.0,0.0,53.8872064,-0.1231226934,0.0,-1448.97896,1.3894183,1034.98527,0.0,0.0
1596.0,0.0,-1443.02898,0.0341180974,0.0341180974,-0.00515571523,-0.00515571523,-0.00343490032,-0.00343490032,1030.73527,151.94553,0.0216463377,16.4007489,0.00233647381,24.1114562,0.00343495082,-1.8404e-07,0.0,0.0,53.665926,-0.1227439959,0.0,-1443.02898,1.38371233,1030.73527,0.0,0.0
1596.5,0.0,-1437.0972,0.0340135893,0.0340135893,-0.00511879434,-0.00511879434,-0.0034068052,-0.0034068052,1026.49832,151.94553,0.0215384795,16.3333319,0.00231527525,24.0339959,0.00340685519,-1.8404e-07,0.0,0.0,53.4453259,-0.1223680135,0.0,-1437.0972,1.3780239,1026.49832,0.0,0.0
1597.0,0.0,-1431.1836,0.0339098289,0.0339098289,-0.00508217977,-0.00508217977,-0.00337897471,-0.00337897471,1022.274311,151.94553,0.0214315152,16.2661202,0.00229429727,23.9566336,0.00337902429,-1.8404e-07,0.0,0.0,53.2254008,-0.1219947231,0.0,-1431.1836,1.37235283,1022.274311,0.0,0.0
1597.5,0.0,-1425.28799,0.0338068102,0.0338068102,-0.00504586802,-0.00504586802,-0.00335140588,-0.00335140588,1018.063155,151.94553,0.0213254364,16.1991138,0.00227353679,23.8793673,0.003351455,-1.8404e-07,0.0,0.0,53.0061444,-0.1216240986,0.0,-1425.28799,1.36669906,1018.063155,0.0,0.0
1598.0,0.0,-1419.41028,0.0337045261,0.0337045261,-0.00500985587,-0.00500985587,-0.00332409543,-0.00332409543,1013.864763,151.94553,0.0212202325,16.1323105,0.00225299132,23.8021972,0.00332414406,-1.8404e-07,0.0,0.0,52.7875521,-0.121256121,0.0,-1419.41028,1.36106245,1013.864763,0.0,0.0
1598.5,0.0,-1413.5503,0.0336029725,0.0336029725,-0.00497414026,-0.00497414026,-0.00329704034,-0.00329704034,1009.679066,151.94553,0.021115895,16.0657091,0.00223265798,23.7251225,0.00329708854,-1.8404e-07,0.0,0.0,52.569621,-0.1208907686,0.0,-1413.5503,1.35544283,1009.679066,0.0,0.0
1599.0,0.0,-1407.70792,0.0335021421,0.0335021421,-0.00493871762,-0.00493871762,-0.00327023757,-0.00327023757,1005.50595,151.94553,0.0210124153,15.9993073,0.00221253402,23.6481419,0.00327028526,-1.8404e-07,0.0,0.0,52.3523449,-0.1205280177,0.0,-1407.70792,1.34984012,1005.50595,0.0,0.0
1599.5,0.0,-1401.88306,0.0334020299,0.0334020299,-0.00490358501,-0.00490358501,-0.00324368411,-0.00324368411,1001.345329,151.94553,0.0209097832,15.933105,0.00219261688,23.5712554,0.00324373139,-1.8404e-07,0.0,0.0,52.1357193,-0.120167849,0.0,-1401.88306,1.34425416,1001.345329,0.0,0.0
1600.0,0.0,-1396.07556,0.0333026279,0.0333026279,-0.004868739,-0.004868739,-0.00321737709,-0.00321737709,997.197111,151.94553,0.0208079908,15.86709975,0.00217290382,23.4944612,0.00321742388,-1.8404e-07,0.0,0.0,51.9197388,-0.1198102401,0.0,-1396.07556,1.33868493,997.197111,0.0,0.0
1600.5,0.0,-1390.28532,0.0332039332,0.0332039332,-0.00483417668,-0.00483417668,-0.00319131349,-0.00319131349,993.061205,151.94553,0.0207070293,15.80129085,0.0021533923,23.4177601,0.0031913599,-1.8404e-07,0.0,0.0,51.704401,-0.1194551732,0.0,-1390.28532,1.33313225,993.061205,0.0,0.0
1601.0,0.0,-1384.51217,0.0331059388,0.0331059388,-0.00479989505,-0.00479989505,-0.00316549048,-0.00316549048,988.937545,151.94553,0.0206068891,15.7356761,0.0021340798,23.3411496,0.00316553649,-1.8404e-07,0.0,0.0,51.4896997,-0.1191026245,0.0,-1384.51217,1.32759594,988.937545,0.0,0.0
1601.5,0.0,-1378.75606,0.0330086376,0.0330086376,-0.00476589086,-0.00476589086,-0.00313990524,-0.00313990524,984.826031,151.94553,0.0205075634,15.670255,0.00211496372,23.2646297,0.0031399508,-1.8404e-07,0.0,0.0,51.2756308,-0.1187525735,0.0,-1378.75606,1.32207598,984.826031,0.0,0.0
1602.0,0.0,-1373.01684,0.0329120265,0.0329120265,-0.00473216117,-0.00473216117,-0.00311455505,-0.00311455505,980.72657,151.94553,0.0204090423,15.60502545,0.00209604164,23.1881997,0.0031146002,-1.8404e-07,0.0,0.0,51.06219,-0.1184050005,0.0,-1373.01684,1.3165722,980.72657,0.0,0.0
1602.5,0.0,-1367.29433,0.0328160981,0.0328160981,-0.00469870309,-0.00469870309,-0.00308943703,-0.00308943703,976.639096,151.94553,0.0203113191,15.5399867,0.00207731115,23.1118587,0.00308948176,-1.8404e-07,0.0,0.0,50.8493723,-0.1180598846,0.0,-1367.29433,1.3110845,976.639096,0.0,0.0
1603.0,0.0,-1361.58851,0.0327208469,0.0327208469,-0.00466551366,-0.00466551366,-0.00306454847,-0.00306454847,972.563498,151.94553,0.0202143837,15.47513715,0.00205876981,23.0356057,0.00306459283,-1.8404e-07,0.0,0.0,50.6371727,-0.1177172085,0.0,-1361.58851,1.3056128,972.563498,0.0,0.0
1603.5,0.0,-1355.89922,0.0326262693,0.0326262693,-0.00463259013,-0.00463259013,-0.00303988683,-0.00303988683,968.499687,151.94553,0.0201178901,15.41047525,0.00204038106,22.9598274,0.00303993079,-1.8404e-07,0.0,0.0,50.4255895,-0.1173769536,0.0,-1355.89922,1.30015687,968.499687,0.0,0.0
1604.0,0.0,-1350.22629,0.0325323637,0.0325323637,-0.00459992998,-0.00459992998,-0.00301544987,-0.00301544987,964.447628,151.94553,0.0200172517,15.3460001,0.00202168034,22.8897637,0.00301549336,-1.8404e-07,0.0,0.0,50.2146152,-0.1170391131,0.0,-1350.22629,1.29471677,964.447628,0.0,0.0
1604.5,0.0,-1344.56966,0.0324391208,0.0324391208,-0.00456753015,-0.00456753015,-0.00299123452,-0.00299123452,960.407179,151.94553,0.019915817,15.2817097,0.00200300901,22.8215945,0.00299127765,-1.8404e-07,0.0,0.0,50.004248,-0.1167036578,0.0,-1344.56966,1.28929227,960.407179,0.0,0.0
1605.0,0.0,-1338.92927,0.0323465328,0.0323465328,-0.00453538776,-0.00453538776,-0.00296723826,-0.00296723826,956.378315,151.94553,0.019815211,15.21760335,0.00198453064,22.7534549,0.00296728099,-1.8404e-07,0.0,0.0,49.7944811,-0.116370566,0.0,-1338.92927,1.28388326,956.378315,0.0,0.0
1605.5,0.0,-1333.30491,0.0322545976,0.0322545976,-0.00450349988,-0.00450349988,-0.00294345836,-0.00294345836,952.360911,151.94553,0.019715426,15.1536796,0.00196624255,22.6853443,0.00294350078,-1.8404e-07,0.0,0.0,49.5853128,-0.1160398134,0.0,-1333.30491,1.27848971,952.360911,0.0,0.0
1606.0,0.0,-1327.69651,0.0321633074,0.0321633074,-0.00447186376,-0.00447186376,-0.00291989252,-0.00291989252,948.354895,151.94553,0.0196164517,15.0899372,0.00194814253,22.6172626,0.00291993451,-1.8404e-07,0.0,0.0,49.3767372,-0.115711389,0.0,-1327.69651,1.27311144,948.354895,0.0,0.0
1606.5,0.0,-1322.10395,0.0320726599,0.0320726599,-0.0044404768,-0.0044404768,-0.00289653819,-0.00289653819,944.360214,151.94553,0.0195182817,15.0263751,0.00193022813,22.5492078,0.00289657976,-1.8404e-07,0.0,0.0,49.168751,-0.1153852688,0.0,-1322.10395,1.26774836,944.360214,0.0,0.0
1607.0,0.0,-1316.52707,0.0319826458,0.0319826458,-0.0044093364,-0.0044093364,-0.00287339286,-0.00287339286,940.376754,151.94553,0.0194209064,14.9629916,0.00191249695,22.4811817,0.00287343414,-1.8404e-07,0.0,0.0,48.9613496,-0.115061433,0.0,-1316.52707,1.26240038,940.376754,0.0,0.0
1607.5,0.0,-1310.96589,0.0318932636,0.0318932636,-0.00437843991,-0.00437843991,-0.00285045426,-0.00285045426,936.404449,151.94553,0.0193243182,14.8997854,0.00189494676,22.4131815,0.00285049509,-1.8404e-07,0.0,0.0,48.7545294,-0.1147398715,0.0,-1310.96589,1.25706738,936.404449,0.0,0.0
1608.0,0.0,-1305.42018,0.0318045075,0.0318045075,-0.00434778469,-0.00434778469,-0.00282771995,-0.00282771995,932.443223,151.94553,0.0192285083,14.83675545,0.00187757529,22.3452084,0.00282776045,-1.8404e-07,0.0,0.0,48.5482853,-0.1144205598,0.0,-1305.42018,1.25174927,932.443223,0.0,0.0
1608.5,0.0,-1299.88988,0.0317163733,0.0317163733,-0.00431736845,-0.00431736845,-0.00280518759,-0.00280518759,928.493,151.94553,0.0191334698,14.7739009,0.00186038029,22.2772608,0.00280522774,-1.8404e-07,0.0,0.0,48.3426139,-0.1141034829,0.0,-1299.88988,1.24644593,928.493,0.0,0.0
1609.0,0.0,-1294.37484,0.0316288544,0.0316288544,-0.00428718845,-0.00428718845,-0.00278285493,-0.00278285493,924.553695,151.94553,0.0190391932,14.7112199,0.00184335955,22.2093379,0.0027828947,-1.8404e-07,0.0,0.0,48.1375114,-0.1137886225,0.0,-1294.37484,1.24115724,924.553695,0.0,0.0
1609.5,0.0,-1288.87499,0.031541949,0.031541949,-0.00425724227,-0.00425724227,-0.00276034556,-0.00276034556,920.625262,151.94553,0.018943116,14.6487115,0.00182626475,22.1414403,0.00276038684,-1.8404e-07,0.0,0.0,47.9329734,-0.1134759708,0.0,-1288.87499,1.23588314,920.625262,0.0,0.0
1610.0,0.0,-1283.39027,0.0314556568,0.0314556568,-0.00422752832,-0.00422752832,-0.00273716558,-0.00273716558,916.707581,151.94553,0.018841803,14.58637445,0.00180876737,22.0735668,0.00273720693,-1.8404e-07,0.0,0.0,47.7289975,-0.1131655206,0.0,-1283.39027,1.23062351,916.707581,0.0,0.0
1610.5,0.0,-1277.92047,0.0313699669,0.0313699669,-0.00419804328,-0.00419804328,-0.00271416453,-0.00271416453,912.800593,151.94553,0.018741077,14.5242076,0.00179143021,22.0057165,0.00271420544,-1.8404e-07,0.0,0.0,47.5255775,-0.1128572368,0.0,-1277.92047,1.22537822,912.800593,0.0,0.0
1611.0,0.0,-1272.46553,0.0312848731,0.0312848731,-0.00416878464,-0.00416878464,-0.0026913751,-0.0026913751,908.904208,151.94553,0.0186411746,14.4622099,0.0017742746,21.9378891,0.00269141572,-1.8404e-07,0.0,0.0,47.3227106,-0.1125511034,0.0,-1272.46553,1.22014719,908.904208,0.0,0.0
1611.5,0.0,-1267.02542,0.0312003718,0.0312003718,-0.00413975009,-0.00413975009,-0.00266879498,-0.00266879498,905.018408,151.94553,0.0185420874,14.4003799,0.00175729824,21.8700843,0.0026688352,-1.8404e-07,0.0,0.0,47.1203933,-0.112247102,0.0,-1267.02542,1.21493034,905.018408,0.0,0.0
1612.0,0.0,-1261.59992,0.03111646,0.03111646,-0.0041109375,-0.0041109375,-0.00264642165,-0.00264642165,901.143048,151.94553,0.018443807,14.3387165,0.00174049888,21.8023012,0.00264646146,-1.8404e-07,0.0,0.0,46.9186201,-0.1119452161,0.0,-1261.59992,1.20972756,901.143048,0.0,0.0
1612.5,0.0,-1256.18901,0.0310331311,0.0310331311,-0.00408234416,-0.00408234416,-0.00262425279,-0.00262425279,897.278092,151.94553,0.0183463252,14.27721905,0.00172387428,21.73454,0.00262429229,-1.8404e-07,0.0,0.0,46.7173893,-0.1116454301,0.0,-1256.18901,1.20453873,897.278092,0.0,0.0
1613.0,0.0,-1250.79257,0.0309503817,0.0309503817,-0.00405396798,-0.00405396798,-0.00260228604,-0.00260228604,893.423482,151.94553,0.0182496327,14.2158854,0.00170742219,21.6667992,0.00260232508,-1.8404e-07,0.0,0.0,46.5166959,-0.1113477287,0.0,-1250.79257,1.19936378,893.423482,0.0,0.0
1613.5,0.0,-1245.41045,0.030868207,0.030868207,-0.00402580687,-0.00402580687,-0.00258051903,-0.00258051903,889.579125,151.94553,0.0181537227,14.15471515,0.00169114055,21.5990784,0.00258055779,-1.8404e-07,0.0,0.0,46.316537,-0.1110520974,0.0,-1245.41045,1.19420262,889.579125,0.0,0.0
1614.0,0.0,-1240.0426,0.0307866029,0.0307866029,-0.00399785838,-0.00399785838,-0.00255894946,-0.00255894946,885.744951,151.94553,0.0180585857,14.09370635,0.00167502713,21.5313774,0.00255898788,-1.8404e-07,0.0,0.0,46.116908,-0.1107585161,0.0,-1240.0426,1.18905514,885.744951,0.0,0.0
1614.5,0.0,-1234.68892,0.0307055656,0.0307055656,-0.00397012047,-0.00397012047,-0.00253757509,-0.00253757509,881.920891,151.94553,0.0179642148,14.03285955,0.00165907986,21.4636962,0.0025376132,-1.8404e-07,0.0,0.0,45.9178051,-0.1104669734,0.0,-1234.68892,1.18392119,881.920891,0.0,0.0
1615.0,0.0,-1229.34931,0.03062509,0.03062509,-0.00394259063,-0.00394259063,-0.00251639372,-0.00251639372,878.106869,151.94553,0.017870602,13.97217175,0.00164329672,21.3960336,0.00251643145,-1.8404e-07,0.0,0.0,45.719226,-0.1101774516,0.0,-1229.34931,1.1788008,878.106869,0.0,0.0
1615.5,0.0,-1224.02365,0.0305451724,0.0305451724,-0.00391526726,-0.00391526726,-0.0024954032,-0.0024954032,874.302824,151.94553,0.0177777392,13.91164305,0.00162767552,21.3283884,0.00249544052,-1.8404e-07,0.0,0.0,45.5211658,-0.1098899384,0.0,-1224.02365,1.17369377,874.302824,0.0,0.0
1616.0,0.0,-1218.71185,0.0304658077,0.0304658077,-0.00388814767,-0.00388814767,-0.00247460117,-0.00247460117,870.508694,151.94553,0.0176856183,13.8512718,0.00161221437,21.2607611,0.0024746382,-1.8404e-07,0.0,0.0,45.3236212,-0.1096044126,0.0,-1218.71185,1.16860003,870.508694,0.0,0.0
1616.5,0.0,-1213.41383,0.030386993,0.030386993,-0.00386123016,-0.00386123016,-0.00245398565,-0.00245398565,866.724375,151.94553,0.017594233,13.7910571,0.00159691125,21.1931504,0.00245402237,-1.8404e-07,0.0,0.0,45.1265889,-0.1093208667,0.0,-1213.41383,1.16351952,866.724375,0.0,0.0
1617.0,0.0,-1208.12946,0.0303087239,0.0303087239,-0.00383451244,-0.00383451244,-0.00243355454,-0.00243355454,862.949849,151.94553,0.0175035749,13.7309981,0.0015817642,21.1255566,0.0024335909,-1.8404e-07,0.0,0.0,44.9300651,-0.1090392836,0.0,-1208.12946,1.15845211,862.949849,0.0,0.0
1617.5,0.0,-1202.85872,0.0302309956,0.0302309956,-0.00380799254,-0.00380799254,-0.00241330557,-0.00241330557,859.185011,151.94553,0.0174136363,13.67109295,0.00156677128,21.0579785,0.00241334161,-1.8404e-07,0.0,0.0,44.7340473,-0.1087596479,0.0,-1202.85872,1.15339774,859.185011,0.0,0.0
1618.0,0.0,-1197.60147,0.0301538054,0.0301538054,-0.00378166847,-0.00378166847,-0.0023932369,-0.0023932369,855.429832,151.94553,0.0173244109,13.6113415,0.00155193055,20.9904153,0.00239327262,-1.8404e-07,0.0,0.0,44.5385301,-0.1084819445,0.0,-1197.60147,1.14835633,855.429832,0.0,0.0
1618.5,0.0,-1192.35754,0.0300771479,0.0300771479,-0.00375553817,-0.00375553817,-0.00237334637,-0.00237334637,851.684194,151.94553,0.0172358911,13.5517421,0.00153724023,20.9228678,0.00237338174,-1.8404e-07,0.0,0.0,44.3435108,-0.10820616,0.0,-1192.35754,1.14332779,851.684194,0.0,0.0
1619.0,0.0,-1187.12699,0.0300010202,0.0300010202,-0.00372959968,-0.00372959968,-0.00235363198,-0.00235363198,847.948075,151.94553,0.0171480694,13.4922941,0.00152269842,20.8553335,0.00235366704,-1.8404e-07,0.0,0.0,44.1489876,-0.1079322801,0.0,-1187.12699,1.13831196,847.948075,0.0,0.0
1619.5,0.0,-1181.90961,0.0299254183,0.0299254183,-0.00370385109,-0.00370385109,-0.0023340918,-0.0023340918,844.221384,151.94553,0.0170609387,13.43299625,0.0015083033,20.7878137,0.00233412655,-1.8404e-07,0.0,0.0,43.9549552,-0.1076602926,0.0,-1181.90961,1.13330881,844.221384,0.0,0.0
1620.0,0.0,-1176.70537,0.0298503379,0.0298503379,-0.00367829031,-0.00367829031,-0.00231472387,-0.00231472387,840.504053,151.94553,0.0169744929,13.3738472,0.00149405309,20.7203074,0.00231475833,-1.8404e-07,0.0,0.0,43.7614095,-0.1073901821,0.0,-1176.70537,1.12831824,840.504053,0.0,0.0
1620.5,0.0,-1171.51414,0.0297757757,0.0297757757,-0.00365291553,-0.00365291553,-0.00229552616,-0.00229552616,836.796038,151.94553,0.016888724,13.3148464,0.00147994598,20.6528129,0.00229556035,-1.8404e-07,0.0,0.0,43.5683502,-0.1071219346,0.0,-1171.51414,1.12334016,836.796038,0.0,0.0
1621.0,0.0,-1166.33586,0.0297017275,0.0297017275,-0.00362772498,-0.00362772498,-0.00227649691,-0.00227649691,833.09726,151.94553,0.0168036254,13.2559924,0.00146598028,20.585331,0.00227653081,-1.8404e-07,0.0,0.0,43.3757705,-0.106855537,0.0,-1166.33586,1.11837451,833.09726,0.0,0.0
1621.5,0.0,-1161.17042,0.02962819,0.02962819,-0.00360271659,-0.00360271659,-0.00225763411,-0.00225763411,829.407653,151.94553,0.0167191915,13.1972849,0.00145215424,20.5178603,0.00225766774,-1.8404e-07,0.0,0.0,43.1836686,-0.106590975,0.0,-1161.17042,1.11342122,829.407653,0.0,0.0
1622.0,0.0,-1156.01775,0.0295551592,0.0295551592,-0.00357788855,-0.00357788855,-0.00223893606,-0.00223893606,825.727175,151.94553,0.0166354155,13.138722,0.00143846615,20.4504015,0.00223896936,-1.8404e-07,0.0,0.0,42.9920424,-0.106328239,0.0,-1156.01775,1.10848011,825.727175,0.0,0.0
1622.5,0.0,-1150.87776,0.0294826317,0.0294826317,-0.00355323915,-0.00355323915,-0.00222040079,-0.00222040079,822.055749,151.94553,0.0165522898,13.0803034,0.00142491435,20.3829522,0.0022204338,-1.8404e-07,0.0,0.0,42.8008865,-0.1060673102,0.0,-1150.87776,1.10355116,822.055749,0.0,0.0
1623.0,0.0,-1145.75035,0.0294106031,0.0294106031,-0.00352876662,-0.00352876662,-0.00220202655,-0.00220202655,818.393298,151.94553,0.0164698081,13.0220275,0.00141149721,20.3155139,0.00220205924,-1.8404e-07,0.0,0.0,42.6101983,-0.1058081795,0.0,-1145.75035,1.09863431,818.393298,0.0,0.0
1623.5,0.0,-1140.63545,0.029339071,0.029339071,-0.00350446897,-0.00350446897,-0.00218381158,-0.00218381158,814.739795,151.94553,0.0163879645,12.9638941,0.00139821308,20.248084,0.00218384403,-1.8404e-07,0.0,0.0,42.4199769,-0.1055508337,0.0,-1140.63545,1.09372943,814.739795,0.0,0.0
1624.0,0.0,-1135.53293,0.0292680308,0.0292680308,-0.00348034457,-0.00348034457,-0.00216575409,-0.00216575409,811.095136,151.94553,0.0163067527,12.90590165,0.00138506036,20.1806638,0.00216578627,-1.8404e-07,0.0,0.0,42.2302159,-0.1052952589,0.0,-1135.53293,1.08883648,811.095136,0.0,0.0
1624.5,0.0,-1130.44274,0.0291974803,0.0291974803,-0.00345639167,-0.00345639167,-0.00214785236,-0.00214785236,807.459307,151.94553,0.0162261665,12.84804915,0.00137203752,20.1132515,0.00214788426,-1.8404e-07,0.0,0.0,42.040913,-0.1050414432,0.0,-1130.44274,1.08395535,807.459307,0.0,0.0
1625.0,0.0,-1125.36482,0.0291274146,0.0291274146,-0.00343260849,-0.00343260849,-0.00213010468,-0.00213010468,803.832206,151.94553,0.0161461994,12.790336,0.00135914293,20.0458471,0.00213013629,-1.8404e-07,0.0,0.0,41.8520652,-0.1047893715,0.0,-1125.36482,1.07908595,803.832206,0.0,0.0
1625.5,0.0,-1120.299,0.0290578311,0.0290578311,-0.0034089934,-0.0034089934,-0.00211250931,-0.00211250931,800.21381,151.94553,0.0160668452,12.7327609,0.00134637506,19.9784505,0.00211254061,-1.8404e-07,0.0,0.0,41.6636705,-0.1045390386,0.0,-1120.299,1.07422823,800.21381,0.0,0.0
1626.0,0.0,-1115.24533,0.028988726,0.028988726,-0.00338554474,-0.00338554474,-0.00209506456,-0.00209506456,796.60402,151.94553,0.0159880984,12.675323,0.00133373245,19.9110595,0.00209509573,-1.8404e-07,0.0,0.0,41.475724,-0.1042904256,0.0,-1115.24533,1.06938206,796.60402,0.0,0.0
1626.5,0.0,-1110.20364,0.0289200967,0.0289200967,-0.00336226068,-0.00336226068,-0.00207776889,-0.00207776889,793.002779,151.94553,0.0159099525,12.61802115,0.00132121353,19.843676,0.00207779971,-1.8404e-07,0.0,0.0,41.288225,-0.104043521,0.0,-1110.20364,1.06454742,793.002779,0.0,0.0
1627.0,0.0,-1105.17381,0.028851939,0.028851939,-0.00333913979,-0.00333913979,-0.00206062064,-0.00206062064,789.41008,151.94553,0.0158324022,12.56085515,0.00130881689,19.7762977,0.00206065114,-1.8404e-07,0.0,0.0,41.1011678,-0.1037983156,0.0,-1105.17381,1.05972418,789.41008,0.0,0.0
1627.5,0.0,-1100.15586,0.02878425,0.02878425,-0.00331618029,-0.00331618029,-0.00204361802,-0.00204361802,785.825801,151.94553,0.0157554415,12.5038236,0.00129654105,19.708924,0.00204364839,-1.8404e-07,0.0,0.0,40.9145495,-0.103554795,0.0,-1100.15586,1.05491233,785.825801,0.0,0.0
1628.0,0.0,-1095.14964,0.0287170262,0.0287170262,-0.00329338064,-0.00329338064,-0.00202675973,-0.00202675973,782.249922,151.94553,0.0156790646,12.4469249,0.00128438461,19.6415555,0.00202678977,-1.8404e-07,0.0,0.0,40.7283696,-0.1033129484,0.0,-1095.14964,1.05011173,782.249922,0.0,0.0
1628.5,0.0,-1090.15507,0.0286502648,0.0286502648,-0.00327073922,-0.00327073922,-0.00201004406,-0.00201004406,778.682374,151.94553,0.0156032661,12.39015945,0.00127234613,19.5741912,0.00201007387,-1.8404e-07,0.0,0.0,40.542623,-0.1030727653,0.0,-1090.15507,1.0453223,778.682374,0.0,0.0
1629.0,0.0,-1085.17207,0.028583962,0.028583962,-0.00324825444,-0.00324825444,-0.00199346941,-0.00199346941,775.12311,151.94553,0.0155278161,12.3335253,0.00126040604,19.5071114,0.00199349891,-1.8404e-07,0.0,0.0,40.3573073,-0.102834234,0.0,-1085.17207,1.04054395,775.12311,0.0,0.0
1629.5,0.0,-1080.20063,0.0285181202,0.0285181202,-0.00322592537,-0.00322592537,-0.00197703465,-0.00197703465,771.572078,151.94553,0.01544743815,12.2770221,0.00124813755,19.4469552,0.00197706396,-1.8404e-07,0.0,0.0,40.1724192,-0.1025973611,0.0,-1080.20063,1.03577669,771.572078,0.0,0.0
1630.0,0.0,-1075.24056,0.0284527334,0.0284527334,-0.00320375009,-0.00320375009,-0.00196073811,-0.00196073811,768.029167,151.94553,0.01536535805,12.22064845,0.00123580485,19.3896824,0.00196076711,-1.8404e-07,0.0,0.0,39.987956,-0.102362119,0.0,-1075.24056,1.03102039,768.029167,0.0,0.0
1630.5,0.0,-1070.29187,0.0283877957,0.0283877957,-0.00318172684,-0.00318172684,-0.00194457803,-0.00194457803,764.494381,151.94553,0.01528391045,12.16440425,0.00122359663,19.3323516,0.00194460684,-1.8404e-07,0.0,0.0,39.8039158,-0.1021284994,0.0,-1070.29187,1.02627496,764.494381,0.0,0.0
1631.0,0.0,-1065.35444,0.028323304,0.028323304,-0.00315985405,-0.00315985405,-0.00192855301,-0.00192855301,760.967635,151.94553,0.01520308915,12.1082878,0.00121151146,19.2749623,0.00192858159,-1.8404e-07,0.0,0.0,39.6202933,-0.1018964828,0.0,-1065.35444,1.02154031,760.967635,0.0,0.0
1631.5,0.0,-1060.42821,0.0282592563,0.0282592563,-0.00313813041,-0.00313813041,-0.00191266165,-0.00191266165,757.448889,151.94553,0.0151228881,12.0522986,0.00119954784,19.2175135,0.00191268996,-1.8404e-07,0.0,0.0,39.4370875,-0.1016660615,0.0,-1060.42821,1.01681644,757.448889,0.0,0.0
1632.0,0.0,-1055.51303,0.0281956481,0.0281956481,-0.00311655427,-0.00311655427,-0.00189690241,-0.00189690241,753.938083,151.94553,0.0150433014,11.99643585,0.00118770433,19.1600051,0.00189693046,-1.8404e-07,0.0,0.0,39.254295,-0.101437226,0.0,-1055.51303,1.01210324,753.938083,0.0,0.0
1632.5,0.0,-1050.60899,0.028132478,0.028132478,-0.00309512421,-0.00309512421,-0.00188127392,-0.00188127392,750.435176,151.94553,0.0149643225,11.94069815,0.00117597947,19.102436,0.00188130174,-1.8404e-07,0.0,0.0,39.0719123,-0.1012099598,0.0,-1050.60899,1.00740058,750.435176,0.0,0.0
1633.0,0.0,-1045.71587,0.0280697415,0.0280697415,-0.00307383883,-0.00307383883,-0.00186577474,-0.00186577474,746.940074,151.94553,0.0148859459,11.88508535,0.00116437186,19.0448061,0.00186580236,-1.8404e-07,0.0,0.0,38.8899383,-0.1009842581,0.0,-1045.71587,1.00270846,746.940074,0.0,0.0
1633.5,0.0,-1040.83362,0.0280074367,0.0280074367,-0.00305269674,-0.00305269674,-0.0018504036,-0.0018504036,743.452755,151.94553,0.0148081655,11.82959605,0.00115288006,18.9871151,0.00185043095,-1.8404e-07,0.0,0.0,38.7083685,-0.1007601106,0.0,-1040.83362,0.998026794,743.452755,0.0,0.0
1634.0,0.0,-1035.9622,0.0279455606,0.0279455606,-0.00303169648,-0.00303169648,-0.001835159,-0.001835159,739.973166,151.94553,0.01473097535,11.77423,0.00114150276,18.929362,0.00183518616,-1.8404e-07,0.0,0.0,38.5272017,-0.100537503,0.0,-1035.9622,0.993355492,739.973166,0.0,0.0
1634.5,0.0,-1031.10149,0.02788411,0.02788411,-0.00301083662,-0.00301083662,-0.00182003968,-0.00182003968,736.501224,151.94553,0.01465436965,11.7189858,0.00113023857,18.8715465,0.0018200666,-1.8404e-07,0.0,0.0,38.3464329,-0.100316425,0.0,-1031.10149,0.988694461,736.501224,0.0,0.0
1635.0,0.0,-1026.25147,0.0278230824,0.0278230824,-0.00299011585,-0.00299011585,-0.00180504426,-0.00180504426,733.036941,151.94553,0.0145783432,11.66386275,0.00111908615,18.8136674,0.00180507097,-1.8404e-07,0.0,0.0,38.1660613,-0.1000968718,0.0,-1026.25147,0.984043694,733.036941,0.0,0.0
1635.5,0.0,-1021.412021,0.0277624742,0.0277624742,-0.00296953279,-0.00296953279,-0.00179017142,-0.00179017142,729.580181,151.94553,0.0145028895,11.60886025,0.00110804414,18.7557252,0.00179019796,-1.8404e-07,0.0,0.0,37.9860839,-0.0998788266,0.0,-1021.412021,0.979403063,729.580181,0.0,0.0
1636.0,0.0,-1016.583108,0.0277022843,0.0277022843,-0.00294908606,-0.00294908606,-0.00177541988,-0.00177541988,726.130965,151.94553,0.0144280037,11.5539768,0.00109711133,18.6977183,0.00177544621,-1.8404e-07,0.0,0.0,37.8064975,-0.099662285,0.0,-1016.583108,0.974772532,726.130965,0.0,0.0
1636.5,0.0,-1011.764616,0.0276425082,0.0276425082,-0.0029287744,-0.0029287744,-0.00176078842,-0.00176078842,722.689187,151.94553,0.0143536804,11.4992125,0.00108628634,18.6396471,0.00176081447,-1.8404e-07,0.0,0.0,37.6272994,-0.0994472319,0.0,-1011.764616,0.970152012,722.689187,0.0,0.0
1637.0,0.0,-1006.956518,0.0275831439,0.0275831439,-0.00290859641,-0.00290859641,-0.00174627565,-0.00174627565,719.254836,151.94553,0.0142799133,11.444566,0.00107556792,18.5815102,0.00174630149,-1.8404e-07,0.0,0.0,37.4484872,-0.0992336623,0.0,-1006.956518,0.965541435,719.254836,0.0,0.0
1637.5,0.0,-1002.158709,0.0275241882,0.0275241882,-0.00288855079,-0.00288855079,-0.00173188038,-0.00173188038,715.82783,151.94553,0.0142066977,11.39003645,0.00106495489,18.5233076,0.00173190601,-1.8404e-07,0.0,0.0,37.2700578,-0.0990215644,0.0,-1002.158709,0.960940771,715.82783,0.0,0.0
1638.0,0.0,-997.371126,0.0274656399,0.0274656399,-0.00286863632,-0.00286863632,-0.00171760138,-0.00171760138,712.408119,151.94553,0.01413402825,11.3356233,0.00105444594,18.4650381,0.00171762681,-1.8404e-07,0.0,0.0,37.0920087,-0.0988109255,0.0,-997.371126,0.956349895,712.408119,0.0,0.0
1638.5,0.0,-992.593713,0.0274074939,0.0274074939,-0.00284885172,-0.00284885172,-0.00170343738,-0.00170343738,708.995684,151.94553,0.0140618993,11.2813255,0.00104403983,18.4067012,0.00170346264,-1.8404e-07,0.0,0.0,36.9143383,-0.0986017411,0.0,-992.593713,0.951768767,708.995684,0.0,0.0
1639.0,0.0,-987.826401,0.0273497501,0.0273497501,-0.00282919558,-0.00282919558,-0.00168938723,-0.00168938723,705.590455,151.94553,0.01399030625,11.2271425,0.00103373545,18.3482976,0.00168941228,-1.8404e-07,0.0,0.0,36.7370418,-0.0983939971,0.0,-987.826401,0.947197315,705.590455,0.0,0.0
1639.5,0.0,-983.069095,0.0272924039,0.0272924039,-0.00280966676,-0.00280966676,-0.00167544972,-0.00167544972,702.192384,151.94553,0.01391924345,11.17307325,0.00102353155,18.2898252,0.00167547457,-1.8404e-07,0.0,0.0,36.5601196,-0.0981876893,0.0,-983.069095,0.942635465,702.192384,0.0,0.0
1640.0,0.0,-978.321739,0.0272354543,0.0272354543,-0.00279026407,-0.00279026407,-0.00166162365,-0.00166162365,698.801411,151.94553,0.0138487061,11.1191174,0.00101342698,18.2312835,0.00166164829,-1.8404e-07,0.0,0.0,36.383566,-0.0979828061,0.0,-978.321739,0.938083185,698.801411,0.0,0.0
1640.5,0.0,-973.584273,0.0271788978,0.0271788978,-0.00277098625,-0.00277098625,-0.00164790789,-0.00164790789,695.417478,151.94553,0.0137786891,11.06527375,0.00100342057,18.1726729,0.00164793231,-1.8404e-07,0.0,0.0,36.2073804,-0.0977793346,0.0,-973.584273,0.933540367,695.417478,0.0,0.0
1641.0,0.0,-968.85661,0.0271227322,0.0271227322,-0.00275183202,-0.00275183202,-0.00163425669,-0.00163425669,692.040589,151.94553,0.01370881885,11.0115415,0.00099348459,18.1139926,0.00163428164,-1.8404e-07,0.0,0.0,36.0315603,-0.0975772743,0.0,-968.85661,0.92900697,692.040589,0.0,0.0
1641.5,0.0,-964.138689,0.027066962,0.027066962,-0.002732801,-0.002732801,-0.00161981322,-0.00161981322,688.670668,151.94553,0.0136318865,10.9579202,0.00098309883,18.0552413,0.00161983956,-1.8404e-07,0.0,0.0,35.8561021,-0.0973766326,0.0,-964.138689,0.924482902,688.670668,0.0,0.0
1642.0,0.0,-959.430464,0.0270115801,0.0270115801,-0.00271389144,-0.00271389144,-0.00160514352,-0.00160514352,685.30763,151.94553,0.01355258405,10.9044087,0.000972606821,17.9964187,0.00160516968,-1.8404e-07,0.0,0.0,35.6810038,-0.0971773902,0.0,-959.430464,0.91996812,685.30763,0.0,0.0
1642.5,0.0,-954.731841,0.0269565817,0.0269565817,-0.00269510201,-0.00269510201,-0.00159059995,-0.00159059995,681.951466,151.94553,0.0134738832,10.8510059,0.000962223363,17.937524,0.00159062587,-1.8404e-07,0.0,0.0,35.5062631,-0.0969795255,0.0,-954.731841,0.915462582,681.951466,0.0,0.0
1643.0,0.0,-950.042754,0.0269019642,0.0269019642,-0.00267643139,-0.00267643139,-0.00157618117,-0.00157618117,678.602122,151.94553,0.0133957789,10.7977126,0.000951947134,17.8785573,0.00157620683,-1.8404e-07,0.0,0.0,35.3318775,-0.0967830315,0.0,-950.042754,0.910966182,678.602122,0.0,0.0
1643.5,0.0,-945.363144,0.0268477247,0.0268477247,-0.00265787855,-0.00265787855,-0.00156188578,-0.00156188578,675.259564,151.94553,0.0133182648,10.7445262,0.000941776901,17.8195175,0.00156191125,-1.8404e-07,0.0,0.0,35.1578434,-0.0965879004,0.0,-945.363144,0.906478877,675.259564,0.0,0.0
1644.0,0.0,-940.69296,0.0267938618,0.0267938618,-0.00263944235,-0.00263944235,-0.00154771258,-0.00154771258,671.923704,151.94553,0.0132413352,10.6914476,0.000931711369,17.7604043,0.00154773782,-1.8404e-07,0.0,0.0,34.9841599,-0.0963941187,0.0,-940.69296,0.902000612,671.923704,0.0,0.0
1644.5,0.0,-936.032128,0.0267403722,0.0267403722,-0.00262112165,-0.00262112165,-0.00153366023,-0.00153366023,668.594524,151.94553,0.0131649848,10.6384744,0.000921749304,17.7012163,0.00153368522,-1.8404e-07,0.0,0.0,34.8108239,-0.0962016836,0.0,-936.032128,0.897531286,668.594524,0.0,0.0
1645.0,0.0,-931.38055,0.0266872539,0.0266872539,-0.00260291526,-0.00260291526,-0.00151972746,-0.00151972746,665.27198,151.94553,0.0130892073,10.5856071,0.000911889518,17.641954,0.00151975227,-1.8404e-07,0.0,0.0,34.6378334,-0.096010584,0.0,-931.38055,0.893070864,665.27198,0.0,0.0
1645.5,0.0,-926.73822,0.0266345048,0.0266345048,-0.00258482217,-0.00258482217,-0.00150591299,-0.00150591299,661.956005,151.94553,0.01301399755,10.5328445,0.000902130783,17.5826158,0.00150593763,-1.8404e-07,0.0,0.0,34.4651856,-0.0958208131,0.0,-926.73822,0.888619301,661.956005,0.0,0.0
1646.0,0.0,-922.104998,0.0265821224,0.0265821224,-0.00256684124,-0.00256684124,-0.00149221567,-0.00149221567,658.646596,151.94553,0.01293934975,10.4801859,0.000892471903,17.523202,0.00149224008,-1.8404e-07,0.0,0.0,34.2928779,-0.0956323611,0.0,-922.104998,0.884176511,658.646596,0.0,0.0
1646.5,0.0,-917.480916,0.0265301046,0.0265301046,-0.00254897144,-0.00254897144,-0.0014786342,-0.0014786342,655.343656,151.94553,0.0128652588,10.4276306,0.00088291173,17.4637112,0.00147865839,-1.8404e-07,0.0,0.0,34.1209089,-0.0954452205,0.0,-917.480916,0.879742433,655.343656,0.0,0.0
1647.0,0.0,-912.865824,0.0264784491,0.0264784491,-0.00253121169,-0.00253121169,-0.00146516734,-0.00146516734,652.04716,151.94553,0.01279171925,10.37517795,0.000873449058,17.4041434,0.00146519133,-1.8404e-07,0.0,0.0,33.9492756,-0.0952593806,0.0,-912.865824,0.87531701,652.04716,0.0,0.0
1647.5,0.0,-908.259717,0.0264271537,0.0264271537,-0.00251356084,-0.00251356084,-0.00145181396,-0.00145181396,648.757095,151.94553,0.0127187255,10.3228274,0.000864082811,17.3444972,0.00145183774,-1.8404e-07,0.0,0.0,33.7779753,-0.0950748394,0.0,-908.259717,0.870900199,648.757095,0.0,0.0
1648.0,0.0,-903.662493,0.0263762161,0.0263762161,-0.00249601798,-0.00249601798,-0.00143857286,-0.00143857286,645.473375,151.94553,0.0126462724,10.2705775,0.000854811799,17.2847726,0.00143859644,-1.8404e-07,0.0,0.0,33.6070057,-0.094891588,0.0,-903.662493,0.866491922,645.473375,0.0,0.0
1648.5,0.0,-899.07413,0.0263256334,0.0263256334,-0.00247858208,-0.00247858208,-0.00142544286,-0.00142544286,642.195944,151.94553,0.0125743549,10.21842805,0.000845634972,17.2249688,0.00142546624,-1.8404e-07,0.0,0.0,33.4363642,-0.094709609,0.0,-899.07413,0.862092109,642.195944,0.0,0.0
1649.0,0.0,-894.494533,0.0262754054,0.0262754054,-0.00246125194,-0.00246125194,-0.00141242282,-0.00141242282,638.924798,151.94553,0.01250296755,10.16637895,0.000836551185,17.1650851,0.001412446,-1.8404e-07,0.0,0.0,33.266051,-0.0945289049,0.0,-894.494533,0.857700722,638.924798,0.0,0.0
1649.5,0.0,-889.923629,0.0262255279,0.0262255279,-0.00244402672,-0.00244402672,-0.00139951157,-0.00139951157,635.659884,151.94553,0.0124321056,10.11442865,0.000827559366,17.1051209,0.00139953457,-1.8404e-07,0.0,0.0,33.0960601,-0.0943494654,0.0,-889.923629,0.853317699,635.659884,0.0,0.0
1650.0,0.0,-885.361418,0.0261760001,0.0261760001,-0.00242690535,-0.00242690535,-0.00138670801,-0.00138670801,632.401152,151.94553,0.0123617635,10.0625763,0.00081865846,17.045076,0.00138673083,-1.8404e-07,0.0,0.0,32.9263917,-0.094171282,0.0,-885.361418,0.848942985,632.401152,0.0,0.0
1650.5,0.0,-880.807763,0.026126819,0.026126819,-0.00240988682,-0.00240988682,-0.00137401103,-0.00137401103,629.148559,151.94553,0.0122919371,10.010822,0.000809847402,16.9849488,0.00137403367,-1.8404e-07,0.0,0.0,32.7570439,-0.093994347,0.0,-880.807763,0.84457649,629.148559,0.0,0.0
1651.0,0.0,-876.262674,0.0260779827,0.0260779827,-0.00239297015,-0.00239297015,-0.00136141951,-0.00136141951,625.902039,151.94553,0.01222262105,9.9591647,0.000801125184,16.9247396,0.00136144199,-1.8404e-07,0.0,0.0,32.5880119,-0.093818654,0.0,-876.262674,0.840218202,625.902039,0.0,0.0
1651.5,0.0,-871.726047,0.0260294903,0.0260294903,-0.00237615432,-0.00237615432,-0.00134893242,-0.00134893242,622.661605,151.94553,0.0121538101,9.9076038,0.000792490732,16.8644475,0.00134895468,-1.8404e-07,0.0,0.0,32.4192954,-0.0936441956,0.0,-871.726047,0.835868039,622.661605,0.0,0.0
1652.0,0.0,-867.197826,0.0259813379,0.0259813379,-0.00235943848,-0.00235943848,-0.00133654863,-0.00133654863,619.427163,151.94553,0.0120854997,9.85613825,0.000783943077,16.8040716,0.00133657068,-1.8404e-07,0.0,0.0,32.2508923,-0.0934709625,0.0,-867.197826,0.83152594,619.427163,0.0,0.0
1652.5,0.0,-862.677966,0.0259335251,0.0259335251,-0.00234282163,-0.00234282163,-0.00132426708,-0.00132426708,616.198692,151.94553,0.01201768545,9.8047676,0.00077548121,16.7436115,0.00132428898,-1.8404e-07,0.0,0.0,32.0828008,-0.0932989484,0.0,-862.677966,0.827191858,616.198692,0.0,0.0
1653.0,0.0,-858.166428,0.0258860489,0.0258860489,-0.0023263028,-0.0023263028,-0.00131208676,-0.00131208676,612.976143,151.94553,0.0119503623,9.7534915,0.000767104123,16.6830657,0.00131210845,-1.8404e-07,0.0,0.0,31.9150162,-0.093128148,0.0,-858.166428,0.822865733,612.976143,0.0,0.0
1653.5,0.0,-853.663083,0.0258389078,0.0258389078,-0.00230988105,-0.00230988105,-0.00130000662,-0.00130000662,609.75948,151.94553,0.0118835258,9.7023091,0.000758810878,16.6224345,0.00130002811,-1.8404e-07,0.0,0.0,31.7475383,-0.0929585489,0.0,-853.663083,0.818547508,609.75948,0.0,0.0
1654.0,0.0,-849.167946,0.0257920992,0.0257920992,-0.0022935554,-0.0022935554,-0.00128802559,-0.00128802559,606.548668,151.94553,0.01181717105,9.65121945,0.000750600506,16.5617172,0.00128804697,-1.8404e-07,0.0,0.0,31.5803648,-0.0927901518,0.0,-849.167946,0.814237128,606.548668,0.0,0.0
1654.5,0.0,-844.680911,0.0257456225,0.0257456225,-0.00227732511,-0.00227732511,-0.00127614276,-0.00127614276,603.34364,151.94553,0.0117512935,9.6002222,0.000742472045,16.5009131,0.00127616392,-1.8404e-07,0.0,0.0,31.4134935,-0.0926229445,0.0,-844.680911,0.809934538,603.34364,0.0,0.0
1655.0,0.0,-840.201957,0.0256994739,0.0256994739,-0.0022611891,-0.0022611891,-0.00126435702,-0.00126435702,600.144371,151.94553,0.01168588925,9.5493167,0.000734424554,16.4400208,0.00126437805,-1.8404e-07,0.0,0.0,31.2469221,-0.0924569196,0.0,-840.201957,0.805639689,600.144371,0.0,0.0
1655.5,0.0,-835.731004,0.0256536531,0.0256536531,-0.0022451465,-0.0022451465,-0.00125266747,-0.00125266747,596.950852,151.94553,0.0116209532,9.49850205,0.000726457153,16.3790402,0.00125268832,-1.8404e-07,0.0,0.0,31.0806482,-0.0922920744,0.0,-835.731004,0.801352526,596.950852,0.0,0.0
1656.0,0.0,-831.267999,0.0256081578,0.0256081578,-0.00222919645,-0.00222919645,-0.00124107311,-0.00124107311,593.76299,151.94553,0.01155648105,9.4477775,0.000718568894,16.3179711,0.00124109374,-1.8404e-07,0.0,0.0,30.9146698,-0.092128397,0.0,-831.267999,0.797072957,593.76299,0.0,0.0
1656.5,0.0,-826.812887,0.0255629854,0.0255629854,-0.00221333813,-0.00221333813,-0.00122957294,-0.00122957294,590.580765,151.94553,0.0114924689,9.3971431,0.000710758911,16.2568119,0.00122959344,-1.8404e-07,0.0,0.0,30.7489859,-0.0919658845,0.0,-826.812887,0.792800989,590.580765,0.0,0.0
1657.0,0.0,-822.365617,0.0255181347,0.0255181347,-0.00219757055,-0.00219757055,-0.00121816607,-0.00121816607,587.404153,151.94553,0.0114289119,9.3465977,0.000703026304,16.1955624,0.00121818641,-1.8404e-07,0.0,0.0,30.5835929,-0.0918045289,0.0,-822.365617,0.788536526,587.404153,0.0,0.0
1657.5,0.0,-817.926133,0.025473604,0.025473604,-0.00218189289,-0.00218189289,-0.00120685151,-0.00120685151,584.233083,151.94553,0.0113658058,9.2961405,0.000695370212,16.134222,0.00120687165,-1.8404e-07,0.0,0.0,30.4184891,-0.0916443229,0.0,-817.926133,0.78427953,584.233083,0.0,0.0
1658.0,0.0,-813.49436,0.0254293911,0.0254293911,-0.00216630437,-0.00216630437,-0.0011956284,-0.0011956284,581.067542,151.94553,0.01130246155,9.2457715,0.000687748092,16.0737653,0.0011956484,-1.8404e-07,0.0,0.0,30.2536728,-0.0914852649,0.0,-813.49436,0.780029948,581.067542,0.0,0.0
1658.5,0.0,-809.070284,0.0253855019,0.0253855019,-0.00215080456,-0.00215080456,-0.00118449605,-0.00118449605,577.907463,151.94553,0.0112320445,9.1954895,0.000679746522,16.0239411,0.00118451586,-1.8404e-07,0.0,0.0,30.0891417,-0.0913273661,0.0,-809.070284,0.775787731,577.907463,0.0,0.0
1659.0,0.0,-804.653796,0.0253419285,0.0253419285,-0.00213539237,-0.00213539237,-0.00117345339,-0.00117345339,574.752843,151.94553,0.0111600972,9.1452941,0.000671705631,15.97689535,0.00117347305,-1.8404e-07,0.0,0.0,29.9248935,-0.0911706061,0.0,-804.653796,0.771552797,574.752843,0.0,0.0
1659.5,0.0,-800.244886,0.0252986678,0.0252986678,-0.00212006663,-0.00212006663,-0.00116249935,-0.00116249935,571.603616,151.94553,0.01108868115,9.09518425,0.000663750327,15.9296913,0.00116251886,-1.8404e-07,0.0,0.0,29.7609273,-0.0910149682,0.0,-800.244886,0.767325108,571.603616,0.0,0.0
1660.0,0.0,-795.843472,0.0252557175,0.0252557175,-0.00210482661,-0.00210482661,-0.00115163313,-0.00115163313,568.459747,151.94553,0.0110177908,9.0451602,0.000655879612,15.882328,0.00115165246,-1.8404e-07,0.0,0.0,29.5972395,-0.09086045,0.0,-795.843472,0.763104639,568.459747,0.0,0.0
1660.5,0.0,-791.44952,0.0252130763,0.0252130763,-0.00208967142,-0.00208967142,-0.00114085378,-0.00114085378,565.321205,151.94553,0.0109474212,8.99522065,0.000648092498,15.8348041,0.00114087299,-1.8404e-07,0.0,0.0,29.4338295,-0.0907070435,0.0,-791.44952,0.75889131,565.321205,0.0,0.0
1661.0,0.0,-787.062944,0.0251707425,0.0251707425,-0.00207460031,-0.00207460031,-0.00113016046,-0.00113016046,562.187934,151.94553,0.0108775675,8.9453652,0.00064038804,15.7871189,0.00113017949,-1.8404e-07,0.0,0.0,29.2706941,-0.0905547409,0.0,-787.062944,0.754685103,562.187934,0.0,0.0
1661.5,0.0,-782.683724,0.0251287136,0.0251287136,-0.00205961248,-0.00205961248,-0.0011195523,-0.0011195523,559.059922,151.94553,0.01080822445,8.89559305,0.000632765252,15.73927025,0.00111957122,-1.8404e-07,0.0,0.0,29.1078317,-0.0904035389,0.0,-782.683724,0.750485906,559.059922,0.0,0.0
1662.0,0.0,-778.311808,0.025086989,0.025086989,-0.00204470714,-0.00204470714,-0.00110902851,-0.00110902851,555.937123,151.94553,0.0107393874,8.8459038,0.000625223201,15.6912579,0.00110904726,-1.8404e-07,0.0,0.0,28.9452411,-0.0902534286,0.0,-778.311808,0.746293734,555.937123,0.0,0.0
1662.5,0.0,-773.947108,0.0250455671,0.0250455671,-0.00202988354,-0.00202988354,-0.0010985882,-0.0010985882,552.819475,151.94553,0.010671052,8.796297,0.000617761005,15.6430803,0.00109860679,-1.8404e-07,0.0,0.0,28.7829193,-0.0901044085,0.0,-773.947108,0.742108484,552.819475,0.0,0.0
1663.0,0.0,-769.589621,0.0250044458,0.0250044458,-0.0020151407,-0.0020151407,-0.00108823055,-0.00108823055,549.706993,151.94553,0.0106032129,8.74677175,0.000610377674,15.5947358,0.00108824902,-1.8404e-07,0.0,0.0,28.6208649,-0.0899564684,0.0,-769.589621,0.737930128,549.706993,0.0,0.0
1663.5,0.0,-765.239247,0.0249636227,0.0249636227,-0.00200047804,-0.00200047804,-0.00107795476,-0.00107795476,546.599592,151.94553,0.01053586535,8.6973279,0.000603072348,15.5462237,0.00107797304,-1.8404e-07,0.0,0.0,28.4590757,-0.0898096007,0.0,-765.239247,0.733758621,546.599592,0.0,0.0
1664.0,0.0,-760.895982,0.0249230976,0.0249230976,-0.00198589484,-0.00198589484,-0.00106776001,-0.00106776001,543.497234,151.94553,0.01046900545,8.64796415,0.000595844154,15.4975425,0.00106777822,-1.8404e-07,0.0,0.0,28.2975498,-0.089663807,0.0,-760.895982,0.729593895,543.497234,0.0,0.0
1664.5,0.0,-756.55971,0.0248828679,0.0248828679,-0.00197139022,-0.00197139022,-0.00105764554,-0.00105764554,540.399925,151.94553,0.01040262795,8.5986806,0.000588692162,15.4486911,0.00105766353,-1.8404e-07,0.0,0.0,28.1362855,-0.0895190775,0.0,-756.55971,0.725435915,540.399925,0.0,0.0
1665.0,0.0,-752.23044,0.024842932,0.024842932,-0.00195696338,-0.00195696338,-0.0010476105,-0.0010476105,537.307565,151.94553,0.01033672865,8.5494763,0.000581615537,15.3996675,0.00104762839,-1.8404e-07,0.0,0.0,27.9752811,-0.0893754028,0.0,-752.23044,0.721284637,537.307565,0.0,0.0
1665.5,0.0,-747.908099,0.0248032891,0.0248032891,-0.00194261373,-0.00194261373,-0.00103765412,-0.00103765412,534.220189,151.94553,0.01027130275,8.5003505,0.00057461339,15.3504712,0.00103767186,-1.8404e-07,0.0,0.0,27.8145343,-0.0892327824,0.0,-747.908099,0.717140005,534.220189,0.0,0.0
1666.0,0.0,-743.592642,0.0247639372,0.0247639372,-0.00192834047,-0.00192834047,-0.00102777568,-0.00102777568,531.137704,151.94553,0.010206346,8.45130335,0.000567684935,15.3011007,0.00102779329,-1.8404e-07,0.0,0.0,27.6540427,-0.0890912058,0.0,-743.592642,0.713001972,531.137704,0.0,0.0
1666.5,0.0,-739.283991,0.0247248743,0.0247248743,-0.00191414283,-0.00191414283,-0.00101797436,-0.00101797436,528.06011,151.94553,0.01014185425,8.4023332,0.000560829272,15.25155485,0.00101799186,-1.8404e-07,0.0,0.0,27.4938051,-0.0889506745,0.0,-739.283991,0.70887048,528.06011,0.0,0.0
1667.0,0.0,-734.982142,0.0246860994,0.0246860994,-0.00190002016,-0.00190002016,-0.00100824943,-0.00100824943,524.987355,151.94553,0.010077823,8.3534404,0.000554045583,15.20183175,0.00100826679,-1.8404e-07,0.0,0.0,27.33382,-0.0888111776,0.0,-734.982142,0.704745491,524.987355,0.0,0.0
1667.5,0.0,-730.686992,0.0246476112,0.0246476112,-0.00188597163,-0.00188597163,-0.00099860017,-0.00099860017,521.919385,151.94553,0.01001424765,8.3046241,0.000547333093,15.1519305,0.00099861737,-1.8404e-07,0.0,0.0,27.1740849,-0.0886727116,0.0,-730.686992,0.700626959,521.919385,0.0,0.0
1668.0,0.0,-726.398534,0.024609408,0.024609408,-0.00187199667,-0.00187199667,-0.00098902585,-0.00098902585,518.856194,151.94553,0.0099511246,8.2558836,0.000540690986,15.1018496,0.00098904286,-1.8404e-07,0.0,0.0,27.0145981,-0.0885352695,0.0,-726.398534,0.696514815,518.856194,0.0,0.0
1668.5,0.0,-722.116703,0.0245714876,0.0245714876,-0.00185809449,-0.00185809449,-0.000979525661,-0.000979525661,515.797764,151.94553,0.0098884488,8.2072184,0.000534118454,15.05158755,0.000979542585,-1.8404e-07,0.0,0.0,26.8553576,-0.088398849,0.0,-722.116703,0.69240904,515.797764,0.0,0.0
1669.0,0.0,-717.841445,0.02453385,0.02453385,-0.00184426439,-0.00184426439,-0.000970098943,-0.000970098943,512.744006,151.94553,0.0098262171,8.1586281,0.000527614721,15.0011434,0.000970115743,-1.8404e-07,0.0,0.0,26.6963618,-0.0882634393,0.0,-717.841445,0.688309571,512.744006,0.0,0.0
1669.5,0.0,-713.572726,0.0244964926,0.0244964926,-0.00183050569,-0.00183050569,-0.000960744983,-0.000960744983,509.694911,151.94553,0.0097644246,8.1101118,0.000521179023,14.9505157,0.000960761655,-1.8404e-07,0.0,0.0,26.537609,-0.088129042,0.0,-713.572726,0.68421638,509.694911,0.0,0.0
1670.0,0.0,-709.310493,0.0244594136,0.0244594136,-0.00181681776,-0.00181681776,-0.000951463067,-0.000951463067,506.65045,151.94553,0.00970306725,8.0616691,0.000514810573,14.8997024,0.000951479616,-1.8404e-07,0.0,0.0,26.3790976,-0.0879956465,0.0,-709.310493,0.680129376,506.65045,0.0,0.0
1670.5,0.0,-705.054667,0.0244226131,0.0244226131,-0.00180319985,-0.00180319985,-0.000942252532,-0.000942252532,503.610582,151.94553,0.0096421415,8.01329979,0.000508508644,14.8487025,0.000942268933,-1.8404e-07,0.0,0.0,26.2208246,-0.087863251,0.0,-705.054667,0.676048559,503.610582,0.0,0.0
1671.0,0.0,-700.805239,0.0243860884,0.0243860884,-0.00178965131,-0.00178965131,-0.000933112642,-0.000933112642,500.575279,151.94553,0.00958164375,7.96500291,0.000502272494,14.79751485,0.000933128929,-1.8404e-07,0.0,0.0,26.0627892,-0.0877318515,0.0,-700.805239,0.671973868,500.575279,0.0,0.0
1671.5,0.0,-696.562146,0.0243498387,0.0243498387,-0.00177617151,-0.00177617151,-0.000924042733,-0.000924042733,497.544494,151.94553,0.00952156885,7.91677802,0.00049610137,14.7461375,0.000924058891,-1.8404e-07,0.0,0.0,25.9049896,-0.087601435,0.0,-696.562146,0.667905242,497.544494,0.0,0.0
1672.0,0.0,-692.32535,0.024313862,0.024313862,-0.00176275974,-0.00176275974,-0.000915042151,-0.000915042151,494.518203,151.94553,0.00946191395,7.86862464,0.000489994565,14.6945695,0.000915058186,-1.8404e-07,0.0,0.0,25.7474239,-0.0874720053,0.0,-692.32535,0.663842658,494.518203,0.0,0.0
1672.5,0.0,-688.094779,0.0242781575,0.0242781575,-0.00174941536,-0.00174941536,-0.000906110203,-0.000906110203,491.496373,151.94553,0.00940267435,7.82054231,0.000483951352,14.64280885,0.000906126132,-1.8404e-07,0.0,0.0,25.5900902,-0.0873435548,0.0,-688.094779,0.659786052,491.496373,0.0,0.0
1673.0,0.0,-683.870409,0.0242427238,0.0242427238,-0.00173613769,-0.00173613769,-0.000897246267,-0.000897246267,488.478965,151.94553,0.0093438468,7.77253005,0.000477971041,14.5908543,0.000897262069,-1.8404e-07,0.0,0.0,25.4329867,-0.0872160774,0.0,-683.870409,0.655735405,488.478965,0.0,0.0
1673.5,0.0,-679.652186,0.0242075593,0.0242075593,-0.00172292616,-0.00172292616,-0.000888449669,-0.000888449669,485.465951,151.94553,0.0092854276,7.72458794,0.000472052929,14.5387041,0.000888465338,-1.8404e-07,0.0,0.0,25.276112,-0.0870895678,0.0,-679.652186,0.65169063,485.465951,0.0,0.0
1674.0,0.0,-675.440064,0.024172663,0.024172663,-0.0017097801,-0.0017097801,-0.00087971975,-0.00087971975,482.457292,151.94553,0.00922741285,7.67671508,0.000466196321,14.4863575,0.00087973532,-1.8404e-07,0.0,0.0,25.119464,-0.086964024,0.0,-675.440064,0.647651707,482.457292,0.0,0.0
1674.5,0.0,-671.233991,0.0241380332,0.0241380332,-0.00169669884,-0.00169669884,-0.000871055919,-0.000871055919,479.452954,151.94553,0.0091697987,7.62891087,0.000460400543,14.43381165,0.000871071372,-1.8404e-07,0.0,0.0,24.9630413,-0.086839441,0.0,-671.233991,0.643618608,479.452954,0.0,0.0
1675.0,0.0,-667.033926,0.024103669,0.024103669,-0.00168368177,-0.00168368177,-0.000862457524,-0.000862457524,476.452907,151.94553,0.00911258185,7.58117515,0.000454664917,14.3810664,0.000862472843,-1.8404e-07,0.0,0.0,24.8068415,-0.0867158089,0.0,-667.033926,0.63959126,476.452907,0.0,0.0
1675.5,0.0,-662.839831,0.0240695681,0.0240695681,-0.00167072831,-0.00167072831,-0.00085392394,-0.00085392394,473.457118,151.94553,0.0090557583,7.53350699,0.000448988803,14.32811935,0.000853939151,-1.8404e-07,0.0,0.0,24.6508643,-0.086593129,0.0,-662.839831,0.635569618,473.457118,0.0,0.0
1676.0,0.0,-658.651643,0.0240357307,0.0240357307,-0.00165783783,-0.00165783783,-0.00084545456,-0.00084545456,470.465559,151.94553,0.0089993248,7.48590618,0.000443371534,14.2749695,0.000845469658,-1.8404e-07,0.0,0.0,24.495106,-0.0864713935,0.0,-658.651643,0.631553665,470.465559,0.0,0.0
1676.5,0.0,-654.469318,0.0240021545,0.0240021545,-0.00164500969,-0.00164500969,-0.00083704878,-0.00083704878,467.478181,151.94553,0.00894327775,7.43837191,0.000437812468,14.2216143,0.000837063756,-1.8404e-07,0.0,0.0,24.3395668,-0.0863505981,0.0,-654.469318,0.627543347,467.478181,0.0,0.0
1677.0,0.0,-650.29283,0.023968839,0.023968839,-0.00163224329,-0.00163224329,-0.000828705976,-0.000828705976,464.49497,151.94553,0.0088876139,7.39090404,0.000432310967,14.1680528,0.00082872086,-1.8404e-07,0.0,0.0,24.1842436,-0.0862307407,0.0,-650.29283,0.623538586,464.49497,0.0,0.0
1677.5,0.0,-646.122121,0.0239357816,0.0239357816,-0.00161953807,-0.00161953807,-0.000820373955,-0.000820373955,461.515886,151.94553,0.00883178045,7.34350178,0.000426839948,14.11428365,0.000820389479,-1.8404e-07,0.0,0.0,24.0291359,-0.0861118129,0.0,-646.122121,0.619539391,461.515886,0.0,0.0
1678.0,0.0,-641.957141,0.0239029927,0.0239029927,-0.00160689404,-0.00160689404,-0.000811105026,-0.000811105026,458.5409,151.94553,0.00876553445,7.29616467,0.000420907787,14.06030435,0.000811122243,-1.8404e-07,0.0,0.0,23.8742408,-0.0859938536,0.0,-641.957141,0.615545666,458.5409,0.0,0.0
1678.5,0.0,-637.797837,0.0238704643,0.0238704643,-0.00159431024,-0.00159431024,-0.000801535882,-0.000801535882,455.569972,151.94553,0.008695636,7.24889216,0.00041484602,14.00611415,0.000801552921,-1.8404e-07,0.0,0.0,23.7195579,-0.0858768259,0.0,-637.797837,0.611557425,455.569972,0.0,0.0
1679.0,0.0,-633.644169,0.0238381905,0.0238381905,-0.00158178581,-0.00158178581,-0.000792051541,-0.000792051541,452.603079,151.94553,0.00862624975,7.20168368,0.000408855688,13.951711,0.000792068429,-1.8404e-07,0.0,0.0,23.5650844,-0.0857607179,0.0,-633.644169,0.607574572,452.603079,0.0,0.0
1679.5,0.0,-629.496133,0.023806171,0.023806171,-0.00156932011,-0.00156932011,-0.00078265126,-0.00078265126,449.640177,151.94553,0.0085573718,7.154539,0.00040293597,13.89709255,0.000782668001,-1.8404e-07,0.0,0.0,23.410819,-0.0856455246,0.0,-629.496133,0.603597125,449.640177,0.0,0.0
1680.0,0.0,-625.353617,0.0237744038,0.0237744038,-0.00155691259,-0.00155691259,-0.00077333425,-0.00077333425,446.681245,151.94553,0.0084889972,7.10745733,0.000397086065,13.84225835,0.000773350841,-1.8404e-07,0.0,0.0,23.2567601,-0.0855312365,0.0,-625.353617,0.599624983,446.681245,0.0,0.0
1680.5,0.0,-621.216617,0.023742889,0.023742889,-0.00154456276,-0.00154456276,-0.000764099756,-0.000764099756,443.726249,151.94553,0.0084211214,7.06043836,0.000391305173,13.7872056,0.000764116213,-1.8404e-07,0.0,0.0,23.1029064,-0.0854178568,0.0,-621.216617,0.59565811,443.726249,0.0,0.0
1681.0,0.0,-617.085095,0.0237116237,0.0237116237,-0.00153226998,-0.00153226998,-0.000754947016,-0.000754947016,440.775155,151.94553,0.0083537398,7.01348135,0.000385592513,13.7319328,0.000754963308,-1.8404e-07,0.0,0.0,22.9492555,-0.0853053795,0.0,-617.085095,0.591696505,440.775155,0.0,0.0
1681.5,0.0,-612.958982,0.0236806085,0.0236806085,-0.00152003365,-0.00152003365,-0.000745875292,-0.000745875292,437.827931,151.94553,0.0082868475,6.96658621,0.000379947316,13.67643895,0.000745891434,-1.8404e-07,0.0,0.0,22.7958071,-0.0851937935,0.0,-612.958982,0.58774009,437.827931,0.0,0.0
1682.0,0.0,-608.838262,0.0236498407,0.0236498407,-0.00150785331,-0.00150785331,-0.000736883823,-0.000736883823,434.884565,151.94553,0.0082204408,6.91975203,0.000374368809,13.6207212,0.000736899836,-1.8404e-07,0.0,0.0,22.6425577,-0.0850831055,0.0,-608.838262,0.583788832,434.884565,0.0,0.0
1682.5,0.0,-604.722858,0.0236193205,0.0236193205,-0.00149572836,-0.00149572836,-0.000727971889,-0.000727971889,431.945001,151.94553,0.0081545145,6.87297864,0.000368856241,13.5647785,0.000727987766,-1.8404e-07,0.0,0.0,22.4895071,-0.0849733052,0.0,-604.722858,0.57984271,431.945001,0.0,0.0
1683.0,0.0,-600.612776,0.0235890463,0.0235890463,-0.00148365823,-0.00148365823,-0.000719138761,-0.000719138761,429.009212,151.94553,0.00808906495,6.82626525,0.000363408871,13.5086085,0.000719154504,-1.8404e-07,0.0,0.0,22.3366535,-0.0848643889,0.0,-600.612776,0.575901639,429.009212,0.0,0.0
1683.5,0.0,-596.507926,0.0235590162,0.0235590162,-0.00147164242,-0.00147164242,-0.000710383767,-0.000710383767,426.077177,151.94553,0.0080240871,6.77961161,0.000358025953,13.4522097,0.00071039935,-1.8404e-07,0.0,0.0,22.1839954,-0.0847563518,0.0,-596.507926,0.571965614,426.077177,0.0,0.0
1684.0,0.0,-592.40829,0.0235292303,0.0235292303,-0.00145968039,-0.00145968039,-0.000701706131,-0.000701706131,423.148857,151.94553,0.0079595775,6.7330172,0.000352706774,13.3955803,0.000701721594,-1.8404e-07,0.0,0.0,22.0315303,-0.0846491916,0.0,-592.40829,0.568034578,423.148857,0.0,0.0
1684.5,0.0,-588.313819,0.0234996865,0.0234996865,-0.00144777158,-0.00144777158,-0.000693105212,-0.000693105212,420.224232,151.94553,0.00789553125,6.68648126,0.000347450613,13.3387182,0.000693120537,-1.8404e-07,0.0,0.0,21.879258,-0.084542908,0.0,-588.313819,0.564108507,420.224232,0.0,0.0
1685.0,0.0,-584.224462,0.0234703849,0.0234703849,-0.00143591548,-0.00143591548,-0.000684580294,-0.000684580294,417.303271,151.94553,0.00783194441,6.64000382,0.000342256761,13.28162175,0.000684595499,-1.8404e-07,0.0,0.0,21.7271758,-0.0844374907,0.0,-584.224462,0.560187351,417.303271,0.0,0.0
1685.5,0.0,-580.140196,0.0234413239,0.0234413239,-0.00142411156,-0.00142411156,-0.000676130723,-0.000676130723,414.385932,151.94553,0.00776881327,6.59358401,0.000337124518,13.2242889,0.000676145785,-1.8404e-07,0.0,0.0,21.5752828,-0.0843329386,0.0,-580.140196,0.556271066,414.385932,0.0,0.0
1686.0,0.0,-576.060958,0.0234125015,0.0234125015,-0.00141235927,-0.00141235927,-0.000667755815,-0.000667755815,411.472193,151.94553,0.0077061332,6.54722154,0.000332053206,13.16671765,0.000667770731,-1.8404e-07,0.0,0.0,21.4235772,-0.084229247,0.0,-576.060958,0.552359602,411.472193,0.0,0.0
1686.5,0.0,-571.986724,0.023383918,0.023383918,-0.00140065816,-0.00140065816,-0.000659454879,-0.000659454879,408.562027,151.94553,0.00764390033,6.50091579,0.00032704213,13.108906,0.000659469662,-1.8404e-07,0.0,0.0,21.2720571,-0.0841264137,0.0,-571.986724,0.548452932,408.562027,0.0,0.0
1687.0,0.0,-567.917442,0.0233555719,0.0233555719,-0.00138900766,-0.00138900766,-0.000651227297,-0.000651227297,405.6554,151.94553,0.00758211073,6.45466647,0.000322090623,13.0508523,0.000651241946,-1.8404e-07,0.0,0.0,21.1207218,-0.0840244351,0.0,-567.917442,0.544551025,405.6554,0.0,0.0
1687.5,0.0,-563.853076,0.0233274617,0.0233274617,-0.00137740731,-0.00137740731,-0.000643072373,-0.000643072373,402.752289,151.94553,0.00752076032,6.4084729,0.000317198028,12.9925542,0.00064308691,-1.8404e-07,0.0,0.0,20.9695694,-0.0839233072,0.0,-563.853076,0.540653832,402.752289,0.0,0.0
1688.0,0.0,-559.793611,0.0232995873,0.0232995873,-0.00136585654,-0.00136585654,-0.000634989513,-0.000634989513,399.852645,151.94553,0.00745984531,6.36233495,0.000312363684,12.9340104,0.000635003924,-1.8404e-07,0.0,0.0,20.8185977,-0.0838230231,0.0,-559.793611,0.536761309,399.852645,0.0,0.0
1688.5,0.0,-555.738936,0.0232719468,0.0232719468,-0.00135435488,-0.00135435488,-0.000626978095,-0.000626978095,396.956469,151.94553,0.00739936177,6.31625159,0.000307586939,12.8752177,0.000626992344,-1.8404e-07,0.0,0.0,20.6678062,-0.0837235839,0.0,-555.738936,0.532873439,396.956469,0.0,0.0
1689.0,0.0,-551.689099,0.0232445402,0.0232445402,-0.00134290187,-0.00134290187,-0.000619037418,-0.000619037418,394.063705,151.94553,0.00733930585,6.27022297,0.000302867167,12.816175,0.000619051571,-1.8404e-07,0.0,0.0,20.5171926,-0.0836249835,0.0,-551.689099,0.528990158,394.063705,0.0,0.0
1689.5,0.0,-547.643968,0.0232173655,0.0232173655,-0.00133149693,-0.00133149693,-0.000611166932,-0.000611166932,391.174349,151.94553,0.00727967389,6.22424821,0.000298203726,12.7568793,0.000611180961,-1.8404e-07,0.0,0.0,20.3667556,-0.0835272221,0.0,-547.643968,0.525111433,391.174349,0.0,0.0
1690.0,0.0,-543.603579,0.0231904225,0.0231904225,-0.0013201397,-0.0013201397,-0.000603366006,-0.000603366006,388.288344,151.94553,0.00722040806,6.17832714,0.000293593805,12.6974248,0.000603379904,-1.8404e-07,0.0,0.0,20.2164943,-0.0834302883,0.0,-543.603579,0.521237212,388.288344,0.0,0.0
1690.5,0.0,-539.567852,0.0231637166,0.0231637166,-0.00130883,-0.00130883,-0.000595634209,-0.000595634209,385.405685,151.94553,0.00715311773,6.13245908,0.000288698711,12.6526424,0.000595647955,-1.8404e-07,0.0,0.0,20.0664065,-0.0833342123,0.0,-539.567852,0.517367473,385.405685,0.0,0.0
1691.0,0.0,-535.536754,0.0231372467,0.0231372467,-0.00129756726,-0.00129756726,-0.000587970902,-0.000587970902,382.526331,151.94553,0.00708029418,6.08664373,0.000283624676,12.6183203,0.00058798455,-1.8404e-07,0.0,0.0,19.9164909,-0.0832389826,0.0,-535.536754,0.513502182,382.526331,0.0,0.0
1691.5,0.0,-531.51025,0.0231110048,0.0231110048,-0.0012863507,-0.0012863507,-0.000580375343,-0.000580375343,379.650252,151.94553,0.00700805343,6.04088039,0.000278620134,12.5837069,0.000580388864,-1.8404e-07,0.0,0.0,19.766746,-0.0831445748,0.0,-531.51025,0.509641296,379.650252,0.0,0.0
1692.0,0.0,-527.488286,0.0230849897,0.0230849897,-0.00127517982,-0.00127517982,-0.000572846946,-0.000572846946,376.777422,151.94553,0.00693639041,5.99516877,0.000273684261,12.5487984,0.000572860353,-1.8404e-07,0.0,0.0,19.6171708,-0.0830509827,0.0,-527.488286,0.505784766,376.777422,0.0,0.0
1692.5,0.0,-523.470835,0.0230592017,0.0230592017,-0.00126405419,-0.00126405419,-0.000565385138,-0.000565385138,373.907816,151.94553,0.0068653002,5.94950848,0.000268816251,12.5135908,0.000565398425,-1.8404e-07,0.0,0.0,19.4677627,-0.0829582045,0.0,-523.470835,0.501932567,373.907816,0.0,0.0
1693.0,0.0,-519.457852,0.023033639,0.023033639,-0.00125297324,-0.00125297324,-0.000557989346,-0.000557989346,371.041399,151.94553,0.00679477787,5.90389897,0.000264015306,12.4780802,0.000558002516,-1.8404e-07,0.0,0.0,19.3185207,-0.0828662413,0.0,-519.457852,0.49808466,371.041399,0.0,0.0
1693.5,0.0,-515.449315,0.0230083012,0.0230083012,-0.00124193662,-0.00124193662,-0.00055065902,-0.00055065902,368.178153,151.94553,0.00672481854,5.85833983,0.000259280637,12.4422618,0.00055067208,-1.8404e-07,0.0,0.0,19.1694439,-0.0827750845,0.0,-515.449315,0.494240998,368.178153,0.0,0.0
1694.0,0.0,-511.445161,0.0229831868,0.0229831868,-0.00123094385,-0.00123094385,-0.000543393593,-0.000543393593,365.318046,151.94553,0.00665541722,5.81283056,0.00025461146,12.406132,0.000543406535,-1.8404e-07,0.0,0.0,19.0205305,-0.0826847336,0.0,-511.445161,0.490401546,365.318046,0.0,0.0
1694.5,0.0,-507.445364,0.0229582958,0.0229582958,-0.00121999444,-0.00121999444,-0.000536192511,-0.000536192511,362.461045,151.94553,0.00658656955,5.76737085,0.000250007005,12.3696857,0.000536205345,-1.8404e-07,0.0,0.0,18.8717785,-0.082595183,0.0,-507.445364,0.486566286,362.461045,0.0,0.0
1695.0,0.0,-503.449877,0.0229336265,0.0229336265,-0.00120908797,-0.00120908797,-0.000529055251,-0.000529055251,359.607127,151.94553,0.00651827042,5.72196019,0.000245466506,12.33291945,0.000529067956,-1.8404e-07,0.0,0.0,18.7231873,-0.0825064346,0.0,-503.449877,0.48273515,359.607127,0.0,0.0
1695.5,0.0,-499.458667,0.0229091783,0.0229091783,-0.00119822393,-0.00119822393,-0.000521981253,-0.000521981253,356.756262,151.94553,0.00645051538,5.67659806,0.00024098923,12.29582755,0.000521993842,-1.8404e-07,0.0,0.0,18.574755,-0.082418478,0.0,-499.458667,0.478908123,356.756262,0.0,0.0
1696.0,0.0,-495.4717,0.0228849509,0.0228849509,-0.00118740194,-0.00118740194,-0.000514969987,-0.000514969987,353.908423,151.94553,0.0063832996,5.63128428,0.000236574413,12.2584057,0.000514982473,-1.8404e-07,0.0,0.0,18.4264806,-0.0823313162,0.0,-495.4717,0.475085152,353.908423,0.0,0.0
1696.5,0.0,-491.488924,0.0228609423,0.0228609423,-0.00117662151,-0.00117662151,-0.000508020939,-0.000508020939,351.063584,151.94553,0.00631661868,5.58601806,0.000232221336,12.2206498,0.000508033311,-1.8404e-07,0.0,0.0,18.2783623,-0.0822449415,0.0,-491.488924,0.471266211,351.063584,0.0,0.0
1697.0,0.0,-487.510315,0.0228371525,0.0228371525,-0.00116588221,-0.00116588221,-0.000501133609,-0.000501133609,348.22172,151.94553,0.00625046807,5.54079904,0.000227929269,12.1825545,0.000501145878,-1.8404e-07,0.0,0.0,18.1303984,-0.0821593569,0.0,-487.510315,0.467451265,348.22172,0.0,0.0
1697.5,0.0,-483.535831,0.0228135804,0.0228135804,-0.00115518366,-0.00115518366,-0.000494307459,-0.000494307459,345.382796,151.94553,0.00618484325,5.49562709,0.000223697507,12.1441146,0.000494319623,-1.8404e-07,0.0,0.0,17.9825885,-0.0820745524,0.0,-483.535831,0.463640271,345.382796,0.0,0.0
1698.0,0.0,-479.565428,0.0227902259,0.0227902259,-0.00114452533,-0.00114452533,-0.000487541983,-0.000487541983,342.546798,151.94553,0.00611974003,5.45050144,0.000219525334,12.10532595,0.000487554031,-1.8404e-07,0.0,0.0,17.83493,-0.0819905294,0.0,-479.565428,0.459833201,342.546798,0.0,0.0
1698.5,0.0,-475.599072,0.0227670872,0.0227670872,-0.00113390685,-0.00113390685,-0.000480836697,-0.000480836697,339.713691,151.94553,0.00605515376,5.40542185,0.000215412061,12.0661828,0.000480848642,-1.8404e-07,0.0,0.0,17.6874224,-0.0819072874,0.0,-475.599072,0.456030003,339.713691,0.0,0.0
1699.0,0.0,-471.636737,0.0227441635,0.0227441635,-0.0011233278,-0.0011233278,-0.000474191103,-0.000474191103,336.883449,151.94553,0.0059910804,5.3603879,0.000211357001,12.02668045,0.000474202943,-1.8404e-07,0.0,0.0,17.5400636,-0.081824815,0.0,-471.636737,0.452230664,336.883449,0.0,0.0
1699.5,0.0,-467.678363,0.0227214542,0.0227214542,-0.00111278773,-0.00111278773,-0.000467604705,-0.000467604705,334.056039,151.94553,0.00592751546,5.31539903,0.00020735947,11.986813,0.000467616438,-1.8404e-07,0.0,0.0,17.3928529,-0.0817431172,0.0,-467.678363,0.448435128,334.056039,0.0,0.0
1700.0,0.0,-463.72393,0.0226989593,0.0226989593,-0.00110228618,-0.00110228618,-0.00046107703,-0.00046107703,331.231446,151.94553,0.00586445479,5.27045489,0.000203418797,11.9465754,0.000461088658,-1.8404e-07,0.0,0.0,17.2457885,-0.0816621901,0.0,-463.72393,0.444643368,331.231446,0.0,0.0
1700.5,0.0,-459.773396,0.0226766775,0.0226766775,-0.00109182284,-0.00109182284,-0.000454607595,-0.000454607595,328.409631,151.94553,0.0058018943,5.22555514,0.000199534326,11.9059621,0.000454619124,-1.8404e-07,0.0,0.0,17.0988691,-0.0815820253,0.0,-459.773396,0.440855344,328.409631,0.0,0.0
1701.0,0.0,-455.826718,0.0226546076,0.0226546076,-0.00108139719,-0.00108139719,-0.000448195936,-0.000448195936,325.590578,151.94553,0.0057398298,5.18069914,0.000195705392,11.8649679,0.000448207359,-1.8404e-07,0.0,0.0,16.9520929,-0.0815026259,0.0,-455.826718,0.437071027,325.590578,0.0,0.0
1701.5,0.0,-451.883869,0.0226327489,0.0226327489,-0.00107100888,-0.00107100888,-0.000441841587,-0.000441841587,322.774255,151.94553,0.00567825718,5.13588656,0.000191931357,11.8235864,0.000441852903,-1.8404e-07,0.0,0.0,16.8054593,-0.0814239872,0.0,-451.883869,0.43329037,322.774255,0.0,0.0
1702.0,0.0,-447.94481,0.0226111013,0.0226111013,-0.00106065741,-0.00106065741,-0.000435544088,-0.000435544088,319.960638,151.94553,0.00561717243,5.09111734,0.000188211579,11.78181195,0.000435555299,-1.8404e-07,0.0,0.0,16.6589663,-0.0813461074,0.0,-447.94481,0.429513362,319.960638,0.0,0.0
1702.5,0.0,-444.009502,0.0225896632,0.0225896632,-0.00105034247,-0.00105034247,-0.000429302977,-0.000429302977,317.149701,151.94553,0.00555657175,5.04639054,0.000184545434,11.7396389,0.000429314088,-1.8404e-07,0.0,0.0,16.512613,-0.0812689829,0.0,-444.009502,0.425739942,317.149701,0.0,0.0
1703.0,0.0,-440.077903,0.0225684348,0.0225684348,-0.00104006366,-0.00104006366,-0.000423117815,-0.000423117815,314.341416,151.94553,0.00549645111,5.00170586,0.000180932289,11.697061,0.000423128831,-1.8404e-07,0.0,0.0,16.3663976,-0.0811926122,0.0,-440.077903,0.421970085,314.341416,0.0,0.0
1703.5,0.0,-436.14998,0.0225474147,0.0225474147,-0.00102982049,-0.00102982049,-0.00041698815,-0.00041698815,311.535762,151.94553,0.00543680647,4.95706306,0.000177371532,11.6540717,0.000416999069,-1.8404e-07,0.0,0.0,16.2203191,-0.08111699,0.0,-436.14998,0.41820376,311.535762,0.0,0.0
1704.0,0.0,-432.225709,0.0225266025,0.0225266025,-0.00101961262,-0.00101961262,-0.000410913559,-0.000410913559,308.732711,151.94553,0.00537763407,4.91246167,0.000173862562,11.61066535,0.000410924372,-1.8404e-07,0.0,0.0,16.0743765,-0.0810421115,0.0,-432.225709,0.414440922,308.732711,0.0,0.0
1704.5,0.0,-428.302708,0.0227022136,0.0227022136,-0.00101819815,-0.00101819815,-0.000408397947,-0.000408397947,305.929225,151.94553,0.00536357316,4.86785361,0.000171827311,11.56678765,0.000408295131,-1.8404e-07,0.0,0.01368502172,15.9284114,-0.082732727,0.0,-428.302708,0.4099002,305.929225,-0.3347465,0.004271648
1705.0,0.0,-422.347697,0.0534345357,0.0534345357,-0.00235893893,-0.00235893893,-0.000938491192,-0.000938491192,301.569977,151.94553,0.01239080426,4.79849066,0.00039058634,11.49751995,0.000936872081,-1.8404e-07,0.0,0.886196468,15.7014441,-0.197553786,0.0,-422.347697,0.342488338,301.569977,-22.0939294,0.2782888546
1705.5,0.0,-408.480695,0.1048693421,0.1048693421,-0.00447798503,-0.00447798503,-0.00175165727,-0.00175165727,291.629957,151.94553,0.0234795593,4.64032792,0.000715913808,11.3350389,0.00175036958,-1.8404e-07,0.0,2.24957565,15.18391045,-0.377394965,0.0,-408.480695,0.308744219,291.629957,-56.1784091,0.684725416
1706.0,0.0,-385.864716,0.154862674,0.154862674,-0.00624600481,-0.00624600481,-0.00237499463,-0.00237499463,275.474969,151.94553,0.0326454016,4.38327464,0.000940389537,11.0569454,0.00237406711,-1.8404e-07,0.0,3.61295482,14.34278995,-0.557099222,0.0,-385.864716,0.28664025,275.474969,-90.2628879,1.039280919
1706.5,0.0,-354.552619,0.204784175,0.204784175,-0.00758798767,-0.00758798767,-0.00277051707,-0.00277051707,253.109246,151.94553,0.0395783601,4.02739803,0.00104780486,10.64031345,0.00277004179,-1.8404e-07,0.0,4.97633404,13.1783036,-0.736696013,0.0,-354.552619,0.256658308,253.109246,-124.3473655,1.31535751
1707.0,0.0,-314.549877,0.254684909,0.254684909,-0.0083700996,-0.0083700996,-0.00293661464,-0.00293661464,224.535906,151.94553,0.0444395214,3.57274775,0.00104357441,10.0464531,0.00293641498,-1.8404e-07,0.0,6.33971319,11.6906134,-0.916220957,0.0,-314.549877,0.218336225,224.535906,-158.431849,1.48637401
1707.5,0.0,-265.863747,0.304183695,0.304183695,-0.00844698725,-0.00844698725,-0.00295484773,-0.00295484773,189.762802,151.94553,0.0496283418,3.01944845,0.000984150526,9.0637913,0.0029551479,-1.8404e-07,0.0,7.67575118,9.88012825,-1.0921824,0.0,-265.863747,0.173229121,189.762802,-191.846834,1.52097435
1708.0,0.0,-212.562006,0.292559379,0.292559379,-0.00653758466,-0.00653758466,-0.00228691797,-0.00228691797,151.901513,151.94553,0.0473798395,2.41701109,0.000756615192,7.31122454,0.00228868773,-1.8404e-07,0.0,7.29407865,7.90885435,-1.041843384,0.0,-212.562006,0.245552072,151.901513,-182.412948,1.164906
1708.5,0.0,-166.40842,0.239498111,0.239498111,-0.00419171883,-0.00419171883,-0.00146630869,-0.00146630869,119.0048009,151.94553,0.0387607956,1.89356849,0.000485145072,5.72786159,0.00146751696,-1.8404e-07,0.0,5.93069946,6.19606516,-0.861351317,0.0,-166.40842,0.242252817,119.0048009,-148.328471,0.742904271
1709.0,0.0,-129.083008,0.18928371,0.18928371,-0.00257292158,-0.00257292158,-0.000900035875,-0.000900035875,92.3453343,151.94553,0.0306262188,1.46937114,0.00029781827,4.44470545,0.000900871431,-1.8404e-07,0.0,4.56732029,4.80802204,-0.681004364,0.0,-129.083008,0.207366801,92.3453343,-114.2439889,0.444686166
1709.5,0.0,-100.4861304,0.13918038,0.13918038,-0.00147506687,-0.00147506687,-0.000515994371,-0.000515994371,71.91895,151.94553,0.0225129208,1.14435262,0.000170765108,3.46155597,0.000516547924,-1.8404e-07,0.0,3.2039411,3.74450855,-0.500756187,0.0,-100.4861304,0.179922859,71.91895,-80.1595099,0.243522251
1710.0,0.0,-80.6116368,0.089096766,0.089096766,-0.000758834015,-0.000758834015,-0.000265448368,-0.000265448368,57.7228316,151.94553,0.0144088035,0.918468308,8.7872574e-05,2.77827775,0.000265806034,-1.8404e-07,0.0,1.8405619,3.00537814,-0.320573655,0.0,-80.6116368,0.160838935,57.7228316,-46.0750307,0.1127095625
1710.5,0.0,-69.454578,0.0392211819,0.0392211819,-0.000288158488,-0.000288158488,-0.000100800959,-0.000100800959,49.7521388,151.94553,0.00634662022,0.791641018,3.3400466e-05,2.39463749,0.000101033178,-1.8404e-07,0.0,0.490870389835,2.59037859,-0.142198715,0.0,-69.454578,0.149343734,49.7521388,-12.3252972617,0.026233969452
1711.0,0.0,-64.9794718,0.0199205995,0.0199205995,-0.000135434147,-0.000135434147,-4.7376332e-05,-4.7376332e-05,46.4498964,151.94553,0.00322218902,0.739096744,1.5658978e-05,2.2356961,4.7366895e-05,-1.8404e-07,0.0,0.0,2.41844513,-0.0770243786,0.0,-64.9794718,0.083313423,46.4498964,0.0,0.0
1711.5,0.0,-61.3008506,0.0213639603,0.0213639603,-0.000137139646,-0.000137139646,-4.7972935e-05,-4.7972935e-05,43.7871712,151.94553,0.00345910992,0.696728262,1.5860824e-05,2.10753559,4.7977458e-05,-1.8404e-07,0.0,0.0,2.27980861,-0.077015756,0.0,-61.3008506,0.0592694343,43.7871712,0.0,0.0
1712.0,0.0,-57.5746523,0.0214039206,0.0214039206,-0.000129048597,-0.000129048597,-4.5142597e-05,-4.5142597e-05,41.1247749,151.94553,0.00346571779,0.654365044,1.4925378e-05,1.97939086,4.5147822e-05,-1.8404e-07,0.0,0.0,2.14118914,-0.0770060469,0.0,-57.5746523,0.055214626,41.1247749,0.0,0.0
1712.5,0.0,-53.8477775,0.0214021787,0.0214021787,-0.000120685378,-0.000120685378,-4.2217053e-05,-4.2217053e-05,38.4627056,151.94553,0.00346546555,0.612006978,1.3958228e-05,1.85126187,4.222229e-05,-1.8404e-07,0.0,0.0,2.00258668,-0.0769969032,0.0,-53.8477775,0.0516321618,38.4627056,0.0,0.0
1713.0,0.0,-50.1213094,0.0213998214,0.0213998214,-0.000112321125,-0.000112321125,-3.9291147e-05,-3.9291147e-05,35.8009412,151.94553,0.00346511577,0.5696538,1.2990955e-05,1.72314757,3.929638e-05,-1.8404e-07,0.0,0.0,1.86400014,-0.0769883685,0.0,-50.1213094,0.0480588764,35.8009412,0.0,0.0
1713.5,0.0,-46.3952382,0.02139762,0.02139762,-0.00010396036,-0.00010396036,-3.636646e-05,-3.636646e-05,33.1394624,151.94553,0.00346479625,0.527305127,1.2024085e-05,1.59504698,3.6371692e-05,-1.8404e-07,0.0,0.0,1.72542844,-0.0769804486,0.0,-46.3952382,0.0444861344,33.1394624,0.0,0.0
1714.0,0.0,-42.6695356,0.0213955885,0.0213955885,-9.5602898e-05,-9.5602898e-05,-3.3442929e-05,-3.3442929e-05,30.4782456,151.94553,0.00346451078,0.484960655,1.1057596e-05,1.46695905,3.3448159e-05,-1.8404e-07,0.0,0.0,1.58687039,-0.07697314,0.0,-42.6695356,0.0409137491,30.4782456,0.0,0.0
1714.5,0.0,-38.9441727,0.0213937268,0.0213937268,-8.724847e-05,-8.724847e-05,-3.0520461e-05,-3.0520461e-05,27.8172717,151.94553,0.00346426109,0.442620036,1.009146e-05,1.33888278,3.0525689e-05,-1.8404e-07,0.0,0.0,1.44832498,-0.0769664425,0.0,-38.9441727,0.0373416884,27.8172717,0.0,0.0
1715.0,0.0,-35.2191185,0.0213920353,0.0213920353,-7.889682e-05,-7.889682e-05,-2.7598963e-05,-2.7598963e-05,25.1565181,151.94553,0.00346404999,0.400282935,9.125644e-06,1.21081713,2.7604189e-05,-1.8404e-07,0.0,0.0,1.30979105,-0.0769603544,0.0,-35.2191185,0.0337699242,25.1565181,0.0,0.0
1715.5,0.0,-31.4943441,0.0213905142,0.0213905142,-7.0547674e-05,-7.0547674e-05,-2.4678341e-05,-2.4678341e-05,22.4959642,151.94553,0.00346388126,0.357949011,8.160118e-06,1.08276108,2.4683565e-05,-1.8404e-07,0.0,0.0,1.17126755,-0.0769548834,0.0,-31.4943441,0.0301984286,22.4959642,0.0,0.0
1716.0,0.0,-27.7698205,0.0213891629,0.0213891629,-6.2200769e-05,-6.2200769e-05,-2.1758503e-05,-2.1758503e-05,19.8355895,151.94553,0.00346376095,0.315617924,7.194851e-06,0.954713651,2.1763726e-05,-1.8404e-07,0.0,0.0,1.032753359,-0.0769500204,0.0,-27.7698205,0.0266271723,19.8355895,0.0,0.0
1716.5,0.0,-24.0455163,0.0213879815,0.0213879815,-5.3855841e-05,-5.3855841e-05,-1.8839356e-05,-1.8839356e-05,17.1753721,151.94553,0.00346369889,0.273289347,6.229812e-06,0.826673841,1.8844579e-05,-1.8404e-07,0.0,0.0,0.89424734,-0.0769457717,0.0,-24.0455163,0.0230561283,17.1753721,0.0,0.0
1717.0,0.0,-20.3214039,0.0213869696,0.0213869696,-4.5512622e-05,-4.5512622e-05,-1.5920809e-05,-1.5920809e-05,14.51529145,151.94553,0.00346371205,0.230962942,5.264972e-06,0.698640528,1.592603e-05,-1.8404e-07,0.0,0.0,0.755748418,-0.0769421307,0.0,-20.3214039,0.0194852671,14.51529145,0.0,0.0
1717.5,0.0,-16.5974523,0.0213861275,0.0213861275,-3.7170849e-05,-3.7170849e-05,-1.3002766e-05,-1.3002766e-05,11.85532555,151.94553,0.00346383294,0.188638368,4.300298e-06,0.5706128,1.3007987e-05,-1.8404e-07,0.0,0.0,0.617255516,-0.0769391013,0.0,-16.5974523,0.0159145605,11.85532555,0.0,0.0
1718.0,0.0,-12.8736332,0.0213854552,0.0213854552,-2.8830259e-05,-2.8830259e-05,-1.0085137e-05,-1.0085137e-05,9.1954541,151.94553,0.00346413272,0.146315292,3.335762e-06,0.442589597,1.0090356e-05,-1.8404e-07,0.0,0.0,0.478767509,-0.076936684,0.0,-12.8736332,0.01234398095,9.1954541,0.0,0.0
1718.5,0.0,-9.2003319,0.0200458234,0.0200458234,-1.9461405e-05,-1.9461405e-05,-6.80781e-06,-6.80781e-06,6.57795193,151.94553,0.00324575051,0.1046663866,2.252938e-06,0.3166057,6.81492e-06,-1.8404e-07,0.0,0.0,0.3424855,-0.0713295147,0.0,-9.2003319,0.01249150865,6.57795193,0.0,0.0
1719.0,0.0,-6.2524585,0.01383034185,0.01383034185,-9.16919e-06,-9.16919e-06,-3.207482e-06,-3.207482e-06,4.48279909,151.94553,0.00223390887,0.071328948,1.061849e-06,0.215763168,3.211989e-06,-1.8404e-07,0.0,0.0,0.23339995,-0.0498829365,0.0,-6.2524585,0.0157791168,4.48279909,0.0,0.0
1719.5,0.0,-4.2548541,0.0093771761,0.0093771761,-4.229085e-06,-4.229085e-06,-1.47938e-06,-1.47938e-06,3.05132077,151.94553,0.00151421943,0.0485516964,4.89741e-07,0.146864181,1.481419e-06,-1.8404e-07,0.0,0.0,0.158869073,-0.0339537399,0.0,-4.2548541,0.01116746355,3.05132077,0.0,0.0
1720.0,0.0,-2.89615072,0.00638204218,0.00638204218,-1.959141e-06,-1.959141e-06,-6.85329e-07,-6.85329e-07,2.07695601,151.94553,0.0010305596,0.0330478981,2.26874e-07,0.0999666934,6.86273e-07,-1.8404e-07,0.0,0.0,0.108138116,-0.0231113529,0.0,-2.89615072,0.00760959773,2.07695601,0.0,0.0
1720.5,0.0,-1.97133784,0.00434407379,0.00434407379,-9.07701e-07,-9.07701e-07,-3.17524e-07,-3.17524e-07,1.41373257,151.94553,0.000701472371,0.0224948869,1.05114e-07,0.0680448538,3.17961e-07,-1.8404e-07,0.0,0.0,0.073606939,-0.0157312849,0.0,-1.97133784,0.0051797847,1.41373257,0.0,0.0
1721.0,0.0,-1.34184206,0.00295690081,0.00295690081,-4.20555e-07,-4.20555e-07,-1.47115e-07,-1.47115e-07,0.962293583,151.94553,0.000477474444,0.01531172565,4.8701e-08,0.0463164887,1.47317e-07,-1.8404e-07,0.0,0.0,0.0501024646,-0.0107078866,0.0,-1.34184206,0.00352574216,0.962293583,0.0,0.0
1721.5,0.0,-0.913359974,0.00201268972,0.00201268972,-1.94851e-07,-1.94851e-07,-6.8161e-08,-6.8161e-08,0.655010357,151.94553,0.000325005125,0.0104223273,2.2564e-08,0.0315265313,6.8255e-08,-1.8404e-07,0.0,0.0,0.0341035561,-0.0072885948,0.0,-0.913359974,0.0023998819,0.655010357,0.0,0.0
1722.0,0.0,-0.621702645,0.00136998946,0.00136998946,-9.0279e-08,-9.0279e-08,-3.158e-08,-3.158e-08,0.445850142,151.94553,0.000221223176,0.007094233,1.0455e-08,0.0214593681,3.1624e-08,-1.8404e-07,0.0,0.0,0.0232134877,-0.00496117092,0.0,-0.621702645,0.00163353993,0.445850142,0.0,0.0
1722.5,0.0,-0.42317849,0.000932519354,0.000932519354,-4.1828e-08,-4.1828e-08,-1.4632e-08,-1.4632e-08,0.303479786,151.94553,0.000150581371,0.00482887877,4.844e-09,0.0146068908,1.4652e-08,-1.8404e-07,0.0,0.0,0.0158008794,-0.00337695132,0.0,-0.42317849,0.00111191105,0.303479786,0.0,0.0
1723.0,0.0,-0.288049313,0.000634727792,0.000634727792,-1.9379e-08,-1.9379e-08,-6.779e-09,-6.779e-09,0.206572782,151.94553,0.000102494568,0.00328692379,2.244e-09,0.0099426262,6.788e-09,-1.8404e-07,0.0,0.0,0.01075535085,-0.00229855541,0.0,-0.288049313,0.000756875002,0.206572782,0.0,0.0
1723.5,0.0,-0.196070836,0.000432049927,0.000432049927,-8.979e-09,-8.979e-09,-3.141e-09,-3.141e-09,0.1406109286,151.94553,6.9766577e-05,0.00223735866,1.04e-09,0.00676779346,3.145e-09,-1.8404e-07,0.0,0.0,0.00732100264,-0.00156459106,0.0,-0.196070836,0.000515160365,0.1406109286,0.0,0.0
1724.0,0.0,-0.1334624305,0.000294089853,0.000294089853,-4.16e-09,-4.16e-09,-1.455e-09,-1.455e-09,0.095711714,151.94553,4.7489054e-05,0.00152293595,4.82e-10,0.00460673375,1.457e-09,-1.8404e-07,0.0,0.0,0.00498329481,-0.001064993046,0.0,-0.1334624305,0.00035066041,0.095711714,0.0,0.0
1724.5,0.0,-0.090845846,0.000200182463,0.000200182463,-1.928e-09,-1.928e-09,-6.74e-10,-6.74e-10,0.0651495091,151.94553,3.2325074e-05,0.001036639326,2.23e-10,0.00313573361,6.75e-10,-1.8404e-07,0.0,0.0,0.003392053,-0.0007249245,0.0,-0.090845846,0.000238689113,0.0651495091,0.0,0.0
1725.0,0.0,-0.0618373864,0.000136261153,0.000136261153,-8.93e-10,-8.93e-10,-3.12e-10,-3.12e-10,0.0443462787,151.94553,2.2003185e-05,0.000705624632,1.03e-10,0.00213444622,3.13e-10,-1.8404e-07,0.0,0.0,0.00230891893,-0.000493445049,0.0,-0.0618373864,0.000162472021,0.0443462787,0.0,0.0
1725.5,0.0,-0.0420917712,9.2750895e-05,9.2750895e-05,-4.14e-10,-4.14e-10,-1.45e-10,-1.45e-10,0.0301858393,151.94553,1.4977233e-05,0.000480307981,4.8e-11,0.00145288517,1.45e-10,-1.8404e-07,0.0,0.0,0.00157164607,-0.000335880545,0.0,-0.0420917712,0.000110592225,0.0301858393,0.0,0.0
1726.0,0.0,-0.0286512302,6.3134125e-05,6.3134125e-05,-1.92e-10,-1.92e-10,-6.7e-11,-6.7e-11,0.0205470429,151.94553,1.0194775e-05,0.000326938368,2.2e-11,0.000988956877,6.7e-11,-1.8404e-07,0.0,0.0,0.001069795683,-0.000228628787,0.0,-0.0286512302,7.5278445e-05,0.0205470429,0.0,0.0
1726.5,0.0,-0.0195024585,4.2974441e-05,4.2974441e-05,-8.9e-11,-8.9e-11,-3.1e-11,-3.1e-11,0.01398606095,151.94553,6.939429e-06,0.000222541986,1e-11,0.000673167983,3.1e-11,-1.8404e-07,0.0,0.0,0.000728193703,-0.000155624145,0.0,-0.0195024585,5.1240894e-05,0.01398606095,0.0,0.0
1727.0,0.0,-0.0132750279,2.9252052e-05,2.9252052e-05,-4.1e-11,-4.1e-11,-1.4e-11,-1.4e-11,0.0095200998,151.94553,4.723564e-06,0.00015148096,5e-12,0.00045821525,1.4e-11,-1.8404e-07,0.0,0.0,0.000495670421,-0.000105930997,0.0,-0.0132750279,3.4878899e-05,0.0095200998,0.0,0.0
1727.5,0.0,-0.00903611045,1.9911428e-05,1.9911428e-05,-1.9e-11,-1.9e-11,-7e-12,-7e-12,0.0064801878,151.94553,3.215258e-06,0.000103110795,2e-12,0.000311900181,7e-12,-1.8404e-07,0.0,0.0,0.000337395352,-7.2105624e-05,0.0,-0.00903611045,2.3741537e-05,0.0064801878,0.0,0.0
1728.0,0.0,-0.00615074366,1.3553407e-05,1.3553407e-05,-9e-12,-9e-12,-3e-12,-3e-12,0.00441096572,151.94553,2.188578e-06,7.0185957e-05,1e-12,0.000212305725,3e-12,-1.8404e-07,0.0,0.0,0.000229659902,-4.9081206e-05,0.0,-0.00615074366,1.6160505e-05,0.00441096572,0.0,0.0
1728.5,0.0,-0.00418671813,9.225599e-06,9.225599e-06,-4e-12,-4e-12,-1e-12,-1e-12,0.00300247754,151.94553,1.489732e-06,4.7774518e-05,0.0,0.000144513295,1e-12,-1.8404e-07,0.0,0.0,0.000156326019,-3.3408833e-05,0.0,-0.00418671813,1.100021e-05,0.00300247754,0.0,0.0
1729.0,0.0,-0.00284983564,6.279726e-06,6.279726e-06,-2e-12,-2e-12,-1e-12,-1e-12,0.00204374103,151.94553,1.014038e-06,3.2519392e-05,0.0,9.8368012e-05,1e-12,-1.8404e-07,0.0,0.0,0.000106408757,-2.2740887e-05,0.0,-0.00284983564,7.487677e-06,0.00204374103,0.0,0.0
1729.5,0.0,-0.00193983996,4.274514e-06,4.274514e-06,-1e-12,-1e-12,-0.0,-0.0,0.00139114359,151.94553,6.9024e-07,2.2135458e-05,0.0,6.6957617e-05,0.0,-1.8404e-07,0.0,0.0,7.2430829e-05,-1.5479378e-05,0.0,-0.00193983996,5.096748e-06,0.00139114359,0.0,0.0
1730.0,0.0,-0.00132041969,2.909597e-06,2.909597e-06,-0.0,-0.0,-0.0,-0.0,0.000946930361,151.94553,4.69836e-07,1.5067271e-05,0.0,4.5577036e-05,0.0,-1.8404e-07,0.0,0.0,4.9302568e-05,-1.0536578e-05,0.0,-0.00132041969,3.469279e-06,0.000946930361,0.0,0.0
1730.5,0.0,-0.000898789694,1.980519e-06,1.980519e-06,-0.0,-0.0,-0.0,-0.0,0.000644561184,151.94553,3.1981e-07,1.0256063e-05,0.0,3.1023598e-05,0.0,-1.8404e-07,0.0,0.0,3.3559512e-05,-7.172089e-06,0.0,-0.000898789694,2.361486e-06,0.000644561184,0.0,0.0
1731.0,0.0,-0.000611792537,1.348109e-06,1.348109e-06,-0.0,-0.0,-0.0,-0.0,0.000438743044,151.94553,2.1769e-07,6.981147e-06,0.0,2.1117294e-05,0.0,-1.8404e-07,0.0,0.0,2.2843452e-05,-4.881933e-06,0.0,-0.000611792537,1.607428e-06,0.000438743044,0.0,0.0
1731.5,0.0,-0.000416437925,9.17637e-07,9.17637e-07,-0.0,-0.0,-0.0,-0.0,0.000298645738,151.94553,1.48178e-07,4.751961e-06,0.0,1.4374222e-05,0.0,-1.8404e-07,0.0,0.0,1.5549192e-05,-3.323058e-06,0.0,-0.000416437925,1.094152e-06,0.000298645738,0.0,0.0
1732.0,0.0,-0.000283462987,6.24622e-07,6.24622e-07,-0.0,-0.0,-0.0,-0.0,0.00020328364,151.94553,1.00863e-07,3.234588e-06,0.0,9.784316e-06,0.0,-1.8404e-07,0.0,0.0,1.0584099e-05,-2.261955e-06,0.0,-0.000283462987,7.44773e-07,0.00020328364,0.0,0.0
1732.5,0.0,-0.00019294897,4.25171e-07,4.25171e-07,-0.0,-0.0,-0.0,-0.0,0.000138372094,151.94553,6.8656e-08,2.201735e-06,0.0,6.660036e-06,0.0,-1.8404e-07,0.0,0.0,7.204436e-06,-1.539679e-06,0.0,-0.00019294897,5.06955e-07,0.000138372094,0.0,0.0
1733.0,0.0,-0.000131337441,2.89407e-07,2.89407e-07,-0.0,-0.0,-0.0,-0.0,9.418779e-05,151.94553,4.6733e-08,1.498688e-06,0.0,4.533385e-06,0.0,-1.8404e-07,0.0,0.0,4.903951e-06,-1.048036e-06,0.0,-0.000131337441,3.45077e-07,9.418779e-05,0.0,0.0
1733.5,0.0,-8.9399411e-05,1.96995e-07,1.96995e-07,-0.0,-0.0,-0.0,-0.0,6.4112204e-05,151.94553,3.181e-08,1.020134e-06,0.0,3.085807e-06,0.0,-1.8404e-07,0.0,0.0,3.338045e-06,-7.13382e-07,0.0,-8.9399411e-05,2.34889e-07,6.4112204e-05,0.0,0.0
1734.0,0.0,-6.0852824e-05,1.34092e-07,1.34092e-07,-0.0,-0.0,-0.0,-0.0,4.3640207e-05,151.94553,2.1653e-08,6.9439e-07,0.0,2.100462e-06,0.0,-1.8404e-07,0.0,0.0,2.272157e-06,-4.85588e-07,0.0,-6.0852824e-05,1.59885e-07,4.3640207e-05,0.0,0.0
1734.5,0.0,-4.1421596e-05,9.1274e-08,9.1274e-08,-0.0,-0.0,-0.0,-0.0,2.9705228e-05,151.94553,1.4739e-08,4.72661e-07,0.0,1.429753e-06,0.0,-1.8404e-07,0.0,0.0,1.546623e-06,-3.30533e-07,0.0,-4.1421596e-05,1.08831e-07,2.9705228e-05,0.0,0.0
1735.0,0.0,-2.8195054e-05,6.2129e-08,6.2129e-08,-0.0,-0.0,-0.0,-0.0,2.0219899e-05,151.94553,1.0032e-08,3.21733e-07,0.0,9.73211e-07,0.0,-1.8404e-07,0.0,0.0,1.052763e-06,-2.24989e-07,0.0,-2.8195054e-05,7.408e-08,2.0219899e-05,0.0,0.0
1735.5,0.0,-1.9191946e-05,4.229e-08,4.229e-08,-0.0,-0.0,-0.0,-0.0,1.3763379e-05,151.94553,6.829e-09,2.18999e-07,0.0,6.6245e-07,0.0,-1.8404e-07,0.0,0.0,7.166e-07,-1.53146e-07,0.0,-1.9191946e-05,5.0425e-08,1.3763379e-05,0.0,0.0
1736.0,0.0,-1.3063667e-05,2.8786e-08,2.8786e-08,-0.0,-0.0,-0.0,-0.0,9.368524e-06,151.94553,4.648e-09,1.49069e-07,0.0,4.5092e-07,0.0,-1.8404e-07,0.0,0.0,4.87779e-07,-1.04244e-07,0.0,-1.3063667e-05,3.4324e-08,9.368524e-06,0.0,0.0
1736.5,0.0,-8.892241e-06,1.9594e-08,1.9594e-08,-0.0,-0.0,-0.0,-0.0,6.377012e-06,151.94553,3.164e-09,1.01469e-07,0.0,3.06934e-07,0.0,-1.8404e-07,0.0,0.0,3.32023e-07,-7.0958e-08,0.0,-8.892241e-06,2.3364e-08,6.377012e-06,0.0,0.0
1737.0,0.0,-6.052814e-06,1.3338e-08,1.3338e-08,-0.0,-0.0,-0.0,-0.0,4.340736e-06,151.94553,2.154e-09,6.9068e-08,0.0,2.08925e-07,0.0,-1.8404e-07,0.0,0.0,2.26003e-07,-4.83e-08,0.0,-6.052814e-06,1.5903e-08,4.340736e-06,0.0,0.0
1737.5,0.0,-4.120059e-06,9.079e-09,9.079e-09,-0.0,-0.0,-0.0,-0.0,2.954673e-06,151.94553,1.466e-09,4.7014e-08,0.0,1.42212e-07,0.0,-1.8404e-07,0.0,0.015518752288,1.53837e-07,-3.2877e-08,0.0,-4.120059e-06,1.0825e-08,2.954673e-06,0.0,0.0
1738.0,0.0,-2.804462e-06,6.18e-09,6.18e-09,-0.0,-0.0,-0.0,-0.0,2.011201e-06,151.94553,9.98e-10,3.2002e-08,0.0,9.6802e-08,0.0,-1.8404e-07,0.0,1.008042889,1.04715e-07,-2.2379e-08,0.0,-2.804462e-06,7.368e-09,2.011201e-06,0.0,0.0
1738.5,0.0,-1.908955e-06,4.206e-09,4.206e-09,-0.0,-0.0,-0.0,-0.0,1.368994e-06,151.94553,6.79e-10,2.1783e-08,0.0,6.5892e-08,0.0,-1.8404e-07,0.0,2.5588781,7.1278e-08,-1.5233e-08,0.0,-1.908955e-06,5.016e-09,1.368994e-06,0.0,0.0
1739.0,0.0,-1.299396e-06,2.863e-09,2.863e-09,-0.0,-0.0,-0.0,-0.0,9.31854e-07,151.94553,4.62e-10,1.4827e-08,0.0,4.4851e-08,0.0,-1.8404e-07,0.0,4.10971324,4.8518e-08,-1.0369e-08,0.0,-1.299396e-06,3.414e-09,9.31854e-07,0.0,0.0
1739.5,0.0,-8.84479e-07,1.949e-09,1.949e-09,-0.0,-0.0,-0.0,-0.0,6.34299e-07,151.94553,3.15e-10,1.0093e-08,0.0,3.053e-08,0.0,-1.8404e-07,0.0,5.66054847,3.3025e-08,-7.058e-09,0.0,-8.84479e-07,2.324e-09,6.34299e-07,0.0,0.0
1740.0,0.0,-6.02052e-07,1.327e-09,1.327e-09,-0.0,-0.0,-0.0,-0.0,4.31758e-07,151.94553,2.14e-10,6.87e-09,0.0,2.0781e-08,0.0,-1.8404e-07,0.0,7.21138369,2.248e-08,-4.804e-09,0.0,-6.02052e-07,1.582e-09,4.31758e-07,0.0,0.0
1740.5,0.0,-4.09808e-07,9.03e-10,9.03e-10,-0.0,-0.0,-0.0,-0.0,2.93891e-07,151.94553,1.46e-10,4.676e-09,0.0,1.4145e-08,0.0,-1.8404e-07,0.0,8.7466412,1.5302e-08,-3.27e-09,0.0,-4.09808e-07,1.077e-09,2.93891e-07,0.0,0.0
1741.0,0.0,-2.7895e-07,6.15e-10,6.15e-10,-0.0,-0.0,-0.0,-0.0,2.00047e-07,151.94553,9.9e-11,3.183e-09,0.0,9.629e-09,0.0,-1.8404e-07,0.0,9.305011,1.0416e-08,-2.226e-09,0.0,-2.7895e-07,7.33e-10,2.00047e-07,0.0,0.0
1741.5,0.0,-1.89877e-07,4.18e-10,4.18e-10,-0.0,-0.0,-0.0,-0.0,1.36169e-07,151.94553,6.8e-11,2.167e-09,0.0,6.554e-09,0.0,-1.8404e-07,0.0,9.305011,7.09e-09,-1.515e-09,0.0,-1.89877e-07,4.99e-10,1.36169e-07,0.0,0.0
1742.0,0.0,-1.29246e-07,2.85e-10,2.85e-10,-0.0,-0.0,-0.0,-0.0,9.2688e-08,151.94553,4.6e-11,1.475e-09,0.0,4.461e-09,0.0,-1.8404e-07,0.0,9.305011,4.826e-09,-1.031e-09,0.0,-1.29246e-07,3.4e-10,9.2688e-08,0.0,0.0
1742.5,0.0,-8.7976e-08,1.94e-10,1.94e-10,-0.0,-0.0,-0.0,-0.0,6.3091e-08,151.94553,3.1e-11,1.004e-09,0.0,3.037e-09,0.0,-1.8404e-07,0.0,9.305011,3.285e-09,-7.02e-10,0.0,-8.7976e-08,2.31e-10,6.3091e-08,0.0,0.0
1743.0,0.0,-5.9884e-08,1.32e-10,1.32e-10,-0.0,-0.0,-0.0,-0.0,4.2945e-08,151.94553,2.1e-11,6.83e-10,0.0,2.067e-09,0.0,-1.8404e-07,0.0,9.305011,2.236e-09,-4.78e-10,0.0,-5.9884e-08,1.57e-10,4.2945e-08,0.0,0.0
1743.5,0.0,-4.0762e-08,9e-11,9e-11,-0.0,-0.0,-0.0,-0.0,2.9232e-08,151.94553,1.5e-11,4.65e-10,0.0,1.407e-09,0.0,-1.8404e-07,0.0,9.305011,1.522e-09,-3.25e-10,0.0,-4.0762e-08,1.07e-10,2.9232e-08,0.0,0.0
1744.0,0.0,-2.7746e-08,6.1e-11,6.1e-11,-0.0,-0.0,-0.0,-0.0,1.9898e-08,151.94553,1e-11,3.17e-10,0.0,9.58e-10,0.0,-1.8404e-07,0.0,9.305011,1.036e-09,-2.21e-10,0.0,-2.7746e-08,7.3e-11,1.9898e-08,0.0,0.0
1744.5,0.0,-1.8886e-08,4.2e-11,4.2e-11,-0.0,-0.0,-0.0,-0.0,1.3544e-08,151.94553,7e-12,2.16e-10,0.0,6.52e-10,0.0,-1.8404e-07,0.0,9.305011,7.05e-10,-1.51e-10,0.0,-1.8886e-08,5e-11,1.3544e-08,0.0,0.0
1745.0,0.0,-1.2856e-08,2.8e-11,2.8e-11,-0.0,-0.0,-0.0,-0.0,9.219e-09,151.94553,5e-12,1.47e-10,0.0,4.44e-10,0.0,-1.8404e-07,0.0,9.305011,4.8e-10,-1.03e-10,0.0,-1.2856e-08,3.4e-11,9.219e-09,0.0,0.0
1745.5,0.0,-8.751e-09,1.9e-11,1.9e-11,-0.0,-0.0,-0.0,-0.0,6.275e-09,151.94553,3e-12,1e-10,0.0,3.02e-10,0.0,-1.8404e-07,0.0,9.305011,3.27e-10,-7e-11,0.0,-8.751e-09,2.3e-11,6.275e-09,0.0,0.0
1746.0,0.0,-5.956e-09,1.3e-11,1.3e-11,-0.0,-0.0,-0.0,-0.0,4.272e-09,151.94553,2e-12,6.8e-11,0.0,2.06e-10,0.0,-1.8404e-07,0.0,9.305011,2.22e-10,-4.8e-11,0.0,-5.956e-09,1.6e-11,4.272e-09,0.0,0.0
1746.5,0.0,-4.054e-09,9e-12,9e-12,-0.0,-0.0,-0.0,-0.0,2.908e-09,151.94553,1e-12,4.6e-11,0.0,1.4e-10,0.0,-1.8404e-07,0.0,9.2894333,1.51e-10,-3.2e-11,0.0,-4.054e-09,1.1e-11,2.908e-09,0.0,0.0
1747.0,0.0,-2.76e-09,6e-12,6e-12,-0.0,-0.0,-0.0,-0.0,1.979e-09,151.94553,1e-12,3.1e-11,0.0,9.5e-11,0.0,-1.8404e-07,0.0,8.29696818,1.03e-10,-2.2e-11,0.0,-2.76e-09,7e-12,1.979e-09,0.0,0.0
1747.5,0.0,-1.879e-09,4e-12,4e-12,-0.0,-0.0,-0.0,-0.0,1.347e-09,151.94553,1e-12,2.1e-11,0.0,6.5e-11,0.0,-1.8404e-07,0.0,6.74613315,7e-11,-1.5e-11,0.0,-1.879e-09,5e-12,1.347e-09,0.0,0.0
1748.0,0.0,-1.279e-09,3e-12,3e-12,-0.0,-0.0,-0.0,-0.0,9.17e-10,151.94553,0.0,1.5e-11,0.0,4.4e-11,0.0,-1.8404e-07,0.0,5.19529787,4.8e-11,-1e-11,0.0,-1.279e-09,3e-12,9.17e-10,0.0,0.0
1748.5,0.0,-8.7e-10,2e-12,2e-12,-0.0,-0.0,-0.0,-0.0,6.24e-10,151.94553,0.0,1e-11,0.0,3e-11,0.0,-1.8404e-07,0.0,3.64446273,3.2e-11,-7e-12,0.0,-8.7e-10,2e-12,6.24e-10,0.0,0.0
1749.0,0.0,-5.92e-10,1e-12,1e-12,-0.0,-0.0,-0.0,-0.0,4.25e-10,151.94553,0.0,7e-12,0.0,2e-11,0.0,-1.8404e-07,0.0,2.09362755,2.2e-11,-5e-12,0.0,-5.92e-10,2e-12,4.25e-10,0.0,0.0
1749.5,0.0,-4.03e-10,1e-12,1e-12,-0.0,-0.0,-0.0,-0.0,2.89e-10,151.94553,0.0,5e-12,0.0,1.4e-11,0.0,-1.8404e-07,0.0,0.558305982599,1.5e-11,-3e-12,0.0,-4.03e-10,1e-12,2.89e-10,0.0,0.0
1750.0,0.0,-2.75e-10,1e-12,1e-12,-0.0,-0.0,-0.0,-0.0,1.97e-10,151.94553,0.0,3e-12,0.0,9e-12,0.0,-1.8404e-07,0.0,0.0,1e-11,-2e-12,0.0,-2.75e-10,1e-12,1.97e-10,0.0,0.0
1750.5,0.0,-1.87e-10,0.0,0.0,-0.0,-0.0,-0.0,-0.0,1.34e-10,151.94553,0.0,2e-12,0.0,6e-12,0.0,-1.8404e-07,0.0,0.0,7e-12,-1e-12,0.0,-1.87e-10,0.0,1.34e-10,0.0,0.0
1751.0,0.0,-1.27e-10,0.0,0.0,-0.0,-0.0,-0.0,-0.0,9.1e-11,151.94553,0.0,1e-12,0.0,4e-12,0.0,-1.8404e-07,0.0,0.0,5e-12,-1e-12,0.0,-1.27e-10,0.0,9.1e-11,0.0,0.0
1751.5,0.0,-8.7e-11,0.0,0.0,-0.0,-0.0,-0.0,-0.0,6.2e-11,151.94553,0.0,1e-12,0.0,3e-12,0.0,-1.8404e-07,0.0,0.0,3e-12,-1e-12,0.0,-8.7e-11,0.0,6.2e-11,0.0,0.0
1752.0,0.0,-5.9e-11,0.0,0.0,-0.0,-0.0,-0.0,-0.0,4.2e-11,151.94553,0.0,1e-12,0.0,2e-12,0.0,-1.8404e-07,0.0,0.0,2e-12,-0.0,0.0,-5.9e-11,0.0,4.2e-11,0.0,0.0
1752.5,0.0,-4e-11,0.0,0.0,-0.0,-0.0,-0.0,-0.0,2.9e-11,151.94553,0.0,0.0,0.0,1e-12,0.0,-1.8404e-07,0.0,0.0,1e-12,-0.0,0.0,-4e-11,0.0,2.9e-11,0.0,0.0
1753.0,0.0,-2.7e-11,0.0,0.0,-0.0,-0.0,-0.0,-0.0,2e-11,151.94553,0.0,0.0,0.0,1e-12,0.0,-1.8404e-07,0.0,0.0,1e-12,-0.0,0.0,-2.7e-11,0.0,2e-11,0.0,0.0
1753.5,0.0,-1.9e-11,0.0,0.0,-0.0,-0.0,-0.0,-0.0,1.3e-11,151.94553,0.0,0.0,0.0,1e-12,0.0,-1.8404e-07,0.0,0.0,1e-12,-0.0,0.0,-1.9e-11,0.0,1.3e-11,0.0,0.0
1754.0,0.0,-1.3e-11,0.0,0.0,-0.0,-0.0,-0.0,-0.0,9e-12,151.94553,0.0,0.0,0.0,0.0,0.0,-1.8404e-07,0.0,0.0,0.0,-0.0,0.0,-1.3e-11,0.0,9e-12,0.0,0.0
1754.5,0.0,-9e-12,0.0,0.0,-0.0,-0.0,-0.0,-0.0,6e-12,151.94553,0.0,0.0,0.0,0.0,0.0,-1.8404e-07,0.0,0.0,0.0,-0.0,0.0,-9e-12,0.0,6e-12,0.0,0.0
1755.0,0.0,-6e-12,0.0,0.0,-0.0,-0.0,-0.0,-0.0,4e-12,151.94553,0.0,0.0,0.0,0.0,0.0,-1.8404e-07,0.0,0.0,0.0,-0.0,0.0,-6e-12,0.0,4e-12,0.0,0.0
1755.5,0.0,-4e-12,0.0,0.0,-0.0,-0.0,-0.0,-0.0,3e-12,151.94553,0.0,0.0,0.0,0.0,0.0,-1.8404e-07,0.0,0.0,0.0,-0.0,0.0,-4e-12,0.0,3e-12,0.0,0.0
1756.0,0.0,-3e-12,0.0,0.0,-0.0,-0.0,-0.0,-0.0,2e-12,151.94553,0.0,0.0,0.0,0.0,0.0,-1.8404e-07,0.0,0.0,0.0,-0.0,0.0,-3e-12,0.0,2e-12,0.0,0.0
1756.5,0.0,-2e-12,0.0,0.0,-0.0,-0.0,-0.0,-0.0,1e-12,151.94553,0.0,0.0,0.0,0.0,0.0,-1.8404e-07,0.0,0.0,0.0,-0.0,0.0,-2e-12,0.0,1e-12,0.0,0.0
1757.0,0.0,-1e-12,0.0,0.0,-0.0,-0.0,-0.0,-0.0,1e-12,151.94553,0.0,0.0,0.0,0.0,0.0,-1.8404e-07,0.0,0.0,0.0,-0.0,0.0,-1e-12,0.0,1e-12,0.0,0.0
1757.5,0.0,-1e-12,0.0,0.0,-0.0,-0.0,-0.0,-0.0,1e-12,151.94553,0.0,0.0,0.0,0.0,0.0,-1.8404e-07,0.0,0.0,0.0,-0.0,0.0,-1e-12,0.0,1e-12,0.0,0.0
1758.0,0.0,-1e-12,0.0,0.0,-0.0,-0.0,-0.0,-0.0,0.0,151.94553,0.0,0.0,0.0,0.0,0.0,-1.8404e-07,0.0,0.0,0.0,-0.0,0.0,-1e-12,0.0,0.0,0.0,0.0
1758.5,0.0,-0.0,0.0,0.0,-0.0,-0.0,-0.0,-0.0,0.0,151.94553,0.0,0.0,0.0,0.0,0.0,-1.8404e-07,0.0,0.0,0.0,-0.0,0.0,-0.0,0.0,0.0,0.0,0.0
1759.0,0.0,-0.0,0.0,0.0,-0.0,-0.0,-0.0,-0.0,0.0,151.94553,0.0,0.0,0.0,0.0,0.0,-1.8404e-07,0.0,0.0,0.0,-0.0,0.0,-0.0,0.0,0.0,0.0,0.0
1759.5,0.0,-0.0,0.0,0.0,-0.0,-0.0,-0.0,-0.0,0.0,151.94553,0.0,0.0,0.0,0.0,0.0,-1.8404e-07,0.0,0.0,0.0,-0.0,0.0,-0.0,0.0,0.0,0.0,0.0
1760.0,0.0,-0.0,0.0,0.0,-0.0,-0.0,-0.0,-0.0,0.0,151.94553,0.0,0.0,0.0,0.0,0.0,-1.8404e-07,0.0,0.0,0.0,-0.0,0.0,-0.0,0.0,0.0,0.0,0.0
1760.5,0.0,-0.0,0.0,0.0,-0.0,-0.0,-0.0,-0.0,0.0,151.94553,0.0,0.0,0.0,0.0,0.0,-1.8404e-07,0.0,0.0,0.0,-0.0,0.0,-0.0,0.0,0.0,0.0,0.0
1761.0,0.0,-0.0,0.0,0.0,-0.0,-0.0,-0.0,-0.0,0.0,151.94553,0.0,0.0,0.0,0.0,0.0,-1.8404e-07,0.0,0.0,0.0,-0.0,0.0,-0.0,0.0,0.0,0.0,0.0
1761.5,0.0,-0.0,0.0,0.0,-0.0,-0.0,-0.0,-0.0,0.0,151.94553,0.0,0.0,0.0,0.0,0.0,-1.8404e-07,0.0,0.0,0.0,-0.0,0.0,-0.0,0.0,0.0,0.0,0.0
1762.0,0.0,-0.0,0.0,0.0,-0.0,-0.0,-0.0,-0.0,0.0,151.94553,0.0,0.0,0.0,0.0,0.0,-1.8404e-07,0.0,0.0,0.0,-0.0,0.0,-0.0,0.0,0.0,0.0,0.0
1762.5,0.0,-0.0,0.0,0.0,-0.0,-0.0,-0.0,-0.0,0.0,151.94553,0.0,0.0,0.0,0.0,0.0,-1.8404e-07,0.0,0.0,0.0,-0.0,0.0,-0.0,0.0,0.0,0.0,0.0
1763.0,0.0,-0.0,0.0,0.0,-0.0,-0.0,-0.0,-0.0,0.0,151.94553,0.0,0.0,0.0,0.0,0.0,-1.8404e-07,0.0,0.0,0.0,-0.0,0.0,-0.0,0.0,0.0,0.0,0.0
1763.5,0.0,-0.0,0.0,0.0,-0.0,-0.0,-0.0,-0.0,0.0,151.94553,0.0,0.0,0.0,0.0,0.0,-1.8404e-07,0.0,0.0,0.0,-0.0,0.0,-0.0,0.0,0.0,0.0,0.0
1764.0,0.0,-0.0,0.0,0.0,-0.0,-0.0,-0.0,-0.0,0.0,151.94553,0.0,0.0,0.0,0.0,0.0,-1.8404e-07,0.0,0.0,0.0,-0.0,0.0,-0.0,0.0,0.0,0.0,0.0
1764.5,0.0,-0.0,0.0,0.0,-0.0,-0.0,-0.0,-0.0,0.0,151.94553,0.0,0.0,0.0,0.0,0.0,-1.8404e-07,0.0,0.0,0.0,-0.0,0.0,-0.0,0.0,0.0,0.0,0.0
1765.0,0.0,-0.0,0.0,0.0,-0.0,-0.0,-0.0,-0.0,0.0,151.94553,0.0,0.0,0.0,0.0,0.0,-1.8404e-07,0.0,0.0,0.0,-0.0,0.0,-0.0,0.0,0.0,0.0,0.0
1765.5,0.0,-0.0,0.0,0.0,-0.0,-0.0,-0.0,-0.0,0.0,151.94553,0.0,0.0,0.0,0.0,0.0,-1.8404e-07,0.0,0.0,0.0,-0.0,0.0,-0.0,0.0,0.0,0.0,0.0
1766.0,0.0,-0.0,0.0,0.0,-0.0,-0.0,-0.0,-0.0,0.0,151.94553,0.0,0.0,0.0,0.0,0.0,-1.8404e-07,0.0,0.0,0.0,-0.0,0.0,-0.0,0.0,0.0,0.0,0.0
1766.5,0.0,-0.0,0.0,0.0,-0.0,-0.0,-0.0,-0.0,0.0,151.94553,0.0,0.0,0.0,0.0,0.0,-1.8404e-07,0.0,0.0,0.0,-0.0,0.0,-0.0,0.0,0.0,0.0,0.0
1767.0,0.0,-0.0,0.0,0.0,-0.0,-0.0,-0.0,-0.0,0.0,151.94553,0.0,0.0,0.0,0.0,0.0,-1.8404e-07,0.0,0.0,0.0,-0.0,0.0,-0.0,0.0,0.0,0.0,0.0
1767.5,0.0,-0.0,0.0,0.0,-0.0,-0.0,-0.0,-0.0,0.0,151.94553,0.0,0.0,0.0,0.0,0.0,-1.8404e-07,0.0,0.0,0.0,-0.0,0.0,-0.0,0.0,0.0,0.0,0.0
1768.0,0.0,-0.0,0.0,0.0,-0.0,-0.0,-0.0,-0.0,0.0,151.94553,0.0,0.0,0.0,0.0,0.0,-1.8404e-07,0.0,0.0,0.0,-0.0,0.0,-0.0,0.0,0.0,0.0,0.0
1768.5,0.0,-0.0,0.0,0.0,-0.0,-0.0,-0.0,-0.0,0.0,151.94553,0.0,0.0,0.0,0.0,0.0,-1.8404e-07,0.0,0.0,0.0,-0.0,0.0,-0.0,0.0,0.0,0.0,0.0
1769.0,0.0,-0.0,0.0,0.0,-0.0,-0.0,-0.0,-0.0,0.0,151.94553,0.0,0.0,0.0,0.0,0.0,-1.8404e-07,0.0,0.0,0.0,-0.0,0.0,-0.0,0.0,0.0,0.0,0.0
1769.5,0.0,-0.0,0.0,0.0,-0.0,-0.0,-0.0,-0.0,0.0,151.94553,0.0,0.0,0.0,0.0,0.0,-1.8404e-07,0.0,0.0,0.0,-0.0,0.0,-0.0,0.0,0.0,0.0,0.0
1770.0,0.0,-0.0,0.0,0.0,-0.0,-0.0,-0.0,-0.0,0.0,151.94553,0.0,0.0,0.0,0.0,0.0,-1.8404e-07,0.0,0.0,0.0,-0.0,0.0,-0.0,0.0,0.0,0.0,0.0
1770.5,0.0,-0.0,0.0,0.0,-0.0,-0.0,-0.0,-0.0,0.0,151.94553,0.0,0.0,0.0,0.0,0.0,-1.8404e-07,0.0,0.0,0.0,-0.0,0.0,-0.0,0.0,0.0,0.0,0.0
1771.0,0.0,-0.0,0.0,0.0,-0.0,-0.0,-0.0,-0.0,0.0,151.94553,0.0,0.0,0.0,0.0,0.0,-1.8404e-07,0.0,0.0,0.0,-0.0,0.0,-0.0,0.0,0.0,0.0,0.0
1771.5,0.0,-0.0,0.0,0.0,-0.0,-0.0,-0.0,-0.0,0.0,151.94553,0.0,0.0,0.0,0.0,0.0,-1.8404e-07,0.0,0.0,0.0,-0.0,0.0,-0.0,0.0,0.0,0.0,0.0
1772.0,0.0,-0.0,0.0,0.0,-0.0,-0.0,-0.0,-0.0,0.0,151.94553,0.0,0.0,0.0,0.0,0.0,-1.8404e-07,0.0,0.0,0.0,-0.0,0.0,-0.0,0.0,0.0,0.0,0.0
1772.5,0.0,-0.0,0.0,0.0,-0.0,-0.0,-0.0,-0.0,0.0,151.94553,0.0,0.0,0.0,0.0,0.0,-1.8404e-07,0.0,0.0,0.0,-0.0,0.0,-0.0,0.0,0.0,0.0,0.0
1773.0,0.0,-0.0,0.0,0.0,-0.0,-0.0,-0.0,-0.0,0.0,151.94553,0.0,0.0,0.0,0.0,0.0,-1.8404e-07,0.0,0.0,0.0,-0.0,0.0,-0.0,0.0,0.0,0.0,0.0
1773.5,0.0,-0.0,0.0,0.0,-0.0,-0.0,-0.0,-0.0,0.0,151.94553,0.0,0.0,0.0,0.0,0.0,-1.8404e-07,0.0,0.0,0.0,-0.0,0.0,-0.0,0.0,0.0,0.0,0.0
1774.0,0.0,-0.0,0.0,0.0,-0.0,-0.0,-0.0,-0.0,0.0,151.94553,0.0,0.0,0.0,0.0,0.0,-1.8404e-07,0.0,0.0,0.0,-0.0,0.0,-0.0,0.0,0.0,0.0,0.0
1774.5,0.0,-0.0,0.0,0.0,-0.0,-0.0,-0.0,-0.0,0.0,151.94553,0.0,0.0,0.0,0.0,0.0,-1.8404e-07,0.0,0.0,0.0,-0.0,0.0,-0.0,0.0,0.0,0.0,0.0
1775.0,0.0,-0.0,0.0,0.0,-0.0,-0.0,-0.0,-0.0,0.0,151.94553,0.0,0.0,0.0,0.0,0.0,-1.8404e-07,0.0,0.0,0.0,-0.0,0.0,-0.0,0.0,0.0,0.0,0.0
1775.5,0.0,-0.0,0.0,0.0,-0.0,-0.0,-0.0,-0.0,0.0,151.94553,0.0,0.0,0.0,0.0,0.0,-1.8404e-07,0.0,0.0,0.0,-0.0,0.0,-0.0,0.0,0.0,0.0,0.0
1776.0,0.0,-0.0,0.0,0.0,-0.0,-0.0,-0.0,-0.0,0.0,151.94553,0.0,0.0,0.0,0.0,0.0,-1.8404e-07,0.0,0.0,0.0,-0.0,0.0,-0.0,0.0,0.0,0.0,0.0
1776.5,0.0,-0.0,0.0,0.0,-0.0,-0.0,-0.0,-0.0,0.0,151.94553,0.0,0.0,0.0,0.0,0.0,-1.8404e-07,0.0,0.0,0.0,-0.0,0.0,-0.0,0.0,0.0,0.0,0.0
1777.0,0.0,-0.0,0.0,0.0,-0.0,-0.0,-0.0,-0.0,0.0,151.94553,0.0,0.0,0.0,0.0,0.0,-1.8404e-07,0.0,0.0,0.0,-0.0,0.0,-0.0,0.0,0.0,0.0,0.0
1777.5,0.0,-0.0,0.0,0.0,-0.0,-0.0,-0.0,-0.0,0.0,151.94553,0.0,0.0,0.0,0.0,0.0,-1.8404e-07,0.0,0.0,0.0,-0.0,0.0,-0.0,0.0,0.0,0.0,0.0
1778.0,0.0,-0.0,0.0,0.0,-0.0,-0.0,-0.0,-0.0,0.0,151.94553,0.0,0.0,0.0,0.0,0.0,-1.8404e-07,0.0,0.0,0.0,-0.0,0.0,-0.0,0.0,0.0,0.0,0.0
1778.5,0.0,-0.0,0.0,0.0,-0.0,-0.0,-0.0,-0.0,0.0,151.94553,0.0,0.0,0.0,0.0,0.0,-1.8404e-07,0.0,0.0,0.0,-0.0,0.0,-0.0,0.0,0.0,0.0,0.0
1779.0,0.0,-0.0,0.0,0.0,-0.0,-0.0,-0.0,-0.0,0.0,151.94553,0.0,0.0,0.0,0.0,0.0,-1.8404e-07,0.0,0.0,0.0,-0.0,0.0,-0.0,0.0,0.0,0.0,0.0
1779.5,0.0,-0.0,0.0,0.0,-0.0,-0.0,-0.0,-0.0,0.0,151.94553,0.0,0.0,0.0,0.0,0.0,-1.8404e-07,0.0,0.0,0.0,-0.0,0.0,-0.0,0.0,0.0,0.0,0.0
1780.0,0.0,-0.0,0.0,0.0,-0.0,-0.0,-0.0,-0.0,0.0,151.94553,0.0,0.0,0.0,0.0,0.0,-1.8404e-07,0.0,0.0,0.0,-0.0,0.0,-0.0,0.0,0.0,0.0,0.0
1780.5,0.0,-0.0,0.0,0.0,-0.0,-0.0,-0.0,-0.0,0.0,151.94553,0.0,0.0,0.0,0.0,0.0,-1.8404e-07,0.0,0.0,0.0,-0.0,0.0,-0.0,0.0,0.0,0.0,0.0
1781.0,0.0,-0.0,0.0,0.0,-0.0,-0.0,-0.0,-0.0,0.0,151.94553,0.0,0.0,0.0,0.0,0.0,-1.8404e-07,0.0,0.0,0.0,-0.0,0.0,-0.0,0.0,0.0,0.0,0.0
1781.5,0.0,-0.0,0.0,0.0,-0.0,-0.0,-0.0,-0.0,0.0,151.94553,0.0,0.0,0.0,0.0,0.0,-1.8404e-07,0.0,0.0,0.0,-0.0,0.0,-0.0,0.0,0.0,0.0,0.0
1782.0,0.0,-0.0,0.0,0.0,-0.0,-0.0,-0.0,-0.0,0.0,151.94553,0.0,0.0,0.0,0.0,0.0,-1.8404e-07,0.0,0.0,0.0,-0.0,0.0,-0.0,0.0,0.0,0.0,0.0
1782.5,0.0,-0.0,0.0,0.0,-0.0,-0.0,-0.0,-0.0,0.0,151.94553,0.0,0.0,0.0,0.0,0.0,-1.8404e-07,0.0,0.0,0.0,-0.0,0.0,-0.0,0.0,0.0,0.0,0.0
1783.0,0.0,-0.0,0.0,0.0,-0.0,-0.0,-0.0,-0.0,0.0,151.94553,0.0,0.0,0.0,0.0,0.0,-1.8404e-07,0.0,0.0,0.0,-0.0,0.0,-0.0,0.0,0.0,0.0,0.0
1783.5,0.0,-0.0,0.0,0.0,-0.0,-0.0,-0.0,-0.0,0.0,151.94553,0.0,0.0,0.0,0.0,0.0,-1.8404e-07,0.0,0.0,0.0,-0.0,0.0,-0.0,0.0,0.0,0.0,0.0
1784.0,0.0,-0.0,0.0,0.0,-0.0,-0.0,-0.0,-0.0,0.0,151.94553,0.0,0.0,0.0,0.0,0.0,-1.8404e-07,0.0,0.0,0.0,-0.0,0.0,-0.0,0.0,0.0,0.0,0.0
1784.5,0.0,-0.0,0.0,0.0,-0.0,-0.0,-0.0,-0.0,0.0,151.94553,0.0,0.0,0.0,0.0,0.0,-1.8404e-07,0.0,0.0,0.0,-0.0,0.0,-0.0,0.0,0.0,0.0,0.0
1785.0,0.0,-0.0,0.0,0.0,-0.0,-0.0,-0.0,-0.0,0.0,151.94553,0.0,0.0,0.0,0.0,0.0,-1.8404e-07,0.0,0.0,0.0,-0.0,0.0,-0.0,0.0,0.0,0.0,0.0
1785.5,0.0,-0.0,0.0,0.0,-0.0,-0.0,-0.0,-0.0,0.0,151.94553,0.0,0.0,0.0,0.0,0.0,-1.8404e-07,0.0,0.0,0.0,-0.0,0.0,-0.0,0.0,0.0,0.0,0.0
1786.0,0.0,-0.0,0.0,0.0,-0.0,-0.0,-0.0,-0.0,0.0,151.94553,0.0,0.0,0.0,0.0,0.0,-1.8404e-07,0.0,0.0,0.0,-0.0,0.0,-0.0,0.0,0.0,0.0,0.0
1786.5,0.0,-0.0,0.0,0.0,-0.0,-0.0,-0.0,-0.0,0.0,151.94553,0.0,0.0,0.0,0.0,0.0,-1.8404e-07,0.0,0.0,0.0,-0.0,0.0,-0.0,0.0,0.0,0.0,0.0
1787.0,0.0,-0.0,0.0,0.0,-0.0,-0.0,-0.0,-0.0,0.0,151.94553,0.0,0.0,0.0,0.0,0.0,-1.8404e-07,0.0,0.0,0.0,-0.0,0.0,-0.0,0.0,0.0,0.0,0.0
1787.5,0.0,-0.0,0.0,0.0,-0.0,-0.0,-0.0,-0.0,0.0,151.94553,0.0,0.0,0.0,0.0,0.0,-1.8404e-07,0.0,0.0,0.0,-0.0,0.0,-0.0,0.0,0.0,0.0,0.0
1788.0,0.0,-0.0,0.0,0.0,-0.0,-0.0,-0.0,-0.0,0.0,151.94553,0.0,0.0,0.0,0.0,0.0,-1.8404e-07,0.0,0.0,0.0,-0.0,0.0,-0.0,0.0,0.0,0.0,0.0
1788.5,0.0,-0.0,0.0,0.0,-0.0,-0.0,-0.0,-0.0,0.0,151.94553,0.0,0.0,0.0,0.0,0.0,-1.8404e-07,0.0,0.0,0.0,-0.0,0.0,-0.0,0.0,0.0,0.0,0.0
1789.0,0.0,-0.0,0.0,0.0,-0.0,-0.0,-0.0,-0.0,0.0,151.94553,0.0,0.0,0.0,0.0,0.0,-1.8404e-07,0.0,0.0,0.0,-0.0,0.0,-0.0,0.0,0.0,0.0,0.0
1789.5,0.0,-0.0,0.0,0.0,-0.0,-0.0,-0.0,-0.0,0.0,151.94553,0.0,0.0,0.0,0.0,0.0,-1.8404e-07,0.0,0.0,0.0,-0.0,0.0,-0.0,0.0,0.0,0.0,0.0
1790.0,0.0,-0.0,0.0,0.0,-0.0,-0.0,-0.0,-0.0,0.0,151.94553,0.0,0.0,0.0,0.0,0.0,-1.8404e-07,0.0,0.0,0.0,-0.0,0.0,-0.0,0.0,0.0,0.0,0.0
1790.5,0.0,-0.0,0.0,0.0,-0.0,-0.0,-0.0,-0.0,0.0,151.94553,0.0,0.0,0.0,0.0,0.0,-1.8404e-07,0.0,0.0,0.0,-0.0,0.0,-0.0,0.0,0.0,0.0,0.0
1791.0,0.0,-0.0,0.0,0.0,-0.0,-0.0,-0.0,-0.0,0.0,151.94553,0.0,0.0,0.0,0.0,0.0,-1.8404e-07,0.0,0.0,0.0,-0.0,0.0,-0.0,0.0,0.0,0.0,0.0
1791.5,0.0,-0.0,0.0,0.0,-0.0,-0.0,-0.0,-0.0,0.0,151.94553,0.0,0.0,0.0,0.0,0.0,-1.8404e-07,0.0,0.00934024104,0.0,-0.0,0.0,-0.0,0.0,0.0,0.0,0.0
1792.0,0.0,-0.0,0.0,0.0,-0.0,-0.0,-0.0,-0.0,0.0,151.94553,0.0,0.0,0.0,0.0,0.0,-1.8404e-07,0.0,0.605231202,0.0,-0.0,0.0,-0.0,0.0,0.0,0.0,0.0
1792.5,0.0,-0.0,0.0,0.0,-0.0,-0.0,-0.0,-0.0,0.0,151.94553,0.0,0.0,0.0,0.0,0.0,-1.8404e-07,0.0,1.53635617,0.0,-0.0,0.0,-0.0,0.0,0.0,0.0,0.0
1793.0,0.0,-0.0,0.0,0.0,-0.0,-0.0,-0.0,-0.0,0.0,151.94553,0.0,0.0,0.0,0.0,0.0,-1.8404e-07,0.0,2.4674811,0.0,-0.0,0.0,-0.0,0.0,0.0,0.0,0.0
1793.5,0.0,-0.0,0.0,0.0,-0.0,-0.0,-0.0,-0.0,0.0,151.94553,0.0,0.0,0.0,0.0,0.0,-1.8404e-07,0.0,3.39860605,0.0,-0.0,0.0,-0.0,0.0,0.0,0.0,0.0
1794.0,0.0,-0.0,0.0,0.0,-0.0,-0.0,-0.0,-0.0,0.0,151.94553,0.0,0.0,0.0,0.0,0.0,-1.8404e-07,0.0,4.32973102,0.0,-0.0,0.0,-0.0,0.0,0.0,0.0,0.0
1794.5,0.0,-0.0,0.0,0.0,-0.0,-0.0,-0.0,-0.0,0.0,151.94553,0.0,0.0,0.0,0.0,0.0,-1.8404e-07,0.0,5.25231179,0.0,-0.0,0.0,-0.0,0.0,0.0,0.0,0.0
1795.0,0.0,-0.0,0.0,0.0,-0.0,-0.0,-0.0,-0.0,0.0,151.94553,0.0,0.0,0.0,0.0,0.0,-1.8404e-07,0.0,5.63852117,0.0,-0.0,0.0,-0.0,0.0,0.0,0.0,0.0
1795.5,0.0,-0.0,0.0,0.0,-0.0,-0.0,-0.0,-0.0,0.0,151.94553,0.0,0.0,0.0,0.0,0.0,-1.8404e-07,0.0,5.71816987,0.0,-0.0,0.0,-0.0,0.0,0.0,0.0,0.0
1796.0,0.0,-0.0,0.0,0.0,-0.0,-0.0,-0.0,-0.0,0.0,151.94553,0.0,0.0,0.0,0.0,0.0,-1.8404e-07,0.0,5.7978184,0.0,-0.0,0.0,-0.0,0.0,0.0,0.0,0.0
1796.5,0.0,-0.0,0.0,0.0,-0.0,-0.0,-0.0,-0.0,0.0,151.94553,0.0,0.0,0.0,0.0,0.0,-1.8404e-07,0.0,5.87746705,0.0,-0.0,0.0,-0.0,0.0,0.0,0.0,0.0
1797.0,0.0,-0.0,0.0,0.0,-0.0,-0.0,-0.0,-0.0,0.0,151.94553,0.0,0.0,0.0,0.0,0.0,-1.8404e-07,0.0,5.95711567,0.0,-0.0,0.0,-0.0,0.0,0.0,0.0,0.0
1797.5,0.0,-0.0,0.0,0.0,-0.0,-0.0,-0.0,-0.0,0.0,151.94553,0.0,0.0,0.0,0.0,0.0,-1.8404e-07,0.0,6.03596501,0.0,-0.0,0.0,-0.0,0.0,0.0,0.0,0.0
1798.0,0.0,-0.0,0.0,0.0,-0.0,-0.0,-0.0,-0.0,0.0,151.94553,0.0,0.0,0.0,0.0,0.0,-1.8404e-07,0.0,6.0646415,0.0,-0.0,0.0,-0.0,0.0,0.0,0.0,0.0
1798.5,0.0,-0.0,0.0,0.0,-0.0,-0.0,-0.0,-0.0,0.0,151.94553,0.0,0.0,0.0,0.0,0.0,-1.8404e-07,0.0,6.0646415,0.0,-0.0,0.0,-0.0,0.0,0.0,0.0,0.0
1799.0,0.0,-0.0,0.0,0.0,-0.0,-0.0,-0.0,-0.0,0.0,151.94553,0.0,0.0,0.0,0.0,0.0,-1.8404e-07,0.0,6.0646415,0.0,-0.0,0.0,-0.0,0.0,0.0,0.0,0.0
1799.5,0.0,-0.0,0.0,0.0,-0.0,-0.0,-0.0,-0.0,0.0,151.94553,0.0,0.0,0.0,0.0,0.0,-1.8404e-07,0.0,6.0646415,0.0,-0.0,0.0,-0.0,0.0,0.0,0.0,0.0
1800.0,0.0,-0.0,0.0,0.0,-0.0,-0.0,-0.0,-0.0,0.0,151.94553,0.0,0.0,0.0,0.0,0.0,-1.8404e-07,0.0,6.0646415,0.0,-0.0,0.0,-0.0,0.0,0.0,0.0,0.0
