Time01,ICE_Torque;Nm,EM1_Speed;rpm,EM1_Torque;Nm,EM1_Torque_ist;Nm,EM1_Power;kW,EM1_Power_ist;kW,EM1_elPower;kW,EM1_elPower_ist;kW,EM2_Speed;rpm,EM2_Torque;Nm,EM2_Torque_ist;Nm,EM2_Power;kW,EM2_Power_ist;kW,EM2_elPower;kW,EM2_elPower_ist;kW,SOC;1,ICE_Speed_soll;rpm,Brake;perc,Car_Speed;kmph,Car_Acc;mpsh2,Grade;perc,Sun_Speed;rpm,Carrier_Speed;rpm,Ring_Speed;rpm,Brake_Trq;Nm,Brake_Pwr;kW
0.0,241.17696,1038.1914,-10.191629,-10.191629,-1.1080476,-1.1080476,-0.8682057,-0.8682057,1.4876993,46.335873,46.335873,0.007218735,0.007218735,0.02173906,0.02173906,0.1967058,1762.2188,0.0,0.07745806,0.4321109,0.0,1038.1914,432.8678,1.4876993,0.0,0.0
0.5,241.17696,3472.73054,-75.7167128,-75.7167128,-29.17435593,-29.17435593,-27.06441086,-27.06441086,10.51213416,46.57966,46.57966,0.0514776893,0.0514776893,0.1499272845,0.1499272845,0.196776298,1762.2188,0.0,0.547321346,0.494276005,0.0,3472.73054,1451.16678,10.51213416,0.0,0.0
1.0,241.17696,4173.17035,-99.9425325,-99.9425325,-43.6767494,-43.6767494,-40.5314891,-40.5314891,29.1118185,62.4604183,62.4604183,0.194726775,0.194726775,0.533099158,0.533099158,0.197005838,1762.2188,0.0,1.51572646,0.580009055,0.0,4173.17035,1753.48511,29.1118185,0.0,0.0
1.5,241.17696,4158.31616,-100.5286291,-100.5286291,-43.7759646,-43.7759646,-40.6032331,-40.6032331,50.5796796,87.0923789,87.0923789,0.465947366,0.465947366,1.19224689,1.19224689,0.197252461,1762.2188,0.0,2.63346507,0.660649844,0.0,4158.31616,1759.83913,50.5796796,0.0,0.0
2.0,241.17696,4125.54694,-100.5476894,-100.5476894,-43.4392423,-43.4392423,-40.2692228,-40.2692228,74.1393488,96.08832,96.08832,0.746015709,0.746015709,1.78831535,1.78831535,0.197494737,1762.2188,0.0,3.86011519,0.689675718,0.0,4125.54694,1759.95992,74.1393488,0.0,0.0
2.5,241.17696,4092.15355,-100.5471836,-100.5471836,-43.087417,-43.087417,-39.9214993,-39.9214993,97.9796677,96.08832,96.08832,0.985905201,0.985905201,2.21730184,2.21730184,0.19773296,1762.2188,0.0,5.10137743,0.689497776,0.0,4092.15355,1759.98494,97.9796677,0.0,0.0
3.0,241.17696,4058.7865,-100.5471068,-100.5471068,-42.7360518,-42.7360518,-39.5745627,-39.5745627,121.8130008,96.08832,96.08832,1.22572445,1.22572445,2.59586398,2.59586398,0.197967523,1762.2188,0.0,6.34227617,0.689271587,0.0,4058.7865,1760.01673,121.8130008,0.0,0.0
3.5,240.429561,4024.23583,-100.421204,-100.421204,-42.3195411,-42.3195411,-39.1692165,-39.1692165,145.635905,96.08832,96.08832,1.46543872,1.46543872,2.93235596,2.93235596,0.198198614,1762.2188,0.0,7.58263156,0.687909406,0.0,4024.23583,1759.54997,145.635905,0.0,0.0
4.0,192.60298,3900.32391,-81.2322286,-81.2322286,-33.2134589,-33.2134589,-30.9374398,-30.9374398,168.271693,96.08832,96.08832,1.69320785,1.69320785,3.21958889,3.21958889,0.198411336,1762.2188,0.0,8.7611792,0.598520755,0.0,3900.32391,1721.20619,168.271693,0.0,0.0
4.5,118.471052,3841.93265,-49.8786661,-49.8786661,-20.0754342,-20.0754342,-18.9002012,-18.9002012,186.481122,96.08832,96.08832,1.87643739,1.87643739,3.43071866,3.43071866,0.198560068,1758.63801,0.0,9.70926535,0.457313952,0.0,3841.93265,1707.54144,186.481122,0.0,0.0
5.0,81.801099,3366.88458,-41.9218639,-41.9218639,-14.8194534,-14.8194534,-13.90155345,-13.90155345,201.012616,96.08832,96.08832,2.02265827,2.02265827,3.60474792,3.60474792,0.198654327,1530.46491,0.0,10.46585735,0.40047662,0.0,3366.88458,1518.35534,201.012616,0.0,0.0
5.5,66.696331,2495.748,-35.2247913,-35.2247913,-9.2739516,-9.2739516,-8.56709079,-8.56709079,214.366048,96.08832,96.08832,2.15702512,2.15702512,3.7721976,3.7721976,0.198714066,1177.4927,0.0,11.161113,0.370987877,0.0,2495.748,1163.665927,214.366048,0.0,0.0
6.0,61.203297,2168.84622,-24.8487288,-24.8487288,-5.64426452,-5.64426452,-5.14894573,-5.14894573,226.660626,96.08832,96.08832,2.28073744,2.28073744,3.92090393,3.92090393,0.198735207,1049.1301,0.0,11.8012386,0.346299123,0.0,2168.84622,1034.818364,226.660626,0.0,0.0
6.5,61.2072814,2194.20873,-23.65148243,-23.65148243,-5.41589301,-5.41589301,-4.92638593,-4.92638593,238.648015,96.08832,96.08832,2.4013587,2.4013587,4.06108412,4.06108412,0.198746071,1060.79455,0.0,12.4253697,0.343985124,0.0,2194.20873,1052.37127,238.648015,0.0,0.0
7.0,61.4614183,3899.7871,2.084245111,2.084245111,0.790271267,0.790271267,1.021725101,1.021725101,249.691911,96.08832,96.08832,2.51248615,2.51248615,4.18629678,4.18629678,0.198722274,1804.83429,0.0,13.00037775,0.299279768,0.0,3899.7871,1768.52345,249.691911,0.0,0.0
7.5,61.8545426,6737.13248,-2.856468303,-2.856468303,-2.3808146034,-2.3808146034,-2.222656827,-2.222656827,260.116876,96.08832,96.08832,2.61738577,2.61738577,4.30109572,4.30109572,0.198677125,2947.99991,0.0,13.5431602,0.308093634,0.0,6737.13248,2955.25088,260.116876,0.0,0.0
8.0,61.997513,6643.23643,-46.1669387,-46.1669387,-32.1867622,-32.1867622,-30.8632043,-30.8632043,272.195553,96.08832,96.08832,2.73892551,2.73892551,4.43014922,4.43014922,0.198770059,2869.25375,0.0,14.1720452,0.383323469,0.0,6643.23643,2923.23265,272.195553,0.0,0.0
8.5,61.997513,4633.22354,-42.181227,-42.181227,-20.5765766,-20.5765766,-19.5435923,-19.5435923,285.34037,96.08832,96.08832,2.87119322,2.87119322,4.56615779,4.56615779,0.198914227,2099.9468,0.0,14.8564387,0.376079569,0.0,4633.22354,2094.52665,285.34037,0.0,0.0
9.0,61.997513,3896.29846,-24.7463093,-24.7463093,-10.09829655,-10.09829655,-9.48623845,-9.48623845,297.760708,96.08832,96.08832,2.99617098,2.99617098,4.69056264,4.69056264,0.198982229,1820.1581,0.0,15.50311195,0.34543793,0.0,3896.29846,1795.13883,297.760708,0.0,0.0
9.5,61.997513,3933.14153,-25.835078,-25.835078,-10.6408734,-10.6408734,-10.0067458,-10.0067458,309.735622,95.904712,95.904712,3.11060764,3.11060764,4.79722816,4.79722816,0.199023789,1820.1581,0.0,16.1265938,0.346424298,0.0,3933.14153,1817.46158,309.735622,0.0,0.0
10.0,61.997513,3918.61164,-25.8824985,-25.8824985,-10.6210415,-10.6210415,-9.98720175,-9.98720175,321.205055,83.9708483,83.9708483,2.82276933,2.82276933,4.29176805,4.29176805,0.199067784,1820.1581,0.0,16.7237576,0.307595153,0.0,3918.61164,1818.1125,321.205055,0.0,0.0
10.5,61.997513,3905.20771,-25.8662847,-25.8662847,-10.5780809,-10.5780809,-9.9456332,-9.9456332,330.789049,65.461005,65.461005,2.26627159,2.26627159,3.43619662,3.43619662,0.199117226,1820.1581,0.0,17.2227548,0.247410278,0.0,3905.20771,1818.13105,330.789049,0.0,0.0
11.0,61.997513,3894.04753,-25.8597437,-25.8597437,-10.5451821,-10.5451821,-9.9137693,-9.9137693,338.796294,58.701416,58.701416,2.08264787,2.08264787,3.15781246,3.15781246,0.19917115,1820.1581,0.0,17.6396575,0.225287121,0.0,3894.04753,1818.16258,338.796294,0.0,0.0
11.5,61.997513,3883.16576,-25.8601484,-25.8601484,-10.51587895,-10.51587895,-9.8853538,-9.8853538,346.580638,58.6533359,58.6533359,2.12873713,2.12873713,3.19770799,3.19770799,0.199225217,1820.1581,0.0,18.0449545,0.224902349,0.0,3883.16576,1818.17982,346.580638,0.0,0.0
12.0,61.997513,3872.45828,-25.8573919,-25.8573919,-10.4857644,-10.4857644,-9.85616525,-9.85616525,354.219839,55.5282952,55.5282952,2.05944258,2.05944258,3.08711767,3.08711767,0.199279191,1820.1581,0.0,18.4426946,0.214558737,0.0,3872.45828,1818.18485,354.219839,0.0,0.0
12.5,61.997513,3862.4581,-25.8528164,-25.8528164,-10.45683555,-10.45683555,-9.8280175,-9.8280175,361.359909,50.6812413,50.6812413,1.91758046,1.91758046,2.88126915,2.88126915,0.19933426,1820.1581,0.0,18.8144476,0.198648064,0.0,3862.4581,1818.1927,361.359909,0.0,0.0
13.0,61.997513,3853.06019,-25.8510564,-25.8510564,-10.430682,-10.430682,-9.8025207,-9.8025207,368.08189,48.91115,48.91115,1.88530219,1.88530219,2.82101479,2.82101479,0.199390257,1820.1581,0.0,19.1644319,0.192703721,0.0,3853.06019,1818.2071,368.08189,0.0,0.0
13.5,61.686376,3834.39802,-27.2722349,-27.2722349,-10.9376771,-10.9376771,-10.2825261,-10.2825261,374.744526,48.91115,48.91115,1.91942801,1.91942801,2.84901349,2.84901349,0.199446262,1811.02358,0.0,19.5113263,0.19459747,0.0,3834.39802,1814.33186,374.744526,0.0,0.0
14.0,41.8483223,2440.33895,-39.5593887,-39.5593887,-10.43260961,-10.43260961,-9.63465869,-9.63465869,381.66148,48.91115,48.91115,1.95485635,1.95485635,2.87760911,2.87760911,0.199512689,1228.606741,0.0,19.8714619,0.192639657,0.0,2440.33895,1238.29239,381.66148,0.0,0.0
14.5,11.2194202931,182.2633566,-23.5843924,-23.5843924,-0.827794116,-0.827794116,-0.451675548,-0.451675548,387.23913,48.91115,48.91115,1.98342488,1.98342488,2.90148029,2.90148029,0.19952384,327.67071984,0.0,20.1618664,0.12897874,0.0,182.2633566,301.9471992,387.23913,0.0,0.0
15.0,3.78026748,-617.144054,0.205772902,0.205772902,-0.022382828,-0.022382828,0.0494956617,0.0494956617,390.574707,48.91115,48.91115,2.00050957,2.00050957,2.92006059,2.92006059,0.199495254,0.0,0.0,20.3355356,0.0788002627,0.0,-617.144054,-28.7445033223,390.574707,0.0,0.0
15.5,9.53773083,-543.609825,-3.926907,-3.926907,0.223491219,0.223491219,0.46809787,0.46809787,393.552786,49.0724394,49.0724394,2.02243523,2.02243523,2.94603101,2.94603101,0.199465645,0.0,0.0,20.4905909,0.0931176485,0.0,-543.609825,3.59249894,393.552786,0.0,0.0
16.0,11.631592,-553.82091,-4.94623772,-4.94623772,0.286842337,0.286842337,0.5668849,0.5668849,397.318272,59.5665084,59.5665084,2.47903202,2.47903202,3.52421959,3.52421959,0.199431068,0.0,0.0,20.6866437,0.1311463781,0.0,-553.82091,1.542237148,397.318272,0.0,0.0
16.5,11.9994869,-563.170323,-4.95502083,-4.95502083,0.292215966,0.292215966,0.571967217,0.571967217,402.766495,75.846063,75.846063,3.19985928,3.19985928,4.47644419,4.47644419,0.199387812,0.0,0.0,20.970309,0.184072079,0.0,-563.170323,0.833055967,402.766495,0.0,0.0
17.0,35.510987,-528.290301,-14.39203677,-14.39203677,0.79150568,0.79150568,1.1541975,1.1541975,410.163706,81.79284,81.79284,3.51318602,3.51318602,4.88703039,4.88703039,0.199334356,0.0,0.0,21.3554498,0.246862134,0.0,-528.290301,19.6660598,410.163706,0.0,0.0
17.5,71.8809067,-527.596659,-30.076152,-30.076152,1.66392911,1.66392911,2.27368531,2.27368531,419.911084,81.79284,81.79284,3.59667553,3.59667553,4.97786275,4.97786275,0.199268768,0.0,0.0,21.8629535,0.316178203,0.0,-527.596659,25.6461163,419.911084,0.0,0.0
18.0,85.10665,-588.771093,-35.9616107,-35.9616107,2.21658972,2.21658972,2.93239849,2.93239849,431.474986,81.79284,81.79284,3.69572403,3.69572403,5.08445325,5.08445325,0.199190519,0.0,0.0,22.4650358,0.341416415,0.0,-588.771093,6.94305883,431.474986,0.0,0.0
18.5,85.10665,-620.196806,-35.5212307,-35.5212307,2.3069858,2.3069858,2.99832098,2.99832098,443.251774,81.79284,81.79284,3.796596,3.796596,5.19171622,5.19171622,0.199107639,0.0,0.0,23.0782018,0.34020552,0.0,-620.196806,0.742962239,443.251774,0.0,0.0
19.0,85.10665,-637.000635,-35.5081847,-35.5081847,2.36862837,2.36862837,3.05022372,3.05022372,455.004798,81.79284,81.79284,3.8972646,3.8972646,5.2974797,5.2974797,0.199022782,0.0,0.0,23.6901321,0.339727225,0.0,-637.000635,0.613278497,455.004798,0.0,0.0
19.5,85.10665,-653.438775,-35.5078125,-35.5078125,2.42972675,2.42972675,3.1090196,3.1090196,466.741697,81.79284,81.79284,3.99779492,3.99779492,5.40184205,5.40184205,0.198935941,0.0,0.0,24.3012211,0.339259722,0.0,-653.438775,0.626332532,466.741697,0.0,0.0
20.0,85.10665,-669.847661,-35.5076751,-35.5076751,2.49073146,2.49073146,3.17485359,3.17485359,478.462237,81.79284,81.79284,4.09818531,4.09818531,5.50482866,5.50482866,0.198847009,0.0,0.0,24.9114592,0.338781416,0.0,-669.847661,0.642010283,478.462237,0.0,0.0
20.5,85.10665,-676.294861,-33.8513779,-33.8513779,2.41163859,2.41163859,3.07099547,3.07099547,490.160483,81.79284,81.79284,4.1983846,4.1983846,5.60641499,5.60641499,0.19875606,10.273213568,0.0,25.5205362,0.335415167,0.0,-676.294861,4.789804578,490.160483,0.0,0.0
21.0,85.10665,821.298129,-11.09811725,-11.09811725,-0.997826091,-0.997826091,-0.758545372,-0.758545372,500.999115,81.79284,81.79284,4.29122088,4.29122088,5.69949197,5.69949197,0.198685544,664.774835,0.0,26.0848568,0.295371545,0.0,821.298129,634.277897,500.999115,0.0,0.0
21.5,85.10665,3327.07025,-13.3772789,-13.3772789,-4.75905253,-4.75905253,-4.33012687,-4.33012687,511.257168,81.801882,81.801882,4.37957288,4.37957288,5.78727955,5.78727955,0.198654031,1682.26752,0.0,26.6189483,0.298914025,0.0,3327.07025,1682.93777,511.257168,0.0,0.0
22.0,85.10665,4997.30808,-25.0569977,-25.0569977,-13.1034111,-13.1034111,-12.39932655,-12.39932655,521.993413,82.390896,82.390896,4.5038237,4.5038237,5.91889577,5.91889577,0.198676083,2371.26501,0.0,27.1779387,0.320657993,0.0,4997.30808,2384.20488,521.993413,0.0,0.0
22.5,85.10665,6143.87907,-25.1383814,-25.1383814,-16.2140066,-16.2140066,-15.4067465,-15.4067465,533.098542,83.2979191,83.2979191,4.65026608,4.65026608,6.07643926,6.07643926,0.198736648,2867.47004,0.0,27.7561353,0.323227188,0.0,6143.87907,2867.78566,533.098542,0.0,0.0
23.0,85.10665,6588.22827,-36.2507855,-36.2507855,-25.0108372,-25.0108372,-23.9359918,-23.9359918,544.637955,83.20446,83.20446,4.74544425,4.74544425,6.16619833,6.16619833,0.198841079,3047.9348,0.0,28.3569424,0.341719412,0.0,6588.22827,3059.4205,544.637955,0.0,0.0
23.5,84.997627,6532.79918,-36.2222815,-36.2222815,-24.7768147,-24.7768147,-23.7068579,-23.7068579,556.381589,82.5416819,82.5416819,4.80915641,4.80915641,6.21470325,6.21470325,0.19896679,3043.62372,0.0,28.9683828,0.338839732,0.0,6532.79918,3043.21307,556.381589,0.0,0.0
24.0,78.0484265,5866.70573,-42.9490229,-42.9490229,-26.4419866,-26.4419866,-25.2787236,-25.2787236,568.212818,82.2821774,82.2821774,4.89604226,4.89604226,6.29141435,6.29141435,0.199103207,2768.83728,0.0,29.5843826,0.341033073,0.0,5866.70573,2772.95485,568.212818,0.0,0.0
24.5,67.2982529,4786.37789,-37.6984016,-37.6984016,-18.9371459,-18.9371459,-18.0011342,-18.0011342,579.609496,82.223255,82.223255,4.99065033,4.99065033,6.3792859,6.3792859,0.199214528,2339.52315,0.0,30.1777585,0.318617749,0.0,4786.37789,2330.07687,579.609496,0.0,0.0
25.0,63.38903,3763.12477,-35.7764883,-35.7764883,-14.09547125,-14.09547125,-13.28484305,-13.28484305,590.331732,80.1520378,80.1520378,4.95465782,4.95465782,6.31603675,6.31603675,0.199285307,1914.40813,0.0,30.7360193,0.303474776,0.0,3763.12477,1910.55436,590.331732,0.0,0.0
25.5,63.38903,2743.1448,-35.2279084,-35.2279084,-10.15003755,-10.15003755,-9.4261342,-9.4261342,600.63719,76.9547776,76.9547776,4.84007908,4.84007908,6.15834449,6.15834449,0.199327726,1495.93786,0.0,31.2725803,0.291648098,0.0,2743.1448,1492.15045,600.63719,0.0,0.0
26.0,63.38903,2340.46283,-25.8267111,-25.8267111,-6.33030365,-6.33030365,-5.80717389,-5.80717389,610.308073,75.78709,75.78709,4.84365198,4.84365198,6.14863293,6.14863293,0.1993366,1343.7422,0.0,31.776101,0.271009356,0.0,2340.46283,1330.23824,610.308073,0.0,0.0
26.5,63.38903,2356.53741,-26.4199743,-26.4199743,-6.51980743,-6.51980743,-5.98508396,-5.98508396,619.689965,75.78709,75.78709,4.91811037,4.91811037,6.2271271,6.2271271,0.199334286,1343.7422,0.0,32.2645756,0.271542813,0.0,2356.53741,1342.405,619.689965,0.0,0.0
27.0,63.38903,2344.26554,-26.4513845,-26.4513845,-6.49357436,-6.49357436,-5.95923777,-5.95923777,629.070396,75.78709,75.78709,4.99255716,4.99255716,6.30520735,6.30520735,0.199331715,1343.7422,0.0,32.7529735,0.271091986,0.0,2344.26554,1342.77575,629.070396,0.0,0.0
27.5,63.258099,2330.96495,-26.4298071,-26.4298071,-6.45148306,-6.45148306,-5.9185534,-5.9185534,638.433367,75.78709,75.78709,5.06686569,5.06686569,6.38274477,6.38274477,0.199328161,1343.7422,0.0,33.2404641,0.270390204,0.0,2330.96495,1342.70825,638.433367,0.0,0.0
28.0,54.912706,2302.08773,-23.0812888,-23.0812888,-5.56572979,-5.56572979,-5.08631795,-5.08631795,647.573258,75.78709,75.78709,5.13940357,5.13940357,6.4580563,6.4580563,0.199320969,1343.7422,0.0,33.7163383,0.254337579,0.0,2302.08773,1336.02894,647.573258,0.0,0.0
28.5,42.0028474,2285.28878,-17.5137072,-17.5137072,-4.19177087,-4.19177087,-3.78914027,-3.78914027,655.92531,75.78709,75.78709,5.20568885,5.20568885,6.52655098,6.52655098,0.199302173,1343.7422,0.0,34.1511935,0.229138863,0.0,2285.28878,1333.91545,655.92531,0.0,0.0
29.0,37.30803,2290.48392,-15.42426015,-15.42426015,-3.6996699,-3.6996699,-3.31728839,-3.31728839,663.612156,75.78709,75.78709,5.2666947,5.2666947,6.58931539,6.58931539,0.199273393,1343.7422,0.0,34.5514137,0.219591676,0.0,2290.48392,1340.56547,663.612156,0.0,0.0
29.5,37.30803,2285.16988,-15.5803733,-15.5803733,-3.72842,-3.72842,-3.34510221,-3.34510221,671.201955,75.605476,75.605476,5.31410045,5.31410045,6.63537271,6.63537271,0.199243036,1343.7422,0.0,34.9465813,0.218839624,0.0,2285.16988,1342.78596,671.201955,0.0,0.0
30.0,37.30803,2275.36123,-15.57466225,-15.57466225,-3.71105823,-3.71105823,-3.32852828,-3.32852828,678.262399,63.8181507,63.8181507,4.53184801,4.53184801,5.68240564,5.68240564,0.199215889,1343.7422,0.0,35.3141889,0.180292053,0.0,2275.36123,1342.82702,678.262399,0.0,0.0
30.5,36.931341,2267.47577,-15.494234,-15.494234,-3.67915159,-3.67915159,-3.29793546,-3.29793546,683.456669,45.5401266,45.5401266,3.25874159,3.25874159,4.18696535,4.18696535,0.199201296,1343.7422,0.0,35.5846324,0.1202723183,0.0,2267.47577,1342.57871,683.456669,0.0,0.0
31.0,12.918979614,2216.98732,-5.8533777918,-5.8533777918,-1.36599085815,-1.36599085815,-1.12840544058,-1.12840544058,686.50317,38.86781,38.86781,2.79422413,2.79422413,3.6289473,3.6289473,0.199189711,1343.7422,0.0,35.7432504,0.0537555201,0.0,2216.98732,1323.34894,686.50317,0.0,0.0
31.5,-24.22708494,2201.4547,10.16543134,10.16543134,2.343859354,2.343859354,2.72637038,2.72637038,687.115907,38.86781,38.86781,2.79671809,2.79671809,3.63151739,3.63151739,0.199147407,1343.7422,0.0,35.7751527,-0.017432612747,0.0,2201.4547,1317.24346,687.115907,0.0,0.0
32.0,-37.7352,2249.1247,16.1770328,16.1770328,3.80960756,3.80960756,4.2383125,4.2383125,685.86044,38.86781,38.86781,2.79160812,2.79160812,3.6262508,3.6262508,0.199072483,1343.7422,0.0,35.7097867,-0.0435680505,0.0,2249.1247,1336.34626,685.86044,0.0,0.0
32.5,-35.8378458,2269.50844,15.40774015,15.40774015,3.66088343,3.66088343,4.08458261,4.08458261,684.379515,38.86781,38.86781,2.78558043,2.78558043,3.62003344,3.62003344,0.198993292,1343.7422,0.0,35.6326816,-0.0399375068,0.0,2269.50844,1343.96338,684.379515,0.0,0.0
33.0,85.176581549,2501.07229,-33.15792986,-33.15792986,-8.84784633,-8.84784633,-8.04641593,-8.04641593,685.886417,38.86781,38.86781,2.7917138,2.7917138,3.62635539,3.62635539,0.198956915,1343.7422,0.0,35.7111388,0.1854002451,0.0,2501.07229,1441.19867,685.886417,0.0,0.0
33.5,272.371547,2550.75355,-114.9801735,-114.9801735,-30.655457,-30.655457,-27.1926047,-27.1926047,698.562531,38.997507,38.997507,2.85292168,2.85292168,3.69092115,3.69092115,0.199059292,1336.99104,0.0,36.3711297,0.545528237,0.0,2550.75355,1469.27289,698.562531,0.0,0.0
34.0,340.4549,1293.21433,-160.229521,-160.229521,-21.82539915,-21.82539915,-17.5332942,-17.5332942,721.544214,47.4404999,47.4404999,3.58748338,3.58748338,4.54571028,4.54571028,0.199213536,907.025943,0.0,37.5676862,0.729546539,0.0,1293.21433,959.420355,721.544214,0.0,0.0
34.5,340.4549,-246.8918571,-188.940443,-149.261028,5.56440859,3.70881355,10.984625884,7.714788284,746.949432,60.5401765,49.4150868,4.73816821,3.8599001,5.96204165,4.84297091,0.199176069,241.90104035,0.0,38.8904253,0.71528606,0.0,-246.8918571,333.404731,746.949432,0.0,0.0
35.0,340.4549,-501.968529,-296.336691,-141.754939,15.5821489,7.45130398,26.2038597,12.532331,770.106941,65.32518,31.283089,5.26817592,2.52238582,7.07018848,3.38449504,0.198956585,0.0,0.0,40.096137,0.642026227,0.0,-501.968529,240.786947,770.106941,0.0,0.0
35.5,338.746412,-503.03627,-300.0,-141.189867,15.80335025,7.43690438,26.5551666,12.497093,792.211072,65.253513,30.7134853,5.41336696,2.5478963,7.25890205,3.41649614,0.198728086,0.0,0.0,41.2470024,0.635721994,0.0,-503.03627,253.24909,792.211072,0.0,0.0
36.0,229.807051,-947.045352,-287.273777,-104.5340976,28.0150419,9.8602846,37.1909371,13.23080525,811.324521,60.5846986,22.0525752,5.14647432,1.87212634,7.39250846,2.67954899,0.198499619,0.0,0.0,42.2421583,0.415720131,0.0,-947.045352,79.6538304,811.324521,0.0,0.0
36.5,61.2875022046,-2050.89724,-73.46154321,-26.54710641,14.2950812092,5.3957872092,16.3287153297,6.2860060297,820.514965,53.3445788,37.3126172,4.58329716,3.20809936,6.10194761,4.12425912,0.198288862,6.91135819,0.0,42.7206646,0.1323820628,0.0,-2050.89724,-374.300834,820.514965,0.0,0.0
37.0,0.0,-292.80304,21.8498795,21.8498795,-1.005210229,-1.005210229,-0.653784343,-0.653784343,822.351976,50.69941,50.69941,4.36605568,4.36605568,5.38003891,5.38003891,0.198225615,447.759639,0.0,42.8163103,0.01992921817,0.0,-292.80304,358.3277429,822.351976,0.0,0.0
37.5,0.0,1563.620801,14.4732775,14.4732775,2.28121681,2.28121681,2.66526964,2.66526964,823.312889,50.69941,50.69941,4.37115712,4.37115712,5.38539881,5.38539881,0.19815791,1129.70302,0.0,42.8663399,0.0326944524,0.0,1563.620801,1131.36046,823.312889,0.0,0.0
38.0,0.0,2200.52068,-1.031231719,-1.031231719,-0.2388579656,-0.2388579656,-0.1740774589,-0.1740774589,824.95423,50.69941,50.69941,4.37987137,4.37987137,5.39454982,5.39454982,0.198090899,1377.7219,0.0,42.951797,0.0595484473,0.0,2200.52068,1397.33759,824.95423,0.0,0.0
38.5,0.3024968689,2150.67516,-0.119280435,-0.119280435,-0.02688322123,-0.02688322123,-0.01949535306,-0.01949535306,826.976728,50.69941,50.69941,4.39060942,4.39060942,5.40581902,5.40581902,0.19803967,1377.7219,0.0,43.0571015,0.0581700124,0.0,2150.67516,1377.77745,826.976728,0.0,0.0
39.0,19.59785539,2183.00944,-7.80965879,-7.80965879,-1.789095448,-1.789095448,-1.505258854,-1.505258854,829.442977,50.69941,50.69941,4.40370322,4.40370322,5.41954896,5.41954896,0.197992899,1377.7219,0.0,43.1855077,0.0938457646,0.0,2183.00944,1392.67198,829.442977,0.0,0.0
39.5,49.4466711,2188.8474,-20.6809528,-20.6809528,-4.73945693,-4.73945693,-4.29876467,-4.29876467,833.682654,50.69941,50.69941,4.42621266,4.42621266,5.44312314,5.44312314,0.197969705,1377.7219,0.0,43.4062486,0.15071455,0.0,2188.8474,1397.57669,833.682654,0.0,0.0
40.0,60.301094,2143.92706,-25.5114001,-25.5114001,-5.72800238,-5.72800238,-5.22266725,-5.22266725,839.411571,50.69941,50.69941,4.45662879,4.45662879,5.47492265,5.47492265,0.197965659,1377.7219,0.0,43.7045289,0.171361871,0.0,2143.92706,1382.23011,839.411571,0.0,0.0
40.5,60.301094,2123.38806,-25.1499185,-25.1499185,-5.59235569,-5.59235569,-5.09452895,-5.09452895,845.312924,50.69941,50.69941,4.4879604,4.4879604,5.50761201,5.50761201,0.197962511,1377.7219,0.0,44.0117861,0.170303812,0.0,2123.38806,1377.12943,845.312924,0.0,0.0
41.0,60.301094,2114.86793,-25.1391469,-25.1391469,-5.56752801,-5.56752801,-5.07041964,-5.07041964,851.192671,50.69941,50.69941,4.51917734,4.51917734,5.54011325,5.54011325,0.197958602,1377.7219,0.0,44.3179198,0.169854599,0.0,2114.86793,1377.01727,851.192671,0.0,0.0
41.5,60.301094,2106.65205,-25.1388268,-25.1388268,-5.54582855,-5.54582855,-5.04924826,-5.04924826,857.057346,50.69941,50.69941,4.55031437,4.55031437,5.57246371,5.57246371,0.197954208,1377.7219,0.0,44.6232684,0.16942171,0.0,2106.65205,1377.02292,857.057346,0.0,0.0
42.0,60.301094,2098.46235,-25.1387023,-25.1387023,-5.52424147,-5.52424147,-5.02819547,-5.02819547,862.907047,50.69941,50.69941,4.58137155,4.58137155,5.60466407,5.60466407,0.197949336,1377.7219,0.0,44.9278366,0.168987311,0.0,2098.46235,1377.03073,862.907047,0.0,0.0
42.5,60.301094,2083.59672,-26.2523119,-26.2523119,-5.72063201,-5.72063201,-5.20548681,-5.20548681,868.745427,50.69941,50.69941,4.61236905,4.61236905,5.63673559,5.63673559,0.197944089,1370.80573,0.0,45.2318158,0.170485245,0.0,2083.59672,1374.25401,868.745427,0.0,0.0
43.0,60.301094,1055.715806,-41.5787445,-41.5787445,-4.61652641,-4.61652641,-3.92609914,-3.92609914,875.135962,50.69941,50.69941,4.64629778,4.64629778,5.67176303,5.67176303,0.197940784,929.962331,0.0,45.5645439,0.196665389,0.0,1055.715806,950.276564,875.135962,0.0,0.0
43.5,60.301094,-647.871696,-39.5132941,-39.5132941,2.596916027,2.596916027,3.296422744,3.296422744,881.888677,50.8595284,50.8595284,4.696987,4.696987,5.72544273,5.72544273,0.197885925,247.99170294,0.0,45.916129,0.193081072,0.0,-647.871696,245.34410256,881.888677,0.0,0.0
44.0,60.301094,-1292.82653,-24.1271221,-24.1271221,3.26531677,3.26531677,3.75377096,3.75377096,888.487557,61.2817622,61.2817622,5.70276164,5.70276164,6.84758244,6.84758244,0.197775099,0.0,0.0,46.2597032,0.199521212,0.0,-1292.82653,-19.17334382,888.487557,0.0,0.0
44.5,60.301094,-1256.21621,-25.1099793,-25.1099793,3.30324458,3.30324458,3.8068629,3.8068629,896.323301,77.4782474,77.4782474,7.2735011,7.2735011,8.65138575,8.65138575,0.197644852,0.0,0.0,46.6676763,0.253028922,0.0,-1256.21621,0.635708944,896.323301,0.0,0.0
45.0,60.301094,-1267.85844,-25.1681718,-25.1681718,3.34157441,3.34157441,3.84581254,3.84581254,905.609538,85.1562052,85.1562052,8.07603651,8.07603651,9.5712425,9.5712425,0.197488513,0.0,0.0,47.1511714,0.277257542,0.0,-1267.85844,1.21345943,905.609538,0.0,0.0
45.5,60.4800857,-1281.17648,-25.201168,-25.201168,3.38111359,3.38111359,3.88533925,3.88533925,915.337266,87.9034592,87.9034592,8.4261126,8.4261126,9.9623286,9.9623286,0.197320991,0.0,0.0,47.6576515,0.28564696,0.0,-1281.17648,1.35167654,915.337266,0.0,0.0
46.0,71.9242786,-1273.41618,-29.7936005,-29.7936005,3.97255209,3.97255209,4.56186159,4.56186159,925.552279,88.90712,88.90712,8.6171989,8.6171989,10.16823645,10.16823645,0.19714059,0.0,0.0,48.1895031,0.309401819,0.0,-1273.41618,10.54527891,925.552279,0.0,0.0
46.5,89.62644,-1277.14089,-38.1587238,-37.2716055,5.10323897,4.98469305,5.86600662,5.7295985,936.782611,88.90712,87.0509224,8.7217571,8.5389887,10.2779234,10.0625314,0.196930308,0.0,0.0,48.7742195,0.336135993,0.0,-1277.14089,15.55272275,936.782611,0.0,0.0
47.0,96.06474,-1310.08731,-44.1359792,-40.40147,6.05532583,5.54249321,6.95051845,6.36193294,948.345601,88.90712,81.400008,8.8294123,8.08367565,10.40147625,9.5229872,0.196702512,0.0,0.0,49.3762529,0.329862697,0.0,-1310.08731,8.59499238,948.345601,0.0,0.0
47.5,96.06474,-1340.05211,-44.6151603,-40.07887,6.26094506,5.62425612,7.16838645,6.43943018,959.629461,88.90712,79.8744166,8.9344688,8.0266196,10.5102056,9.4422623,0.1964743,0.0,0.0,49.9637538,0.323435799,0.0,-1340.05211,2.71498146,959.629461,0.0,0.0
48.0,96.06474,-1355.84728,-45.3813364,-40.0606455,6.44352918,5.68797031,7.36851642,6.50450588,970.717043,88.90712,78.490623,9.0376976,7.97869496,10.61813995,9.3739597,0.196246117,0.0,0.0,50.5410377,0.318003405,0.0,-1355.84728,2.61644788,970.717043,0.0,0.0
48.5,96.06474,-1371.04384,-46.187578,-40.0601067,6.63150403,5.75164464,7.57475516,6.56975726,981.617939,88.90712,77.1193568,9.13918865,7.92734228,10.7279908,9.3054824,0.196017958,0.0,0.0,51.1085989,0.312647495,0.0,-1371.04384,2.65800841,981.617939,0.0,0.0
49.0,96.06474,-1386.05939,-46.9910655,-40.058837,6.82075285,5.81445172,7.78207638,6.63395677,992.336443,88.90712,75.7981195,9.2389817,7.87661151,10.83589595,9.2380577,0.195789834,0.0,0.0,51.6666654,0.307457536,0.0,-1386.05939,2.66838911,992.336443,0.0,0.0
49.5,95.5830099,-1401.71914,-47.6977778,-40.0061118,7.00143857,5.87232601,7.97851711,6.69184138,1002.8775,88.90712,74.5688635,9.3371225,7.83121138,10.94162945,9.1769488,0.195561737,0.0,0.0,52.2154934,0.30192059,0.0,-1401.71914,2.3070983,1002.8775,0.0,0.0
50.0,64.843699,-1505.3755,-29.6689852,-27.7856811,4.65133416,4.36205284,5.26602239,4.93854953,1012.982,88.90712,84.6010485,9.4311987,8.9757763,11.0080345,10.4753993,0.195336019,0.0,0.0,52.7415903,0.276428544,0.0,-1505.3755,-34.9251495,1012.982,0.0,0.0
50.5,17.2935463419,-1512.47732,-7.0159810083,-7.0159810083,1.1120471296,1.1120471296,1.37692199164,1.37692199164,1021.302404,88.90712,88.90712,9.50866415,9.50866415,11.0745668,11.0745668,0.195155197,0.0,0.0,53.1747983,0.198098652,0.0,-1512.47732,-33.0220431,1021.302404,0.0,0.0
51.0,0.0,-1458.33361,0.5498842538,0.5498842538,-0.084718232,-0.084718232,-0.05671872397,-0.05671872397,1027.31022,88.90712,88.90712,9.5645991,9.5645991,11.132106,11.132106,0.195025422,0.0,0.0,53.487599,0.164238981,0.0,-1458.33361,-6.9845271646,1027.31022,0.0,0.0
51.5,0.4456873084,-1445.96609,-0.10343803033,-0.10343803033,0.01563914224,0.01563914224,0.02361838376,0.02361838376,1033.00537,88.90712,88.90712,9.61762285,9.61762285,11.1865766,11.1865766,0.194901041,0.0,0.0,53.7841204,0.165387192,0.0,-1445.96609,1.487055647,1033.00537,0.0,0.0
52.0,28.8713654,-1399.65851,-11.52545277,-11.52545277,1.681749646,1.681749646,2.028358885,2.028358885,1039.3927,88.90712,88.90712,9.6770909,9.6770909,11.24758155,11.24758155,0.194762397,0.0,0.0,54.1166801,0.217793628,0.0,-1399.65851,24.4854741,1039.3927,0.0,0.0
52.5,72.8439653,-1382.29591,-32.3309147,-30.111626,4.67361593,4.35455465,5.32656923,4.96291688,1048.25597,88.90712,84.0413602,9.75961095,9.22407125,11.3476369,10.7242905,0.194567327,0.0,0.0,54.5781527,0.284836731,0.0,-1382.29591,36.8853753,1048.25597,0.0,0.0
53.0,88.83497,-1440.93983,-46.5267536,-37.9252985,7.02045119,5.72139817,7.96677601,6.4927631,1058.10032,88.90712,72.489343,9.8512653,8.03192491,11.4786433,9.35876425,0.194340025,0.0,0.0,55.0907078,0.2787985,0.0,-1440.93983,18.23127184,1058.10032,0.0,0.0
53.5,88.388987,-1492.74851,-46.0658061,-36.9906941,7.20099438,5.78226669,8.13865855,6.53520945,1067.62019,89.1171244,71.549186,9.9634701,7.99923972,11.59993325,9.31309985,0.194112109,0.0,0.0,55.5863651,0.272737105,0.0,-1492.74851,2.231879812,1067.62019,0.0,0.0
54.0,59.9636056,-1580.20126,-31.6224588,-25.8447103,5.20750192,4.25840771,5.86823851,4.79913414,1076.84284,102.759269,84.4858297,11.58949035,9.5292309,13.4348305,11.0459586,0.193884223,0.0,0.0,56.066549,0.261225504,0.0,-1580.20126,-28.77282473,1076.84284,0.0,0.0
54.5,15.9920531067,-1609.74489,-7.351956313,-6.464618083,1.2404351152,1.0907289772,1.535106924,1.352665579,1085.80959,123.9167368,110.0220771,14.0915954,12.512063,16.31706245,14.48821825,0.193656365,0.0,0.0,56.5334084,0.258062359,0.0,-1609.74489,-35.8305372,1085.80959,0.0,0.0
55.0,0.0,-1553.59824,0.5529420116,0.5529420116,-0.0907221563,-0.0907221563,-0.0617366352,-0.0617366352,1094.74275,131.64206,119.7648337,15.0916034,13.72981415,17.4780546,15.9009624,0.19342854,0.0,0.0,56.9985191,0.257895036,0.0,-1553.59824,-7.2514958638,1094.74275,0.0,0.0
55.5,0.0,-1533.95886,1.8601466386,1.8655249394,-0.27901167103,-0.27988222952,-0.2380959078,-0.23937981017,1103.58407,131.513582,119.6206726,15.19858425,13.82465265,17.5828635,15.9937536,0.193200797,11.900410936,0.0,57.458849,0.254311599,0.0,-1533.95886,6.08298375,1103.58407,0.0,0.0
56.0,0.0,183.160501,32.2408915,27.5216517,0.901368034,0.464114663,1.440453536,0.918758134,1111.52025,123.1681175,109.1751639,14.3358466,12.7048622,16.5629884,14.6814225,0.192981938,770.320035,0.0,57.8720505,0.175175021,0.0,183.160501,725.222889,1111.52025,0.0,0.0
56.5,0.0,3014.74898,55.35117,25.1393104,18.45104045,7.87766334,19.8050215,8.47914167,1114.46509,110.2220691,53.4914583,12.8636376,6.24282146,15.2230298,7.3500132,0.192754927,1955.03172,0.0,58.0253778,-0.00112485214,0.0,3014.74898,1905.1873,1114.46509,0.0,0.0
57.0,0.0,5520.5769,140.651594,21.3243877,84.1495699,12.24949205,89.233234,12.9910262,1112.27107,105.49727,17.8189986,12.28797885,2.07619656,17.023427,2.8349164,0.192527209,3114.88554,0.0,57.9111418,-0.109724486,0.0,5520.5769,2946.59971,1112.27107,0.0,0.0
57.5,0.0,7602.923949999999,289.469958,17.4325443,231.316193,13.812711,247.086152,14.7445954,1107.78541,105.486926,6.42441256,12.23722605,0.745397194,17.7004851,1.078136425,0.192299526,4249.03938,0.0,57.6775951,-0.139784899,0.0,7602.923949999999,3810.46044,1107.78541,0.0,0.0
58.0,0.0,9277.4731,282.920148,13.9546707,273.997046,13.52058315,302.987993,14.9532547,1102.97412,104.8133094,5.17993074,12.1063139,0.598291598,17.5287583,0.866270701,0.19207187,4661.508,0.0,57.4270917,-0.137222194,0.0,9277.4731,4504.44356,1102.97412,0.0,0.0
58.5,0.0,10495.79475,81.32827775,2.77431945,87.7536658,2.9430442,101.1428921,4.6884314,1099.19262,103.5330686,40.1863611,11.9173873,4.62556757,15.904167,5.5626857,0.191853303,4661.508,0.0,57.2302062,-0.0039685526,0.0,10495.79475,5009.18814,1099.19262,0.0,0.0
59.0,0.0,9827.4119,-6.068031004,-6.068031004,-6.34164304,-6.34164304,-5.335941455,-5.335941455,1103.67651,87.8576039,87.8576039,10.1531216,10.1531216,11.72730475,11.72730475,0.191780149,4661.508,0.0,57.463661,0.16535478,0.0,9827.4119,4733.687169999999,1103.67651,0.0,0.0
59.5,0.0,9630.36615,-1.8715171785,-1.8715171785,-1.870316304,-1.870316304,-1.6845668186,-1.6845668186,1107.79004,64.048697,64.048697,7.42958724,7.42958724,8.64849343,8.64849343,0.191688146,4650.929819999999,0.0,57.6778357,0.0806208327,0.0,9630.36615,4654.09695,1107.79004,0.0,0.0
60.0,0.0,8065.27585,-25.144009,-25.144009,-21.2830883,-21.2830883,-20.185844,-20.185844,1110.40632,49.7885875,49.7885875,5.78929386,5.78929386,6.84147901,6.84147901,0.191714897,3977.02549,0.0,57.8140539,0.0747074833,0.0,8065.27585,4004.37889,1110.40632,0.0,0.0
60.5,0.0,5472.52996,-21.95331377,-21.95331377,-12.77347758,-12.77347758,-12.06201259,-12.06201259,1112.43665,41.1116663,41.1116663,4.78915968,4.78915968,5.72319754,5.72319754,0.19179239,2934.50973,0.0,57.9197638,0.04089464472,0.0,5472.52996,2926.7036,1112.43665,0.0,0.0
61.0,0.0,4500.13273,1.558368177,1.558368177,0.731564352,0.731564352,0.932650894,0.932650894,1112.82022,37.94479,37.94479,4.42186789,4.42186789,5.31500458,5.31500458,0.191779145,2555.408,0.0,57.9397346,-0.0102929014,0.0,4500.13273,2522.30598,1112.82022,0.0,0.0
61.5,0.0,4573.27153,0.0821571259,0.0821571259,0.03932659115,0.03932659115,0.050090288,0.050090288,1112.51769,37.94479,37.94479,4.42066581,4.42066581,5.3137632,5.3137632,0.191723383,2555.408,0.0,57.9239838,-0.00769668129,0.0,4573.27153,2552.5629,1112.51769,0.0,0.0
62.0,0.0,4575.78022,0.00361877556,0.00361877556,0.00173400292,0.00173400292,0.00220850545,0.00220850545,1112.25568,37.94479,37.94479,4.41962468,4.41962468,5.312688,5.312688,0.191671972,2555.408,0.0,57.9103403,-0.00753481362,0.0,4575.78022,2553.45375,1112.25568,0.0,0.0
62.5,0.005672928533,4563.76245,-2.06934495219,-2.06934495219,-0.96475704564,-0.96475704564,-0.90456508743,-0.90456508743,1112.00198,37.8254285,37.8254285,4.40471795,4.40471795,5.29907452,5.29907452,0.191621163,2542.60758,0.0,57.8971327,-0.00428770017,0.0,4563.76245,2548.30495,1112.00198,0.0,0.0
63.0,0.368067295,2673.905,-30.6299557,-30.6299557,-8.6374478,-8.6374478,-8.00777722,-8.00777722,1112.47035,30.0807413,30.0807413,3.50425788,3.50425788,4.43582299,4.43582299,0.191625103,1724.90035,0.0,57.9215171,0.02072067777,0.0,2673.905,1762.19481,1112.47035,0.0,0.0
63.5,0.92863839,-462.5481708,-26.118868044,-26.118868044,0.8808442673,0.8808442673,1.301136558,1.301136558,1112.45281,18.0735378,18.0735378,2.10556488,2.10556488,2.90659164,2.90659164,0.191617206,465.67766984,0.0,57.9206043,-0.02541304821,0.0,-462.5481708,457.08325788,1112.45281,0.0,0.0
64.0,1.1325147,-806.7214855,14.86375315,14.86375315,-1.304464494,-1.304464494,-1.052484755,-1.052484755,1109.88528,13.68828,13.68828,1.59094664,1.59094664,2.28334707,2.28334707,0.191589623,365.7692935,0.0,57.7869258,-0.1103128625,0.0,-806.7214855,312.3710683,1109.88528,0.0,0.0
64.5,1.1325147,670.446264,11.3807079,11.3807079,0.739843726,0.739843726,1.026780061,1.026780061,1106.17284,13.68828,13.68828,1.58562505,1.58562505,2.27744727,2.27744727,0.191567774,922.863747,0.0,57.5936359,-0.1039027871,0.0,670.446264,924.863807,1106.17284,0.0,0.0
65.0,1.1325147,1196.82964,-1.27750301,-1.27750301,-0.1608706496,-0.1608706496,-0.1019579613,-0.1019579613,1103.00482,13.68828,13.68828,1.58108393,1.58108393,2.27240561,2.27240561,0.191541749,1125.444,0.0,57.4286905,-0.0815812565,0.0,1196.82964,1142.04601,1103.00482,0.0,0.0
65.5,2.3617784,1163.96227,-0.697785231,-0.697785231,-0.085442786,-0.085442786,-0.0536619363,-0.0536619363,1100.16391,13.68828,13.68828,1.57701166,1.57701166,2.26787881,2.26787881,0.191521627,1125.444,0.0,57.280775,-0.0808909881,0.0,1163.96227,1126.71088,1100.16391,0.0,0.0
66.0,80.7066305,1315.17015,-32.08952177,-32.08952177,-4.48919084,-4.48919084,-3.88235251,-3.88235251,1099.23751,13.68828,13.68828,1.57568371,1.57568371,2.26640158,2.26640158,0.191513333,1125.444,0.0,57.2325421,0.0650518721,0.0,1315.17015,1189.08869,1099.23751,0.0,0.0
66.5,201.898235,1354.18369,-84.3564427,-84.3564427,-11.9536522,-11.9536522,-9.93651595,-9.93651595,1105.53951,13.68828,13.68828,1.58471724,1.58471724,2.27643732,2.27643732,0.191552241,1125.444,0.0,57.5606592,0.296596796,0.0,1354.18369,1209.00219,1105.53951,0.0,0.0
67.0,245.97595,1186.93708,-103.9684064,-103.9684064,-12.928907,-12.928907,-10.2495153,-10.2495153,1117.90762,13.68828,13.68828,1.60244609,1.60244609,2.2960613,2.2960613,0.191618662,1125.444,0.0,58.2046132,0.380934321,0.0,1186.93708,1146.63132,1117.90762,0.0,0.0
67.5,245.97595,1118.85991,-102.5010246,-102.5010246,-12.0097381,-12.0097381,-9.4174703,-9.4174703,1130.9922,13.68828,13.68828,1.62120199,1.62120199,2.31671596,2.31671596,0.191677634,1125.444,0.0,58.8858715,0.377110888,0.0,1118.85991,1125.94388,1130.9922,0.0,0.0
68.0,245.97595,1099.47828,-102.4576724,-102.4576724,-11.79667955,-11.79667955,-9.217824,-9.217824,1144.00552,13.68828,13.68828,1.63985568,1.63985568,2.33714862,2.33714862,0.191733779,1125.444,0.0,59.5634185,0.375757848,0.0,1099.47828,1125.47739,1144.00552,0.0,0.0
68.5,245.97595,1081.30114,-102.4565121,-102.4565121,-11.60151865,-11.60151865,-9.034781,-9.034781,1156.97381,13.68828,13.68828,1.65844488,1.65844488,2.35742429,2.35742429,0.191788384,1125.444,0.0,60.2386208,0.374468117,0.0,1081.30114,1125.48588,1156.97381,0.0,0.0
69.0,245.97595,1063.20773,-102.4561365,-102.4561365,-11.407349,-11.407349,-8.85366345,-8.85366345,1169.89741,13.68828,13.68828,1.67696994,1.67696994,2.37855876,2.37855876,0.191841477,1125.444,0.0,60.9114962,0.373169769,0.0,1063.20773,1125.50303,1169.89741,0.0,0.0
69.5,244.88095,1043.42613,-102.271618,-102.271618,-11.1754067,-11.1754067,-8.6441314,-8.6441314,1182.77332,13.68828,13.68828,1.69542673,1.69542673,2.4000864,2.4000864,0.191893061,1125.444,0.0,61.5818901,0.370269657,0.0,1043.42613,1124.78993,1182.77332,0.0,0.0
70.0,174.856442,892.836382,-74.1757856,-74.1757856,-6.99696025,-6.99696025,-5.4547926,-5.4547926,1193.8824,13.68828,13.68828,1.71135088,1.71135088,2.41859517,2.41859517,0.191933808,1125.444,0.0,62.1602923,0.238701465,0.0,892.836382,1068.61494,1193.8824,0.0,0.0
70.5,66.541017,848.321495,-26.682543175,-26.682543175,-2.35489109,-2.35489109,-1.9030800493,-1.9030800493,1198.49192,13.68828,13.68828,1.71795837,1.71795837,2.4262576,2.4262576,0.191943945,1130.28444,0.0,62.400291,0.0293894614,0.0,848.321495,1052.78344,1198.49192,0.0,0.0
71.0,27.146692,1696.74701,1.5666134007,1.5666134007,0.2258326326,0.2258326326,0.344768559,0.344768559,1197.24906,13.68828,13.68828,1.71617675,1.71617675,2.42419287,2.42419287,0.191925414,1438.62569,0.0,62.3355789,-0.0655689816,0.0,1696.74701,1405.09382,1197.24906,0.0,0.0
71.5,27.146692,2929.24134,-1.202502546,-1.202502546,-0.4106159684,-0.4106159684,-0.3407973838,-0.3407973838,1195.06933,13.68828,13.68828,1.71305227,1.71305227,2.42057015,2.42057015,0.191902777,1915.60404,0.0,62.2220901,-0.0605273792,0.0,2929.24134,1916.67111,1195.06933,0.0,0.0
72.0,27.146692,3377.36464,-11.9961877,-11.9961877,-4.2433481,-4.2433481,-3.83233918,-3.83233918,1193.33637,13.68828,13.68828,1.71056816,1.71056816,2.41768835,2.41768835,0.19190087,2089.08,0.0,62.1318619,-0.0415736896,0.0,3377.36464,2102.1267,1193.33637,0.0,0.0
72.5,27.3937317,3344.29252,-11.7385945,-11.7385945,-4.11028773,-4.11028773,-3.70803147,-3.70803147,1191.87937,13.68828,13.68828,1.70847964,1.70847964,2.41526424,2.41526424,0.191911784,2086.74481,0.0,62.0560028,-0.0415852676,0.0,3344.29252,2087.51439,1191.87937,0.0,0.0
73.0,43.1364719,3030.95993,-23.1926028,-23.1926028,-7.30914965,-7.30914965,-6.77858523,-6.77858523,1190.98795,13.68828,13.68828,1.70720184,1.70720184,2.41378062,2.41378062,0.191934779,1937.9327,0.0,62.0095897,-0.003232921665,0.0,3030.95993,1956.61384,1190.98795,0.0,0.0
73.5,67.4893715,2467.71039,-32.9914578,-32.9914578,-8.48726875,-8.48726875,-7.82795978,-7.82795978,1191.67749,13.503237,13.503237,1.68508397,1.68508397,2.38375289,2.38375289,0.19197618,1707.73086,0.0,62.045491,0.0415240367,0.0,2467.71039,1722.64419,1191.67749,0.0,0.0
74.0,76.346016,2221.28684,-31.7315175,-31.7315175,-7.38113434,-7.38113434,-6.76585054,-6.76585054,1192.86007,1.47583774,1.47583774,0.184296751,0.184296751,0.4128380056,0.4128380056,0.192022568,1624.0112,0.0,62.1070631,0.0106374012,0.0,2221.28684,1620.79604,1192.86007,0.0,0.0
74.5,76.5193198,2228.55125,-31.7746003,-31.7746003,-7.41535701,-7.41535701,-6.79889994,-6.79889994,1192.1743,-17.1791403,-17.1791403,-2.144452,-2.144452,-1.579569575,-1.579569575,0.192081913,1624.0112,0.0,62.0713577,-0.0493729429,0.0,2228.55125,1623.41841,1192.1743,0.0,0.0
75.0,87.5838515,2252.94704,-36.2161228,-36.2161228,-8.54598752,-8.54598752,-7.8396527,-7.8396527,1190.18895,-23.991762,-23.991762,-2.99024445,-2.99024445,-2.28245194,-2.28245194,0.192154382,1624.0112,0.0,61.9679902,-0.0506076112,0.0,2252.94704,1632.41044,1190.18895,0.0,0.0
75.5,104.269801,2260.68927,-43.526021,-43.526021,-10.30414575,-10.30414575,-9.43688595,-9.43688595,1189.01435,-23.991762,-23.991762,-2.98729327,-2.98729327,-2.27987072,-2.27987072,0.192238611,1624.0112,0.0,61.9068318,-0.01832513308,0.0,2260.68927,1634.94617,1189.01435,0.0,0.0
76.0,83.1369726,2188.16405,-35.3190618,-35.3190618,-8.10523945,-8.10523945,-7.41401381,-7.41401381,1188.03078,-23.991762,-23.991762,-2.9848222,-2.9848222,-2.27770995,-2.27770995,0.192324471,1624.0112,0.0,61.8556232,-0.0571053212,0.0,2188.16405,1604.19358,1188.03078,0.0,0.0
76.5,40.8157165,2169.1668,-16.860665,-16.860665,-3.82871995,-3.82871995,-3.43499109,-3.43499109,1184.63299,-23.8513184,-23.8513184,-2.95889695,-2.95889695,-2.25484641,-2.25484641,0.192385279,1624.0112,0.0,61.6787144,-0.1381250146,0.0,2169.1668,1594.3048,1184.63299,0.0,0.0
77.0,25.425497,2228.5547,-10.01371385,-10.01371385,-2.33768863,-2.33768863,-2.02051247,-2.02051247,1179.50244,-14.7227809,-14.7227809,-1.81910462,-1.81910462,-1.312021061,-1.312021061,0.192420674,1624.0112,0.0,61.4115892,-0.1377981,0.0,2228.5547,1616.02083,1179.50244,0.0,0.0
77.5,25.425497,2251.4577,-10.53932925,-10.53932925,-2.48488296,-2.48488296,-2.17210637,-2.17210637,1175.57493,-0.5640533,-0.5640533,-0.0698037145,-0.0698037145,0.0793842837,0.0793842837,0.192444106,1624.0112,0.0,61.2071021,-0.0904171416,0.0,2251.4577,1623.25771,1175.57493,0.0,0.0
78.0,25.425497,2255.61547,-10.5594387,-10.5594387,-2.49421862,-2.49421862,-2.18087344,-2.18087344,1172.86934,4.6065803,4.6065803,0.565792128,0.565792128,0.807894044,0.807894044,0.192457826,1624.0112,0.0,61.0662336,-0.073370828,0.0,2255.61547,1623.40799,1172.86934,0.0,0.0
78.5,25.425497,2259.15535,-10.55941995,-10.55941995,-2.49812855,-2.49812855,-2.18459408,-2.18459408,1170.33722,4.6065803,4.6065803,0.564570642,0.564570642,0.806462508,0.806462508,0.192469694,1624.0112,0.0,60.9343975,-0.0731148136,0.0,2259.15535,1623.40248,1170.33722,0.0,0.0
79.0,25.425497,2262.6878,-10.5594853,-10.5594853,-2.50205011,-2.50205011,-2.18827043,-2.18827043,1167.81393,4.6065803,4.6065803,0.563353411,0.563353411,0.805034853,0.805034853,0.192481609,1624.0112,0.0,60.8030195,-0.0728600976,0.0,2262.6878,1623.39903,1167.81393,0.0,0.0
79.5,25.425497,2264.72452,-10.8065793,-10.8065793,-2.56259894,-2.56259894,-2.24467616,-2.24467616,1165.30024,4.6065803,4.6065803,0.562140812,0.562140812,0.803611529,0.803611529,0.192493585,1622.48328,0.0,60.6721426,-0.072177763,0.0,2264.72452,1622.77882,1165.30024,0.0,0.0
80.0,25.425497,2042.36908,-14.2011474,-14.2011474,-3.03825043,-3.03825043,-2.68327778,-2.68327778,1162.9209,4.6065803,4.6065803,0.560993006,0.560993006,0.802263278,0.802263278,0.192508523,1524.83447,0.0,60.5482599,-0.0660337249,0.0,2042.36908,1528.86579,1162.9209,0.0,0.0
80.5,25.336108,1672.0405,-13.4154131,-13.4154131,-2.35716318,-2.35716318,-2.03185115,-2.03185115,1160.63221,4.6065803,4.6065803,0.559888957,0.559888957,0.800995883,0.800995883,0.19252216,1375.70816,0.0,60.4290986,-0.0672734044,0.0,1672.0405,1373.43296,1160.63221,0.0,0.0
81.0,19.6408815,1806.88789,-3.47039844,-3.47039844,-0.64171769,-0.64171769,-0.45596149,-0.45596149,1157.9227,4.6065803,4.6065803,0.558581869,0.558581869,0.799571952,0.799571952,0.19252545,1443.14833,0.0,60.2880245,-0.0909354684,0.0,1806.88789,1427.96187,1157.9227,0.0,0.0
81.5,10.83078537,2289.01094,-0.462835018,-0.462835018,-0.1031979413,-0.1031979413,-0.03814218045,-0.03814218045,1154.50771,4.6065803,4.6065803,0.556934481,0.556934481,0.79777784,0.79777784,0.19252064,1632.45438,0.0,60.1102219,-0.1060942177,0.0,2289.01094,1626.58289,1154.50771,0.0,0.0
82.0,7.626678,2481.8428,-3.31670344,-3.31670344,-0.862010791,-0.862010791,-0.639394744,-0.639394744,1150.83231,4.6065803,4.6065803,0.555161484,0.555161484,0.795844123,0.795844123,0.192516365,1701.3022,0.0,59.9188601,-0.10450067,0.0,2481.8428,1704.67562,1150.83231,0.0,0.0
82.5,8.42450824,2478.59537,-3.29010628,-3.29010628,-0.854159059,-0.854159059,-0.63571545,-0.63571545,1147.22337,4.73268457,4.73268457,0.568549151,0.568549151,0.815653379,0.815653379,0.19251484,1701.3022,0.0,59.730957,-0.1028546708,0.0,2478.59537,1701.2171,1147.22337,0.0,0.0
83.0,59.2841031,2579.17855,-23.6930363,-23.6930363,-6.42898653,-6.42898653,-5.89675926,-5.89675926,1145.2308,12.9176217,12.9176217,1.54926001,1.54926001,2.18579534,2.18579534,0.192524466,1701.3022,0.0,59.6272146,0.0185441205,0.0,2579.17855,1741.90705,1145.2308,0.0,0.0
83.5,137.9588954,2604.66008,-57.6341338,-57.6341338,-15.7162575,-15.7162575,-14.423107,-14.423107,1149.22041,25.6145451,25.6145451,3.08337054,3.08337054,4.00337441,4.00337441,0.192581134,1701.3022,0.0,59.8349349,0.209951477,0.0,2604.66008,1754.83961,1149.22041,0.0,0.0
84.0,166.5726,2494.72414,-70.3706031,-70.3706031,-18.3866969,-18.3866969,-16.7060744,-16.7060744,1158.22114,30.25204,30.25204,3.66922865,3.66922865,4.6180557,4.6180557,0.192671681,1701.3022,0.0,60.3035635,0.2795933,0.0,2494.72414,1714.3499,1158.22114,0.0,0.0
84.5,165.736264,2447.60255,-69.2772151,-69.2772151,-17.7568962,-17.7568962,-16.1186488,-16.1186488,1167.82758,30.25204,30.25204,3.69966177,3.69966177,4.65092777,4.65092777,0.192761006,1701.3022,0.0,60.8037315,0.275755128,0.0,2447.60255,1700.35138,1167.82758,0.0,0.0
85.0,112.4365074,2332.53892,-47.8630449,-47.8630449,-11.72684905,-11.72684905,-10.7211707,-10.7211707,1176.07252,30.25204,30.25204,3.72578164,3.72578164,4.67958991,4.67958991,0.192834541,1701.3022,0.0,61.2330097,0.1755917866,0.0,2332.53892,1657.28676,1176.07252,0.0,0.0
85.5,29.9842837351,2299.08773,-11.68604525067,-11.68604525067,-2.80401722255,-2.80401722255,-2.45072800887,-2.45072800887,1179.37037,30.2171162,30.2171162,3.73191635,3.73191635,4.68673785,4.68673785,0.192849556,1705.12852,0.0,61.4047155,0.01612981423,0.0,2299.08773,1645.29304,1179.37037,0.0,0.0
86.0,0.0,2967.89436,10.1590674,10.1590674,3.12568166,3.12568166,3.55207422,3.55207422,1178.10223,27.9499239,27.9499239,3.44826626,3.44826626,4.39859019,4.39859019,0.192790908,1949.64971,0.0,61.3386885,-0.0640428101,0.0,2967.89436,1922.84797,1178.10223,0.0,0.0
86.5,0.0,3944.73708,8.00979684,8.00979684,3.28256011,3.28256011,3.78671589,3.78671589,1175.75811,24.5020074,24.5020074,3.01687661,3.01687661,3.94420951,3.94420951,0.192709988,2327.88965,0.0,61.2166393,-0.0712229822,0.0,3944.73708,2327.95075,1175.75811,0.0,0.0
87.0,0.0,4301.11685,-0.55029417,-0.55029417,-0.2482094524,-0.2482094524,-0.1942829252,-0.1942829252,1173.66545,27.6229348,27.6229348,3.39492875,3.39492875,4.34010983,4.34010983,0.192653389,2465.4482,0.0,61.107683,-0.0460284644,0.0,4301.11685,2475.0211,1173.66545,0.0,0.0
87.5,-0.1251711516,4276.27357,-0.001147575818,-0.001147575818,-0.000520272616,-0.000520272616,0.004311196306,0.004311196306,1172.44278,34.4371679,34.4371679,4.22807606,4.22807606,5.16142249,5.16142249,0.192608792,2465.4482,0.0,61.0440231,-0.0249579859,0.0,4276.27357,2463.96975,1172.44278,0.0,0.0
88.0,-8.10341161,4261.35295,3.226918774,3.226918774,1.439345407,1.439345407,1.803511476,1.803511476,1171.54646,35.9078823,35.9078823,4.40534152,4.40534152,5.32856452,5.32856452,0.192550161,2465.4482,0.0,60.9973565,-0.0350127315,0.0,4261.35295,2457.23775,1171.54646,0.0,0.0
88.5,-20.4450415,4246.84001,6.55570025,6.55570025,2.93488752,2.93488752,3.47639918,3.47639918,1169.8423,34.3219729,34.3219729,4.20466223,4.20466223,5.14061669,5.14061669,0.192463832,2453.07258,0.0,60.9086284,-0.0601483386,0.0,4246.84001,2450.20375,1169.8423,0.0,0.0
89.0,-24.933575,2440.7708,-18.8696864,-18.8696864,-4.87485809,-4.87485809,-4.44555188,-4.44555188,1168.40494,33.743008,33.743008,4.12862845,4.12862845,5.06816526,5.06816526,0.192423368,1664.17752,0.0,60.8337905,-0.0228837487,0.0,2440.7708,1697.84577,1168.40494,0.0,0.0
89.5,-24.933575,-584.676066,-15.2954465,-15.2954465,0.673266169,0.673266169,0.980512527,0.980512527,1167.55318,33.743008,33.743008,4.12561852,4.12561852,5.06490406,5.06490406,0.192388951,443.83372649,0.0,60.7894423,-0.0290091574,0.0,-584.676066,438.43764342,1167.55318,0.0,0.0
90.0,-24.933575,-1719.56205,12.2179941,12.2179941,-2.20405897,-2.20405897,-1.89590622,-1.89590622,1165.6461,33.743008,33.743008,4.11887974,4.11887974,5.05760035,5.05760035,0.192342292,0.0,0.0,60.6901495,-0.076677921,0.0,-1719.56205,-34.91031282,1165.6461,0.0,0.0
90.5,-24.933575,-1630.83311,10.489315,10.489315,-1.79140434,-1.79140434,-1.51552584,-1.51552584,1163.05677,33.743008,33.743008,4.10973041,4.10973041,5.04767945,5.04767945,0.192310697,0.0,0.021795379673,60.555335,-0.0762264224,0.0,-1630.83311,0.4985674394,1163.05677,-0.5339124,0.025984684
91.0,-24.933575,-1621.5402,10.4464406,10.4464406,-1.77387313,-1.77387313,-1.499557,-1.499557,1158.03855,33.743008,33.743008,4.09199813,4.09199813,5.02904178,5.02904178,0.192277696,0.0,1.41344502,60.294058,-0.258917444,0.0,-1621.5402,1.43531896,1158.03855,-35.238924,1.70768076
91.5,-24.933575,-1602.11712,10.52616385,10.52616385,-1.7659917,-1.7659917,-1.49169755,-1.49169755,1144.14523,33.743008,33.743008,4.0429053,4.0429053,4.97820558,4.97820558,0.192244974,0.0,3.56615002,59.5706926,-0.542020959,0.0,-1602.11712,1.40518968,1144.14523,-89.068281,4.26534012
92.0,-24.933575,-1572.09301,10.556396,10.556396,-1.73789275,-1.73789275,-1.46426487,-1.46426487,1122.86786,33.743008,33.743008,3.96772037,3.96772037,4.89998917,4.89998917,0.192212735,0.0,4.3490615,58.4628716,-0.643883067,0.0,-1572.09301,1.47475516,1122.86786,-108.72654,5.11390707
92.5,-23.1600355,-1538.07651,10.25542697,10.25542697,-1.65304118,-1.65304118,-1.38052731,-1.38052731,1100.64887,33.7166722,33.7166722,3.88620036,3.88620036,4.81496184,4.81496184,0.192180966,0.0,4.3490615,57.3060272,-0.639252472,0.0,-1538.07651,2.65577947,1100.64887,-108.72654,5.01271472
93.0,89.9486862,-1292.82119,-35.126529915,-35.126529915,4.592968353,4.592968353,5.411419613,5.411419613,1081.20892,32.0048074,32.0048074,3.62405606,3.62405606,4.55608794,4.55608794,0.192122096,0.0,4.3490615,56.2938699,-0.432273679,0.0,-1292.82119,93.3574565,1081.20892,-108.72654,4.92417859
93.5,264.91442,-896.380742,-165.8255045,-104.5770291,14.1920529,9.3713087,19.5816807,12.7151911,1071.45199,29.3493133,20.2905584,3.29316848,2.27740791,4.52330457,3.10243001,0.191937005,0.0,4.3272082,55.7858713,-0.1417019976,0.0,-896.380742,252.6222636,1071.45199,-108.19378,4.85586827
94.0,328.5503,-629.427835,-299.413068,-136.800462,19.735882,9.0169373,29.977904,13.6965305,1071.5542,28.379946,12.9709716,3.18459599,1.45550278,4.63388904,2.11788182,0.191709395,0.0,2.9356166,55.7911916,0.1481309972,0.0,-629.427835,363.76303,1071.5542,-73.4810329,3.29724648
94.5,326.987787,-632.698673,-298.980396,-136.374994,19.8067252,9.0350487,30.0245937,13.6957244,1081.60579,28.1815084,12.8567395,3.19184162,1.45617309,4.63700466,2.11548006,0.191481811,11.24291312,0.78285880175,56.3145346,0.428613668,0.0,-632.698673,368.271052,1081.60579,-19.652085143,0.88771438714
95.0,227.116081,-403.05453272,-119.0828039,-78.9530993,8.4388026415,5.2255892415,12.15466282491,7.55097762491,1096.30819,15.26665992,11.36460372,1.75080215,1.30438239,2.53025871,1.8827115,0.191276648,729.859155,0.0,57.0800268,0.310048545,0.0,-403.05453272,472.412315,1096.30819,0.0,0.0
95.5,72.5472957,2562.53277,-3.911795674,-3.911795674,0.1108064025,0.1108064025,0.489291327,0.489291327,1100.42339,-4.770746105,-4.770746105,-0.5494492577,-0.5494492577,-0.3237962279,-0.3237962279,0.191244845,1841.44855,0.0,57.2942851,-0.0535930187,0.0,2562.53277,1708.81793,1100.42339,0.0,0.0
96.0,11.10037235,3858.26217,-4.35549359,-4.35549359,-1.7607712,-1.7607712,-1.40784419,-1.40784419,1096.07469,-12.088677,-12.088677,-1.38754657,-1.38754657,-0.956929866,-0.956929866,0.191247884,2245.7205,0.0,57.0678684,-0.148106882,0.0,3858.26217,2245.44133,1096.07469,0.0,0.0
96.5,2.96034351433,3846.93345,-1.7117031535,-1.7117031535,-0.6885697052,-0.6885697052,-0.5392526397,-0.5392526397,1090.70853,-12.088677,-12.088677,-1.3807534,-1.3807534,-0.951173366,-0.951173366,0.191264347,2242.53316,0.0,56.7884749,-0.162263347,0.0,3846.93345,2237.59413,1090.70853,0.0,0.0
97.0,0.0,3393.89392,-7.43634014,-7.43634014,-2.64522986,-2.64522986,-2.22770583,-2.22770583,1085.19968,-12.088677,-12.088677,-1.37377962,-1.37377962,-0.945274621,-0.945274621,0.191284551,2039.15571,0.0,56.5016509,-0.154972428,0.0,3393.89392,2045.86438,1085.19968,0.0,0.0
97.5,0.0,2623.25697,-6.56757143,-6.56757143,-1.821613832,-1.821613832,-1.488283458,-1.488283458,1079.73169,-12.088677,-12.088677,-1.36685754,-1.36685754,-0.939430812,-0.939430812,0.19130853,1724.55408,0.4772633334,56.2169574,-0.217671686,0.0,2623.25697,1722.00395,1079.73169,-11.691372,0.52712173
98.0,0.0,2408.97351,1.594609548,1.594609548,0.404976826,0.404976826,0.547883369,0.547883369,1019.666345,-12.088677,-12.088677,-1.29081942,-1.29081942,-0.876082847,-0.876082847,0.191319922,1610.1365,30.9009857,53.0896145,-4.23443083,0.0,2408.97351,1597.76733,1019.666345,-770.588428,32.3116661
98.5,0.0,2785.64393,2.93309295,2.93309295,0.862788792,0.862788792,1.143563986,1.143563986,765.12154,-12.088677,-12.088677,-0.96858523,-0.96858523,-0.609485779,-0.609485779,0.191319415,1610.1365,77.963432,39.8365683,-10.43209255,0.0,2785.64393,1605.87582,765.12154,-1947.16495,61.0034195
99.0,0.0,3374.58702,3.57816503,3.57816503,1.26372843,1.26372843,1.63999019,1.63999019,348.56695,-12.088677,-12.088677,-0.441259043,-0.441259043,-0.209421051,-0.209421051,0.191310172,1610.1365,95.079956,18.1483726,-12.6849207,0.0,3374.58702,1607.71626,348.56695,-2376.999,34.7059394
99.5,0.0,3849.9827,1.091516337,1.091516337,0.4318917265,0.4318917265,0.593405563,0.593405563,19.0578064354,-12.088677,-12.088677,-0.024125722491,-0.024125722491,-0.007915713215,-0.007915713215,0.191298627,1610.1365,95.079956,0.9922575016,-3.80905828589,0.0,3849.9827,1613.13396,19.0578064354,-708.83137428,1.899293881568
100.0,0.0,3866.20536,-0.0640971461,-0.0640971461,-0.02596236134,-0.02596236134,-0.02018841934,-0.02018841934,-0.0256245441,-12.088677,-12.088677,3.2438709e-05,3.2438709e-05,9.8123956e-05,9.8123956e-05,0.191298026,1610.1365,95.079956,-0.00133415916,0.00071123445,0.0,3866.20536,1608.74164,-0.0256245441,6.61597133,7.129909e-06
100.5,0.0,3864.3997,-0.00133029125,-0.00133029125,-0.000538346746,-0.000538346746,-0.000415410544,-0.000415410544,-0.0251344298,-12.088677,-12.088677,3.1818261e-05,3.1818261e-05,9.6247165e-05,9.6247165e-05,0.19129807,1610.1365,95.079956,-0.00130864102,0.01058093169,0.0,3864.3997,1607.99056,-0.0251344298,5.179483605,5.605716e-06
101.0,0.0,3864.36368,-6.4633694e-05,-6.4633694e-05,-2.6155637e-05,-2.6155637e-05,-1.957083e-05,-1.957083e-05,-0.0251428016,-12.088677,-12.088677,3.182886e-05,3.182886e-05,9.6279222e-05,9.6279222e-05,0.19129807,1610.1365,95.079956,-0.00130907693,-0.00978606665,0.0,3864.36368,1607.97558,-0.0251428016,4.62593198,4.96716e-06
101.5,0.0,3864.36324,2.0398577e-05,2.0398577e-05,8.254796e-06,8.254796e-06,1.1967376e-05,1.1967376e-05,-0.0255843231,-12.088677,-12.088677,3.2387793e-05,3.2387793e-05,9.7969937e-05,9.7969937e-05,0.19129807,1610.1365,95.079956,-0.00133206504,-9.6181601e-05,0.0,3864.36324,1607.97512,-0.0255843231,6.227589143,6.712931e-06
102.0,0.0,3864.36223,4.4244036e-05,4.4244036e-05,1.7904449e-05,1.7904449e-05,2.6587015e-05,2.6587015e-05,-0.0245334759,-12.088677,-12.088677,3.10575e-05,3.10575e-05,9.3945932e-05,9.3945932e-05,0.19129807,1610.1365,95.079956,-0.00127735193,0.0236443946,0.0,3864.36223,1607.97534,-0.0245334759,6.22227787,6.717661e-06
102.5,0.0,3870.14728,0.955681843354,0.955681843354,0.392529184708,0.392529184708,0.442601071143,0.442601071143,-0.0257750299,-12.088677,-12.088677,3.2629213e-05,3.2629213e-05,9.8700211e-05,9.8700211e-05,0.19129783,1616.0355,95.079956,-0.00134199433,-0.004825041003,0.0,3870.14728,1610.38181,-0.0257750299,8.18775771,8.878953e-06
103.0,0.0,4741.64914,14.05014245,14.05014245,6.96252256,6.96252256,7.55402667,7.55402667,-0.026144505,-12.088677,-12.088677,3.309694e-05,3.309694e-05,0.000100115042,0.000100115042,0.191256851,1993.15384,95.079956,-0.00136123127,0.000831115246,0.0,4741.64914,1973.01996,-0.026144505,12.0910565,1.3278789e-05
103.5,0.0,6190.80287,12.27292743,12.27292743,7.89605601,7.89605601,8.60222109,8.60222109,-0.0261308714,-12.0216433,-12.0216433,3.2895954e-05,3.2895954e-05,9.9507078e-05,9.9507078e-05,0.191170186,2576.51696,94.6044148,-0.00136052142,0.00218832998,0.0,6190.80287,2576.02346,-0.0261308714,11.8853862,1.3026998e-05
104.0,0.0,6734.71188,-0.862967461,-0.862967461,-0.609455015,-0.609455015,-0.482187276,-0.482187276,-0.0244277498,-7.71740973,-7.71740973,1.93742e-05,1.93742e-05,5.8605081e-05,5.8605081e-05,0.191129765,2788.6514,64.1789708,-0.00127184727,-0.00118063389,0.0,6734.71188,2802.34905,-0.0244277498,3.42969541,3.67708e-06
104.5,0.9231105627,6695.49883,-0.2002462908,-0.2002462908,-0.14059850483,-0.14059850483,-0.11125077938,-0.11125077938,-0.0174525035,-1.0516076298,-1.0516076298,3.922469e-06,3.922469e-06,1.2559014e-05,1.2559014e-05,0.191131645,2788.6514,17.1166522074,-0.000908676356,0.001858301795,0.0,6695.49883,2786.03631,-0.0174525035,0.865314524,9.25101e-07
105.0,59.718278,6805.66977,-23.74444927,-23.74444927,-16.96064164,-16.96064164,-16.06765209,-16.06765209,1.392802062,1.3854513,1.3854513,0.000202073473,0.000202073473,0.000611252684,0.000611252684,0.19117396,2788.6514,0.0,0.0725171791,0.0999231622,0.0,6805.66977,2832.70271,1.392802062,0.0,0.0
105.5,151.3742014,6834.76722,-63.0713035,-63.0713035,-45.1391442,-45.1391442,-43.2608226,-43.2608226,7.00821048,1.3854513,1.3854513,0.0010167801,0.0010167801,0.00307566139,0.00307566139,0.191367123,2788.6514,0.0,0.36488721,0.22374825,0.0,6834.76722,2848.08906,7.00821048,0.0,0.0
106.0,229.328406,6794.68371,-95.7933449,-95.7933449,-68.1497619,-68.1497619,-64.9730513,-64.9730513,17.1263794,1.3854513,1.3854513,0.00248476578,0.00248476578,0.0075161759,0.0075161759,0.191679581,2788.6514,0.0,0.891696488,0.36139897,0.0,6794.68371,2837.31797,17.1263794,0.0,0.0
106.5,298.748835,6764.05232,-124.6307468,-124.6307468,-88.2722101,-88.2722101,-83.8437396,-83.8437396,31.8990973,1.3854513,1.3854513,0.00462805254,0.00462805254,0.0139994111,0.0139994111,0.192071181,2788.6514,0.0,1.66084802,0.49242675,0.0,6764.05232,2833.19772,31.8990973,0.0,0.0
107.0,323.99426,6651.76838,-135.832512,-135.832512,-94.6193596,-94.6193596,-89.7848195,-89.7848195,50.1428464,1.3854513,1.3854513,0.00727493109,0.00727493109,0.0220059623,0.0220059623,0.192515019,2788.6514,0.0,2.61072109,0.541291731,0.0,6651.76838,2797.12797,50.1428464,0.0,0.0
107.5,323.99426,6597.097100000001,-134.991551,-134.991551,-93.2584461,-93.2584461,-88.4539576,-88.4539576,68.8185416,1.3854513,1.3854513,0.0099844776,0.0099844776,0.0302020799,0.0302020799,0.192959907,2788.6514,0.0,3.58308377,0.539732423,0.0,6597.097100000001,2785.28337,68.8185416,0.0,0.0
108.0,323.99426,6570.31119,-134.966856,-134.966856,-92.86278,-92.86278,-88.0595262,-88.0595262,87.4747785,1.3854513,1.3854513,0.0126912017,0.0126912017,0.0383896566,0.0383896566,0.193402466,2788.6514,0.0,4.55443334,0.539563613,0.0,6570.31119,2785.03086,87.4747785,0.0,0.0
108.5,323.99426,6544.18724,-134.966362,-134.966362,-92.4932154,-92.4932154,-87.690472,-87.690472,106.1259382,1.41512988,1.41512988,0.0157531056,0.0157531056,0.0476516195,0.0476516195,0.193843666,2788.6514,0.0,5.52551846,0.539502741,0.0,6544.18724,2785.05077,106.1259382,0.0,0.0
109.0,323.99426,6517.973059999999,-134.967974,-134.967974,-92.123814,-92.123814,-87.321657,-87.321657,124.8559206,3.34650809,3.34650809,0.0442482755,0.0442482755,0.1338467494,0.1338467494,0.194283424,2788.6514,0.0,6.50070761,0.545565652,0.0,6517.973059999999,2785.07915,124.8559206,0.0,0.0
109.5,323.99426,6491.33792,-134.970737,-134.970737,-91.7492356,-91.7492356,-86.9477902,-86.9477902,143.88303,6.43107859,6.43107859,0.0974545455,0.0974545455,0.294790569,0.294790569,0.194721405,2788.6514,0.0,7.49136711,0.555329032,0.0,6491.33792,2785.10586,143.88303,0.0,0.0
110.0,323.99426,6464.01899,-134.976692,-134.976692,-91.367139,-91.367139,-86.566472,-86.566472,163.40789,13.2720196,13.2720196,0.228663401,0.228663401,0.670800987,0.670800987,0.195157155,2788.6514,0.0,8.5079418,0.577209553,0.0,6464.01899,2785.13867,163.40789,0.0,0.0
110.5,323.99426,6434.41549,-135.147181,-135.147181,-91.0632,-91.0632,-86.2571381,-86.2571381,183.861854,22.1867293,22.1867293,0.428724527,0.428724527,1.084210813,1.084210813,0.195590013,2787.64393,0.0,9.5728911,0.606041923,0.0,6434.41549,2784.7634,183.861854,0.0,0.0
111.0,323.99426,6256.25507,-137.38155,-137.38155,-90.0064757,-90.0064757,-85.1274295,-85.1274295,205.142329,25.443367,25.443367,0.546585974,0.546585974,1.27505976,1.27505976,0.196020624,2723.46367,0.0,10.68087365,0.620113401,0.0,6256.25507,2723.05505,205.142329,0.0,0.0
111.5,323.99426,5979.603639999999,-137.077897,-137.077897,-85.837779,-85.837779,-80.9846381,-80.9846381,226.568305,25.443367,25.443367,0.603673848,0.603673848,1.35335941,1.35335941,0.196440035,2624.18101,0.0,11.7964317,0.619186537,0.0,5979.603639999999,2620.44873,226.568305,0.0,0.0
112.0,323.99426,5857.19571,-134.838975,-134.838975,-82.7053633,-82.7053633,-77.9402223,-77.9402223,247.893385,25.443367,25.443367,0.660492879,0.660492879,1.42545301,1.42545301,0.19684464,2588.0737,0.0,12.906736,0.614855236,0.0,5857.19571,2581.96552,247.893385,0.0,0.0
112.5,323.99426,5834.364869999999,-134.979572,-134.979572,-82.4689029,-82.4689029,-77.7009711,-77.7009711,269.145588,25.2008728,25.2008728,0.710040592,0.710040592,1.48262396,1.48262396,0.197244348,2588.0737,0.0,14.01324635,0.613842688,0.0,5834.364869999999,2584.8744,269.145588,0.0,0.0
113.0,323.99426,5805.73683,-134.973218,-134.973218,-82.0603935,-82.0603935,-77.2952444,-77.2952444,289.692229,9.420191,9.420191,0.2816234168,0.2816234168,0.6714680276,0.6714680276,0.197643659,2588.0737,0.0,15.08302145,0.562295619,0.0,5805.73683,2584.95912,289.692229,0.0,0.0
113.5,323.99426,5780.4514,-134.950431,-134.950431,-81.6892046,-81.6892046,-76.9255449,-76.9255449,307.740965,-15.06137507,-15.06137507,-0.488749227,-0.488749227,-0.2286675475,-0.2286675475,0.198045534,2588.0737,0.0,16.02274125,0.482582681,0.0,5780.4514,2584.97622,307.740965,0.0,0.0
114.0,323.99426,5758.17411,-134.941716,-134.941716,-81.3691255,-81.3691255,-76.606277,-76.606277,323.699908,-24.004753,-24.004753,-0.813707751,-0.813707751,-0.41881001,-0.41881001,0.198447913,2588.0737,0.0,16.8536537,0.453182384,0.0,5758.17411,2585.02484,323.699908,0.0,0.0
114.5,323.99426,5736.27258,-134.942234,-134.942234,-81.0599429,-81.0599429,-76.2977099,-76.2977099,339.359526,-24.004753,-24.004753,-0.853072452,-0.853072452,-0.449899969,-0.449899969,0.19884941,2588.0737,0.0,17.6689825,0.452735209,0.0,5736.27258,2585.05493,339.359526,0.0,0.0
115.0,323.99426,5714.37184,-134.942122,-134.942122,-80.7503945,-80.7503945,-75.9889291,-75.9889291,355.003297,-24.004753,-24.004753,-0.892397329,-0.892397329,-0.481956563,-0.481956563,0.199249869,2588.0737,0.0,18.483486,0.452266265,0.0,5714.37184,2585.07609,355.003297,0.0,0.0
115.5,323.99426,5692.49372,-134.941988,-134.941988,-80.4411496,-80.4411496,-75.6805914,-75.6805914,370.630496,-24.004753,-24.004753,-0.931680567,-0.931680567,-0.514975209,-0.514975209,0.199649285,2588.0737,0.0,19.2971267,0.451776682,0.0,5692.49372,2585.09708,370.630496,0.0,0.0
116.0,323.99426,5670.63978,-134.941841,-134.941841,-80.1322474,-80.1322474,-75.3727203,-75.3727203,386.240428,-24.004753,-24.004753,-0.97092035,-0.97092035,-0.54838123,-0.54838123,0.200047663,2588.0737,0.0,20.1098684,0.45126659,0.0,5670.63978,2585.118,386.240428,0.0,0.0
116.5,323.99426,5648.81113,-134.941702,-134.941702,-79.8236971,-79.8236971,-75.0653379,-75.0653379,401.832364,-24.004753,-24.004753,-1.01011492,-1.01011492,-0.578227842,-0.578227842,0.200444998,2588.0737,0.0,20.921673,0.450736079,0.0,5648.81113,2585.13896,401.832364,0.0,0.0
117.0,323.99426,5627.00853,-134.941544,-134.941544,-79.515514,-79.515514,-74.7584518,-74.7584518,417.405606,-24.004753,-24.004753,-1.04926251,-1.04926251,-0.60770178,-0.60770178,0.200841269,2588.0737,0.0,21.7325044,0.450185254,0.0,5627.00853,2585.15983,417.405606,0.0,0.0
117.5,322.370009,5602.640649999999,-134.668558,-134.668558,-79.011955,-79.011955,-74.2661245,-74.2661245,432.955145,-24.0923847,-24.0923847,-1.09238745,-1.09238745,-0.640736189,-0.640736189,0.201236465,2588.0737,0.0,22.5421011,0.446970463,0.0,5602.640649999999,2584.09943,432.955145,0.0,0.0
118.0,218.696133,5384.8817,-93.066055,-93.066055,-52.6119758,-52.6119758,-49.6156154,-49.6156154,445.684092,-29.7951403,-29.7951403,-1.39122266,-1.39122266,-0.881309825,-0.881309825,0.201594315,2588.0737,0.0,23.2048425,0.2349270789,0.0,5384.8817,2500.92064,445.684092,0.0,0.0
118.5,58.31930475268,5318.45485,-23.894478179,-23.894478179,-13.3003921589,-13.3003921589,-12.52354692,-12.52354692,447.916148,-38.6421834,-38.6421834,-1.81227932,-1.81227932,-1.2470172,-1.2470172,0.201794877,2588.0737,0.0,23.3210564,-0.1029887566,0.0,5318.45485,2474.58326,447.916148,0.0,0.0
119.0,0.0,5526.25579,2.062557334,2.062557334,1.183575376,1.183575376,1.483915399,1.483915399,441.190133,-41.874104,-41.874104,-1.9346389,-1.9346389,-1.34368974,-1.34368974,0.201820534,2588.0737,0.0,22.970861,-0.230091091,0.0,5526.25579,2557.12347,441.190133,0.0,0.0
119.5,0.31179884735,5603.641519999999,0.0684137156,0.0684137156,0.0400560917,0.0400560917,0.0634983014,0.0634983014,433.328197,-41.874104,-41.874104,-1.90016399,-1.90016399,-1.31386262,-1.31386262,0.201827687,2588.0737,0.0,22.5615242,-0.225804197,0.0,5603.641519999999,2584.73372,433.328197,0.0,0.0
120.0,20.25310602,5653.84373,-7.98975363,-7.98975363,-4.736201526,-4.736201526,-4.208031734,-4.208031734,426.024712,-41.874104,-41.874104,-1.86813789,-1.86813789,-1.28634294,-1.28634294,0.20185033,2588.0737,0.0,22.1812643,-0.186756152,0.0,5653.84373,2601.35881,426.024712,0.0,0.0
120.5,51.0988577,5673.59518,-21.2943919,-21.2943919,-12.65228825,-12.65228825,-11.94143115,-11.94143115,420.649255,-41.6702004,-41.6702004,-1.83562283,-1.83562283,-1.25954959,-1.25954959,0.201922892,2588.0737,0.0,21.901387,-0.124353508,0.0,5673.59518,2606.43887,420.649255,0.0,0.0
121.0,62.31725,5639.94265,-26.2984829,-26.2984829,-15.5325583,-15.5325583,-14.7479333,-14.7479333,417.488835,-28.4300614,-28.4300614,-1.24330305,-1.24330305,-0.769925369,-0.769925369,0.202034097,2588.0737,0.0,21.7368375,-0.0580702944,0.0,5639.94265,2590.5904,417.488835,0.0,0.0
121.5,62.31725,5628.47805,-25.9441478,-25.9441478,-15.29181435,-15.29181435,-14.5151892,-14.5151892,416.625934,-7.897586915,-7.897586915,-0.3445178548,-0.3445178548,-0.1753950767,-0.1753950767,0.20214505,2588.0737,0.0,21.6919101,0.00778675237,0.0,5628.47805,2585.31609,416.625934,0.0,0.0
122.0,62.31725,5626.907870000001,-25.9403315,-25.9403315,-15.285299,-15.285299,-14.5088923,-14.5088923,417.495351,-0.40134785,-0.40134785,-0.0175469322,-0.0175469322,-0.008773945,-0.008773945,0.202253053,2588.0737,0.0,21.7371765,0.0320130179,0.0,5626.907870000001,2585.17034,417.495351,0.0,0.0
122.5,62.31725,5625.334519999999,-25.939657,-25.939657,-15.2806277,-15.2806277,-14.5043777,-14.5043777,418.602612,-0.174402455,-0.174402455,-0.0076330132,-0.0076330132,0.008448621,0.008448621,0.202360719,2588.0737,0.0,21.7948273,0.0327047563,0.0,5625.334519999999,2585.16219,418.602612,0.0,0.0
123.0,62.31725,5622.94199,-25.9523829,-25.9523829,-15.2816217,-15.2816217,-14.5053364,-14.5053364,420.355044,14.56192995,14.56192995,0.641562363,0.641562363,1.188517966,1.188517966,0.202465303,2588.0737,0.0,21.8860691,0.0803282632,0.0,5622.94199,2585.18988,420.355044,0.0,0.0
123.5,62.0052935,5616.77232,-25.9210066,-25.9210066,-15.24644235,-15.24644235,-14.47135115,-14.47135115,424.419686,37.4146635,37.4146635,1.66390458,1.66390458,2.49342575,2.49342575,0.202560567,2588.0737,0.0,22.0976967,0.15370108,0.0,5616.77232,2584.99599,424.419686,0.0,0.0
124.0,42.0641431,5570.57676,-17.9283614,-17.9283614,-10.46395518,-10.46395518,-9.80736563,-9.80736563,429.923186,45.75801,45.75801,2.06009201,2.06009201,2.96093663,2.96093663,0.202637651,2588.0737,0.0,22.38424,0.143374235,0.0,5570.57676,2568.98712,429.923186,0.0,0.0
124.5,11.21726766221,5552.87199,-4.6252267943,-4.6252267943,-2.6898208119,-2.6898208119,-2.2948953367,-2.2948953367,433.843505,45.75801,45.75801,2.07887721,2.07887721,2.98138187,2.98138187,0.20266174,2588.0737,0.0,22.5883543,0.0841410627,0.0,5552.87199,2563.90904,433.843505,0.0,0.0
125.0,0.0,5587.68862,0.3671116752,0.3671116752,0.2144855163,0.2144855163,0.271477237,0.271477237,436.207738,45.75801,45.75801,2.09020614,2.09020614,2.99366709,2.99366709,0.202637741,2588.0737,0.0,22.71145,0.0622864298,0.0,5587.68862,2579.77695,436.207738,0.0,0.0
125.5,0.0,5597.34638,-0.006235953812,-0.006235953812,-0.003654647944,-0.003654647944,-0.00211924115,-0.00211924115,438.375684,45.75801,45.75801,2.10059444,2.10059444,3.00490294,3.00490294,0.202609408,2588.0737,0.0,22.8243255,0.0628542576,0.0,5597.34638,2585.06149,438.375684,0.0,0.0
126.0,0.0,5594.604359999999,-0.0172423624,-0.0172423624,-0.01010168975,-0.01010168975,-0.0079813705,-0.0079813705,440.547742,45.75801,45.75801,2.11100248,2.11100248,3.01613292,3.01613292,0.202581767,2588.0737,0.0,22.9374152,0.062791031,0.0,5594.604359999999,2585.1888,440.547742,0.0,0.0
126.5,-0.01711628393,5591.54563,-0.0145431481,-0.0145431481,-0.00851615807,-0.00851615807,-0.0064107729,-0.0064107729,442.717074,45.75801,45.75801,2.12139736,2.12139736,3.02732161,3.02732161,0.202554031,2588.0737,0.0,23.0503634,0.0626837603,0.0,5591.54563,2585.18258,442.717074,0.0,0.0
127.0,-1.108659667,5586.44703,0.423425452,0.423425452,0.2476755103,0.2476755103,0.31348051,0.31348051,444.856703,45.75801,45.75801,2.13164999,2.13164999,3.03833066,3.03833066,0.202525069,2588.0737,0.0,23.1617639,0.0605685265,0.0,5586.44703,2584.31041,444.856703,0.0,0.0
127.5,-2.79716655,5582.92922,1.15168948,1.15168948,0.673311014,0.673311014,0.852210246,0.852210246,446.89195,45.6209503,45.6209503,2.13497567,2.13497567,3.0404673,3.0404673,0.202491293,2588.0737,0.0,23.2677307,0.0568130852,0.0,5582.92922,2584.03493,446.89195,0.0,0.0
128.0,-3.4112606,5582.7986,1.43268461,1.43268461,0.837589077,0.837589077,1.06013711,1.06013711,448.449399,36.7284355,36.7284355,1.72471149,1.72471149,2.54725899,2.54725899,0.202455321,2588.0737,0.0,23.3488205,0.02678465095,0.0,5582.7986,2584.88999,448.449399,0.0,0.0
128.5,-3.39414856,5583.30193,1.42220083,1.42220083,0.831535101,0.831535101,1.0524731,1.0524731,448.59737,22.9400812,22.9400812,1.077726485,1.077726485,1.83152308,1.83152308,0.202425263,2588.0737,0.0,23.3565241,-0.01779399121,0.0,5583.30193,2585.18584,448.59737,0.0,0.0
129.0,-2.30260086,5586.84712,0.988474064,0.988474064,0.578285635,0.578285635,0.731928668,0.731928668,447.605248,17.907183,17.907183,0.839365383,0.839365383,1.5269529,1.5269529,0.202401915,2588.0737,0.0,23.3048691,-0.0320200451,0.0,5586.84712,2586.08181,447.605248,0.0,0.0
129.5,-0.614052784603,5588.59511,0.1930494752,0.1930494752,0.11300674994,0.11300674994,0.1625854452,0.1625854452,446.555803,17.907183,17.907183,0.837397407,0.837397407,1.52467549,1.52467549,0.202383968,2587.66023,0.0,23.2502289,-0.0286283445,0.0,5588.59511,2586.19628,446.555803,0.0,0.0
130.0,0.0,5526.74499,-0.998624579,-0.998624579,-0.578084481,-0.578084481,-0.45665982,-0.45665982,445.626661,17.907183,17.907183,0.83565506,0.83565506,1.52265593,1.52265593,0.202372208,2561.23855,0.0,23.2018525,-0.0258035659,0.0,5526.74499,2559.91749,445.626661,0.0,0.0
130.5,0.0,5425.767949999999,-0.853552064,-0.853552064,-0.48526883,-0.48526883,-0.383197067,-0.383197067,444.732855,18.0605716,18.0605716,0.841116238,0.841116238,1.53056848,1.53056848,0.202362453,2520.36701,0.0,23.1553162,-0.025526031,0.0,5425.767949999999,2517.37831,444.732855,0.0,0.0
131.0,0.0,5388.37806,0.05989103094,0.05989103094,0.033789765,0.033789765,0.04279837787,0.04279837787,444.24098,28.012518,28.012518,1.303188625,1.303188625,2.09455416,2.09455416,0.202348022,2505.504,0.0,23.1297061,0.00509404371,0.0,5388.37806,2501.53292,444.24098,0.0,0.0
131.5,1.3251522225,5395.38025,0.3449836649,0.3449836649,0.19675240157,0.19675240157,0.251522650935,0.251522650935,445.279692,43.3034513,43.3034513,2.01944558,2.01944558,2.8939563,2.8939563,0.202324975,2509.09595,0.04901434851,23.1837873,0.04923262065,0.0,5395.38025,2505.05309,445.279692,-1.202381,0.022470348
132.0,85.8729026,6090.14014,-25.50018723,-25.50018723,-16.829060087,-16.829060087,-15.97989064,-15.97989064,443.424813,39.8483556,39.8483556,1.85135044,1.85135044,2.69223421,2.69223421,0.202331065,2738.26979,3.1762423,23.0872114,-0.2301838757,0.0,6090.14014,2793.06478,443.424813,-79.1770417,1.467286495
132.5,216.662642,7043.99288,-82.7905436,-82.7905436,-61.4962851,-61.4962851,-58.8331291,-58.8331291,427.929615,25.7142864,25.7142864,1.155039616,1.155039616,1.927566,1.927566,0.202542443,3092.78656,8.01385584,22.2804435,-0.662195811,0.0,7043.99288,3180.92236,427.929615,-200.134056,3.57825428
133.0,264.2243,7250.49013,-111.8734952,-111.8734952,-84.950229,-84.950229,-81.0229131,-81.0229131,401.317497,18.1510961,18.1510961,0.763733896,0.763733896,1.43733347,1.43733347,0.202926453,3221.7065,9.773053,20.8948657,-0.813215916,0.0,7250.49013,3251.30878,401.317497,-244.32632,4.10721059
133.5,264.2243,7211.996550000001,-109.7904325,-109.7904325,-82.9178994,-82.9178994,-79.0887845,-79.0887845,372.933398,14.4078746,14.4078746,0.563561239,0.563561239,1.15668852,1.15668852,0.203332891,3221.7065,9.7240022,19.4170289,-0.821689121,0.0,7211.996550000001,3218.71813,372.933398,-243.128415,3.79864862
134.0,264.2243,7242.94069,-109.826723,-109.826723,-83.3012918,-83.3012918,-79.4703019,-79.4703019,349.805045,13.040362,13.040362,0.477688028,0.477688028,1.04294056,1.04294056,0.203738991,3221.7065,6.59681103,18.2128355,-0.413595604,0.0,7242.94069,3218.08967,349.805045,-165.1575305,2.42602164
134.5,264.2243,7247.474319999999,-110.0094209,-110.0094209,-83.4920436,-83.4920436,-79.6523985,-79.6523985,346.663515,13.040362,13.040362,0.473398014,0.473398014,1.03932393,1.03932393,0.204146424,3221.7065,1.7593864576,18.0492702,0.2257957402,0.0,7247.474319999999,3218.14178,346.663515,-44.192271818,0.63859498865
135.0,264.2243,7227.92635,-110.0786295,-110.0786295,-83.319253,-83.319253,-79.4763625,-79.4763625,360.249437,13.040362,13.040362,0.491950703,0.491950703,1.05475405,1.05475405,0.204553792,3221.7065,0.0,18.756629,0.459059585,0.0,7227.92635,3217.94046,360.249437,0.0,0.0
135.5,264.2243,7205.5431,-110.0733671,-110.0733671,-83.0572596,-83.0572596,-79.2147145,-79.2147145,376.111999,13.2196458,13.2196458,0.520807786,0.520807786,1.08360514,1.08360514,0.20496018,3221.7065,0.0,19.5825244,0.459125137,0.0,7205.5431,3217.8887,376.111999,0.0,0.0
136.0,264.2243,7182.68843,-110.0831719,-110.0831719,-82.8011866,-82.8011866,-78.9583474,-78.9583474,392.468521,24.8891126,24.8891126,1.025633355,1.025633355,1.7661889,1.7661889,0.205364541,3221.7065,0.0,20.4341382,0.496342957,0.0,7182.68843,3217.92914,392.468521,0.0,0.0
136.5,263.364807,7155.89051,-109.955396,-109.955396,-82.3968839,-82.3968839,-78.5605086,-78.5605086,410.637743,42.9933041,42.9933041,1.85165693,1.85165693,2.7116199,2.7116199,0.205764611,3221.7065,0.0,21.3801307,0.553067243,0.0,7155.89051,3217.38722,410.637743,0.0,0.0
137.0,208.448589,7024.28257,-87.927617,-87.927617,-64.7204443,-64.7204443,-61.860165,-61.860165,428.966683,49.607315,49.607315,2.22842433,2.22842433,3.17890414,3.17890414,0.206136939,3221.7065,0.0,22.3344399,0.471535956,0.0,7024.28257,3173.32632,428.966683,0.0,0.0
137.5,123.4996176,6967.373360000001,-52.0506437,-52.0506437,-37.9847006,-37.9847006,-36.454965,-36.454965,442.415047,49.607315,49.607315,2.29828674,2.29828674,3.25443971,3.25443971,0.206407519,3217.00949,0.0,23.0346376,0.30962726,0.0,6967.373360000001,3157.49837,442.415047,0.0,0.0
138.0,92.60668,6365.74546,-48.7327601,-48.7327601,-32.4686101,-32.4686101,-31.1010187,-31.1010187,451.960566,49.607315,49.607315,2.34787446,2.34787446,3.30736129,3.30736129,0.206599518,2917.02517,0.0,23.5316313,0.267456452,0.0,6365.74546,2912.73005,451.960566,0.0,0.0
138.5,92.60668,5234.8584,-48.3432068,-48.3432068,-26.5390005,-26.5390005,-25.2920643,-25.2920643,461.218974,49.6558998,49.6558998,2.39833828,2.39833828,3.3611417,3.3611417,0.206770114,2452.99231,0.0,24.0136768,0.266573979,0.0,5234.8584,2447.56556,461.218974,0.0,0.0
139.0,92.60668,4790.508449999999,-37.9119631,-37.9119631,-19.019419,-19.019419,-18.080264,-18.080264,470.218652,52.818248,52.818248,2.60121492,2.60121492,3.60478934,3.60478934,0.206895915,2284.2256,0.0,24.4822508,0.258294818,0.0,4790.508449999999,2267.92314,470.218652,0.0,0.0
139.5,92.185549,4809.30114,-38.5046865,-38.5046865,-19.3921418,-19.3921418,-18.4384091,-18.4384091,479.440997,57.6214593,57.6214593,2.8933359,2.8933359,3.95313473,3.95313473,0.207003676,2284.2256,0.0,24.9624185,0.273999578,0.0,4809.30114,2281.12777,479.440997,0.0,0.0
140.0,65.3643111,4746.321379999999,-27.7733642,-27.7733642,-13.81426635,-13.81426635,-13.0741751,-13.0741751,488.129546,52.7155848,52.7155848,2.69400105,2.69400105,3.69837635,3.69837635,0.207098492,2284.2256,0.0,25.4147939,0.2078687,0.0,4746.321379999999,2259.99457,488.129546,0.0,0.0
140.5,23.87283965,4722.66725,-9.87053211,-9.87053211,-4.88189497,-4.88189497,-4.39509796,-4.39509796,493.333408,42.1432579,42.1432579,2.17689112,2.17689112,3.04485656,3.04485656,0.207140726,2284.2256,0.0,25.6857363,0.0939505767,0.0,4722.66725,2253.1905,493.333408,0.0,0.0
141.0,8.784005,4771.573780000001,-3.14224008,-3.14224008,-1.57073072,-1.57073072,-1.236012066,-1.236012066,495.04803,26.5864353,26.5864353,1.37819683,1.37819683,2.16831418,2.16831418,0.207135631,2284.2256,0.0,25.7750091,0.014248132524,0.0,4771.573780000001,2274.54194,495.04803,0.0,0.0
141.5,8.784005,4789.325510000001,-3.6277918,-3.6277918,-1.8194728,-1.8194728,-1.4359436,-1.4359436,494.531589,8.33576667,8.33576667,0.431915158,0.431915158,0.796000421,0.796000421,0.207134244,2284.2256,0.0,25.748121,-0.0439353062,0.0,4789.325510000001,2281.62707,494.531589,0.0,0.0
142.0,8.784005,4792.64426,-3.63613752,-3.63613752,-1.82492125,-1.82492125,-1.44055151,-1.44055151,492.480535,1.6744117,1.6744117,0.0863534965,0.0863534965,0.161547195,0.161547195,0.207143663,2284.2256,0.0,25.6413309,-0.0653952863,0.0,4792.64426,2281.81039,492.480535,0.0,0.0
142.5,8.784005,4795.83082,-3.63691932,-3.63691932,-1.82652717,-1.82652717,-1.44188539,-1.44188539,490.221407,1.6744117,1.6744117,0.085957369,0.085957369,0.161119549,0.161119549,0.207154662,2284.2256,0.0,25.5237077,-0.0652981221,0.0,4795.83082,2281.81723,490.221407,0.0,0.0
143.0,8.784005,4798.98943,-3.636965,-3.636965,-1.82775311,-1.82775311,-1.44289555,-1.44289555,487.965584,1.6744117,1.6744117,0.085561827,0.085561827,0.160690865,0.160690865,0.207165673,2284.2256,0.0,25.4062571,-0.065202819,0.0,4798.98943,2281.81444,487.965584,0.0,0.0
143.5,8.784005,4802.143,-3.63699162,-3.63699162,-1.82896764,-1.82896764,-1.44389607,-1.44389607,485.713057,1.6744117,1.6744117,0.0851668589,0.0851668589,0.160261134,0.160261134,0.2071767,2284.2256,0.0,25.2889773,-0.0651081244,0.0,4802.143,2281.81139,485.713057,0.0,0.0
144.0,8.784005,4805.29194,-3.63701785,-3.63701785,-1.83018014,-1.83018014,-1.44489498,-1.44489498,483.463784,1.6744117,1.6744117,0.0847724621,0.0847724621,0.159830345,0.159830345,0.207187736,2284.2256,0.0,25.1718677,-0.0650140054,0.0,4805.29194,2281.80841,483.463784,0.0,0.0
144.5,8.784005,4818.30635,-1.99247036,-1.99247036,-0.98980201,-0.98980201,-0.58398353,-0.58398353,481.213527,1.91127646,1.91127646,0.096288124,0.096288124,0.181917744,0.181917744,0.207198344,2294.38366,0.0,25.0547066,-0.0670124425,0.0,4818.30635,2285.90988,481.213527,0.0,0.0
145.0,8.784005,6311.24973,22.265402,19.963387,14.8346779,13.10039725,15.7343433,13.8925685,478.773157,17.3037564,14.9365262,0.867118963,0.74860394,1.55573945,1.34701141,0.207098582,2944.32091,0.0,24.9276476,-0.0629836955,0.0,6311.24973,2905.70968,478.773157,0.0,0.0
145.5,8.784005,8594.789110000002,64.8732547,15.4333201,59.8596937,13.83126745,65.395971,15.02964325,476.748866,41.1772491,10.92517445,2.05530739,0.545666723,3.87013008,1.020811542,0.206871789,3949.67844,0.0,24.8222511,-0.0679690092,0.0,8594.789110000002,3854.72541,476.748866,0.0,0.0
146.0,8.784005,9979.5708,11.29023654,-1.68678336,11.50328625,-1.81745675,14.71108593,-0.22334512,475.731317,49.895126,38.6619851,2.48569882,1.926753774,3.80565064,2.76231491,0.20669728,4315.288,0.0,24.7692723,0.0515460228,0.0,9979.5708,4430.34908,475.731317,0.0,0.0
146.5,8.784005,9711.0105,-5.13310538,-5.13310538,-5.22049905,-5.22049905,-3.96428499,-3.96428499,478.844186,49.895126,49.895126,2.50196361,2.50196361,3.47156459,3.47156459,0.206703939,4312.33739,0.0,24.9313453,0.0937914294,0.0,9711.0105,4320.41691,478.844186,0.0,0.0
147.0,8.784005,9244.7387,-10.710989,-10.710989,-10.3734317,-10.3734317,-9.1945406,-9.1945406,482.255827,49.895126,49.895126,2.51978932,2.51978932,3.48990759,3.48990759,0.206729895,4124.36005,0.0,25.1089744,0.1033519005,0.0,9244.7387,4128.38941,482.255827,0.0,0.0
147.5,9.0341111,8517.2318,-9.84538754,-9.84538754,-8.79495444,-8.79495444,-7.81590686,-7.81590686,485.810785,50.1066911,50.1066911,2.54916252,2.54916252,3.52236533,3.52236533,0.206771798,3833.56837,0.0,25.294066,0.1026726551,0.0,8517.2318,3827.74439,485.810785,0.0,0.0
148.0,25.0039805,8270.953,-9.70734803,-9.70734803,-8.41555145,-8.41555145,-7.452358,-7.452358,490.104038,63.8732585,63.8732585,3.27926898,3.27926898,4.41934912,4.41934912,0.206793741,3727.817,0.0,25.5175975,0.165381436,0.0,8270.953,3727.77278,490.104038,0.0,0.0
148.5,49.7073071,8290.158500000001,-20.7928793,-20.7928793,-18.05004835,-18.05004835,-16.9922429,-16.9922429,497.864648,85.2226694,85.2226694,4.44491096,4.44491096,5.90836508,5.90836508,0.206850102,3727.817,0.0,25.9216587,0.282196004,0.0,8290.158500000001,3740.29564,497.864648,0.0,0.0
149.0,58.691624,8245.039,-24.8203071,-24.8203071,-21.4306455,-21.4306455,-20.3326526,-20.3326526,508.673498,93.01419,93.01419,4.95469508,4.95469508,6.54620498,6.54620498,0.206948399,3727.817,0.0,26.4844286,0.324428066,0.0,8245.039,3727.83228,508.673498,0.0,0.0
149.5,58.691624,8201.01685,-27.5389655,-27.5389655,-23.5967289,-23.5967289,-22.4388541,-22.4388541,519.878585,93.062618,93.062618,5.06649972,5.06649972,6.65695099,6.65695099,0.207050257,3709.13675,0.0,27.0678285,0.328809962,0.0,8201.01685,3716.05695,519.878585,0.0,0.0
150.0,58.691624,5425.89777,-68.994515,-68.994515,-39.3464257,-39.3464257,-37.4014215,-37.4014215,532.733875,96.2039314,96.2039314,5.36760612,5.36760612,7.01304651,7.01304651,0.207228617,2516.27634,0.0,27.7371477,0.410499246,0.0,5425.89777,2568.81547,532.733875,0.0,0.0
150.5,58.691624,830.161361,-62.2339551,-62.2339551,-6.21602548,-6.21602548,-4.946506784,-4.946506784,547.080907,101.0735761,101.0735761,5.79110578,5.79110578,7.5215929,7.5215929,0.20731608,679.08174451,0.0,28.4841363,0.413838402,0.0,830.161361,664.87276601,547.080907,0.0,0.0
151.0,58.691624,266.6720128,-2.770282741,-2.770282741,-0.17784123143,-0.17784123143,-0.062080118968,-0.062080118968,559.557801,102.85226,102.85226,6.02680845,6.02680845,7.78327268,7.78327268,0.207235768,516.716839,0.0,29.1337535,0.315560038,0.0,266.6720128,437.685861,559.557801,0.0,0.0
151.5,58.691624,2336.31985,-7.74253398,-7.74253398,-2.005896945,-2.005896945,-1.672583454,-1.672583454,570.59627,102.85226,102.85226,6.14569996,6.14569996,7.8941434,7.8941434,0.207164309,1304.08557,0.0,29.7084789,0.323665132,0.0,2336.31985,1305.32689,570.59627,0.0,0.0
152.0,58.691624,3117.20083,-24.7271114,-24.7271114,-8.07219531,-8.07219531,-7.5158896,-7.5158896,582.337778,102.85226,102.85226,6.27216389,6.27216389,8.01483104,8.01483104,0.207135278,1616.21154,0.0,30.3198091,0.352626538,0.0,3117.20083,1637.11299,582.337778,0.0,0.0
152.5,58.8412507,3145.19417,-23.7612547,-23.7612547,-7.82630129,-7.82630129,-7.28271172,-7.28271172,594.480848,102.85226,102.85226,6.40295278,6.40295278,8.1528713,8.1528713,0.207128595,1656.28725,0.0,30.9520453,0.350504139,0.0,3145.19417,1655.8515,594.480848,0.0,0.0
153.0,68.3718192,3182.01482,-28.4297718,-28.4297718,-9.4729569,-9.4729569,-8.8479871,-8.8479871,606.841862,102.85226,102.85226,6.53608927,6.53608927,8.2937202,8.2937202,0.207125844,1670.8628,0.0,31.5956311,0.369084591,0.0,3182.01482,1678.39036,606.841862,0.0,0.0
153.5,83.115068,3166.47542,-34.7298721,-34.7298721,-11.5151042,-11.5151042,-10.7717574,-10.7717574,620.081778,102.85226,102.85226,6.67869163,6.67869163,8.44350825,8.44350825,0.207138295,1670.8628,0.0,32.2849748,0.396523333,0.0,3166.47542,1679.65495,620.081778,0.0,0.0
154.0,88.476845,3128.6224,-37.1125557,-37.1125557,-12.1592948,-12.1592948,-11.3694826,-11.3694826,634.03672,102.85226,102.85226,6.82899582,6.82899582,8.60020375,8.60020375,0.207161234,1670.8628,0.0,33.0115495,0.40616606,0.0,3128.6224,1672.05225,634.03672,0.0,0.0
154.5,88.476845,3102.934,-36.9338057,-36.9338057,-12.0012182,-12.0012182,-11.21682275,-11.21682275,648.057521,102.85226,102.85226,6.9800092,6.9800092,8.7564275,8.7564275,0.207183161,1670.8628,0.0,33.7415526,0.405079277,0.0,3102.934,1669.54977,648.057521,0.0,0.0
155.0,88.476845,3083.20547,-36.9283411,-36.9283411,-11.92314715,-11.92314715,-11.1402735,-11.1402735,662.047943,102.85226,102.85226,7.13069508,7.13069508,8.9111139,8.9111139,0.207203015,1670.8628,0.0,34.4699717,0.404278802,0.0,3083.20547,1669.50947,662.047943,0.0,0.0
155.5,88.476845,3063.65508,-36.9280208,-36.9280208,-11.84743965,-11.84743965,-11.066015,-11.066015,676.01061,102.85226,102.85226,7.28108254,7.28108254,9.06431405,9.06431405,0.207220986,1670.8628,0.0,35.1969485,0.403471998,0.0,3063.65508,1669.52711,676.01061,0.0,0.0
156.0,88.476845,3044.14665,-36.9277893,-36.9277893,-11.7719253,-11.7719253,-10.9919894,-10.9919894,689.945173,102.85226,102.85226,7.43116681,7.43116681,9.21604355,9.21604355,0.207237085,1670.8628,0.0,35.9224605,0.402650218,0.0,3044.14665,1669.54579,689.945173,0.0,0.0
156.5,88.513354,3024.73655,-36.9336821,-36.9336821,-11.6987266,-11.6987266,-10.92019095,-10.92019095,703.851112,102.85226,102.85226,7.58094314,7.58094314,9.3663178,9.3663178,0.207251305,1670.8628,0.0,36.6464827,0.401866455,0.0,3024.73655,1669.58868,703.851112,0.0,0.0
157.0,90.839173,3009.71317,-37.8666602,-37.8666602,-11.9344654,-11.9344654,-11.1380021,-11.1380021,717.785107,102.85226,102.85226,7.73102133,7.73102133,9.5157604,9.5157604,0.207264558,1670.8628,0.0,37.3719644,0.405343463,0.0,3009.71317,1671.47329,717.785107,0.0,0.0
157.5,94.4370371,2991.37416,-39.4175071,-39.4175071,-12.3475127,-12.3475127,-11.517924,-11.517924,731.895441,102.85226,102.85226,7.88299898,7.88299898,9.66595125,9.66595125,0.207279437,1670.8628,0.03857066065,38.106629,0.406382068,0.0,2991.37416,1672.08119,731.895441,-0.9426816,0.02915051
158.0,95.74555,2972.68842,-39.9128882,-39.9128882,-12.42487265,-12.42487265,-11.5853734,-11.5853734,741.766363,102.85226,102.85226,7.9893154,7.9893154,9.77038575,9.77038575,0.207295312,1670.8628,2.49703777,38.6205645,0.0844043382,0.0,2972.68842,1670.06954,741.766363,-62.24877,1.935100874
158.5,95.74555,2979.26666,-39.7248249,-39.7248249,-12.3936466,-12.3936466,-11.5579549,-11.5579549,735.917248,102.8339964,102.8339964,7.92492359,7.92492359,9.7068104,9.7068104,0.207310698,1670.8628,6.30010439,38.3160277,-0.417944241,0.0,2979.26666,1669.39151,735.917248,-157.3460034,4.84581285
159.0,95.74555,3006.28035,-39.6683473,-39.6683473,-12.48827,-12.48827,-11.6515805,-11.6515805,716.889717,101.6462671,101.6462671,7.63117667,7.63117667,9.3932043,9.3932043,0.207327945,1670.8628,7.683193,37.3253463,-0.604257209,0.0,3006.28035,1669.52207,716.889717,-192.07983,5.76796648
159.5,95.739456,3035.76753,-39.6700146,-39.6700146,-12.61128775,-12.61128775,-11.7721388,-11.7721388,695.917824,99.8038818,99.8038818,7.27366236,7.27366236,9.00136155,9.00136155,0.207349188,1670.8628,7.683193,36.2334309,-0.608943677,0.0,3035.76753,1669.5466,695.917824,-192.07983,5.59923043
160.0,95.3499532,3064.55604,-39.5135572,-39.5135572,-12.68060545,-12.68060545,-11.8428593,-11.8428593,674.824039,99.13096,99.13096,7.00532801,7.00532801,8.7181548,8.7181548,0.207374108,1670.8628,7.683193,35.1351687,-0.61059999,0.0,3064.55604,1669.20917,674.824039,-192.07983,5.42951364
160.5,94.7474304,3093.87191,-39.2541036,-39.2541036,-12.71785415,-12.71785415,-11.8839919,-11.8839919,653.715433,99.13096,99.13096,6.78620013,6.78620013,8.49424565,8.49424565,0.207401351,1670.8628,7.683193,34.0361355,-0.610543246,0.0,3093.87191,1669.08253,653.715433,-192.07983,5.25967747
161.0,94.52833,3124.15388,-39.1569263,-39.1569263,-12.81060955,-12.81060955,-11.97688585,-11.97688585,632.617681,99.13096,99.13096,6.56718507,6.56718507,8.2678511,8.2678511,0.207430873,1670.8628,7.683193,32.9376662,-0.609796661,0.0,3124.15388,1669.36428,632.617681,-192.07983,5.08992873
161.5,94.52833,3153.88122,-39.1650861,-39.1650861,-12.9351976,-12.9351976,-12.099304,-12.099304,611.564408,99.13096,99.13096,6.3486319,6.3486319,8.039297,8.039297,0.207463111,1670.8628,7.64468236,31.8415141,-0.603683012,0.0,3153.88122,1669.44121,611.564408,-191.137149,4.89676007
162.0,94.52833,3177.57841,-39.2522377,-39.2522377,-13.06140595,-13.06140595,-12.2219716,-12.2219716,594.93968,99.13096,99.13096,6.17605096,6.17605096,7.85701344,7.85701344,0.207498015,1670.8628,5.18615549,30.9759362,-0.2789261776,0.0,3177.57841,1669.59473,594.93968,-129.8310644,3.23868996
162.5,94.542426,3178.95305,-39.3992277,-39.3992277,-13.1159562,-13.1159562,-12.2729945,-12.2729945,594.068507,99.13096,99.13096,6.16700748,6.16700748,7.84741837,7.84741837,0.207534453,1670.8628,1.38311735524,30.9305779,0.2237253561,0.0,3178.95305,1669.65809,594.068507,-34.733828278,0.86189568535
163.0,95.4412001,3163.06006,-39.8141753,-39.8141753,-13.1877443,-13.1877443,-12.33605035,-12.33605035,606.362301,99.13096,99.13096,6.29462858,6.29462858,7.98247179,7.98247179,0.207570625,1670.8628,0.0,31.570661,0.408421916,0.0,3163.06006,1670.22311,606.362301,0.0,0.0
163.5,96.3426738,3142.87686,-40.3274922,-40.3274922,-13.2726563,-13.2726563,-12.410223,-12.410223,620.51495,99.216499,99.216499,6.44716252,6.44716252,8.1440648,8.1440648,0.207606349,1670.8628,0.0,32.3075295,0.409894154,0.0,3142.87686,1670.08835,620.51495,0.0,0.0
164.0,65.7025871,3061.98974,-28.0610022,-28.0610022,-9.01274337,-9.01274337,-8.3940671,-8.3940671,634.18913,104.7793334,104.7793334,6.95958204,6.95958204,8.76736475,8.76736475,0.207627627,1670.8628,0.0,33.0194843,0.370122337,0.0,3061.98974,1644.41489,634.18913,0.0,0.0
164.5,17.5221413698,3026.09119,-7.273268715,-7.273268715,-2.3069666291,-2.3069666291,-2.0118120537,-2.0118120537,645.845652,113.4109304,113.4109304,7.6710503,7.6710503,9.6488094,9.6488094,0.207587675,1670.8628,0.0,33.6263893,0.30509723,0.0,3026.09119,1636.28334,645.845652,0.0,0.0
165.0,0.0,3071.66478,0.5223589658,0.5223589658,0.1673461123,0.1673461123,0.21979397235,0.21979397235,655.787946,116.56035,116.56035,8.00466035,8.00466035,10.0490426,10.0490426,0.207486172,1670.8628,0.0,34.1440422,0.28073935,0.0,3071.66478,1661.05212,655.787946,0.0,0.0
165.5,0.2785054381,3078.32473,-0.1075730675,-0.1075730675,-0.0346640876,-0.0346640876,-0.02640887719,-0.02640887719,665.509713,116.56035,116.56035,8.12332565,8.12332565,10.1703031,10.1703031,0.20737719,1670.8628,0.0,34.6502108,0.281604761,0.0,3078.32473,1669.49982,665.509713,0.0,0.0
166.0,18.05139545,3098.82357,-7.25539082,-7.25539082,-2.35646316,-2.35646316,-2.02395185,-2.02395185,675.660146,116.56035,116.56035,8.2472238,8.2472238,10.29620265,10.29620265,0.207276531,1670.8628,0.0,35.1787012,0.31415297,0.0,3098.82357,1683.95633,675.660146,0.0,0.0
166.5,45.5443068,3093.23314,-19.1120788,-19.1120788,-6.18896008,-6.18896008,-5.71001455,-5.71001455,687.430539,116.56035,116.56035,8.39089505,8.39089505,10.4413016,10.4413016,0.207212409,1670.8628,0.0,35.7915342,0.366123254,0.0,3093.23314,1688.50278,687.430539,0.0,0.0
167.0,55.542755,3040.87817,-23.5614278,-23.5614278,-7.5033239,-7.5033239,-6.96914505,-6.96914505,700.558589,116.56035,116.56035,8.5511385,8.5511385,10.6020308,10.6020308,0.20717636,1670.8628,0.0,36.4750551,0.384735872,0.0,3040.87817,1674.38287,700.558589,0.0,0.0
167.5,55.542755,3010.97776,-23.2283292,-23.2283292,-7.32410334,-7.32410334,-6.7960773,-6.7960773,713.831299,116.56035,116.56035,8.71314715,8.71314715,10.7633529,10.7633529,0.2071407,1670.8628,0.0,37.1661076,0.383346142,0.0,3010.97776,1669.69091,713.831299,0.0,0.0
168.0,55.542755,2992.17753,-23.2182607,-23.2182607,-7.27521233,-7.27521233,-6.74867984,-6.74867984,727.069558,116.56035,116.56035,8.87473555,8.87473555,10.92308375,10.92308375,0.207102606,1670.8628,0.0,37.855367,0.382505454,0.0,2992.17753,1669.59771,727.069558,0.0,0.0
168.5,55.542755,2973.67935,-23.2178429,-23.2178429,-7.23010544,-7.23010544,-6.70494919,-6.70494919,740.278977,116.56035,116.56035,9.0359723,9.0359723,11.0813126,11.0813126,0.207062459,1670.8628,0.0,38.5431242,0.381668285,0.0,2973.67935,1669.61337,740.278977,0.0,0.0
169.0,55.542755,2955.22694,-23.2176035,-23.2176035,-7.18516651,-7.18516651,-6.6614043,-6.6614043,753.459247,116.56035,116.56035,9.1968529,9.1968529,11.2380552,11.2380552,0.207020265,1670.8628,0.0,39.2293637,0.380818264,0.0,2955.22694,1669.63103,753.459247,0.0,0.0
169.5,55.2644225,2936.37287,-23.1704012,-23.1704012,-7.12487182,-7.12487182,-6.6031485,-6.6031485,766.609308,116.5727095,116.5727095,9.35836445,9.35836445,11.39458305,11.39458305,0.206976015,1670.8628,0.0,39.9140307,0.379590007,0.0,2936.37287,1669.46395,766.609308,0.0,0.0
170.0,37.4913596,2884.32846,-16.0401129,-16.0401129,-4.85033081,-4.85033081,-4.42476055,-4.42476055,779.327349,117.3743622,117.3743622,9.5791662,9.5791662,11.632055,11.632055,0.206920831,1670.8628,0.0,40.5762035,0.348229199,0.0,2884.32846,1655.23387,779.327349,0.0,0.0
170.5,9.9982647607,2849.66102,-5.537192569,-5.537192569,-1.646998895,-1.646998895,-1.3773328875,-1.3773328875,790.505852,118.5232495,118.5232495,9.8116027,9.8116027,11.8952969,11.8952969,0.206825203,1662.49138,0.0,41.1582199,0.300878877,0.0,2849.66102,1647.33551,790.505852,0.0,0.0
171.0,0.0,1633.513107,-19.6663606,-19.6663606,-3.37665881,-3.37665881,-2.98915588,-2.98915588,800.801919,112.8754065,112.8754065,9.46486455,9.46486455,11.4386124,11.4386124,0.206726814,1127.832399,0.0,41.6942918,0.294823326,0.0,1633.513107,1147.299196,800.801919,0.0,0.0
171.5,0.0,-423.2444791,-17.50255693,-17.50255693,0.653210548,0.653210548,0.972651289,0.972651289,810.416424,103.4174518,103.4174518,8.77598245,8.77598245,10.574472,10.574472,0.2066179,300.768927621,0.0,42.1948768,0.259795519,0.0,-423.2444791,297.08101698,810.416424,0.0,0.0
172.0,0.0,-1205.3832,1.176907293,1.176907293,-0.1502006717,-0.1502006717,-0.0956212983,-0.0956212983,818.494385,99.96222,99.96222,8.568015,8.568015,10.3048075,10.3048075,0.206495636,0.0,0.0,42.6154612,0.215549514,0.0,-1205.3832,-23.65600657,818.494385,0.0,0.0
172.5,0.0,-1158.1043,0.00309916213,0.00309916213,-0.00036924693,-0.00036924693,0.002606133896,0.002606133896,825.980265,100.168925,100.168925,8.66433005,8.66433005,10.4075884,10.4075884,0.206384485,0.0,0.0,43.0052187,0.217726751,0.0,-1158.1043,0.3880225682,825.980265,0.0,0.0
173.0,0.0,-1167.67181,-0.07070279,-0.07070279,0.00864800135,0.00864800135,0.01377475755,0.01377475755,834.068123,113.6000987,113.6000987,9.92385825,9.92385825,11.9288949,11.9288949,0.206263102,0.0,0.0,43.4263189,0.260718487,0.0,-1167.67181,1.12935213,834.068123,0.0,0.0
173.5,1.6284467003,-1170.66331,1.0689144519,1.0689144519,-0.1196843313,-0.1196843313,-0.0880110538,-0.0880110538,844.244862,134.431263,134.431263,11.88689535,11.88689535,14.34785835,14.34785835,0.206105313,8.887141313,0.0,43.9561775,0.327291422,0.0,-1170.66331,5.82669411,844.244862,0.0,0.0
174.0,105.477904,320.1582585,-20.91081634,-20.89139744,-2.2831168386,-2.2836975518,-1.871199544,-1.8728596216,857.982901,142.03796,142.03796,12.76179225,12.76179225,15.4027112,15.4027112,0.205917471,575.638744,0.0,44.6714577,0.510062073,0.0,320.1582585,634.190108,857.982901,0.0,0.0
174.5,264.739986,2527.15419,-92.625674,-92.625674,-25.7815415,-25.7815415,-23.1580267,-23.1580267,881.018954,142.03796,142.03796,13.10443465,13.10443465,15.7494346,15.7494346,0.205845439,1452.34359,0.0,45.8708455,0.818705333,0.0,2527.15419,1565.98799,881.018954,0.0,0.0
175.0,235.090072,2934.50065,-103.0555796,-103.0555796,-32.0054767,-32.0054767,-28.9069388,-28.9069388,910.66233,142.03796,142.03796,13.5453557,13.5453557,16.1914793,16.1914793,0.205825782,1771.1962,0.0,47.4142475,0.800112485,0.0,2934.50065,1752.79639,910.66233,0.0,0.0
175.5,98.8442066,2721.43624,-41.1099313,-41.1099313,-11.73043023,-11.73043023,-10.82358733,-10.82358733,933.596492,142.03796,142.03796,13.8864827,13.8864827,16.5303018,16.5303018,0.205668537,1771.1962,0.0,48.608331,0.531759547,0.0,2721.43624,1677.52984,933.596492,0.0,0.0
176.0,49.294106,2864.19224,-18.9365365,-18.9365365,-5.68584579,-5.68584579,-5.22839045,-5.22839045,949.552778,142.03796,142.03796,14.1238192,14.1238192,16.7643352,16.7643352,0.205556066,1771.1962,0.0,49.4391051,0.434106591,0.0,2864.19224,1746.24837,949.552778,0.0,0.0
176.5,49.294106,2899.07645,-20.5833157,-20.5833157,-6.24887913,-6.24887913,-5.76493932,-5.76493932,964.609813,142.03796,142.03796,14.3477801,14.3477801,16.9845042,16.9845042,0.205431035,1771.1962,0.0,50.2230592,0.435728418,0.0,2899.07645,1769.55565,964.609813,0.0,0.0
177.0,49.294106,2879.32868,-20.6315026,-20.6315026,-6.2208637,-6.2208637,-5.73731299,-5.73731299,979.65413,142.03796,142.03796,14.5715523,14.5715523,17.2130463,17.2130463,0.205304648,1771.1962,0.0,51.006352,0.43455005,0.0,2879.32868,1770.12273,979.65413,0.0,0.0
177.5,49.294106,2858.35155,-20.6320568,-20.6320568,-6.17570865,-6.17570865,-5.69333461,-5.69333461,994.655243,142.03796,142.03796,14.7946812,14.7946812,17.4434486,17.4434486,0.205174052,1771.1962,0.0,51.7873945,0.433272933,0.0,2858.35155,1770.15305,994.655243,0.0,0.0
178.0,49.294106,2837.41268,-20.6317145,-20.6317145,-6.13036654,-6.13036654,-5.64921406,-5.64921406,1009.611882,142.03796,142.03796,15.0171489,15.0171489,17.6722986,17.6722986,0.205039085,1771.1962,0.0,52.5661235,0.431978713,0.0,2837.41268,1770.17329,1009.611882,0.0,0.0
178.5,49.294106,2816.53741,-20.6312635,-20.6312635,-6.08513175,-6.08513175,-5.60523276,-5.60523276,1024.52218,141.795391,141.795391,15.2127331,15.2127331,17.8675113,17.8675113,0.204899679,1771.1962,0.0,53.3424376,0.429885827,0.0,2816.53741,1770.19296,1024.52218,0.0,0.0
179.0,49.294106,2796.62857,-20.6172623,-20.6172623,-6.03802178,-6.03802178,-5.55954781,-5.55954781,1038.69599,126.0372174,126.0372174,13.7065348,13.7065348,16.00721165,16.00721165,0.204768431,1771.1962,0.0,54.0804053,0.37763009,0.0,2796.62857,1770.18468,1038.69599,0.0,0.0
179.5,49.0465745,2779.89519,-20.5526074,-20.5526074,-5.98311424,-5.98311424,-5.50664188,-5.50664188,1050.35161,101.5978725,101.5978725,11.172936,11.172936,12.9808852,12.9808852,0.204674647,1771.1962,0.0,54.6872654,0.297107977,0.0,2779.89519,1770.02747,1050.35161,0.0,0.0
180.0,33.2735207,2736.7278,-14.2151257,-14.2151257,-4.07788275,-4.07788275,-3.68134769,-3.68134769,1059.51622,92.67413,92.67413,10.2824061,10.2824061,11.92513665,11.92513665,0.204600758,1771.1962,0.0,55.1644258,0.237992491,0.0,2736.7278,1757.41636,1059.51622,0.0,0.0
180.5,8.87314430465,2716.74851,-3.692755997,-3.692755997,-1.0512726523,-1.0512726523,-0.8330475659,-0.8330475659,1066.91427,92.67413,92.67413,10.3542029,10.3542029,11.9982969,11.9982969,0.204496349,1771.1962,0.0,55.549612,0.190575686,0.0,2716.74851,1753.42247,1066.91427,0.0,0.0
181.0,0.0,2738.30919,0.2561094397,0.2561094397,0.07327656673,0.07327656673,0.09760797276,0.09760797276,1073.06328,92.67413,92.67413,10.4138778,10.4138778,12.05901045,12.05901045,0.204361092,1771.1962,0.0,55.8697632,0.172790775,0.0,2738.30919,1765.98437,1073.06328,0.0,0.0
181.5,0.0,2742.32066,0.3525681431,0.3525681431,0.10196968908,0.10196968908,0.13979339099,0.13979339099,1079.03871,92.67413,92.67413,10.47186835,10.47186835,12.11792825,12.11792825,0.204222257,1773.6219,0.0,56.1808784,0.172069099,0.0,2742.32066,1771.14258,1079.03871,0.0,0.0
182.0,0.0,3091.82905,5.7179261,5.7179261,1.84892229,1.84892229,2.2993097,2.2993097,1084.80155,92.67413,92.67413,10.52779535,10.52779535,12.17467425,12.17467425,0.20405842,1928.22349,0.0,56.480923,0.162197787,0.0,3091.82905,1919.94049,1084.80155,0.0,0.0
182.5,0.0,3678.1012,4.98768194,4.98768194,1.91112676,1.91112676,2.36678699,2.36678699,1090.41331,92.67413,92.67413,10.5822567,10.5822567,12.22986155,12.22986155,0.203870484,2167.38234,0.0,56.7731056,0.162940165,0.0,3678.1012,2167.16933,1090.41331,0.0,0.0
183.0,0.0,3892.9349,-0.404536076,-0.404536076,-0.165096668,-0.165096668,-0.1284416686,-0.1284416686,1096.21487,92.67413,92.67413,10.6385595,10.6385595,12.2868404,12.2868404,0.203708369,2254.3572,0.0,57.0751658,0.171772669,0.0,3892.9349,2259.95076,1096.21487,0.0,0.0
183.5,0.0,3867.97303,-0.0657801782,-0.0657801782,-0.0266496225,-0.0266496225,-0.0207231447,-0.0207231447,1102.13153,92.67413,92.67413,10.69597955,10.69597955,12.34487295,12.34487295,0.203567214,2254.3572,0.0,57.3832198,0.170622335,0.0,3867.97303,2253.01856,1102.13153,0.0,0.0
184.0,0.0,3859.23841,-0.0476110645,-0.0476110645,-0.0192415558,-0.0192415558,-0.0149596243,-0.0149596243,1108.01967,92.67413,92.67413,10.7531229,10.7531229,12.4025494,12.4025494,0.203424257,2254.3572,0.0,57.6897916,0.170029114,0.0,3859.23841,2252.82208,1108.01967,0.0,0.0
184.5,0.0,3851.01333,-0.047111363,-0.047111363,-0.0189989502,-0.0189989502,-0.01476849375,-0.01476849375,1113.88811,92.67413,92.67413,10.81007495,10.81007495,12.45995605,12.45995605,0.203280275,2254.3572,0.0,57.9953358,0.169465555,0.0,3851.01333,2252.82613,1113.88811,0.0,0.0
185.0,0.0,3842.82461,-0.0469482666,-0.0469482666,-0.0188929164,-0.0188929164,-0.01468358695,-0.01468358695,1119.73707,92.67413,92.67413,10.8668381,10.8668381,12.51709585,12.51709585,0.203135284,2254.3572,0.0,58.2998655,0.168901494,0.0,3842.82461,2252.83391,1119.73707,0.0,0.0
185.5,0.0,3823.69562,-1.8717579421,-1.8717579421,-0.7299166374,-0.7299166374,-0.67566205575,-0.67566205575,1125.57313,92.755812,92.755812,10.9331266,10.9331266,12.58520255,12.58520255,0.202989788,2243.06017,0.0,58.6037226,0.171769931,0.0,3823.69562,2248.28179,1125.57313,0.0,0.0
186.0,0.0,2146.709084,-26.9521389,-26.9521389,-6.11167297,-6.11167297,-5.58242174,-5.58242174,1132.55014,98.0621719,98.0621719,11.6307871,11.6307871,13.38190645,13.38190645,0.202894654,1521.69108,0.0,58.9669862,0.231881408,0.0,2146.709084,1554.54917,1132.55014,0.0,0.0
186.5,0.0,-623.8520003,-25.7673686,-23.61950425,1.625127,1.34249207,2.073357811,1.746570301,1140.73159,106.2910568,98.1519529,12.6977614,11.7237525,14.5992067,13.47956245,0.202746839,405.815096406,0.0,59.3929581,0.225590728,0.0,-623.8520003,406.4753229,1140.73159,0.0,0.0
187.0,0.0,-1700.39033,1.655618859,1.655618859,-0.2965088645,-0.2965088645,-0.191503695,-0.191503695,1148.17271,109.29675,109.29675,13.1414445,13.1414445,15.10280395,15.10280395,0.202537251,0.0,0.0,59.7803853,0.216939036,0.0,-1700.39033,-37.13542124,1148.17271,0.0,0.0
187.5,0.0,-1620.83963,0.0432012243,0.0432136516,-0.00733394617,-0.0073360542,-0.00272447717,-0.00272754846,1155.71231,109.29675,109.29675,13.2277398,13.2277398,15.1887188,15.1887188,0.202337728,0.0,0.0,60.1729414,0.218992015,0.0,-1620.83963,0.36856014,1155.71231,0.0,0.0
188.0,0.0,-1628.63899,-0.0587238043,-0.0587238043,0.0100159374,0.0100159374,0.0145772922,0.0145772922,1163.27489,109.29675,109.29675,13.3142971,13.3142971,15.27576635,15.27576635,0.202132907,0.0,0.0,60.5666906,0.218412663,0.0,-1628.63899,1.53889475,1163.27489,0.0,0.0
188.5,0.0,-1634.07173,0.7841691855,0.7841691855,-0.1305710424,-0.1305710424,-0.0978232265,-0.0978232265,1170.80992,109.29675,109.29675,13.4005392,13.4005392,15.36476525,15.36476525,0.201925439,5.237484102,0.0,60.9590065,0.216189544,0.0,-1634.07173,3.67795165,1170.80992,0.0,0.0
189.0,0.0,-872.242473,12.3923466,12.3923466,-1.143204522,-1.143204522,-0.89699749,-0.89699749,1177.88915,109.29675,109.29675,13.4815651,13.4815651,15.4483682,15.4483682,0.201733477,339.132787,0.0,61.3275925,0.195279127,0.0,-872.242473,324.8142506,1177.88915,0.0,0.0
189.5,0.0,400.202605,11.30335227,10.97082422,0.433524327,0.414320616,0.6792683494,0.6517348284,1184.58219,109.29675,106.8983486,13.55817035,13.2603043,15.5254317,15.1844221,0.201525499,855.990581,0.0,61.6760701,0.189308824,0.0,400.202605,858.196043,1184.58219,0.0,0.0
190.0,0.0,927.468942,-0.0130085093,-0.0133015463,-0.00129665198,-0.00132483748,0.02237900105,0.02233043575,1191.56055,109.29675,109.29675,13.6380415,13.6380415,15.60953465,15.60953465,0.20130333,1066.40129,0.0,62.0394034,0.215458844,0.0,927.468942,1081.67008,1191.56055,0.0,0.0
190.5,0.0,966.140246,0.633310977,0.633310977,0.0639730954,0.0639730954,0.1080168981,0.1080168981,1198.9714,109.29675,109.29675,13.7228627,13.7228627,15.6967423,15.6967423,0.201082761,1101.30286,0.0,62.4252546,0.21356994,0.0,966.140246,1102.08862,1198.9714,0.0,0.0
191.0,0.0,987.205317,-0.1123510751,-0.1123510751,-0.011624326,-0.011624326,-0.00694159287,-0.00694159287,1206.36567,109.29675,109.29675,13.8074939,13.8074939,15.7836456,15.7836456,0.200860015,1113.9956,0.0,62.8102425,0.214099466,0.0,987.205317,1115.17146,1206.36567,0.0,0.0
191.5,0.0,974.408877,-0.0619689067,-0.0619689067,-0.00632410284,-0.00632410284,-0.00376197836,-0.00376197836,1213.75229,109.29675,109.29675,13.8920382,13.8920382,15.8703504,15.8703504,0.2006359,1113.9956,0.0,63.1948328,0.213240413,0.0,974.408877,1114.15974,1213.75229,0.0,0.0
192.0,0.0,964.038579,-0.0590054261,-0.0590054261,-0.00595689385,-0.00595689385,-0.00353064001,-0.00353064001,1221.10765,109.29675,109.1639214,13.9762236,13.9592093,15.9564843,15.9370628,0.200408533,1113.9956,0.0,63.5777926,0.212032885,0.0,964.038579,1114.1393,1221.10765,0.0,0.0
192.5,0.0,953.834757,-0.0582131368,-0.0582131368,-0.00581470615,-0.00581470615,-0.00343034734,-0.00343034734,1228.39412,109.29675,108.5935847,14.05962105,13.96912935,16.0413977,15.9381555,0.200179869,1113.9956,0.0,63.9571673,0.209416137,0.0,953.834757,1114.14793,1228.39412,0.0,0.0
193.0,0.0,943.763907,-0.0574653967,-0.0574653967,-0.00567941025,-0.00567941025,-0.00333503515,-0.00333503515,1235.58752,109.29675,108.0035607,14.14195375,13.97459095,16.1251198,15.9342917,0.199951216,1113.9956,0.0,64.3316974,0.206741017,0.0,943.763907,1114.15757,1235.58752,0.0,0.0
193.5,0.0,933.821143,-0.0567386976,-0.0567386976,-0.00554851145,-0.00554851145,-0.00324322407,-0.00324322407,1242.68957,109.29675,107.4305827,14.2232399,13.98035295,16.2076998,15.9309289,0.199722591,1113.9956,0.0,64.7014704,0.20412641,0.0,933.821143,1114.16712,1242.68957,0.0,0.0
194.0,0.0,924.003705,-0.0560254894,-0.0560254894,-0.00542116664,-0.00542116664,-0.00315437009,-0.00315437009,1249.70206,109.29675,106.870986,14.30350165,13.9860117,16.2891611,15.92760005,0.199493993,1113.9956,0.0,65.0665806,0.201560432,0.0,924.003705,1114.17658,1249.70206,0.0,0.0
194.5,0.0,917.054783,0.4576215847,0.4189576847,0.04504206161,0.04124650061,0.07782593452,0.07168542452,1256.62203,109.103092,105.828397,14.3571587,13.9261019,16.3400878,15.84952085,0.199265429,1117.0261,0.0,65.4268731,0.196616889,0.0,917.054783,1115.32561,1256.62203,0.0,0.0
195.0,0.0,1356.57772,7.36807501,7.21545119,1.038217531,1.020556399,1.3922837,1.36773064,1262.63913,96.5297539,94.6457252,12.7626013,12.5138224,14.5125472,14.2295978,0.1990387,1310.78461,0.0,65.740158,0.147965273,0.0,1356.57772,1301.72767,1262.63913,0.0,0.0
195.5,0.0,2095.51133,6.27376505,6.27376505,1.361180646,1.361180646,1.72925934,1.72925934,1266.83829,77.0317414,77.0317414,10.21875235,10.21875235,11.6522746,11.6522746,0.198846484,1610.50084,0.0,65.9587892,0.0921580276,0.0,2095.51133,1611.65524,1266.83829,0.0,0.0
196.0,0.0,2370.77966,-0.468938594,-0.468938594,-0.1166725269,-0.1166725269,-0.0859716647,-0.0859716647,1269.67044,69.913414,69.913414,9.2956583,9.2956583,10.6197007,10.6197007,0.198712333,1719.5002,0.0,66.106248,0.080536276,0.0,2370.77966,1727.85008,1269.67044,0.0,0.0
196.5,0.238709951,2346.39979,-0.0852662565,-0.0852662565,-0.02095899023,-0.02095899023,-0.01541676672,-0.01541676672,1272.43492,69.913414,69.913414,9.3158977,9.3158977,10.6404367,10.6404367,0.198596512,1719.5002,0.0,66.2501799,0.079843211,0.0,2346.39979,1719.31959,1272.43492,0.0,0.0
197.0,15.45222694,2370.73951,-6.16668327,-6.16668327,-1.533160013,-1.533160013,-1.260567223,-1.260567223,1275.5515,69.913414,69.913414,9.3387154,9.3387154,10.6638025,10.6638025,0.198485904,1719.5002,0.0,66.4124481,0.1077995585,0.0,2370.73951,1731.26729,1275.5515,0.0,0.0
197.5,38.9864884,2373.72332,-16.315511,-16.315511,-4.05491992,-4.05491992,-3.65791361,-3.65791361,1280.05878,69.913414,69.913414,9.3717148,9.3717148,10.6975739,10.6975739,0.198401343,1719.5002,0.0,66.6471251,0.152381378,0.0,2373.72332,1735.14068,1280.05878,0.0,0.0
198.0,47.545315,2336.69104,-20.1241026,-20.1241026,-4.9245806,-4.9245806,-4.4834089,-4.4834089,1285.73049,69.913414,69.913414,9.4132392,9.4132392,10.7400349,10.7400349,0.198337904,1719.5002,0.0,66.9424266,0.168359504,0.0,2336.69104,1723.04296,1285.73049,0.0,0.0
198.5,47.545315,2318.89375,-19.8389416,-19.8389416,-4.81757147,-4.81757147,-4.38191259,-4.38191259,1291.52674,69.7610236,69.7610236,9.43502345,9.43502345,10.7602993,10.7602993,0.198275539,1719.5002,0.0,67.2442105,0.166726529,0.0,2318.89375,1719.02177,1291.52674,0.0,0.0
199.0,47.545315,2311.15624,-19.8218012,-19.8218012,-4.79734678,-4.79734678,-4.3625214,-4.3625214,1296.86164,59.867007,59.867007,8.12973987,8.12973987,9.3277503,9.3277503,0.198218519,1719.5002,0.0,67.5219744,0.134098431,0.0,2311.15624,1718.91708,1296.86164,0.0,0.0
199.5,47.545315,2305.87294,-19.8072103,-19.8072103,-4.78285636,-4.78285636,-4.34864632,-4.34864632,1300.62292,44.451858,44.451858,6.05400703,6.05400703,7.06919594,7.06919594,0.198182334,1719.5002,0.0,67.7178089,0.0837774625,0.0,2305.87294,1718.91488,1300.62292,0.0,0.0
200.0,47.545315,2302.75201,-19.7977005,-19.7977005,-4.77408929,-4.77408929,-4.34025715,-4.34025715,1302.86753,34.1707757,34.1707757,4.66201299,4.66201299,5.62750805,5.62750805,0.198165097,1719.5002,0.0,67.8346765,0.0502413839,0.0,2302.75201,1718.92684,1302.86753,0.0,0.0
200.5,47.545315,2300.90553,-19.7913032,-19.7913032,-4.76871982,-4.76871982,-4.33512339,-4.33512339,1304.19182,26.9141137,26.9141137,3.67573056,3.67573056,4.65204924,4.65204924,0.198157895,1719.5002,0.0,67.903625,0.0266029711,0.0,2300.90553,1718.93175,1304.19182,0.0,0.0
201.0,47.545315,2299.93724,-19.7887464,-19.7887464,-4.76609734,-4.76609734,-4.33261255,-4.33261255,1304.89756,24.26451,24.26451,3.31570999,3.31570999,4.27563374,4.27563374,0.198157452,1719.5002,0.0,67.940371,0.0179426762,0.0,2299.93724,1718.94091,1304.89756,0.0,0.0
201.5,47.307477,2298.69677,-19.7489672,-19.7489672,-4.75396686,-4.75396686,-4.32117561,-4.32117561,1305.51608,24.26451,24.26451,3.31728174,3.31728174,4.27734199,4.27734199,0.198157936,1719.5002,0.0,67.9725744,0.01752755,0.0,2298.69677,1718.78594,1305.51608,0.0,0.0
202.0,32.0930864,2269.02411,-13.6445825,-13.6445825,-3.24474542,-3.24474542,-2.88390122,-2.88390122,1305.75825,24.26451,24.26451,3.31789704,3.31789704,4.27801077,4.27801077,0.198153704,1719.5002,0.0,67.985184,-0.01083874363,0.0,2269.02411,1706.58028,1305.75825,0.0,0.0
202.5,8.6360103111,2261.48154,-3.508024487,-3.508024487,-0.83040337957,-0.83040337957,-0.6401171637,-0.6401171637,1304.59682,24.26451,24.26451,3.31494593,3.31494593,4.27480299,4.27480299,0.198130137,1719.5002,0.0,67.9247143,-0.0556760814,0.0,2261.48154,1702.76363,1304.59682,0.0,0.0
203.0,4.96534074,2303.12055,-1.661058395,-1.661058395,-0.402137908,-0.402137908,-0.2906464181,-0.2906464181,1302.37855,24.26451,24.26451,3.30930925,3.30930925,4.26867372,4.26867372,0.198092301,1719.5002,0.0,67.809216,-0.0629280546,0.0,2303.12055,1718.7947,1302.37855,0.0,0.0
203.5,12.52759505,2319.96634,-4.9533762,-4.9533762,-1.203319423,-1.203319423,-0.923120344,-0.923120344,1300.47269,24.450999,24.450999,3.32984977,3.32984977,4.29036422,4.29036422,0.198058453,1721.0767,0.0,67.7099871,-0.0475715504,0.0,2319.96634,1724.69153,1300.47269,0.0,0.0
204.0,15.277971,2544.59399,-2.70427867,-2.70427867,-0.720848568,-0.720848568,-0.536574887,-0.536574887,1299.36173,36.581835,36.581835,4.97759699,4.97759699,5.95286997,5.95286997,0.19801903,1821.51555,0.0,67.6521475,-0.008915500935,0.0,2544.59399,1817.51204,1299.36173,0.0,0.0
204.5,15.277971,2926.43458,-3.10496233,-3.10496233,-0.955794593,-0.955794593,-0.730846213,-0.730846213,1300.1203,55.3997714,55.3997714,7.54286438,7.54286438,8.69253017,8.69253017,0.197952239,1976.88712,0.0,67.69164,0.0525796096,0.0,2926.43458,1976.84171,1300.1203,0.0,0.0
205.0,15.277971,3067.68125,-6.61231314,-6.61231314,-2.12425801,-2.12425801,-1.74284363,-1.74284363,1302.60018,62.27336,62.27336,8.4945828,8.4945828,9.7133722,9.7133722,0.197869007,2033.3936,0.0,67.820756,0.080652301,0.0,3067.68125,2037.06347,1302.60018,0.0,0.0
205.5,15.5891553,3053.44047,-6.44373401,-6.44373401,-2.06043401,-2.06043401,-1.68330813,-1.68330813,1305.37589,62.27336,62.27336,8.5126842,8.5126842,9.7318726,9.7318726,0.197787086,2033.3936,0.0,67.965277,0.0804082911,0.0,3053.44047,2032.75846,1305.37589,0.0,0.0
206.0,35.4632278,3086.89387,-14.4059627,-14.4059627,-4.66074618,-4.66074618,-4.23344207,-4.23344207,1308.62346,62.27336,62.27336,8.5338621,8.5338621,9.7535071,9.7535071,0.197715181,2033.3936,0.0,68.1343625,0.1170398149,0.0,3086.89387,2048.57489,1308.62346,0.0,0.0
206.5,66.2068806,3091.93066,-27.6637711,-27.6637711,-8.95604418,-8.95604418,-8.34808522,-8.34808522,1313.69064,62.27336,62.27336,8.5669065,8.5669065,9.78724015,9.78724015,0.197682694,2033.3936,0.0,68.3981881,0.175354692,0.0,3091.93066,2053.62945,1313.69064,0.0,0.0
207.0,77.38645,3044.67891,-32.6387952,-32.6387952,-10.4069212,-10.4069212,-9.7149151,-9.7149151,1320.2815,62.27336,62.27336,8.60988725,8.60988725,9.8310754,9.8310754,0.197678902,2033.3936,0.0,68.7413452,0.196298357,0.0,3044.67891,2037.81597,1320.2815,0.0,0.0
207.5,77.38645,3022.59099,-32.2663532,-32.2663532,-10.21311085,-10.21311085,-9.53042555,-9.53042555,1327.03828,62.234219,62.234219,8.6484985,8.6484985,9.8701964,9.8701964,0.19767657,2033.3936,0.0,69.0931432,0.194751947,0.0,3022.59099,2032.57029,1327.03828,0.0,0.0
208.0,77.38645,3013.02872,-32.2530136,-32.2530136,-10.1765883,-10.1765883,-9.49491055,-9.49491055,1333.64987,59.6870138,59.6870138,8.3356362,8.3356362,9.53618,9.53618,0.197674458,2033.3936,0.0,69.4373786,0.185730719,0.0,3013.02872,2032.45181,1333.64987,0.0,0.0
208.5,77.38645,3004.35952,-32.2490073,-32.2490073,-10.146047,-10.146047,-9.4651238,-9.4651238,1339.83639,55.9467017,55.9467017,7.84959719,7.84959719,9.01499685,9.01499685,0.197676373,2033.3936,0.0,69.7594831,0.17290704,0.0,3004.35952,2032.45674,1339.83639,0.0,0.0
209.0,77.38645,2995.428,-32.2592629,-32.2592629,-10.1190997,-10.1190997,-9.4386658,-9.4386658,1346.26419,68.188383,68.188383,9.6145853,9.6145853,10.9276847,10.9276847,0.197674438,2033.3936,0.0,70.0941525,0.211770395,0.0,2995.428,2032.49343,1346.26419,0.0,0.0
209.5,77.3644486,2983.50859,-32.2752249,-32.2752249,-10.0838225,-10.0838225,-9.4040082,-9.4040082,1354.76863,89.5469239,89.5469239,12.7058707,12.7058707,14.347289,14.347289,0.197644422,2033.3936,0.0,70.536942,0.279884015,0.0,2983.50859,2032.49934,1354.76863,0.0,0.0
210.0,75.9632324,2965.94347,-31.7274214,-31.7274214,-9.854467,-9.854467,-9.1873015,-9.1873015,1365.36952,105.7579464,105.7579464,15.122694,15.122694,17.059102,17.059102,0.197579919,2033.3936,0.0,71.088885,0.328508307,0.0,2965.94347,2031.38015,1365.36952,0.0,0.0
210.5,73.7956045,2948.27874,-30.803872,-30.803872,-9.5106151,-9.5106151,-8.8616459,-8.8616459,1377.37066,118.8754062,118.8754062,17.1477101,17.1477101,19.3466731,19.3466731,0.197482939,2033.3936,0.0,71.7137314,0.365395851,0.0,2948.27874,2031.03714,1377.37066,0.0,0.0
211.0,73.00731,2932.792,-30.4572524,-30.4572524,-9.35406065,-9.35406065,-8.7120889,-8.7120889,1390.32262,123.66779,123.66779,18.0053185,18.0053185,20.312472,20.312472,0.197357238,2033.3936,0.0,72.3880845,0.377839995,0.0,2932.792,2032.15552,1390.32262,0.0,0.0
211.5,72.640806,2914.83463,-30.4212652,-30.4212652,-9.2858966,-9.2858966,-8.64603225,-8.64603225,1403.35827,123.66779,123.66779,18.1741363,18.1741363,20.4853081,20.4853081,0.197224279,2033.3936,0.0,73.0667928,0.375780279,0.0,2914.83463,2032.29475,1403.35827,0.0,0.0
212.0,49.2799353,2852.44458,-21.0475794,-21.0475794,-6.29564596,-6.29564596,-5.80415277,-5.80415277,1415.75378,123.66779,122.530342,18.334664,18.1655042,20.6455635,20.4552608,0.19706747,2033.3936,0.0,73.7121765,0.327083402,0.0,2852.44458,2013.57143,1415.75378,0.0,0.0
212.5,13.1428027465,2825.17626,-5.4318610525,-5.4580368885,-1.6080727668,-1.6158171988,-1.3509463626,-1.3612102226,1424.90926,123.590895,102.9544896,18.4417357,15.36107135,20.7239421,17.2623177,0.196847644,2033.3936,0.0,74.1888605,0.193407826,0.0,2825.17626,2007.57072,1424.90926,0.0,0.0
213.0,0.0,2862.55961,0.5642040923,0.4384497633,0.16851084245,0.13096736857,0.22305715723,0.1733583194,1430.16125,118.5851632,93.3927654,17.7597223,13.9871765,19.947745,15.7103866,0.196619414,2033.3936,0.0,74.4623091,0.136222054,0.0,2862.55961,2026.19281,1430.16125,0.0,0.0
213.5,0.0,2871.12323,-0.03318667005,-0.03318667005,-0.00997683427,-0.00997683427,-0.00754351635,-0.00754351635,1434.94974,110.8190049,94.1610081,16.6521962,14.14933565,18.6984825,15.88803535,0.196391211,2033.3936,0.0,74.7116255,0.138937701,0.0,2871.12323,2032.55213,1434.94974,0.0,0.0
214.0,0.0,2864.52512,-0.0381771245,-0.0381771245,-0.01145210475,-0.01145210475,-0.0086565045,-0.0086565045,1439.72669,107.98169,93.8644355,16.2801647,14.151725,18.2752235,15.88595425,0.196163041,2033.3936,0.0,74.9603418,0.13739431,0.0,2864.52512,2032.59584,1439.72669,0.0,0.0
214.5,1.379291982,2860.1103,-0.2688777699,-0.2688777699,-0.08093872785,-0.08093872785,-0.06120863715,-0.06120863715,1444.45401,107.742123,93.8531364,16.2973288,14.19654735,18.2891509,15.9316099,0.195934898,2033.3936,0.0,75.2064713,0.13876842,0.0,2860.1103,2033.51905,1444.45401,0.0,0.0
215.0,89.2196754,3019.65942,-35.51358223,-35.51358223,-11.31166314,-11.31166314,-10.48761419,-10.48761419,1451.47155,92.1463631,92.1463631,14.0038761,14.0038761,15.7163834,15.7163834,0.195766126,2033.3936,0.0,75.571845,0.296005788,0.0,3019.65942,2104.00602,1451.47155,0.0,0.0
215.5,223.729018,3052.23031,-93.859872,-93.859872,-29.9815819,-29.9815819,-27.2381616,-27.2381616,1464.86161,67.9458555,67.9458555,10.4196063,10.4196063,11.75825915,11.75825915,0.195802956,2033.3936,0.0,76.269008,0.474271032,0.0,3052.23031,2125.37747,1464.86161,0.0,0.0
216.0,185.3024025,2692.69991,-80.5977015,-80.5977015,-22.929733,-22.929733,-20.7725799,-20.7725799,1480.8096,59.11165,59.11165,9.1664448,9.1664448,10.3943579,10.3943579,0.195919311,2033.3936,0.0,77.099352,0.375892645,0.0,2692.69991,1985.08611,1480.8096,0.0,0.0
216.5,49.5379294313,2571.61645,-20.3720728364,-20.3720728364,-5.48708564847,-5.48708564847,-4.9944640304,-4.9944640304,1489.1594,59.11165,59.11165,9.2181314,9.2181314,10.4475987,10.4475987,0.195932272,2033.3936,0.0,77.5340879,0.1118513308,0.0,2571.61645,1939.57779,1489.1594,0.0,0.0
217.0,7.74781893,2750.74665,-1.392364627,-1.392364627,-0.4168317197,-0.4168317197,-0.2130822988,-0.2130822988,1490.80889,59.11165,59.11165,9.2283417,9.2283417,10.458109,10.458109,0.195831751,2033.3936,0.0,77.6199699,0.0298746344,0.0,2750.74665,2015.0783,1490.80889,0.0,0.0
217.5,19.5479768,2809.14152,-8.12553777,-8.12553777,-2.39035735,-2.39035735,-2.02723063,-2.02723063,1492.30469,59.11165,59.11165,9.2376012,9.2376012,10.4676376,10.4676376,0.195734043,2033.3936,0.0,77.6978485,0.0551465657,0.0,2809.14152,2040.25018,1492.30469,0.0,0.0
218.0,23.839443,2792.90276,-10.083501,-10.083501,-2.94920356,-2.94920356,-2.59654648,-2.59654648,1494.41659,59.11165,59.11165,9.25067425,9.25067425,10.4810886,10.4810886,0.195651951,2033.3936,0.0,77.8078066,0.0632852009,0.0,2792.90276,2034.72627,1494.41659,0.0,0.0
218.5,23.839443,2785.02881,-9.9414756,-9.9414756,-2.89940734,-2.89940734,-2.5441978,-2.5441978,1496.59353,59.11165,59.11165,9.2641495,9.2641495,10.4949501,10.4949501,0.195571112,2033.3936,0.0,77.9211493,0.062757071,0.0,2785.02881,2032.72096,1496.59353,0.0,0.0
219.0,23.839443,2781.88506,-9.9372121,-9.9372121,-2.89489197,-2.89489197,-2.53979685,-2.53979685,1498.75809,59.11165,59.11165,9.2775484,9.2775484,10.5087291,10.5087291,0.195489885,2033.3936,0.0,78.0338499,0.0624698515,0.0,2781.88506,2032.67671,1498.75809,0.0,0.0
219.5,23.839443,2778.8665,-9.9370305,-9.9370305,-2.89169788,-2.89169788,-2.53679153,-2.53679153,1500.91256,59.0397413,59.0397413,9.2795754,9.2795754,10.5104762,10.5104762,0.195408449,2033.3936,0.0,78.1460234,0.0619584625,0.0,2778.8665,2032.6786,1500.91256,0.0,0.0
220.0,23.839443,2776.13104,-9.93291005,-9.93291005,-2.88765365,-2.88765365,-2.53283996,-2.53283996,1502.85253,54.3659007,54.3659007,8.55591395,8.55591395,9.74017955,9.74017955,0.195330456,2033.3936,0.0,78.24703,0.0465824996,0.0,2776.13104,2032.67311,1502.85253,0.0,0.0
220.5,23.7197319,2774.25676,-9.9060367,-9.9060367,-2.87790132,-2.87790132,-2.52269804,-2.52269804,1504.05067,47.1900652,47.1900652,7.43257031,7.43257031,8.5300943,8.5300943,0.195265111,2033.3936,0.0,78.309411,0.0230238833,0.0,2774.25676,2032.59282,1504.05067,0.0,0.0
221.0,16.0916238,2758.74832,-6.84693219,-6.84693219,-1.97875396,-1.97875396,-1.63023588,-1.63023588,1504.65262,49.3172041,49.3172041,7.77079173,7.77079173,8.89613245,8.89613245,0.195202849,2033.3936,0.0,78.340754,0.0156131378,0.0,2758.74832,2026.49111,1504.65262,0.0,0.0
221.5,4.34489935907,2753.39912,-1.77404598777,-1.77404598777,-0.51151266724,-0.51151266724,-0.38248147593,-0.38248147593,1505.2141,56.7226295,56.7226295,8.9409773,8.9409773,10.1500031,10.1500031,0.195113861,2033.3936,0.0,78.3699874,0.0169866671,0.0,2753.39912,2024.59313,1505.2141,0.0,0.0
222.0,3.48851008,2773.64473,-1.2450665967,-1.2450665967,-0.3621232941,-0.3621232941,-0.2717834955,-0.2717834955,1505.89103,59.42701,59.42701,9.3714339,9.3714339,10.60664685,10.60664685,0.195002026,2033.3936,0.0,78.4052305,0.0237285392,0.0,2773.64473,2033.41272,1505.89103,0.0,0.0
222.5,8.80154038,2779.18384,-3.67904356,-3.67904356,-1.070702683,-1.070702683,-0.81552013,-0.81552013,1506.89339,59.42701,59.42701,9.3776718,9.3776718,10.61305345,10.61305345,0.194893479,2033.3936,0.0,78.4574216,0.0340236468,0.0,2779.18384,2036.30289,1506.89339,0.0,0.0
223.0,10.733877,2770.95361,-4.54303808,-4.54303808,-1.31828279,-1.31828279,-1.0191853,-1.0191853,1508.1606,59.42701,59.42701,9.3855578,9.3855578,10.6211514,10.6211514,0.19479052,2033.3936,0.0,78.523397,0.0376152631,0.0,2770.95361,2033.61808,1508.1606,0.0,0.0
223.5,10.733877,2766.95799,-4.47883523,-4.47883523,-1.29776573,-1.29776573,-1.00153197,-1.00153197,1509.45666,59.6670452,59.6670452,9.4315803,9.4315803,10.66940155,10.66940155,0.194688005,2033.3936,0.0,78.5908785,0.0381097987,0.0,2766.95799,2032.71225,1509.45666,0.0,0.0
224.0,10.733877,2764.20975,-4.49038845,-4.49038845,-1.29982004,-1.29982004,-1.00329084,-1.00329084,1511.42948,75.268594,75.268594,11.9138965,11.9138965,13.36618445,13.36618445,0.194569611,2033.3936,0.0,78.6935955,0.0883352204,0.0,2764.20975,2032.72061,1511.42948,0.0,0.0
224.5,10.80665445,2758.34761,-4.52050365,-4.52050365,-1.30575999,-1.30575999,-1.00839266,-1.00839266,1515.6933,99.4671599,93.8681904,15.7887642,14.89928635,17.6410576,16.6473159,0.194382744,2033.3936,0.0,78.9155945,0.148102382,0.0,2758.34761,2032.77095,1515.6933,0.0,0.0
225.0,15.4441121,2759.6419,-6.38353148,-6.38353148,-1.84479214,-1.84479214,-1.49594569,-1.49594569,1521.12253,108.304214,97.4675535,17.2519487,15.5259887,19.2696305,17.3417902,0.194155563,2033.3936,0.0,79.1982704,0.167680146,0.0,2759.6419,2036.47959,1521.12253,0.0,0.0
225.5,22.6180126,2753.689,-9.4812357,-9.4812357,-2.73381106,-2.73381106,-2.37486423,-2.37486423,1527.40064,108.304214,102.0065282,17.3231525,16.3161072,19.3420885,18.2176504,0.193927674,2033.3936,0.0,79.5251436,0.195288005,0.0,2753.689,2037.66827,1527.40064,0.0,0.0
226.0,25.226908,2735.01651,-10.6433772,-10.6433772,-3.04841157,-3.04841157,-2.70393646,-2.70393646,1534.39224,108.304214,103.422033,17.4024487,16.617919,19.4222757,18.5466956,0.193699813,2033.3936,0.0,79.8891659,0.204011243,0.0,2735.01651,2033.98087,1534.39224,0.0,0.0
226.5,25.226908,2712.38151,-12.2018451,-12.2018451,-3.4497025,-3.4497025,-3.08572661,-3.08572661,1541.39655,108.304214,103.350196,17.481889,16.682401,19.502385,18.6104789,0.193472368,2023.18709,0.0,80.253851,0.205555953,0.0,2712.38151,2028.65203,1541.39655,0.0,0.0
227.0,25.226908,1197.2083093,-34.8183725,-34.8183725,-4.408860002,-4.408860002,-3.867880971,-3.867880971,1549.43339,108.304214,102.122696,17.5730391,16.5683107,19.5956614,18.4753352,0.193277648,1372.54065,0.0,80.6722935,0.239868834,0.0,1197.2083093,1402.869927,1549.43339,0.0,0.0
227.5,25.226908,-1189.411276,-57.6536757,-31.414332,7.79760439,3.870220713,8.94568945,4.49015331,1555.48147,108.3433681,61.7575159,17.6480173,10.05839766,19.9356471,11.34324635,0.1930556,366.03365493,0.0,80.9871929,0.1025630962,0.0,-1189.411276,413.3113434,1555.48147,0.0,0.0
228.0,25.226908,-2355.24255,-16.0061314,-9.75486035,3.96362375,2.41465428,4.62011444,2.83076246,1558.39294,110.8908935,71.0537712,18.0969044,11.5960882,20.2940181,12.999424,0.19282785,0.0,0.0,81.1387784,0.0945260206,0.0,-2355.24255,-70.0996818,1558.39294,0.0,0.0
228.5,25.4305189,-2177.64987,-14.37418807,-8.86297137,3.29033437,2.02973711,3.831295467,2.374758777,1561.8234,114.8428971,73.4286875,18.7830981,12.0097747,21.0274495,13.4434333,0.192600123,10.5462853,0.0,81.3173895,0.1004401649,0.0,-2177.64987,5.80098375,1561.8234,0.0,0.0
229.0,38.3995052,-629.5008065,10.13109072,9.46861945,-0.881706339,-0.901911508,-0.6274810514,-0.6726689884,1566.02991,116.28653,90.2792424,19.0703235,14.8045434,21.2580221,16.50241115,0.192372427,682.290315,0.0,81.5364029,0.137628143,0.0,-629.5008065,652.4533675,1566.02991,0.0,0.0
229.5,58.4617349,1980.52651,-2.048688456,-2.389129596,-0.8463135006,-0.8844674356,-0.6306086605,-0.6928470935,1571.08029,116.28653,89.5974958,19.1318245,14.7421538,21.326979,16.4329045,0.192144783,1721.43733,0.0,81.7993521,0.178719293,0.0,1980.52651,1741.45386,1571.08029,0.0,0.0
230.0,65.75798,2910.04855,-29.2762459,-29.2762459,-8.926525,-8.926525,-8.30573516,-8.30573516,1580.1112,116.28653,116.28653,19.2417989,19.2417989,21.4268065,21.4268065,0.191956391,2099.3547,0.0,82.269557,0.319128181,0.0,2910.04855,2133.50801,1580.1112,0.0,0.0
230.5,65.4286988,2812.82575,-27.481749,-27.481749,-8.09512345,-8.09512345,-7.51131646,-7.51131646,1591.05314,116.28653,116.28653,19.3750442,19.3750442,21.5633106,21.5633106,0.19178657,2099.3547,0.0,82.8392562,0.314127694,0.0,2812.82575,2099.44174,1591.05314,0.0,0.0
231.0,44.3866349,2755.6371,-18.948672,-18.948672,-5.47476462,-5.47476462,-5.01859025,-5.01859025,1601.23465,116.28653,110.685553,19.4990292,18.5585099,21.6877964,20.6418673,0.19158925,2099.3547,0.0,83.3693605,0.255263406,0.0,2755.6371,2081.59,1601.23465,0.0,0.0
231.5,11.8366893884,2733.32696,-4.8771294668,-4.9054187468,-1.39658950097,-1.40468953097,-1.15304726346,-1.16382725246,1607.84151,116.28653,90.6902486,19.5794844,15.26905715,21.7809297,16.9853332,0.191362346,2099.3547,0.0,83.7133521,0.1273001056,0.0,2733.32696,2076.16427,1607.84151,0.0,0.0
232.0,0.0,2769.02773,0.5755953958,0.4129726216,0.16634122505,0.11935185844,0.22111811995,0.1586537824,1611.05109,116.28653,83.2798154,19.6185691,14.050094,21.8493378,15.6476627,0.191134807,2099.3547,0.0,83.8804609,0.0798073354,0.0,2769.02773,2092.89374,1611.05109,0.0,0.0
232.5,0.0,2779.06425,-0.02093844163,-0.02093844163,-0.006093047362,-0.006093047362,-0.004587654622,-0.004587654622,1613.88359,116.28653,84.013095,19.6530618,14.19867125,21.8801621,15.8076755,0.190907299,2099.3547,0.0,84.027937,0.082541958,0.0,2779.06425,2098.72384,1613.88359,0.0,0.0
233.0,0.0,2775.04323,-0.0228201769,-0.0228201769,-0.00663160758,-0.00663160758,-0.00499229115,-0.00499229115,1616.72204,116.28653,83.8583849,19.6876268,14.1974502,21.9166869,15.80490565,0.190679819,2099.3547,0.0,84.175721,0.0816490333,0.0,2775.04323,2098.70803,1616.72204,0.0,0.0
233.5,0.0,2771.10978,-0.0224486297,-0.0224486297,-0.00651437512,-0.00651437512,-0.00490315349,-0.00490315349,1619.5292,116.28653,83.7029118,19.7218115,14.1957343,21.952821,15.8016121,0.190452365,2099.3547,0.0,84.3218794,0.0807533196,0.0,2771.10978,2098.7104,1619.5292,0.0,0.0
234.0,0.0,2767.2227,-0.0222003003,-0.0222003003,-0.00643327525,-0.00643327525,-0.00484125006,-0.00484125006,1622.30567,116.28653,83.5496385,19.7556222,14.1940315,21.98855,15.7983475,0.190224937,2099.3547,0.0,84.4664376,0.0798685658,0.0,2767.2227,2098.71411,1622.30567,0.0,0.0
234.5,0.1720035328,2763.65216,-0.0507984975,-0.0507984975,-0.01470380286,-0.01470380286,-0.01106349587,-0.01106349587,1625.05223,116.084029,83.4300381,19.7545815,14.19771305,21.9853082,15.80094365,0.189997544,2099.3547,0.0,84.60944,0.079345712,0.0,2763.65216,2098.83205,1625.05223,0.0,0.0
235.0,11.12830398,2780.32174,-4.45131139,-4.45131139,-1.297040934,-1.297040934,-1.033032412,-1.033032412,1628.25308,102.907301,88.7246616,17.5460332,15.12881175,19.5002181,16.8129428,0.189770175,2099.3547,0.0,84.7760921,0.1164346136,0.0,2780.32174,2107.63735,1628.25308,0.0,0.0
235.5,28.0767597,2780.6438,-11.7560502,-11.7560502,-3.4227934,-3.4227934,-3.04598713,-3.04598713,1632.7591,82.400776,82.400776,14.0883008,14.0883008,15.6775981,15.6775981,0.189571109,2099.3547,0.0,85.0107029,0.127818504,0.0,2780.6438,2110.40242,1632.7591,0.0,0.0
236.0,34.240936,2754.17794,-14.4869366,-14.4869366,-4.17840733,-4.17840733,-3.77441513,-3.77441513,1636.68892,70.7049615,70.7049615,12.11818195,12.11818195,13.5291253,13.5291253,0.189449879,2099.3547,0.0,85.2153124,0.1013549506,0.0,2754.17794,2101.6844,1636.68892,0.0,0.0
236.5,34.240936,2742.86512,-14.27603825,-14.27603825,-4.10053839,-4.10053839,-3.69954506,-3.69954506,1639.80574,64.1451357,64.1451357,11.01485765,11.01485765,12.3253743,12.3253743,0.189352565,2099.3547,0.0,85.3775925,0.0793234123,0.0,2742.86512,2098.79695,1639.80574,0.0,0.0
237.0,34.240936,2739.15928,-14.2676314,-14.2676314,-4.09258576,-4.09258576,-3.69193109,-3.69193109,1642.34932,61.748825,61.748825,10.61995915,10.61995915,11.9046509,11.9046509,0.189266552,2099.3547,0.0,85.5100254,0.0711914964,0.0,2739.15928,2098.74004,1642.34932,0.0,0.0
237.5,34.240936,2735.72387,-14.2676786,-14.2676786,-4.08746651,-4.08746651,-3.68703939,-3.68703939,1644.80577,61.9829135,61.9829135,10.6761909,10.6761909,11.9633694,11.9633694,0.189181801,2099.3547,0.0,85.6379214,0.0715988401,0.0,2735.72387,2098.74484,1644.80577,0.0,0.0
238.0,34.240936,2731.43066,-14.2807541,-14.2807541,-4.08479075,-4.08479075,-3.68450494,-3.68450494,1647.91764,77.215067,77.215067,13.3258267,13.3258267,14.838808,14.838808,0.189081594,2099.3547,0.0,85.7999441,0.120446131,0.0,2731.43066,2098.77541,1647.91764,0.0,0.0
238.5,34.240936,2723.8285,-14.3005807,-14.3005807,-4.07907737,-4.07907737,-3.67908146,-3.67908146,1653.35183,100.8452739,98.142787,17.4614896,16.9929783,19.3721069,18.8523937,0.188913591,2099.3547,0.0,86.0828761,0.18742342,0.0,2723.8285,2098.78503,1653.35183,0.0,0.0
239.0,34.240936,2714.34099,-14.30237475,-14.30237475,-4.06538044,-4.06538044,-3.66600503,-3.66600503,1660.08173,109.47742,100.8196456,19.0319207,17.5267978,21.1071965,19.4379549,0.188689557,2099.3547,0.0,86.433273,0.195133182,0.0,2714.34099,2098.76679,1660.08173,0.0,0.0
239.5,34.240936,2694.75131,-16.00126085,-16.00126085,-4.49836977,-4.49836977,-4.07624094,-4.07624094,1666.79932,109.47742,101.29145,19.1089341,17.6803775,21.1856032,19.6017591,0.188462613,2088.84581,0.0,86.7830305,0.198646165,0.0,2694.75131,2094.5377,1666.79932,0.0,0.0
240.0,34.240936,1135.3058146,-39.7812258,-38.2981396,-4.724020617,-4.728487595,-4.108951623,-4.12082269,1674.67514,109.47742,98.4343472,19.1992258,17.2600187,21.2890992,19.1371128,0.188258881,1417.064506,0.0,87.1930889,0.227049484,0.0,1135.3058146,1450.23959,1674.67514,0.0,0.0
240.5,34.3566798,-1259.297316,-77.022462,-35.1592171,11.1365744,4.572870006,12.69979276,5.28173399,1679.889,109.231927,52.7659542,19.2157922,9.28153267,21.7633422,10.4809421,0.188034544,383.328439183,0.0,87.4645556,0.0732566877,0.0,-1259.297316,456.8718843,1679.889,0.0,0.0
241.0,41.7534088,-1792.31943,-7.51433203,-3.88855772,1.79398244,0.896955211,2.1443904506,1.1467108086,1682.25544,93.2889646,74.4937628,16.4335074,13.1238929,18.3229034,14.61337505,0.187807425,352.3965165,0.0,87.5877623,0.0973813041,0.0,-1792.31943,236.4591695,1682.25544,0.0,0.0
241.5,53.1950124,-215.4074193,-10.4564427,-10.4184348,0.11698540215,0.11382296115,0.3377885727,0.3327899657,1685.98003,68.564402,68.1057019,12.1047047,12.02379415,13.500892,13.4109008,0.187594796,889.101401,0.0,87.781687,0.1008865472,0.0,-215.4074193,894.798671,1685.98003,0.0,0.0
242.0,57.35624,280.158128,-24.8248003,-24.8248003,-0.729520499,-0.729520499,-0.444834486,-0.444834486,1689.40483,59.537308,59.537308,10.5329871,10.5329871,11.8095511,11.8095511,0.187452788,1084.297,0.0,87.96,0.1025705333,0.0,280.158128,1103.00688,1689.40483,0.0,0.0
242.5,57.068498,233.010949,-23.890991,-23.890991,-0.583012043,-0.583012043,-0.328146171,-0.328146171,1692.90879,59.537308,59.537308,10.5548334,10.5548334,11.832086,11.832086,0.187322953,1084.297,0.0,88.1424385,0.1001008785,0.0,233.010949,1085.4345,1692.90879,0.0,0.0
243.0,38.7154609,192.214568,-16.482882,-16.482882,-0.336044521,-0.336044521,-0.17236325,-0.17236325,1695.92142,59.537308,59.537308,10.5736161,10.5736161,11.85145465,11.85145465,0.187191149,1084.297,0.0,88.2992896,0.0653967415,0.0,192.214568,1070.2179,1695.92142,0.0,0.0
243.5,11.659693851,181.271639,-4.463528160045,-4.463528160045,-0.084073350982,-0.084073350982,-0.034152729523,-0.034152729523,1697.23042,59.6181762,59.6181762,10.59615115,10.59615115,11.87491945,11.87491945,0.187056342,1084.297,0.0,88.367445,0.01302547866,0.0,181.271639,1066.42877,1697.23042,0.0,0.0
244.0,86.7402449,377.895963,-34.1385412,-34.1385412,-1.45111638,-1.45111638,-0.956837171,-0.956837171,1699.43727,64.8699706,64.8699706,11.5449776,11.5449776,12.87891625,12.87891625,0.186918787,1084.297,0.0,88.4823462,0.1687452275,0.0,377.895963,1149.53417,1699.43727,0.0,0.0
244.5,218.847136,426.806703,-91.4625757,-91.4625757,-4.0749566,-4.0749566,-2.40505476,-2.40505476,1710.14936,73.014528,73.014528,13.07694945,13.07694945,14.5393403,14.5393403,0.186781157,1084.297,0.0,89.04008,0.4471826,0.0,426.806703,1176.14099,1710.14936,0.0,0.0
245.0,266.89307,238.569828,-112.8549876,-112.8549876,-2.82689951,-2.82689951,-1.33761962,-1.33761962,1728.12943,75.98816,75.98816,13.75152255,13.75152255,15.26355825,15.26355825,0.186624362,1084.297,0.0,89.9762219,0.547382433,0.0,238.569828,1108.31265,1728.12943,0.0,0.0
245.5,265.998258,156.476012,-111.104263,-111.104263,-1.82102367,-1.82102367,-0.77980031,-0.77980031,1746.93394,76.011143,76.011143,13.9053834,13.9053834,15.42146595,15.42146595,0.186438198,1084.297,0.0,90.9552935,0.540550802,0.0,156.476012,1085.13266,1746.93394,0.0,0.0
246.0,208.945245,27.92686053,-89.1506239,-86.5739539,-0.2937766397,-0.2940915886,-0.1113543827,-0.1122520775,1764.25416,77.5037719,76.8128974,14.3193004,14.1913562,15.8664189,15.7246695,0.186231422,1084.297,0.0,91.85708,0.431573105,0.0,27.92686053,1041.75552,1764.25416,0.0,0.0
246.5,120.24497,-6.0061887476,-58.18256,-57.3673592,0.02293962438,0.01983174538,0.086512047846,0.078510555846,1776.23572,79.8184956,75.9729976,14.8469696,14.1313323,16.4478928,15.6550411,0.186005095,1084.297,0.0,92.4809099,0.261533971,0.0,-6.0061887476,1034.63168,1776.23572,0.0,0.0
247.0,59.7996703,-15.87100867,-25.1107019,-24.1420441,0.05699997977,0.05289025047,0.15829946903,0.14784615423,1782.92068,80.663536,75.343269,15.06044855,14.06723025,16.6833297,15.58303615,0.18577823,1084.297,0.0,92.8289675,0.141371609,0.0,-15.87100867,1034.43019,1782.92068,0.0,0.0
247.5,15.9484701103,20.3158317,-7.3656577867,-7.1525667867,-0.014410081766,-0.014715460866,-0.002289577894,-0.003154117894,1786.43461,80.663536,75.9326188,15.0901309,14.20509035,16.7111103,15.7309989,0.185551394,1078.85236,0.0,93.0119221,0.0620792236,0.0,20.3158317,1051.53954,1786.43461,0.0,0.0
248.0,0.0,-717.9594134,-14.5639095,-12.4302061,1.11733531,0.939071253,1.48334354,1.25066604,1787.94574,80.663536,69.6829392,15.1028955,13.04687305,16.7553505,14.4739449,0.185324587,731.900447,0.0,93.0906009,0.0322172706,0.0,-717.9594134,745.2201,1787.94574,0.0,0.0
248.5,0.0,-2036.79903,-15.0157142,-11.4713695,3.1641387,2.40726914,3.65334188,2.78305351,1788.56891,80.663536,62.0246128,15.10815945,11.6171088,16.8281052,12.9383749,0.185097809,195.186266101,0.0,93.1230456,0.0056750749,0.0,-2036.79903,196.80508037,1788.56891,0.0,0.0
249.0,0.0,-2557.73481,0.965449392,0.965449392,-0.259152969,-0.259152969,-0.1835188692,-0.1835188692,1789.15939,80.663536,76.6506921,15.1131471,14.3612956,16.7313442,15.8989382,0.184871057,0.0,0.0,93.1537884,0.0312623085,0.0,-2557.73481,-19.615384787,1789.15939,0.0,0.0
249.5,0.0,-2507.92155,0.05099042872,0.05101619204,-0.013399418484,-0.013406182459,-0.009911446721,-0.009920553011,1790.21606,80.663536,75.75072,15.1220734,14.2010598,16.7450313,15.7251713,0.184644335,0.0,0.0,93.2088057,0.0297817447,0.0,-2507.92155,1.729269498,1790.21606,0.0,0.0
250.0,0.0,-2507.76112,-0.00752324464,-0.00703575553,0.00197573793,0.00184771531,0.00265980531,0.00248745674,1791.23729,80.663536,75.6317936,15.1306994,14.1868545,16.7545381,15.7093988,0.184417639,0.0,0.0,93.2619759,0.0293400221,0.0,-2507.76112,2.39230412,1791.23729,0.0,0.0
250.5,0.0,-2509.14471,-0.0085862309,-0.0080445323,0.00225609205,0.00211375678,0.00303698231,0.00284538123,1792.24563,80.663536,75.5737536,15.1392174,14.18394835,16.7636299,15.7058623,0.184190974,0.0,0.0,93.3144771,0.0289980612,0.0,-2509.14471,2.40538106,1792.24563,0.0,0.0
251.0,0.0,-2510.53969,-0.00850965235,-0.00796718525,0.0022372129,0.00209459658,0.00301131351,0.00281935046,1793.24238,80.663536,75.5181455,15.1476366,14.1813935,16.7726072,15.70271015,0.18396434,0.0,0.0,93.366373,0.0286637853,0.0,-2510.53969,2.40688019,1793.24238,0.0,0.0
251.5,0.4195624322,-2511.214,-0.08234208535,-0.07114873915,0.0216094481,0.01867228122,0.02909445249,0.02513984865,1794.22813,80.663536,75.3532335,15.1559635,14.1581987,16.782033,15.6772124,0.183737731,0.0,0.0,93.4176984,0.0285764123,0.0,-2511.214,2.70190196,1794.22813,0.0,0.0
252.0,27.1366549,-2438.26958,-14.71112708,-10.25859011,3.72884262,2.602697846,4.26322019,2.98952816,1795.22662,80.663536,60.6026027,15.1643977,11.3928228,16.9277795,12.70964785,0.183511147,0.0,0.0,93.4696834,0.0295533727,0.0,-2438.26958,33.6375921,1795.22662,0.0,0.0
252.5,68.4660243,-2324.60443,-58.4593973,-27.1898635,14.1518655,6.59889917,15.4327097,7.19782792,1796.3681,80.663536,39.3378517,15.1740399,7.39983494,17.4671878,8.49817286,0.183284596,0.0,0.04060211739,93.5291175,0.032977046,0.0,-2324.60443,81.6010139,1796.3681,-0.9904194,0.074547654
253.0,83.4974,-2325.49869,-112.1897742,-36.3966011,27.3633739,8.86554875,29.7648639,9.6443911,1792.9918,80.663536,26.3170379,15.1455196,4.94182015,18.5484681,6.04843522,0.183058075,0.0,2.627547113,93.353327,-0.315674483,0.0,-2325.49869,79.2574867,1792.9918,-65.486922,4.91455582
253.5,83.4974,-2477.02289,-116.2727451,-35.6209854,30.1531793,9.23874315,32.6717808,10.0103474,1772.74069,80.663536,24.7185828,14.9744573,4.5884517,18.5350156,5.6793053,0.18283158,0.0,6.62941362,92.2989425,-0.847690536,0.0,-2477.02289,4.382679804,1772.74069,-165.556007,12.2838989
254.0,83.4974,-2480.91731,-103.3987136,-34.4481509,26.8683562,8.94993685,29.1081653,9.69612735,1738.80532,80.663536,26.8869083,14.6878031,4.89498197,17.9764065,5.99035275,0.182605118,0.0,8.084761,90.5320696,-1.03081721,0.0,-2480.91731,-17.05243585,1738.80532,-202.119,14.7213191
254.5,83.4974,-2414.57568,-95.1639732,-34.2852688,24.0658249,8.66907085,26.1172862,9.40814155,1703.3796,80.663536,29.0632515,14.3885594,5.18368125,17.4190148,6.2751668,0.182378678,0.0,8.084761,88.6876068,-1.01879613,0.0,-2414.57568,-10.1320077,1703.3796,-202.119,14.421393
255.0,83.4974,-2355.12187,-90.3835656,-34.4364741,22.2931207,8.49294695,24.2314406,9.2314383,1668.34656,80.663536,30.7347019,14.0926335,5.36913112,16.9268055,6.44869934,0.182152267,0.0,8.084761,86.863589,-1.0080276,0.0,-2355.12187,-5.84834292,1668.34656,-202.119,14.12479145
255.5,83.4974,-2306.36025,-85.6445396,-34.4715057,20.6869974,8.32561265,22.5145205,9.06116375,1633.68891,80.663536,32.4693049,13.7998778,5.55428671,16.4379498,6.61580378,0.181925888,0.0,8.04417574,85.0591139,-0.992196454,0.0,-2306.36025,-5.79464027,1633.68891,-201.128581,13.7642308
256.0,83.4974,-2261.21629,-81.4496256,-34.4842201,19.287847,8.16563515,21.0174043,8.8978884,1604.00897,80.663536,34.151088,13.54916955,5.7361468,16.0055153,6.7759102,0.181699536,0.0,5.45721321,83.5138099,-0.642004815,0.0,-2261.21629,-4.33979745,1604.00897,-136.632088,9.18786345
256.5,84.292602,-2226.89739,-76.3932304,-33.8264039,17.8349198,7.8926738,19.4569043,8.6111704,1591.13678,80.663536,36.1427719,13.4404372,6.02215675,15.7697682,7.05945989,0.181473212,15.69771593,1.45545825193,82.8436094,-0.1054159892,0.0,-2226.89739,2.4245791406,1591.13678,-36.563002422,2.43813542495
257.0,134.9293834,28.156421,-16.5734992,-16.34021454,-1.263109021,-1.310488218,-0.908302263,-0.962347861,1594.72313,80.663536,79.0797288,13.47073155,13.2068298,15.0323527,14.7367737,0.181255885,1015.293899,0.0,83.0303341,0.254807637,0.0,28.156421,942.863168,1594.72313,0.0,0.0
257.5,213.260795,4041.85012,-56.2622387,-56.2622387,-25.282389,-25.282389,-23.8553286,-23.8553286,1606.39836,80.663536,80.663536,13.56935275,13.56935275,15.1270893,15.1270893,0.181182035,2561.59626,0.0,83.6382134,0.419055096,0.0,4041.85012,2619.80781,1606.39836,0.0,0.0
258.0,241.74966,5368.74225,-104.021226,-104.021226,-58.499861,-58.499861,-55.0186173,-55.0186173,1623.38507,80.663536,80.663536,13.7128406,13.7128406,15.2747964,15.2747964,0.181362315,3123.9812,0.0,84.5226375,0.532991077,0.0,5368.74225,3181.85581,1623.38507,0.0,0.0
258.5,240.536523,5201.31549,-100.682756,-100.682756,-54.8408179,-54.8408179,-51.5354326,-51.5354326,1641.64527,80.663536,80.663536,13.8670858,13.8670858,15.4333184,15.4333184,0.181597847,3123.9812,0.0,85.4733675,0.523202706,0.0,5201.31549,3122.85035,1641.64527,0.0,0.0
259.0,163.1810186,5025.60717,-69.5004721,-69.5004721,-36.6547614,-36.6547614,-34.6825981,-34.6825981,1657.83911,80.663536,80.663536,14.00387635,14.00387635,15.5736785,15.5736785,0.18179299,3123.9812,0.0,86.3165118,0.376555566,0.0,5025.60717,3059.19228,1657.83911,0.0,0.0
259.5,43.52024477,4965.46377,-17.871498044,-17.910908444,-9.293628653,-9.314172043,-8.68630034542,-8.71237900542,1666.8157,80.524118,79.6972884,14.0553415,13.9108691,15.628675,15.4676338,0.181829058,3123.9812,0.0,86.7838835,0.1429656651,0.0,4965.46377,3039.40755,1666.8157,0.0,0.0
260.0,0.0,5110.6195,1.605407245,1.515067185,0.852867707,0.805247187,1.081984963,1.021555723,1669.05092,71.4483439,69.4188776,12.4878104,12.1331734,13.9258035,13.5303006,0.181654773,3123.9812,0.0,86.9002603,0.0248374835,0.0,5110.6195,3101.11299,1669.05092,0.0,0.0
260.5,0.0,5159.32633,0.0424459615,0.0424459615,0.02292829974,0.02292829974,0.0290715797,0.0290715797,1669.37562,57.270281,57.270281,10.01184605,10.01184605,11.2605756,11.2605756,0.181497282,3123.9812,0.0,86.9171659,-0.01194378906,0.0,5159.32633,3121.56989,1669.37562,0.0,0.0
261.0,0.0,5161.89576,0.014434102,0.014434102,0.00780252288,0.00780252288,0.0098928631,0.0098928631,1668.28611,45.7815796,45.7815796,7.99830197,7.99830197,9.11222195,9.11222195,0.181386178,3123.9812,0.0,86.8604394,-0.0489108883,0.0,5161.89576,3122.00282,1668.28611,0.0,0.0
261.5,0.2847744216,5150.345960000001,-2.5524038626,-2.5524038626,-1.3414217133,-1.3414217133,-1.26664796165,-1.26664796165,1666.05359,35.9384792,35.9384792,6.27036328,6.27036328,7.30897459,7.30897459,0.181301831,3108.30858,0.0,86.7442041,-0.0756472276,0.0,5150.345960000001,3115.89339,1666.05359,0.0,0.0
262.0,18.44806797,2876.83996,-44.5887093,-44.5887093,-13.0938657,-13.0938657,-12.1531523,-12.1531523,1664.73206,32.342373,32.342373,5.63825693,5.63825693,6.70895711,6.70895711,0.18130992,2108.68731,0.0,86.675396,0.00718257193,0.0,2876.83996,2169.09912,1664.73206,0.0,0.0
262.5,46.5449891,-906.2908522,-58.3948613,-50.4128925,6.32119464,4.60285444,7.452172785,5.558586885,1665.74438,32.342373,28.7319372,5.6416855,5.01170295,6.86606428,6.06515487,0.181266242,562.36646691,0.0,86.7281037,0.0381875328,0.0,-906.2908522,595.5015256,1665.74438,0.0,0.0
263.0,56.763287,-2477.19836,-24.1069283,-23.1840459,6.26004624,6.02028084,6.82436222,6.56459762,1666.54458,32.342373,31.6569991,5.64439573,5.5247983,6.74404544,6.59571274,0.181082255,0.0,0.0,86.7697668,0.01213253902,0.0,-2477.19836,-57.6974422,1666.54458,0.0,0.0
263.5,56.5538136,-2340.70188,-23.3494839,-23.3494839,5.72322965,5.72322965,6.25340671,6.25340671,1666.98457,32.342373,32.342373,5.64588583,5.64588583,6.7171583,6.7171583,0.180927987,0.0,0.0,86.792675,0.01433202945,0.0,-2340.70188,-0.643348968,1666.98457,0.0,0.0
264.0,43.1715326,-2360.29531,-18.2146258,-18.2146258,4.50010184,4.50010184,4.96268537,4.96268537,1667.17068,32.342373,32.342373,5.6465162,5.6465162,6.717836,6.717836,0.180778877,0.0,0.0,86.8023645,-0.010213475696,0.0,-2360.29531,-8.68764965,1667.17068,0.0,0.0
264.5,22.4704166,-2360.33275,-8.20037315,-8.20037315,2.03685378,2.03685378,2.42343512,2.42343512,1666.12251,32.342373,32.342373,5.6429662,5.6429662,6.71401995,6.71401995,0.180662288,6.7470158005,0.0,86.7477919,-0.0516035332,0.0,-2360.33275,-9.31525185,1666.12251,0.0,0.0
265.0,14.942506,-1333.879127,10.1476076,10.1476076,-1.44683148,-1.44683148,-1.186341283,-1.186341283,1663.48622,32.342373,32.342373,5.63403731,5.63403731,6.70442022,6.70442022,0.180592686,438.1988,0.0,86.610532,-0.0919210429,0.0,-1333.879127,416.260375,1663.48622,0.0,0.0
265.5,14.942506,336.9701536,7.86717047,7.86717047,0.198014978,0.198014978,0.40230671,0.40230671,1660.35663,32.342373,32.342373,5.62343786,5.62343786,6.69302052,6.69302052,0.180529291,1105.60586,0.035398866509,86.4475885,-0.092096711,0.0,336.9701536,1109.685757,1660.35663,-0.8702692,0.060474235
266.0,14.942506,968.200312,-7.11567271,-7.11567271,-0.722516404,-0.722516404,-0.50063004,-0.50063004,1653.78514,32.342373,32.342373,5.60118093,5.60118093,6.66906744,6.66906744,0.180462339,1348.304,2.29976311,86.1054379,-0.363365375,0.0,968.200312,1368.50825,1653.78514,-57.3515262,3.96910796
266.5,14.942506,950.400677,-6.03899732,-6.03899732,-0.600949697,-0.600949697,-0.395696497,-0.395696497,1633.15795,32.2533297,32.2533297,5.51621918,5.51621918,6.5791529,6.5791529,0.180401075,1348.304,5.80103394,85.0314696,-0.825052824,0.0,950.400677,1349.05761,1633.15795,-144.8985074,9.90421181
267.0,14.942506,995.210973,-5.93796363,-5.93796363,-0.618846278,-0.618846278,-0.411073677,-0.411073677,1600.43622,26.4743413,26.4743413,4.43972073,4.43972073,5.48830914,5.48830914,0.180344677,1348.304,6.98323795,83.3277903,-0.996254199,0.0,995.210973,1348.59754,1600.43622,-174.586709,11.7045291
267.5,14.942506,1043.66604,-5.9391082,-5.9391082,-0.649099169,-0.649099169,-0.435983895,-0.435983895,1565.89632,17.5132019,17.5132019,2.87438261,2.87438261,3.7704713,3.7704713,0.180304608,1348.304,6.84165896,81.5294483,-1.001825965,0.0,1043.66604,1348.59245,1565.89632,-171.046647,11.21971605
268.0,14.942506,1092.18352,-5.93937352,-5.93937352,-0.679305716,-0.679305716,-0.461302854,-0.461302854,1531.24877,14.242009,14.242009,2.28373475,2.28373475,3.07914645,3.07914645,0.180278281,1348.304,6.790175,79.7254994,-1.000953804,0.0,1092.18352,1348.55049,1531.24877,-169.75438,10.88818115
268.5,14.942506,1140.51718,-5.94120476,-5.94120476,-0.709587513,-0.709587513,-0.487129293,-0.487129293,1496.73002,14.242009,14.242009,2.23225275,2.23225275,3.02097878,3.02097878,0.180254547,1348.304,6.75621651,77.9282576,-0.992036889,0.0,1140.51718,1348.50724,1496.73002,-168.919286,10.590914
269.0,14.942506,1183.56494,-6.01894735,-6.01894735,-0.746044287,-0.746044287,-0.518535575,-0.518535575,1466.24431,14.242009,14.242009,2.18678574,2.18678574,2.96925345,2.96925345,0.180231618,1348.304,4.58336818,76.340999,-0.701786537,0.0,1183.56494,1348.61936,1466.24431,-114.7209935,7.05303769
269.5,14.942506,1206.7409,-6.14732015,-6.14732015,-0.776847448,-0.776847448,-0.545184137,-0.545184137,1449.77279,14.242009,14.242009,2.16221977,2.16221977,2.94116636,2.94116636,0.180209375,1348.304,1.222235858492,75.483399,-0.2555518266,0.0,1206.7409,1348.64545,1449.77279,-30.678897504,1.8655176507
270.0,14.942506,1213.10155,-6.19561932,-6.19561932,-0.78706449,-0.78706449,-0.554060636,-0.554060636,1444.96727,14.242009,14.242009,2.1550527,2.1550527,2.93295175,2.93295175,0.18018747,1348.304,0.0,75.2331941,-0.092742291,0.0,1213.10155,1348.48622,1444.96727,0.0,0.0
270.5,14.942506,1217.45816,-6.19212577,-6.19212577,-0.789445996,-0.789445996,-0.556185762,-0.556185762,1441.76777,14.242009,14.242009,2.15028092,2.15028092,2.927477,2.927477,0.180165655,1348.304,0.0,75.0666106,-0.0923497925,0.0,1217.45816,1348.43089,1441.76777,0.0,0.0
271.0,14.942506,1221.91542,-6.19212932,-6.19212932,-0.792336733,-0.792336733,-0.558754497,-0.558754497,1438.58191,14.242009,14.242009,2.1455295,2.1455295,2.92202196,2.92202196,0.180143919,1348.304,0.0,74.900736,-0.0919537894,0.0,1221.91542,1348.4254,1438.58191,0.0,0.0
271.5,14.942506,1219.78812,-7.28386656,-7.28386656,-0.923881347,-0.923881347,-0.680865399,-0.680865399,1435.41442,14.4185091,14.4185091,2.16731065,2.16731065,2.94868549,2.94868549,0.180122311,1341.56202,0.0,74.7358198,-0.0890941475,0.0,1219.78812,1345.69071,1435.41442,0.0,0.0
272.0,14.942506,225.7487984,-22.3112486,-22.3112486,-0.545208855,-0.545208855,-0.212522169,-0.212522169,1433.31726,25.8709458,25.8709458,3.88300586,3.88300586,4.86323129,4.86323129,0.180095796,910.10519,0.0,74.6266283,-0.02565142227,0.0,225.7487984,930.839115,1433.31726,0.0,0.0
272.5,14.942506,-1432.546664,-20.2690335,-20.2690335,2.96197405,2.96197405,3.40837373,3.40837373,1433.39526,43.6304977,43.6304977,6.54929748,6.54929748,7.58854797,7.58854797,0.180011032,242.727434954,0.0,74.6306896,0.0282482477,0.0,-1432.546664,240.8556827,1433.39526,0.0,0.0
273.0,14.942506,-2056.06398,-5.22700295,-5.22700295,1.124278523,1.124278523,1.48422581,1.48422581,1434.39402,50.120235,50.120235,7.52853018,7.52853018,8.6505072,8.6505072,0.179887506,0.0,0.0,74.6826906,0.0229662364,0.0,-2056.06398,-18.011321274,1434.39402,0.0,0.0
273.5,14.942506,-2010.69776,-6.17350252,-6.17350252,1.2998854,1.2998854,1.67968633,1.67968633,1435.2201,50.120235,50.120235,7.53286601,7.53286601,8.65503175,8.65503175,0.17977525,0.0,0.0,74.7257034,0.0245096511,0.0,-2010.69776,1.34825597744,1435.2201,0.0,0.0
274.0,14.942506,-2010.5212,-6.22352758,-6.22352758,1.31030952,1.31030952,1.6908679,1.6908679,1436.06797,50.120235,50.120235,7.53731597,7.53731597,8.65967455,8.65967455,0.179661622,0.0,0.0,74.769847,0.0244916863,0.0,-2010.5212,1.91676505,1436.06797,0.0,0.0
274.5,14.942506,-2011.67865,-6.22444821,-6.22444821,1.31125779,1.31125779,1.69191966,1.69191966,1436.91288,50.120235,50.120235,7.54175065,7.54175065,8.66430115,8.66430115,0.179547862,0.0,0.0,74.8138383,0.0243885316,0.0,-2011.67865,1.92849616,1436.91288,0.0,0.0
275.0,14.942506,-2012.85605,-6.22443655,-6.22443655,1.31202283,1.31202283,1.69277586,1.69277586,1437.75423,50.120235,50.120235,7.54616663,7.54616663,8.6689075,8.6689075,0.179434021,0.0,0.0,74.8576444,0.0242841393,0.0,-2012.85605,1.92981957,1437.75423,0.0,0.0
275.5,14.942506,-2014.02925,-6.22443851,-6.22443851,1.31278792,1.31278792,1.69363189,1.69363189,1438.59245,50.2056217,50.2056217,7.56343288,7.56343288,8.687407,8.687407,0.179320077,0.0,0.0,74.9012864,0.0244557413,0.0,-2014.02925,1.93106991,1438.59245,0.0,0.0
276.0,14.942506,-2015.51566,-6.22921663,-6.22921663,1.31476541,1.31476541,1.6957947,1.6957947,1439.67066,55.7642983,55.7642983,8.40724492,8.40724492,9.5932173,9.5932173,0.17920074,0.0,0.0,74.9574234,0.042308911,0.0,-2015.51566,1.94214223,1439.67066,0.0,0.0
276.5,16.4369755,-2015.85104,-6.48752901,-6.48752901,1.36899321,1.36899321,1.75019426,1.75019426,1441.62012,64.3883582,64.3883582,9.720633,9.720633,10.9950887,10.9950887,0.179060945,0.0,0.0,75.0589213,0.0721536135,0.0,-2015.85104,2.94083154,1441.62012,0.0,0.0
277.0,111.6185503,-1666.82543,-71.4819656,-39.6453899,11.46160473,6.57166443,13.07153505,7.45849811,1445.78089,67.53913,46.1797693,10.22554695,6.98919076,11.9497889,8.09676968,0.178871324,0.0,0.0,75.275557,0.181325126,0.0,-1666.82543,150.6024078,1445.78089,0.0,0.0
277.5,258.85661,-786.120532,-275.274385,-99.7784901,21.7962439,7.72710292,30.5183357,10.91018365,1455.09541,67.53913,24.4462408,10.2914258,3.72569943,13.06042305,4.7209038,0.178645446,10.88066121,0.0,75.7605229,0.385993807,0.0,-786.120532,522.508915,1455.09541,0.0,0.0
278.0,312.40726,-323.442457,-231.595678,-125.5214886,8.51231677,4.30989873,16.14936922,8.28860444,1471.66638,67.53913,39.7929801,10.40862695,6.13891971,12.3371732,7.2101906,0.178419547,703.932224,0.0,76.6233034,0.540735763,0.0,-323.442457,724.708356,1471.66638,0.0,0.0
278.5,312.40726,1880.341676,-99.8577271,-99.8577271,-20.37273582,-20.37273582,-17.75588453,-17.75588453,1491.26124,67.736653,67.736653,10.5782501,10.5782501,11.9102946,11.9102946,0.178302492,1776.05161,0.0,77.6435192,0.584017056,0.0,1880.341676,1653.16043,1491.26124,0.0,0.0
279.0,312.40726,3148.99431,-131.484272,-131.484272,-43.3600207,-43.3600207,-39.0714936,-39.0714936,1513.04056,80.5625409,80.5625409,12.7688203,12.7688203,14.3027015,14.3027015,0.178430612,2165.9453,0.0,78.7774766,0.677694186,0.0,3148.99431,2193.77301,1513.04056,0.0,0.0
279.5,312.40726,3047.9365,-130.276583,-130.276583,-41.5816568,-41.5816568,-37.3526861,-37.3526861,1537.49735,100.4534719,100.4534719,16.1778298,16.1778298,18.0512855,18.0512855,0.178349917,2165.9453,0.0,80.0508377,0.736730739,0.0,3047.9365,2166.00227,1537.49735,0.0,0.0
280.0,312.40726,3009.44145,-130.207287,-130.207287,-41.0345647,-41.0345647,-36.81776,-36.81776,1563.48646,107.71383,107.71383,17.6357619,17.6357619,19.6509634,19.6509634,0.178124013,2165.9453,0.0,81.4039751,0.756632412,0.0,3009.44145,2165.159,1563.48646,0.0,0.0
280.5,312.40726,2972.84953,-130.204336,-130.204336,-40.5347028,-40.5347028,-36.3284615,-36.3284615,1589.58314,107.71383,107.71383,17.9301264,17.9301264,19.9532238,19.9532238,0.177898134,2165.9453,0.0,82.7627185,0.753076399,0.0,2972.84953,2165.17054,1589.58314,0.0,0.0
281.0,312.40726,2936.48602,-130.203295,-130.203295,-40.0385673,-40.0385673,-35.8437569,-35.8437569,1615.55623,107.71383,107.71383,18.2230966,18.2230966,20.2532803,20.2532803,0.177672286,2165.9453,0.0,84.1150238,0.749482154,0.0,2936.48602,2165.20485,1615.55623,0.0,0.0
281.5,312.40726,2900.29857,-130.202286,-130.202286,-39.5448492,-39.5448492,-35.3609086,-35.3609086,1641.40437,107.71383,107.71383,18.5146576,18.5146576,20.5511318,20.5511318,0.177446466,2165.9453,0.0,85.4608244,0.745847425,0.0,2900.29857,2165.23955,1641.40437,0.0,0.0
282.0,312.40726,2864.28804,-130.201261,-130.201261,-39.053549,-39.053549,-34.8749374,-34.8749374,1667.12617,107.71383,107.71383,18.8047933,18.8047933,20.846775,20.846775,0.177220676,2165.9453,0.0,86.8000478,0.742173222,0.0,2864.28804,2165.27406,1667.12617,0.0,0.0
282.5,312.40726,2828.45623,-130.200233,-130.200233,-38.56469,-38.56469,-34.391791,-34.391791,1692.72027,107.71383,107.71383,19.0934889,19.0934889,21.1402094,21.1402094,0.176994912,2165.9453,0.0,88.132623,0.73846053,0.0,2828.45623,2165.30835,1692.72027,0.0,0.0
283.0,312.40726,2792.80505,-130.199188,-130.199188,-38.0782976,-38.0782976,-33.9122548,-33.9122548,1718.18535,107.71383,107.71383,19.3807294,19.3807294,21.4314328,21.4314328,0.17676918,2165.9453,0.0,89.4584775,0.734710439,0.0,2792.80505,2165.34253,1718.18535,0.0,0.0
283.5,310.844798,2758.19446,-129.3772345,-129.3772345,-37.3696933,-37.3696933,-33.2376216,-33.2376216,1743.51459,107.71383,107.71383,19.6664371,19.6664371,21.7212205,21.7212205,0.176543471,2169.38566,0.0,90.7772635,0.727681974,0.0,2758.19446,2165.73039,1743.51459,0.0,0.0
284.0,210.874898,3042.8571,-81.61712,-81.61712,-25.6044469,-25.6044469,-23.3628119,-23.3628119,1765.97283,107.71383,107.71383,19.919761,19.919761,21.9810983,21.9810983,0.176333047,2389.50872,0.0,91.9465665,0.524758512,0.0,3042.8571,2297.29384,1765.97283,0.0,0.0
284.5,56.2395521066,3805.08524,-15.39299715,-16.29232476,-5.70136,-6.087890958,-5.04885219,-5.52453435,1778.57914,107.71383,91.7031147,20.0619565,17.0770244,22.1900072,18.8731824,0.176206915,2729.99931,0.0,92.602921,0.1772302375,0.0,3805.08524,2621.82329,1778.57914,0.0,0.0
285.0,0.0,4318.53027,2.91816096864,1.78816203464,1.30268107394,0.79881382954,1.6427374539,1.0089074829,1780.30973,107.71383,70.5091598,20.0814774,13.1453318,22.2833008,14.58488875,0.175989306,2853.8328,0.0,92.6930251,0.0113150891,0.0,4318.53027,2836.48215,1780.30973,0.0,0.0
285.5,0.0,4350.00418,-1.193196375,-1.193196375,-0.53592181485,-0.53592181485,-0.48457730966,-0.48457730966,1781.23759,107.71383,77.7922976,20.0919439,14.5108019,22.2475607,16.06584405,0.175763699,2846.77558,0.0,92.741336,0.0399238393,0.0,4350.00418,2850.12039,1781.23759,0.0,0.0
286.0,0.0,3300.14175,-16.8733917,-16.8733917,-5.85219711,-5.85219711,-5.39223243,-5.39223243,1784.74804,107.71383,101.7224374,20.1315405,19.011036,22.2012231,20.9654729,0.175538919,2395.19624,0.0,92.9241085,0.1440972035,0.0,3300.14175,2415.31456,1784.74804,0.0,0.0
286.5,0.0,1559.033384,-14.72491814,-14.72491814,-2.490834574,-2.490834574,-2.164632092,-2.164632092,1788.78234,107.71383,85.863141,20.1770463,16.083533,22.2800815,17.7587868,0.175313505,1696.6856,0.0,93.1341594,0.0884340383,0.0,1559.033384,1693.18211,1788.78234,0.0,0.0
287.0,0.0,903.840069,1.556008338,1.063322272,0.145810193,0.0997222524,0.2539593325,0.1736287638,1790.5027,107.71383,74.1762845,20.1964516,13.9081324,22.3742166,15.407818,0.17508798,1442.6433,0.0,93.2237299,0.0228836736,0.0,903.840069,1421.55583,1790.5027,0.0,0.0
287.5,0.0,954.48467,0.03047540095,0.01916864352,0.003043437785,0.001914070595,0.006134081452,0.004219689602,1791.37619,107.539105,74.9599736,20.17352,14.06192755,22.3428932,15.57408635,0.174862483,1442.6433,0.0,93.269207,0.0270991777,0.0,954.48467,1443.13945,1791.37619,0.0,0.0
288.0,0.0,953.139475,-0.00861047577,-0.00861047577,-0.000859477366,-0.000859477366,-0.000506887856,-0.000506887856,1792.31159,96.200498,74.9304521,18.0557698,14.0637284,19.9968952,15.5756757,0.174637013,1442.6433,0.0,93.3179114,0.0269075051,0.0,953.139475,1443.12591,1792.31159,0.0,0.0
288.5,0.0,951.820723,-0.00706879701,-0.00706879701,-0.000704597823,-0.000704597823,-0.000415289631,-0.000415289631,1793.22915,78.68669,74.3313784,14.77617335,13.95841205,16.3668704,15.4612062,0.174412041,1442.6433,0.0,93.3656845,0.0248262672,0.0,951.820723,1443.1129,1793.22915,0.0,0.0
289.0,0.0,950.643892,-0.0070097706,-0.0070097706,-0.000697812911,-0.000697812911,-0.000411058527,-0.000411058527,1794.0731,76.6806935,74.6427775,14.4064311,14.0235109,15.955503,15.5314334,0.174191252,1442.6433,0.0,93.4096264,0.0257005658,0.0,950.643892,1443.11598,1794.0731,0.0,0.0
289.5,0.0,949.378188,-0.0072391571,-0.0072391571,-0.000719708577,-0.000719708577,-0.000423714918,-0.000423714918,1794.97567,83.521851,74.7779626,15.6996038,14.055969,17.3864822,15.5662455,0.17396598,1442.6433,0.0,93.4566159,0.0259993523,0.0,949.378188,1443.1163,1794.97567,0.0,0.0
290.0,0.0,948.126832,-0.0071426729,-0.0071426729,-0.000709179823,-0.000709179823,-0.000417275805,-0.000417275805,1795.86922,86.01909,74.7270085,16.1770066,14.0533839,17.9148585,15.56310105,0.173740625,1442.6433,0.0,93.5031421,0.0256958594,0.0,948.126832,1443.11738,1795.86922,0.0,0.0
290.5,0.015999671684,946.915861,-0.00975282494,-0.00975282494,-0.000967007465,-0.000967007465,-0.000568638781,-0.000568638781,1796.75239,86.01909,74.6772521,16.1849624,14.0509334,17.9233458,15.5601067,0.173515295,1442.6433,0.0,93.5491249,0.0254210764,0.0,946.915861,1443.12919,1796.75239,0.0,0.0
291.0,1.035951682,947.618088,-0.418996807,-0.418996807,-0.0415827495,-0.0415827495,-0.0244622113,-0.0244622113,1797.65502,86.01909,74.7426861,16.1930927,14.0703114,17.9313996,15.580741,0.173289999,1442.6433,0.0,93.596118,0.0273925648,0.0,947.618088,1443.94837,1797.65502,0.0,0.0
291.5,2.6137633,946.83504,-1.099522475,-1.099522475,-0.109011402,-0.109011402,-0.064101003,-0.064101003,1798.66029,85.786703,74.8819013,16.1583649,14.10440155,17.8915381,15.6172618,0.173064728,1442.6433,0.0,93.6484586,0.0307094213,0.0,946.83504,1444.20948,1798.66029,0.0,0.0
292.0,3.1875436,943.52279,-1.3506678,-1.3506678,-0.133455033,-0.133455033,-0.0783578429,-0.0783578429,1799.61358,70.7062327,69.4912833,13.3248359,13.0959097,14.7801948,14.5267229,0.172846778,1442.6433,0.0,93.6980938,0.01423639003,0.0,943.52279,1443.38789,1799.61358,0.0,0.0
292.5,3.17154538,943.783723,-1.30825431,-1.30825431,-0.129297581,-0.129297581,-0.0759253006,-0.0759253006,1798.90687,47.3222665,47.3222665,8.91500347,8.91500347,10.07285705,10.07285705,0.172696677,1442.6433,0.0,93.6612977,-0.0574682999,0.0,943.783723,1443.0838,1798.90687,0.0,0.0
293.0,2.15159195,945.627556,-0.890281756,-0.890281756,-0.0881467725,-0.0881467725,-0.0518015322,-0.0518015322,1796.21791,38.786385,38.786385,7.2956998,7.2956998,8.32917485,8.32917485,0.172603935,1442.6433,0.0,93.5212976,-0.0865951261,0.0,945.627556,1442.28099,1796.21791,0.0,0.0
293.5,0.573786040868,949.895723,-0.1078444212,-0.1078444212,-0.01060195492,-0.01060195492,0.00612093577,0.00612093577,1793.17906,38.786385,38.786385,7.28335709,7.28335709,8.31609025,8.31609025,0.172517596,1443.27872,0.0,93.3630791,-0.0893239125,0.0,949.895723,1442.28266,1793.17906,0.0,0.0
294.0,0.0,1050.08109,1.55832727,1.55832727,0.171112771,0.171112771,0.281555773,0.281555773,1790.02519,38.786385,38.786385,7.2705467,7.2705467,8.3025059,8.3025059,0.172429048,1483.87248,0.0,93.198869,-0.0924036849,0.0,1050.08109,1482.12897,1790.02519,0.0,0.0
294.5,0.0,1203.5329,0.07685849,0.07685849,0.010206648,0.010206648,0.132956857,0.132956857,1786.84775,38.786385,38.786385,7.257641,7.257641,8.2888178,8.2888178,0.172339153,1538.7889,0.0,93.0334331,-0.0893391181,0.0,1203.5329,1544.12612,1786.84775,0.0,0.0
295.0,0.0,105.0108984,-18.8227094,-18.4638401,-0.2338038564,-0.2341000006,0.0645609457,0.0637268312,1784.38762,38.786385,38.786385,7.24764853,7.24764853,8.27821715,8.27821715,0.172256681,1059.413985,0.0,92.9053441,-0.0567848819,0.0,105.0108984,1085.586565,1784.38762,0.0,0.0
295.5,0.0,-1826.915493,-16.3343161,-16.3343161,3.01815272,3.01815272,3.42965764,3.42965764,1782.40579,38.786385,38.786385,7.23959893,7.23959893,8.26967575,8.26967575,0.172142939,282.546520815,0.0,92.802157,-0.0601034103,0.0,-1826.915493,280.54054981,1782.40579,0.0,0.0
296.0,0.0,-2547.45602,1.185187598,1.185187598,-0.317796874,-0.317796874,-0.2368017636,-0.2368017636,1779.75688,38.786385,38.786385,7.22883996,7.22883996,8.25825725,8.25825725,0.172031986,0.0,0.0,92.6642411,-0.09017223,0.0,-2547.45602,-20.82835643,1779.75688,0.0,0.0
296.5,0.0,-2488.98311,0.0838939162,0.0838939162,-0.02188383315,-0.02188383315,-0.01623893932,-0.01623893932,1776.68702,38.786385,38.786385,7.21637119,7.21637119,8.24502175,8.24502175,0.171947449,0.0,0.0,92.5044079,-0.0877861805,0.0,-2488.98311,1.710199677,1776.68702,0.0,0.0
297.0,0.0,-2483.15785,0.0253743413,0.0253743413,-0.00659837505,-0.00659837505,-0.00489403232,-0.00489403232,1773.66285,38.786385,38.786385,7.20408783,7.20408783,8.2319794,8.2319794,0.171861855,0.0,0.0,92.3469512,-0.087220963,0.0,-2483.15785,2.36834625,1773.66285,0.0,0.0
297.5,0.0,-2478.91774,0.0241363227,0.0241363227,-0.00626559502,-0.00626559502,-0.00464599535,-0.00464599535,1770.65552,38.786385,38.786385,7.19187287,7.19187287,8.21900685,8.21900685,0.171776384,0.0,0.0,92.190372,-0.0867588288,0.0,-2478.91774,2.37670009,1770.65552,0.0,0.0
298.0,0.0,-2474.72907,0.0239889254,0.0239889254,-0.0062168071,-0.0062168071,-0.0046086433,-0.0046086433,1767.66403,38.786385,38.786385,7.17972225,7.17972225,8.2060994,8.2060994,0.171691068,0.0,0.0,92.0346165,-0.0863017917,0.0,-2474.72907,2.3729104,1767.66403,0.0,0.0
298.5,0.0,-2470.56305,0.0238624061,0.0238624061,-0.00617360877,-0.00617360877,-0.00457545882,-0.00457545882,1764.68824,38.786385,38.786385,7.16763571,7.16763571,8.1932572,8.1932572,0.171605912,0.0,0.0,91.8796829,-0.0858479635,0.0,-2470.56305,2.36891881,1764.68824,0.0,0.0
299.0,0.0,-2466.41896,0.023737126,0.023737126,-0.00613089547,-0.00613089547,-0.00454265595,-0.00454265595,1761.72814,38.786385,38.786385,7.15561274,7.15561274,8.180479,8.180479,0.171520914,0.0,0.0,91.7255635,-0.0853972765,0.0,-2466.41896,2.36494416,1761.72814,0.0,0.0
299.5,0.0,-2462.29552,0.0236953695,0.0236953695,-0.00610986273,-0.00610986273,-0.00452593321,-0.00452593321,1758.7823,38.5558838,38.5558838,7.10122613,7.10122613,8.12764267,8.12764267,0.171436093,0.0,0.0,91.5721856,-0.0856938514,0.0,-2462.29552,2.36066067,1758.7823,0.0,0.0
300.0,0.0,-2457.33564,0.0365307731,0.0365307731,-0.00939927469,-0.00939927469,-0.00696035334,-0.00696035334,1755.19505,23.5651294,23.5651294,4.33229321,4.33229321,5.35012276,5.35012276,0.171363761,0.0,0.0,91.3854155,-0.1336586896,0.0,-2457.33564,2.32990664,1755.19505,0.0,0.0
300.5,0.0,-2449.06532,0.0580197006,0.0580197006,-0.0148782398,-0.0148782398,-0.0110121047,-0.0110121047,1749.27327,0.31054667,0.31054667,0.058270272,0.058270272,0.364864863,0.364864863,0.171336664,0.0,0.0,91.0770932,-0.208388674,0.0,-2449.06532,2.31358066,1749.27327,0.0,0.0
301.0,0.0,-2437.96873,0.066087588,0.066087588,-0.0168725899,-0.0168725899,-0.01248002015,-0.01248002015,1741.39155,-8.181776,-8.181776,-1.4920131,-1.4920131,-1.11556323,-1.11556323,0.171343117,0.0,0.0,90.6667263,-0.235434417,0.0,-2437.96873,2.32889044,1741.39155,0.0,0.0
301.5,0.0,-2426.58181,0.0651212959,0.0651212959,-0.0165480801,-0.0165480801,-0.01223147185,-0.01223147185,1733.27331,-8.1805921,-8.1805921,-1.484843,-1.484843,-1.10946125,-1.10946125,0.171352921,0.0,0.0,90.2440451,-0.23421147,0.0,-2426.58181,2.3268921,1733.27331,0.0,0.0
302.0,0.0,-2415.27904,0.0646982992,0.0646982992,-0.0163640194,-0.0163640194,-0.01208707725,-0.01208707725,1725.20048,-8.1037295,-8.1037295,-1.46404896,-1.46404896,-1.09318313,-1.09318313,0.171362642,0.0,0.0,89.8237263,-0.2327471,0.0,-2415.27904,2.31639885,1725.20048,0.0,0.0
302.5,0.0,-2399.72884,0.7831739793,0.7831739793,-0.1935024302,-0.1935024302,-0.1560733281,-0.1560733281,1717.17915,-7.98453495,-7.98453495,-1.43580758,-1.43580758,-1.07137278,-1.07137278,0.171372245,4.4441386332,0.0,89.4060914,-0.232453688,0.0,-2399.72884,4.10334379,1717.17915,0.0,0.0
303.0,0.0,-1731.27944,10.66066305,10.66066305,-1.94102591,-1.94102591,-1.653572,-1.653572,1708.829,-7.9410195,-7.9410195,-1.42103079,-1.42103079,-1.05960107,-1.05960107,0.171390687,288.614703,0.0,88.9713321,-0.248961926,0.0,-1731.27944,277.3744755,1708.829,0.0,0.0
303.5,0.0,-627.287566,9.3188332,9.3188332,-0.6467778277,-0.6467778277,-0.461640062,-0.461640062,1700.26864,-8.0902301,-8.0902301,-1.44041969,-1.44041969,-1.07327824,-1.07327824,0.171408621,728.178936,0.0,88.525632,-0.245776187,0.0,-627.287566,731.755311,1700.26864,0.0,0.0
304.0,0.0,-205.544322,-0.583799648,-0.583799648,0.01215041641,0.01215041641,0.03473424808,0.03473424808,1691.70723,-17.7777943,-17.7777943,-3.14825429,-3.14825429,-2.44097001,-2.44097001,0.171423295,888.0452,0.0,88.0798775,-0.259212446,0.0,-205.544322,902.246852,1691.70723,0.0,0.0
304.5,0.0,-222.433065,0.0523428253,0.0523428253,-0.001207363645,-0.001207363645,-0.000235820961,-0.000235820961,1681.8634,-32.8007091,-32.8007091,-5.77567521,-5.77567521,-4.88664143,-4.88664143,0.171453733,888.0452,0.0,87.5673529,-0.309537083,0.0,-222.433065,889.47158,1681.8634,0.0,0.0
305.0,0.0,-207.708997,0.090527829,0.090527829,-0.0019690203,-0.0019690203,-0.000688784654,-0.000688784654,1670.73028,-38.28527,-38.28527,-6.69833226,-6.69833226,-5.82945184,-5.82945184,0.171499462,888.0452,0.0,86.987698,-0.326479006,0.0,-207.708997,889.09784,1670.73028,0.0,0.0
305.5,0.0,-191.950463,0.0902220354,0.0902220354,-0.00181367161,-0.00181367161,-0.000634441976,-0.000634441976,1659.47257,-38.079589,-38.079589,-6.61756289,-6.61756289,-5.74941683,-5.74941683,0.17154704,888.0452,0.0,86.4015585,-0.324169148,0.0,-191.950463,889.081769,1659.47257,0.0,0.0
306.0,0.0,-177.062904,0.0777559154,0.0777559154,-0.00144425435,-0.00144425435,-0.000505215821,-0.000505215821,1648.87987,-24.7256363,-24.7256363,-4.27111727,-4.27111727,-3.45515948,-3.45515948,0.171587256,888.0452,0.0,85.8500419,-0.277662954,0.0,-177.062904,889.091613,1648.87987,0.0,0.0
306.5,0.0,-165.340153,0.057366767,0.057366767,-0.000994944101,-0.000994944101,-0.000348042226,-0.000348042226,1640.51931,-4.01741721,-4.01741721,-0.69139336,-0.69139336,-0.424941528,-0.424941528,0.171603549,888.0452,0.0,85.4147441,-0.206797929,0.0,-165.340153,889.08786,1640.51931,0.0,0.0
307.0,0.0,-156.284653,0.0496671358,0.0496671358,-0.00081276375,-0.00081276375,-0.000284313571,-0.000284313571,1634.00975,3.5431697,3.5431697,0.606282753,0.606282753,0.818239064,0.818239064,0.171599612,888.0452,0.0,85.0758185,-0.180751109,0.0,-156.284653,889.055029,1634.00975,0.0,0.0
307.5,1.4000372367,-145.349317,-0.1854081772,-0.1854081772,0.002231465548,0.002231465548,0.008128707445,0.008128707445,1627.78066,3.7807589,3.7807589,0.644402625,0.644402625,0.870157515,0.870157515,0.171592253,888.0452,0.0,84.7514973,-0.177071928,0.0,-145.349317,889.968186,1627.78066,0.0,0.0
308.0,90.6297446,31.36701587,-36.00076565,-36.00076565,-0.20958873242,-0.20958873242,-0.0588784301,-0.0588784301,1624.45126,19.21668195,19.21668195,3.26927886,3.26927886,4.16123652,4.16123652,0.171572073,888.0452,0.0,84.5781492,0.0395547918,0.0,31.36701587,961.557139,1624.45126,0.0,0.0
308.5,227.528271,85.3787568,-93.4451954,-93.4451954,-0.834331519,-0.834331519,-0.335617585,-0.335617585,1631.77512,43.3806155,43.3806155,7.41558458,7.41558458,8.50988078,8.50988078,0.17151042,899.923837,0.0,84.9594716,0.376169073,0.0,85.3787568,988.308173,1631.77512,0.0,0.0
309.0,205.586539,1505.765697,-60.5393033,-60.5393033,-8.3034479,-8.3034479,-7.13541727,-7.13541727,1645.90367,66.6772707,66.6772707,11.4948944,11.4948944,12.8548879,12.8548879,0.171429451,1657.02874,0.0,85.695085,0.366819982,0.0,1505.765697,1587.59125,1645.90367,0.0,0.0
309.5,93.9866443,4299.62948,-14.252106506,-14.407388736,-5.54447956,-5.63058598,-5.020636034,-5.129744784,1656.00574,89.2510625,84.929776,15.478995,14.7286048,17.1999763,16.3636411,0.171351569,2828.22476,0.0,86.2210555,0.214160105,0.0,4299.62948,2756.03706,1656.00574,0.0,0.0
310.0,53.40161,5519.36423,-22.6373395,-22.6373395,-13.0833283,-13.0833283,-12.3685474,-12.3685474,1663.09028,97.493805,97.493805,16.9793655,16.9793655,18.8286518,18.8286518,0.171231474,3254.1484,0.0,86.5899162,0.220765359,0.0,5519.36423,3267.71432,1663.09028,0.0,0.0
310.5,53.40161,5456.51145,-24.9682803,-24.9682803,-14.22607,-14.22607,-13.4628436,-13.4628436,1670.71213,97.6031365,97.6031365,17.0763491,17.0763491,18.9292256,18.9292256,0.171166417,3237.85412,0.0,86.9867549,0.224073263,0.0,5456.51145,3246.01123,1670.71213,0.0,0.0
311.0,53.40161,3035.64777,-61.1186,-61.1186,-19.53884938,-19.53884938,-18.11783882,-18.11783882,1679.92593,104.6938805,104.6938805,18.4189228,18.4189228,20.4067163,20.4067163,0.171153021,2196.55012,0.0,87.466477,0.308559836,0.0,3035.64777,2244.05178,1679.92593,0.0,0.0
311.5,54.5439445,-636.630816,-113.5203331,-49.4055664,11.617900181,2.9921057244,13.876190898,3.908443907,1688.54838,115.8991959,58.3842243,20.4942605,10.32045297,23.4096105,11.64614268,0.170995744,585.79583185,0.0,87.915412,0.1388118011,0.0,-636.630816,721.024147,1688.54838,0.0,0.0
312.0,127.4297638,-1825.0333,-233.720038,-46.3636557,43.4618701,8.6868315,48.5750492,9.69970625,1691.68969,133.460571,26.7560172,23.6436978,4.73985963,29.0527783,5.82166842,0.170770756,0.0,0.0,88.0789626,0.1152681001,0.0,-1825.0333,228.3552811,1691.68969,0.0,0.0
312.5,238.767449,-507.6306235,-300.0,-88.8236122,15.94768636,4.08921612,23.275512,6.22115286,1699.72768,154.471879,45.768438,27.4975018,8.1507723,31.4960765,9.29709625,0.1705458,0.0,0.0,88.4974679,0.379201437,0.0,-507.6306235,781.229604,1699.72768,0.0,0.0
313.0,189.796866,-439.878867,-300.0,-86.99542,13.81920215,3.67441862,21.5453516,5.89907359,1713.7477,162.14717,47.233105,29.0994567,8.47421311,33.0669736,9.61604835,0.170320873,0.0,0.0,89.227429,0.321699542,0.0,-439.878867,817.607783,1713.7477,0.0,0.0
313.5,50.6179526314,-2060.01487,-252.512486,-43.1285693,50.0855482,8.38937938,55.7364814,9.36052404,1719.40863,162.14717,28.2076606,29.1955795,5.07882732,35.5185073,6.15147462,0.170095973,21.322486407,0.0,89.5221717,0.02079186567,0.0,-2060.01487,146.7625938,1719.40863,0.0,0.0
314.0,0.0,-380.728827,111.2389632,53.0544323,5.4159908,-3.070164866,7.73381344,-1.95309035,1719.96869,162.14717,85.7714417,29.2050892,15.44982888,32.9558338,17.2663341,0.169874056,1380.60555,0.0,89.5513275,-0.019294973,0.0,-380.728827,845.85296,1719.96869,0.0,0.0
314.5,0.0,3913.36919,296.295578,28.1823113,121.9907604,11.1157002,129.8058486,11.8410812,1714.99894,162.162916,15.5744788,29.1235255,2.79773375,38.31011,3.66472374,0.169649832,3483.32854,0.0,89.2925765,-0.202454721,0.0,3913.36919,2629.75703,1714.99894,0.0,0.0
315.0,0.0,6327.88296,299.93566,18.6792115,198.74782,12.2888006,211.283769,13.0623016,1707.98404,163.186847,10.1723222,29.1874489,1.81958109,39.1460906,2.44038231,0.169425016,4248.017,0.0,88.9273406,-0.202377223,0.0,6327.88296,3630.35815,1707.98404,0.0,0.0
315.5,0.0,8085.815039999999,216.33414,13.97764575,180.335876,11.7647413,195.5078005,12.7869875,1701.10574,164.804387,11.4347814,29.3580553,2.03647382,39.2027098,2.71257636,0.169200227,4248.017,0.0,88.5692169,-0.189117541,0.0,8085.815039999999,4357.83039,1701.10574,0.0,0.0
316.0,0.0,8495.23597,-0.37089157,-7.97810501,0.07886688,-6.98477062,2.36934144,-5.91559106,1699.98089,167.286818,107.6891989,29.7808609,19.17453397,33.575195,21.3780419,0.16897547,4248.017,0.0,88.5106532,0.1605599775,0.0,8495.23597,4527.5367,1699.98089,0.0,0.0
316.5,0.0,7839.01473,-1.1232692696,-1.1232692696,-0.925722135,-0.925722135,-0.71779482,-0.71779482,1704.75319,170.237643,81.9196682,30.3911041,14.6241804,33.7121324,16.2214399,0.168750735,4248.017,0.0,88.7591239,0.0646852687,0.0,7839.01473,4257.26468,1704.75319,0.0,0.0
317.0,0.0,7806.54646,-0.0353162155,-0.0353162155,-0.0288737937,-0.0288737937,-0.0224189229,-0.0224189229,1706.6169,171.3154,78.174062,30.6168887,13.9709902,33.9957819,15.5128346,0.16852603,4248.017,0.0,88.8561615,0.0503878012,0.0,7806.54646,4244.84263,1706.6169,0.0,0.0
317.5,0.0,7797.16807,-1.07949410665,-1.07949410665,-0.8748752802,-0.8748752802,-0.79482417425,-0.79482417425,1708.36809,171.3154,81.9060726,30.6483047,14.6533938,34.0176935,16.2619143,0.168301357,4241.42923,0.0,88.9473366,0.0639999665,0.0,7797.16807,4241.9628,1708.36809,0.0,0.0
318.0,0.0,6817.148759999999,-15.7480277,-15.7480277,-11.2606349,-11.2606349,-10.5134209,-10.5134209,1714.16913,171.3154,130.737718,30.7523758,23.4670844,34.0733679,26.002151,0.168076709,3820.8644,0.0,89.2493714,0.246668752,0.0,6817.148759999999,3837.55663,1714.16913,0.0,0.0
318.5,0.21613635935,5176.2616,-16.1563074,-16.1563074,-8.64948708,-8.64948708,-8.03997158,-8.03997158,1721.74258,171.3154,117.9224918,30.8882441,21.2616777,34.163259,23.5171121,0.167852087,3155.5738,0.0,89.643686,0.205036909,0.0,5176.2616,3159.19345,1721.74258,0.0,0.0
319.0,13.98682145,2414.239146,-39.6549888,-39.6549888,-9.77045328,-9.77045328,-8.98331167,-8.98331167,1730.61874,171.3154,122.1624695,31.0474834,22.1342445,34.3622801,24.5028966,0.167627496,1980.24846,0.0,90.1058286,0.274385239,0.0,2414.239146,2015.07825,1730.61874,0.0,0.0
319.5,35.2891428,-716.3788044,-122.8156948,-39.5790372,13.596275829,3.025494079,15.964435647,3.715111372,1736.8596,171.3154,57.5997606,31.1594449,10.47488544,35.2115184,11.76758266,0.167402932,528.112827155,0.0,90.4307634,0.0892758102,0.0,-716.3788044,716.048968,1736.8596,0.0,0.0
320.0,43.036373,-2616.34288,-128.5912364,-26.4723088,34.0884742,7.09564542,37.0062073,7.70196825,1737.99576,171.3154,36.76089,31.1798283,6.6906042,36.2937519,7.76955124,0.167178398,0.0,0.0,90.4899203,0.007862071038,0.0,-2616.34288,-73.8767186,1737.99576,0.0,0.0
320.5,43.036373,-2664.02033,-42.0721055,-13.4901476,11.757259,3.76432829,13.0919478,4.19288172,1738.91511,171.241723,55.0940135,31.1828989,10.0326114,35.0494707,11.2755263,0.166953887,0.0,0.0,90.537786,0.0444628394,0.0,-2664.02033,-93.178848515,1738.91511,0.0,0.0
321.0,43.036373,-2389.9861,-57.7766327,-17.7871733,14.4589128,4.45142665,15.9311641,4.90487214,1740.43544,166.458518,51.3460631,30.3383044,9.35817555,34.2365565,10.56042505,0.166729409,0.0,0.0,90.6169445,0.0395899478,0.0,-2389.9861,21.73654455,1740.43544,0.0,0.0
321.5,43.036373,-2445.32707,-58.3440032,-18.3362988,14.9376744,4.69505703,16.4083597,5.15731655,1741.71269,159.041097,49.9938103,29.0077047,9.11846645,32.7820632,10.3048711,0.166504957,0.0,0.0,90.6834435,0.0359754718,0.0,-2445.32707,-0.545441355,1741.71269,0.0,0.0
322.0,43.036373,-2449.78999,-54.5600727,-17.7174022,13.9969259,4.5452425,15.3884272,4.99710767,1742.97927,156.33319,50.7644625,28.5346179,9.2657526,32.2184707,10.4619709,0.166280538,0.0,0.0,90.7493914,0.0372019515,0.0,-2449.78999,-1.6629582325,1742.97927,0.0,0.0
322.5,43.036373,-2439.32017,-55.3971435,-17.9098445,14.1509309,4.57498158,15.5572255,5.0296359,1744.2587,156.33319,50.5448101,28.5555633,9.2324281,32.2482766,10.426335,0.166056138,0.0,0.0,90.816007,0.0366338211,0.0,-2439.32017,3.44064264,1744.2587,0.0,0.0
323.0,43.036373,-2443.25731,-55.6127983,-17.9354193,14.22893815,4.58890665,15.6407425,5.04422108,1745.51428,156.33319,50.4181789,28.5761182,9.2159299,32.2743993,10.40864255,0.16583177,0.0,0.0,90.8813781,0.0360793938,0.0,-2443.25731,2.53550834,1745.51428,0.0,0.0
323.5,43.036373,-2445.31332,-55.5994079,-17.9008762,14.2374863,4.58392421,15.65016195,5.0387508,1746.75554,156.530756,50.3949171,28.6325891,9.2182292,32.3374493,10.4110064,0.165607431,0.0,0.0,90.9460021,0.0357568889,0.0,-2445.31332,2.40471328,1746.75554,0.0,0.0
324.0,43.036373,-2430.11934,-58.8102006,-17.6533718,14.9642836,4.49242742,16.4621955,4.94208938,1748.00479,169.356911,50.8385195,31.0011095,9.3060237,34.9937637,10.5045625,0.165383121,0.0,0.0,91.0110475,0.0365730958,0.0,-2430.11934,9.45649664,1748.00479,0.0,0.0
324.5,43.9551376,-2414.89167,-67.3037585,-17.9560447,17.0193349,4.54076293,18.7211519,4.99483002,1749.26304,189.246738,50.5166198,34.6668776,9.25374955,39.1437294,10.4487173,0.165158831,0.0,0.0,91.0765589,0.036937283,0.0,-2414.89167,16.5275374,1749.26304,0.0,0.0
325.0,102.5753609,-1897.0027,-169.7952585,-32.9647831,31.396042,6.22726048,35.0300749,6.93502839,1751.31555,196.50798,40.4410961,36.0390404,7.41625638,41.4042604,8.50541528,0.164934577,0.0,0.0,91.1834235,0.0984375603,0.0,-1897.0027,233.2233898,1751.31555,0.0,0.0
325.5,193.255955,-671.000438,-300.0,-69.1152499,21.0801005,4.37227061,28.1961356,6.01373401,1757.41556,196.50798,45.0306545,36.1645685,8.28962467,41.2085944,9.42360686,0.164710349,0.0,0.0,91.5010258,0.280892554,0.0,-671.000438,746.933739,1757.41556,0.0,0.0
326.0,226.23326,-116.4283371,-300.0,-93.8437348,3.65770405,1.144013,8.7483279,2.73627088,1770.17494,196.50798,61.4370167,36.427134,11.3888039,40.6145761,12.6979679,0.164486149,0.0,0.0,92.165352,0.413505043,0.0,-116.4283371,985.145401,1770.17494,0.0,0.0
326.5,226.23326,-109.751773,-300.0,-94.0174146,3.44795364,1.08055953,8.3284262,2.61005816,1784.45646,196.522021,61.5785141,36.7236567,11.5070455,40.9172718,12.8210796,0.164261981,0.0,0.0,92.9089295,0.412075196,0.0,-109.751773,996.262418,1784.45646,0.0,0.0
327.0,226.23326,-102.508314,-300.0,-93.9821455,3.22039362,1.008865099,7.85833649,2.46181126,1798.67366,197.43358,61.83259,37.1881064,11.6466348,41.4016072,12.9662263,0.164037832,0.0,0.0,93.6491555,0.410637155,0.0,-102.508314,1007.577796,1798.67366,0.0,0.0
327.5,226.458709,-93.2624965,-300.0,-94.036,2.92992773,0.918360344,7.24527276,2.27097954,1812.85755,198.847165,62.3009356,37.7497078,11.82740355,41.9837058,13.1539587,0.163813717,0.0,0.0,94.3876498,0.410297375,0.0,-93.2624965,1019.706946,1812.85755,0.0,0.0
328.0,240.875079,-52.7284831,-300.0,-99.597225,1.656514174,0.544991286,4.33088825,1.425852513,1827.49566,199.36322,65.937705,38.1531166,12.6196318,42.3151305,13.99598705,0.163589625,0.0,0.0,95.1497951,0.446227988,0.0,-52.7284831,1045.12057,1827.49566,0.0,0.0
328.5,263.175691,-7.132705831,-300.0,-110.386209,0.2240805652,0.07950146706,0.6257423915,0.2220406135,1843.93901,199.36322,71.1138391,38.496408,13.73231075,42.6018452,15.19669255,0.163365569,0.0,0.0,96.0059256,0.501723521,0.0,-7.132705831,1073.69442,1843.93901,0.0,0.0
329.0,271.285,-0.994550217,-300.0,-118.302214,0.03124471747,0.01151159088,0.0890877269,0.0328228671,1861.69961,199.36322,71.3521761,38.8672009,13.91050715,42.9809318,15.382808,0.163141536,0.0,0.0,96.9306436,0.507846573,0.0,-0.994550217,1086.61882,1861.69961,0.0,0.0
329.5,271.285,-2.57180668,-299.978198,-95.2105714,0.0807792015,0.02110718967,0.2283409671,0.0594862482,1879.47456,199.36322,70.5709021,39.2382937,13.8894762,43.3729833,15.3530499,0.16291753,0.0,0.0,97.8561096,0.507975328,0.0,-2.57180668,1096.34116,1879.47456,0.0,0.0
330.0,271.285,-2.063003092,-299.999673,-95.0052275,0.0648111173,0.02230237055,0.1821576354,0.06263064565,1897.05968,199.36322,69.9188229,39.6054232,13.89013685,43.7589718,15.3468101,0.162693553,0.0,0.0,98.7716914,0.522707677,0.0,-2.063003092,1106.82072,1897.05968,0.0,0.0
330.5,271.285,-1.765190037,-300.0,-107.0401604,0.0554550815,0.02004448224,0.1564015775,0.0565267746,1914.49435,199.348618,69.3281155,39.9664713,13.8993028,44.1373861,15.3498199,0.162469606,0.0,0.0,99.6794394,0.50793713,0.0,-1.765190037,1117.12461,1914.49435,0.0,0.0
331.0,271.285,-2.912886226,-299.983286,-99.9361898,0.0914992148,0.02177687084,0.2584547211,0.061671611,1931.75413,198.414108,68.702916,40.1375331,13.8979656,44.3067378,15.3415822,0.162245683,0.0,0.0,100.5780816,0.485338255,0.0,-2.912886226,1126.72493,1931.75413,0.0,0.0
331.5,271.285,-2.329298285,-300.0,-103.3865438,0.0731770654,0.02633041864,0.207552094,0.074671918,1948.84126,196.967717,68.0518742,40.1973997,13.888138,44.3576614,15.32548965,0.162021791,0.0,0.0,101.467736,0.490709112,0.0,-2.329298285,1136.9448,1948.84126,0.0,0.0
332.0,271.285,-2.678597352,-300.0,-134.4420467,0.0841506164,0.05468282699,0.2371693034,0.153913976,1965.76677,196.44145,67.5940612,40.4383799,13.91444795,44.6073641,15.3489441,0.161797929,0.0,0.0,102.3489735,0.507486294,0.0,-2.678597352,1146.68212,1965.76677,0.0,0.0
332.5,271.285,-0.776558847,-300.0,-102.1938721,0.0243963152,0.00850156853,0.0696212571,0.0242602688,1982.52521,196.44145,67.137323,40.7831233,13.9382574,44.9715434,15.3697173,0.161574089,9.7652975211,0.0,103.22151,0.482731848,0.0,-0.776558847,1157.25869,1982.52521,0.0,0.0
333.0,271.285,-3.949361913,-295.831286,-102.424738,0.12270430555,0.04382484074,0.3442135698,0.1229498395,1999.11372,196.44145,66.1511631,41.1243708,13.84865295,45.3391645,15.2679399,0.16135028,634.631413,0.0,104.0852035,0.465407446,0.0,-3.949361913,1165.6244,1999.11372,0.0,0.0
333.5,271.285,466.74036865,-135.217855,-87.7658134,-4.0147627971,-4.0396420447,-3.1137101705,-3.1841659756,2015.52335,196.44145,80.089023,41.4619375,16.9126175,45.5687115,18.5732702,0.161126497,1601.20755,0.0,104.9395805,0.492515292,0.0,466.74036865,1371.06332,2015.52335,0.0,0.0
334.0,271.285,1827.23283,-111.8363456,-111.8363456,-21.4045788,-21.4045788,-18.1289826,-18.1289826,2036.72535,196.44145,143.431975,41.8980909,30.5927412,45.8844962,33.5035837,0.160902746,1952.712,0.0,106.0434781,0.718784395,0.0,1827.23283,1949.55394,2036.72535,0.0,0.0
334.5,271.285,1800.84214,-113.0979059,-113.0979059,-21.3284442,-21.3284442,-18.0020165,-18.0020165,2061.52097,196.618109,141.382087,42.4465106,30.5211456,46.4295268,33.3852339,0.160679019,1952.712,0.0,107.3344785,0.709973423,0.0,1800.84214,1953.05059,2061.52097,0.0,0.0
335.0,271.285,1766.36769,-113.077317,-113.077317,-20.916319,-20.916319,-17.6026742,-17.6026742,2085.81043,208.106658,138.211188,45.4595497,30.188216,49.6671437,32.9826598,0.160455315,1952.712,0.0,108.5991225,0.695331517,0.0,1766.36769,1952.88794,2085.81043,0.0,0.0
335.5,271.285,1733.047,-113.073067,-113.073067,-20.5209825,-20.5209825,-17.2208838,-17.2208838,2109.6047,225.927482,135.199288,49.9147524,29.8672603,54.4775432,32.5977449,0.160231645,1952.712,0.0,109.8379912,0.681271629,0.0,1733.047,1952.91626,2109.6047,0.0,0.0
336.0,271.285,1700.40478,-113.0692748,-113.0692748,-20.1337915,-20.1337915,-16.8487762,-16.8487762,2132.92079,232.43642,132.311706,51.9167514,29.5524374,56.607375,32.2225196,0.160008004,1952.712,0.0,111.051958,0.667653918,0.0,1700.40478,1952.94769,2132.92079,0.0,0.0
336.5,271.285,1668.41242,-113.0655963,-113.0655963,-19.7543405,-19.7543405,-16.4858651,-16.4858651,2155.77279,232.43642,129.532192,52.4729855,29.2416189,57.1651929,31.8564908,0.159784386,1952.712,0.0,112.241762,0.654425471,0.0,1668.41242,1952.97855,2155.77279,0.0,0.0
337.0,271.285,1637.05046,-113.062032,-113.062032,-19.3823974,-19.3823974,-16.1318239,-16.1318239,2178.17449,232.43642,126.8655896,53.0182587,28.9372734,57.712334,31.4993348,0.159560802,1952.712,0.0,113.4081238,0.641602128,0.0,1637.05046,1953.00877,2178.17449,0.0,0.0
337.5,271.285,1596.81071,-114.6393929,-114.6393929,-19.1533275,-19.1533275,-15.8715882,-15.8715882,2200.14771,232.473158,124.654455,53.561604,28.7201471,58.2595383,31.2392379,0.159337242,1942.92593,0.0,114.5521735,0.633038598,0.0,1596.81071,1949.09472,2200.14771,0.0,0.0
338.0,271.285,380.815678753,-171.561465,-149.090624,-5.4428078133,-5.44694870985,-3.8312482423,-3.8430392948,2220.42107,234.864428,75.9757671,54.6116724,17.6563514,59.8315152,19.31560665,0.159113705,1318.080636,0.0,115.6077194,0.524425907,0.0,380.815678753,1454.94769,2220.42107,0.0,0.0
338.5,270.227757,-5.347215558,-299.99546,-82.4759153,0.16798498286,0.03862116127,0.4711941388,0.10848496926,2235.22055,238.573092,59.1351698,55.8436563,13.8418113,61.5190664,15.248474,0.158890208,351.525834432,0.0,116.378268,0.404406258,0.0,-5.347215558,1302.90376,2235.22055,0.0,0.0
339.0,202.827969,-11.79028168,-300.0,-78.1995417,0.3704026147,0.09589835467,1.0180696982,0.2639004833,2247.6227,239.92198,58.1560805,56.4705567,13.6881971,62.2544664,15.0899847,0.15866673,0.0,0.0,117.0239899,0.266127775,0.0,-11.79028168,1307.4643,2247.6227,0.0,0.0
339.5,98.5638082,-578.636796,-300.0,-53.2321165,18.17841114,2.91135949,24.21620337,3.96989512,2253.40566,239.92198,42.9654209,56.6158493,10.1384741,63.6739161,11.3809183,0.158443282,0.0,0.0,117.3250834,0.0504686687,0.0,-578.636796,1074.97188,2253.40566,0.0,0.0
340.0,60.647945,-1927.56013,-300.0,-34.4244604,60.5560878,6.87562704,66.8030391,7.59171084,2252.391,239.92198,27.5751997,56.5903566,6.50431571,67.5373693,7.75602417,0.158219862,0.0,0.0,117.272251,-0.0760580009,0.0,-1927.56013,513.082432,2252.391,0.0,0.0
340.5,60.647945,-2587.07351,-300.0,-29.3464839,81.2753125,7.93991885,87.9145426,8.5890845,2249.31632,239.92198,23.4819345,56.5131078,5.53118447,69.030042,6.75557365,0.157996468,0.0,0.0,117.1121698,-0.0975456025,0.0,-2587.07351,236.858807,2249.31632,0.0,0.0
341.0,60.647945,-2909.14317,-300.0,-27.4181082,91.3934294,8.3502261,98.3268685,8.98382005,2245.79209,239.92198,21.9328492,56.4245617,5.15817315,69.548337,6.35776202,0.157773105,0.0,0.0,116.9286781,-0.1052302822,0.0,-2909.14317,100.7854483,2245.79209,0.0,0.0
341.5,60.6724702,-3085.00862,-299.429053,-26.4608972,96.7313108,8.54766985,103.8328201,9.1752192,2242.08849,239.92198,21.2041046,56.3315134,4.97854576,69.7370082,6.16328762,0.157549767,0.0,0.0,116.7358536,-0.1085082581,0.0,-3085.00862,25.44408753,2242.08849,0.0,0.0
342.0,62.2351987,-3153.01583,-293.256399,-25.9227543,96.8281343,8.5592373,103.8593313,9.1807694,2238.34828,239.92198,21.2075335,56.2375403,4.97102184,69.628269,6.15466274,0.157326455,0.0,0.0,116.5411115,-0.1068904477,0.0,-3153.01583,-5.038113997,2238.34828,0.0,0.0
342.5,64.6526393,-3108.04217,-295.53052,-26.2358861,96.1804901,8.5386008,103.2181489,9.1633781,2234.72821,239.92198,21.3000807,56.1465882,4.98465353,69.4867669,6.16898062,0.157103171,0.0,0.0,116.3526309,-0.10253035,0.0,-3108.04217,11.562011537,2234.72821,0.0,0.0
343.0,65.5318,-3038.44644,-300.0,-26.7586502,95.4556075,8.5140598,102.5204531,9.1442071,2231.24034,239.92198,21.3988507,56.0589558,4.99993986,69.3467373,6.18507884,0.156879922,0.0,0.0,116.1710306,-0.0996045354,0.0,-3038.44644,38.4847711,2231.24034,0.0,0.0
343.5,65.5318,-2995.93177,-300.0,-26.9973128,94.1199716,8.46990715,101.1390833,9.10156235,2227.82776,239.92198,21.5902548,55.9732176,5.03695005,69.1716035,6.22465158,0.156656697,0.0,0.0,115.9933528,-0.0979132891,0.0,-2995.93177,54.1828673,2227.82776,0.0,0.0
344.0,65.5318,-2973.01804,-300.0,-27.1327574,93.400117,8.4473285,100.3936695,9.0798426,2224.46505,239.92198,21.6988915,55.8887308,5.05465546,69.031448,6.24330074,0.156433494,0.0,0.0,115.8182738,-0.0966800159,0.0,-2973.01804,61.7539591,2224.46505,0.0,0.0
344.5,65.5318,-2961.15259,-300.0,-27.208499,93.0273542,8.43711135,100.0072294,9.0701512,2221.13997,239.92198,21.7596454,55.8051884,5.06123197,68.911696,6.24992187,0.156210324,0.0,0.0,115.6451495,-0.0957137369,0.0,-2961.15259,64.749747,2221.13997,0.0,0.0
345.0,65.5318,-2955.44276,-300.0,-27.2504618,92.847973,8.43383265,99.820946,9.0672219,2217.84534,239.92198,21.7933056,55.7224136,5.06154295,68.8037081,6.24978188,0.15598718,0.0,0.0,115.4736128,-0.0949006929,0.0,-2955.44276,65.2019691,2217.84534,0.0,0.0
345.5,65.5318,-2953.13752,-300.0,-27.273551,92.7755525,8.4343955,99.745413,9.0680384,2214.5772,239.92198,21.8118267,55.6403021,5.05837989,68.7025492,6.24589687,0.155764064,0.0,0.0,115.3034544,-0.0941754666,0.0,-2953.13752,64.252944,2214.5772,0.0,0.0
346.0,65.5318,-2952.70515,-300.0,-27.2861676,92.761968,8.43706215,99.7308149,9.0709058,2211.33319,239.92198,21.8219473,55.558797,5.05331392,68.6054315,6.23996195,0.15554098,0.0,0.0,115.134551,-0.093501167,0.0,-2952.70515,62.5386955,2211.33319,0.0,0.0
346.5,65.203944,-2953.37724,-296.191776,-27.1567776,91.6048216,8.3989485,98.491574,9.0304164,2208.11173,239.92198,22.0077284,55.4778596,5.08888391,68.439842,6.27738458,0.155317915,15.663520335,0.0,114.9668246,-0.092894399,0.0,-2953.37724,60.3780586,2208.11173,0.0,0.0
347.0,44.2339648,-1774.07719195,-23.5268599,14.71981944,13.1575818496,-0.3194082674,15.0028171824,0.2073630524,2205.37748,239.92198,59.0657944,55.4091639,13.64038114,61.9781749,15.0973594,0.155094883,1017.517604,0.0,114.8244659,-0.06974371175,0.0,-1774.07719195,549.4970215,2205.37748,0.0,0.0
347.5,12.498836332,2132.044334,205.140175,25.2441607,52.8903081,5.73805344,57.5311202,6.29514111,2201.0795,240.021452,33.7943898,55.32407,7.79192219,64.9030043,9.00653068,0.154871882,2567.20258,0.0,114.6006906,-0.2059339564,0.0,2132.044334,2172.35348,2201.0795,0.0,0.0
348.0,45.3930414,5140.21421,112.7461581,-2.50300855,51.5168884,-2.91657683,56.4797178,-2.0909111,2194.31793,246.501187,66.9669148,56.6429207,15.38770676,66.8418556,17.2796367,0.154648902,3130.8235,0.0,114.2486421,-0.0109420944,0.0,5140.21421,3420.12719,2194.31793,0.0,0.0
348.5,114.5274024,4805.00129,-56.3605202,-56.3605202,-28.3446271,-28.3446271,-26.9024627,-26.9024627,2204.88652,256.434541,167.297706,59.2107714,38.6266049,64.7062875,42.2140354,0.154425953,3130.8235,0.0,114.798903,0.486053913,0.0,4805.00129,3286.8135,2204.88652,0.0,0.0
349.0,139.6709,4437.67978,-59.3323119,-59.3323119,-27.5759866,-27.5759866,-26.0762258,-26.0762258,2222.21796,252.486138,162.90847,58.7542924,37.9090807,64.1278086,41.3762206,0.154203031,3130.8235,0.0,115.7012759,0.503024046,0.0,4437.67978,3144.08798,2222.21796,0.0,0.0
349.5,139.6709,4379.86509,-58.2815463,-58.2815463,-26.7313424,-26.7313424,-25.2706139,-25.2706139,2239.20024,240.668086,158.657747,56.4322649,37.2031493,61.5255142,40.5608011,0.153980136,3130.8235,0.0,116.5854701,0.484169665,0.0,4379.86509,3129.94667,2239.20024,0.0,0.0
350.0,139.6709,4355.88129,-58.2507854,-58.2507854,-26.5709114,-26.5709114,-25.1134106,-25.1134106,2255.78546,236.3519,156.981689,55.8323004,37.0828211,60.8270716,40.4002846,0.153757269,3130.8235,0.0,117.4489926,0.4754762,0.0,4355.88129,3129.65092,2255.78546,0.0,0.0
350.5,139.6709,4333.05474,-58.2479703,-58.2479703,-26.4303916,-26.4303916,-24.9751884,-24.9751884,2272.08034,236.11022,155.41896,56.1779231,36.9788813,61.1610112,40.2589886,0.153534428,3130.8235,0.0,118.2973929,0.467231363,0.0,4333.05474,3129.66703,2272.08034,0.0,0.0
351.0,139.6709,4310.63635,-58.2457223,-58.2457223,-26.2926303,-26.2926303,-24.8397233,-24.8397233,2288.09352,220.397011,153.904321,52.8056422,36.8765918,57.4510331,40.1204549,0.153311617,3130.8235,0.0,119.1311294,0.459175827,0.0,4310.63635,3129.68848,2288.09352,0.0,0.0
351.5,139.6709,4278.7568,-59.8827578,-59.8827578,-26.814793,-26.814793,-25.3070436,-25.3070436,2303.85059,196.023975,154.622446,47.2893246,37.3054534,51.4306522,40.5741405,0.15308883,3120.68375,0.0,119.951535,0.46121516,0.0,4278.7568,3125.62362,2303.85059,0.0,0.0
352.0,139.6709,2758.35648,-82.388048,-82.388048,-23.84297125,-23.84297125,-21.68582465,-21.68582465,2320.60078,187.12247,140.3067255,45.4731456,34.0847356,49.3922179,37.036347,0.152866077,2473.04086,0.0,120.8236422,0.450755929,0.0,2758.35648,2502.75411,2320.60078,0.0,0.0
352.5,139.6709,439.44850958,-104.0290735,-72.9981412,-3.72644851873,-3.728205460928,-2.83958573136,-2.844591231386,2331.5279,187.12247,67.9832444,45.6872679,16.5960202,50.035292,18.1544344,0.152643348,1470.99967,0.0,121.3925737,0.1888078784,0.0,439.44850958,1544.2197,2331.5279,0.0,0.0
353.0,139.6709,-155.228820044,-240.056309,-61.3448676,4.2093828577,1.00922985697,7.880998635,1.9041020768,2336.5098,187.12247,49.2151985,45.7848896,12.0413029,50.8411965,13.36390845,0.15242065,1094.58832,0.0,121.6519569,0.11662176,0.0,-155.228820044,1299.67895,2336.5098,0.0,0.0
353.5,139.325521,-500.173866,-291.811735,-60.2295286,15.3386591,3.14998774,22.3394535,4.59533159,2339.81109,187.12247,38.723244,45.8495792,9.48801965,51.5664018,10.6696263,0.152197974,1075.87226,0.0,121.8238402,0.0792499521,0.0,-500.173866,1158.07237,2339.81109,0.0,0.0
354.0,117.3034689,-794.884274,-279.416859,-52.3007711,23.0654543,4.30659698,29.1727389,5.45022154,2341.79347,187.12247,35.0097685,45.8884258,8.58549625,52.4461608,9.811682,0.151975327,1069.0654,0.0,121.9270576,0.02738686791,0.0,-794.884274,1036.598712,2341.79347,0.0,0.0
354.5,83.2365915,-1110.80866,-184.274595,-36.3530365,21.2257806,4.19850134,24.9305908,4.92898216,2341.62338,187.208,37.2370842,45.9060625,9.13099195,51.9546724,10.32986855,0.151752711,1069.0654,0.0,121.9182027,-0.0328203887,0.0,-1110.80866,905.040959,2341.62338,0.0,0.0
355.0,70.848045,-938.491232,-108.2263426,-25.2425444,10.6704239,2.48099014,12.8109417,2.980175,2340.15907,192.774606,44.9147498,47.2414091,11.0067826,52.6892015,12.27562315,0.151530121,1069.0654,0.0,121.8419624,-0.0414554587,0.0,-938.491232,975.8885,2340.15907,0.0,0.0
355.5,70.4931064,-650.960902,-124.7146771,-28.8983429,8.4921414,1.96830694,10.85953855,2.51690539,2338.97729,201.410599,46.7060126,49.3328631,11.4400412,54.9208807,12.7358413,0.151307555,1069.0654,0.0,121.7804286,-0.0294710013,0.0,-650.960902,1094.84192,2338.97729,0.0,0.0
356.0,47.8224309,-855.684029,-101.9442128,-23.2468398,8.8816487,2.02975384,10.9427939,2.50027891,2337.51643,204.56552,46.7888179,50.0743961,11.45309985,55.7431938,12.74941705,0.151085022,1069.0654,0.0,121.7043698,-0.0651431172,0.0,-855.684029,1008.802145,2337.51643,0.0,0.0
356.5,13.867101671,-1007.285636,-18.8840922,-4.21126663,2.0585813965,0.4655362175,2.8440789668,0.6901812048,2334.34432,204.550588,53.8909244,50.002796,13.1734201,55.2561576,14.5553924,0.150862513,1069.0654,0.0,121.53921,-0.1142116906,0.0,-1007.285636,943.867419,2334.34432,0.0,0.0
357.0,72.0532092,-318.114066324,-78.75561162,-21.591974247,1.01066193535,0.26583519068,1.8758438686,0.4950505133,2331.39381,203.578446,54.7117263,49.7022552,13.357517,54.8799706,14.7485451,0.150640033,1069.0654,0.0,121.3855902,-0.0131750306,0.0,-318.114066324,1228.91402,2331.39381,0.0,0.0
357.5,181.795601,-0.521451121,-257.806135,-75.5796152,0.01454646296,0.00421344152,0.0415344894,0.0120307303,2334.99255,202.068418,56.5132981,49.4096473,13.8186066,54.4508491,15.22850165,0.150417579,1069.0654,0.0,121.572963,0.205031778,0.0,-0.521451121,1363.16794,2334.99255,0.0,0.0
358.0,221.70218,-1.931956992,-299.999793,-88.3757282,0.0606942051,0.01780728246,0.1710658536,0.0501834328,2344.20582,201.52017,56.1269973,49.470109,13.778258,54.5293522,15.1873033,0.150195157,1069.0654,0.0,122.0526565,0.291378259,0.0,-1.931956992,1367.96057,2344.20582,0.0,0.0
358.5,220.429428,-1.363052162,-299.996827,-76.2578645,0.0428213149,0.01176240152,0.1217404649,0.03342948739,2354.03907,201.52017,55.9407644,49.6776218,13.79016885,54.7579364,15.20042005,0.149972758,1069.0654,0.0,122.564632,0.27522904,0.0,-1.363052162,1373.93888,2354.03907,0.0,0.0
359.0,138.9838145,-286.10125138,-294.996462,-66.0270103,8.6178933935,1.6944872321,13.2006691515,2.6468994492,2361.51576,201.52017,45.6783851,49.8354042,11.2953839,55.5780403,12.5810969,0.149750401,1069.0654,0.0,122.953912,0.10669978058,0.0,-286.10125138,1259.82279,2361.51576,0.0,0.0
359.5,13.00235375,-1614.69565,-102.94639757,-13.02668417,13.69706785,1.40582923,16.159456053,1.973459413,2360.75586,201.52017,48.0244137,49.8193671,11.8703877,55.7953758,13.21452265,0.149528092,1069.0654,0.0,122.9143446,-0.124201983,0.0,-1614.69565,706.541139,2360.75586,0.0,0.0
360.0,-32.815872,-1001.442454,22.1374458,22.1374458,-2.50301241,-2.50301241,-2.114810095,-2.114810095,2355.08269,201.52017,64.2823933,49.6996457,15.85447845,54.4005877,17.3503233,0.149305833,1069.0654,0.0,122.6189684,-0.185019771,0.0,-1001.442454,958.407821,2355.08269,0.0,0.0
360.5,-32.6512926,-728.078277,13.9013895,13.9013895,-1.06014001,-1.06014001,-0.801318303,-0.801318303,2348.63506,201.52017,59.2584659,49.5635792,14.5745428,54.4505927,16.01160395,0.149083624,1069.0654,0.0,122.2832655,-0.185456654,0.0,-728.078277,1068.39189,2348.63506,0.0,0.0
361.0,-22.1507142,-693.282887,9.47033626,9.47033626,-0.689370262,-0.689370262,-0.47948903,-0.47948903,2342.45791,201.52017,58.1278283,49.4332228,14.25894385,54.3776341,15.6850673,0.148861459,1069.0654,0.0,121.961649,-0.167924729,0.0,-693.282887,1079.26375,2342.45791,0.0,0.0
361.5,-5.90717463313,-668.768198,4.221125281,4.221125281,-0.28148168058,-0.28148168058,-0.17197376501,-0.17197376501,2337.12473,201.599424,57.017287,49.340056,13.9545619,54.3434252,15.3694688,0.148639347,1079.95342,0.0,121.6839735,-0.142378239,0.0,-668.768198,1086.35051,2337.12473,0.0,0.0
362.0,0.0,608.7640196,84.3293117,21.8962495,8.105111023,1.515815509,9.723058988,1.889400872,2331.6809,206.760911,49.0850428,50.4849921,11.9866214,56.1123862,13.3052798,0.148417282,1775.41846,0.0,121.4005385,-0.190763498,0.0,608.7640196,1614.76248,2331.6809,0.0,0.0
362.5,0.0,3107.72234,211.380283,23.120483,71.4295488,7.42957534,76.8272744,8.00634243,2323.59843,214.76879,24.4862587,52.2583511,5.95965416,63.3887028,7.17903534,0.148195267,2851.22401,0.0,120.979721,-0.270870259,0.0,3107.72234,2649.87821,2323.59843,0.0,0.0
363.0,0.0,5137.46458,117.163327,10.6583102,59.75264437,5.45074265,64.70631279,6.04874422,2314.27439,217.69435,32.370226,52.7582792,7.84126943,62.9205739,9.10373723,0.147973302,3242.459,0.0,120.4942543,-0.2219422908,0.0,5137.46458,3489.02464,2314.27439,0.0,0.0
363.5,0.0,4836.79223,-8.25842481,-8.25842481,-4.339238304,-4.339238304,-3.910526515,-3.910526515,2310.56097,217.69435,72.3708798,52.6736256,17.51169255,57.5482466,19.1169985,0.147751387,3242.459,0.0,120.3009129,-0.0587482268,0.0,4836.79223,3361.74439,2310.56097,0.0,0.0
364.0,0.0,4559.04245,-0.22163550193,-0.22266337073,-0.10596376038,-0.10645409359,-0.082870352904,-0.083494979224,2306.97717,217.69435,57.2991861,52.5919264,13.842728,57.9467757,15.2521372,0.147529517,3242.459,0.0,120.1143224,-0.1208068026,0.0,4559.04245,3244.0781,2306.97717,0.0,0.0
364.5,0.0,4557.8,0.1047394885,0.0272703112,0.0499973229,0.01301747955,0.0636889328,0.01658227527,2302.768,217.69435,56.9737607,52.4959705,13.738955,57.8665077,15.1445023,0.1473077,3242.459,0.03025216325,119.8951692,-0.1253484537,0.0,4557.8,3241.1035,2302.768,-0.73796244,0.07112227
365.0,0.0,4567.53713,0.351806744,0.0916427423,0.168339268,0.0438510301,0.214417042,0.0558539175,2295.14255,217.69435,56.9818815,52.3221329,13.69540915,57.6850581,15.0991644,0.147085927,3242.459,1.95691235,119.4981438,-0.377590877,0.0,4567.53713,3240.7027,2295.14255,-48.7758481,4.6858503
365.5,0.0,4594.70969,0.822151659,0.215434922,0.395723488,0.10369514,0.503917021,0.1320460799,2275.2826,217.69435,57.1488507,51.8693887,13.6166045,57.2035243,15.01690855,0.146864208,3242.459,4.93732995,118.4641209,-0.76703284,0.0,4594.70969,3240.41331,2275.2826,-123.3037434,11.7451572
366.0,0.0,4637.97311,1.01194631,0.268474327,0.491453539,0.130386672,0.625585467,0.165972893,2245.32755,217.69435,57.7519409,51.1865069,13.57899945,56.4560284,14.9769212,0.146642536,3242.459,6.021269,116.904492,-0.903233498,0.0,4637.97311,3240.92501,2245.32755,-150.53172,14.1578183
366.5,0.0,4682.1517,0.871220465,0.234974462,0.427064935,0.1151847125,0.543409382,0.146564134,2214.25476,217.69435,58.6238309,50.478143,13.59320865,55.6661403,14.99027215,0.146420909,3242.26139,6.01386993,115.2866649,-0.893419604,0.0,4682.1517,3241.1649,2214.25476,-150.350501,13.9451874
367.0,0.0,4696.88126,-0.2604656642,-0.2611999167,-0.12809823235,-0.1284598688,-0.1003016942,-0.10076175774,2184.39845,217.69435,60.4523038,49.7975109,13.8282084,54.8507156,15.2314142,0.146199335,3229.62427,5.54071656,113.7321776,-0.818680341,0.0,4696.88126,3229.8611,2184.39845,-138.554004,12.6794801
367.5,0.05598421068,4683.16022,-0.2255678518,-0.2255678518,-0.1106302144,-0.1106302144,-0.0869461265,-0.0869461265,2157.91156,217.560541,61.1179753,49.1636081,13.8110865,54.1495393,15.2117399,0.14597781,3210.07652,4.8088308,112.3531215,-0.714883754,0.0,4683.16022,3208.68621,2157.91156,-120.2524425,10.87115915
368.0,3.62318691,4704.699119999999,-1.226400038,-1.226400038,-0.6051469966,-0.6051469966,-0.475718127,-0.475718127,2134.30785,208.850189,63.4353442,46.6815904,14.177102,51.3381666,15.59071075,0.14575633,3202.967,4.5426464,111.1241773,-0.661784715,0.0,4704.699119999999,3203.8666,2134.30785,-113.56616,10.1530055
368.5,9.14132538,4727.84021,-5.58501455,-5.58501455,-2.74576912,-2.74576912,-2.35241807,-2.35241807,2111.97993,195.336587,71.9010588,43.2042383,15.89743435,47.4141567,17.4398587,0.145534901,3190.8977,4.5426464,109.9616591,-0.616312799,0.0,4727.84021,3200.45871,2111.97993,-113.56616,10.04679055
369.0,11.148268,2968.84633,-33.246503,-33.246503,-10.40203715,-10.40203715,-9.70140727,-9.70140727,2094.19102,190.39954,103.7874233,41.7552213,22.7671726,45.5664069,24.8426198,0.145313522,2422.01837,4.5426464,109.0354671,-0.459411222,0.0,2968.84633,2458.14149,2094.19102,-113.56616,9.9621678
369.5,11.148268,189.9346289,-52.0611245,-26.2585172,0.371618901,-0.7733460343,1.234211168,-0.3633808684,2075.8574,190.39954,64.5776519,41.3896755,14.0432513,45.656753,15.4803971,0.145092188,1232.629046,4.5426464,108.0809163,-0.595138564,0.0,189.9346289,1291.11102,2075.8574,-113.56616,9.87495395
370.0,11.148268,-1155.03741,-22.83099293,-6.713270086,2.62080343,0.7741160607,3.370747268,1.000135398,2054.12024,190.39954,59.2228185,40.9562669,12.73674605,45.3328394,14.0943694,0.144870907,800.04785,4.5426464,106.9491539,-0.642597261,0.0,-1155.03741,718.766035,2054.12024,-113.56616,9.7715491
370.5,11.148268,-922.659264,-5.72259978,-0.46946931,0.580172978,0.076998261,1.13134126,0.278155581,2032.03782,190.39954,63.0499277,40.5159746,13.4162462,44.7147314,14.80591855,0.14464967,817.930015,4.5426464,105.7994189,-0.63717928,0.0,-922.659264,802.566569,2032.03782,-113.56616,9.6665024
371.0,11.148268,1205.6650897,135.8990446,28.0850683,24.799229511,3.7657439146,27.550657005,4.301154386,2008.68414,190.39954,45.2796151,40.0503359,9.53665574,45.9121282,10.78552372,0.144428486,1959.67775,4.5426464,104.5834933,-0.740199367,0.0,1205.6650897,1674.54198,2008.68414,-113.56616,9.5554074
371.5,11.09234795,4603.33271,298.390683,22.3868695,144.0741278,10.5238265,153.3339205,11.2022793,1981.07306,190.39954,14.3510343,39.4998091,2.97905463,51.4653455,3.87412933,0.14420735,3725.82613,4.5426464,103.1459053,-0.825733717,0.0,4603.33271,3072.21472,1981.07306,-113.56616,9.4240604
372.0,7.52508041,7037.51578,287.947301,15.63939875,211.324044,11.4479302,226.716104,12.2803314,1952.50602,190.39954,10.3403733,38.9302229,2.11451932,51.3679497,2.79004738,0.143986263,4368.1396,4.5426464,101.6585446,-0.82628712,0.0,7037.51578,4068.41609,1952.50602,-113.56616,9.2881655
372.5,2.00688786167,8593.30623,94.5160673,4.45739227,82.8635332,3.85056753,92.9404731,4.98403771,1924.71733,190.255011,43.5259635,38.3471792,8.74514767,47.1745307,10.04045446,0.143765225,4368.1396,4.5426464,100.2117061,-0.701357259,0.0,8593.30623,4699.566400000001,1924.71733,-113.56616,9.1559735
373.0,0.0,8038.382339999999,-6.838291127,-6.838291127,-5.876281826,-5.876281826,-5.205354133,-5.205354133,1905.71189,180.869041,92.4817705,36.0976018,18.4674921,39.7286388,20.3172028,0.143544236,4368.1396,4.5426464,99.222173,-0.522356872,0.0,8038.382339999999,4457.56136,1905.71189,-113.56616,9.0655635
373.5,0.0,7848.401519999999,0.0548640332,-0.0240263521,0.04516809005,-0.01970274555,0.0923006403,0.0086050302,1885.42965,166.525222,68.9153866,32.8813431,13.60702785,36.3559421,15.0449773,0.143323292,4368.1396,4.5426464,98.1661659,-0.607186936,0.0,7848.401519999999,4366.66635,1885.42965,-113.56616,8.9690798
374.0,0.0,7872.748570000001,0.441353648,0.17342355,0.363882248,0.142977372,0.469859342,0.184616153,1864.46158,174.981852,68.787244,34.1606059,13.4303099,37.8015661,14.86168215,0.143102394,4368.1396,4.5426464,97.0744494,-0.604553846,0.0,7872.748570000001,4364.55405,1864.46158,-113.56616,8.869334
374.5,0.0,7881.15036,-3.092948741,-3.36518613,-2.486579351,-2.711827784,-2.266672573,-2.557841251,1843.75171,196.338161,81.973171,37.9048529,15.815975,41.9985839,17.5411631,0.142881548,4346.24455,4.51987656,95.9961776,-0.549512665,0.0,7881.15036,4355.9577,1843.75171,-113.007894,8.72789905
375.0,0.0,4663.23309,-52.133946,-52.133946,-25.6574775,-25.6574775,-24.3511932,-24.3511932,1835.75633,204.13547,174.617012,39.2429929,33.5671544,43.6084267,37.3406451,0.142698492,2948.49444,3.06628638,95.5798903,0.0278502186,0.0,4663.23309,3012.29024,1835.75633,-76.7528006,5.90170186
375.5,0.0,-305.6884472,-110.0159059,-39.2518495,10.107088295,0.556450193,12.203632126,1.228285309,1835.19292,204.080688,64.5785729,39.2204259,12.4122201,43.981773,13.8324895,0.142484258,786.31893121,0.81773225576,95.550556,-0.0534769686,0.0,-305.6884472,944.356371,1835.19292,-20.530930843,1.57865408876
376.0,0.0,-3024.79607,-55.213707637,-7.31563693,15.596360333,1.97303808,17.305137548,2.414102534,1833.43482,200.524224,58.6712034,38.5000571,11.26422787,43.4382369,12.60707577,0.142263555,0.0,0.0,95.4590178,-0.0194472182,0.0,-3024.79607,-188.1109171,1833.43482,0.0,0.0
376.5,0.0443008977,-2670.9239,3.443015492,3.443015492,-0.995136978,-0.995136978,-0.810345753,-0.810345753,1833.83085,195.009136,74.5804029,37.4492077,14.3222464,41.4153791,15.8382144,0.142042889,0.0,0.0,95.4796384,0.01333304131,0.0,-2670.9239,-40.63085095,1833.83085,0.0,0.0
377.0,2.86966417,-2555.72552,-2.5848697082,-0.9051174872,0.6900098788,0.2416128054,0.9270317498,0.3248955175,1834.11207,192.99573,69.0299495,37.0682578,13.2584211,41.0618748,14.68676145,0.141822276,0.0,0.0,95.4942797,0.006180103,0.0,-2555.72552,7.468205908,1834.11207,0.0,0.0
377.5,7.24025851,-2543.96475,-8.98989096,-3.03028553,2.39500544,0.8072996,3.21109165,1.082415237,1834.268,192.99573,65.363458,37.0714095,12.5552779,41.1101234,13.9230494,0.141601711,0.0,0.0,95.5024014,0.00308232978,0.0,-2543.96475,12.4530605,1834.268,0.0,0.0
378.0,8.829736,-2560.70338,-11.7838791,-3.89989798,3.15973419,1.04572526,4.19369985,1.38792511,1834.34078,192.99573,63.8679414,37.0728795,12.2685026,41.1312814,13.6115453,0.141381197,0.0,0.0,95.5061882,0.00159648504,0.0,-2560.70338,5.5304644,1834.34078,0.0,0.0
378.5,8.829736,-2569.87335,-10.9863702,-3.65464954,2.95661644,0.983527479,3.94742445,1.313123,1834.40827,192.99573,64.1968791,37.0742444,12.3321428,41.1273898,13.68035575,0.141160729,0.0,0.0,95.5097035,0.00222346872,0.0,-2569.87335,1.75417376,1834.40827,0.0,0.0
379.0,8.829736,-2568.05502,-11.04801555,-3.67176452,2.97109951,0.987433224,3.96542112,1.31789217,1834.48321,192.99573,64.1429189,37.0757582,12.3222797,41.1296207,13.6695976,0.140940316,0.0,0.0,95.5136049,0.00206683824,0.0,-2568.05502,2.55456293,1834.48321,0.0,0.0
379.5,8.829736,-2568.34323,-11.0677695,-3.67622185,2.97674593,0.988742914,3.9724251,1.31946333,1834.55221,192.99573,64.1044725,37.0771523,12.3153571,41.1315355,13.66204,0.140719939,0.0,0.0,95.517197,0.0019392676,0.0,-2568.34323,2.47490172,1834.55221,0.0,0.0
380.0,8.829736,-2568.45346,-11.06688245,-3.67430431,2.97663518,0.988269587,3.9724513,1.31888947,1834.61744,192.99573,64.0764244,37.0784716,12.3104073,41.133245,13.6566305,0.14049962,0.0,0.0,95.5205935,0.0018348586,0.0,-2568.45346,2.46716363,1834.61744,0.0,0.0
380.5,8.829736,-2566.99373,-10.11583637,-3.371768055,2.720667753,0.906818226,3.631126557,1.210311853,1834.68087,192.99573,64.5658692,37.0797531,12.40487045,41.1285633,13.7592277,0.140279344,4.240236174,0.0,95.5238959,0.00287925004,0.0,-2566.99373,3.11156464,1834.68087,0.0,0.0
381.0,8.829736,-1965.75598,6.79687378,6.79687378,-1.405203326,-1.405203326,-1.107440599,-1.107440599,1835.14537,192.99573,75.6434986,37.0891414,14.5368397,41.002493,16.0705237,0.140059123,274.8289194,0.0,95.5480816,0.0209616922,0.0,-1965.75598,253.5622697,1835.14537,0.0,0.0
381.5,8.829736,-901.390473,5.15483526,5.23313927,-0.518898955,-0.5228318829,-0.330984007,-0.3402161083,1835.68578,192.99573,71.9139953,37.1000628,13.8242012,41.0593653,15.2994632,0.139838945,693.400026,0.0,95.5762175,0.0115310608,0.0,-901.390473,696.768157,1835.68578,0.0,0.0
382.0,8.829736,-477.535849,-12.34708894,-4.32995353,0.62168947,0.218015794,1.34834099,0.472851366,1836.14269,192.99573,67.9601406,37.1092973,13.06739775,41.117386,14.4787628,0.139618813,845.62744,0.0,95.600007,0.01529867255,0.0,-477.535849,873.403972,1836.14269,0.0,0.0
382.5,8.829736,-547.471325,-10.7299576,-3.78403488,0.614917876,0.21685873,1.3130487,0.463077288,1836.65439,192.778097,67.9602426,37.077776,13.0710664,41.0816847,14.4825674,0.139398736,845.62744,0.0,95.6266485,0.0142690898,0.0,-547.471325,844.602102,1836.65439,0.0,0.0
383.0,8.829736,-546.043696,-9.6783536,-3.68234099,0.553405964,0.210562832,1.19215176,0.453563226,1837.14234,178.649167,67.9600565,34.3693445,13.07450185,38.08009,14.4861145,0.139178703,845.62744,0.0,95.6520551,0.014013668,0.0,-546.043696,845.481062,1837.14234,0.0,0.0
383.5,9.0904243,-549.528186,-9.4409924,-4.08565192,0.544614554,0.235712995,1.122798626,0.485552907,1837.62081,156.739102,67.7616071,30.1620368,13.03971485,33.4198543,14.4481609,0.138958724,841.383859,0.013055029713,95.6769647,0.01261064911,0.0,-549.528186,844.310484,1837.62081,-0.31983309,0.024621478
384.0,25.7128144,-1014.717179,-51.6967504,-19.3350741,5.93002058,2.171453566,7.03824881,2.5879959,1836.8593,148.74034,57.451105,28.6110165,11.0514818,31.9615663,12.33975625,0.138738786,570.798522,0.845489084,95.6373164,-0.0843766041,0.0,-1014.717179,650.297271,1836.8593,-21.0836765,1.62189954
384.5,51.2643585,-1926.83952,-114.741055,-28.679841,23.7202655,5.83241754,26.1261244,6.43294256,1830.78562,148.74034,38.4948925,28.5164122,7.38179237,32.8828831,8.48885117,0.138518901,152.221785906,2.1332068,95.3210856,-0.268787987,0.0,-1926.83952,267.2100524,1830.78562,-53.2826543,4.08514146
385.0,50.2605064,-2608.46392,-123.9260814,-26.2767828,33.4687585,7.12524252,36.2756946,7.72237423,1819.48776,148.74034,31.9400128,28.3404367,6.08488945,33.5402758,7.19346367,0.138299063,0.0,2.6015048,94.7328569,-0.355705363,0.0,-2608.46392,-23.0156006,1819.48776,-65.03762,4.95681145
385.5,34.2426739,-2826.68236,-39.0938552,-12.57449885,11.66629904,3.74466792,13.0045102,4.18877866,1807.40335,148.74034,50.3164662,28.1522094,9.5213113,31.725372,10.72110615,0.138079272,0.0,2.6015048,94.1036744,-0.336861974,0.0,-2826.68236,-120.8739156,1807.40335,-65.03762,4.92388999
386.0,28.417162,-2537.55516,-26.7928489,-10.0752202,7.09727568,2.67005068,8.15385349,3.06877446,1796.02233,148.74034,56.1729451,27.9749371,10.5653707,31.3380802,11.8351598,0.137859529,0.0,2.6015048,93.5111135,-0.327272081,0.0,-2537.55516,-7.21125834,1796.02233,-65.03762,4.89288477
386.5,28.417162,-2487.58768,-32.9828298,-12.0116105,8.5919315,3.12900251,9.68638945,3.52758395,1784.66623,148.74034,54.1702255,27.7980546,10.12382475,31.2209213,11.3704025,0.137639836,0.0,2.58847597,92.91985,-0.326943362,0.0,-2487.58768,6.94983558,1784.66623,-64.717787,4.83810611
387.0,28.417162,-2487.60775,-31.872719,-11.74574505,8.3029475,3.05979532,9.3725763,3.4539759,1774.85048,148.74034,54.811585,27.645164,10.18735925,31.0391765,11.4380658,0.13742019,0.0,1.7560158,92.4087866,-0.214171945,0.0,-2487.60775,1.210150949,1774.85048,-43.9539447,3.26857732
387.5,28.417162,-2478.04732,-31.9632217,-11.7983596,8.294463,3.06167746,9.36336745,3.45623491,1770.43837,148.74034,54.90502,27.5764405,10.1793844,30.9640513,11.4298649,0.137200594,0.0,0.468322568154,92.1790664,-0.04301730883,0.0,-2478.04732,2.6121061,1770.43837,-11.754966972,0.8719057036
388.0,28.417162,-2478.26121,-32.1210846,-11.83774765,8.3361575,3.07216642,9.4085901,3.46739554,1770.48662,148.74034,54.8162071,27.5771921,10.1631943,30.9678226,11.41276475,0.136981044,0.0,0.0,92.1815806,0.018877121,0.0,-2478.26121,2.55130225,1770.48662,0.0,0.0
388.5,28.7253164,-2478.85429,-32.1955365,-11.8387615,8.3574363,3.07315946,9.4323867,3.46843665,1771.13526,148.907351,54.7606801,27.6182766,10.15661875,31.0150668,11.4057868,0.136761541,0.0,0.0,92.21535,0.0189586527,0.0,-2478.85429,2.68324322,1771.13526,0.0,0.0
389.0,48.4243887,-2329.71233,-60.1402113,-17.5916058,14.5090721,4.26038316,16.0435858,4.71539167,1771.96953,159.749827,48.4047608,29.643371,8.98186937,33.5242862,10.15289795,0.136542091,0.0,0.0,92.258787,0.0312293057,0.0,-2329.71233,65.2294255,1771.96953,0.0,0.0
389.5,78.8668715,-2069.68752,-157.3403215,-30.5663074,33.8249185,6.59837868,37.1436015,7.24428447,1773.29808,176.563502,35.2564424,32.7879454,6.54693808,38.2310322,7.61807374,0.136322686,0.0,0.02899599263,92.3279594,0.0427929878,0.0,-2069.68752,174.20341,1773.29808,-0.71007624,0.05276524
390.0,88.11261,-2028.55309,-276.673528,-38.553451,58.9175832,8.1922797,64.7433141,9.00367265,1771.5986,182.70172,25.6469288,33.8950726,4.75843417,41.7258896,5.8527572,0.136103332,0.0,1.877109376,92.239475,-0.2068087887,0.0,-2028.55309,190.327435,1771.5986,-46.8088442,3.47183001
390.5,86.4394306,-2249.59277,-297.741003,-37.2711078,70.128372,8.77708105,76.4669845,9.57053135,1757.60496,182.922165,22.9024739,33.6676819,4.21537245,42.1722614,5.27997275,0.135884021,10.1877803216,4.73607418,91.5108865,-0.595363213,0.0,-2249.59277,90.1803787,1757.60496,-118.295282,8.7043089
391.0,160.095532,-1213.18732556,-198.999163,-45.791794,27.15853560335,4.849242213,30.957088379,5.62508927174,1735.5407,197.237299,44.3560538,35.8431487,8.05313405,41.4079455,9.21948875,0.135664759,661.811775,5.775721,90.3620941,-0.56192216,0.0,-1213.18732556,508.553176,1735.5407,-144.39302,10.49710705
391.5,275.627418,1247.40642677,-94.48371,-93.962834,-12.875091019,-12.875332295,-11.0922228457,-11.0929092257,1723.44778,219.425684,128.2724155,39.6010408,23.1464335,44.0732524,25.81738285,0.135445554,1665.26156,5.775721,89.7324692,-0.0682749899,0.0,1247.40642677,1525.36349,1723.44778,-144.39302,10.423965
392.0,317.64447,1893.84656,-145.041439,-145.041439,-28.8106702,-28.8106702,-24.4960462,-24.4960462,1730.00395,227.52914,192.110494,41.2204513,34.7960343,46.2217751,39.0567018,0.13523689,1744.49281,5.775721,90.07382,0.275237323,0.0,1893.84656,1798.18007,1730.00395,-144.39302,10.46361915
392.5,317.64447,683.094242,-142.552122,-142.552122,-10.19181909,-10.19181909,-7.07274864,-7.07274864,1734.5457,227.52914,109.2150824,41.3286664,19.8379253,45.7198597,21.9466743,0.135018439,1294.28839,5.775721,90.3102906,0.0020463651,0.0,683.094242,1297.02899,1734.5457,-144.39302,10.49108935
393.0,317.64447,-0.315554764,-230.634306,-128.42496535,0.0609419909,-0.01157498654,0.38082136821,0.17703873761,1731.73925,227.52914,73.6390346,41.2617987,13.3542888,45.822676,14.8303823,0.134799364,768.379833,5.775721,90.1641736,-0.06179823426,0.0,-0.315554764,1011.018483,1731.73925,-144.39302,10.474115
393.5,317.64447,-5.4519403341,-299.96209,-117.76708512,0.171262485008,0.056718396818,0.4847916957,0.16117851974,1727.17852,227.52914,73.0520815,41.1531307,13.2129201,45.7196639,14.67904375,0.134580345,204.9022836746,5.775721,89.9267136,-0.1451581023,0.0,-5.4519403341,1006.218194,1727.17852,-144.39302,10.4465303
394.0,317.64447,-6.862587706,-299.953562,-141.5711162,0.21553458084,0.09330320482,0.6082266976,0.26275913566,1722.6475,227.52914,73.141496,41.0451699,13.19439255,45.6081713,14.66117765,0.134361367,0.0,5.775721,89.6908014,-0.10307240875,0.0,-6.862587706,1002.98557,1722.6475,-144.39302,10.41912485
394.5,316.054388,-9.259233354,-299.905536,-110.7271797,0.2906595497,0.07361026314,0.81676889216,0.20729753076,1718.14866,227.52914,72.986972,40.9379769,13.13218685,45.5006531,14.5957692,0.134142443,0.0,5.775721,89.4565681,-0.1167503689,0.0,-9.259233354,999.361464,1718.14866,-144.39302,10.3919147
395.0,214.410028,-78.73593856,-299.999588,-84.7411088,2.473562555,0.62270405057,5.0230081992,1.28065297357,1711.01368,227.52914,67.6600842,40.7679732,12.12559525,45.4702049,13.5169333,0.133923565,0.0,5.775721,89.0850802,-0.33848741,0.0,-78.73593856,966.285639,1711.01368,-144.39302,10.34875995
395.5,57.1791043007,-1416.101718,-281.836616,-46.7222144,39.8696758,6.01420599,46.1323292,7.06294413,1693.12811,227.52914,37.4269767,40.3418177,6.64095163,47.1703138,7.72875721,0.133704732,0.0,5.74678605,88.1538561,-0.690543191,0.0,-1416.101718,399.35462163,1693.12811,-143.684788,10.1906934
396.0,0.0,-3198.46177,-34.1096223,1.47718947,11.36186067,-0.40590408,12.82684756,0.04859794,1670.48571,227.52914,75.3966461,39.8023228,13.175932,44.9093944,14.74032335,0.133485949,0.0,3.89861182,86.9749639,-0.471640978,0.0,-3198.46177,-355.519259,1670.48571,-97.602625,6.83354548
396.5,0.0,-2405.67361,2.825577172,2.825577172,-0.734494519,-0.734494519,-0.5809031275,-0.5809031275,1661.62118,227.52914,79.4155714,39.591108,13.8189819,44.0374164,15.3702988,0.133267217,0.0,1.0397475841,86.5134269,-0.0820388151,0.0,-2405.67361,-30.81021968,1661.62118,-26.114342627,1.8182845554
397.0,0.0,-2328.34808,0.04009656327,0.04222210517,-0.009781917492,-0.01030009249,-0.00670552776,-0.007410818485,1662.06178,227.52914,76.2838775,39.6016058,13.27725795,44.0885195,14.7815887,0.133048529,0.0,0.0,86.5363653,0.0506144482,0.0,-2328.34808,1.622774587,1662.06178,0.0,0.0
397.5,0.0,-2329.24438,-0.0400262254,-0.0133579166,0.0097635705,0.00325838983,0.013288122,0.00443463563,1663.79879,227.52914,76.1144263,39.6429943,13.26161285,44.1331868,14.7636991,0.132829885,0.0,0.0,86.6268056,0.0499134919,0.0,-2329.24438,2.26405217,1663.79879,0.0,0.0
398.0,0.0,-2331.7225,-0.0421934566,-0.0141015337,0.0103025815,0.00344323955,0.0140196917,0.00468553991,1665.51409,227.52914,76.0081926,39.683863,13.2567565,44.176501,14.75756305,0.132611296,0.0,0.0,86.7161144,0.0493246255,0.0,-2331.7225,2.23441522,1665.51409,0.0,0.0
398.5,1.337000221,-2331.41376,-0.3200472056,-0.09845191345,0.077461555,0.02383101582,0.10554171395,0.03246936908,1667.21167,227.436825,75.7581975,39.7081864,13.2266101,44.2032832,14.7238967,0.132392755,0.0,0.0,86.8044984,0.0499744915,0.0,-2331.41376,3.35411064,1667.21167,0.0,0.0
399.0,86.6766085,-1693.55995,-117.6089607,-24.44270727,17.59938723,3.75590212,20.29108203,4.33346166,1669.73566,221.430151,52.7560438,38.7176951,9.22348038,43.8040589,10.41702445,0.132174259,0.0,0.0,86.9359119,0.1169635495,0.0,-1693.55995,270.2435248,1669.73566,0.0,0.0
399.5,218.687942,-368.482518687,-300.0,-81.7302841,11.576219547,2.45213625944,16.5621117394,3.6332138003,1677.53336,212.111284,56.1692643,37.2607783,9.87227058,42.0506748,11.1113912,0.131955811,0.0,0.0,87.3419056,0.378499458,0.0,-368.482518687,826.171043,1677.53336,0.0,0.0
400.0,266.69727,-0.761252978,-300.0,-105.1638535,0.0239154679,0.008381605,0.0682813576,0.0239310256,1694.67676,208.70795,74.554442,37.0385911,13.2307643,41.1929427,14.7147716,0.13173741,0.0,0.0,88.2344865,0.551486785,0.0,-0.761252978,989.192463,1694.67676,0.0,0.0
400.5,265.368589,-1.4133897,-300.0,-112.3253601,0.0444029441,0.01625176093,0.1259792436,0.0461111978,1713.38611,208.70795,73.6441259,37.4475005,13.21358795,41.622393,14.6867212,0.131519061,0.0,0.0,89.2086029,0.53457787,0.0,-1.4133897,999.845368,1713.38611,0.0,0.0
401.0,180.342967,-232.3382162,-300.0,-81.422579,7.299120351,1.740323743,12.49679143,3.052144229,1729.2909,208.70795,57.4954895,37.7951127,10.40873305,42.4471659,11.6748464,0.131300757,0.0,0.0,90.0366934,0.331884648,0.0,-232.3382162,913.042523,1729.2909,0.0,0.0
401.5,48.82375152,-1736.099156,-275.98991,-42.3958923,47.8795712,6.94035602,53.8969492,7.86762799,1735.28545,208.70795,31.7789275,37.9261294,5.77464901,45.2024295,6.85349792,0.131082499,0.0,0.0,90.3488056,0.0266559509,0.0,-1736.099156,290.8166824,1735.28545,0.0,0.0
402.0,0.9917546,-3291.54291,-25.52902,3.04436077,9.08996255,-0.90366569,10.4588521,-0.423705,1734.9947,208.70795,74.6424925,37.9197746,13.56241934,42.6632481,15.12255966,0.130864289,0.0,0.0,90.3336684,0.0304998864,0.0,-3291.54291,-356.584727,1734.9947,0.0,0.0
402.5,0.9917546,-2498.71061,1.9565340281,1.9785046617,-0.5280578204,-0.53366839916,-0.4061798829,-0.4137649404,1736.65915,208.70795,74.964918,37.956153,13.63322715,42.125533,15.1303901,0.130646129,0.0,0.0,90.4203281,0.0331988462,0.0,-2498.71061,-25.7094898884,1736.65915,0.0,0.0
403.0,0.9917546,-2431.08789,-1.070377233,-0.368389445,0.272465472,0.0937738055,0.368526965,0.1268350755,1737.67925,208.70795,72.1198531,37.9784478,13.1235971,42.1836202,14.57670835,0.130428015,0.0,0.0,90.4734411,0.027918414,0.0,-2431.08789,3.02446472,1737.67925,0.0,0.0
403.5,0.9917546,-2426.90411,0.04176542,0.79203821,-0.002066212,-0.1932844065,0.135117405,-0.123470097,1738.6329,208.70795,73.2897646,37.9992907,13.3438748,42.1903886,14.8146358,0.130209949,7.758038062,0.0,90.523096,0.0295370171,0.0,-2426.90411,5.32219455,1738.6329,0.0,0.0
404.0,0.9917546,-1286.589651,18.0873966,18.0873966,-2.462799443,-2.462799443,-2.123284246,-2.123284246,1739.90493,208.70795,83.4292794,38.0270925,15.2008354,42.0961238,16.8257092,0.129991932,502.88408,0.0,90.5893226,0.0320843113,0.0,-1286.589651,480.558201,1739.90493,0.0,0.0
404.5,0.9917546,478.6704796,42.402682,15.3236775,2.7960747628,0.8053309868,3.6611662881,1.0836194671,1740.19288,208.70795,67.0851607,38.0333845,12.2251738,42.3287339,13.6037195,0.129773963,1266.234997,0.0,90.6043147,-0.016026295771,0.0,478.6704796,1215.264079,1740.19288,0.0,0.0
405.0,0.9917546,1082.942483,-5.34562484,-7.13603465,-0.470540024,-0.730609455,-0.136396513,-0.489103933,1740.49263,208.70795,75.0087859,38.0399366,13.6714718,42.2104387,15.1693925,0.12955604,1381.96387,0.0,90.6199206,0.04859634097,0.0,1082.942483,1466.88113,1740.49263,0.0,0.0
405.5,0.9917546,282.6341575,-5.02069669,-5.58419157,-0.1889290649,-0.1920944488,-0.0824659947,-0.0915148387,1742.15935,208.847761,72.9051295,38.1018795,13.3006841,42.3021949,14.76692605,0.129338162,1135.48493,0.0,90.7066995,0.0388620785,0.0,282.6341575,1134.84013,1742.15935,0.0,0.0
406.0,0.9917546,706.33265,42.7712642,12.56469406,3.562178898,1.0138816106,4.62220113,1.324567002,1742.65182,217.948095,65.6876738,39.7732893,11.9874136,44.2800703,13.3438866,0.129120335,1388.32835,0.0,90.7323428,-0.01611492242,0.0,706.33265,1311.43178,1742.65182,0.0,0.0
406.5,0.9917546,2161.66718,48.9601684,11.9770603,10.9948213,2.67061493,12.5736436,3.05552197,1741.48693,231.978977,56.7359692,42.3053881,10.3468925,47.4615431,11.60709195,0.128902555,1921.13992,0.0,90.6716909,-0.0439003365,0.0,2161.66718,1916.32701,1741.48693,0.0,0.0
407.0,0.9917546,2815.93007,1.52477659,-1.52715885,0.472960456,-0.440880304,0.983741904,-0.169913578,1741.09662,231.437976,73.2383325,42.1973309,13.35348285,46.860916,14.8261562,0.128684826,2114.8962,0.0,90.6513682,0.03302048056,0.0,2815.93007,2188.34275,1741.09662,0.0,0.0
407.5,0.9917546,2646.13784,-0.772732871,-0.772732871,-0.2144956,-0.2144956,-0.1605535569,-0.1605535569,1742.40168,222.809908,73.125884,40.6546922,13.34282035,45.1329983,14.812601,0.12846714,2114.8962,0.0,90.7193159,0.0311687665,0.0,2646.13784,2118.45295,1742.40168,0.0,0.0
408.0,0.9917546,2635.14099,-0.42765353,-0.42765353,-0.1180119674,-0.1180119674,-0.0882704673,-0.0882704673,1743.42518,233.465299,72.685492,42.6241952,13.2702661,47.3238416,14.7334165,0.1282495,2114.8962,0.0,90.7726072,0.028988076,0.0,2635.14099,2114.47464,1743.42518,0.0,0.0
408.5,0.9917546,2623.2938,-2.133328363,-2.133328363,-0.5693547861,-0.5693547861,-0.5017526295,-0.5017526295,1744.43769,255.007409,74.6511807,46.5842024,13.6371886,51.6930168,15.1311262,0.128031912,2104.27601,0.0,90.8253231,0.0381485837,0.0,2623.2938,2110.13619,1744.43769,0.0,0.0
409.0,0.9917546,1065.4010771,-26.7679466,-24.1096967,-2.905052169,-2.9184402568,-2.502584298,-2.538343774,1747.53107,262.8774,84.900987,48.1068378,15.5358233,53.2481685,17.1921739,0.127814374,1427.55498,0.0,90.9863839,0.1091008157,0.0,1065.4010771,1463.69175,1747.53107,0.0,0.0
409.5,0.9917546,-1158.232183,-105.8771444,-21.3206362,14.486890104,2.71966205,16.70790592,3.165062186,1749.44327,262.8774,55.7630962,48.159478,10.21576435,54.1108849,11.4625696,0.127596875,397.06045988,0.0,91.0859424,0.00968775535,0.0,-1158.232183,539.538043,1749.44327,0.0,0.0
410.0,0.9917546,-681.412466,66.7007388,32.7936143,0.851662574,-2.062572682,2.26881357,-1.439819402,1749.66446,262.8774,79.0111916,48.1655656,14.4770632,53.5252897,16.0638164,0.127379428,1058.067102,0.0,91.097459,-0.0092305552,0.0,-681.412466,738.0754079,1749.66446,0.0,0.0
410.5,0.9917546,2766.3301,271.800443,27.8178985,82.0171331,7.73581262,88.42779,8.37360282,1746.43124,262.8774,28.3145209,48.0765594,5.17970936,58.6747848,6.24238983,0.127162029,2669.57916,0.0,90.9291165,-0.16411937,0.0,2766.3301,2170.81865,1746.43124,0.0,0.0
411.0,0.9917546,5220.811830000001,252.6391,17.7371048,135.4916634,9.55840075,144.892957,10.22520595,1740.26132,262.8774,18.7087246,47.906713,3.40926968,61.6714884,4.38497243,0.126944679,3255.591,0.0,90.6078777,-0.176777814,0.0,5220.811830000001,3188.54413,1740.26132,0.0,0.0
411.5,0.94601198,6183.46616,20.3623024,-5.22922173,13.64216808,-3.23291931,16.1741408,-2.53968257,1737.33601,262.8774,84.2851983,47.8261832,15.33687464,54.1845796,17.11516943,0.126727376,3255.591,0.0,90.4555704,0.0756451424,0.0,6183.46616,3587.40368,1737.33601,0.0,0.0
412.0,-1.9751610496,5428.04851,-0.995626605,-1.570377484,-0.586656787,-0.909628575,-0.286376452,-0.695494954,1740.78484,262.8774,75.7162259,47.9211243,13.8024207,53.1642237,15.3101544,0.126510119,3255.591,0.0,90.6351366,0.037745091,0.0,5428.04851,3275.08257,1740.78484,0.0,0.0
412.5,-6.493862,5334.976140000001,9.45850471,2.26520666,5.28307123,1.265252762,6.6932127,1.6029697,1741.03967,262.8774,63.9472464,47.9281399,11.6589595,53.4030119,12.989779,0.126292909,3250.8416,0.0,90.648404,-0.01232986482,0.0,5334.976140000001,3236.50317,1741.03967,0.0,0.0
413.0,-8.137217,4699.4282,-8.1209707,-8.1209707,-3.98777157,-3.98777157,-3.47409741,-3.47409741,1742.26868,262.8774,89.5159145,47.9619725,16.3321128,53.0132603,18.0516853,0.126075751,2947.82194,0.0,90.7123945,0.0863451673,0.0,4699.4282,2972.76458,1742.26868,0.0,0.0
413.5,-8.137217,3502.24222,-6.537057587,-6.5747229564,-2.43801315,-2.4499600003,-2.046496622,-2.0622044499,1744.89127,262.8774,82.2962489,48.0341678,15.0373724,53.1766078,16.6464279,0.125858633,2479.08376,0.0,90.8489393,0.0599220593,0.0,3502.24222,2476.13798,1744.89127,0.0,0.0
414.0,-8.137217,3007.92527,16.3155923,3.89963478,5.14724974,1.23010156,6.61969119,1.58241581,1745.57164,262.8774,63.8107036,48.0528976,11.66437075,53.5285431,12.99292665,0.125641567,2308.6091,0.0,90.884363,-0.01820487195,0.0,3007.92527,2270.8463,1745.57164,0.0,0.0
414.5,-8.137217,3107.08972,15.86928835,3.84011442,5.16020661,1.24877304,6.69009701,1.61923355,1744.81212,262.8774,63.6463776,48.0319888,11.6292128,53.4890652,12.95031225,0.12542455,2308.6091,0.0,90.844816,-0.0185308231,0.0,3107.08972,2311.6659,1744.81212,0.0,0.0
415.0,-8.137217,3104.36758,12.8973634,3.18670015,4.19260825,1.03592059,5.49797837,1.35845419,1744.30949,262.8774,64.9674562,48.018153,11.8671951,53.4325126,13.2052977,0.125207576,2308.6091,0.0,90.8186495,-0.01304047,0.0,3104.36758,2310.23973,1744.30949,0.0,0.0
415.5,-8.137217,3096.56276,13.918677,3.41404801,4.51343885,1.10708032,5.92028639,1.45215938,1743.82346,262.86526,64.4855716,48.0025553,11.7758895,53.4237312,13.10580095,0.124990651,2308.6091,0.0,90.7933458,-0.01492191665,0.0,3096.56276,2306.70824,1743.82346,0.0,0.0
416.0,-8.137217,3100.56188,13.8317333,3.4037072,4.49102121,1.10514902,5.89006102,1.44942425,1743.30585,262.075535,64.4885209,47.8441388,11.7729308,53.2483938,13.1027475,0.1247737776,2308.6091,0.0,90.7663945,-0.01481679675,0.0,3100.56188,2308.07014,1743.30585,0.0,0.0
416.5,-8.137217,3095.51522,11.2063854,1.93774108,3.64584146,0.63582857,4.92869818,0.98109025,1742.81116,260.850468,66.7403296,47.6069775,12.18053435,52.9504234,13.5450264,0.1245569456,2297.01245,0.0,90.7406372,-0.00493921115,0.0,3095.51522,2305.68129,1742.81116,0.0,0.0
417.0,-8.137217,1413.3460255,-24.8277433,-24.8277433,-3.745347497,-3.745347497,-3.331087279,-3.331087279,1745.18101,260.403,88.5098835,47.5899324,16.17431135,52.6554333,17.8917577,0.1243401627,1558.31118,0.0,90.8640267,0.1117433424,0.0,1413.3460255,1607.10206,1745.18101,0.0,0.0
417.5,-7.67653016,-1119.118523,-93.129192,-19.0092122,13.129910984,2.4810615786,15.133763046,2.887546336,1746.9266,260.356514,56.7888573,47.6290291,10.3888157,53.4758826,11.6472706,0.124123428,415.557954887,0.0,90.954909,-0.00073922061,0.0,-1119.118523,554.344055,1746.9266,0.0,0.0
418.0,21.78589012,-2696.634,-45.5847054,-9.41373586,12.74611252,2.63871328,14.7466047,3.06906061,1746.67592,257.339838,55.8329795,47.070386,10.212541,52.8502258,11.45997815,0.1239067406,0.0,0.0,90.9418556,0.01382193188,0.0,-2696.634,-102.2181425,1746.67592,0.0,0.0
418.5,67.6340473,-2016.82076,-121.1812212,-21.2003525,24.4057596,4.31629696,27.1903535,4.81196353,1748.08732,252.662159,46.8285849,46.252075,8.57205799,52.4389356,9.71129975,0.1236901011,0.0,0.0,91.0153454,0.0584174545,0.0,-2016.82076,181.4812757,1748.08732,0.0,0.0
419.0,101.701669,-1558.41749,-286.734909,-39.0802102,46.6445705,6.35686904,52.5382888,7.1601372,1750.58835,250.95467,34.2831571,46.0053075,6.28480918,53.8696718,7.3573532,0.1234735086,0.0,0.0,91.145563,0.0882501668,0.0,-1558.41749,373.686595,1750.58835,0.0,0.0
419.5,128.7625474,-1038.555851,-300.0,-47.6795037,32.6271945,5.12537926,38.9945645,6.13873993,1754.64073,250.95467,39.8201993,46.1118036,7.31719241,52.7846336,8.37298113,0.1232569616,15.89411706,0.0,91.3565501,0.152032997,0.0,-1038.555851,592.370996,1754.64073,0.0,0.0
420.0,138.604,-274.41718141,-174.6488176,-47.2199646,8.653234522,1.673512566,12.0542766628,2.4007480678,1761.08251,250.95467,58.6497446,46.2810936,10.8184752,51.8757509,12.1079631,0.1230404625,1029.97428,0.0,91.6919481,0.221787128,0.0,-274.41718141,914.09607,1761.08251,0.0,0.0
420.5,138.604,3426.19917,-14.643213663,-14.6549825947,-6.8164692313,-6.81780239854,-6.3581617828,-6.36033618025,1769.09348,250.95467,101.3183354,46.4916207,18.7792733,51.4600153,20.7964337,0.1228240115,2598.65903,0.0,92.109045,0.302786638,0.0,3426.19917,2458.62741,1769.09348,0.0,0.0
421.0,138.604,5206.376859999999,-59.9125953,-59.9125953,-32.6691572,-32.6691572,-31.0733628,-31.0733628,1788.66981,250.95467,216.352282,47.0060846,40.5213569,52.854102,45.5646008,0.1226076067,3169.1516,0.0,93.1282976,0.750731968,0.0,5206.376859999999,3210.80292,1788.66981,0.0,0.0
421.5,138.604,5069.75761,-57.98612,-57.98612,-30.7851989,-30.7851989,-29.2666748,-29.2666748,1813.79866,250.95467,205.73394,47.6664685,39.0762777,53.3758652,43.7569477,0.1223912499,3169.1516,0.0,94.4366485,0.709124269,0.0,5069.75761,3168.62723,1813.79866,0.0,0.0
422.0,138.604,5032.76423,-57.869061,-57.869061,-30.4987256,-30.4987256,-28.9874594,-28.9874594,1838.02979,250.95467,202.131995,48.3032615,38.9053034,53.9717427,43.4710315,0.1221749384,3169.1516,0.0,95.698261,0.693448019,0.0,5032.76423,3167.38242,1838.02979,0.0,0.0
422.5,138.604,4999.48394,-57.8630627,-57.8630627,-30.2939026,-30.2939026,-28.7861087,-28.7861087,1861.76115,250.95467,199.001596,48.9269184,38.7973607,54.5594809,43.2638952,0.1219586775,3169.1516,0.0,96.933849,0.679520718,0.0,4999.48394,3167.39073,1861.76115,0.0,0.0
423.0,138.604,4966.92203,-57.8592823,-57.8592823,-30.0946304,-30.0946304,-28.5902527,-28.5902527,1885.01935,250.95467,196.005576,49.5381417,38.6906738,55.1352547,43.062275,0.1217424623,3169.1516,0.0,98.1448025,0.666060419,0.0,4966.92203,3167.42175,1885.01935,0.0,0.0
423.5,138.604,4935.00218,-57.8556568,-57.8556568,-29.8993543,-29.8993543,-28.3984065,-28.3984065,1907.81949,250.95467,193.129972,50.1373283,38.5841905,55.6993738,42.864668,0.1215262934,3169.1516,0.0,99.3319064,0.65301872,0.0,4935.00218,3167.45251,1907.81949,0.0,0.0
424.0,138.604,4903.70417,-57.8521356,-57.8521356,-29.7079233,-29.7079233,-28.2104174,-28.2104174,1930.17542,250.95467,190.359757,50.7248401,38.4764197,56.2544912,42.6709201,0.1213101725,3169.1516,0.0,100.495884,0.640347403,0.0,4903.70417,3167.4827,1930.17542,0.0,0.0
424.5,139.635574,4874.65436,-58.0228184,-58.0228184,-29.6190811,-29.6190811,-28.1192474,-28.1192474,1952.10205,250.95467,188.037175,51.3010691,38.4391281,56.8125531,42.5688544,0.1210940976,3169.1516,0.0,101.6375074,0.630652847,0.0,4874.65436,3168.1976,1952.10205,0.0,0.0
425.0,205.515092,4966.373750000001,-84.4938899,-84.4938899,-43.9762986,-43.9762986,-41.4172757,-41.4172757,1977.40034,250.95467,233.969921,51.9659063,48.4651745,58.1374081,54.240057,0.1208830516,3169.1516,0.0,102.9546811,0.897739996,0.0,4966.373750000001,3221.1342,1977.40034,0.0,0.0
425.5,307.422308,4956.34643,-128.4600935,-128.4600935,-66.6523226,-66.6523226,-62.1837386,-62.1837386,2013.27535,250.95467,250.95467,52.9086985,52.9086985,59.3489965,59.3489965,0.1208018884,3169.1516,0.0,104.8225371,1.1417582,0.0,4956.34643,3237.90893,2013.27535,0.0,0.0
426.0,344.48428,4772.6316,-144.948011,-144.948011,-72.4489103,-72.4489103,-67.414233,-67.414233,2054.41854,250.95467,250.95467,53.9899364,53.9899364,60.4422015,60.4422015,0.1208578774,3169.1516,0.0,106.964684,1.20643815,0.0,4772.6316,3185.48708,2054.41854,0.0,0.0
426.5,344.48428,4672.6295,-143.711999,-143.711999,-70.3207329,-70.3207329,-65.3393239,-65.3393239,2095.94575,250.95467,250.95467,55.0812688,55.0812688,61.5412622,61.5412622,0.1209010954,3169.1516,0.0,109.126825,1.1968496,0.0,4672.6295,3168.12282,2095.94575,0.0,0.0
427.0,344.48428,4613.90648,-143.673708,-143.673708,-69.4184185,-69.4184185,-64.446282,-64.446282,2137.19112,250.95467,250.95467,56.1651935,56.1651935,62.6332494,62.6332494,0.1209255541,3169.1516,0.0,111.2742946,1.18924843,0.0,4613.90648,3167.77064,2137.19112,0.0,0.0
427.5,342.754404,4553.75916,-143.380341,-143.380341,-68.375113,-68.375113,-63.4225785,-63.4225785,2178.16952,250.95467,250.95467,57.2421048,57.2421048,63.727895,63.727895,0.1209329943,3169.1516,0.0,113.4078643,1.17909775,0.0,4553.75916,3166.66991,2178.16952,0.0,0.0
428.0,232.526892,4289.3554,-99.1218971,-99.1218971,-44.6925885,-44.6925885,-41.5590359,-41.5590359,2215.12826,250.95467,214.530407,58.213375,49.7371214,64.2023909,54.9090781,0.120844332,3169.1516,0.0,115.3321442,0.848910644,0.0,4289.3554,3078.22943,2215.12826,0.0,0.0
428.5,62.0117194917,4195.67382,-25.2586972719,-25.7747552119,-11.1031583457,-11.3300997157,-10.3452259117,-10.6355388817,2232.2861,250.95467,98.7695518,58.6642825,23.0838606,64.0896949,25.1729488,0.120630587,3169.1516,0.0,116.2254818,0.1448348081,0.0,4195.67382,3049.26623,2232.2861,0.0,0.0
429.0,0.0,4368.6536,14.7141859,2.86397841,6.72042108,1.30836527,8.5799672,1.67037017,2230.43506,250.95467,49.0903667,58.6156357,11.4660135,65.2620479,12.7657438,0.1204146621,3169.1516,0.0,116.1291041,-0.137748944,0.0,4368.6536,3120.1636,2230.43506,0.0,0.0
429.5,0.0,4529.42244,0.83826845,-0.2141714564,0.398520692,-0.1011090314,0.625063928,-0.011532267,2226.12361,250.95467,56.0441347,58.502332,13.06478955,64.6703524,14.44144355,0.1201987836,3168.79047,0.0,115.9046235,-0.109072633,0.0,4529.42244,3184.54331,2226.12361,0.0,0.0
430.0,0.0,4443.61319,-0.927500032,-0.927500032,-0.431911032,-0.431911032,-0.338646641,-0.338646641,2222.53483,250.95467,57.4635633,58.4080186,13.37427525,64.4759421,14.76370195,0.1199829514,3145.77213,0.0,115.7177739,-0.1025447021,0.0,4443.61319,3146.74197,2222.53483,0.0,0.0
430.5,0.0,4357.43524,-0.722717674,-0.722717674,-0.329998151,-0.329998151,-0.258468602,-0.258468602,2218.97937,250.95467,57.2006445,58.3145829,13.29178275,64.3960028,14.6779183,0.1197671675,3110.16489,0.0,115.5326575,-0.1030698825,0.0,4357.43524,3108.80661,2218.97937,0.0,0.0
431.0,0.0,4328.01355,0.370003992,0.08221059065,0.1677278996,0.03726741525,0.2142275467,0.04759914396,2215.33129,250.95467,56.0005605,58.2187106,12.99151455,64.3763816,14.3655989,0.1195514281,3097.2146,0.0,115.3427156,-0.1076550788,0.0,4328.01355,3094.43399,2215.33129,0.0,0.0
431.5,0.0,4337.81049,0.1736331704,0.0390715943,0.0788573846,0.0177447956,0.1007093398,0.0226620069,2211.62878,251.039525,56.1745199,58.1410463,13.01008,64.2846272,14.38481385,0.1193357364,3097.2146,0.0,115.149941,-0.1063102989,0.0,4337.81049,3096.3487,2211.62878,0.0,0.0
432.0,0.0,4342.24704,0.0961383665,0.0210037045,0.0437186087,0.00955134124,0.055829564,0.0121972611,2207.97467,256.554316,56.287661,59.3198503,13.0147513,65.5860846,14.3895585,0.1191200942,3097.2146,0.0,114.9596889,-0.1052156916,0.0,4342.24704,3096.06112,2207.97467,0.0,0.0
432.5,0.02504641972,4347.15177,0.139618357,0.0297529685,0.0635576711,0.0135442631,0.0811599615,0.017295346,2204.35103,265.107795,56.3356748,61.196991,13.00447425,67.6640826,14.37874325,0.118904498,3097.2146,0.0,114.7710234,-0.1043565585,0.0,4347.15177,3095.9863,2204.35103,0.0,0.0
433.0,1.6246463,4355.70342,-0.621032951,-0.621032951,-0.2833393643,-0.2833393643,-0.2219136931,-0.2219136931,2200.83649,268.23135,57.3950153,61.8195632,13.22783825,68.282794,14.6107417,0.1186889496,3097.2146,0.0,114.5880346,-0.0972676115,0.0,4355.70342,3097.49253,2200.83649,0.0,0.0
433.5,4.09909281,4360.71233,-1.68751159,-1.68751159,-0.770642142,-0.770642142,-0.603603567,-0.603603567,2197.66204,268.23135,59.0555824,61.7303956,13.5909296,68.0716154,14.986997,0.1184734458,3097.2146,0.0,114.4227568,-0.086553513,0.0,4360.71233,3097.7233,2197.66204,0.0,0.0
434.0,4.998912,4361.67365,-2.08815997,-2.08815997,-0.9537737,-0.9537737,-0.747047814,-0.747047814,2194.77549,268.23135,59.718573,61.649314,13.7255005,67.9399954,15.12604665,0.1182579895,3097.2146,0.0,114.2724646,-0.082113481,0.0,4361.67365,3096.43782,2194.77549,0.0,0.0
434.5,5.3127132,4365.11836,-2.11110295,-2.11110295,-0.965049446,-0.965049446,-0.755912626,-0.755912626,2191.94522,268.23135,59.8044825,61.5698145,13.72750775,67.8509725,15.1279315,0.1180425813,3097.2146,0.0,114.1251026,-0.0808967759,0.0,4365.11836,3096.21859,2191.94522,0.0,0.0
435.0,25.3373605,4406.2178,-10.15675278,-10.15675278,-4.69116103,-4.69116103,-4.20869155,-4.20869155,2190.18672,268.23135,73.9562864,61.5204208,16.9623246,67.3110643,18.5542106,0.1178272194,3097.2146,0.0,114.0335479,0.00252253555,0.0,4406.2178,3112.29369,2190.18672,0.0,0.0
435.5,56.3130842,4414.95318,-23.5383037,-23.5383037,-10.88160035,-10.88160035,-10.24330755,-10.24330755,2192.70526,268.23135,98.3915172,61.5911632,22.5935714,67.024692,24.586034,0.1176119055,3097.2146,0.0,114.164679,0.1404823396,0.0,4414.95318,3117.39897,2192.70526,0.0,0.0
436.0,67.57875,4368.06932,-28.5590673,-28.5590673,-13.0640155,-13.0640155,-12.34634095,-12.34634095,2198.78723,268.23135,106.6431014,61.762001,24.5551139,67.1677445,26.7043108,0.1173966356,3097.2146,0.0,114.4813376,0.187914862,0.0,4368.06932,3101.44152,2198.78723,0.0,0.0
436.5,67.6033774,4346.43482,-28.1859735,-28.1859735,-12.82906095,-12.82906095,-12.11968195,-12.11968195,2205.15714,268.328909,105.4125354,61.9634835,24.342209,67.3801593,26.470139,0.1171814151,3097.2146,0.0,114.8129935,0.182100929,0.0,4346.43482,3096.15857,2205.15714,0.0,0.0
437.0,69.1724901,4340.30203,-28.8047798,-28.8047798,-13.09215795,-13.09215795,-12.37242,-12.37242,2211.48908,274.669284,106.1061755,63.6102774,24.5728535,69.1568039,26.715507,0.1169662404,3097.2146,0.0,115.1426726,0.186040999,0.0,4340.30203,3097.30394,2211.48908,0.0,0.0
437.5,71.5997824,4332.05584,-29.852362,-29.852362,-13.5424964,-13.5424964,-12.80546455,-12.80546455,2218.06154,284.493214,107.5119478,66.0811646,24.972398,71.8252269,27.1431192,0.1167511108,3097.2146,0.0,115.4848685,0.193983912,0.0,4332.05584,3097.71015,2218.06154,0.0,0.0
438.0,72.48255,4319.59079,-30.2450547,-30.2450547,-13.68125315,-13.68125315,-12.938635,-12.938635,2224.81763,287.431726,107.7159563,66.966463,25.0958805,72.7738299,27.2722102,0.116536032,3097.2146,0.0,115.8366265,0.195062441,0.0,4319.59079,3096.46823,2224.81763,0.0,0.0
438.5,72.1078314,4308.62755,-30.1516695,-30.1516695,-13.6044496,-13.6044496,-12.86430045,-12.86430045,2231.50632,286.419461,107.0997305,66.9312454,25.0273051,72.7253449,27.1938674,0.1163209994,3097.2146,0.0,116.1848783,0.191185852,0.0,4308.62755,3095.81185,2231.50632,0.0,0.0
439.0,48.1689887,4254.9369,-20.5310874,-20.5310874,-9.15545733,-9.15545733,-8.57023459,-8.57023459,2236.82856,286.0498,89.9065675,67.0043466,21.0589334,72.9295746,22.9180253,0.1161060115,3097.2146,0.0,116.4619881,0.0899354026,0.0,4254.9369,3076.57833,2236.82856,0.0,0.0
439.5,11.13791072,4224.46124,-7.00323126,-7.107860371,-3.074074428,-3.120504624,-2.70450964,-2.763877532,2237.14233,286.0498,66.4685233,67.0137471,15.5717885,73.5460715,17.0766822,0.11589107,3081.71382,0.0,116.4783279,-0.052483847744,0.0,4224.46124,3064.08048,2237.14233,0.0,0.0
440.0,-2.3284206,1980.219035,-35.5219925,-35.5219925,-7.42478328,-7.42478328,-6.772495933,-6.772495933,2237.24895,286.0498,82.6758059,67.0169404,19.3690424,73.1590816,21.1243462,0.1156761768,2090.61992,0.0,116.4838726,0.03368955064,0.0,1980.219035,2130.29688,2237.24895,0.0,0.0
440.5,-2.31676953,-1068.5758098,-176.8256521,-22.31700425,26.216182059,2.92460947,29.815742136,3.3727052926,2235.40645,286.0498,41.2937029,66.9617457,9.66773191,76.244635,10.93221229,0.1154613296,557.510595049,0.0,116.3879441,-0.1228097732,0.0,-1068.5758098,860.595057,2235.40645,0.0,0.0
441.0,-1.57168394,-3535.0116,-156.7275586,-15.13741943,53.7972284,5.28683013,58.7601329,5.80021435,2230.07466,286.0498,31.1165385,66.8020314,7.26558048,78.6917436,8.49903022,0.1152465295,0.0,0.0,116.110338,-0.16637106,0.0,-3535.0116,-168.82029987,2230.07466,0.0,0.0
441.5,-0.419153775115,-3542.54615,9.76924005,9.76924005,-3.763513617,-3.763513617,-3.36637759,-3.36637759,2225.99883,286.0498,69.1304294,66.679941,16.115367,73.0749079,17.65107385,0.115031779,0.0,0.0,115.8981275,-0.0845626852,0.0,-3542.54615,-174.3353357,2225.99883,0.0,0.0
442.0,0.0,-3123.05092,0.4578943226,0.4578943226,-0.1503486449,-0.1503486449,-0.1147770638,-0.1147770638,2222.49305,286.0498,55.9787236,66.5749245,13.028473,73.6052505,14.40422815,0.1148170723,0.0,0.0,115.715597,-0.1097498528,0.0,-3123.05092,-1.8272682,2222.49305,0.0,0.0
442.5,0.0,-3106.38964,0.0384370143,0.0384370143,-0.0125049539,-0.0125049539,-0.0095367633,-0.0095367633,2218.69691,286.0498,55.6103396,66.4612117,12.92058235,73.5145987,14.2918169,0.1146024111,0.0,0.0,115.5179507,-0.1094856754,0.0,-3106.38964,2.88907196,2218.69691,0.0,0.0
443.0,0.0,-3100.90202,0.0303192119,0.0303192119,-0.00984546095,-0.00984546095,-0.00750700581,-0.00750700581,2214.92793,286.0498,55.6734333,66.34831,12.91326775,73.3916245,14.2840963,0.1143877995,0.0,0.0,115.3217182,-0.1085463291,0.0,-3100.90202,2.97184792,2214.92793,0.0,0.0
443.5,0.0,-3095.66737,0.0299122905,0.0299122905,-0.0096969043,-0.0096969043,-0.00739238085,-0.00739238085,2211.19168,286.0498,55.7439929,66.2363895,12.907823,73.2690905,14.27832105,0.114173233,0.0,0.0,115.1271835,-0.107603682,0.0,-3095.66737,2.96844787,2211.19168,0.0,0.0
444.0,0.0,-3090.48191,0.029650089,0.029650089,-0.00959580345,-0.00959580345,-0.00731398256,-0.00731398256,2207.48777,286.0498,55.8141462,66.1254416,12.9024188,73.1476016,14.272585,0.1139587154,0.0,0.0,114.9343385,-0.1066699865,0.0,-3090.48191,2.96350184,2207.48777,0.0,0.0
444.5,0.0,-3085.34143,0.0293930326,0.0293930326,-0.00949678815,-0.00949678815,-0.00723721309,-0.00723721309,2203.81605,286.0498,55.8837507,66.015453,12.8970216,73.0271544,14.2668535,0.1137442413,0.0,0.0,114.743167,-0.1057453649,0.0,-3085.34143,2.95856963,2203.81605,0.0,0.0
445.0,0.0,-3080.24549,0.0291385222,0.0291385222,-0.00939900725,-0.00939900725,-0.00716142228,-0.00716142228,2200.17607,286.0498,55.952805,65.9064196,12.8916307,72.9077435,14.26112525,0.1135298135,0.0,0.0,114.5536524,-0.1048297329,0.0,-3080.24549,2.95367968,2200.17607,0.0,0.0
445.5,0.0,-3075.19367,0.0288864857,0.0288864857,-0.0093024278,-0.0093024278,-0.00708658412,-0.00708658412,2196.56768,286.0498,56.0213109,65.7983291,12.8862454,72.7893578,14.2554008,0.1133154331,0.0,0.0,114.365774,-0.1039229966,0.0,-3075.19367,2.94883205,2196.56768,0.0,0.0
446.0,0.0,-3070.18553,0.0286368946,0.0286368946,-0.0092070325,-0.0092070325,-0.00701268447,-0.00701268447,2192.99037,286.0498,56.0892702,65.6911715,12.88086625,72.6719865,14.2496796,0.1131010999,0.0,0.0,114.179524,-0.1030250581,0.0,-3070.18553,2.94402632,2192.99037,0.0,0.0
446.5,0.0,-3065.22072,0.0283897248,0.0283897248,-0.0091128044,-0.0091128044,-0.00693970985,-0.00693970985,2189.44409,286.254836,56.1566854,65.631916,12.8754928,72.6075911,14.24396195,0.1128868144,0.0,0.0,113.9948816,-0.1021358315,0.0,-3065.22072,2.93926211,2189.44409,0.0,0.0
447.0,0.0,-3060.2987,0.0281449502,0.0281449502,-0.0090197273,-0.0090197273,-0.00686764681,-0.00686764681,2185.92829,299.582257,56.2235567,68.5767065,12.87012565,75.8665685,14.2382479,0.112672574,0.0,0.0,113.8118312,-0.101255222,0.0,-3060.2987,2.93453896,2185.92829,0.0,0.0
447.5,0.15566053484,-3055.10854,-0.0042982652,0.0204837198,0.00135834395,-0.00655724235,0.00622667024,-0.00417308236,2182.44227,320.253776,56.2788673,73.1917484,12.86224325,80.9744086,14.2299127,0.1124583805,0.0,0.003833736736,113.6303298,-0.1007204856,0.0,-3055.10854,3.05871638,2182.44227,-0.09406537,0.008593095
448.0,10.1108976,-2958.73246,-16.56779933,-2.515603798,5.063705532,0.769318728,6.55734428,0.996888697,2178.60705,327.80292,52.1652711,74.786003,11.9015205,83.1038019,13.22320485,0.1122442346,0.0,0.2490195716,113.4306455,-0.129581106,0.0,-2958.73246,40.92217827,2178.60705,-6.20837555,0.566411366
448.5,25.3145468,-2799.91467,-75.2756396,-9.67977709,22.0085372,2.83157192,25.2718843,3.25681504,2173.26157,327.80292,42.90585,74.6025081,9.7650959,83.7248621,10.95764435,0.1120301351,0.0,0.624439088,113.152331,-0.177958461,0.0,-2799.91467,103.8862576,2173.26157,-15.59792115,1.41974968
449.0,18.4442475,-2985.56374,-105.7563248,-12.44098965,32.8673102,3.87026405,36.5835144,4.30851422,2166.87288,327.80292,38.6629178,74.3831996,8.77303955,83.945057,9.9003131,0.1118160814,0.0,0.517194495,112.819699,-0.179702464,0.0,-2985.56374,22.90597635,2166.87288,-12.94697655,1.175348527
449.5,-0.846492419,-3375.91171,-15.3942894,1.11717765,5.442746282,-0.377395748,7.05574257,-0.001318264,2161.55803,327.80292,56.6816455,74.2007523,12.8291199,82.2168535,14.19051145,0.1116020758,0.0,0.137935573993,112.5429748,-0.116399282,0.0,-3375.91171,-142.6240131,2161.55803,-3.4633658526,0.3137097727
450.0,-7.862489,-3066.34102,4.80410404,4.80410404,-1.54894912,-1.54894912,-1.230388913,-1.230388913,2158.22625,327.80292,62.0502835,74.086381,14.0240803,81.535783,15.4335425,0.1113881151,0.0,0.0,112.3695053,-0.094675972,0.0,-3066.34102,-15.7547670458,2158.22625,0.0,0.0
450.5,-7.862489,-3017.75942,3.33322844,3.33322844,-1.05337157,-1.05337157,-0.800847995,-0.800847995,2154.87685,327.80292,60.2652183,73.971407,13.5993409,81.5516272,14.992933,0.1111741983,0.0,0.0,112.1951174,-0.0972734472,0.0,-3017.75942,2.50475129,2154.87685,0.0,0.0
451.0,-7.862489,-3012.15394,3.29910726,3.29910726,-1.04064414,-1.04064414,-0.791015766,-0.791015766,2151.52681,327.80292,60.2932499,73.8564075,13.58451125,81.4290585,14.9773591,0.1109603304,0.0,0.0,112.0206946,-0.0965009201,0.0,-3012.15394,2.88114032,2151.52681,0.0,0.0
451.5,-7.82311059,-3007.42337,3.29161802,3.29161802,-1.03665296,-1.03665296,-0.787851587,-0.787851587,2148.2049,327.80292,60.3502063,73.7423755,13.576351,81.3050317,14.9686749,0.1107465108,0.0,0.0,111.8477351,-0.0956413763,0.0,-3007.42337,2.90994305,2148.2049,0.0,0.0
452.0,-5.30718015,-2997.99429,2.28282035,2.28282035,-0.71683179,-0.71683179,-0.544620277,-0.544620277,2144.93121,327.80292,59.3782052,73.6299975,13.3373836,81.2699195,14.7212157,0.1105327364,0.0,0.0,111.6772892,-0.0934927825,0.0,-2997.99429,4.92191767,2144.93121,0.0,0.0
452.5,-1.41541534989,-2991.96795,0.602669318,0.6113018726,-0.1888881312,-0.19159132018,-0.1416724939,-0.14523148365,2141.74533,327.80292,57.7252876,73.5206354,12.9468458,81.2957597,14.315976,0.1103190077,0.0,0.0,111.5114135,-0.0908086646,0.0,-2991.96795,5.56933115,2141.74533,0.0,0.0
453.0,0.0,-2991.82431,-0.224865582,-0.0392229473,0.0704470706,0.01228799927,0.0927453083,0.016177451,2138.63313,327.80292,57.0872614,73.413799,12.78509625,81.2379916,14.1476882,0.1101053271,0.0,0.0,111.3493741,-0.0895172939,0.0,-2991.82431,3.81189088,2138.63313,0.0,0.0
453.5,0.0,-2990.37017,0.0312557944,0.0322213799,-0.00978704504,-0.010089661176,-0.00722215549,-0.00762054157,2135.55536,327.80292,57.2483915,73.3081469,12.8027323,81.1134748,14.16587545,0.1098916906,0.0,0.0,111.1891277,-0.0885525565,0.0,-2990.37017,2.61989278,2135.55536,0.0,0.0
454.0,0.0,-2985.52979,0.0251761072,0.0251761072,-0.00787125597,-0.00787125597,-0.00597753854,-0.00597753854,2132.50683,327.80292,57.2997835,73.2034986,12.7959333,80.9993344,14.1586411,0.1096781016,0.0,0.0,111.0304046,-0.0878125147,0.0,-2985.52979,2.85400842,2132.50683,0.0,0.0
454.5,1.6150735935,-2977.88853,-0.3290903014,-0.0339939814,0.1014262537,0.0104033037,0.13755473388,0.01752663088,2129.4868,327.931286,57.2562302,73.128438,12.76811385,80.9260122,14.12952995,0.1094645592,0.0,0.0,110.8731673,-0.0854152788,0.0,-2977.88853,4.27022258,2129.4868,0.0,0.0
455.0,104.9148337,-1851.49534,-168.6146609,-20.01564019,24.47541657,2.913536004,28.595045,3.41690182,2127.81217,336.27525,42.8009282,74.9302535,9.53710635,84.3454016,10.7245443,0.1092510635,0.0,0.0,110.7859743,0.023213848751,0.0,-1851.49534,471.992937,2127.81217,0.0,0.0
455.5,263.356843,-26.850802534,-299.928253,-69.27470682,0.84347038447,0.117147122373,1.8748512119,0.25639642092,2134.84182,349.139641,56.0379878,78.0551414,12.5283243,86.4757911,13.8789258,0.109037614,0.0,0.0,111.1519791,0.3556891,0.0,-26.850802534,1235.34557,2134.84182,0.0,0.0
456.0,234.978498,-7.436553793,-299.99229,-51.31374876,0.2336104387,0.02181051289,0.6579936135,0.06157658298,2149.42312,348.417875,56.4613487,78.4234709,12.7087114,86.815606,14.0686562,0.1088242091,0.0,0.0,111.9111661,0.324846306,0.0,-7.436553793,1251.9379,2149.42312,0.0,0.0
456.5,101.0364528,-159.734160528,-300.0,-47.8446276,5.0181964501,0.66880162199,7.6435446788,1.03088263226,2157.06193,340.046633,52.1637903,76.8118911,11.78272985,85.3996146,13.0937634,0.1086108532,0.0,0.0,112.3088861,0.09289369178,0.0,-159.734160528,1193.025996,2157.06193,0.0,0.0
457.0,41.8872595,-1459.855386,-300.0,-30.3810088,45.8627098,4.5148568,51.9526544,5.12979698,2157.05933,340.518184,34.5687398,76.9184287,7.80884801,88.7008215,8.9892681,0.1083975436,0.0,0.0,112.308747,-0.0641776359,0.0,-1459.855386,652.034423,2157.05933,0.0,0.0
457.5,25.6489885,-2741.09455,-283.747274,-22.1364062,80.7658351,6.27287391,87.6700075,6.81014096,2153.74424,346.012774,26.9648271,78.0393784,6.08173482,93.7362479,7.3033357,0.1081842792,0.0,0.0,112.1361446,-0.1214386889,0.0,-2741.09455,116.9656717,2153.74424,0.0,0.0
458.0,19.7434,-3657.83261,-126.0271501,-11.78274757,47.5447889,4.46776854,52.5880278,4.9661988,2149.35005,348.01862,35.3090178,78.3318214,7.94657326,90.4961359,9.14169216,0.107971061,0.0,0.0,111.907359,-0.1185427886,0.0,-3657.83261,-267.061522,2149.35005,0.0,0.0
458.5,19.7434,-3341.87447,-7.8057437506,-1.0876907761,2.7458497269,0.3822649869,3.5942031721,0.5180100827,2146.13329,347.893308,54.4996802,78.1864409,12.2483647,86.738834,13.5866231,0.1077578891,0.0,0.0,111.7398758,-0.0744464766,0.0,-3341.87447,-137.4672352,2146.13329,0.0,0.0
459.0,19.7434,-2829.19219,-52.5387368,-7.02369192,15.5032195,2.07328745,18.6211307,2.49399102,2143.33942,339.759555,46.1931907,76.2593733,10.36828825,85.348222,11.60273585,0.107544764,0.0,0.0,111.5944149,-0.090474333,0.0,-2829.19219,74.2323497,2143.33942,0.0,0.0
459.5,19.7434,-2929.51208,-78.772744,-10.1096057,24.157024,3.10075763,27.3347572,3.50874266,2140.04274,327.146766,42.0005339,73.3154965,9.4125342,82.4277775,10.5824061,0.107331684,0.0,0.0,111.4227659,-0.0980638828,0.0,-2929.51208,30.563507885,2140.04274,0.0,0.0
460.0,19.7434,-3054.27765,-62.2816432,-8.40462097,19.9173681,2.68783835,23.3065106,3.14588272,2136.67881,322.5424,43.5559988,72.169661,9.74569,81.0126159,10.93969055,0.107118653,0.0,0.0,111.2476201,-0.0953773768,0.0,-3054.27765,-23.3165306,2136.67881,0.0,0.0
460.5,19.6445604,-3006.79957,-54.2960974,-7.55313925,17.0949853,2.37809354,20.4287365,2.84186228,2133.45211,322.5424,44.8699773,72.0606762,10.0246087,80.7839959,11.2381379,0.1069056658,0.0,0.0,111.0796239,-0.0921273158,0.0,-3006.79957,-5.444531764,2133.45211,0.0,0.0
461.0,13.32679515,-3030.86341,-47.297088,-6.72524817,14.9809527,2.13081405,18.1831098,2.58750517,2130.19862,322.5424,45.9857892,71.9507849,10.2581145,80.5721986,11.48692465,0.106692725,0.0,0.0,110.9102266,-0.0967201413,0.0,-3030.86341,-17.3573741,2130.19862,0.0,0.0
461.5,3.5542104085,-3122.76776,-10.352302154,-1.196811479,3.38737273,0.392860818,4.50164086,0.607168591,2126.91849,322.5424,54.4529858,71.8399934,12.12799955,79.7413855,13.4585644,0.1064798299,0.0,0.0,110.7394459,-0.0897342304,0.0,-3122.76776,-57.5147243,2126.91849,0.0,0.0
462.0,0.0,-3000.36771,0.88095133,0.88095133,-0.2787791154,-0.2787791154,-0.2119800307,-0.2119800307,2123.94974,322.5424,58.0443962,71.7397181,12.9102688,79.3365771,14.27724655,0.1062669834,0.0,0.0,110.5848758,-0.0853186028,0.0,-3000.36771,-8.316574574,2123.94974,0.0,0.0
462.5,0.0,-2969.95574,0.0456465579,0.0456465579,-0.0142005648,-0.0142005648,-0.01077850805,-0.01077850805,2120.97716,322.60965,57.2215184,71.6542458,12.7093695,79.3173875,14.0685874,0.1060541809,0.0,0.0,110.4301077,-0.0859849477,0.0,-2969.95574,2.60241731,2120.97716,0.0,0.0
463.0,0.0,-2965.23274,0.0241175912,0.0241175912,-0.00748901132,-0.00748901132,-0.00568320751,-0.00568320751,2118.01617,326.974863,57.2547829,72.5222404,12.6990023,80.282527,14.05786645,0.1058414246,0.0,0.0,110.2759388,-0.0852982585,0.0,-2965.23274,2.83874324,2118.01617,0.0,0.0
463.5,0.0,-2961.11085,0.023518736,0.023518736,-0.00729285751,-0.00729285751,-0.00553354781,-0.00553354781,2115.07959,333.955039,57.3092301,73.9677154,12.69345535,81.885196,14.0521577,0.1056287145,0.0,0.0,110.123045,-0.084584626,0.0,-2961.11085,2.83927876,2115.07959,0.0,0.0
464.0,0.0,-2957.03386,0.0233146837,0.0233146837,-0.00721962857,-0.00721962857,-0.00547720092,-0.00547720092,2112.16759,350.130997,57.3635968,77.4434226,12.68800435,85.7355279,14.0465462,0.105416052,0.0,0.0,109.9714294,-0.0838771614,0.0,-2957.03386,2.83544971,2112.16759,0.0,0.0
464.5,0.0,-2952.99118,0.0231197682,0.0231197682,-0.0071494832,-0.0071494832,-0.00542321553,-0.00542321553,2109.27998,371.382835,57.417487,82.0317544,12.6825616,90.8178576,14.0409393,0.105203433,0.0,0.0,109.821084,-0.0831764179,0.0,-2952.99118,2.83157215,2109.27998,0.0,0.0
465.0,0.0,-2948.98222,0.0229268401,0.0229268401,-0.00708019763,-0.00708019763,-0.0053699037,-0.0053699037,2106.41651,379.14093,57.4708932,83.6322023,12.6771247,92.592448,14.03533575,0.1049908625,0.0,0.0,109.6719926,-0.0824823445,0.0,-2948.98222,2.82772539,2106.41651,0.0,0.0
465.5,0.3760917416,-2926.04411,3.013370722,3.013370722,-0.8693336069,-0.8693336069,-0.80563485574,-0.80563485574,2103.58824,378.989717,60.8838172,83.4866196,13.41151565,92.3013026,14.8168307,0.1047783359,18.942950965,0.0,109.5247367,-0.0756957235,0.0,-2926.04411,10.721064,2103.58824,0.0,0.0
466.0,24.35199,-344.583444,72.4911618,27.2645201,1.449631881,-2.317300706,2.94146631,-1.816400637,2101.30365,369.177159,65.3999822,81.2370614,14.3924768,89.757883,15.866097,0.104565856,1226.558599,0.0,109.4057905,-0.0748596075,0.0,-344.583444,1083.55195,2101.30365,0.0,0.0
466.5,61.5800185,3747.37854,259.092463,17.8347201,106.2849242,6.68476075,114.9189116,7.24259652,2097.38632,353.958988,25.6676817,77.7434008,5.63870272,94.4638231,6.77072927,0.1043534249,3094.66215,0.0,109.2018335,-0.14293728,0.0,3747.37854,2783.96029,2097.38632,0.0,0.0
467.0,83.9361633,7137.36714,12.75491,-31.39327158,7.4353685,-23.71773271,12.3263527,-22.38508243,2098.01096,348.3984,147.9860495,76.5442418,32.54403482,87.812713,36.34714964,0.104141036,3774.0264,0.0,109.2343535,0.3642525316,0.0,7137.36714,4194.92424,2098.01096,0.0,0.0
467.5,97.6542744,6212.37578,-44.1315437,-44.1315437,-28.7280302,-28.7280302,-27.4994225,-27.4994225,2115.83782,348.3984,170.890679,77.1946405,37.8615566,84.6539866,41.5224563,0.1039286964,3774.0264,0.0,110.1625219,0.473365827,0.0,6212.37578,3820.43749,2115.83782,0.0,0.0
468.0,102.64293,6080.81712,-43.0761504,-43.0761504,-27.4303773,-27.4303773,-26.2431379,-26.2431379,2131.74985,348.3984,164.660041,77.7751774,36.7576191,85.1474232,40.2419198,0.1037164002,3774.0264,0.0,110.9909935,0.454259965,0.0,6080.81712,3774.98596,2131.74985,0.0,0.0
468.5,102.64293,6051.668790000001,-42.840068,-42.840068,-27.1490093,-27.1490093,-25.9705001,-25.9705001,2147.25256,348.3984,162.463526,78.340782,36.5313083,85.6979404,39.9620666,0.1035041495,3774.0264,0.0,111.7981508,0.443879046,0.0,6051.668790000001,3771.90898,2147.25256,0.0,0.0
469.0,102.64293,6030.20543,-42.8318718,-42.8318718,-27.0475408,-27.0475408,-25.8713331,-25.8713331,2162.46638,348.3984,161.006203,78.8958472,36.4601439,86.2468975,39.8573042,0.1032919458,3774.0264,0.0,112.5902685,0.436320293,0.0,6030.20543,3771.86111,2162.46638,0.0,0.0
469.5,102.64293,6009.26248,-42.8297237,-42.8297237,-26.9522524,-26.9522524,-25.7781593,-25.7781593,2177.42358,348.3984,159.608599,79.4415461,36.3936588,86.7866294,39.758597,0.1030797895,3774.0264,0.0,113.3690241,0.428993592,0.0,6009.26248,3771.88,2177.42358,0.0,0.0
470.0,102.64293,5988.673290000001,-42.8277285,-42.8277285,-26.8586569,-26.8586569,-25.6866533,-25.6866533,2192.13021,348.3984,158.251619,79.9781071,36.3279678,87.3171626,39.6615599,0.102867679,3774.0264,0.0,114.1347364,0.421826652,0.0,5988.673290000001,3771.89985,2192.13021,0.0,0.0
470.5,102.64293,5968.42732,-42.8257795,-42.8257795,-26.7666368,-26.7666368,-25.5967008,-25.5967008,2206.59173,348.271994,156.933278,80.476429,36.2629996,87.806745,39.5660796,0.1026556139,3774.0264,0.0,114.8876866,0.414812832,0.0,5968.42732,3771.91927,2206.59173,0.0,0.0
471.0,102.64293,5948.517040000001,-42.8238706,-42.8238706,-26.6761566,-26.6761566,-25.508266,-25.508266,2220.81342,340.063218,155.65201,79.0845666,36.1987496,86.23613,39.4721204,0.102443594,3774.0264,0.0,115.6281453,0.407946962,0.0,5948.517040000001,3771.93845,2220.81342,0.0,0.0
471.5,102.64293,5928.9358,-42.8220022,-42.8220022,-26.5871843,-26.5871843,-25.4213181,-25.4213181,2234.80015,327.333026,154.406329,76.6035426,36.1352147,83.481583,39.3796499,0.1022316224,3774.0264,0.0,116.356377,0.401224165,0.0,5928.9358,3771.95732,2234.80015,0.0,0.0
472.0,102.64293,5909.67647,-42.8201725,-42.8201725,-26.4996869,-26.4996869,-25.3358238,-25.3358238,2248.55688,322.6852,153.194851,75.982148,36.0723942,82.7567399,39.2886357,0.102019693,3774.0264,0.0,117.0726319,0.394639812,0.0,5909.67647,3771.97583,2248.55688,0.0,0.0
472.5,102.64293,5890.73271,-42.8183787,-42.8183787,-26.4136344,-26.4136344,-25.2517521,-25.2517521,2262.08841,322.6852,152.016229,76.4393966,36.0102813,83.2081895,39.199046,0.1018078121,3774.0264,0.0,117.7771551,0.38818952,0.0,5890.73271,3771.99401,2262.08841,0.0,0.0
473.0,102.64293,5872.09784,-42.8166226,-42.8166226,-26.3289966,-26.3289966,-25.1690747,-25.1690747,2275.39909,322.6852,150.869224,76.8891832,35.948873,83.6521518,39.1108546,0.1015959739,3774.0264,0.0,118.4701848,0.381869112,0.0,5872.09784,3772.01195,2275.39909,0.0,0.0
473.5,102.127965,5852.9466,-42.7281889,-42.7281889,-26.1890659,-26.1890659,-25.0333357,-25.0333357,2288.49154,322.6852,149.560245,77.331598,35.8419133,84.0866606,38.9728119,0.1013841852,3774.0264,0.0,119.1518526,0.374305196,0.0,5852.9466,3771.68758,2288.49154,0.0,0.0
474.0,69.2839739,5774.32099,-29.5232602,-29.5232602,-17.8668851,-17.8668851,-17.00094015,-17.00094015,2299.3478,322.6852,118.5802349,77.6984483,28.5492634,84.30357,30.9773141,0.1011724419,3774.0264,0.0,119.7170915,0.2107273148,0.0,5774.32099,3745.30977,2299.3478,0.0,0.0
474.5,18.4778788801,5749.70997,-7.492270834,-7.665051582,-4.5108669248,-4.6149457198,-4.030300863,-4.161970409,2302.05762,322.6852,68.7085137,77.790019,16.5642828,85.231921,18.1243436,0.1009607431,3774.0264,0.0,119.8581851,-0.0483892023,0.0,5749.70997,3736.65128,2302.05762,0.0,0.0
475.0,0.0,5800.775879999999,5.59434385,0.857979386,3.39880211,0.521268548,4.2992645,0.659370818,2298.01436,322.6852,49.5993401,77.6533899,11.9359687,86.268338,13.26010865,0.1007490916,3774.0264,0.0,119.6476699,-0.145818527,0.0,5800.775879999999,3755.53929,2298.01436,0.0,0.0
475.5,0.0,5863.56412,1.007665053,0.0636949803,0.618216824,0.0390223297,0.8157073808,0.08313708,2293.11026,322.6852,51.9674623,77.4876738,12.4790308,85.8818086,13.8306577,0.1005374866,3774.0264,0.0,119.392331,-0.135806455,0.0,5863.56412,3778.80248,2293.11026,0.0,0.0
476.0,0.0,5855.777349999999,-0.022012830434,-0.040477597164,-0.01350112948,-0.02482458201,-0.004284218805,-0.018606283625,2288.49859,322.6852,52.4562323,77.3318379,12.5712021,85.6748999,13.9274615,0.1003259251,3774.0264,0.0,119.1522221,-0.133129335,0.0,5855.777349999999,3772.86961,2288.49859,0.0,0.0
476.5,0.0,5859.53522,0.224400568,0.0363394744,0.1377039815,0.0222998332,0.174169024,0.0282049956,2283.89982,322.475158,52.3514826,77.1262484,12.520875,85.4661056,13.8747889,0.1001144105,3774.0264,0.0,118.912786,-0.132694855,0.0,5859.53522,3771.7481,2283.89982,0.0,0.0
477.0,0.0,5866.60982,0.254677304,0.0431765042,0.156456137,0.0265248484,0.197885115,0.0335485235,2279.32923,308.834984,52.39493,73.7169111,12.5061845,81.693531,13.8594332,0.099902951,3774.0264,0.0,118.6748125,-0.131666202,0.0,5866.60982,3772.02316,2279.32923,0.0,0.0
477.5,0.0,5873.149719999999,0.189407175,0.03455344,0.1164903754,0.0212514058,0.14733522,0.0268784472,2274.79707,287.518307,52.4640601,68.4923399,12.497787,75.9065617,13.85066325,0.0996915998,3774.0264,0.0,118.4388436,-0.130536827,0.0,5873.149719999999,3772.09819,2274.79707,0.0,0.0
478.0,0.0,5879.26753,0.181310556,0.0353691012,0.111628513,0.0217760161,0.141184797,0.0275417291,2270.30188,269.178192,52.5032605,63.9965335,12.48241,70.9289901,13.83457885,0.0994803676,3774.0264,0.0,118.2047971,-0.129529703,0.0,5879.26753,3772.01914,2270.30188,0.0,0.0
478.5,0.1310367081,5885.788210000001,0.146140219,0.0217197888,0.0900588814,0.0133793414,0.117069706,0.0200882408,2265.84131,252.713242,52.5713797,59.9639847,12.4740425,66.4621999,13.8258303,0.0992692572,3774.0264,0.0,117.972557,-0.128261053,0.0,5885.788210000001,3772.12802,2265.84131,0.0,0.0
479.0,8.48851384,5907.83946,-3.35347887,-3.35347887,-2.075664317,-2.075664317,-1.679319224,-1.679319224,2261.89319,246.70187,59.4693744,58.4350141,14.0858762,64.3168505,15.5004279,0.0990582677,3774.0264,0.0,117.7669925,-0.0895765365,0.0,5907.83946,3778.99835,2261.89319,0.0,0.0
479.5,21.3363092,5915.09338,-8.920244,-8.920244,-5.52543259,-5.52543259,-4.90653624,-4.90653624,2259.95126,246.70187,72.3657975,58.3848456,17.1261125,63.7963481,18.7123089,0.0988473955,3774.0264,0.0,117.6658862,-0.02281497684,0.0,5915.09338,3780.8829,2259.95126,0.0,0.0
480.0,20.9197324,5889.81987,-8.95904533,-8.95904533,-5.52663033,-5.52663033,-4.90690641,-4.90690641,2259.49033,246.70187,72.3922646,58.3729379,17.1290416,63.7834511,18.7159981,0.098636648,3774.0264,0.0,117.6418866,-0.02303461153,0.0,5889.81987,3770.09731,2259.49033,0.0,0.0
480.5,12.95109895,5883.47356,-5.37084859,-5.37084859,-3.30898455,-3.30898455,-2.73470953,-2.73470953,2257.91734,246.70187,63.7455782,58.3322982,15.07269965,63.9609353,16.5262489,0.0984260176,3774.0264,0.0,117.5599853,-0.066231916,0.0,5883.47356,3766.53803,2257.91734,0.0,0.0
481.0,6.8325415,5890.88906,-2.78029707,-2.78029707,-1.71500153,-1.71500153,-1.35678126,-1.35678126,2255.0717,246.70187,58.12697,58.2587847,13.72683125,64.2161843,15.1301366,0.0982155092,3774.0264,0.0,117.4118309,-0.0954954377,0.0,5890.88906,3767.96215,2255.0717,0.0,0.0
481.5,3.090133827,5890.75514,-2.351714519,-2.35479681086,-1.4416461685,-1.44355031091,-1.2808830385,-1.28329128096,2251.41844,246.70187,57.6976188,58.1644033,13.6027692,64.2646544,15.0148542,0.0980051181,3765.20915,0.0,117.2216175,-0.101306838,0.0,5890.75514,3765.77325,2251.41844,0.0,0.0
482.0,82.2776905,4746.45146,-53.7102242,-53.7102242,-25.6776717,-25.6776717,-24.2694931,-24.2694931,2255.1011,246.70187,147.602293,58.259543,34.8626604,63.41636,37.9546395,0.0977948495,3201.90998,0.0,117.4133567,0.370402505,0.0,4746.45146,3291.77036,2255.1011,0.0,0.0
482.5,207.59136,2607.90963,-105.156464,-105.156464,-27.9148282,-27.9148282,-24.8046057,-24.8046057,2273.02786,246.836443,148.9331645,58.754842,35.4419043,63.9250211,38.5667396,0.0975847001,2330.54355,0.0,118.346728,0.606788337,0.0,2607.90963,2412.37466,2273.02786,0.0,0.0
483.0,253.16212,1612.81243,-105.7507687,-105.7507687,-17.861599,-17.861599,-14.950129,-14.950129,2292.89407,255.575598,110.0624471,61.3687563,26.4267802,66.5623879,28.6633261,0.097374669,2013.668,0.0,119.381076,0.531271546,0.0,1612.81243,2009.90709,2292.89407,0.0,0.0
483.5,253.16212,1596.69817,-105.4661504,-105.4661504,-17.6345436,-17.6345436,-14.73840375,-14.73840375,2311.07173,269.128277,108.3585574,65.135064,26.2241007,70.6210989,28.4328942,0.0971647631,2013.668,0.0,120.3275065,0.521647818,0.0,1596.69817,2013.81561,2311.07173,0.0,0.0
484.0,253.16212,1572.26298,-105.484552,-105.484552,-17.3677145,-17.3677145,-14.473761,-14.473761,2328.94159,274.0764,106.503579,66.843444,25.9744678,72.450069,28.1531377,0.0969549715,2013.668,0.0,121.2579135,0.512100245,0.0,1572.26298,2014.08203,2328.94159,0.0,0.0
484.5,253.16212,1537.91486,-107.112646,-107.112646,-17.2335724,-17.2335724,-14.2863754,-14.2863754,2346.48981,274.0764,104.9857425,67.3470986,25.7974849,72.9750775,27.9532881,0.0967453035,2003.55744,0.0,122.1715735,0.506479209,0.0,1537.91486,2010.03578,2346.48981,0.0,0.0
485.0,253.16212,334.98485244,-172.677481,-95.86725304,-4.4922148414,-4.6058777927,-2.888243235,-3.2041971552,2362.62919,274.0764,62.3622638,67.8103166,15.4229942,74.6389428,16.93171345,0.0965357515,1359.22592,0.0,123.0118769,0.392556248,0.0,334.98485244,1518.91139,2362.62919,0.0,0.0
485.5,251.808029,-10.377361976,-299.985126,-56.29802295,0.3259993732,0.049236133662,0.901416547,0.13627772447,2374.04867,274.0764,48.9124685,68.1380718,12.1600813,75.62766,13.4966069,0.0963263228,362.4620933584,0.0,123.6064419,0.252766217,0.0,-10.377361976,1381.87136,2374.04867,0.0,0.0
486.0,165.162298,-14.19110322,-299.943996,-54.5946704,0.4456695807,0.0738195915,1.2075284534,0.200234671,2382.70826,274.0764,48.4336465,68.3866145,12.08500575,75.927782,13.4175202,0.0961170118,0.0,0.0,124.0573125,0.1546172818,0.0,-14.19110322,1385.34074,2382.70826,0.0,0.0
486.5,31.13771867,-1050.747053,-299.327731,-35.7521594,32.84614148,3.38550073,38.82081615,4.09083386,2383.30387,274.159,33.0714743,68.424304,8.2547792,79.3612306,9.51183764,0.0959078219,0.0,0.0,124.0883235,-0.1164929491,0.0,-1050.747053,954.369944,2383.30387,0.0,0.0
487.0,-17.60657,-3798.74794,-146.4262602,-10.88251784,51.92270357,3.74169057,56.95560545,4.25281262,2376.49043,279.527167,32.1474715,69.5640925,7.9974267,82.4854206,9.30172127,0.0956987501,0.0,0.0,123.7335747,-0.2182509666,0.0,-3798.74794,-193.071839,2376.49043,0.0,0.0
487.5,-16.3506857,-3692.63542,17.54242775,17.54242775,-7.03125211,-7.03125211,-6.51603736,-6.51603736,2370.99971,287.846143,74.3845599,71.4691525,18.4707244,77.9305514,20.1234325,0.0954897974,0.0,0.0,123.4476978,-0.12839066,0.0,-3692.63542,-152.1236438,2370.99971,0.0,0.0
488.0,63.6854484,-2663.62841,-104.95069283,-10.938086336,24.269005686,2.573126831,27.454206133,2.946269226,2366.41195,290.424987,37.705394,71.9702623,9.34466176,82.2068239,10.6165259,0.0952809635,0.0,0.0,123.2088312,-0.1033493544,0.0,-2663.62841,273.3750034,2366.41195,0.0,0.0
488.5,187.499152,-447.364637505,-300.0,-53.6425321,14.0543749499,1.5746256542,17.3078516944,1.991860716,2366.32882,289.708704,41.4009355,71.790184,10.2602241,81.169315,11.55047555,0.0950722525,0.0,0.0,123.2045039,0.1274240804,0.0,-447.364637505,1195.530175,2366.32882,0.0,0.0
489.0,232.52272,-11.124087515,-299.986296,-64.18898764,0.3494591019,0.0553443978,0.9701615546,0.15450793121,2374.6643,289.4475,48.4710467,71.9781456,12.0534732,79.9256199,13.3842918,0.0948636556,0.0,0.0,123.6384969,0.270141582,0.0,-11.124087515,1381.92016,2374.6643,0.0,0.0
489.5,232.52272,-12.41650054,-299.996838,-86.9792392,0.3900728757,0.072957936,1.065356418,0.1998365822,2384.15103,289.244178,48.0976685,72.2148428,12.00839265,80.204444,13.3368148,0.0946551809,0.0,0.0,124.132429,0.298204876,0.0,-12.41650054,1386.92161,2384.15103,0.0,0.0
490.0,232.52272,-10.663278476,-299.999072,-63.37466026,0.3349945029,0.05225720472,0.9294881193,0.14524845873,2393.53887,276.084869,48.0186896,69.199233,12.0359322,76.847142,13.3660522,0.0944468231,0.0,0.0,124.6212174,0.316884482,0.0,-10.663278476,1393.13262,2393.53887,0.0,0.0
490.5,231.716746,-6.177539403,-299.989416,-59.82479657,0.1940670396,0.042040303317,0.545955797,0.11830593478,2402.82391,255.699689,47.8248877,64.3384041,12.03382745,71.450154,13.3639726,0.0942385858,0.0,0.0,125.1046496,0.232022516,0.0,-6.177539403,1400.42064,2402.82391,0.0,0.0
491.0,180.142835,-7.236828068,-299.962298,-59.3437325,0.22724008164,0.02388367256,0.6297593679,0.06684140385,2410.70225,248.27795,47.80525,62.6773108,12.0683594,69.5957965,13.40046825,0.0940304656,0.0,0.0,125.5148376,0.1671156305,0.0,-7.236828068,1404.57993,2410.70225,0.0,0.0
491.5,100.3677971,-252.60258698,-300.0,-48.7138987,7.9357443424,1.1643805364,12.140587456,1.8104137843,2413.7565,248.27795,41.0707892,62.756721,10.3813542,70.4663036,11.6419991,0.093822467,0.0,0.0,125.673862,0.0063541972,0.0,-252.60258698,1304.26484,2413.7565,0.0,0.0
492.0,71.35386,-1099.35978,-300.0,-35.3220001,34.5374065,4.03333739,40.4897319,4.73425241,2411.91013,248.27795,29.2879576,62.7087153,7.39753743,73.8112534,8.7032428,0.0936145846,0.0,0.0,125.5777248,-0.0885900174,0.0,-1099.35978,950.844807,2411.91013,0.0,0.0
492.5,71.416017,-1466.14778,-300.0,-31.6959237,46.0603906,4.86308856,52.0806371,5.4991091,2408.52114,248.27795,26.244314,62.6206023,6.61938139,74.9606864,7.92347354,0.0934068225,0.0,0.0,125.4012755,-0.1039754825,0.0,-1466.14778,796.24277,2408.52114,0.0,0.0
493.0,75.384134,-1550.91923,-300.0,-30.9714144,48.7235642,5.02990042,54.7681038,5.65392538,2404.9155,248.27795,25.6293908,62.5268572,6.45455186,75.112812,7.75376175,0.0931991764,0.0,0.0,125.2135471,-0.101857209,0.0,-1550.91923,758.863487,2404.9155,0.0,0.0
493.5,81.5225164,-1417.62122,-300.0,-32.1304173,44.5358841,4.7666868,50.5370703,5.40937378,2401.60052,248.11473,26.5615096,62.3996434,6.6800495,74.5775828,7.98343508,0.0929916488,0.0,0.0,125.0409506,-0.0889866668,0.0,-1417.62122,812.39416,2401.60052,0.0,0.0
494.0,83.754715,-1270.44119,-300.0,-34.3327431,39.9120872,4.56672104,45.8592703,5.2473556,2398.71656,237.48559,27.1731959,59.6551176,6.82572673,71.0586036,8.1305919,0.092784242,0.0,0.0,124.8907936,-0.079974101,0.0,-1270.44119,871.952919,2398.71656,0.0,0.0
494.5,84.590929,-1286.44857,-300.0,-35.5412154,40.4149738,4.78837517,46.3780125,5.4948228,2395.95878,220.934512,26.1804491,55.433785,6.56881811,66.3990076,7.86828099,0.092576951,0.0,0.0,124.7472064,-0.0795399125,0.0,-1286.44857,863.681895,2395.95878,0.0,0.0
495.0,137.9235265,-731.87755,-300.0,-45.8148234,22.99261155,3.18211264,28.9911661,4.09039572,2394.34448,211.037042,31.8505069,52.9143783,7.98615625,61.5962588,9.25788109,0.0923697794,0.0,0.0,124.6631574,0.01911098722,0.0,-731.87755,1093.500376,2394.34448,0.0,0.0
495.5,219.174614,-5.300697061,-300.0,-92.7755784,0.16652630653,0.04334097292,0.4625068994,0.12045473939,2399.01756,205.022147,47.3313291,51.5061763,11.89084075,57.2335468,13.21295,0.0921627264,0.0,0.0,124.9064674,0.229327646,0.0,-5.300697061,1398.56298,2399.01756,0.0,0.0
496.0,169.038883,-45.49120017,-300.0,-62.7918811,1.42914821,0.28357388905,3.0872200347,0.6186138104,2406.7478,202.83492,45.2675581,51.1213012,11.40863565,56.9203386,12.7000182,0.09195579,0.0,0.0,125.3089471,0.1536811931,0.0,-45.49120017,1386.35305,2406.7478,0.0,0.0
496.5,45.0775010848,-1201.063436,-299.846808,-39.5812083,37.6948015,4.42663066,43.9590424,5.25478094,2407.17836,202.83492,26.9205639,51.1304475,6.78680222,61.0349616,8.04910148,0.0917489725,0.0,0.0,125.3313649,-0.11843657856,0.0,-1201.063436,905.762306,2407.17836,0.0,0.0
497.0,0.0,-3614.75683,-193.2396461,-17.89277425,68.7971476,6.47640699,74.5151123,7.02792476,2400.42905,202.83492,20.1805537,50.9870866,5.07202119,63.2201316,6.26119925,0.0915422714,0.0,0.0,124.9799582,-0.22915816,0.0,-3614.75683,-102.5341938,2400.42905,0.0,0.0
497.5,0.0,-3915.1106,7.19187846,9.18410056,-2.8440512,-3.77062398,-2.169988427,-3.320202627,2393.99694,203.069458,60.2547132,50.9092067,15.10587155,55.9912631,16.5806735,0.0913356891,0.0,0.0,124.6450647,-0.1452862455,0.0,-3915.1106,-231.269289,2393.99694,0.0,0.0
498.0,0.0,-3363.73718,0.7644425346,0.7644425346,-0.2709233779,-0.2709233779,-0.2083637968,-0.2083637968,2388.59001,218.292037,48.5144746,54.6007534,12.1351663,60.6111873,13.4705273,0.0911292249,0.0,0.0,124.3635485,-0.167483375,0.0,-3363.73718,-4.99579947,2388.59001,0.0,0.0
498.5,0.0,-3324.84879,1.9617423841,1.9617423841,-0.6617707378,-0.6617707378,-0.6090502478,-0.6090502478,2382.79993,241.897018,50.0655175,60.3585276,12.49206645,66.9287491,13.8425516,0.0909228774,11.78321907,0.0,124.0620835,-0.16336293,0.0,-3324.84879,7.80512984,2382.79993,0.0,0.0
499.0,0.0,-1579.398713,28.0662886,28.0662886,-4.698521025,-4.698521025,-4.202648852,-4.202648852,2377.53805,250.51395,64.0255215,62.3717598,15.94240205,68.3622909,17.4562856,0.0907166461,763.636636,0.0,123.7881232,-0.16249446,0.0,-1579.398713,731.027453,2377.53805,0.0,0.0
499.5,0.0,793.1406394,128.1241789,18.2018115,14.2252865364,1.853933346,16.814952798,2.2194767904,2370.81661,250.528604,39.1873567,62.1990623,9.73066544,70.5491732,10.9961137,0.090510534,1926.68512,0.0,123.4381649,-0.224305649,0.0,793.1406394,1714.334,2370.81661,0.0,0.0
500.0,0.0,2734.7269,86.59932557,9.67153428,22.56857044,2.503919547,25.42021667,2.902102528,2362.45342,251.480205,36.4129614,62.2149823,9.00649663,71.5442394,10.2905227,0.0903045391,2349.6511,0.0,123.0027271,-0.216819568,0.0,2734.7269,2517.35918,2362.45342,0.0,0.0
500.5,0.0,2543.80201,-5.88248858,-5.88248858,-1.647714582,-1.647714582,-1.400474306,-1.400474306,2357.04867,252.95594,53.5463569,62.4369446,13.2174477,68.991329,14.5984512,0.0900986615,2349.6511,0.0,122.7213269,-0.133167805,0.0,2543.80201,2434.7581,2357.04867,0.0,0.0
501.0,0.0,2351.49428,-0.13024763065,-0.13858647254,-0.03213040781,-0.034182645695,-0.02207606643,-0.02486558075,2351.77709,253.49472,48.2225697,62.4300506,11.8761513,69.3732732,13.1969654,0.0898929014,2349.6511,0.0,122.4468595,-0.159327307,0.0,2351.49428,2351.65941,2351.77709,0.0,0.0
501.5,1.2108640825,2355.82143,-0.009883796,-0.1558796084,-0.0029125262,-0.03890066945,0.0254597377,-0.0234459911,2346.27513,253.49472,48.2640192,62.2839961,11.85850075,69.2156855,13.178209,0.0896872586,2349.6511,0.0,122.1603976,-0.156643447,0.0,2355.82143,2350.24741,2346.27513,0.0,0.0
502.0,78.6214986,2509.59889,-31.2527438,-31.2527438,-8.28043398,-8.28043398,-7.59587651,-7.59587651,2343.86718,253.49472,77.3897074,62.2200737,18.9965178,67.8568659,20.693833,0.089481732,2349.6511,0.0,122.0350229,0.0822999316,0.0,2509.59889,2412.82937,2343.86718,0.0,0.0
502.5,198.363801,2543.05133,-82.9271061,-82.9271061,-22.0719616,-22.0719616,-19.8784804,-19.8784804,2353.39265,253.646189,123.4631292,62.5103911,30.4325693,67.726061,32.9724418,0.0892763226,2349.6511,0.0,122.5309745,0.458874414,0.0,2543.05133,2432.31104,2353.39265,0.0,0.0
503.0,241.91231,2368.4465,-102.3132004,-102.3132004,-25.382303,-25.382303,-22.4152912,-22.4152912,2372.25691,263.481612,132.066919,65.4572781,32.8065165,70.9055251,35.5375599,0.0890710304,2349.6511,0.0,123.513156,0.567399067,0.0,2368.4465,2370.67146,2372.25691,0.0,0.0
503.5,241.412598,2291.59841,-100.7721604,-100.7721604,-24.1830798,-24.1830798,-21.3075812,-21.3075812,2391.37813,278.75851,126.9369866,69.8103611,31.7876989,75.566829,34.4089895,0.0888658546,2349.6511,0.0,124.5087128,0.543605159,0.0,2291.59841,2349.85905,2391.37813,0.0,0.0
504.0,209.548301,2204.6361,-87.932533,-87.932533,-20.3167961,-20.3167961,-18.0027843,-18.0027843,2408.77469,285.908469,114.0052191,72.1196771,28.7548811,78.0111717,31.1039145,0.0886607954,2349.6511,0.0,125.414478,0.438723105,0.0,2204.6361,2323.83116,2408.77469,0.0,0.0
504.5,160.255886,2167.63071,-66.6579018,-66.6579018,-15.13292895,-15.13292895,-13.6095675,-13.6095675,2421.26856,288.303806,97.264415,73.1009512,24.6605373,79.1236715,26.6919923,0.0884558523,2349.6511,0.0,126.064983,0.287505407,0.0,2167.63071,2315.728,2421.26856,0.0,0.0
505.0,142.33076,2216.57572,-58.6751932,-58.6751932,-13.6203905,-13.6203905,-12.3513923,-12.3513923,2429.86573,285.497011,92.2241259,72.64572,23.4670207,78.6441264,25.4046815,0.0882510277,2349.6511,0.0,126.5125951,0.234598223,0.0,2216.57572,2341.11417,2429.86573,0.0,0.0
505.5,142.33076,2225.45833,-59.2722852,-59.2722852,-13.81336875,-13.81336875,-12.5262215,-12.5262215,2438.01188,279.733007,92.5223035,71.4176836,23.6216483,77.2999211,25.5672151,0.0880463192,2349.6511,0.0,126.936732,0.234892194,0.0,2225.45833,2349.56678,2438.01188,0.0,0.0
506.0,142.33076,2214.6486,-59.2888565,-59.2888565,-13.7501207,-13.7501207,-12.46300585,-12.46300585,2446.07238,276.154444,91.9493314,70.7373811,23.5529736,76.5537939,25.4896273,0.0878417265,2349.6511,0.0,127.3564097,0.23136843,0.0,2214.6486,2349.77527,2446.07238,0.0,0.0
506.5,142.33076,2203.54567,-59.2881929,-59.2881929,-13.6810333,-13.6810333,-12.39454785,-12.39454785,2454.00934,273.855407,91.3651721,70.3761035,23.4792798,76.1533811,25.4067284,0.087637251,2349.6511,0.0,127.7696492,0.227798978,0.0,2203.54567,2349.78953,2454.00934,0.0,0.0
507.0,142.33076,2192.60562,-59.2872227,-59.2872227,-13.6128873,-13.6128873,-12.3270893,-12.3270893,2461.82385,273.01605,90.7926491,70.3839697,23.4064513,76.1526364,25.3248447,0.0874328916,2349.6511,0.0,128.17652,0.224287217,0.0,2192.60562,2349.80016,2461.82385,0.0,0.0
507.5,142.33076,2178.31987,-59.8705019,-59.8705019,-13.6550186,-13.6550186,-12.351985,-12.351985,2469.52203,273.01605,90.555936,70.6040635,23.4185473,76.379859,25.3342918,0.0872286479,2346.03448,0.0,128.57733,0.222895693,0.0,2178.31987,2348.35069,2469.52203,0.0,0.0
508.0,142.33076,1633.86514,-67.8891358,-67.8891358,-11.6213339,-11.6213339,-10.13993698,-10.13993698,2477.24145,273.01605,82.2447156,70.824762,21.3340835,76.7990538,23.1296829,0.0870245212,2115.15649,0.0,128.979245,0.208323776,0.0,1633.86514,2126.30632,2477.24145,0.0,0.0
508.5,141.467524,739.575923,-66.2070277,-66.2070277,-5.1708025,-5.1708025,-3.95402909,-3.95402909,2483.09181,273.01605,59.4151806,70.9920261,15.44881085,77.8268486,16.9266016,0.0868205111,1760.65392,0.0,129.283852,0.12928381,0.0,739.575923,1757.602,2483.09181,0.0,0.0
509.0,86.4501749,686.189353,-30.230895,-30.230895,-1.96552736,-1.96552736,-1.49718133,-1.49718133,2485.06655,273.01605,50.1646731,71.0484818,13.05464885,78.5797976,14.4383711,0.0866166166,1798.77117,0.0,129.386668,-0.02774823788,0.0,686.189353,1736.54049,2485.06655,0.0,0.0
509.5,1.34061451,1217.13018,21.156836267,1.3245401903,2.8161711977,0.21081225033,3.907338527,0.4230685581,2481.06387,273.01605,43.2078219,70.9340469,11.22673945,79.032128,12.505653,0.0864128388,2058.66963,0.0,129.178264,-0.2034623645,0.0,1217.13018,1955.13173,2481.06387,0.0,0.0
510.0,-29.609503,1353.79033,122.855812,15.5939256,17.58593485,2.22478681,20.5651855,2.60361805,2472.14124,273.01605,34.9311963,70.6789458,9.0435266,80.5893927,10.3077094,0.0862091741,2153.182,0.0,128.713701,-0.289246245,0.0,1353.79033,2006.78716,2472.14124,0.0,0.0
510.5,-29.609503,1748.09192,123.7333575,14.9123648,22.5642579,2.72062642,25.8193514,3.11316592,2461.98405,273.01605,32.9230546,70.3885495,8.48806755,81.1358714,9.7838559,0.0860056292,2153.182,0.0,128.184855,-0.292409114,0.0,1748.09192,2164.92818,2461.98405,0.0,0.0
511.0,-29.609503,1843.26194,91.2958833,11.7191068,17.6329096,2.2630581,20.4230866,2.62134511,2452.12752,273.01605,35.059262,70.106751,9.00256055,79.9141708,10.2613877,0.0858022005,2153.182,0.0,127.671673,-0.277853544,0.0,1843.26194,2198.7741,2452.12752,0.0,0.0
511.5,-29.609503,1748.42721,88.1283795,11.5538082,16.1295452,2.11471111,18.8089111,2.46600326,2442.6418,273.081925,35.8123807,69.852374,9.1605841,79.3222796,10.4024568,0.0855988854,2153.182,0.0,127.1777939,-0.273120869,0.0,1748.42721,2153.77399,2442.6418,0.0,0.0
512.0,-29.609503,1725.77797,98.2105144,12.4801371,17.7505006,2.25555441,20.6179999,2.61996421,2433.1734,277.359495,35.259954,70.6710161,8.9843234,80.5036284,10.2342396,0.0853956859,2153.182,0.0,126.6848114,-0.274527186,0.0,1725.77797,2138.82093,2433.1734,0.0,0.0
512.5,-29.609503,1762.3699,103.6425316,12.7369315,19.1310338,2.35086734,22.1412927,2.72086761,2423.69101,283.993057,34.9319638,72.0792825,8.8660677,82.2677751,10.11909695,0.0851926045,2158.691,0.0,126.1911032,-0.274046292,0.0,1762.3699,2148.51034,2423.69101,0.0,0.0
513.0,-29.609503,2101.35175,215.518657,19.3394612,48.7224674,4.30726379,53.8562983,4.76944133,2413.75223,286.41492,26.7737788,72.396394,6.76878021,86.4324535,8.0562999,0.0849896366,2510.92352,0.0,125.6736386,-0.30985324,0.0,2101.35175,2283.7601,2413.75223,0.0,0.0
513.5,-29.609503,2996.58856,300.0,20.067844,94.1406069,6.27547463,101.9811782,6.79889167,2402.47647,286.430121,19.1769323,72.062012,4.82495046,89.8198684,6.01264263,0.0847867836,3055.76914,0.0,125.0865565,-0.333631835,0.0,2996.58856,2649.69085,2402.47647,0.0,0.0
514.0,-29.609503,3699.24995,300.0,17.7776551,116.2153629,6.8780239,125.2223045,7.41123111,2390.92469,287.417292,17.0397741,71.9625378,4.26652374,90.853311,5.38611279,0.0845840483,3253.9255,0.0,124.4851023,-0.334295148,0.0,3699.24995,2935.32843,2390.92469,0.0,0.0
514.5,-29.609503,4210.43984,299.816016,16.37187675,132.1902066,7.21420257,142.490496,7.77626378,2379.37694,289.177628,15.7944273,72.0534749,3.93555476,91.6711738,5.00690578,0.0843814255,3253.9255,0.0,123.8838627,-0.333567951,0.0,4210.43984,3141.29574,2379.37694,0.0,0.0
515.0,-29.609503,4574.24514,278.565646,14.8059487,133.3283875,7.08764014,144.298008,7.6709257,2367.92729,304.63544,16.1947775,75.5377954,4.01562252,95.9031269,5.09808596,0.0841789196,3253.9255,0.0,123.2877306,-0.327041297,0.0,4574.24514,3285.99245,2367.92729,0.0,0.0
515.5,-29.609503,4737.71671,220.794819,12.7592138,109.5153189,6.32932988,119.4137137,6.9019528,2356.79873,327.779316,18.9879691,80.8949047,4.68595104,101.0610835,5.85291737,0.0839765276,3253.9255,0.311866056,122.7083145,-0.352199857,0.0,4737.71671,3347.51626,2356.79873,-7.6470375,0.75318527
516.0,-29.609503,4724.28084,176.635188,11.4432479,87.3936073,5.66142289,95.8381295,6.20855216,2310.71837,338.750236,21.9591493,81.9665546,5.31195937,100.8010997,6.53219298,0.0837742525,3253.9255,20.21967824,120.3091102,-2.95323393,0.0,4724.28084,3315.01952,2310.71837,-504.19432,48.5270749
516.5,-29.609503,4742.21696,188.348449,12.1445796,93.5754428,6.03264903,102.294683,6.59511696,2138.25794,342.623448,22.1480409,76.712387,4.96271816,94.7915296,6.13151913,0.0835720931,3253.9255,50.7021794,111.329844,-6.94814161,0.0,4742.21696,3221.78452,2138.25794,-1266.58018,112.8675306
517.0,-29.609503,4947.51879,241.423695,13.8354839,125.208609,7.17121693,135.7853821,7.77752863,1896.07943,340.239539,19.5729813,67.5672599,3.89139738,85.714606,4.93501454,0.0833700445,3253.9255,41.9947166,98.7206539,-5.78068526,0.0,4947.51879,3165.8059,1896.07943,-1051.165516,84.0234891
517.5,-29.609503,5221.71503,274.150303,14.3731009,149.91498,7.85892397,162.060953,8.4957031,1767.45892,334.316417,17.5376537,61.880785,3.24647991,80.1120075,4.20276376,0.083168114,3246.95236,11.19888510535,92.0239396,-1.700227149,0.0,5221.71503,3204.80042,1767.45892,-281.13263805,20.963130313
518.0,-29.609503,5156.088089999999,90.55536883,1.56862343,51.07699125,1.27383919,56.69052867,1.89636215,1746.53222,332.15393,51.3759517,60.7497667,9.3937091,71.9362308,10.73759586,0.0829662974,2801.09885,0.0,90.934378,-0.0796739175,0.0,5156.088089999999,3165.27355,1746.53222,0.0,0.0
518.5,-29.2605511,2825.70899,-5.14591407,-9.00998942,-2.37104068,-3.16409057,-1.771859855,-2.777328915,1747.35994,332.15393,76.2348596,60.7785572,13.9494058,67.5019675,15.47846865,0.0827645978,2126.78587,0.0,90.977473,0.01960218344,0.0,2825.70899,2196.06893,1747.35994,0.0,0.0
519.0,-7.00903091,2713.10944,250.985508,20.1449036,74.6722469,5.76204268,81.0713916,6.27233487,1744.50889,332.15393,29.0673438,60.6793899,5.3114186,73.7214665,6.38399971,0.082563008,2854.90306,0.0,90.829032,-0.15737463,0.0,2713.10944,2147.55075,1744.50889,0.0,0.0
519.5,27.211624,5155.26064,300.0,15.1448113,161.9572896,8.02518851,174.869304,8.66124555,1739.01677,332.15393,16.796841,60.4883566,3.05916312,78.833942,3.98107557,0.0823615354,4369.2294,0.0,90.5430805,-0.147703083,0.0,5155.26064,3160.54109,1739.01677,0.0,0.0
520.0,26.9530277,7914.04384,299.459097,10.6691107,248.124345,8.7802467,275.981028,9.7516653,1733.93078,332.15393,11.84573645,60.3114501,2.15106297,80.6629504,2.87666277,0.0821601775,4919.968,0.0,90.2782735,-0.155469825,0.0,7914.04384,4305.52136,1733.93078,0.0,0.0
520.5,7.1880195389,9664.4326,214.728227,7.76749229,215.473725,7.83044582,263.032361,9.6051156,1728.19794,332.15393,12.4998624,60.1120452,2.26183222,80.0852693,3.00923412,0.0819589331,4919.968,0.0,89.9797932,-0.170493539,0.0,9664.4326,5030.523709999999,1728.19794,0.0,0.0
521.0,0.0,10075.6143,15.75314176,-5.27858372,17.06435221,-5.45690846,26.59716069,-3.89478782,1725.10552,332.15393,81.290886,60.0044809,14.68799416,69.090248,16.45988293,0.0817578054,4919.968,0.0,89.8187836,0.0667621403,0.0,10075.6143,5199.81397,1725.10552,0.0,0.0
521.5,0.9485552925,9440.430400000001,-1.95574126,-1.95574126,-1.94181953,-1.94181953,-1.427494484,-1.427494484,1728.17019,332.15393,69.7023577,60.1110795,12.6141576,66.847155,14.0251509,0.0815567886,4919.968,0.0,89.9783451,0.024241302958,0.0,9440.430400000001,4937.29857,1728.17019,0.0,0.0
522.0,61.4325884,9499.6618,-24.5564391,-24.5564391,-24.46199963,-24.46199963,-22.91200127,-22.91200127,1734.14616,332.15393,173.1627504,60.3189417,31.4736711,67.5068804,35.3431972,0.0813558885,4919.968,0.0,90.289489,0.4677476834,0.0,9499.6618,4965.43449,1734.14616,0.0,0.0
522.5,154.050473,9494.0207,-64.8520009,-64.8520009,-64.4548254,-64.4548254,-61.8130778,-61.8130778,1762.81362,332.15393,318.626451,61.3160845,58.8382608,71.2682458,68.413637,0.0811769109,4919.968,0.0,91.7820809,1.112150356,0.0,9494.0207,4979.82595,1762.81362,0.0,0.0
523.0,127.5907625,9206.91705,-55.6963022,-55.6963022,-53.8096475,-53.8096475,-51.554217,-51.554217,1801.44569,332.15393,285.929752,62.6598262,53.8984892,71.9070288,61.9808845,0.0810872384,4919.968,0.0,93.793483,0.953750717,0.0,9206.91705,4882.91704,1801.44569,0.0,0.0
523.5,35.526923326,9104.2971,-14.25673021435,-14.28212811135,-13.592638865463,-13.616924379963,-12.5544781226,-12.5877582236,1822.02007,332.05993,119.4425475,63.3575113,22.7785614,70.2277787,25.2514404,0.0808911215,4919.968,0.0,94.8647028,0.2326327928,0.0,9104.2971,4852.22932,1822.02007,0.0,0.0
524.0,97.1540156,9391.7403,-37.5656463,-37.5656463,-37.10992237,-37.10992237,-35.24718712,-35.24718712,1831.87871,325.943603,215.5850622,62.525118,41.4122137,70.4546395,46.98454,0.080691202,4919.968,0.0,95.378,0.654166248,0.0,9391.7403,4977.59289,1831.87871,0.0,0.0
524.5,245.125965,9437.52075,-102.6410085,-102.6410085,-101.4044735,-101.4044735,-97.6921664,-97.6921664,1867.80924,316.453534,316.453534,61.893798,61.893798,71.3666974,71.3666974,0.0806619186,4919.968,0.0,97.2487469,1.26051701,0.0,9437.52075,5017.62203,1867.80924,0.0,0.0
525.0,298.93542,9191.1878,-126.607032,-126.607032,-121.8699281,-121.8699281,-117.4455955,-117.4455955,1913.5883,312.98914,312.98914,62.7200485,62.7200485,72.0164994,72.0164994,0.0809260527,4919.968,0.0,99.6322661,1.34627411,0.0,9191.1878,4941.85124,1913.5883,0.0,0.0
525.5,298.93542,9065.4886,-124.8136302,-124.8136302,-118.4901523,-118.4901523,-114.1212797,-114.1212797,1959.91209,312.98914,312.98914,64.2383625,64.2383625,73.5497513,73.5497513,0.0811980401,4919.968,0.03984545851,102.0441449,1.33025593,0.0,9065.4886,4916.59497,1959.91209,-0.977635,0.081107366
526.0,298.93542,9005.5583,-124.6690709,-124.6690709,-117.570464,-117.570464,-113.205784,-113.205784,2001.39067,312.98914,312.98914,65.597872,65.597872,74.9314496,74.9314496,0.081455082,4919.968,2.585419273,104.203753,0.987636087,0.0,9005.5583,4915.876630000001,2001.39067,-64.46791,5.41633809
526.5,298.93542,8970.4228,-124.5171139,-124.5171139,-116.9689735,-116.9689735,-112.6105704,-112.6105704,2026.37186,312.896381,312.896381,66.3969161,66.3969161,75.7360018,75.7360018,0.0817027361,4919.968,6.52307606,105.5044191,0.462627779,0.0,8970.4228,4915.842699999999,2026.37186,-162.929477,13.8347326
527.0,298.93542,8955.4345,-124.454945,-124.454945,-116.7152055,-116.7152055,-112.3594276,-112.3594276,2037.36727,306.872477,306.872477,65.4713326,65.4713326,74.5049358,74.5049358,0.0819485114,4919.968,7.9551363,106.0769011,0.251128994,0.0,8955.4345,4916.02612,2037.36727,-198.8784,16.97249
527.5,297.434527,8941.7949,-124.1982703,-124.1982703,-116.2977904,-116.2977904,-111.9514273,-111.9514273,2045.50173,297.530539,297.530539,63.731776,63.731776,72.2982275,72.2982275,0.082202895,4919.968,7.91519503,106.500428,0.222434919,0.0,8941.7949,4915.10031,2045.50173,-197.900765,16.9563503
528.0,201.78142,8744.6054,-85.9035215,-85.9035215,-78.7804899,-78.7804899,-75.7002523,-75.7002523,2054.94543,294.11975,288.721246,63.2926222,62.1278044,71.5869079,70.2791414,0.0823804442,4919.968,5.36971692,106.9921172,0.349453386,0.0,8744.6054,4838.562260000001,2054.94543,-134.4223814,11.56644701
528.5,53.8111765335,8670.6928,-21.8977631785,-22.3841469985,-19.8865506266,-20.3283069566,-18.6158314272,-19.2075833672,2064.26219,294.11975,134.34859,63.5795795,29.0363804,70.1536936,32.0347503,0.0822408868,4919.968,1.431999022646,107.4772034,0.08556116995,0.0,8670.6928,4813.24677,2064.26219,-35.97567492,3.1097536824
529.0,0.0,8799.36745,17.2773505,2.32205255,15.9314707,2.14094315,21.4827366,2.88681772,2062.0524,294.11975,39.9075185,63.5115186,8.6176768,71.7388784,9.7331455,0.0820395984,4919.968,0.0,107.3621506,-0.135319956,0.0,8799.36745,4865.49888,2062.0524,0.0,0.0
529.5,0.0,8978.8642,3.8215704,0.239758919,3.58691051,0.224490289,5.115459286,0.545450666,2057.80129,294.11975,50.1042857,63.3805822,10.7965801,70.824661,12.057864,0.0818384235,4919.968,0.0,107.1408091,-0.097972652,0.0,8978.8642,4937.70662,2057.80129,0.0,0.0
530.0,0.0,8939.05405,-0.24417067124,-0.24417067124,-0.22873561074,-0.22873561074,-0.16845266768,-0.16845266768,2054.8232,294.11975,53.2533815,63.2888566,11.4591572,70.4907349,12.7629873,0.0816373611,4919.968,0.0,106.985754,-0.0863947951,0.0,8939.05405,4919.4024,2054.8232,0.0,0.0
530.5,0.0,8935.2775,0.08080313063,0.0142885366,0.07561209003,0.013370602904,0.1026203178,0.01814651331,2051.76656,294.11975,52.4336103,63.1947123,11.2659155,70.4534664,12.5599552,0.0814364149,4919.968,0.0,106.8266085,-0.0889580439,0.0,8935.2775,4916.04634,2051.76656,0.0,0.0
531.0,0.0,8939.5488,0.165500601,0.0294654275,0.154932727,0.0275839466,0.210312975,0.0374437507,2048.6945,294.11975,52.3646611,63.1000912,11.23425,70.3596766,12.5267362,0.0812355821,4919.968,0.0,106.666657,-0.08866408,0.0,8939.5488,4916.02987,2048.6945,0.0,0.0
531.5,0.0,8944.12055,0.137716147,0.0245562681,0.1289876094,0.022999875,0.175133486,0.0312281805,2045.64092,294.11975,52.4081918,63.0060412,11.2268301,70.2580776,12.5190462,0.0810348637,4919.968,0.0,106.5076735,-0.0879752068,0.0,8944.12055,4916.14912,2045.64092,0.0,0.0
532.0,0.0,8948.27605,0.131945602,0.0235158327,0.1236413695,0.0220358219,0.167910253,0.0299255863,2042.61027,294.11975,52.429537,62.912698,11.214764,70.1588594,12.5064589,0.080834259,4919.968,0.0,106.3498809,-0.087369623,0.0,8948.27605,4916.1087,2042.61027,0.0,0.0
532.5,0.0,8952.4726,0.1365789,0.0243516829,0.128042826,0.0228297234,0.173924028,0.0310102291,2039.59943,294.107975,52.4399162,62.8174505,11.20045035,70.0582766,12.4915007,0.080633768,4919.968,0.0,106.1931196,-0.0868070977,0.0,8952.4726,4916.097,2039.59943,0.0,0.0
533.0,0.0,8956.6808,0.134411886,0.0240374312,0.126070357,0.022545685,0.171280804,0.0306308586,2036.60836,293.341453,52.4564203,62.5618804,11.18754435,69.7783619,12.4780222,0.0804333919,4919.968,0.0,106.0373877,-0.0862270179,0.0,8956.6808,4916.10138,2036.60836,0.0,0.0
533.5,0.0,8960.8383,0.132277683,0.0237582249,0.1241262621,0.0222941618,0.168674714,0.0302954557,2033.63732,292.152193,52.4723471,62.2173457,11.1746154,69.3991704,12.46451565,0.0802331264,4919.968,0.0,105.882699,-0.0856531435,0.0,8960.8383,4916.09667,2033.63732,0.0,0.0
534.0,0.0,8964.966349999999,0.131352602,0.0236338126,0.123314993,0.0221876334,0.167606979,0.0301569348,2030.68595,291.71768,52.4870182,62.0346193,11.1615181,69.2004804,12.4508284,0.08003298,4919.968,0.0,105.7290327,-0.0850878088,0.0,8964.966349999999,4916.09126,2030.68595,0.0,0.0
534.5,0.0,8955.189600000002,-2.201398311,-2.2977998984,-2.0343753798,-2.1249174144,-1.86926923,-1.9923560038,2027.81173,291.954054,61.071864,61.9969906,12.9680157,69.033518,14.40599565,0.0798329444,4905.59617,0.0,105.5793843,-0.052814952,0.0,8955.189600000002,4910.34482,2027.81173,0.0,0.0
535.0,0.0,6827.05368,-34.306355,-34.306355,-24.6147387,-24.6147387,-23.5355022,-23.5355022,2033.30766,307.34514,154.1521814,65.4444383,32.8176786,71.8139469,36.0254821,0.079633021,3987.94196,0.0,105.8655344,0.30311142,0.0,6827.05368,4028.02074,2033.30766,0.0,0.0
535.5,0.0,3289.82944,-29.9038881,-29.9038881,-10.66096313,-10.66096313,-9.98653525,-9.98653525,2040.41523,331.272207,96.167299,70.7843098,20.5463253,77.4978016,22.4802233,0.0794332118,2568.43525,0.0,106.2355953,0.1066367892,0.0,3289.82944,2560.3057,2040.41523,0.0,0.0
536.0,0.0,1911.62098,13.986494014,1.989931907,2.832723574,0.4029867973,3.980762878,0.5663195051,2039.93393,343.093758,49.6318691,73.2920165,10.60252575,81.9836805,11.8595207,0.0792335172,2052.1956,0.0,106.210533,-0.0993652601,0.0,1911.62098,1986.54194,2039.93393,0.0,0.0
536.5,0.0,2113.50616,6.084872483,0.725510968,1.3314093604,0.1580846371,1.873234805,0.247023894,2036.52662,347.675705,51.0672454,74.1468145,10.890717,82.8216589,12.16455555,0.0790339364,2052.1956,0.0,106.0331294,-0.0919323731,0.0,2113.50616,2068.55832,2036.52662,0.0,0.0
537.0,0.0,2091.3407,-0.3845336456,-0.3845336456,-0.0845977778,-0.0845977778,-0.06108868371,-0.06108868371,2033.53905,334.927952,52.4555209,71.3240581,11.1705131,79.5583196,12.46018235,0.0788344671,2052.1956,0.0,105.8775811,-0.0849788841,0.0,2091.3407,2057.59077,2033.53905,0.0,0.0
537.5,0.0,2072.60914,-1.612609465443,-1.649507939513,-0.334751573209,-0.342799786352,-0.29373826532,-0.304900462753,2030.58386,312.425999,53.5314424,66.4355059,11.38287465,74.041641,12.6820096,0.0786351084,2041.89613,0.0,105.7237172,-0.0787918792,0.0,2072.60914,2048.0709,2030.58386,0.0,0.0
538.0,0.0,631.1242368,-33.5749379,-19.9986493,-1.5021218046,-1.7003105112,-0.962715702,-1.3884842605,2029.1506,304.20453,58.4648695,64.6410745,12.42351975,71.7207953,13.774155,0.0784358665,1385.23196,0.0,105.649093,-0.03064011205,0.0,631.1242368,1447.42151,2029.1506,0.0,0.0
538.5,0.3874303277,-1321.304483,-180.420156,-20.4219188,28.29634655,2.938381411,32.25751385,3.384253857,2026.79763,304.20453,36.7737065,64.5661169,7.80582543,74.642972,8.97299777,0.0782367395,369.429180722,0.0,105.5265855,-0.0992084047,0.0,-1321.304483,633.627624,2026.79763,0.0,0.0
539.0,25.09981096,-2954.96917,-182.589398,-16.1368551,55.9595456,4.95751893,61.3005733,5.43162786,2022.86363,304.20453,27.055062,64.4407977,5.73103827,77.7457934,6.91195618,0.0780377247,0.0,0.0,105.321759,-0.1086519036,0.0,-2954.96917,-48.44932905,2022.86363,0.0,0.0
539.5,63.1388548,-2626.95566,-191.162543,-17.481516,51.3062988,4.71927934,56.424051,5.19044089,2019.99606,304.177464,28.1615874,64.3437225,5.95719653,77.1442229,7.13949114,0.0778388225,0.0,0.0,105.172455,-0.057900912,0.0,-2626.95566,86.3651195,2019.99606,0.0,0.0
540.0,64.9342581,-1949.70434,-299.991132,-25.4160126,61.2498338,5.18696945,67.6349949,5.72786961,2018.30833,302.420245,25.6210112,63.9186023,5.41516157,77.769472,6.58842607,0.0776400322,0.0,0.0,105.0845846,-0.0499234505,0.0,-1949.70434,367.188958,2018.30833,0.0,0.0
540.5,46.9119124,-2169.19884,-300.0,-24.2411474,68.1473937,5.49299408,74.7607856,6.02687863,2016.153,299.695282,24.2353683,63.2750403,5.11691102,77.6197634,6.27579642,0.0774413539,0.0,0.0,104.9723634,-0.0770734874,0.0,-2169.19884,274.597193,2016.153,0.0,0.0
541.0,85.1470827,-2080.18549,-300.0,-24.9470872,65.3509544,5.35702152,71.9198758,5.90098595,2013.89349,298.70047,24.7934054,62.994266,5.22873745,77.0417465,6.38808412,0.0772427903,0.0,0.0,104.8547223,-0.0291247075,0.0,-2080.18549,310.317012,2013.89349,0.0,0.0
541.5,154.827785,-402.9418451,-299.933914,-42.65764935,12.658530108,1.498310988,16.63539476,2.0146604186,2015.72683,298.792627,42.9449406,63.0710948,9.06622164,71.5991033,10.2608194,0.0770443402,0.0,0.0,104.9501759,0.1592174154,0.0,-402.9418451,1009.300946,2015.72683,0.0,0.0
542.0,180.16739,-7.22831236,-299.958115,-63.1475473,0.2269049084,0.04419885872,0.6119425534,0.11974662634,2023.57991,304.807231,51.2895536,64.5920417,10.8687428,72.1602979,12.14212085,0.0768459996,0.0,0.0,105.3590508,0.246880776,0.0,-7.22831236,1178.54561,2023.57991,0.0,0.0
542.5,180.16739,-13.570249801,-299.964428,-47.56030726,0.42622686227,0.07575669035,1.1566317107,0.20547390043,2032.25175,314.321211,50.6313586,66.8936124,10.7751975,74.7643022,12.04284675,0.0766477754,0.0,0.0,105.810557,0.247159074,0.0,-13.570249801,1180.97015,2032.25175,0.0,0.0
543.0,180.16739,-9.828008764,-299.958173,-61.328848,0.3085887789,0.04360181375,0.8458978235,0.12010855683,2040.82998,330.990562,50.7381566,70.7392519,10.8434664,79.0328895,12.114664,0.07644966,0.0,0.0,106.2571874,0.252016301,0.0,-9.828008764,1187.53607,2040.82998,0.0,0.0
543.5,180.16739,-12.48544246,-299.992957,-50.0670118,0.3922330638,0.0670076407,1.0761821575,0.18336878182,2049.34013,351.72381,50.1912382,75.4836859,10.7713185,84.3605209,12.03788605,0.0762516591,0.0,0.0,106.7002745,0.206365235,0.0,-12.48544246,1191.3993,2049.34013,0.0,0.0
544.0,180.16739,-12.941247642,-299.955612,-41.4121201,0.4064656798,0.0525576095,1.1119700286,0.14330478961,2057.76493,370.327968,50.1040541,79.8027279,10.7968501,89.1725482,12.0644314,0.0760537702,0.0,0.0,107.1389173,0.273573677,0.0,-12.941247642,1196.12878,2057.76493,0.0,0.0
544.5,180.16739,-10.2792504887,-300.0,-93.6511088,0.322932171113,0.059372481953,0.88399207208,0.162967433833,2066.11198,387.528353,49.7571862,83.8478768,10.7656913,93.702945,12.03101945,0.0758559928,0.0,0.0,107.5735147,0.213428533,0.0,-10.2792504887,1202.11026,2066.11198,0.0,0.0
545.0,180.16739,-14.245012506,-299.999103,-76.321616,0.44752007266,0.082611732564,1.221172582,0.22598403532,2074.38539,393.80438,49.2743539,85.5457865,10.70378705,95.6257266,11.9649348,0.0756583284,0.0,0.0,108.004274,0.240111699,0.0,-14.245012506,1205.2909,2074.38539,0.0,0.0
545.5,180.16739,-16.693335367,-299.842325,-38.88793789,0.5238400014,0.04527590224,1.426045964,0.1224303426,2082.57516,393.937638,49.4292323,85.9126381,10.7797746,95.996036,12.0448638,0.0754607771,0.0,0.0,108.430683,0.23154226,0.0,-16.693335367,1209.05407,2082.57516,0.0,0.0
546.0,180.16739,-14.23964687,-299.930736,-47.17733943,0.4470898068,0.063794603782,1.2246955575,0.17432838503,2090.68371,402.625696,48.957533,88.1501604,10.71857615,98.5208016,11.9795283,0.0752633375,0.0,0.0,108.8528566,0.191755351,0.0,-14.23964687,1214.80959,2090.68371,0.0,0.0
546.5,180.16739,-14.14160685,-299.942455,-48.07551738,0.44407564812,0.050555969457,1.2291562445,0.13967206442,2098.71901,416.088523,48.8635843,91.447723,10.7391306,102.1912025,12.0007559,0.0750660063,0.0,0.0,109.2712239,0.240311458,0.0,-14.14160685,1219.54218,2098.71901,0.0,0.0
547.0,180.16739,-15.37681205,-299.836774,-38.14975646,0.48240104975,0.041147952565,1.3288134948,0.11283867052,2106.68,421.0,48.7388027,92.877237,10.7523261,103.777329,12.0141639,0.074868792,0.0,0.0,109.6857151,0.224350386,0.0,-15.37681205,1223.67647,2106.68,0.0,0.0
547.5,180.16739,-9.245990432,-299.936835,-53.7147362,0.29024328735,0.03670944919,0.8012244436,0.10093723284,2114.56151,421.0,48.5533472,93.2247094,10.7514494,104.1609663,12.0126522,0.0746716865,0.0,0.0,110.0960725,0.189523664,0.0,-9.245990432,1230.82954,2114.56151,0.0,0.0
548.0,180.16739,-16.620169028,-299.88555,-24.68153233,0.5218927799,0.03758494574,1.4440079174,0.10315908044,2122.37892,421.0,48.310931,93.569356,10.73732955,104.5476145,11.9970518,0.0744746944,0.0,0.0,110.5030896,0.241211621,0.0,-16.620169028,1232.3256,2122.37892,0.0,0.0
548.5,180.16739,-12.847738032,-299.904923,-37.23651279,0.40324694567,0.033701401534,1.1130968392,0.09289336927,2130.11492,421.0,48.1241858,93.9104109,10.73484655,104.9256061,11.99394065,0.074277812,0.0,0.0,110.9058679,0.226490924,0.0,-12.847738032,1238.41234,2130.11492,0.0,0.0
549.0,180.16739,-14.561250506,-299.878236,-40.09619067,0.45714961885,0.04298827523,1.2516832436,0.11775473886,2137.78025,421.0,47.8462328,94.2483544,10.7112414,105.3137351,11.96875845,0.0740810437,0.0,0.0,111.3049684,0.24870026,0.0,-14.561250506,1242.17505,2137.78025,0.0,0.0
549.5,180.16739,-10.786534532,-299.950687,-36.72027053,0.33879417335,0.03563309304,0.9421004505,0.09881792555,2145.3672,421.0,47.646253,94.5828393,10.70431605,105.6899975,11.9613156,0.073884385,7.5748997036,0.0,111.6999885,0.224782005,0.0,-10.786534532,1248.17572,2145.3672,0.0,0.0
550.0,180.16739,-17.52606418,-299.231496,-57.87280308,0.54818344545,0.0559661964,1.511257596,0.15382808057,2152.88876,421.0,47.3312531,94.9144436,10.6708234,106.0760709,11.925616,0.0736878395,491.619117,0.0,112.0916039,0.245790629,0.0,-17.52606418,1249.76313,2152.88876,0.0,0.0
550.5,180.16739,-16.30694306,-248.383842,-30.3923027,0.435005043,0.03561501764,1.205057679,0.0984217927,2160.33625,421.0,47.3220501,95.2427779,10.7056931,106.4242292,11.96250225,0.0734914022,1240.36249,0.0,112.4793598,0.246340324,0.0,-16.30694306,1254.61894,2160.33625,0.0,0.0
551.0,180.16739,88.93556946,-92.0413904,-58.9129286,-0.6036084273,-0.6367922978,-0.24313949095,-0.33612554175,2167.71479,421.0,48.7959526,95.5680759,11.0772038,106.6027758,12.3549094,0.0732950795,1512.6742,0.0,112.8635279,0.202505177,0.0,88.93556946,1302.71937,2167.71479,0.0,0.0
551.5,179.450733,534.230569,-73.211953,-73.211953,-4.10282054,-4.10282054,-2.78281579,-2.78281579,2175.57055,421.0,58.8084205,95.9144141,13.3983577,105.8511139,14.7858792,0.0730988661,1512.6742,0.0,113.2725485,0.245565968,0.0,534.230569,1492.59683,2175.57055,0.0,0.0
552.0,133.767026,484.119904,-56.5479347,-56.5479347,-2.89202221,-2.89202221,-1.97003976,-1.97003976,2182.91634,421.0,55.1771956,96.2382711,12.6129125,106.5934556,13.9691715,0.0729027634,1512.6742,0.0,113.655014,0.1502514481,0.0,484.119904,1476.03463,2182.91634,0.0,0.0
552.5,63.0984424,453.63042,-26.1023177,-26.1023177,-1.23902366,-1.23902366,-0.859195758,-0.859195758,2185.44662,421.0,50.4179337,96.349822,11.5386218,107.2441895,12.8429195,0.0727067728,1512.6742,0.0,113.786751,-0.00093843983,0.0,453.63042,1464.8251,2185.44662,0.0,0.0
553.0,37.397026,542.986501,-14.66515555,-14.66515555,-0.83578728,-0.83578728,-0.586115003,-0.586115003,2184.06016,421.0,49.2455663,96.2886949,11.2631467,107.3120215,12.5525543,0.0725108906,1512.6742,0.0,113.7145616,-0.0543433813,0.0,542.986501,1501.19729,2184.06016,0.0,0.0
553.5,37.397026,574.57198,-15.52127075,-15.52127075,-0.933903626,-0.933903626,-0.672717526,-0.672717526,2182.25204,421.0,49.5932044,96.2089796,11.3332815,107.1887064,12.62667765,0.0723151234,1512.6742,0.0,113.6204223,-0.0513873862,0.0,574.57198,1513.28451,2182.25204,0.0,0.0
554.0,37.397026,577.72891,-15.5465318,-15.5465318,-0.940559451,-0.940559451,-0.67899367,-0.67899367,2180.48336,421.0,49.6047612,96.131007,11.32673535,107.1052075,12.61978185,0.0721194641,1512.6742,0.0,113.528335,-0.0509729965,0.0,577.72891,1513.5654,2180.48336,0.0,0.0
554.5,37.209264,579.901548,-15.51555195,-15.51555195,-0.942220504,-0.942220504,-0.68086955,-0.68086955,2178.72649,421.0,49.5982662,96.05355,11.3161279,107.0242845,12.60859625,0.071923918,1512.6742,0.0,113.4368615,-0.0509353611,0.0,579.901548,1513.44363,2178.72649,0.0,0.0
555.0,25.2429938,559.748368,-10.71344984,-10.71344984,-0.629379835,-0.629379835,-0.419371478,-0.419371478,2176.6419,421.0,48.5119139,95.9616495,11.0577209,107.0498436,12.3353468,0.0717284806,1512.6742,0.0,113.3283279,-0.0763477657,0.0,559.748368,1503.84057,2176.6419,0.0,0.0
555.5,7.1472082536,557.698589,-2.7908146882,-2.79353300743,-0.16242375036,-0.162582777465,-0.0808787769,-0.0812212514,2173.30735,421.0,47.1263302,95.814638,10.7254285,107.0510505,11.9832046,0.071533153,1512.6742,0.0,113.1547111,-0.1150719626,0.0,557.698589,1501.04062,2173.30735,0.0,0.0
556.0,26.8852077,636.824842,-10.42255959,-10.42255959,-0.707866859,-0.707866859,-0.5063101564,-0.5063101564,2169.69563,421.0,48.8994154,95.655408,11.11033735,106.6832649,12.3907578,0.0713379402,1512.6742,0.0,112.966666,-0.0724121477,0.0,636.824842,1531.85678,2169.69563,0.0,0.0
556.5,67.8329565,674.372748,-26.2142795,-26.2142795,-1.83673916,-1.83673916,-1.43729404,-1.43729404,2168.81577,421.0,52.7665271,95.6166186,11.98422435,106.2092434,13.31148015,0.0711428344,1525.65073,0.0,112.9208564,0.01545943944,0.0,674.372748,1546.96703,2168.81577,0.0,0.0
557.0,82.72372,2540.87157,-4.00936189,-4.00936189,-1.098490799,-1.098490799,-0.841146769,-0.841146769,2168.92681,421.0,50.2032667,95.6215149,11.40261345,106.501355,12.6989365,0.0709478422,2355.14933,0.0,112.9266391,-0.01411822506,0.0,2540.87157,2323.69582,2168.92681,0.0,0.0
557.5,82.72372,5705.73055,-8.43115899,-8.43115899,-5.44431041,-5.44431041,-4.83401639,-4.83401639,2168.96503,421.0,66.4170377,95.6231979,15.0863171,105.5667841,16.6275625,0.0707529568,3632.11181,0.0,112.9286269,0.04598387368,0.0,5705.73055,3640.63936,2168.96503,0.0,0.0
558.0,82.72372,5984.36093,-51.0443611,-51.0443611,-32.0443767,-32.0443767,-30.6480322,-30.6480322,2178.76048,421.0,170.218535,96.055049,38.8306614,105.124051,42.5050853,0.0705581834,3707.77266,0.0,113.4386339,0.454155242,0.0,5984.36093,3762.29892,2178.76048,0.0,0.0
558.5,82.308796,4374.857,-46.8978433,-46.8978433,-21.58189085,-21.58189085,-20.4497428,-20.4497428,2191.98242,421.0,129.3170326,96.637966,29.6800503,105.197855,32.3106877,0.0703635195,3105.21771,0.0,114.1270423,0.311655656,0.0,4374.857,3100.29269,2191.98242,0.0,0.0
559.0,55.8385082,4086.14236,-17.412654,-17.412654,-7.35541025,-7.35541025,-6.82523902,-6.82523902,2198.20967,421.0,74.1308326,96.9125055,17.0642593,105.9998468,18.6604379,0.0701689691,3031.3125,0.0,114.4512675,0.04980460642,0.0,4086.14236,2983.79246,2198.20967,0.0,0.0
559.5,14.8910206127,4655.46158,1.24005396169,-2.17816923931,0.705350564976,-1.014405005024,1.42240133803,-0.76341356697,2197.17795,421.0,49.0787683,96.8670214,11.293072,107.9443384,12.5746893,0.0699745264,3257.26329,0.0,114.3975502,-0.1052758369,0.0,4655.46158,3220.08793,2197.17795,0.0,0.0
560.0,0.0,4915.76945,14.5955437,1.455437235,7.5017173,0.748153758,9.52736049,0.950169136,2192.35024,421.0,42.0276759,96.6541835,9.6487239,108.5218474,10.83333205,0.0697801937,3339.4329,0.0,114.146194,-0.150881882,0.0,4915.76945,3325.58504,2192.35024,0.0,0.0
560.5,0.0,4980.266180000001,-1.22902939,-2.889141099,-0.588958293,-1.4580799974,-0.216087246,-1.3192311499,2187.33714,421.0,51.269532,96.4331685,11.7420733,107.5474398,13.0623887,0.0695859733,3322.66217,0.4725410253,113.8851801,-0.173410514,0.0,4980.266180000001,3349.49549,2187.33714,-11.553429,1.0572971
561.0,0.0,2539.98421,-38.9245971,-38.9245971,-10.54693708,-10.54693708,-9.76227673,-9.76227673,2133.9191,421.0,88.027604,94.0781286,19.7511813,102.865435,21.5709003,0.0693918575,2254.11711,30.5804736,111.103936,-3.94703198,0.0,2539.98421,2302.88582,2133.9191,-762.428908,67.595227
561.5,0.0,-475.44710713,-166.624875,-22.80226093,13.596749084,1.13989228,16.77825398,1.4961199215,1887.48356,421.0,45.6855055,83.213519,9.08826839,94.0626379,10.25825674,0.0691978569,601.1084225204,76.6858266,98.2731027,-10.1602442,0.0,-475.44710713,904.25067,1887.48356,-1915.41594,150.162302
562.0,0.0,-2477.77773,-178.3500762,-15.69663287,42.4361944,3.81047523,47.3570061,4.26631889,1532.44999,421.0,40.3188645,67.5611509,6.41328003,78.8084269,7.46523942,0.0690039658,0.0,63.5132913,79.788043,-8.42093085,0.0,-2477.77773,-136.2353547,1532.44999,-1590.0177,103.2486834
562.5,0.0,-2373.43817,12.8713737,13.10882202,-3.11264284,-3.1891641,-2.73580381,-2.836244117,1351.26884,421.0,91.0197301,59.5734123,12.878703,67.3496346,14.5567021,0.0688101841,17.60081491,16.9390026868,70.3547242,-2.132200138,0.0,-2373.43817,-198.6092464,1351.26884,-425.38881781,24.360625973
563.0,0.0,175.6729589,131.0018991,28.03663545,9.438080022,0.0127779889,11.905368932,0.5097240444,1332.15928,421.0,70.564678,58.7309283,9.84347457,67.091531,11.21548265,0.068616511,1138.908741,0.0,69.3597706,0.0261171592,0.0,175.6729589,850.93679,1332.15928,0.0,0.0
563.5,0.31259973656,2815.37015,300.0,21.170123,88.4474626,6.0362957,96.0892909,6.56594638,1330.50277,421.0,29.7922717,58.6578988,4.15136911,72.7370306,5.1268044,0.0684229472,2867.14708,0.0,69.2735229,-0.0933505956,0.0,2815.37015,1948.36706,1330.50277,0.0,0.0
564.0,20.30300514,4998.18723,231.9967404,12.9533136,116.1845337,6.5690761,126.6332404,7.18585112,1327.30558,421.0,25.479601,58.5169436,3.54123625,74.9125341,4.49399474,0.0682294943,3089.08296,0.0,69.1070605,-0.0694174213,0.0,4998.18723,2854.78651,1327.30558,0.0,0.0
564.5,51.2247889,4788.11234,-46.2524235,-46.2524235,-22.91350995,-22.91350995,-21.7086518,-21.7086518,1337.88176,420.765857,203.883511,58.950163,28.5569378,68.3898931,33.25998755,0.0680361511,2456.6484,0.0,69.6577147,0.6454631,0.0,4788.11234,2773.54819,1337.88176,0.0,0.0
565.0,62.470783,3437.08859,-26.3917224,-26.3917224,-9.50016475,-9.50016475,-8.8922276,-8.8922276,1355.39644,405.549239,127.9698916,57.559696,18.1628638,65.1361915,20.5537114,0.067842915,2226.6372,0.0,70.5696295,0.376556165,0.0,3437.08859,2221.60391,1355.39644,0.0,0.0
565.5,62.470783,3427.85506,-26.0756433,-26.0756433,-9.3602122,-9.3602122,-8.7584237,-8.7584237,1368.20102,382.085375,125.974037,54.7419062,18.0491309,61.8713419,20.3997161,0.0676497909,2226.6372,0.0,71.2363089,0.368035662,0.0,3427.85506,2225.23823,1368.20102,0.0,0.0
566.0,62.470783,3410.75524,-26.0948313,-26.0948313,-9.3203811,-9.3203811,-8.71943235,-8.71943235,1380.82601,382.380472,124.63838,55.293636,18.0225329,62.4279539,20.347993,0.0674567724,2226.6372,0.0,71.8936385,0.362250123,0.0,3410.75524,2225.49451,1380.82601,0.0,0.0
566.5,62.470783,3393.37507,-26.0936145,-26.0936145,-9.2724553,-9.2724553,-8.67275665,-8.67275665,1393.2483,396.173493,123.2946659,57.8033478,17.9886278,65.1933008,20.2884855,0.0672638652,2226.6372,0.0,72.5404136,0.356413499,0.0,3393.37507,2225.51582,1393.2483,0.0,0.0
567.0,62.470783,3376.26327,-26.0920395,-26.0920395,-9.2251398,-9.2251398,-8.6266975,-8.6266975,1405.47124,399.138452,121.9919901,58.745097,17.9547202,66.1881651,20.229607,0.067071067,2226.6372,0.0,73.176809,0.350719892,0.0,3376.26327,2225.53238,1405.47124,0.0,0.0
567.5,62.1570578,3358.92444,-26.0377774,-26.0377774,-9.1587437,-9.1587437,-8.5625551,-8.5625551,1417.4987,395.906711,120.6259723,58.7681197,17.9055473,66.1471921,20.1538279,0.0668783796,2226.6372,0.0,73.8030255,0.344377333,0.0,3358.92444,2225.34028,1417.4987,0.0,0.0
568.0,42.1677795,3305.35983,-18.0021125,-18.0021125,-6.23730401,-6.23730401,-5.75741067,-5.75741067,1428.18643,394.72656,103.2699246,59.0350408,15.4428143,66.329112,17.3513226,0.0666857999,2226.6372,0.0,74.3594896,0.249667545,0.0,3305.35983,2209.29215,1428.18643,0.0,0.0
568.5,11.24508351678,3284.30766,-4.6009267356,-4.6978430906,-1.58299303155,-1.61631526495,-1.3139041747,-1.3573492887,1434.21102,394.60973,76.4314021,59.266507,11.478532,66.7945069,12.93441555,0.0664933284,2226.6372,0.0,74.6731628,0.1029128193,0.0,3284.30766,2204.04985,1434.21102,0.0,0.0
569.0,0.0,3311.02436,2.88314376,0.495848724,0.999475092,0.1719022025,1.302150613,0.2239589,1436.45596,387.017043,66.638981,58.2169877,10.0241892,65.7870492,11.3276475,0.0663009673,2226.6372,0.0,74.7900459,0.0487872849,0.0,3311.02436,2216.47764,1436.45596,0.0,0.0
569.5,0.0,3338.67069,0.236001978,-0.0387467624,0.0825684353,-0.01352492015,0.1260097246,0.0009150984,1438.20971,375.240773,67.8228475,56.5144444,10.21474395,63.8346499,11.5378219,0.066108713,2226.6372,0.0,74.8813574,0.0533288199,0.0,3338.67069,2229.00553,1438.20971,0.0,0.0
570.0,0.0,3328.50117,-0.0378759492,-0.0378759492,-0.01320515471,-0.01320515471,-0.01014085567,-0.01014085567,1440.05854,370.94034,67.7332417,55.9387608,10.2143434,63.1788728,11.5363785,0.0659165684,2226.6372,0.0,74.9776176,0.0528088337,0.0,3328.50117,2225.85348,1440.05854,0.0,0.0
570.5,0.4800035355,3324.4219,-0.3733351065,-0.3733351065,-0.12962164557,-0.12962164557,-0.09977341208,-0.09977341208,1441.87257,370.94034,68.094498,56.0092254,10.2818079,63.2449378,11.60995675,0.065724531,2224.9169,0.0,75.0720655,0.0548883984,0.0,3324.4219,2225.21519,1441.87257,0.0,0.0
571.0,31.0909196,3124.33892,-16.49337615,-16.49337615,-5.32420407,-5.32420407,-4.86489938,-4.86489938,1445.88991,370.94034,96.1319141,56.1652797,14.5578391,63.0611726,16.3438105,0.0655326041,2115.2086,0.0,75.2812336,0.208772868,0.0,3124.33892,2144.30498,1445.88991,0.0,0.0
571.5,78.182891,2697.24254,-37.9030274,-37.9030274,-10.5916087,-10.5916087,-9.8034306,-9.8034306,1456.32554,370.94034,124.1665033,56.5706487,18.9392207,63.5505156,21.2774299,0.0653407864,1936.06069,0.0,75.8245711,0.390298407,0.0,2697.24254,1972.68027,1456.32554,0.0,0.0
572.0,78.7321055,1041.36931663,-56.5853007,-51.57300195,-6.42024457897,-6.42075825063,-5.4906194225,-5.49208423864,1470.4131,370.94034,98.4239179,57.1178775,15.1466821,64.1705273,17.0138892,0.0651490764,1271.55139,0.0,76.5580505,0.335599853,0.0,1041.36931663,1291.88485,1470.4131,0.0,0.0
572.5,52.9440213,-349.6705901,-219.687647,-29.37986764,10.4700395286,1.27455320224,13.7857157422,1.7020816431,1477.67185,370.94034,55.4533775,57.3998421,8.5797203,65.4125399,9.7606195,0.0649574771,350.6781366,0.0,76.9359828,0.1293010531,0.0,-349.6705901,717.301193,1477.67185,0.0,0.0
573.0,43.565094,-973.50165,-88.3707592,-6.38563223,12.428718318,1.2897415415,14.760082717,1.64953762,1480.69209,370.94034,55.5611654,57.5171619,8.61596591,65.5842262,9.80327254,0.0647659815,748.336373,0.0,77.0932322,0.0701233605,0.0,-973.50165,459.483945,1480.69209,0.0,0.0
573.5,43.565094,1878.824078,107.4724482,13.0585733,23.22688595,2.624700154,26.46046871,3.01176997,1482.35351,370.94034,47.2736125,57.5817006,7.33829469,66.2402095,8.42567401,0.0645745976,1888.06045,0.0,77.1797359,0.00929752159,0.0,1878.824078,1647.327897,1482.35351,0.0,0.0
574.0,43.565094,3909.26622,-7.685443655,-17.95327828,-3.238625426,-7.332378637,-1.93882762,-6.759846072,1485.53613,370.94034,103.8698924,57.705328,16.16493244,65.103753,18.1795347,0.0643833199,2302.5735,0.0,77.3454401,0.24585992274,0.0,3909.26622,2494.06817,1485.53613,0.0,0.0
574.5,43.565094,3462.43404,-19.2522521,-19.2522521,-6.98413096,-6.98413096,-6.48207994,-6.48207994,1495.07173,370.751143,102.1975806,58.046042,15.9998046,64.9422227,17.9007394,0.064192152,2302.5735,0.0,77.8419192,0.241542259,0.0,3462.43404,2313.70574,1495.07173,0.0,0.0
575.0,43.565094,3422.37321,-18.2121326,-18.2121326,-6.52705558,-6.52705558,-6.04457587,-6.04457587,1503.11202,358.438132,99.1091361,56.4188239,15.6002698,63.0885035,17.4444585,0.0640010906,2302.5735,0.0,78.26054,0.22869272,0.0,3422.37321,2301.73073,1503.11202,0.0,0.0
575.5,43.565094,3410.84017,-18.1907799,-18.1907799,-6.49742572,-6.49742572,-6.01609263,-6.01609263,1510.95902,339.335986,98.4100684,53.6909736,15.5711115,60.0086149,17.4032804,0.0638101375,2302.5735,0.0,78.669099,0.225373024,0.0,3410.84017,2301.51358,1510.95902,0.0,0.0
576.0,43.565094,3399.99708,-18.1895518,-18.1895518,-6.47633297,-6.47633297,-5.99575722,-5.99575722,1518.69705,332.35767,97.7708671,52.857359,15.549201,59.0482138,17.3703868,0.0636192919,2302.5735,0.0,79.071985,0.222291156,0.0,3399.99708,2301.51988,1518.69705,0.0,0.0
576.5,43.565094,3389.31145,-18.1887048,-18.1887048,-6.45567806,-6.45567806,-5.97584719,-5.97584719,1526.32958,332.35767,97.1464102,53.1230045,15.5275366,59.3167472,17.3379348,0.0634285544,2302.5735,0.0,79.4693786,0.219266377,0.0,3389.31145,2301.5301,1526.32958,0.0,0.0
577.0,43.565094,3378.7711,-18.1878786,-18.1878786,-6.43530944,-6.43530944,-5.95621782,-5.95621782,1533.85847,332.35767,96.5354304,53.3850426,15.50599155,59.5814498,17.3057781,0.0632379235,2302.5735,0.0,79.8613726,0.216293946,0.0,3378.7711,2301.5402,1533.85847,0.0,0.0
577.5,43.565094,3368.37337,-18.1870661,-18.1870661,-6.41521916,-6.41521916,-5.93686158,-5.93686158,1541.28544,332.261161,95.9374801,53.6279237,15.48456245,59.8249836,17.2739088,0.0630474025,2302.5735,0.0,80.2480641,0.213372345,0.0,3368.37337,2301.55022,1541.28544,0.0,0.0
578.0,43.565094,3358.11588,-18.1862668,-18.1862668,-6.39540224,-6.39540224,-5.91777327,-5.91777327,1548.61222,325.980473,95.350846,52.8637304,15.463038,58.9466428,17.2423219,0.0628569894,2302.5735,0.0,80.6295396,0.210496013,0.0,3358.11588,2301.56006,1548.61222,0.0,0.0
578.5,43.565094,3347.99698,-18.1854747,-18.1854747,-6.37585328,-6.37585328,-5.8989478,-5.8989478,1555.84005,316.236761,94.7696486,51.5229897,15.4405167,57.4309394,17.2110118,0.062666683,2302.5735,0.0,81.0058604,0.207645939,0.0,3347.99698,2301.56982,1555.84005,0.0,0.0
579.0,43.565094,3338.01501,-18.1846943,-18.1846943,-6.35657125,-6.35657125,-5.88038326,-5.88038326,1562.97011,312.67722,94.1995799,51.1770835,15.4179725,57.0257196,17.1799772,0.062476483,2302.5735,0.0,81.3770916,0.204840577,0.0,3338.01501,2301.57938,1562.97011,0.0,0.0
579.5,43.565094,3328.16766,-18.1839279,-18.1839279,-6.33755162,-6.33755162,-5.86207606,-5.86207606,1570.00395,312.67722,93.6412802,51.4073966,15.3955694,57.2629898,17.1492143,0.0622863918,2302.5735,0.0,81.7433118,0.202081958,0.0,3328.16766,2301.58878,1570.00395,0.0,0.0
580.0,43.565094,3318.45272,-18.1831739,-18.1831739,-6.31879036,-6.31879036,-5.8440213,-5.8440213,1576.94317,312.67722,93.0943856,51.6346122,15.37330485,57.4969558,17.118718,0.062096408,2302.5735,0.0,82.1046115,0.199368867,0.0,3318.45272,2301.59818,1576.94317,0.0,0.0
580.5,43.565094,3308.86808,-18.182432,-18.182432,-6.30028277,-6.30028277,-5.82621475,-5.82621475,1583.78944,312.67722,92.5585471,51.8587829,15.3511781,57.7276776,17.0884847,0.0619065315,2302.5735,0.0,82.461064,0.196700131,0.0,3308.86808,2301.60739,1583.78944,0.0,0.0
581.0,43.565094,3299.41151,-18.1817019,-18.1817019,-6.28202485,-6.28202485,-5.80865234,-5.80865234,1590.54415,312.67722,92.0334341,52.0799561,15.3291872,57.9552098,17.058509,0.0617167611,2302.5735,0.0,82.8127545,0.194074628,0.0,3299.41151,2301.6165,1590.54415,0.0,0.0
581.5,43.565094,3290.08091,-18.1809841,-18.1809841,-6.26401213,-6.26401213,-5.79132974,-5.79132974,1597.20886,312.759736,91.518728,52.3120085,15.30733105,58.1949849,17.028787,0.0615270996,2302.5735,0.0,83.1597548,0.191491286,0.0,3290.08091,2301.62544,1597.20886,0.0,0.0
582.0,43.565094,3280.87442,-18.1802772,-18.1802772,-6.24624108,-6.24624108,-5.77424326,-5.77424326,1603.78498,318.129789,91.0141195,53.4297266,15.28560805,59.4198204,16.9993163,0.0613375436,2302.5735,0.0,83.502145,0.188949069,0.0,3280.87442,2301.63427,1603.78498,0.0,0.0
582.5,43.565094,3260.60003,-20.0444991,-20.0444991,-6.82371814,-6.82371814,-6.32092118,-6.32092118,1610.29831,326.401503,93.450165,55.0415321,15.75943385,61.1966598,17.5219426,0.0611480959,2291.03202,0.0,83.841267,0.199155461,0.0,3260.60003,2297.00105,1610.29831,0.0,0.0
583.0,43.565094,1545.494251,-45.6658474,-45.6658474,-7.44813005,-7.44813005,-6.62417948,-6.62417948,1618.9537,325.588036,94.7096185,55.1985899,16.0511657,61.4901333,17.8716639,0.0609587556,1554.23707,0.0,84.2919136,0.246652464,0.0,1545.494251,1588.38665,1618.9537,0.0,0.0
583.5,43.565094,-383.686894819,-202.5590673,-26.99280339,11.41688811318,1.377802979306,14.7007878586,1.80197638863,1623.89077,319.602788,48.4703506,54.349431,8.2418952,62.0561629,9.38592783,0.0607695218,414.47429837,0.0,84.5489666,0.0693516909,0.0,-383.686894819,788.522874,1623.89077,0.0,0.0
584.0,43.565094,-1689.79723,-299.943488,-26.8947192,53.0743304,4.70106905,59.3004269,5.25804961,1624.95977,317.41864,28.5167155,54.0136675,4.85256038,65.9378212,5.91754047,0.0605803948,0.0,0.0,84.604625,-0.00102875105,0.0,-1689.79723,245.6649245,1624.95977,0.0,0.0
584.5,43.565094,-2332.23908,-276.357037,-21.8664951,67.3053202,5.32655969,73.7445074,5.83614333,1624.49232,317.41864,25.1231659,53.9981279,4.27386034,67.3069155,5.32713253,0.0603913765,0.0,0.0,84.580284,-0.0207037447,0.0,-2332.23908,-21.93283826,1624.49232,0.0,0.0
585.0,43.565094,-2533.4489,-208.544116,-18.3193494,55.3155906,4.85964257,60.6249859,5.32644478,1623.78757,317.41864,27.9780291,53.9747022,4.75743366,66.1065926,5.82453218,0.060202463,0.0,0.0,84.5435944,-0.017545325,0.0,-2533.4489,-106.0692205,1623.78757,0.0,0.0
585.5,43.7341365,-2429.52779,-162.240365,-16.4117425,41.3106449,4.17639091,45.6741108,4.61781467,1623.36038,317.41864,32.1202621,53.9605027,5.46037056,64.4494376,6.52087746,0.0600136573,0.0,0.0,84.521351,-0.00720419419,0.0,-2429.52779,-63.0763338,1623.36038,0.0,0.0
586.0,54.5489069,-2123.71846,-186.479995,-18.7808643,41.17242,4.15424236,45.6587225,4.60679072,1623.3726,317.41864,32.1142037,53.9609097,5.45937817,64.4520441,6.51963047,0.0598249579,0.0,0.0,84.5219915,0.009501084537,0.0,-2123.71846,64.18035807,1623.3726,0.0,0.0
586.5,71.2776033,-1711.22046,-285.899157,-25.8596197,51.0334567,4.61551486,57.0000987,5.15525578,1624.03712,317.560176,28.7478345,54.0070779,4.88911015,65.8301418,5.95890848,0.059636365,0.0,0.0,84.5565891,0.0303195442,0.0,-1711.22046,236.21182,1624.03712,0.0,0.0
587.0,77.361435,-1321.05232,-300.0,-29.2367789,41.5020831,4.03882556,47.4868617,4.62196837,1625.51261,326.76811,31.8260162,55.6237705,5.41758791,66.5404132,6.47995304,0.0594478787,0.0,0.0,84.63341,0.0530344837,0.0,-1321.05232,399.425189,1625.51261,0.0,0.0
587.5,77.361435,-1093.08548,-300.0,-30.679471,34.3402941,3.51046758,40.236699,4.11343094,1627.57169,340.824927,34.8383815,58.0900701,5.93786184,68.2512365,6.97626173,0.0592594988,0.0,0.0,84.7406165,0.0650036222,0.0,-1093.08548,495.486137,1627.57169,0.0,0.0
588.0,77.361435,-1004.755895,-300.0,-32.0856141,31.5653375,3.37586661,37.38408,3.99819724,1629.91858,331.257238,35.4275984,56.5400544,6.04692707,66.1915155,7.07928059,0.0590712253,0.0,0.0,84.8628098,0.0690315241,0.0,-1004.755895,533.611072,1629.91858,0.0,0.0
588.5,77.361435,-1044.924163,-300.0,-32.8612247,32.8272596,3.59602916,38.7060492,4.23998451,1632.2453,308.320945,33.7852821,52.70036,5.77482223,62.2861815,6.82529243,0.058883058,0.0,0.0,84.983952,0.0647415624,0.0,-1044.924163,518.255349,1632.2453,0.0,0.0
589.0,77.361435,-1108.68619,-300.0,-32.5482107,34.8304022,3.77871952,40.7548389,4.42148368,1634.38933,299.94278,32.5452797,51.3360602,5.57020843,61.1183335,6.63160627,0.0586949975,0.0,0.0,85.0955816,0.0598808112,0.0,-1108.68619,492.97535,1634.38933,0.0,0.0
589.5,77.361435,-1129.09059,-300.0,-32.2527461,35.4714271,3.81349328,41.4006285,4.45093666,1636.42376,299.94278,32.2470688,51.3999623,5.52604522,61.2960676,6.58998022,0.0585070413,0.0,0.0,85.201505,0.0581141537,0.0,-1129.09059,485.672828,1636.42376,0.0,0.0
590.0,77.361435,-1131.22953,-300.0,-32.1655585,35.5386245,3.81039968,41.4671392,4.44604625,1638.41893,299.94278,32.1591046,51.4626322,5.51769232,61.3958966,6.58271153,0.0583191932,0.0,0.0,85.305385,0.0573957304,0.0,-1131.22953,485.947758,1638.41893,0.0,0.0
590.5,77.361435,-1127.91895,-300.0,-32.1393585,35.4346205,3.79615374,41.361383,4.43109493,1640.39567,299.94278,32.1326728,51.5247197,5.51980925,61.4725859,6.58551758,0.0581314498,0.0,0.0,85.4083056,0.0569848851,0.0,-1127.91895,488.479506,1640.39567,0.0,0.0
591.0,77.361435,-1122.97093,-300.0,-32.1315752,35.2791727,3.77858463,41.2037175,4.41313444,1642.36011,299.94278,32.1248179,51.5864218,5.52506854,61.5420411,6.5913467,0.0579438132,0.0,0.0,85.5105865,0.0566676183,0.0,-1122.97093,491.685453,1642.36011,0.0,0.0
591.5,77.361435,-1117.52733,-300.0,-32.126787,35.1081552,3.75970832,41.0301162,4.39388685,1644.31419,299.991828,32.1250485,51.6562508,5.53168238,61.6182454,6.59847669,0.0577562816,0.0,0.0,85.6123269,0.0563828473,0.0,-1117.52733,495.09155,1644.31419,0.0,0.0
592.0,77.361435,-1106.30254,-300.0,-32.0054581,34.7555196,3.70791031,40.6693691,4.33882911,1646.26416,303.18269,32.3411422,52.2676833,5.57550233,62.2602006,6.64143078,0.0575688569,0.0,0.0,85.7138551,0.0565934769,0.0,-1106.30254,500.90084,1646.26416,0.0,0.0
592.5,77.361435,-1082.23334,-300.0,-31.9258997,33.9993635,3.61820721,39.895888,4.24571352,1648.23705,308.132619,32.7870073,53.1846899,5.65914335,63.1777071,6.72245664,0.0573815377,0.0,0.0,85.8165721,0.0576169697,0.0,-1082.23334,512.068164,1648.23705,0.0,0.0
593.0,77.361435,-1058.71288,-300.0,-32.0218077,33.2604465,3.55018027,39.1391793,4.17767193,1650.24586,309.94073,33.0810884,53.5618935,5.71685578,63.5078523,6.77842219,0.0571943233,0.0,0.0,85.9211629,0.0584498193,0.0,-1058.71288,523.028125,1650.24586,0.0,0.0
593.5,77.361435,-1046.33632,-299.3331,-32.0599727,32.7989121,3.51289453,38.6533335,4.13992905,1652.26952,309.94073,33.191202,53.6275754,5.74291999,63.5370553,6.80410276,0.0570072155,14.54260203,0.0,86.0265256,0.0585834882,0.0,-1046.33632,529.359724,1652.26952,0.0,0.0
594.0,77.361435,-592.73477917,-133.76939705,-17.80990835,12.8122597583,1.6121586983,15.739222750577,2.000805046577,1654.46888,309.94073,45.1088382,53.6989603,7.81593112,61.4935721,8.93075208,0.056820213,941.304137,0.0,86.1410396,0.0720488596,0.0,-592.73477917,719.39085,1654.46888,0.0,0.0
594.5,77.361435,2797.18482,79.4070314,9.49770506,24.33563881,2.73591882,27.98387323,3.16119781,1655.99832,309.94073,38.5369904,53.7486006,6.68291082,62.630454,7.75874184,0.0566333164,2374.93336,0.0,86.2206695,0.00307521195,0.0,2797.18482,2130.85443,1655.99832,0.0,0.0
595.0,77.361435,5006.60358,-34.8124057,-35.17160413,-18.17867024,-18.3744996,-17.21760252,-17.46584589,1662.84589,309.94073,145.7623473,53.9708519,25.386774,60.3165436,28.3520036,0.0564465241,2896.3203,0.0,86.5771916,0.4266396496,0.0,5006.60358,3054.20814,1662.84589,0.0,0.0
595.5,78.3480066,4619.233279999999,-32.9993541,-32.9993541,-15.9635114,-15.9635114,-15.1426797,-15.1426797,1677.29824,309.94073,133.492629,54.4399306,23.4470228,60.4552123,26.0379032,0.0562598367,2896.3203,0.0,87.3296615,0.382279643,0.0,4619.233279999999,2901.45909,1677.29824,0.0,0.0
596.0,141.266016,4702.72215,-57.7636237,-57.7636237,-28.4799439,-28.4799439,-26.9669845,-26.9669845,1694.13311,309.94073,189.343313,54.986338,33.6109102,61.7523148,37.7836871,0.0560732545,2896.3203,0.0,88.20618,0.676857855,0.0,4702.72215,2946.0292,1694.13311,0.0,0.0
596.5,238.596342,4696.87576,-99.8050422,-99.8050422,-49.0689037,-49.0689037,-45.8422125,-45.8422125,1725.63768,309.94073,272.85301,56.0088786,49.3309016,64.3040489,56.6614779,0.0558867781,2896.3203,0.0,89.8464882,1.12896638,0.0,4696.87576,2961.99178,1725.63768,0.0,0.0
597.0,273.9909,4516.93484,-115.5711572,-115.5711572,-54.6717757,-54.6717757,-50.6854523,-50.6854523,1768.03817,309.94073,288.984582,57.3850671,53.4972482,66.0265014,61.5568376,0.0557004073,2896.3203,0.0,92.0540981,1.24347234,0.0,4516.93484,2911.87442,1768.03817,0.0,0.0
597.5,273.182573,4416.75194,-114.2405746,-114.2405746,-52.8393011,-52.8393011,-48.9196311,-48.9196311,1810.03042,309.785695,275.959404,58.718322,52.3034203,67.1043571,59.7742471,0.0555141408,2896.3203,0.0,94.240455,1.19159397,0.0,4416.75194,2894.70651,1810.03042,0.0,0.0
598.0,221.662726,4263.45423,-93.4923373,-93.4923373,-41.7864061,-41.7864061,-38.9180138,-38.9180138,1847.82788,299.721826,228.79995,57.9929921,44.2535316,65.2387513,49.8059789,0.0553279796,2896.3203,0.0,96.2084035,0.936965687,0.0,4263.45423,2852.98788,1847.82788,0.0,0.0
598.5,141.964293,4195.68094,-59.0586876,-59.0586876,-25.955295,-25.955295,-24.4680071,-24.4680071,1873.68683,284.115864,162.812772,55.744421,31.9352964,61.6559155,35.3340857,0.0551419232,2896.3203,0.0,97.5547695,0.566559475,0.0,4195.68094,2839.88573,1873.68683,0.0,0.0
599.0,112.9811,4271.70365,-46.1368176,-46.1368176,-20.6403681,-20.6403681,-19.543939,-19.543939,1889.87722,278.41873,139.350614,55.1011522,27.5792418,60.6406025,30.3518496,0.0549559719,2896.3203,0.0,98.3977334,0.431717727,0.0,4271.70365,2880.9728,1889.87722,0.0,0.0
599.5,112.9811,4283.48636,-47.1040764,-47.1040764,-21.129256,-21.129256,-20.0055983,-20.0055983,1904.92354,278.41873,140.399127,55.5398409,28.0070905,61.0903972,30.8060902,0.0547701255,2896.3203,0.0,99.1811286,0.434332305,0.0,4283.48636,2894.66112,1904.92354,0.0,0.0
600.0,112.9811,4263.39846,-47.1305085,-47.1305085,-21.041984,-21.041984,-19.9195074,-19.9195074,1919.81998,278.41873,138.975771,55.9741607,27.9399295,61.5202296,30.7083127,0.054584383,2896.3203,0.0,99.9567222,0.427314736,0.0,4263.39846,2895.00031,1919.81998,0.0,0.0
600.5,112.9811,4236.49439,-48.1937633,-48.1937633,-21.3734562,-21.3734562,-20.2225562,-20.2225562,1934.4837,278.41873,139.257658,56.4016955,28.2116563,61.9598303,30.992546,0.0543987462,2889.72484,0.0,100.7201989,0.42763067,0.0,4236.49439,2892.3674,1934.4837,0.0,0.0
601.0,112.9811,3242.54263,-62.8129642,-62.8129642,-21.3474619,-21.3474619,-19.847041,-19.847041,1950.13202,278.41873,136.681618,56.8579363,27.9059682,62.4271567,30.6455697,0.0542132136,2469.16749,0.0,101.5349374,0.442130655,0.0,3242.54263,2487.91364,1950.13202,0.0,0.0
601.5,112.415671,1607.90413,-60.685391,-60.685391,-10.3019137,-10.3019137,-9.04454301,-9.04454301,1962.57403,278.41873,87.9329377,57.2206944,18.0680503,62.8255909,19.8304284,0.0540277851,1818.58674,0.0,102.1827395,0.277962136,0.0,1607.90413,1814.99325,1962.57403,0.0,0.0
602.0,76.2622423,923.13209,-31.4836719,-31.4836719,-3.0336747,-3.0336747,-2.51500752,-2.51500752,1968.76852,278.41873,57.8982659,57.401301,11.9366071,63.7853123,13.2627584,0.053842463,1582.0037,0.0,102.5052596,0.0868092626,0.0,923.13209,1533.6715,1968.76852,0.0,0.0
602.5,20.3388859688,944.768501,-8.2007172894,-8.3868770464,-0.8101771542,-0.8286653748,-0.606737315,-0.638155326,1969.43713,278.41873,49.1751897,57.4207958,10.1419578,64.4005695,11.3732792,0.0536572438,1582.0037,0.0,102.5400725,-0.04687508518,0.0,944.768501,1543.06496,1969.43713,0.0,0.0
603.0,0.0,1001.86099,5.75023572,0.938778914,0.603233859,0.0984968459,1.006288355,0.164301522,1966.56151,278.41873,45.5074784,57.3369538,9.3717127,64.565027,10.55313585,0.05347213,1582.0037,0.0,102.3903521,-0.098199462,0.0,1001.86099,1565.1425,1966.56151,0.0,0.0
603.5,0.0,1064.82517,0.812962489,0.021260124,0.0903854031,0.0023330378,0.1640144571,0.0196122404,1963.22999,278.41873,46.1875409,57.2398196,9.4956297,64.415283,10.68597235,0.0532871206,1582.0037,0.0,102.2168919,-0.0938392618,0.0,1064.82517,1589.3971,1963.22999,0.0,0.0
604.0,0.0,1054.51536,-0.02929256945,-0.03927569157,-0.00323839601,-0.004340815774,-0.000607632653,-0.002419383888,1960.01679,278.41873,46.3094919,57.1461361,9.5051391,64.3078228,10.6963454,0.0531022145,1582.0037,0.0,102.049595,-0.0927944624,0.0,1054.51536,1583.23095,1960.01679,0.0,0.0
604.5,0.4099356152,1057.55504,0.0696338119,-0.0374330392,0.0076489052,-0.00420068736,0.0193263444,-0.00013482969,1956.81544,278.41873,46.318719,57.0527971,9.4915009,64.2085147,10.68194995,0.0529174141,1582.0037,0.0,101.8829136,-0.0917508545,0.0,1057.55504,1582.62651,1956.81544,0.0,0.0
605.0,26.5656108,1112.10761,-10.54835205,-10.54835205,-1.236450702,-1.236450702,-0.986488983,-0.986488983,1954.4453,278.41873,50.8290258,56.9836938,10.4030532,63.8269857,11.65076195,0.0527327168,1582.0037,0.0,101.7595122,-0.028015736446,0.0,1112.10761,1603.94237,1954.4453,0.0,0.0
605.5,67.0255401,1118.76193,-29.2797154,-29.2797154,-3.41345826,-3.41345826,-2.90816226,-2.90816226,1955.32321,278.41873,59.6862526,57.0092902,12.2216569,63.2677277,13.5614722,0.0525481231,1574.06388,0.0,101.8052209,0.0802225379,0.0,1118.76193,1607.22389,1955.32321,0.0,0.0
606.0,81.74034,209.12207553,-99.3975976,-42.4007305,-1.1739866537,-1.1899761625,-0.8078938961,-0.8532122345,1958.93828,278.41873,50.1660072,57.1146903,10.29051325,64.0141088,11.5240856,0.0523636336,1067.852448,0.0,101.9934406,0.0887788763,0.0,209.12207553,1230.82685,1958.93828,0.0,0.0
606.5,81.74034,-313.8567762,-296.360785,-38.7064662,9.84996618,1.244801827,15.18076154,1.93098862,1960.98287,278.21638,36.9442146,57.132739,7.58649596,65.6163328,8.70420346,0.0521792502,284.779621085,0.0,102.099895,0.0392665683,0.0,-313.8567762,1014.405296,1960.98287,0.0,0.0
607.0,81.74034,-607.362864,-300.0,-35.7243793,19.0808672,2.27122309,24.9991812,2.97605897,1961.84429,265.076581,31.5986967,54.4582518,6.4917432,64.1547205,7.64743593,0.0519949684,0.0,0.0,102.1447459,0.0166307775,0.0,-607.362864,892.778227,1961.84429,0.0,0.0
607.5,81.74034,-765.269509,-300.0,-35.2994022,24.0416504,2.82855406,29.9604722,3.52498233,1962.24309,244.699552,28.8141822,50.2821994,5.92089495,60.1842255,7.08682976,0.0518107918,0.0,0.0,102.1655088,0.00681407616,0.0,-765.269509,827.30495,1962.24309,0.0,0.0
608.0,81.74034,-867.299674,-300.0,-34.5467663,27.2470223,3.13728569,33.1775067,3.82022492,1962.35703,237.26,27.3264551,48.7563471,5.61551957,58.8665324,6.77991772,0.0516267179,0.0,0.0,102.1714415,0.000669884406,0.0,-867.299674,784.915981,1962.35703,0.0,0.0
608.5,81.74034,-897.178521,-300.0,-34.1185389,28.1856945,3.20549091,34.0870299,3.87664179,1962.34028,237.414989,27.0010233,48.7877798,5.54859664,59.0160211,6.71184476,0.0514427489,0.0,0.00820280759,102.170568,-0.002184583729,0.0,-897.178521,772.473395,1962.34028,-0.20080507,0.01650554
609.0,81.74034,-877.759858,-300.0,-33.4992275,27.575639,3.0794986,33.4785833,3.73864147,1961.37222,247.479413,27.6220036,50.8305605,5.67337851,61.2661342,6.83820211,0.0512588823,0.0,0.530977186,102.1201661,-0.0699497715,0.0,-877.759858,779.988414,1961.37222,-13.24026023,1.087619324
609.5,81.74034,-799.755726,-300.0,-33.2081206,25.1250673,2.78121005,31.0297064,3.43481658,1957.16916,263.087182,29.1088808,53.9200775,5.96590579,64.4447529,7.13039723,0.0510751202,0.0,1.339683936,101.901334,-0.17175145,0.0,-799.755726,809.99238,1957.16916,-33.4616547,2.74284686
610.0,81.74034,-729.936139,-300.0,-33.6787381,22.9316198,2.57417226,28.7857541,3.23136523,1950.36581,268.78552,30.170665,54.8972439,6.16208123,65.2331275,7.32223229,0.0508914615,0.0,1.633776,101.5471084,-0.205364426,0.0,-729.936139,835.072371,1950.36581,-40.8444,3.33685378
610.5,81.74034,-710.434943,-300.0,-33.9845894,22.3189728,2.52832924,28.1496308,3.18883738,1943.31686,268.78552,30.4481615,54.698836,6.19630504,64.9111351,7.35315705,0.0507079065,0.0,1.633776,101.1801022,-0.202749552,0.0,-710.434943,839.071138,1943.31686,-40.8444,3.32479386
611.0,81.74034,-708.498232,-300.0,-34.0575292,22.2581283,2.52685643,28.0869829,3.1885777,1936.33503,268.78552,30.5143852,54.5023174,6.18747734,64.6703904,7.34182682,0.0505244537,0.0,1.633776,100.8165875,-0.201239335,0.0,-708.498232,835.800379,1936.33503,-40.8444,3.31284872
611.5,81.392948,-711.370187,-300.0,-34.0623448,22.3483537,2.53744894,28.1822461,3.1998354,1929.39871,268.78552,30.5204364,54.3070807,6.16653952,64.4564374,7.31899238,0.0503411053,0.0,1.633776,100.4554435,-0.20045784,0.0,-711.370187,830.555288,1929.39871,-40.8444,3.30098158
612.0,59.2489877,-993.536285,-300.0,-30.8833212,31.2128631,3.17188389,37.1131527,3.77902035,1921.99243,268.78552,27.7174278,54.0986149,5.57915159,65.2862144,6.72824401,0.0501578602,0.0,1.633776,100.0698314,-0.239613565,0.0,-993.536285,708.819395,1921.99243,-40.8444,3.28831021
612.5,24.9930827,-2013.7855,-295.024021,-22.914328,61.9284335,4.7330167,68.5237178,5.2421573,1912.42244,268.78552,20.8755798,53.8292454,4.18129697,67.694535,5.25332322,0.0499747177,0.0,1.633776,99.571562,-0.313947228,0.0,-2013.7855,278.6983056,1912.42244,-40.8444,3.27193704
613.0,12.536181,-3240.71822,-157.7927253,-12.7485305,51.9016191,4.23857442,57.4664804,4.71186133,1900.90478,268.78552,23.5247453,53.5050575,4.68135838,66.3072439,5.77099361,0.049791691,0.0,1.633776,98.971888,-0.335711019,0.0,-3240.71822,-238.5625055,1900.90478,-40.8444,3.25223163
613.5,12.536181,-3107.35628,-0.86491905,2.646662678,0.396954197,-0.8633051552,1.007574846,-0.615026902,1890.39648,268.920658,49.8611824,53.2359702,9.8704566,59.8424565,11.0846935,0.0496087858,0.0,1.633776,98.424766,-0.275559793,0.0,-3107.35628,-189.2053594,1890.39648,-40.8444,3.23425312
614.0,12.536181,-2551.39738,-24.911949,-3.57678568,6.59674984,0.947885926,8.64730969,1.243652586,1880.6638,277.696064,41.2286239,54.6890028,8.1203136,62.063709,9.2138487,0.049426003,0.0,1.633776,97.918029,-0.291064666,0.0,-2551.39738,36.4504421,1880.6638,-40.8444,3.21760161
614.5,12.536181,-2550.41347,-48.1384024,-6.1691978,12.8615385,1.64794178,16.1201041,2.06562978,1870.45356,291.304852,37.3662099,57.0577264,7.31911713,65.3240625,8.3792213,0.0492433432,0.0,1.633776,97.3864251,-0.297401743,0.0,-2550.41347,30.8981685,1870.45356,-40.8444,3.20013307
615.0,12.536181,-2627.78793,-43.1418859,-5.56195546,11.86882335,1.53023354,15.0472111,1.94023008,1860.2123,296.27335,38.2105414,57.7143395,7.44328851,65.847526,8.4919888,0.0490608045,0.0,1.633776,96.8532076,-0.294079848,0.0,-2627.78793,-7.277725026,1860.2123,-40.8444,3.18261143
615.5,12.536181,-2611.02509,-36.1457631,-4.82190072,9.8839041,1.31850134,12.7796678,1.70480749,1850.13164,296.253202,39.5158776,57.3976856,7.65597108,65.3358432,8.7147965,0.0488783887,0.0,1.633776,96.3283504,-0.289528805,0.0,-2611.02509,-6.188606284,1850.13164,-40.8444,3.16536462
616.0,12.536181,-2569.66322,-37.6004055,-5.03114548,10.1174275,1.35377033,13.03634105,1.74433963,1840.15896,294.944779,39.4746211,56.8363261,7.60682767,64.725307,8.6626678,0.0486960939,0.0,1.633776,95.8091175,-0.287709803,0.0,-2569.66322,5.19939128,1840.15896,-40.8444,3.14830244
616.5,12.536181,-2558.95435,-39.0033091,-5.23982598,10.4518421,1.40413198,13.40437875,1.80078461,1830.23645,292.915643,39.3517745,56.1409393,7.54222477,63.9672164,8.5936436,0.0485139213,0.0,1.633776,95.2924951,-0.286172755,0.0,-2558.95435,3.86175011,1830.23645,-40.8444,3.13132615
617.0,12.536181,-2552.58589,-37.9644219,-5.15148936,10.1482509,1.37703725,13.0483888,1.7705677,1820.38216,292.17484,39.6433465,55.6972802,7.55718036,63.4662565,8.61129915,0.048331871,0.0,1.633776,94.779423,-0.283830718,0.0,-2552.58589,0.757891213,1820.38216,-40.8444,3.11446655
617.5,13.8588046,-2533.75479,-37.6585921,-5.13627454,9.9910812,1.3627079,12.863712,1.75452625,1810.61478,292.17484,39.8676022,55.3984337,7.55918482,63.1346375,8.6147966,0.0481499404,0.0,1.62558227,94.270881,-0.279004268,0.0,-2533.75479,2.89056073,1810.61478,-40.6435946,3.08256259
618.0,98.2461569,-1532.303997,-185.338729,-20.3763965,23.3609754,2.55107724,27.7823136,3.04520569,1803.11424,292.17484,32.9371845,55.1689439,6.21954203,64.9759901,7.31159085,0.0479681327,0.0,1.102798745,93.8803604,-0.10659195985,0.0,-1532.303997,415.2220877,1803.11424,-27.6041377,2.08517605
618.5,228.788821,-26.183566888,-299.826568,-61.6014424,0.8220753695,0.11047511665,2.0283433092,0.26999808728,1806.70666,292.17484,47.1672655,55.2788578,8.9242525,62.5071063,10.0904058,0.0477864462,11.4872351641,0.294081090372,94.0674011,0.328081968,0.0,-26.183566888,1044.02749,1806.70666,-7.37212885734,0.557157713851
619.0,276.2592,-12.451549746,-271.656768,-65.1957381,0.37332596474,0.0627255649,1.0293992001,0.17435377757,1821.24384,292.17484,47.3159498,55.7236461,9.0242009,62.9641175,10.19670925,0.0476048806,746.541121,0.0,94.8242888,0.456269362,0.0,-12.451549746,1058.22965,1821.24384,0.0,0.0
619.5,275.007878,1431.7792969,-89.362437,-89.362437,-12.616004103,-12.616004103,-11.053121709,-11.053121709,1837.64305,292.17484,99.6415036,56.2254026,19.200095,62.4478484,21.2706201,0.0474234361,1883.54528,0.0,95.6781236,0.575397046,0.0,1431.7792969,1668.76015,1837.64305,0.0,0.0
620.0,195.173155,2811.04605,-83.8465742,-83.8465742,-24.8377193,-24.8377193,-22.5538895,-22.5538895,1861.37165,292.17484,152.8303036,56.9514145,29.7749276,62.927828,32.919319,0.0472421101,2297.0496,0.0,96.913568,0.641406049,0.0,2811.04605,2256.53815,1861.37165,0.0,0.0
620.5,71.6734294,2684.52186,-29.6792818,-29.6792818,-8.34727041,-8.34727041,-7.68351257,-7.68351257,1875.31021,292.093434,83.2586478,57.3618852,16.3471474,63.3263417,18.02704625,0.0470609061,2297.0496,0.0,97.6392915,0.17594254323,0.0,2684.52186,2212.02914,1875.31021,0.0,0.0
621.0,26.76369,2832.95579,-9.5989895,-9.5989895,-2.85335812,-2.85335812,-2.49181837,-2.49181837,1877.14956,286.796282,58.3017704,56.3768568,11.4606644,62.8201134,12.76940865,0.0468798234,2297.0496,0.0,97.7350587,0.00753617857,0.0,2832.95579,2274.8676,1877.14956,0.0,0.0
621.5,26.681744,2882.85276,-11.0831395,-11.0831395,-3.34591195,-3.34591195,-2.98422574,-2.98422574,1877.66448,278.578633,60.6462519,54.7764739,11.92478535,60.8818888,13.2539247,0.0466988601,2297.0496,0.0,97.7618654,0.0175315949,0.0,2882.85276,2295.93072,1877.66448,0.0,0.0
622.0,21.4504805,2873.43296,-9.0252552,-9.0252552,-2.71605796,-2.71605796,-2.34637156,-2.34637156,1878.0226,275.57672,57.488642,54.1965883,11.306069,60.4400287,12.60791435,0.0465180163,2297.0496,0.0,97.78051,-0.00240934481,0.0,2873.43296,2292.22019,1878.0226,0.0,0.0
622.5,13.35839935,2871.15769,-5.53155564,-5.53155564,-1.66309626,-1.66309626,-1.327821505,-1.327821505,1877.37972,275.492592,52.5186681,54.1615008,10.3251487,60.7249042,11.57599715,0.0463372954,2297.0496,0.0,97.7470386,-0.0338935994,0.0,2871.15769,2290.89808,1877.37972,0.0,0.0
623.0,10.415351,2883.21002,-4.22045398,-4.22045398,-1.27430698,-1.27430698,-0.982014793,-0.982014793,1875.9302,270.018325,50.8198757,53.0443935,9.9834051,59.5845248,11.214303,0.0461566938,2297.0496,0.0,97.6715706,-0.0448727487,0.0,2883.21002,2295.06677,1875.9302,0.0,0.0
623.5,10.363026,2885.05777,-4.90046933,-4.90046933,-1.47861564,-1.47861564,-1.17580388,-1.17580388,1874.40326,261.525921,51.7185441,51.3342568,10.1516293,57.6120699,11.3916915,0.0459762122,2293.38631,0.0,97.5920709,-0.040603036,0.0,2885.05777,2294.94406,1874.40326,0.0,0.0
624.0,7.03036208,2340.43374,-11.685019,-11.685019,-2.88864362,-2.88864362,-2.54935795,-2.54935795,1873.68986,258.42365,58.3774446,50.705906,11.4544036,56.5029105,12.7624499,0.0457958501,2060.06545,0.0,97.5549238,-0.01101033259,0.0,2340.43374,2067.90544,1873.68986,0.0,0.0
624.5,1.87497538028,1443.0973,-8.3519402,-8.3519402,-1.300898825,-1.300898825,-1.044150732,-1.044150732,1872.68824,258.42365,51.0558741,50.6788006,10.01252795,56.9199963,11.2446759,0.0456156092,1699.13527,0.0,97.5027764,-0.0463406794,0.0,1443.0973,1693.93228,1872.68824,0.0,0.0
625.0,0.0,1103.11472,3.547745503,0.6204322633,0.4118659406,0.07203784583,0.666735611,0.11661096135,1870.36949,258.42365,45.4818114,50.6160504,8.9082921,57.1978404,10.0666578,0.0454354871,1567.8677,0.0,97.3820484,-0.0818006011,0.0,1103.11472,1551.10914,1870.36949,0.0,0.0
625.5,0.0,1158.61126,1.0052165196,0.1249904092,0.12135454116,0.01504482265,0.20198034403,0.03197020553,1867.5674,258.42365,45.8930677,50.5402189,8.9753451,57.092929,10.1390194,0.045255487,1567.8677,0.0,97.2361554,-0.079158023,0.0,1158.61126,1572.56551,1867.5674,0.0,0.0
626.0,0.0,1154.01895,-0.04123705945,-0.04621597617,-0.004989108377,-0.005590639956,-0.002412685473,-0.003374557502,1864.86638,258.42365,46.0684191,50.4671245,8.9966271,57.005491,10.1622028,0.0450756046,1567.8677,0.0,97.095527,-0.0778568396,0.0,1154.01895,1569.07754,1864.86638,0.0,0.0
626.5,1.255059782,1157.57837,-0.1096469558,-0.1873849563,-0.01374795154,-0.02315511311,0.0024236056,-0.01261116627,1862.18057,258.42365,46.1132599,50.3944411,8.992404,56.9265732,10.15798985,0.0448958428,1567.8677,0.0,96.9556864,-0.0755778259,0.0,1157.57837,1568.99038,1862.18057,0.0,0.0
627.0,81.50688,1312.93474,-32.40954914,-32.40954914,-4.52717572,-4.52717572,-3.912835195,-3.912835195,1862.21333,258.42365,64.7543503,50.3953288,12.6291391,56.0045813,14.0206881,0.0447161988,1567.8677,0.0,96.9573934,0.1342177034,0.0,1312.93474,1633.65447,1862.21333,0.0,0.0
627.5,205.643926,1346.90448,-85.9771526,-85.9771526,-12.1138966,-12.1138966,-10.04046783,-10.04046783,1872.69533,258.42365,93.3987665,50.678992,18.3194632,55.7325028,20.1449405,0.044536675,1567.80709,0.0,97.5031459,0.463059395,0.0,1346.90448,1653.90989,1872.69533,0.0,0.0
628.0,250.7904,1158.45007,-106.1997015,-106.1997015,-12.8905828,-12.8905828,-10.1352993,-10.1352993,1891.15763,258.42365,93.1084436,51.1786202,18.4373555,56.2237674,20.2549556,0.0443572705,1563.94177,0.0,98.4643978,0.546978034,0.0,1158.45007,1586.2726,1891.15763,0.0,0.0
628.5,250.7904,1066.88511,-104.6714372,-104.6714372,-11.69438215,-11.69438215,-9.0527341,-9.0527341,1909.53261,258.357338,87.179341,51.6625685,17.4324204,56.759598,19.1522921,0.0441779841,1557.96258,0.0,99.4210999,0.522115655,0.0,1066.88511,1558.90076,1909.53261,0.0,0.0
629.0,250.7904,1035.13799,-104.4896893,-104.4896893,-11.32661795,-11.32661795,-8.7177512,-8.7177512,1927.38186,254.042438,84.7978424,51.2736126,17.1148787,56.3349217,18.8043188,0.0439988173,1555.788,0.0,100.3504349,0.511138106,0.0,1035.13799,1556.11261,1927.38186,0.0,0.0
629.5,249.717501,1010.836169,-104.0597872,-104.0597872,-11.015768,-11.015768,-8.444927,-8.444927,1944.89189,247.348604,82.765321,50.3761857,16.8563052,55.3502364,18.5206531,0.04381977,1557.37149,0.0,101.262107,0.499644346,0.0,1010.836169,1556.22439,1944.89189,0.0,0.0
630.0,181.373447,1091.084446,-73.1222587,-73.1222587,-8.24783914,-8.24783914,-6.68908024,-6.68908024,1959.95992,244.90334,74.1645768,50.2655587,15.22101455,55.3472028,16.7592939,0.0436408397,1658.24125,0.0,102.0466356,0.335868609,0.0,1091.084446,1598.41444,1959.95992,0.0,0.0
630.5,75.6497497,1426.71707,-27.9903934,-27.9903934,-4.04599117,-4.04599117,-3.52222748,-3.52222748,1967.29105,244.90334,59.4440365,50.4535748,12.2457951,56.0127793,13.5872645,0.0434620285,1814.28013,0.0,102.428334,0.0852990782,0.0,1426.71707,1742.35424,1967.29105,0.0,0.0
631.0,37.19975,1702.1133,-14.3932066,-14.3932066,-2.56862919,-2.56862919,-2.23360027,-2.23360027,1967.92425,244.90334,53.312339,50.4698136,10.98663355,56.3577947,12.2681661,0.0432833364,1871.0289,0.0,102.4613024,-0.003165551544,0.0,1702.1133,1857.31838,1967.92425,0.0,0.0
631.5,37.145021,1734.55065,-15.44414225,-15.44414225,-2.80530249,-2.80530249,-2.45674813,-2.45674813,1967.94515,244.90334,54.2967654,50.4703484,11.1896258,56.2992957,12.4819433,0.0431047622,1871.0289,0.0,102.4623899,0.0017847925,0.0,1734.55065,1870.82794,1967.94515,0.0,0.0
632.0,33.6460744,1728.58843,-14.0650759,-14.0650759,-2.54615525,-2.54615525,-2.21244073,-2.21244073,1967.87756,244.90334,53.1242307,50.4686154,10.9476158,56.3677566,12.2271713,0.0429263069,1871.0289,0.0,102.4588725,-0.00846944505,0.0,1728.58843,1868.30757,1967.87756,0.0,0.0
632.5,28.1020735,1727.06398,-11.7075728,-11.7075728,-2.11739842,-2.11739842,-1.81542493,-1.81542493,1967.29835,244.90334,51.2590816,50.4537618,10.5601531,56.4642662,11.81810575,0.0427479696,1871.0289,0.0,102.428714,-0.0249665613,0.0,1727.06398,1867.33504,1967.29835,0.0,0.0
633.0,17.7291227,1719.39878,-7.4565457,-7.4565457,-1.34291917,-1.34291917,-1.063278727,-1.063278727,1965.9748,244.90334,47.8089579,50.4198169,9.84281055,56.6370791,11.0561055,0.0425697512,1871.0289,0.0,102.3598029,-0.0553810832,0.0,1719.39878,1863.37271,1965.9748,0.0,0.0
633.5,4.72829203647,1719.88973,-1.8917578872,-1.94065501067,-0.3405129441,-0.349330823329,-0.2306689195,-0.243361546277,1963.41184,244.90334,44.0814218,50.3540874,9.0635761,56.7943831,10.2226143,0.0423916495,1871.0289,0.0,102.2263592,-0.0917535345,0.0,1719.88973,1862.08052,1963.41184,0.0,0.0
634.0,0.0,1736.79296,1.39412817,0.242914613,0.253552849,0.04418048,0.364338336,0.0634840401,1959.91622,244.90334,42.7049332,50.2644378,8.7648429,56.7834856,9.90159885,0.0422136667,1871.0289,0.0,102.0443584,-0.1049304439,0.0,1736.79296,1867.073,1959.91622,0.0,0.0
634.5,0.0,1755.503,0.2475875749,0.0302948779,0.0454639019,0.00555873273,0.06744649767,0.01021925604,1956.31685,244.90334,42.9693467,50.1721271,8.8029079,56.669433,9.9428863,0.0420358021,1871.0289,0.0,101.8569564,-0.1030971911,0.0,1755.503,1872.75673,1956.31685,0.0,0.0
635.0,0.0,1756.85435,0.0490537786,0.005920291034,0.009028989978,0.001090180556,0.01336907267,0.001989337262,1952.77116,244.90334,43.0294067,50.0811935,8.79924395,56.5693204,9.9392053,0.0418580555,1871.0289,0.0,101.6723456,-0.1022619755,0.0,1756.85435,1871.2487,1952.77116,0.0,0.0
635.5,0.0,1761.1499,0.186296686,0.0326936113,0.0343602281,0.00602995909,0.0492317339,0.00863979293,1949.24431,244.90334,43.0215074,49.9907432,8.7817385,56.4738499,9.9206084,0.0416804259,1871.0289,0.0,101.4887183,-0.1017402755,0.0,1761.1499,1870.97685,1949.24431,0.0,0.0
636.0,0.0,1766.52032,0.169241793,0.0297733155,0.0313061561,0.00550743461,0.0448287073,0.00788634577,1945.73843,244.90334,43.0470225,49.900832,8.7711425,56.3768969,9.9094499,0.0415029143,1871.0289,0.0,101.3061846,-0.1010633852,0.0,1766.52032,1871.16447,1945.73843,0.0,0.0
636.5,0.0,1762.34233,-1.372042792,-1.4844226815,-0.240617862,-0.26146109821,-0.1955699978,-0.22539995232,1942.2674,245.031494,44.1207833,49.8378577,8.9737312,56.2471594,10.1254195,0.0413255194,1861.64926,0.0,101.1254605,-0.0943838501,0.0,1762.34233,1867.39924,1942.2674,0.0,0.0
637.0,0.0,472.9745238,-34.0141881,-18.68128257,-0.904276413,-1.1843796785,-0.3372557202,-0.9131669298,1940.06719,253.370167,47.372297,51.4753213,9.6246152,57.902952,10.8177803,0.0411482418,1262.944507,0.0,101.0109079,-0.0535661583,0.0,472.9745238,1329.5991,1940.06719,0.0,0.0
637.5,0.09582888533,-1273.844278,-182.3598484,-18.3604888,27.34505072,2.51612301,31.47269066,2.92957249,1937.06209,266.306577,28.771131,54.0195158,5.83690739,64.8605597,6.95212874,0.0409710824,336.830468293,0.0,100.854441,-0.1136715727,0.0,-1273.844278,600.980242,1937.06209,0.0,0.0
638.0,6.19888113,-2968.54141,-164.9609215,-12.8775949,49.549585,3.90294308,55.1736474,4.35337876,1932.48594,271.03275,21.8657124,54.8487473,4.42462509,68.4978881,5.51647661,0.0407940387,0.0,0.0,100.6161831,-0.137706766,0.0,-2968.54141,-106.86771859,1932.48594,0.0,0.0
638.5,15.6398087,-3177.02146,-12.584828762,-0.749711509,4.457629955,0.28593555,5.74233393,0.5073225876,1928.53442,271.03275,40.6275472,54.736594,8.20457305,62.5117675,9.34585145,0.0406171131,0.0,0.0,100.4104475,-0.0864525499,0.0,-3177.02146,-195.9250657,1928.53442,0.0,0.0
639.0,19.07348,-2550.93996,-41.6959272,-5.11252697,10.96163079,1.346563627,13.78325066,1.697677996,1925.63276,271.03275,34.888507,54.6542363,7.03563102,63.3881315,8.1485351,0.040440303,0.0,0.0,100.2593706,-0.092917252,0.0,-2550.93996,62.8977947,1925.63276,0.0,0.0
639.5,19.2175838,-2534.07871,-90.5613268,-9.5210203,24.0641953,2.52870462,27.8504814,2.92747611,1922.16339,271.03275,28.5826823,54.5557679,5.75344878,65.5019408,6.90694056,0.040263611,0.0,0.0,100.0787336,-0.1049157875,0.0,-2534.07871,67.8881589,1922.16339,0.0,0.0
640.0,28.4050179,-2595.57161,-108.4536475,-10.6865615,29.4365553,2.90179668,33.3797731,3.29095494,1918.61403,271.03275,26.7937436,54.4550274,5.38338045,66.0775301,6.53168147,0.0400870348,0.0,0.0,99.8939311,-0.0973856436,0.0,-2595.57161,40.228045,1918.61403,0.0,0.0
640.5,42.6173573,-2353.30392,-180.871532,-15.051251,44.2882888,3.69375519,49.3624323,4.11841273,1915.46165,271.16714,22.8536296,54.3924938,4.58425824,67.5770326,5.69245973,0.0399105759,0.0,0.0,99.7298006,-0.0854559751,0.0,-2353.30392,139.1967819,1915.46165,0.0,0.0
641.0,47.785904,-2181.4426,-287.378296,-19.5642837,65.6342593,4.46882687,72.4966412,4.93616937,1912.58134,279.914858,19.1024862,56.0624198,3.82597731,71.2660727,4.86295557,0.0397342325,0.0,0.0,99.5798388,-0.0832424239,0.0,-2181.4426,209.027757,1912.58134,0.0,0.0
641.5,48.9242297,-2161.09885,-300.0,-19.625562,67.8929225,4.44151658,75.03962,4.90904193,1909.71048,293.574286,19.1988403,58.7099513,3.83945298,74.5957262,4.87835186,0.0395580071,0.0,0.0,99.4303604,-0.0810293155,0.0,-2161.09885,215.816667,1909.71048,0.0,0.0
642.0,121.7643329,-1087.9650954,-300.0,-29.4706541,34.179430457,2.6312457643,39.71439139,3.108003841,1908.41564,304.261737,27.8331808,60.8064633,5.56282421,73.6176848,6.66767099,0.0393818953,0.0,0.0,99.3629468,0.04905346243,0.0,-1087.9650954,661.599504,1908.41564,0.0,0.0
642.5,234.438271,-10.52319078,-299.941144,-56.06207912,0.3304906196,0.02660842029,0.926205553,0.0748225874,1915.53181,313.160976,42.784749,62.8191004,8.5823802,71.0697174,9.70956975,0.0392059018,0.0,0.0,99.7334557,0.408265813,0.0,-10.52319078,1114.0861,1915.53181,0.0,0.0
643.0,275.41183,-9.257304711,-299.95321,-68.16373074,0.29079554988,0.03426789231,0.814923119164,0.096655327798,1929.33411,316.809822,42.4693377,64.0081462,8.580385,72.4006319,9.7053831,0.0390300244,0.0,0.0,100.4520833,0.468298829,0.0,-9.257304711,1122.67195,1929.33411,0.0,0.0
643.5,274.82344,-11.43261937,-299.862969,-28.27256248,0.3588743037,0.019477296226,0.9963900264,0.05400544193,1943.77907,317.533796,42.0753851,64.6347967,8.56441745,73.1038774,9.6865844,0.0388542615,8.91988458,0.0,101.2041665,0.410327686,0.0,-11.43261937,1130.20107,1943.77907,0.0,0.0
644.0,237.348093,-9.388767334,-297.809406,-82.48395795,0.29258179392,0.0354410522,0.81594439325,0.10001066128,1957.13134,323.666986,41.6818731,66.3365889,8.54262635,75.0293951,9.6620117,0.038678615,577.037953,0.0,101.8993632,0.326209232,0.0,-9.388767334,1138.84781,1957.13134,0.0,0.0
644.5,179.374972,135.64967362,-144.137996,-44.76138716,-0.4092022574,-0.52286703922,-0.0193943692,-0.3397331605,1966.89205,332.802406,43.4168127,68.5487054,8.94321245,77.3625652,10.08978165,0.038503085,1455.89756,0.0,102.4075594,0.242649447,0.0,135.64967362,1204.89858,1966.89205,0.0,0.0
645.0,158.29262,1356.9521,-60.7825168,-60.7825168,-8.71344967,-8.71344967,-7.47818949,-7.47818949,1975.02978,336.1382,75.4300437,69.521664,15.60248165,76.4989736,17.1651205,0.0383276685,1775.5013,0.0,102.8312569,0.288963344,0.0,1356.9521,1717.8431,1975.02978,0.0,0.0
645.5,157.930525,1478.05559,-65.7977925,-65.7977925,-10.1843321,-10.1843321,-8.7856473,-8.7856473,1985.72087,336.1382,80.94111,69.8979939,16.8311625,76.7473219,18.4804532,0.0381523676,1775.5013,0.0,103.3878946,0.313297274,0.0,1478.05559,1774.47758,1985.72087,0.0,0.0
646.0,134.8526116,1422.10697,-56.6252633,-56.6252633,-8.44060794,-8.44060794,-7.31277796,-7.31277796,1995.67679,336.1382,73.973683,70.248446,15.45874185,77.2722531,17.0037906,0.0379771814,1775.5013,0.0,103.9062571,0.246217066,0.0,1422.10697,1757.01015,1995.67679,0.0,0.0
646.5,99.1532845,1398.59381,-41.2219384,-41.2219384,-6.03805054,-6.03805054,-5.28995084,-5.28995084,2002.43251,336.1382,64.690503,70.4862495,13.5648504,77.7779822,14.9673487,0.0378021123,1775.5013,0.0,104.2580011,0.146620108,0.0,1398.59381,1751.17076,2002.43251,0.0,0.0
647.0,86.169525,1436.9246,-35.4415597,-35.4415597,-5.33346737,-5.33346737,-4.70172083,-4.70172083,2006.60817,336.1382,61.8243822,70.6332351,12.9912902,78.0757053,14.3601206,0.0376271567,1775.5013,0.0,104.475406,0.111419171,0.0,1436.9246,1769.55863,2006.60817,0.0,0.0
647.5,86.169525,1446.16099,-35.8740756,-35.8740756,-5.43282686,-5.43282686,-4.79190733,-4.79190733,2010.49385,335.98965,62.0707101,70.7387095,13.068262,78.1630359,14.4398314,0.0374523154,1775.5013,0.0,104.6777175,0.1122965504,0.0,1446.16099,1775.67076,2010.49385,0.0,0.0
648.0,86.169525,1441.10308,-35.8863457,-35.8863457,-5.41567876,-5.41567876,-4.7749932,-4.7749932,2014.35151,326.3302,61.8208518,68.836374,13.0406298,76.072286,14.4114367,0.0372775914,1775.5013,0.0,104.8785688,0.110839553,0.0,1441.10308,1775.8186,2014.35151,0.0,0.0
648.5,86.169525,1435.78118,-35.8861642,-35.8861642,-5.39565181,-5.39565181,-4.75547684,-4.75547684,2018.15739,311.405761,61.561608,65.812333,13.0104799,72.7419805,14.3804138,0.0371029804,1775.5013,0.0,105.076724,0.1093381879,0.0,1435.78118,1775.82633,2018.15739,0.0,0.0
649.0,86.169525,1430.52527,-35.8857568,-35.8857568,-5.37583907,-5.37583907,-4.73618633,-4.73618633,2021.91168,309.759776,61.3061295,65.5869,12.98059,72.5042667,14.3496318,0.0369284851,1775.5013,0.0,105.2721972,0.1078563617,0.0,1430.52527,1775.83145,2021.91168,0.0,0.0
649.5,86.169525,1423.16516,-36.2476694,-36.2476694,-5.40128668,-5.40128668,-4.75520317,-4.75520317,2025.61745,315.695081,61.2255547,66.966105,12.9873196,74.0269876,14.3566542,0.0367541038,1773.25474,0.0,105.4651409,0.1075763616,0.0,1423.16516,1774.93263,2025.61745,0.0,0.0
650.0,86.169525,1086.88162,-41.2228779,-41.2228779,-4.69406304,-4.69406304,-3.98462911,-3.98462911,2029.40166,317.86285,57.6205124,67.5517178,12.2450686,74.9507775,13.5836609,0.0365798375,1630.06015,0.0,105.662167,0.1039162824,0.0,1086.88162,1637.21214,2029.40166,0.0,0.0
650.5,86.169525,525.957711,-41.6113286,-41.6113286,-2.27113148,-2.27113148,-1.66831071,-1.66831071,2032.37436,317.86285,47.1535491,67.6506672,10.03547715,75.8910979,11.2559297,0.0364056857,1401.88241,0.0,105.81694,0.0702042422,0.0,525.957711,1405.54328,2032.37436,0.0,0.0
651.0,86.169525,-0.746622354,-163.0029094,-30.93594464,0.17159422737,-0.01982835922,0.5825803053,0.06255545952,2034.24246,317.86285,39.4953406,67.7128503,8.4134923,76.5809751,9.5152971,0.036231648,896.393246,0.0,105.9142049,0.03054842241,0.0,-0.746622354,1187.4685,2034.24246,0.0,0.0
651.5,86.169525,-30.5388589,-300.0,-36.0480064,0.959406565,0.115189902,2.53394514,0.304249635,2035.40206,317.86285,38.3131153,67.7514491,8.1663095,76.7583079,9.25188735,0.0360577254,250.593639164,0.0,105.97458,0.0313868223,0.0,-30.5388589,1175.74879,2035.40206,0.0,0.0
652.0,86.169525,-27.66670096,-284.45619,-33.2845606,0.8574640341,0.1031039268,2.249625646,0.2705559066,2036.4495,317.86285,38.3755358,67.7863147,8.18384745,76.8188561,9.2741769,0.0358839176,747.740833,0.0,106.0291159,0.0280889451,0.0,-27.66670096,1177.5555,2036.4495,0.0,0.0
652.5,85.8279576,741.640963,-30.189215354,-10.127658684,2.839078418,0.30565497338,4.11928919658,0.44696991825,2037.1177,317.86285,37.3731248,67.8085565,7.97272687,77.377696,9.09093005,0.0357102224,1886.58981,0.0,106.0639056,-0.0071703421,0.0,741.640963,1498.06026,2037.1177,0.0,0.0
653.0,64.0019574,2729.2578,-25.44711323,-25.44711323,-7.30546966,-7.30546966,-6.74754353,-6.74754353,2038.07905,317.86285,69.136225,67.8405561,14.75567465,74.7446491,16.2437248,0.0355366418,2300.741,0.0,106.1139596,0.08633689616,0.0,2729.2578,2325.68361,2038.07905,0.0,0.0
653.5,30.1501073,2604.76463,-14.5496965,-14.5496965,-3.95813803,-3.95813803,-3.55918048,-3.55918048,2039.39424,317.862065,55.0673111,67.884168,11.7604632,75.5131118,13.07443045,0.035363174,2289.19725,0.0,106.1824356,-0.0177707762,0.0,2604.76463,2274.64903,2039.39424,0.0,0.0
654.0,12.1240913,970.9321203,-36.8230839,-27.45711853,-3.374667728,-3.40164081046,-2.891191966,-2.9654573026,2039.04025,317.811249,52.5144981,67.861538,11.213519,75.7488785,12.4874184,0.0351898211,1553.00021,0.0,106.1640065,-0.0245123423,0.0,970.9321203,1594.59257,2039.04025,0.0,0.0
654.5,3.2334950623,-892.915818,-226.3164934,-18.72869045,25.14854687,1.876396308,29.93614244,2.26885669,2036.09411,317.566325,28.4862749,67.7113026,6.07461327,81.0687295,7.2191444,0.0350165812,419.950734054,0.0,106.0106145,-0.1272786295,0.0,-892.915818,817.311469,2036.09411,0.0,0.0
655.0,0.0,-2549.59589,-123.4822414,-3.1382057,30.6338047,0.67983962,35.0286639,1.1168811,2030.99661,306.715561,33.5507901,65.2347011,7.13335025,78.5170986,8.33957527,0.034843456,373.08623,0.0,105.7452069,-0.140938965,0.0,-2549.59589,124.9782502,2030.99661,0.0,0.0
655.5,0.0,-865.350444,23.4432158,21.00072117,-2.4966709645,-2.50127251853,-2.147335601,-2.1604830596,2026.70244,289.88563,49.1059844,61.5247714,10.42337975,68.9209881,11.654491,0.0346704421,952.24559,0.0,105.5216285,-0.1317905606,0.0,-865.350444,823.297877,2026.70244,0.0,0.0
656.0,0.0,816.654427,179.9731293,16.9330295,19.933132007,1.6821974143,23.77725952,2.042043763,2021.29586,280.955678,29.6495306,59.4700224,6.27717731,70.7867004,7.41209906,0.0344975429,1856.52315,0.0,105.2401298,-0.186705051,0.0,816.654427,1520.03564,2021.29586,0.0,0.0
656.5,0.0,2805.52178,300.0,16.6034988,88.1380645,4.78580596,96.7507907,5.25586108,2013.81106,276.612165,15.35381365,58.3338653,3.23830138,75.5071116,4.18702661,0.0343247574,2935.67481,0.0,104.8504296,-0.231117158,0.0,2805.52178,2343.24771,2013.81106,0.0,0.0
657.0,0.0,4345.54599,299.213585,12.5829425,136.1149366,5.69485412,148.958704,6.23205674,2005.73869,275.0256,11.5752632,57.7665068,2.43143614,76.016835,3.19958458,0.0341520845,3328.1592,0.0,104.4301355,-0.234952472,0.0,4345.54599,2979.3498,2005.73869,0.0,0.0
657.5,0.0,5542.44481,214.14895,9.32523117,122.648465,5.37214559,137.2227275,6.02702351,1997.69943,275.0256,12.3779865,57.5349716,2.58908198,75.4716165,3.39339219,0.0339795243,3328.1592,0.0,104.0115665,-0.225308884,0.0,5542.44481,3472.69413,1997.69943,0.0,0.0
658.0,0.0,5887.75871,12.3031578,-5.88336033,8.06952885,-3.50899866,11.22148633,-2.91386662,1992.01571,275.0256,52.6153794,57.3712775,10.97446911,66.013476,12.32111997,0.0338070774,3328.1592,0.0,103.71564,-0.06772080514,0.0,5887.75871,3613.06314,1992.01571,0.0,0.0
658.5,0.0,5237.68672,-3.278346127,-3.278346127,-1.78439362,-1.78439362,-1.5478234865,-1.5478234865,1989.84019,275.005877,46.7457802,57.3045141,9.74041795,64.4658247,10.9371239,0.0336347436,3317.80182,0.0,103.602371,-0.090841077,0.0,5237.68672,3341.2931,1989.84019,0.0,0.0
659.0,0.0,3666.70399,-24.6653705,-24.6653705,-9.5181598,-9.5181598,-8.92093335,-8.92093335,1989.67883,273.725203,80.1034444,57.032988,16.6897114,62.6409813,18.325091,0.033462521,2657.43027,0.0,103.5939696,0.05433619188,0.0,3666.70399,2687.50135,1989.67883,0.0,0.0
659.5,0.0,1127.71511,-21.48546287,-21.48546287,-2.722415687,-2.722415687,-2.3607012146,-2.3607012146,1989.77155,271.739151,50.4492771,56.6218747,10.51238135,63.3810942,11.7538778,0.0332904112,1635.87744,0.0,103.5987956,-0.0471441659,0.0,1127.71511,1631.0635,1989.77155,0.0,0.0
660.0,0.0,140.062329,10.057785634,1.4492169593,0.16458151864,0.023750371085,0.470487192,0.06789489736,1986.56209,271.01407,39.452365,56.3796788,8.20738775,63.862155,9.2966293,0.0331184149,1264.3777,0.0,103.4316945,-0.1220888829,0.0,140.062329,1218.21994,1986.56209,0.0,0.0
660.5,0.0,287.3574,4.33771108,0.526075149,0.1226295762,0.01453164044,0.3606354897,0.05161724793,1982.35333,271.01407,39.5573902,56.2602311,8.2117545,63.7280952,9.3017561,0.0329465306,1264.3777,0.0,103.2125631,-0.1194247915,0.0,287.3574,1277.053,1982.35333,0.0,0.0
661.0,0.0,274.221742,-0.25868196363,-0.25868196363,-0.007603616151,-0.007603616151,-0.002659827279,-0.002659827279,1978.29883,271.01407,39.8290971,56.1451624,8.2512738,63.5872089,9.34498075,0.0327747588,1264.3777,0.0,103.0014615,-0.1164862282,0.0,274.221742,1269.21976,1978.29883,0.0,0.0
661.5,0.33910890223,270.86336,0.0508246059,-0.03042606806,0.001403259709,-0.000899308119,0.007254487586,0.00067216486,1974.27269,270.770293,39.8439205,55.9805444,8.23754415,63.4077855,9.33046375,0.0326030996,1264.3777,0.0,102.791836,-0.1157548212,0.0,270.86336,1265.47149,1974.27269,0.0,0.0
662.0,22.02215567,318.089793,-8.72984586,-8.72984586,-0.296594773,-0.296594773,-0.1613446023,-0.1613446023,1970.82511,254.941342,40.5830684,52.6164323,8.37567445,59.5571011,9.480338,0.0324315517,1264.3777,0.0,102.6123354,-0.0723890757,0.0,318.089793,1283.10976,1970.82511,0.0,0.0
662.5,55.5621847,334.625881,-22.881156,-22.881156,-0.802356035,-0.802356035,-0.518160603,-0.518160603,1969.54089,230.177652,42.1603761,47.4741228,8.6955695,53.6473123,9.82611325,0.0322601155,1266.3048,0.0,102.5454745,-0.00336543784,0.0,334.625881,1289.24069,1969.54089,0.0,0.0
663.0,67.76048,576.397313,-24.0416131,-24.0416131,-1.44840095,-1.44840095,-1.09296579,-1.09296579,1969.98347,207.147406,44.682639,42.7335832,9.2178871,48.1604725,10.38758845,0.0320887916,1389.12132,0.0,102.568515,0.0209610218,0.0,576.397313,1390.10199,1969.98347,0.0,0.0
663.5,67.76048,1033.207385,-24.2199073,-24.2199073,-2.6267459,-2.6267459,-2.21866078,-2.21866078,1970.97064,185.330597,49.7184582,38.2519268,10.26193175,42.877037,11.5013677,0.0319175795,1579.11518,0.0,102.6199141,0.0373936373,0.0,1033.207385,1580.76042,1970.97064,0.0,0.0
664.0,67.76048,1207.59429,-28.4954367,-28.4954367,-3.60360634,-3.60360634,-3.11361878,-3.11361878,1972.68701,177.36551,53.7420417,36.6400438,11.1019799,40.8899386,12.3896905,0.0317464791,1648.2043,0.0,102.7092794,0.0575619637,0.0,1207.59429,1654.32633,1972.68701,0.0,0.0
664.5,67.76048,1200.46088,-26.753211,-26.753211,-3.35113826,-3.35113826,-2.88506777,-2.88506777,1974.62141,177.36551,52.6085493,36.6759727,10.8784363,40.9772089,12.15317655,0.0315754901,1657.33429,0.0,102.8099959,0.05054161745,0.0,1200.46088,1652.4875,1974.62141,0.0,0.0
665.0,67.76048,2544.12205,-6.50476025,-6.50476025,-1.767370635,-1.767370635,-1.430031659,-1.430031659,1975.20002,177.36551,45.8880614,36.6867191,9.4915821,41.2839875,10.6793453,0.031404612,2239.21293,0.0,102.8401195,-0.00653214255,0.0,2544.12205,2211.93262,1975.20002,0.0,0.0
665.5,67.4456674,4769.42169,-10.85639679,-10.85639679,-5.68650695,-5.68650695,-5.10644928,-5.10644928,1975.57584,177.263896,62.2474323,36.6726674,12.8786817,40.8301821,14.309578,0.0312338464,3129.17307,0.0,102.8596884,0.0535024392,0.0,4769.42169,3138.11566,1975.57584,0.0,0.0
666.0,47.3231061,4055.46525,-45.7615665,-45.7615665,-19.8699529,-19.8699529,-18.7904383,-18.7904383,1983.12168,170.665829,123.2904486,35.4416281,25.5963249,38.8630231,28.0753713,0.0310631913,2805.81112,0.0,103.2525666,0.287060994,0.0,4055.46525,2845.43913,1983.12168,0.0,0.0
666.5,16.19665351,1472.918072,-27.92568506,-27.92568506,-4.758165286,-4.758165286,-4.250230153,-4.250230153,1987.82383,160.636335,58.4176307,33.4387329,12.1603303,37.2002336,13.50196565,0.0308926481,1799.27851,0.0,103.4973876,0.00906923296,0.0,1472.918072,1773.56775,1987.82383,0.0,0.0
667.0,4.8762536,570.805982,1.35182931,0.014941907,0.07360869205,-0.00247832715,0.20346791323,0.03724371203,1985.3445,170.054568,38.9272325,35.3544439,8.0931397,40.0706069,9.1727599,0.030722216,1433.212,0.0,103.3683016,-0.1154027063,0.0,570.805982,1396.74461,1985.3445,0.0,0.0
667.5,4.8762536,667.120433,-2.02196906,-2.02196906,-0.141256126,-0.141256126,-0.0723609584,-0.0723609584,1981.46985,190.453158,39.440025,39.5182085,8.1837665,44.7707116,9.2714923,0.0305518945,1433.212,0.0,103.166563,-0.1095377253,0.0,667.120433,1434.55936,1981.46985,0.0,0.0
668.0,4.8762536,670.984303,-2.00052477,-2.00052477,-0.140567267,-0.140567267,-0.0721552846,-0.0721552846,1977.69486,197.90047,39.4643561,40.9859239,8.17321425,46.4377695,9.2603949,0.0303816841,1433.212,0.0,102.9700186,-0.1088512744,0.0,670.984303,1433.96294,1977.69486,0.0,0.0
668.5,4.8762536,679.418803,-0.31532742,-1.5304315,-0.016893978,-0.107345929,0.1452026819,-0.0273783281,1973.94128,197.90047,39.2729499,40.9081347,8.1181753,46.3849118,9.2047245,0.0302115842,1440.9181,0.0,102.7745844,-0.1096435091,0.0,679.418803,1435.28094,1973.94128,0.0,0.0
669.0,4.8762536,1426.999865,99.0927889,12.56562877,16.77333031,2.023087492,19.56571223,2.38453088,1969.2648,197.90047,27.3805945,40.8112185,5.64737553,49.286984,6.781925,0.0300415954,1932.31595,0.0,102.5310984,-0.171814631,0.0,1426.999865,1743.62437,1969.2648,0.0,0.0
669.5,4.8762536,3236.69916,226.537681,14.96188845,78.7877847,5.04235473,86.2673871,5.52672648,1962.35482,197.90047,13.5471511,40.6680151,2.78451361,53.1197938,3.62886787,0.0298717186,2701.0134,0.0,102.1713275,-0.219591275,0.0,3236.69916,2492.61892,1962.35482,0.0,0.0
670.0,4.8762536,4935.2731,300.0,12.37490865,155.046179,6.35522544,169.27585,6.9377433,1954.48886,197.90047,8.17234918,40.5050012,1.67280196,53.4405461,2.20700455,0.0297019519,3522.8022,0.0,101.7617804,-0.2311595,0.0,4935.2731,3194.81521,1954.48886,0.0,0.0
670.5,4.8762536,6348.628930000001,300.0,10.0269282,199.448055,6.64488611,220.77674,7.35210898,1946.50302,197.992764,6.62237603,40.35828,1.3499728,53.2685713,1.78180704,0.0295322952,4366.38651,0.0,101.3459908,-0.230746083,0.0,6348.628930000001,3778.26006,1946.50302,0.0,0.0
671.0,4.8762536,7553.902189999999,300.0,8.386821,237.312832,6.6204905,272.408352,7.59465537,1938.54411,203.98562,5.70183203,41.4092249,1.15754256,54.6779283,1.52844362,0.029362749,4673.18,0.0,100.9316042,-0.229537315,0.0,7553.902189999999,4275.13602,1938.54411,0.0,0.0
671.5,4.8762536,8599.670759999999,260.32259,6.93342687,233.45956,6.22992735,283.6647,7.57996915,1930.65464,213.421341,5.73767402,43.1483795,1.15992384,57.0010014,1.53232749,0.029193313,4673.18,0.0,100.5208364,-0.225577653,0.0,8599.670759999999,4705.68162,1930.65464,0.0,0.0
672.0,4.8762536,9332.0078,60.025695,-2.197057,58.1388604,-2.14496783,78.2129636,-0.80475836,1923.83012,226.046961,43.11703043,45.5395941,8.68281934,56.1898862,9.86979273,0.0290239875,4673.18,0.0,100.1655119,-0.087705428,0.0,9332.0078,5006.42759,1923.83012,0.0,0.0
672.5,4.8762536,8668.7049,-6.86527608,-6.86527608,-6.29468443,-6.29468443,-5.35958392,-5.35958392,1924.18574,240.364664,64.8638363,48.4334635,13.070249,53.859465,14.4964196,0.0288547711,4673.18,0.0,100.1840301,-0.009150523,0.0,8668.7049,4730.62991,1924.18574,0.0,0.0
673.0,4.8762536,8527.7905,-2.12222111,-2.12222111,-1.89522993,-1.89522993,-1.42512288,-1.42512288,1922.08899,245.5919,46.3252033,49.4329071,9.3243954,55.6981182,10.50615015,0.0286856644,4673.18,0.0,100.0748585,-0.0770828415,0.0,8527.7905,4670.77017,1922.08899,0.0,0.0
673.5,4.8762536,8528.534,-2.00947995,-2.00947995,-1.7946784,-1.7946784,-1.3494712,-1.3494712,1919.39664,245.5919,45.9824271,49.363665,9.2424105,55.6464417,10.4187413,0.0285166678,4673.18,0.0,99.9346801,-0.0779429959,0.0,8528.534,4669.5075,1919.39664,0.0,0.0
674.0,4.8762536,8532.240600000001,-2.0075482,-2.0075482,-1.79373251,-1.79373251,-1.34851129,-1.34851129,1916.70992,245.5919,45.9907666,49.2945663,9.2311463,55.5738352,10.4070337,0.0283477805,4673.18,0.0,99.794793,-0.0774746259,0.0,8532.240600000001,4669.48093,1916.70992,0.0,0.0
674.5,4.8762536,8535.9772,-2.00764676,-2.00764676,-1.79460617,-1.79460617,-1.34891731,-1.34891731,1914.03993,245.5919,46.00526,49.2258992,9.22119245,55.5012957,10.39672505,0.0281790032,4673.18,0.0,99.6557781,-0.0769861832,0.0,8535.9772,4669.47688,1914.03993,0.0,0.0
675.0,4.8762536,8539.69175,-2.00778069,-2.00778069,-1.79550695,-1.79550695,-1.34934499,-1.34934499,1911.38677,245.5919,46.0195809,49.1576649,9.2112769,55.4292063,10.38645275,0.0280103352,4673.18,0.0,99.5176411,-0.076501628,0.0,8539.69175,4669.47333,1911.38677,0.0,0.0
675.5,4.8762536,8543.3827,-2.00791419,-2.00791419,-1.7964024,-1.7964024,-1.34977,-1.34977,1908.75032,245.5919,46.0336148,49.0898597,9.2013767,55.3575687,10.37619255,0.0278417772,4673.18,0.0,99.380372,-0.076021353,0.0,8543.3827,4669.46973,1908.75032,0.0,0.0
676.0,4.8762536,8547.050650000001,-2.00804655,-2.00804655,-1.79729213,-1.79729213,-1.35019197,-1.35019197,1906.13036,245.5919,46.0473634,49.0224789,9.1914909,55.2863795,10.3659441,0.0276733282,4673.18,0.0,99.2439631,-0.075545324,0.0,8547.050650000001,4669.46642,1906.13036,0.0,0.0
676.5,4.60770491,8550.26745,-1.96281728,-1.96281728,-1.75748164,-1.75748164,-1.3200701,-1.3200701,1903.52566,245.5919,45.9264405,48.95549,9.1548431,55.2236076,10.32696195,0.027504988,4673.18,0.0,99.1083463,-0.075897003,0.0,8550.26745,4669.284,1903.52566,0.0,0.0
677.0,-12.569105323,8416.19125,21.614771807,1.830380033,18.82051318,1.596497093,24.630817787,2.119552634,1899.88023,245.5919,29.1051821,48.8617363,5.79196588,58.7819992,6.87743883,0.0273367576,4673.18,0.0,98.918544,-0.1562970116,0.0,8416.19125,4611.365299999999,1899.88023,0.0,0.0
677.5,-39.1386116,7730.506530000001,191.446185,6.72685816,152.5761094,5.40963114,180.055325,6.43419522,1892.52423,245.580005,9.73553726,48.6701996,1.93014316,64.3470704,2.5496154,0.0271686375,4673.18,0.0,98.5355481,-0.25834727,0.0,7730.506530000001,4321.75185,1892.52423,0.0,0.0
678.0,-48.801773,6553.24301,300.0,9.1314231,205.876204,6.25083125,231.554152,7.02769667,1883.00621,244.807594,7.44593466,48.2732091,1.46814799,63.9681986,1.94550136,0.0270006258,4673.18,0.0,98.0399875,-0.280567469,0.0,6553.24301,3826.32624,1883.00621,0.0,0.0
678.5,-48.801773,5444.41343,300.0,10.72164105,171.041293,6.09880099,187.878501,6.69834965,1873.35684,243.737134,8.70499885,47.8157714,1.70761911,63.4017496,2.26425011,0.026832723,4673.18,0.0,97.537586,-0.277642431,0.0,5444.41343,3359.29987,1873.35684,0.0,0.0
679.0,-48.801773,4503.09466,300.0,12.22501965,141.468891,5.75393262,154.852087,6.29821384,1863.82247,251.570675,10.2485792,49.1002621,2.0001641,65.1454437,2.65380196,0.026664929,4673.18,0.0,97.0411731,-0.273628426,0.0,4503.09466,2962.04309,1863.82247,0.0,0.0
679.5,-48.801773,3720.1289,300.0,13.6949139,116.8712961,5.32621945,127.950662,5.83120299,1854.44768,264.396855,12.065477,51.3441735,2.34293459,68.1592141,3.11024326,0.0264972435,4656.3298,0.0,96.5530665,-0.268666067,0.0,3720.1289,2630.77142,1854.44768,0.0,0.0
680.0,-48.801773,3099.99506,299.980408,15.2933891,97.3833282,4.95711537,106.7354474,5.43322449,1845.23518,269.07956,13.7106645,51.9949375,2.64922988,68.6522098,3.49766656,0.026329667,3582.37305,0.0,96.073415,-0.264548647,0.0,3099.99506,2367.35007,1845.23518,0.0,0.0
680.5,-48.2697582,2451.97044,145.6328302,6.90007216,41.26842097,2.17668097,46.11697137,2.58611166,1836.55089,269.07956,27.3781394,51.7502319,5.26272189,63.9808811,6.31782999,0.0261621989,1921.01534,0.0,95.6212609,-0.202819862,0.0,2451.97044,2092.6315,1836.55089,0.0,0.0
681.0,-14.27350166,891.46483,0.14678975766,-1.28261020834,-0.037570155284,-0.153893537584,0.13540727809,-0.07891596011,1831.66072,269.07956,41.2318204,51.6124376,7.90878633,58.6832625,8.9919405,0.0259948382,1316.8503,0.0,95.3666519,-0.1026969513,0.0,891.46483,1440.4383,1831.66072,0.0,0.0
681.5,38.0992636,697.10083,-16.3491849,-16.3491849,-1.18680782,-1.18680782,-0.903953417,-0.903953417,1829.67223,269.07956,45.1763106,51.5564049,8.65590485,58.372464,9.7995749,0.0258275863,1316.8503,0.0,95.2631191,-0.0023969498,0.0,697.10083,1358.40092,1829.67223,0.0,0.0
682.0,43.5562618,593.809433,-19.05580125,-19.05580125,-1.194107173,-1.194107173,-0.893230336,-0.893230336,1830.25992,269.07956,45.0881255,51.5729652,8.641777,58.3953213,9.7846721,0.0256604423,1316.8503,0.0,95.2937175,0.00832374628,0.0,593.809433,1315.76376,1830.25992,0.0,0.0
682.5,22.4121895,564.404182,-9.28812433,-9.28812433,-0.548860572,-0.548860572,-0.35337996,-0.35337996,1829.64809,269.07956,42.4355246,51.5557253,8.13068576,58.5463014,9.2330569,0.0254934061,1316.8503,0.0,95.26186,-0.0417944097,0.0,564.404182,1303.17076,1829.64809,0.0,0.0
683.0,14.722746,592.663245,-5.84661749,-5.84661749,-0.363044005,-0.363044005,-0.200437976,-0.200437976,1827.77113,269.07956,41.6829012,51.5028358,7.97825963,58.5386898,9.06817695,0.0253264781,1316.8503,0.0,95.1641359,-0.0588888099,0.0,592.663245,1313.83364,1827.77113,0.0,0.0
683.5,14.722746,604.171821,-6.10247857,-6.10247857,-0.386096806,-0.386096806,-0.21805308,-0.21805308,1825.75805,269.07956,41.7627018,51.4461125,7.98473351,58.4737511,9.0754636,0.0251596584,1316.8503,0.0,95.0593281,-0.0578678607,0.0,604.171821,1317.44701,1825.75805,0.0,0.0
684.0,14.722746,607.168292,-6.1101088,-6.1101088,-0.388496093,-0.388496093,-0.220051141,-0.220051141,1823.76352,269.07956,41.7663913,51.389911,7.97671569,58.4142286,9.0670265,0.0249929463,1316.8503,0.0,94.9554776,-0.0575285108,0.0,607.168292,1317.52929,1823.76352,0.0,0.0
684.5,14.722746,609.948809,-6.11033805,-6.11033805,-0.390289837,-0.390289837,-0.221587166,-0.221587166,1821.78018,269.07956,41.7676561,51.3340231,7.96828188,58.3551824,9.0581355,0.0248263415,1316.8503,0.0,94.8522135,-0.0572119968,0.0,609.948809,1317.52818,1821.78018,0.0,0.0
685.0,14.722746,612.710337,-6.11042781,-6.11042781,-0.39206263,-0.39206263,-0.223110883,-0.223110883,1819.80767,269.07956,41.7686941,51.2784423,7.95985238,58.2964655,9.0492462,0.0246598447,1316.8503,0.0,94.7495162,-0.0568985062,0.0,612.710337,1317.52557,1819.80767,0.0,0.0
685.5,14.722746,615.456714,-6.11051416,-6.11051416,-0.393825554,-0.393825554,-0.224630756,-0.224630756,1817.84601,269.07956,41.7695498,51.2231666,7.9514348,58.2380727,9.04036725,0.0244934558,1316.8503,0.0,94.6473786,-0.0565876402,0.0,615.456714,1317.52294,1817.84601,0.0,0.0
686.0,14.722746,618.188106,-6.1105999,-6.1105999,-0.395578895,-0.395578895,-0.226146938,-0.226146938,1815.89497,269.07956,41.7702245,51.1681921,7.94302939,58.1799999,9.03149855,0.0243271739,1316.8503,0.0,94.5457983,-0.0562793699,0.0,618.188106,1317.52033,1815.89497,0.0,0.0
686.5,14.722746,620.904639,-6.11068487,-6.11068487,-0.397322727,-0.397322727,-0.227659427,-0.227659427,1813.95463,269.07956,41.7707208,51.1135158,7.93463592,58.1222461,9.0226404,0.0241609998,1316.8503,0.0,94.44477,-0.0559736715,0.0,620.904639,1317.51772,1813.95463,0.0,0.0
687.0,14.722746,623.606443,-6.11076914,-6.11076914,-0.399057138,-0.399057138,-0.229168215,-0.229168215,1812.02476,269.07956,41.7710372,51.0591353,7.9262545,58.0648069,9.01379225,0.0239949324,1316.8503,0.0,94.344293,-0.0556705217,0.0,623.606443,1317.51512,1812.02476,0.0,0.0
687.5,14.722746,626.29362,-6.11085267,-6.11085267,-0.400782192,-0.400782192,-0.230673297,-0.230673297,1810.10537,269.07956,41.7711782,51.0050511,7.91788512,58.0076822,9.00495475,0.0238289723,1316.8503,0.0,94.2443554,-0.0553698989,0.0,626.29362,1317.51257,1810.10537,0.0,0.0
688.0,14.722746,628.966301,-6.11093553,-6.11093553,-0.402497983,-0.402497983,-0.232174671,-0.232174671,1808.19629,269.07956,41.7711429,50.9512581,7.90952769,57.9508676,8.9961271,0.0236631196,1316.8503,0.0,94.1449589,-0.0550717779,0.0,628.966301,1317.50998,1808.19629,0.0,0.0
688.5,14.722746,631.624619,-6.1110177,-6.1110177,-0.404204572,-0.404204572,-0.233672332,-0.233672332,1806.29747,269.07956,41.770932,50.8977523,7.90118198,57.8943619,8.9873098,0.0234973738,1316.8503,0.0,94.0460955,-0.0547761393,0.0,631.624619,1317.50743,1806.29747,0.0,0.0
689.0,14.722746,634.26871,-6.11109925,-6.11109925,-0.405902046,-0.405902046,-0.235166274,-0.235166274,1804.40887,269.07956,41.7705486,50.8445356,7.8928481,57.8381604,8.9785031,0.0233317349,1316.8503,0.0,93.9477635,-0.0544829593,0.0,634.26871,1317.50488,1804.40887,0.0,0.0
689.5,14.64903635,636.781086,-6.09874715,-6.09874715,-0.40668602,-0.40668602,-0.235960561,-0.235960561,1802.53015,269.07956,41.7667954,50.7915969,7.88392229,57.7824587,8.96905065,0.023166203,1316.8503,0.0,93.8499455,-0.0543097595,0.0,636.781086,1317.45336,1802.53015,0.0,0.0
690.0,9.93785371,630.504182,-4.20827635,-4.20827635,-0.278025441,-0.278025441,-0.1473706835,-0.1473706835,1800.52724,269.07956,41.331307,50.7351594,7.793063,57.7503959,8.8706125,0.0230007772,1316.8503,0.0,93.7456615,-0.0641827401,0.0,630.504182,1313.67201,1800.52724,0.0,0.0
690.5,2.6503978208,630.990936,-1.0526305315,-1.08293502718,-0.06945843454,-0.07146625611,-0.03115553174,-0.035169030664,1798.03823,269.222422,40.7878665,50.6919046,7.67996369,57.7412855,8.7479578,0.0228354586,1316.8503,0.0,93.6160734,-0.0794835573,0.0,630.990936,1312.42124,1798.03823,0.0,0.0
691.0,0.0,640.96525,0.948810097,0.1377989692,0.0637239591,0.0092541833,0.1263471935,0.01834926845,1795.15209,278.498604,40.5386367,52.3539955,7.62077292,59.6576855,8.6839109,0.0226702468,1316.8503,0.0,93.4658034,-0.0850568505,0.0,640.96525,1314.88644,1795.15209,0.0,0.0
691.5,0.32709842912,647.916366,-0.7993554919,-1.077546894,-0.04808703082,-0.067091755387,-0.00542317003,-0.0428141215,1792.23021,292.883813,40.8485718,54.9686506,7.66650426,62.6227461,8.73394615,0.0225051419,1310.26432,0.0,93.3136727,-0.0811111645,0.0,647.916366,1316.07277,1792.23021,0.0,0.0
692.0,21.25581648,57.787341087,-78.102476,-15.21496897,0.394301396526,-0.105019587031,1.111916568,0.041174740825,1790.27105,298.1357,40.4125876,55.8935124,7.5764817,63.7698245,8.6424891,0.0223401428,888.873967,0.0,93.2116706,-0.0332707288,0.0,57.787341087,1069.3718,1790.27105,0.0,0.0
692.5,53.6290792,-586.363624,-285.424651,-27.09381,17.93982605,1.66763699,23.5037708,2.19565709,1789.52851,298.1357,28.6404543,55.8703285,5.36722657,67.5038025,6.47594931,0.0221752508,237.052797285,0.0,93.1730066,-0.01281465689,0.0,-586.363624,800.90225,1789.52851,0.0,0.0
693.0,65.40251,-712.839971,-300.0,-26.94286,22.394528,2.01117521,28.2165571,2.534045,1789.23885,298.1357,26.7725611,55.8612854,5.01633832,68.2336926,6.12737124,0.0220104643,0.0,0.0,93.157928,-0.00536151682,0.0,-712.839971,748.105378,1789.23885,0.0,0.0
693.5,65.40251,-694.008447,-300.0,-27.107027,21.8029188,1.97003222,27.5879139,2.49274507,1789.07068,298.1357,26.9373834,55.8560353,5.04674672,68.1605735,6.15849473,0.0218457847,9.78406902,0.0,93.1491693,-0.00451643183,0.0,-694.008447,755.843105,1789.07068,0.0,0.0
694.0,65.40251,-639.856838,-262.287848,-24.9376557,17.8540472,1.6880354,22.9749454,2.17591969,1788.92738,298.1357,28.5748136,55.8515612,5.35308682,67.5035985,6.46515751,0.0216812105,633.522265,0.0,93.1417094,-0.002975219836,0.0,-639.856838,778.292333,1788.92738,0.0,0.0
694.5,65.40251,438.111770304,-22.1391475,-3.19868979,3.36460297191,0.391263361233,5.24645334664,0.619012453361,1788.91689,298.154805,37.1015132,55.8548126,6.95043776,64.4311832,8.01192466,0.0215167424,1598.40546,0.0,93.1411631,-0.00611403025,0.0,438.111770304,1226.836905,1788.91689,0.0,0.0
695.0,65.40251,2265.11975,-23.3104566,-24.44282019,-5.61756659,-5.86034552,-5.01166377,-5.34937604,1790.27114,299.394337,66.9323798,56.1295581,12.5491797,62.5151436,13.95217535,0.0213523795,1949.2992,0.0,93.2116741,0.1200221485,0.0,2265.11975,1987.85915,1790.27114,0.0,0.0
695.5,66.687283,2174.04715,-27.7072862,-27.7072862,-6.30837559,-6.30837559,-5.76362201,-5.76362201,1794.97957,301.316282,68.9226264,56.6384404,12.95537105,62.8332379,14.37232875,0.0211881219,1949.2992,0.0,93.456821,0.132942695,0.0,2174.04715,1952.7124,1794.97957,0.0,0.0
696.0,148.735424,2314.60454,-60.4213892,-60.4213892,-14.71356686,-14.71356686,-13.32441317,-13.32441317,1802.95254,302.01782,105.0618572,57.0223957,19.84352975,62.896798,21.8847698,0.0210239696,1949.2992,0.0,93.8719405,0.401070822,0.0,2314.60454,2015.85472,1802.95254,0.0,0.0
696.5,275.655042,2335.12403,-115.1998519,-115.1998519,-28.1495281,-28.1495281,-24.680566,-24.680566,1824.08926,302.01782,157.100355,57.6908917,30.0198611,63.8717912,33.2415947,0.0208599239,1949.2992,0.0,94.972436,0.809330591,0.0,2335.12403,2036.7346,1824.08926,0.0,0.0
697.0,321.81146,2134.6846,-135.744879,-135.744879,-30.352483,-30.352483,-26.2010702,-26.2010702,1855.082,302.01782,161.891316,58.6711073,31.4444967,64.9159451,34.7931233,0.0206959828,1949.2992,0.0,96.5860941,0.909497145,0.0,2134.6846,1971.42669,1855.082,0.0,0.0
697.5,321.81146,2039.55028,-134.196147,-134.196147,-28.6618374,-28.6618374,-24.5900964,-24.5900964,1885.70597,302.172242,152.254848,59.6703712,30.064526,65.8187345,33.1625587,0.020532147,1949.2992,0.0,98.180554,0.870676137,0.0,2039.55028,1949.72173,1885.70597,0.0,0.0
698.0,321.81146,1996.69294,-134.145317,-134.145317,-28.0488759,-28.0488759,-23.9988292,-23.9988292,1915.44721,312.191181,147.480668,62.624902,29.5812792,68.9319005,32.5608728,0.0203684168,1949.2992,0.0,99.729048,0.850262771,0.0,1996.69294,1949.25414,1915.44721,0.0,0.0
698.5,321.81146,1956.03406,-134.135097,-134.135097,-27.4756268,-27.4756268,-23.4476161,-23.4476161,1944.44636,327.726078,143.048906,66.7358726,29.1268379,73.3171106,31.9995598,0.0202047916,1949.2992,0.2800835054,101.2389095,0.794821695,0.0,1956.03406,1949.26811,1944.44636,-6.8757454,0.5635734
699.0,321.81146,1957.85272,-133.503636,-133.503636,-27.3710131,-27.3710131,-23.3612376,-23.3612376,1941.00011,333.39645,142.846542,67.7665156,29.0315334,74.4587902,31.899002,0.0200412714,1949.2992,18.16273983,101.0594804,-1.562150479,0.0,1957.85272,1948.01261,1941.00011,-452.969254,36.6978614
699.5,320.64029,2118.53351,-132.274948,-132.274948,-29.3412875,-29.3412875,-25.3019813,-25.3019813,1824.26286,333.603628,160.054132,63.7285267,30.5340034,70.585725,33.8256259,0.0198778559,1949.2992,45.8253121,94.9814755,-5.14484736,0.0,2118.53351,1946.71105,1824.26286,-1144.66042,87.0622868
700.0,245.869253,2273.97168,-101.8882341,-101.8882341,-24.1817032,-24.1817032,-21.2574549,-21.2574549,1612.41613,347.045147,157.456229,58.5577316,26.6333731,65.5405942,29.8051145,0.0197145459,1949.2992,55.885353,83.9515329,-6.59603735,0.0,2273.97168,1887.6943,1612.41613,-1397.1338,94.3634376
700.5,130.206308,2555.05233,-52.0232606,-52.0232606,-13.77996375,-13.77996375,-12.6309153,-12.6309153,1379.6491,367.886923,129.1307692,53.1101569,18.7352551,60.0290443,21.1692366,0.0195513404,1949.2992,55.6052298,71.83236,-6.84290452,0.0,2555.05233,1868.74304,1379.6491,-1390.25805,80.3747134
701.0,88.14309,2992.34984,-33.9410456,-33.9410456,-10.65163725,-10.65163725,-9.9368207,-9.9368207,1171.67788,375.49435,130.787303,46.0723389,16.00171505,53.0351789,18.4290348,0.0193882401,1949.2992,37.7226128,61.0041989,-4.53928645,0.0,2992.34984,1929.27291,1171.67788,-944.164559,46.7173822
701.5,88.5911936,3168.08766,-36.7886227,-36.7886227,-12.2053329,-12.2053329,-11.4189144,-11.4189144,1080.08827,375.49435,150.471321,42.4708815,17.0169815,49.6757071,19.9046875,0.0192252435,1947.45895,10.0600785423,56.2355236,-0.807403989,0.0,3168.08766,1948.9202,1080.08827,-252.47339987,11.4864054417
702.0,117.1955215,2939.66001,-52.8073846,-52.8073846,-16.1790864,-16.1790864,-15.0070181,-15.0070181,1087.36004,375.49435,174.911708,42.7568208,19.9204658,50.389077,23.4771664,0.0190623518,1829.9876,0.0,56.6141335,0.666374374,0.0,2939.66001,1858.11572,1087.36004,0.0,0.0
702.5,161.443437,2469.52263,-71.3137876,-71.3137876,-18.374344,-18.374344,-16.6615877,-16.6615877,1112.47261,375.49435,183.113938,43.7442891,21.3319898,51.5352918,25.1314838,0.0188995648,1648.27161,0.0,57.9216364,0.774287475,0.0,2469.52263,1677.15116,1112.47261,0.0,0.0
703.0,177.53519,2207.87686,-74.3649894,-74.3649894,-17.1944258,-17.1944258,-15.40910835,-15.40910835,1139.22747,375.49435,171.231335,44.7963346,20.4260945,52.3528202,23.8722475,0.0187368816,1582.1865,0.0,59.3146472,0.757317419,0.0,2207.87686,1583.90033,1139.22747,0.0,0.0
703.5,177.53519,2166.26764,-74.0803475,-74.0803475,-16.8052057,-16.8052057,-15.0335681,-15.0335681,1165.00905,375.49435,165.585194,45.8101089,20.2002227,53.2588122,23.4850177,0.0185743037,1582.1865,0.0,60.6569807,0.73599038,0.0,2166.26764,1581.64015,1165.00905,0.0,0.0
704.0,177.53519,2131.03528,-74.0732713,-74.0732713,-16.5303038,-16.5303038,-14.7627438,-14.7627438,1190.13801,375.49435,160.783812,46.7982218,20.0376416,54.1934348,23.2042663,0.0184118292,1582.1865,0.0,61.9653377,0.717890126,0.0,2131.03528,1581.65232,1190.13801,0.0,0.0
704.5,177.53519,2096.70903,-74.068458,-74.068458,-16.26298,-16.26298,-14.5001126,-14.5001126,1214.65687,375.49435,156.258986,47.7623453,19.8750007,55.1076329,22.9317321,0.0182494584,1582.1865,0.0,63.2419279,0.700697915,0.0,2096.70903,1581.68528,1214.65687,0.0,0.0
705.0,177.53519,2063.19493,-74.0639146,-74.0639146,-16.0020485,-16.0020485,-14.2445121,-14.2445121,1238.59616,375.49435,151.991689,48.7036786,19.7133087,55.9987706,22.6662444,0.0180871923,1582.1865,0.0,64.4883444,0.684349434,0.0,2063.19493,1581.71778,1238.59616,0.0,0.0
705.5,176.645016,2029.03712,-73.909451,-73.909451,-15.7047306,-15.7047306,-13.9586669,-13.9586669,1261.98085,375.251632,147.73928,49.5908641,19.5233636,56.8274236,22.3725267,0.0179250295,1582.1865,0.0,65.705885,0.666766291,0.0,2029.03712,1581.15864,1261.98085,0.0,0.0
706.0,119.836247,1891.1243,-51.0878276,-51.0878276,-10.16237979,-10.16237979,-9.11097385,-9.11097385,1282.21855,359.504254,114.871751,48.2686124,15.4174294,54.8900419,17.5362317,0.0177629708,1582.1865,0.0,66.7595726,0.452359632,0.0,1891.1243,1535.58872,1282.21855,0.0,0.0
706.5,31.9588848276,1841.16248,-13.0275431923,-13.3128528893,-2.5142170448,-2.5692223698,-2.183302136196,-2.261384647196,1292.25143,335.087103,69.0344915,45.3444748,9.34033145,51.8583775,10.67101275,0.0176010157,1582.1865,0.0,67.281943,0.1348355701,0.0,1841.16248,1520.65739,1292.25143,0.0,0.0
707.0,0.0,1919.28838,9.1022058,1.41381474,1.829952,0.2842593,2.57487421,0.399968526,1293.95468,326.17462,50.7785123,44.1975164,6.88061977,51.2700176,7.98162046,0.0174391653,1582.1865,0.0,67.3706214,0.0126674251,0.0,1919.28838,1554.16067,1293.95468,0.0,0.0
707.5,0.0,2013.59747,3.482616505,0.3410304,0.7346924138,0.0719871446,1.0548474354,0.1304608042,1294.52424,326.17462,52.5215544,44.2169705,7.11993601,51.1836065,8.2410452,0.017277418,1591.30212,0.0,67.4002784,0.02011175085,0.0,2013.59747,1593.73591,1294.52424,0.0,0.0
708.0,0.0,2591.89447,169.2683621,11.89127994,49.2513731,3.33022092,55.0167522,3.75056428,1293.76448,326.17462,27.2131242,44.1910192,3.68764024,56.2193909,4.611437,0.0171157741,2172.96996,0.0,67.3607185,-0.0817393574,0.0,2591.89447,1833.92596,1293.76448,0.0,0.0
708.5,0.0,4017.53493,300.0,12.5958429,126.214583,5.26359287,138.476261,5.77484542,1289.85993,326.17462,13.7089575,44.0576528,1.8518467,61.3477902,2.5773816,0.0169542343,3072.7514,0.0,67.1574274,-0.12625825,0.0,4017.53493,2424.86565,1289.85993,0.0,0.0
709.0,0.0,5236.81164,300.0,10.30512325,164.519285,5.63420008,181.785865,6.22374075,1285.42609,326.17462,11.212537,43.9062073,1.50938958,61.6315963,2.11872527,0.0167927973,3399.9817,0.0,66.926578,-0.129859734,0.0,5236.81164,2929.62678,1285.42609,0.0,0.0
709.5,0.0,6256.52043,281.329234,8.67807725,183.785734,5.67204427,208.461067,6.43449385,1280.9085,326.17462,10.0747105,43.7518989,1.35136748,61.4567771,1.89822405,0.0166314632,3399.9817,0.0,66.6913644,-0.130212166,0.0,6256.52043,3351.29731,1280.9085,0.0,0.0
710.0,0.0,7062.519340000001,122.7802362,5.59427071,89.5249903,4.10632431,106.1313486,4.90647041,1276.74539,326.17462,19.5730623,43.6097006,2.61609807,58.5570778,3.41651243,0.0164702327,3399.9817,0.0,66.4746093,-0.093703021,0.0,7062.519340000001,3684.24861,1276.74539,0.0,0.0
710.5,0.0,6727.10563,-8.47815623,-8.47815623,-6.09237853,-6.09237853,-5.47947427,-5.47947427,1278.89472,326.17462,90.4131043,43.683114,12.1051838,49.7917932,13.78981395,0.0163091046,3399.9817,0.0,66.5865131,0.1597783652,0.0,6727.10563,3545.9355,1278.89472,0.0,0.0
711.0,0.0,6375.57672,-0.3658435552,-0.3658435552,-0.2446434187,-0.2446434187,-0.1936641381,-0.1936641381,1281.48436,326.17462,54.8078566,43.7715686,7.35499581,50.5854053,8.4995899,0.0161480793,3399.9817,0.0,66.7213474,0.0301898066,0.0,6375.57672,3401.17378,1281.48436,0.0,0.0
711.5,0.0,6364.78497,-0.01360794696,-0.01360794696,-0.00907031037,-0.00907031037,-0.00717971711,-0.00717971711,1282.39234,326.17462,53.4019243,43.8025827,7.17143996,50.7024324,8.3010955,0.0159871569,3399.9817,0.0,66.7686229,0.0249229884,0.0,6364.78497,3397.21346,1282.39234,0.0,0.0
712.0,0.0,6363.41688,-0.0069065717,-0.0069065717,-0.00460237507,-0.00460237507,-0.0036430473,-0.0036430473,1283.24428,326.17462,53.2770712,43.8316828,7.15942706,50.7400397,8.2878316,0.0158263364,3399.9817,0.0,66.8129809,0.0244129678,0.0,6363.41688,3397.1416,1283.24428,0.0,0.0
712.5,0.0,6362.24211,-0.00667194373,-0.00667194373,-0.00444520011,-0.00444520011,-0.00351861999,-0.00351861999,1284.08104,326.17462,53.1768141,43.8602641,7.15061389,50.7756208,8.27803625,0.015665619,3399.9817,0.0,66.856547,0.023995482,0.0,6362.24211,3397.14135,1284.08104,0.0,0.0
713.0,0.0,6361.090630000001,-0.00655535042,-0.00655535042,-0.00436672892,-0.00436672892,-0.00345649231,-0.00345649231,1284.90348,326.17462,53.0777873,43.8883551,7.14186928,50.8106229,8.2683169,0.01550500465,3399.9817,0.0,66.8993664,0.0235837178,0.0,6361.090630000001,3397.14244,1284.90348,0.0,0.0
713.5,0.0,6359.95923,-0.006441999,-0.006441999,-0.00429045851,-0.00429045851,-0.00339610739,-0.00339610739,1285.71174,326.230232,52.9795618,43.9234531,7.13313677,50.8537498,8.2586118,0.015344492,3399.9817,0.0,66.9414484,0.0231760594,0.0,6359.95923,3397.14357,1285.71174,0.0,0.0
714.0,0.0,6358.84717,-0.00632980592,-0.00632980592,-0.00421499943,-0.00421499943,-0.00333636516,-0.00333636516,1286.506,329.838283,52.8821167,44.4367065,7.12441527,51.4505232,8.2489206,0.0151840823,3399.9817,0.0,66.9828031,0.0227724318,0.0,6358.84717,3397.14462,1286.506,0.0,0.0
714.5,0.0,6341.13375,-2.76310051623,-2.76310051623,-1.79148632375,-1.79148632375,-1.70463995768,-1.70463995768,1287.36164,335.432716,63.6101968,45.2204721,8.57659061,52.31211,9.9077082,0.0150237747,3382.92583,0.0,67.0273504,0.0621542203,0.0,6341.13375,3390.27356,1287.36164,0.0,0.0
715.0,0.0,3812.73378,-40.6735116,-40.6735116,-16.3633953,-16.3633953,-15.434618,-15.434618,1297.47099,337.47473,152.118479,45.8529779,20.653518,52.5285874,23.7084507,0.0148635694,2294.98766,0.0,67.5537016,0.413388167,0.0,3812.73378,2344.09041,1297.47099,0.0,0.0
715.5,0.0,56.8297897,-102.3280175,-25.5151735,4.04927801,-0.750175541,5.982473394,-0.321852405,1305.30697,337.47473,54.1727161,46.1299032,7.40383965,53.6017748,8.55811245,0.0147034661,612.07725118,0.0,67.9616861,0.06925954667,0.0,56.8297897,785.806387,1305.30697,0.0,0.0
716.0,0.0,-1938.29177,-145.2029284,-13.2585434,27.3404393,2.51433771,31.6184157,2.91308064,1305.44626,337.47473,31.5748376,46.1348256,4.31641229,56.6726776,5.29410051,0.0145434656,0.0,0.0,67.968937,-0.0252355319,0.0,-1938.29177,-44.2970933,1305.44626,0.0,0.0
716.5,0.0,-2258.5121,2.13604447,5.87158495,-0.36292901,-1.361453878,0.251926716,-1.071376184,1305.47887,337.47473,59.0511798,46.1359792,8.07292465,53.0259385,9.2665004,0.01438356655,0.0,0.0,67.9706374,0.03036977435,0.0,-2258.5121,-177.5240831,1305.47887,0.0,0.0
717.0,0.0,-1846.6335,0.638351919,0.638351919,-0.1246216045,-0.1246216045,-0.0880285118,-0.0880285118,1306.36102,337.47473,52.3114239,46.1671553,7.15628671,53.4005643,8.2774502,0.0142237688,0.0,0.0,68.016567,0.017584659,0.0,-1846.6335,-5.623261311,1306.36102,0.0,0.0
717.5,0.0,-1819.32073,1.79730534795,1.798222334547,-0.324342034894,-0.324517762905,-0.286807063244,-0.287056836841,1306.94604,337.47473,53.5101759,46.1878289,7.32362524,53.3783482,8.45944035,0.01406407305,11.082349851,0.0,68.0470244,0.0193729625,0.0,-1819.32073,6.08335329,1306.94604,0.0,0.0
718.0,0.0,-359.8235806,50.6893445,20.84956305,-0.271349253,-1.137610191,0.6501411079,-0.8269324677,1307.54224,337.47473,57.2042482,46.2088986,7.83273896,53.2416096,9.01015414,0.01390447865,719.026633,0.0,68.0780678,-0.00183261777,0.0,-359.8235806,613.739013,1307.54224,0.0,0.0
718.5,0.0,1560.78115,250.086626,18.9193186,44.1102462,3.04988281,49.9018957,3.48012856,1305.90286,337.594829,27.3448234,46.1673657,3.74024202,58.5181888,4.67933709,0.0137449869,1814.14665,0.0,67.9927136,-0.0949048681,0.0,1560.78115,1411.959594,1305.90286,0.0,0.0
719.0,0.0,3319.45031,270.367031,13.27371595,92.738503,4.54353832,102.2709646,5.01068047,1301.9634,345.41275,16.9585993,47.0935847,2.3121634,63.951311,3.13928737,0.0135855969,2212.3896,0.0,67.787602,-0.1182826723,0.0,3319.45031,2141.45461,1301.9634,0.0,0.0
719.5,1.213626308,4304.85824,68.1681568,0.58688666,30.01745453,0.2368779,35.27705079,0.75087485,1298.83622,357.541796,45.5540605,48.6305253,6.19587289,59.8779906,7.34817235,0.01342630775,2212.3896,0.0,67.6247802,-0.0020490181,0.0,4304.85824,2549.66417,1298.83622,0.0,0.0
720.0,78.5248786,3795.60005,-36.6047338,-36.6047338,-14.4297206,-14.4297206,-13.5701001,-13.5701001,1306.35439,361.97302,138.650332,49.5183124,18.9786045,56.4438338,21.6507819,0.0132671198,2212.3896,0.0,68.0162202,0.453125734,0.0,3795.60005,2342.14792,1306.35439,0.0,0.0
720.5,198.119108,3648.69371,-83.0960548,-83.0960548,-31.7229553,-31.7229553,-29.3769064,-29.3769064,1330.78495,361.97302,229.349216,50.4443697,31.9869769,58.9908173,37.439714,0.01310803275,2212.3896,0.0,69.2882162,0.964046152,0.0,3648.69371,2295.2839,1330.78495,0.0,0.0
721.0,241.61502,3444.49576,-102.3415895,-102.3415895,-36.9224902,-36.9224902,-33.764641,-33.764641,1368.28465,361.97302,249.217651,51.8658244,35.7015932,60.8494156,41.8897693,0.0129490466,2212.3896,0.0,71.2406642,1.10817828,0.0,3444.49576,2232.21145,1368.28465,0.0,0.0
721.5,241.61502,3343.08939,-100.8746931,-100.8746931,-35.3150387,-35.3150387,-32.2444381,-32.2444381,1405.55154,361.737144,235.649927,53.2433287,34.6824544,61.9422881,40.349573,0.0127901616,2212.3896,0.0,73.1809876,1.05726899,0.0,3343.08939,2211.77531,1405.55154,0.0,0.0
722.0,241.61502,3291.50902,-100.8242274,-100.8242274,-34.7527064,-34.7527064,-31.6942318,-31.6942318,1441.58228,346.38264,227.908478,52.2832815,34.4032928,60.4698227,39.7894887,0.0126313778,2212.3896,0.0,75.0569529,1.02770825,0.0,3291.50902,2211.35046,1441.58228,0.0,0.0
722.5,241.61502,3242.41942,-100.8158209,-100.8158209,-34.2315479,-34.2315479,-31.1837154,-31.1837154,1476.63271,322.561017,220.791714,49.8716502,34.1395423,57.3665631,39.2694963,0.0124726946,2212.3896,0.0,76.8818778,1.000254739,0.0,3242.41942,2211.38961,1476.63271,0.0,0.0
723.0,241.61502,3194.64473,-100.8085532,-100.8085532,-33.7247397,-33.7247397,-30.6838333,-30.6838333,1510.75823,313.85803,214.084725,49.6542969,33.8676396,56.8266918,38.7601764,0.01231411265,2212.3896,0.0,78.6586469,0.974143774,0.0,3194.64473,2211.43586,1510.75823,0.0,0.0
723.5,241.61502,3148.1045,-100.801632,-100.801632,-33.2311497,-33.2311497,-30.19566,-30.19566,1544.00218,313.85803,207.748632,50.7469301,33.5886153,57.807875,38.2625569,0.0121556311,2212.3896,0.0,80.3895174,0.949250104,0.0,3148.1045,2211.48105,1544.00218,0.0,0.0
724.0,241.61502,3102.74423,-100.7949885,-100.7949885,-32.7501711,-32.7501711,-29.7210687,-29.7210687,1576.40316,313.85803,201.710795,51.8118572,33.2969051,58.7849929,37.7785362,0.0119972503,2212.3896,0.0,82.0764945,0.925341156,0.0,3102.74423,2211.52499,1576.40316,0.0,0.0
724.5,241.61502,3058.51573,-100.7886434,-100.7886434,-32.2812965,-32.2812965,-29.2594748,-29.2594748,1607.99587,313.85803,196.000788,52.8502202,33.0028679,59.7431261,37.3075265,0.01183897035,2212.3896,0.0,83.7213892,0.902514926,0.0,3058.51573,2211.56791,1607.99587,0.0,0.0
725.0,241.61502,3015.36614,-100.7825875,-100.7825875,-31.8239585,-31.8239585,-28.8102433,-28.8102433,1638.8178,313.85803,190.602637,53.8632472,32.709191,60.6797764,36.848895,0.0116807905,2212.3896,0.0,85.326154,0.880721229,0.0,3015.36614,2211.60971,1638.8178,0.0,0.0
725.5,241.61502,2973.24929,-100.7767811,-100.7767811,-31.3776532,-31.3776532,-28.3728029,-28.3728029,1668.90196,313.85803,185.476583,54.8520267,32.4139061,61.6005301,36.402068,0.0115227113,2212.3896,0.0,86.8925064,0.859832464,0.0,2973.24929,2211.65051,1668.90196,0.0,0.0
726.0,241.61502,2932.12154,-100.7712239,-100.7712239,-30.9419125,-30.9419125,-27.9466287,-27.9466287,1698.27964,313.85803,180.620416,55.8175871,32.1209689,62.4997366,35.9665225,0.0113647322,2212.3896,0.0,88.4220735,0.839842656,0.0,2932.12154,2211.69035,1698.27964,0.0,0.0
726.5,241.61502,2891.94108,-100.7658939,-100.7658939,-30.5162842,-30.5162842,-27.5290565,-27.5290565,1726.98056,313.88809,176.003861,56.7663815,31.8290119,63.3837879,35.5396149,0.0112068535,2212.3896,0.0,89.9164068,0.820654893,0.0,2891.94108,2211.72927,1726.98056,0.0,0.0
727.0,241.61502,2852.67341,-100.760737,-100.760737,-30.1003839,-30.1003839,-27.1172936,-27.1172936,1755.0294,315.844874,171.573399,58.0486802,31.5317901,64.6512479,35.1185122,0.0110490752,2212.3896,0.0,91.3767912,0.802097197,0.0,2852.67341,2211.7672,1755.0294,0.0,0.0
727.5,241.61502,2814.28876,-100.755758,-100.755758,-29.6938952,-29.6938952,-26.7156644,-26.7156644,1782.44754,318.880723,167.33434,59.5221472,31.2332356,66.142857,34.7075516,0.0108913965,2212.3896,0.0,92.8043325,0.784188236,0.0,2814.28876,2211.80432,1782.44754,0.0,0.0
728.0,241.61502,2776.75507,-100.7509546,-100.7509546,-29.2964765,-29.2964765,-26.3239304,-26.3239304,1809.25782,319.98984,163.281522,60.6268849,30.9352311,67.2336409,34.3064999,0.0107338178,2212.3896,0.0,94.200228,0.766912287,0.0,2776.75507,2211.84058,1809.25782,0.0,0.0
728.5,241.61502,2746.52234,-99.6657684,-99.6657684,-28.6606295,-28.6606295,-25.7422377,-25.7422377,1835.47196,319.98984,158.515488,61.5053,30.4663614,68.0688254,33.7181772,0.0105763389,2219.0712,0.0,95.565085,0.745486327,0.0,2746.52234,2214.56672,1835.47196,0.0,0.0
729.0,241.61502,3697.8397,-84.8323246,-84.8323246,-32.8692976,-32.8692976,-30.4846365,-30.4846365,1861.03565,319.98984,177.337737,62.3619213,34.5760837,69.2155407,38.3909909,0.01041896035,2646.10754,0.0,96.8960739,0.776470381,0.0,3697.8397,2625.34338,1861.03565,0.0,0.0
729.5,241.61502,5279.36514,-89.7800895,-89.7800895,-49.839477,-49.839477,-47.0440334,-47.0440334,1891.35716,319.98984,243.319981,63.3779722,48.2183393,71.408628,54.3795524,0.01026197415,3288.90652,0.0,98.474784,0.993644923,0.0,5279.36514,3301.13226,1891.35716,0.0,0.0
730.0,241.61502,3217.72366,-144.12819,-144.12819,-48.7620781,-48.7620781,-44.1312927,-44.1312927,1929.74882,319.98984,223.370609,64.6644491,45.056218,72.5550132,50.8865061,0.01014081075,2394.16162,0.0,100.473673,1.017413406,0.0,3217.72366,2465.68463,1929.74882,0.0,0.0
730.5,241.61502,86.429636877,-241.730229,-62.29755044,-1.133713429,-1.38443078106,-0.098684984,-0.7927078496,1951.24805,319.98984,37.1946041,65.384872,7.59758715,75.8719616,8.76943342,0.0099861062,638.4446192596,0.0,101.5930447,0.337795129,0.0,86.429636877,1175.28334,1951.24805,0.0,0.0
731.0,241.61502,-13.38586222,-299.970547,-51.32619129,0.4204736576,0.0441204989,1.16877638,0.12282831069,1962.40471,319.98984,32.5432023,65.7587244,6.68767904,77.057248,7.8364375,0.0098291023,0.0,0.0,102.1739232,0.385938257,0.0,-13.38586222,1140.26369,1962.40471,0.0,0.0
731.5,241.133947,-8.77774633,-299.929508,-57.00756129,0.2756503908,0.03508555284,0.7649494265,0.09807983511,1973.37452,319.978502,32.3810923,66.1239635,6.69154484,77.52844,7.84533826,0.0096721983,0.0,0.0,102.7450735,0.307725214,0.0,-8.77774633,1148.58634,1973.37452,0.0,0.0
732.0,210.364827,-14.4526419,-299.936142,-77.31891233,0.453840493,0.057527305,1.256619791,0.1595717738,1983.46782,319.247662,31.8640049,66.3102902,6.61834328,77.9461933,7.7793534,0.00951539365,0.0,0.0,103.2705886,0.268705403,0.0,-14.4526419,1152.11838,1983.46782,0.0,0.0
732.5,162.768588,-14.641594406,-299.792463,-36.36316765,0.4591219019,0.035555061523,1.291812199,0.098695065,1990.64968,318.115614,31.8439529,66.3144404,6.63819265,77.939013,7.80162171,0.0093586876,0.0,0.0,103.644518,0.1588749204,0.0,-14.641594406,1156.23318,1990.64968,0.0,0.0
733.0,145.46059,-7.431693595,-299.997403,-43.4353954,0.2334733991,0.034688998605,0.646749049,0.09617604798,1995.42065,317.7026,31.7236425,66.387126,6.62898248,78.0660978,7.79498112,0.00920208105,0.0,0.0,103.892921,0.1050640492,0.0,-7.431693595,1162.01901,1995.42065,0.0,0.0
733.5,144.801261,-17.550722359,-299.783997,-36.25783395,0.55034598774,0.04842841248,1.5015880151,0.13095868811,1999.83979,317.776804,31.4303515,66.5497059,6.5822115,78.3720501,7.75105259,0.00904557335,0.0,0.0,104.123008,0.1317253584,0.0,-17.550722359,1160.38871,1999.83979,0.0,0.0
734.0,102.613759,-2.987800861,-299.990256,-60.8659753,0.09385471084,0.017855182272,0.2642516407,0.05037696419,2003.13716,322.619881,31.8314329,67.6754416,6.67722208,79.5092269,7.84477183,0.0088891647,0.0,0.0,104.2946876,0.0831212678,0.0,-2.987800861,1168.37376,2003.13716,0.0,0.0
734.5,37.2886892,-311.09557548,-298.94907,-24.0303448,9.681152627,0.7014045857,14.025163275,1.0326155402,2002.60795,330.204498,27.026323,69.2478722,5.66802319,83.6596098,6.83114222,0.0087328553,17.30398411,0.0,104.2671339,-0.077237876,0.0,-311.09557548,1039.858843,2002.60795,0.0,0.0
735.0,9.19632192,-811.131024,-51.73600416,7.28085485,10.01690086,0.0239724477,13.11902651,0.415599896,1998.40627,339.07886,29.9978864,70.9594805,6.27697505,84.8064663,7.43155487,0.00857664445,1120.821895,0.0,104.048371,-0.154123734,0.0,-811.131024,829.337071,1998.40627,0.0,0.0
735.5,3.9846639054,1316.391847,290.570879,16.5077938,40.9320231,2.18266776,47.97247705,2.57636381,1992.07829,348.598027,20.1243415,72.720447,4.1988157,91.5552635,5.26918244,0.00842053225,2827.85468,0.0,103.718897,-0.207107503,0.0,1316.391847,1710.92016,1992.07829,0.0,0.0
736.0,99.2084794,4466.42678,222.836048,6.23567887,88.2531693,1.67921532,101.3104062,2.24638298,1986.10377,352.072,21.24599505,73.2254506,4.4180183,94.2860904,5.36864945,0.00826451865,3448.6826,0.0,103.4078325,-0.0739098047,0.0,4466.42678,3018.18449,1986.10377,0.0,0.0
736.5,250.304785,6372.5649,-120.5733185,-120.5733185,-79.6582062,-79.6582062,-75.4172457,-75.4172457,2008.32612,352.072,340.341945,74.044764,71.586443,85.2451931,82.4342986,0.0081175519,3440.30766,0.0,104.5648527,1.35150685,0.0,6372.5649,3824.31815,2008.32612,0.0,0.0
737.0,305.25687,4238.42015,-149.862676,-149.862676,-66.7038934,-66.7038934,-61.5968184,-61.5968184,2056.25418,352.072,284.263991,75.811818,61.1500603,85.6767465,69.2555214,0.0079827269,2906.3824,0.0,107.0602589,1.27673474,0.0,4238.42015,2964.26953,2056.25418,0.0,0.0
737.5,303.86091,2053.13611,-144.459431,-144.459431,-31.2128643,-31.2128643,-26.862852,-26.862852,2092.035,352.072,144.8668735,77.1310189,31.7057765,84.4910489,34.7670652,0.00782731038,2080.44944,0.0,108.9232126,0.808355067,0.0,2053.13611,2075.84887,2092.035,0.0,0.0
738.0,214.867593,1082.51553,-89.9893763,-89.9893763,-10.21942056,-10.21942056,-8.08089618,-8.08089618,2111.71819,352.072,65.359487,77.8567181,14.4511693,85.698362,15.90103075,0.00767167093,1780.0664,0.0,109.9480359,0.349097963,0.0,1082.51553,1683.45942,2111.71819,0.0,0.0
738.5,77.203162,1077.02455,-31.7691755,-31.7691755,-3.57728849,-3.57728849,-2.99562488,-2.99562488,2117.96404,352.072,43.2511373,78.0869915,9.5926981,88.1360718,10.8042756,0.00751612973,1780.0664,0.0,110.2732252,0.01473450866,0.0,1077.02455,1684.82143,2117.96404,0.0,0.0
739.0,27.136055,1252.63583,-9.5425249,-9.5425249,-1.259000614,-1.259000614,-1.002946151,-1.002946151,2115.30916,352.072,34.3755728,77.9891082,7.61457607,89.9914852,8.7849195,0.00736068655,1780.0664,0.0,110.1349941,-0.110568921,0.0,1252.63583,1756.3444,2115.30916,0.0,0.0
739.5,28.5913229,1316.76597,-11.4580406,-11.4580406,-1.58061407,-1.58061407,-1.30937289,-1.30937289,2111.68098,352.072,35.8861918,77.8553425,7.93565207,89.1084255,9.08233135,0.00720534162,1780.0664,0.0,109.9460932,-0.0999960024,0.0,1316.76597,1780.91097,2111.68098,0.0,0.0
740.0,121.3657337,1497.35241,-48.7503566,-48.7503566,-7.74012069,-7.74012069,-6.74456682,-6.74456682,2111.39035,352.072,59.249678,77.8446265,13.1021125,86.2032729,14.4822834,0.00705009454,1780.0664,0.0,109.9309603,0.14855659578,0.0,1497.35241,1855.8846,2111.39035,0.0,0.0
740.5,263.287809,1535.00112,-110.4061931,-110.4061931,-17.7252561,-17.7252561,-14.6836557,-14.6836557,2123.28068,352.072,92.4282641,78.2830119,20.5555813,85.411319,22.4249315,0.00689494557,1780.0664,0.0,110.5500401,0.526384399,0.0,1535.00112,1878.49322,2123.28068,0.0,0.0
741.0,214.024634,1137.36074,-92.9051409,-92.9051409,-11.32136597,-11.32136597,-9.04586813,-9.04586813,2140.83736,352.072,68.343845,78.9303071,15.3170785,86.8142515,16.8277004,0.0067398943,1780.0664,0.0,111.4641394,0.357520673,0.0,1137.36074,1723.28335,2140.83736,0.0,0.0
741.5,57.182433962,1004.715472,-24.2050414537,-24.2050414537,-2.55452993794,-2.55452993794,-2.11349594926,-2.11349594926,2145.99146,352.081328,38.556611,79.122425,8.66504761,90.4722847,9.86828893,0.00658494091,1775.51419,0.0,111.7324885,-0.0420939891,0.0,1004.715472,1671.09809,2145.99146,0.0,0.0
742.0,6.682932,545.361358,-11.4737943,-11.4737943,-0.58337062,-0.58337062,-0.3896363717,-0.3896363717,2141.63433,352.686252,30.7950691,79.0974096,6.9065487,93.0129066,8.12068134,0.00643008523,1485.28821,0.0,111.5056339,-0.147462472,0.0,545.361358,1477.41339,2141.63433,0.0,0.0
742.5,17.1411748,-33.4798274724,-100.7981303,-8.6141969,0.628310533946,0.047565784481,1.43417439581,0.108699315888,2136.56761,353.624326,28.5744486,79.1201656,6.39336219,94.2187601,7.61254225,0.00627532739,1036.339721,0.0,111.2418344,-0.146530186,0.0,-33.4798274724,1233.59488,2136.56761,0.0,0.0
743.0,38.684609,-331.488818,-258.839421,-17.9195926,9.17427637,0.631829578,14.54309255,1.003489046,2132.00056,353.96652,24.6787324,79.0274764,5.50993866,96.2376201,6.70873769,0.00612066727,873.0567,0.0,111.004044,-0.116974013,0.0,-331.488818,1106.9244,2132.00056,0.0,0.0
743.5,66.285408,-165.952184451,-300.0,-23.4186043,5.2135417008,0.366858136553,9.0180785269,0.63887527067,2128.67746,353.96652,26.2807952,78.904299,5.85823702,95.2288974,7.0644295,0.00596610465,873.0567,0.0,110.8310276,-0.0711043975,0.0,-165.952184451,1173.86515,2128.67746,0.0,0.0
744.0,76.32207,-1.375498013,-299.99948,-23.69713609,0.04321244772,0.003815527211,0.1221593192,0.010777576177,2127.12637,353.96652,29.0329665,78.8468029,6.46715539,93.6775733,7.68359302,0.00581163998,873.0567,0.0,110.7502654,-0.0008472008,0.0,-1.375498013,1241.44098,2127.12637,0.0,0.0
744.5,75.940282,-1.559307015,-299.956201,-28.23691,0.04895394345,0.00449816317,0.1383205315,0.01271392497,2125.95085,353.96652,29.0016591,78.8032304,6.45661183,93.6465756,7.67276828,0.00565727256,873.0567,0.0,110.6890609,-0.0301988411,0.0,-1.559307015,1240.67816,2125.95085,0.0,0.0
745.0,51.5173978,-58.833698395,-300.0,-23.7236872,1.84831518676,0.13395885294,3.8170449979,0.27781580618,2124.16394,353.96652,27.8095648,78.7369939,6.18612867,94.2125646,7.39881066,0.00550300245,873.0567,0.0,110.5960295,-0.0811657825,0.0,-58.833698395,1215.80252,2124.16394,0.0,0.0
745.5,13.739274516,-808.443915,-271.426554,-16.717619,21.8522322,1.311174885,28.0317296,1.68956326,2120.09777,353.96652,21.7351625,78.586275,4.82577199,97.4053724,5.97821158,0.00534882887,873.0567,0.0,110.3843212,-0.155449189,0.0,-808.443915,901.509982,2120.09777,0.0,0.0
746.0,0.0,-1704.4171,-60.2386694,0.563412355,10.42277178,-0.085270486,13.6473295,0.216313127,2114.03233,353.96652,28.3757069,78.3614424,6.28049453,93.8505051,7.43885592,0.0051947523,873.0567,0.0,110.0685182,-0.178956018,0.0,-1704.4171,525.147337,2114.03233,0.0,0.0
746.5,0.0,-1000.350598,4.808522851,4.808522851,-0.5650397095,-0.5650397095,-0.421786486,-0.421786486,2107.95575,354.057344,31.1738703,78.1562216,6.88183438,91.828033,8.07797222,0.0050407721,873.0567,0.0,109.7521378,-0.176159104,0.0,-1000.350598,814.566522,2107.95575,0.0,0.0
747.0,0.0,-850.419493,0.1618136621,0.1618136621,-0.01447467172,-0.01447467172,-0.00814866559,-0.00814866559,2101.91903,359.952088,29.2605034,79.2294585,6.44060288,94.1007125,7.64948756,0.00488688863,873.0567,0.0,109.4378338,-0.173178073,0.0,-850.419493,873.429196,2101.91903,0.0,0.0
747.5,0.07397681972,-838.875666,0.0424695489,0.04493025476,-0.00373560373,-0.003950367911,-0.00180453608,-0.002189885772,2095.87616,369.092774,29.2853708,81.0078729,6.42753983,96.2211836,7.63463487,0.00473310183,873.0567,0.36505452193,109.1232031,-0.218972879,0.0,-838.875666,874.704282,2095.87616,-8.963201,0.785622
748.0,4.8000587,-740.912748,-5.489054146,-0.4377977341,0.3950728279,0.03147759931,0.763804497,0.06088204853,2048.37513,372.42953,29.7049247,79.8881256,6.37081062,94.8350737,7.5627418,0.00457941236,873.0567,23.68692083,106.6500316,-3.27491637,0.0,-740.912748,887.731847,2048.37513,-590.70147,50.3268438
748.5,12.1106506,-400.365304,-26.3178197,-2.30320105,1.054634367,0.0908943511,2.657207213,0.230041737,1852.91137,372.344801,32.3612977,72.249639,6.2660992,85.1729666,7.38478672,0.00442581968,883.379414,59.3968749,96.4730796,-7.93965593,0.0,-400.365304,915.306316,1852.91137,-1483.81046,114.3936187
749.0,14.769411,704.5467462,133.8182595,11.1411192,14.7497528985,1.0403559394,18.1805173983,1.3107453908,1576.11683,366.84748,31.7457385,60.5653265,5.27455866,72.7153443,6.29526201,0.00427232347,1541.61759,49.1959124,82.0615868,-6.59005282,0.0,704.5467462,1213.450103,1576.11683,-1231.559166,82.0247326
749.5,14.769411,2912.82452,299.150494,13.241186,91.338035,3.94123023,101.4970148,4.38244264,1430.67589,358.320105,15.9358617,53.6880559,2.39162011,72.3161845,3.21483531,0.00411892373,2559.84144,13.1205338332,74.4891033,-1.860725944,0.0,2912.82452,2047.40891,1430.67589,-329.47127186,19.936137723
750.0,14.769411,4772.97736,273.556342,9.22519529,135.334364,4.55933635,152.715394,5.14490081,1409.37433,355.20563,11.9916864,52.4245646,1.76985586,72.3819614,2.44361613,0.00396562046,2930.1672,0.0,73.380023,-0.122666429,0.0,4772.97736,2808.99436,1409.37433,0.0,0.0
750.5,14.769411,5940.70953,50.328663,-6.53524581,30.6709811,-4.05217393,38.34288885,-3.37651163,1406.76297,355.20563,64.0473841,52.3274293,9.43873653,64.574069,10.93118532,0.00381241324,2930.1672,0.0,73.2440645,0.0733885242,0.0,5940.70953,3293.3716,1406.76297,0.0,0.0
751.0,14.769411,5180.32031,-10.44588441,-10.44588441,-5.71744686,-5.71744686,-5.14640914,-5.14640914,1412.33533,355.20563,76.3645569,52.5347049,11.2926387,59.3371961,12.7484314,0.00365930164,2930.1672,0.0,73.5341909,0.1195043192,0.0,5180.32031,2980.22177,1412.33533,0.0,0.0
751.5,14.769411,5053.90492,-6.25749873,-6.25749873,-3.31177597,-3.31177597,-2.77033755,-2.77033755,1415.01642,355.20563,61.4099177,52.6344332,9.0997101,59.7703601,10.33338195,0.00350628608,2930.1672,0.0,73.6737829,0.0634669639,0.0,5053.90492,2929.18474,1415.01642,0.0,0.0
752.0,14.769411,5048.41362,-6.1644769,-6.1644769,-3.25896576,-3.25896576,-2.72070675,-2.72070675,1417.16609,355.20563,60.9414208,52.7143942,9.04402595,59.885402,10.27433045,0.00335336654,2930.1672,0.0,73.7857076,0.0615252269,0.0,5048.41362,2928.15502,1417.16609,0.0,0.0
752.5,15.8395405,5047.112419999999,-6.34229715,-6.34229715,-3.35237292,-3.35237292,-2.81176925,-2.81176925,1419.28391,355.20563,61.3255718,52.7931719,9.11469325,59.9527009,10.3504339,0.00320054304,2930.1672,0.0,73.8959746,0.0640532132,0.0,5047.112419999999,2928.85019,1419.28391,0.0,0.0
753.0,84.0128389,5168.72905,-33.7686213,-33.7686213,-18.3227282,-18.3227282,-17.39275543,-17.39275543,1426.55581,355.20563,146.2656224,53.0636648,21.8703179,60.1439662,24.83782865,0.00304781543,2930.1672,0.0,74.274588,0.46502259,0.0,5168.72905,2983.70169,1426.55581,0.0,0.0
753.5,189.473441,5166.84593,-80.3757565,-80.3757565,-43.4458458,-43.4458458,-41.0375978,-41.0375978,1453.36386,355.20563,270.785814,54.0608459,41.2491279,63.4557941,48.4847237,0.00289518357,2923.90988,0.0,75.6703684,1.068589621,0.0,5166.84593,2998.57113,1453.36386,0.0,0.0
754.0,227.82611,4053.99397,-111.3449214,-111.3449214,-47.3424863,-47.3424863,-43.6350641,-43.6350641,1495.16441,355.20563,278.86674,55.6157013,43.6215512,65.2110424,51.2310642,0.00274264751,2524.38012,0.0,77.8467424,1.18801273,0.0,4053.99397,2559.91223,1495.16441,0.0,0.0
754.5,227.82611,2426.10491,-108.0791194,-108.0791194,-27.5311,-27.5311,-24.2834367,-24.2834367,1530.10583,355.20563,175.770236,56.9154201,28.1395972,64.353213,31.8563426,0.00259020709,1906.35127,0.0,79.6659929,0.844257447,0.0,2426.10491,1902.93768,1530.10583,0.0,0.0
755.0,227.82611,1814.26081,-94.0568358,-94.0568358,-17.8704357,-17.8704357,-15.38490575,-15.38490575,1555.03437,355.20563,125.8689847,57.8426862,20.4975583,64.579414,22.884802,0.00243786227,1681.5916,0.0,80.963911,0.655064463,0.0,1814.26081,1662.90036,1555.03437,0.0,0.0
755.5,226.654365,1821.39284,-95.1505769,-95.1505769,-18.1473888,-18.1473888,-15.61474535,-15.61474535,1577.69858,355.414697,125.452564,58.7204916,20.7261725,65.4785745,23.1116153,0.00228561296,1679.02858,0.0,82.1439391,0.651197716,0.0,1821.39284,1679.10153,1577.69858,0.0,0.0
756.0,152.008913,1274.38182,-70.8867026,-70.8867026,-9.83470467,-9.83470467,-8.27064192,-8.27064192,1596.85214,369.009005,84.723628,61.708854,14.16029435,68.8894136,15.7965361,0.00213345908,1515.75211,0.0,83.1411857,0.387694748,0.0,1274.38182,1462.66984,1596.85214,0.0,0.0
756.5,36.95625641,591.435681,-20.25240091,-20.603366014,-1.51225106,-1.5251468487,-1.151321778,-1.186794624,1603.7372,390.095757,45.1947683,65.5140518,7.58989666,74.952346,8.67515569,0.00198140052,1263.1731,0.0,83.4996589,0.0372846566,0.0,591.435681,1182.51107,1603.7372,0.0,0.0
757.0,21.72763448,549.568731,-3.5289614,-6.354545226,-0.310059399,-0.4328597119,0.0221105114,-0.2879840438,1602.89891,397.79727,40.1308078,66.772336,6.73612342,76.8490455,7.75166988,0.00182943759,1171.3163,0.0,83.4560111,-0.02159341924,0.0,549.568731,1164.60046,1602.89891,0.0,0.0
757.5,63.1319642,636.535942,-26.4544409,-26.4544409,-1.76149985,-1.76149985,-1.36594664,-1.36594664,1603.97392,397.911165,45.9532726,66.8362649,7.71877815,76.3885417,8.8215699,0.00167756958,1171.3163,0.0,83.5119845,0.0803100373,0.0,636.535942,1201.41586,1603.97392,0.0,0.0
758.0,78.18922,578.041053,-33.0839921,-33.0839921,-2.00335537,-2.00335537,-1.50971577,-1.50971577,1607.56263,405.316964,46.6155105,68.2328844,7.8473689,77.9131036,8.960601,0.00152579656,1171.3163,0.0,83.6988299,0.1110536691,0.0,578.041053,1179.17108,1607.56263,0.0,0.0
758.5,78.18922,555.715533,-32.5799773,-32.5799773,-1.89597487,-1.89597487,-1.41112586,-1.41112586,1611.32011,416.804431,45.918263,70.3307,7.74810312,80.3560545,8.8525604,0.0013741186,1171.3163,0.0,83.8944687,0.1073975276,0.0,555.715533,1172.07526,1611.32011,0.0,0.0
759.0,78.18922,550.15254,-32.5648643,-32.5648643,-1.87612176,-1.87612176,-1.39198211,-1.39198211,1615.00893,421.0,45.6653,71.2009253,7.72306034,81.3584346,8.8248303,0.00122253557,1171.3163,0.0,84.0865276,0.1060391572,0.0,550.15254,1171.9143,1615.00893,0.0,0.0
759.5,78.18922,545.043933,-32.5642323,-32.5642323,-1.85866447,-1.85866447,-1.37504052,-1.37504052,1618.65269,421.0,45.4270178,71.3615687,7.70009518,81.5489715,8.7993418,0.00107104743,1171.3163,0.0,84.2762416,0.1047586572,0.0,545.043933,1171.91617,1618.65269,0.0,0.0
760.0,78.18922,540.004089,-32.5638772,-32.5638772,-1.84145782,-1.84145782,-1.35841167,-1.35841167,1622.25248,421.0,45.1928411,71.5202736,7.6774379,81.7371121,8.7741776,0.00091965407,1171.3163,0.0,84.4636679,0.1034969281,0.0,540.004089,1171.92092,1622.25248,0.0,0.0
760.5,78.18922,535.02502,-32.5635317,-32.5635317,-1.82445939,-1.82445939,-1.34205535,-1.34205535,1625.80899,421.0,44.9624839,71.6770681,7.65505006,81.9229102,8.74929705,0.000768355429,1171.3163,0.0,84.6488399,0.1022525299,0.0,535.02502,1171.92573,1625.80899,0.0,0.0
761.0,78.18922,530.105747,-32.56319,-32.56319,-1.80766554,-1.80766554,-1.32596571,-1.32596571,1629.32274,421.0,44.7358501,71.8319786,7.63292593,82.1064022,8.72469435,0.00061715143,1171.3163,0.0,84.831786,0.1010251064,0.0,530.105747,1171.93044,1629.32274,0.0,0.0
761.5,78.18922,525.245488,-32.5628538,-32.5628538,-1.79107353,-1.79107353,-1.31013752,-1.31013752,1632.79438,421.0,44.5128508,71.9850341,7.61106015,82.2876204,8.70036395,0.000466041974,1171.3163,0.0,85.0125409,0.099814322,0.0,525.245488,1171.93511,1632.79438,0.0,0.0
762.0,78.18922,520.443457,-32.5625218,-32.5625218,-1.77468056,-1.77468056,-1.29456569,-1.29456569,1636.22438,421.0,44.2934,72.1362543,7.58944721,82.4666025,8.67630165,0.000315026993,1171.3163,0.0,85.1911266,0.0986198561,0.0,520.443457,1171.93973,1636.22438,0.0,0.0
762.5,78.18922,515.698817,-32.5621944,-32.5621944,-1.75848398,-1.75848398,-1.27924529,-1.27924529,1639.61348,421.0,44.0774138,72.2856679,7.56808227,82.6433745,8.6525017,0.000164106419,1171.3163,0.0,85.3675789,0.0974413996,0.0,515.698817,1171.94429,1639.61348,0.0,0.0
763.0,78.18922,511.4292,-32.5492436,-32.5492436,-1.74323238,-1.74323238,-1.26503868,-1.26503868,1642.6013,421.0,28.51946992,72.4173923,4.90497635,88.7446991,5.68492647,2.5955032e-05,1171.3163,0.0,85.5231429,0.0466600751,0.0,511.4292,1171.91223,1642.6013,0.0,0.0
763.5,78.18922,506.083937,-33.4738989,-33.4738989,-1.76899303,-1.76899303,-1.27727848,-1.27727848,1642.38359,421.0,5.50824096,72.4077922,0.947359959,97.6522826,1.27765108,-2.6546e-07,1165.45627,0.0,85.5118074,-0.0261520632,0.0,506.083937,1169.56092,1642.38359,0.0,0.0
764.0,78.18922,45.556873709,-111.5053191,-16.154483,-0.135300686425,-0.256182238454,0.19203558976,-0.147963241677,1641.44719,421.0,0.64845878003,72.3665105,0.111498371203,97.6043421,0.15037716932,-2.6546e-07,790.638461,0.0,85.4630556,-0.01089691837,0.0,45.556873709,977.385443,1641.44719,0.0,0.0
764.5,78.18922,-34.30333744,-297.130274,0.0,1.072680365,0.0,3.056212655,0.0,1639.92992,421.0,0.0,72.2996174,0.0,97.5266499,0.0,-2.6546e-07,210.860142894,0.0,85.3840556,-0.041095003,0.0,-34.30333744,943.269099,1639.92992,0.0,0.0
765.0,78.18922,-18.39478786,-299.541605,0.0,0.5764678945,0.0,1.641881319,0.0,1638.36071,421.0,0.0,72.2304375,0.0,97.4462741,0.0,-2.6546e-07,0.0,0.0,85.302355,-0.01975808332,0.0,-18.39478786,948.972508,1638.36071,0.0,0.0
765.5,78.18922,-25.5865655,-299.307679,0.0,0.800388928,0.0,2.285684654,0.0,1636.81202,421.0,0.0,72.1621598,0.0,97.3669318,0.0,-2.6546e-07,0.0,0.0,85.2217215,-0.0005192914,0.0,-25.5865655,945.075704,1636.81202,0.0,0.0
766.0,78.18922,-15.1208614,-299.580165,0.0,0.473881619,0.0,1.353037991,0.0,1635.26102,421.0,0.0,72.0937819,0.0,97.2874489,0.0,-2.6546e-07,0.0,0.0,85.1409675,-0.060626121,0.0,-15.1208614,948.524947,1635.26102,0.0,0.0
766.5,78.18922,-19.302214353,-299.81148,0.0,0.6053830274,0.0,1.7261070176,0.0,1633.72576,421.0,0.0,72.0260944,0.0,97.2087508,0.0,-2.6546e-07,0.0,0.0,85.0610327,-0.0237858678,0.0,-19.302214353,945.888628,1633.72576,0.0,0.0
767.0,78.18922,-27.60239214,-299.3121,0.0,0.8630187065,0.0,2.458613313,0.0,1632.20029,421.0,0.0,71.9588413,0.0,97.1305346,0.0,-2.6546e-07,0.0,0.0,84.9816082,-0.0401153736,0.0,-27.60239214,941.544132,1632.20029,0.0,0.0
767.5,78.18922,-20.044892835,-299.408693,0.0,0.6259527811,0.0,1.789403597,0.0,1630.6733,421.0,0.0,71.8915225,0.0,97.0522226,0.0,-2.6546e-07,0.0,0.0,84.9021065,-0.0963129814,0.0,-20.044892835,943.797288,1630.6733,0.0,0.0
768.0,78.18922,-36.08026883,-298.859923,0.0,1.125654494,0.0,3.2178663404,0.0,1629.16701,421.0,0.0,71.8251138,0.0,96.9749485,0.0,-2.6546e-07,0.0,0.0,84.823678,-0.0747572722,0.0,-36.08026883,936.245329,1629.16701,0.0,0.0
768.5,78.1693674,-22.68397487,-299.61278,0.0,0.710640491,0.0,2.008750252,0.0,1627.65148,421.0,0.0,71.7582968,0.0,96.8971806,0.0,-2.6546e-07,0.0,0.0,84.7447696,-0.0643415253,0.0,-22.68397487,940.934698,1627.65148,0.0,0.0
769.0,76.9052577,-16.8928483,-299.706952,0.0,0.529894596,0.0,1.505652126,0.0,1626.11512,421.0,0.0,71.6905616,0.0,96.8183263,0.0,-2.6546e-07,0.0,0.0,84.664779,0.0263314154,0.0,-16.8928483,942.44737,1626.11512,0.0,0.0
769.5,75.4042738,-30.73940165,-299.25571,0.0,0.960812048,0.0,2.717885519,0.0,1624.48318,421.0,0.0,71.618616,0.0,96.7345396,0.0,-2.6546e-07,0.0,0.0,84.5798106,-0.05813224067,0.0,-30.73940165,935.732843,1624.48318,0.0,0.0
770.0,103.7301824,-37.27601578,-299.530213,0.0,1.168021504,0.0,3.316989009,0.0,1623.50273,421.0,0.0,71.5753928,0.0,96.6841978,0.0,-2.6546e-07,0.0,0.0,84.528762,0.0098175377,0.0,-37.27601578,932.440421,1623.50273,0.0,0.0
770.5,148.64656,-33.14990762,-299.584713,0.0,1.0391225382,0.0,2.902785856,0.0,1625.16062,421.0,0.0,71.6484834,0.0,96.7693223,0.0,-2.6546e-07,0.0,0.0,84.6150825,0.158732433425,0.0,-33.14990762,935.12536,1625.16062,0.0,0.0
771.0,164.98198,-22.0056503,-299.673959,0.0,0.689920759,0.0,1.963624674,0.0,1629.01772,421.0,0.0,71.8185323,0.0,96.9672838,0.0,-2.6546e-07,0.0,0.0,84.815907,0.09547002531,0.0,-22.0056503,942.014711,1629.01772,0.0,0.0
771.5,164.98198,-35.71965753,-299.178179,0.0,1.117415521,0.0,3.176177427,0.0,1633.17107,421.0,0.0,72.0016402,0.0,97.180305,0.0,-2.6546e-07,0.0,0.0,85.0321516,0.07883186978,0.0,-35.71965753,938.733308,1633.17107,0.0,0.0
772.0,164.98198,-29.1977432,-299.44828,0.0,0.914514862,0.0,2.586883663,0.0,1637.29289,421.0,0.0,72.1833594,0.0,97.3915655,0.0,-2.6546e-07,0.0,0.0,85.2467581,0.11583267348,0.0,-29.1977432,943.853832,1637.29289,0.0,0.0
772.5,164.98198,-23.87819574,-299.646034,0.0,0.748182496,0.0,2.127067066,0.0,1641.3953,420.76478,0.0,72.3237464,0.0,97.5470949,0.0,-2.6546e-07,0.0,0.0,85.4603534,0.105607039757,0.0,-23.87819574,948.462705,1641.3953,0.0,0.0
773.0,164.98198,-25.27188877,-299.586696,0.0,0.7923252725,0.0,2.2403308055,0.0,1645.4814,405.505714,0.0,69.8736385,0.0,94.2100572,0.0,-2.6546e-07,0.0,0.0,85.6731015,0.10599341646,0.0,-25.27188877,950.268635,1645.4814,0.0,0.0
773.5,164.98198,-27.42037995,-299.453849,0.0,0.858901304,0.0,2.409015449,0.0,1649.54797,381.836847,0.0,65.9578039,0.0,88.899777,0.0,-2.6546e-07,0.0,0.0,85.884828,0.1241700538,0.0,-27.42037995,951.749065,1649.54797,0.0,0.0
774.0,164.98198,-29.31212332,-299.569112,0.0,0.918793939,0.0,2.608643498,0.0,1653.5944,373.1968,0.0,64.6242525,0.0,87.0724288,0.0,-2.6546e-07,0.0,0.0,86.0955079,0.093356208745,0.0,-29.31212332,953.324581,1653.5944,0.0,0.0
774.5,164.98198,-30.73305727,-299.423899,0.0,0.962632547,0.0,2.717915203,0.0,1657.62071,373.367144,0.0,64.8112069,0.0,87.2945925,0.0,-2.6546e-07,0.0,0.0,86.305138,0.10407043021,0.0,-30.73305727,955.084237,1657.62071,0.0,0.0
775.0,164.98198,-23.3855198,-299.708756,0.0,0.73356894,0.0,2.073030574,0.0,1661.62222,384.464978,0.0,66.8993015,0.0,90.0764826,0.0,-2.6546e-07,0.0,0.0,86.5134796,0.18335164963,0.0,-23.3855198,960.478051,1661.62222,0.0,0.0
775.5,164.98198,-25.33601712,-299.637457,0.0,0.7944325525,0.0,2.238097383,0.0,1665.60912,401.735961,0.0,70.072235,0.0,94.3169054,0.0,-2.6546e-07,0.0,0.0,86.7210606,0.07695035657,0.0,-25.33601712,961.994362,1665.60912,0.0,0.0
776.0,164.98198,-15.76691986,-299.830572,0.0,0.494759816,0.0,1.399928185,0.0,1669.5698,412.183749,0.0,72.0651688,0.0,96.9670094,0.0,-2.6546e-07,0.0,0.0,86.9272785,0.20412077677,0.0,-15.76691986,968.288763,1669.5698,0.0,0.0
776.5,164.98198,-19.38089193,-299.767356,0.0,0.607463109,0.0,1.731858466,0.0,1673.51821,418.641764,0.0,73.3673541,0.0,98.686254,0.0,-2.6546e-07,0.0,0.0,87.1328526,0.09458201327,0.0,-19.38089193,969.09041,1673.51821,0.0,0.0
777.0,164.98198,-35.4699736,-299.312164,0.0,1.110665711,0.0,3.13324311,0.0,1677.45391,421.0,0.0,73.9539393,0.0,99.4422685,0.0,-2.6546e-07,0.0,0.0,87.3377701,0.07213773415,0.0,-35.4699736,964.693649,1677.45391,0.0,0.0
777.5,164.98198,-37.9572765,-299.195214,0.0,1.188173284,0.0,3.34010145,0.0,1681.36244,421.0,0.0,74.1262555,0.0,99.6411022,0.0,-2.6546e-07,0.0,0.0,87.5412694,0.15302334522,0.0,-37.9572765,965.940819,1681.36244,0.0,0.0
778.0,164.98198,-33.38079807,-299.445293,0.0,1.045923702,0.0,2.9613083027,0.0,1685.24744,421.0,0.0,74.297533,0.0,99.8386104,0.0,-2.6546e-07,0.0,0.0,87.7435451,0.09685222409,0.0,-33.38079807,970.113534,1685.24744,0.0,0.0
778.5,164.98198,-18.91822832,-299.407008,0.0,0.5922297658,0.0,1.6872854704,0.0,1689.10743,421.0,0.0,74.467707,0.0,100.034717,0.0,-2.6546e-07,18.901136148,0.0,87.9445154,0.07905161206,0.0,-18.91822832,978.385332,1689.10743,0.0,0.0
779.0,164.98198,341.9254536,-139.25599548,-18.09767548,0.085334612,-0.273472389,0.8242046393,-0.1826004307,1692.76622,421.0,0.7514406165,74.6290146,0.1332759037,100.2204894,0.1789647356,-2.6546e-07,1227.846734,0.0,88.1350168,0.08281646436,0.0,341.9254536,1130.671424,1692.76622,0.0,0.0
779.5,164.98198,4901.59995,-23.4025844,-23.4025844,-13.44335538,-13.44335538,-12.72354008,-12.72354008,1696.22597,421.0,62.8992753,74.7815454,11.18350254,87.7347386,12.6704912,-2.6546e-07,3097.87916,0.0,88.3151501,0.2352848282,0.0,4901.59995,3030.00581,1696.22597,0.0,0.0
780.0,164.98198,6793.590050000001,-71.550559,-71.550559,-50.9113322,-50.9113322,-48.7515291,-48.7515291,1717.55826,421.0,238.514622,75.7220191,42.8930854,86.0518782,48.7499385,-2.6546e-07,3777.99,0.0,89.4258276,0.884176393,0.0,6793.590050000001,3829.73251,1717.55826,0.0,0.0
780.5,164.98198,6625.382540000001,-69.0196336,-69.0196336,-47.8866187,-47.8866187,-45.8343325,-45.8343325,1746.85954,421.0,221.995036,77.0138259,40.608203,86.9270193,45.8356365,-2.6546e-07,3777.99,0.0,90.9514185,0.821950603,0.0,6625.382540000001,3776.84896,1746.85954,0.0,0.0
781.0,164.98198,6582.35464,-68.8757414,-68.8757414,-47.4762296,-47.4762296,-45.430686,-45.430686,1774.90836,421.0,217.186674,78.250414,40.3670393,88.066749,45.4311828,-2.6546e-07,3777.99,0.0,92.4118006,0.80188027,0.0,6582.35464,3775.32223,1774.90836,0.0,0.0
781.5,165.30616,6544.41708,-68.9229827,-68.9229827,-47.2349023,-47.2349023,-45.18905,-45.18905,1802.32797,421.0,213.270024,79.4592651,40.2517278,89.2041727,45.1883423,-2.6546e-07,3777.99,0.0,93.8394206,0.785433806,0.0,6544.41708,3775.54634,1802.32797,0.0,0.0
782.0,186.022566,6544.75963,-77.2509194,-77.2509194,-52.94473,-52.94473,-50.5773961,-50.5773961,1830.67719,421.0,233.87402,80.709097,44.8454246,90.9859321,50.5615227,-2.6546e-07,3777.99,0.0,95.3154414,0.886257348,0.0,6544.75963,3792.24169,1830.67719,0.0,0.0
782.5,218.067628,6510.4951,-91.1003778,-91.1003778,-62.1041808,-62.1041808,-59.1589315,-59.1589315,1864.2147,421.0,266.676284,82.1876634,52.0696655,93.3519285,59.1461495,-2.6546e-07,3777.99,0.0,97.0615931,1.04847433,0.0,6510.4951,3797.56631,1864.2147,0.0,0.0
783.0,229.72226,6418.411770000001,-96.2908307,-96.2908307,-64.7212495,-64.7212495,-61.5533997,-61.5533997,1901.61091,421.0,272.333663,83.8363511,54.2279832,95.1637177,61.5560073,-2.6546e-07,3777.99,0.0,99.0086526,1.08332613,0.0,6418.411770000001,3781.08506,1901.61091,0.0,0.0
783.5,229.72226,6346.8634,-97.021109,-97.021109,-64.4744155,-64.4744155,-61.2738529,-61.2738529,1938.39513,421.0,266.885665,85.4580575,54.1767447,96.6420396,61.2696147,-2.6546e-07,3770.97969,0.3661085858,100.9238475,1.01354493,0.0,6346.8634,3772.79127,1938.39513,-8.976758,0.7347917
784.0,229.72226,5314.21687,-111.7410559,-111.7410559,-62.2255886,-62.2255886,-58.3646285,-58.3646285,1933.86978,421.0,255.35284,85.2585506,51.7613554,96.1447146,58.3978096,-2.6546e-07,3323.3117,23.7453422,100.688235,-2.076625153,0.0,5314.21687,3340.4572,1933.86978,-592.072911,47.7345113
784.5,229.72226,3814.64414,-108.197387,-108.197387,-43.3012147,-43.3012147,-39.7875561,-39.7875561,1775.19867,421.0,190.930107,78.263213,35.6129728,87.4974275,39.8157919,-2.6546e-07,2630.82286,59.9102284,92.4269169,-7.04284292,0.0,3814.64414,2623.82695,1775.19867,-1496.37856,110.5427873
785.0,229.72226,3576.7649,-92.0635881,-92.0635881,-34.4900827,-34.4900827,-31.8006797,-31.8006797,1486.96474,421.0,180.688633,65.5558401,27.970694,74.4275015,31.7925,-2.6546e-07,2378.9802,73.06259,77.4198218,-8.8085584,0.0,3576.7649,2356.54601,1486.96474,-1826.5648,113.7691144
785.5,228.568957,4045.00606,-92.96725,-92.96725,-39.3777045,-39.3777045,-36.5848283,-36.5848283,1186.82062,421.0,246.760972,52.3233798,30.4928336,62.6694721,36.5805269,-2.6546e-07,2378.9802,72.695785,61.7926143,-8.51256187,0.0,4045.00606,2376.13264,1186.82062,-1817.58804,90.4081245
786.0,155.0625249,4265.39243,-64.3426745,-64.3426745,-28.6814212,-28.6814212,-26.984101,-26.984101,931.779896,421.0,222.171581,41.0793968,21.8690684,50.7131536,27.0177946,-2.6546e-07,2378.9802,49.3172495,48.5137487,-5.62482556,0.0,4265.39243,2318.92062,931.779896,-1234.491903,48.7958566
786.5,41.3503600742,4391.15125,-16.3480251927,-16.82365228237,-7.4893215939,-7.70907141449,-6.9274104232,-7.207799133968,809.163201,421.0,68.967618235,35.6735919,5.9287187489,47.2019481,7.2377240755,-2.6546e-07,2378.9802,13.15137886978,42.1296268,-1.549343329,0.0,4391.15125,2299.65484,809.163201,-330.18626437,11.3511940744
787.0,0.0,4413.04182,30.7453774,0.0,14.2092351,0.0,18.1299159,0.0,791.35581,421.0,0.0,34.8885168,0.0,54.895935,0.0,-2.6546e-07,2378.9802,0.0,41.2024741,-0.1039320824,0.0,4413.04182,2298.36608,791.35581,0.0,0.0
787.5,0.0,4414.97124,78.6567531,0.0,36.3665561,0.0,46.399989,0.0,787.766927,421.0,0.0,34.7302943,0.0,54.7092515,0.0,-2.6546e-07,2379.22527,0.0,41.0156162,-0.1036875145,0.0,4414.97124,2297.07345,787.766927,0.0,0.0
788.0,0.0,4416.896210000001,134.675284,0.0,62.293273,0.0,79.4779856,0.0,784.186485,421.0,0.0,34.5724421,0.0,54.5225839,0.0,-2.6546e-07,2394.84753,0.0,40.8291973,-0.1034446315,0.0,4416.896210000001,2295.78377,784.186485,0.0,0.0
788.5,0.0,4418.81659,206.652525,0.0,95.6271695,0.0,122.0048104,0.0,780.614411,421.0,0.0,34.4149602,0.0,54.3359277,0.0,-2.6546e-07,2419.01405,0.0,40.6432144,-0.103203417,0.0,4418.81659,2294.49725,780.614411,0.0,0.0
789.0,0.0,4420.73266,282.30899,0.0,130.692547,0.0,166.73875,0.0,777.050627,421.0,0.0,34.2578453,0.0,54.1492818,0.0,-2.6546e-07,2427.803,0.0,40.4576645,-0.1029638615,0.0,4420.73266,2293.21361,777.050627,0.0,0.0
789.5,0.0,4422.64418,300.0,0.0,138.941464,0.0,177.258756,0.0,773.495119,421.0,0.0,34.101093,0.0,53.9694663,0.0,-2.6546e-07,2427.803,0.0,40.2725446,-0.1027259526,0.0,4422.64418,2291.93295,773.495119,0.0,0.0
790.0,0.0,4424.55117,300.0,0.0,139.001378,0.0,177.331093,0.0,769.947789,421.0,0.0,33.9447017,0.0,53.8095707,0.0,-2.6546e-07,2427.803,0.0,40.0878513,-0.102489678,0.0,4424.55117,2290.65529,769.947789,0.0,0.0
790.5,0.0,4426.45402,297.61396,0.0,137.95492,0.0,175.992034,0.0,766.408623,421.0,0.0,33.7886692,0.0,53.6508096,0.0,-2.6546e-07,2415.61215,0.0,39.9035812,-0.1022550322,0.0,4426.45402,2289.38049,766.408623,0.0,0.0
791.0,0.0,3897.83299,53.271386,-22.91026,27.5846209,-7.7387788,37.8499491,-7.2121511,765.113364,421.0,72.10679,33.731565,5.78781497,47.6516445,7.18795984,-2.6546e-07,1638.76702,0.0,39.8361427,0.170804736,0.0,3897.83299,2068.66107,765.113364,0.0,0.0
791.5,0.0,467.59222102,-78.599779,-18.2561194,-1.8854099867,-1.92673489,-1.519481459,-1.63761646,771.0537,421.0,15.8612045,33.993457,1.280942809,50.9092952,1.652575683,-2.6546e-07,445.402284706,0.0,40.1454301,-0.0194021337,0.0,467.59222102,644.781143,771.0537,0.0,0.0
792.0,0.0,-4.45032567,-95.98227343,0.35902247,0.05993289798,-0.00010754897,0.17159927142,-3.762538e-05,768.014271,421.0,0.00028462205,33.8594582,2.2854161e-05,53.7229012,3.6282418e-05,-2.6546e-07,541.717634,0.0,39.9871808,-0.102994243,0.0,-4.45032567,446.586053,768.014271,0.0,0.0
792.5,0.0,2.7689084,254.9232485,0.0,0.0772076412,0.0,0.2207125406,0.0,764.476428,420.992682,0.0,33.7029001,0.0,53.5629831,0.0,-2.6546e-07,1366.75716,0.0,39.8029811,-0.1021273895,0.0,2.7689084,447.524301,764.476428,0.0,0.0
793.0,0.0,4.66494748,300.0,0.0,0.146553647,0.0,0.418951137,0.0,760.949736,420.5166,0.0,33.5095061,0.0,53.3436049,0.0,-2.6546e-07,1666.8235,0.0,39.6193604,-0.1018952309,0.0,4.66494748,446.254051,760.949736,0.0,0.0
793.5,0.0,6.55668638,300.0,0.0,0.205984376,0.0,0.588845054,0.0,757.431024,419.778068,0.0,33.2959748,0.0,53.0912057,0.0,-2.6546e-07,1666.8235,0.0,39.4361567,-0.1016646699,0.0,6.55668638,444.986674,757.431024,0.0,0.0
794.0,0.0,8.4441547,300.0,0.0,0.265280942,0.0,0.758355419,0.0,753.920277,419.5083,0.0,33.1203255,0.0,52.8982901,0.0,-2.6546e-07,1666.8235,0.0,39.2533673,-0.1014356943,0.0,8.4441547,443.722157,753.920277,0.0,0.0
794.5,0.0,10.3273819,300.0,0.0,0.324444265,0.0,0.927484894,0.0,750.417408,419.5083,0.0,32.9664429,0.0,52.7393466,0.0,-2.6546e-07,1666.8235,0.0,39.0709882,-0.101208294,0.0,10.3273819,442.460482,750.417408,0.0,0.0
795.0,0.0,12.20639685,300.0,0.0,0.383475263,0.0,1.09623607,0.0,746.922364,419.5083,0.0,32.8129033,0.0,52.5802364,0.0,-2.6546e-07,1666.8235,0.0,38.8890172,-0.100982458,0.0,12.20639685,441.201633,746.922364,0.0,0.0
795.5,0.7158555187,15.6727251,300.0,0.0,0.492373188,0.0,1.40754126,0.0,743.436565,419.5083,0.0,32.6597684,0.0,52.4210217,0.0,-2.6546e-07,1666.8235,0.0,38.7075259,-0.0999260554,0.0,15.6727251,440.608659,743.436565,0.0,0.0
796.0,46.3869175,819.75233,299.64578,0.0,25.6812112,0.0,43.80377777,0.0,740.681059,419.5083,0.0,32.5387161,0.0,52.29481,0.0,-2.6546e-07,1666.8235,0.0,38.5640589,-0.0465434187,0.0,819.75233,773.583202,740.681059,0.0,0.0
796.5,117.034503,3792.43933,66.30722753,-32.50512247,15.73755603,-14.75396637,26.446793127,-13.812393373,743.877233,419.366055,127.72833053,32.6678657,10.0243270183,49.3862506,13.748946933,-2.6546e-07,1666.8235,0.0,38.7304693,0.50536529606,0.0,3792.43933,2012.40644,743.877233,0.0,0.0
797.0,142.72897,3144.36652,-67.1744933,-67.1744933,-22.2806124,-22.2806124,-20.6310589,-20.6310589,773.566822,410.112781,201.317429,33.2187889,16.28111485,42.0034086,20.6570791,-2.6546e-07,1666.8235,0.0,40.2762778,0.831742719,0.0,3144.36652,1760.07408,773.566822,0.0,0.0
797.5,142.72897,2885.7519,-59.9132866,-59.9132866,-18.1053293,-18.1053293,-16.7342115,-16.7342115,798.826791,395.758537,162.499025,33.1035379,13.5922386,40.7571485,16.7348711,-2.6546e-07,1665.85633,0.0,41.5914559,0.691835873,0.0,2885.7519,1667.21172,798.826791,0.0,0.0
798.0,142.72897,2705.69768,-61.8761122,-61.8761122,-17.5324856,-17.5324856,-16.1146893,-16.1146893,822.396615,390.51532,153.33537,33.6316373,13.2014866,41.0558267,16.117926,-2.6546e-07,1604.23207,0.0,42.8186333,0.663956888,0.0,2705.69768,1606.05212,822.396615,0.0,0.0
798.5,142.72897,2442.4493,-60.8502962,-60.8502962,-15.5703117,-15.5703117,-14.2089074,-14.2089074,844.241585,390.51532,133.267261,34.5249815,11.7774815,41.656994,14.21337365,-2.6546e-07,1513.31881,0.0,43.9560068,0.595682842,0.0,2442.4493,1509.26762,844.241585,0.0,0.0
799.0,142.72897,2978.18188,-48.8944756,-48.8944756,-15.2591486,-15.2591486,-14.19718735,-14.19718735,863.530546,390.51532,130.403451,35.3137973,11.8007588,42.4377855,14.1869844,-2.6546e-07,1760.53529,0.0,44.9603007,0.56416902,0.0,2978.18188,1743.45258,863.530546,0.0,0.0
799.5,142.72897,4036.60993,-50.5068943,-50.5068943,-21.3869246,-21.3869246,-20.1893974,-20.1893974,885.683415,390.51532,178.147861,36.2197311,16.5345222,44.168786,20.1759203,-2.6546e-07,2195.9649,0.0,46.1137044,0.719782591,0.0,4036.60993,2196.80716,885.683415,0.0,0.0
800.0,142.72897,4311.14481,-61.7786885,-61.7786885,-27.8930011,-27.8930011,-26.3242963,-26.3242963,914.097665,390.51532,222.12431,37.3817216,21.2568648,46.2903374,26.3266347,-2.6546e-07,2314.58472,0.0,47.5931109,0.879465023,0.0,4311.14481,2327.63405,914.097665,0.0,0.0
800.5,142.72897,4086.07459,-60.9515965,-60.9515965,-26.0818208,-26.0818208,-24.5624188,-24.5624188,943.356292,390.51532,203.916269,38.5782432,20.1407056,47.0490648,24.565175,-2.6546e-07,2252.78768,0.0,49.1164815,0.816774172,0.0,4086.07459,2251.06455,943.356292,0.0,0.0
801.0,142.72897,3989.33525,-59.5125107,-59.5125107,-24.8620516,-24.8620516,-23.399223,-23.399223,970.678282,390.51532,190.924889,39.6955677,19.4062233,47.8634674,23.3996435,-2.6546e-07,2230.313,0.0,50.5390187,0.769982855,0.0,3989.33525,2226.76372,970.678282,0.0,0.0
801.5,142.011994,3955.69613,-59.4742422,-59.4742422,-24.6369125,-24.6369125,-23.1786763,-23.1786763,996.970533,390.51532,185.305878,40.7707818,19.3447176,48.8545094,23.1808177,-2.6546e-07,2230.313,0.0,51.9079424,0.748673306,0.0,3955.69613,2228.11808,996.970533,0.0,0.0
802.0,96.34206,3836.41,-41.1015249,-41.1015249,-16.5430201,-16.5430201,-15.5886996,-15.5886996,1019.197252,390.51532,124.6737285,41.6797349,13.2925341,48.8809784,15.61229925,-2.6546e-07,2230.313,0.0,53.0651923,0.465469021,0.0,3836.41,2191.4603,1019.197252,0.0,0.0
802.5,25.6941426433,3795.70497,-10.4197064775,-10.72835653242,-4.1425033752,-4.26518285756,-3.7375246138,-3.895526717738,1027.452,390.51532,29.7283681115,42.0173098,3.19801395715,55.7706235,3.9130849241,-2.6546e-07,2230.313,0.0,53.4949811,0.0224318681,0.0,3795.70497,2179.34249,1027.452,0.0,0.0
803.0,0.0,3796.82213,19.8596929,0.0,7.89686251,0.0,10.17025127,0.0,1024.576142,390.51532,0.0,41.899702,0.0,61.6793584,0.0,-2.6546e-07,2230.313,0.0,53.345247,-0.1222084022,0.0,3796.82213,2178.12815,1024.576142,0.0,0.0
803.5,0.0,3799.09007,51.0556201,0.0,20.3125768,0.0,26.1591319,0.0,1020.357627,390.51532,0.0,41.7271886,0.0,61.4806244,0.0,-2.6546e-07,2230.313,0.0,53.1256074,-0.1218361296,0.0,3799.09007,2176.60877,1020.357627,0.0,0.0
804.0,0.0,3801.35115,83.1585555,0.0,33.1041069,0.0,42.6304849,0.0,1016.151941,390.51532,0.0,41.5551977,0.0,61.2821382,0.0,-2.6546e-07,2230.313,0.0,52.9066355,-0.121466518,0.0,3801.35115,2175.09394,1016.151941,0.0,0.0
804.5,0.0,3803.60538,116.1657445,0.0,46.2709342,0.0,59.5835801,0.0,1011.959,390.51532,0.0,41.383729,0.0,61.0838991,0.0,-2.6546e-07,2230.313,0.0,52.6883275,-0.1210995473,0.0,3803.60538,2173.58368,1011.959,0.0,0.0
805.0,0.0,3805.85286,150.074466,0.0,59.812541,0.0,77.0176951,0.0,1007.778693,390.51532,0.0,41.2127757,0.0,60.8859037,0.0,-2.6546e-07,2230.313,0.0,52.4706766,-0.120735188,0.0,3805.85286,2172.07806,1007.778693,0.0,0.0
805.5,0.0,3808.09351,184.882008,0.0,73.7284155,0.0,94.932104,0.0,1003.610933,390.664888,0.0,41.0580273,0.0,60.7113595,0.0,-2.6546e-07,2230.313,0.0,52.2536799,-0.1203734294,0.0,3808.09351,2170.57682,1003.610933,0.0,0.0
806.0,0.0,3810.32752,220.585685,0.0,88.0180395,0.0,113.3260855,0.0,999.455644,400.394255,0.0,41.9058175,0.0,62.0202424,0.0,-2.6546e-07,2230.313,0.0,52.037332,-0.1200142419,0.0,3810.32752,2169.08022,999.455644,0.0,0.0
806.5,0.0,3812.55486,257.182829,0.0,102.6809055,0.0,132.198927,0.0,995.312713,415.487029,0.0,43.3052424,0.0,64.1482501,0.0,-2.6546e-07,2230.313,0.0,51.8216274,-0.1196576103,0.0,3812.55486,2167.58797,995.312713,0.0,0.0
807.0,0.0,3814.77554,292.24701,0.0,116.7480411,0.0,150.303122,0.0,991.182079,421.0,0.0,43.6982612,0.0,64.7876025,0.0,-2.6546e-07,2230.313,0.0,51.6065628,-0.1193035076,0.0,3814.77554,2166.10016,991.182079,0.0,0.0
807.5,0.0,3816.98972,300.0,0.0,119.9142679,0.0,154.372363,0.0,987.063637,421.0,0.0,43.5166918,0.0,64.575433,0.0,-2.6546e-07,2230.313,0.0,51.3921334,-0.1189519192,0.0,3816.98972,2164.61677,987.063637,0.0,0.0
808.0,0.0,3819.19742,300.0,0.0,119.9836256,0.0,154.454598,0.0,982.95731,421.0,0.0,43.3356559,0.0,64.3635145,0.0,-2.6546e-07,2230.313,0.0,51.1783352,-0.1186028209,0.0,3819.19742,2163.13771,982.95731,0.0,0.0
808.5,0.16522939522,3821.76663,300.0,0.0,120.0643385,0.0,154.550297,0.0,978.863359,421.0,0.0,43.1551654,0.0,64.151863,0.0,-2.6546e-07,2238.82655,0.0,50.9651799,-0.1180641005,0.0,3821.76663,2161.81643,978.863359,0.0,0.0
809.0,10.7277784,4009.48598,300.0,0.0,125.9617201,0.0,161.616023,0.0,974.948394,421.0,0.0,42.982566,0.0,63.9491189,0.0,-2.6546e-07,2783.06794,0.0,50.7613459,-0.1054288185,0.0,4009.48598,2237.64195,974.948394,0.0,0.0
809.5,27.0666261,4857.97508,300.0,0.0,152.617792,0.0,193.955516,0.0,971.640109,421.0,0.0,42.8367135,0.0,63.7775277,0.0,-2.6546e-07,3624.93652,0.002977110339,50.5890971,-0.0864944923,0.0,4857.97508,2588.7728,971.640109,-0.07286189,0.0029614933
810.0,33.00855,6257.73122,300.0,0.0,196.592422,0.0,248.56023,0.0,968.499143,421.0,0.0,42.6982369,0.0,63.6152486,0.0,-2.6546e-07,3931.0977,0.193062386,50.4255604,-0.1043328541,0.0,6257.73122,3169.38765,968.499143,-4.81263092,0.1951481518
810.5,33.00855,7733.238589999999,282.748484,0.0,228.088458,0.0,293.83498,0.0,964.22043,421.0,0.0,42.5096018,0.0,63.4107308,0.0,-2.6546e-07,3931.0977,0.487098488,50.2027862,-0.142814962,0.0,7733.238589999999,3780.85882,964.22043,-12.1652454,0.491224242
811.0,33.00855,9006.226050000001,64.2701423,-11.6486442,58.8317779,-11.0863431,83.7664064,-10.4894658,960.579281,421.0,83.610927,42.3490754,8.4234855,58.7222465,10.4186064,-2.6546e-07,3931.0977,0.5940381,50.0132071,0.133804921,0.0,9006.226050000001,4308.43222,960.579281,-14.850952,0.597552593
811.5,32.8427462,8242.46301,-19.4751749,-19.4751749,-16.9004541,-16.9004541,-15.8595164,-15.8595164,972.670006,421.0,131.591595,42.8821185,13.3923935,50.703849,15.8926052,-2.6546e-07,3931.0977,0.5940381,50.6427185,0.301761896,0.0,8242.46301,3997.68441,972.670006,-14.850952,0.605073927
812.0,22.28077075,8048.2353,-9.61621344,-9.61621344,-8.10693055,-8.10693055,-7.19125282,-7.19125282,977.919619,421.0,59.1372615,43.1135606,6.05544042,51.5882022,7.20375401,-2.6546e-07,3931.0977,0.5940381,50.9160445,0.03746584559,0.0,8048.2353,3919.93019,977.919619,-14.850952,0.608339589
812.5,5.94207943087,8041.114070000001,-2.3612656133,-2.44933504,-1.987950074,-2.062137745,-1.5228489243,-1.619288942,975.71585,421.0,11.31224715,43.0164011,1.157268286,62.3150957,1.62644046,-2.6546e-07,3931.0977,0.66529135,50.8013023,-0.1577955304,0.0,8041.114070000001,3915.68023,975.71585,-16.5931632,0.677973596
813.0,0.0,8050.43368,6.4849075,0.0,5.46858316,0.0,7.11128114,0.0,961.257599,421.0,0.0,42.37898,0.0,63.275385,0.0,-2.6546e-07,3931.0977,5.21038071,50.0485246,-0.802889467,0.0,8050.43368,3911.11608,961.257599,-129.9264644,5.21446152
813.5,0.0,8071.7204,19.0261936,-1.3889419,16.08892,-1.1732442,21.3883357,-1.0800097,917.367112,421.0,9.195607,40.4439788,0.855759,59.8592379,1.0161338,-2.6546e-07,3911.43651,12.2414049,47.7633364,-1.69611,0.0,8071.7204,3894.3463,917.367112,-305.735889,11.7137264
814.0,0.0,5382.94207,-47.7640926,-47.7640926,-27.0456935,-27.0456935,-25.7929112,-25.7929112,866.100868,421.0,224.1532386,38.1838034,20.403832,47.9609005,25.8163853,-2.6546e-07,2653.49085,14.798169,45.0941254,-1.25515095,0.0,5382.94207,2745.59183,866.100868,-369.95422,13.4216242
814.5,0.0,864.99365595,-83.117902,-26.324384,-3.9235109467,-4.01142083,-3.297050357,-3.54835727,811.114149,421.0,33.4072305,35.7596039,2.90808256,50.4163485,3.57174319,-2.6546e-07,707.65523012,14.798169,42.2312059,-1.9055089,0.0,864.99365595,833.533819,811.114149,-369.95422,12.569517
815.0,0.0,-18.683771723,-287.928804,0.0,0.5556205429,0.0,1.5883456998,0.0,741.218328,421.0,0.0,32.6781045,0.0,52.4964387,0.0,-2.6546e-07,0.0,14.798169,38.592031,-2.05481277,0.0,-18.683771723,425.01745,741.218328,-369.95422,11.4863686
815.5,0.3126320164,-16.9497911,-298.38276,0.0,0.5311433104,0.0,1.518372974,0.0,670.293678,421.0,0.0,29.551249,0.0,49.1191105,0.0,-2.6546e-07,13.95858423,14.7238547,34.8992925,-2.04052963,0.0,-16.9497911,384.326603,670.293678,-368.133682,10.33858175
816.0,20.2326251,110.11885066,-24.8113875,-1.0085868,2.63514823,-0.000232307,6.634500326814,-8.1586186e-05,608.400853,421.0,0.00066984473,26.8225786,4.2413338e-05,45.9801528,7.285239e-05,-2.6546e-07,903.358461,9.98876411,31.6768007,-1.3724716,0.0,110.11885066,401.062026,608.400853,-250.046027,6.40290097
816.5,51.0478705,1615.930684,300.0,0.0,50.7659611,0.0,74.3394094,0.0,577.936275,421.0,0.0,25.4794865,0.0,44.4089942,0.0,-2.6546e-07,2279.21614,2.66381289396,30.0906417,-0.3852167594,0.0,1615.930684,1009.853417,577.936275,-66.868495942,1.62684052666
817.0,62.25423,4254.97001,296.432312,0.0,131.6536411,0.0,168.611887,0.0,573.69867,421.0,0.0,25.2926634,0.0,44.223979,0.0,-2.6546e-07,2779.5645,0.0,29.8700088,-0.0185641723,0.0,4254.97001,2105.50287,573.69867,0.0,0.0
817.5,62.25423,6731.66888,77.6708099,-17.1755478,49.4747881,-12.687956,66.4444421,-12.1606475,575.690204,421.0,131.701562,25.3804644,8.0042805,41.7196833,12.0971597,-2.6546e-07,2779.5645,0.0,29.9736991,0.4373764773,0.0,6731.66888,3137.23839,575.690204,0.0,0.0
818.0,62.25423,6031.74926,-32.9664609,-32.9664609,-20.9564156,-20.9564156,-19.9985067,-19.9985067,603.288147,421.0,230.99094,26.5971751,14.5574979,36.3208924,20.0262435,-2.6546e-07,2779.5645,0.0,31.4106042,0.784498195,0.0,6031.74926,2862.11086,603.288147,0.0,0.0
818.5,62.25423,5799.1332,-26.2276834,-26.2276834,-15.9278502,-15.9278502,-15.1303171,-15.1303171,625.723787,421.0,176.906272,27.5862956,11.5903633,36.0119775,15.131146,-2.6546e-07,2779.5645,0.0,32.578731,0.596716816,0.0,5799.1332,2778.4177,625.723787,0.0,0.0
819.0,62.25423,5766.66713,-26.0674383,-26.0674383,-15.7417113,-15.7417113,-14.9502328,-14.9502328,645.960383,421.0,171.015575,28.4784665,11.56751355,36.806092,14.9503722,-2.6546e-07,2779.5645,0.0,33.6323636,0.576269501,0.0,5766.66713,2776.72427,645.960383,0.0,0.0
819.5,62.25423,5739.08392,-26.0603489,-26.0603489,-15.6621524,-15.6621524,-14.873266,-14.873266,665.61086,421.0,166.563406,29.3447971,11.60918675,37.595122,14.8733893,-2.6546e-07,2779.5645,0.0,34.6554781,0.560740961,0.0,5739.08392,2776.72042,665.61086,0.0,0.0
820.0,62.25423,5712.29898,-26.0562611,-26.0562611,-15.5866099,-15.5866099,-14.80019745,-14.80019745,684.74277,421.0,162.418477,30.1882663,11.6457418,38.3649962,14.8003174,-2.6546e-07,2779.5645,0.0,35.6515941,0.546208979,0.0,5712.29898,2776.74598,684.74277,0.0,0.0
820.5,61.9416683,5685.70044,-25.9998184,-25.9998184,-15.4805152,-15.4805152,-14.6976198,-14.6976198,703.385975,421.0,158.248422,31.0101896,11.6554712,39.1058388,14.698663,-2.6546e-07,2779.5645,0.0,36.6222654,0.53114028,0.0,5685.70044,2776.56379,703.385975,0.0,0.0
821.0,42.0216064,5625.039409999999,-17.9630891,-17.9630891,-10.58778826,-10.58778826,-9.92591027,-9.92591027,719.147475,421.0,106.8341829,31.7050671,8.0369916,39.1677139,9.9394306,-2.6546e-07,2779.5645,0.0,37.4428975,0.326688162,0.0,5625.039409999999,2760.52537,719.147475,0.0,0.0
821.5,11.2068718856,5604.68799,-4.5389578903,-4.67813001,-2.6640848864,-2.74577455,-2.257621772,-2.36100991,724.550942,420.762973,23.3559549839,31.9253223,1.77216928833,46.8686551,2.3705563672,-2.6546e-07,2779.5645,0.0,37.7242329,-0.0027197586,0.0,5604.68799,2755.21205,724.550942,0.0,0.0
822.0,0.0,5606.15761,8.8703727,0.0,5.20779841,0.0,6.59107463,0.0,721.988609,405.372808,0.0,30.6495232,0.0,49.6975507,0.0,-2.6546e-07,2779.5645,0.0,37.590824,-0.099401912,0.0,5606.15761,2754.32737,721.988609,0.0,0.0
822.5,-0.00073874559,5608.00155,23.0375688,0.0,13.52946995,0.0,17.1230361,0.0,718.555824,381.506369,0.0,28.7078814,0.0,46.625595,0.0,-2.6546e-07,2779.5645,0.0,37.4120931,-0.0991893701,0.0,5608.00155,2753.09026,718.555824,0.0,0.0
823.0,-0.0479184201,5609.014270000001,38.0849285,0.0,22.3700795,0.0,28.3117294,0.0,715.129634,372.79306,0.0,27.9178009,0.0,45.4171389,0.0,-2.6546e-07,2779.5645,0.0,37.2337059,-0.0990323584,0.0,5609.014270000001,2751.51122,715.129634,0.0,0.0
823.5,-0.120901655,5607.07186,53.9980123,0.0,31.7056634,0.0,40.1271376,0.0,711.708064,372.79306,0.0,27.7842272,0.0,45.2740035,0.0,-2.6546e-07,2776.848,0.0,37.0555608,-0.098906729,0.0,5607.07186,2748.70507,711.708064,0.0,0.0
824.0,-0.1474413,5468.59515,8.83065717,-5.26149183,5.33803569,-2.93226191,7.81378305,-2.65330485,709.116932,372.79306,28.4653938,27.6830725,2.11381351,39.9790644,2.64791858,-2.6546e-07,2603.04088,0.0,36.9206513,0.0023646445,0.0,5468.59515,2689.57096,709.116932,0.0,0.0
824.5,-0.1474413,4632.421609999999,-6.57588943,-6.57588943,-3.22338656,-3.22338656,-2.742278713,-2.742278713,710.356739,372.79306,26.50295447,27.7314729,1.971532325,39.7045853,2.74767154,-2.6546e-07,2334.18864,0.0,36.9852019,-0.00162705003,0.0,4632.421609999999,2342.35688,710.356739,0.0,0.0
825.0,-0.1474413,4327.65604,5.842065015,0.0,2.6470392866,0.0,3.380968709,0.0,708.261076,372.79306,0.0,27.6496616,0.0,45.1293278,0.0,-2.6546e-07,2236.415,0.0,36.8760905,-0.0987264485,0.0,4327.65604,2214.31804,708.261076,0.0,0.0
825.5,-0.1474413,4322.90851,18.42438535,0.0,8.34033387,0.0,10.65333034,0.0,704.851545,372.79306,0.0,27.516557,0.0,44.9857532,0.0,-2.6546e-07,2230.34923,0.0,36.6985716,-0.0985185298,0.0,4322.90851,2210.35177,704.851545,0.0,0.0
826.0,-0.1474413,3558.54345,-14.84607365,-14.84607365,-5.48495992,-5.48495992,-5.02133416,-5.02133416,704.960167,372.79306,53.7371723,27.520797,3.96677338,35.4069723,5.01364938,-2.6546e-07,1843.61809,0.0,36.704226,0.101079219,0.0,3558.54345,1892.35725,704.960167,0.0,0.0
826.5,-0.053583548,1989.91183,-13.4855692,-13.4855692,-2.82554821,-2.82554821,-2.48242195,-2.48242195,706.884434,372.79306,23.1855364,27.595918,1.716304625,40.8317982,2.48605482,-2.6546e-07,1240.222966,0.0,36.8044141,-2.30048e-05,0.0,1989.91183,1240.761586,706.884434,0.0,0.0
827.0,5.92807527,682.143904,-13.7057499,-13.7057499,-0.933897692,-0.933897692,-0.70034817,-0.70034817,705.839948,372.79306,5.814529883,27.5551432,0.4299378134,45.0274373,0.70246904,-2.6546e-07,693.771211,0.0,36.7500333,-0.0488437189,0.0,682.143904,695.979846,705.839948,0.0,0.0
827.5,16.7364212,-6.531185125,-110.4639742,-1.60551,0.1357386218,-0.0024411064,0.39410436324,-0.0008831748,703.751193,372.79306,0.008381801,27.4736005,0.00061867633,44.9393266,0.0010114505,-2.6546e-07,185.016256798,0.0,36.6412799,-0.0660791106,0.0,-6.531185125,408.197455,703.751193,0.0,0.0
828.0,119.4173159,-31.1438208,-292.165655,0.0,0.9602972103,0.0,2.718839174,0.0,704.071013,372.79306,0.0,27.4860858,0.0,44.9528022,0.0,-2.6546e-07,0.0,0.0,36.657932,0.15221626266,0.0,-31.1438208,398.1427,704.071013,0.0,0.0
828.5,273.044332,-19.93741227,-299.672109,0.0,0.625251499,0.0,1.737501048,0.0,713.516756,372.638766,0.0,27.8431936,0.0,45.3305045,0.0,-2.6546e-07,0.0,0.0,37.1497316,0.445667631,0.0,-19.93741227,408.321062,713.516756,0.0,0.0
829.0,328.91833,-9.902493638,-299.912092,-41.968092,0.3109725724,-0.00217653547,0.8828970239,-0.0007613757,730.517817,362.591677,0.00508082336,27.7356845,0.000389317226,44.7917635,0.00062835704,-2.6546e-07,0.0,0.0,38.0349025,0.502703796,0.0,-9.902493638,422.423455,730.517817,0.0,0.0
829.5,328.91833,-8.804855368,-299.908462,-25.8759995,0.2764951784,-0.00113382142,0.7851678047,-0.00039662304,748.518631,347.007667,0.0107526277,27.1977737,0.00084347124,43.5504775,0.0013501996,-2.6546e-07,0.0,0.0,38.9721278,0.473117372,0.0,-8.804855368,433.390748,748.518631,0.0,0.0
830.0,328.91833,-6.97204133,-299.935194,0.0,0.2189771787,0.0,0.61812698,0.0,766.478887,341.3186,0.00026927919,27.3961019,2.1689161e-05,43.4988365,3.439474e-05,-2.6546e-07,0.0,0.0,39.9072401,0.546882983,0.0,-6.97204133,444.640251,766.478887,0.0,0.0
830.5,328.91833,-12.371166891,-299.912516,-27.282153,0.38854593349,-0.00073586456,1.0952464515,-0.0002574134,784.402164,341.3186,0.0,28.0367291,0.0,44.2120427,0.0,-2.6546e-07,0.0,0.0,40.8404263,0.498032977,0.0,-12.371166891,452.858893,784.402164,0.0,0.0
831.0,328.91833,-12.0314604,-299.911021,0.0,0.3778486185,0.0,1.068300497,0.0,802.280295,341.3186,0.0008635712,28.6757441,7.182429e-05,44.9642058,0.00011291037,-2.6546e-07,0.0,0.0,41.771264,0.519815236,0.0,-12.0314604,463.439161,802.280295,0.0,0.0
831.5,328.91833,-10.89522086,-299.941918,0.0,0.3421411534,0.0,0.972707252,0.0,820.115165,341.3186,0.0,29.3132132,0.0,45.706126,0.0,-2.6546e-07,0.0,0.0,42.6998495,0.449047133,0.0,-10.89522086,474.325619,820.115165,0.0,0.0
832.0,328.91833,-10.73767154,-299.95007,-11.853184,0.3372418892,-0.00068941964,0.955355884,-0.00024116645,837.907099,341.3186,0.0027330043,29.9491457,0.00023752218,46.4380171,0.00036921755,-2.6546e-07,0.0,0.0,43.6261979,0.580955715,0.0,-10.73767154,484.779749,837.907099,0.0,0.0
832.5,328.91833,-9.727782507,-299.963076,-48.860585,0.3055669343,-0.00178590167,0.8579765299,-0.00062472781,855.654107,341.54918,0.00054563796,30.6043274,4.9044436e-05,47.1920732,7.5564533e-05,-2.6546e-07,0.0,0.0,44.5502074,0.482869727,0.0,-9.727782507,495.562314,855.654107,0.0,0.0
833.0,328.91833,-9.094213307,-299.9293,-19.312973,0.2856348011,-0.00077402256,0.8091826265,-0.00027076148,873.356021,356.527659,0.0,32.6107579,0.0,50.0094343,0.0,-2.6546e-07,0.0,0.0,45.4718708,0.50412664,0.0,-9.094213307,506.161975,873.356021,0.0,0.0
833.5,328.91833,-11.7589498,-299.960905,0.0,0.369361136,0.0,1.047987108,0.0,891.013828,379.759834,0.0,35.4375399,0.0,54.049544,0.0,-2.6546e-07,0.0,0.0,46.3912353,0.471564234,0.0,-11.7589498,515.363413,891.013828,0.0,0.0
834.0,328.91833,-12.171553,-299.940955,0.0,0.3822990716,0.0,1.075555352,0.0,908.623455,388.239,0.0,36.9412634,0.0,56.0410989,0.0,-2.6546e-07,0.0,0.0,47.3080933,0.483682992,0.0,-12.171553,525.473842,908.623455,0.0,0.0
834.5,328.627364,-7.51147068,-297.712164,0.0,0.2352853056,0.0,0.6645173354,0.0,926.181652,388.239,0.0,37.655115,0.0,56.8189664,0.0,-2.6546e-07,20.96285951,0.0,48.2222722,0.509263038,0.0,-7.51147068,537.665057,926.181652,0.0,0.0
835.0,310.080472,1473.29591225,-107.3113622,-107.3113622,-10.6993863238,-10.6993863238,-9.6174900467,-9.6174900467,944.342796,388.239,79.539191704,38.39348,7.9170844478,50.7997167,9.56582040862,-2.6546e-07,1357.178698,0.0,49.1678445,0.65263443,0.0,1473.29591225,1164.444115,944.342796,0.0,0.0
835.5,281.390228,6787.88685,-72.7449719,-72.7449719,-52.1455911,-52.1455911,-49.8731157,-49.8731157,981.242324,388.152716,341.777355,39.8845996,35.1862704,51.8618455,45.8877033,1.986394e-06,3423.80334,0.0,51.0890435,1.44183572,0.0,6787.88685,3397.43002,981.242324,0.0,0.0
836.0,270.95566,8652.745200000001,-116.787372,-116.787372,-105.8344565,-105.8344565,-101.7531137,-101.7531137,1035.935905,382.545162,382.545162,41.4953404,41.4953404,54.4834648,54.4834648,0.00019860344,4151.92924,0.0,53.9367006,1.6333362,0.0,8652.745200000001,4205.34638,1035.935905,0.0,0.0
836.5,270.95566,8351.999099999999,-114.1072104,-114.1072104,-99.8015977,-99.8015977,-95.813199,-95.813199,1091.73286,373.8478,373.8478,42.7365619,42.7365619,55.217266,55.217266,0.000503069808,4115.36914,0.0,56.8418081,1.59541432,0.0,8351.999099999999,4112.78328,1091.73286,0.0,0.0
837.0,270.95566,8237.2962,-113.1333421,-113.1333421,-97.589646,-97.589646,-93.633224,-93.633224,1146.50952,370.67172,370.67172,44.5036629,44.5036629,56.7731314,56.7731314,0.000783843249,4102.0723,0.0,59.6937922,1.57814877,0.0,8237.2962,4097.03818,1146.50952,0.0,0.0
837.5,270.95566,8163.52632,-113.181053,-113.181053,-96.7564946,-96.7564946,-92.7972586,-92.7972586,1200.97579,370.67172,370.67172,46.6178606,46.6178606,58.9243723,58.9243723,0.00104741194,4102.0723,0.0,62.5296127,1.57271424,0.0,8163.52632,4098.14457,1200.97579,0.0,0.0
838.0,270.95566,8087.61825,-113.1821576,-113.1821576,-95.8577524,-95.8577524,-91.8979854,-91.8979854,1255.24846,370.67172,370.67172,48.7245441,48.7245441,61.0740174,61.0740174,0.00129447362,4102.0723,0.0,65.3553559,1.56696363,0.0,8087.61825,4098.24799,1255.24846,0.0,0.0
838.5,269.868956,8010.1894,-112.9979056,-112.9979056,-94.7864254,-94.7864254,-90.831299,-90.831299,1309.31686,370.896372,370.896372,50.8546715,50.8546715,63.2253096,63.2253096,0.0015244092,4102.0723,0.0,68.1704655,1.5601224,0.0,8010.1894,4097.59937,1309.31686,0.0,0.0
839.0,200.551978,7802.94457,-85.1880714,-85.1880714,-69.6942286,-69.6942286,-66.824658,-66.824658,1361.90275,385.496257,370.493615,54.9886082,52.8204884,67.8259627,65.1897099,0.00165776292,4102.0723,0.0,70.908384,1.42361317,0.0,7802.94457,4042.06782,1361.90275,0.0,0.0
839.5,93.3260197,7696.32476,-40.4241747,-40.4241747,-32.5962171,-32.5962171,-31.2594393,-31.2594393,1400.46961,408.164382,227.077995,59.8648892,33.267183,69.5299041,38.7958572,0.00153752698,4092.06577,0.0,72.9163941,0.752244751,0.0,7696.32476,4020.22143,1400.46961,0.0,0.0
840.0,54.328926,6322.95029,-45.228349,-45.228349,-29.9146815,-29.9146815,-28.6524472,-28.6524472,1423.48829,417.897332,210.373985,62.2952998,31.3483189,71.738215,36.1191476,0.00138584182,3454.20535,0.0,74.1148774,0.65827224,0.0,6322.95029,3462.19063,1423.48829,0.0,0.0
840.5,54.425542,3888.95267,-43.4712256,-43.4712256,-17.8742886,-17.8742886,-16.8712084,-16.8712084,1442.59701,420.170175,142.727013,63.474726,21.551376,71.666583,24.349385,0.0012342516,2467.49575,0.0,75.1097884,0.434134174,0.0,3888.95267,2460.54368,1442.59701,0.0,0.0
841.0,60.5827052,2967.74826,-23.6734312,-23.6734312,-7.36668759,-7.36668759,-6.83383723,-6.83383723,1452.79896,421.0,83.400576,64.0495726,12.68912755,71.9593244,14.25530405,0.00108275627,2108.6353,0.0,75.6409585,0.213611035,0.0,2967.74826,2083.18052,1452.79896,0.0,0.0
841.5,70.1073286,3028.8422,-29.1908346,-29.1908346,-9.2584991,-9.2584991,-8.6304376,-8.6304376,1461.16154,421.0,93.5214598,64.4182548,14.3104759,72.216439,16.0427932,0.000931355741,2108.6353,0.0,76.0763625,0.265999906,0.0,3028.8422,2113.48503,1461.16154,0.0,0.0
842.0,73.57132,3005.73765,-30.808233,-30.808233,-9.6972713,-9.6972713,-9.0436594,-9.0436594,1470.68676,421.0,95.3437987,64.8381936,14.68376185,72.6461809,16.4520334,0.000780049935,2108.6353,0.0,76.572296,0.277548609,0.0,3005.73765,2109.43277,1470.68676,0.0,0.0
842.5,73.57132,2988.55117,-30.6927481,-30.6927481,-9.6056145,-9.6056145,-8.9552377,-8.9552377,1480.18681,421.0,94.2275931,65.2570205,14.6056594,73.0716575,16.3547184,0.000628838769,2108.6353,0.0,77.0669246,0.272526184,0.0,2988.55117,2107.82834,1480.18681,0.0,0.0
843.0,73.57132,2975.36492,-30.6883019,-30.6883019,-9.5618455,-9.5618455,-8.9125826,-8.9125826,1489.54069,421.0,93.3974116,65.6694051,14.56846795,73.4904668,16.303543,0.000477722154,2108.6353,0.0,77.553941,0.268633737,0.0,2975.36492,2107.8031,1489.54069,0.0,0.0
843.5,73.57132,2952.17789,-32.3952123,-32.3952123,-9.99745155,-9.99745155,-9.31186665,-9.31186665,1498.78341,421.0,95.0484458,66.0768901,14.9191081,73.9073275,16.6871615,0.000326700034,2098.08471,0.0,78.035168,0.27574258,0.0,2952.17789,2103.55155,1498.78341,0.0,0.0
844.0,73.57132,1377.89953,-55.8425721,-55.8425721,-8.10599294,-8.10599294,-7.076345616,-7.076345616,1509.29734,421.0,81.6747087,66.5404172,12.90164912,74.9759242,14.49687573,0.00017577231,1423.328796,0.0,78.582583,0.271959803,0.0,1377.89953,1454.621726,1509.29734,0.0,0.0
844.5,73.202711,-9.028057661,-216.1836055,-17.87954495,0.21226904263,0.00465490528,0.6026684422,0.01317556407,1514.53057,421.0,28.0846125,66.771135,4.4535696,81.3801225,5.14974633,3.3284354e-05,379.575917651,0.0,78.8550569,0.0840951491,0.0,-9.028057661,880.566582,1514.53057,0.0,0.0
845.0,49.6606408,-24.5701772,-299.213798,0.0,0.769142093,0.0,2.198737194,0.0,1513.64827,421.0,0.0,66.7322356,0.0,91.0697108,0.0,-1.673e-08,0.0,0.0,78.8091177,-0.1158407339,0.0,-24.5701772,873.584196,1513.64827,0.0,0.0
845.5,13.243663363,-17.05195451,-300.0,0.0,0.535702948,0.0,1.531407521,0.0,1509.61981,420.919925,0.0,66.5419946,0.0,90.8507088,0.0,-1.673e-08,0.0,0.0,78.5993726,-0.159765055,0.0,-17.05195451,874.360418,1509.61981,0.0,0.0
846.0,0.0,-8.7117671,-300.0,0.0,0.27368823825,0.0,0.7823892347,0.0,1503.8159,415.724478,0.0,65.4683945,0.0,89.442472,0.0,-1.673e-08,0.0,0.0,78.2971878,-0.174498556,0.0,-8.7117671,874.441975,1503.8159,0.0,0.0
846.5,0.0,-35.9540349,-300.0,0.0,1.12952929,0.0,3.2289718,0.0,1497.81373,407.66834,0.0,63.9434591,0.0,87.4174379,0.0,-1.673e-08,0.0,0.0,77.9846837,-0.173721086,0.0,-35.9540349,859.601638,1497.81373,0.0,0.0
847.0,0.0,-32.7323485,-300.0,0.0,1.028317086,0.0,2.9396376,0.0,1491.82128,404.72748,0.0,63.2278047,0.0,86.4968051,0.0,-1.673e-08,0.0,0.0,77.6726816,-0.172947969,0.0,-32.7323485,857.443263,1491.82128,0.0,0.0
847.5,0.0,-29.524973,-300.0,0.0,0.927554388,0.0,2.65158845,0.0,1485.85549,404.72748,0.0,62.9749559,0.0,86.208144,0.0,-1.673e-08,0.0,0.0,77.3620672,-0.172181363,0.0,-29.524973,855.294471,1485.85549,0.0,0.0
848.0,0.0,-26.3317852,-300.0,0.0,0.827237429,0.0,2.36481363,0.0,1479.91601,404.72748,0.0,62.7232246,0.0,85.920375,0.0,-1.673e-08,0.0,0.0,77.0528256,-0.171421201,0.0,-26.3317852,853.155186,1479.91601,0.0,0.0
848.5,1.530512144,-21.21235,-300.0,0.0,0.666405632,0.0,1.905045688,0.0,1474.00666,404.49341,0.0,62.4367019,0.0,85.5842339,0.0,-1.673e-08,0.0,0.0,76.7451489,-0.168889021,0.0,-21.21235,851.83498,1474.00666,0.0,0.0
849.0,99.0927424,-18.01570292,-299.89358,0.0,0.5656831755,0.0,1.601748742,0.0,1470.62433,389.241197,0.0,59.9443551,0.0,82.1989444,0.0,-1.673e-08,0.0,0.0,76.5690459,-0.0160459948,0.0,-18.01570292,851.190228,1470.62433,0.0,0.0
849.5,248.491311,-23.32481452,-299.788584,0.0,0.731868328,0.0,2.066523466,0.0,1476.12628,365.368386,0.0,56.4763917,0.0,77.3963865,0.0,-1.673e-08,0.0,0.20503755307,76.8555099,0.2424255996,0.0,-23.32481452,852.193617,1476.12628,-5.062507,0.31404815
850.0,205.808003,-28.8139239,-299.56713,0.0,0.903535556,0.0,2.53831704,0.0,1463.14738,342.125068,0.0,52.4310465,0.0,71.952811,0.0,-1.673e-08,0.0,13.31524297,76.1797552,-1.461948712,0.0,-28.8139239,842.331263,1463.14738,-331.9831576,20.25269684
850.5,54.8830328036,-24.1166535,-299.730453,0.0,0.756173865,0.0,2.11881611,0.0,1358.67464,319.675872,0.0,45.510862,0.0,63.219311,0.0,-1.673e-08,0.0,33.3902911,70.740311,-4.43193128,0.0,-24.1166535,783.284981,1358.67464,-833.9634,47.2190785
851.0,0.0,-24.72774089,-300.0,0.0,0.776844897,0.0,2.220757102,0.0,1200.64539,324.693048,0.0,40.8004614,0.0,58.015595,0.0,-1.673e-08,0.0,27.6547355,62.5124121,-3.79655011,0.0,-24.72774089,690.7586,1200.64539,-692.299137,35.049751
851.5,0.0,-24.78193115,-300.0,0.0,0.7785473284,0.0,2.225623827,0.0,1116.33237,345.316966,0.0,40.3617436,0.0,58.2780312,0.0,-1.673e-08,0.0,7.37520196603,58.1225975,-1.109156695,0.0,-24.78193115,641.506296,1116.33237,-185.15062481,8.721913689
852.0,0.0,-39.3490475,-300.0,0.0,1.23618676,0.0,3.53387209,0.0,1102.26184,352.84637,0.0,40.7285592,0.0,58.979818,0.0,-1.673e-08,0.0,0.0,57.3900051,-0.129338533,0.0,-39.3490475,627.229108,1102.26184,0.0,0.0
852.5,0.0,-36.9490287,-300.0,0.0,1.16078796,0.0,3.31833048,0.0,1097.79772,352.895611,0.0,40.5692609,0.0,58.8041191,0.0,-1.673e-08,0.0,0.0,57.157578,-0.128914702,0.0,-36.9490287,625.621218,1097.79772,0.0,0.0
853.0,0.0,-34.5568594,-300.0,0.0,1.08563574,0.0,3.10349383,0.0,1093.34817,356.092809,0.0,40.7707093,0.0,59.1513522,0.0,-1.673e-08,0.0,0.0,56.9259111,-0.128493973,0.0,-34.5568594,624.018579,1093.34817,0.0,0.0
853.5,1.516686076,-29.39867447,-300.0,0.0,0.923586598,0.0,2.640245887,0.0,1088.91653,361.050923,0.0,41.1708438,0.0,59.7874712,0.0,-1.673e-08,0.0,0.0,56.6951743,-0.126312876,0.0,-29.39867447,623.57733,1088.91653,0.0,0.0
854.0,98.3705214,-21.95595716,-299.558341,0.0,0.687443022,0.0,1.935858256,0.0,1086.98066,362.86108,0.0,41.3038771,0.0,60.0050076,0.0,-1.673e-08,0.0,0.0,56.5943819,0.0572931026,0.0,-21.95595716,625.543951,1086.98066,0.0,0.0
854.5,246.673115,-18.71823506,-299.605611,0.0,0.586655416,0.0,1.656329678,0.0,1093.90308,363.055477,0.0,41.5893075,0.0,60.3317786,0.0,-1.673e-08,0.0,0.0,56.9548015,0.2871767124,0.0,-18.71823506,630.933141,1093.90308,0.0,0.0
855.0,204.308008,-31.2481269,-299.271117,0.0,0.978151712,0.0,2.75729768,0.0,1105.71125,375.620472,0.0,43.4945279,0.0,62.93925,0.0,-1.673e-08,0.0,0.0,57.5696004,0.3120399394,0.0,-31.2481269,632.614057,1105.71125,0.0,0.0
855.5,54.489142271,-16.38084223,-299.517004,0.0,0.5129774031,0.0,1.455996371,0.0,1109.61607,395.112055,0.0,45.9113658,0.0,66.382953,0.0,-1.673e-08,0.0,0.0,57.7729087,-0.04183825003,0.0,-16.38084223,641.08046,1109.61607,0.0,0.0
856.0,0.0,-9.54645365,-300.0,0.0,0.299910694,0.0,0.857351053,0.0,1106.13058,402.22748,0.0,46.5915064,0.0,67.4154364,0.0,-1.673e-08,0.0,0.0,57.5914354,-0.129707244,0.0,-9.54645365,641.889135,1106.13058,0.0,0.0
856.5,0.0,-7.13960869,-300.0,0.0,0.224297421,0.0,0.641196328,0.0,1101.65377,401.989925,0.0,46.3755819,0.0,67.165918,0.0,-1.673e-08,0.0,0.0,57.3583466,-0.129280714,0.0,-7.13960869,640.276666,1101.65377,0.0,0.0
857.0,0.0,-4.74066224,-300.0,0.0,0.1489322986,0.0,0.42575096,0.0,1097.19166,386.539518,0.0,44.4134105,0.0,64.3839832,0.0,-1.673e-08,0.0,0.0,57.1260233,-0.128857308,0.0,-4.74066224,638.669489,1097.19166,0.0,0.0
857.5,0.0,-2.34955671,-300.0,0.0,0.0738135006,0.0,0.2110097595,0.0,1092.74412,362.809997,0.0,41.5178651,0.0,60.2426425,0.0,-1.673e-08,4.722045909,0.0,56.8944593,-0.128436992,0.0,-2.34955671,637.06756,1092.74412,0.0,0.0
858.0,0.0,-22.90063279,-299.337982,0.0,0.71633543793,0.0,2.047779433,0.0,1088.32391,369.490668,0.0,42.1095696,0.0,61.1585248,0.0,-1.673e-08,306.025782,0.0,56.6643172,-0.128020945,0.0,-22.90063279,625.935172,1088.32391,0.0,0.0
858.5,0.0,-43.4594028,-211.241643,0.0,0.96559574,0.0,2.76033678,0.0,1083.91803,393.519052,0.0,44.6665244,0.0,64.9322266,0.0,-1.673e-08,774.122685,0.0,56.4349207,-0.127607931,0.0,-43.4594028,614.807948,1083.91803,0.0,0.0
859.0,0.0,-15.57690609,54.0410378,0.5809001,0.073462642424,-0.002108854,0.2152813873,-0.00075394223,1079.49878,407.814261,0.0043523163,46.1009664,0.0004923123,67.0796256,0.00071624145,-1.673e-08,1072.12181,0.0,56.2048303,-0.128223107,0.0,-15.57690609,623.829693,1079.49878,0.0,0.0
859.5,0.0,2.66370054,291.656093,0.0,0.0822267851,0.0,0.2350607125,0.0,1075.0993,416.196937,0.0,46.8569081,0.0,68.2427225,0.0,-1.673e-08,1270.88908,0.0,55.9757707,-0.126786284,0.0,2.66370054,628.850941,1075.0993,0.0,0.0
860.0,0.0,5.01645333,300.0,0.0,0.157596531,0.0,0.45051929,0.0,1070.72311,404.471414,0.0,45.3525845,0.0,66.1123878,0.0,-1.673e-08,1343.1686,0.0,55.7479208,-0.126381041,0.0,5.01645333,627.274698,1070.72311,0.0,0.0
860.5,0.0,7.36170143,300.0,0.0,0.231274675,0.0,0.661142108,0.0,1066.36089,381.355438,0.0,42.5864404,0.0,62.1372076,0.0,-1.673e-08,1347.03779,0.0,55.5207975,-0.125978738,0.0,7.36170143,625.703494,1066.36089,0.0,0.0
861.0,0.0,9.6994992,300.0,0.0,0.304718758,0.0,0.871095809,0.0,1062.0125,369.059827,0.0,41.0447323,0.0,59.9429234,0.0,-1.673e-08,1594.15433,0.0,55.2943953,-0.125579345,0.0,9.6994992,624.137289,1062.0125,0.0,0.0
861.5,0.0,12.0299006,300.0,0.0,0.377930475,0.0,1.08038524,0.0,1057.67788,363.044552,0.0,40.2109448,0.0,58.7790571,0.0,-1.673e-08,1976.41159,0.0,55.0687103,-0.125182844,0.0,12.0299006,622.576025,1057.67788,0.0,0.0
862.0,0.0,14.3529587,300.0,0.0,0.450911501,0.0,1.28901522,0.0,1053.3569,360.84875,0.0,39.8042438,0.0,58.237826,0.0,-1.673e-08,2115.4324,0.0,54.8437367,-0.1247892035,0.0,14.3529587,621.019681,1053.3569,0.0,0.0
862.5,0.0,16.6687269,300.0,0.0,0.52366352,0.0,1.49699053,0.0,1049.04948,360.84875,0.0,39.6414753,0.0,58.052595,0.0,-1.673e-08,2115.4324,0.0,54.6194685,-0.124398404,0.0,16.6687269,619.468228,1049.04948,0.0,0.0
863.0,0.0,18.9772587,300.0,0.0,0.596188155,0.0,1.70431582,0.0,1044.75551,360.84875,0.0,39.4792153,0.0,57.8676054,0.0,-1.673e-08,2115.4324,0.0,54.3959006,-0.1240104165,0.0,18.9772587,617.921615,1044.75551,0.0,0.0
863.5,0.5723425355,22.5502753,300.0,0.0,0.708437797,0.0,2.02520252,0.0,1040.47611,360.84875,0.0,39.3175035,0.0,57.6829059,0.0,-1.673e-08,2115.4324,0.0,54.1730897,-0.122959796,0.0,22.5502753,616.909658,1040.47611,0.0,0.0
864.0,37.0642129,665.832546,300.0,0.0,20.91774667,0.0,38.11537887,0.0,1036.78714,360.84875,0.0,39.1781068,0.0,57.5234293,0.0,-1.673e-08,2115.4324,0.0,53.9810229,-0.0801147308,0.0,665.832546,882.430218,1036.78714,0.0,0.0
864.5,93.514372,3570.46,190.8153662,-4.865422,57.3833565,-2.7548086,76.9313478,-2.6277613,1035.27027,360.84875,19.906908,39.1207866,2.1599121,56.4019737,2.5893147,-1.673e-08,2115.4324,0.0,53.9020443,0.05864627521,0.0,3570.46,2090.18143,1035.27027,0.0,0.0
865.0,114.04373,4201.09669,-63.283338,-63.283338,-28.3447757,-28.3447757,-26.7084457,-26.7084457,1052.70388,360.84875,201.316944,39.7795681,22.1516708,47.7121448,26.7368639,-1.673e-08,2115.4324,0.0,54.8097377,0.769590101,0.0,4201.09669,2362.77341,1052.70388,0.0,0.0
865.5,114.04373,3589.90496,-48.1582813,-48.1582813,-18.1056458,-18.1056458,-17.013195,-17.013195,1073.095,360.84875,130.094023,40.5501081,14.6178101,47.1990516,17.01513,-1.673e-08,2115.4324,0.0,55.8714154,0.510968957,0.0,3589.90496,2120.35817,1073.095,0.0,0.0
866.0,114.04373,3550.76291,-47.6020619,-47.6020619,-17.7001219,-17.7001219,-16.6265101,-16.6265101,1090.3879,360.84875,125.5005836,41.2035706,14.32991435,47.8075127,16.6267314,-1.673e-08,2115.4324,0.0,56.7717804,0.493521646,0.0,3550.76291,2114.1681,1090.3879,0.0,0.0
866.5,114.04373,3526.84092,-47.5891017,-47.5891017,-17.5760794,-17.5760794,-16.5044951,-16.5044951,1107.27941,361.074938,122.9984264,41.868271,14.2618141,48.4524019,16.5046821,-1.673e-08,2115.4324,0.0,57.6512465,0.483801694,0.0,3526.84092,2114.07685,1107.27941,0.0,0.0
867.0,114.04373,3503.64494,-47.5863533,-47.5863533,-17.4594731,-17.4594731,-16.3894882,-16.3894882,1123.84472,375.753825,120.6426507,44.225254,14.19795575,51.0513998,16.3896705,-1.673e-08,2115.4324,0.0,58.5137327,0.474580201,0.0,3503.64494,2114.09711,1123.84472,0.0,0.0
867.5,114.04373,3480.89155,-47.5838838,-47.5838838,-17.3451873,-17.3451873,-16.276836,-16.276836,1140.09732,398.585014,118.3914566,47.5904288,14.1345343,54.803281,16.2770154,-1.673e-08,2115.4324,0.0,59.3599355,0.465704631,0.0,3480.89155,2114.11904,1140.09732,0.0,0.0
868.0,114.04373,3458.55995,-47.5815054,-47.5815054,-17.2330487,-17.2330487,-16.1663677,-16.1663677,1156.04871,411.419846,116.2363359,49.8079227,14.0714146,57.2235726,16.1665437,-1.673e-08,2115.4324,0.0,60.1904549,0.457147328,0.0,3458.55995,2114.14061,1156.04871,0.0,0.0
868.5,114.04373,3432.06681,-48.3380971,-48.3380971,-17.3689199,-17.3689199,-16.2829863,-16.2829863,1171.72003,418.438084,115.6618524,51.344191,14.19282445,58.8981359,16.2813585,-1.673e-08,2110.73056,0.0,61.0063926,0.455025724,0.0,3432.06681,2112.26704,1171.72003,0.0,0.0
869.0,114.04373,2716.61419,-58.7521839,-58.7521839,-16.723774,-16.723774,-15.4035374,-15.4035374,1187.93243,421.0,108.1795515,52.3723977,13.4502422,60.007697,15.4147957,-1.673e-08,1811.01958,0.0,61.8505022,0.447312012,0.0,2716.61419,1824.02821,1187.93243,0.0,0.0
869.5,114.04373,1547.25791,-57.2878429,-57.2878429,-9.32122044,-9.32122044,-8.1670241,-8.1670241,1200.39521,421.0,55.928845,52.9218433,7.02628986,61.9624597,8.17786531,-1.673e-08,1347.39352,0.0,62.4993856,0.274448234,0.0,1547.25791,1344.72736,1200.39521,0.0,0.0
870.0,114.04373,1105.21562,-46.8079716,-46.8079716,-5.41795374,-5.41795374,-4.58130496,-4.58130496,1207.47613,421.0,28.6270706,53.2340212,3.61996304,67.382374,4.58094158,-1.673e-08,1178.7777,0.0,62.8680571,0.16710691,0.0,1105.21562,1164.92477,1207.47613,0.0,0.0
870.5,114.04373,1129.37744,-47.4664934,-47.4664934,-5.61376904,-5.61376904,-4.75780034,-4.75780034,1213.36838,421.0,29.8513936,53.4937921,3.79301284,67.1006881,4.75781379,-1.673e-08,1178.7777,0.0,63.1748427,0.17160015,0.0,1129.37744,1178.41913,1213.36838,0.0,0.0
871.0,114.04373,1122.06695,-47.5009409,-47.5009409,-5.58148282,-5.58148282,-4.72582018,-4.72582018,1219.27081,421.0,29.4452096,53.7540124,3.75959231,67.5700872,4.72588278,-1.673e-08,1178.7777,0.0,63.4821557,0.169726675,0.0,1122.06695,1178.82357,1219.27081,0.0,0.0
871.5,113.4728965,1113.01069,-47.4046293,-47.4046293,-5.52532832,-5.52532832,-4.67334282,-4.67334282,1225.10065,421.0,28.8925928,54.0110336,3.70664644,68.105596,4.67377251,-1.673e-08,1178.7777,0.0,63.7856912,0.166495248,0.0,1113.01069,1178.45919,1225.10065,0.0,0.0
872.0,76.9795189,1036.518425,-32.7530783,-32.7530783,-3.57125298,-3.57125298,-3.0176046,-3.0176046,1229.47798,421.0,17.3394968,54.2040159,2.23216078,74.0413896,3.02180657,-1.673e-08,1178.7777,0.0,64.013599,0.0606757195,0.0,1036.518425,1149.18609,1229.47798,0.0,0.0
872.5,20.5286159305,1014.07737,-8.2949357873,-8.5444944,-0.88036549507,-0.906907162,-0.6690093716,-0.713108951,1228.87923,421.0,3.92757946207,54.1776193,0.505727438773,76.702457,0.715910218446,-1.673e-08,1178.7777,0.0,63.9824254,-0.0905614816,0.0,1014.07737,1139.49858,1228.87923,0.0,0.0
873.0,0.0,1017.062791,16.0126581,0.0,1.70601839,0.0,2.83315309,0.0,1224.47235,421.0,0.0,53.9833332,0.0,76.4785438,0.0,-1.673e-08,1178.7777,0.0,63.7529775,-0.14160948,0.0,1017.062791,1138.16769,1224.47235,0.0,0.0
873.5,0.5947069923,1021.012218,41.255234,0.0,4.41303635,0.0,7.3201679,0.0,1219.5868,421.0,0.0,53.767943,0.0,76.2299711,0.0,-1.673e-08,1178.7777,0.0,63.4986079,-0.140402609,0.0,1021.012218,1136.95843,1219.5868,0.0,0.0
874.0,38.5396589,1350.24598,0.9128694,-13.4816757,-0.26703282,-2.02226111,1.030553817,-1.766253353,1215.78396,421.0,10.31270928,53.600289,1.312606847,74.007025,1.75887384,-1.673e-08,1178.7777,0.0,63.3006125,-0.0390156029,0.0,1350.24598,1271.73462,1215.78396,0.0,0.0
874.5,96.640993,1246.97773,-41.4409474,-41.4409474,-5.39411794,-5.39411794,-4.65560252,-4.65560252,1217.79676,420.85527,29.0342645,53.6705313,3.7032665,67.72203,4.65329205,-1.673e-08,1178.7777,0.0,63.4054085,0.1377004556,0.0,1246.97773,1229.93916,1217.79676,0.0,0.0
875.0,80.0439068,1068.782674,-34.8125386,-34.8125386,-3.93372225,-3.93372225,-3.33575071,-3.33575071,1222.45372,411.462723,19.6654204,52.6730962,2.5169529,70.911108,3.34105749,-1.673e-08,1178.7777,0.0,63.6478764,0.07610727007,0.0,1068.782674,1158.51006,1222.45372,0.0,0.0
875.5,21.3473689262,1020.3659,-8.649166606,-8.90729372,-0.92410413904,-0.951711648,-0.7074807997,-0.753277211,1222.1204,396.898392,4.1680207485,50.7954795,0.53372628429,71.9879226,0.756324303284,-1.673e-08,1178.7777,0.0,63.6305216,-0.0874825315,0.0,1020.3659,1138.16885,1222.1204,0.0,0.0
876.0,0.0,1022.772225,16.60797994,0.0,1.77937187,0.0,2.95020738,0.0,1217.76073,391.58188,0.0,49.9359329,0.0,70.8167616,0.0,-1.673e-08,1178.7777,0.0,63.4035344,-0.140902126,0.0,1022.772225,1136.62458,1217.76073,0.0,0.0
876.5,0.0,1025.38634,45.5959725,0.0,4.89694915,0.0,8.11349654,0.0,1212.89835,391.726609,0.0,49.7548933,0.0,70.6122346,0.0,-1.673e-08,1188.99039,0.0,63.15037,-0.140392095,0.0,1025.38634,1134.87322,1212.89835,0.0,0.0
877.0,0.0,1027.99108,255.0292816,0.0,27.4584834,0.0,45.4615306,0.0,1208.05352,401.119153,0.0,50.7437937,0.0,72.068964,0.0,-1.673e-08,1840.53813,0.0,62.8981205,-0.139885936,0.0,1027.99108,1133.12821,1208.05352,0.0,0.0
877.5,0.0,1030.58637,300.0,0.0,32.3768265,0.0,53.5678159,0.0,1203.22611,415.683488,0.0,52.3761813,0.0,74.4420735,0.0,-1.673e-08,2848.43521,0.0,62.6467781,-0.139383614,0.0,1030.58637,1131.38945,1203.22611,0.0,0.0
878.0,0.0,1033.17244,300.0,0.0,32.4580687,0.0,53.6631294,0.0,1198.41602,421.0,0.0,52.8345874,0.0,75.1485335,0.0,-1.673e-08,3214.9636,0.0,62.3963373,-0.138885091,0.0,1033.17244,1129.65691,1198.41602,0.0,0.0
878.5,0.0,1035.74921,300.0,0.0,32.5390211,0.0,53.7579649,0.0,1193.6231,421.0,0.0,52.6232815,0.0,74.9027344,0.0,-1.673e-08,3214.9636,0.0,62.1467906,-0.138390333,0.0,1035.74921,1127.93061,1193.6231,0.0,0.0
879.0,0.0,1038.31684,300.0,0.0,32.6196859,0.0,53.8523266,0.0,1188.84721,421.0,0.0,52.4127271,0.0,74.65745,0.0,-1.673e-08,3214.9636,0.0,61.8981307,-0.137899304,0.0,1038.31684,1126.2104,1188.84721,0.0,0.0
879.5,0.0,1040.8754,300.0,0.0,32.7000644,0.0,53.9462198,0.0,1184.08823,421.0,0.0,52.2029179,0.0,74.4126764,0.0,-1.673e-08,3214.9636,0.0,61.6503521,-0.137411973,0.0,1040.8754,1124.49633,1184.08823,0.0,0.0
880.0,0.0,1043.4249,300.0,0.0,32.7801606,0.0,54.0396465,0.0,1179.34604,421.0,0.0,51.9938486,0.0,74.1684155,0.0,-1.673e-08,3214.9636,0.0,61.403446,-0.136928315,0.0,1043.4249,1122.78827,1179.34604,0.0,0.0
880.5,0.0,1045.96547,300.0,0.0,32.8599743,0.0,54.1326126,0.0,1174.62053,421.0,0.0,51.7855135,0.0,73.924657,0.0,-1.673e-08,3214.9636,0.0,61.1574082,-0.136448276,0.0,1045.96547,1121.08621,1174.62053,0.0,0.0
881.0,0.0,1048.49715,300.0,0.0,32.9395093,0.0,54.2251208,0.0,1169.9115,421.0,0.0,51.5779076,0.0,73.6814009,0.0,-1.673e-08,3214.9636,0.0,60.9122315,-0.135971838,0.0,1048.49715,1119.3901,1169.9115,0.0,0.0
881.5,0.3444692764,1051.78517,300.0,0.0,33.0428064,0.0,54.3449997,0.0,1165.2196,421.0,0.0,51.3710574,0.0,73.4386786,0.0,-1.673e-08,3214.9636,0.0,60.6679441,-0.135098484,0.0,1051.78517,1118.01872,1165.2196,0.0,0.0
882.0,22.3017052,1439.98472,300.0,0.0,45.238456,0.0,67.95459,0.0,1160.89129,421.0,0.0,51.1802328,0.0,73.2171901,0.0,-1.673e-08,3214.9636,0.0,60.4425863,-0.1090829918,0.0,1439.98472,1277.02414,1160.89129,0.0,0.0
882.5,56.2677745,3201.84709,297.25706,0.0,99.3181345,0.0,130.098318,0.0,1157.81647,421.0,0.0,51.0446741,0.0,73.0685896,0.0,-1.673e-08,3198.83526,0.0,60.2824948,-0.06919305,0.0,3201.84709,2008.3527,1157.81647,0.0,0.0
883.0,68.62063,4378.64433,-4.4242303,-52.2019213,3.58577417,-21.16002823,11.7753635,-19.6485534,1162.15783,421.0,134.0778958,51.2360723,16.35112303,64.8737266,19.58050384,-1.673e-08,2170.10044,0.0,60.5085306,0.4686214039,0.0,4378.64433,2500.56163,1162.15783,0.0,0.0
883.5,68.62063,407.44673572,-146.4891236,-28.491618,-2.8822460368,-3.1931778,-1.737916432,-2.62314512,1175.74462,421.0,18.14311,51.8350734,2.23158737,70.2919453,2.64523171,-1.673e-08,578.741208875,0.0,61.2159375,0.0732372841,0.0,407.44673572,856.050199,1175.74462,0.0,0.0
884.0,68.62063,-23.0766452,-299.650089,0.0,0.723151939,0.0,2.064704887,0.0,1176.00117,421.0,0.0,51.846385,0.0,73.9959273,0.0,-1.673e-08,0.0,0.0,61.2292952,0.0243754546,0.0,-23.0766452,677.05605,1176.00117,0.0,0.0
884.5,68.62063,-23.8206078,-299.38069,0.0,0.746464569,0.0,2.12230848,0.0,1175.76159,421.0,0.0,51.8358202,0.0,73.9835635,0.0,-1.673e-08,0.0,0.0,61.2168196,0.0344224871,0.0,-23.8206078,676.606571,1175.76159,0.0,0.0
885.0,68.62063,-20.965891702,-299.391379,0.0,0.6559717944,0.0,1.8613505703,0.0,1175.52081,421.0,0.0,51.8252057,0.0,73.971139,0.0,-1.673e-08,0.0,0.0,61.2042826,-0.00684631513,0.0,-20.965891702,677.653866,1175.52081,0.0,0.0
885.5,68.62063,-27.8748387,-299.016112,0.0,0.869969072,0.0,2.485181678,0.0,1175.28635,421.0,0.0,51.8148687,0.0,73.959037,0.0,-1.673e-08,0.0,0.0,61.1920746,-0.0400413225,0.0,-27.8748387,674.642075,1175.28635,0.0,0.0
886.0,68.62063,-25.89552945,-299.492686,0.0,0.811488994,0.0,2.30983717,0.0,1175.0477,421.0,0.0,51.8043489,0.0,73.9467225,0.0,-1.673e-08,0.0,0.0,61.1796513,-0.0114949723,0.0,-25.89552945,675.326351,1175.0477,0.0,0.0
886.5,68.276921,-26.15614105,-299.447014,0.0,0.819420645,0.0,2.309036772,0.0,1174.81006,421.0,0.0,51.7938702,0.0,73.9344555,0.0,-1.673e-08,0.0,0.0,61.1672781,0.1104885556,0.0,-26.15614105,675.07915,1174.81006,0.0,0.0
887.0,46.3189263,-18.71657272,-299.727004,0.0,0.58695185,0.0,1.677912123,0.0,1174.00613,421.0,0.0,51.758428,0.0,73.8929504,0.0,-1.673e-08,0.0,0.0,61.1254202,-0.0818285608,0.0,-18.71657272,677.705412,1174.00613,0.0,0.0
887.5,12.4023598488,-28.37781836,-299.535796,0.0,0.889570676,0.0,2.543004915,0.0,1171.20756,421.0,0.0,51.6350461,0.0,73.7483899,0.0,-1.673e-08,0.0,0.0,60.9797092,-0.1212135736,0.0,-28.37781836,672.051211,1171.20756,0.0,0.0
888.0,3.220120564,-21.9623861,-300.0,0.0,0.689968691,0.0,1.972405183,0.0,1166.81758,421.0,0.0,51.4415053,0.0,73.5213851,0.0,-1.673e-08,0.0,0.0,60.7511421,-0.131908465,0.0,-21.9623861,672.157448,1166.81758,0.0,0.0
888.5,8.12439394,-19.3960212,-299.93774,0.0,0.6091054624,0.0,1.7403569874,0.0,1162.50691,421.0,0.0,51.2514632,0.0,73.2985249,0.0,-1.673e-08,0.0,0.0,60.5267061,-0.1025112315,0.0,-19.3960212,670.708396,1162.50691,0.0,0.0
889.0,9.908063,-23.50543421,-300.0,0.0,0.7384450015,0.0,2.110983698,0.0,1158.45659,421.0,0.0,51.0728956,0.0,73.0992906,0.0,-1.673e-08,0.0,0.0,60.3158232,-0.1232743985,0.0,-23.50543421,666.63348,1158.45659,0.0,0.0
889.5,9.908063,-31.9533055,-299.453012,0.0,1.001533942,0.0,2.861772927,0.0,1154.45555,421.0,0.0,50.8965014,0.0,72.9072084,0.0,-1.673e-08,0.0,0.0,60.1075072,-0.0939794966,0.0,-31.9533055,660.782063,1154.45555,0.0,0.0
890.0,9.908063,-28.10647225,-299.343968,0.0,0.88007686235,0.0,2.5158650425,0.0,1150.46141,421.0,0.0,50.7204118,0.0,72.7151398,0.0,-1.673e-08,0.0,0.0,59.8995482,-0.121994959,0.0,-28.10647225,660.050618,1150.46141,0.0,0.0
890.5,10.2840664,-20.42289135,-299.719746,0.0,0.640453316,0.0,1.829068593,0.0,1146.48001,421.0,0.0,50.5448836,0.0,72.5233675,0.0,-1.673e-08,0.0,0.0,59.6922539,-0.0941096765,0.0,-20.42289135,660.923106,1146.48001,0.0,0.0
891.0,34.2976761,-11.22404569,-299.662195,0.0,0.3512260613,0.0,1.003917975,0.0,1143.12685,421.0,0.0,50.3970535,0.0,72.3616166,0.0,-1.673e-08,0.0,0.0,59.5176707,-0.0523528759,0.0,-11.22404569,662.792936,1143.12685,0.0,0.0
891.5,71.4435263,-22.7263432,-297.078087,0.0,0.708845456,0.0,2.026367994,0.0,1141.9919,421.0,0.0,50.3470171,0.0,72.3068195,0.0,-1.673e-08,23.96659949,0.0,59.4585787,-0.04292788588,0.0,-22.7263432,657.344049,1141.9919,0.0,0.0
892.0,84.953026,738.3092886,51.5080412,-3.7999878,18.3431583786,-0.0032788914,27.0515049334,-0.0011713966,1142.25871,421.0,0.007842573,50.3587794,0.0009383251,72.3197061,0.0013474437,-1.673e-08,1552.01353,0.0,59.4724703,-0.0233275639,0.0,738.3092886,974.17238,1142.25871,0.0,0.0
892.5,84.953026,4272.46763,300.0,0.0,134.2235335,0.0,172.0774776,0.0,1141.22229,421.0,0.0,50.3130863,0.0,72.2696409,0.0,-1.673e-08,3915.79821,0.0,59.4185077,-0.0341128546,0.0,4272.46763,2444.15665,1141.22229,0.0,0.0
893.0,84.953026,8064.645240000001,288.368408,0.0,241.733393,0.0,319.243893,0.0,1140.04497,421.0,0.0,50.261181,0.0,72.21275,0.0,-1.673e-08,4775.4263,0.0,59.3572087,-0.0339969517,0.0,8064.645240000001,4021.42229,1140.04497,0.0,0.0
893.5,84.953026,10789.8477,9.2462635,-35.2791572,8.9581083,-39.8533973,31.4862711,-38.1489563,1147.18681,421.0,236.66613,50.5760444,28.573291,68.1697709,36.9079472,1.498503e-06,4762.09507,0.0,59.7290542,0.7924154778,0.0,10789.8477,5159.56916,1147.18681,0.0,0.0
894.0,84.953026,7902.600689999999,-70.7772824,-70.7772824,-58.9952741,-58.9952741,-56.5993321,-56.5993321,1190.58175,421.0,357.493248,52.4891991,44.4998086,66.0769406,56.273301,5.319933e-06,3909.1521,0.0,61.9884422,1.24060994,0.0,7902.600689999999,3983.50243,1190.58175,0.0,0.0
894.5,84.953026,4487.37878,-63.3728858,-63.3728858,-30.1014856,-30.1014856,-28.4468998,-28.4468998,1223.58286,421.0,189.826657,53.9441182,24.28996005,63.0226048,28.4878872,-2.1041e-07,2589.76595,0.0,63.7066666,0.681912128,0.0,4487.37878,2581.67241,1223.58286,0.0,0.0
895.0,84.953026,3235.80761,-33.4449341,-33.4449341,-11.3371751,-11.3371751,-10.6152018,-10.6152018,1237.86384,421.0,71.527648,54.5737238,9.27281145,62.4796831,10.6154848,-2.1041e-07,2109.9673,0.0,64.450215,0.245559341,0.0,3235.80761,2069.22293,1237.86384,0.0,0.0
895.5,84.7890588,3311.76768,-35.891547,-35.891547,-12.4451496,-12.4451496,-11.66609175,-11.66609175,1246.81986,420.882852,78.2388101,54.9532197,10.2158961,62.7490686,11.6645967,-2.1041e-07,2106.26732,0.0,64.9165156,0.270369239,0.0,3311.76768,2106.05989,1246.81986,0.0,0.0
896.0,74.3389304,2736.067,-39.9910917,-39.9910917,-11.5265742,-11.5265742,-10.7012402,-10.7012402,1256.25016,413.277251,71.1598571,54.3675043,9.35829194,62.2845063,10.71056785,-2.1041e-07,1870.45691,0.0,65.4075109,0.241441311,0.0,2736.067,1872.01289,1256.25016,0.0,0.0
896.5,58.1729954,1815.53933,-31.8731707,-31.8731707,-6.13382275,-6.13382275,-5.53981737,-5.53981737,1261.88897,401.495894,34.6624418,53.05525,4.57957059,65.0974119,5.54711453,-2.1041e-07,1505.66769,0.0,65.701102,0.0897968358,0.0,1815.53933,1492.26697,1261.88897,0.0,0.0
897.0,52.294273,1493.89506,-21.0142432,-21.0142432,-3.28831189,-3.28831189,-2.88762138,-2.88762138,1263.04729,398.025528,15.8644035,52.6452476,2.0983232,72.4579662,2.88741076,-2.1041e-07,1373.0125,0.0,65.7614076,0.0030679712,0.0,1493.89506,1359.10477,1263.04729,0.0,0.0
897.5,52.294273,1525.05457,-21.8428326,-21.8428326,-3.48830772,-3.48830772,-3.07467503,-3.07467503,1263.26039,399.316424,17.0328974,52.8249015,2.25325502,72.0807798,3.07450019,-2.1041e-07,1372.30248,0.0,65.7725035,0.00826617016,0.0,1525.05457,1372.19487,1263.26039,0.0,0.0
898.0,52.294273,1420.82591,-23.449662,-23.449662,-3.48924955,-3.48924955,-3.06216861,-3.06216861,1263.62864,399.490746,16.9589556,52.8633627,2.24411648,72.1704615,3.06283972,-2.1041e-07,1327.0384,0.0,65.7916765,0.01078579498,0.0,1420.82591,1329.03958,1263.62864,0.0,0.0
898.5,52.0321212,1246.16711,-23.189863,-23.189863,-3.02749788,-3.02749788,-2.61715174,-2.61715174,1263.84391,398.916766,14.20933405,52.7964035,1.88059588,73.5275179,2.61808064,-2.1041e-07,1257.01815,0.0,65.8028831,0.001110195966,0.0,1246.16711,1256.48845,1263.84391,0.0,0.0
899.0,35.2986339,1149.64018,-14.8918582,-14.8918582,-1.7944936,-1.7944936,-1.490683986,-1.490683986,1263.12081,391.548442,8.0126363,51.7917405,1.059970222,72.9454391,1.492873656,-2.1041e-07,1231.5537,0.0,65.7652369,-0.0527837146,0.0,1149.64018,1215.90071,1263.12081,0.0,0.0
899.5,10.331716542,1149.98311,-3.9712892073,-3.975314674,-0.47716508394,-0.4776499436,-0.3314679206,-0.3322439718,1260.07056,380.384334,1.791344992,50.193729,0.2365468965,70.7272534,0.333269331,-2.1041e-07,1231.5537,0.0,65.6064236,-0.1206694226,0.0,1149.98311,1214.26236,1260.07056,0.0,0.0
900.0,59.4917609,1299.08685,-23.30384126,-23.30384126,-3.222343276,-3.222343276,-2.779923566,-2.779923566,1257.28888,376.3086,15.97902753,49.5459121,2.104018586,67.0302541,2.771347088,-2.1041e-07,1231.5537,0.0,65.4615909,0.01636865678,0.0,1299.08685,1274.6813,1257.28888,0.0,0.0
900.5,150.098928,1337.89064,-62.7253466,-62.7253466,-8.78216826,-8.78216826,-7.48577868,-7.48577868,1262.7662,376.29731,48.4922623,49.7602585,6.41489792,58.1431691,7.4796473,-2.1041e-07,1231.5537,0.0,65.7467745,0.295134389,0.0,1337.89064,1294.02601,1262.7662,0.0,0.0
901.0,183.05157,1208.74753,-77.4022106,-77.4022106,-9.801064,-9.801064,-8.08914017,-8.08914017,1275.10286,375.564347,52.2628722,50.148402,6.97752137,58.1638341,8.09138796,-2.1041e-07,1231.5537,0.0,66.38909,0.36997578,0.0,1208.74753,1247.49193,1275.10286,0.0,0.0
901.5,183.212744,1154.34435,-76.327323,-76.327323,-9.22665015,-9.22665015,-7.55971493,-7.55971493,1287.51644,374.427716,48.1585157,50.4833776,6.49298997,58.7785485,7.5598735,-2.1041e-07,1231.5537,0.0,67.035414,0.353632685,0.0,1154.34435,1232.10256,1287.51644,0.0,0.0
902.0,193.512709,1155.82015,-80.4289032,-80.4289032,-9.73497575,-9.73497575,-7.93126316,-7.93126316,1300.02837,374.01276,50.2057888,50.9175925,6.83538104,59.0751731,7.93019813,-2.1041e-07,1231.5537,0.0,67.6868526,0.377986577,0.0,1155.82015,1240.02226,1300.02837,0.0,0.0
902.5,208.364528,1141.14295,-87.1197868,-87.1197868,-10.40965315,-10.40965315,-8.37986695,-8.37986695,1313.76971,374.01276,52.7200126,51.4557927,7.25320116,59.4515314,8.38018835,-2.1041e-07,1231.5537,0.0,68.402304,0.413525838,0.0,1141.14295,1241.93842,1313.76971,0.0,0.0
903.0,145.2867805,971.851429,-62.0450214,-62.0450214,-6.38299162,-6.38299162,-5.1656733,-5.1656733,1325.74533,374.01276,30.3873724,51.9248378,4.21649254,64.7648007,5.17372534,-2.1041e-07,1231.5537,0.0,69.0258255,0.22286383,0.0,971.851429,1178.48748,1325.74533,0.0,0.0
903.5,38.7438287043,917.720177,-15.6962371207,-16.15678205,-1.50889740879,-1.553186157,-1.18720995724,-1.263528239,1328.38818,374.01276,6.56520907225,52.028347,0.91358616817,72.4261176,1.26860682846,-2.1041e-07,1231.5537,0.0,69.163425,-0.05851931792,0.0,917.720177,1157.50618,1328.38818,0.0,0.0
904.0,0.0,919.880356,29.7467089,0.0,2.86661694,0.0,4.93531304,0.0,1324.02273,374.01276,0.0,51.8573686,0.0,72.3723226,0.0,-2.1041e-07,1231.5537,0.0,68.9361371,-0.152557856,0.0,919.880356,1155.85611,1324.02273,0.0,0.0
904.5,0.04009986585,922.799386,76.3095873,0.0,7.37554845,0.0,12.68199445,0.0,1318.75905,374.01276,0.0,51.6512079,0.0,72.1414218,0.0,-2.1041e-07,1231.5537,0.0,68.6620766,-0.151910917,0.0,922.799386,1153.99726,1318.75905,0.0,0.0
905.0,2.596296303,970.518469,116.3363858,0.0,11.8493706,0.0,19.96672,0.0,1313.55639,374.01276,0.0,51.4474405,0.0,71.9128446,0.0,-2.1041e-07,1231.5537,0.0,68.3912006,-0.148341879,0.0,970.518469,1170.8158,1313.55639,0.0,0.0
905.5,6.55055895,1178.1452,111.6672773,0.0,13.66849805,0.0,21.7477748,0.0,1308.51831,374.01276,0.0,51.2501146,0.0,71.6911575,0.0,-2.1041e-07,1231.5537,0.0,68.1288888,-0.143163712,0.0,1178.1452,1254.26909,1308.51831,0.0,0.0
906.0,7.988604,1482.6024,28.83044301,-2.80360655,4.28551863,-0.44330186,6.75263585,-0.36204885,1303.66603,374.01276,1.8851722,51.0600689,0.257033567,71.4773298,0.3599031,-2.1041e-07,1231.5537,0.0,67.8762505,-0.129971787,0.0,1482.6024,1378.1228,1303.66603,0.0,0.0
906.5,7.988604,1212.57606,-5.75389187,-5.75389187,-0.746173122,-0.746173122,-0.536225904,-0.536225904,1299.53888,374.01276,2.82122141,50.8984216,0.384109614,71.2952116,0.537987471,-2.1041e-07,1231.5537,0.0,67.6613701,-0.121334835,0.0,1212.57606,1263.353,1299.53888,0.0,0.0
907.0,7.988604,1144.20928,-3.34887508,-3.34887508,-0.401266891,-0.401266891,-0.250302606,-0.250302606,1295.11693,374.01276,1.31683748,50.7252293,0.178597998,71.0998295,0.25033398,-2.1041e-07,1231.5537,0.0,67.4311349,-0.129895769,0.0,1144.20928,1232.32317,1295.11693,0.0,0.0
907.5,7.988604,1148.87718,-3.28924205,-3.28924205,-0.395728983,-0.395728983,-0.247154111,-0.247154111,1290.63059,374.01276,1.30375684,50.5495154,0.17620819,70.901341,0.247151792,-2.1041e-07,1231.5537,0.0,67.1975515,-0.129541342,0.0,1148.87718,1231.64594,1290.63059,0.0,0.0
908.0,7.988604,1155.10423,-3.28827944,-3.28827944,-0.397757628,-0.397757628,-0.248842975,-0.248842975,1286.16138,374.01276,1.316339,50.3744708,0.177292601,70.7033431,0.248840052,-2.1041e-07,1231.5537,0.0,66.964859,-0.129005339,0.0,1155.10423,1231.62753,1286.16138,0.0,0.0
908.5,7.988604,1161.33462,-3.28840796,-3.28840796,-0.399918682,-0.399918682,-0.2506193,-0.2506193,1281.71072,374.01276,1.32944806,50.2001554,0.178438593,70.5059009,0.250616366,-2.1041e-07,1231.5537,0.0,66.7331335,-0.128469507,0.0,1161.33462,1231.62135,1281.71072,0.0,0.0
909.0,7.988604,1167.53964,-3.28855555,-3.28855555,-0.402073511,-0.402073511,-0.252394566,-0.252394566,1277.27852,374.01276,1.34261455,50.026561,0.179582642,70.3090149,0.252391635,-2.1041e-07,1231.5537,0.0,66.5023681,-0.127937199,0.0,1167.53964,1231.61536,1277.27852,0.0,0.0
909.5,7.988604,1173.71904,-3.2887025,-3.2887025,-0.404219606,-0.404219606,-0.254167137,-0.254167137,1272.86469,374.01276,1.35582991,49.8536856,0.180723592,70.112684,0.254164216,-2.1041e-07,1231.5537,0.0,66.2725589,-0.127408447,0.0,1173.71904,1231.60945,1272.86469,0.0,0.0
910.0,7.988604,1179.87294,-3.28884851,-3.28884851,-0.406356998,-0.406356998,-0.25593696,-0.25593696,1268.46906,374.01276,1.36909404,49.6815244,0.181861416,69.9169029,0.255934047,-2.1041e-07,1231.5537,0.0,66.043697,-0.126883214,0.0,1179.87294,1231.60356,1268.46906,0.0,0.0
910.5,7.988604,1186.0015,-3.28899354,-3.28899354,-0.408485722,-0.408485722,-0.257704051,-0.257704051,1264.09149,374.01276,1.38240709,49.5100712,0.182996126,69.7216661,0.257701137,-2.1041e-07,1231.5537,0.0,65.815776,-0.126361464,0.0,1186.0015,1231.59767,1264.09149,0.0,0.0
911.0,7.988604,1192.10485,-3.28913765,-3.28913765,-0.410605851,-0.410605851,-0.259468384,-0.259468384,1259.73197,374.01276,1.39576917,49.3393222,0.18412772,69.5269789,0.259465471,-2.1041e-07,1231.5537,0.0,65.5887936,-0.12584317,0.0,1192.10485,1231.59184,1259.73197,0.0,0.0
911.5,7.988604,1198.18323,-3.28928072,-3.28928072,-0.412717429,-0.412717429,-0.261229955,-0.261229955,1255.39025,374.01276,1.40918035,49.1692738,0.185256208,69.3328327,0.261227052,-2.1041e-07,1231.5537,0.0,65.3627395,-0.12532829,0.0,1198.18323,1231.586,1255.39025,0.0,0.0
912.0,7.988604,1204.23676,-3.28942293,-3.28942293,-0.41482051,-0.41482051,-0.262988762,-0.262988762,1251.06631,374.01276,1.42264077,48.9999198,0.186381598,69.139225,0.262985862,-2.1041e-07,1231.5537,0.0,65.1376086,-0.1248167981,0.0,1204.23676,1231.58019,1251.06631,0.0,0.0
912.5,7.988604,1210.43467,-3.26146435,-3.26146435,-0.413399112,-0.413399112,-0.262521476,-0.262521476,1246.7598,374.01276,1.42419868,48.8312488,0.185945841,68.9461479,0.262541412,-2.1041e-07,1231.72762,0.0,64.9133906,-0.1243960791,0.0,1210.43467,1231.64464,1246.7598,0.0,0.0
913.0,7.988604,1242.13906,-2.87545557,-2.87545557,-0.374043443,-0.374043443,-0.239565104,-0.239565104,1242.4463,374.01276,1.30316226,48.6623037,0.169549376,68.7525055,0.239548616,-2.1041e-07,1242.8327,0.0,64.6888075,-0.1249958704,0.0,1242.13906,1242.31848,1242.4463,0.0,0.0
913.5,7.988604,1290.84538,-2.92809738,-2.92809738,-0.395871974,-0.395871974,-0.256698691,-0.256698691,1238.13884,374.01276,1.40016289,48.4935962,0.181536396,68.5588829,0.256652475,-2.1041e-07,1260.01087,0.0,64.4645335,-0.1241295018,0.0,1290.84538,1260.07043,1238.13884,0.0,0.0
914.0,7.988604,1312.81992,-3.31575152,-3.31575152,-0.45584259,-0.45584259,-0.296859938,-0.296859938,1233.88222,374.01276,1.62397342,48.3268791,0.209836847,68.367294,0.296852909,-2.1041e-07,1266.2582,0.0,64.2429101,-0.1222768879,0.0,1312.81992,1266.72875,1233.88222,0.0,0.0
914.5,7.988604,1317.52998,-3.29156192,-3.29156192,-0.454141259,-0.454141259,-0.295998548,-0.295998548,1229.66163,373.990421,1.62381108,48.1586999,0.209097522,68.173016,0.295996658,-2.1041e-07,1266.2582,0.0,64.0231616,-0.1218707664,0.0,1317.52998,1266.22429,1229.66163,0.0,0.0
915.0,7.988604,1323.38154,-3.29040173,-3.29040173,-0.455997669,-0.455997669,-0.297515876,-0.297515876,1225.45673,372.540197,1.63668625,47.8079892,0.210034681,67.7197522,0.297513181,-2.1041e-07,1266.2582,0.0,63.8042304,-0.121385625,0.0,1323.38154,1266.20397,1225.45673,0.0,0.0
915.5,7.988604,1329.24419,-3.2905123,-3.2905123,-0.458033155,-0.458033155,-0.299153223,-0.299153223,1221.2686,370.291287,1.65028682,47.3569826,0.211056259,67.1235976,0.299150518,-2.1041e-07,1266.2582,0.0,63.5861739,-0.1208992245,0.0,1329.24419,1266.19809,1221.2686,0.0,0.0
916.0,7.988604,1335.08402,-3.2906462,-3.2906462,-0.460064179,-0.460064179,-0.300789182,-0.300789182,1217.09732,369.47028,1.66394325,47.0905122,0.212075947,66.7882608,0.300786496,-2.1041e-07,1266.2582,0.0,63.3689916,-0.1204158795,0.0,1335.08402,1266.19246,1217.09732,0.0,0.0
916.5,7.94849907,1340.8368,-3.2840317,-3.2840317,-0.461116345,-0.461116345,-0.301782404,-0.301782404,1212.94251,369.47028,1.67419697,46.9297604,0.212655078,66.602348,0.301798375,-2.1041e-07,1266.2582,0.0,63.1526699,-0.120005071,0.0,1340.8368,1266.16025,1212.94251,0.0,0.0
917.0,5.39230773,1341.8201,-2.25809835,-2.25809835,-0.317278261,-0.317278261,-0.207679221,-0.207679221,1208.71984,369.47028,1.15663946,46.7663809,0.146438128,66.4131535,0.207948485,-2.1041e-07,1266.2582,0.0,62.9328128,-0.125999786,0.0,1341.8201,1264.10383,1208.71984,0.0,0.0
917.5,1.437951549674,1346.48254,-0.5397878778,-0.569723951,-0.0760212265,-0.0802501654,-0.04610748415,-0.0525599443,1204.19004,369.449869,0.294224746,46.5885494,0.0371346522,66.2062716,0.0527630952,-2.1041e-07,1266.2582,0.0,62.6969663,-0.13586357,0.0,1346.48254,1263.39901,1204.19004,0.0,0.0
918.0,0.0,1350.4464,1.660985639,0.0,0.234955565,0.0,0.358377938,0.0,1199.41131,368.124798,0.0,46.2373185,0.0,65.754998,0.0,-2.1041e-07,1266.2582,0.0,62.4481573,-0.138988079,0.0,1350.4464,1262.25815,1199.41131,0.0,0.0
918.5,0.0,1353.02511,4.93791984,0.0,0.699730614,0.0,1.066852185,0.0,1194.61483,366.069988,0.0,45.7953536,0.0,65.1741371,0.0,-2.1041e-07,1266.2582,0.0,62.1984264,-0.138492544,0.0,1353.02511,1260.53053,1194.61483,0.0,0.0
919.0,0.0,1355.59465,9.2456429,0.0,1.31259557,0.0,2.00037961,0.0,1189.83543,365.31982,0.0,45.5185858,0.0,64.82755,0.0,-2.1041e-07,1266.2582,0.0,61.9495825,-0.138000748,0.0,1355.59465,1258.80906,1189.83543,0.0,0.0
919.5,0.0,1358.15507,16.96665065,0.0,2.4135096,0.0,3.67642669,0.0,1185.07295,365.456106,0.0,45.3532732,0.0,64.6391292,0.0,-2.1041e-07,1275.31182,0.0,61.7016217,-0.137512658,0.0,1358.15507,1257.09368,1185.07295,0.0,0.0
920.0,0.0,1360.70644,226.8398385,0.0,32.3291027,0.0,49.2237447,0.0,1180.3273,374.304052,0.0,46.2647553,0.0,65.9861956,0.0,-2.1041e-07,1853.56264,0.0,61.4545362,-0.137028236,0.0,1360.70644,1255.38441,1180.3273,0.0,0.0
920.5,0.2829514084,1363.87772,300.0,0.0,42.8474821,0.0,65.205466,0.0,1175.59889,388.024806,0.0,47.7685895,0.0,68.180358,0.0,-2.1041e-07,2743.34373,0.0,61.2083479,-0.136218489,0.0,1363.87772,1253.94311,1175.59889,0.0,0.0
921.0,18.329697,1683.40443,300.0,0.0,52.8857097,0.0,76.5243565,0.0,1171.17244,393.0339,0.0,48.2036021,0.0,68.8477556,0.0,-2.1041e-07,2769.01243,0.0,60.9778831,-0.1147452364,0.0,1683.40443,1384.31597,1171.17244,0.0,0.0
921.5,46.2462983,3131.93816,263.099399,0.0,83.4738639,0.0,109.8614094,0.0,1167.77945,393.0339,0.0,48.0639502,0.0,68.6839903,0.0,-2.1041e-07,2305.50052,0.0,60.8012237,-0.0818702032,0.0,3131.93816,1985.08036,1167.77945,0.0,0.0
922.0,56.399067,4373.32637,-10.83914705,-28.4847384,-4.5059603,-12.7985723,-1.5472977,-12.1197748,1169.64883,393.0339,85.8214975,48.140892,10.52124895,59.4167076,12.1200325,-2.1041e-07,2136.9294,0.0,60.898554,0.2569898764,0.0,4373.32637,2502.72271,1169.64883,0.0,0.0
922.5,56.399067,3519.1854,-27.087358,-27.087358,-9.9683952,-9.9683952,-9.33886,-9.33886,1178.66842,393.0339,65.4981676,48.5121247,8.08460137,56.0866893,9.3391155,-2.1041e-07,2126.22214,0.0,61.3681653,0.187894163,0.0,3519.1854,2152.5748,1178.66842,0.0,0.0
923.0,56.399067,1877.518355,-49.0541502,-49.0541502,-9.6972548,-9.6972548,-8.73764883,-8.73764883,1186.6111,393.0339,60.4067679,48.8390322,7.49970879,58.7635457,8.75865894,-2.1041e-07,1442.42743,0.0,61.7817074,0.208902589,0.0,1877.518355,1474.10268,1186.6111,0.0,0.0
923.5,56.399067,47.42693781,-165.1515104,-9.521618,-0.1301625308,-0.263420747,0.2207195909,-0.16020167,1189.0558,392.945384,0.92012703,48.9286354,0.114597344,69.692452,0.16322241,-2.1041e-07,389.151476924,0.0,61.9089932,-0.0420967952,0.0,47.42693781,714.015623,1189.0558,0.0,0.0
924.0,56.399067,-25.1142853,-298.197109,0.0,0.783290322,0.0,2.239182564,0.0,1188.01981,387.205188,0.0,48.17195,0.0,68.62549,0.0,-2.1041e-07,288.8419215,0.0,61.8550529,-0.0650407542,0.0,-25.1142853,683.225761,1188.01981,0.0,0.0
924.5,56.399067,-24.74786235,-253.185595,0.0,0.67701674,0.0,1.929097543,0.0,1186.94077,378.302507,0.0,47.0216245,0.0,66.9977845,0.0,-2.1041e-07,728.759398,0.0,61.7988719,-0.0478488919,0.0,-24.74786235,682.748207,1186.94077,0.0,0.0
925.0,56.399067,-18.32953633,-119.8216179,0.0,0.2548196024,0.0,0.724119986,0.0,1185.86216,375.04962,0.0,46.5748611,0.0,66.3721791,0.0,-2.1041e-07,888.7444,0.0,61.7427126,-0.0369119892,0.0,-18.32953633,684.789113,1185.86216,0.0,0.0
925.5,56.399067,153.655856284,-25.59118065,-20.10080705,-0.29605697176,-0.29798103176,-0.175246703666,-0.180708467666,1184.71684,375.209514,1.0163036479,46.5497062,0.12604519929,66.3479439,0.17966448239,-2.1041e-07,888.7444,0.0,61.6830813,-0.0316766492,0.0,153.655856284,755.684747,1184.71684,0.0,0.0
926.0,56.399067,458.434744,-22.8438979,-22.8438979,-1.09778407,-1.09778407,-0.767813672,-0.767813672,1183.80327,385.617585,4.34249468,47.8039956,0.53832296,68.1452325,0.767387764,-2.1041e-07,888.7444,0.0,61.6355134,-0.017877082,0.0,458.434744,881.972055,1183.80327,0.0,0.0
926.5,56.399067,492.953897,-20.3802301,-21.1051767,-1.003146495,-1.05212381,-0.647929784,-0.744676504,1183.22983,401.735166,4.21542753,49.7779368,0.522340733,70.9653305,0.744664215,-2.1041e-07,907.231057,0.0,61.6056585,-0.0212522592,0.0,492.953897,896.000923,1183.22983,0.0,0.0
927.0,56.399067,2030.28804,199.9077389,0.0,49.73550174,0.0,67.6062215,0.0,1181.51143,405.690772,0.0,50.1952054,0.0,71.5789645,0.0,-2.1041e-07,2085.10249,0.0,61.5161894,-0.071425822,0.0,2030.28804,1534.69365,1181.51143,0.0,0.0
927.5,56.399067,4548.76418,300.0,0.0,142.9036385,0.0,182.292966,0.0,1179.04647,402.675299,0.0,49.7181627,0.0,70.925427,0.0,-2.1041e-07,3907.23033,0.0,61.3878491,-0.071174721,0.0,4548.76418,2581.21086,1179.04647,0.0,0.0
928.0,56.399067,7067.23566,300.0,0.0,222.023757,0.0,283.416799,0.0,1176.59018,401.57364,0.0,49.4787846,0.0,70.6104875,0.0,-2.1041e-07,4569.846,0.0,61.25996,-0.070925024,0.0,7067.23566,3627.73128,1176.59018,0.0,0.0
928.5,56.399067,9585.7026,195.4060249,0.0,189.3079372,0.0,260.810807,0.0,1174.14248,401.57364,0.0,49.3758529,0.0,70.4899915,0.0,-2.1041e-07,4569.846,0.0,61.1325191,-0.0706767217,0.0,9585.7026,4674.25472,1174.14248,0.0,0.0
929.0,56.399067,9923.4245,-37.2469634,-37.2469634,-38.9677859,-38.9677859,-37.0421128,-37.0421128,1188.11283,401.57364,247.020276,49.9633447,30.6958463,59.9010206,37.0247651,-2.1041e-07,4569.846,0.0,61.8598957,0.791876238,0.0,9923.4245,4822.94049,1188.11283,0.0,0.0
929.5,56.399067,9293.2535,-24.234808,-24.234808,-23.5866021,-23.5866021,-22.1734029,-22.1734029,1208.31878,401.598476,152.017299,50.8162196,19.2333076,58.5942862,22.1785246,-2.1041e-07,4569.846,0.0,62.9119315,0.459802058,0.0,9293.2535,4572.51983,1208.31878,0.0,0.0
930.0,56.399067,9254.7774,-23.6012968,-23.6012968,-22.8733944,-22.8733944,-21.4800783,-21.4800783,1223.68356,403.215203,145.844156,51.6698769,18.6887569,59.3875187,21.4802657,-2.1041e-07,4569.846,0.0,63.7119083,0.437107693,0.0,9254.7774,4565.481040000001,1223.68356,0.0,0.0
930.5,56.2505416,9233.2695,-23.5626579,-23.5626579,-22.782899,-22.782899,-21.3968789,-21.3968789,1238.65767,405.723447,143.809116,52.6274771,18.6534238,60.3700592,21.3978197,-2.1041e-07,4569.846,0.0,64.4915451,0.428693824,0.0,9233.2695,4565.274670000001,1238.65767,0.0,0.0
931.0,46.7715579,9195.9535,-19.7369826,-19.7369826,-19.0086443,-19.0086443,-17.6904986,-17.6904986,1252.17902,406.6398,118.3925244,53.3218149,15.52037035,60.8074419,17.70284685,-2.1041e-07,4569.846,0.0,65.1955434,0.327337344,0.0,9195.9535,4557.64215,1252.17902,0.0,0.0
931.5,32.1084327,9178.2744,-13.3747013,-13.3747013,-12.85542885,-12.85542885,-11.6187608,-11.6187608,1260.6478,406.6398,77.2152138,53.682444,10.19161255,61.2842567,11.629395,-2.1041e-07,4569.846,0.0,65.636478,0.16504774,0.0,9178.2744,4555.23072,1260.6478,0.0,0.0
932.0,26.775963,9190.6644,-10.9867365,-10.9867365,-10.5741804,-10.5741804,-9.4005082,-9.4005082,1264.83179,406.6398,61.8397841,53.8606118,8.19095144,61.8102522,9.3997506,-2.1041e-07,4569.846,0.0,65.8543199,0.1044388775,0.0,9190.6644,4562.8292,1264.83179,0.0,0.0
932.5,26.8027158,9177.6311,-13.4936672,-13.4936672,-12.9374054,-12.9374054,-11.71803015,-11.71803015,1268.62166,406.52017,76.4689483,54.0060727,10.1624644,61.9813037,11.69230295,-2.1041e-07,4555.462839999999,0.0,66.051641,0.1557275561,0.0,9177.6311,4559.61889,1268.62166,0.0,0.0
933.0,28.5067035,7041.931879999999,-46.1693967,-46.1693967,-34.0973989,-34.0973989,-32.6886525,-32.6886525,1284.32357,398.732894,208.240485,53.6248525,27.9858215,62.5708798,32.7138601,-2.1041e-07,3639.34725,0.0,66.8691724,0.639187682,0.0,7041.931879999999,3680.10685,1284.32357,0.0,0.0
933.5,30.9814977,3498.96702,-42.8399077,-42.8399077,-16.02973822,-16.02973822,-15.066375,-15.066375,1300.25161,386.651424,97.2744061,52.6462499,13.23524508,60.6201321,15.10085317,-2.1041e-07,2222.1831,0.0,67.6984772,0.2755773242,0.0,3498.96702,2215.15331,1300.25161,0.0,0.0
934.0,21.6683915,2151.9518,-7.09939717,-7.09939717,-1.58938522,-1.58938522,-1.277553366,-1.277553366,1302.35162,382.2376,6.70963372,52.1303089,0.915187327,72.9899292,1.281362553,-2.1041e-07,1706.7722,0.0,67.8078151,-0.0907788782,0.0,2151.9518,1655.87652,1302.35162,0.0,0.0
934.5,6.18118856631,2249.61902,-2.284498499,-2.290252649,-0.5372093864,-0.5385672558,-0.3978997456,-0.3997566227,1298.51207,382.12151,2.104361906,51.9608591,0.2863662292,72.794621,0.4011262563,-2.1041e-07,1706.7722,0.0,67.6079054,-0.131668921,0.0,2249.61902,1694.27469,1298.51207,0.0,0.0
935.0,26.1895266,2327.62294,-10.17866269,-10.17866269,-2.492707173,-2.492707173,-2.174440141,-2.174440141,1294.57193,374.564612,11.77391907,50.7789201,1.595702208,69.9059936,2.166317666,-2.1041e-07,1706.7722,0.0,67.4027604,-0.0629545168,0.0,2327.62294,1724.43207,1294.57193,0.0,0.0
935.5,66.07655,2349.00572,-27.6035282,-27.6035282,-6.78919838,-6.78919838,-6.23053317,-6.23053317,1295.21709,362.840569,38.5305366,49.2134788,5.22688481,58.9772525,6.22360802,-2.1041e-07,1706.7722,0.0,67.4363496,0.1003203873,0.0,2349.00572,1733.70632,1295.21709,0.0,0.0
936.0,80.58316,2292.81373,-34.0725899,-34.0725899,-8.1816058,-8.1816058,-7.51498353,-7.51498353,1300.15938,358.55734,47.423767,48.8184306,6.45669817,56.8281183,7.51587968,-2.1041e-07,1706.7722,0.0,67.6936735,0.156752754,0.0,2292.81373,1713.21015,1300.15938,0.0,0.0
936.5,80.420057,2272.34487,-32.9634391,-32.9634391,-7.84224346,-7.84224346,-7.19836213,-7.19836213,1305.43123,358.55734,45.1328405,49.0163785,6.16963882,57.217423,7.20001865,-2.1041e-07,1710.4738,0.0,67.9681573,0.146640158,0.0,2272.34487,1707.77111,1305.43123,0.0,0.0
937.0,70.0312614,2791.54096,-20.571591,-20.571591,-5.96082061,-5.96082061,-5.48509782,-5.48509782,1309.22364,358.55734,32.8710985,49.1587766,4.50669893,59.8387352,5.48554023,-2.1041e-07,1946.246,0.0,68.165613,0.0728756378,0.0,2791.54096,1926.02681,1309.22364,0.0,0.0
937.5,53.9602338,3688.67242,-14.75276,-14.75276,-5.6725511,-5.6725511,-5.20639372,-5.20639372,1311.10484,358.55734,30.7427436,49.2294124,4.22093576,60.9130544,5.20536641,-2.1041e-07,2310.97555,0.0,68.2635565,0.0369242366,0.0,3688.67242,2300.42824,1311.10484,0.0,0.0
938.0,48.11578,4045.25867,-20.3958481,-20.3958481,-8.6401145,-8.6401145,-8.07691575,-8.07691575,1313.51717,358.55734,50.6946889,49.3199897,6.97307534,57.1225146,8.07607823,-2.1041e-07,2443.6145,0.0,68.3891564,0.1041970849,0.0,4045.25867,2450.215,1313.51717,0.0,0.0
938.5,48.11578,4021.44706,-20.0709442,-20.0709442,-8.4523797,-8.4523797,-7.89598184,-7.89598184,1317.02042,358.468223,49.368794,49.4392244,6.80883617,57.3337451,7.89607892,-2.1041e-07,2443.6145,0.0,68.5715553,0.0989485155,0.0,4021.44706,2442.35229,1317.02042,0.0,0.0
939.0,48.11578,4016.1006,-20.0489064,-20.0489064,-8.43186985,-8.43186985,-7.8762251,-7.8762251,1320.41744,352.66725,49.1176818,48.7643732,6.79168276,56.5515555,7.8762454,-2.1041e-07,2443.6145,0.0,68.7484239,0.0977107981,0.0,4016.1006,2442.11113,1320.41744,0.0,0.0
939.5,48.11578,4011.38425,-20.0482277,-20.0482277,-8.4216826,-8.4216826,-7.86640695,-7.86640695,1323.77856,343.667435,48.9354006,47.6409124,6.78370217,55.2447227,7.86642575,-2.1041e-07,2443.6145,0.0,68.923421,0.0967363358,0.0,4011.38425,2442.11108,1323.77856,0.0,0.0
940.0,48.11578,4006.72517,-20.0479546,-20.0479546,-8.41178645,-8.41178645,-7.85687004,-7.85687004,1327.10629,340.37946,48.7571211,47.3039779,6.77597898,54.8499454,7.85688847,-2.1041e-07,2443.6145,0.0,69.0966849,0.0957783746,0.0,4006.72517,2442.11549,1327.10629,0.0,0.0
940.5,47.8743564,4001.72757,-20.0071665,-20.0071665,-8.38422515,-8.38422515,-7.83034353,-7.83034353,1330.40011,340.37946,48.4735024,47.4213852,6.75326673,54.9890316,7.83095222,-2.1041e-07,2443.6145,0.0,69.2681781,0.094133736,0.0,4001.72757,2441.9592,1330.40011,0.0,0.0
941.0,32.4781522,3968.90753,-13.8145428,-13.8145428,-5.74444258,-5.74444258,-5.26588534,-5.26588534,1332.58171,340.37946,30.926621,47.4991455,4.31565737,58.8996499,5.27453566,-2.1041e-07,2443.6145,0.0,69.381765,0.008450065796,0.0,3968.90753,2429.57635,1332.58171,0.0,0.0
941.5,8.93699512985,3962.49492,-3.537977449,-3.58807636,-1.4674336704,-1.488260215,-1.1956026664,-1.222341811,1330.57574,340.37946,6.34196983,47.4276454,0.884274825,66.0191279,1.228045797,-2.1041e-07,2443.6145,0.0,69.2773217,-0.1161142146,0.0,3962.49492,2425.73677,1330.57574,0.0,0.0
942.0,17.9142244,4032.27001,-6.76990068,-6.76990068,-2.866500938,-2.866500938,-2.495949666,-2.495949666,1326.52866,340.37946,13.495743955,47.2833888,1.874062488,64.1123895,2.485934637,-2.1041e-07,2443.6145,0.0,69.0666084,-0.0765755921,0.0,4032.27001,2452.40758,1326.52866,0.0,0.0
942.5,44.9209118,4052.09435,-18.83480405,-18.83480405,-7.99162034,-7.99162034,-7.44765882,-7.44765882,1326.62078,340.615687,45.9304965,47.3195297,6.38156138,55.368029,7.43973935,-2.1041e-07,2443.6145,0.0,69.0714064,0.0808122775,0.0,4052.09435,2460.71048,1326.62078,0.0,0.0
943.0,37.2064667,3980.12111,-16.1750714,-16.1750714,-6.749756,-6.749756,-6.24559967,-6.24559967,1329.64649,355.9926,37.6716248,49.5687853,5.24494973,59.9221439,6.25625656,-2.1041e-07,2443.6145,0.0,69.2289408,0.0402339928,0.0,3980.12111,2432.5285,1329.64649,0.0,0.0
943.5,11.227648444,3962.11075,-4.2638414256,-4.26788246,-1.7680631314,-1.769739412,-1.4730403929,-1.475192858,1328.26305,379.848893,7.71709965,52.8344753,1.074042802,73.2971959,1.479614571,-2.1041e-07,2443.6145,0.0,69.1569118,-0.1075504312,0.0,3962.11075,2424.22656,1328.26305,0.0,0.0
944.0,84.4280815,4155.77472,-33.25988705,-33.25988705,-14.56662011,-14.56662011,-13.70634612,-13.70634612,1328.72865,388.56448,85.688979,54.0664718,11.93655949,63.6471619,13.65853856,-2.1041e-07,2443.6145,0.0,69.1811519,0.280190185625,0.0,4155.77472,2505.08338,1328.72865,0.0,0.0
944.5,213.017089,4186.99302,-89.173275,-89.173275,-39.0748509,-39.0748509,-36.391603,-36.391603,1350.71214,388.56448,220.373786,54.9609879,31.2028669,63.9385404,36.354243,-2.1041e-07,2443.6145,0.0,70.325738,0.96062088,0.0,4186.99302,2530.9095,1350.71214,0.0,0.0
945.0,259.77872,3974.2604,-110.0174619,-110.0174619,-45.7956514,-45.7956514,-42.1619975,-42.1619975,1388.92926,388.56448,247.761309,56.5160583,36.027353,66.143041,42.1696395,-2.1041e-07,2443.6145,0.0,72.3155394,1.13552841,0.0,3974.2604,2464.70461,1388.92926,0.0,0.0
945.5,259.77872,3868.02443,-108.4423614,-108.4423614,-43.9255853,-43.9255853,-40.394277,-40.394277,1427.0436,388.417322,233.025055,58.0446959,34.8204131,67.3372633,40.3956604,-2.1041e-07,2443.6145,0.0,74.2999874,1.08047923,0.0,3868.02443,2442.75379,1427.0436,0.0,0.0
946.0,259.77872,3815.25985,-108.3885356,-108.3885356,-43.3048109,-43.3048109,-39.7827881,-39.7827881,1463.86059,378.838047,225.062254,58.0693179,34.4985775,66.9659839,39.7839106,-2.1041e-07,2443.6145,0.0,76.2168886,1.05003037,0.0,3815.25985,2442.29518,1463.86059,0.0,0.0
946.5,259.77872,3765.10714,-108.3798609,-108.3798609,-42.7321337,-42.7321337,-39.2171691,-39.2171691,1499.66941,363.976402,217.759604,57.1563418,34.1959008,65.5510854,39.2182556,-2.1041e-07,2443.6145,0.0,78.081298,1.02180955,0.0,3765.10714,2442.33474,1499.66941,0.0,0.0
947.0,259.77872,3716.30629,-108.3724019,-108.3724019,-42.1753651,-42.1753651,-38.6682315,-38.6682315,1534.52796,358.54688,210.895206,57.6168313,33.8879096,65.7453816,38.6692862,-2.1041e-07,2443.6145,0.0,79.8962316,0.995023954,0.0,3716.30629,2442.38204,1534.52796,0.0,0.0
947.5,259.77872,3668.77257,-108.3652815,-108.3652815,-41.6331807,-41.6331807,-38.1346275,-38.1346275,1568.4815,358.54688,204.380575,58.8916826,33.5678719,66.9047305,38.1356533,-2.1041e-07,2443.6145,0.0,81.6640456,0.969388078,0.0,3668.77257,2442.4281,1568.4815,0.0,0.0
948.0,259.77872,3622.4532,-108.3584664,-108.3584664,-41.1049647,-41.1049647,-37.6156782,-37.6156782,1601.5677,358.54688,198.211079,60.1339686,33.2414366,68.0481589,37.6166772,-2.1041e-07,2443.6145,0.0,83.3867004,0.944889713,0.0,3622.4532,2442.47308,1601.5677,0.0,0.0
948.5,259.77872,3575.23558,-108.694602,-108.694602,-40.6936399,-40.6936399,-37.1966943,-37.1966943,1633.83154,358.54688,192.813827,61.3453766,32.9884421,69.1714419,37.1971243,-2.1041e-07,2441.49504,0.0,85.0665396,0.923506549,0.0,3575.23558,2441.66407,1633.83154,0.0,0.0
949.0,259.77872,3218.28944,-113.3868884,-113.3868884,-38.2156762,-38.2156762,-34.5354038,-34.5354038,1665.25769,358.54688,176.76773,62.5253336,30.8160059,70.0851776,34.5484102,-2.1041e-07,2306.11678,0.0,86.7027635,0.87529381,0.0,3218.28944,2311.48569,1665.25769,0.0,0.0
949.5,258.473714,2656.46572,-112.494274,-112.494274,-31.3089584,-31.3089584,-27.7885166,-27.7885166,1693.43199,358.54688,141.145152,63.5831917,25.0218477,70.6401768,27.8032851,-2.1041e-07,2096.70696,0.0,88.169678,0.752899604,0.0,2656.46572,2094.15743,1693.43199,0.0,0.0
950.0,175.350631,2271.88194,-74.3635425,-74.3635425,-17.7615746,-17.7615746,-15.9150977,-15.9150977,1714.1166,358.54688,79.9820289,64.3598356,14.349181,71.5992461,15.9407819,-2.1041e-07,2020.5443,0.0,89.246637,0.388869869,0.0,2271.88194,1946.20688,1714.1166,0.0,0.0
950.5,46.765487991,2225.78766,-18.924205492,-19.4836665606,-4.4109587852,-4.5414300572,-3.9413387355,-4.12014589275,1719.71374,358.54688,19.1083996104,64.5699902,3.4420312699,81.7518341,4.1391561762,-2.1041e-07,2020.5443,0.0,89.5380536,-0.0542181682,0.0,2225.78766,1930.29484,1719.71374,0.0,0.0
951.0,0.0,2229.06895,36.0184429,0.0,8.40951985,0.0,11.52256849,0.0,1714.09338,358.54688,0.0,64.358965,0.0,86.2735747,0.0,-2.1041e-07,2020.5443,0.0,89.2454283,-0.203699055,0.0,2229.06895,1928.37854,1714.09338,0.0,0.0
951.5,0.97033595549,2235.00873,92.3026469,0.0,21.6106693,0.0,29.5953701,0.0,1707.07107,358.54688,0.0,64.0952961,0.0,85.9709242,0.0,-2.1041e-07,2020.63598,0.0,88.8798065,-0.201534006,0.0,2235.00873,1926.74983,1707.07107,0.0,0.0
952.0,63.0641233,2912.77881,21.4416883,-20.0587822,4.37705873,-6.65317757,8.63706108,-6.18928352,1701.97756,358.54688,30.7855273,63.9040506,5.48728368,79.895542,6.14655843,-2.1041e-07,2026.50296,0.0,88.6146068,0.005936382,0.0,2912.77881,2205.80086,1701.97756,0.0,0.0
952.5,159.111757,2731.87699,-69.075065,-69.075065,-19.694225,-19.694225,-18.0170108,-18.0170108,1709.93553,358.369926,90.7892175,64.1710387,16.2607638,71.0712725,18.0070487,-2.1041e-07,2035.57802,0.0,89.0289461,0.396165286,0.0,2731.87699,2135.17295,1709.93553,0.0,0.0
953.0,194.04346,2519.66383,-82.149862,-82.149862,-21.680527,-21.680527,-19.5574234,-19.5574234,1725.95787,346.851212,97.9025826,62.6879602,17.6935187,69.305555,19.5613771,-2.1041e-07,2038.8785,0.0,89.8631598,0.480313303,0.0,2519.66383,2056.22475,1725.95787,0.0,0.0
953.5,194.04346,2455.33241,-80.9070994,-80.9070994,-20.803006,-20.803006,-18.7358302,-18.7358302,1742.10682,328.980667,92.960119,60.014584,16.9587225,66.3053631,18.7363195,-2.1041e-07,2038.8785,0.0,90.7039654,0.45973674,0.0,2455.33241,2038.88524,1742.10682,0.0,0.0
954.0,194.04346,2432.31929,-80.8691062,-80.8691062,-20.5983226,-20.5983226,-18.535615,-18.535615,1757.85614,322.45187,91.1951775,59.3576726,16.7871903,65.5411228,18.5359733,-2.1041e-07,2038.8785,0.0,91.5239644,0.451581407,0.0,2432.31929,2038.50521,1757.85614,0.0,0.0
954.5,193.490109,2409.74734,-80.7733399,-80.7733399,-20.3831746,-20.3831746,-18.3274162,-18.3274162,1773.33351,322.607323,89.4317831,59.9092779,16.6074473,66.1184323,18.328684,-2.1041e-07,2038.8785,0.0,92.3298039,0.442710509,0.0,2409.74734,2038.15002,1773.33351,0.0,0.0
955.0,158.152657,2322.45127,-66.5780844,-66.5780844,-16.20997955,-16.20997955,-14.6693115,-14.6693115,1786.96072,332.726329,70.7251636,62.2645929,13.23206775,69.1115113,14.6806325,-2.1041e-07,2038.8785,0.0,93.0393149,0.314268151,0.0,2322.45127,2009.78229,1786.96072,0.0,0.0
955.5,103.4897222,2289.19303,-43.1777058,-43.1777058,-10.3524073,-10.3524073,-9.4824726,-9.4824726,1794.45159,348.42529,44.4657195,65.4747303,8.35487719,74.5180505,9.49108474,-2.1041e-07,2037.64775,0.0,93.4293339,0.1237465405,0.0,2289.19303,2000.31716,1794.45159,0.0,0.0
956.0,83.61024,2171.55159,-37.0540006,-37.0540006,-8.4230162,-8.4230162,-7.70488704,-7.70488704,1797.1472,354.1607,35.2387997,66.6519187,6.63176367,77.46383,7.70596023,-2.1041e-07,1959.09625,0.0,93.5696796,0.0596163598,0.0,2171.55159,1952.93961,1797.1472,0.0,0.0
956.5,84.8883036,1891.65813,-37.5540664,-37.5540664,-7.43899745,-7.43899745,-6.73184914,-6.73184914,1798.94309,354.088844,29.820678,66.7049795,5.61769132,79.9891676,6.73282425,-2.1041e-07,1837.58761,0.0,93.6631864,0.0441624845,0.0,1891.65813,1837.52252,1798.94309,0.0,0.0
957.0,166.2836065,1929.92382,-67.5160529,-67.5160529,-13.72669184,-13.72669184,-12.16210445,-12.16210445,1803.30156,349.4113,57.3914741,65.9826669,10.84232391,74.2616396,12.14156082,-2.1041e-07,1793.3945,0.0,93.89011,0.2795402164,0.0,1929.92382,1855.99003,1803.30156,0.0,0.0
957.5,290.500877,1953.60895,-123.2003162,-123.2003162,-25.1446789,-25.1446789,-21.5010181,-21.5010181,1819.80359,342.15433,102.34415,65.2027684,19.5115222,71.8243884,21.4912909,-2.1041e-07,1784.39519,0.0,94.7493003,0.66405875,0.0,1953.60895,1875.48098,1819.80359,0.0,0.0
958.0,228.143141,456.48476183,-150.22659,-110.408003,-6.9628064418,-7.015294758,-5.102184702,-5.248635075,1839.83143,339.5031,24.37055131,65.4109419,4.6850669396,82.2134592,5.2993814026,-2.1041e-07,1210.541297,0.0,95.7920626,0.3182890923,0.0,456.48476183,1264.21066,1839.83143,0.0,0.0
958.5,60.841390312,-21.17876868,-294.842561,0.0,0.6413275616,0.0,1.830708628,0.0,1842.18531,339.5031,0.0,65.4946286,0.0,87.0193667,0.0,-2.1041e-07,332.966417793,0.0,95.914621,-0.112597271,0.0,-21.17876868,1066.82575,1842.18531,0.0,0.0
959.0,0.0,-5.20201491,-287.812458,0.0,0.1406017525,0.0,0.4019365143,0.0,1835.59868,339.5031,0.0,65.2604566,0.0,86.7454039,0.0,-2.1041e-07,657.738376,0.0,95.5716815,-0.222311711,0.0,-5.20201491,1069.62793,1835.59868,0.0,0.0
959.5,0.0,-15.28316561,25.5877769,0.0,0.2376151153,0.0,0.6792674507,0.0,1827.94157,339.5031,0.0,64.9882281,0.0,86.426634,0.0,-2.1041e-07,1659.49276,0.0,95.1730116,-0.221101156,0.0,-15.28316561,1060.96218,1827.94157,0.0,0.0
960.0,0.0,5.62196464,300.0,0.0,0.176619228,0.0,0.50489926,0.0,1820.30885,339.5031,0.0,64.7168626,0.0,86.1085573,0.0,-2.1041e-07,2023.8104,0.0,94.7756075,-0.219899478,0.0,5.62196464,1065.20427,1820.30885,0.0,0.0
960.5,0.0,9.6980779,300.0,0.0,0.304674098,0.0,0.870968181,0.0,1812.72713,339.5031,0.0,64.4473134,0.0,85.7922989,0.0,-2.1041e-07,2013.64738,0.0,94.3808611,-0.218710805,0.0,9.6980779,1062.47344,1812.72713,0.0,0.0
961.0,0.0,13.7522035,279.214189,0.0,0.399034991,0.0,1.140716506,0.0,1805.18633,339.5031,0.0,64.179217,0.0,85.4774316,0.0,-2.1041e-07,1366.072016,0.0,93.9882419,-0.217533477,0.0,13.7522035,1059.75736,1805.18633,0.0,0.0
961.5,0.0,5.39977484,-69.8735983,0.0,0.0926153294,0.0,0.2647583223,0.0,1797.69298,339.5031,0.0,63.9128079,0.0,85.1642409,0.0,-2.1041e-07,364.320060125,0.0,93.5980957,-0.216368412,0.0,5.39977484,1051.90654,1797.69298,0.0,0.0
962.0,0.0,-11.255073219,-300.0,0.0,0.35358855135,0.0,1.0107992917,0.0,1790.24432,339.5031,0.0,63.6479878,0.0,84.852613,0.0,-2.1041e-07,0.0,0.0,93.210276,-0.215215105,0.0,-11.255073219,1040.62711,1790.24432,0.0,0.0
962.5,0.0,-10.3678954,-300.0,0.0,0.325717041,0.0,0.93112336,0.0,1782.82552,339.5031,0.0,63.3842293,0.0,84.5419349,0.0,-2.1041e-07,0.0,0.0,92.8240117,-0.214071178,0.0,-10.3678954,1036.66451,1782.82552,0.0,0.0
963.0,0.0,-6.39959697,-300.0,0.0,0.20104927,0.0,0.574737126,0.0,1775.44432,339.5031,0.0,63.1218082,0.0,84.2325316,0.0,-2.1041e-07,0.0,0.0,92.439706,-0.212937767,0.0,-6.39959697,1034.00593,1775.44432,0.0,0.0
963.5,0.0,-2.45226489,-300.0,0.0,0.0770401729,0.0,0.2202338098,0.0,1768.10218,339.5031,0.0,62.8607741,0.0,83.9244715,0.0,-2.1041e-07,4.126162929,0.0,92.0574305,-0.211815004,0.0,-2.45226489,1031.36138,1768.10218,0.0,0.0
964.0,0.0,-37.57893425,-300.0,0.0,1.1805770114,0.0,3.3749012154,0.0,1760.82044,339.5031,0.0,62.6018905,0.0,83.6186504,0.0,-2.1041e-07,267.5722806,0.0,91.6783031,-0.210706113,0.0,-37.57893425,1012.493185,1760.82044,0.0,0.0
964.5,0.0,-38.0121312,-300.0,0.0,1.19418632,0.0,3.41380597,0.0,1753.5575,339.5031,0.0,62.343673,0.0,83.3133298,0.0,-2.1041e-07,675.094075,0.0,91.3001534,-0.209604616,0.0,-38.0121312,1008.072148,1753.5575,0.0,0.0
965.0,0.0,-34.126461,-300.0,0.0,1.07211441,0.0,3.06484046,0.0,1746.33003,339.5031,0.0,62.0867169,0.0,83.0092119,0.0,-2.1041e-07,823.2993,0.0,90.92385,-0.208513012,0.0,-34.126461,1005.468913,1746.33003,0.0,0.0
965.5,0.0,-30.2609854,-300.0,0.0,0.950676887,0.0,2.71768851,0.0,1739.14011,339.340708,0.0,61.8015748,0.0,82.6712148,0.0,-2.1041e-07,823.2993,0.0,90.5495006,-0.207431555,0.0,-30.2609854,1002.879253,1739.14011,0.0,0.0
966.0,0.0,-26.4155169,-300.0,0.0,0.829867926,0.0,2.37233345,0.0,1731.9874,328.770838,0.0,59.6312724,0.0,79.8157066,0.0,-2.1041e-07,823.2993,0.0,90.1770927,-0.206360124,0.0,-26.4155169,1000.30296,1731.9874,0.0,0.0
966.5,0.0,-22.58987,-300.0,0.0,0.709681706,0.0,2.0287585,0.0,1724.87156,312.372635,0.0,56.4242459,0.0,75.5683197,0.0,-2.1041e-07,823.2993,0.0,89.8066022,-0.205298601,0.0,-22.58987,997.739954,1724.87156,0.0,0.0
967.0,0.0,-18.7838625,-300.0,0.0,0.590112429,0.0,1.68694729,0.0,1717.79224,306.3819,0.0,55.1140551,0.0,73.8577346,0.0,-2.1041e-07,823.2993,0.0,89.4380116,-0.204246857,0.0,-18.7838625,995.190111,1717.79224,0.0,0.0
967.5,0.0,-14.9973127,-300.0,0.0,0.47115447,0.0,1.34688359,0.0,1710.74915,306.481823,0.0,54.9059517,0.0,73.6224764,0.0,-2.1041e-07,823.2993,0.0,89.0713059,-0.20320479,0.0,-14.9973127,992.653307,1710.74915,0.0,0.0
968.0,0.0,-11.2300426,-300.0,0.0,0.352802196,0.0,1.008551349,0.0,1703.74188,312.98559,0.0,55.8408447,0.0,74.9203565,0.0,-2.1041e-07,823.2993,0.0,88.7064699,-0.202172272,0.0,-11.2300426,990.129417,1703.74188,0.0,0.0
968.5,0.0,-7.48187551,-300.0,0.0,0.235050051,0.0,0.671934747,0.0,1696.77016,323.075589,0.0,57.4052217,0.0,77.0644789,0.0,-2.1041e-07,823.2993,0.0,88.3434826,-0.201149196,0.0,-7.48187551,987.618317,1696.77016,0.0,0.0
969.0,0.0,-3.75263701,-300.0,0.0,0.1178925699,0.0,0.33701806,0.0,1689.83366,326.76175,0.0,57.8234225,0.0,77.6711825,0.0,-2.1041e-07,823.2993,0.0,87.982329,-0.20013545,0.0,-3.75263701,985.119902,1689.83366,0.0,0.0
969.5,0.0,-23.284087279,-299.84699,0.0,0.73074863695,0.0,2.0889823411,0.0,1682.94505,326.76175,0.0,57.5877049,0.0,77.399509,0.0,-2.1041e-07,823.2993,0.0,87.623668,-0.199132806,0.0,-23.284087279,972.970507,1682.94505,0.0,0.0
970.0,0.0,-42.8340677,-300.0,0.0,1.34567191,0.0,3.84685604,0.0,1676.09091,326.76175,0.0,57.3531674,0.0,77.1288805,0.0,-2.1041e-07,823.2993,0.0,87.2668009,-0.198139258,0.0,-42.8340677,960.833537,1676.09091,0.0,0.0
970.5,0.0,-39.1605174,-300.0,0.0,1.23026395,0.0,3.51694062,0.0,1669.25797,326.76175,0.0,57.119355,0.0,76.8587764,0.0,-2.1041e-07,823.2993,0.0,86.9110426,-0.197152818,0.0,-39.1605174,958.372425,1669.25797,0.0,0.0
971.0,0.0,-35.5052204,-300.0,0.0,1.11542941,0.0,3.18866447,0.0,1662.459,326.76175,0.0,56.8867053,0.0,76.5897081,0.0,-2.1041e-07,823.2993,0.0,86.5570479,-0.196175277,0.0,-35.5052204,955.923546,1662.459,0.0,0.0
971.5,0.0,-31.8680109,-300.0,0.0,1.001163094,0.0,2.86201275,0.0,1655.69368,326.76175,0.0,56.6552059,0.0,76.3216611,0.0,-2.1041e-07,823.2993,0.0,86.2048055,-0.195206531,0.0,-31.8680109,953.486801,1655.69368,0.0,0.0
972.0,0.0,-28.2487254,-300.0,0.0,0.887459894,0.0,2.53697084,0.0,1648.96169,326.76175,0.0,56.4248483,0.0,76.0546313,0.0,-2.1041e-07,823.2993,0.0,85.8543014,-0.194246487,0.0,-28.2487254,951.062035,1648.96169,0.0,0.0
972.5,0.0,-24.647205,-300.0,0.0,0.77431476,0.0,2.21352432,0.0,1642.26274,326.759629,0.0,56.1952566,0.0,75.7881164,0.0,-2.1041e-07,823.2993,0.0,85.5055161,-0.193295029,0.0,-24.647205,948.649203,1642.26274,0.0,0.0
973.0,0.0,-21.0632888,-300.0,0.0,0.661722733,0.0,1.89165879,0.0,1635.59652,326.621564,0.0,55.9435147,0.0,75.4912022,0.0,-2.1041e-07,823.2993,0.0,85.1584345,-0.192352074,0.0,-21.0632888,946.248131,1635.59652,0.0,0.0
973.5,0.0,-17.4968208,-300.0,0.0,0.549678858,0.0,1.57136028,0.0,1628.96275,326.477506,0.0,55.692019,0.0,75.194082,0.0,-2.1041e-07,823.2993,0.0,84.8130444,-0.191417513,0.0,-17.4968208,943.858772,1628.96275,0.0,0.0
974.0,0.0,-13.9476463,-300.0,0.0,0.438178245,0.0,1.25261482,0.0,1622.36117,330.9619,0.0,56.2277902,0.0,75.9600365,0.0,-2.1041e-07,823.2993,0.0,84.469328,-0.190491256,0.0,-13.9476463,941.480995,1622.36117,0.0,0.0
974.5,0.0,-10.4156111,-299.541278,0.0,0.326791861,0.0,0.934195949,0.0,1615.79147,338.039871,0.0,57.1977511,0.0,77.3134529,0.0,-2.1041e-07,827.59663,0.0,84.1272702,-0.189573204,0.0,-10.4156111,939.114689,1615.79147,0.0,0.0
975.0,0.0,-6.90056399,-212.822298,0.0,0.159904746,0.0,0.457117744,0.0,1609.25337,340.62537,0.0,57.4023976,0.0,77.633061,0.0,-2.1041e-07,1101.651456,0.0,83.7868594,-0.18866327,0.0,-6.90056399,936.759779,1609.25337,0.0,0.0
975.5,0.0,0.62138277,113.47284839,0.05540249,0.047555692588,-2.4099012e-05,0.136007343304,-8.430096e-06,1602.74424,340.62537,6.378954e-06,57.1702147,1.071718e-06,77.3617969,1.450032e-06,-2.1041e-07,1525.5873,0.0,83.4479592,-0.187849198,0.0,0.62138277,936.089091,1602.74424,0.0,0.0
976.0,0.0,5.81611009,300.0,0.0,0.182718493,0.0,0.522335126,0.0,1596.26751,340.62537,0.0,56.9391898,0.0,77.091583,0.0,-2.1041e-07,1679.7675,0.0,83.1107433,-0.186866912,0.0,5.81611009,934.468932,1596.26751,0.0,0.0
976.5,0.0,9.2810784,300.0,0.0,0.291573682,0.0,0.83351814,0.0,1589.82256,340.62537,0.0,56.7092959,0.0,76.8224001,0.0,-2.1041e-07,1679.7675,0.0,82.7751825,-0.185980776,0.0,9.2810784,932.147582,1589.82256,0.0,0.0
977.0,0.0,12.7296487,300.0,0.0,0.399913707,0.0,1.14322849,0.0,1583.4081,340.62537,0.0,56.4804919,0.0,76.5541974,0.0,-2.1041e-07,1679.7675,0.0,82.4412083,-0.185102389,0.0,12.7296487,929.8372,1583.4081,0.0,0.0
977.5,0.2861363952,16.83309815,300.0,0.0,0.528827374,0.0,1.51175243,0.0,1576.95844,340.62537,0.0,56.2504299,0.0,76.2842266,0.0,-2.1041e-07,1679.7675,0.3017477813,82.1054041,-0.222748172,0.0,16.83309815,927.778755,1576.95844,-7.372167,0.4859056
978.0,18.52635185,359.1178805,300.0,0.0,11.28202116,0.0,25.42770367,0.0,1536.52652,340.62537,0.0,54.8082161,0.0,74.6156075,0.0,-2.1041e-07,1679.7675,19.53713624,80.0002874,-2.72888637,0.0,359.1178805,1046.59812,1536.52652,-487.007244,31.0996204
978.5,46.9269525,1908.8679,263.226619,0.0,49.7957146,0.0,71.10707,0.0,1374.49448,340.62537,0.0,49.0284987,0.0,67.9858469,0.0,-2.1041e-07,1679.7675,49.2928051,71.5639797,-6.60594227,0.0,1908.8679,1596.8512,1374.49448,-1231.063392,70.3166645
979.0,68.9538692,3430.08515,-12.3541444,-31.9323815,-4.35613113,-11.3145367,-1.5587353,-10.60321765,1115.555952,340.62537,80.6869645,39.792109,9.1326059,49.540685,10.5989196,-2.1041e-07,1679.7675,60.114265,58.0821729,-7.67236064,0.0,3430.08515,2078.64861,1115.555952,-1502.8567,70.2259335
979.5,87.1534439,2921.97782,-36.1738714,-36.1738714,-11.07283245,-11.07283245,-10.31807195,-10.31807195,853.272331,340.595447,97.3664256,30.4340934,8.6186336,36.375715,10.317118,-2.1041e-07,1679.7675,60.114265,44.4261995,-7.56751078,0.0,2921.97782,1714.07597,853.272331,-1502.8567,53.714784
980.0,93.7725,3207.75269,-37.2323461,-37.2323461,-12.5050358,-12.5050358,-11.7071264,-11.7071264,594.709581,338.64872,146.0855806,21.0970394,8.97180445,27.4055006,11.7051034,-2.1041e-07,1679.7675,60.114265,30.9639552,-7.38414638,0.0,3207.75269,1682.0161,594.709581,-1502.8567,37.4378672
980.5,93.7725,3550.98813,-37.0445385,-37.0445385,-13.7755212,-13.7755212,-12.9553883,-12.9553883,343.537155,335.628769,222.728115,12.08043595,7.80815477,19.7538427,12.9528706,-2.1041e-07,1679.7675,60.114265,17.8864935,-7.12618791,0.0,3550.98813,1678.18119,343.537155,-1502.8567,21.626183
981.0,93.7725,3886.66364,-37.1485857,-37.1485857,-15.1201923,-15.1201923,-14.2717295,-14.2717295,103.7680202905,334.52563,326.603145,3.63514323477,3.46956411477,9.005434625,8.634945425,1.3796244e-05,1679.7675,60.114265,5.40275189238,-6.095202904,0.0,3886.66364,1677.85879,103.7680202905,-1378.596436,6.53202085498
981.5,93.4749191,4034.64974,-39.5868459,-39.5868459,-16.7236997,-16.7236997,-15.80844625,-15.80844625,0.0619176752,334.52563,334.52563,0.0021690654,0.0021690654,0.00656065494,0.00656065494,0.000127126139,1676.41608,60.114265,0.0032237856,0.00579223813,0.0,4034.64974,1678.8837,0.0619176752,-246.586553,0.000641158843
982.0,74.4740374,3496.79739,-39.3376533,-39.3376533,-14.5132049,-14.5132049,-13.6420254,-13.6420254,0.0611877823,334.52563,334.52563,0.00214349626,0.00214349626,0.00648332355,0.00648332355,0.000269214847,1462.42479,60.114265,0.00318578315,-0.0050795638,0.0,3496.79739,1455.07895,0.0611877823,-241.711332,0.000621043599
982.5,44.9093377,2662.30316,-25.6327974,-25.6327974,-7.2490975,-7.2490975,-6.70167502,-6.70167502,0.0597729742,334.52563,334.52563,0.00209393345,0.00209393345,0.00633342553,0.00633342553,0.000367685969,1131.403504,60.114265,0.00311212021,0.0363912653,0.0,2662.30316,1107.838904,0.0597729742,-232.261313,0.000583464598
983.0,23.2150144,2368.73942,-9.01488653,-9.01488653,-2.23206021,-2.23206021,-1.89655654,-1.89655654,0.0576999791,334.52563,334.52563,0.00202131341,0.00202131341,0.00611379274,0.00611379274,0.000410637325,1011.02094,60.114265,0.00300418823,-0.020647189,0.0,2368.73942,985.683666,0.0576999791,-218.415022,0.000529038281
983.5,6.41007630641,2397.54211,-2.5406060147,-2.5406060147,-0.63754595679,-0.63754595679,-0.48093135551,-0.48093135551,0.057850479,334.347607,334.347607,0.00202548038,0.00202548038,0.00612639432,0.00612639432,0.000424664661,1011.02094,59.8135055,0.00301202422,0.03778465974,0.0,2397.54211,997.668747,0.057850479,-218.287441,0.000530738699
984.0,14.2454847,2446.46545,-5.44353638,-5.44353638,-1.398915607,-1.398915607,-1.139604699,-1.139604699,0.073331183,322.85501,322.85501,0.00247389423,0.00247389423,0.00748246539,0.00748246539,0.00043070672,1011.02094,40.5771293,0.00381803749,-0.04286715287,0.0,2446.46545,1018.035162,0.073331183,-208.606704,0.00063991354
984.5,35.9416667,2460.35471,-15.0581862,-15.0581862,-3.87903202,-3.87903202,-3.49245943,-3.49245943,1.646179439,305.04133,305.04133,0.05160756487,0.05160756487,0.1546196437,0.1546196437,0.000457310145,1011.02094,10.8216471327,0.08570943889,0.28233118223,0.0,2460.35471,1024.73293,1.646179439,-144.14632662,0.001748298112
985.0,43.83226,2398.78377,-18.7953763,-18.7953763,-4.72189156,-4.72189156,-4.29667683,-4.29667683,26.7095439,298.53397,298.53397,0.83500453,0.83500453,2.4047864,2.4047864,0.000491800074,1011.02094,0.0,1.390650385,0.972693771,0.0,2398.78377,1013.747136,26.7095439,0.0,0.0
985.5,43.83226,2342.22603,-18.5175758,-18.5175758,-4.54195284,-4.54195284,-4.12494981,-4.12494981,60.3234214,298.53397,298.53397,1.8858552,1.8858552,5.17040604,5.17040604,0.000496026163,1011.02094,0.0,3.14077969,0.972084154,0.0,2342.22603,1009.839942,60.3234214,0.0,0.0
986.0,43.83226,2294.95771,-18.5092229,-18.5092229,-4.44827369,-4.44827369,-4.034833,-4.034833,93.926048,298.53397,298.53397,2.93635394,2.93635394,7.66617907,7.66617907,0.000463033948,1011.02094,0.0,4.89032307,0.971845965,0.0,2294.95771,1009.791575,93.926048,0.0,0.0
986.5,43.83226,2249.54321,-18.2392669,-18.2392669,-4.29683942,-4.29683942,-3.88927924,-3.88927924,127.517693,298.53397,298.193893,3.98650962,3.98143057,9.9260572,9.9136965,0.00038652792,1012.688586,0.0,6.63929465,0.969934813,0.0,2249.54321,1010.508181,127.517693,0.0,0.0
987.0,43.83226,2450.60516,-14.5132841,-14.5132841,-3.72546189,-3.72546189,-3.34123168,-3.34123168,159.825345,298.53397,275.72936,4.99652429,4.60978641,11.6125593,10.7177259,0.000252700232,1119.2915,0.0,8.32141423,0.890350454,0.0,2450.60516,1113.03575,159.825345,0.0,0.0
987.5,43.83226,2821.90538,-14.43170225,-14.43170225,-4.25917113,-4.25917113,-3.85251381,-3.85251381,189.687867,298.53397,259.237511,5.93009858,5.14458461,12.9290354,11.2222632,0.000101818669,1287.72312,0.0,9.8762266,0.836398866,0.0,2821.90538,1284.97303,189.687867,0.0,0.0
988.0,43.83226,3466.07527,-10.181172,-10.181172,-3.69689305,-3.69689305,-3.30219318,-3.30219318,211.128978,298.53397,116.0591094,6.60039917,2.55289543,11.9510157,4.77409136,1.974094e-06,1573.09808,0.0,10.9925724,0.365427662,0.0,3466.07527,1565.53613,211.128978,0.0,0.0
988.5,43.83226,4306.46899,-11.00686315,-11.00686315,-4.98477481,-4.98477481,-4.53116421,-4.53116421,221.788227,298.53397,110.9590239,6.93363297,2.58201546,12.1251688,4.52671877,-3.65189e-07,1921.77912,0.0,11.54755355,0.350205176,0.0,4306.46899,1921.45408,221.788227,0.0,0.0
989.0,43.83226,4607.2613,-18.9321168,-18.9321168,-9.134694,-9.134694,-8.55219975,-8.55219975,239.024966,298.53397,186.331999,7.47249489,4.66089747,13.70468605,8.5518469,-3.65189e-07,2048.5825,0.0,12.444996,0.607482823,0.0,4607.2613,2056.68043,239.024966,0.0,0.0
989.5,43.83226,4554.46307,-18.4220675,-18.4220675,-8.7862867,-8.7862867,-8.2172112,-8.2172112,259.164732,298.53397,172.808122,8.1021125,4.68852834,14.19806815,8.21739415,-3.65189e-07,2048.5825,0.0,13.49358635,0.562405368,0.0,4554.46307,2046.4701,259.164732,0.0,0.0
990.0,43.83226,4527.14912,-18.3889278,-18.3889278,-8.7178603,-8.7178603,-8.15163435,-8.15163435,278.168644,298.53397,165.419076,8.6962202,4.81754563,14.7131803,8.15172195,-3.65189e-07,2048.5825,0.0,14.48303755,0.538003579,0.0,4527.14912,2046.20078,278.168644,0.0,0.0
990.5,43.83226,4501.61033,-18.3827182,-18.3827182,-8.66575295,-8.66575295,-8.1016127,-8.1016127,296.403798,298.326843,159.185953,9.2596924,4.94012644,15.18446165,8.10169555,-3.65189e-07,2048.5825,0.0,15.4324636,0.517375575,0.0,4501.61033,2046.22125,296.403798,0.0,0.0
991.0,43.83226,4477.02016,-18.3776665,-18.3776665,-8.6160474,-8.6160474,-8.05381005,-8.05381005,313.969946,284.874304,153.718128,9.3631999,5.05331069,14.9242932,8.0538894,-3.65189e-07,2048.5825,0.0,16.3470572,0.499214496,0.0,4477.02016,2046.2459,313.969946,0.0,0.0
991.5,43.83226,4453.25872,-18.3731776,-18.3731776,-8.568225,-8.568225,-8.0078321,-8.0078321,330.943934,264.011606,148.870011,9.14680605,5.1586335,14.20020455,8.00790852,-3.65189e-07,2048.5825,0.0,17.2308191,0.483049446,0.0,4453.25872,2046.26956,330.943934,0.0,0.0
992.0,43.83226,4430.23834,-18.3691424,-18.3691424,-8.5220609,-8.5220609,-7.96346149,-7.96346149,347.388269,256.39432,144.530295,9.3272185,5.25720727,14.1279408,7.96353549,-3.65189e-07,2048.5825,0.0,18.0870043,0.46852094,0.0,4430.23834,2046.29237,347.388269,0.0,0.0
992.5,43.83226,4407.88721,-18.3654805,-18.3654805,-8.4773752,-8.4773752,-7.92052424,-7.92052424,363.354446,256.39432,140.606621,9.7559031,5.34962539,14.4437832,7.92059591,-3.65189e-07,2048.5825,0.0,18.9182941,0.45533092,0.0,4407.88721,2046.3144,363.354446,0.0,0.0
993.0,43.83226,4386.1491,-18.3620914,-18.3620914,-8.4340118,-8.4340118,-7.87886875,-7.87886875,378.882386,256.39432,136.993349,10.1728214,5.43495509,14.7466953,7.87893819,-3.65189e-07,2048.5825,0.0,19.7267667,0.443137871,0.0,4386.1491,2046.3357,378.882386,0.0,0.0
993.5,43.612596,4364.65167,-18.3214819,-18.3214819,-8.37416205,-8.37416205,-7.82140543,-7.82140543,393.985818,256.39432,132.919606,10.578342,5.48328688,15.0894889,7.8219792,-3.65189e-07,2048.5825,0.0,20.5131376,0.42912919,0.0,4364.65167,2046.2092,393.985818,0.0,0.0
994.0,29.5867761,4319.74724,-12.6554878,-12.6554878,-5.72825711,-5.72825711,-5.23116631,-5.23116631,406.625888,256.39432,87.9175384,10.91772185,3.73777663,15.3120706,5.23875319,-3.65189e-07,2048.5825,0.0,21.1712509,0.2569507244,0.0,4319.74724,2034.90455,406.625888,0.0,0.0
994.5,7.89047698736,4305.20832,-3.1915430449,-3.290862603,-1.4388594193,-1.483642835,-1.15490989115,-1.212124726,410.57757,256.52116,17.16085354,11.02926725,0.738041794,20.2491797,1.217012742,-3.65189e-07,2048.5825,0.0,21.3769978,-0.0136619884,0.0,4305.20832,2031.16215,410.57757,0.0,0.0
995.0,0.0,4306.66337,6.30534389,0.0,2.843796967,0.0,3.63315881,0.0,408.298926,264.75935,0.0,11.319982,0.0,22.8322342,0.0,-3.65189e-07,2048.5825,0.0,21.2583592,-0.084101196,0.0,4306.66337,2030.43718,408.298926,0.0,0.0
995.5,0.0,4308.2256,16.4461056,0.0,7.41990576,0.0,9.47930634,0.0,405.393176,277.556412,0.0,11.7827026,0.0,23.8297934,0.0,-3.65189e-07,2048.5825,0.0,21.1070693,-0.0839991622,0.0,4308.2256,2029.39058,405.393176,0.0,0.0
996.0,0.0,4309.7859,27.2126501,0.0,12.28175525,0.0,15.690275,0.0,402.490931,283.581879,0.0,11.9525688,0.0,24.2386202,0.0,-3.65189e-07,2048.5825,0.0,20.9559618,-0.0838979794,0.0,4309.7859,2028.34525,402.490931,0.0,0.0
996.5,0.58866309433,4312.65635,38.4674233,0.0,17.3733769,0.0,22.1941521,0.0,399.593363,285.816466,0.0,11.9600141,0.0,24.3195009,0.0,-3.65189e-07,2048.5825,0.0,20.8050977,-0.0831130303,0.0,4312.65635,2027.84775,399.593363,0.0,0.0
997.0,38.2437908,4570.66331,-4.89118693,-14.2371643,-2.53839481,-6.87270058,-0.94524145,-6.4744794,400.61706,294.662998,103.7199804,12.3630873,4.37922066,20.903623,6.45654403,-3.65189e-07,2048.5825,0.0,20.858397,0.3210348681,0.0,4570.66331,2135.8041,400.61706,0.0,0.0
997.5,96.4895835,4437.54341,-41.0717256,-41.0717256,-19.0669554,-19.0669554,-18.0739339,-18.0739339,424.330438,307.092744,259.63659,13.6491085,11.56409845,21.2778449,18.0596519,-3.65189e-07,2049.1056,0.0,22.0930504,0.939292915,0.0,4437.54341,2094.25796,424.330438,0.0,0.0
998.0,117.6732,4374.88529,-48.7565755,-48.7565755,-22.3371377,-22.3371377,-21.1597583,-21.1597583,460.132125,305.503145,283.144809,14.7176188,13.63700005,22.8345819,21.1610597,-3.65189e-07,2082.44411,0.0,23.9570892,1.0519363,0.0,4374.88529,2089.08982,460.132125,0.0,0.0
998.5,117.6732,4428.86112,-48.1822105,-48.1822105,-22.3466113,-22.3466113,-21.1805036,-21.1805036,495.68861,295.946038,272.129539,15.3593188,14.1243257,23.0321288,21.1796067,-3.65189e-07,2134.0166,0.0,25.8083614,1.01385225,0.0,4428.86112,2132.31074,495.68861,0.0,0.0
999.0,117.6732,4427.56311,-49.3199959,-49.3199959,-22.8674352,-22.8674352,-21.6699818,-21.6699818,530.55884,292.4566,267.324093,16.2488861,14.8487039,23.7107469,21.6703933,-3.65189e-07,2152.772,0.0,27.6239043,0.998734544,0.0,4427.56311,2152.13114,530.55884,0.0,0.0
999.5,117.6732,4376.58325,-49.2352428,-49.2352428,-22.565246,-22.565246,-21.3745072,-21.3745072,564.382567,292.4566,255.653799,17.284771,15.1066262,24.454449,21.3749286,-3.65189e-07,2152.772,0.0,29.3849595,0.959234437,0.0,4376.58325,2150.66743,564.382567,0.0,0.0
1000.0,117.6732,4330.9271,-49.2212943,-49.2212943,-22.3235161,-22.3235161,-21.1372612,-21.1372612,596.919238,292.4566,244.923715,18.2812383,15.30699235,25.2429904,21.1376525,-3.65189e-07,2152.772,0.0,31.0790022,0.922865565,0.0,4330.9271,2150.66743,596.919238,0.0,0.0
1000.5,117.361568,4286.62757,-49.1589782,-49.1589782,-22.0673326,-22.0673326,-20.8869416,-20.8869416,628.206585,292.4566,234.391083,19.2394444,15.41665785,26.0656304,20.8880472,-3.65189e-07,2152.772,0.0,32.7079996,0.88666471,0.0,4286.62757,2150.50254,628.206585,0.0,0.0
1001.0,97.4976435,4208.62618,-41.1515079,-41.1515079,-18.1453161,-18.1453161,-17.17548155,-17.17548155,656.475518,292.4566,191.552996,20.1052081,13.1544575,26.2299803,17.1858373,-3.65189e-07,2152.772,0.0,34.1798405,0.709433302,0.0,4208.62618,2134.55166,656.475518,0.0,0.0
1001.5,66.7688049,4168.54953,-27.8413027,-27.8413027,-12.1557568,-12.1557568,-11.46584695,-11.46584695,676.394007,292.4566,129.0247441,20.7152319,9.13103965,26.00428,11.47452055,-3.65189e-07,2152.772,0.0,35.2169107,0.447052318,0.0,4168.54953,2129.50575,676.394007,0.0,0.0
1002.0,55.59456,4188.54987,-22.8448562,-22.8448562,-10.0205106,-10.0205106,-9.41276435,-9.41276435,689.358355,292.4566,105.06837,21.1122774,7.58521524,26.197185,9.4120497,-3.65189e-07,2152.772,0.0,35.8919071,0.347038935,0.0,4188.54987,2145.39779,689.358355,0.0,0.0
1002.5,55.59456,4184.35652,-23.2188057,-23.2188057,-10.1741231,-10.1741231,-9.56206905,-9.56206905,701.420839,292.517596,105.2566235,21.4862168,7.73119992,26.5744436,9.5621008,-3.65189e-07,2152.772,0.0,36.5199474,0.347577232,0.0,4184.35652,2150.69615,701.420839,0.0,0.0
1003.0,55.59456,4167.98209,-23.2279236,-23.2279236,-10.13829355,-10.13829355,-9.5272859,-9.5272859,713.326971,296.479218,103.4874675,22.1474598,7.73027318,27.2958464,9.5273526,-3.65189e-07,2152.772,0.0,37.1398503,0.341142448,0.0,4167.98209,2150.83449,713.326971,0.0,0.0
1003.5,55.59456,4151.63117,-23.2263576,-23.2263576,-10.0978401,-10.0978401,-9.4880143,-9.4880143,725.010208,302.634674,101.7484644,22.9774941,7.72486802,28.2218548,9.4880804,-3.65189e-07,2152.772,0.0,37.7481461,0.334788233,0.0,4151.63117,2150.85252,725.010208,0.0,0.0
1004.0,55.59456,4135.57609,-23.2246677,-23.2246677,-10.05805865,-10.05805865,-9.44940445,-9.44940445,736.47832,305.63232,100.0897735,23.5716512,7.71914768,28.8553081,9.44946915,-3.65189e-07,2152.772,0.0,38.3452397,0.328695529,0.0,4135.57609,2150.86807,736.47832,0.0,0.0
1004.5,56.1160045,4120.63959,-23.310932,-23.310932,-10.05896,-10.05896,-9.45040045,-9.45040045,747.74282,306.802315,98.8929514,24.0237863,7.74371336,29.315083,9.4492939,-3.65189e-07,2152.772,0.0,38.9317342,0.32485408,0.0,4120.63959,2151.23009,747.74282,0.0,0.0
1005.0,89.3935751,4165.14923,-36.708562,-36.708562,-16.0187425,-16.0187425,-15.1470276,-15.1470276,761.930782,307.2295,152.7828886,24.513598,12.2055553,30.3385005,15.130526,-3.65189e-07,2152.772,0.0,39.6704407,0.560330317,0.0,4165.14923,2178.03508,761.930782,0.0,0.0
1005.5,140.8699774,4146.49903,-59.5163621,-59.5163621,-25.8284356,-25.8284356,-24.3395619,-24.3395619,787.510951,307.460105,230.036515,25.355963,18.989918,32.4509798,24.3248094,-3.65189e-07,2149.44798,0.0,41.0022879,0.908257007,0.0,4146.49903,2185.21068,787.510951,0.0,0.0
1006.0,159.59154,3544.92598,-75.2223544,-75.2223544,-27.9439194,-27.9439194,-25.9680638,-25.9680638,821.76191,322.437699,236.807466,27.7541195,20.3569584,35.3662417,25.9810967,-3.65189e-07,1937.58152,0.0,42.7855872,0.976905321,0.0,3544.92598,1954.89054,821.76191,0.0,0.0
1006.5,159.59154,2667.43998,-73.5349873,-73.5349873,-20.5615865,-20.5615865,-18.7479072,-18.7479072,851.711281,345.665527,171.783634,30.835327,15.3072757,37.7437304,18.7592968,-3.65189e-07,1609.83021,0.0,44.3449223,0.761460693,0.0,2667.43998,1607.24941,851.711281,0.0,0.0
1007.0,159.59154,2328.92707,-66.0890086,-66.0890086,-16.1182141,-16.1182141,-14.60344665,-14.60344665,874.983825,354.14636,132.851677,32.4497553,12.17300545,38.9286197,14.6034428,-3.65189e-07,1490.6476,0.0,45.5566227,0.620807943,0.0,2328.92707,1479.98036,874.983825,0.0,0.0
1007.5,159.59154,2321.95605,-66.5524691,-66.5524691,-16.1825262,-16.1825262,-14.6534791,-14.6534791,896.355052,354.14636,130.719201,33.2423315,12.2693719,39.7020343,14.6537572,-3.65189e-07,1490.6476,0.0,46.6693299,0.613081429,0.0,2321.95605,1489.55815,896.355052,0.0,0.0
1008.0,159.59154,2293.30846,-66.5730771,-66.5730771,-15.98783825,-15.98783825,-14.4627266,-14.4627266,917.297582,354.14636,126.688589,34.0190097,12.1688902,40.4320289,14.463061,-3.65189e-07,1490.6476,0.0,47.7597167,0.598437894,0.0,2293.30846,1489.86587,917.297582,0.0,0.0
1008.5,159.59154,2266.18958,-66.3224025,-66.3224025,-15.739271,-15.739271,-14.2269248,-14.2269248,937.736821,354.381614,122.4918785,34.8003464,12.027681,41.1643192,14.2275141,-3.65189e-07,1492.17775,0.0,48.8239002,0.58278892,0.0,2266.18958,1490.51583,937.736821,0.0,0.0
1009.0,159.59154,2464.03013,-62.9285599,-62.9285599,-16.23856925,-16.23856925,-14.81162655,-14.81162655,957.670102,369.661047,125.137107,37.0763624,12.5527395,43.7364852,14.8077468,-3.65189e-07,1589.83695,0.0,49.8617396,0.583804024,0.0,2464.03013,1584.47766,957.670102,0.0,0.0
1009.5,158.791447,2808.54671,-63.2700778,-63.2700778,-18.6100093,-18.6100093,-17.1371022,-17.1371022,978.76882,393.356965,141.478137,40.32198,14.503921,47.634047,17.1342532,-3.65189e-07,1740.9059,0.0,50.9602583,0.634576477,0.0,2808.54671,1740.1529,978.76882,0.0,0.0
1010.0,107.724286,2823.22127,-46.1557093,-46.1557093,-13.6915007,-13.6915007,-12.6897157,-12.6897157,998.414304,402.0087,103.739545,42.0314997,10.8354465,49.2708845,12.7072509,-3.65189e-07,1795.8456,0.0,51.9831151,0.421601421,0.0,2823.22127,1757.72997,998.414304,0.0,0.0
1010.5,28.7847974145,2769.98482,-11.6718201478,-12.00249615958,-3.3866097965,-3.482556370937,-3.02376506815,-3.151242669365,1005.685519,402.0087,23.97516171,42.3376051,2.5247012437,57.2843357,3.16425603373,-3.65189e-07,1795.8456,0.03151072352,52.3616947,0.0074643685,0.0,2769.98482,1739.82349,1005.685519,-0.7712538,0.03246726
1011.0,3.56409815,2834.43415,12.09471157,0.0,3.59585297,0.0,4.76261312,0.0,999.221825,402.0087,0.0,42.0654933,0.0,62.259364,0.0,-3.65189e-07,1795.8456,2.0398512,52.0251572,-0.384435171,0.0,2834.43415,1762.86723,999.221825,-50.8632354,2.125292063
1011.5,8.99248518,2994.97333,-2.35797609,-3.50756277,-0.744581837,-1.101404247,-0.395076829,-0.865296519,979.210228,402.0087,5.67687181,41.2230406,0.579839544,61.2750667,0.862608421,-3.65189e-07,1795.8456,5.11658926,50.9832392,-0.758397662,0.0,2994.97333,1817.98414,979.210228,-127.80799,5.23596514
1012.0,10.966455,2981.48689,-4.55657232,-4.55657232,-1.42261064,-1.42261064,-1.10917046,-1.10917046,952.953145,402.0087,7.42646804,40.117664,0.741220648,60.0456305,1.1093652,-3.65189e-07,1795.8456,4.31979264,49.616148,-0.642566092,0.0,2981.48689,1797.04101,952.953145,-108.1224354,4.32172397
1012.5,10.9560805,2997.89186,-4.49727944,-4.49727944,-1.41187778,-1.41187778,-1.09972016,-1.09972016,937.620328,402.0087,7.44831384,39.4721776,0.731312537,59.3545509,1.09968664,-3.65189e-07,1795.8456,1.339750993,48.8178342,-0.247737158,0.0,2997.89186,1794.91452,937.620328,-33.60560108,1.321965334
1013.0,10.2948027,3003.21122,-4.27045625,-4.27045625,-1.34302507,-1.34302507,-1.04062197,-1.04062197,932.59938,402.0087,7.07653226,39.2608058,0.691131774,59.1267627,1.040832963,-3.65189e-07,1795.8456,0.25593418,48.5564156,-0.1059166869,0.0,3003.21122,1794.19622,932.59938,-6.3983545,0.249949358
1013.5,9.27185285,3007.92481,-3.82537783,-3.82537783,-1.20493287,-1.20493287,-0.923636767,-0.923636767,928.863915,401.846435,6.29903209,39.0877944,0.612733446,58.9330243,0.923813754,-3.65189e-07,1795.8456,0.25593418,48.3619249,-0.1100984785,0.0,3007.92481,1793.97653,928.863915,-6.3983545,0.248948199
1014.0,8.899831,3014.56724,-3.65955386,-3.65955386,-1.15526725,-1.15526725,-0.882072091,-0.882072091,925.022302,391.307484,6.03242327,37.9057656,0.584346353,57.217451,0.882055656,-3.65189e-07,1795.8456,0.25593418,48.16191,-0.1113764942,0.0,3014.56724,1794.49739,925.022302,-6.3983545,0.247918597
1014.5,8.899831,3020.36625,-3.67209514,-3.67209514,-1.16145437,-1.16145437,-0.887247385,-0.887247385,921.181216,374.963259,6.08606988,36.1716755,0.587096956,54.6637938,0.887243726,-3.65189e-07,1795.8456,0.25593418,47.9619215,-0.1108750478,0.0,3020.36625,1794.6676,921.181216,-6.3983545,0.246889131
1015.0,8.899831,3025.7326,-3.67257202,-3.67257202,-1.16366908,-1.16366908,-0.889114126,-0.889114126,917.355123,368.99573,6.11717773,35.447651,0.58764692,53.6323506,0.889111113,-3.65189e-07,1795.8456,0.25593418,47.7627125,-0.1104700061,0.0,3025.7326,1794.66656,917.355123,-6.3983545,0.245863687
1015.5,8.899831,3031.06984,-3.67269005,-3.67269005,-1.16575919,-1.16575919,-0.890877576,-0.890877576,913.542911,369.137469,6.14773192,35.3138773,0.588127859,53.4921546,0.890874582,-3.65189e-07,1795.8456,0.25593418,47.5642276,-0.1100697395,0.0,3031.06984,1794.66151,913.542911,-6.3983545,0.244841963
1016.0,8.899831,3036.38759,-3.6728009,-3.6728009,-1.16783968,-1.16783968,-0.892633486,-0.892633486,909.744502,378.343168,6.17839393,36.0436084,0.588603605,54.66111,0.892630502,-3.65189e-07,1795.8456,0.25593418,47.3664606,-0.1096714765,0.0,3036.38759,1794.65642,909.744502,-6.3983545,0.243823937
1016.5,8.899831,3042.12942,-3.59920055,-3.59920055,-1.14655197,-1.14655197,-0.87619869,-0.87619869,905.959107,392.656983,6.08409721,37.2516281,0.577230686,56.5585386,0.876387994,-3.65189e-07,1796.30083,0.254654028,47.1693701,-0.1096415278,0.0,3042.12942,1794.83534,905.959107,-6.36690525,0.241618186
1017.0,8.899831,3114.73679,-2.58824645,-2.58824645,-0.844315161,-0.844315161,-0.644104334,-0.644104334,902.180998,400.291339,4.48520231,37.8178734,0.423733359,57.4845853,0.644094837,-3.65189e-07,1825.4246,0.172755567,46.9726607,-0.1054922598,0.0,3114.73679,1822.84181,902.180998,-4.32431434,0.1634582124
1017.5,8.899831,3231.32226,-2.7310646,-2.7310646,-0.924525546,-0.924525546,-0.708086891,-0.708086891,898.853358,404.123662,4.94228092,38.0391296,0.465181323,57.8799171,0.707824375,-3.65189e-07,1870.47387,0.046073235966,46.7994057,-0.086774277,0.0,3231.32226,1869.41089,898.853358,-1.1565863987,0.043578264939
1018.0,8.899831,3277.07395,-3.7506402,-3.7506402,-1.28712632,-1.28712632,-0.993445051,-0.993445051,896.166311,410.469192,6.95103513,38.5208531,0.652332606,58.6612795,0.993398603,-3.65189e-07,1886.8579,0.0,46.6595026,-0.0721807424,0.0,3277.07395,1886.87953,896.166311,0.0,0.0
1018.5,8.899831,3277.42378,-3.68660642,-3.68660642,-1.26528365,-1.26528365,-0.975085432,-0.975085432,893.66406,418.183416,6.83680339,39.1352353,0.639817355,59.6426952,0.975090294,-3.65189e-07,1886.8579,0.0,46.5292217,-0.0724682615,0.0,3277.42378,1885.56411,893.66406,0.0,0.0
1019.0,8.899831,3280.83347,-3.68327265,-3.68327265,-1.26545491,-1.26545491,-0.975227533,-0.975227533,891.162508,421.0,6.85168105,39.288697,0.639414305,59.922556,0.975225706,-3.65189e-07,1886.8579,0.0,46.3989766,-0.072233272,0.0,3280.83347,1885.52221,891.162508,0.0,0.0
1019.5,8.899831,3284.3214,-3.68328138,-3.68328138,-1.26680328,-1.26680328,-0.976357188,-0.976357188,888.669816,421.0,6.87358623,39.1788012,0.639664303,59.8007742,0.97635522,-3.65189e-07,1886.8579,0.0,46.2691933,-0.0719709295,0.0,3284.3214,1885.51817,888.669816,0.0,0.0
1020.0,8.899831,3287.79853,-3.68335298,-3.68335298,-1.26816905,-1.26816905,-0.977501622,-0.977501622,886.186208,421.0,6.89565628,39.0693052,0.6399247,59.6792504,0.97749968,-3.65189e-07,1886.8579,0.0,46.1398817,-0.071709174,0.0,3287.79853,1885.51482,886.186208,0.0,0.0
1020.5,10.2090662,3293.34463,-3.90367111,-3.90367111,-1.34675924,-1.34675924,-1.046565404,-1.046565404,883.716426,420.838153,7.38309885,38.9454616,0.683198458,59.5353428,1.044417197,-3.65189e-07,1886.8579,0.0,46.0112913,-0.0680447307,0.0,3293.34463,1886.38051,883.716426,0.0,0.0
1021.0,93.6472475,3449.18242,-37.4714899,-37.4714899,-13.60527448,-13.60527448,-12.7190453,-12.7190453,887.594064,410.32631,112.6360067,38.1371418,10.49218986,46.5077907,12.68503181,-3.65189e-07,1886.8579,0.0,46.213183,0.427664174,0.0,3449.18242,1953.48986,887.594064,0.0,0.0
1021.5,222.723317,3461.4319,-93.270894,-93.270894,-33.7803153,-33.7803153,-31.0080462,-31.0080462,915.309153,394.024159,255.564779,37.7623008,24.533904,47.5931163,30.9822123,-3.65189e-07,1886.8579,0.0,47.6561876,1.135538483,0.0,3461.4319,1974.76961,915.309153,0.0,0.0
1022.0,269.6611,3239.77544,-114.179773,-114.179773,-38.7461304,-38.7461304,-35.0264395,-35.0264395,959.322972,388.072,276.590026,38.9857387,27.772643,49.1620015,35.0329889,-3.65189e-07,1886.8579,0.0,49.9477972,1.2910748,0.0,3239.77544,1908.23612,959.322972,0.0,0.0
1022.5,268.307521,3121.98835,-112.7102776,-112.7102776,-36.8481104,-36.8481104,-33.2200024,-33.2200024,1002.461355,388.072,255.774817,40.7388307,26.8455843,50.4145282,33.2236231,-3.65189e-07,1884.71946,0.0,52.1938256,1.2159571,0.0,3121.98835,1884.41216,1002.461355,0.0,0.0
1023.0,182.021248,2588.57978,-82.6994896,-82.6994896,-22.81423915,-22.81423915,-20.5941669,-20.5941669,1038.49519,388.072,159.927053,42.2032018,17.3573833,49.9310004,20.6289715,-3.65189e-07,1748.40165,0.0,54.0699528,0.750020783,0.0,2588.57978,1683.49686,1038.49519,0.0,0.0
1023.5,48.543184961,1991.87118,-24.32568974,-24.5790745,-5.3217079,-5.369299,-4.787254166,-4.85518611,1052.45507,388.233846,36.62657607,42.7883565,4.03401757,55.5616413,4.87421636,-3.65189e-07,1537.52875,0.0,54.7967822,0.0932394257,0.0,1991.87118,1443.35302,1052.45507,0.0,0.0
1024.0,0.0,1794.83664,35.7367987,0.0,6.71811553,0.0,9.58770848,0.0,1050.30773,398.745678,0.0,43.8566139,0.0,64.2085049,0.0,-3.65189e-07,1460.8387,0.0,54.6849808,-0.1245123995,0.0,1794.83664,1360.11169,1050.30773,0.0,0.0
1024.5,0.0,1797.14726,96.7541719,0.0,18.2100528,0.0,25.9819488,0.0,1046.00987,415.047832,0.0,45.4628888,0.0,66.620789,0.0,-3.65189e-07,1460.8387,0.0,54.4612081,-0.1241235943,0.0,1797.14726,1358.56367,1046.00987,0.0,0.0
1025.0,0.0,1799.45072,158.695547,0.0,29.9055171,0.0,42.6577046,0.0,1041.72539,421.0,0.0,45.9265651,0.0,67.3612334,0.0,-3.65189e-07,1460.8387,0.0,54.2381337,-0.1237375865,0.0,1799.45072,1357.02047,1041.72539,0.0,0.0
1025.5,0.0,1801.747,221.558061,0.0,41.8044974,0.0,59.6147741,0.0,1037.45421,421.0,0.0,45.7382615,0.0,67.1458844,0.0,-3.65189e-07,1460.8387,0.0,54.0157526,-0.1233543524,0.0,1801.747,1355.48208,1037.45421,0.0,0.0
1026.0,0.0,1804.0362,282.985695,0.0,53.4621965,0.0,76.2189115,0.0,1033.19622,421.0,0.0,45.55054,0.0,66.9308115,0.0,-3.65189e-07,1460.8387,0.0,53.794058,-0.1229738714,0.0,1804.0362,1353.94844,1033.19622,0.0,0.0
1026.5,0.0,1806.31834,298.717264,0.0,56.5043886,0.0,80.5349856,0.0,1028.95134,421.0,0.0,45.3633956,0.0,66.716015,0.0,-3.65189e-07,1453.52872,0.0,53.5730456,-0.1225961175,0.0,1806.31834,1352.41948,1028.95134,0.0,0.0
1027.0,0.0,1762.25493,124.4156879,-5.9692801,23.73348536,-0.9542496,34.33646484,-0.8432825,1024.79696,421.0,6.1595613,45.1802404,0.66014583,64.818584,0.83602448,-3.65189e-07,986.066134,0.0,53.3567426,-0.0919853299,0.0,1762.25493,1331.65868,1024.79696,0.0,0.0
1027.5,0.18335051833,162.8771147,-126.6770621,-11.2532291,-0.6235964238,-0.690168436,-0.345751364,-0.53605997,1022.46223,420.886572,3.66766235,45.065185,0.393171369,65.7672987,0.54372305,-3.65189e-07,262.974575745,0.0,53.2351844,-0.0903304621,0.0,162.8771147,664.782506,1022.46223,0.0,0.0
1028.0,11.8793939,-17.5428175,-300.0,0.0,0.551123852,0.0,1.5754910864,0.0,1018.685359,413.517409,0.0,44.1129249,0.0,65.0188221,0.0,-3.65189e-07,0.0,0.0,53.03854,-0.1078498862,0.0,-17.5428175,587.503168,1018.685359,0.0,0.0
1028.5,29.9718441,-12.57909219,-299.57413,0.0,0.393981645,0.0,1.126164782,0.0,1015.853054,402.085975,0.0,42.7740705,0.0,63.0835951,0.0,-3.65189e-07,0.0,0.0,52.8910743,-0.0488610636,0.0,-12.57909219,587.914848,1015.853054,0.0,0.0
1029.0,36.551983,-14.741190166,-299.718554,0.0,0.462180663,0.0,1.3212302756,0.0,1013.924905,397.9126,0.0,42.2495513,0.0,62.335735,0.0,-3.65189e-07,0.0,0.0,52.7906832,-0.0730274112,0.0,-14.741190166,585.889344,1013.924905,0.0,0.0
1029.5,36.551983,-20.962187858,-296.118002,0.0,0.6469631769,0.0,1.848837664,0.0,1012.126277,397.9126,0.0,42.174605,0.0,62.2490492,0.0,-3.65189e-07,24.67341364,0.0,52.6970372,-0.0641545255,0.0,-20.962187858,582.250545,1012.126277,0.0,0.0
1030.0,36.551983,347.5430141,96.9995909,-0.2134401,10.12296355856,-0.00023605884,19.73854393431,-8.257669e-05,1010.123222,397.9126,0.0007096676,42.0911377,7.510255e-05,62.1524288,0.00011088677,-3.65189e-07,1596.658743,0.0,52.5927458,-0.0585788626,0.0,347.5430141,734.418707,1010.123222,0.0,0.0
1030.5,36.551983,1887.96108,300.0,0.0,59.3120484,0.0,83.8725137,0.0,1007.470447,397.9126,0.0,41.9805983,0.0,62.024343,0.0,-3.65189e-07,4028.48509,0.0,52.4546275,-0.078113525,0.0,1887.96108,1373.8491,1007.470447,0.0,0.0
1031.0,36.551983,3520.76491,300.0,0.0,110.6080924,0.0,143.406766,0.0,1004.773984,397.9126,0.0,41.8682387,0.0,61.8939995,0.0,-3.65189e-07,4912.7964,0.0,52.3142355,-0.077879372,0.0,3520.76491,2051.69635,1004.773984,0.0,0.0
1031.5,36.654076,5153.79126,300.0,0.0,161.911127,0.0,205.40633,0.0,1002.085793,397.9126,0.0,41.7562241,0.0,61.7639085,0.0,-3.65189e-07,4912.7964,0.0,52.1742717,-0.077527844,0.0,5153.79126,2729.64104,1002.085793,0.0,0.0
1032.0,43.1622889,6900.90508,300.0,0.0,216.798327,0.0,275.292621,0.0,999.508579,397.9126,0.0,41.6488332,0.0,61.6390468,0.0,-3.65189e-07,4912.7964,0.0,52.0400868,-0.0697228761,0.0,6900.90508,3455.12323,999.508579,0.0,0.0
1032.5,52.9455585,9054.5416,290.773046,0.0,274.699065,0.0,375.084219,0.0,997.30567,397.96569,0.0,41.5625786,0.0,61.5404144,0.0,-3.65189e-07,4893.78956,0.0,51.9253913,-0.058131573,0.0,9054.5416,4349.98112,997.30567,0.0,0.0
1033.0,38.4016879,8529.69224,-44.18787,-62.4017233,-32.9673257,-52.8644437,-22.3070551,-50.6925846,1010.301748,401.408969,308.111509,42.4703878,32.6946238,57.4422238,43.2519324,3.9219438e-05,3678.25375,0.0,52.602042,1.0293345053,0.0,8529.69224,4139.17562,1010.301748,0.0,0.0
1033.5,10.24081587873,2845.918655,-45.9868664,-45.9868664,-15.10351784,-15.10351784,-14.08499631,-14.08499631,1040.62482,406.750366,124.7532516,44.3257449,13.56163127,54.2997534,16.366942027,5.446065e-06,1797.97508,0.02123884158,54.180833,0.3692653312,0.0,2845.918655,1791.82091,1040.62482,-0.5216052,0.022810605
1034.0,0.0,863.87665,41.87853972,0.0,3.792935465,0.0,6.703189507,0.0,1039.31563,408.70004,0.0,44.4816388,0.0,65.2752224,0.0,-2.60372e-07,1114.2041,1.378752977,54.1126684,-0.305083671,0.0,863.87665,966.314178,1039.31563,-34.3819798,1.494877728
1034.5,0.7196960739,873.738576,134.967472,0.0,12.3682054,0.0,21.75145325,0.0,1023.95221,408.70004,0.0,43.8240985,0.0,64.5204404,0.0,-2.60372e-07,1120.52889,3.47865314,53.3127619,-0.58024023,0.0,873.738576,961.447209,1023.95221,-86.8893366,3.72330553
1035.0,46.6776389,1693.11129,277.009406,0.0,50.2493788,0.0,72.3899739,0.0,1002.116638,408.70004,0.0,42.8895587,0.0,63.4394629,0.0,-2.60372e-07,1524.41304,4.2423167,52.1758774,-0.626087546,0.0,1693.11129,1289.644586,1002.116638,-106.05792,4.45194698
1035.5,117.768436,4827.98844,63.22811597,-27.7603653,20.45611948,-16.2264306,31.81729025,-15.4232628,984.79782,408.70004,117.612834,42.1483321,12.1161679,58.9036117,15.3873247,-2.60372e-07,2149.16785,4.2210214,51.2741618,-0.110195405,0.0,4827.98844,2583.9778,984.79782,-105.5363146,4.35344767
1036.0,143.6235,4570.49222,-68.1457254,-68.1457254,-32.7918991,-32.7918991,-30.9617931,-30.9617931,998.159746,408.70004,240.625847,42.7202083,25.1330552,52.5375112,30.9892603,-2.60372e-07,2376.3855,2.86356387,51.9698594,0.565829248,0.0,4570.49222,2484.6337,998.159746,-71.6759404,2.99335704
1036.5,142.902709,4281.9269,-60.0514185,-60.0514185,-26.9279221,-26.9279221,-25.4196667,-25.4196667,1018.846588,408.70004,198.36349,43.6055851,21.1619817,52.3826776,25.4224373,-2.60372e-07,2376.3855,0.76369595391,53.046934,0.689759001,0.0,4281.9269,2376.63844,1018.846588,-19.16858536,0.8139193463
1037.0,96.945865,4155.66744,-41.3728264,-41.3728264,-18.0361427,-18.0361427,-17.0485233,-17.0485233,1041.32596,408.70004,133.4719366,44.5676788,14.5391072,52.2318159,17.0710337,-2.60372e-07,2376.3855,0.0,54.2173383,0.493131738,0.0,4155.66744,2337.22644,1041.32596,0.0,0.0
1037.5,25.8533216859,4113.72641,-10.4867923767,-10.79754011009,-4.5185027153,-4.652362207786,-4.0916215495,-4.263090401894,1050.16288,408.742728,32.1049061224,44.9505811,3.52986543246,59.112756,4.27972240664,-2.60372e-07,2376.3855,0.0,54.6774383,0.0283865767,0.0,4113.72641,2324.9343,1050.16288,0.0,0.0
1038.0,0.0,4114.78375,19.993639,0.0,8.61585952,0.0,11.03630862,0.0,1047.29267,411.5137,0.0,45.1314641,0.0,66.1170145,0.0,-2.60372e-07,2376.3855,0.0,54.5279981,-0.1242394716,0.0,4114.78375,2323.69833,1047.29267,0.0,0.0
1038.5,0.0,4117.08939,48.2674495,0.0,20.81035,0.0,26.6557149,0.0,1043.00419,415.81064,0.0,45.4159925,0.0,66.5943515,0.0,-2.60372e-07,2364.47984,0.0,54.3047157,-0.12385263,0.0,4117.08939,2322.15374,1043.00419,0.0,0.0
1039.0,0.0,2673.223,-28.76215039,-28.76215039,-7.67493755,-7.67493755,-7.083602617,-7.083602617,1043.02146,417.3793,54.5766837,45.5882343,5.959872663,56.449285,7.069675028,-2.60372e-07,1604.06014,0.0,54.3056164,0.1027407621,0.0,2673.223,1721.36036,1043.02146,0.0,0.0
1039.5,0.0,164.55548451,-118.2107681,-8.246016,-0.4356931835,-0.484971655,-0.2275813507,-0.36845312,1043.08249,417.1717,2.32385574,45.5682642,0.254152077,66.8124199,0.372435234,-2.60372e-07,427.7553281363,0.0,54.3087929,-0.1019842064,0.0,164.55548451,677.520914,1043.08249,0.0,0.0
1040.0,0.0,-2.60128199,-300.0,0.0,0.0817216844,0.0,0.233616787,0.0,1038.92848,403.666043,0.0,43.9181661,0.0,64.4534722,0.0,-2.60372e-07,0.0,0.0,54.0925095,-0.1234864606,0.0,-2.60128199,605.540244,1038.92848,0.0,0.0
1040.5,0.0,-18.765664989,-299.98275,0.0,0.58945748705,0.0,1.6850749381,0.0,1034.67626,382.630218,0.0,41.4591312,0.0,60.8996029,0.0,-2.60372e-07,0.0,0.0,53.8711162,-0.1231059485,0.0,-18.765664989,596.331295,1034.67626,0.0,0.0
1041.0,0.0,-44.1650958,-300.0,0.0,1.38748741,0.0,3.96639346,0.0,1030.44231,369.510121,0.0,39.8732879,0.0,58.6230119,0.0,-2.60372e-07,0.0,0.0,53.6506739,-0.1227286234,0.0,-44.1650958,583.290231,1030.44231,0.0,0.0
1041.5,0.0,-41.8874897,-300.0,0.0,1.31593431,0.0,3.76184543,0.0,1026.20589,361.030686,0.0,38.7981097,0.0,57.0936834,0.0,-2.60372e-07,0.0,0.0,53.4301011,-0.1223526295,0.0,-41.8874897,581.764354,1026.20589,0.0,0.0
1042.0,0.0,-39.6168457,-300.0,0.0,1.24459995,0.0,3.55792279,0.0,1021.982413,357.9347,0.0,38.3067975,0.0,56.4215021,0.0,-2.60372e-07,0.0,0.0,53.210204,-0.1219793246,0.0,-39.6168457,580.243122,1021.982413,0.0,0.0
1042.5,0.0,-37.3531167,-300.0,0.0,1.17348279,0.0,3.35462098,0.0,1017.771813,357.9347,0.0,38.148971,0.0,56.2394879,0.0,-2.60372e-07,0.0,0.0,52.9909748,-0.1216086905,0.0,-37.3531167,578.726531,1017.771813,0.0,0.0
1043.0,0.0,-35.0962513,-300.0,0.0,1.10258123,0.0,3.15193563,0.0,1013.573948,357.9347,0.0,37.9916238,0.0,56.0577019,0.0,-2.60372e-07,0.0,0.0,52.77241,-0.1212407011,0.0,-35.0962513,577.214544,1013.573948,0.0,0.0
1043.5,0.0,-32.8462008,-300.0,0.0,1.03189383,0.0,2.94986236,0.0,1009.388772,357.929252,0.0,37.8341766,0.0,55.8752896,0.0,-2.60372e-07,0.0,0.0,52.5545073,-0.12087534,0.0,-32.8462008,575.707111,1009.388772,0.0,0.0
1044.0,0.0,-30.6029164,-300.0,0.0,0.961418973,0.0,2.7483968,0.0,1005.2162,357.575358,0.0,37.6405459,0.0,55.6389071,0.0,-2.60372e-07,0.0,0.0,52.3372586,-0.1205125801,0.0,-30.6029164,574.204225,1005.2162,0.0,0.0
1044.5,0.1311959821,-28.0749583,-300.0,0.0,0.882000821,0.0,2.52136511,0.0,1001.056368,357.02652,0.0,37.4272439,0.0,55.3728592,0.0,-2.60372e-07,0.0,0.0,52.1206749,-0.1199998938,0.0,-28.0749583,572.827226,1001.056368,0.0,0.0
1045.0,8.49279389,-16.65337865,-299.565227,0.0,0.5212296643,0.0,1.4899701404,0.0,997.118326,356.82614,0.0,37.259066,0.0,55.1705425,0.0,-2.60372e-07,0.0,0.0,51.9156377,-0.1042493775,0.0,-16.65337865,575.280435,997.118326,0.0,0.0
1045.5,21.7583645,-15.69642871,-299.811348,0.0,0.4928001244,0.0,1.406015329,0.0,993.963458,356.82614,0.0,37.1411799,0.0,55.0331716,0.0,-2.60372e-07,0.0,0.0,51.7513766,-0.0477146493,0.0,-15.69642871,573.83653,993.963458,0.0,0.0
1046.0,47.5786917,-28.00035025,-299.144848,0.0,0.876100687,0.0,2.499582546,0.0,992.004118,356.82614,0.0,37.0679662,0.0,54.9477668,0.0,-2.60372e-07,0.0,0.0,51.6493644,0.0176897493,0.0,-28.00035025,567.572746,992.004118,0.0,0.0
1046.5,79.7820695,-40.67012005,-298.383538,0.0,1.268190595,0.0,3.58330265,0.0,992.066894,357.068248,0.0,37.0954792,0.0,54.9878068,0.0,-2.60372e-07,0.0,0.0,51.652632,0.072746746,0.0,-40.67012005,562.337398,992.066894,0.0,0.0
1047.0,62.1826861,-19.05866326,-299.575827,0.0,0.597048718,0.0,1.706775923,0.0,992.964363,372.839268,0.0,38.7689275,0.0,57.4573668,0.0,-2.60372e-07,0.0,0.0,51.6993589,-0.0467337327,0.0,-19.05866326,571.854112,992.964363,0.0,0.0
1047.5,16.5843301077,-16.3204366,-299.986005,0.0,0.51269882,0.0,1.46427493,0.0,991.393626,397.303064,0.0,41.2467915,0.0,61.1504496,0.0,-2.60372e-07,0.0,0.0,51.6175771,-0.0539648491,0.0,-16.3204366,572.076362,991.393626,0.0,0.0
1048.0,0.0,-8.7987687,-300.0,0.0,0.276421467,0.0,0.790202701,0.0,987.577652,406.2365,0.0,42.0125278,0.0,62.3364923,0.0,-2.60372e-07,0.0,0.0,51.4188963,-0.1189957244,0.0,-8.7987687,572.978069,987.577652,0.0,0.0
1048.5,0.0,-6.59029633,-300.0,0.0,0.207040266,0.0,0.591863499,0.0,983.469825,406.2365,0.0,41.8377766,0.0,62.1319767,0.0,-2.60372e-07,0.0,0.0,51.2050185,-0.1186463164,0.0,-6.59029633,571.498497,983.469825,0.0,0.0
1049.0,0.0,-4.38829522,-300.0,0.0,0.13786236,0.0,0.394105465,0.0,979.374014,406.2365,0.0,41.6635371,0.0,61.9276993,0.0,-2.60372e-07,0.0,0.0,50.9917688,-0.1182993829,0.0,-4.38829522,570.023272,979.374014,0.0,0.0
1049.5,0.0,-2.19271962,-300.0,0.0,0.068886318,0.0,0.196924482,0.0,975.290164,406.2365,0.0,41.4898059,0.0,61.7236597,0.0,-2.60372e-07,0.0,0.0,50.7791403,-0.1179549043,0.0,-2.19271962,568.552319,975.290164,0.0,0.0
1050.0,0.0,-23.551384456,-300.0,0.0,0.73988856402,0.0,2.1151104289,0.0,971.231385,406.2365,0.0,41.3171406,0.0,61.5205173,0.0,-2.60372e-07,0.0,0.0,50.567817,-0.1176139586,0.0,-23.551384456,557.294928,971.231385,0.0,0.0
1050.5,0.057473264206,-44.7883341,-300.0,0.0,1.40706702,0.0,4.02236545,0.0,967.184434,406.2365,0.0,41.1449806,0.0,61.3218828,0.0,-2.60372e-07,0.0,0.0,50.3571096,-0.1172085811,0.0,-44.7883341,546.095103,967.184434,0.0,0.0
1051.0,3.73166904,-21.58351028,-300.0,0.0,0.678065967,0.0,1.938378998,0.0,963.218464,406.2365,0.0,40.9762636,0.0,61.1419136,0.0,-2.60372e-07,0.0,0.0,50.150618,-0.1125977885,0.0,-21.58351028,553.435096,963.218464,0.0,0.0
1051.5,9.4150461,-18.21478385,-300.0,0.0,0.572234292,0.0,1.635839257,0.0,959.610955,406.29787,0.0,40.8289529,0.0,60.9882914,0.0,-2.60372e-07,5.626635193,0.0,49.9627905,-0.1056753258,0.0,-18.21478385,552.73043,959.610955,0.0,0.0
1052.0,11.482059,-15.41325965,-289.0694,0.0,0.4750251953,0.0,1.357948761,0.0,956.294141,410.294821,0.0,41.0879312,0.0,61.4365701,0.0,-2.60372e-07,364.19712,0.0,49.7900988,-0.102991158,0.0,-15.41325965,551.959527,956.294141,0.0,0.0
1052.5,11.482059,2.175246626,-96.8278357,0.0,0.292423891028,0.0,0.83594858166,0.0,953.016677,416.495677,0.0,41.5659627,0.0,62.2127965,0.0,-2.60372e-07,920.997132,0.0,49.6194543,-0.1015418584,0.0,2.175246626,557.364535,953.016677,0.0,0.0
1053.0,11.482059,378.677479,226.846361,0.0,10.08106767,0.0,24.04440703,0.0,949.547562,418.7606,0.0,41.640041,0.0,62.3888973,0.0,-2.60372e-07,1258.19774,0.0,49.4388336,-0.1024362816,0.0,378.677479,712.004297,949.547562,0.0,0.0
1053.5,11.4245706,892.90728,300.0,0.0,28.0515099,0.0,48.8732629,0.0,946.011067,418.7606,0.0,41.4849573,0.0,62.222996,0.0,-2.60372e-07,1467.7569,0.0,49.2547032,-0.1022138555,0.0,892.90728,923.914184,946.011067,0.0,0.0
1054.0,7.75038947,1342.72439,300.0,0.0,42.1829308,0.0,64.483922,0.0,942.426397,418.7606,0.0,41.3277605,0.0,62.0544723,0.0,-2.60372e-07,1543.9641,0.0,49.0680661,-0.1062022594,0.0,1342.72439,1108.99332,942.426397,0.0,0.0
1054.5,2.06698087799,1562.68438,300.0,0.0,49.093178,0.0,72.1899086,0.0,938.644509,418.771616,0.0,41.1629957,0.0,61.8779038,0.0,-2.60372e-07,1543.9641,0.0,48.8711593,-0.1125184085,0.0,1562.68438,1198.31212,938.644509,0.0,0.0
1055.0,0.0,1590.94195,300.0,0.0,49.9809156,0.0,73.1498157,0.0,934.700342,419.486587,0.0,41.0599758,0.0,61.7969128,0.0,-2.60372e-07,1543.9641,0.0,48.6658033,-0.1146093106,0.0,1590.94195,1207.76732,934.700342,0.0,0.0
1055.5,0.8008047882,1594.84816,300.0,0.0,50.1036324,0.0,73.2809839,0.0,930.74523,420.595271,0.0,40.994297,0.0,61.7721825,0.0,-2.60372e-07,1543.9641,0.0,48.4598773,-0.1133597565,0.0,1594.84816,1207.08332,930.74523,0.0,0.0
1056.0,51.8505724,2493.67245,236.261201,0.0,56.4100256,0.0,77.1581869,0.0,927.608655,421.0,0.0,40.8954978,0.0,61.6820734,0.0,-2.60372e-07,1543.9641,0.0,48.2965697,-0.0536334782,0.0,2493.67245,1579.25936,927.608655,0.0,0.0
1056.5,130.821359,3333.00322,-66.733447,-66.733447,-22.6412248,-22.6412248,-20.91577343,-20.91577343,938.875798,421.0,174.0286124,41.392233,17.11426913,50.9903933,20.8581538,-2.60372e-07,1543.9641,0.0,48.8832008,0.7161752116,0.0,3333.00322,1935.08986,938.875798,0.0,0.0
1057.0,159.54022,2417.54429,-68.5224478,-68.5224478,-17.3591914,-17.3591914,-15.7506074,-15.7506074,962.83816,421.0,132.3342445,42.4486625,13.3384512,50.1319974,15.755604,-2.60372e-07,1543.9641,0.0,50.1308184,0.616349253,0.0,2417.54429,1568.1521,962.83816,0.0,0.0
1057.5,159.54022,2330.22398,-66.593368,-66.593368,-16.2501905,-16.2501905,-14.71850965,-14.71850965,983.244756,421.0,121.7395431,43.3483276,12.53421975,50.903465,14.71894,-2.60372e-07,1543.9641,0.0,51.1933009,0.576993021,0.0,2330.22398,1543.73277,983.244756,0.0,0.0
1058.0,159.54022,2301.3945,-66.5433024,-66.5433024,-16.0370347,-16.0370347,-14.5115748,-14.5115748,1002.948636,421.0,118.0597761,44.2170136,12.39906715,51.751231,14.51187825,-2.60372e-07,1543.9641,0.0,52.219196,0.56331143,0.0,2301.3945,1543.24155,1002.948636,0.0,0.0
1058.5,158.739548,2273.14038,-66.4041051,-66.4041051,-15.807345,-15.807345,-14.29111325,-14.29111325,1022.202366,421.0,114.4372661,45.065852,12.24912675,52.5828464,14.29242815,-2.60372e-07,1543.9641,0.0,53.2216543,0.548739137,0.0,2273.14038,1542.72689,1022.202366,0.0,0.0
1059.0,107.689652,2152.16499,-45.8867084,-45.8867084,-10.37683066,-10.37683066,-9.4368727,-9.4368727,1038.23467,421.0,74.3431674,45.7726692,8.07671447,53.6598435,9.4495095,-2.60372e-07,1543.9641,0.0,54.0563877,0.322483606,0.0,2152.16499,1501.74929,1038.23467,0.0,0.0
1059.5,28.8863944746,2112.80458,-11.675261557,-11.97968735,-2.58308811863,-2.650556996,-2.259817345,-2.35313068,1043.34349,421.0,16.5489520943,45.9979019,1.80831850183,63.72306,2.3624675087,-2.60372e-07,1543.9641,0.0,54.3223823,-0.0157703884,0.0,2112.80458,1488.35411,1043.34349,0.0,0.0
1060.0,10.75427201,2234.10345,-0.77447032,-2.92615185,-0.214174974,-0.70150992,0.115841266,-0.555562065,1040.36543,421.0,3.46476313,45.8666084,0.377127678,67.2927136,0.553411353,-2.60372e-07,1543.9641,0.0,54.167327,-0.0947940619,0.0,2234.10345,1537.08864,1040.36543,0.0,0.0
1060.5,27.1335438,2281.57597,-11.4042531,-11.4042531,-2.7243391,-2.7243391,-2.38397058,-2.38397058,1038.37849,420.961978,15.34610795,45.7748746,1.6686449,65.6126112,2.38164072,-2.60372e-07,1543.9641,0.0,54.0638744,-0.02234636697,0.0,2281.57597,1555.68213,1038.37849,0.0,0.0
1061.0,33.09007,2258.95509,-13.97629355,-13.97629355,-3.30629591,-3.30629591,-2.94090689,-2.94090689,1038.23293,418.494151,19.4568847,45.5001451,2.11541973,63.2627832,2.94112693,-2.60372e-07,1543.9641,0.0,54.0562967,0.002398521692,0.0,2258.95509,1546.18443,1038.23293,0.0,0.0
1061.5,33.09007,2252.09434,-13.775191,-13.775191,-3.24872415,-3.24872415,-2.8861016,-2.8861016,1038.2725,414.653863,19.0267447,45.0843361,2.06873316,62.8976291,2.88611171,-2.60372e-07,1543.9641,0.0,54.0583581,0.000652078739,0.0,2252.09434,1543.35273,1038.2725,0.0,0.0
1062.0,33.09007,2251.90578,-13.76929885,-13.76929885,-3.24706263,-3.24706263,-2.88452004,-2.88452004,1038.29365,412.378393,19.0140247,44.8378447,2.06739226,62.5598133,2.88452033,-2.60372e-07,1543.9641,0.0,54.0594597,0.000598712034,0.0,2251.90578,1543.28663,1038.29365,0.0,0.0
1062.5,33.09007,2249.32016,-14.1933547,-14.1933547,-3.34219826,-3.34219826,-2.97578468,-2.97578468,1038.32028,411.016116,19.7562718,44.690869,2.14815662,62.0094366,2.97495947,-2.60372e-07,1541.33628,0.0,54.0608443,0.003727960429,0.0,2249.32016,1542.22624,1038.32028,0.0,0.0
1063.0,33.09007,1861.10259,-20.0219963,-20.0219963,-3.90507411,-3.90507411,-3.4955376,-3.4955376,1039.03886,410.51883,24.0353583,44.6676875,2.61513524,59.9748292,3.49751609,-2.60372e-07,1373.79975,0.0,54.0982583,0.0276673127,0.0,1861.10259,1381.1056,1039.03886,0.0,0.0
1063.5,33.9043782,1219.710785,-19.084734,-19.084734,-2.45172621,-2.45172621,-2.0964027,-2.0964027,1039.36133,410.51883,13.33798184,44.6815507,1.45175162,64.7635784,2.09847039,-2.60372e-07,1116.32965,0.0,54.1150483,-0.00765938769,0.0,1219.710785,1114.406064,1039.36133,0.0,0.0
1064.0,85.8201063,1326.54084,-30.3292162,-30.3292162,-4.39884275,-4.39884275,-3.84583862,-3.84583862,1040.24876,410.51883,27.74788638,44.7197016,3.024554145,59.3094776,3.83615636,-2.60372e-07,1130.03958,0.0,54.1612537,0.1188496729,0.0,1326.54084,1159.37702,1040.24876,0.0,0.0
1064.5,166.130616,1777.51435,-65.8929399,-65.8929399,-12.37692,-12.37692,-10.91475805,-10.91475805,1050.17616,410.51883,85.0800369,45.1464739,9.36501747,52.6018817,10.90284665,-2.60372e-07,1297.05457,0.0,54.6781295,0.458909683,0.0,1777.51435,1352.82693,1050.17616,0.0,0.0
1065.0,195.33635,1807.42739,-82.695469,-82.695469,-15.6561498,-15.6561498,-13.62301995,-13.62301995,1069.383,410.51883,104.9586935,45.9721641,11.75115305,53.3035069,13.6257317,-2.60372e-07,1357.7913,0.0,55.6781449,0.584799674,0.0,1807.42739,1376.4887,1069.383,0.0,0.0
1065.5,195.33635,1735.31085,-81.4720255,-81.4720255,-14.8052485,-14.8052485,-12.8315513,-12.8315513,1088.89852,410.44293,97.3295214,46.8024094,11.0978316,54.1155345,12.8320166,-2.60372e-07,1357.7913,0.37050674707,56.6942355,0.508206953,0.0,1735.31085,1357.87544,1088.89852,-9.095712,0.41787615
1066.0,195.33635,1762.64764,-80.598263,-80.598263,-14.87563045,-14.87563045,-12.92892795,-12.92892795,1065.73369,405.516581,99.9897996,45.2630162,11.1479486,52.4810181,12.92765325,-2.60372e-07,1357.7913,24.03821442,55.4881433,-2.60022074,0.0,1762.64764,1355.72475,1065.73369,-599.457826,26.4730889
1066.5,195.33635,2003.18684,-79.2378,-79.2378,-16.6180376,-16.6180376,-14.68420755,-14.68420755,893.079826,397.877512,132.3073315,37.2267121,12.25357235,44.4997216,14.6798664,-2.60372e-07,1357.7913,60.648845,46.4988033,-7.3193451,0.0,2003.18684,1355.00358,893.079826,-1514.90879,55.9059075
1067.0,195.33635,2416.70426,-78.7917139,-78.7917139,-19.9411056,-19.9411056,-17.9637766,-17.9637766,600.686361,395.08887,213.649732,24.8525629,13.16074455,33.6220081,17.9580517,-2.60372e-07,1357.7913,73.96374,31.2751395,-8.80416255,0.0,2416.70426,1356.34482,600.686361,-1849.0934,46.5259475
1067.5,195.643444,2836.7745,-78.6746159,-78.6746159,-23.3662001,-23.3662001,-21.3383322,-21.3383322,303.525444,395.08887,342.910139,12.55794345,10.5447084,24.3329391,20.8469757,1.18804e-07,1359.86515,73.5922995,15.8032568,-8.3260817,0.0,2836.7745,1357.62906,303.525444,-1840.0161,23.4429035
1068.0,215.21042,3522.55142,-82.8631725,-82.8631725,-30.67749,-30.67749,-28.3917496,-28.3917496,61.7064189745,395.08887,395.08887,2.55301735244,2.55301735244,7.0760905686,7.0760905686,7.5899066e-05,1492.00351,49.9255214,3.21278629185,-4.7244429533,0.0,3522.55142,1501.78958,61.7064189745,-1199.381307,3.7715403284
1068.5,245.480034,4124.37607,-98.1308172,-98.1308172,-42.4402882,-42.4402882,-39.3854242,-39.3854242,3.579778233,395.08887,395.08887,0.14810834912,0.14810834912,0.4433641001,0.4433641001,0.000318748735,1696.41818,13.31363469957,0.18638357016,0.558041925,0.0,4124.37607,1718.27355,3.579778233,-221.44789565,0.00572171671
1069.0,256.48734,4210.5348,-107.9081868,-107.9081868,-47.5815149,-47.5815149,-44.0235041,-44.0235041,48.3731463,395.08887,395.08887,2.00137167,2.00137167,5.76843132,5.76843132,0.000593567545,1770.7521,0.0,2.51858045,1.68781997,0.0,4210.5348,1780.27936,48.3731463,0.0,0.0
1069.5,256.48734,4101.18459,-107.2224809,-107.2224809,-46.0494442,-46.0494442,-42.5418779,-42.5418779,106.6906896,395.08887,395.08887,4.41417904,4.41417904,12.13790905,12.13790905,0.000561282948,1770.7521,0.0,5.55492264,1.68623699,0.0,4101.18459,1768.82911,106.6906896,0.0,0.0
1070.0,256.48734,4018.85365,-107.1953076,-107.1953076,-45.1135082,-45.1135082,-41.619567,-41.619567,164.974539,395.08887,395.08887,6.82559241,6.82559241,17.9119895,17.9119895,0.000410208445,1770.7521,0.0,8.58951057,1.68550645,0.0,4018.85365,1768.60209,164.974539,0.0,0.0
1070.5,256.48734,3937.283,-107.1945259,-107.1945259,-44.1975161,-44.1975161,-40.7180644,-40.7180644,223.22929,395.08887,395.08887,9.2358018,9.2358018,22.2802825,22.2802825,0.000259228382,1770.7521,0.0,11.6225837,1.68452925,0.0,3937.283,1768.67444,223.22929,0.0,0.0
1071.0,256.48734,3855.7801,-107.1941656,-107.1941656,-43.2824679,-43.2824679,-39.8175621,-39.8175621,281.445223,395.08887,395.08887,11.6444053,11.6444053,25.1634414,25.1634414,0.000108342698,1770.7521,0.0,14.6536355,1.68326083,0.0,3855.7801,1768.75237,281.445223,0.0,0.0
1071.5,255.287223,3772.42757,-106.9914736,-106.9914736,-42.2678774,-42.2678774,-38.8238642,-38.8238642,339.609436,395.08887,395.08887,14.0508684,14.0508684,27.4970219,27.4970219,3.308864e-06,1770.7521,0.0,17.6819939,1.67995511,0.0,3772.42757,1768.03041,339.609436,0.0,0.0
1072.0,178.505155,3547.10362,-76.1482577,-76.1482577,-28.3858333,-28.3858333,-26.3230326,-26.3230326,394.655303,395.08887,347.651469,16.3283147,14.3018441,28.2792292,24.9663768,-3.27116e-07,1770.7521,0.0,20.5479945,1.38135872,0.0,3547.10362,1706.41237,394.655303,0.0,0.0
1072.5,59.7343779,3454.27733,-24.72605937,-24.72605937,-8.95095638,-8.95095638,-8.32212326,-8.32212326,427.038961,395.10733,128.1325612,17.6689782,5.695909895,26.6718858,8.35142559,-3.27116e-07,1770.7521,0.0,22.2340714,0.4425171789,0.0,3454.27733,1686.69519,427.038961,0.0,0.0
1073.0,16.542143,3595.28555,-5.3976319,-5.3976319,-2.03749642,-2.03749642,-1.65605397,-1.65605397,431.628048,396.307492,21.1197413,17.9130995,0.9546923,31.7717411,1.653912526,-3.27116e-07,1770.7521,0.0,22.4730052,0.01201593549,0.0,3595.28555,1748.04928,431.628048,0.0,0.0
1073.5,16.542143,3642.70711,-6.85281815,-6.85281815,-2.61410213,-2.61410213,-2.18279608,-2.18279608,432.819498,398.169086,30.3538049,18.0469389,1.37579154,28.6322986,2.18267947,-3.27116e-07,1770.7521,0.0,22.5350389,0.0444082699,0.0,3642.70711,1768.47743,432.819498,0.0,0.0
1074.0,16.542143,3641.65606,-6.89505919,-6.89505919,-2.62945376,-2.62945376,-2.1975755,-2.1975755,434.376943,398.84897,30.5481818,18.1427813,1.38956929,28.6924482,2.19757597,-3.27116e-07,1770.7521,0.0,22.6161283,0.0450552866,0.0,3641.65606,1768.94945,434.376943,0.0,0.0
1074.5,16.542143,3639.50767,-6.89567507,-6.89567507,-2.62813731,-2.62813731,-2.19643039,-2.19643039,435.925889,398.850618,30.4074149,18.2075521,1.38809816,28.8104099,2.19643289,-3.27116e-07,1770.7521,0.0,22.6967754,0.0445428007,0.0,3639.50767,1768.95991,435.925889,0.0,0.0
1075.0,16.542143,3637.36483,-6.89554313,-6.89554313,-2.6265397,-2.6265397,-2.19501496,-2.19501496,437.456753,398.957721,30.2639242,18.2764007,1.38639951,28.9361248,2.19501753,-3.27116e-07,1770.7521,0.0,22.7764806,0.0440206229,0.0,3637.36483,1768.96213,437.456753,0.0,0.0
1075.5,16.542143,3635.24668,-6.89540131,-6.89540131,-2.62495615,-2.62495615,-2.19361178,-2.19361178,438.969738,398.899221,30.1236037,18.3369062,1.38474424,29.0480387,2.19361432,-3.27116e-07,1770.7521,0.0,22.8552557,0.0435091592,0.0,3635.24668,1768.96417,438.969738,0.0,0.0
1076.0,16.542143,3633.15294,-6.89526207,-6.89526207,-2.62339136,-2.62339136,-2.19222537,-2.19222537,440.465241,384.355897,29.986441,17.72828,1.3831352,28.0987271,2.1922278,-3.27116e-07,1770.7521,0.0,22.9331196,0.0430083836,0.0,3633.15294,1768.96619,440.465241,0.0,0.0
1076.5,16.542143,3631.08331,-6.89512583,-6.89512583,-2.62184505,-2.62184505,-2.19085536,-2.19085536,441.943604,361.703345,29.8523256,16.7394371,1.38157068,26.5448922,2.19085786,-3.27116e-07,1770.7521,0.0,23.0100916,0.0425179323,0.0,3631.08331,1768.96818,441.943604,0.0,0.0
1077.0,16.542143,3629.03708,-6.89499222,-6.89499222,-2.62031684,-2.62031684,-2.18950163,-2.18950163,443.405179,353.43015,29.7211506,16.4109218,1.38004896,26.0366029,2.18950406,-3.27116e-07,1770.7521,0.0,23.0861896,0.0420374544,0.0,3629.03708,1768.97014,443.405179,0.0,0.0
1077.5,16.3607405,3626.72566,-6.86435833,-6.86435833,-2.60702462,-2.60702462,-2.17692796,-2.17692796,444.849083,353.43015,29.3805449,16.4643624,1.36866196,26.1960176,2.17729063,-3.27116e-07,1770.7521,0.0,23.1613672,0.0406238146,0.0,3626.72566,1768.85144,444.849083,0.0,0.0
1078.0,4.803626165,3602.51409,-2.034127818,-2.407549131,-0.7696206743,-0.9099324623,-0.540026439,-0.721516045,445.036199,353.43015,8.41327479,16.4712876,0.3924653938,31.442125,0.725190077,-3.27116e-07,1770.7521,0.0,23.1711097,-0.0484324287,0.0,3602.51409,1758.88605,445.036199,0.0,0.0
1078.5,-13.07428622,3350.30983,49.63706132,0.0,16.75387019,0.0,21.885967,0.0,442.168937,353.43015,0.0,16.3651671,0.0,32.0017086,0.0,-3.27116e-07,1770.7521,0.0,23.0218237,-0.1011968324,0.0,3350.30983,1652.26784,442.168937,0.0,0.0
1079.0,-19.576368,2560.79899,251.463624,0.0,66.0517648,0.0,88.9349804,0.0,438.477197,353.43015,0.0,16.2285314,0.0,31.8403107,0.0,-3.27116e-07,1770.7521,0.0,22.8296107,-0.1089492901,0.0,2560.79899,1321.59095,438.477197,0.0,0.0
1079.5,-19.576368,1689.10836,300.0,0.0,53.0649038,0.0,76.7096323,0.0,434.713086,353.43015,0.0,16.0892177,0.0,31.674643,0.0,-3.27116e-07,1770.7521,0.0,22.6336299,-0.1088074626,0.0,1689.10836,956.676242,434.713086,0.0,0.0
1080.0,-19.576368,817.415045,300.0,0.0,25.6798516,0.0,46.4341812,0.0,430.953858,353.43015,0.0,15.9500848,0.0,31.5080585,0.0,-3.27116e-07,1770.7521,0.0,22.4379036,-0.1086670371,0.0,817.415045,591.763204,430.953858,0.0,0.0
1080.5,-19.576368,95.3298957,300.0,0.0,2.994877027,0.0,8.49793034,0.0,427.112189,353.43015,0.0,15.8079,0.0,31.3366309,0.0,-3.27116e-07,1768.88156,0.0,22.2378839,-0.1085249885,0.0,95.3298957,289.055128,427.112189,0.0,0.0
1081.0,-19.576368,16.41890574,300.0,0.0,0.5158151306,0.0,1.474554458,0.0,422.900335,353.43015,0.0,15.6520148,0.0,31.1473034,0.0,-3.27116e-07,1649.68757,0.0,22.0185908,-0.1083729954,0.0,16.41890574,253.760414,422.900335,0.0,0.0
1081.5,-19.2955318,22.69056586,299.688822,0.0,0.711679678,0.0,2.033812538,0.0,418.645091,353.43015,0.0,15.49452335,0.0,30.9545413,0.0,-3.27116e-07,1465.299,0.0,21.7970386,-0.124196706,0.0,22.69056586,253.885489,418.645091,0.0,0.0
1082.0,-1.340840455,27.00604023,300.0,0.0,0.8484197556,0.0,2.425367304,0.0,414.874994,353.43015,0.0,15.35498765,0.0,30.7825211,0.0,-3.27116e-07,1398.246,0.0,21.6007464,-0.086101464,0.0,27.00604023,253.479855,414.874994,0.0,0.0
1082.5,26.433252,623.466754,300.0,0.0,19.58678582,0.0,38.1975192,0.0,412.453029,353.43015,0.0,15.2653479,0.0,30.6713817,0.0,-3.27116e-07,1398.246,0.0,21.4746449,-0.0534509143,0.0,623.466754,500.25739,412.453029,0.0,0.0
1083.0,36.53295,2127.08299,291.834052,0.0,64.4858805,0.0,89.3176366,0.0,410.897931,353.43015,0.0,15.2077922,0.0,30.59975,0.0,-3.27116e-07,1398.246,0.0,21.3936773,-0.0416204328,0.0,2127.08299,1125.01521,410.897931,0.0,0.0
1083.5,36.53295,3652.98403,93.6305838,-8.7929308,32.4224281,-3.6173953,43.50221873,-3.39806587,410.184104,353.43015,52.2936014,15.1813726,2.25578495,28.1027722,3.36654745,-3.27116e-07,1398.246,0.0,21.356512,0.1426765823,0.0,3652.98403,1759.53708,410.184104,0.0,0.0
1084.0,36.53295,3012.15153,-23.2048932,-23.2048932,-7.48488789,-7.48488789,-6.94710848,-6.94710848,422.596427,353.43015,111.6843749,15.6407666,4.92788587,21.9264281,6.96419899,-3.27116e-07,1398.246,0.0,22.002768,0.359673339,0.0,3012.15153,1500.12944,422.596427,0.0,0.0
1084.5,36.53295,2757.95254,-15.4544084,-15.4544084,-4.46358947,-4.46358947,-4.05023425,-4.05023425,430.834837,353.217439,64.8805637,15.93601575,2.92694962,22.0543192,4.05072163,-3.27116e-07,1398.246,0.0,22.4317059,0.194453249,0.0,2757.95254,1399.16567,430.834837,0.0,0.0
1085.0,36.53295,2743.53281,-15.2571897,-15.2571897,-4.38342329,-4.38342329,-3.97263992,-3.97263992,437.392421,339.391319,62.7328171,15.5441442,2.87332678,21.4914853,3.97267353,-3.27116e-07,1398.246,0.0,22.7731311,0.186912618,0.0,2743.53281,1396.99445,437.392421,0.0,0.0
1085.5,36.53295,2727.66242,-16.3863382,-16.3863382,-4.67283495,-4.67283495,-4.24789373,-4.24789373,443.821983,317.946371,66.2049887,14.7760221,3.07843915,20.387875,4.24508762,-3.27116e-07,1391.2242,0.0,23.1078909,0.199851754,0.0,2727.66242,1394.14488,443.821983,0.0,0.0
1086.0,36.53295,1680.57505,-31.9581452,-31.9581452,-5.64614639,-5.64614639,-5.0655735,-5.0655735,453.081845,310.11484,77.773897,14.71390065,3.68229329,20.467844,5.07514388,-3.27116e-07,943.816026,0.0,23.590012,0.2641104204,0.0,1680.57505,963.850825,453.081845,0.0,0.0
1086.5,36.53295,181.48208539,-62.1565988,-15.4743348,-0.5706159703,-0.598454432,-0.3494927425,-0.4290248405,457.251647,310.11484,4.974295398,14.8493155,0.2380840413,28.2595876,0.432796661,-3.27116e-07,251.702481146,0.0,23.8071149,0.0166815317,0.0,181.48208539,342.50189,457.251647,0.0,0.0
1087.0,36.53295,-13.36339568,-224.434889,0.0,0.3416548827,0.0,0.976680669,0.0,456.852248,310.11484,0.0,14.836345,0.0,28.6337577,0.0,-3.27116e-07,0.0,0.0,23.7863198,-0.03327861074,0.0,-13.36339568,261.192047,456.852248,0.0,0.0
1087.5,36.53295,-21.55725705,-299.347625,0.0,0.674005603,0.0,1.924971342,0.0,456.273163,310.11484,0.0,14.8175391,0.0,28.6121811,0.0,-3.27116e-07,0.0,0.0,23.7561698,0.0253138543,0.0,-21.55725705,257.444404,456.273163,0.0,0.0
1088.0,36.53295,-25.38429051,-298.224324,0.0,0.79122748,0.0,2.261872431,0.0,455.692431,310.11484,0.0,14.7986798,0.0,28.5905202,0.0,-3.27116e-07,0.0,0.0,23.7259334,-0.0398776172,0.0,-25.38429051,255.512851,455.692431,0.0,0.0
1088.5,36.53295,-14.39210594,-294.15062,0.0,0.4343884818,0.0,1.2417810927,0.0,455.104181,310.11484,0.0,14.77957635,0.0,28.5685566,0.0,-3.27116e-07,24.835630466,0.0,23.6953056,-0.03571214733,0.0,-14.39210594,259.743306,455.104181,0.0,0.0
1089.0,36.53295,455.83455119,147.3480052,-0.9084423,13.6122269272,-0.0004356913,25.43511755622,-0.00015346878,454.25945,310.11484,0.001552648,14.75214365,7.392408e-05,28.5369722,0.00014295025,-3.27116e-07,1611.14134,0.0,23.6513243,-0.0416158631,0.0,455.83455119,454.914858,454.25945,0.0,0.0
1089.5,37.9236118,2042.35607,300.0,0.0,64.1625089,0.0,89.3769047,0.0,452.795218,310.334261,0.0,14.71498185,0.0,28.5022538,0.0,-3.27116e-07,4065.02222,0.0,23.5750884,-0.0415647589,0.0,2042.35607,1114.22321,452.795218,0.0,0.0
1090.0,126.8845796,5236.19362,299.93231,0.0,164.442054,0.0,210.655511,0.0,452.713934,324.597624,0.0,15.3889686,0.0,29.8095517,0.0,-3.27116e-07,4957.358,0.0,23.5708563,0.06207753277,0.0,5236.19362,2443.15513,452.713934,0.0,0.0
1090.5,262.92135,11700.4981,-9.3809894,-79.5119494,-30.7446848,-103.6751456,2.107559,-100.230722,466.193052,346.743186,210.648136,16.9348689,10.4446227,29.5602213,17.0180097,0.000104410863,4957.358,0.0,24.272656,1.039842793,0.0,11700.4981,5140.87033,466.193052,0.0,0.0
1091.0,212.313125,11147.8327,-96.3396025,-96.3396025,-113.0734988,-113.0734988,-109.0358845,-109.0358845,517.090855,356.381844,356.381844,19.2990217,19.2990217,30.5522523,30.5522523,0.00063691078,4957.358,0.0,26.9226833,1.47962547,0.0,11147.8327,4940.62109,517.090855,0.0,0.0
1091.5,56.620231898,10855.278,-23.435330993,-23.895075923,-26.675097651,-27.196998641,-24.769071223,-25.513623053,561.222845,358.798063,271.528478,21.0876346,15.86808224,30.581501,23.70867335,0.000846959738,4957.358,0.0,29.2204448,0.895482827,0.0,10855.278,4844.65507,561.222845,0.0,0.0
1092.0,0.0,10963.5008,18.1688512,2.27369931,20.8759742,2.61153836,29.7819805,3.72566019,573.795227,359.68063,46.1147642,21.6123807,2.7707159,28.7271319,3.67873326,0.000719086757,4957.358,0.0,29.8750357,0.054149761,0.0,10963.5008,4897.02839,573.795227,0.0,0.0
1092.5,0.0,11121.7804,0.41940571,-3.738228674,0.59515423,-4.249984404,3.42957671,-3.48257146,577.12401,359.68063,108.3281846,21.7377618,6.56593305,28.5529312,8.95101209,0.000568825041,4932.462600000001,0.0,30.0483512,0.265641297,0.0,11121.7804,4964.83331,577.12401,0.0,0.0
1093.0,0.0,7370.226949999999,-59.7744809,-59.7744809,-46.445092,-46.445092,-44.4607026,-44.4607026,604.835513,359.68063,358.037837,22.7815337,22.6743483,34.0981858,33.9407857,0.000589912852,3346.21665,0.0,31.4911685,1.16960873,0.0,7370.226949999999,3419.96479,604.835513,0.0,0.0
1093.5,0.0,1369.958623,-70.8483998,-45.4503236,-7.46875645,-8.384165822,-6.11260198,-7.48390672,636.991504,359.749881,167.863809,23.9973729,11.15114479,31.4782209,14.9634043,0.000517536865,892.42822294,0.0,33.1653924,0.527678578,0.0,1369.958623,941.984538,636.991504,0.0,0.0
1094.0,0.0,-1171.918643,-32.26582656,-4.347876234,3.342025415,0.410472363,4.473164482,0.688517498,645.849806,364.256244,78.7542221,24.6361765,5.32839923,30.9680411,6.69501626,0.000366490265,0.0,0.0,33.6266058,0.16744859,0.0,-1171.918643,-110.5370624,645.849806,0.0,0.0
1094.5,0.0,-974.647442,1.990547026,1.990547026,-0.213873067,-0.213873067,-0.1343876508,-0.1343876508,652.203466,371.1097,87.9477986,25.3465965,6.00637316,31.7023511,7.51254311,0.000215537632,0.0,0.0,33.9574129,0.185819392,0.0,-974.647442,-24.74120951,652.203466,0.0,0.0
1095.0,0.0,-922.950873,-0.0416245792,0.008703376442,0.00403205662,-0.00083864836,0.008998791253,0.000628489506,658.507865,364.7175,76.9956656,25.1497285,5.3071151,32.4654467,6.63063061,6.4958802e-05,0.0,0.0,34.2856556,0.1534739005,0.0,-922.950873,0.451201641,658.507865,0.0,0.0
1095.5,0.0,-923.579423,-0.02235139984,0.0197904079,0.002168829005,-0.00191197043,0.00589936803,-0.00111174915,659.338655,350.839106,0.009625066,24.2243397,0.00066371375,40.4898667,0.00110983686,-3.85184e-07,0.0,0.0,34.3289118,-0.0956706345,0.0,-923.579423,0.674756052,659.338655,0.0,0.0
1096.0,0.0,-918.529687,0.0293778791,0.0293778791,-0.00282617335,-0.00282617335,-0.00164033056,-0.00164033056,656.034338,345.76926,0.0142700304,23.7542636,0.000980469865,39.7689979,0.00164142039,-3.85184e-07,0.0,0.0,34.15687,-0.0954847176,0.0,-918.529687,0.846615331,656.034338,0.0,0.0
1096.5,0.0,-913.832545,0.02655014,0.02655014,-0.00254076053,-0.00254076053,-0.00147136192,-0.00147136192,652.736516,346.010431,0.0128368151,23.6513002,0.000877457695,39.6610835,0.00147141351,-3.85184e-07,0.0,0.0,33.9851666,-0.095298178,0.0,-913.832545,0.875560048,652.736516,0.0,0.0
1097.0,0.0,-909.222948,0.0264389848,0.0264389848,-0.00251735326,-0.00251735326,-0.00145466129,-0.00145466129,649.445084,361.704198,0.01273451875,24.5987064,0.000866073291,41.3172654,0.00145468727,-3.85184e-07,0.0,0.0,33.8137957,-0.0951133571,0.0,-909.222948,0.871811249,649.445084,0.0,0.0
1097.5,1.3712053918,-901.593754,-0.2878603725,0.0237504675,0.02621251637,-0.00225050163,0.04882760403,-0.00129779597,646.162794,386.050705,0.01139852455,26.1218538,0.000771486683,43.9468769,0.00129781878,-3.85184e-07,0.0,0.0,33.6429008,-0.0933350625,0.0,-901.593754,2.129863758,646.162794,0.0,0.0
1098.0,89.0860252,-214.7699448,-138.8823706,0.0,1.154617402,0.0,2.904627434,0.0,644.75472,394.9446,0.0,26.6660905,0.0,44.8934352,0.0,-3.85184e-07,0.0,0.0,33.5695888,0.03870646955,0.0,-214.7699448,287.100172,644.75472,0.0,0.0
1098.5,223.395514,-26.7802752,-295.927027,0.0,0.83080232,0.0,2.337997966,0.0,651.647718,394.9446,0.0,26.9511738,0.0,45.2187147,0.0,-3.85184e-07,0.0,0.0,33.9284779,0.3324601185,0.0,-26.7802752,369.348818,651.647718,0.0,0.0
1099.0,185.024819,-24.10112707,-298.929939,0.0,0.753179864,0.0,2.125810933,0.0,663.072192,394.9446,0.0,27.4236735,0.0,45.7534839,0.0,-3.85184e-07,0.0,0.0,34.5233003,0.278527152,0.0,-24.10112707,377.134299,663.072192,0.0,0.0
1099.5,49.3417181505,-19.5817350401,-297.956076,0.0,0.611254968233,0.0,1.74253954502,0.0,667.360823,394.9446,0.0,27.6010449,0.0,45.9527904,0.0,-3.85184e-07,12.612142888,0.0,34.7465904,0.0075225181,0.0,-19.5817350401,381.518952,667.360823,0.0,0.0
1100.0,0.0,-28.0616928,-57.68987993,0.69373107,0.5040601644,-0.0028089916,1.447962059,-0.001018661,664.957723,394.9446,0.007660654,27.5016557,0.000533049,45.8412754,0.0008887303,-3.85184e-07,818.734537,0.0,34.621472,-0.0971987055,0.0,-28.0616928,376.587229,664.957723,0.0,0.0
1100.5,0.0,7.28906296,300.0,0.0,0.228992668,0.0,0.654618563,0.0,661.618906,394.9446,0.0,27.3635672,0.0,45.6859283,0.0,-3.85184e-07,2065.7082,0.019549190693,34.4476336,-0.0983244839,0.0,7.28906296,389.347423,661.618906,-0.4793711,0.013254513
1101.0,0.0,10.2688448,300.0,0.0,0.322605281,0.0,0.922227795,0.0,656.076397,394.9446,0.0,27.1343373,0.0,45.4267828,0.0,-3.85184e-07,2519.183,1.268484931,34.1590597,-0.262493428,0.0,10.2688448,387.351107,656.076397,-31.6270468,0.867633532
1101.5,0.0,17.532584,300.0,0.0,0.550802374,0.0,1.57457207,0.0,642.565593,395.032235,0.0,26.5813692,0.0,44.798822,0.0,-3.85184e-07,2519.183,3.18095177,33.4556105,-0.514391012,0.0,17.532584,382.484743,642.565593,-79.4561859,2.13594354
1102.0,0.0,27.1703919,300.0,0.0,0.853583027,0.0,2.44012745,0.0,624.638953,400.726319,0.0,26.2111473,0.0,44.5719082,0.0,-3.85184e-07,2519.183,2.63454565,32.5222474,-0.44215087,0.0,27.1703919,376.027867,624.638953,-65.9487185,1.72811289
1102.5,0.0,32.9888501,300.0,0.0,1.03637531,0.0,2.96267344,0.0,613.816407,409.557558,0.0,26.3253593,0.0,45.0099106,0.0,-3.85184e-07,2519.183,0.702564063496,31.9587655,-0.1863907246,0.0,32.9888501,372.129777,613.816407,-17.640206579,0.45458374866
1103.0,0.0,35.2098257,300.0,0.0,1.10614929,0.0,3.16213551,0.0,609.685306,412.78235,0.0,26.3545426,0.0,45.1534812,0.0,-3.85184e-07,2519.183,0.0,31.743677,-0.0929481506,0.0,35.2098257,370.641826,609.685306,0.0,0.0
1103.5,1.1930216216,39.5905641,300.0,0.0,1.24377423,0.0,3.55556237,0.0,606.477256,412.78235,0.0,26.2158691,0.0,44.9886633,0.0,-3.85184e-07,2506.56015,0.0,31.5766474,-0.0913925149,0.0,39.5905641,370.591516,606.477256,0.0,0.0
1104.0,77.3808417,1379.531311,235.27031612,0.0,24.54331822,0.0,40.07039159,0.0,604.480534,412.78235,0.0,26.1295578,0.0,44.8858306,0.0,-3.85184e-07,1700.44865,0.0,31.4726868,-0.0025287396,0.0,1379.531311,926.984913,604.480534,0.0,0.0
1104.5,195.236444,1257.45530482,-139.223369,-116.696557,-14.7649358261,-14.8514090008,-12.4068177559,-12.6462510506,622.53028,412.809471,140.28379898,26.9115791,9.04118385647,40.2750545,12.67748689964,-3.85184e-07,453.467485439,0.0,32.4124587,0.785326644,0.0,1257.45530482,886.727272,622.53028,0.0,0.0
1105.0,238.0949,-33.39521274,-286.238481,0.0,1.009479235,0.0,2.82054109,0.0,638.556983,414.575807,0.0,27.7227833,0.0,46.815725,0.0,-3.85184e-07,0.0,0.0,33.2469003,0.369362946,0.0,-33.39521274,358.952716,638.556983,0.0,0.0
1105.5,238.0949,-23.57943735,-299.327782,0.0,0.738193789,0.0,2.05086461,0.0,650.818705,417.21505,0.0,28.4349162,0.0,47.7275195,0.0,-3.85184e-07,4.863727238,0.0,33.8853145,0.460847434,0.0,-23.57943735,370.196655,650.818705,0.0,0.0
1106.0,238.0949,-29.2721982,-275.486166,0.0,0.857739951,0.0,2.42491505,0.0,663.065332,411.643562,0.0,28.5818117,0.0,47.6863249,0.0,-3.85184e-07,314.8561465,0.0,34.5229439,0.317913089,0.0,-29.2721982,374.978578,663.065332,0.0,0.0
1106.5,238.0949,353.09179168,-114.901206,-94.447796,-3.0230866348,-3.0326436264,-2.2400254053,-2.2671792073,675.494314,401.268246,24.508070431,28.3835061,1.74607979006,43.3555935,2.24774209948,-3.85184e-07,789.52449,0.0,35.170066,0.412148828,0.0,353.09179168,541.340237,675.494314,0.0,0.0
1107.0,238.0949,608.591507,-109.459638,-109.459638,-6.9337844,-6.9337844,-4.802170233,-4.802170233,693.990155,385.687333,52.28879475,28.02664,3.779601647,38.6475955,4.818648409,-3.85184e-07,653.932004,0.0,36.133065,0.539434944,0.0,608.591507,658.455152,693.990155,0.0,0.0
1107.5,237.727943,-0.73298747,-210.147717,-76.213387,0.113680631,-0.097816249,0.5689760359,-0.0347924561,708.248338,367.291348,0.323962549,27.2392631,0.0239000812,44.4605587,0.039080056,-3.85184e-07,174.393403091,0.0,36.8754265,0.311051736,0.0,-0.73298747,413.235971,708.248338,0.0,0.0
1108.0,214.299417,-30.956004285,-298.646328,0.0,0.9660188948,0.0,2.6968633536,0.0,719.796035,360.57373,0.0,27.1789169,0.0,44.1163903,0.0,-3.85184e-07,0.0,0.0,37.4766664,0.276691759,0.0,-30.956004285,407.402575,719.796035,0.0,0.0
1108.5,178.057781,-24.93467533,-299.072231,0.0,0.77922678,0.0,2.206742704,0.0,729.149112,360.57373,0.0,27.5320805,0.0,44.490932,0.0,-3.85184e-07,0.0,0.0,37.96364,0.2596790375,0.0,-24.93467533,415.369277,729.149112,0.0,0.0
1109.0,164.87804,-22.08383839,-298.986342,0.0,0.690237001,0.0,1.945333465,0.0,736.69679,360.57373,0.0,27.8170756,0.0,44.7907229,0.0,-3.85184e-07,0.0,0.0,38.3566158,0.1874235915,0.0,-22.08383839,420.962577,736.69679,0.0,0.0
1109.5,164.050117,-32.9337174,-298.456547,0.0,1.026717895,0.0,2.893289893,0.0,743.989529,360.57373,0.0,28.0924433,0.0,45.0783364,0.0,-3.85184e-07,0.0,0.0,38.7363159,0.2270353334,0.0,-32.9337174,420.706032,743.989529,0.0,0.0
1110.0,111.292679,-31.5805128,-298.289912,0.0,0.9816399204,0.0,2.7820268565,0.0,749.906502,360.57373,0.0,28.3158629,0.0,45.3102968,0.0,-3.85184e-07,0.0,0.0,39.0443875,0.1066350124,0.0,-31.5805128,424.723984,749.906502,0.0,0.0
1110.5,29.6812730054,-16.934206356,-299.691782,0.0,0.53089083266,0.0,1.5110030197,0.0,750.977176,360.57373,0.0,28.3562902,0.0,45.3521393,0.0,-3.85184e-07,0.0,0.0,39.1001319,-0.0362717735,0.0,-16.934206356,431.443566,750.977176,0.0,0.0
1111.0,0.0,-36.3756085,-300.0,0.0,1.14277347,0.0,3.26683259,0.0,748.04089,360.57373,0.0,28.2454185,0.0,45.2373223,0.0,-3.85184e-07,0.0,0.0,38.9472527,-0.1010546199,0.0,-36.3756085,421.639389,748.04089,0.0,0.0
1111.5,0.1617613008,-34.1404341,-300.0,0.0,1.07255338,0.0,3.06609535,0.0,744.551459,360.430642,0.0,28.1025284,0.0,45.0826052,0.0,-3.85184e-07,0.0,0.0,38.7655738,-0.1006418589,0.0,-34.1404341,420.532013,744.551459,0.0,0.0
1112.0,10.46315272,-11.68940729,-299.882683,0.0,0.3670414108,0.0,1.049256823,0.0,741.322609,351.115201,0.0,27.25782,0.0,43.7940872,0.0,-3.85184e-07,0.0,0.0,38.5974622,-0.0879870842,0.0,-11.68940729,427.988757,741.322609,0.0,0.0
1112.5,26.2867925,-20.17679449,-299.565146,0.0,0.632564466,0.0,1.808304371,0.0,739.060133,336.662567,0.0,26.0559388,0.0,41.9079818,0.0,-3.85184e-07,0.0,0.0,38.4796645,-0.0693786617,0.0,-20.17679449,423.136041,739.060133,0.0,0.0
1113.0,24.916745,-20.62285746,-299.515082,0.0,0.644850283,0.0,1.843425662,0.0,737.400076,331.3821,0.0,25.5894448,0.0,41.1901624,0.0,-3.85184e-07,0.0,0.0,38.3932325,-0.070945268,0.0,-20.62285746,421.981136,737.400076,0.0,0.0
1113.5,13.8330029,-21.6372965,-299.88943,0.0,0.679285617,0.0,1.94114086,0.0,735.195623,331.3821,0.0,25.5129454,0.0,41.1099495,0.0,-3.85184e-07,0.0,0.0,38.278456,-0.0696128644,0.0,-21.6372965,420.271856,735.195623,0.0,0.0
1114.0,9.801789,-16.916933,-299.854556,0.0,0.5309131,0.0,1.517714877,0.0,732.446308,331.3821,0.0,25.4175376,0.0,41.0096804,0.0,-3.85184e-07,0.0,0.0,38.1353101,-0.0886262563,0.0,-16.916933,420.630728,732.446308,0.0,0.0
1114.5,9.801789,-21.74538944,-299.794168,0.0,0.682316744,0.0,1.95053067,0.0,729.62306,331.3821,0.0,25.3195649,0.0,40.9064432,0.0,-3.85184e-07,0.0,0.04958076944,37.988316,-0.0948215755,0.0,-21.74538944,416.9731,729.62306,-1.2083653,0.036861944
1115.0,9.801789,-12.01240506,-299.911545,0.0,0.3772360295,0.0,1.078400041,0.0,721.161651,331.3821,0.0,25.0259347,0.0,40.594932,0.0,-3.85184e-07,0.0,3.208757565,37.5477668,-0.510262496,0.0,-12.01240506,416.082516,721.161651,-79.9963792,2.4090994
1115.5,9.801789,-29.74435876,-299.825208,0.0,0.933743771,0.0,2.66928201,0.0,692.557914,331.424466,0.0,24.0363077,0.0,39.5274969,0.0,-3.85184e-07,0.0,8.04610647,36.0584946,-1.14766344,0.0,-29.74435876,392.002607,692.557914,-200.972807,5.81516224
1116.0,9.801789,-19.46028105,-299.358313,0.0,0.608742483,0.0,1.74020474,0.0,652.763748,334.173733,0.0,22.8419691,0.0,38.3022699,0.0,-3.85184e-07,0.0,6.6643427,33.9865845,-0.964939247,0.0,-19.46028105,373.046359,652.763748,-166.844074,4.57611926
1116.5,9.7527146,-19.292321613,-299.810238,0.0,0.605283621,0.0,1.73031695,0.0,630.931166,338.43931,0.0,22.3606293,0.0,37.9046373,0.0,-3.85184e-07,0.0,1.777224017676,32.8498551,-0.318585926,0.0,-19.292321613,360.368369,630.931166,-44.629968824,1.1838454703
1117.0,6.61620761,-18.20971186,-299.914872,0.0,0.571751344,0.0,1.634388308,0.0,625.93091,339.997,0.0,22.2858977,0.0,37.872414,0.0,-3.85184e-07,0.0,0.0,32.589514,-0.0554515164,0.0,-18.20971186,357.89925,625.93091,0.0,0.0
1117.5,2.18855169884,-23.809568566,-299.945685,0.0,0.7477461577,0.0,2.1375728527,0.0,622.967947,339.997,0.0,22.1804029,0.0,37.7490734,0.0,-3.85184e-07,0.0,0.0,32.4352462,-0.091104354,0.0,-23.809568566,353.839061,622.967947,0.0,0.0
1118.0,27.5489153,-13.21550907,-299.781716,0.0,0.4146037503,0.0,1.185222711,0.0,620.457731,339.997,0.0,22.0910272,0.0,37.6443069,0.0,-3.85184e-07,0.0,0.0,32.30455,-0.0578889951,0.0,-13.21550907,356.781606,620.457731,0.0,0.0
1118.5,69.5071913,-18.7984259,-299.227926,0.0,0.5874029562,0.0,1.679201682,0.0,620.409979,339.997,0.0,22.0893274,0.0,37.6423114,0.0,-3.85184e-07,0.0,0.0,32.3020626,-0.011898381973,0.0,-18.7984259,354.430641,620.409979,0.0,0.0
1119.0,84.76589,-50.9908637,-296.780483,0.0,1.579872301,0.0,4.50543134,0.0,622.446295,339.997,0.0,22.161829,0.0,37.7273267,0.0,-3.85184e-07,0.0,0.0,32.4080853,0.07490862582,0.0,-50.9908637,342.224119,622.446295,0.0,0.0
1119.5,84.76589,-32.3451259,-298.909684,0.0,1.010760595,0.0,2.8696367,0.0,624.732206,339.997,0.0,22.2432176,0.0,37.8225635,0.0,-3.85184e-07,0.0,0.0,32.5271038,0.0846316094,0.0,-32.3451259,351.317485,624.732206,0.0,0.0
1120.0,84.76589,-35.0512431,-298.635351,0.0,1.092683208,0.0,3.11317081,0.0,627.025817,339.997,0.0,22.3248804,0.0,37.9179032,0.0,-3.85184e-07,0.0,0.0,32.6465227,0.06802758438,0.0,-35.0512431,351.530661,627.025817,0.0,0.0
1120.5,84.76589,-41.3871106,-297.948623,0.0,1.287407596,0.0,3.643258812,0.0,629.317187,340.047944,0.0,22.4098259,0.0,38.0186332,0.0,-3.85184e-07,0.0,0.0,32.765823,0.10299458609,0.0,-41.3871106,350.232178,629.317187,0.0,0.0
1121.0,84.76589,-30.23652704,-298.573799,0.0,0.942291717,0.0,2.692479245,0.0,631.594448,343.364284,0.0,22.7103601,0.0,38.4846849,0.0,-3.85184e-07,0.0,0.0,32.8843922,0.03449015199,0.0,-30.23652704,356.201698,631.594448,0.0,0.0
1121.5,84.76589,-34.7946058,-298.016685,0.0,1.080523553,0.0,3.081661545,0.0,633.87624,348.49789,0.0,23.1331645,0.0,39.1566109,0.0,-3.85184e-07,8.58914678,0.0,33.0031936,0.11184033104,0.0,-34.7946058,355.637361,633.87624,0.0,0.0
1122.0,84.76589,-13.29643152,-177.1268433,-6.9462109,0.5042629076,-0.0125585494,1.4713603147,-0.0050365453,636.139289,349.688539,0.045646438,23.2949537,0.00304530547,39.3861269,0.00514646,-3.85184e-07,555.86299,0.0,33.1210204,0.0605543725,0.0,-13.29643152,365.904286,636.139289,0.0,0.0
1122.5,84.340692,2044.175485,2.47801304,-5.77407529,-0.706169025,-1.93960503,0.0902609,-1.77116231,637.517764,348.70486,20.20369313,23.2797835,1.351080588,36.7035747,1.757673944,-3.85184e-07,1402.45746,0.0,33.1927924,0.07914847367,0.0,2044.175485,1222.83842,637.517764,0.0,0.0
1123.0,57.2169781,3215.7162,-25.8862403,-25.8862403,-8.76161068,-8.76161068,-8.16930898,-8.16930898,646.670626,353.70927,95.9370501,23.953734,6.48816958,30.1941347,8.17929013,-3.85184e-07,1710.3477,0.0,33.6693418,0.327197853,0.0,3215.7162,1715.66943,646.670626,0.0,0.0
1123.5,15.259596162,3123.63653,-6.2565483927,-6.43913358,-2.0476918203,-2.107390197,-1.75393345816,-1.832169774,651.934187,362.073533,19.1350771446,24.7188823,1.30641071846,38.1374445,1.83969449196,-3.85184e-07,1710.3477,0.0,33.9433942,-0.0042826939,0.0,3123.63653,1680.4278,651.934187,0.0,0.0
1124.0,0.0,3123.22894,11.83447002,0.0,3.87090693,0.0,5.07271433,0.0,649.469926,365.12708,0.0,24.8331429,0.0,41.7101439,0.0,-3.85184e-07,1710.3477,0.0,33.8150893,-0.0951099561,0.0,3123.22894,1678.81933,649.469926,0.0,0.0
1124.5,0.0,3124.99508,30.5565222,0.0,9.99987331,0.0,13.1038066,0.0,646.184993,365.12708,0.0,24.70754,0.0,41.5666732,0.0,-3.85184e-07,1710.3477,0.0,33.6440575,-0.0949262844,0.0,3124.99508,1677.63615,646.184993,0.0,0.0
1125.0,0.0,3126.75772,49.9855609,0.0,16.3672383,0.0,21.44629,0.0,642.906398,365.12708,0.0,24.5821796,0.0,41.4230133,0.0,-3.85184e-07,1710.3477,0.0,33.4733549,-0.0947438989,0.0,3126.75772,1676.45527,642.906398,0.0,0.0
1125.5,0.0,3128.51696,70.120232,0.0,22.9729287,0.0,30.1000151,0.0,639.634075,365.14955,0.0,24.4585603,0.0,41.2816981,0.0,-3.85184e-07,1710.3477,0.0,33.3029792,-0.0945627866,0.0,3128.51696,1675.2766,639.634075,0.0,0.0
1126.0,0.0,3130.2729,90.9591904,0.0,29.8168718,0.0,39.0648331,0.0,636.367991,366.608419,0.0,24.4308311,0.0,41.3019323,0.0,-3.85184e-07,1710.3477,0.0,33.1329282,-0.0943829391,0.0,3130.2729,1674.10024,636.367991,0.0,0.0
1126.5,0.0,3132.02553,112.5010952,0.0,36.8989957,0.0,48.3405934,0.0,633.108092,368.870732,0.0,24.4556725,0.0,41.4110905,0.0,-3.85184e-07,1710.3477,0.0,32.9632005,-0.0942043524,0.0,3132.02553,1672.92606,633.108092,0.0,0.0
1127.0,0.0,3133.77477,134.744621,0.0,44.2192312,0.0,57.9271527,0.0,629.854372,369.69662,0.0,24.3845229,0.0,41.3576387,0.0,-3.85184e-07,1710.3477,0.0,32.7937917,-0.0940270162,0.0,3133.77477,1671.75416,629.854372,0.0,0.0
1127.5,0.0,3135.52081,157.688448,0.0,51.7775075,0.0,67.8243636,0.0,626.606756,369.679363,0.0,24.2576625,0.0,41.2092759,0.0,-3.85184e-07,1710.3477,0.0,32.6247017,-0.0938509249,0.0,3135.52081,1670.5844,626.606756,0.0,0.0
1128.0,0.0,3137.26352,181.331275,0.0,59.5737538,0.0,78.0320876,0.0,623.365177,368.558984,0.0,24.059082,0.0,40.9382454,0.0,-3.85184e-07,1710.3477,0.0,32.4559293,-0.0936760715,0.0,3137.26352,1669.41687,623.365177,0.0,0.0
1128.5,0.0,3139.00306,205.671795,0.0,67.6079035,0.0,88.550174,0.0,620.129662,366.821576,0.0,23.8213755,0.0,40.5995526,0.0,-3.85184e-07,1710.3477,0.0,32.2874685,-0.093502446,0.0,3139.00306,1668.25145,620.129662,0.0,0.0
1129.0,0.0,3140.73931,230.708718,0.0,75.8798912,0.0,99.3784839,0.0,616.9001,366.18732,0.0,23.6562959,0.0,40.3836426,0.0,-3.85184e-07,1710.3477,0.0,32.11932,-0.093330044,0.0,3140.73931,1667.08822,616.9001,0.0,0.0
1129.5,0.0,3142.47242,257.659307,0.0,84.7907396,0.0,111.0421395,0.0,613.676494,366.18732,0.0,23.5326797,0.0,40.2377827,0.0,-3.85184e-07,1714.97714,0.0,31.9514804,-0.0931588553,0.0,3142.47242,1665.92715,613.676494,0.0,0.0
1130.0,0.0,3144.20231,299.817975,0.0,98.7181117,0.0,129.273739,0.0,610.458766,366.18732,0.0,23.4092897,0.0,40.0917177,0.0,-3.85184e-07,2010.23774,0.0,31.7839473,-0.0929888745,0.0,3144.20231,1664.76815,610.458766,0.0,0.0
1130.5,0.0,3145.92913,300.0,0.0,98.832277,0.0,129.415458,0.0,607.246918,366.18732,0.0,23.2861246,0.0,39.9454449,0.0,-3.85184e-07,2466.98728,0.0,31.6167189,-0.0928200936,0.0,3145.92913,1663.61135,607.246918,0.0,0.0
1131.0,0.0,3147.65277,300.0,0.0,98.8864297,0.0,129.478584,0.0,604.04087,366.18732,0.0,23.163182,0.0,39.7989628,0.0,-3.85184e-07,2633.0864,0.0,31.4497942,-0.092652508,0.0,3147.65277,1662.45654,604.04087,0.0,0.0
1131.5,0.28035855926,3149.99746,300.0,0.0,98.9600886,0.0,129.56444,0.0,600.841154,366.18732,0.0,23.0404826,0.0,39.6522975,0.0,-3.85184e-07,2633.0864,0.0,31.2831992,-0.0921600774,0.0,3149.99746,1661.56393,600.841154,0.0,0.0
1132.0,18.1928539,3466.34142,300.0,0.0,108.8983271,0.0,141.301246,0.0,597.930607,366.18732,0.0,22.9288714,0.0,39.5184802,0.0,-3.85184e-07,2633.0864,0.0,31.1316598,-0.0711409854,0.0,3466.34142,1791.49754,597.930607,0.0,0.0
1132.5,45.9009693,4903.26879,279.494486,0.0,141.870722,0.0,180.396187,0.0,596.036405,366.18732,0.0,22.8562352,0.0,39.4311821,0.0,-3.85184e-07,2633.0864,0.0,31.033038,-0.0387538032,0.0,4903.26879,2388.30762,596.036405,0.0,0.0
1133.0,55.978012,6459.23954,13.5463163,-25.497916,8.8893487,-17.1258844,16.4801793,-16.3984039,601.546888,366.18732,179.411693,23.067546,11.3751474,35.7307995,16.3800234,-3.85184e-07,2633.0864,0.0,31.3199441,0.5975681757,0.0,6459.23954,3038.97607,601.546888,0.0,0.0
1133.5,57.0010886,5529.00521,-26.6464162,-26.6464162,-15.4546853,-15.4546853,-14.6742431,-14.6742431,626.535044,366.18732,171.787185,24.0257672,11.2602629,31.2757538,14.6834394,-3.85184e-07,2633.0864,0.0,32.620969,0.574704569,0.0,5529.00521,2666.48907,626.535044,0.0,0.0
1134.0,122.2067914,5536.6186,-49.9415919,-49.9415919,-28.9828694,-28.9828694,-27.6221007,-27.6221007,651.628396,366.18732,285.447897,24.9880239,19.5445139,34.8398946,27.4663245,-3.47212e-07,2633.0864,0.0,33.9274724,1.057657909,0.0,5536.6186,2684.30889,651.628396,0.0,0.0
1134.5,223.40879,5510.13594,-93.5232524,-93.5232524,-53.9371608,-53.9371608,-50.923263,-50.923263,698.002801,366.18732,366.18732,26.766345,26.766345,38.6461514,38.6461514,4.5147444e-05,2633.0864,0.0,36.3419865,1.50979073,0.0,5510.13594,2700.36695,698.002801,0.0,0.0
1135.0,281.410584,5350.122359999999,-118.3927905,-118.3927905,-66.3149505,-66.3149505,-62.1602828,-62.1602828,752.425403,366.18732,366.18732,28.8532903,28.8532903,40.6830027,40.6830027,0.000205634503,2633.0864,0.0,39.175536,1.6172538,0.0,5350.122359999999,2665.56104,752.425403,0.0,0.0
1135.5,314.387385,5241.99931,-131.3916425,-131.3916425,-72.1162272,-72.1162272,-67.5092285,-67.5092285,809.323076,366.018966,366.018966,31.020419,31.020419,42.8755838,42.8755838,0.000397592204,2633.0864,0.0,42.1379519,1.67391407,0.0,5241.99931,2653.79236,809.323076,0.0,0.0
1136.0,326.37955,5119.13417,-136.681866,-136.681866,-73.272822,-73.272822,-68.4910339,-68.4910339,867.23841,355.089957,355.089957,32.2397282,32.2397282,43.532626,43.532626,0.000603913697,2633.0864,0.0,45.1533518,1.65756125,0.0,5119.13417,2636.48362,867.23841,0.0,0.0
1136.5,326.37955,5026.77579,-136.264948,-136.264948,-71.730279,-71.730279,-66.9699545,-66.9699545,923.493881,338.127388,338.127388,32.6918744,32.6918744,43.0312684,43.0312684,0.000804632495,2633.0864,0.0,48.0823309,1.59760851,0.0,5026.77579,2630.89977,923.493881,0.0,0.0
1137.0,326.37955,4950.03306,-136.245128,-136.245128,-70.6248775,-70.6248775,-65.8731215,-65.8731215,978.111333,330.973883,330.973883,33.9001436,33.9001436,43.8318651,43.8318651,0.000998002451,2633.0864,0.0,50.9260251,1.56993992,0.0,4950.03306,2630.85727,978.111333,0.0,0.0
1137.5,326.37955,4874.286340000001,-136.242651,-136.242651,-69.5428911,-69.5428911,-64.8009679,-64.8009679,1032.221615,329.475159,329.475159,35.6136189,35.6136189,45.5212875,45.5212875,0.00117521609,2633.0864,0.0,53.7433152,1.56039256,0.0,4874.286340000001,2630.93308,1032.221615,0.0,0.0
1138.0,326.37955,4798.94628,-136.240765,-136.240765,-68.4670451,-68.4670451,-63.7328864,-63.7328864,1086.03871,328.92804,328.92804,37.4088899,37.4088899,47.311193,47.311193,0.0013336386,2633.0864,0.0,56.5453383,1.55369893,0.0,4798.94628,2631.00694,1086.03871,0.0,0.0
1138.5,326.37955,4723.87234,-136.239312,-136.239312,-67.3952395,-67.3952395,-62.6673797,-62.6673797,1139.66343,328.768128,328.768128,39.2365173,39.2365173,49.1166808,49.1166808,0.00147147535,2633.0864,0.0,59.3373434,1.54802957,0.0,4723.87234,2631.07916,1139.66343,0.0,0.0
1139.0,326.37955,4649.64646,-136.228835,-136.228835,-66.331174,-66.331174,-61.6119708,-61.6119708,1192.65079,318.387254,318.387254,39.7573613,39.7573613,49.1105238,49.1105238,0.00159307601,2633.0864,0.0,62.0961677,1.5091016,0.0,4649.64646,2631.13228,1192.65079,0.0,0.0
1139.5,326.37955,4577.99461,-136.212348,-136.212348,-65.3010924,-65.3010924,-60.5924579,-60.5924579,1243.82091,302.289575,302.289575,39.3673384,39.3673384,47.9388996,47.9388996,0.00171289053,2633.0864,0.0,64.7603707,1.45161075,0.0,4577.99461,2631.19514,1243.82091,0.0,0.0
1140.0,326.37955,4508.56979,-136.205192,-136.205192,-64.3074192,-64.3074192,-59.6092352,-59.6092352,1293.4406,296.41284,296.41284,40.1487587,40.1487587,48.4413687,48.4413687,0.00182925693,2633.0864,0.0,67.3438574,1.42714365,0.0,4508.56979,2631.27962,1293.4406,0.0,0.0
1140.5,326.37955,4439.64464,-136.204056,-136.204056,-63.3237854,-63.3237854,-58.6322805,-58.6322805,1342.68302,296.41284,296.41284,41.6772578,41.6772578,49.9626956,49.9626956,0.00192775784,2633.0864,0.0,69.9076959,1.42153997,0.0,4439.64464,2631.3516,1342.68302,0.0,0.0
1141.0,326.37955,4370.9811,-136.202461,-136.202461,-62.3436898,-62.3436898,-57.6603209,-57.6603209,1391.72845,296.41284,296.41284,43.1996424,43.1996424,51.5076341,51.5076341,0.00200470604,2633.0864,0.0,72.4612796,1.41574988,0.0,4370.9811,2631.41747,1391.72845,0.0,0.0
1141.5,326.37955,4302.60193,-136.200798,-136.200798,-61.3676439,-61.3676439,-56.694393,-56.694393,1440.57061,296.41284,296.41284,44.7157157,44.7157157,53.0496657,53.0496657,0.00205812062,2633.0864,0.0,75.0042796,1.40977736,0.0,4302.60193,2631.48299,1440.57061,0.0,0.0
1142.0,326.37955,4234.5162,-136.199089,-136.199089,-60.3957845,-60.3957845,-55.7346069,-55.7346069,1489.20313,296.41284,296.41284,46.2252836,46.2252836,54.5698884,54.5698884,0.00208578525,2633.0864,0.0,77.536365,1.40362579,0.0,4234.5162,2631.54816,1489.20313,0.0,0.0
1142.5,326.37955,4166.73244,-136.197332,-136.197332,-59.4282349,-59.4282349,-54.7781676,-54.7781676,1537.61995,296.41284,296.41284,47.7281542,47.7281542,56.0705809,56.0705809,0.00208462832,2633.0864,0.0,80.057219,1.3972988,0.0,4166.73244,2631.61304,1537.61995,0.0,0.0
1143.0,326.37955,4099.25909,-136.195526,-136.195526,-58.4651183,-58.4651183,-53.8239556,-53.8239556,1585.81504,296.41284,296.41284,49.2241438,49.2241438,57.5881282,57.5881282,0.00204950538,2633.0864,0.0,82.5665305,1.39079961,0.0,4099.25909,2631.67767,1585.81504,0.0,0.0
1143.5,326.37955,4032.10442,-136.193674,-136.193674,-57.5065523,-57.5065523,-52.876389,-52.876389,1633.78258,296.42534,296.42534,50.7152365,50.7152365,59.1032258,59.1032258,0.00197011197,2633.0864,0.0,85.0639913,1.38417227,0.0,4032.10442,2631.74197,1633.78258,0.0,0.0
1144.0,326.37955,3965.52191,-136.187414,-136.187414,-56.5543475,-56.5543475,-51.9373758,-51.9373758,1681.32473,297.238169,291.174134,52.3346233,51.2621084,60.649589,59.4081317,0.00183389245,2633.0864,0.0,87.5393057,1.36037103,0.0,3965.52191,2631.79602,1681.32473,0.0,0.0
1144.5,324.88911,3898.27235,-135.92568,-135.92568,-55.4897315,-55.4897315,-50.8966059,-50.8966059,1727.65095,298.65156,280.403543,54.0325985,50.7253746,62.1699057,58.3666609,0.00168202153,2633.0864,0.0,89.951312,1.31652479,0.0,3898.27235,2630.86258,1727.65095,0.0,0.0
1145.0,229.923804,3659.22111,-97.752859,-97.752859,-37.5876027,-37.5876027,-34.5932412,-34.5932412,1767.41744,309.033159,202.707009,57.2010269,37.4867561,64.1882992,42.1361759,0.00153024577,2633.0864,0.0,92.0217806,0.882180008,0.0,3659.22111,2554.61089,1767.41744,0.0,0.0
1145.5,83.0165021,3581.35034,-32.7977686,-33.376540104,-12.27030693,-12.492341322,-11.40508176,-11.691829193,1786.74051,324.422525,92.6578677,60.7028206,17.3288514,67.6484519,19.2061009,0.00137856497,2641.70937,0.0,93.027849,0.240031414,0.0,3581.35034,2533.49089,1786.74051,0.0,0.0
1146.0,29.592667,4607.33923,95.0128071,4.75046932,48.4407006,2.36756186,58.8800572,2.8924104,1786.96964,330.04337,19.0891198,61.7613527,3.57282661,79.1488894,4.54061049,0.00122697966,3192.75013,0.0,93.0397791,-0.1267003425,0.0,4607.33923,2960.54629,1786.96964,0.0,0.0
1146.5,29.592667,6577.21847,253.689005,6.44601127,177.1278305,4.43338424,210.557919,5.26738523,1781.83065,330.04337,8.6654463,61.5837384,1.61717612,82.1457856,2.15708988,0.00107548958,4045.13436,0.0,92.7722155,-0.162606418,0.0,6577.21847,3777.22699,1781.83065,0.0,0.0
1147.0,29.592667,8513.36463,167.6113434,4.17191546,144.5346619,3.640495697,182.92784952,4.650626737,1776.19203,330.04337,11.52820256,61.3888567,2.14339577,80.8174301,2.76531387,0.000924094299,4355.1284,0.0,92.4786355,-0.1485894114,0.0,8513.36463,4579.57922,1776.19203,0.0,0.0
1147.5,29.6680295,8447.61752,-26.3913429,-26.3913429,-23.5156492,-23.5156492,-22.3011282,-22.3011282,1780.41687,330.04337,143.6183315,61.5348763,26.7698002,68.1893548,29.6931068,0.000772793281,4343.58052,0.0,92.6986053,0.331425403,0.0,8447.61752,4554.6883,1780.41687,0.0,0.0
1148.0,34.4688407,6252.92863,-42.2847684,-42.2847684,-27.69848,-27.69848,-26.5145337,-26.5145337,1793.40658,330.04337,162.819036,61.9838271,30.5703039,68.8068519,33.9496447,0.000621586481,3607.95254,0.0,93.3749219,0.424810603,0.0,6252.92863,3649.04662,1793.40658,0.0,0.0
1148.5,43.1817438,3401.38032,-41.6895373,-41.6895373,-14.98091004,-14.98091004,-14.05960587,-14.05960587,1804.89379,330.04337,103.1393686,62.3808473,19.489618,68.817896,21.4951717,0.000470474239,2469.97725,0.0,93.9730115,0.2390786196,0.0,3401.38032,2469.20359,1804.89379,0.0,0.0
1149.0,127.9788785,2478.96528,-50.1462921,-50.1462921,-13.19358639,-13.19358639,-12.07746786,-12.07746786,1812.48925,330.04337,92.5978366,62.6433634,17.5823982,69.198413,19.4077288,0.000319456478,2056.1252,0.0,94.3684736,0.317176997,0.0,2478.96528,2089.8148,1812.48925,0.0,0.0
1149.5,254.974485,2569.09354,-108.1627066,-108.1627066,-29.0383682,-29.0383682,-25.8117555,-25.8117555,1831.4385,330.04337,156.055062,63.2982883,29.9425899,70.052074,33.1467145,0.00016853312,2045.82452,0.0,95.35508,0.768432872,0.0,2569.09354,2138.3822,1831.4385,0.0,0.0
1150.0,301.1581,909.5417815,-157.842567,-157.842567,-14.591491292,-14.591491292,-11.581183963,-11.581183963,1858.95041,330.04337,74.789945977,64.2491574,14.518157659,76.6163688,16.112965366,2.8641625e-05,1387.884485,0.0,96.7875056,0.62829273,0.0,909.5417815,1463.8945,1858.95041,0.0,0.0
1150.5,299.50318,-31.49518089,-290.635147,-23.305754,0.983304595,-0.003382492,2.7415318637,-0.0011847363,1873.4714,330.02393,0.039276907,64.7472084,0.007683855,85.851501,0.010191922,-1.85698e-07,370.135075134,0.0,97.5435506,0.433713703,0.0,-31.49518089,1080.80076,1873.4714,0.0,0.0
1151.0,193.9274885,-26.34634133,-299.765846,0.0,0.826295591,0.0,2.328582208,0.0,1882.49551,328.759223,0.0,64.8096931,0.0,85.8840597,0.0,-1.85698e-07,0.0,0.0,98.0133989,0.1323605207,0.0,-26.34634133,1088.21234,1882.49551,0.0,0.0
1151.5,30.61444043,-64.32401285,-299.294861,0.0,2.016024195,0.0,5.737119337,0.0,1881.80943,326.79795,0.0,64.399759,0.0,85.3445932,0.0,-1.85698e-07,0.0,0.1872523326,97.9776789,-0.180499985,0.0,-64.32401285,1072.008946,1881.80943,-4.5756145,0.35998454
1152.0,-28.782286,-939.390328,-300.0,0.0,29.5118177,0.0,50.6243394,0.0,1852.26374,326.08148,0.0,63.2495681,0.0,83.9804915,0.0,-1.85698e-07,0.0,12.116662,96.43936,-1.854869209,0.0,-939.390328,690.635856,1852.26374,-302.070146,23.3335395
1152.5,-28.782286,-2166.7718,-279.980088,0.0,62.7123665,0.0,86.5982535,0.0,1745.86449,326.08148,0.0,59.616335,0.0,79.7277665,0.0,-1.85698e-07,0.0,30.570599,90.8996114,-4.2757618,0.0,-2166.7718,117.7876465,1745.86449,-763.519989,55.6113174
1153.0,-28.782286,-3127.43604,-57.376674,12.3325004,18.01036901,-4.00123025,25.2243179,-3.7314278,1576.6895,326.08148,20.4173322,53.8394881,3.25402443,68.5467447,3.71912156,-1.85698e-07,0.0,37.282036,82.0914038,-5.09720988,0.0,-3127.43604,-380.731846,1576.6895,-932.0509,61.5565727
1153.5,-28.782286,-2115.30861,18.5570426,18.5570426,-4.21549582,-4.21549582,-3.80366876,-3.80366876,1401.30461,326.08148,19.9481645,47.8505892,2.96789095,63.037172,3.81378194,-1.85698e-07,0.0,37.282036,72.9598675,-5.0864275,0.0,-2115.30861,-61.98410891,1401.30461,-932.0509,54.7092547
1154.0,-28.782286,-1718.61835,13.5081028,13.5081028,-2.43195281,-2.43195281,-2.10544589,-2.10544589,1225.32094,326.08148,11.58127135,41.8412449,1.48742986,59.2584279,2.10623063,-1.85698e-07,0.0,37.282036,63.7971614,-5.08510233,0.0,-1718.61835,0.326070447,1225.32094,-932.0509,47.8385608
1154.5,-28.782286,-1469.74627,13.3879602,13.3879602,-2.06058369,-2.06058369,-1.75108363,-1.75108363,1049.78839,326.08148,10.8797964,35.8473049,1.1970232,52.4671796,1.7516842,-1.85698e-07,0.0,37.282036,54.6579407,-5.07001401,0.0,-1469.74627,1.39142648,1049.78839,-932.0509,40.9854793
1155.0,-28.782286,-1224.60699,13.3824469,13.3824469,-1.71617854,-1.71617854,-1.42344608,-1.42344608,874.727774,326.08148,10.1375318,29.8694797,0.92992598,45.758076,1.42404265,-1.85698e-07,0.0,37.282036,45.5432909,-5.05796544,0.0,-1224.60699,1.17908319,874.727774,-932.0509,34.1508226
1155.5,-28.782286,-980.024088,13.38003025,13.38003025,-1.37316804,-1.37316804,-1.098842456,-1.098842456,700.023664,326.08148,9.14605505,23.9038284,0.67225045,39.1281663,1.0994292,-1.85698e-07,0.0,37.282036,36.4472042,-5.04942821,0.0,-980.024088,0.943392133,700.023664,-932.0509,27.3300842
1156.0,-28.782286,-735.761376,13.378759,13.378759,-1.030818136,-1.030818136,-0.777776026,-0.777776026,525.547125,326.08148,7.75987306,17.9459481,0.429516114,32.5993757,0.7783456,-1.85698e-07,0.0,37.282036,27.3629657,-5.04486706,0.0,-735.761376,0.707344893,525.547125,-932.0509,20.5182311
1156.5,-28.6377211,-491.410119,13.3518956,13.3518956,-0.687406305,-0.687406305,-0.461150015,-0.461150015,351.189436,325.886635,5.68973022,11.98655435,0.213154117,26.2321202,0.461731308,-1.85698e-07,0.0,37.0947797,18.2849145,-5.02090137,0.0,-491.410119,0.577535629,351.189436,-927.47529,13.6586815
1157.0,-19.4280425,-257.496471,9.2380918,9.2380918,-0.260680708,-0.260680708,-0.1356367256,-0.1356367256,198.23077,313.218292,2.156356856,6.5223838,0.0481560401,18.81840365,0.1361039065,-1.85698e-07,0.0,25.1653749,10.32101877,-3.43963392,0.0,-257.496471,8.59930259,198.23077,-629.980765,5.42252226
1157.5,-5.18137230266,-144.618788,2.3690882876,2.4309941176,-0.03858478523,-0.03943167023,-0.011888094188,-0.014309073888,122.2552349,293.340513,0.349510156,3.7612243,0.004756090818,11.3773391,0.014386714617,-1.85698e-07,0.0,6.71149323393,6.36530121,-0.9776656525,0.0,-144.618788,11.2069826,122.2552349,-168.53092502,0.91454165066
1158.0,0.0,-129.844758,-4.02188877,0.0,0.0546113757,0.0,0.1561168819,0.0,110.7471215,271.362375,0.0,3.14763734,0.0,9.52129815,0.0,-1.85698e-07,0.0,0.0,5.76612362,-0.0774363318,0.0,-129.844758,10.63506455,110.7471215,0.0,0.0
1158.5,0.0,-128.3760025,-8.494200485,0.086432755,0.1142415226,-0.0011536568,0.32947524237,-0.00040356163,108.07044,248.403422,0.008484462,2.81171627,9.49494e-05,8.5051698,0.00028721273,-1.85698e-07,4.9897709,0.0,5.62676026,-0.077534745,0.0,-128.3760025,9.6833284,108.07044,0.0,0.0
1159.0,0.0,-2.82219925,110.0447245,0.9823447,0.03987473235,-0.00644567,0.1299162716,-0.0024993025,105.332331,240.01834,0.07563627,2.64749262,0.0008440872,8.00840892,0.0025532821,-1.85698e-07,323.715506,0.0,5.48419891,-0.0789069663,0.0,-2.82219925,60.3284338,105.332331,0.0,0.0
1159.5,0.0,5.19240276,299.36537,0.0,0.162822069,0.0,0.465457492,0.0,102.6538196,240.01834,0.0,2.58016912,0.0,7.80476173,0.0,-1.85698e-07,833.610086,0.0,5.34474039,-0.0773617976,0.0,5.19240276,62.0994052,102.6538196,0.0,0.0
1160.0,0.0,6.6300764,300.0,0.0,0.208289991,0.0,0.595436075,0.0,99.9796965,240.01834,0.0,2.51295593,0.0,7.6014485,0.0,-1.85698e-07,2090.42085,0.0,5.20551032,-0.0773384145,0.0,6.6300764,61.1362309,99.9796965,0.0,0.0
1160.5,0.0,8.06732118,300.0,0.0,0.253442365,0.0,0.724512639,0.0,97.3063735,239.914672,0.0,2.44471949,0.0,7.39504001,0.0,-1.85698e-07,3757.17586,0.0,5.06632198,-0.0773156526,0.0,8.06732118,60.1733447,97.3063735,0.0,0.0
1161.0,0.0,9.5041488,300.0,0.0,0.298581638,0.0,0.853551703,0.0,94.6338245,233.174415,0.0,2.31100943,0.0,6.99057982,0.0,-1.85698e-07,4363.3496,0.0,4.92717391,-0.0772935164,0.0,9.5041488,59.2107376,94.6338245,0.0,0.0
1161.5,0.0,10.9405705,300.0,0.0,0.343708168,0.0,0.98255436,0.0,91.9620299,222.719451,0.0,2.14507266,0.0,6.48863714,0.0,-1.85698e-07,4363.3496,0.0,4.78806508,-0.0772720009,0.0,10.9405705,58.2484029,91.9620299,0.0,0.0
1162.0,0.0,12.3765984,300.0,0.0,0.388822308,0.0,1.11152162,0.0,89.2909685,218.9011,0.0,2.04684087,0.0,6.19149545,0.0,-1.85698e-07,4363.3496,0.0,4.64899456,-0.0772511098,0.0,12.3765984,57.2863317,89.2909685,0.0,0.0
1162.5,0.0,13.81224375,300.0,0.0,0.433924433,0.0,1.24045451,0.0,86.6206194,218.9011,0.0,1.98562771,0.0,6.00633159,0.0,-1.85698e-07,4363.3496,0.0,4.509961,-0.0772308371,0.0,13.81224375,56.3245172,86.6206194,0.0,0.0
1163.0,0.0,15.2475179,300.0,0.0,0.479014896,0.0,1.36935411,0.0,83.9509621,218.9011,0.0,1.92443038,0.0,5.82121558,0.0,-1.85698e-07,4363.3496,0.0,4.37096335,-0.0772111861,0.0,15.2475179,55.3629518,83.9509621,0.0,0.0
1163.5,1.4557116114,19.96866,300.0,0.0,0.627333967,0.0,1.79335199,0.0,81.1956695,218.9011,0.0,1.86127009,0.0,5.63016199,0.0,-1.85698e-07,4365.80248,0.406578994,4.22750721,-0.1279789494,0.0,19.96866,55.7186596,81.1956695,-9.955674,0.03303569
1164.0,94.3918792,1676.495058,300.0,0.0,52.66864673,0.0,76.0495676,0.0,37.7978936527,218.9011,0.0,0.8664512371,0.0,2.62093119907,0.0,-1.85698e-07,4522.39918,26.3635709,1.96797278025,-2.3362197037,0.0,1676.495058,719.671894,37.7978936527,-450.3917009,0.699845350789
1164.5,238.156794,9009.11336,181.4664886,-20.5245524,129.4351457,-27.9661538,181.93326,-26.971947,0.0335642291,218.9011,43.78022,0.000769401819,0.00021245068,0.0023272933,0.00064257004,7.971151e-06,4740.35846,66.5169879,0.00174754418,-0.05464939342,0.0,9009.11336,3748.77818,0.0335642291,-67.7078839,0.000115040098
1165.0,290.43655,8592.70326,-193.058536,-193.058536,-176.0489684,-176.0489684,-169.03086,-169.03086,0.0553561584,218.9011,218.9011,0.00126894406,0.00126894406,0.00383791495,0.00383791495,0.000519077186,3275.59462,81.11868,0.00288215573,-0.0143757283,0.0,8592.70326,3575.51955,0.0553561584,-273.605722,0.00064041209
1165.5,290.43655,2088.49657738,-172.636169,-170.765684,-38.6729126846,-38.7267965146,-33.9241400347,-34.0359399747,0.0542092513,218.9011,214.424705,0.00124265319,0.00121781693,0.00375840719,0.00368329049,0.001000034517,873.522906917,81.11868,0.00282244119,0.0198796297,0.0,2088.49657738,869.07048893,0.0542092513,-263.268431,0.000601035852
1166.0,290.43655,-175.5621849,-120.5953274,-118.5362314,2.245563721,2.184061391,4.91626159,4.78993065,0.0509828422,218.9011,216.765292,0.00116869338,0.00115719334,0.00353473355,0.00349995186,0.00099396974,0.0,81.11868,0.00265445602,-0.00665307973,0.0,-175.5621849,-73.0229526,0.0509828422,-234.188203,0.00050618338
1166.5,290.43655,-8.10688745,-120.5638681,-120.5638681,0.1021137421,0.1021137421,0.2856592328,0.2856592328,0.0505290653,218.9011,218.9011,0.00115829131,0.00115829131,0.00350328851,0.00350328851,0.000963150776,0.0,81.11868,0.00263082985,-0.0040528269,0.0,-8.10688745,-3.343832159,0.0505290653,-230.098231,0.000489698517
1167.0,290.43655,-0.2285382316,-120.8469313,-120.8469313,0.00289206629,0.00289206629,0.00826366072,0.00826366072,0.0505508268,218.9011,218.9011,0.00115879016,0.00115879016,0.00350479715,0.00350479715,0.000962163524,0.0,81.11868,0.00263196289,-0.0190858866,0.0,-0.2285382316,-0.06558019005,0.0505508268,-230.294372,0.0004902687
1167.5,290.43655,15.2257817939,-118.3337515,-118.3337515,-0.152353596478,-0.152353596478,-0.06465666206,-0.06465666206,0.0501315207,218.9011,218.9011,0.0011491783,0.0011491783,0.00347572989,0.00347572989,0.000962096348,15.561786862,80.7126524,0.0026101314,0.0286593809,0.0,15.2257817939,6.364831529166,0.0501315207,-225.431762,0.00047472931
1168.0,290.43655,2314.34616,-83.788567,-83.788567,-20.40402733,-20.40402733,-18.30564437,-18.30564437,0.0640735992,218.9011,218.9011,0.00146877625,0.00146877625,0.00444219865,0.00444219865,0.001019034484,1010.435816,54.755108,0.00333603508,0.01959546982,0.0,2314.34616,963.053954,0.0640735992,-225.437604,0.000609144723
1168.5,290.43655,6135.79519,-88.5296785,-88.5296785,-57.3100791,-57.3100791,-54.5057718,-54.5057718,1.591748065,218.9011,218.9011,0.03648806874,0.03648806874,0.10874226013,0.10874226013,0.00127731408,2549.33512,14.60359034342,0.08287543554,0.30525721232,0.0,6135.79519,2554.07906,1.591748065,-169.1293615644,0.001713816216
1169.0,290.43655,7529.398709999999,-123.498862,-123.498862,-97.383764,-97.383764,-93.0225824,-93.0225824,31.0984289,218.9011,218.9011,0.712877612,0.712877612,1.98646518,1.98646518,0.00172141342,3109.0332,0.02236885494,1.619160641,1.18158931,0.0,7529.398709999999,3151.19654,31.0984289,-0.557620765,0.000847900185
1169.5,290.43655,7364.40203,-121.2973745,-121.2973745,-93.5445636,-93.5445636,-89.2510656,-89.2510656,71.7879134,218.9011,218.9011,1.64561359,1.64561359,4.22544395,4.22544395,0.00220733992,3109.0332,0.0564367504,3.73768609,1.17308089,0.0,7364.40203,3106.29851,71.7879134,-1.40951802,0.00435260337
1170.0,290.43655,7304.529979999999,-121.1804751,-121.1804751,-92.6944145,-92.6944145,-88.401034,-88.401034,112.2920476,218.9011,218.9011,2.57410067,2.57410067,6.10846994,6.10846994,0.00267890588,3109.0332,0.06882725,5.84656116,1.1709112,0.0,7304.529979999999,3105.0353,112.2920476,-1.7206812,0.00809353073
1170.5,290.43655,7247.80985,-121.1781731,-121.1781731,-91.9728864,-91.9728864,-87.6763795,-87.6763795,152.764732,218.9011,218.9011,3.50186685,3.50186685,7.71996369,7.71996369,0.0030223621,3109.0332,0.06882725,7.9537986,1.17044427,0.0,7247.80985,3105.06539,152.764732,-1.7206812,0.01101062825
1171.0,290.43655,7191.17273,-121.1779661,-121.1779661,-91.254018,-91.254018,-86.9548864,-86.9548864,193.218924,218.9011,218.9011,4.42920927,4.42920927,9.1108627,9.1108627,0.00291270952,3109.0332,0.06882725,10.06007355,1.16983995,0.0,7191.17273,3105.1192,193.218924,-1.7206812,0.01392639375
1171.5,290.579182,7134.796850000001,-121.2017669,-121.2017669,-90.556345,-90.556345,-86.2543131,-86.2543131,233.650133,218.9011,218.9011,5.35602453,5.35602453,10.29808155,10.29808155,0.00276016258,3109.0332,0.06882725,12.16515175,1.1693023,0.0,7134.796850000001,3105.26823,233.650133,-1.7206812,0.016840502
1172.0,299.683994,7095.46825,-124.8545758,-124.8545758,-92.7692037,-92.7692037,-88.336163,-88.336163,274.277169,218.9011,218.9011,6.287329,6.287329,11.33897975,11.33897975,0.00260771126,3109.0332,0.06882725,14.2804252,1.18537057,0.0,7095.46825,3112.62512,274.277169,-1.7206812,0.0197687245
1172.5,313.768497,7043.02565,-130.928239,-130.928239,-96.562345,-96.562345,-91.9108075,-91.9108075,315.711609,218.9011,218.9011,7.23714201,7.23714201,12.2750997,12.2750997,0.00245535549,3109.0332,0.06882725,16.4377382,1.21129356,0.0,7043.02565,3114.99663,315.711609,-1.7206812,0.0227551428
1173.0,318.8902,6966.666770000001,-133.207225,-133.207225,-97.1813229,-97.1813229,-92.4453764,-92.4453764,357.815326,218.9011,218.9011,8.20229665,8.20229665,13.1186195,13.1186195,0.00230309531,3109.0332,0.06882725,18.6298964,1.22000712,0.0,6966.666770000001,3107.80718,357.815326,-1.7206812,0.0257897982
1173.5,318.8902,6901.86967,-133.036333,-133.036333,-96.1536298,-96.1536298,-91.4217405,-91.4217405,399.962314,218.9011,218.9011,9.1684433,9.1684433,13.9925069,13.9925069,0.00215093062,3109.0332,0.06882725,20.8243075,1.21833153,0.0,6901.86967,3105.45396,399.962314,-1.7206812,0.028827573
1174.0,318.8902,6842.802590000001,-133.030889,-133.030889,-95.3268251,-95.3268251,-90.5940581,-90.5940581,442.055841,218.9011,218.9011,10.1333647,10.1333647,15.0403089,15.0403089,0.00199886118,3109.0332,0.06882725,23.0159355,1.21679256,0.0,6842.802590000001,3105.45384,442.055841,-1.7206812,0.0318614946
1174.5,318.8902,6783.946809999999,-133.030327,-133.030327,-94.506507,-94.506507,-89.7733102,-89.7733102,484.093789,218.9011,218.9011,11.09701175,11.09701175,16.0382667,16.0382667,0.00184688707,3109.0332,0.06882725,25.2046694,1.21511151,0.0,6783.946809999999,3105.50915,484.093789,-1.7206812,0.0348914095
1175.0,318.8902,6725.178450000001,-133.029816,-133.029816,-93.6874517,-93.6874517,-88.953273,-88.953273,526.071014,218.9011,218.9011,12.05926725,12.05926725,16.9837962,16.9837962,0.00169500812,3109.0332,0.06882725,27.3902421,1.21328076,0.0,6725.178450000001,3105.56533,526.071014,-1.7206812,0.037916949
1175.5,318.8902,6661.70374,-133.827843,-133.827843,-93.3540929,-93.3540929,-88.59089,-88.59089,567.984693,218.829471,218.829471,13.01566325,13.01566325,17.8773955,17.8773955,0.00154322428,3104.08034,0.06882725,29.5725055,1.21245702,0.0,6661.70374,3103.62635,567.984693,-1.7206812,0.0409379067
1176.0,318.8902,5873.21404,-144.796883,-144.796883,-89.066759,-89.066759,-83.9486821,-83.9486821,610.029506,214.17573,214.17573,13.67936,13.67936,18.3939591,18.3939591,0.00139153551,2788.40905,0.06882725,31.7615974,1.21434825,0.0,5873.21404,2800.07945,610.029506,-1.7206812,0.0439683175
1176.5,318.8902,4601.974359999999,-143.298782,-143.298782,-69.1027234,-69.1027234,-64.1498826,-64.1498826,651.537716,206.958111,206.958111,14.11807215,14.11807215,18.6244988,18.6244988,0.0012399417,2300.08636,0.06882725,33.9227499,1.18613306,0.0,4601.974359999999,2295.34354,651.537716,-1.7206812,0.0469600518
1177.0,318.8902,4090.20573,-132.285149,-132.285149,-56.661251,-56.661251,-52.1545961,-52.1545961,691.929735,204.3226,204.3226,14.8049521,14.8049521,19.2339067,19.2339067,0.00108844273,2122.497,0.06882725,36.0257875,1.15610209,0.0,4090.20573,2105.97744,691.929735,-1.7206812,0.049871335
1177.5,318.8902,4068.3351,-132.976107,-132.976107,-56.6524303,-56.6524303,-52.1255971,-52.1255971,731.880868,204.3226,204.3226,15.6597713,15.6597713,20.0770778,20.0770778,0.000937038592,2122.497,0.0684830146,38.1058703,1.15489341,0.0,4068.3351,2120.2041,731.880868,-1.71222713,0.0524853061
1178.0,318.8902,4013.45105,-133.01294,-133.01294,-55.9036894,-55.9036894,-51.384977,-51.384977,771.802663,204.3226,204.3226,16.5139623,16.5139623,20.906512,20.906512,0.000785729174,2122.497,0.0464583908,40.1844253,1.15526761,0.0,4013.45105,2120.67648,771.802663,-1.162953136,0.0374785913
1178.5,318.342525,3951.52205,-133.773494,-133.773494,-55.3495052,-55.3495052,-50.8175465,-50.8175465,811.775516,204.3226,204.3226,17.369246,17.369246,21.7859095,21.7859095,0.000634514396,2117.2224,0.012389916013,42.2656396,1.15772069,0.0,3951.52205,2118.24727,811.775516,-0.31106666194,0.010464801344
1179.0,283.395689,3050.86493,-131.45163,-131.45163,-42.3223801,-42.3223801,-38.0567276,-38.0567276,851.342958,204.3226,204.3226,18.215855,18.215855,22.6552176,22.6552176,0.000483394186,1780.65129,0.0,44.3257448,1.11178224,0.0,3050.86493,1766.58026,851.342958,0.0,0.0
1179.5,229.337119,1685.30063,-106.5349564,-106.5349564,-19.0989371,-19.0989371,-16.1129056,-16.1129056,887.551273,204.3226,186.537166,18.9905905,17.3178313,23.24699,21.2292391,0.000357628832,1260.016,0.0,46.2109545,0.94519734,0.0,1685.30063,1219.5007,887.551273,0.0,0.0
1180.0,209.67632,1227.34012,-86.0009401,-86.0009401,-11.0562661,-11.0562661,-9.0460724,-9.0460724,915.695238,204.3226,143.276956,19.5927757,13.7408529,23.410652,16.4183231,0.000215111337,1070.6638,0.0,47.6762896,0.744387486,0.0,1227.34012,1045.372964,915.695238,0.0,0.0
1180.5,209.67632,1249.79962,-87.393906,-87.393906,-11.4379559,-11.4379559,-9.373488,-9.373488,941.533252,204.3226,136.6412525,20.1456215,13.46391164,23.9383426,16.0054924,6.4585828e-05,1070.6638,0.0,49.0215631,0.723274172,0.0,1249.79962,1069.80517,941.533252,0.0,0.0
1181.0,209.67632,1221.1362,-87.3907706,-87.3907706,-11.1752776,-11.1752776,-9.1146811,-9.1146811,963.004802,204.3226,76.81495,20.6050402,7.74594752,24.2470634,9.11513645,-2.80747e-07,1070.6638,0.0,50.1394947,0.527946883,0.0,1221.1362,1070.41519,963.004802,0.0,0.0
1181.5,209.67632,1198.01043,-87.0720769,-87.0720769,-10.9234586,-10.9234586,-8.8787113,-8.8787113,981.050822,204.3226,73.5524209,20.9911642,7.55587547,24.6667192,8.8789445,-2.80747e-07,1072.64227,0.0,51.0790735,0.515323173,0.0,1198.01043,1071.32935,981.050822,0.0,0.0
1182.0,209.67632,1464.20236,-82.6995504,-82.6995504,-12.68206585,-12.68206585,-10.7278026,-10.7278026,999.141274,204.3226,87.5793001,21.3782386,9.16875394,24.9997926,10.71984825,-2.80747e-07,1198.72922,0.0,52.0209647,0.551526945,0.0,1464.20236,1192.65664,999.141274,0.0,0.0
1182.5,209.67632,1919.73751,-83.3231766,-83.3231766,-16.75716545,-16.75716545,-14.6818338,-14.6818338,1019.897301,204.08876,117.5369826,21.7971206,12.5589912,25.4664672,14.6741136,-2.80747e-07,1393.77558,0.0,53.1016392,0.647733482,0.0,1919.73751,1394.32744,1019.897301,0.0,0.0
1183.0,209.67632,2068.43798,-87.7344586,-87.7344586,-19.0040524,-19.0040524,-16.7261227,-16.7261227,1043.50396,188.860878,131.017327,20.6328967,14.3153515,24.1096772,16.7271359,-2.80747e-07,1464.711,0.0,54.3307377,0.696937922,0.0,2068.43798,1469.98661,1043.50396,0.0,0.0
1183.5,209.67632,2021.62912,-87.4503608,-87.4503608,-18.5136512,-18.5136512,-16.2577772,-16.2577772,1067.18762,165.234126,125.055454,18.4612898,13.9747151,21.478855,16.2584089,-2.80747e-07,1464.711,0.0,55.563844,0.674997286,0.0,2021.62912,1464.3378,1067.18762,0.0,0.0
1184.0,209.67632,1988.96643,-87.4311936,-87.4311936,-18.2105271,-18.2105271,-15.9639952,-15.9639952,1090.23547,156.60141,120.6564234,17.8790561,13.774416,20.7216241,15.9645626,-2.80747e-07,1464.711,0.0,56.7638443,0.658585619,0.0,1988.96643,1464.20406,1090.23547,0.0,0.0
1184.5,209.67632,1957.4603,-87.426641,-87.426641,-17.9211309,-17.9211309,-15.6839178,-15.6839178,1112.73531,156.60141,116.561339,18.2480372,13.5815898,21.0732297,15.6844699,-2.80747e-07,1464.711,0.0,57.9353138,0.643189688,0.0,1957.4603,1464.23161,1112.73531,0.0,0.0
1185.0,209.67632,1926.69016,-87.4225226,-87.4225226,-17.6385899,-17.6385899,-15.4085836,-15.4085836,1134.7143,156.60141,112.6435864,18.6084758,13.38437395,21.4233615,15.4091352,-2.80747e-07,1464.711,0.0,59.0796641,0.628376005,0.0,1926.69016,1464.26132,1134.7143,0.0,0.0
1185.5,209.67632,1896.62773,-87.418419,-87.418419,-17.3625579,-17.3625579,-15.13478055,-15.13478055,1156.18706,156.60141,108.8789515,18.9606136,13.18191535,21.7702005,15.1353207,-2.80747e-07,1464.711,0.008613995682,60.1976586,0.612954592,0.0,1896.62773,1464.28988,1156.18706,-0.21089158,0.010297516
1186.0,209.67632,1868.52263,-87.395308,-87.395308,-17.1007555,-17.1007555,-14.87657605,-14.87657605,1176.19636,156.60141,105.4159761,19.2887508,12.9836962,22.1014504,14.8770503,-2.80747e-07,1464.711,0.559496126,61.2394557,0.527175789,0.0,1868.52263,1464.27841,1176.19636,-13.94441057,0.688373895
1186.5,209.67632,1845.99688,-87.3599846,-87.3599846,-16.8877689,-16.8877689,-14.66778745,-14.66778745,1192.26709,156.60141,102.686276,19.5522992,12.82050205,22.3700562,14.66814895,-2.80747e-07,1464.711,1.41164737,62.0761896,0.404083109,0.0,1845.99688,1464.28888,1192.26709,-35.2526003,1.76155345
1187.0,209.67632,1828.16352,-87.3455295,-87.3455295,-16.7218508,-16.7218508,-14.5050774,-14.5050774,1205.07318,156.60141,100.585227,19.7623099,12.6931398,22.5838029,14.5053837,-2.80747e-07,1464.711,1.7215265,62.7429472,0.354787595,0.0,1828.16352,1464.34566,1205.07318,-43.038162,2.1724799
1187.5,208.626209,1809.52867,-87.1679044,-87.1679044,-16.5181615,-16.5181615,-14.3114835,-14.3114835,1217.20402,156.494995,98.3738636,19.9476226,12.53890565,22.7702064,14.3132016,-2.80747e-07,1464.711,1.7215265,63.3745477,0.344839701,0.0,1809.52867,1463.67469,1217.20402,-43.038162,2.19434903
1188.0,141.5315136,1667.68121,-60.2164335,-60.2164335,-10.57043697,-10.57043697,-9.28183673,-9.28183673,1225.9945,149.56515,62.800734,19.2017165,8.06100797,22.2068084,9.29744768,-2.80747e-07,1464.711,1.7215265,63.8322289,0.1038440917,0.0,1667.68121,1409.7836,1225.9945,-43.038162,2.21019632
1188.5,37.7824658749,1628.87259,-15.231516465,-15.69142765,-2.5946901245,-2.673396737,-2.2333822842,-2.34785799,1223.24178,138.813178,14.07051021165,17.7824106,1.805366462004,24.190321,2.35874064983,-2.80747e-07,1464.711,1.7215265,63.688909,-0.2518829445,0.0,1628.87259,1392.02777,1223.24178,-43.038162,2.20523383
1189.0,2.462159133,1679.82594,22.6133419,0.0,4.00289989,0.0,5.78308067,0.0,1211.66623,134.88463,0.0,17.1148887,0.0,24.294006,0.0,-2.80747e-07,1464.711,1.7215265,63.0862183,-0.364732489,0.0,1679.82594,1406.47096,1211.66623,-43.038162,2.18436565
1189.5,6.21208695,1880.63893,19.85756178,-0.17006426,3.818837336,-0.035909504,5.447567917,-0.025748223,1199.15785,134.88463,0.13461256,16.938208,0.01682574,24.08907,0.023949438,-2.80747e-07,1464.711,1.71288935,62.434963,-0.357224379,0.0,1880.63893,1482.72719,1199.15785,-42.8272708,2.15127182
1190.0,7.575874,1914.94113,-4.64024972,-4.64024972,-0.93461749,-0.93461749,-0.692007867,-0.692007867,1188.21562,134.88463,3.90426731,16.7836477,0.486058907,23.9091651,0.692350574,-2.80747e-07,1464.711,1.162030408,61.8652462,-0.262007325,0.0,1914.94113,1490.61144,1188.21562,-29.0937524,1.44872325
1190.5,7.575874,1863.73832,-3.17043115,-3.17043115,-0.618772097,-0.618772097,-0.437043848,-0.437043848,1180.96803,134.88463,2.47827557,16.6812747,0.30649574,23.7896758,0.437101461,-2.80747e-07,1464.711,0.309909800784,61.4878972,-0.155880021,0.0,1863.73832,1465.07381,1180.96803,-7.7855624917,0.38551772214
1191.0,7.575874,1868.128,-3.12265597,-3.12265597,-0.610884619,-0.610884619,-0.431692378,-0.431692378,1176.60123,134.88463,2.45508375,16.6195935,0.302498847,23.7175488,0.431691218,-2.80747e-07,1464.711,0.0,61.2605359,-0.1144462676,0.0,1868.128,1464.35063,1176.60123,0.0,0.0
1191.5,7.575874,1873.5953,-3.12073671,-3.12073671,-0.612296165,-0.612296165,-0.432963674,-0.432963674,1172.65222,134.88463,2.46910322,16.5638131,0.303204977,23.6522374,0.432960592,-2.80747e-07,1464.711,0.0,61.0549286,-0.1140039039,0.0,1873.5953,1464.31983,1172.65222,0.0,0.0
1192.0,7.575874,1879.10099,-3.12081404,-3.12081404,-0.61411066,-0.61411066,-0.434523197,-0.434523197,1168.71867,134.88463,2.48483954,16.5082515,0.304113845,23.587103,0.434520077,-2.80747e-07,1464.711,0.0,60.8501261,-0.113555413,0.0,1879.10099,1464.31398,1168.71867,0.0,0.0
1192.5,7.575874,1887.28521,-2.34394878,-2.80883783,-0.461071758,-0.554253268,-0.261242844,-0.392406404,1164.7969,134.88463,2.24987899,16.4528559,0.274480571,23.5220851,0.392403602,-2.80747e-07,1468.78105,0.0,60.6459346,-0.1144633181,0.0,1887.28521,1465.42961,1164.7969,0.0,0.0
1193.0,7.575874,2101.29434,79.7262945,0.0,18.03884472,0.0,24.85221615,0.0,1160.60327,134.88463,0.0,16.3936212,0.0,23.4536518,0.0,-2.80747e-07,1727.98748,0.0,60.427593,-0.126207373,0.0,2101.29434,1552.03177,1160.60327,0.0,0.0
1193.5,7.575874,2441.75549,272.432463,0.0,70.0057619,0.0,94.5387719,0.0,1156.24765,134.754917,0.0,16.3164172,0.0,23.3639324,0.0,-2.80747e-07,2128.95748,0.0,60.2008114,-0.125771886,0.0,2441.75549,1691.15691,1156.24765,0.0,0.0
1194.0,7.575874,2782.20851,300.0,0.0,87.4056599,0.0,116.0570975,0.0,1151.90694,126.3077405,0.0,15.2366716,0.0,21.8372849,0.0,-2.80747e-07,2274.7922,0.0,59.9748114,-0.125339531,0.0,2782.20851,1830.28749,1151.90694,0.0,0.0
1194.5,8.6742463,3125.09112,300.0,0.0,98.1776315,0.0,128.647877,0.0,1147.58338,113.43076,0.0,13.6319222,0.0,19.5548831,0.0,-2.80747e-07,2274.7922,0.0,59.7497023,-0.123633992,0.0,3125.09112,1970.43894,1147.58338,0.0,0.0
1195.0,78.6178845,4571.07765,149.257685,-13.241548,59.7302396,-7.8450243,79.3587727,-7.463029,1144.76396,123.568653,26.585244,14.81344275,3.1901944,20.3672723,3.6828861,1.929831e-06,2274.7922,0.0,59.6029069,0.0671468355,0.0,4571.07765,2570.47836,1144.76396,0.0,0.0
1195.5,186.817604,4439.21228,-90.8237587,-90.8237587,-42.1198988,-42.1198988,-39.3727271,-39.3727271,1159.6531,146.732127,146.732127,17.8236605,17.8236605,20.6176327,20.6176327,0.000118326639,2274.7922,0.0,60.3781199,0.715431539,0.0,4439.21228,2524.30191,1159.6531,0.0,0.0
1196.0,226.16667,3853.95414,-96.0428135,-96.0428135,-38.7703341,-38.7703341,-35.858057,-35.858057,1186.3944,155.18794,155.18794,19.2803839,19.2803839,22.2981163,22.2981163,0.000260849693,2274.7922,0.0,61.7704239,0.795054301,0.0,3853.95414,2296.38567,1186.3944,0.0,0.0
1196.5,226.16667,3757.30236,-95.0708463,-95.0708463,-37.4029322,-37.4029322,-34.5483657,-34.5483657,1213.76102,155.098056,155.098056,19.7135849,19.7135849,22.7395791,22.7395791,0.000379054768,2270.48815,0.0,63.1952863,0.790236003,0.0,3757.30236,2272.14735,1213.76102,0.0,0.0
1197.0,226.16667,3082.17179,-104.5795724,-104.5795724,-33.7626047,-33.7626047,-30.5574814,-30.5574814,1241.09679,149.258744,149.258744,19.3966188,19.3966188,22.2800969,22.2800969,0.000486719665,1995.47388,0.0,64.618541,0.784993692,0.0,3082.17179,2007.18165,1241.09679,0.0,0.0
1197.5,225.848962,1987.61957,-103.2175429,-103.2175429,-21.5201951,-21.5201951,-18.6050531,-18.6050531,1267.64874,140.203466,139.912661,18.6097683,18.5708115,21.2715124,21.2270847,0.000512567885,1570.06874,0.0,66.0009861,0.749148722,0.0,1987.61957,1567.23392,1267.64874,0.0,0.0
1198.0,205.603289,1518.20618,-85.4853889,-85.4853889,-13.5898985,-13.5898985,-11.5108769,-11.5108769,1291.76916,136.89574,122.9408514,18.5183996,16.6284394,21.052108,18.9041732,0.000399067093,1415.351,0.0,67.2568316,0.637147355,0.0,1518.20618,1385.99128,1291.76916,0.0,0.0
1198.5,173.466934,1508.73791,-71.9482498,-71.9482498,-11.3683726,-11.3683726,-9.7652625,-9.7652625,1312.04099,136.89574,110.1878179,18.8090105,15.1370425,21.3112353,17.1511932,0.000248093975,1418.35619,0.0,68.3123,0.532618331,0.0,1508.73791,1393.88804,1312.04099,0.0,0.0
1199.0,109.953932,1868.93523,-39.3233707,-39.3233707,-7.48590722,-7.48590722,-6.72514395,-6.72514395,1327.3223,136.89574,89.6974283,19.0280786,12.46551,21.5354888,14.1074993,9.7215221e-05,1609.80765,0.0,69.1079308,0.33384795,0.0,1868.93523,1552.69145,1327.3223,0.0,0.0
1199.5,29.4925016585,2556.89044,-3.1665981355,-7.170758095,-0.6263503818,-1.7839795053,-0.032968247,-1.57173334665,1332.48613,136.89574,13.4508625964,19.1021053,1.8776407839,25.91844,2.3186914541,1.056889e-06,1905.97016,0.0,69.376788,-0.0627242615,0.0,2556.89044,1841.96981,1332.48613,0.0,0.0
1200.0,10.9318852,2947.42599,17.607341936,-0.821052664,5.275585702,-0.272297678,7.107771273,-0.229533957,1328.05119,136.89574,1.142976145,19.0385277,0.158712236,26.5542289,0.2214337632,-4.11274e-07,2013.6792,0.0,69.1458832,-0.1351729546,0.0,2947.42599,2001.88501,1328.05119,0.0,0.0
1200.5,27.4135836,3059.57199,-12.9124273,-12.9124273,-4.13230184,-4.13230184,-3.72929936,-3.72929936,1325.18468,136.89574,20.3395941,18.997434,2.82253161,25.1111964,3.72716672,-4.11274e-07,2013.6792,0.0,68.9966335,-0.0324938418,0.0,3059.57199,2046.87604,1325.18468,0.0,0.0
1201.0,22.70468455,2966.71901,-9.89719223,-9.89719223,-3.07787599,-3.07787599,-2.69640217,-2.69640217,1323.89816,136.89574,14.3151653,18.9789908,1.9849046,25.990228,2.7010867,-4.11274e-07,2013.6792,0.0,68.9296503,-0.0625322342,0.0,2966.71901,2007.48801,1323.89816,0.0,0.0
1201.5,7.1284867173,2958.40355,-2.6328642326,-2.63697956,-0.8151410301,-0.816415975,-0.6304854208,-0.632165875,1320.49034,136.89574,3.278933845,18.9301374,0.453706911,26.4329369,0.633449406,-4.11274e-07,2013.6792,0.0,68.752218,-0.1286483395,0.0,2958.40355,2002.0381,1320.49034,0.0,0.0
1202.0,69.6014646,3113.16716,-27.46922667,-27.46922667,-9.01629369,-9.01629369,-8.36687961,-8.36687961,1319.10114,136.89574,52.06766858,18.9102228,7.19680886,22.8362217,8.33891596,-4.11274e-07,2013.6792,0.0,68.679892,0.1451998303,0.0,3113.16716,2065.62526,1319.10114,0.0,0.0
1202.5,175.609032,3133.17671,-75.0911694,-75.0911694,-24.58592,-24.58592,-22.6125469,-22.6125469,1332.6027,137.056446,129.1542484,19.1263719,18.02950045,21.6943646,20.4524249,3.747742e-06,2003.60311,0.0,69.3828589,0.599511836,0.0,3133.17671,2081.83482,1332.6027,0.0,0.0
1203.0,214.15836,1479.798129,-114.627401,-114.627401,-17.89266177,-17.89266177,-14.82127416,-14.82127416,1355.97986,147.503541,96.5624987,20.9482778,13.68059659,24.8093287,15.63078262,1.5977733e-05,1359.233464,0.0,70.6000053,0.605185515,0.0,1479.798129,1407.501575,1355.97986,0.0,0.0
1203.5,214.15836,-10.5896712,-237.213639,-42.035402,0.430516924,-0.111427632,1.4784642114,-0.0401696026,1369.18702,163.513972,0.20560026,23.4458528,0.029414076,32.5179574,0.040809739,-2.0374e-07,362.49828101,0.01764923112,71.2876445,0.286614636,0.0,-10.5896712,795.05176,1369.18702,-0.4346224,0.024995859
1204.0,214.15836,-24.43590189,-299.750651,0.0,0.76666488,0.0,2.15348996,0.0,1375.69557,156.918992,0.0,22.6055853,0.0,31.3299002,0.0,-2.0374e-07,0.0,1.143110004,71.626518,0.1451544624,0.0,-24.43590189,793.090537,1375.69557,-28.5058499,1.643149723
1204.5,214.15836,-25.8591021,-299.687308,0.0,0.81117656,0.0,2.29985129,0.0,1374.9874,137.514513,0.0,19.8012278,0.0,27.4451653,0.0,-2.0374e-07,0.0,2.86645024,71.5896449,-0.146499788,0.0,-25.8591021,792.084829,1374.9874,-71.6028305,4.12336991
1205.0,214.15836,-29.8962135,-299.537028,0.0,0.937247104,0.0,2.65680433,0.0,1370.28986,130.42734,0.0,18.7158555,0.0,25.9547045,0.0,-2.0374e-07,0.0,2.37415153,71.3450645,-0.1679497562,0.0,-29.8962135,787.662092,1370.28986,-59.4184263,3.41088533
1205.5,214.15836,-28.26427478,-299.009783,0.0,0.8833951386,0.0,2.522612789,0.0,1371.97273,130.42734,0.0,18.7388408,0.0,25.9816425,0.0,-2.0374e-07,14.630019217,0.63319242824,71.4326824,0.07750806103,0.0,-28.26427478,789.323753,1371.97273,-15.884848959,0.9120812935
1206.0,214.15836,148.49205656,-173.360131,-43.037981,-0.345769344,-0.686279974,0.4480053107,-0.5170086353,1379.57732,130.42734,2.609307529,18.8427069,0.3778357235,26.0246384,0.5129438695,-2.0374e-07,946.358905,0.0,71.8286236,0.2065744525,0.0,148.49205656,867.313657,1379.57732,0.0,0.0
1206.5,213.307801,3580.47579,-51.8962229,-51.8962229,-20.53001632,-20.53001632,-19.3014365,-19.3014365,1390.84169,130.624514,99.0374966,19.0254583,14.44195336,21.6872086,16.3577059,3.041958e-06,2387.72669,0.0,72.415112,0.498783,0.0,3580.47579,2301.96457,1390.84169,0.0,0.0
1207.0,158.908468,5004.92972,-69.3135172,-69.3135172,-36.4607115,-36.4607115,-34.521248,-34.521248,1411.49999,143.438154,143.438154,21.205512,21.205512,23.9757591,23.9757591,9.6004642e-05,2911.8735,0.0,73.4907001,0.606950636,0.0,5004.92972,2906.75267,1411.49999,0.0,0.0
1207.5,74.7610218,4850.2415,-31.1469017,-31.1469017,-15.8275896,-15.8275896,-14.9992014,-14.9992014,1429.70586,163.310043,129.061399,24.4528069,19.3132321,27.5686083,21.7915657,6.7239542e-05,2911.8735,0.0,74.4385972,0.393812769,0.0,4850.2415,2853.01601,1429.70586,0.0,0.0
1208.0,44.158703,4942.21089,-17.3442366,-17.3442366,-8.9790135,-8.9790135,-8.3927783,-8.3927783,1436.23457,170.57114,48.469791,25.6542617,7.29016369,29.5306716,8.39013523,-3.13041e-07,2911.8735,0.0,74.778521,0.0725116682,0.0,4942.21089,2895.09722,1436.23457,0.0,0.0
1208.5,44.158703,4972.99442,-18.3679041,-18.3679041,-9.56546685,-9.56546685,-8.9636386,-8.9636386,1439.05657,170.57114,51.8866057,25.7046693,7.81919429,29.4665189,8.9635232,-3.13041e-07,2911.8735,0.0,74.9254501,0.0850056744,0.0,4972.99442,2909.55417,1439.05657,0.0,0.0
1209.0,44.158703,4969.693310000001,-18.3977012,-18.3977012,-9.574625,-9.574625,-8.9725064,-8.9725064,1441.99091,170.57114,51.8399125,25.7570827,7.82807897,29.5226848,8.9725188,-3.13041e-07,2911.8735,0.0,75.078228,0.0845420895,0.0,4969.693310000001,2909.89394,1441.99091,0.0,0.0
1209.5,44.158703,4965.636189999999,-18.3980196,-18.3980196,-9.5669741,-9.5669741,-8.96518595,-8.96518595,1444.89929,170.57114,51.6942561,25.8090328,7.82182825,29.5817231,8.9652009,-3.13041e-07,2911.8735,0.0,75.2296558,0.0837090677,0.0,4965.636189999999,2909.9039,1444.89929,0.0,0.0
1210.0,44.158703,4961.60512,-18.3977986,-18.3977986,-9.559093,-9.559093,-8.9576431,-8.9576431,1447.77887,170.57114,51.5488418,25.8604683,7.81537031,29.6402114,8.9576577,-3.13041e-07,2911.8735,0.0,75.379582,0.0828787535,0.0,4961.60512,2909.90791,1447.77887,0.0,0.0
1210.5,44.158703,4957.61362,-18.3975706,-18.3975706,-9.5512846,-9.5512846,-8.9501705,-8.9501705,1450.62989,170.57114,51.4054501,25.911394,7.80897827,29.6980936,8.9501849,-3.13041e-07,2911.8735,0.0,75.5280233,0.0820578305,0.0,4957.61362,2909.91176,1450.62989,0.0,0.0
1211.0,44.158703,4953.66175,-18.3973452,-18.3973452,-9.5435537,-9.5435537,-8.9427721,-8.9427721,1453.45273,170.57114,51.2640764,25.9618161,7.8026562,29.7553769,8.9427865,-3.13041e-07,2911.8735,0.0,75.6749956,0.0812462768,0.0,4953.66175,2909.91552,1453.45273,0.0,0.0
1211.5,44.158703,4949.800389999999,-18.3927829,-18.3927829,-9.5337505,-9.5337505,-8.93337605,-8.93337605,1456.18117,170.57114,51.1147854,26.0105516,7.7945378,29.8111712,8.9334628,-3.13041e-07,2911.8735,0.30426232415,75.8170527,0.0412918488,0.0,4949.800389999999,2909.902,1456.18117,-7.422581,0.45295305
1212.0,44.158703,4991.17559,-17.7099709,-17.7099709,-9.2553377,-9.2553377,-8.6641527,-8.6641527,1424.2821,170.57114,50.5576736,25.4407652,7.54015976,29.2356285,8.66492215,-3.13041e-07,2911.8735,19.68232324,74.1562095,-2.50913998,0.0,4991.17559,2908.4928,1424.2821,-490.582632,29.0411908
1212.5,44.158703,5207.69713,-16.5832481,-16.5832481,-9.0408164,-9.0408164,-8.4388522,-8.4388522,1268.92936,170.406679,55.0433143,22.6458311,7.29673262,26.1876485,8.4388482,-3.13041e-07,2911.8735,49.3543758,66.0676606,-6.39915555,0.0,5207.69713,2907.87966,1268.92936,-1232.749895,65.0070392
1213.0,44.158703,5525.8395,-16.8580859,-16.8580859,-9.7581121,-9.7581121,-9.1288442,-9.1288442,1046.398085,159.70144,71.6376068,17.5259901,7.81779131,20.4508412,9.1265589,-3.13041e-07,2911.8735,40.8786712,54.4814227,-5.21864984,0.0,5525.8395,2910.32671,1046.398085,-1023.44218,45.3307843
1213.5,43.9371115,5681.76913,-18.0102439,-18.0102439,-10.716462,-10.716462,-10.0615457,-10.0615457,936.277114,143.093,87.0986984,14.03546605,8.53629135,16.5409089,10.060935,-3.13041e-07,2911.8735,10.902073571,48.7478989,-1.197751607,0.0,5681.76913,2910.91137,936.277114,-273.85237001,10.8424589066
1214.0,29.8071237,5660.63407,-12.7482719,-12.7482719,-7.56014535,-7.56014535,-6.95027327,-6.95027327,929.466007,137.02533,59.7495216,13.3371489,5.81341836,16.0452836,6.96187301,-3.13041e-07,2911.8735,0.0,48.3932742,0.1361024527,0.0,5660.63407,2898.13997,929.466007,0.0,0.0
1214.5,7.94892315458,5648.96943,-3.2026190447,-3.304923143,-1.8943589962,-1.95489184,-1.534913241,-1.611515103,930.551642,137.02533,11.758951368175,13.3527272,1.146478494416,19.5230938,1.618997736177,-3.13041e-07,2911.8735,0.0,48.4497991,-0.0611711126,0.0,5648.96943,2893.92012,930.551642,0.0,0.0
1215.0,0.0,5651.44542,6.46054725,0.0,3.82365312,0.0,4.83865813,0.0,927.10283,137.02533,0.0,13.30323905,0.0,20.06816,0.0,-3.13041e-07,2911.8735,0.0,48.2702345,-0.1139989049,0.0,5651.44542,2892.93667,927.10283,0.0,0.0
1215.5,0.0,5653.56131,16.99786005,0.0,10.06360566,0.0,12.73496225,0.0,923.167142,137.02533,0.0,13.24676455,0.0,20.0069116,0.0,-3.13041e-07,2911.8735,0.0,48.0653188,-0.1136846501,0.0,5653.56131,2891.51904,923.167142,0.0,0.0
1216.0,0.0,5655.67134,28.3815913,0.0,16.809511,0.0,21.2714258,0.0,919.242287,137.02533,0.0,13.190446,0.0,19.9456851,0.0,-3.13041e-07,2911.8735,0.0,47.8609683,-0.1133725949,0.0,5655.67134,2890.10543,919.242287,0.0,0.0
1216.5,0.0,5657.77571,42.0319273,0.0,24.9034841,0.0,31.5136732,0.0,915.328171,137.02533,0.0,13.1342812,0.0,19.8844798,0.0,-3.13041e-07,2917.29977,0.0,47.6571769,-0.1130627164,0.0,5657.77571,2888.69562,915.328171,0.0,0.0
1217.0,0.0,5659.874330000001,203.8989355,0.0,120.856065,0.0,152.9341961,0.0,911.424721,137.02533,0.0,13.0782698,0.0,19.8232963,0.0,-3.13041e-07,3263.41287,0.0,47.4539428,-0.1127550009,0.0,5659.874330000001,2887.28961,911.424721,0.0,0.0
1217.5,0.4785264868,5663.029619999999,300.0,0.0,177.909322,0.0,225.128911,0.0,907.532837,137.02533,0.0,13.0224241,0.0,19.7621486,0.0,-3.13041e-07,3798.80968,0.0,47.2513093,-0.1118933226,0.0,5663.029619999999,2886.3301,907.532837,0.0,0.0
1218.0,30.96311575,6200.587939999999,300.0,0.0,194.797211,0.0,246.311867,0.0,904.133746,137.02533,0.0,12.9736494,0.0,19.7086274,0.0,-3.13041e-07,3993.533,0.0,47.0743323,-0.0761137657,0.0,6200.587939999999,3108.02742,904.133746,0.0,0.0
1218.5,78.1200086,8615.90799,177.0350774,-5.0928825,147.98399723,-5.358842,195.62428,-5.1193615,902.602653,137.120162,13.797365,12.9606531,1.3056286,19.2750137,1.5606138,8.3935e-07,3993.533,0.0,46.9946159,0.03244548014,0.0,8615.90799,4112.16607,902.602653,0.0,0.0
1219.0,95.271126,8846.555349999999,-54.5888444,-54.5888444,-51.050101,-51.050101,-48.9597332,-48.9597332,914.284948,143.290351,143.290351,13.72075255,13.72075255,16.3986628,16.3986628,0.000166377404,3993.533,0.0,47.602862,0.556589282,0.0,8846.555349999999,4214.96123,914.284948,0.0,0.0
1219.5,95.271126,8291.13465,-40.2948829,-40.2948829,-34.9869376,-34.9869376,-33.5336901,-33.5336901,933.44736,152.784619,152.784619,14.9362164,14.9362164,17.8526182,17.8526182,0.000343216008,3993.533,0.0,48.6005662,0.560909547,0.0,8291.13465,3995.03535,933.44736,0.0,0.0
1220.0,95.271126,8250.716199999999,-39.8066396,-39.8066396,-34.3934627,-34.3934627,-32.9660074,-32.9660074,952.856172,151.229495,151.229495,15.0888042,15.0888042,17.9603758,17.9603758,0.000481965692,3993.533,0.0,49.6110994,0.55345915,0.0,8250.716199999999,3989.54957,952.856172,0.0,0.0
1220.5,95.271126,8224.3263,-39.7894748,-39.7894748,-34.2686642,-34.2686642,-32.8494247,-32.8494247,971.519647,143.285215,143.285215,14.57618135,14.57618135,17.2453696,17.2453696,0.000622480294,3993.533,0.0,50.5828253,0.526177129,0.0,8224.3263,3989.46616,971.519647,0.0,0.0
1221.0,95.271126,8199.61807,-39.7800731,-39.7800731,-34.1576385,-34.1576385,-32.7458808,-32.7458808,989.159325,133.426972,133.426972,13.8193568,13.8193568,16.2663661,16.2663661,0.000768068287,3993.533,0.0,51.5012471,0.492775338,0.0,8199.61807,3989.48442,989.159325,0.0,0.0
1221.5,95.1581798,8176.477529999999,-39.7508188,-39.7508188,-34.0362153,-34.0362153,-32.6320259,-32.6320259,1005.55759,122.5747161,122.5747161,12.9059176,12.9059176,15.1182174,15.1182174,0.000920665347,3993.533,0.0,52.355033,0.456070146,0.0,8176.477529999999,3989.43032,1005.55759,0.0,0.0
1222.0,87.9553969,8141.262240000001,-36.856615,-36.856615,-31.423647,-31.423647,-30.101022,-30.101022,1020.811664,118.61045,118.61045,12.6793566,12.6793566,14.8102185,14.8102185,0.00107211948,3993.533,0.0,53.1492483,0.428480198,0.0,8141.262240000001,3983.68375,1020.811664,0.0,0.0
1222.5,77.9622785,8118.519310000001,-32.243943,-32.243943,-27.4133834,-27.4133834,-26.203779,-26.203779,1035.23203,118.61045,118.61045,12.85846985,12.85846985,14.9935784,14.9935784,0.00119620492,3993.533,0.0,53.9000534,0.407527023,0.0,8118.519310000001,3982.64017,1035.23203,0.0,0.0
1223.0,147.08034,8251.532159999999,-59.7997272,-59.7997272,-51.7299625,-51.7299625,-49.642008,-49.642008,1050.8474,118.61045,118.61045,13.0524257,13.0524257,15.191401,15.191401,0.00135519925,3993.533,0.0,54.7130764,0.534550081,0.0,8251.532159999999,4047.10545,1050.8474,0.0,0.0
1223.5,260.271115,8269.6455,-108.7486651,-108.7486651,-94.1589744,-94.1589744,-90.3610015,-90.3610015,1073.08807,118.61045,118.61045,13.3286743,13.3286743,15.4718744,15.4718744,0.00170803337,3993.533,0.023841614895,55.8710538,0.746488027,0.0,8269.6455,4067.62871,1073.08807,-0.5831798,0.0265082
1224.0,301.43552,8094.29141,-127.0158435,-127.0158435,-107.6685846,-107.6685846,-103.2181791,-103.2181791,1098.22944,118.61045,118.61045,13.640952,13.640952,15.7872191,15.7872191,0.00218346197,3993.533,1.545632433,57.1800573,0.623546793,0.0,8094.29141,4009.34244,1098.22944,-38.5278694,1.776805984
1224.5,301.43552,8025.258980000001,-125.5561259,-125.5561259,-105.5178006,-105.5178006,-101.1149929,-101.1149929,1114.27593,118.61045,118.61045,13.840263,13.840263,15.98753385,15.98753385,0.00266323321,3993.533,3.87587007,58.0155275,0.311609311,0.0,8025.258980000001,3989.98701,1114.27593,-96.80891,4.52050082
1225.0,301.43552,8009.907459999999,-125.5355624,-125.5355624,-105.298657,-105.298657,-100.895383,-100.895383,1124.83206,118.61045,118.61045,13.97137865,13.97137865,16.1188585,16.1188585,0.00313948096,3993.533,3.21015968,58.5651381,0.397283957,0.0,8009.907459999999,3989.76271,1124.83206,-80.3669309,3.78381493
1225.5,301.43552,7983.268180000001,-125.6263254,-125.6263254,-105.0243212,-105.0243212,-100.6158991,-100.6158991,1143.96518,118.61045,118.61045,14.2090286,14.2090286,16.3560209,16.3560209,0.00361415105,3993.533,0.85615272741,59.5613178,0.706507447,0.0,7983.268180000001,3989.84962,1143.96518,-21.502712713,1.02562344015
1226.0,301.43552,7944.93988,-125.659369,-125.659369,-104.5476125,-104.5476125,-100.1353883,-100.1353883,1171.16,118.61045,118.61045,14.5468114,14.5468114,16.6965768,16.6965768,0.00408617353,3993.533,0.0,60.9772347,0.817489008,0.0,7944.93988,3989.77985,1171.16,0.0,0.0
1226.5,299.922507,7902.94521,-125.4021856,-125.4021856,-103.7832065,-103.7832065,-99.3774031,-99.3774031,1199.36853,118.61045,118.61045,14.8971858,14.8971858,17.0568876,17.0568876,0.00455481189,3993.533,0.0,62.4459311,0.812398915,0.0,7902.94521,3988.77627,1199.36853,0.0,0.0
1227.0,203.468965,7680.92565,-86.700333,-86.700333,-69.8625601,-69.8625601,-66.9485007,-66.9485007,1225.10495,118.61045,118.61045,15.2168544,15.2168544,17.3842543,17.3842543,0.00497202455,3993.533,0.0,63.7859142,0.630045241,0.0,7680.92565,3911.41961,1225.10495,0.0,0.0
1227.5,54.264033014,7597.4427,-22.1929376193,-22.5505596093,-17.664597171,-17.949218811,-16.6781807969,-17.0424000469,1241.58304,118.61045,99.8305595,15.4215257,12.9733408,17.6931252,14.8371224,0.00514426218,3993.533,0.0,64.6438555,0.2821554896,0.0,7597.4427,3886.30316,1241.58304,0.0,0.0
1228.0,0.0,7755.51645,9.8065789,2.49369196,7.94810758,2.02228487,10.21370284,2.59918155,1243.99024,118.61045,31.364894,15.45142585,4.08578162,19.159671,5.04998514,0.00502481898,3993.533,0.0,64.7691894,-0.0465598066,0.0,7755.51645,3953.48435,1243.99024,0.0,0.0
1228.5,0.0,7854.05484,-2.287487279,-2.413369504,-1.85116036,-1.9550785034,-1.640042597,-1.77427853,1243.70641,118.54658,58.0843147,15.4395755,7.56561816,17.937043,8.7696789,0.00487134934,3980.39588,0.0,64.754412,0.0484515666,0.0,7854.05484,3994.32119,1243.70641,0.0,0.0
1229.0,0.0,5887.862279999999,-31.320696,-31.320696,-19.3864858,-19.3864858,-18.485422,-18.485422,1250.04731,114.3987429,114.3987429,14.9747818,14.9747818,17.0600223,17.0600223,0.00482375464,3143.24389,0.0,65.084554,0.280263228,0.0,5887.862279999999,3179.87627,1250.04731,0.0,0.0
1229.5,0.0,2656.96419,-27.3145939,-27.3145939,-7.89908774,-7.89908774,-7.316198434,-7.316198434,1259.01762,107.9632777,95.4037934,14.2339019,12.575016,16.2257754,14.32587345,0.00476034805,1848.19514,0.024826886006,65.5516014,0.207701652,0.0,2656.96419,1840.71354,1259.01762,-0.6087468,0.032178664
1230.0,0.0,1438.365,4.969564023,2.137909222,0.7462965114,0.3214459966,1.121463821,0.482892076,1259.2338,105.61276,46.3054539,13.9268015,6.1060639,16.2915635,7.14246185,0.00460949572,1377.2588,1.61289022,65.5628576,-0.2115461604,0.0,1438.365,1333.77162,1259.2338,-40.2063007,2.119158605
1230.5,0.0,1567.37461,0.2495834804,0.1121887297,0.0408038614,0.01833683762,0.06164460893,0.02859904916,1246.52836,105.61276,49.853227,13.7862828,6.50744532,16.0754663,7.58798103,0.00445588384,1377.2588,4.06941775,64.9013411,-0.519646736,0.0,1567.37461,1380.03487,1246.52836,-101.6317939,5.30300609
1231.0,0.0,1589.10812,0.35394292,0.169022596,0.0589335115,0.0281441312,0.0862654706,0.0411963542,1225.7082,105.61276,50.5060032,13.556017,6.48261251,15.82270815,7.5665737,0.00430236861,1377.2588,4.9627395,63.8173231,-0.633988299,0.0,1589.10812,1376.92158,1225.7082,-124.06848,6.36996673
1231.5,0.0,1620.02837,0.363089023,0.176371759,0.0615917568,0.0299191502,0.0897402905,0.0435925147,1203.87232,105.61276,51.2999256,13.3145177,6.46718484,15.5549035,7.55540309,0.00414894998,1377.2588,4.9627395,62.6804233,-0.629143256,0.0,1620.02837,1377.0379,1203.87232,-124.06848,6.25648634
1232.0,0.0,1650.36772,0.351190583,0.173357357,0.0606929217,0.029960435,0.0881063926,0.0434926024,1182.20735,105.61276,52.136899,13.07490885,6.4544145,15.2876497,7.54673985,0.00399562783,1377.2588,4.9627395,61.5524218,-0.624199243,0.0,1650.36772,1377.01233,1182.20735,-124.06848,6.14389409
1232.5,0.07036164776,1680.58555,0.328698842,0.1652965704,0.0578236349,0.0290797818,0.0836475576,0.0420663677,1160.71893,105.731898,53.0050201,12.851614,6.44260024,15.0395094,7.53941444,0.00384240186,1377.2588,4.93787025,60.4336122,-0.615913668,0.0,1680.58555,1377.03929,1160.71893,-123.459733,6.00286631
1233.0,4.56329135,1715.72719,-1.70722795,-1.70722795,-0.3074864697,-0.3074864697,-0.2135643971,-0.2135643971,1142.4218,113.481525,55.6796807,13.5748579,6.66075846,15.8654531,7.78476147,0.00368927164,1377.2588,3.34984904,59.4809607,-0.387851631,0.0,1715.72719,1380.97842,1142.4218,-83.862181,4.01598481
1233.5,11.5133451,1726.26226,-5.11295788,-5.11295788,-0.923467252,-0.923467252,-0.685189726,-0.685189726,1135.12805,125.5030921,59.5944873,14.91846565,7.08398673,17.3667173,8.246351,0.00353623722,1375.3003,0.893360251615,59.1012056,-0.0359775433,0.0,1726.26226,1381.10335,1135.12805,-22.436686789,1.0670844357
1234.0,14.040896,1425.20488,-10.622586,-10.622586,-1.58807677,-1.58807677,-1.32151707,-1.32151707,1137.45497,129.89417,64.376745,15.472215,7.66800841,17.9153444,8.8786691,0.0033832989,1250.29962,0.0,59.2223595,0.1103846668,0.0,1425.20488,1257.18982,1137.45497,0.0,0.0
1234.5,13.9704722,938.335515,-9.67343736,-9.67343736,-0.961982814,-0.961982814,-0.73638788,-0.73638788,1140.98735,129.89417,59.616073,15.5202637,7.12300927,18.0540791,8.2854154,0.00323045657,1058.5185,0.0,59.4062741,0.092905596,0.0,938.335515,1056.66241,1140.98735,0.0,0.0
1235.0,9.47760512,977.270355,0.2538837326,-0.0697735498,0.03891061441,0.00114096549,0.0884822016,0.02745737203,1143.45201,129.89417,53.531659,15.55378965,6.40996005,18.2253233,7.510891,0.00307771021,1089.08324,0.0,59.5345994,0.0510353318,0.0,977.270355,1074.30259,1143.45201,0.0,0.0
1235.5,2.5276067739,1360.08826,5.9815784,2.26353259,0.872345489,0.329664636,1.320671924,0.499261359,1144.82016,129.89417,49.8224331,15.57239975,5.97294006,18.3290902,7.0299503,0.00292506044,1245.14448,0.0,59.6058333,0.0267419686,0.0,1360.08826,1234.39479,1144.82016,0.0,0.0
1236.0,0.0,1544.83276,0.324963008,-0.073551741,0.0528525737,-0.0117537307,0.1224687399,0.0272265693,1145.84799,129.89417,53.2941947,15.58638065,6.394957,18.2638265,7.49327785,0.00277250629,1301.9015,0.0,59.659349,0.0389820802,0.0,1544.83276,1311.86852,1145.84799,0.0,0.0
1236.5,0.0,1519.80976,-0.0605775509,-0.0605775509,-0.00965081328,-0.00965081328,-0.0065167141,-0.0065167141,1147.23711,129.89417,53.4250793,15.605276,6.41839989,18.2799604,7.51848857,0.00262004709,1301.9015,0.0,59.7316721,0.0392505976,0.0,1519.80976,1302.26733,1147.23711,0.0,0.0
1237.0,0.0,1516.57866,-0.0116816595,-0.0116816595,-0.00185528758,-0.00185528758,-0.00125177726,-0.00125177726,1148.5791,129.89417,53.2608411,15.6235306,6.40615519,18.3022092,7.50450039,0.00246768354,1301.9015,0.0,59.8015452,0.0385009917,0.0,1516.57866,1301.70643,1148.5791,0.0,0.0
1237.5,0.0,1514.70233,-0.01057185015,-0.01057185015,-0.00167690225,-0.00167690225,-0.00113104859,-0.00113104859,1149.90091,129.89417,53.137605,15.64151055,6.39868767,18.3232418,7.49574044,0.00231541544,1301.9015,0.0,59.8703656,0.0379692341,0.0,1514.70233,1301.69747,1149.90091,0.0,0.0
1238.0,0.0,1512.87682,-0.0104091059,-0.0104091059,-0.00164909705,-0.00164909705,-0.00111194743,-0.00111194743,1151.20452,129.89417,53.0163213,15.6592426,6.39132055,18.3439773,7.48709494,0.00216324283,1301.9015,0.0,59.9382393,0.0374471011,0.0,1512.87682,1301.69902,1151.20452,0.0,0.0
1238.5,0.0,1511.07687,-0.01026516515,-0.01026516515,-0.0016243578,-0.0016243578,-0.00109492956,-0.00109492956,1152.49017,129.89417,52.8962019,15.6767308,6.38396133,18.3644366,7.4784629,0.00201116557,1301.9015,0.0,60.0051772,0.0369304073,0.0,1511.07687,1301.70074,1152.49017,0.0,0.0
1239.0,0.0,1509.30188,-0.0101230099,-0.0101230099,-0.0015999815,-0.0015999815,-0.00107817115,-0.00107817115,1153.75807,129.89417,52.777214,15.69397725,6.37660828,18.3846226,7.46984228,0.00185918361,1301.9015,0.0,60.0711913,0.0364190052,0.0,1509.30188,1301.70245,1153.75807,0.0,0.0
1239.5,0.0,1512.78347,3.21094712905,0.92221292905,0.52429330321,0.15061622321,0.6448677906,0.1858157406,1154.9955,129.89417,51.2734802,15.7108098,6.20150556,18.4366422,7.27435428,0.00170729686,1316.25604,0.005677755922,60.1356192,0.0290939272,0.0,1512.78347,1303.87372,1154.9955,-0.138671,0.006711517
1240.0,0.0,2551.59018,210.9426165,17.5462094,61.3384163,4.69839292,67.0441941,5.16107426,1152.89743,129.89417,13.8708773,15.6822706,1.675832863,21.8965375,2.29049999,0.00155550577,2230.79495,0.367412376,60.0263821,-0.168323845,0.0,2551.59018,1734.90382,1152.89743,-9.15889529,0.44201258
1240.5,0.0,4254.92343,300.0,13.3637368,133.6723605,5.90456001,145.9280326,6.44493826,1145.24268,129.990445,5.79772097,15.5896512,0.695452115,22.3742576,0.99806606,0.00140381004,3645.50556,0.921305347,59.6278323,-0.259707787,0.0,4254.92343,2439.20383,1145.24268,-23.0127982,1.103574064
1241.0,0.0,5519.49913,300.0,10.43072025,173.400183,6.0076876,191.275194,6.62439354,1136.2618,136.252898,4.73430423,16.2119114,0.563376728,23.311006,0.810051944,0.00125220929,4160.035,0.763087247,59.1602383,-0.236474214,0.0,5519.49913,2960.15924,1136.2618,-19.103596,0.909646757
1241.5,0.0,6539.28376,300.0,8.64973655,205.437659,5.91214401,233.224727,6.70943826,1129.41513,145.967495,4.20683131,17.2634339,0.497570043,24.8582884,0.716459516,0.00110070342,4160.035,0.20351624427,58.80376,-0.160448075,0.0,6539.28376,3380.50144,1129.41513,-5.1110211563,0.24205278677
1242.0,0.0,7404.97784,300.0,7.51237757,232.634239,5.81869724,271.214779,6.78147065,1124.55711,149.51591,3.74607777,17.6074944,0.441169744,25.3792413,0.635890571,0.000949292345,4160.035,0.0,58.5508235,-0.132457929,0.0,7404.97784,3737.88647,1124.55711,0.0,0.0
1242.5,0.0,8164.318799999999,290.02703,6.61190598,247.663157,5.64742968,299.465096,6.8300185,1119.98862,149.51591,3.42066203,17.5359646,0.401185313,25.3002352,0.578817486,0.000797975979,4139.13764,0.0,58.312964,-0.13149257,0.0,8164.318799999999,4051.18644,1119.98862,0.0,0.0
1243.0,0.0,6373.567870000001,-33.0205299,-52.5693062,-14.0925714,-31.61441227,-7.6568748,-29.77391566,1122.00425,149.51591,121.32884454,17.5675235,14.26949684,21.4111313,16.65020451,0.000750659262,2808.0237,0.0,58.4179079,0.352722979,0.0,6373.567870000001,3307.21867,1122.00425,0.0,0.0
1243.5,0.0,485.9960825,-79.8175786,-37.2638854,-0.270952812,-3.366600078,1.210364008,-2.67310237,1134.08829,149.51591,72.3705554,17.7567265,8.58773117,21.1711136,10.06268811,0.000729371519,748.88653643,0.0,59.0470713,0.166646744,0.0,485.9960825,864.412332,1134.08829,0.0,0.0
1244.0,0.0,-1901.59027,-42.80449373,-5.92538698,7.41370635,0.972695724,8.7688788,1.319101294,1135.47406,149.51591,42.4256805,17.7784234,5.04491611,21.7951409,6.07437288,0.000578215378,0.0,0.0,59.1192212,0.01499767162,0.0,-1901.59027,-128.2708445,1135.47406,0.0,0.0
1244.5,0.33662074542,-1671.75663,2.593201675,2.613335113,-0.4733700642,-0.4767336057,-0.3459645319,-0.3508836224,1136.83242,149.51591,55.620614,17.7996922,6.62145133,20.8189868,7.74321995,0.000427130647,0.0,0.0,59.1899455,0.0431276673,0.0,-1671.75663,-31.84222656,1136.83242,0.0,0.0
1245.0,21.8511371,-1457.77182,-25.478842,-6.718851844,3.75270117,0.9932493166,4.76699928,1.270081707,1138.27508,149.51591,43.0982891,17.8222802,5.13708464,21.2189135,6.10939197,0.000276140656,0.0,0.0,59.2650599,0.0437699954,0.0,-1457.77182,58.0408066,1138.27508,0.0,0.0
1245.5,55.130754,-1216.85811,-114.5145174,-20.8113949,14.3500287,2.62429042,16.7730313,3.06789607,1140.00157,149.51591,28.2239004,17.8493117,3.36918653,22.8601192,4.30310185,0.000125245366,0.0,0.0,59.3549486,0.0587736493,0.0,-1216.85811,159.294835,1140.00157,0.0,0.0
1246.0,67.23427,-591.5638125,-257.813761,-8.5431073,13.852261919,0.99320254,22.00225419,1.1626118,1141.36266,149.51591,6.5346098,17.8706241,0.78107619,25.1558143,1.04703646,7.959315e-06,0.0,0.0,59.4258178,-0.0182902861,0.0,-591.5638125,420.279177,1141.36266,0.0,0.0
1246.5,67.0263466,-30.59525787,-298.858525,0.0,0.954898443,0.0,2.709630846,0.0,1140.89122,149.51591,0.0,17.8632415,0.0,25.6604992,0.0,-2.91161e-07,0.0,0.3440793033,59.4012704,-0.0007637747,0.0,-30.59525787,653.427054,1140.89122,-8.4182976,0.40202994
1247.0,53.7379207,-13.55632062,-299.538544,0.0,0.424473849,0.0,1.213089477,0.0,1101.0199,149.51591,0.0,17.238966,0.0,24.9672743,0.0,-2.91161e-07,0.0,22.33425814,57.325343,-2.961577373,0.0,-13.55632062,637.236507,1101.0199,-557.069465,25.38739975
1247.5,33.1825607,-15.5781594,-295.823924,0.0,0.4811129094,0.0,1.375351608,0.0,919.626661,149.733731,0.0,14.4169485,0.0,21.7926842,0.0,-2.91161e-07,23.71061804,56.3500311,47.880982,-7.50466326,0.0,-15.5781594,530.481019,919.626661,-1407.41033,53.4882512
1248.0,25.707045,325.3570403,124.3306463,0.0,9.6300294311,0.0,20.0922061971,0.0,620.131151,163.924882,0.0,10.5847062,0.0,18.0997802,0.0,-2.91161e-07,1536.6302,68.720795,32.2875476,-9.1106772,0.0,325.3570403,497.473471,620.131151,-1718.0199,44.6272729
1248.5,25.707045,1587.51461,300.0,0.0,49.8732419,0.0,73.1631249,0.0,304.534213,185.928223,0.0,5.87210751,0.0,13.75751285,0.0,-2.91161e-07,3876.97857,68.3763535,15.855779,-9.0818773,0.0,1587.51461,838.391833,304.534213,-1709.59904,21.8579922
1249.0,25.707045,2875.94012,300.0,0.0,90.3503214,0.0,119.5428215,0.0,42.097290551,193.96924,0.0,0.855097430242,0.0,2.58658704595,0.0,-2.91161e-07,4728.093,46.3865363,2.1918237958,-4.24907540852,0.0,2875.94012,1221.28024,42.097290551,-800.063739064,2.504626206116
1249.5,25.904391,4046.31869,300.0,0.0,127.1188509,0.0,163.046846,0.0,0.0485944292,193.96924,0.0,0.000987069972,0.0,0.00298579109,0.0,-2.91161e-07,4728.093,12.3705576117,0.0025301017,0.012341787148,0.0,4046.31869,1683.73146,0.0485944292,-3.815211694,4.836938e-06
1250.0,38.5042031,5414.65695,300.0,0.0,170.106467,0.0,215.528643,0.0,0.822619777,193.96924,0.0,0.01670938993,0.0,0.050544289,0.0,-2.91161e-07,4728.093,0.0,0.0428302525,0.035718257,0.0,5414.65695,2253.55909,0.822619777,0.0,0.0
1250.5,57.6681218,7570.568240000001,300.0,0.0,237.836416,0.0,307.300073,0.0,2.19704511,193.90325,0.0,0.0446074105,0.0,0.1349330976,0.0,-2.91161e-07,4728.093,0.0,0.1143906346,0.0427644193,0.0,7570.568240000001,3151.45215,2.19704511,0.0,0.0
1251.0,43.9309698,10019.0752,300.0,0.0,314.75853,0.0,444.629977,0.0,3.31553998,189.622299,0.0,0.0658092406,0.0,0.199066584,0.0,-2.91161e-07,4728.093,0.0,0.172625823,0.01432256556,0.0,10019.0752,4170.94716,3.31553998,0.0,0.0
1251.5,11.716165379,11254.422750000002,284.297442,0.0,334.904958,0.0,477.780465,0.0,3.14808209,182.984567,0.0,0.060364833,0.0,0.182597771,0.0,-2.91161e-07,4728.093,0.0,0.163907017,-0.02135855794,0.0,11254.422750000002,4684.88666,3.14808209,0.0,0.0
1252.0,0.0,11403.06075,262.644902,0.0,313.63097,0.0,447.430674,0.0,2.24205968,180.56178,0.0,0.0423937298,0.0,0.128236931,0.0,-2.91161e-07,4728.093,0.0,0.116734346,-0.0249399369,0.0,11403.06075,4746.20666,2.24205968,0.0,0.0
1252.5,0.0,11403.4454,248.09412,0.0,296.265528,0.0,422.656871,0.0,1.5263121,180.56178,0.0,0.0288600984,0.0,0.0872990046,0.0,-2.91161e-07,4728.093,0.0,0.0794684673,-0.016978148,0.0,11403.4454,4745.94899,1.5263121,0.0,0.0
1253.0,0.0,11403.7073,233.651884,0.0,279.025526,0.0,398.062031,0.0,1.03905831,180.56178,0.0,0.0196469159,0.0,0.0594300184,0.0,-2.91161e-07,4728.093,0.0,0.0540992723,-0.01155808955,0.0,11403.7073,4745.77348,1.03905831,0.0,0.0
1253.5,0.0,11403.88575,217.999492,0.0,260.337613,0.0,371.40157,0.0,0.707353918,180.56178,0.0,0.0133749211,0.0,0.0404578412,0.0,-2.91161e-07,4723.21908,0.0,0.036828858,-0.00786832584,0.0,11403.88575,4745.653929999999,0.707353918,0.0,0.0
1254.0,0.0,11307.495299999999,67.731568,-7.320209,81.1725747,-8.4559183,119.9690622,-7.8963018,1.421461124,180.56178,54.168534,0.026877536,0.0201466139,0.0805682825,0.0602078945,7.498034e-06,4412.41132,0.0,0.074009334,0.1721801022,0.0,11307.495299999999,4705.96224,1.421461124,0.0,0.0
1254.5,0.0,9585.3459,-15.99167498,-15.99167498,-16.35809363,-16.35809363,-14.96994057,-14.96994057,15.91958274,180.56178,180.56178,0.301013629,0.301013629,0.867487355,0.867487355,0.000139464464,3931.60687,0.0,0.828863824,0.535086185,0.0,9585.3459,3997.82849,15.91958274,0.0,0.0
1255.0,0.0,8938.2053,0.4337815802,0.4337815802,0.4058918076,0.4058918076,0.5744018301,0.5744018301,33.8133499,180.56178,180.56178,0.639355882,0.639355882,1.7627591,1.7627591,0.000171701108,3756.7651,0.0,1.76051485,0.506470594,0.0,8938.2053,3738.99653,33.8133499,0.0,0.0
1255.5,0.0,8943.4249,-0.1067643791,-0.1067643791,-0.0999708844,-0.0999708844,-0.0736383726,-0.0736383726,51.3397116,180.56178,180.56178,0.97075108,0.97075108,2.56281633,2.56281633,0.000139338798,3756.7651,0.0,2.67303664,0.507345653,0.0,8943.4249,3751.40198,51.3397116,0.0,0.0
1256.0,0.0,8919.78735,-0.140359051,-0.140359051,-0.131105852,-0.131105852,-0.0966782845,-0.0966782845,68.8795608,180.56178,180.56178,1.30240134,1.30240134,3.29725724,3.29725724,9.9633998e-05,3756.7651,0.0,3.58626066,0.507313137,0.0,8919.78735,3751.80764,68.8795608,0.0,0.0
1256.5,0.0,8895.2531,-0.140969532,-0.140969532,-0.131314351,-0.131314351,-0.096950722,-0.096950722,86.416308,180.56178,180.56178,1.63399293,1.63399293,3.97321185,3.97321185,4.8492455e-05,3756.7651,0.0,4.49932332,0.507196682,0.0,8895.2531,3751.83829,86.416308,0.0,0.0
1257.0,0.0,8876.516099999999,0.0497014059,-0.0493213884,0.04617818547,-0.045857834,0.0906495745,-0.033885306,98.992462,180.56178,54.32566245,1.87178773,0.5564962246,5.29949254,1.3208630312,2.754361e-06,3756.7651,0.0,5.15410927,0.098520637,0.0,8876.516099999999,3751.38481,98.992462,0.0,0.0
1257.5,0.29946829715,8877.1688,0.832636947,0.0,0.774035703,0.0,1.047444007,0.0,97.2272869,180.56178,0.0,1.8384111,0.0,5.56101566,0.0,-1.42727e-07,3756.7651,0.0,5.0622043,-0.0769668775,0.0,8877.1688,3750.62574,97.2272869,0.0,0.0
1258.0,19.3768846,8914.7688,-7.82579629,-7.82579629,-7.30657661,-7.30657661,-6.294479027,-6.294479027,102.183333,180.56178,151.5489311,1.93212195,1.639737605,4.53992602,3.82580753,5.919546e-06,3756.7651,0.0,5.32024409,0.448956348,0.0,8914.7688,3769.16508,102.183333,0.0,0.0
1258.5,48.8882697,8895.1404,-20.5804176,-20.5804176,-19.1673208,-19.1673208,-17.9293806,-17.9293806,121.5820855,180.56178,180.56178,2.29892105,2.29892105,5.17809942,5.17809942,8.047799e-05,3756.7651,0.0,6.33025328,0.599394227,0.0,8895.1404,3772.32448,121.5820855,0.0,0.0
1259.0,59.621185,8828.72305,-25.349133,-25.349133,-23.4368998,-23.4368998,-22.1535225,-22.1535225,142.81933,180.56178,180.56178,2.70048316,2.70048316,5.82360521,5.82360521,0.000222521286,3756.7651,0.0,7.43598485,0.619963535,0.0,8828.72305,3757.08789,142.81933,0.0,0.0
1259.5,59.621185,8786.6014,-24.9916209,-24.9916209,-22.9955685,-22.9955685,-21.7343975,-21.7343975,164.232391,180.56178,180.56178,3.10536948,3.10536948,6.42113913,6.42113913,0.00036632202,3756.7651,0.0,8.55087015,0.619057713,0.0,8786.6014,3752.06384,164.232391,0.0,0.0
1260.0,59.621185,8756.3618,-24.9809962,-24.9809962,-22.9066759,-22.9066759,-21.6552394,-21.6552394,185.628307,180.56178,180.56178,3.50993167,3.50993167,6.9711305,6.9711305,0.000504655462,3756.7651,0.0,9.6648628,0.6187162,0.0,8756.3618,3751.97383,185.628307,0.0,0.0
1260.5,59.621185,8726.4192,-24.9806973,-24.9806973,-22.8280726,-22.8280726,-21.5859789,-21.5859789,207.012209,180.56178,180.56178,3.91426676,3.91426676,7.49661507,7.49661507,0.000571234871,3756.7651,0.0,10.7782303,0.618353365,0.0,8726.4192,3752.00028,207.012209,0.0,0.0
1261.0,59.621185,8696.499800000001,-24.9805822,-24.9805822,-22.7496995,-22.7496995,-21.516811,-21.516811,228.382897,180.56178,180.56178,4.31835196,4.31835196,7.99660022,7.99660022,0.00043377953,3756.7651,0.0,11.8909095,0.61795164,0.0,8696.499800000001,3752.02889,228.382897,0.0,0.0
1261.5,59.5410567,8666.47315,-24.9669856,-24.9669856,-22.6588323,-22.6588323,-21.4353698,-21.4353698,249.738834,180.56178,180.56178,4.72215823,4.72215823,8.4641794,8.4641794,0.000282784621,3756.7651,0.0,13.0028205,0.617394282,0.0,8666.47315,3752.00415,249.738834,0.0,0.0
1262.0,54.4196994,8626.8979,-22.9120347,-22.9120347,-20.7000996,-20.7000996,-19.5131271,-19.5131271,270.95285,180.56178,180.56178,5.12328127,5.12328127,8.89990795,8.89990795,0.000131884091,3756.7651,0.0,14.1073428,0.607378273,0.0,8626.8979,3747.92334,270.95285,0.0,0.0
1262.5,46.4975806,8594.758,-19.4954072,-19.4954072,-17.5474626,-17.5474626,-16.4203313,-16.4203313,291.676844,180.56178,180.56178,5.51513838,5.51513838,9.30036465,9.30036465,1.0283347e-05,3756.7651,0.0,15.1863513,0.591700069,0.0,8594.758,3746.65024,291.676844,0.0,0.0
1263.0,43.61662,8576.12695,-18.2132527,-18.2132527,-16.3570993,-16.3570993,-15.2639933,-15.2639933,311.984375,180.56178,180.56178,5.89912099,5.89912099,9.67062815,9.67062815,-3.98781e-07,3756.7651,0.0,16.2436763,0.585580649,0.0,8576.12695,3750.7551,311.984375,0.0,0.0
1263.5,43.61662,8551.045399999999,-18.3089924,-18.3089924,-16.3950311,-16.3950311,-15.30680675,-15.30680675,332.223374,180.56178,180.56178,6.28180783,6.28180783,10.0196332,10.0196332,-3.98781e-07,3756.7651,0.0,17.2974337,0.585184626,0.0,8551.045399999999,3752.13596,332.223374,0.0,0.0
1264.0,43.61662,8522.812600000001,-18.3116388,-18.3116388,-16.3432632,-16.3432632,-15.2632232,-15.2632232,352.444092,180.56178,180.56178,6.66414901,6.66414901,10.34996835,10.34996835,-3.98781e-07,3756.7651,0.0,18.3502391,0.584591804,0.0,8522.812600000001,3752.19478,352.444092,0.0,0.0
1264.5,43.61662,8488.0144,-19.3988294,-19.3988294,-17.2347672,-17.2347672,-16.14614835,-16.14614835,372.647238,180.56178,180.56178,7.04615784,7.04615784,10.6631013,10.6631013,-3.98781e-07,3750.01626,0.0,19.4021297,0.585848076,0.0,8488.0144,3749.51145,372.647238,0.0,0.0
1265.0,43.61662,7465.459089999999,-34.3430118,-34.3430118,-26.8679021,-26.8679021,-25.7293291,-25.7293291,393.381329,180.56178,180.56178,7.43820605,7.43820605,11.01443995,11.01443995,-3.98781e-07,3320.17302,0.0,20.4816643,0.611158642,0.0,7465.459089999999,3336.12513,393.381329,0.0,0.0
1265.5,44.886313,5786.06243,-32.524209,-32.524209,-19.7698876,-19.7698876,-18.8522747,-18.8522747,414.463048,180.56178,180.56178,7.83682737,7.83682737,11.45335655,11.45335655,-3.98781e-07,2655.23988,0.0,21.5792978,0.608737695,0.0,5786.06243,2649.62521,414.463048,0.0,0.0
1266.0,125.7762918,5290.73059,-49.986413,-49.986413,-27.8156078,-27.8156078,-26.45225125,-26.45225125,436.930055,180.56178,180.56178,8.26164225,8.26164225,11.91181065,11.91181065,-3.98781e-07,2413.4048,0.0,22.7490576,0.732498857,0.0,5290.73059,2456.63227,436.930055,0.0,0.0
1266.5,249.614766,5343.06953,-104.6771624,-104.6771624,-58.5440774,-58.5440774,-55.0400724,-55.0400724,466.460011,180.765929,180.765929,8.83031185,8.83031185,12.5122412,12.5122412,-3.98781e-07,2413.4048,0.0,24.2865551,0.971456802,0.0,5343.06953,2495.65322,466.460011,0.0,0.0
1267.0,212.617043,4982.49762,-91.8838655,-91.8838655,-48.1341318,-48.1341318,-45.2319437,-45.2319437,500.818599,194.052016,194.052016,10.1830638,10.1830638,14.2849259,14.2849259,-3.98781e-07,2413.4048,0.0,26.0754576,0.94772402,0.0,4982.49762,2365.67835,500.818599,0.0,0.0
1267.5,86.0371133,4841.89807,-35.4964463,-35.4964463,-18.0086787,-18.0086787,-17.06159971,-17.06159971,529.654452,214.663773,175.898714,11.9103669,9.73124248,16.2725564,13.40183774,-3.98781e-07,2413.4048,0.0,27.5768165,0.642124635,0.0,4841.89807,2324.01088,529.654452,0.0,0.0
1268.0,106.8716016,5099.437879999999,-41.7867617,-41.7867617,-22.4259756,-22.4259756,-21.31389745,-21.31389745,550.411987,222.1936,200.798128,12.8070192,11.5955518,17.5705456,15.963332,1.1649922e-05,2413.4048,0.0,28.6575718,0.75686692,0.0,5099.437879999999,2443.2952,550.411987,0.0,0.0
1268.5,210.892105,5145.29666,-88.7064273,-88.7064273,-47.7684831,-47.7684831,-45.0059318,-45.0059318,582.219629,222.1936,222.1936,13.5471214,13.5471214,18.5158877,18.5158877,0.000147842261,2410.37588,0.0,30.3136582,1.027355997,0.0,5145.29666,2480.9496,582.219629,0.0,0.0
1269.0,248.72076,4518.302460000001,-112.3086974,-112.3086974,-53.1721216,-53.1721216,-49.3472878,-49.3472878,619.758807,222.1936,222.1936,14.4205852,14.4205852,19.4306763,19.4306763,0.000387722977,2216.94017,0.0,32.2681608,1.11057896,0.0,4518.302460000001,2241.97156,619.758807,0.0,0.0
1269.5,247.475406,3676.59084,-109.9263632,-109.9263632,-42.3494022,-42.3494022,-38.7686142,-38.7686142,658.043498,222.1936,222.1936,15.31139555,15.31139555,20.3544793,20.3544793,0.000585069629,1917.71389,0.0,34.2614778,1.1028772,0.0,3676.59084,1914.08334,658.043498,0.0,0.0
1270.0,167.886512,3192.86268,-71.2123446,-71.2123446,-23.8784694,-23.8784694,-22.0391476,-22.0391476,694.011882,222.1936,222.1936,16.1483098,16.1483098,21.2003574,21.2003574,0.000678897493,1808.8986,0.0,36.1341956,0.940736714,0.0,3192.86268,1733.80212,694.011882,0.0,0.0
1270.5,44.7736735367,3128.24602,-18.3417340024,-18.6346859224,-6.0169927406,-6.1129431526,-5.5149110094,-5.6406328094,719.190091,222.08268,138.3920054,16.7257444,10.40221813,20.9287688,13.09160353,0.000582071082,1808.8986,0.0,37.4451166,0.433195899,0.0,3128.24602,1721.61608,719.190091,0.0,0.0
1271.0,0.0,3260.08229,6.18684428,1.955311096,2.097404905,0.663412202,2.738307016,0.866063681,726.554749,214.8649,69.5556924,16.3475161,5.29248976,20.1472689,6.52212088,0.000430984055,1808.8986,0.0,37.8285628,0.1219431043,0.0,3260.08229,1780.77427,726.554749,0.0,0.0
1271.5,0.0,3329.02403,-0.2160799525,-0.2381777255,-0.0753005957,-0.0830394779,-0.0508909924,-0.0609642998,731.477482,203.767588,79.1393422,15.6081487,6.06206245,19.1575888,7.44058756,0.000279991447,1808.8986,0.0,38.0848684,0.156460123,0.0,3329.02403,1812.33579,731.477482,0.0,0.0
1272.0,0.0,3310.19583,-0.0565509397,-0.0565509397,-0.0196064939,-0.0196064939,-0.01504924855,-0.01504924855,736.818152,206.179594,78.0796288,15.9091611,6.0245475,19.5051752,7.38634372,0.000129092692,1808.8986,0.0,38.3629349,0.152379015,0.0,3310.19583,1807.61961,736.818152,0.0,0.0
1272.5,0.0,3304.28346,0.06838706358,-0.0169789715,0.0236624547,-0.005875853,0.03398058889,-0.00450935575,740.263042,216.267018,31.0622749,16.7649804,2.4086825,24.4198527,2.9506346,9.316211e-06,1808.8986,0.0,38.5422942,-2.7738e-05,0.0,3304.28346,1807.17085,740.263042,0.0,0.0
1273.0,0.0,3305.50888,0.875724902,0.0,0.303153202,0.0,0.395008611,0.0,737.334994,219.95198,0.0,16.983271,0.0,27.3380316,0.0,-1.50566e-07,1808.8986,0.0,38.3898433,-0.1003683694,0.0,3305.50888,1805.97111,737.334994,0.0,0.0
1273.5,0.0,3307.37231,2.44017299,0.0,0.8451783,0.0,1.101214673,0.0,733.868894,219.95198,0.0,16.9034351,0.0,27.254271,0.0,-1.50566e-07,1808.8986,0.0,38.209379,-0.1001483115,0.0,3307.37231,1804.72268,733.868894,0.0,0.0
1274.0,0.0,3309.23169,4.75042415,0.0,1.64626424,0.0,2.14487436,0.0,730.410381,219.95198,0.0,16.8237741,0.0,27.1704181,0.0,-1.50566e-07,1808.8986,0.0,38.0293094,-0.0999297705,0.0,3309.23169,1803.47701,730.410381,0.0,0.0
1274.5,0.4554604775,3312.09821,7.69994756,0.0,2.67077978,0.0,3.47941486,0.0,726.96032,219.95198,0.0,16.7443076,0.0,27.0864949,0.0,-1.50566e-07,1808.8986,0.0,37.8496784,-0.0991833946,0.0,3312.09821,1802.65528,726.96032,0.0,0.0
1275.0,29.4704451,3413.01607,-11.07091414,-11.58706394,-3.966602387,-4.147811267,-3.542006922,-3.777824762,725.568324,219.95198,38.86430128,16.712246,2.95506336,22.9357843,3.762364424,-1.50566e-07,1808.8986,0.0,37.7772036,0.0804919554,0.0,3413.01607,1843.8352,725.568324,0.0,0.0
1275.5,74.3543961,3390.08183,-31.2119801,-31.2119801,-11.0761839,-11.0761839,-10.3797526,-10.3797526,734.077832,219.95198,109.6515499,16.9082475,8.43645435,20.7735444,10.36880425,-1.50566e-07,1808.8986,0.0,38.2202569,0.395486946,0.0,3390.08183,1839.26073,734.077832,0.0,0.0
1276.0,90.67829,3309.89098,-38.4308062,-38.4308062,-13.3216015,-13.3216015,-12.4907136,-12.4907136,750.295539,219.95198,129.427135,17.281795,10.1677195,21.2313981,12.4921356,-1.50566e-07,1808.8986,0.0,39.0646438,0.4900622,0.0,3309.89098,1815.36209,750.295539,0.0,0.0
1276.5,90.67829,3268.22655,-37.8788089,-37.8788089,-12.9639536,-12.9639536,-12.14867215,-12.14867215,766.824228,220.169252,123.9529571,17.6801194,9.9531941,21.5801036,12.1488954,-1.50566e-07,1808.8986,0.0,39.925221,0.470306213,0.0,3268.22655,1807.67622,766.824228,0.0,0.0
1277.0,90.67829,3245.29615,-37.8599763,-37.8599763,-12.8665858,-12.8665858,-12.05374075,-12.05374075,782.897611,234.307315,121.0114705,19.2126904,9.92071195,23.343025,12.0539077,-1.50566e-07,1808.8986,0.0,40.7620923,0.459681701,0.0,3245.29615,1807.51982,782.897611,0.0,0.0
1277.5,90.67829,3223.28697,-37.8568692,-37.8568692,-12.77827735,-12.77827735,-11.96736135,-11.96736135,798.613167,256.463166,118.218098,21.45114,9.88628295,25.9661412,11.9675249,-1.50566e-07,1808.8986,0.0,41.5803326,0.449566184,0.0,3223.28697,1807.53782,798.613167,0.0,0.0
1278.0,90.67829,3201.76323,-37.8541867,-37.8541867,-12.69204955,-12.69204955,-11.8824786,-11.8824786,813.987533,278.978671,115.5719799,23.7832884,9.85108285,28.6871974,11.8826393,-1.50566e-07,1808.8986,0.0,42.3808093,0.439930548,0.0,3201.76323,1807.55863,813.987533,0.0,0.0
1278.5,90.67829,3180.69703,-37.8516028,-37.8516028,-12.6076812,-12.6076812,-11.79942185,-11.79942185,829.035046,301.269712,113.0294871,26.157756,9.8124871,31.4541957,11.799579,-1.50566e-07,1808.8986,0.0,43.1642677,0.430633559,0.0,3180.69703,1807.57898,829.035046,0.0,0.0
1279.0,90.67829,3160.07203,-37.8491257,-37.8491257,-12.52510785,-12.52510785,-11.71818395,-11.71818395,843.76752,295.915204,110.6062445,26.1441303,9.7727741,31.3492702,11.7183375,-1.50566e-07,1808.8986,0.0,43.9313242,0.421725648,0.0,3160.07203,1807.59894,843.76752,0.0,0.0
1279.5,90.67829,3139.86823,-37.8467625,-37.8467625,-12.4442522,-12.4442522,-11.63868485,-11.63868485,858.199121,274.85779,108.3070665,24.6990954,9.7333233,29.5348342,11.63883515,-1.50566e-07,1808.8986,0.0,44.6827156,0.41322289,0.0,3139.86823,1807.61849,858.199121,0.0,0.0
1280.0,90.67829,3120.06677,-37.8445036,-37.8445036,-12.3650345,-12.3650345,-11.560844,-11.560844,872.343334,267.16547,106.1219026,24.4059863,9.6941456,29.1058304,11.5609912,-1.50566e-07,1808.8986,0.0,45.4191438,0.405092864,0.0,3120.06677,1807.63765,872.343334,0.0,0.0
1280.5,90.67829,3103.26172,-37.4073763,-37.4073763,-12.15570245,-12.15570245,-11.3616443,-11.3616443,886.204218,267.16547,102.9581494,24.7937794,9.5539028,29.4881423,11.3631267,-1.50566e-07,1811.59091,0.0,46.1408196,0.393049771,0.0,3103.26172,1808.73822,886.204218,0.0,0.0
1281.0,90.67829,3482.46146,-31.4273991,-31.4273991,-11.46405515,-11.46405515,-10.7653858,-10.7653858,898.939474,267.16547,96.3695448,25.1500802,9.07404585,29.8273545,10.7615648,-1.50566e-07,1983.36825,0.0,46.8038899,0.360334405,0.0,3482.46146,1973.96204,898.939474,0.0,0.0
1281.5,90.67829,4123.74681,-32.2572099,-32.2572099,-13.9420403,-13.9420403,-13.17742305,-13.17742305,912.457574,267.400953,116.142389,25.5509495,11.1007978,30.3142009,13.1713789,-1.50566e-07,2249.08826,0.0,47.5077177,0.424689096,0.0,4123.74681,2248.69877,912.457574,0.0,0.0
1282.0,90.67829,4348.17952,-38.2747252,-38.2747252,-17.4283222,-17.4283222,-16.5185858,-16.5185858,929.094601,282.72409,142.489305,27.5112423,13.8624518,32.7805938,16.5185982,-1.50566e-07,2345.7283,0.0,48.3739368,0.519089836,0.0,4348.17952,2351.80109,929.094601,0.0,0.0
1282.5,90.67829,4304.905489999999,-37.8916013,-37.8916013,-17.0818769,-17.0818769,-16.1840603,-16.1840603,946.701751,306.495522,137.656045,30.3888704,13.64653425,36.0390296,16.1843251,-1.50566e-07,2345.7283,0.0,49.2906651,0.501361729,0.0,4304.905489999999,2344.07514,946.701751,0.0,0.0
1283.0,90.67829,4280.35986,-37.8687038,-37.8687038,-16.9742014,-16.9742014,-16.0789891,-16.0789891,963.847768,315.1793,134.838747,31.8122754,13.6094084,37.585172,16.0791689,-1.50566e-07,2345.7283,0.0,50.1833846,0.490793139,0.0,4280.35986,2343.87293,963.847768,0.0,0.0
1283.5,90.67829,4256.83974,-37.8655373,-37.8655373,-16.8795184,-16.8795184,-15.9864462,-15.9864462,980.640969,315.1793,132.167614,32.3665421,13.5722421,38.1240839,15.9866207,-1.50566e-07,2345.7283,0.0,51.0577321,0.480736435,0.0,4256.83974,2343.89147,980.640969,0.0,0.0
1284.0,90.67829,4233.80883,-37.8628296,-37.8628296,-16.7869946,-16.7869946,-15.8960405,-15.8960405,997.09167,315.1793,129.601219,32.9095061,13.5319846,38.6590945,15.8962114,-1.50566e-07,2345.7283,0.0,51.9142499,0.471024512,0.0,4233.80883,2343.91368,997.09167,0.0,0.0
1284.5,90.67829,4211.23849,-37.8602427,-37.8602427,-16.6963625,-16.6963625,-15.80751205,-15.80751205,1013.213755,315.1793,127.1588429,33.441624,13.4916693,39.1821334,15.8076794,-1.50566e-07,2345.7283,0.0,52.7536575,0.461719411,0.0,4211.23849,2343.93543,1013.213755,0.0,0.0
1285.0,90.67829,4189.10913,-37.8577603,-37.8577603,-16.6075369,-16.6075369,-15.72065465,-15.72065465,1029.0207,315.1793,124.8301365,33.9633401,13.45123735,39.6937127,15.72081935,-1.50566e-07,2345.7283,0.0,53.5766573,0.45278781,0.0,4189.10913,2343.95684,1029.0207,0.0,0.0
1285.5,90.2230604,4166.6788,-37.7789486,-37.7789486,-16.4843538,-16.4843538,-15.6007136,-15.6007136,1044.52279,315.1793,122.3528842,34.4749941,13.38275435,40.1917419,15.60203735,-1.50566e-07,2345.7283,0.0,54.3837835,0.442722408,0.0,4166.6788,2343.67495,1044.52279,0.0,0.0
1286.0,61.2078472,4092.45936,-26.1018718,-26.1018718,-11.19826446,-11.19826446,-10.53883845,-10.53883845,1057.45517,315.1793,81.8649628,34.9018339,9.06018003,40.7144538,10.55519073,-1.50566e-07,2345.7283,0.0,55.0571158,0.25650151,0.0,4092.45936,2320.34285,1057.45517,0.0,0.0
1286.5,16.3235139244,4068.84152,-6.603994892,-6.80419431,-2.8138148068,-2.899135956,-2.4577988704,-2.56716813,1061.0895,314.966177,18.0615169172,34.9981304,2.00749229885,47.9916994,2.57902712523,-1.50566e-07,2345.7283,0.0,55.2463398,-0.03612932385,0.0,4068.84152,2312.63731,1061.0895,0.0,0.0
1287.0,0.0,4071.01134,12.81032796,0.0,5.46163892,0.0,7.00084762,0.0,1057.58204,301.098163,0.0,33.3473534,0.0,48.7468617,0.0,-1.50566e-07,2345.7283,0.0,55.0637238,-0.1251741105,0.0,4071.01134,2311.49218,1057.58204,0.0,0.0
1287.5,0.0,4073.3342,33.1757966,0.0,14.1518372,0.0,18.1395135,0.0,1053.26139,279.584165,0.0,30.8381382,0.0,45.1201262,0.0,-1.50566e-07,2345.7283,0.0,54.8387652,-0.1247805358,0.0,4073.3342,2309.93605,1053.26139,0.0,0.0
1288.0,0.0,4075.64987,54.4701508,0.0,23.2483529,0.0,29.7981505,0.0,1048.9543,271.72504,0.0,29.8479732,0.0,43.7114723,0.0,-1.50566e-07,2345.7283,0.0,54.6145119,-0.124389797,0.0,4075.64987,2308.38464,1048.9543,0.0,0.0
1288.5,0.0,4077.9582,76.6904939,0.0,32.7505734,0.0,41.9759185,0.0,1044.66063,271.72504,0.0,29.7257976,0.0,43.5721765,0.0,-1.50566e-07,2345.7283,0.0,54.39096,-0.1240018741,0.0,4077.9582,2306.83815,1044.66063,0.0,0.0
1289.0,0.0,4080.2594,99.8339344,0.0,42.6578886,0.0,54.6719827,0.0,1040.38034,271.72504,0.0,29.6040023,0.0,43.4330608,0.0,-1.50566e-07,2345.7283,0.0,54.1681042,-0.1236167409,0.0,4080.2594,2305.29642,1040.38034,0.0,0.0
1289.5,0.0,4082.55346,123.8976162,0.0,52.9696889,0.0,67.8855116,0.0,1036.11331,271.813456,0.0,29.4921591,0.0,43.3081913,0.0,-1.50566e-07,2345.7283,0.0,53.9459388,-0.1232343757,0.0,4082.55346,2303.75956,1036.11331,0.0,0.0
1290.0,0.0,4084.84039,148.878695,0.0,63.6853706,0.0,81.6156774,0.0,1031.85947,277.566624,0.0,29.992429,0.0,44.082747,0.0,-1.50566e-07,2345.7283,0.0,53.7244599,-0.1228547541,0.0,4084.84039,2302.22742,1031.85947,0.0,0.0
1290.5,0.22192129622,4087.61378,174.723149,0.0,74.7920341,0.0,95.8450938,0.0,1027.61916,286.491756,0.0,30.8296462,0.0,45.3541594,0.0,-1.50566e-07,2345.7283,0.0,53.5036841,-0.1222199074,0.0,4087.61378,2300.90551,1027.61916,0.0,0.0
1291.0,14.38278138,4338.62048,159.055558,0.0,71.7049363,0.0,91.6142848,0.0,1023.615812,289.75214,0.0,31.0593408,0.0,45.730924,0.0,-1.50566e-07,2345.7283,0.0,53.2952472,-0.105368413,0.0,4338.62048,2403.01369,1023.615812,0.0,0.0
1291.5,36.379397,4793.50364,-5.2403487,-18.7782498,-2.38724278,-9.2908025,-0.01797275,-8.78826815,1023.505024,289.755756,70.0925301,31.0563689,7.519086,39.0837428,8.7724237,-1.50566e-07,2345.7283,0.0,53.2894802,0.179648704,0.0,4793.50364,2592.22927,1023.505024,0.0,0.0
1292.0,50.1725541,4240.74056,-22.3475407,-22.3475407,-9.9258281,-9.9258281,-9.3203091,-9.3203091,1031.71639,289.99115,73.8618894,31.3309822,7.97980156,36.6020028,9.3220984,-1.50566e-07,2345.7283,0.0,53.7170099,0.213471244,0.0,4240.74056,2367.01498,1031.71639,0.0,0.0
1292.5,58.8717404,4189.7422,-24.6961668,-24.6961668,-10.8349177,-10.8349177,-10.2009899,-10.2009899,1039.54038,290.35634,80.4136132,31.6083361,8.754635,36.8251343,10.1991068,-1.50566e-07,2345.7283,0.0,54.1243692,0.248178558,0.0,4189.7422,2350.36257,1039.54038,0.0,0.0
1293.0,42.1628356,4128.5856,-18.0830093,-18.0830093,-7.82508526,-7.82508526,-7.28459466,-7.28459466,1047.00954,290.48975,56.3005302,31.8500455,6.17083565,37.8406743,7.29619433,-1.50566e-07,2345.7283,0.0,54.5132586,0.1385925136,0.0,4128.5856,2329.2761,1047.00954,0.0,0.0
1293.5,11.2449132308,4110.60146,-4.5395604292,-4.68064544,-1.9538819015,-2.014632687,-1.6386288248,-1.716450235,1048.07033,290.48975,11.36582724813,31.8823145,1.248076385217,45.4673344,1.72437662625,-1.50566e-07,2345.7283,0.0,54.5684885,-0.066243775,0.0,4110.60146,2322.41215,1048.07033,0.0,0.0
1294.0,0.0,4113.17215,8.97450702,0.0,3.86587158,0.0,4.95203575,0.0,1044.32143,290.48975,0.0,31.7682716,0.0,46.5693907,0.0,-1.50566e-07,2345.7283,0.0,54.3732972,-0.1239712932,0.0,4113.17215,2321.29293,1044.32143,0.0,0.0
1294.5,0.0,4115.47305,24.3837239,0.0,10.50908454,0.0,13.46127815,0.0,1040.04214,290.48975,0.0,31.6380973,0.0,46.4206826,0.0,-1.50566e-07,2349.35791,0.0,54.1504957,-0.1235863775,0.0,4115.47305,2319.75156,1040.04214,0.0,0.0
1295.0,0.0,4117.76644,149.2006562,0.0,64.3418366,0.0,82.4134307,0.0,1035.77617,290.48975,0.0,31.5083262,0.0,46.2721688,0.0,-1.50566e-07,2580.56202,0.0,53.9283847,-0.123204231,0.0,4117.76644,2318.21509,1035.77617,0.0,0.0
1295.5,0.0,4120.0527,300.0,0.0,129.435273,0.0,165.784354,0.0,1031.52336,290.48975,0.0,31.3789557,0.0,46.1238433,0.0,-1.50566e-07,2938.21683,0.0,53.706959,-0.122824827,0.0,4120.0527,2316.68329,1031.52336,0.0,0.0
1296.0,0.0,4122.33221,300.0,0.0,129.506885,0.0,165.870054,0.0,1027.28362,290.48975,0.0,31.2499827,0.0,45.9757057,0.0,-1.50566e-07,3068.2935,0.0,53.4862147,-0.122448143,0.0,4122.33221,2315.15617,1027.28362,0.0,0.0
1296.5,0.0,4124.60457,300.0,0.0,129.578279,0.0,165.955494,0.0,1023.056865,290.45181,0.0,31.1173477,0.0,45.8217795,0.0,-1.50566e-07,3068.2935,0.0,53.2661447,-0.1220741555,0.0,4124.60457,2313.63372,1023.056865,0.0,0.0
1297.0,0.0,4126.87003,300.0,0.0,129.649449,0.0,166.040667,0.0,1018.842982,287.983107,0.0,30.7259188,0.0,45.285983,0.0,-1.50566e-07,3068.2935,0.0,53.0467469,-0.121702844,0.0,4126.87003,2312.11601,1018.842982,0.0,0.0
1297.5,0.4616084381,4130.15601,300.0,0.0,129.752676,0.0,166.164184,0.0,1014.642823,284.127198,0.0,30.1895466,0.0,44.5353161,0.0,-1.50566e-07,3068.2935,0.0,52.8280627,-0.1207975884,0.0,4130.15601,2311.03084,1014.642823,0.0,0.0
1298.0,29.9448731,4650.26975,299.574018,0.0,145.852775,0.0,185.700164,0.0,1010.921714,281.027807,0.0,29.7506489,0.0,43.9227571,0.0,-1.50566e-07,3068.2935,0.0,52.6343214,-0.0861249519,0.0,4650.26975,2525.28124,1010.921714,0.0,0.0
1298.5,75.5523199,6772.7023,106.8342988,-17.3301471,66.9293704,-13.4353831,88.7565882,-12.8951181,1010.240605,278.389914,79.26881,29.4513576,8.4109672,41.4130582,10.4432313,2.174222e-06,3068.2935,0.0,52.5988578,0.2536955209,0.0,6772.7023,3408.04347,1010.240605,0.0,0.0
1299.0,92.13807,6220.77878,-48.302246,-48.302246,-31.7214517,-31.7214517,-30.3657285,-30.3657285,1034.010055,277.42636,233.702624,30.0400822,25.27148,36.6269562,30.9317473,1.3298417e-05,3068.2935,0.0,53.8364315,0.824459274,0.0,6220.77878,3192.26282,1034.010055,0.0,0.0
1299.5,92.13807,5889.68019,-38.7524398,-38.7524398,-23.9015592,-23.9015592,-22.842189,-22.842189,1057.65259,277.23958,174.353708,30.7060719,19.3095224,36.3253782,22.8436855,-3.5336e-07,3068.2935,0.0,55.0673941,0.613693842,0.0,5889.68019,3068.29497,1057.65259,0.0,0.0
1300.0,92.13807,5854.07615,-38.5093972,-38.5093972,-23.6077057,-23.6077057,-22.5580736,-22.5580736,1078.52174,265.090142,169.627724,29.9365638,19.1575637,35.2513557,22.5583129,-3.5336e-07,3068.2935,0.0,56.1539608,0.596055734,0.0,5854.07615,3065.66516,1078.52174,0.0,0.0
1300.5,92.13807,5825.42497,-38.5015354,-38.5015354,-23.4873649,-23.4873649,-22.4408269,-22.4408269,1098.90521,246.243433,166.275767,28.3338373,19.1339637,33.2315628,22.4410382,-3.5336e-07,3068.2935,0.0,57.2152404,0.583282083,0.0,5825.42497,3065.645,1098.90521,0.0,0.0
1301.0,92.13807,5797.48986,-38.4980642,-38.4980642,-23.372627,-23.372627,-22.3289058,-22.3289058,1118.85777,239.35938,163.094559,28.0449032,19.1086907,32.7711762,22.3291132,-3.5336e-07,3068.2935,0.0,58.2540836,0.57107433,0.0,5797.48986,3065.67116,1118.85777,0.0,0.0
1301.5,92.13807,5770.135670000001,-38.4948049,-38.4948049,-23.2603784,-23.2603784,-22.2192159,-22.2192159,1138.39684,239.563379,160.066624,28.5591678,19.081472,33.2555044,22.2194184,-3.5336e-07,3068.2935,0.000330326415,59.2713987,0.55932632,0.0,5770.135670000001,3065.69758,1138.39684,-0.008084442,0.00038844573
1302.0,92.13807,5743.38538,-38.4909412,-38.4909412,-23.1502205,-23.1502205,-22.1115947,-22.1115947,1157.5021,252.832835,157.183952,30.6500962,19.0523309,35.5710251,22.1117936,-3.5336e-07,3068.2935,0.0214196262,60.266125,0.545323377,0.0,5743.38538,3065.72199,1157.5021,-0.53395189,0.0259425085
1302.5,92.13807,5717.36129,-38.486674,-38.486674,-23.0427678,-23.0427678,-22.0066437,-22.0066437,1176.09013,273.416961,154.391075,33.6771118,19.014351,38.9764915,22.0068369,-3.5336e-07,3068.2935,0.0537129705,61.233924,0.530141725,0.0,5717.36129,3065.74656,1176.09013,-1.341614795,0.0661398465
1303.0,92.13807,5691.96939,-38.4840325,-38.4840325,-22.938856,-22.938856,-21.9051542,-21.9051542,1194.23259,280.93564,151.723123,35.133738,18.9740495,40.5613909,21.9053409,-3.5336e-07,3068.2935,0.0444869159,62.1785255,0.520851793,0.0,5691.96939,3065.77411,1194.23259,-1.113711648,0.0556609349
1303.5,92.13807,5666.90412,-38.4824889,-38.4824889,-22.8369258,-22.8369258,-21.8056084,-21.8056084,1212.13823,281.168953,149.163024,35.6903225,18.9335947,41.1043215,21.8057932,-3.5336e-07,3068.2935,0.011864478547,63.1107937,0.515015923,0.0,5666.90412,3065.79921,1212.13823,-0.29796432829,0.015080835674
1304.0,92.13807,5642.15904,-38.4802206,-38.4802206,-22.7358665,-22.7358665,-21.7069404,-21.7069404,1229.8111,296.345262,146.697865,38.1685749,18.8921946,43.8548709,21.7071239,-3.5336e-07,3068.2935,0.0,64.0309429,0.506748701,0.0,5642.15904,3065.82163,1229.8111,0.0,0.0
1304.5,93.12497,5619.43276,-38.6432209,-38.6432209,-22.7402651,-22.7402651,-21.7093995,-21.7093995,1247.16961,319.789215,144.94921,41.7687927,18.9309997,47.8914879,21.7062789,-3.5336e-07,3068.2935,0.0,64.9347265,0.500660791,0.0,5619.43276,3066.50056,1247.16961,0.0,0.0
1305.0,155.989559,5709.84541,-63.9405413,-63.9405413,-38.2617298,-38.2617298,-36.4359116,-36.4359116,1269.43787,322.001791,231.237203,42.8026946,30.7779954,50.46458,36.3891066,-3.5336e-07,3068.2935,0.0,66.0941355,0.894627681,0.0,5709.84541,3117.12422,1269.43787,0.0,0.0
1305.5,253.235887,5692.20506,-105.9589534,-105.9589534,-63.1363066,-63.1363066,-59.5446718,-59.5446718,1309.36565,312.09563,310.823243,42.7896629,42.6179162,51.8359861,51.6279493,2.2699077e-05,3068.2935,0.0,68.1730035,1.33410677,0.0,5692.20506,3133.09748,1309.36565,0.0,0.0
1306.0,288.6042,5505.03415,-121.6884045,-121.6884045,-70.1569764,-70.1569764,-65.8752774,-65.8752774,1356.95149,308.47598,308.47598,43.8343231,43.8343231,52.7190087,52.7190087,0.000142056052,3068.2935,0.0,70.650594,1.38963888,0.0,5505.03415,3082.99928,1356.95149,0.0,0.0
1306.5,288.6042,5398.06493,-120.5095534,-120.5095534,-68.1221986,-68.1221986,-63.8869496,-63.8869496,1404.84483,308.47598,308.47598,45.3814472,45.3814472,54.2973169,54.2973169,0.000250601065,3068.2935,0.0,73.1441938,1.38187944,0.0,5398.06493,3066.45317,1404.84483,0.0,0.0
1307.0,288.6042,5330.39301,-120.4734501,-120.4734501,-67.2479727,-67.2479727,-63.0173784,-63.0173784,1452.51597,308.47598,308.47598,46.9213933,46.9213933,55.85991,55.85991,0.000336256893,3068.2935,0.0,75.6262235,1.37593851,0.0,5330.39301,3066.12918,1452.51597,0.0,0.0
1307.5,288.6042,5255.79737,-121.827801,-121.827801,-67.0376681,-67.0376681,-62.7649613,-62.7649613,1499.98487,308.47598,308.47598,48.4548059,48.4548059,57.4004663,57.4004663,0.000400552105,3059.90755,0.0,78.0977234,1.3722429,0.0,5255.79737,3062.80621,1499.98487,0.0,0.0
1308.0,288.6042,3949.32177,-140.462116,-140.462116,-58.1224962,-58.1224962,-53.3827718,-53.3827718,1547.66025,308.47598,292.446365,49.9948888,47.3696927,58.6023224,55.5639758,0.000427598782,2523.54644,0.0,80.5799734,1.34652878,0.0,3949.32177,2547.00929,1547.66025,0.0,0.0
1308.5,288.6042,1832.06212,-137.804342,-137.804342,-26.5652848,-26.5652848,-22.5176933,-22.5176933,1587.46057,308.353916,160.3222875,51.2601211,26.610003,57.6249239,29.9924356,0.000295879978,1693.86845,0.0,82.6522058,0.909115296,0.0,1832.06212,1689.24105,1587.46057,0.0,0.0
1309.0,288.6042,1023.447269,-119.0277141,-119.0277141,-12.758187,-12.758187,-9.6433223,-9.6433223,1612.80328,300.42566,90.59135,50.7371979,15.30154315,56.4096991,17.0119773,0.000144971507,1392.1488,0.0,83.9716916,0.647289765,0.0,1023.447269,1367.56789,1612.80328,0.0,0.0
1309.5,288.6042,1050.75703,-120.1892815,-120.1892815,-13.2250037,-13.2250037,-10.0495164,-10.0495164,1634.67598,288.130138,71.7468293,49.3209081,12.2710706,55.355495,13.7329527,1.5780423e-05,1392.1488,0.0,85.110507,0.585280015,0.0,1050.75703,1391.70298,1634.67598,0.0,0.0
1310.0,288.6042,1026.885527,-120.2301795,-120.2301795,-12.92897595,-12.92897595,-9.7778045,-9.7778045,1652.99606,283.6408,49.7577978,49.098606,8.61283105,55.7426784,9.7782818,-2.88256e-07,1392.1488,0.0,86.064355,0.511610171,0.0,1026.885527,1392.46685,1652.99606,0.0,0.0
1310.5,288.6042,1002.40758,-120.229996,-120.229996,-12.6207687,-12.6207687,-9.4978892,-9.4978892,1670.52734,283.6408,47.7614423,49.6193346,8.3549604,56.4101283,9.49836025,-2.88256e-07,1392.1488,0.0,86.9771322,0.502636462,0.0,1002.40758,1392.51778,1670.52734,0.0,0.0
1311.0,288.6042,978.292624,-120.2276321,-120.2276321,-12.31690825,-12.31690825,-9.22417,-9.22417,1687.75346,283.6408,45.8535837,50.1309985,8.1039392,57.0638535,9.2246338,-2.88256e-07,1392.1488,0.0,87.8740206,0.493963227,0.0,978.292624,1392.54156,1687.75346,0.0,0.0
1311.5,286.996673,952.035841,-119.9548685,-119.9548685,-11.96008655,-11.96008655,-8.8912523,-8.8912523,1704.677,283.6408,43.7018201,50.633676,7.80088404,57.7251104,8.89317875,-2.88256e-07,1392.1488,0.0,88.755159,0.48218571,0.0,952.035841,1391.49746,1704.677,0.0,0.0
1312.0,184.534137,736.140923,-78.8225002,-78.8225002,-6.20443671,-6.20443671,-4.56681729,-4.56681729,1717.76693,283.6408,20.271926,51.0224817,3.64487379,65.1609899,4.57607971,-2.88256e-07,1392.1488,0.0,89.4366916,0.2135844233,0.0,736.140923,1309.3051,1717.76693,0.0,0.0
1312.5,26.034231357,623.894364,-4.69122058,-14.14587468,-0.5361991905,-0.9914572665,0.3206568035,-0.7633258965,1718.76025,283.6408,3.180427672,51.0519867,0.57288171696,68.408636,0.7675643149,-2.88256e-07,1392.1488,0.0,89.4884108,-0.1394770105,0.0,623.894364,1263.17846,1718.76025,0.0,0.0
1313.0,-31.611357,48.808925745,204.134715,0.0,0.6686389971,0.0,1.9113832686,0.0,1711.06721,283.6408,0.0,50.823482,0.0,68.1465241,0.0,-2.88256e-07,1392.1488,0.0,89.087867,-0.247189712,0.0,48.808925745,1019.389272,1711.06721,0.0,0.0
1313.5,-31.611357,22.718626617,299.029257,0.0,0.7055459235,0.0,2.0169355623,0.0,1701.93282,283.6408,0.0,50.5521657,0.0,67.8348785,0.0,-2.88256e-07,1392.1488,0.0,88.6122804,-0.248889646,0.0,22.718626617,1003.199403,1701.93282,0.0,0.0
1314.0,-31.611357,17.50207827,299.388429,0.0,0.5477886894,0.0,1.565956917,0.0,1692.83263,283.6408,0.0,50.2818629,0.0,67.5239198,0.0,-2.88256e-07,1392.1488,0.0,88.1384699,-0.238922665,0.0,17.50207827,995.715218,1692.83263,0.0,0.0
1314.5,-31.404209,15.7985945,299.700207,0.0,0.495587594,0.0,1.416333518,0.0,1683.77691,283.874272,0.0,50.0539505,0.0,67.2692199,0.0,-2.88256e-07,1385.18298,0.0,87.6669789,-0.273652432,0.0,15.7985945,989.718812,1683.77691,0.0,0.0
1315.0,-18.1565613,21.17037228,236.490711,0.0,0.5329799725,0.0,1.523376405,0.0,1675.11577,299.08347,0.0,52.462877,0.0,70.558508,0.0,-2.88256e-07,939.700445,0.0,87.216033,-0.230320893,0.0,21.17037228,986.89689,1675.11577,0.0,0.0
1315.5,2.3355798,-5.39849365,-134.07268934,0.0,0.125645424645,0.0,0.35918103808,0.0,1667.77399,322.673273,0.0,56.3532325,0.0,75.8376466,0.0,-2.88256e-07,250.60515611,0.0,86.8337775,-0.194286149,0.0,-5.39849365,971.554577,1667.77399,0.0,0.0
1316.0,9.7880125,-15.84201152,-299.93011,0.0,0.497403059,0.0,1.421564414,0.0,1661.49001,331.28766,0.0,57.6410148,0.0,77.6116319,0.0,-2.88256e-07,0.0,0.0,86.506597,-0.1732203,0.0,-15.84201152,963.539766,1661.49001,0.0,0.0
1316.5,9.9663099,-24.2111989,-299.73576,0.0,0.759561309,0.0,2.171348734,0.0,1655.37424,331.122758,0.0,57.400305,0.0,77.3274839,0.0,-2.88256e-07,11.889783052,0.0,86.1881736,-0.180297315,0.0,-24.2111989,956.486332,1655.37424,0.0,0.0
1317.0,21.331598,-11.30735991,-251.144885,0.0,0.3207400199,0.0,0.916163736,0.0,1649.56787,320.381778,0.0,55.3442731,0.0,74.5941634,0.0,-2.88256e-07,769.785534,0.0,85.8858627,-0.148620898,0.0,-11.30735991,958.465412,1649.56787,0.0,0.0
1317.5,38.6867133,586.27164676,153.1006891,-1.8406479,15.76034684286,-0.00033469514,26.96621849741,-0.00011756859,1644.50027,303.721139,0.00032791072,52.3050214,5.653188e-05,70.5280416,7.621607e-05,-2.88256e-07,1942.22464,0.0,85.6220145,-0.145846609,0.0,586.27164676,1204.163547,1644.50027,0.0,0.0
1318.0,30.5820479,2256.99778,300.0,0.0,70.9056773,0.0,97.0618571,0.0,1639.35193,297.63403,0.0,51.0955873,0.0,68.9274002,0.0,-2.88256e-07,2368.5708,0.0,85.3539615,-0.157239131,0.0,2256.99778,1896.35891,1639.35193,0.0,0.0
1318.5,8.15577754035,3120.07272,300.0,0.0,98.0199749,0.0,128.4528175,0.0,1633.47385,297.63403,0.0,50.9123786,0.0,68.7144512,0.0,-2.88256e-07,2368.5708,0.0,85.0479179,-0.182543437,0.0,3120.07272,2252.05863,1633.47385,0.0,0.0
1319.0,0.0,3226.71884,300.0,0.0,101.370364,0.0,132.367239,0.0,1626.94316,297.63403,0.0,50.7088287,0.0,68.4776104,0.0,-2.88256e-07,2368.5708,0.0,84.7078918,-0.19113375,0.0,3226.71884,2292.62166,1626.94316,0.0,0.0
1319.5,1.5037660974,3233.60224,299.959445,0.0,101.5727425,0.0,132.606671,0.0,1620.35435,297.63403,0.0,50.5034687,0.0,68.2383985,0.0,-2.88256e-07,2368.5708,0.0,84.3648426,-0.188462565,0.0,3233.60224,2291.6387,1620.35435,0.0,0.0
1320.0,97.33477,4474.70187,96.4816713,-27.9233037,34.8077255,-14.9169298,50.0096416,-14.0408161,1616.80134,297.63403,71.8137983,50.392727,12.178498,64.0171744,13.91346114,-2.88256e-07,2368.5708,0.0,84.179851,0.20399829,0.0,4474.70187,2805.99485,1616.80134,0.0,0.0
1320.5,245.575845,3908.63907,-111.775128,-111.775128,-45.5015528,-45.5015528,-41.8458748,-41.8458748,1640.54388,297.639717,214.713309,51.1337255,36.8899974,57.9988389,41.8468752,-2.88256e-07,2368.5708,0.0,85.4160245,0.982174073,0.0,3908.63907,2584.31511,1640.54388,0.0,0.0
1321.0,299.4916,3405.50797,-126.97641,-126.97641,-45.2957364,-45.2957364,-41.0990891,-41.0990891,1676.56399,298.009771,207.381494,52.321568,36.4010774,59.0816591,41.1092643,-2.88256e-07,2368.5708,0.0,87.2914345,1.04262004,0.0,3405.50797,2395.99037,1676.56399,0.0,0.0
1321.5,297.987523,3287.63821,-124.700678,-124.700678,-42.9333101,-42.9333101,-38.8377416,-38.8377416,1711.45824,298.583888,193.124843,53.5134082,34.6097184,60.0574329,38.8428732,-2.88256e-07,2368.5708,0.0,89.1082274,0.985684313,0.0,3287.63821,2367.31838,1711.45824,0.0,0.0
1322.0,202.156832,3060.74675,-86.1331656,-86.1331656,-27.7306246,-27.7306246,-25.2994625,-25.2994625,1740.25487,298.79364,125.5275516,54.4518711,22.8580228,60.3248443,25.3403227,-2.88256e-07,2368.5708,0.0,90.6075405,0.584051687,0.0,3060.74675,2289.72123,1740.25487,0.0,0.0
1322.5,53.8102446905,2985.84247,-21.828515579,-22.493753,-6.8282981098,-7.03616259,-6.2380300341,-6.51176374,1749.999,298.79364,31.052966632,54.7567609,5.69088665495,67.0133507,6.5421601282,-2.88256e-07,2368.5708,0.0,91.1148749,-0.0066262233,0.0,2985.84247,2264.2426,1749.999,0.0,0.0
1323.0,-6.64949589,2873.01291,61.0766007,0.0,18.06371674,0.0,23.94116806,0.0,1744.61458,298.79364,0.0,54.588286,0.0,72.9921897,0.0,-2.88256e-07,2368.5708,0.0,90.834533,-0.216304162,0.0,2873.01291,2214.14947,1744.61458,0.0,0.0
1323.5,-16.7771571,2352.31405,240.998163,0.0,58.1183189,0.0,79.257032,0.0,1736.94193,298.79364,0.0,54.3482121,0.0,72.7143101,0.0,-2.88256e-07,2368.5708,0.0,90.435053,-0.227439482,0.0,2352.31405,1993.00283,1736.94193,0.0,0.0
1324.0,-20.459988,1490.01319,300.0,0.0,46.8101452,0.0,69.6936899,0.0,1728.98874,298.79364,0.0,54.0993586,0.0,72.4297355,0.0,-2.88256e-07,2368.5708,0.0,90.020962,-0.230720739,0.0,1490.01319,1629.54925,1728.98874,0.0,0.0
1324.5,-20.459988,581.139306,300.0,0.0,18.25702993,0.0,37.0581926,0.0,1721.03282,298.79364,0.0,53.8504212,0.0,72.1446865,0.0,-2.88256e-07,2368.5708,0.0,89.6067342,-0.229536331,0.0,581.139306,1246.71472,1721.03282,0.0,0.0
1325.0,-20.459988,25.48277707,299.954573,0.0,0.800377533,0.0,2.286811079,0.0,1712.91186,298.79364,0.0,53.5963208,0.0,71.8533255,0.0,-2.88256e-07,2368.5708,0.0,89.1839116,-0.256060958,0.0,25.48277707,1010.760176,1712.91186,0.0,0.0
1325.5,-20.459988,24.259697864,299.868909,0.0,0.76160537306,0.0,2.173605958,0.0,1704.50979,298.79364,0.0,53.3334222,0.0,71.5514609,0.0,-2.88256e-07,2363.85112,0.0,88.7464506,-0.303362425,0.0,24.259697864,1005.345311,1704.50979,0.0,0.0
1326.0,-20.459988,27.6906496275,299.176677,0.0,0.86463282772,0.0,2.471486087045,0.0,1696.14759,298.79364,0.0,53.0717735,0.0,71.2506065,0.0,-2.88256e-07,2062.65388,0.0,88.311067,-0.24146382,0.0,27.6906496275,1001.890341,1696.14759,0.0,0.0
1326.5,-20.459988,19.1160001,299.433516,0.0,0.598197308,0.0,1.707867378,0.0,1687.83462,298.79364,0.0,52.8116636,0.0,70.9511035,0.0,-2.88256e-07,1596.73142,0.0,87.8782459,-0.26016553,0.0,19.1160001,993.468476,1687.83462,0.0,0.0
1327.0,-20.459988,8.84962399,300.0,0.0,0.278019142,0.0,0.79476994,0.0,1679.56438,298.79364,0.0,52.5528913,0.0,70.6527196,0.0,-2.88256e-07,1427.2878,0.0,87.4476504,-0.223451314,0.0,8.84962399,984.36763,1679.56438,0.0,0.0
1327.5,-20.459988,24.06832937,299.353714,0.0,0.7535120407,0.0,2.154055721,0.0,1671.32062,298.931641,0.0,52.3190464,0.0,70.3873104,0.0,-2.88256e-07,1427.2878,0.0,87.0184334,-0.222316736,0.0,24.06832937,985.886785,1671.32062,0.0,0.0
1328.0,-20.459988,15.212547742,299.820484,0.0,0.4772212275,0.0,1.3641815164,0.0,1663.13186,307.927105,0.0,53.628438,0.0,72.198999,0.0,-2.88256e-07,1427.2878,0.0,86.592079,-0.230065488,0.0,15.212547742,977.420471,1663.13186,0.0,0.0
1328.5,-20.459988,23.010168102,299.640338,0.0,0.7207089159,0.0,2.0602818213,0.0,1654.97392,321.917953,0.0,55.7901462,0.0,75.1610643,0.0,-2.88256e-07,1427.2878,0.0,86.1673336,-0.219913503,0.0,23.010168102,975.90175,1654.97392,0.0,0.0
1329.0,-20.459988,14.419644475,300.0,0.0,0.4530064929,0.0,1.29500414,0.0,1646.86571,330.520297,0.0,57.0009399,0.0,76.8448322,0.0,-2.88256e-07,1427.2878,0.0,85.7451724,-0.218757774,0.0,14.419644475,967.592856,1646.86571,0.0,0.0
1329.5,-20.459988,31.36464965,299.540076,0.0,0.981987316,0.0,2.80719528,0.0,1638.78237,335.9636,0.0,57.6553221,0.0,77.780222,0.0,-2.88256e-07,1427.2878,0.0,85.3243089,-0.217657781,0.0,31.36464965,969.923978,1638.78237,0.0,0.0
1330.0,-20.459988,23.030934579,299.353495,0.0,0.7209661786,0.0,2.0610173093,0.0,1630.75311,337.95178,0.0,57.7127255,0.0,77.910564,0.0,-2.88256e-07,1427.2878,0.0,84.9062594,-0.223362592,0.0,23.030934579,961.76806,1630.75311,0.0,0.0
1330.5,-20.4734578,17.42987086,299.993698,0.0,0.547553968,0.0,1.565285902,0.0,1622.76123,337.95178,0.0,57.4298893,0.0,77.5812786,0.0,-2.88256e-07,1427.2878,0.0,84.4901555,-0.215373717,0.0,17.42987086,954.770977,1622.76123,0.0,0.0
1331.0,-21.334217,16.65584587,299.65542,0.0,0.5218522924,0.0,1.489452087,0.0,1614.78214,337.95178,0.0,57.1475077,0.0,77.2520789,0.0,-2.88256e-07,1427.2878,0.0,84.0747186,-0.264578382,0.0,16.65584587,949.78999,1614.78214,0.0,0.0
1331.5,-22.1724728,24.18983915,299.371839,0.0,0.757226959,0.0,2.164675477,0.0,1606.75636,337.95178,0.0,56.8634732,0.0,76.9205006,0.0,-2.88256e-07,1429.72103,0.0,83.6568506,-0.216305691,0.0,24.18983915,948.23874,1606.75636,0.0,0.0
1332.0,8.81201153,136.339129,300.0,0.0,4.283220114,0.0,11.54813038,0.0,1599.47481,337.95178,0.0,56.6057785,0.0,76.6192858,0.0,-2.88256e-07,1584.96583,0.0,83.2777331,-0.177168025,0.0,136.339129,990.65325,1599.47481,0.0,0.0
1332.5,57.4906496,1641.526835,277.837517,0.0,45.5042174,0.0,67.1892157,0.0,1594.34874,337.95178,0.0,56.4243658,0.0,76.4070141,0.0,-2.88256e-07,1830.35648,0.0,83.0108422,-0.1196161525,0.0,1641.526835,1613.97991,1594.34874,0.0,0.0
1333.0,75.194496,4129.8573,20.2471966,-21.7044724,5.8539612,-9.9089571,11.0180577,-9.3779463,1592.67148,337.95178,50.1848618,56.3650068,8.3738109,68.4325863,9.35215835,-2.88256e-07,2252.0377,0.0,82.9235135,0.1012118794,0.0,4129.8573,2648.41327,1592.67148,0.0,0.0
1333.5,75.194496,4506.73385,-23.6527957,-23.6527957,-11.1259732,-11.1259732,-10.4772744,-10.4772744,1597.99777,337.95178,55.3431617,56.5535052,9.26122615,64.0431294,10.4778892,-2.88256e-07,2769.23453,0.0,83.2008306,0.120722745,0.0,4506.73385,2808.3443,1597.99777,0.0,0.0
1334.0,75.194496,4890.977489999999,-32.1908538,-32.1908538,-16.4886074,-16.4886074,-15.66261,-15.66261,1604.0621,337.95178,83.707547,56.7681232,14.060566,63.2361583,15.6624365,-2.88256e-07,2957.3335,0.0,83.5165748,0.226498882,0.0,4890.977489999999,2971.77183,1604.0621,0.0,0.0
1334.5,75.2289898,4842.508260000001,-31.3950959,-31.3950959,-15.9206634,-15.9206634,-15.1165286,-15.1165286,1611.61458,337.95178,80.3598986,57.0354073,13.56211535,63.5729532,15.1166412,-2.88256e-07,2957.3335,0.0,83.9097985,0.213277026,0.0,4842.508260000001,2956.01325,1611.61458,0.0,0.0
1335.0,77.4279568,4835.213409999999,-32.2382373,-32.2382373,-16.3234975,-16.3234975,-15.5014684,-15.5014684,1619.07618,337.95178,82.0888484,57.299475,13.9183397,63.8126892,15.5003553,-2.88256e-07,2957.3335,0.0,84.2982926,0.221855616,0.0,4835.213409999999,2957.33459,1619.07618,0.0,0.0
1335.5,80.8295566,4825.40722,-33.7072489,-33.7072489,-17.0326518,-17.0326518,-16.1794763,-16.1794763,1627.02972,337.95178,85.3752876,57.5809536,14.5466429,64.0408472,16.1785411,-2.88256e-07,2957.3335,0.0,84.7123995,0.237893994,0.0,4825.40722,2957.89826,1627.02972,0.0,0.0
1336.0,82.06668,4809.51257,-34.2582036,-34.2582036,-17.2541932,-17.2541932,-16.3904142,-16.3904142,1635.3726,337.95178,86.1065614,57.8762092,14.74617705,64.3301774,16.3905738,-2.88256e-07,2957.3335,0.0,85.1467758,0.241488982,0.0,4809.51257,2956.15561,1635.3726,0.0,0.0
1336.5,81.8172244,4796.11999,-34.1738224,-34.1738224,-17.1637907,-17.1637907,-16.3028898,-16.3028898,1643.65195,337.882482,85.2296751,58.1572617,14.66988445,64.6337659,16.3035468,-2.88256e-07,2957.3335,0.0,85.577845,0.237044859,0.0,4796.11999,2955.41716,1643.65195,0.0,0.0
1337.0,65.9131629,4755.449259999999,-27.7764282,-27.7764282,-13.8360204,-13.8360204,-13.1006331,-13.1006331,1650.74051,333.38735,67.8515705,57.6307369,11.7278447,64.4519174,13.1090592,-2.88256e-07,2957.3335,0.0,85.9469185,0.1501792834,0.0,4755.449259999999,2942.6327,1650.74051,0.0,0.0
1337.5,41.1486101,4741.56475,-17.1126005,-17.1126005,-8.49706521,-8.49706521,-7.92130051,-7.92130051,1653.50035,326.417663,39.5201133,56.5205516,6.8429836,65.838665,7.92890158,-2.88256e-07,2957.3335,0.0,86.0906096,0.0107215784,0.0,4741.56475,2938.46678,1653.50035,0.0,0.0
1338.0,21.8453914,4754.34631,-8.95588546,-8.95588546,-4.45804911,-4.45804911,-3.9446354,-3.9446354,1651.8556,323.8738,17.6415998,56.0243135,3.05214115,73.0221134,3.94958625,-2.88256e-07,2957.3335,0.0,86.0049749,-0.0965255912,0.0,4754.34631,2942.82491,1651.8556,0.0,0.0
1338.5,5.82600530104,4764.359350000001,-2.299140124,-2.38438818,-1.1466129804,-1.18917561,-0.896361509,-0.950476759,1647.19935,323.8738,4.09938086,55.866391,0.707676533,75.3131227,0.953909582,-2.88256e-07,2957.3335,0.0,85.7625424,-0.169786392,0.0,4764.359350000001,2944.27265,1647.19935,0.0,0.0
1339.0,0.0,4769.770149999999,5.1863197,0.0,2.59076695,0.0,3.29389561,0.0,1640.74243,323.8738,0.0,55.6473996,0.0,75.0589055,0.0,-2.88256e-07,2957.3335,0.0,85.4263592,-0.193079606,0.0,4769.770149999999,2942.75403,1640.74243,0.0,0.0
1339.5,0.0,4773.35008,14.1721668,0.0,7.08445618,0.0,9.00689203,0.0,1634.08363,323.8738,0.0,55.4215594,0.0,74.7964526,0.0,-2.88256e-07,2957.3335,0.0,85.0796655,-0.19213857,0.0,4773.35008,2940.35564,1634.08363,0.0,0.0
1340.0,0.0,4776.91276,24.5873412,0.0,12.2998425,0.0,15.6370283,0.0,1627.45724,323.8738,0.0,55.1968194,0.0,74.5349819,0.0,-2.88256e-07,2957.3335,0.0,84.7346579,-0.191205905,0.0,4776.91276,2937.96887,1627.45724,0.0,0.0
1340.5,0.03538777238,4780.536569999999,36.4166828,0.0,18.2312256,0.0,23.1769529,0.0,1620.86301,323.8738,0.0,54.9731688,0.0,74.2744889,0.0,-2.88256e-07,2957.3335,0.0,84.391326,-0.19024038,0.0,4780.536569999999,2935.6265,1620.86301,0.0,0.0
1341.0,2.293247865,4823.72418,42.8865628,0.0,21.6578231,0.0,27.5231186,0.0,1614.33627,323.8738,0.0,54.7518087,0.0,74.0163761,0.0,-2.88256e-07,2957.3335,0.0,84.0515064,-0.186698658,0.0,4823.72418,2949.78628,1614.33627,0.0,0.0
1341.5,5.78594466,4983.13327,12.45590599,-2.11368781,6.43355554,-1.1074594,8.61358674,-0.9615097,1608.03324,324.0944,4.4000998,54.575125,0.73992452,73.2331536,0.95559338,-2.88256e-07,2954.42696,0.0,83.7233336,-0.163857641,0.0,4983.13327,3012.43723,1608.03324,0.0,0.0
1342.0,7.056147,4456.35184,-10.9817945,-10.9817945,-5.15325476,-5.15325476,-4.67284692,-4.67284692,1604.07473,338.403635,21.9588206,56.8438641,3.68899803,72.4772616,4.6762381,-2.88256e-07,2768.92046,0.0,83.517231,-0.0895610368,0.0,4456.35184,2790.92829,1604.07473,0.0,0.0
1342.5,7.056147,3713.37079,-8.9711389,-8.9711389,-3.50360663,-3.50360663,-3.07879234,-3.07879234,1600.39169,360.712217,13.7507072,60.4519437,2.30477581,80.9169834,3.08130279,-2.88256e-07,2481.95973,0.0,83.325471,-0.1191134375,0.0,3713.37079,2479.61792,1600.39169,0.0,0.0
1343.0,7.056147,3452.0623,-2.46290798,-2.46290798,-0.890586925,-0.890586925,-0.686202205,-0.686202205,1595.38776,376.738261,3.03468563,62.9405286,0.506965391,85.2234535,0.68645265,-2.88256e-07,2377.601,0.0,83.0649389,-0.164420091,0.0,3452.0623,2367.96378,1595.38776,0.0,0.0
1343.5,7.056147,3479.96698,-2.86921489,-2.86921489,-1.04560918,-1.04560918,-0.806228264,-0.806228264,1589.76715,389.031035,3.57471275,64.7653314,0.595112969,87.7361932,0.806186655,-2.88256e-07,2377.601,0.0,82.772297,-0.161194299,0.0,3479.96698,2376.29323,1589.76715,0.0,0.0
1344.0,7.056147,3488.33519,-2.89115478,-2.89115478,-1.05613205,-1.05613205,-0.814524187,-0.814524187,1584.21206,393.51776,3.62259476,65.2839271,0.600981265,88.480409,0.814520266,-2.88256e-07,2377.601,0.0,82.483069,-0.160240257,0.0,3488.33519,2376.5318,1584.21206,0.0,0.0
1344.5,7.056147,3484.47646,-4.81799778,-4.81799778,-1.73768589,-1.73768589,-1.465869099,-1.465869099,1578.71293,393.51776,7.07313438,65.0573091,1.168541913,86.9226091,1.460032173,-2.88256e-07,2365.6951,0.0,82.196753,-0.1450158534,0.0,3484.47646,2371.71516,1578.71293,0.0,0.0
1345.0,7.056147,1729.454635,-31.2847858,-31.2847858,-5.72550618,-5.72550618,-5.162462987,-5.162462987,1576.35685,393.51776,26.1675669,64.9602197,4.32022277,81.2733592,5.175416724,-2.88256e-07,1604.88067,0.0,82.0740834,-0.03679593815,0.0,1729.454635,1640.06196,1576.35685,0.0,0.0
1345.5,7.17010723,-7.068541243,-191.4264468,-2.9800135,0.3435073132,-0.026704645,1.0468312481,-0.011449155,1572.39328,393.51776,0.05436535,64.7968836,0.008966617,87.9086951,0.012162151,-2.88256e-07,428.024576005,0.0,81.8677158,-0.1667661334,0.0,-7.068541243,915.167566,1572.39328,0.0,0.0
1346.0,14.4285858,-14.05364828,-299.978986,0.0,0.4414796853,0.0,1.262017363,0.0,1566.71255,393.51776,0.0,64.5627879,0.0,87.6334916,0.0,-2.88256e-07,0.0,0.0,81.5719448,-0.1524196574,0.0,-14.05364828,908.944054,1566.71255,0.0,0.0
1346.5,25.5080953,-16.98245613,-299.732012,0.0,0.532599453,0.0,1.522535614,0.0,1561.71865,393.51776,0.0,64.3569914,0.0,87.391345,0.0,-2.88256e-07,0.0,0.0,81.311933,-0.146692823,0.0,-16.98245613,904.809457,1561.71865,0.0,0.0
1347.0,20.0748871,-24.00126901,-299.589633,0.0,0.7510394744,0.0,2.113826977,0.0,1557.0592,393.51776,0.0,64.1649808,0.0,87.1652224,0.0,-2.88256e-07,0.0,0.0,81.069337,-0.125919506,0.0,-24.00126901,899.16827,1557.0592,0.0,0.0
1347.5,5.7723710312,-15.711935573,-299.816043,0.0,0.4928526335,0.0,1.4089118438,0.0,1551.61998,393.51776,0.0,63.9408359,0.0,86.9010319,0.0,-2.88256e-07,0.0,0.0,80.7861405,-0.173800621,0.0,-15.711935573,899.441595,1551.61998,0.0,0.0
1348.0,27.1771501,-20.96281758,-299.934634,0.0,0.6583412767,0.0,1.881992262,0.0,1546.17425,393.51776,0.0,63.7164215,0.0,86.6411286,0.0,-2.88256e-07,0.0,0.0,80.5026039,-0.14838029,0.0,-20.96281758,894.076946,1546.17425,0.0,0.0
1348.5,68.5683293,-38.06163814,-297.709551,0.0,1.1794216932,0.0,3.361824797,0.0,1543.10629,393.51776,0.0,63.589995,0.0,86.4985796,0.0,-2.88256e-07,22.99068661,0.0,80.3428705,-0.0517054716,0.0,-38.06163814,885.170662,1543.10629,0.0,0.0
1349.0,83.622,483.3906773,-15.6509884,-4.7505257,9.7872703429,-0.0045420367,15.2387333604,-0.001617132,1541.78899,393.51776,0.005871735,63.5357104,0.0009482115,86.4373386,0.00128995385,-2.88256e-07,1488.303794,0.0,80.274283,-0.0277464195,0.0,483.3906773,1101.381667,1541.78899,0.0,0.0
1349.5,83.622,3781.16999,300.0,0.0,118.7889606,0.0,153.5550655,0.0,1539.20271,393.582192,0.0,63.4395086,0.0,86.3311745,0.0,-2.88256e-07,3739.78272,0.0,80.1396264,-0.0816988772,0.0,3781.16999,2472.10184,1539.20271,0.0,0.0
1350.0,83.622,6693.53777,64.7181785,-37.7639895,42.4747915,-26.0780597,61.9052242,-24.8187783,1539.97846,397.770615,129.688177,64.1476651,20.968226,81.0870412,24.6788805,-2.88256e-07,3591.51429,0.0,80.1800184,0.4030278986,0.0,6693.53777,3684.41257,1539.97846,0.0,0.0
1350.5,83.3969474,2988.13252,-72.7699095,-72.7699095,-23.91495876,-23.91495876,-22.06293777,-22.06293777,1561.43301,404.267154,119.9032254,66.1036765,19.577744,75.1957444,22.13775933,-2.88256e-07,2086.96165,0.0,81.2970635,0.4297055925,0.0,2988.13252,2155.09324,1561.43301,0.0,0.0
1351.0,69.058445,1369.5892,-26.9008616,-26.9008616,-3.84158593,-3.84158593,-3.36579284,-3.36579284,1566.65511,406.63968,15.4002896,66.7132019,2.52656908,88.9499899,3.36778241,-2.88256e-07,1539.7593,0.0,81.5689566,-0.005715165064,0.0,1369.5892,1484.65455,1566.65511,0.0,0.0
1351.5,46.877904,1463.70492,-19.3297572,-19.3297572,-2.96179704,-2.96179704,-2.58512439,-2.58512439,1565.613,406.416557,11.64742205,66.6322653,1.90969596,90.2985832,2.5871427,-2.88256e-07,1539.7593,0.0,81.5146949,-0.0567385943,0.0,1463.70492,1523.20825,1565.613,0.0,0.0
1352.0,38.81106,1497.68278,-15.84904445,-15.84904445,-2.48592592,-2.48592592,-2.14866797,-2.14866797,1563.10229,391.912491,9.6668027,64.1517808,1.58231971,87.102322,2.14840594,-2.88256e-07,1539.7593,0.0,81.383976,-0.0782747595,0.0,1497.68278,1535.88077,1563.10229,0.0,0.0
1352.5,38.81106,1510.59338,-16.1202289,-16.1202289,-2.55004341,-2.55004341,-2.20980426,-2.20980426,1560.43654,369.482063,9.95760575,60.3770036,1.62715622,81.9957345,2.20978218,-2.88256e-07,1539.7593,0.0,81.245179,-0.0765022761,0.0,1510.59338,1539.69644,1560.43654,0.0,0.0
1353.0,38.81106,1514.49726,-16.1283003,-16.1283003,-2.5579126,-2.5579126,-2.21740145,-2.21740145,1557.80115,365.57994,10.00654175,59.6378364,1.63239179,81.0102099,2.21739043,-2.88256e-07,1539.7593,0.0,81.1079677,-0.075975256,0.0,1514.49726,1539.78208,1557.80115,0.0,0.0
1353.5,39.8189916,1519.77463,-16.298265,-16.298265,-2.59416226,-2.59416226,-2.25186091,-2.25186091,1555.18589,372.1085,10.1730034,60.6009768,1.65674607,82.3368654,2.25097709,-2.88256e-07,1539.7593,0.0,80.971801,-0.0736201622,0.0,1519.77463,1540.451,1555.18589,0.0,0.0
1354.0,104.2015622,1644.11591,-42.1498232,-42.1498232,-7.30283017,-7.30283017,-6.48346002,-6.48346002,1555.09412,364.001813,33.479107,59.2767546,5.45357855,71.8883711,6.47067433,-2.88256e-07,1539.7593,0.0,80.9670248,0.12170323005,0.0,1644.11591,1592.13674,1555.09412,0.0,0.0
1354.5,203.792267,1669.95878,-85.1336426,-85.1336426,-14.8787774,-14.8787774,-12.76419165,-12.76419165,1564.7495,347.63776,69.387577,56.9619904,11.3736611,63.9214089,12.7553076,-2.88256e-07,1539.7593,0.0,81.4697383,0.427434011,0.0,1669.95878,1608.52787,1564.7495,0.0,0.0
1355.0,240.0126,1522.79911,-101.2539286,-101.2539286,-16.1510566,-16.1510566,-13.4486366,-13.4486366,1581.80553,341.6616,72.6056301,56.5949755,12.02513725,63.3133899,13.4521706,-2.88256e-07,1539.7593,0.0,82.3577719,0.505844792,0.0,1522.79911,1557.25253,1581.80553,0.0,0.0
1355.5,240.0126,1458.02673,-100.041693,-100.041693,-15.27481365,-15.27481365,-12.64030475,-12.64030475,1598.82652,341.675256,67.4428928,57.2062623,11.2915575,64.0420381,12.6408301,-2.88256e-07,1539.7593,0.0,83.243979,0.484688573,0.0,1458.02673,1540.23871,1598.82652,0.0,0.0
1356.0,240.0126,1433.83306,-100.0039539,-100.0039539,-15.01565935,-15.01565935,-12.3918489,-12.3918489,1615.42693,342.562951,65.449809,57.9505827,11.0716875,64.8626215,12.39226725,-2.88256e-07,1539.7593,0.0,84.1082922,0.475871668,0.0,1433.83306,1539.86437,1615.42693,0.0,0.0
1356.5,239.177007,1409.6534,-99.860462,-99.860462,-14.7415835,-14.7415835,-12.1339442,-12.1339442,1631.73216,343.969085,63.4367018,58.775782,10.83934455,65.8031854,12.1352099,-2.88256e-07,1539.7593,0.0,84.9572321,0.465856472,0.0,1409.6534,1539.32353,1631.73216,0.0,0.0
1357.0,185.863682,1287.23705,-78.4529084,-78.4529084,-10.6131225,-10.6131225,-8.83446586,-8.83446586,1645.712,346.374265,44.8971007,59.6939096,7.73509765,68.3943031,8.84311866,-2.88256e-07,1539.7593,0.0,85.6851035,0.304587221,0.0,1287.23705,1496.54792,1645.712,0.0,0.0
1357.5,103.3907732,1245.68081,-42.8648603,-42.8648603,-5.59137803,-5.59137803,-4.81135262,-4.81135262,1652.12437,349.324921,22.1449437,60.4367865,3.8308734,76.7132551,4.81760093,-2.88256e-07,1539.7593,0.0,86.018969,0.0720474322,0.0,1245.68081,1483.00019,1652.12437,0.0,0.0
1358.0,73.400536,1347.05801,-29.5123259,-29.5123259,-4.16565058,-4.16565058,-3.65032795,-3.65032795,1652.60328,350.4025,15.9931244,60.6407304,2.76776777,79.981494,3.64923339,-2.88256e-07,1539.7593,0.0,86.0439034,-0.00615668795,0.0,1347.05801,1525.46361,1652.60328,0.0,0.0
1358.5,73.0323848,1380.49406,-30.4505263,-30.4505263,-4.40211069,-4.40211069,-3.86794512,-3.86794512,1652.52324,350.36859,17.0682457,60.6319264,2.95369117,79.4051468,3.86820517,-2.88256e-07,1539.7593,0.0,86.0397371,-0.001457474626,0.0,1380.49406,1539.32989,1652.52324,0.0,0.0
1359.0,49.5453629,1337.18282,-21.0510155,-21.0510155,-2.95371054,-2.95371054,-2.56156066,-2.56156066,1651.66699,348.164239,11.05818669,60.219306,1.91283194,80.8668381,2.56547827,-2.88256e-07,1539.7593,0.0,85.9951569,-0.0644796465,0.0,1337.18282,1520.80783,1651.66699,0.0,0.0
1359.5,13.213722502,1327.70889,-5.3067128127,-5.47650071,-0.7369834006,-0.760642422,-0.5516368317,-0.587852215,1647.72895,344.745127,2.53658741,59.4858508,0.438029588,80.1888716,0.590414119,-2.88256e-07,1539.7593,0.0,85.7901189,-0.160924309,0.0,1327.70889,1514.56626,1647.72895,0.0,0.0
1360.0,0.0,1332.63033,10.72431774,0.0,1.497128703,0.0,2.29069739,0.0,1641.35424,343.49646,0.0,59.0409339,0.0,79.6320829,0.0,-2.88256e-07,1539.7593,0.0,85.458213,-0.193166286,0.0,1332.63033,1512.89195,1641.35424,0.0,0.0
1360.5,0.4367279783,1337.18196,28.1354413,0.0,3.94108346,0.0,6.02528012,0.0,1634.69334,343.537412,0.0,58.8083321,0.0,79.3631139,0.0,-2.88256e-07,1539.7593,0.0,85.1114086,-0.191716881,0.0,1337.18196,1510.89664,1634.69334,0.0,0.0
1361.0,28.2746624,1572.19533,-0.46760785,-10.02289495,-0.26745508,-1.70900338,0.67060178,-1.49319848,1628.82361,346.199473,6.48404369,59.0510953,1.105263725,79.5853515,1.48665911,-2.88256e-07,1539.7593,0.0,84.8057974,-0.1200668662,0.0,1572.19533,1605.26015,1628.82361,0.0,0.0
1361.5,71.3383712,1506.25971,-30.3798371,-30.3798371,-4.78424684,-4.78424684,-4.23640616,-4.23640616,1627.04222,350.328482,19.2591991,59.690187,3.28147432,77.2425467,4.23306929,-2.88256e-07,1539.7593,0.0,84.713049,0.007111556295,0.0,1506.25971,1576.7837,1627.04222,0.0,0.0
1362.0,86.99896,1434.24697,-36.7638541,-36.7638541,-5.52246527,-5.52246527,-4.86564147,-4.86564147,1628.32112,351.8364,22.5341844,59.9942232,3.84243945,75.9904147,4.86635276,-2.88256e-07,1539.7593,0.0,84.7796346,0.04691166,0.0,1434.24697,1547.5654,1628.32112,0.0,0.0
1362.5,86.998975,1406.5694,-37.4754367,-37.4754367,-5.51100761,-5.51100761,-4.84043647,-4.84043647,1629.86021,351.66606,22.3907378,60.0218436,3.8216694,76.098345,4.83996785,-2.88256e-07,1532.04717,0.0,84.8597694,0.0474601505,0.0,1406.5694,1536.94724,1629.86021,0.0,0.0
1363.0,86.999905,393.1426275,-71.0974736,-38.8717622,-2.2331346991,-2.2855225627,-1.6208396103,-1.7697802689,1631.51133,340.594074,8.0899351416,58.1909118,1.3819573668,77.2854127,1.779873333,-2.88256e-07,1039.337541,0.0,84.945735,0.0150464839,0.0,393.1426275,1116.216963,1631.51133,0.0,0.0
1363.5,87.00134,-35.8411507,-273.621137,0.0,1.055167248,0.0,3.016393856,0.0,1630.97486,323.418317,0.0,55.2384559,0.0,74.568963,0.0,-2.88256e-07,277.18405071,0.0,84.9178053,-0.088197881,0.0,-35.8411507,937.400415,1630.97486,0.0,0.0
1364.0,87.00186,-41.6039025,-299.013284,0.0,1.299876217,0.0,3.67676594,0.0,1630.0353,317.14615,0.0,54.1358647,0.0,73.086365,0.0,-2.88256e-07,0.0,0.0,84.868886,-0.027112532,0.0,-41.6039025,934.453889,1630.0353,0.0,0.0
1364.5,86.566742,-38.69537942,-299.135022,0.0,1.209396032,0.0,3.401650204,0.0,1629.09407,317.14615,0.0,54.1046038,0.0,73.0499896,0.0,-2.88256e-07,0.0,0.0,84.8198791,0.016337632,0.0,-38.69537942,935.114544,1629.09407,0.0,0.0
1365.0,58.7262587,-25.57457347,-299.83445,0.0,0.802812039,0.0,2.293112322,0.0,1627.43834,317.14615,0.0,54.0496167,0.0,72.9859831,0.0,-2.88256e-07,0.0,0.0,84.733675,-0.067518905,0.0,-25.57457347,939.607468,1627.43834,0.0,0.0
1365.5,15.66082420637,-24.92015732,-299.885622,0.0,0.782433335,0.0,2.233380967,0.0,1623.25436,317.14615,0.0,53.9106609,0.0,72.8241621,0.0,-2.88256e-07,0.0,0.0,84.515834,-0.109949834,0.0,-24.92015732,937.436786,1623.25436,0.0,0.0
1366.0,0.0,-5.956059942,-300.0,0.0,0.1871151403,0.0,0.5349037851,0.0,1616.96038,317.14615,0.0,53.7016267,0.0,72.5805254,0.0,-2.88256e-07,0.0,0.0,84.1881334,-0.189736261,0.0,-5.956059942,941.652859,1616.96038,0.0,0.0
1366.5,0.0,-42.4176551,-299.83199,0.0,1.33187143,0.0,3.80740465,0.0,1610.439,317.14615,0.0,53.4850433,0.0,72.327813,0.0,-2.88256e-07,20.7445476,0.0,83.8485919,-0.18882798,0.0,-42.4176551,922.673143,1610.439,0.0,0.0
1367.0,0.0,-21.10443735,-34.2154618,0.0,0.5085815548,0.0,1.4538759455,0.0,1603.9162,317.14615,0.0,53.2684119,0.0,72.074766,0.0,-2.88256e-07,1344.608944,0.0,83.508981,-0.187923201,0.0,-21.10443735,927.733125,1603.9162,0.0,0.0
1367.5,0.0,9.09799693,300.0,0.0,0.285822005,0.0,0.817075904,0.0,1597.41948,317.061225,0.0,53.0384646,0.0,71.8032494,0.0,-2.88256e-07,3392.4584,0.0,83.1707214,-0.187025673,0.0,9.09799693,936.507182,1597.41948,0.0,0.0
1368.0,0.0,12.5659036,300.0,0.0,0.3947695,0.0,1.12852277,0.0,1590.96904,311.536495,0.0,51.9042946,0.0,70.3062654,0.0,-2.88256e-07,4137.2583,0.0,82.8348751,-0.186138149,0.0,12.5659036,934.183839,1590.96904,0.0,0.0
1368.5,0.0,16.0173859,300.0,0.0,0.503201014,0.0,1.43849461,0.0,1584.54913,302.846405,0.0,50.2528832,0.0,68.1065376,0.0,-2.88256e-07,4137.2583,0.0,82.5006199,-0.185258386,0.0,16.0173859,931.871516,1584.54913,0.0,0.0
1369.0,0.0,19.4525878,300.0,0.0,0.611121071,0.0,1.74700441,0.0,1578.15956,291.927594,0.0,48.2459348,0.0,65.4220914,0.0,-2.88256e-07,4137.2583,0.0,82.1679408,-0.184386312,0.0,19.4525878,929.57009,1578.15956,0.0,0.0
1369.5,0.0,22.871652,300.0,0.0,0.718534143,0.0,2.05406482,0.0,1571.80002,279.845899,0.0,46.0628514,0.0,62.495631,0.0,-2.88256e-07,4137.2583,0.0,81.8368259,-0.183521826,0.0,22.871652,927.279477,1571.80002,0.0,0.0
1370.0,0.0,26.2747182,300.0,0.0,0.825444624,0.0,2.3596885,0.0,1565.47015,275.43274,0.0,45.1532448,0.0,61.2946778,0.0,-2.88256e-07,4137.2583,0.0,81.5072586,-0.182664857,0.0,26.2747182,924.999583,1565.47015,0.0,0.0
1370.5,0.0,29.6619253,300.0,0.0,0.931856877,0.0,2.66388797,0.0,1559.16983,275.271666,0.0,44.9452705,0.0,61.0451188,0.0,-2.88256e-07,4137.2583,0.0,81.179228,-0.181815307,0.0,29.6619253,922.730312,1559.16983,0.0,0.0
1371.0,0.0,33.0334114,300.0,0.0,1.037775207,0.0,2.96667542,0.0,1552.89879,264.79299,0.0,43.0613075,0.0,58.5174322,0.0,-2.88256e-07,4137.2583,0.0,80.8527205,-0.180973113,0.0,33.0334114,920.471563,1552.89879,0.0,0.0
1371.5,0.0,36.3893096,300.0,0.0,1.14320389,0.0,3.26806316,0.0,1546.65667,248.537738,0.0,40.2553773,0.0,54.7360682,0.0,-2.88256e-07,4137.2583,0.0,80.527724,-0.180138179,0.0,36.3893096,918.223273,1546.65667,0.0,0.0
1372.0,0.0,39.7297586,300.0,0.0,1.24814719,0.0,3.56806314,0.0,1540.44333,242.60007,0.0,39.1349936,0.0,53.249237,0.0,-2.88256e-07,4137.2583,0.0,80.2042221,-0.179310423,0.0,39.7297586,915.985337,1540.44333,0.0,0.0
1372.5,0.0,43.0548873,300.0,0.0,1.35260915,0.0,3.86668743,0.0,1534.25851,242.60007,0.0,38.9778661,0.0,53.0717774,0.0,-2.88256e-07,4137.2583,0.0,79.8822025,-0.178489781,0.0,43.0548873,913.757658,1534.25851,0.0,0.0
1373.0,0.0,46.364829,300.0,0.0,1.45659405,0.0,4.16394777,0.0,1528.10186,242.60007,0.0,38.8214586,0.0,52.8948868,0.0,-2.88256e-07,4137.2583,0.0,79.5616529,-0.17767616,0.0,46.364829,911.540159,1528.10186,0.0,0.0
1373.5,0.0,49.6597128,300.0,0.0,1.56010588,0.0,4.45985573,0.0,1521.9733,242.634138,0.0,38.6711817,0.0,52.7259531,0.0,-2.88256e-07,4122.98518,0.0,79.2425636,-0.176869495,0.0,49.6597128,909.332728,1521.9733,0.0,0.0
1374.0,0.0,52.939667,300.0,0.0,1.66314871,0.0,4.75442295,0.0,1515.87246,244.850418,0.0,38.8678116,0.0,53.0299739,0.0,-2.88256e-07,3213.48561,0.0,78.9249205,-0.176069702,0.0,52.939667,907.13532,1515.87246,0.0,0.0
1374.5,0.0,56.2048201,299.366144,0.0,1.7619207,0.0,5.03678142,0.0,1509.79915,248.288475,0.0,39.255675,0.0,53.5952898,0.0,-2.88256e-07,1806.5699,0.0,78.6087094,-0.175276709,0.0,56.2048201,904.947818,1509.79915,0.0,0.0
1375.0,0.0,59.4552961,300.0,0.0,1.8678432,0.0,5.33958078,0.0,1503.75315,249.54431,0.0,39.2964084,0.0,53.6869152,0.0,-2.88256e-07,1294.881,0.0,78.293921,-0.174490442,0.0,59.4552961,902.770156,1503.75315,0.0,0.0
1375.5,0.083607954954,62.8774491,300.0,0.0,1.97535335,0.0,5.64691866,0.0,1497.7344,249.54431,0.0,39.1391245,0.0,53.5078294,0.0,-2.88256e-07,1294.881,0.0,77.9805509,-0.173613638,0.0,62.8774491,900.67983,1497.7344,0.0,0.0
1376.0,5.42872033,159.98247,300.0,0.0,5.02599748,0.0,14.36775814,0.0,1491.82697,249.54431,0.0,38.9847505,0.0,53.3318247,0.0,-2.88256e-07,1294.881,0.0,77.6729785,-0.166624541,0.0,159.98247,937.636649,1491.82697,0.0,0.0
1376.5,14.6707416,593.619157,299.306154,0.0,18.58373975,0.0,38.6951804,0.0,1486.24913,249.54431,0.0,38.8389883,0.0,53.1654256,0.0,-2.88256e-07,1294.881,0.0,77.3825609,-0.155140255,0.0,593.619157,1114.8192,1486.24913,0.0,0.0
1377.0,79.7985749,2046.48586,95.50205136,-21.96143924,12.36195178,-5.88411962,21.89178829,-5.32955491,1482.65712,249.54431,30.2821336,38.7451214,4.704391627,50.1541049,5.281901846,-2.88256e-07,1294.881,0.0,77.19554,0.0572449903,0.0,2046.48586,1717.27042,1482.65712,0.0,0.0
1377.5,174.833133,1455.44217,-79.455478,-79.455478,-12.0774135,-12.0774135,-10.23966009,-10.23966009,1491.93294,249.756145,57.8066838,39.020738,9.02753706,44.3958008,10.2535088,-2.88256e-07,1310.32271,0.0,77.6784936,0.356030991,0.0,1455.44217,1476.74886,1491.93294,0.0,0.0
1378.0,142.3181176,3208.22453,-25.3029418,-25.3029418,-6.96367511,-6.96367511,-6.34527921,-6.34527921,1501.43316,263.536846,34.3072697,41.4368188,5.39284481,49.8904323,6.35701351,-2.88256e-07,2293.90647,0.0,78.1731306,0.1467557318,0.0,3208.22453,2211.64163,1501.43316,0.0,0.0
1378.5,37.9544676184,6276.83381,113.945254484,-0.055569416,79.538420307,-0.030552173,100.538735375,-0.024106225,1501.17194,284.914452,0.12844104,44.7884294,0.020215225,61.2078863,0.027620578,-2.88256e-07,3815.45588,0.0,78.159528,-0.1293840772,0.0,6276.83381,3488.36008,1501.17194,0.0,0.0
1379.0,0.0,6759.745919999999,300.0,0.0,212.36368,0.0,268.423686,0.0,1495.59633,292.7232,0.0,45.8458638,0.0,62.6916476,0.0,-2.88256e-07,4368.8057,0.0,77.869233,-0.173434667,0.0,6759.745919999999,3686.04788,1495.59633,0.0,0.0
1379.5,0.0,6762.96231,300.0,0.0,212.464726,0.0,268.553685,0.0,1489.61373,292.754432,0.0,45.6673376,0.0,62.4891154,0.0,-2.88256e-07,4368.8057,0.0,77.5577459,-0.172663966,0.0,6762.96231,3683.89303,1489.61373,0.0,0.0
1380.0,0.0,6766.16433,300.0,0.0,212.565324,0.0,268.683113,0.0,1483.65773,294.786303,0.0,45.8002759,0.0,62.7126382,0.0,-2.88256e-07,4368.8057,0.0,77.2476399,-0.17189975,0.0,6766.16433,3681.74773,1483.65773,0.0,0.0
1380.5,0.2688384556,6769.94925,300.0,0.0,212.684227,0.0,268.836444,0.0,1477.72851,297.938287,0.0,46.1050115,0.0,63.1716242,0.0,-2.88256e-07,4368.8057,0.0,76.9389313,-0.170829529,0.0,6769.94925,3679.86061,1477.72851,0.0,0.0
1381.0,17.3958825,7073.96541,300.0,0.0,222.235175,0.0,281.796703,0.0,1472.0962,299.08963,0.0,46.1069269,0.0,63.2139043,0.0,-2.88256e-07,4368.8057,0.0,76.6456818,-0.150159731,0.0,7073.96541,3803.07532,1472.0962,0.0,0.0
1381.5,43.9533024,8449.60449,244.88732,0.0,213.252435,0.0,281.617835,0.0,1467.45439,299.08963,0.0,45.9615426,0.0,63.0472253,0.0,-2.88256e-07,4368.8057,0.0,76.4040028,-0.1186223259,0.0,8449.60449,4372.77874,1467.45439,0.0,0.0
1382.0,57.6188486,9293.3053,-24.8269943,-32.6975203,-23.567699,-31.5468122,-18.8972338,-30.1210987,1472.71582,299.08963,169.474569,46.1263331,26.1580699,55.0142178,30.1068636,-2.88256e-07,4368.8057,0.0,76.6779404,0.50180825,0.0,9293.3053,4726.920840000001,1472.71582,0.0,0.0
1382.5,63.8528716,8447.2648,-28.0498403,-28.0498403,-24.8157351,-24.8157351,-23.5910976,-23.5910976,1489.66066,299.08963,134.733561,46.657055,21.0166736,52.3826651,23.5965401,-2.88256e-07,4368.8057,0.0,77.5601849,0.386448874,0.0,8447.2648,4384.77116,1489.66066,0.0,0.0
1383.0,66.11981,8384.5911,-27.7212193,-27.7212193,-24.3401989,-24.3401989,-23.140123,-23.140123,1502.75686,299.08963,131.167897,47.0672354,20.6413599,52.7662556,23.1407211,-2.88256e-07,4368.8057,0.0,78.2420474,0.375284774,0.0,8384.5911,4366.33888,1502.75686,0.0,0.0
1383.5,66.11981,8357.711,-28.561367,-28.561367,-24.9915711,-24.9915711,-23.7813264,-23.7813264,1515.61314,299.046869,133.58903,47.4630901,21.2050211,53.1972634,23.7723777,-2.88256e-07,4362.96586,0.0,78.91142,0.38289172,0.0,8357.711,4362.66066,1515.61314,0.0,0.0
1384.0,66.11981,7474.2012,-41.5426421,-41.5426421,-32.530074,-32.530074,-31.2253311,-31.2253311,1532.03391,296.26506,172.465982,47.5303613,27.6631607,53.6562679,31.2351026,-2.88256e-07,3990.64495,0.0,79.7663773,0.529114982,0.0,7474.2012,4004.61359,1532.03391,0.0,0.0
1384.5,66.11981,6020.63905,-39.7447091,-39.7447091,-25.1182659,-25.1182659,-24.0174897,-24.0174897,1548.09764,291.949711,132.5598116,47.3293414,21.4844463,52.9360855,24.0343337,-2.88256e-07,3414.70411,0.0,80.602747,0.394762396,0.0,6020.63905,3409.15521,1548.09764,0.0,0.0
1385.0,66.11981,5470.09209,-26.7054522,-26.7054522,-15.2983716,-15.2983716,-14.5214931,-14.5214931,1557.81158,290.3734,79.647168,47.3696748,12.99340015,52.9445869,14.5223777,-2.88256e-07,3205.2344,0.0,81.1085104,0.199560321,0.0,5470.09209,3185.74037,1557.81158,0.0,0.0
1385.5,65.7884765,5499.95352,-27.4710801,-27.4710801,-15.8221116,-15.8221116,-15.0280334,-15.0280334,1564.91258,290.3734,82.1391325,47.5856,13.46067605,53.1297786,15.02896195,-2.88256e-07,3205.2344,0.0,81.4782291,0.207611994,0.0,5499.95352,3202.31217,1564.91258,0.0,0.0
1386.0,44.6308735,5452.42944,-19.0017946,-19.0017946,-10.855292,-10.855292,-10.1940263,-10.1940263,1570.47696,290.3734,54.7497912,47.7548022,9.00302183,54.3807871,10.20967199,-2.88256e-07,3205.2344,0.0,81.7679438,0.07891561077,0.0,5452.42944,3185.78602,1570.47696,0.0,0.0
1386.5,11.9023826578,5425.20692,-7.444124013,-7.44915641,-4.2015499074,-4.20441797,-3.7474662318,-3.75109804,1569.5954,290.36715,18.5897355,47.7269687,3.055322399,62.1652251,3.74683244,-2.88256e-07,3189.16865,0.0,81.722042,-0.0962491235,0.0,5425.20692,3173.94382,1569.5954,0.0,0.0
1387.0,0.0,3094.46001,-37.8531945,-37.8531945,-12.33811042,-12.33811042,-11.5325919,-11.5325919,1570.27118,289.960527,62.0881687,47.6806327,10.20735726,54.9470514,11.55688306,-2.88256e-07,2163.53322,0.0,81.7572257,0.08347882887,0.0,3094.46001,2204.49739,1570.27118,0.0,0.0
1387.5,0.0,144.22333151,-159.691382,-10.826825,-0.4397978618,-0.568466358,-0.064734297,-0.432557379,1568.40564,289.329721,1.969042726,47.5204276,0.323850068,64.4919515,0.439429066,-2.88256e-07,577.01675235,0.0,81.6600966,-0.1578475374,0.0,144.22333151,975.79289,1568.40564,0.0,0.0
1388.0,0.0,-5.64648051,-300.0,0.0,0.177389419,0.0,0.507100977,0.0,1562.19569,289.0993,0.0,47.2945496,0.0,64.2193762,0.0,-2.88256e-07,0.0,0.0,81.336771,-0.18222289,0.0,-5.64648051,909.80498,1562.19569,0.0,0.0
1388.5,0.0,-2.26745231,-300.0,0.0,0.0712341168,0.0,0.2036361042,0.0,1555.91057,289.014224,0.0,47.0904344,0.0,63.9764824,0.0,-2.88256e-07,0.0,0.0,81.0095339,-0.181377173,0.0,-2.26745231,907.541191,1555.91057,0.0,0.0
1389.0,0.0,-35.7887456555,-300.0,0.0,1.12433663071,0.0,3.214127422,0.0,1549.67522,283.480145,0.0,46.0040801,0.0,62.5341603,0.0,-2.88256e-07,0.0,0.0,80.6848856,-0.18054152,0.0,-35.7887456555,889.951968,1549.67522,0.0,0.0
1389.5,0.0,-41.6619987,-300.0,0.0,1.30885026,0.0,3.74159441,0.0,1543.45315,274.89436,0.0,44.4316259,0.0,60.4358875,0.0,-2.88256e-07,0.0,0.0,80.3609288,-0.179710987,0.0,-41.6619987,883.875026,1543.45315,0.0,0.0
1390.0,0.0,-38.3294558,-300.0,0.0,1.20415543,0.0,3.44230449,0.0,1537.2545,271.7576,0.0,43.7477881,0.0,59.5466803,0.0,-2.88256e-07,0.0,0.0,80.038191,-0.178886907,0.0,-38.3294558,881.642386,1537.2545,0.0,0.0
1390.5,0.0,-35.0121671,-300.0,0.0,1.09993966,0.0,3.14438421,0.0,1531.08422,271.815733,0.0,43.5814953,0.0,59.3608968,0.0,-2.88256e-07,12.10575407,0.0,79.7169328,-0.178069889,0.0,-35.0121671,879.419942,1531.08422,0.0,0.0
1391.0,0.0,-31.7099971,-233.3705546,0.0,0.78166766,0.0,2.23454387,0.0,1524.94206,275.599852,0.0,44.010655,0.0,59.9863364,0.0,-2.88256e-07,785.068504,0.0,79.397137,-0.177259863,0.0,-31.7099971,877.207652,1524.94206,0.0,0.0
1391.5,0.0,2.9085605,209.6406654,0.0,0.1597157306,0.0,0.4565774282,0.0,1518.80981,281.470646,0.0,44.7674394,0.0,61.0593462,0.0,-2.88256e-07,1980.73384,0.0,79.0778555,-0.17645438,0.0,2.9085605,888.032094,1518.80981,0.0,0.0
1392.0,0.0,9.66209395,300.0,0.0,0.303543634,0.0,0.867736518,0.0,1512.72125,283.6155,0.0,44.9280416,0.0,61.3197541,0.0,-2.88256e-07,2415.5955,0.0,78.7608504,-0.175657862,0.0,9.66209395,887.287251,1512.72125,0.0,0.0
1392.5,0.008182159325,12.9377862,300.0,0.0,0.406452537,0.0,1.16192094,0.0,1506.66217,283.6155,0.0,44.7480859,0.0,61.1152602,0.0,-2.88256e-07,2415.5955,0.0,78.4453805,-0.174858852,0.0,12.9377862,885.112415,1506.66217,0.0,0.0
1393.0,0.529328358,25.3348251,300.0,0.0,0.795916987,0.0,2.27527826,0.0,1500.63845,283.6155,0.0,44.5691817,0.0,60.9116896,0.0,-2.88256e-07,2415.5955,0.0,78.1317544,-0.17346999,0.0,25.3348251,886.753739,1500.63845,0.0,0.0
1393.5,1.32734333,70.3030996,300.0,0.0,2.20863697,0.0,6.31380386,0.0,1494.67107,283.6155,0.0,44.3919487,0.0,60.7097502,0.0,-2.88256e-07,2417.18509,0.0,77.821058,-0.171768653,0.0,70.3030996,901.981041,1494.67107,0.0,0.0
1394.0,1.099374296,133.3129605,300.0,0.0,4.18815015,0.0,11.97261425,0.0,1488.74647,283.6155,0.0,44.2159874,0.0,60.5089933,0.0,-2.88256e-07,2518.60945,0.0,77.512588,-0.171271169,0.0,133.3129605,924.740582,1488.74647,0.0,0.0
1394.5,0.293171391704,167.410577,300.0,0.0,5.25935839,0.0,15.0348642,0.0,1482.8221,283.6155,0.0,44.0400327,0.0,60.3079804,0.0,-2.88256e-07,2675.5069,0.0,77.2041315,-0.171450961,0.0,167.410577,935.469654,1482.8221,0.0,0.0
1395.0,0.0,174.302309,300.0,0.0,5.4758687,0.0,15.6537991,0.0,1476.89937,283.6155,0.0,43.8641266,0.0,60.1067582,0.0,-2.88256e-07,2732.5618,0.0,76.895759,-0.171036305,0.0,174.302309,934.879116,1476.89937,0.0,0.0
1395.5,0.0,177.474306,300.0,0.0,5.57551979,0.0,15.9386707,0.0,1470.99934,283.6155,0.0,43.6888962,0.0,59.9060416,0.0,-2.88256e-07,2732.5618,0.0,76.5885729,-0.170285744,0.0,177.474306,932.754035,1470.99934,0.0,0.0
1396.0,0.0,180.632408,300.0,0.0,5.67473447,0.0,16.2222948,0.0,1465.12513,283.6155,0.0,43.5144313,0.0,59.7059438,0.0,-2.88256e-07,2732.5618,0.0,76.2827306,-0.169541446,0.0,180.632408,930.638244,1465.12513,0.0,0.0
1396.5,0.0,183.77673,300.0,0.0,5.77351642,0.0,16.5046814,0.0,1459.27663,283.6155,0.0,43.340729,0.0,59.5064552,0.0,-2.88256e-07,2741.49871,0.0,75.9782205,-0.168803358,0.0,183.77673,928.531692,1459.27663,0.0,0.0
1397.0,0.0,186.907398,300.0,0.0,5.87186912,0.0,16.7858409,0.0,1453.45349,283.6155,0.0,43.1677805,0.0,59.3075767,0.0,-2.88256e-07,3310.64282,0.0,75.6750358,-0.168071411,0.0,186.907398,926.434296,1453.45349,0.0,0.0
1397.5,0.166744571,190.394877,300.0,0.0,5.98143147,0.0,17.0990455,0.0,1447.65587,283.7567,0.0,43.0169579,0.0,59.1386945,0.0,-2.88256e-07,4179.72733,0.0,75.3731789,-0.167151764,0.0,190.394877,924.500279,1447.65587,0.0,0.0
1398.0,10.79442236,380.175526,300.0,0.0,11.94356623,0.0,29.4956917,0.0,1442.05128,292.948146,0.0,44.2378062,0.0,60.855375,0.0,-2.88256e-07,3777.09139,0.0,75.0813721,-0.154071877,0.0,380.175526,1000.196925,1442.05128,0.0,0.0
1398.5,27.2349396,1234.823376,300.0,0.0,38.7931204,0.0,60.8068486,0.0,1437.07004,307.185693,0.0,46.2277168,0.0,63.6282207,0.0,-2.88256e-07,2658.89163,0.0,74.8220204,-0.134294012,0.0,1234.823376,1352.91372,1437.07004,0.0,0.0
1399.0,33.213608,2643.97376,296.54787,0.0,81.8929114,0.0,109.5652815,0.0,1432.60964,310.933736,0.0,46.6471543,0.0,64.2374828,0.0,-2.88256e-07,2252.2534,0.0,74.5897875,-0.12677081,0.0,2643.97376,1936.66717,1432.60964,0.0,0.0
1399.5,33.213608,4120.84476,140.79015,-2.1655155,56.7471298,-1.070004,73.3850145,-1.0065326,1428.26012,308.444163,5.7750004,46.1332035,0.8626923,62.472419,0.9831784,-2.88256e-07,2252.2534,0.0,74.3633249,-0.1038766974,0.0,4120.84476,2548.66449,1428.26012,0.0,0.0
1400.0,33.213608,3817.27421,-25.0840106,-25.0840106,-10.29922361,-10.29922361,-9.6699539,-9.6699539,1429.38708,293.176007,56.4022645,43.883443,8.44009774,51.0148976,9.68862156,-2.88256e-07,2252.2534,0.0,74.4219991,0.099808018178,0.0,3817.27421,2423.00451,1429.38708,0.0,0.0
1400.5,33.213608,3413.81966,-14.19092165,-14.19092165,-5.07357908,-5.07357908,-4.62816949,-4.62816949,1429.84428,270.650045,24.293106,40.5253842,3.63749856,51.5803799,4.62929676,-2.88256e-07,2252.2534,0.0,74.4458056,-0.0231419571,0.0,3413.81966,2255.3911,1429.84428,0.0,0.0
1401.0,33.213608,3405.06101,-13.8200513,-13.8200513,-4.92791445,-4.92791445,-4.48733392,-4.48733392,1428.95298,254.414537,23.4209167,38.0705906,3.50469692,48.7448539,4.48735141,-2.88256e-07,2252.2534,0.0,74.3993991,-0.026505296,0.0,3405.06101,2251.22605,1428.95298,0.0,0.0
1401.5,33.213608,3406.15784,-13.81322295,-13.81322295,-4.92706644,-4.92706644,-4.48649442,-4.48649442,1428.03831,241.937651,23.4310369,36.1803746,3.50396665,46.3254965,4.48649129,-2.88256e-07,2252.2534,0.0,74.351779,-0.0263717785,0.0,3406.15784,2251.14845,1428.03831,0.0,0.0
1402.0,33.213608,3407.42624,-13.8131535,-13.8131535,-4.92887633,-4.92887633,-4.48821659,-4.48821659,1427.12998,238.276664,23.4570462,35.6101283,3.505625,45.5912537,4.48821306,-2.88256e-07,2252.2534,0.0,74.3044854,-0.0261758333,0.0,3407.42624,2251.14588,1427.12998,0.0,0.0
1402.5,33.213608,3408.68828,-13.8132056,-13.8132056,-4.93072051,-4.93072051,-4.48997227,-4.48997227,1426.22844,239.676664,23.4831926,35.7967291,3.50731547,45.8259857,4.48996882,-2.88256e-07,2252.2534,0.0,74.2575466,-0.0259801374,0.0,3408.68828,2251.14465,1426.22844,0.0,0.0
1403.0,33.213608,3409.94116,-13.81325955,-13.81325955,-4.93255195,-4.93255195,-4.49171566,-4.49171566,1425.33363,240.18814,23.5091912,35.850623,3.50899554,45.89082,4.49171215,-2.88256e-07,2252.2534,0.0,74.2109589,-0.0257858152,0.0,3409.94116,2251.14342,1425.33363,0.0,0.0
1403.5,33.7304119,3412.01055,-13.90027545,-13.90027545,-4.96670942,-4.96670942,-4.52474986,-4.52474986,1424.44745,240.18814,23.7247624,35.8283347,3.53896261,45.8014553,4.52365556,-2.88256e-07,2252.2534,0.0,74.1648186,-0.024233341,0.0,3412.01055,2251.48705,1424.44745,0.0,0.0
1404.0,66.7764796,3474.21338,-27.1850681,-27.1850681,-9.90182897,-9.90182897,-9.26771714,-9.26771714,1425.62781,240.18814,54.0534652,35.8580223,8.07177894,41.3594359,9.25184395,-2.88256e-07,2252.2534,0.0,74.226273,0.1352890499,0.0,3474.21338,2278.0594,1425.62781,0.0,0.0
1404.5,117.893328,3481.77678,-49.2726915,-49.2726915,-17.961509,-17.961509,-16.839696,-16.839696,1434.65151,240.18814,99.669592,36.0849905,14.9786379,40.5402266,16.82678095,-2.88256e-07,2252.2534,0.0,74.6960988,0.379780216,0.0,3481.77678,2286.4754,1434.65151,0.0,0.0
1405.0,136.484,3397.19098,-57.5567816,-57.5567816,-20.4772921,-20.4772921,-19.129812,-19.129812,1449.80593,240.18814,112.3002456,36.4661614,17.0488132,40.9211987,19.1317792,-2.88256e-07,2252.2534,0.0,75.4851236,0.454884276,0.0,3397.19098,2260.12722,1449.80593,0.0,0.0
1405.5,135.798246,3353.50438,-56.8177135,-56.8177135,-19.9533927,-19.9533927,-18.632458,-18.632458,1465.2114,240.18814,108.3412096,36.8536459,16.6230816,41.3123326,18.6342487,-2.88256e-07,2252.2534,0.0,76.28722,0.438054927,0.0,3353.50438,2250.94405,1465.2114,0.0,0.0
1406.0,92.1266913,3251.05385,-39.244792,-39.244792,-13.3861067,-13.3861067,-12.5232084,-12.5232084,1477.77879,240.18814,71.9126543,37.1697469,11.12438114,41.9962659,12.5429874,-2.88256e-07,2252.2534,0.0,76.94155,0.2372175796,0.0,3251.05385,2215.65166,1477.77879,0.0,0.0
1406.5,24.985534091,3220.37917,-7.6989665096,-10.23554303,-2.592508626,-3.4505233,-2.0000703946,-3.120344073,1480.4547,240.18814,16.2450905433,37.2370537,2.519515062,48.6348128,3.1349802796,-2.88256e-07,2261.15714,0.02463825001,77.080873,-0.07510651543,0.0,3220.37917,2204.45009,1480.4547,-0.6015476,0.03725915
1407.0,26.9156248,3690.52592,199.4906692,0.0,80.1659624,0.0,103.1983091,0.0,1473.08389,240.18814,0.0,37.0516601,0.0,50.7932494,0.0,-2.88256e-07,2828.72106,1.59518666,76.6971069,-0.349145832,0.0,3690.52592,2395.7779,1473.08389,-39.7598102,2.450795206
1407.5,67.4952314,5822.998750000001,297.78727,0.0,181.24454,0.0,229.679627,0.0,1456.28603,240.424638,0.0,36.6649664,0.0,50.3574527,0.0,-2.88256e-07,3706.71637,4.00018544,75.8225129,-0.61747384,0.0,5822.998750000001,3273.30738,1456.28603,-99.910049,6.09054687
1408.0,55.9016825,8541.98365,67.9497309,-16.0761296,56.5936124,-14.7460157,79.1513635,-14.1013383,1436.76626,255.819637,81.503635,38.4880061,12.2413055,49.3665893,14.0722167,-2.88256e-07,4026.0002,3.31308001,74.806205,-0.247442051,0.0,8541.98365,4393.29968,1436.76626,-82.946859,4.99409402
1408.5,14.9082381114,7747.71615,-14.36286287,-14.36286287,-11.784923376,-11.784923376,-10.971606643,-10.971606643,1436.19591,279.704099,64.03112026,42.0664329,9.632302358,50.8188148,11.00828889,-2.88256e-07,4012.07235,0.88355455191,74.776509,-0.0335865856,0.0,7747.71615,4062.46604,1436.19591,-22.195071943,1.3357745576
1409.0,0.0,5564.83925,-32.8352455,-32.8352455,-19.1893743,-19.1893743,-18.2860588,-18.2860588,1440.12717,288.43005,107.9334941,43.4980681,16.2720286,48.923241,18.3028822,-2.88256e-07,3123.13858,0.0,74.9811911,0.239947222,0.0,5564.83925,3156.45034,1440.12717,0.0,0.0
1409.5,0.02599010962,2155.759035,-28.9300978,-28.9300978,-6.86551769,-6.86551769,-6.295437654,-6.295437654,1444.23794,288.43005,35.47981563,43.6222312,5.365963437,53.5221552,6.316581594,-2.88256e-07,1748.07544,0.0,75.1952219,-0.0016960247,0.0,2155.759035,1740.30711,1444.23794,0.0,0.0
1410.0,1.68153912,770.271086,22.66588854,0.0,1.8585666455,0.0,3.418004308,0.0,1440.6268,288.43005,0.0,43.5131584,0.0,59.8679192,0.0,-2.88256e-07,1247.9645,0.0,75.0072038,-0.164510578,0.0,770.271086,1161.68685,1440.6268,0.0,0.0
1410.5,4.24253273,906.012834,48.4354989,0.0,4.59814754,0.0,7.96566184,0.0,1435.00359,288.43005,0.0,43.3433139,0.0,59.6717956,0.0,-2.88256e-07,1247.9645,0.0,74.7144287,-0.1608283,0.0,906.012834,1214.88663,1435.00359,0.0,0.0
1411.0,5.1739664,1125.483445,21.56606136,-0.45497146,2.438934146,-0.05750544,4.031070719,-0.038035655,1429.48474,288.43005,0.18225384,43.1766214,0.027235773,59.4790731,0.03752966,-2.88256e-07,1247.9645,0.0,74.4270869,-0.157681004,0.0,1125.483445,1302.98755,1429.48474,0.0,0.0
1411.5,5.1739664,1062.851959,-3.86726912,-3.86726912,-0.43717418,-0.43717418,-0.280425359,-0.280425359,1424.27882,288.43005,1.366684066,43.0193789,0.2039280685,59.2970584,0.281071247,-2.88256e-07,1247.9645,0.0,74.1560377,-0.147268135,0.0,1062.851959,1273.88642,1424.27882,0.0,0.0
1412.0,5.1739664,1009.900536,-2.16548078,-2.16548078,-0.22901141,-0.22901141,-0.137609208,-0.137609208,1419.06981,288.43005,0.67153273,42.8620442,0.099795162,59.1147202,0.137635566,-2.88256e-07,1247.9645,0.0,73.8848241,-0.151840372,0.0,1009.900536,1248.81143,1419.06981,0.0,0.0
1412.5,5.1739664,1014.048397,-2.40133665,-2.40133665,-0.254625744,-0.254625744,-0.155258201,-0.155258201,1413.82946,288.43005,0.758686132,42.7037637,0.1123038794,58.9310741,0.154984307,-2.88256e-07,1246.17466,0.0,73.6119828,-0.150508845,0.0,1014.048397,1247.47762,1413.82946,0.0,0.0
1413.0,5.1739664,756.576821,-6.37910814,-6.37910814,-0.506728634,-0.506728634,-0.316264091,-0.316264091,1408.83034,288.43005,1.554246784,42.5527685,0.22935689,58.7556794,0.316677558,-2.88256e-07,1131.75807,0.0,73.351701,-0.140405215,0.0,756.576821,1137.42285,1408.83034,0.0,0.0
1413.5,5.1739664,323.77426,-5.83740676,-5.83740676,-0.2033712512,-0.2033712512,-0.0936301273,-0.0936301273,1403.91069,288.341625,0.462302975,42.3911949,0.06800094965,58.5649434,0.093938226,-2.88256e-07,954.773976,0.0,73.095557,-0.144282437,0.0,323.77426,954.457958,1403.91069,0.0,0.0
1414.0,5.1739664,165.985619,-1.84616078,-1.84616078,-0.0321932832,-0.0321932832,-0.01126155915,-0.01126155915,1398.7711,282.585643,0.0556174799,41.3932625,0.00814570139,57.2192339,0.01126031875,-2.88256e-07,890.40643,0.0,72.8279594,-0.151920141,0.0,165.985619,885.799967,1398.7711,0.0,0.0
1414.5,5.1739664,185.651623,-2.09747847,-2.09747847,-0.0407811597,-0.0407811597,-0.01426569155,-0.01426569155,1393.53992,273.655554,0.0706680135,39.9352566,0.0103124438,55.2362832,0.01426368305,-2.88256e-07,890.40643,0.0,72.555594,-0.150804111,0.0,185.651623,890.928671,1393.53992,0.0,0.0
1415.0,5.1739664,193.29602,-2.11093477,-2.11093477,-0.0427294193,-0.0427294193,-0.0149472136,-0.0149472136,1388.338,270.39304,0.0742823575,39.3114745,0.01079950795,54.4054308,0.0149460954,-2.88256e-07,890.40643,0.0,72.2847544,-0.150144502,0.0,193.29602,891.072216,1388.338,0.0,0.0
1415.5,5.1739664,200.554538,-2.11136175,-2.11136175,-0.044342878,-0.044342878,-0.0155116194,-0.0155116194,1383.15818,270.39304,0.077331093,39.1648057,0.0112008078,54.2340761,0.0155105229,-2.88256e-07,890.40643,0.0,72.015062,-0.149514377,0.0,200.554538,891.068063,1383.15818,0.0,0.0
1416.0,5.1739664,207.776066,-2.11154003,-2.11154003,-0.0459434445,-0.0459434445,-0.0160715148,-0.0160715148,1378.00001,270.39304,0.0803757485,39.0187492,0.0115983924,54.0632398,0.0160704233,-2.88256e-07,890.40643,0.0,71.7465019,-0.1488896,0.0,207.776066,891.06119,1378.00001,0.0,0.0
1416.5,5.1739664,214.967346,-2.11171245,-2.11171245,-0.0475374611,-0.0475374611,-0.0166291187,-0.0166291187,1372.86338,270.39304,0.0834274145,38.8733028,0.0119938834,53.89292,0.016628032,-2.88256e-07,890.40643,0.0,71.4790569,-0.148269646,0.0,214.967346,891.054291,1372.86338,0.0,0.0
1417.0,5.1739664,222.128735,-2.11188344,-2.11188344,-0.0491250937,-0.0491250937,-0.0171844899,-0.0171844899,1367.74811,270.39304,0.0864863652,38.7284613,0.01238732845,53.7231103,0.0171834074,-2.88256e-07,890.40643,0.0,71.2127269,-0.147654475,0.0,222.128735,891.047433,1367.74811,0.0,0.0
1417.5,5.76013832,232.699228,0.61843047,-1.90084023,0.0248344466,-0.0455647904,0.1853104025,-0.0159390575,1362.65391,270.39304,0.0804592122,38.5842166,0.0114833141,53.5538058,0.0159380806,-2.88256e-07,902.218457,0.0,70.9474936,-0.146759422,0.0,232.699228,892.471407,1362.65391,0.0,0.0
1418.0,43.1648091,1040.671192,204.3255233,0.0,27.07510373,0.0,42.2270324,0.0,1358.08648,270.39304,0.0,38.4548881,0.0,53.4018479,0.0,-2.88256e-07,1655.96487,0.0,70.7096891,-0.1062143874,0.0,1040.671192,1226.007645,1358.08648,0.0,0.0
1418.5,101.0250336,4271.42687,283.143576,0.0,123.3480596,0.0,158.5419195,0.0,1355.59695,270.39304,0.0,38.3843948,0.0,53.3189558,0.0,-2.88256e-07,2821.91384,0.0,70.5800699,-0.0384952159,0.0,4271.42687,2568.89531,1355.59695,0.0,0.0
1419.0,122.06887,7002.90388,-41.1494368,-56.9489284,-29.6247509,-41.4080506,-24.6858384,-39.6378654,1365.38131,270.39304,211.477808,38.6614452,30.2988747,47.2313287,35.7667002,2.3933395e-05,3245.971,0.0,71.0894986,0.7681057171,0.0,7002.90388,3711.19604,1365.38131,0.0,0.0
1419.5,122.06887,5895.48185,-53.0625487,-53.0625487,-32.7738565,-32.7738565,-31.3251072,-31.3251072,1394.20294,270.39304,195.499904,39.477543,28.5283439,45.3577031,32.8162162,1.407229e-06,3245.971,0.0,72.590115,0.706277201,0.0,5895.48185,3267.21835,1394.20294,0.0,0.0
1420.0,122.06887,5808.00582,-51.0098642,-51.0098642,-31.0249001,-31.0249001,-29.6479298,-29.6479298,1416.69128,270.39304,175.39248,40.1143116,26.0197395,45.7084507,29.6484647,-3.18306e-07,3245.971,0.0,73.760986,0.634916053,0.0,5808.00582,3243.94971,1416.69128,0.0,0.0
1420.5,121.455595,5759.802860000001,-53.4946554,-53.4946554,-32.2225898,-32.2225898,-30.7622293,-30.7622293,1438.4549,270.428608,179.041415,40.7359551,26.9766311,46.4016614,30.7511199,-3.18306e-07,3229.66325,0.0,74.8941235,0.64763952,0.0,5759.802860000001,3236.59967,1438.4549,0.0,0.0
1421.0,82.3964876,3251.27404,-73.9097608,-73.9097608,-26.3004635,-26.3004635,-24.38266684,-24.38266684,1461.4945,272.74324,140.1482033,41.7431737,21.41315944,47.5318461,24.45617297,-3.18306e-07,2191.03038,0.0,76.0936936,0.509062916,0.0,3251.27404,2206.23494,1461.4945,0.0,0.0
1421.5,21.9741377683,159.3427219,-165.1534236,-16.3303926,-0.6414449726,-1.01131758,0.290305895,-0.76695971,1466.77818,276.334099,3.88744928,42.4449863,0.597570124,57.7748383,0.7788409,-3.18306e-07,584.32106103,0.0,76.3687925,-0.0964163441,0.0,159.3427219,922.744613,1466.77818,0.0,0.0
1422.0,0.0,-20.7923129,-300.0,0.0,0.653209765,0.0,1.86732288,0.0,1461.46661,277.64584,0.0,42.4921494,0.0,58.3270944,0.0,-3.18306e-07,0.0,0.0,76.0922431,-0.169079375,0.0,-20.7923129,844.687716,1461.46661,0.0,0.0
1422.5,0.0,-17.6565393,-300.0,0.0,0.554696535,0.0,1.5857043,0.0,1455.63396,277.64584,0.0,42.3225647,0.0,58.1321794,0.0,-3.18306e-07,0.0,0.0,75.7885616,-0.168345132,0.0,-17.6565393,842.586906,1455.63396,0.0,0.0
1423.0,0.0,-14.5343563,-300.0,0.0,0.456610268,0.0,1.30530624,0.0,1449.82663,277.64584,0.0,42.1537152,0.0,57.937855,0.0,-3.18306e-07,0.0,0.0,75.4861985,-0.167616989,0.0,-14.5343563,840.495181,1449.82663,0.0,0.0
1423.5,0.2827750281,-10.7971141,-300.0,0.0,0.339201341,0.0,0.969670778,0.0,1444.04487,277.64584,0.0,41.9856123,0.0,57.7441379,0.0,-3.18306e-07,0.0,0.0,75.1851695,-0.166566173,0.0,-10.7971141,838.674374,1444.04487,0.0,0.0
1424.0,18.32093663,-24.48198455,-299.654174,0.0,0.767748615,0.0,2.19360285,0.0,1438.75997,277.64584,0.0,41.8319535,0.0,57.5668523,0.0,-3.18306e-07,0.0,0.0,74.910006,-0.1243437956,0.0,-24.48198455,829.894194,1438.75997,0.0,0.0
1424.5,46.3850717,-20.419699324,-299.539479,0.0,0.6399449372,0.0,1.827018478,0.0,1435.13662,277.576068,0.0,41.716127,0.0,57.4307584,0.0,-3.18306e-07,0.0,0.0,74.7213561,-0.0396426924,0.0,-20.419699324,829.468884,1435.13662,0.0,0.0
1425.0,66.7831204,-21.24509789,-299.68947,0.0,0.666490622,0.0,1.905180743,0.0,1433.16827,273.030616,0.0,40.9767988,0.0,56.4253467,0.0,-3.18306e-07,0.0,0.0,74.6188722,-0.0456980734,0.0,-21.24509789,827.976123,1433.16827,0.0,0.0
1425.5,82.1976988,-33.37468405,-298.984848,0.0,1.041481099,0.0,2.933552045,0.0,1432.33694,266.018241,0.0,39.9011507,0.0,54.9493034,0.0,-3.18306e-07,0.0,0.0,74.5755865,0.0038513699,0.0,-33.37468405,822.443497,1432.33694,0.0,0.0
1426.0,59.674036,-19.3855585,-299.914417,0.0,0.6086745356,0.0,1.729528083,0.0,1431.55046,265.877693,0.0,39.8580929,0.0,54.8948605,0.0,-3.18306e-07,0.0,0.0,74.5346392,-0.0548228105,0.0,-19.3855585,827.80526,1431.55046,0.0,0.0
1426.5,15.914899309,-15.25867062,-299.867502,0.0,0.478764932,0.0,1.368639541,0.0,1428.29411,269.650282,0.0,40.3316123,0.0,55.5673059,0.0,-3.18306e-07,12.36304098,0.0,74.3650955,-0.1419753704,0.0,-15.25867062,827.62114,1428.29411,0.0,0.0
1427.0,0.0,-3.83663977,-218.1694656,0.0,0.0949688959,0.0,0.2714864355,0.0,1422.89264,271.02917,0.0,40.3846931,0.0,55.6741113,0.0,-3.18306e-07,800.297279,0.0,74.0838631,-0.164278007,0.0,-3.83663977,829.220052,1422.89264,0.0,0.0
1427.5,0.0,3.29376919,232.0662507,0.0,0.08779898674,0.0,0.2509898949,0.0,1417.223,271.02917,0.0,40.2237768,0.0,55.4875574,0.0,-3.18306e-07,2019.15153,0.0,73.7886694,-0.163583106,0.0,3.29376919,828.876595,1417.223,0.0,0.0
1428.0,0.0,6.32780811,300.0,0.0,0.198793958,0.0,0.568289873,0.0,1411.57954,271.02917,0.0,40.0636047,0.0,55.3016299,0.0,-3.18306e-07,2462.4531,0.0,73.4948404,-0.1628942,0.0,6.32780811,826.843929,1411.57954,0.0,0.0
1428.5,0.0,9.34909475,300.0,0.0,0.293710465,0.0,0.839626561,0.0,1405.95986,271.02917,0.0,39.9041056,0.0,55.1162486,0.0,-3.18306e-07,2462.4531,0.0,73.202249,-0.162210907,0.0,9.34909475,824.819821,1405.95986,0.0,0.0
1429.0,0.0,12.35773275,300.0,0.0,0.388229631,0.0,1.10982733,0.0,1400.36365,271.02917,0.0,39.7452744,0.0,54.9314123,0.0,-3.18306e-07,2462.4531,0.0,72.9108795,-0.161533187,0.0,12.35773275,822.804173,1400.36365,0.0,0.0
1429.5,0.0,15.3538257,300.0,0.0,0.482354666,0.0,1.37890147,0.0,1394.79084,271.02917,0.0,39.5871063,0.0,54.7471149,0.0,-3.18306e-07,2462.4531,0.0,72.6207255,-0.160860975,0.0,15.3538257,820.796913,1394.79084,0.0,0.0
1430.0,0.0,18.3374756,300.0,0.0,0.576088797,0.0,1.64685802,0.0,1389.24117,271.02917,0.0,39.4295938,0.0,54.563353,0.0,-3.18306e-07,2462.4531,0.0,72.3317783,-0.16019422,0.0,18.3374756,818.798022,1389.24117,0.0,0.0
1430.5,0.4251699231,22.2524274,300.0,0.0,0.699080611,0.0,1.99845331,0.0,1383.71528,271.02917,0.0,39.2727574,0.0,54.3801508,0.0,-3.18306e-07,2462.4531,0.0,72.0440694,-0.159038836,0.0,22.2524274,817.200539,1383.71528,0.0,0.0
1431.0,27.5022001,500.8296855,300.0,0.0,15.73402858,0.0,31.54726074,0.0,1378.64038,271.02917,0.0,39.1287196,0.0,54.2117019,0.0,-3.18306e-07,2462.4531,0.0,71.7798385,-0.1268899715,0.0,500.8296855,1013.376848,1378.64038,0.0,0.0
1431.5,69.3884086,2673.38714,283.487604,0.0,77.1983435,0.0,103.7425786,0.0,1375.11317,271.02917,0.0,39.0286114,0.0,54.0945141,0.0,-3.18306e-07,2462.4531,0.0,71.596195,-0.077658556,0.0,2673.38714,1915.33455,1375.11317,0.0,0.0
1432.0,84.622154,4960.55615,-4.5941141,-36.5194476,-2.89255875,-18.91268615,2.40962205,-17.95796345,1377.78423,271.02917,108.662399,39.1044211,15.697882,47.4300953,17.9127215,-3.18306e-07,2462.4531,0.0,71.7352646,0.3547027951,0.0,4960.55615,2868.60208,1377.78423,0.0,0.0
1432.5,83.9651142,4033.89028,-37.8078955,-37.8078955,-15.993045,-15.993045,-15.1159266,-15.1159266,1391.56857,271.190493,92.170631,39.5192351,13.42896255,44.5199638,15.1279813,-3.18306e-07,2462.4531,0.0,72.4529564,0.301375604,0.0,4033.89028,2491.05811,1391.56857,0.0,0.0
1433.0,41.9256154,3871.22534,-18.32437045,-18.32437045,-7.45108448,-7.45108448,-6.90871229,-6.90871229,1398.38517,281.695756,40.3518158,41.2513585,5.90792769,50.4036327,6.93208238,-3.18306e-07,2462.4531,0.0,72.807866,0.0501069038,0.0,3871.22534,2427.35225,1398.38517,0.0,0.0
1433.5,-23.101921596,3536.41555,57.30948754,-0.245388,19.20566827,-0.098811543,25.15998671,-0.07680025,1395.18474,297.995091,0.38803785,43.5372207,0.056805944,60.2074568,0.07853208,-3.18306e-07,2462.4531,0.0,72.6412347,-0.187252692,0.0,3536.41555,2286.16671,1395.18474,0.0,0.0
1434.0,-46.751816,1751.606475,291.864379,0.0,52.7661588,0.0,76.0950134,0.0,1387.95957,303.9505,0.0,44.1782278,0.0,61.1434082,0.0,-3.18306e-07,2462.4531,0.0,72.2650504,-0.216751943,0.0,1751.606475,1539.27574,1387.95957,0.0,0.0
1434.5,-46.751816,129.4925964,299.950059,0.0,4.068045641,0.0,9.751092092,0.0,1380.21314,303.9505,0.0,43.9316612,0.0,60.8552314,0.0,-3.18306e-07,2462.4531,0.0,71.8617288,-0.29025871,0.0,129.4925964,859.779094,1380.21314,0.0,0.0
1435.0,-46.751816,15.25509059,299.869029,0.0,0.4788101156,0.0,1.367064039,0.0,1371.62064,303.9505,0.0,43.6581647,0.0,60.5349947,0.0,-3.18306e-07,2462.4531,0.0,71.414352,-0.249334255,0.0,15.25509059,807.226927,1371.62064,0.0,0.0
1435.5,-46.751816,17.18852325,299.920245,0.0,0.5396865864,0.0,1.54197794,0.0,1362.99564,303.92311,0.0,43.3797365,0.0,60.207511,0.0,-3.18306e-07,2462.4531,0.0,70.965287,-0.252311492,0.0,17.18852325,802.995367,1362.99564,0.0,0.0
1436.0,-46.751816,19.31519401,299.962983,0.0,0.6066744386,0.0,1.731114785,0.0,1354.40554,302.138362,0.0,42.8534014,0.0,59.5374486,0.0,-3.18306e-07,2462.4531,0.0,70.518037,-0.31478274,0.0,19.31519401,798.864595,1354.40554,0.0,0.0
1436.5,-46.751816,17.0217773,299.942939,0.0,0.534577839,0.0,1.528191208,0.0,1345.85264,299.371948,0.0,42.192886,0.0,58.6927457,0.0,-3.18306e-07,2462.4531,0.0,70.0727236,-0.220685274,0.0,17.0217773,792.916293,1345.85264,0.0,0.0
1437.0,-46.751816,29.9502843,299.752715,0.0,0.940059035,0.0,2.685207686,0.0,1337.32511,298.3612,0.0,41.7838026,0.0,58.1977594,0.0,-3.18306e-07,2462.4531,0.0,69.6287349,-0.274153673,0.0,29.9502843,793.316808,1337.32511,0.0,0.0
1437.5,-46.751816,15.454065906,299.935361,0.0,0.4853206777,0.0,1.3823334184,0.0,1328.84749,298.505588,0.0,41.5389613,0.0,57.9300904,0.0,-3.18306e-07,2462.4531,0.0,69.1873415,-0.307517601,0.0,15.454065906,782.334821,1328.84749,0.0,0.0
1438.0,-46.751816,17.43593382,299.928399,0.0,0.547550859,0.0,1.565277054,0.0,1320.39385,307.910797,0.0,42.5741595,0.0,59.4491995,0.0,-3.18306e-07,2462.4531,0.0,68.747197,-0.213771184,0.0,17.43593382,778.223454,1320.39385,0.0,0.0
1438.5,-46.751816,30.74111764,299.647384,0.0,0.964168564,0.0,2.75625703,0.0,1311.96684,322.5014,0.0,44.3070847,0.0,61.9471253,0.0,-3.18306e-07,2462.4531,0.0,68.3084391,-0.213576599,0.0,30.74111764,778.839363,1311.96684,0.0,0.0
1439.0,-46.751816,24.14246745,299.819766,0.0,0.757300754,0.0,2.158317895,0.0,1303.58431,327.82797,0.0,44.7521348,0.0,62.6478045,0.0,-3.18306e-07,2462.4531,0.0,67.8719966,-0.278981818,0.0,24.14246745,771.199117,1303.58431,0.0,0.0
1439.5,-46.751816,19.43490024,299.99729,0.0,0.610561623,0.0,1.743342571,0.0,1295.23323,327.82797,0.0,44.4654413,0.0,62.3245853,0.0,-3.18306e-07,2462.4531,0.0,67.4371895,-0.2436041,0.0,19.43490024,764.364122,1295.23323,0.0,0.0
1440.0,-46.751816,22.30305564,299.763348,0.0,0.699750736,0.0,1.99677224,0.0,1286.9099,327.82797,0.0,44.1797023,0.0,62.001634,0.0,-3.18306e-07,2462.4531,0.0,67.0038318,-0.278794704,0.0,22.30305564,760.697672,1286.9099,0.0,0.0
1440.5,-46.516955,26.52651855,299.836282,0.0,0.832774763,0.0,2.37131699,0.0,1278.61852,327.82797,0.0,43.8950569,0.0,61.6791156,0.0,-3.18306e-07,2462.4531,0.0,66.5721344,-0.259944105,0.0,26.52651855,757.613774,1278.61852,0.0,0.0
1441.0,-31.5574761,29.610199724,299.943372,0.0,0.9300362459,0.0,2.6586833584,0.0,1270.7585,327.82797,0.0,43.6252226,0.0,61.3726399,0.0,-3.18306e-07,2462.4531,0.0,66.162894,-0.185387768,0.0,29.610199724,754.307536,1270.7585,0.0,0.0
1441.5,-8.4163517004,24.83659303,299.889227,0.0,0.779763527,0.0,2.229100585,0.0,1264.3564,327.953745,0.0,43.4220598,0.0,61.1458908,0.0,-3.18306e-07,2462.4531,0.0,65.829567,-0.156784754,0.0,24.83659303,748.583058,1264.3564,0.0,0.0
1442.0,0.0,34.6608031,300.0,0.0,1.08890126,0.0,3.11282884,0.0,1259.15649,336.127852,0.0,44.3207784,0.0,62.4606251,0.0,-3.18306e-07,2462.4531,0.0,65.5588306,-0.1453269,0.0,34.6608031,749.634806,1259.15649,0.0,0.0
1442.5,0.2281405318,37.8637538,300.0,0.0,1.18952492,0.0,3.40048045,0.0,1254.14217,348.805912,0.0,45.8093636,0.0,64.607404,0.0,-3.18306e-07,2461.41536,0.0,65.297758,-0.14451781,0.0,37.8637538,748.039743,1254.14217,0.0,0.0
1443.0,14.7742857,296.055049,300.0,0.0,9.30084397,0.0,22.78246617,0.0,1249.3766,353.43567,0.0,46.2415472,0.0,65.2638261,0.0,-3.18306e-07,2395.24857,0.0,65.0496362,-0.127056576,0.0,296.055049,852.692481,1249.3766,0.0,0.0
1443.5,37.048368,1463.74959,300.0,0.0,45.9850491,0.0,68.8853906,0.0,1245.44882,353.557801,0.0,46.1120815,0.0,65.1198166,0.0,-3.18306e-07,2292.893,0.0,64.8451301,-0.1006760422,0.0,1463.74959,1336.28539,1245.44882,0.0,0.0
1444.0,30.6850547,3135.39793,294.148556,0.0,96.2980506,0.0,126.2474229,0.0,1241.98941,361.495169,0.0,47.0159608,0.0,66.4311766,0.0,-3.18306e-07,2255.6697,0.0,64.665016,-0.107710771,0.0,3135.39793,2029.85069,1241.98941,0.0,0.0
1444.5,8.49469174505,4001.14655,210.761409,0.0,87.9312544,0.0,112.870345,0.0,1237.81617,373.806084,0.0,48.4536987,0.0,68.50595,0.0,-3.18306e-07,2255.6697,0.0,64.4477336,-0.1331243615,0.0,4001.14655,2387.6584,1237.81617,0.0,0.0
1445.0,20.27415846,4358.30174,52.9524888,-7.3253906,23.31497081,-3.41575165,30.96478709,-3.21718724,1233.64655,378.30176,21.5870007,48.8717314,2.78769916,65.2700308,3.19933941,-3.18306e-07,2255.6697,0.0,64.2306411,-0.0364556027,0.0,4358.30174,2533.83865,1233.64655,0.0,0.0
1445.5,51.1524978,3876.78337,-26.064612,-26.064612,-10.5901614,-10.5901614,-9.9561481,-9.9561481,1237.24077,378.30176,67.0448157,49.0141186,8.68602615,56.2107591,9.9600055,-3.18306e-07,2255.6697,0.0,64.4177745,0.178900003,0.0,3876.78337,2335.57397,1237.24077,0.0,0.0
1446.0,62.382027,3688.73078,-26.5087473,-26.5087473,-10.2406141,-10.2406141,-9.6120313,-9.6120313,1243.55284,378.30176,64.3603008,49.2641745,8.3810235,56.5076728,9.6131929,-3.18306e-07,2255.6697,0.0,64.7464175,0.183396058,0.0,3688.73078,2261.00944,1243.55284,0.0,0.0
1446.5,62.8190559,3665.06856,-26.093106,-26.093106,-10.01468585,-10.01468585,-9.3954788,-9.3954788,1249.70825,378.472219,62.5268582,49.5303841,8.1828624,56.8655799,9.39466025,-3.18306e-07,2255.6697,0.0,65.066905,0.176580326,0.0,3665.06856,2254.75754,1249.70825,0.0,0.0
1447.0,90.6798404,3707.50099,-37.2826677,-37.2826677,-14.481369,-14.481369,-13.6361981,-13.6361981,1257.59816,389.550339,90.789008,51.3036347,11.961103,58.4487505,13.6234144,-3.18306e-07,2255.6697,0.0,65.477696,0.319048335,0.0,3707.50099,2277.02084,1257.59816,0.0,0.0
1447.5,133.0271136,3697.80057,-56.5530799,-56.5530799,-21.8854837,-21.8854837,-20.5331239,-20.5331239,1272.55336,406.732574,134.816065,54.2044303,17.9729915,61.8806858,20.5224681,-3.18306e-07,2250.89535,0.0,66.2563486,0.542744247,0.0,3697.80057,2281.71663,1272.55336,0.0,0.0
1448.0,100.8802484,2823.31537,-54.8888522,-54.8888522,-16.6600191,-16.6600191,-15.4176602,-15.4176602,1290.81837,413.00714,100.3134911,55.8279041,13.54639386,63.6923379,15.4474581,-3.18306e-07,1946.6981,0.0,67.2073296,0.388868075,0.0,2823.31537,1928.50166,1290.81837,0.0,0.0
1448.5,26.9044694678,1599.16031,-20.94789394,-20.94789394,-3.841832268,-3.841832268,-3.429826475,-3.429826475,1296.61414,413.00714,20.203020424,56.0785713,2.74338811,73.8598254,3.442854539,-3.18306e-07,1476.13007,0.0,67.5090904,-0.0162269724,0.0,1599.16031,1422.50585,1296.61414,0.0,0.0
1449.0,0.0,1137.95132,24.48929992,0.0,2.9194028,0.0,4.687795093,0.0,1292.88211,413.00714,0.0,55.9171607,0.0,78.403513,0.0,-3.18306e-07,1304.9878,0.0,67.3147777,-0.14904114,0.0,1137.95132,1228.41427,1292.88211,0.0,0.0
1449.5,1.332553658,1143.67901,71.1712461,0.0,8.53077112,0.0,13.6746896,0.0,1287.74211,412.805922,0.0,55.6677687,0.0,78.1141774,0.0,-3.18306e-07,1304.9878,0.0,67.0471599,-0.146919367,0.0,1143.67901,1227.79636,1287.74211,0.0,0.0
1450.0,86.3609423,1764.60586,-10.6463813,-31.3709245,-3.11891068,-6.1855328,-0.9083356,-5.5313629,1285.52533,399.728965,35.5850751,53.8107094,4.7939522,67.6465012,5.51717555,-3.18306e-07,1304.9878,0.0,66.931742,0.1219796384,0.0,1764.60586,1484.87427,1285.52533,0.0,0.0
1450.5,217.894042,1570.8481,-92.4141099,-92.4141099,-15.13698015,-15.13698015,-12.75661155,-12.75661155,1297.69339,379.580938,82.5554664,51.5798766,11.2237788,58.6084175,12.7493554,-3.18306e-07,1304.9878,0.0,67.5652786,0.532116758,0.0,1570.8481,1411.35508,1297.69339,0.0,0.0
1451.0,265.72598,1341.88077,-112.4099527,-112.4099527,-15.8038278,-15.8038278,-12.70864345,-12.70864345,1318.69105,380.908221,81.1877625,52.6032671,11.2081189,59.6724255,12.7134638,-3.18306e-07,1304.9878,0.0,68.6585382,0.615918733,0.0,1341.88077,1328.34046,1318.69105,0.0,0.0
1451.5,265.72598,1264.67524,-109.7138783,-109.7138783,-14.52523655,-14.52523655,-11.58419345,-11.58419345,1339.27048,394.375641,72.7721546,55.3126072,10.205365,62.7851301,11.58409265,-3.18306e-07,1311.58781,0.0,69.7300209,0.581628992,0.0,1264.67524,1308.23084,1339.27048,0.0,0.0
1452.0,265.72598,2208.58811,-95.0450089,-95.0450089,-22.0012811,-22.0012811,-19.4039524,-19.4039524,1360.51314,394.187095,119.888553,56.159163,17.1017869,63.5921969,19.375628,-3.18306e-07,1733.31473,0.0,70.836032,0.706021148,0.0,2208.58811,1713.40338,1360.51314,0.0,0.0
1452.5,264.576291,3786.05512,-96.9265211,-96.9265211,-38.4883398,-38.4883398,-35.5424919,-35.5424919,1390.08884,386.037423,210.806698,56.1928042,30.7136149,64.9108506,35.5154054,-3.18306e-07,2385.66747,0.0,72.3759124,0.998632761,0.0,3786.05512,2387.06811,1390.08884,0.0,0.0
1453.0,191.245743,4203.99375,-82.2084715,-82.2084715,-36.3290909,-36.3290909,-33.9452842,-33.9452842,1424.66503,371.129054,198.191069,55.3642341,29.5346338,63.561168,33.9850297,-3.18306e-07,2622.9167,0.0,74.1761444,0.84265218,0.0,4203.99375,2581.16421,1424.66503,0.0,0.0
1453.5,77.8115231,4087.82849,-32.24584,-32.24584,-13.80757515,-13.80757515,-13.00032187,-13.00032187,1442.9294,352.517429,76.0409961,53.2653012,11.48216467,61.2347985,13.03263832,-3.18306e-07,2622.9167,0.0,75.1270936,0.2261615863,0.0,4087.82849,2543.49143,1442.9294,0.0,0.0
1454.0,36.556038,4224.19184,-13.79388495,-13.79388495,-6.10662139,-6.10662139,-5.60814279,-5.60814279,1444.98261,345.7209,30.362431,52.3138697,4.59438163,63.9852104,5.60541251,-3.18306e-07,2622.9167,0.0,75.2339935,-0.00220225128,0.0,4224.19184,2601.43211,1444.98261,0.0,0.0
1454.5,38.015408,4272.766310000001,-15.4195854,-15.4195854,-6.89995346,-6.89995346,-6.37966357,-6.37966357,1445.32604,345.7209,35.5345991,52.3263037,5.37833352,62.0625004,6.37609145,-3.18306e-07,2622.9167,0.0,75.251873,0.01901694085,0.0,4272.766310000001,2621.84481,1445.32604,0.0,0.0
1455.0,131.0049091,4443.84227,-52.8554756,-52.8554756,-24.6834586,-24.6834586,-23.3012589,-23.3012589,1452.24493,345.7209,134.7284132,52.5767937,20.5145668,59.5078758,23.2502464,-3.18306e-07,2622.9167,0.0,75.6121116,0.512430337,0.0,4443.84227,2697.0707,1452.24493,0.0,0.0
1455.5,273.493527,4455.62796,-114.793566,-114.793566,-53.5231845,-53.5231845,-49.6898766,-49.6898766,1482.91898,345.754093,272.405741,53.6925377,42.3435157,62.8814348,49.6536021,-3.18306e-07,2622.9167,0.0,77.2091775,1.227853016,0.0,4455.62796,2719.8851,1482.91898,0.0,0.0
1456.0,239.139209,4050.44731,-103.2577441,-103.2577441,-44.0215097,-44.0215097,-40.7412042,-40.7412042,1525.40468,347.911254,222.224492,55.5763487,35.4523054,63.7547943,40.7935217,-3.18306e-07,2622.9167,0.0,79.4212249,1.000011011,0.0,4050.44731,2576.09356,1525.40468,0.0,0.0
1456.5,105.0672719,3906.85312,-43.571064,-43.571064,-17.8322694,-17.8322694,-16.7727304,-16.7727304,1547.78622,351.039218,92.572366,56.8979929,14.9931202,63.9739195,16.80871787,-3.18306e-07,2622.9167,0.0,80.5865346,0.3175667264,0.0,3906.85312,2529.41134,1547.78622,0.0,0.0
1457.0,56.310295,4064.86364,-21.7776358,-21.7776358,-9.2766931,-9.2766931,-8.69285769,-8.69285769,1552.58519,338.104453,46.693732,54.9706676,7.59202722,62.9411952,8.6894972,-3.18306e-07,2622.9167,0.0,80.8363946,0.0736288652,0.0,4064.86364,2597.96282,1552.58519,0.0,0.0
1457.5,56.310295,4108.73904,-24.6021988,-24.6021988,-10.57727835,-10.57727835,-9.9463815,-9.9463815,1555.56987,316.147546,53.7151881,51.4995032,8.7505903,58.5584208,9.9415671,-3.18306e-07,2615.54151,0.0,80.9917959,0.1008549603,0.0,4108.73904,2617.96249,1555.56987,0.0,0.0
1458.0,56.310295,3012.28463,-41.0638561,-41.0638561,-12.97675385,-12.97675385,-12.1065818,-12.1065818,1560.88401,308.12936,65.9431941,50.3654071,10.77635655,56.7488974,12.11932475,-3.18306e-07,2143.78531,0.0,81.2684786,0.168385646,0.0,3012.28463,2164.82254,1560.88401,0.0,0.0
1458.5,56.310295,1194.816911,-38.793268,-38.793268,-4.94870419,-4.94870419,-4.280172307,-4.280172307,1564.07436,308.12936,21.1874097,50.4683501,3.470031053,64.4517054,4.292496855,-3.18306e-07,1414.05095,0.0,81.4345865,0.01921738047,0.0,1194.816911,1410.42359,1564.07436,0.0,0.0
1459.0,56.310295,516.357108,-22.3227437,-22.3227437,-1.20847676,-1.20847676,-0.874550706,-0.874550706,1562.84372,308.12936,3.93404618,50.4286401,0.643816291,68.471258,0.874170029,-3.18306e-07,1148.666,0.0,81.3705106,-0.065134149,0.0,516.357108,1127.39288,1562.84372,0.0,0.0
1459.5,56.310295,572.930191,-22.9215975,-22.9215975,-1.37405377,-1.37405377,-1.02664651,-1.02664651,1560.68869,308.12936,4.62566256,50.3591033,0.755999538,68.3894045,1.026672694,-3.18306e-07,1151.37409,0.0,81.2583085,-0.0615633925,0.0,572.930191,1149.67509,1560.68869,0.0,0.0
1460.0,56.310295,976.592797,-16.9771264,-16.9771264,-1.73931801,-1.73931801,-1.43164953,-1.43164953,1558.41686,308.12936,6.449785,50.2857994,1.052475277,68.3030804,1.429594597,-3.18306e-07,1323.99434,0.0,81.1400244,-0.065699848,0.0,976.592797,1316.31558,1558.41686,0.0,0.0
1460.5,56.310295,1642.72625,-17.798826,-17.798826,-3.07456125,-3.07456125,-2.71194032,-2.71194032,1556.47642,308.128277,12.3166267,50.2230084,2.00743245,67.9073241,2.70909346,-3.18306e-07,1591.02094,0.0,81.0389924,-0.0450337455,0.0,1642.72625,1592.36559,1556.47642,0.0,0.0
1461.0,56.310295,1892.82748,-23.8276143,-23.8276143,-4.72320803,-4.72320803,-4.26129253,-4.26129253,1555.64898,308.057738,20.2433616,50.1848182,3.2977919,64.8500279,4.26127789,-3.18306e-07,1688.1378,0.0,80.9959125,-0.0087820677,0.0,1892.82748,1695.95143,1555.64898,0.0,0.0
1461.5,56.310295,1887.95095,-21.24077151,-21.24077151,-4.17185502,-4.17185502,-3.752903172,-3.752903172,1555.2687,308.07778,17.7716384,50.1758097,2.894488183,65.4109949,3.756666976,-3.18306e-07,1701.82366,0.0,80.9761135,-0.0212160198,0.0,1887.95095,1693.7002,1555.2687,0.0,0.0
1462.0,56.310295,3389.79082,103.8044407,0.0,41.82695348,0.0,53.8690784,0.0,1552.72326,316.450953,0.0,51.4547251,0.0,69.9248511,0.0,-3.18306e-07,2574.1736,0.0,80.8435811,-0.1153298719,0.0,3389.79082,2317.14065,1552.72326,0.0,0.0
1462.5,56.0279735,5904.49041,293.585583,0.0,182.249538,0.0,230.681753,0.0,1548.74473,329.667896,0.0,53.4664546,0.0,72.6839933,0.0,-3.18306e-07,3923.63715,0.0,80.6364386,-0.1151256459,0.0,5904.49041,3361.20267,1548.74473,0.0,0.0
1463.0,38.0094481,8103.31459,273.511931,0.0,230.759604,0.0,301.408111,0.0,1544.49973,345.359278,0.0,55.8575889,0.0,75.968979,0.0,-3.18306e-07,4414.402,0.0,80.4154184,-0.135550688,0.0,8103.31459,4273.67097,1544.49973,0.0,0.0
1463.5,10.13602488925,9171.624899999999,90.60329485,-0.934233,86.1592525,-0.9070889,118.26231085,-0.77940955,1539.27252,362.305962,4.0889984,58.4001104,0.6580262,78.2420999,0.75913205,-3.18306e-07,4414.402,0.0,80.1432616,-0.1525475952,0.0,9171.624899999999,4715.15077,1539.27252,0.0,0.0
1464.0,0.0,8688.7372,-6.92824714,-6.92824714,-6.41309433,-6.41309433,-5.56174514,-5.56174514,1536.38212,368.4945,29.59429571,59.2869198,4.763193415,74.6093644,5.58163518,-3.18306e-07,4414.402,0.0,79.9927714,-0.0709076901,0.0,8688.7372,4512.52987,1536.38212,0.0,0.0
1464.5,1.7345186225,8459.4098,-0.45821235293,-0.4621298733,-0.4066607787,-0.4101291352,-0.30461672923,-0.3092124012,1531.27236,368.42791,1.392725009,59.0790816,0.2231962943,80.4679518,0.30403260135,-3.18306e-07,4414.402,0.0,79.726728,-0.170777885,0.0,8459.4098,4414.121440000001,1531.27236,0.0,0.0
1465.0,112.5344014,8661.1796,-44.877895,-44.877895,-40.8244186,-40.8244186,-39.00117016,-39.00117016,1536.24839,364.100203,207.2957619,58.5733821,33.4225167,67.5211031,38.8790701,-3.18306e-07,4414.402,0.0,79.9858061,0.70092289215,0.0,8661.1796,4500.98499,1536.24839,0.0,0.0
1465.5,283.928922,8669.9722,-118.9475789,-118.9475789,-107.9438575,-107.9438575,-103.7703986,-103.7703986,1577.89097,357.587505,357.587505,59.0840698,59.0840698,70.7426072,70.7426072,9.044898e-05,4414.402,0.0,82.1539554,1.51027764,0.0,8669.9722,4528.95836,1577.89097,0.0,0.0
1466.0,346.2597,8380.0592,-146.677646,-146.677646,-128.7327784,-128.7327784,-123.605318,-123.605318,1633.34248,368.120339,368.120339,62.9745581,62.9745581,75.3056375,75.3056375,0.000408871437,4414.402,0.0,85.0410778,1.65758114,0.0,8380.0592,4440.70118,1633.34248,0.0,0.0
1466.5,346.2597,8228.134699999999,-144.619029,-144.619029,-124.6108764,-124.6108764,-119.5487755,-119.5487755,1691.55379,388.354509,388.354509,68.8028725,68.8028725,82.4194095,82.4194095,0.000706545803,4414.402,0.0,88.0718886,1.71111127,0.0,8228.134699999999,4411.47345,1691.55379,0.0,0.0
1467.0,346.2597,8142.66311,-144.56796,-144.56796,-123.2727635,-123.2727635,-118.2090716,-118.2090716,1751.40512,401.880092,401.880092,73.712547,73.712547,88.2225033,88.2225033,0.000959087714,4414.402,0.0,91.188088,1.74589571,0.0,8142.66311,4410.85482,1751.40512,0.0,0.0
1467.5,346.2597,8057.588009999999,-144.572609,-144.572609,-121.9887202,-121.9887202,-116.9215592,-116.9215592,1812.14378,411.451121,411.451121,78.08478,78.08478,93.2889985,93.2889985,0.00117440725,4414.402,0.0,94.3504881,1.7675294,0.0,8057.588009999999,4410.91915,1812.14378,0.0,0.0
1468.0,346.2597,7971.85395,-144.573221,-144.573221,-120.6912603,-120.6912603,-115.6170756,-115.6170756,1873.36311,414.94656,414.94656,81.403441,81.403441,96.8741225,96.8741225,0.00135362962,4414.402,0.0,97.5379121,1.76910859,0.0,7971.85395,4410.99023,1873.36311,0.0,0.0
1468.5,345.442965,7871.79868,-146.657126,-146.657126,-120.8570771,-120.8570771,-115.7023155,-115.7023155,1934.35711,414.94656,414.94656,84.053819,84.053819,99.5327581,99.5327581,0.00150481569,4400.65777,0.0,100.7136079,1.76175709,0.0,7871.79868,4404.97038,1934.35711,0.0,0.0
1469.0,293.183806,5655.29396,-156.218661,-156.218661,-93.7820946,-93.7820946,-88.3009931,-88.3009931,1993.67608,414.94656,362.613677,86.6314131,75.6195332,100.5474774,88.017917,0.00159090105,3521.23065,0.0,103.8020894,1.53815206,0.0,5655.29396,3517.30236,1993.67608,0.0,0.0
1469.5,212.345322,2190.507026,-116.9899841,-116.9899841,-28.1105172,-28.1105172,-24.6140009,-24.6140009,2031.45584,414.94656,137.3808318,88.2730605,29.1870367,97.260614,32.1984282,0.00145543151,2160.86508,0.0,105.7691159,0.640539246,0.0,2190.507026,2097.6382,2031.45584,0.0,0.0
1470.0,182.94926,1004.313689,-73.1605699,-73.1605699,-7.70843987,-7.70843987,-6.19031715,-6.19031715,2044.64711,414.94656,57.353486,88.8462616,12.281249,98.5605055,13.620522,0.00130379789,1666.1827,0.0,106.4559316,0.268685361,0.0,1004.313689,1611.75665,2044.64711,0.0,0.0
1470.5,182.288225,1117.98531,-75.9606984,-75.9606984,-8.8932423,-8.8932423,-7.24875653,-7.24875653,2054.38918,414.962854,61.8115236,89.2730975,13.2977751,98.5414026,14.6783268,0.00115225919,1666.1827,0.0,106.9631571,0.285497024,0.0,1117.98531,1664.74461,2054.38918,0.0,0.0
1471.0,140.1328706,1028.479884,-59.1705028,-59.1705028,-6.39552923,-6.39552923,-5.26100984,-5.26100984,2062.84146,416.019732,52.7468887,89.868776,11.3936968,100.1267857,12.690535,0.001000815306,1666.1827,0.0,107.403231,0.1763682055,0.0,1028.479884,1632.43598,2062.84146,0.0,0.0
1471.5,74.9223473,998.194462,-31.0396376,-31.0396376,-3.24398417,-3.24398417,-2.7255655,-2.7255655,2066.08893,417.658378,41.5710163,90.36471,8.9942754,101.9492232,10.14417645,0.0008494662,1666.1827,0.0,107.5723134,0.014704255,0.0,998.194462,1621.73014,2066.08893,0.0,0.0
1472.0,51.20649,1080.1315,-20.4823907,-20.4823907,-2.3184018,-2.3184018,-1.95430197,-1.95430197,2065.14864,418.25647,38.1924611,90.4529181,8.2595499,102.4684665,9.3564236,0.000698211751,1666.1827,0.0,107.5233554,-0.0420892889,0.0,1080.1315,1655.27573,2065.14864,0.0,0.0
1472.5,51.20649,1108.89895,-21.2729654,-21.2729654,-2.47029669,-2.47029669,-2.09267911,-2.09267911,2063.78322,418.25647,38.8232468,90.3931145,8.3904358,102.2104126,9.4873363,0.000547051903,1666.1827,0.0,107.452265,-0.0384275606,0.0,1108.89895,1666.44882,2063.78322,0.0,0.0
1473.0,51.20649,1111.38069,-21.2963677,-21.2963677,-2.47854617,-2.47854617,-2.1003955,-2.1003955,2062.46154,418.25647,38.8443863,90.3352269,8.3896289,102.1468836,9.4866028,0.000395986578,1666.1827,0.0,107.3834496,-0.0380830402,0.0,1111.38069,1666.70978,2062.46154,0.0,0.0
1473.5,51.20649,1113.22955,-21.2968743,-21.2968743,-2.48272841,-2.48272841,-2.10440671,-2.10440671,2061.14932,418.269973,38.8493978,90.2806648,8.3853727,102.0888496,9.4821303,0.000245015701,1666.1827,0.0,107.3151282,-0.0378324319,0.0,1113.22955,1666.71289,2061.14932,0.0,0.0
1474.0,51.20649,1115.0549,-21.2969505,-21.2969505,-2.48680827,-2.48680827,-2.10832482,-2.10832482,2059.84566,419.145984,38.8539032,90.412513,8.3810405,102.2416435,9.4775751,9.413918e-05,1666.1827,0.0,107.2472515,-0.0375858787,0.0,1115.0549,1666.71123,2059.84566,0.0,0.0
1474.5,51.9016819,1119.74088,-21.3898771,-21.3898771,-2.50831288,-2.50831288,-2.12822384,-2.12822384,2057.21478,420.280195,10.66516347,90.541391,2.29822414,117.1929972,2.86426613,8.65687e-07,1666.1827,0.0,107.1102765,-0.1273502845,0.0,1119.74088,1667.12499,2057.21478,0.0,0.0
1475.0,96.2525542,1209.99347,-39.1871172,-39.1871172,-4.98861798,-4.98861798,-4.28998703,-4.28998703,2053.87836,406.242053,15.578045,87.3754009,3.35043119,112.340339,4.28445443,-2.81837e-07,1666.1827,0.0,106.9365634,-0.028256412754,0.0,1209.99347,1702.73167,2053.87836,0.0,0.0
1475.5,164.860605,1234.24021,-68.7871467,-68.7871467,-8.88809923,-8.88809923,-7.43616568,-7.43616568,2055.966,383.640675,29.0386174,82.5969799,6.25257204,98.4693814,7.43233875,-2.81837e-07,1666.1827,0.0,107.0452564,0.1463610204,0.0,1234.24021,1714.03985,2055.966,0.0,0.0
1476.0,189.80975,1140.32342,-79.8920691,-79.8920691,-9.5421966,-9.5421966,-7.76238093,-7.76238093,2062.45378,371.076876,30.4329179,80.1446534,6.57261574,94.701307,7.76391121,-2.81837e-07,1666.1827,0.0,107.3830454,0.198150299,0.0,1140.32342,1678.74851,2062.45378,0.0,0.0
1476.5,189.80975,1102.76352,-79.0588511,-79.0588511,-9.1298133,-9.1298133,-7.39000949,-7.39000949,2069.10511,364.578373,28.5694499,78.995156,6.19028849,94.3070769,7.39016669,-2.81837e-07,1666.1827,0.0,107.7293518,0.189479976,0.0,1102.76352,1667.00322,2069.10511,0.0,0.0
1477.0,189.80975,1092.99768,-79.0336248,-79.0336248,-9.0460663,-9.0460663,-7.31095457,-7.31095457,2075.60747,376.99139,28.1081185,81.9430581,6.10947571,98.0606695,7.31106533,-2.81837e-07,1666.1827,0.0,108.0679047,0.186780288,0.0,1092.99768,1666.73632,2075.60747,0.0,0.0
1477.5,189.80975,1084.00603,-79.0324735,-79.0324735,-8.9715171,-8.9715171,-7.2401844,-7.2401844,2082.02141,400.044716,27.6912109,87.222472,6.03745823,104.600949,7.24029259,-2.81837e-07,1666.1827,0.0,108.4018485,0.184278647,0.0,1084.00603,1666.73986,2082.02141,0.0,0.0
1478.0,189.80975,1075.14625,-79.0317836,-79.0317836,-8.8981136,-8.8981136,-7.17066089,-7.17066089,2088.34968,408.45877,27.2856308,89.3264478,5.96711298,107.3451701,7.17076729,-2.81837e-07,1666.1827,0.0,108.7313341,0.181826339,0.0,1075.14625,1666.74825,2088.34968,0.0,0.0
1478.5,189.565663,1066.01542,-78.9898695,-78.9898695,-8.81789815,-8.81789815,-7.0959614,-7.0959614,2094.59333,408.45877,26.8632282,89.5935114,5.89229403,107.9002414,7.09623164,-2.81837e-07,1666.1827,0.0,109.0564123,0.178976631,0.0,1066.01542,1666.59444,2094.59333,0.0,0.0
1479.0,173.961441,1028.037268,-72.7261176,-72.7261176,-7.83284486,-7.83284486,-6.32430918,-6.32430918,2100.23793,408.45877,23.4296439,89.8349509,5.15283242,110.341518,6.32604241,-2.81837e-07,1666.1827,0.0,109.3503036,0.1377788061,0.0,1028.037268,1654.08735,2100.23793,0.0,0.0
1479.5,149.824157,1013.291449,-62.3127682,-62.3127682,-6.61232917,-6.61232917,-5.41064283,-5.41064283,2103.94872,408.45877,19.5552983,89.9936734,4.30844344,113.0710308,5.41178219,-2.81837e-07,1666.1827,0.0,109.543505,0.0783265526,0.0,1013.291449,1650.11814,2103.94872,0.0,0.0
1480.0,141.04572,1040.053935,-58.4054672,-58.4054672,-6.36138163,-6.36138163,-5.2557779,-5.2557779,2106.14821,408.45877,18.8927081,90.0877541,4.16690261,113.624152,5.25543009,-2.81837e-07,1666.1827,0.0,109.6580251,0.0587455744,0.0,1040.053935,1662.53848,2106.14821,0.0,0.0
1480.5,141.04572,1047.10916,-58.6979662,-58.6979662,-6.43640857,-6.43640857,-5.32089247,-5.32089247,2108.20771,408.45877,19.1390742,90.1758493,4.22535153,113.5567564,5.3209056,-2.81837e-07,1666.1827,0.0,109.7652566,0.0596780682,0.0,1047.10916,1666.67678,2108.20771,0.0,0.0
1481.0,141.04572,1044.46845,-58.7064163,-58.7064163,-6.42110126,-6.42110126,-5.30620245,-5.30620245,2110.26066,408.45877,19.0605286,90.2636624,4.21210796,113.7101989,5.306228,-2.81837e-07,1666.1827,0.0,109.8721428,0.0590649583,0.0,1044.46845,1666.77664,2110.26066,0.0,0.0
1481.5,141.20594,1041.88512,-58.7334463,-58.7334463,-6.40817167,-6.40817167,-5.29339541,-5.29339541,2112.2917,408.45877,18.9895597,90.350533,4.20046504,113.8575368,5.29332117,-2.81837e-07,1666.1827,0.001000368497,109.977887,0.0585685616,0.0,1041.88512,1666.88759,2112.2917,-0.024589807,0.0021766296
1482.0,151.445887,1058.49488,-62.8409391,-62.8409391,-6.96661609,-6.96661609,-5.73446597,-5.73446597,2114.51713,408.45877,20.7707568,90.4457238,4.59936749,112.7677541,5.73339052,-2.81837e-07,1666.1827,0.0649353224,110.0937585,0.0745723208,0.0,1058.49488,1675.09848,2114.51713,-1.619529871,0.1434684004
1482.5,167.285539,1060.54383,-69.670322,-69.670322,-7.73726221,-7.73726221,-6.30790725,-6.30790725,2117.52881,408.45877,23.1374978,90.5745465,5.13073349,111.3533327,6.30722009,-2.81837e-07,1666.1827,0.1638330184,110.2505652,0.098955848,0.0,1060.54383,1677.70957,2117.52881,-4.09245249,0.363023715
1483.0,173.04625,1035.92502,-72.2324537,-72.2324537,-7.83602301,-7.83602301,-6.34047706,-6.34047706,2121.13286,408.45877,23.2373145,90.7287095,5.1615473,111.4599325,6.34081919,-2.81837e-07,1666.1827,0.199801,110.4382134,0.105027629,0.0,1035.92502,1669.56988,2121.13286,-4.9950247,0.44380699
1483.5,173.04625,1024.396226,-72.0400889,-72.0400889,-7.72806699,-7.72806699,-6.24367503,-6.24367503,2124.71201,408.45877,22.7858692,90.8817995,5.06983409,111.9252896,6.24373865,-2.81837e-07,1666.1827,0.199801,110.6245631,0.1025756473,0.0,1024.396226,1666.86247,2124.71201,-4.9950247,0.444555849
1484.0,173.04625,1019.309969,-72.0340828,-72.0340828,-7.6890544,-7.6890544,-6.20729082,-6.20729082,2128.23577,408.45877,22.5934812,91.0325229,5.03536567,112.2203632,6.20734436,-2.81837e-07,1666.1827,0.199801,110.8080311,0.1012959929,0.0,1019.309969,1666.80359,2128.23577,-4.9950247,0.445293127
1484.5,173.04625,1014.43415,-72.0336486,-72.0336486,-7.65222794,-7.65222794,-6.17287018,-6.17287018,2131.71658,408.50429,22.4103104,91.1915784,5.00271182,112.522769,6.17292301,-2.81837e-07,1666.1827,0.198800377,110.9892601,0.1001923797,0.0,1014.43415,1666.80711,2131.71658,-4.97043493,0.443824122
1485.0,173.04625,1009.471499,-72.0355554,-72.0355554,-7.61499434,-7.61499434,-6.13806151,-6.13806151,2135.26903,411.456913,22.2255157,92.0039079,4.96972688,113.6343581,6.13811741,-2.81837e-07,1666.1827,0.1348656684,111.1742207,0.1073664711,0.0,1009.471499,1666.81635,2135.26903,-3.37549489,0.301878771
1485.5,173.04625,1003.99179,-72.038934,-72.038934,-7.57401307,-7.57401307,-6.09977481,-6.09977481,2139.18544,416.034898,22.0233219,93.1982029,4.93354646,115.2304716,6.09983688,-2.81837e-07,1666.1827,0.035968006178,111.3781324,0.1190585122,0.0,1003.99179,1666.82304,2139.18544,-0.9025723178,0.08084226647
1486.0,173.04625,998.088683,-72.0399381,-72.0399381,-7.52958578,-7.52958578,-6.05839231,-6.05839231,2143.39418,417.70578,21.8063603,93.756452,4.89455424,116.0514074,6.05845669,-2.81837e-07,1666.1827,0.0,111.5972649,0.1223501118,0.0,998.088683,1666.82412,2143.39418,0.0,0.0
1486.5,173.04625,992.199129,-72.0394216,-72.0394216,-7.48510129,-7.48510129,-6.0170569,-6.0170569,2147.59842,417.70578,21.590996,93.9403534,4.85572066,116.4092694,6.01712016,-2.81837e-07,1666.1827,0.0,111.8161629,0.1208739075,0.0,992.199129,1666.82827,2147.59842,0.0,0.0
1487.0,173.04625,986.384013,-72.039012,-72.039012,-7.44119013,-7.44119013,-5.97631652,-5.97631652,2151.75209,417.70578,21.3799589,94.1220386,4.81755904,116.7623414,5.97637895,-2.81837e-07,1666.1827,0.0,112.0324239,0.1194197775,0.0,986.384013,1666.83382,2151.75209,0.0,0.0
1487.5,173.04625,980.638846,-72.0386155,-72.0386155,-7.3978082,-7.3978082,-5.93613003,-5.93613003,2155.85579,417.70578,21.1730058,94.3015445,4.78002516,117.110787,5.93619163,-2.81837e-07,1666.1827,0.0,112.2460827,0.11798667,0.0,980.638846,1666.83935,2155.85579,0.0,0.0
1488.0,173.04625,974.962544,-72.0382224,-72.0382224,-7.35494687,-7.35494687,-5.89648731,-5.89648731,2159.91029,417.70578,20.9700255,94.478896,4.74310408,117.454687,5.896548,-2.81837e-07,1666.1827,0.0,112.4571865,0.1165741473,0.0,974.962544,1666.8448,2159.91029,0.0,0.0
1488.5,172.177686,967.973962,-71.8914809,-71.8914809,-7.28758021,-7.28758021,-5.83647091,-5.83647091,2163.914,417.70578,20.6892552,94.654024,4.68825728,117.8508113,5.83707767,-2.81837e-07,1666.1827,0.0,112.6656385,0.1136556994,0.0,967.973962,1666.27454,2163.914,0.0,0.0
1489.0,116.8062155,858.134365,-49.6678803,-49.6678803,-4.49863,-4.49863,-3.61412778,-3.61412778,2166.14489,417.70578,12.3410686,94.751613,2.79947443,122.8227972,3.61917285,-2.81837e-07,1666.1827,0.0,112.781797,-0.0169186915,0.0,858.134365,1621.87207,2166.14489,0.0,0.0
1489.5,31.1502875221,828.372121,-12.564396548,-12.94856279,-1.08770189845,-1.121173519,-0.8218716512,-0.88197122,2162.14785,417.721997,2.99121283558,94.580439,0.677785382198,123.5270186,0.885165550088,-2.81837e-07,1666.1827,0.0,112.5736857,-0.210118908,0.0,828.372121,1607.15395,2162.14785,0.0,0.0
1490.0,0.0,834.855641,24.54736338,0.0,2.147773516,0.0,3.84984209,0.0,2153.20851,418.773858,0.0,94.426451,0.0,123.3695849,0.0,-2.81837e-07,1666.1827,0.0,112.1082553,-0.276983127,0.0,834.855641,1604.63217,2153.20851,0.0,0.0
1490.5,0.0,839.987333,63.7668896,0.0,5.61092244,0.0,10.03438582,0.0,2143.66346,420.404754,0.0,94.3739761,0.0,123.347673,0.0,-2.81837e-07,1666.1827,0.0,111.6112834,-0.275213188,0.0,839.987333,1601.19419,2143.66346,0.0,0.0
1491.0,0.0,845.086298,105.0325024,0.0,9.29694257,0.0,16.58615155,0.0,2134.17921,421.0,0.0,94.089595,0.0,123.0222122,0.0,-2.81837e-07,1666.1827,0.0,111.1174785,-0.273462323,0.0,845.086298,1597.77812,2134.17921,0.0,0.0
1491.5,0.0,850.1529,148.331208,0.0,13.2075354,0.0,23.5057667,0.0,2124.75511,421.0,0.0,93.6741161,0.0,122.530346,0.0,-2.81837e-07,1666.1827,0.0,110.6268084,-0.27173027,0.0,850.1529,1594.38377,2124.75511,0.0,0.0
1492.0,0.0,855.18747,193.650157,0.0,17.3443534,0.0,30.7937928,0.0,2115.39066,421.0,0.0,93.2612655,0.0,122.0478436,0.0,-2.81837e-07,1666.1827,0.0,110.1392401,-0.270016754,0.0,855.18747,1591.01081,2115.39066,0.0,0.0
1492.5,0.0,860.190388,240.976628,0.0,21.7089987,0.0,38.450728,0.0,2106.08514,420.831354,0.0,92.8138882,0.0,121.5193146,0.0,-2.81837e-07,1666.1827,0.0,109.6547395,-0.268321518,0.0,860.190388,1587.65912,2106.08514,0.0,0.0
1493.0,0.0,865.16196,287.911682,0.0,26.0863366,0.0,46.0944666,0.0,2096.8378,409.892683,0.0,90.0057416,0.0,117.8974167,0.0,-2.81837e-07,1666.1827,0.0,109.1732736,-0.266644291,0.0,865.16196,1584.32837,2096.8378,0.0,0.0
1493.5,0.5399583128,871.303814,300.0,0.0,27.3728168,0.0,48.2268826,0.0,2087.64936,392.826574,0.0,85.8803354,0.0,112.5457257,0.0,-2.81837e-07,1666.1827,0.0,108.6948691,-0.264357042,0.0,871.303814,1581.51896,2087.64936,0.0,0.0
1494.0,35.0168124,1481.7952,226.0435375,0.0,31.5868894,0.0,48.4124963,0.0,2079.06272,379.765748,0.0,82.6829105,0.0,108.4025376,0.0,-2.81837e-07,1666.1827,0.0,108.247799,-0.222645894,0.0,1481.7952,1830.53525,2079.06272,0.0,0.0
1494.5,88.348038,1954.09271,-46.3237652,-47.8341867,-8.95493295,-9.36743552,-7.84111852,-8.39330032,2075.69864,368.956441,33.6276607,80.1986366,7.30923264,94.404112,8.39195434,-2.81837e-07,1666.1827,0.0,108.0726494,0.0321069779,0.0,1954.09271,2025.0975,2075.69864,0.0,0.0
1495.0,107.74404,1141.10422,-46.4809136,-46.4809136,-5.56161067,-5.56161067,-4.72753598,-4.72753598,2076.54019,354.918404,17.042876,77.1787184,3.70605702,98.566627,4.72969512,-2.81837e-07,1666.1827,0.0,108.1164654,-0.001435121205,0.0,1141.10422,1687.29839,2076.54019,0.0,0.0
1495.5,107.74404,1090.41651,-45.3092314,-45.3092314,-5.17265595,-5.17265595,-4.37205598,-4.37205598,2076.29023,338.991141,15.6073204,73.706413,3.39347668,94.9664681,4.37207561,-2.81837e-07,1663.45825,0.0,108.1034495,-0.00808130206,0.0,1090.41651,1666.06086,2076.29023,0.0,0.0
1496.0,107.74404,687.511138,-51.3164788,-51.3164788,-3.6977183,-3.6977183,-2.85197501,-2.85197501,2076.02571,320.925139,10.07673169,69.7695051,2.190749573,91.1559929,2.85722412,-2.81837e-07,1489.41668,0.0,108.0896761,-0.015469224483,0.0,687.511138,1498.25451,2076.02571,0.0,0.0
1496.5,107.74404,91.489070223,-60.5545116,-60.5545116,-0.489938117343,-0.489938117343,-0.263448451162,-0.263448451162,2074.84192,302.017328,0.93767128804,65.6216624,0.20378881201,86.0525356,0.26722975778,-2.81837e-07,1220.20187,0.0,108.0280415,-0.03826369437,0.0,91.489070223,1249.55412,2074.84192,0.0,0.0
1497.0,107.74404,-10.601445916,-112.5758948,-6.439583,0.128287463656,-8.595285e-05,0.3638002173,-3.006724e-05,2072.87882,307.931597,0.0,66.8427801,0.0,87.6626084,0.0,-2.81837e-07,1122.2872,0.0,107.9258334,-0.07769848968,0.0,-10.601445916,1205.9273,2072.87882,0.0,0.0
1497.5,107.2034809,-13.64420779,-158.70365,0.0,0.231272895,0.0,0.652602904,0.0,2070.85307,327.915582,0.0,71.1111861,0.0,93.2700438,0.0,-2.81837e-07,1129.76591,0.0,107.82036,-0.0731554929,0.0,-13.64420779,1203.47838,2070.85307,0.0,0.0
1498.0,72.7272259,382.39019545,-37.03821505,-8.39166715,0.7399625821,-0.0151251659,1.32143073565,-0.00535259735,2067.7343,335.21368,0.0175046774,72.5846992,0.00379097565,95.2176524,0.004972969,-2.81837e-07,1606.74972,0.0,107.6579804,-0.16229708,0.0,382.39019545,1366.45019,2067.7343,0.0,0.0
1498.5,19.3956841128,2007.2316,130.6673701,0.0,29.265104,0.0,40.3876146,0.0,2060.80107,335.022342,0.0,72.3001015,0.0,94.8775071,0.0,-2.81837e-07,2344.59909,0.0,107.2969945,-0.237566758,0.0,2007.2316,2038.5104,2060.80107,0.0,0.0
1499.0,0.0,2257.19566,299.41602,0.0,70.7739876,0.0,96.7536424,0.0,2052.05414,322.610215,0.0,69.3274064,0.0,91.016522,0.0,-2.81837e-07,2612.9412,0.0,106.84158,-0.258626124,0.0,2257.19566,2137.41502,2052.05414,0.0,0.0
1499.5,0.0,2261.98799,300.0,0.0,71.0624475,0.0,97.1171071,0.0,2043.14026,303.36506,0.0,64.908535,0.0,85.2535985,0.0,-2.81837e-07,2612.9412,0.0,106.3774729,-0.257050824,0.0,2261.98799,2134.20441,2043.14026,0.0,0.0
1500.0,0.0,2266.75117,300.0,0.0,71.2120861,0.0,97.2930296,0.0,2034.28061,296.3407,0.0,63.1292698,0.0,82.9539698,0.0,-2.81837e-07,2612.9412,0.0,105.9161891,-0.255491897,0.0,2266.75117,2131.01327,2034.28061,0.0,0.0
1500.5,0.0,2271.48554,300.0,0.0,71.3608224,0.0,97.4677852,0.0,2025.47452,296.3407,0.0,62.8559934,0.0,82.6316705,0.0,-2.81837e-07,2612.9412,0.0,105.4576961,-0.253949109,0.0,2271.48554,2127.84149,2025.47452,0.0,0.0
1501.0,0.0,2276.19132,300.0,0.0,71.5086606,0.0,97.6413859,0.0,2016.7215,296.3407,0.0,62.5843639,0.0,82.311032,0.0,-2.81837e-07,2612.9412,0.0,105.0019653,-0.252422257,0.0,2276.19132,2124.68883,2016.7215,0.0,0.0
1501.5,0.0,2280.86895,300.0,0.0,71.6556105,0.0,97.8138469,0.0,2008.02101,296.3407,0.0,62.3143637,0.0,81.9920296,0.0,-2.81837e-07,2612.9412,0.0,104.548966,-0.250911115,0.0,2280.86895,2121.55508,2008.02101,0.0,0.0
1502.0,0.0,2285.51858,300.0,0.0,71.8016818,0.0,97.985179,0.0,1999.37251,296.3407,0.0,62.0459769,0.0,81.6746574,0.0,-2.81837e-07,2612.9412,0.0,104.0986775,-0.249415475,0.0,2285.51858,2118.43997,1999.37251,0.0,0.0
1502.5,0.0,2290.14054,300.0,0.0,71.9468882,0.0,98.1553949,0.0,1990.77543,296.3407,0.0,61.7791866,0.0,81.358897,0.0,-2.81837e-07,2612.9412,0.0,103.6510651,-0.247935133,0.0,2290.14054,2115.3435,1990.77543,0.0,0.0
1503.0,0.0,2294.73516,300.0,0.0,72.091234,0.0,98.3245073,0.0,1982.22927,296.3407,0.0,61.5139756,0.0,81.0447344,0.0,-2.81837e-07,2612.9412,0.0,103.2061031,-0.246469877,0.0,2294.73516,2112.26527,1982.22927,0.0,0.0
1503.5,0.0,2299.3027,300.0,0.0,72.2347256,0.0,98.4925255,0.0,1973.73351,296.3407,0.0,61.2503297,0.0,80.7321545,0.0,-2.81837e-07,2612.9412,0.0,102.763765,-0.245019509,0.0,2299.3027,2109.20527,1973.73351,0.0,0.0
1504.0,0.0,2303.84344,300.0,0.0,72.3773759,0.0,98.6594628,0.0,1965.28764,296.3407,0.0,60.9882305,0.0,80.4211415,0.0,-2.81837e-07,2612.9412,0.0,102.3240256,-0.243583833,0.0,2303.84344,2106.16322,1965.28764,0.0,0.0
1504.5,0.0,2308.35758,300.0,0.0,72.5191925,0.0,98.8253364,0.0,1956.89114,296.3407,0.0,60.727665,0.0,80.1116836,0.0,-2.81837e-07,2612.9412,0.0,101.8868559,-0.242162653,0.0,2308.35758,2103.13893,1956.89114,0.0,0.0
1505.0,0.0,2312.8455,300.0,0.0,72.6601835,0.0,98.9901499,0.0,1948.54354,296.3407,0.0,60.4686158,0.0,79.803765,0.0,-2.81837e-07,2612.9412,0.0,101.4522316,-0.240755781,0.0,2312.8455,2100.13229,1948.54354,0.0,0.0
1505.5,0.017330100238,2317.34598,300.0,0.0,72.8015704,0.0,99.1553346,0.0,1940.24434,296.3407,0.0,60.2110698,0.0,79.497376,0.0,-2.81837e-07,2612.9412,0.0,101.0201311,-0.239342874,0.0,2317.34598,2097.15911,1940.24434,0.0,0.0
1506.0,1.126271461,2341.25974,300.0,0.0,73.5528456,0.0,100.0309659,0.0,1932.01062,296.3407,0.0,59.9555551,0.0,79.1969785,0.0,-2.81837e-07,2612.9412,0.0,100.5914341,-0.236675018,0.0,2341.25974,2102.30226,1932.01062,0.0,0.0
1506.5,2.84164261,2434.52085,300.0,0.0,76.4827265,0.0,103.4210016,0.0,1923.88667,296.260738,0.0,59.6873664,0.0,78.884154,0.0,-2.81837e-07,2612.9412,0.0,100.1684582,-0.233324209,0.0,2434.52085,2136.36533,1923.88667,0.0,0.0
1507.0,3.4654505,2585.61371,300.0,0.0,81.2294516,0.0,108.8701434,0.0,1915.86132,291.07362,0.0,58.398234,0.0,77.2204346,0.0,-2.81837e-07,2612.9412,0.0,99.7506116,-0.231267149,0.0,2585.61371,2194.55025,1915.86132,0.0,0.0
1507.5,3.4480779,2744.52806,300.0,0.0,86.2218916,0.0,114.6914028,0.0,1907.8888,283.030943,0.0,56.5483128,0.0,74.8128969,0.0,-2.81837e-07,2612.9412,0.0,99.335517,-0.229971792,0.0,2744.52806,2256.02058,1907.8888,0.0,0.0
1508.0,2.33917918,2883.97899,300.0,0.0,90.602872,0.0,119.7614424,0.0,1899.94399,280.09543,0.0,55.7282508,0.0,73.766022,0.0,-2.81837e-07,2612.9412,0.0,98.9218645,-0.229958187,0.0,2883.97899,2309.40821,1899.94399,0.0,0.0
1508.5,0.76714701307,2954.35159,300.0,0.0,92.8136954,0.0,122.3513365,0.0,1891.98189,279.923097,0.0,55.460631,0.0,73.449683,0.0,-2.81837e-07,2612.9412,0.0,98.5073127,-0.230487602,0.0,2954.35159,2334.04178,1891.98189,0.0,0.0
1509.0,9.28377702,3127.07864,300.0,0.0,98.240073,0.0,128.7253324,0.0,1884.157,268.743998,0.0,53.0266121,0.0,70.2616571,0.0,-2.81837e-07,2612.9412,0.0,98.0999034,-0.219290696,0.0,3127.07864,2401.34593,1884.157,0.0,0.0
1509.5,23.4231432,3863.73085,247.590356,0.0,98.7296582,0.0,127.1559264,0.0,1876.88394,251.637227,0.0,49.4594219,0.0,65.5660097,0.0,-2.81837e-07,2612.9412,0.0,97.7212281,-0.20163295,0.0,3863.73085,2703.62563,1876.88394,0.0,0.0
1510.0,28.565468,4512.1032,10.6244752,-16.8570391,5.46394147,-7.7849422,9.51400056,-7.3560969,1871.60496,260.004981,33.5993816,50.9591754,6.58401385,61.1465905,7.3531036,-2.81837e-07,2612.9412,0.0,97.4463739,-0.05676864602,0.0,4512.1032,2970.33577,1871.60496,0.0,0.0
1510.5,28.441376,3717.53796,-14.12693415,-14.12693415,-5.51438322,-5.51438322,-5.0522524,-5.0522524,1869.85889,282.788677,20.5613437,55.3724884,4.02658642,70.0193082,5.05811699,-2.81837e-07,2612.9412,0.0,97.3554655,-0.1035255451,0.0,3717.53796,2638.69181,1869.85889,0.0,0.0
1511.0,20.5307121,3645.25626,-8.70030422,-8.70030422,-3.32176013,-3.32176013,-2.89640801,-2.89640801,1865.4245,291.10458,11.23365073,56.8663501,2.19485255,75.2066599,2.89978901,-2.81837e-07,2612.9412,0.0,97.1245844,-0.151661709,0.0,3645.25626,2606.02566,1865.4245,0.0,0.0
1511.5,9.51665061,3649.62631,-3.5766453,-3.5766453,-1.366581974,-1.366581974,-1.078309915,-1.078309915,1859.35648,291.10458,4.17406725,56.6813695,0.813022001,75.2255791,1.078969523,-2.81837e-07,2612.9412,0.0,96.8086467,-0.195283574,0.0,3649.62631,2604.30098,1859.35648,0.0,0.0
1512.0,83.0502965,3819.65703,-32.9286541,-32.9286541,-13.2472507,-13.2472507,-12.42808602,-12.42808602,1856.20165,291.10458,56.8502055,56.5851963,11.05405255,65.45658,12.39527652,-2.81837e-07,2612.9412,0.0,96.6443886,0.1122716535,0.0,3819.65703,2673.20994,1856.20165,0.0,0.0
1512.5,202.656011,3852.38025,-85.0131793,-85.0131793,-34.2775024,-34.2775024,-31.8265922,-31.8265922,1869.40342,291.10458,147.0725716,56.9876455,28.805903,62.8892484,31.8029771,-2.81837e-07,2612.9412,0.0,97.3317479,0.632082967,0.0,3852.38025,2694.53472,1869.40342,0.0,0.0
1513.0,180.875901,3544.82464,-78.1826988,-78.1826988,-29.1529242,-29.1529242,-27.0166093,-27.0166093,1891.99732,291.10458,124.095717,57.6764063,24.5733941,63.453318,27.0464778,-2.81837e-07,2612.9412,0.0,98.5081155,0.51695925,0.0,3544.82464,2579.75097,1891.99732,0.0,0.0
1513.5,79.3170703,3440.85691,-32.8515009,-32.8515009,-11.83810163,-11.83810163,-11.07849354,-11.07849354,1902.00995,291.10458,49.3681832,57.9816353,9.83150138,66.6249485,11.09968807,-2.81837e-07,2612.9412,0.0,99.0294299,0.0763599071,0.0,3440.85691,2542.33557,1902.00995,0.0,0.0
1514.0,42.38343,3567.27416,-16.3459479,-16.3459479,-6.11020851,-6.11020851,-5.63749665,-5.63749665,1900.66536,291.10458,22.7842063,57.9406465,4.53474449,72.0786121,5.63554741,-2.81837e-07,2612.9412,0.0,98.9594236,-0.081272395,0.0,3567.27416,2594.15354,1900.66536,0.0,0.0
1514.5,42.1712865,3612.35911,-17.5436712,-17.5436712,-6.63652259,-6.63652259,-6.15276368,-6.15276368,1898.1159,291.10458,25.2543732,57.862928,5.01981881,70.926104,6.15304838,-2.81837e-07,2612.9412,0.0,98.826685,-0.071017275,0.0,3612.35911,2611.42516,1898.1159,0.0,0.0
1515.0,28.608815,3591.55927,-12.13100714,-12.13100714,-4.56419577,-4.56419577,-4.12490626,-4.12490626,1894.98116,291.10458,16.2059078,57.7673663,3.21649601,74.6347695,4.13038384,-2.81837e-07,2612.9412,0.0,98.6634699,-0.1249791594,0.0,3591.55927,2600.93982,1894.98116,0.0,0.0
1515.5,7.629105393104,3590.92683,-3.028738171,-3.137712605,-1.138244374,-1.179267008,-0.8957570916,-0.948811472,1889.21958,291.10458,3.631425654,57.5917287,0.719038584,76.2856989,0.952336869,-2.81837e-07,2612.9412,0.0,98.3634914,-0.204822837,0.0,3590.92683,2597.31254,1889.21958,0.0,0.0
1516.0,0.0,3597.13948,6.68417024,0.0,2.518262606,0.0,3.256658684,0.0,1881.50919,291.10458,0.0,57.3566813,0.0,76.0123745,0.0,-2.81837e-07,2612.9412,0.0,97.9620431,-0.229676143,0.0,3597.13948,2595.3956,1881.50919,0.0,0.0
1516.5,0.0,3601.39646,18.1676246,0.0,6.85214221,0.0,8.86057965,0.0,1873.5911,291.10458,0.0,57.1153039,0.0,75.7314092,0.0,-2.81837e-07,2612.9412,0.0,97.5497828,-0.228393035,0.0,3601.39646,2592.5437,1873.5911,0.0,0.0
1517.0,0.0,3605.62961,31.3496238,0.0,11.83752325,0.0,15.3059105,0.0,1865.71717,291.10458,0.0,56.8752728,0.0,75.4517211,0.0,-2.81837e-07,2612.9412,0.0,97.139821,-0.227122439,0.0,3605.62961,2589.70763,1865.71717,0.0,0.0
1517.5,0.0,3609.83936,46.2207343,0.0,17.473001,0.0,22.5906238,0.0,1857.88692,291.10458,0.0,56.6365717,0.0,75.1733031,0.0,-2.81837e-07,2612.9412,0.0,96.7321355,-0.225864207,0.0,3609.83936,2586.88727,1857.88692,0.0,0.0
1518.0,0.0,3614.02585,62.7716136,0.0,23.757165,0.0,30.7126873,0.0,1850.10001,291.10458,0.0,56.3991916,0.0,74.8961414,0.0,-2.81837e-07,2612.9412,0.0,96.326704,-0.224618185,0.0,3614.02585,2584.08256,1850.10001,0.0,0.0
1518.5,0.0,3618.1892,80.9930083,0.0,30.6886017,0.0,39.6700641,0.0,1842.35596,290.944928,0.0,56.1323755,0.0,74.5793707,0.0,-2.81837e-07,2612.9412,0.0,95.923504,-0.223384209,0.0,3618.1892,2581.29324,1842.35596,0.0,0.0
1519.0,0.0,3622.32978,100.87576,0.0,38.26589,0.0,49.460717,0.0,1834.65438,280.588291,0.0,53.9089764,0.0,71.66104,0.0,-2.81837e-07,2612.9412,0.0,95.5225156,-0.222162126,0.0,3622.32978,2578.51931,1834.65438,0.0,0.0
1519.5,0.0,3626.4478,122.4107935,0.0,46.4876046,0.0,60.0826013,0.0,1826.99479,264.530183,0.0,50.6115746,0.0,67.3113801,0.0,-2.81837e-07,2612.9412,0.0,95.1237169,-0.220951797,0.0,3626.4478,2575.76047,1826.99479,0.0,0.0
1520.0,0.0,3630.54335,145.589125,0.0,55.3523179,0.0,71.5336724,0.0,1819.37689,258.66907,0.0,49.2828465,0.0,65.57692,0.0,-2.81837e-07,2612.9412,0.0,94.7270832,-0.219753069,0.0,3630.54335,2573.01654,1819.37689,0.0,0.0
1520.5,1.5433732687,3638.04901,168.487874,0.0,64.1882887,0.0,82.9399749,0.0,1811.79668,258.87152,0.0,49.1158544,0.0,65.387031,0.0,-2.81837e-07,2607.03429,0.03007991425,94.3324156,-0.220658981,0.0,3638.04901,2571.71372,1811.79668,-0.73743777,0.055859953
1521.0,99.9323933,3688.13475,-26.4677542,-52.4118947,-8.2917588,-18.8561916,-3.8496151,-17.432936,1806.4006,272.00434,83.328038,51.4541803,15.7629468,60.2338749,17.3992801,-2.81837e-07,2230.47268,1.94765433,94.0514654,0.002838732,0.0,3688.13475,2589.40408,1806.4006,-48.5747578,3.67584352
1521.5,252.131587,1723.87989,-119.4066124,-119.4066124,-20.85967805,-20.85967805,-17.4788681,-17.4788681,1807.16029,292.366952,83.6566224,55.3285697,15.8331872,61.1993048,17.4963358,-2.81837e-07,1647.96499,4.91397393,94.0910184,-0.09399126877,0.0,1723.87989,1772.50666,1807.16029,-122.7471015,9.29096468
1522.0,307.48428,949.960133,-128.931948,-128.931948,-12.8294093,-12.8294093,-9.5257316,-9.5257316,1799.89629,299.7992,44.5703441,56.5075583,8.4013,64.0948423,9.528402,-2.81837e-07,1436.1151,5.9927826,93.7128135,-0.281297467,0.0,949.960133,1446.23158,1799.89629,-149.81956,11.2954783
1522.5,307.48428,940.912298,-127.8785976,-127.8785976,-12.6001436,-12.6001436,-9.33113065,-9.33113065,1790.04272,299.7992,43.8330778,56.1982071,8.21654565,63.8199462,9.3308799,-2.81837e-07,1436.1151,5.9927826,93.199782,-0.283997687,0.0,940.912298,1436.71328,1790.04272,-149.81956,11.23364095
1523.0,307.48428,954.251913,-127.869137,-127.869137,-12.7778384,-12.7778384,-9.5055762,-9.5055762,1780.31091,299.7992,44.9335906,55.8926761,8.3770431,63.4206566,9.5052998,-2.81837e-07,1436.1151,5.9927826,92.693087,-0.278954238,0.0,954.251913,1436.58163,1780.31091,-149.81956,11.1725675
1523.5,307.48428,967.624975,-127.8703584,-127.8703584,-12.9570333,-12.9570333,-9.6803599,-9.6803599,1770.75502,299.7992,46.0457142,55.5926713,8.53830785,63.0269413,9.6800994,-2.81837e-07,1436.1151,5.9927826,92.1955518,-0.273889585,0.0,967.624975,1436.56668,1770.75502,-149.81956,11.11259845
1524.0,307.48428,980.763543,-127.8716944,-127.8716944,-13.13310325,-13.13310325,-9.84029585,-9.84029585,1761.37008,299.7992,47.092713,55.2980317,8.6861791,62.6439139,9.84005205,-2.81837e-07,1436.1151,5.9927826,91.7069194,-0.269069288,0.0,980.763543,1436.55393,1761.37008,-149.81956,11.05370205
1524.5,306.236699,991.683275,-127.6621748,-127.6621748,-13.2578357,-13.2578357,-9.9557644,-9.9557644,1752.14634,299.7992,47.9276449,55.008453,8.7939765,62.2811647,9.9565758,-2.81837e-07,1436.1151,5.9927826,91.2266784,-0.26678123,0.0,991.683275,1435.71203,1752.14634,-149.81956,10.99581715
1525.0,226.45967,854.582231,-95.639605,-95.639605,-8.6216831,-8.6216831,-6.40863238,-6.40863238,1740.23115,299.7992,29.3399147,54.6343765,5.35016462,66.1145701,6.41608997,-2.81837e-07,1436.1151,5.9927826,90.606306,-0.473726389,0.0,854.582231,1371.70606,1740.23115,-149.81956,10.92104215
1525.5,103.0537509,835.874614,-42.4057229,-42.4057229,-3.69287765,-3.69287765,-2.95284012,-2.95284012,1718.73046,299.7992,12.42610073,53.9593647,2.23972756,71.5577901,2.95757938,-2.81837e-07,1436.1151,5.9927826,89.4868584,-0.761665628,0.0,835.874614,1351.3676,1718.73046,-149.81956,10.7861116
1526.0,58.177753,1028.768812,-22.431101,-22.431101,-2.42363592,-2.42363592,-2.03957382,-2.03957382,1689.91829,299.7992,8.57939696,53.0548104,1.51738017,71.265036,2.03836881,-2.81837e-07,1436.1151,5.9927826,87.9867336,-0.85696343,0.0,1028.768812,1414.8091,1689.91829,-149.81956,10.6052974
1526.5,58.177753,1120.69825,-23.9284476,-23.9284476,-2.80828186,-2.80828186,-2.39597194,-2.39597194,1660.54842,299.779363,10.2322888,52.1293238,1.77914328,70.1957075,2.39577094,-2.81837e-07,1436.1151,5.9927826,86.4575725,-0.84476218,0.0,1120.69825,1435.91278,1660.54842,-149.81956,10.42098295
1527.0,58.177753,1162.62639,-23.9742682,-23.9742682,-2.91886751,-2.91886751,-2.50274426,-2.50274426,1631.45286,298.492756,10.8522263,50.9966032,1.85390233,68.8396141,2.50258871,-2.81837e-07,1436.1151,5.9927826,84.9426955,-0.838543188,0.0,1162.62639,1436.37072,1631.45286,-149.81956,10.23839005
1527.5,58.177753,1203.08886,-23.9767623,-23.9767623,-3.02076509,-3.02076509,-2.60230783,-2.60230783,1602.56691,296.497889,11.4592433,49.7588717,1.92294183,67.333617,2.60215297,-2.81837e-07,1436.1151,5.9927826,83.4387249,-0.832543524,0.0,1203.08886,1436.34117,1602.56691,-149.81956,10.0571126
1528.0,58.177753,1243.24028,-23.978434,-23.978434,-3.12179644,-3.12179644,-2.70184298,-2.70184298,1573.8876,295.76978,12.0848518,48.7479234,1.9916337,66.1267611,2.70168793,-2.81837e-07,1436.1151,5.9927826,81.945519,-0.826585232,0.0,1243.24028,1436.30281,1573.8876,-149.81956,9.87713185
1528.5,58.177753,1283.10367,-23.980083,-23.980083,-3.22211569,-3.22211569,-2.80123444,-2.80123444,1545.41372,295.76978,12.733596,47.866003,2.06058172,65.0670853,2.80108157,-2.81837e-07,1436.1151,5.9927826,80.4630074,-0.820650646,0.0,1283.10367,1436.26457,1545.41372,-149.81956,9.69844055
1529.0,58.177753,1322.67874,-23.9817474,-23.9817474,-3.32172667,-3.32172667,-2.89721758,-2.89721758,1517.14588,295.76978,13.42944585,46.990466,2.1334315,63.810706,2.89707,-2.81837e-07,1436.1151,5.9927826,78.991223,-0.814660638,0.0,1322.67874,1436.22666,1517.14588,-149.81956,9.52104215
1529.5,58.177753,1361.95824,-23.9838502,-23.9838502,-3.42067228,-3.42067228,-2.99196726,-2.99196726,1489.09205,295.863819,14.15808475,46.1360965,2.20759475,62.5260052,2.99181883,-2.81837e-07,1436.1151,5.96270319,77.5305821,-0.804771644,0.0,1361.95824,1436.19071,1489.09205,-149.082123,9.29937535
1530.0,58.177753,1396.47502,-24.0530277,-24.0530277,-3.51750686,-3.51750686,-3.08469113,-3.08469113,1464.66892,301.964081,14.8746258,46.3136237,2.28136538,62.6193652,3.08456505,-2.81837e-07,1436.1151,4.04512821,76.2589745,-0.54659268,0.0,1396.47502,1436.29296,1464.66892,-101.2448084,6.21645282
1530.5,58.177753,1413.37521,-24.1666221,-24.1666221,-3.57686769,-3.57686769,-3.14121081,-3.14121081,1452.66956,311.222599,15.2973179,47.3438002,2.32706607,63.9063806,3.1411613,-2.81837e-07,1436.1151,1.07881617155,75.6342182,-0.1517138396,0.0,1413.37521,1436.31891,1452.66956,-27.0724617754,1.6486237799
1531.0,58.177753,1415.41391,-24.2092171,-24.2092171,-3.5883337,-3.5883337,-3.15199292,-3.15199292,1450.98109,301.6987,15.3732042,45.8420738,2.33590277,61.8578486,3.15199435,-2.81837e-07,1436.1151,0.0,75.546308,-0.00811801115,0.0,1415.41391,1436.1813,1450.98109,0.0,0.0
1531.5,58.0522574,1415.498,-24.1848924,-24.1848924,-3.58494475,-3.58494475,-3.14889071,-3.14889071,1450.70069,281.497458,15.3595826,42.7643036,2.33338222,57.7118036,3.14898117,-2.81837e-07,1436.1151,0.0,75.5317085,-0.00831478755,0.0,1415.498,1436.0526,1450.70069,0.0,0.0
1532.0,50.0491623,1400.87423,-20.9717256,-20.9717256,-3.07720627,-3.07720627,-2.68421819,-2.68421819,1450.12289,268.871798,12.92348795,40.8300113,1.9625522,55.8900622,2.68542272,-2.81837e-07,1436.1151,0.0,75.5016269,-0.0310326523,0.0,1400.87423,1429.63016,1450.12289,0.0,0.0
1532.5,37.5027435,1398.07093,-15.6014084,-15.6014084,-2.28402271,-2.28402271,-1.95687943,-1.95687943,1448.4354,260.681891,9.39019396,39.5403311,1.4243705,54.3543392,1.95800503,-2.81837e-07,1436.1151,0.0,75.413764,-0.066216073,0.0,1398.07093,1427.47836,1448.4354,0.0,0.0
1533.0,22.3875265,1397.08125,-9.3361573,-9.3361573,-1.365885,-1.365885,-1.096216892,-1.096216892,1445.463,257.69263,5.27298806,39.0065545,0.798317887,53.6384411,1.097743588,-2.81837e-07,1436.1151,0.0,75.2590059,-0.1076755344,0.0,1397.08125,1425.33102,1445.463,0.0,0.0
1533.5,5.97032224475,1401.66584,-2.368617665,-2.452704944,-0.34725414192,-0.359622283,-0.2261254492,-0.2448140245,1440.96247,257.69263,1.182778224,38.8851063,0.1786223055,53.4983679,0.245717637,-2.81837e-07,1436.1151,0.0,75.024683,-0.151454644,0.0,1401.66584,1424.61088,1440.96247,0.0,0.0
1534.0,0.0,1406.29065,5.17329679,0.0,0.762071467,0.0,1.151085058,0.0,1435.36393,257.69263,0.0,38.7340266,0.0,53.3239261,0.0,-2.81837e-07,1436.1151,0.0,74.7331896,-0.165816257,0.0,1406.29065,1423.26633,1435.36393,0.0,0.0
1534.5,0.0,1409.36602,14.4111947,0.0,2.12723606,0.0,3.21151574,0.0,1429.64363,257.489842,0.0,38.5493565,0.0,53.1037052,0.0,-2.81837e-07,1437.6755,0.0,74.4353602,-0.165109017,0.0,1409.36602,1421.206,1429.64363,0.0,0.0
1535.0,0.0,1412.42833,71.7579045,0.0,10.61651779,0.0,16.0188735,0.0,1423.9477,244.335092,0.0,36.4351495,0.0,50.2231271,0.0,-2.81837e-07,1537.47941,0.0,74.1387974,-0.164407591,0.0,1412.42833,1419.15436,1423.9477,0.0,0.0
1535.5,0.0,1415.47759,225.186232,0.0,33.3839895,0.0,50.3466844,0.0,1418.27588,223.938496,0.0,33.2606359,0.0,45.8764705,0.0,-2.81837e-07,1690.14615,0.0,73.8434911,-0.163711922,0.0,1415.47759,1417.11152,1418.27588,0.0,0.0
1536.0,0.0,1418.51402,300.0,0.0,44.5639327,0.0,67.1742875,0.0,1412.62804,216.49387,0.0,32.0259504,0.0,44.2016824,0.0,-2.81837e-07,1636.46999,0.0,73.549432,-0.163021948,0.0,1418.51402,1415.07722,1412.62804,0.0,0.0
1536.5,0.9148328205,1423.57337,296.760387,0.0,44.2376062,0.0,66.6244774,0.0,1407.00579,216.49387,0.0,31.8984865,0.0,44.0535706,0.0,-2.81837e-07,1466.59684,0.0,73.256704,-0.161273828,0.0,1423.57337,1413.89968,1407.00579,0.0,0.0
1537.0,59.338296,2322.34452,126.8408847,-12.0467133,23.366928022,-3.792476078,34.950985716,-3.509337284,1402.64469,216.49387,21.1073798848,31.7996157,3.1007847623,42.3090223,3.49013097938,-2.81837e-07,1404.8198,0.0,73.0296413,-0.0034805036,0.0,2322.34452,1785.33858,1402.64469,0.0,0.0
1537.5,149.7123225,1901.40805,-73.4898145,-73.4898145,-14.58359005,-14.58359005,-12.87636395,-12.87636395,1411.07454,216.49387,77.3018746,31.9907298,11.4177911,36.1267305,12.8887356,-2.81837e-07,1404.8198,0.03353089023,73.4685454,0.38523108,0.0,1901.40805,1615.10591,1411.07454,-0.8227334,0.04883221
1538.0,182.57938,1428.73847,-77.4248795,-77.4248795,-11.5895198,-11.5895198,-9.8221388,-9.8221388,1420.42525,216.49387,57.9630916,32.2027215,8.621491,36.7039845,9.82479845,-2.81837e-07,1404.8198,2.17292955,73.9553959,0.0848198917,0.0,1428.73847,1423.88442,1420.42525,-54.1931528,3.225245365
1538.5,182.57938,1390.54287,-75.9097054,-75.9097054,-11.0537394,-11.0537394,-9.3478481,-9.3478481,1415.41729,216.474491,55.1395313,32.0863269,8.1727855,36.6991935,9.3477332,-2.81837e-07,1404.8198,5.44879712,73.6946575,-0.3591303,0.0,1390.54287,1405.06688,1415.41729,-136.1218986,8.06730861
1539.0,182.57938,1407.87574,-75.9018496,-75.9018496,-11.1904066,-11.1904066,-9.47974835,-9.47974835,1402.82953,215.217464,56.460257,31.616435,8.2941631,36.1351734,9.4795824,-2.81837e-07,1404.8198,4.51300752,73.0392656,-0.2311061118,0.0,1407.87574,1404.92929,1402.82953,-112.9552756,6.63973667
1539.5,182.57938,1408.10801,-76.1039674,-76.1039674,-11.22195415,-11.22195415,-9.5043919,-9.5043919,1402.49989,213.268444,56.6317642,31.3225024,8.317442,35.79284,9.5045041,-2.81837e-07,1404.36569,1.20359821149,73.0221021,0.2069607524,0.0,1408.10801,1404.83346,1402.49989,-30.203795403,1.77244974686
1540.0,182.57938,1325.45553,-77.1542214,-77.1542214,-10.7092287,-10.7092287,-8.98355415,-8.98355415,1413.47626,212.55707,52.940512,31.4624594,7.83544816,36.0818969,8.9851512,-2.81837e-07,1375.41536,0.0,73.5935931,0.355128006,0.0,1325.45553,1376.85017,1413.47626,0.0,0.0
1540.5,182.57938,1197.45897,-77.0073574,-77.0073574,-9.65695765,-9.65695765,-7.95978236,-7.95978236,1425.3427,212.553949,46.1894907,31.726126,6.89366881,36.6424686,7.96129147,-2.81837e-07,1330.63181,0.0,74.2114283,0.331576398,0.0,1197.45897,1330.51858,1425.3427,0.0,0.0
1541.0,182.57938,1140.11127,-75.9937411,-75.9937411,-9.0730518,-9.0730518,-7.4207464,-7.4207464,1436.48993,212.351528,42.5642893,31.9437712,6.40284249,37.022647,7.42085756,-2.81837e-07,1314.3445,0.0,74.791817,0.316703156,0.0,1140.11127,1313.16462,1436.48993,0.0,0.0
1541.5,182.57938,1128.00291,-76.0561195,-76.0561195,-8.98406635,-8.98406635,-7.33334207,-7.33334207,1447.37496,212.037675,41.7369982,32.1382573,6.325934,37.2572041,7.33351649,-2.81837e-07,1314.3445,0.0,75.3585524,0.312780586,0.0,1128.00291,1314.48188,1447.37496,0.0,0.0
1542.0,182.57938,1113.06493,-76.0582558,-76.0582558,-8.8653416,-8.8653416,-7.2193844,-7.2193844,1458.11086,211.92313,40.7689591,32.3591805,6.22504682,37.5289174,7.21956154,-2.81837e-07,1314.3445,0.0,75.9175245,0.308306241,0.0,1113.06493,1314.53467,1458.11086,0.0,0.0
1542.5,182.57938,1103.4665,-75.191015,-75.191015,-8.6850202,-8.6850202,-7.06954384,-7.06954384,1468.6885,211.92313,39.5851131,32.5939251,6.08801581,37.8509908,7.06951037,-2.81837e-07,1319.70727,0.0,76.4682566,0.301632092,0.0,1103.4665,1316.71694,1468.6885,0.0,0.0
1543.0,182.57938,1879.48688,-63.3131661,-63.3131661,-12.47351065,-12.47351065,-11.10314097,-11.10314097,1479.49948,211.92313,63.1994084,32.8338481,9.79734391,37.2683577,11.08948517,-2.81837e-07,1661.97476,0.0,77.0311365,0.355957271,0.0,1879.48688,1645.93719,1479.49948,0.0,0.0
1543.5,182.57938,3173.62634,-64.9751159,-64.9751159,-21.6429332,-21.6429332,-20.0755799,-20.0755799,1494.66118,212.13189,114.3586945,33.2031849,17.9079566,37.1877392,20.0603809,-2.81837e-07,2191.43323,0.0,77.8205441,0.522430551,0.0,3173.62634,2193.29098,1494.66118,0.0,0.0
1544.0,182.57938,3637.5308,-76.9487414,-76.9487414,-29.3124276,-29.3124276,-27.2586886,-27.2586886,1515.8282,225.674132,152.693831,35.8270832,24.2363143,40.2940974,27.2594898,-2.81837e-07,2383.976,0.0,78.9226184,0.664564268,0.0,3637.5308,2398.68439,1515.8282,0.0,0.0
1544.5,183.377756,3574.39245,-75.6398631,-75.6398631,-28.3107881,-28.3107881,-26.3162992,-26.3162992,1538.31673,246.671543,145.707152,39.7406814,23.4708016,44.5578311,26.3168177,-2.81837e-07,2388.21437,0.0,80.0934964,0.637648823,0.0,3574.39245,2385.54283,1538.31673,0.0,0.0
1545.0,234.45511,4264.3761,-86.7069545,-86.7069545,-39.0847833,-39.0847833,-36.52186,-36.52186,1562.78281,254.33548,195.943977,41.6230774,32.0995477,47.2264378,36.4842294,-2.81837e-07,2659.36962,0.0,81.3673402,0.875621482,0.0,4264.3761,2686.9358,1562.78281,0.0,0.0
1545.5,313.463416,5269.7011,-124.7342953,-124.7342953,-69.1590737,-69.1590737,-64.8104383,-64.8104383,1600.07847,254.33548,254.33548,42.6164077,42.6164077,49.0829602,49.0829602,4.5685815e-05,3062.59637,0.0,83.3091629,1.21768034,0.0,5269.7011,3127.03552,1600.07847,0.0,0.0
1546.0,342.19702,3110.49837,-182.903726,-182.903726,-59.8222486,-59.8222486,-53.9652828,-53.9652828,1644.57075,254.33548,226.917694,43.8014131,39.0334956,49.9049702,44.5744078,0.000203047467,2181.15507,0.0,85.6256855,1.257499265,0.0,3110.49837,2254.55411,1644.57075,0.0,0.0
1546.5,341.999962,107.41574939,-253.518292,-155.4502093,-1.9085010315,-2.1084265957,-0.611594654,-1.151727823,1676.20494,254.33548,43.4146775,44.6439563,7.61298607,51.6905167,8.75079868,9.6993497e-05,581.685786496,0.0,87.2727404,0.619093361,0.0,107.41574939,1023.420185,1676.20494,0.0,0.0
1547.0,329.423261,-20.868308652,-299.970483,-23.4028637,0.6555608089,0.0022621449,1.8539047277,0.00940609704,1693.97593,254.33548,3.5224815066,45.1172683,0.62229024926,59.7935425,0.7268409015,1.262463e-06,0.0,0.0,88.1979988,0.382411219,0.0,-20.868308652,980.416586,1693.97593,0.0,0.0
1547.5,309.968531,-28.83472903,-300.0,0.0,0.9058697402,0.0,2.5107000592,0.0,1707.91064,254.372748,0.0,45.4950938,0.0,61.0181547,0.0,-1.58062e-07,0.0,0.0,88.9235212,0.415695646,0.0,-28.83472903,985.238076,1707.91064,0.0,0.0
1548.0,302.89313,-38.0033314,-300.0,0.0,1.193909859,0.0,3.29376564,0.0,1720.78091,256.800478,0.0,46.2757996,0.0,61.9979958,0.0,-1.58062e-07,0.0,0.0,89.5936176,0.414469095,0.0,-38.0033314,988.937788,1720.78091,0.0,0.0
1548.5,302.376186,-26.60606835,-300.0,0.0,0.835854273,0.0,2.338726517,0.0,1733.44169,260.566587,0.0,47.2998954,0.0,63.30264,0.0,-1.58062e-07,0.0,0.0,90.252809,0.371763155,0.0,-26.60606835,1001.072831,1733.44169,0.0,0.0
1549.0,269.319225,-31.22669825,-299.974643,0.0,0.980901314,0.0,2.715839764,0.0,1745.19932,261.94144,0.0,47.8715891,0.0,64.0087261,0.0,-1.58062e-07,0.0,0.0,90.8649769,0.347616389,0.0,-31.22669825,1006.015328,1745.19932,0.0,0.0
1549.5,218.18543,-27.0212039,-299.87676,0.0,0.848416673,0.0,2.37112973,0.0,1753.87163,261.94144,0.0,48.1094741,0.0,64.2900548,0.0,-1.58062e-07,0.0,0.0,91.3165076,0.2438439726,0.0,-27.0212039,1012.828977,1753.87163,0.0,0.0
1550.0,199.5888,-34.4795208,-299.576493,0.0,1.081104138,0.0,3.08176195,0.0,1759.98853,261.94144,0.0,48.2772632,0.0,64.4884599,0.0,-1.58062e-07,0.0,0.0,91.634988,0.1035709748,0.0,-34.4795208,1013.297137,1759.98853,0.0,0.0
1550.5,199.5888,-22.21470147,-299.91191,0.0,0.697560738,0.0,1.957180523,0.0,1765.7198,261.94144,0.0,48.4344751,0.0,64.6742138,0.0,-1.58062e-07,0.0,0.0,91.933391,0.2484231362,0.0,-22.21470147,1021.747062,1765.7198,0.0,0.0
1551.0,199.5888,-22.330297103,-299.764649,0.0,0.700548554,0.0,1.989002532,0.0,1771.42788,261.94144,0.0,48.5910503,0.0,64.859074,0.0,-1.58062e-07,0.0,0.0,92.230586,0.0849313005,0.0,-22.330297103,1025.031862,1771.42788,0.0,0.0
1551.5,199.5888,-40.3039853,-299.33058,0.0,1.26300047,0.0,3.59113819,0.0,1777.11587,262.05672,0.0,48.7685584,0.0,65.0718114,0.0,-1.58062e-07,10.881380674,0.0,92.5267352,0.0840481053,0.0,-40.3039853,1020.874038,1777.11587,0.0,0.0
1552.0,199.5888,-29.49674999,-274.70084,0.0,0.8657140189,0.0,2.3893223654,0.0,1782.75772,269.520513,0.0,50.3173391,0.0,67.1135191,0.0,-1.58062e-07,706.392876,0.0,92.820483,0.181222517,0.0,-29.49674999,1028.66525,1782.75772,0.0,0.0
1552.5,199.5888,1127.948598,-68.9324534,-52.5719004,-6.076317049,-6.08564796,-5.398570009,-5.425045173,1788.29218,281.09631,25.011544807,52.6413339,4.6888705042,65.7869638,5.3941346972,-1.58062e-07,1782.28353,0.0,93.1086384,0.200126427,0.0,1127.948598,1513.51834,1788.29218,0.0,0.0
1553.0,199.5888,2735.78729,-83.4768011,-83.4768011,-23.9141274,-23.9141274,-21.7060997,-21.7060997,1801.08594,285.32327,104.4204302,53.8146192,19.6942465,59.3060243,21.7039206,-1.58062e-07,2173.5166,0.0,93.774754,0.498721257,0.0,2735.78729,2190.02202,1801.08594,0.0,0.0
1553.5,199.5888,2662.08735,-85.0017958,-85.0017958,-23.6765455,-23.6765455,-21.4135637,-21.4135637,1818.08838,285.51182,102.1146185,54.3586825,19.4424107,59.8691578,21.4131944,-1.58062e-07,2162.60603,0.0,94.6599954,0.491260293,0.0,2662.08735,2169.28258,1818.08838,0.0,0.0
1554.0,199.5888,1054.1244754,-111.5694905,-111.5694905,-12.09479206,-12.09479206,-9.795990374,-9.795990374,1833.94728,297.746855,45.674820836,57.1843709,8.758268189,68.714595,9.833944753,-1.58062e-07,1467.123676,0.0,95.485701,0.3482747,0.0,1054.1244754,1509.45726,1833.94728,0.0,0.0
1554.5,199.5888,-18.633547094,-272.723437,-16.777487,0.5883585932,-0.024395743,1.7390578874,-0.0086252235,1841.21786,316.806475,0.036017188,61.0849105,0.006935443,81.1653698,0.0092167966,-1.58062e-07,391.233006741454,0.0,95.8642475,0.1354243843,0.0,-18.633547094,1067.31994,1841.21786,0.0,0.0
1555.0,199.5888,-29.10150277,-299.783085,0.0,0.9131980994,0.0,2.573258073,0.0,1846.52605,329.048195,0.0,63.6276939,0.0,84.5149295,0.0,-1.58062e-07,0.0,0.0,96.1406236,0.1633475045,0.0,-29.10150277,1066.06356,1846.52605,0.0,0.0
1555.5,199.5888,-32.2079574,-299.866829,0.0,1.011098911,0.0,2.848558633,0.0,1851.80099,337.294658,0.0,65.4085866,0.0,86.8506435,0.0,-1.58062e-07,0.0,0.0,96.415266,0.14062680729,0.0,-32.2079574,1067.85095,1851.80099,0.0,0.0
1556.0,199.5888,-33.1300171,-299.752386,0.0,1.039541193,0.0,2.94717154,0.0,1857.04566,340.30618,0.0,66.1791265,0.0,87.8438768,0.0,-1.58062e-07,0.0,0.0,96.6883328,0.1036781849,0.0,-33.1300171,1070.52962,1857.04566,0.0,0.0
1556.5,198.782548,-41.8026991,-299.710567,0.0,1.311614336,0.0,3.71650689,0.0,1862.26305,340.374862,0.0,66.3784695,0.0,88.0786011,0.0,-1.58062e-07,0.0,0.0,96.95998,0.07589703917,0.0,-41.8026991,1069.96724,1862.26305,0.0,0.0
1557.0,147.4068332,-36.1915362,-299.470271,0.0,1.13411657,0.0,3.22576537,0.0,1866.1275,344.84822,0.0,67.3904885,0.0,89.3990027,0.0,-1.58062e-07,0.0,0.0,97.1611847,-0.00660607468,0.0,-36.1915362,1074.55851,1866.1275,0.0,0.0
1557.5,67.9334978,-28.8571363,-299.818857,0.0,0.905898873,0.0,2.58883354,0.0,1865.27752,351.962413,0.0,68.7490859,0.0,91.206381,0.0,-1.58062e-07,0.0,0.0,97.1169327,-0.1237257321,0.0,-28.8571363,1077.11411,1865.27752,0.0,0.0
1558.0,39.028873,-37.0321731,-299.32398,0.0,1.159396051,0.0,3.31435151,0.0,1860.53014,365.7765,0.0,71.2649896,0.0,94.5733806,0.0,-1.58062e-07,0.0,0.0,96.8697565,-0.177698794,0.0,-37.0321731,1070.94048,1860.53014,0.0,0.0
1558.5,39.7473644,-27.83993865,-299.509451,0.0,0.872386449,0.0,2.489508357,0.0,1855.26934,383.342902,0.0,74.4763663,0.0,98.8688851,0.0,-1.58062e-07,0.0,0.0,96.595849,-0.089600626,0.0,-27.83993865,1071.6937,1855.26934,0.0,0.0
1559.0,85.6468835,-29.54862913,-299.584039,0.0,0.925564848,0.0,2.60309194,0.0,1851.21945,394.536362,0.0,76.4843784,0.0,101.5612069,0.0,-1.58062e-07,0.0,0.0,96.3849884,-0.0784700126,0.0,-29.54862913,1068.61797,1851.21945,0.0,0.0
1559.5,155.7322126,-35.9865399,-299.48432,0.0,1.128170362,0.0,3.22029841,0.0,1851.31899,401.989163,0.0,77.9336384,0.0,103.484919,0.0,-1.58062e-07,7.080821526,0.2916704763,96.3901711,-0.0521025743,0.0,-35.9865399,1065.99721,1851.31899,-7.132769,0.5533632
1560.0,123.1665146,-35.9900919,-297.200713,0.0,1.116074035,0.0,3.16568571,0.0,1820.2255,404.71207,0.0,77.1436108,0.0,102.641413,0.0,-1.58062e-07,458.804356,18.89889184,94.7712699,-2.44203973,0.0,-35.9900919,1047.8405,1820.2255,-471.320193,35.7210039
1560.5,32.84488759915,-14.15078027,-177.90097075,0.0,0.31457783926,0.0,0.8987188798,0.0,1665.77636,404.71207,0.0,70.5978484,0.0,95.0090229,0.0,-1.58062e-07,1163.628314,47.3922976,86.72977,-6.3893864,0.0,-14.15078027,966.746289,1665.77636,-1183.825644,82.106902
1561.0,0.0,60.6487918,232.812198,0.0,1.730456519,0.0,4.946834968,0.0,1441.60171,404.71207,0.0,61.0970243,0.0,84.0360735,0.0,-1.58062e-07,1803.66587,39.2515444,75.0579639,-5.35701368,0.0,60.6487918,866.976996,1441.60171,-982.467322,59.7920788
1561.5,0.0,124.3992866,300.0,0.0,3.9081189,0.0,11.1720921,0.0,1323.0236,404.71207,0.0,56.0715258,0.0,78.2635701,0.0,-1.58062e-07,2400.63453,10.4678870334,68.8841165,-1.540915654,0.0,124.3992866,824.267176,1323.0236,-262.73781161,14.687143221
1562.0,0.0,134.525945,300.0,0.0,4.22625721,0.0,12.0815502,0.0,1304.18768,404.71207,0.0,55.2732324,0.0,77.3691406,0.0,-1.58062e-07,2617.7368,0.0,67.903408,-0.150308195,0.0,134.525945,817.482797,1304.18768,0.0,0.0
1562.5,0.0,137.31526,300.0,0.0,4.3138862,0.0,12.3320541,0.0,1298.99947,404.573508,0.0,55.0345345,0.0,77.0950402,0.0,-1.58062e-07,2614.5069,0.00862823966,67.6332825,-0.150839789,0.0,137.31526,815.61408,1298.99947,-0.2113652,0.011480115
1563.0,0.0,140.621527,300.0,0.0,4.4177556,0.0,12.62898465,0.0,1292.84971,395.579833,0.0,53.5572648,0.0,75.0947083,0.0,-1.58062e-07,2408.62505,0.558607928,67.31309,-0.222600382,0.0,140.621527,813.399031,1292.84971,-13.93035795,0.753823763
1563.5,0.0,145.802585,300.0,0.0,4.58052339,0.0,13.09428655,0.0,1283.21272,381.632874,0.0,51.2842857,0.0,72.0118456,0.0,-1.58062e-07,2089.14265,1.40079352,66.8113348,-0.332788524,0.0,145.802585,809.927983,1283.21272,-34.992548,1.88012491
1564.0,0.0,152.013678,300.0,0.0,4.7756505,0.0,13.65209455,0.0,1271.65986,376.490483,0.0,50.1364581,0.0,70.5231255,0.0,-1.58062e-07,1909.83899,1.16018569,66.2098304,-0.300106104,0.0,152.013678,805.766826,1271.65986,-29.0394828,1.54762116
1564.5,0.0,156.52841,300.0,0.0,4.91748508,0.0,14.057555,0.0,1263.26234,376.410883,0.0,49.794844,0.0,70.13146,0.0,-1.58062e-07,1811.63884,0.30940913199,65.7726042,-0.186813614,0.0,156.52841,802.742177,1263.26234,-7.7659274644,0.4113909687
1565.0,0.0,159.448518,300.0,0.0,5.0092229,0.0,14.3198046,0.0,1257.83082,376.38184,0.0,49.5769148,0.0,69.8818536,0.0,-1.58062e-07,1775.9255,0.0,65.4898104,-0.145182901,0.0,159.448518,800.785846,1257.83082,0.0,0.0
1565.5,0.0,162.141914,300.0,0.0,5.0938386,0.0,14.5616948,0.0,1252.82102,376.38184,0.0,49.3794552,0.0,69.656259,0.0,-1.58062e-07,1777.00151,0.0,65.2289704,-0.144640111,0.0,162.141914,798.981387,1252.82102,0.0,0.0
1566.0,0.0,164.825275,300.0,0.0,5.17813853,0.0,14.80268205,0.0,1247.82991,376.38184,0.0,49.1827312,0.0,69.4311674,0.0,-1.58062e-07,1845.59356,0.0,64.969103,-0.144101501,0.0,164.825275,797.183667,1247.82991,0.0,0.0
1566.5,0.0,167.498652,300.0,0.0,5.26212535,0.0,15.0427739,0.0,1242.85731,376.540576,0.0,49.007362,0.0,69.2357171,0.0,-1.58062e-07,1951.70227,0.0,64.710202,-0.143567028,0.0,167.498652,795.392638,1242.85731,0.0,0.0
1567.0,0.0,170.162137,300.0,0.0,5.3458011,0.0,15.2819768,0.0,1237.90315,386.843664,0.0,50.1469818,0.0,70.8991064,0.0,-1.58062e-07,1990.2886,0.0,64.4522622,-0.14303666,0.0,170.162137,793.608225,1237.90315,0.0,0.0
1567.5,0.2601365965,173.393997,300.0,0.0,5.44733323,0.0,15.57222525,0.0,1232.96777,402.820321,0.0,52.0099312,0.0,73.5880261,0.0,-1.58062e-07,1990.2886,0.0,64.1952964,-0.142207907,0.0,173.393997,792.071297,1232.96777,0.0,0.0
1568.0,16.85325318,467.497783,300.0,0.0,14.68687598,0.0,32.7289429,0.0,1228.3129,408.65262,0.0,52.5644249,0.0,74.4249538,0.0,-1.58062e-07,1990.2886,0.0,63.9529402,-0.1223819554,0.0,467.497783,911.732125,1228.3129,0.0,0.0
1568.5,42.5210724,1799.66645,297.728054,0.0,55.9046171,0.0,79.9215506,0.0,1224.61098,408.713356,0.0,52.4137846,0.0,74.2534014,0.0,-1.58062e-07,1990.2886,0.0,63.7601972,-0.092078143,0.0,1799.66645,1463.89582,1224.61098,0.0,0.0
1569.0,51.856163,3873.97519,106.7767785,-10.4792149,37.50370395,-4.76773065,50.40192074,-4.49985426,1222.14889,412.655497,30.2811952,52.8129136,3.87680413,70.7033932,4.45930794,-1.58062e-07,1990.2886,0.0,63.6320041,0.0350760205,0.0,3873.97519,2325.59334,1222.14889,0.0,0.0
1569.5,51.856163,3336.65951,-31.0570291,-31.0570291,-11.04672084,-11.04672084,-10.35111295,-10.35111295,1228.5224,418.768459,70.0418522,53.8751182,9.00653313,62.20564,10.36960713,-1.58062e-07,1987.27077,0.0,63.963846,0.199081186,0.0,3336.65951,2105.73378,1228.5224,0.0,0.0
1570.0,51.856163,2606.83437,-29.0390397,-29.0390397,-7.93642861,-7.93642861,-7.34024409,-7.34024409,1233.53653,421.0,48.6740342,54.3829455,6.28677117,63.5786023,7.34417348,-1.58062e-07,1794.2141,0.0,64.2249105,0.125861975,0.0,2606.83437,1804.97587,1233.53653,0.0,0.0
1570.5,51.856163,1854.18614,-27.8848295,-27.8848295,-5.43044572,-5.43044572,-4.90422214,-4.90422214,1236.83996,421.0,30.6042861,54.5285837,3.96354164,67.9920621,4.90820473,-1.58062e-07,1495.58814,0.0,64.3969056,0.0650517279,0.0,1854.18614,1493.72224,1236.83996,0.0,0.0
1571.0,51.856163,1574.16787,-21.1347534,-21.1347534,-3.48421775,-3.48421775,-3.07803446,-3.07803446,1237.92808,421.0,17.3857199,54.5765577,2.25381102,74.5409655,3.07802269,-1.58062e-07,1386.9824,0.0,64.4535599,0.01040107767,0.0,1574.16787,1377.83993,1237.92808,0.0,0.0
1571.5,51.842161,1594.41604,-21.5561252,-21.5561252,-3.59915956,-3.59915956,-3.18657625,-3.18657625,1238.3526,421.0,18.0850229,54.5952726,2.34526571,74.1797041,3.18655908,-1.58062e-07,1386.9824,0.0,64.475662,0.01333458105,0.0,1594.41604,1386.51323,1238.3526,0.0,0.0
1572.0,50.9493087,1592.7111,-21.220107,-21.220107,-3.53927763,-3.53927763,-3.13127417,-3.13127417,1238.77891,421.0,17.7198698,54.6140673,2.29870143,74.3998216,3.13143612,-1.58062e-07,1386.9824,0.0,64.4978597,0.0104839944,0.0,1592.7111,1386.0527,1238.77891,0.0,0.0
1572.5,49.5681011,1591.78281,-20.6243144,-20.6243144,-3.43789085,-3.43789085,-3.03807844,-3.03807844,1239.05969,421.0,17.1124394,54.6264456,2.22040696,74.7469525,3.03821269,-1.58062e-07,1386.9824,0.0,64.5124791,0.00584263867,0.0,1591.78281,1385.83039,1239.05969,0.0,0.0
1573.0,49.06584,1593.2677,-20.4005893,-20.4005893,-3.40376972,-3.40376972,-3.00701925,-3.00701925,1239.21979,421.0,16.9093092,54.6335039,2.1943345,74.86698,3.00700409,-1.58062e-07,1386.9824,0.0,64.5208131,0.00419273093,0.0,1593.2677,1386.54174,1239.21979,0.0,0.0
1573.5,49.06584,1593.63063,-20.4173439,-20.4173439,-3.40734045,-3.40734045,-3.01034464,-3.01034464,1239.36687,421.0,16.9288777,54.6399898,2.1971347,74.8635027,3.01034462,-1.58062e-07,1386.9824,0.0,64.5284721,0.00426953426,0.0,1593.63063,1386.77866,1239.36687,0.0,0.0
1574.0,49.06584,1593.43792,-20.4178282,-20.4178282,-3.40700943,-3.40700943,-3.01001271,-3.01001271,1239.51402,421.0,16.9248515,54.6464773,2.19687292,74.8730726,3.01001332,-1.58062e-07,1386.9824,0.0,64.5361315,0.00424161244,0.0,1593.43792,1386.78436,1239.51402,0.0,0.0
1574.5,49.1720182,1593.4025,-20.4357144,-20.4357144,-3.40992067,-3.40992067,-3.01267603,-3.01267603,1239.66047,421.0,16.9395221,54.6529324,2.19903712,74.872325,3.0125883,-1.58062e-07,1386.9824,0.0,64.5437583,0.00442748296,0.0,1593.4025,1386.85516,1239.66047,0.0,0.0
1575.0,55.9436629,1605.85939,-23.1551476,-23.1551476,-3.89437038,-3.89437038,-3.46064669,-3.46064669,1240.09245,421.0,19.8813734,54.671977,2.5818788,73.3116071,3.45941995,-1.58062e-07,1386.9824,0.0,64.5662506,0.0265113507,0.0,1605.85939,1392.29076,1240.09245,0.0,0.0
1575.5,66.4190519,1614.20166,-26.6222835,-26.6222835,-4.49528876,-4.49528876,-4.00719336,-4.00719336,1241.62069,421.0,23.6638866,54.7393536,3.07681362,71.454405,4.00760939,-1.58062e-07,1393.4983,0.0,64.645819,0.0568329287,0.0,1614.20166,1396.6544,1241.62069,0.0,0.0
1576.0,70.22837,2562.70661,-13.8255898,-13.8255898,-3.72309388,-3.72309388,-3.33898917,-3.33898917,1242.85868,421.0,19.1780616,54.7939319,2.49618381,73.9115609,3.33558604,-1.58062e-07,1810.26806,0.0,64.7102756,0.0243502806,0.0,2562.70661,1792.05717,1242.85868,0.0,0.0
1576.5,70.22837,4157.34222,-15.6849273,-15.6849273,-6.90200628,-6.90200628,-6.38278031,-6.38278031,1244.77928,421.0,41.1380851,54.8786053,5.3635538,65.68553,6.3738294,-1.58062e-07,2454.93968,0.0,64.8102715,0.0984056811,0.0,4157.34222,2456.71819,1244.77928,0.0,0.0
1577.0,70.22837,4748.04683,-30.2695019,-30.2695019,-15.05165755,-15.05165755,-14.2737855,-14.2737855,1252.14713,421.0,95.6508195,55.2034323,12.54151885,62.8253039,14.27323005,-1.58062e-07,2689.3997,0.0,65.1938846,0.299385358,0.0,4748.04683,2706.81685,1252.14713,0.0,0.0
1577.5,70.22837,4688.92786,-29.3503041,-29.3503041,-14.4117115,-14.4117115,-13.6540612,-13.6540612,1262.12507,421.0,90.868432,55.6433305,12.00990405,63.261959,13.6543036,-1.58062e-07,2689.3997,0.0,65.7133942,0.281233654,0.0,4688.92786,2688.04309,1262.12507,0.0,0.0
1578.0,70.22837,4674.112810000001,-29.3003691,-29.3003691,-14.34170965,-14.34170965,-13.5861473,-13.5861473,1271.76207,421.0,89.8040951,56.0681962,11.9599121,63.692287,13.5862166,-1.58062e-07,2689.3997,0.0,66.2151516,0.276649052,0.0,4674.112810000001,2687.50538,1271.76207,0.0,0.0
1578.5,70.22837,4660.79266,-29.2983788,-29.2983788,-14.2998668,-14.2998668,-13.54545235,-13.54545235,1281.25912,421.0,88.9299931,56.4868924,11.93194555,64.1256571,13.5455172,-1.58062e-07,2689.3997,0.0,66.7096197,0.272771356,0.0,4660.79266,2687.50796,1281.25912,0.0,0.0
1579.0,70.22837,4647.68281,-29.2973006,-29.2973006,-14.2591195,-14.2591195,-13.5058257,-13.5058257,1290.62302,421.0,88.0721528,56.8997187,11.9032117,64.5608108,13.5058894,-1.58062e-07,2689.3997,0.0,67.1971578,0.268954776,0.0,4647.68281,2687.52036,1290.62302,0.0,0.0
1579.5,69.788831,4634.05772,-29.2222223,-29.2222223,-14.18097735,-14.18097735,-13.4301411,-13.4301411,1299.85458,421.0,87.0031464,57.3067099,11.84274165,64.9935296,13.4312519,-1.58062e-07,2689.3997,0.0,67.6778043,0.263825884,0.0,4634.05772,2687.24115,1299.85458,0.0,0.0
1580.0,41.7703734,4570.15992,-17.9491234,-17.9491234,-8.60012985,-8.60012985,-8.02141263,-8.02141263,1306.82049,421.0,50.4355684,57.6138161,6.90034311,68.116262,8.03642729,-1.58062e-07,2689.3997,0.0,68.0404899,0.0925464875,0.0,4570.15992,2664.72015,1306.82049,0.0,0.0
1580.5,-1.485107487,4502.07196,7.776693544,-1.857063406,3.5472455215,-0.8853066985,4.9274359019,-0.7294547581,1305.55209,421.0,3.88095526,57.5578971,0.531253583,80.3507671,0.7356092432,-1.58062e-07,2689.3997,0.0,67.9744486,-0.1366600645,0.0,4502.07196,2635.64765,1305.55209,0.0,0.0
1581.0,-11.700917,3998.22482,147.3626119,0.0,60.7490349,0.0,78.0400385,0.0,1299.99223,421.0,0.0,57.3127789,0.0,80.274554,0.0,-1.58062e-07,2689.3997,0.0,67.6849688,-0.164023994,0.0,3998.22482,2422.74675,1299.99223,0.0,0.0
1581.5,-3.12037337977,3672.16172,297.226564,0.0,114.2740759,0.0,147.554126,0.0,1294.51404,421.0,0.0,57.0712617,0.0,80.0020928,0.0,-1.58062e-07,2689.3997,0.0,67.3997437,-0.15300205,0.0,3672.16172,2283.87077,1294.51404,0.0,0.0
1582.0,0.0,3635.49009,300.0,0.0,114.2122884,0.0,147.585433,0.0,1289.32822,421.0,0.0,56.842634,0.0,79.7437586,0.0,-1.58062e-07,2689.3997,0.0,67.1297432,-0.148645108,0.0,3635.49009,2265.58346,1289.32822,0.0,0.0
1582.5,0.0,3638.24757,300.0,0.0,114.2989196,0.0,147.688929,0.0,1284.19916,421.0,0.0,56.61651,0.0,79.487852,0.0,-1.58062e-07,2687.64637,0.0,66.8626943,-0.148075485,0.0,3638.24757,2263.73607,1284.19916,0.0,0.0
1583.0,0.0,3640.99457,300.0,0.0,114.385217,0.0,147.792016,0.0,1279.08973,421.0,0.0,56.3912509,0.0,79.2325381,0.0,-1.58062e-07,2575.88862,0.0,66.596669,-0.147510298,0.0,3640.99457,2261.89577,1279.08973,0.0,0.0
1583.5,0.0,3643.73103,300.0,0.0,114.4711876,0.0,147.894699,0.0,1273.99976,421.0,0.0,56.16685,0.0,78.9778,0.0,-1.58062e-07,2403.00729,0.0,66.3316555,-0.1469495,0.0,3643.73103,2260.06244,1273.99976,0.0,0.0
1584.0,0.0,3646.45713,300.0,0.0,114.5568284,0.0,147.99698,0.0,1268.9291,421.0,0.0,55.9432986,0.0,78.723638,0.0,-1.58062e-07,2340.135,0.0,66.06765,-0.146393058,0.0,3646.45713,2258.23609,1268.9291,0.0,0.0
1584.5,0.0,3649.17294,300.0,0.0,114.6421491,0.0,148.098866,0.0,1263.87762,421.0,0.0,55.7205931,0.0,78.4700541,0.0,-1.58062e-07,2340.135,0.0,65.8046393,-0.145840925,0.0,3649.17294,2256.41657,1263.87762,0.0,0.0
1585.0,0.0,3651.87856,300.0,0.0,114.7271467,0.0,148.200353,0.0,1258.84512,421.0,0.0,55.4987262,0.0,78.2170364,0.0,-1.58062e-07,2340.135,0.0,65.5426189,-0.145293057,0.0,3651.87856,2254.60398,1258.84512,0.0,0.0
1585.5,0.0,3654.57397,300.0,0.0,114.8118276,0.0,148.301453,0.0,1253.8315,421.0,0.0,55.2776906,0.0,77.9645856,0.0,-1.58062e-07,2340.135,0.0,65.2815825,-0.14474942,0.0,3654.57397,2252.79818,1253.8315,0.0,0.0
1586.0,0.0,3657.25932,300.0,0.0,114.8961913,0.0,148.40216,0.0,1248.83662,421.0,0.0,55.0574813,0.0,77.7126996,0.0,-1.58062e-07,2340.135,0.0,65.0215195,-0.144209968,0.0,3657.25932,2250.99907,1248.83662,0.0,0.0
1586.5,0.0,3659.93472,300.0,0.0,114.9802429,0.0,148.502483,0.0,1243.8603,421.0,0.0,54.8380898,0.0,77.4613674,0.0,-1.58062e-07,2340.135,0.0,64.762424,-0.143674662,0.0,3659.93472,2249.2067,1243.8603,0.0,0.0
1587.0,0.0,3662.60018,300.0,0.0,115.0639774,0.0,148.602425,0.0,1238.90244,421.0,0.0,54.6195117,0.0,77.2105905,0.0,-1.58062e-07,2340.135,0.0,64.50429,-0.143143469,0.0,3662.60018,2247.42095,1238.90244,0.0,0.0
1587.5,0.0,3665.25587,300.0,0.0,115.1474107,0.0,148.701984,0.0,1233.96282,420.904803,0.0,54.3894612,0.0,76.9429861,0.0,-1.58062e-07,2340.135,0.0,64.2471056,-0.142616342,0.0,3665.25587,2245.64177,1233.96282,0.0,0.0
1588.0,0.0,3667.90173,300.0,0.0,115.2305323,0.0,148.801169,0.0,1229.04138,414.72583,0.0,53.3776637,0.0,75.5679366,0.0,-1.58062e-07,2340.135,0.0,63.9908693,-0.142093247,0.0,3667.90173,2243.86921,1229.04138,0.0,0.0
1588.5,0.0,3670.53792,300.0,0.0,115.313351,0.0,148.89998,0.0,1224.138,405.144322,0.0,51.9364177,0.0,73.582302,0.0,-1.58062e-07,2340.135,0.0,63.7355689,-0.141574151,0.0,3670.53792,2242.10302,1224.138,0.0,0.0
1589.0,0.0,3673.16453,300.0,0.0,115.3958669,0.0,148.998415,0.0,1219.25244,401.64658,0.0,51.2821633,0.0,72.7094272,0.0,-1.58062e-07,2340.135,0.0,63.4812003,-0.141059005,0.0,3673.16453,2240.34343,1219.25244,0.0,0.0
1589.5,0.0,3675.78161,300.0,0.0,115.478083,0.0,149.096489,0.0,1214.38464,401.64658,0.0,51.0774214,0.0,72.4727711,0.0,-1.58062e-07,2340.135,0.0,63.2277556,-0.140547782,0.0,3675.78161,2238.59007,1214.38464,0.0,0.0
1590.0,0.0,3678.38915,300.0,0.0,115.5600032,0.0,149.194192,0.0,1209.53443,401.64658,0.0,50.8734204,0.0,72.2366165,0.0,-1.58062e-07,2340.135,0.0,62.9752267,-0.140040442,0.0,3678.38915,2236.84314,1209.53443,0.0,0.0
1590.5,0.0,3680.98731,300.0,0.0,115.6416273,0.0,149.291535,0.0,1204.70175,401.64658,0.0,50.6701551,0.0,72.000968,0.0,-1.58062e-07,2340.135,0.0,62.7236086,-0.139536947,0.0,3680.98731,2235.10246,1204.70175,0.0,0.0
1591.0,0.0,3683.57621,300.0,0.0,115.7229594,0.0,149.388519,0.0,1199.88635,401.64658,0.0,50.4676189,0.0,71.765818,0.0,-1.58062e-07,2340.135,0.0,62.4728922,-0.139037266,0.0,3683.57621,2233.368,1199.88635,0.0,0.0
1591.5,0.0,3686.15581,300.0,0.0,115.8040016,0.0,149.485143,0.0,1195.08819,401.64658,0.0,50.2658054,0.0,71.5311664,0.0,-1.58062e-07,2340.135,0.0,62.2230723,-0.13854136,0.0,3686.15581,2231.63979,1195.08819,0.0,0.0
1592.0,0.0,3688.72628,300.0,0.0,115.8847543,0.0,149.581415,0.0,1190.3071,401.64658,0.0,50.0647121,0.0,71.2970064,0.0,-1.58062e-07,2340.135,0.0,61.9741407,-0.138049195,0.0,3688.72628,2229.91774,1190.3071,0.0,0.0
1592.5,0.0,3691.28759,300.0,0.0,115.9652195,0.0,149.677336,0.0,1185.54298,401.52869,0.0,49.8497198,0.0,71.0425095,0.0,-1.58062e-07,2340.135,0.0,61.7260932,-0.137560737,0.0,3691.28759,2228.20177,1185.54298,0.0,0.0
1593.0,0.0,3693.83986,300.0,0.0,116.0454016,0.0,149.772912,0.0,1180.79566,393.87674,0.0,48.7043865,0.0,69.4605219,0.0,-1.58062e-07,2340.135,0.0,61.4789213,-0.137075955,0.0,3693.83986,2226.49185,1180.79566,0.0,0.0
1593.5,0.918733735,3698.42604,300.0,0.0,116.189478,0.0,149.94458,0.0,1176.06687,382.011139,0.0,47.0479741,0.0,67.1467581,0.0,-1.58062e-07,2340.135,0.0,61.2327147,-0.135526609,0.0,3698.42604,2225.63916,1176.06687,0.0,0.0
1594.0,59.5458704,4690.08971,167.8450233,-6.5954402,73.4582155,-3.9827007,95.3072666,-3.7614048,1172.46947,377.6796,24.7826362,46.3717704,3.04466545,64.7305588,3.6606986,-1.58062e-07,2340.135,0.0,61.0454148,0.0243719256,0.0,4690.08971,2636.17728,1172.46947,0.0,0.0
1594.5,150.235182,4597.25468,-76.8846258,-76.8846258,-36.9793198,-36.9793198,-34.8201694,-34.8201694,1191.21698,377.6796,234.461176,47.1132435,29.2294225,56.0900958,34.8309135,-1.58062e-07,2340.135,0.0,62.021515,0.929204785,0.0,4597.25468,2608.49439,1191.21698,0.0,0.0
1595.0,183.21806,3955.72527,-78.057771,-78.057771,-32.342806,-32.342806,-30.2089729,-30.2089729,1222.08988,377.6796,201.663805,48.3342843,25.8021947,56.5923865,30.2143986,-1.58062e-07,2340.135,0.0,63.6289365,0.860380878,0.0,3955.72527,2359.57576,1222.08988,0.0,0.0
1595.5,182.300874,3864.7006,-76.3515881,-76.3515881,-30.9008651,-30.9008651,-28.8469981,-28.8469981,1250.88621,377.6796,189.527231,49.4731927,24.8246684,57.4932061,28.8495804,-1.58062e-07,2340.135,0.0,65.1282338,0.814006637,0.0,3864.7006,2338.51369,1250.88621,0.0,0.0
1596.0,123.6721916,3716.71551,-52.7342665,-52.7342665,-20.5735609,-20.5735609,-19.3102341,-19.3102341,1274.94372,377.6796,126.82363,50.4246795,16.9172491,57.5649953,19.33553385,-1.58062e-07,2340.135,0.0,66.380803,0.499188439,0.0,3716.71551,2290.98302,1274.94372,0.0,0.0
1596.5,32.9821370666,3667.09137,-13.3723291986,-13.76717022,-5.136350937,-5.28797353,-4.6847872882,-4.88058637,1283.62322,377.6796,30.744114921,50.7679583,4.13225587597,64.7251375,4.8996579889,-1.58062e-07,2340.135,0.0,66.8327093,0.0139437588,0.0,3667.09137,2275.40197,1283.62322,0.0,0.0
1597.0,0.0,3668.53082,25.44240273,0.0,9.77508105,0.0,12.62264369,0.0,1280.04075,377.6796,0.0,50.6262682,0.0,71.1222593,0.0,-1.58062e-07,2340.135,0.0,66.646185,-0.147615323,0.0,3668.53082,2273.90908,1280.04075,0.0,0.0
1597.5,0.0,3671.31771,65.3695958,0.0,25.1330122,0.0,32.452726,0.0,1274.85689,377.6796,0.0,50.4212453,0.0,70.8895791,0.0,-1.58062e-07,2340.135,0.410199795,66.3762834,-0.200032133,0.0,3671.31771,2272.04199,1274.85689,-10.04986,0.53536882
1598.0,0.0,3699.18804,113.2662,0.0,43.9132647,0.0,56.6662409,0.0,1223.01725,377.6796,0.0,48.3709605,0.0,68.5353494,0.0,-1.58062e-07,2340.135,26.5603393,63.6772172,-3.6392297,0.0,3699.18804,2253.37021,1223.01725,-662.351917,33.4877422
1598.5,0.7535220701,3818.40266,203.239166,0.0,81.4570442,0.0,104.8436694,0.0,1004.398575,377.6796,0.0,39.7244803,0.0,58.7583859,0.0,-1.58062e-07,2340.135,66.6045562,52.2946885,-8.90770729,0.0,3818.40266,2175.32647,1004.398575,-1663.80368,69.0290719
1599.0,48.94278925,4831.9623,217.9820645,0.0,105.3801369,0.0,134.265493,0.0,694.267483,377.6796,0.0,27.4586358,0.0,45.051979,0.0,-1.58062e-07,2340.135,55.1637813,36.1475037,-7.33532012,0.0,4831.9623,2415.99284,694.267483,-1380.751057,41.0492936
1599.5,122.7848656,5729.19116,-61.0125479,-61.0125479,-36.17374384,-36.17374384,-34.41078084,-34.41078084,555.257181,377.6796,347.3739105,21.960707,20.13398807,33.7700198,31.42293612,2.2168819e-05,2350.43543,14.712044326,28.9098396,-0.66952496,0.0,5729.19116,2708.16928,555.257181,-369.32687068,8.6566662443
1600.0,105.3843144,6309.73174,-22.3017679,-22.3017679,-14.0269744,-14.0269744,-13.21084307,-13.21084307,574.05408,377.6796,178.7707734,22.7041337,10.6952675,30.5239084,14.72561427,1.833611e-06,3006.88497,0.0,29.8885121,0.648849016,0.0,6309.73174,2960.71191,574.05408,0.0,0.0
1600.5,36.8593143,8505.360219999999,39.703956424,-0.70774616,37.200479424,-0.57141202,50.78994365,-0.45621354,582.26123,377.6796,5.2872234,23.028731,0.322575165,39.0821177,0.4626093,-2.05755e-07,4017.73643,0.0,30.3158233,-0.030182689,0.0,8505.360219999999,3879.12116,582.26123,0.0,0.0
1601.0,32.798448,9289.758,15.7330739,-17.1426859,15.3525907,-16.51173,28.2383205,-15.6970718,584.733759,377.6796,169.111793,23.1265214,10.4394472,37.2833777,15.6323521,-1.62846e-07,4092.31714,0.0,30.4445576,0.5235083682,0.0,9289.758,4206.95864,584.733759,0.0,0.0
1601.5,65.253021,7969.45913,-39.2002325,-39.2002325,-32.6781863,-32.6781863,-31.3359021,-31.3359021,618.812586,377.6796,331.541373,24.4743559,21.4727631,35.7020664,31.3436602,-5.122e-09,3636.39436,0.0,32.2188942,1.123382487,0.0,7969.45913,3677.47096,618.812586,0.0,0.0
1602.0,77.05665,7396.75309,-32.0749518,-32.0749518,-24.8448468,-24.8448468,-23.7959119,-23.7959119,653.217119,377.6796,255.435055,25.8350731,17.4703077,35.1907291,23.7988262,-5.122e-09,3470.5767,0.0,34.0101902,0.876672589,0.0,7396.75309,3459.25225,653.217119,0.0,0.0
1602.5,77.05665,7372.3914,-32.2786354,-32.2786354,-24.9202156,-24.9202156,-23.8691181,-23.8691181,683.105295,377.6796,248.826225,27.0171658,17.7977435,36.2322979,23.8692356,-5.122e-09,3470.5767,0.0,35.5663376,0.85393238,0.0,7372.3914,3466.56667,683.105295,0.0,0.0
1603.0,77.05665,7332.30722,-32.2934048,-32.2934048,-24.7960861,-24.7960861,-23.7490452,-23.7490452,712.168546,377.6796,241.18316,28.1666323,17.9851439,37.1924618,23.7492827,-5.122e-09,3470.5767,0.0,37.0795362,0.827481051,0.0,7332.30722,3466.85712,712.168546,0.0,0.0
1603.5,76.8838286,7292.60585,-32.2578243,-32.2578243,-24.6347151,-24.6347151,-23.5928756,-23.5928756,740.338953,377.6796,233.856373,29.280786,18.1285624,38.106553,23.5938042,-5.122e-09,3470.5767,0.0,38.5462466,0.801747946,0.0,7292.60585,3466.78557,740.338953,0.0,0.0
1604.0,65.8721845,7235.003419999999,-27.8085771,-27.8085771,-21.0726937,-21.0726937,-20.1193883,-20.1193883,766.234876,377.6796,198.443435,30.3049825,15.9118777,38.3032481,20.129671,-5.122e-09,3470.5767,0.0,39.8945353,0.664925095,0.0,7235.003419999999,3457.93725,766.234876,0.0,0.0
1604.5,48.8381345,7201.168240000001,-20.4115481,-20.4115481,-15.39373775,-15.39373775,-14.562994,-14.562994,785.562503,377.6796,144.555568,31.0694005,11.8846684,38.0673321,14.5718017,-5.122e-09,3470.5767,0.02347633846,40.9008406,0.45355865,0.0,7201.168240000001,3455.1434,785.562503,-0.5740863,0.019050024
1605.0,42.642914,7206.57458,-17.5813148,-17.5813148,-13.26815915,-13.26815915,-12.4879226,-12.4879226,796.662752,377.6796,123.396021,31.5084211,10.294626,38.2197249,12.48738025,-5.122e-09,3470.5767,1.519350231,41.4787823,0.175172142,0.0,7206.57458,3463.87433,796.662752,-37.88096325,1.265333056
1605.5,42.8342842,7212.740029999999,-17.7341132,-17.7341132,-13.3948831,-13.3948831,-12.61074655,-12.61074655,797.460459,377.6796,124.4598247,31.5399712,10.39355125,38.2659791,12.6100424,-5.122e-09,3470.5767,3.83333626,41.5203161,-0.1266016438,0.0,7212.740029999999,3466.90564,797.460459,-95.7434214,3.19736522
1606.0,55.0283725,7244.42174,-22.6296767,-22.6296767,-17.1697811,-17.1697811,-16.2997264,-16.2997264,792.0245,377.6796,159.336435,31.3249761,13.2136382,38.5814849,16.2884828,-5.122e-09,3470.5767,4.674924,41.2372902,-0.10234715061,0.0,7244.42174,3476.91465,792.0245,-116.87309,3.8774103
1606.5,73.8915601,7251.711209999999,-30.8180257,-30.8180257,-23.4027079,-23.4027079,-22.3901429,-22.3901429,792.232572,377.6796,212.985622,31.3332048,17.6713659,39.6633414,22.3805027,-5.122e-09,3470.5767,4.65144881,41.2481226,0.1104821672,0.0,7251.711209999999,3480.06931,792.232572,-116.299004,3.85932656
1607.0,80.75202,7217.039049999999,-33.9399944,-33.9399944,-25.6509075,-25.6509075,-24.5794055,-24.5794055,800.414029,377.6796,229.902111,31.6567868,19.2694224,40.380943,24.5802362,-5.122e-09,3470.5767,3.15557349,41.6740967,0.375083043,0.0,7217.039049999999,3470.4191,800.414029,-78.99213,2.64580522
1607.5,80.75202,7184.17993,-33.7927357,-33.7927357,-25.4231229,-25.4231229,-24.3586312,-24.3586312,818.363605,377.6796,224.444517,32.3667014,19.2336144,40.9907833,24.3587667,-5.122e-09,3470.5767,0.84158602929,42.6086528,0.661563019,0.0,7184.17993,3467.22676,818.363605,-21.129669432,0.71994203023
1608.0,80.75202,7148.33217,-33.8134616,-33.8134616,-25.3118012,-25.3118012,-24.2509508,-24.2509508,843.656152,377.6796,218.682526,33.3670344,19.3186995,41.8855162,24.251188,-5.122e-09,3470.5767,0.0,43.9255263,0.752808373,0.0,7148.33217,3467.07832,843.656152,0.0,0.0
1608.5,80.75202,7112.31184,-33.8051177,-33.8051177,-25.1780385,-25.1780385,-24.1215023,-24.1215023,869.322669,377.6796,212.926899,34.3821584,19.3826449,42.7878698,24.1217231,-5.122e-09,3470.5767,0.0,45.2618715,0.732275626,0.0,7112.31184,3467.07654,869.322669,0.0,0.0
1609.0,80.75202,7077.33878,-33.7997005,-33.7997005,-25.0502164,-25.0502164,-23.9963844,-23.9963844,894.302912,377.6796,207.57624,35.3701407,19.4386594,43.6629671,23.9966033,-5.122e-09,3470.5767,0.0,46.5624845,0.713054073,0.0,7077.33878,3467.10979,894.302912,0.0,0.0
1609.5,80.75202,7043.2701,-33.7946753,-33.7946753,-24.9259237,-24.9259237,-23.8736231,-23.8736231,918.638586,377.6796,202.578841,36.3326275,19.4870028,44.5110309,23.8738357,-5.122e-09,3470.5767,0.0,47.8295366,0.694973354,0.0,7043.2701,3467.143,918.638586,0.0,0.0
1610.0,80.75202,7010.050659999999,-33.7899411,-33.7899411,-24.8048856,-24.8048856,-23.7541098,-23.7541098,942.367563,377.6796,197.905234,37.2711216,19.5292636,45.3339361,23.7543174,-5.122e-09,3470.5767,0.0,49.0650027,0.677938891,0.0,7010.050659999999,3467.17534,942.367563,0.0,0.0
1610.5,80.75202,6977.63269,-33.7854557,-33.7854557,-24.6868984,-24.6868984,-23.6376402,-23.6376402,965.523921,377.665235,193.503398,38.1854998,19.5641621,46.1360214,23.6378423,-5.122e-09,3470.5767,0.0,50.270653,0.661783267,0.0,6977.63269,3467.20678,965.523921,0.0,0.0
1611.0,80.75202,6945.98828,-33.7810394,-33.7810394,-24.5717272,-24.5717272,-23.5239822,-23.5239822,988.127287,376.73176,189.183559,38.9825823,19.5752244,46.8462737,23.5241802,-5.122e-09,3470.5767,0.0,51.4475121,0.645894113,0.0,6945.98828,3467.23723,988.127287,0.0,0.0
1611.5,80.75202,6915.09926,-33.7768061,-33.7768061,-24.4593904,-24.4593904,-23.4131519,-23.4131519,1010.191465,375.357694,185.070998,39.7077816,19.577355,47.4877803,23.4133448,-5.122e-09,3470.5767,0.0,52.5963005,0.630678539,0.0,6915.09926,3467.26722,1010.191465,0.0,0.0
1612.0,80.75202,6884.92762,-33.7727931,-33.7727931,-24.3497773,-24.3497773,-23.3050351,-23.3050351,1031.743306,379.619356,181.197221,41.0169386,19.5765631,48.8285211,23.3052229,-5.122e-09,3470.5767,0.0,53.718411,0.616239525,0.0,6884.92762,3467.29646,1031.743306,0.0,0.0
1612.5,81.9709195,6847.7961,-35.5654735,-35.5654735,-25.4885872,-25.4885872,-24.4012424,-24.4012424,1052.86552,387.049114,185.613273,42.6757123,20.4726301,50.7676231,24.3860331,-5.122e-09,3460.7254,0.0,54.8181537,0.63316684,0.0,6847.7961,3464.17896,1052.86552,0.0,0.0
1613.0,159.662399,5501.11045,-88.7019918,-88.7019918,-49.9849529,-49.9849529,-47.1716812,-47.1716812,1085.47219,389.76224,327.992492,44.3044243,37.2924402,56.0149268,47.1571461,-5.122e-09,2832.81321,0.0,56.5158419,1.27373021,0.0,5501.11045,2922.85191,1085.47219,0.0,0.0
1613.5,279.643779,3069.79557,-137.4805405,-137.4805405,-43.354951,-43.354951,-38.9194246,-38.9194246,1131.6496,389.76224,269.135513,46.1891919,31.839317,56.335484,38.9553681,-5.122e-09,1861.48922,0.0,58.920099,1.30353094,0.0,3069.79557,1938.12645,1131.6496,0.0,0.0
1614.0,310.579703,1936.74893,-129.791936,-129.791936,-26.3282508,-26.3282508,-22.4396218,-22.4396218,1170.37567,389.76224,158.001063,47.7698278,19.3590659,55.3807821,22.4458885,-5.122e-09,1508.2274,0.0,60.9363982,0.962872298,0.0,1936.74893,1489.26921,1170.37567,0.0,0.0
1614.5,290.820861,1903.3035,-121.1804673,-121.1804673,-24.1555709,-24.1555709,-20.5313433,-20.5313433,1201.98182,389.76224,141.826997,49.0598582,17.8479545,56.4408063,20.534379,-5.122e-09,1508.2274,0.0,62.5819935,0.869298448,0.0,1903.3035,1493.80696,1201.98182,0.0,0.0
1615.0,283.63477,1887.85906,-118.0052906,-118.0052906,-23.3291157,-23.3291157,-19.8023188,-19.8023188,1231.09064,389.76224,134.113109,50.2479581,17.2889944,57.5525669,19.8024464,-5.122e-09,1508.2274,0.0,64.0975622,0.827376922,0.0,1887.85906,1504.37682,1231.09064,0.0,0.0
1615.5,283.63477,1856.36569,-118.2402665,-118.2402665,-22.985685,-22.985685,-19.4584252,-19.4584252,1259.40254,389.678836,129.276365,51.3924217,17.0481955,58.6598939,19.4592389,-5.122e-09,1508.2274,0.0,65.5716417,0.809095699,0.0,1856.36569,1507.80332,1259.40254,0.0,0.0
1616.0,283.63477,1817.89366,-118.2415935,-118.2415935,-22.50958,-22.50958,-18.9926049,-18.9926049,1287.01854,384.258814,123.899266,51.7869674,16.6974501,58.9075574,18.9934166,-5.122e-09,1508.2274,0.0,67.0094864,0.788666566,0.0,1817.89366,1507.91956,1287.01854,0.0,0.0
1616.5,283.63477,1783.43348,-117.6983276,-117.6983276,-21.9807259,-21.9807259,-18.4950228,-18.4950228,1313.94149,375.85241,118.5698921,51.713804,16.3132378,58.6311539,18.4955072,-5.122e-09,1511.56209,0.0,68.411247,0.767457926,0.0,1783.43348,1509.30058,1313.94149,0.0,0.0
1617.0,283.63477,2237.26824,-110.3246594,-110.3246594,-25.8522781,-25.8522781,-22.5409524,-22.5409524,1340.86217,372.78265,141.0400926,52.3441845,19.8175269,59.4777715,22.5249942,-5.122e-09,1724.17046,0.0,69.8128929,0.824220267,0.0,2237.26824,1713.86338,1340.86217,0.0,0.0
1617.5,282.727059,3009.1078,-111.2220295,-111.2220295,-35.0601987,-35.0601987,-31.5327865,-31.5327865,1372.16664,372.982875,190.776526,53.5953372,27.4270594,61.5756591,31.5188529,-5.122e-09,2053.05612,0.0,71.4427808,0.98198678,0.0,3009.1078,2053.30995,1372.16664,0.0,0.0
1618.0,224.849722,3157.7944,-95.4014382,-95.4014382,-31.623059,-31.623059,-28.8127547,-28.8127547,1405.06521,385.994495,171.896546,56.7994836,25.2723772,64.7377868,28.8364666,-5.122e-09,2172.6675,0.0,73.1556669,0.822066733,0.0,3157.7944,2134.38873,1405.06521,0.0,0.0
1618.5,135.3188325,3069.7008,-56.2543253,-56.2543253,-18.0890826,-18.0890826,-16.7857933,-16.7857933,1426.24924,406.175355,100.0436795,60.6673124,14.9339988,68.268697,16.8039502,-5.122e-09,2172.6675,0.0,74.258628,0.414594113,0.0,3069.7008,2110.10158,1426.24924,0.0,0.0
1619.0,102.75772,3164.92356,-41.7165657,-41.7165657,-13.82878065,-13.82878065,-12.93215815,-12.93215815,1436.96236,413.5448,76.2488379,62.2295408,11.4744029,70.1254564,12.9300175,-5.122e-09,2172.6675,0.0,74.816415,0.272979766,0.0,3164.92356,2155.97979,1436.96236,0.0,0.0
1619.5,102.3015121,3187.52844,-42.7271313,-42.7271313,-14.26228075,-14.26228075,-13.3402562,-13.3402562,1446.61884,413.5448,78.241539,62.6477266,11.8526577,70.5149625,13.3410972,-5.122e-09,2172.6675,0.0,75.3191851,0.279461544,0.0,3187.52844,2171.0242,1446.61884,0.0,0.0
1620.0,73.2076584,3121.02335,-31.0651384,-31.0651384,-10.1642103,-10.1642103,-9.4884029,-9.4884029,1454.60764,413.5448,54.6741261,62.9936926,8.32653813,72.0499229,9.49979863,-5.122e-09,2172.6675,0.0,75.735127,0.1480754653,0.0,3121.02335,2148.01554,1454.60764,0.0,0.0
1620.5,28.2021927,3101.20654,-11.62136551,-11.62136551,-3.77328154,-3.77328154,-3.374435154,-3.374435154,1456.05128,413.5448,17.29201663,63.0562108,2.637210824,82.9622889,3.38403316,-5.122e-09,2172.6675,0.0,75.8102914,-0.059321307,0.0,3101.20654,2140.61258,1456.05128,0.0,0.0
1621.0,11.834457,3162.31382,-4.3265708,-4.3265708,-1.43360658,-1.43360658,-1.11925813,-1.11925813,1452.22517,413.5448,5.35347073,62.8905156,0.814056856,86.416222,1.118592463,-5.122e-09,2172.6675,0.0,75.6110807,-0.129281872,0.0,3162.31382,2163.80567,1452.22517,0.0,0.0
1621.5,13.1781597,3189.10735,-5.09932696,-5.09932696,-1.70352086,-1.70352086,-1.35713332,-1.35713332,1447.85729,413.58142,6.49997569,62.7069041,0.985451564,86.2060204,1.35476044,-5.122e-09,2172.6675,0.0,75.383664,-0.1221233,0.0,3189.10735,2172.4043,1447.85729,0.0,0.0
1622.0,98.8873832,3354.2554,-39.5631627,-39.5631627,-13.97576717,-13.97576717,-13.04665798,-13.04665798,1448.4263,415.961191,75.5157146,63.0928082,11.46360518,72.9938946,13.01156241,-5.122e-09,2172.6675,0.0,75.4132914,0.2607752165,0.0,3354.2554,2241.45585,1448.4263,0.0,0.0
1622.5,230.011331,3377.0214,-96.5933474,-96.5933474,-34.1325282,-34.1325282,-31.2252726,-31.2252726,1467.96124,419.652165,178.302355,64.5117285,27.4304885,73.3216985,31.2014506,-5.122e-09,2172.6675,0.0,76.4303906,0.842956086,0.0,3377.0214,2262.33527,1467.96124,0.0,0.0
1623.0,185.088344,2992.94066,-80.6413961,-80.6413961,-25.4997595,-25.4997595,-23.2928118,-23.2928118,1496.5321,421.0,132.322177,65.9776345,20.7139691,74.2009518,23.3326626,-5.122e-09,2172.6675,0.0,77.9179486,0.610627348,0.0,2992.94066,2119.19877,1496.5321,0.0,0.0
1623.5,41.00783728,2856.0058,-15.51864398,-18.11586858,-4.67620688,-5.4394898,-4.000336505,-5.012798255,1506.4504,421.0,27.34928602,66.4149026,4.314602598,83.5425137,5.03666212,-5.122e-09,2172.6675,0.007710567308,78.4343544,-0.00804010317,0.0,2856.0058,2068.01036,1506.4504,-0.18878974,0.0119025774
1624.0,-11.39121,2515.8734,115.2127418,0.0,29.4816014,0.0,39.8390335,0.0,1500.68789,421.0,0.0,66.1608516,0.0,90.4200186,0.0,-5.122e-09,2172.6675,0.499642214,78.1343249,-0.253678185,0.0,2515.8734,1923.11405,1500.68789,-12.45725182,0.782488683
1624.5,-11.39121,2013.11633,290.395109,0.0,61.012408,0.0,85.1764781,0.0,1490.18821,420.932114,0.0,65.6873996,0.0,89.8778489,0.0,-5.122e-09,2172.6675,1.252903155,77.587654,-0.351833955,0.0,2013.11633,1707.78247,1490.18821,-31.2966801,1.95284431
1625.0,-11.39121,1511.27316,300.0,0.0,47.4780461,0.0,70.3948467,0.0,1477.98879,416.520498,0.0,64.4674664,0.0,88.3284786,0.0,-5.122e-09,2172.6675,1.037718441,76.9524834,-0.3222082,0.0,1511.27316,1491.83863,1477.98879,-25.9767637,1.60895728
1625.5,-11.39121,1007.905513,300.0,0.0,31.6642855,0.0,52.8697188,0.0,1468.6249,409.678133,0.0,63.0064857,0.0,86.417028,0.0,-5.122e-09,2172.6675,0.276746895109,76.4649452,-0.220511588,0.0,1007.905513,1276.91614,1468.6249,-6.948545959,0.42793707284
1626.0,-11.39121,503.105187,300.0,0.0,15.80551545,0.0,35.3902412,0.0,1461.9258,407.1795,0.0,62.3361325,0.0,85.5616655,0.0,-5.122e-09,2172.6675,0.0,76.116152,-0.182945508,0.0,503.105187,1062.95346,1461.9258,0.0,0.0
1626.5,-11.39121,71.96054562,300.0,0.0,2.260707189,0.0,6.462656275,0.0,1455.57176,407.1795,0.0,62.0651981,0.0,85.2502705,0.0,-5.122e-09,2172.6675,0.0,75.7853241,-0.182145977,0.0,71.96054562,879.840903,1455.57176,0.0,0.0
1627.0,-11.39121,29.97068602,299.747253,0.0,0.940486305,0.0,2.688556775,0.0,1449.01865,407.1795,0.0,61.7857761,0.0,84.9286594,0.0,-5.122e-09,2172.6675,0.0,75.4441322,-0.182092219,0.0,29.97068602,858.542303,1449.01865,0.0,0.0
1627.5,-11.39121,26.1319419,300.0,0.0,0.820959145,0.0,2.34686593,0.0,1442.47164,407.1795,0.0,61.5066121,0.0,84.6068781,0.0,-5.122e-09,2172.6675,0.0,75.1032581,-0.180507424,0.0,26.1319419,853.122228,1442.47164,0.0,0.0
1628.0,-11.39121,23.8085976,299.926254,0.0,0.747662269,0.0,2.137333111,0.0,1435.95183,407.1795,0.0,61.2286109,0.0,84.2859605,0.0,-5.122e-09,2172.6675,0.0,74.7638006,-0.184312548,0.0,23.8085976,848.3486,1435.95183,0.0,0.0
1628.5,-11.39121,22.63903302,300.0,0.0,0.711226201,0.0,2.033173696,0.0,1429.45923,407.1795,0.0,60.9517676,0.0,83.965921,0.0,-5.122e-09,2172.6675,0.0,74.4257603,-0.178894968,0.0,22.63903302,844.070972,1429.45923,0.0,0.0
1629.0,-11.39121,27.782320315,299.874573,0.0,0.8722547134,0.0,2.4935039575,0.0,1422.99061,407.1795,0.0,60.6759469,0.0,83.6465974,0.0,-5.122e-09,2172.6675,0.0,74.0889656,-0.178437122,0.0,27.782320315,842.434142,1422.99061,0.0,0.0
1629.5,-10.97625505,27.09441445,299.983063,0.0,0.851145285,0.0,2.431267916,0.0,1416.55416,407.1795,0.0,60.4014992,0.0,83.3284017,0.0,-5.122e-09,2172.6675,0.0,73.7538476,-0.220003028,0.0,27.09441445,838.389699,1416.55416,0.0,0.0
1630.0,15.45533798,212.8532944,300.0,0.0,6.686983448,0.0,16.35714231,0.0,1410.73362,407.1795,0.0,60.1533118,0.0,83.0402661,0.0,-5.122e-09,2172.6675,0.0,73.4507956,-0.144804538,0.0,212.8532944,912.28677,1410.73362,0.0,0.0
1630.5,56.3429225,1825.60567,293.37788,0.0,55.3212183,0.0,79.1487596,0.0,1406.56875,407.14875,0.0,59.971197,0.0,82.8276095,0.0,-5.122e-09,2172.6675,0.0,73.2339504,-0.0966358775,0.0,1825.60567,1580.93311,1406.56875,0.0,0.0
1631.0,71.213554,4191.93493,41.6857262,-24.9054606,15.0553445,-11.3031425,23.2809844,-10.6924353,1405.74853,405.148524,64.1201124,59.6416105,9.4486929,74.8650003,10.6708378,-5.122e-09,2172.6675,0.0,73.1912447,0.1715109834,0.0,4191.93493,2565.10126,1405.74853,0.0,0.0
1631.5,71.213554,3368.16231,-34.3459796,-34.3459796,-12.1759492,-12.1759492,-11.42209305,-11.42209305,1414.773,402.144238,68.1577248,59.57941,10.09552225,67.5505276,11.4362908,-5.122e-09,2172.6675,0.0,73.6611108,0.200002826,0.0,3368.16231,2227.59275,1414.773,0.0,0.0
1632.0,71.213554,3228.5213,-29.7736914,-29.7736914,-10.06623525,-10.06623525,-9.4149526,-9.4149526,1420.39246,407.422022,55.3755434,60.6016839,8.23668125,69.2736646,9.4152956,-5.122e-09,2172.6675,0.0,73.9536926,0.149965484,0.0,3228.5213,2172.76822,1420.39246,0.0,0.0
1632.5,70.8571162,3218.1495,-29.6152117,-29.6152117,-9.98049265,-9.98049265,-9.3325661,-9.3325661,1425.52013,417.367308,54.6689952,62.3050596,8.1609491,71.2557811,9.3333021,-5.122e-09,2172.6675,0.0,74.2206681,0.146361188,0.0,3218.1495,2171.44642,1425.52013,0.0,0.0
1633.0,48.0691469,3168.86257,-20.4537715,-20.4537715,-6.79374916,-6.79374916,-6.28933165,-6.28933165,1429.24967,421.0,35.3065836,63.0113551,5.28394786,76.0161996,6.29897016,-5.122e-09,2172.6675,0.0,74.4148475,0.04082193683,0.0,3168.86257,2153.11545,1429.24967,0.0,0.0
1633.5,12.8196299936,3156.35025,-5.159886724,-5.32270098,-1.7049414178,-1.758794425,-1.4292423735,-1.499728906,1427.79541,421.0,7.39554338,62.9472409,1.10648497,86.2859613,1.50650811,-5.122e-09,2172.6675,0.0,74.3391301,-0.116728062,0.0,3156.35025,2147.05979,1427.79541,0.0,0.0
1634.0,0.0,3160.24699,10.31831705,0.0,3.41517217,0.0,4.46968884,0.0,1422.56538,421.0,0.0,62.7166635,0.0,86.4640148,0.0,-5.122e-09,2172.6675,0.0,74.0668261,-0.16423781,0.0,3160.24699,2145.62755,1422.56538,0.0,0.0
1634.5,0.0,3163.2931,27.054488,0.0,8.96250566,0.0,11.7287457,0.0,1416.89943,421.0,0.0,62.4668687,0.0,86.1744023,0.0,-5.122e-09,2172.6675,0.0,73.7718238,-0.163543533,0.0,3163.2931,2143.58672,1416.89943,0.0,0.0
1635.0,0.0,3166.32641,45.0075808,0.0,14.92396085,0.0,19.5281556,0.0,1411.25737,421.0,0.0,62.2181263,0.0,85.8856393,0.0,-5.122e-09,2172.6675,0.0,73.4780662,-0.162854939,0.0,3166.32641,2141.55455,1411.25737,0.0,0.0
1635.5,0.0,3169.34697,64.1724843,0.0,21.2989279,0.0,27.8669591,0.0,1405.63902,421.0,0.0,61.9704313,0.0,85.5977288,0.0,-5.122e-09,2172.6675,0.0,73.1855445,-0.162171966,0.0,3169.34697,2139.53092,1405.63902,0.0,0.0
1636.0,0.0,3172.35486,84.5441169,0.0,28.0867955,0.0,36.7441975,0.0,1400.04419,421.0,0.0,61.7237717,0.0,85.3106655,0.0,-5.122e-09,2172.6675,0.0,72.894242,-0.161494563,0.0,3172.35486,2137.51572,1400.04419,0.0,0.0
1636.5,0.0,3175.35025,106.1174555,0.0,35.2869495,0.0,46.1589097,0.0,1394.4727,421.0,0.0,61.4781401,0.0,85.024436,0.0,-5.122e-09,2172.6675,0.0,72.604161,-0.160822664,0.0,3175.35025,2135.50898,1394.4727,0.0,0.0
1637.0,0.0,3178.33313,128.8875004,0.0,42.8987782,0.0,56.1101393,0.0,1388.92431,421.0,0.0,61.2335292,0.0,84.7390396,0.0,-5.122e-09,2172.6675,0.0,72.3152791,-0.160156226,0.0,3178.33313,2133.51054,1388.92431,0.0,0.0
1637.5,0.349416047,3182.07949,149.908415,0.0,49.9524404,0.0,65.3278124,0.0,1383.39957,421.0,0.0,60.9899605,0.0,84.454503,0.0,-5.122e-09,2161.75534,0.0,72.0276325,-0.159089103,0.0,3182.07949,2131.84357,1383.39957,0.0,0.0
1638.0,22.6103685,2278.3605,-18.773332199,-34.096060643,-1.381098088,-6.5607200507,0.868139,-5.8954422614,1380.78181,421.0,35.2652231,60.8745491,5.09909288,76.3639675,5.90304308,-5.122e-09,1466.550624,0.0,71.8913352,0.0406121825,0.0,2278.3605,1754.27091,1380.78181,0.0,0.0
1638.5,56.8141864,24.417781,-179.7452076,-9.2838982,0.1397953845,-0.186464937,0.815434009,-0.11389912,1381.42621,421.0,0.585122516,60.9029618,0.0846893962,84.3527994,0.117288376,-5.122e-09,391.116715694,0.0,71.924887,-0.0594444033,0.0,24.417781,816.765014,1381.42621,0.0,0.0
1639.0,54.51883,-19.47103297,-299.573273,0.0,0.6100009343,0.0,1.743802304,0.0,1379.88227,421.0,0.0,60.834894,0.0,84.2731835,0.0,-5.122e-09,0.0,0.0,71.8445009,-0.0951261295,0.0,-19.47103297,797.601043,1379.88227,0.0,0.0
1639.5,31.5953265,-21.31705912,-299.606943,0.0,0.668194751,0.0,1.910160208,0.0,1377.19486,421.0,0.0,60.7164127,0.0,84.134533,0.0,-5.122e-09,0.0,0.0,71.7045778,-0.1214839334,0.0,-21.31705912,795.263729,1377.19486,0.0,0.0
1640.0,23.257948,-24.86746169,-299.656796,0.0,0.7784906681,0.0,2.2254618614,0.0,1373.39041,421.0,0.0,60.5486857,0.0,83.9381115,0.0,-5.122e-09,0.0,0.0,71.506497,-0.13119681,0.0,-24.86746169,791.564967,1373.39041,0.0,0.0
1640.5,23.257948,-21.55781903,-299.54454,0.0,0.67543663,0.0,1.930862499,0.0,1369.44392,421.0,0.0,60.3746967,0.0,83.7341834,0.0,-5.122e-09,0.0,0.0,71.3010204,-0.13034727,0.0,-21.55781903,790.637825,1369.44392,0.0,0.0
1641.0,23.257948,-25.14642355,-299.704003,0.0,0.788302914,0.0,2.235960375,0.0,1365.5174,421.0,0.0,60.2015887,0.0,83.5311068,0.0,-5.122e-09,0.0,0.0,71.0965831,-0.0902190894,0.0,-25.14642355,786.851904,1365.5174,0.0,0.0
1641.5,23.257948,-30.90672826,-299.581241,0.0,0.968576264,0.0,2.751402767,0.0,1361.60807,421.0,0.0,60.0292374,0.0,83.3287392,0.0,-5.122e-09,0.0,0.0,70.8930434,-0.08160167,0.0,-30.90672826,782.172385,1361.60807,0.0,0.0
1642.0,23.257948,-19.8542013,-299.79501,0.0,0.6228999405,0.0,1.780674099,0.0,1357.70518,421.0,0.0,59.8571708,0.0,83.1265266,0.0,-5.122e-09,0.0,0.0,70.6898356,-0.095498037,0.0,-19.8542013,784.49256,1357.70518,0.0,0.0
1642.5,23.257948,-24.95044134,-299.567268,0.0,0.782046003,0.0,2.235625444,0.0,1353.82711,421.0,0.0,59.6861967,0.0,82.9287518,0.0,-5.122e-09,0.0,0.0,70.4879196,-0.126266159,0.0,-24.95044134,780.107571,1353.82711,0.0,0.0
1643.0,23.257948,-23.887104,-299.515325,0.0,0.748412409,0.0,2.139477505,0.0,1349.96118,421.0,0.0,59.5157615,0.0,82.7392775,0.0,-5.122e-09,0.0,0.0,70.286638,-0.127955864,0.0,-23.887104,778.292766,1349.96118,0.0,0.0
1643.5,23.257948,-23.398286308,-299.604946,0.0,0.7325520014,0.0,2.0911961204,0.0,1346.1111,421.0,0.0,59.3460246,0.0,82.5506794,0.0,-5.122e-09,0.0,0.0,70.0861829,-0.08379551,0.0,-23.398286308,776.248147,1346.1111,0.0,0.0
1644.0,23.257948,-15.73389108,-299.924183,0.0,0.494018475,0.0,1.4122446,0.0,1342.27249,421.0,0.0,59.1767886,0.0,82.3624266,0.0,-5.122e-09,0.0,0.0,69.8863212,-0.127543783,0.0,-15.73389108,777.195996,1342.27249,0.0,0.0
1644.5,23.9601324,-23.1015611,-299.74917,0.0,0.724791905,0.0,2.0719538146,0.0,1338.45988,421.0,0.0,59.008702,0.0,82.1752349,0.0,-5.122e-09,0.0,0.0,69.687815,-0.12173306,0.0,-23.1015611,771.904097,1338.45988,0.0,0.0
1645.0,68.7391564,-30.07263612,-299.05112,0.0,0.9381752844,0.0,2.681950383,0.0,1335.80983,421.0,0.0,58.8918707,0.0,82.0450066,0.0,-5.122e-09,0.0,0.0,69.5498385,-0.06998862855,0.0,-30.07263612,767.456054,1335.80983,0.0,0.0
1645.5,138.0102586,-21.8671477,-299.664802,0.0,0.6854986432,0.0,1.9545522895,0.0,1337.25432,421.0,0.0,58.9555539,0.0,82.1160015,0.0,-5.122e-09,0.0,0.0,69.6250481,0.08135942721,0.0,-21.8671477,771.713858,1337.25432,0.0,0.0
1646.0,163.20013,-32.7618649,-299.183956,0.0,1.02588906,0.0,2.88604673,0.0,1342.11544,421.0,0.0,59.1698673,0.0,82.3547126,0.0,-5.122e-09,0.0,0.0,69.878144,0.2247389934,0.0,-32.7618649,770.018863,1342.11544,0.0,0.0
1646.5,163.20013,-22.14518456,-299.433007,0.0,0.69327215,0.0,1.952672075,0.0,1347.40965,421.0,0.0,59.403272,0.0,82.614306,0.0,-5.122e-09,0.0,0.0,70.153793,0.1782407544,0.0,-22.14518456,777.527786,1347.40965,0.0,0.0
1647.0,163.20013,-38.1764531,-298.686169,0.0,1.192373706,0.0,3.38476647,0.0,1352.69754,421.0,0.0,59.6363986,0.0,82.8732531,0.0,-5.122e-09,0.0,0.0,70.4291075,0.1091788351,0.0,-38.1764531,773.9446,1352.69754,0.0,0.0
1647.5,163.20013,-22.7111222,-299.538507,0.0,0.711874213,0.0,2.013658805,0.0,1357.94651,421.0,0.0,59.8678105,0.0,83.1390279,0.0,-5.122e-09,0.0,0.0,70.7024,0.1263955165,0.0,-22.7111222,783.444672,1357.94651,0.0,0.0
1648.0,163.20013,-31.2109398,-299.31769,0.0,0.976794202,0.0,2.72465354,0.0,1363.18764,421.0,0.0,60.0988772,0.0,83.4105206,0.0,-5.122e-09,0.0,0.0,70.9752845,0.2363668819,0.0,-31.2109398,782.968087,1363.18764,0.0,0.0
1648.5,163.397949,-27.5009731,-299.288068,0.0,0.860327199,0.0,2.439477694,0.0,1368.2969,421.0,0.0,60.3241276,0.0,83.6748755,0.0,-5.122e-09,0.0,0.4732092668,71.2412984,0.0878549894,0.0,-27.5009731,787.495079,1368.2969,-11.568158,0.6637068
1649.0,176.030185,-27.89337293,-299.345528,0.0,0.8734115754,0.0,2.447451162,0.0,1319.79654,421.0,0.0,58.1858926,0.0,81.2504865,0.0,-5.122e-09,0.0,30.69103175,68.7160956,-3.795603105,0.0,-27.89337293,759.012823,1319.79654,-765.480707,41.7738498
1649.5,195.570608,-22.1328168,-299.422198,0.0,0.693099168,0.0,1.956159464,0.0,1079.786354,421.0,0.0,47.6045595,0.0,69.237195,0.0,-5.122e-09,0.0,76.9601271,56.2198038,-9.89430257,0.0,-22.1328168,621.269659,1079.786354,-1922.54521,85.70841
1650.0,202.67723,-32.79990453,-298.025818,0.0,1.02154025,0.0,2.908232789,0.0,734.185224,421.0,0.0,32.368037,0.0,52.1932639,0.0,-5.122e-09,0.0,63.7429114,38.2258484,-8.22525875,0.0,-32.79990453,415.037053,734.185224,-1595.43675,50.2137619
1650.5,202.67723,-22.92672992,-298.711223,0.0,0.715457348,0.0,2.016472651,0.0,560.527369,421.0,0.0,24.7119796,0.0,43.6957762,0.0,-5.122e-09,0.0,16.9995665038,29.1842353,-1.905677061,0.0,-22.92672992,317.747807,560.527369,-426.53683188,10.2765143177
1651.0,202.67723,-33.21542576,-298.327903,0.0,1.035678501,0.0,2.907326137,0.0,548.552371,421.0,0.0,24.1840374,0.0,43.1586641,0.0,-5.122e-09,0.0,0.0,28.5607489,0.347871398,0.0,-33.21542576,306.474494,548.552371,0.0,0.0
1651.5,202.67723,-33.56420024,-297.996045,0.0,1.045095172,0.0,2.97330524,0.0,558.670172,421.0,0.0,24.6301017,0.0,43.5924342,0.0,-5.122e-09,0.0,0.0,29.087539,0.192959877,0.0,-33.56420024,312.237078,558.670172,0.0,0.0
1652.0,202.67723,-33.04489941,-297.942584,0.0,1.028514597,0.0,2.90416754,0.0,568.770633,421.0,0.0,25.0754011,0.0,44.0183896,0.0,-5.122e-09,0.0,0.0,29.6134271,0.28472226,0.0,-33.04489941,318.350757,568.770633,0.0,0.0
1652.5,202.67723,-40.9282254,-298.244979,0.0,1.276729167,0.0,3.58717395,0.0,578.858695,421.0,0.0,25.520154,0.0,44.4436277,0.0,-5.122e-09,0.0,0.0,30.138669,0.366606604,0.0,-40.9282254,320.960785,578.858695,0.0,0.0
1653.0,202.67723,-27.947972005,-298.553934,0.0,0.8719755867,0.0,2.4374158831,0.0,588.917683,421.0,0.0,25.9636235,0.0,44.9542499,0.0,-5.122e-09,0.0,0.0,30.6623959,0.27798636,0.0,-27.947972005,332.235327,588.917683,0.0,0.0
1653.5,202.67723,-30.2667134,-298.59611,0.0,0.944589188,0.0,2.630937927,0.0,598.967559,421.0,0.0,26.4066926,0.0,45.4884568,0.0,-5.122e-09,0.0,0.0,31.1856496,0.359906295,0.0,-30.2667134,337.138531,598.967559,0.0,0.0
1654.0,202.67723,-20.77908251,-298.925629,0.0,0.648950509,0.0,1.824842901,0.0,608.99289,421.0,0.0,26.8486794,0.0,46.0159609,0.0,-5.122e-09,0.0,0.0,31.7076249,0.306922076,0.0,-20.77908251,346.940124,608.99289,0.0,0.0
1654.5,202.67723,-25.3798004,-298.684965,0.0,0.792914775,0.0,2.24145047,0.0,619.007885,421.0,0.0,27.2902116,0.0,46.5376239,0.0,-5.122e-09,0.0,0.0,32.2290628,0.255427149,0.0,-25.3798004,350.873418,619.007885,0.0,0.0
1655.0,202.67723,-37.1612277,-298.305519,0.0,1.160009133,0.0,3.245168,0.0,629.008468,421.0,0.0,27.7311068,0.0,47.0533283,0.0,-5.122e-09,0.0,0.0,32.7497502,0.365881068,0.0,-37.1612277,351.810338,629.008468,0.0,0.0
1655.5,202.67723,-22.67744838,-299.195561,0.0,0.7086577688,0.0,1.995778968,0.0,638.975587,421.0,0.0,28.1705271,0.0,47.5622074,0.0,-5.122e-09,0.0,0.0,33.2686945,0.376948457,0.0,-22.67744838,363.656868,638.975587,0.0,0.0
1656.0,202.67723,-28.684559096,-298.680607,0.0,0.8937725871,0.0,2.5343103295,0.0,648.935187,421.0,0.0,28.6096164,0.0,48.0656932,0.0,-5.122e-09,0.0,0.0,33.7872477,0.232698778,0.0,-28.684559096,366.972605,648.935187,0.0,0.0
1656.5,201.925881,-20.8144855,-299.410922,0.0,0.651737434,0.0,1.804090715,0.0,658.865314,421.0,0.0,29.0474062,0.0,48.5627776,0.0,-5.122e-09,0.0,0.0,34.3042671,0.417614539,0.0,-20.8144855,376.04554,658.865314,0.0,0.0
1657.0,154.077437,-35.5419256,-298.010176,0.0,1.106927552,0.0,3.11752967,0.0,667.561612,421.0,0.0,29.4307998,0.0,48.9942289,0.0,-5.122e-09,0.0,0.0,34.7570452,0.1949079121,0.0,-35.5419256,374.995037,667.561612,0.0,0.0
1657.5,80.0595892,-30.07008947,-297.219355,0.0,0.9341777101,0.0,2.636550651,0.0,671.852146,421.0,0.0,29.6199567,0.0,49.2057762,0.0,-5.122e-09,13.49316746,0.0,34.9804349,0.041571410512,0.0,-30.07008947,379.777119,671.852146,0.0,0.0
1658.0,53.139404,184.18754506,-64.6503454,0.0,2.55806203,0.0,5.194247499,0.0,672.36745,421.0,0.0,29.6426751,0.0,49.2311211,0.0,-5.122e-09,873.1125,0.0,35.0072638,0.00730830002,0.0,184.18754506,469.232194,672.36745,0.0,0.0
1658.5,53.139404,2141.67246,288.962142,0.0,65.973364,0.0,90.967861,0.0,671.408459,420.780722,0.0,29.5849912,0.0,49.1583503,0.0,-5.122e-09,2202.87766,0.0,34.9573339,-0.0344359679,0.0,2141.67246,1283.19617,671.408459,0.0,0.0
1659.0,53.139404,4513.98039,289.405566,0.0,135.810728,0.0,173.340953,0.0,670.219144,406.551616,0.0,28.5341283,0.0,47.4397121,0.0,-5.122e-09,2686.5,0.0,34.8954114,-0.0343671094,0.0,4513.98039,2269.63661,670.219144,0.0,0.0
1659.5,53.139404,6454.06826,49.754415,-18.9845132,31.21120275,-13.01903855,43.47391124,-12.44151636,672.349281,384.487938,126.5959764,27.0688298,8.9658834,40.9628835,12.3823496,-5.122e-09,2686.5,0.0,35.0063183,0.4077919115,0.0,6454.06826,3078.16524,672.349281,0.0,0.0
1660.0,53.139404,5619.74562,-27.2080913,-27.2080913,-16.08319235,-16.08319235,-15.27981465,-15.27981465,694.198459,376.4341,165.212768,27.3653639,11.99380035,34.7771986,15.2983705,-5.122e-09,2686.5,0.0,36.1439098,0.546062959,0.0,5619.74562,2743.75505,694.198459,0.0,0.0
1660.5,53.139404,5456.46634,-22.3367321,-22.3367321,-12.76330095,-12.76330095,-12.05679345,-12.05679345,709.991861,376.4341,130.467526,27.9879416,9.69967855,34.7900979,12.0572968,-5.122e-09,2686.5,0.0,36.966205,0.424226846,0.0,5456.46634,2685.03491,709.991861,0.0,0.0
1661.0,53.139404,5433.4252,-22.2284164,-22.2284164,-12.64768015,-12.64768015,-11.9445297,-11.9445297,724.440251,376.4341,127.3327975,28.5574981,9.6595757,35.3126896,11.944611,-5.122e-09,2686.5,0.0,37.7184695,0.413001142,0.0,5433.4252,2683.88356,724.440251,0.0,0.0
1661.5,53.139404,5410.66603,-22.7093354,-22.7093354,-12.8654083,-12.8654083,-12.15649525,-12.15649525,738.588551,376.574214,127.5282486,29.1261567,9.8650746,35.8795952,12.15408295,-5.122e-09,2683.50853,0.0,38.4551108,0.413572854,0.0,5410.66603,2682.67453,738.588551,0.0,0.0
1662.0,53.139404,4946.02542,-29.3819717,-29.3819717,-15.2222597,-15.2222597,-14.44232685,-14.44232685,754.623853,385.666349,147.890352,30.4789949,11.682795,37.6742134,14.44549135,-5.122e-09,2492.15226,0.0,39.2899987,0.490032201,0.0,4946.02542,2498.69693,754.623853,0.0,0.0
1662.5,53.139404,4202.60689,-26.19184717,-26.19184717,-11.580116895,-11.580116895,-10.925165125,-10.925165125,769.958825,399.764608,111.2031846,32.2345673,8.957468083,40.4969002,10.937573673,-5.122e-09,2210.14996,0.0,40.0884253,0.364813189,0.0,4202.60689,2198.30904,769.958825,0.0,0.0
1663.0,53.139404,5323.64562,132.0729504,0.0,79.60087484,0.0,100.7392001,0.0,774.618586,404.91086,0.0,32.8455056,0.0,51.9573727,0.0,-5.122e-09,2994.47201,0.0,40.3310394,-0.0408764864,0.0,5323.64562,2667.50233,774.618586,0.0,0.0
1663.5,53.139404,7696.072990000001,300.0,0.0,241.779264,0.0,313.068241,0.0,773.207051,404.91086,0.0,32.7856533,0.0,51.8933461,0.0,-5.122e-09,4374.30545,0.0,40.2575458,-0.0407822023,0.0,7696.072990000001,3653.8627,773.207051,0.0,0.0
1664.0,53.139404,10068.49875,271.350495,0.0,283.745006,0.0,399.896426,0.0,771.798762,404.91086,0.0,32.7259398,0.0,51.8328329,0.0,-5.122e-09,4876.0913,0.0,40.1842231,-0.0406883077,0.0,10068.49875,4640.22437,771.798762,0.0,0.0
1664.5,53.139404,11556.848,5.2720821,-25.3440463,6.5219137,-30.4634259,23.88242673,-28.88141627,779.430792,404.914552,242.5231193,33.0498614,19.93449215,48.6545086,28.3605244,6.108518e-06,4876.0913,0.0,40.5815893,0.7869381908,0.0,11556.848,5263.99379,779.430792,0.0,0.0
1665.0,53.139404,10635.9945,-24.8788756,-24.8788756,-27.7314303,-27.7314303,-25.9505965,-25.9505965,812.707399,405.154756,238.466488,34.4813965,20.276219,44.0891589,25.9717325,-2.5956e-07,4876.0913,0.0,42.3141581,0.771272577,0.0,10635.9945,4900.24982,812.707399,0.0,0.0
1665.5,53.139404,10532.28985,-22.3479534,-22.3479534,-24.64848,-24.64848,-22.9242056,-22.9242056,836.882567,405.527375,209.149027,35.5397359,18.3281404,44.4520068,22.9247827,-2.5956e-07,4876.0913,0.0,43.5728539,0.670335386,0.0,10532.28985,4871.21314,836.882567,0.0,0.0
1666.0,53.139404,10499.0181,-22.2937356,-22.2937356,-24.5109526,-24.5109526,-22.7926718,-22.7926718,859.718378,405.66348,203.965847,36.5216793,18.3620526,45.3337604,22.7928161,-2.5956e-07,4876.0913,0.0,44.7618168,0.651800154,0.0,10499.0181,4870.70207,859.718378,0.0,0.0
1666.5,53.139404,10467.83905,-22.2884485,-22.2884485,-24.4323654,-24.4323654,-22.7192428,-22.7192428,881.973662,405.73874,199.560197,37.474134,18.4305852,46.1937765,22.7193757,-2.5956e-07,4876.0913,0.0,45.9205534,0.635864635,0.0,10467.83905,4870.72318,881.973662,0.0,0.0
1667.0,53.139404,10437.430199999999,-22.284262,-22.284262,-24.3568141,-24.3568141,-22.6487118,-22.6487118,903.694537,410.633605,195.439852,38.8615992,18.4946458,47.5895554,22.6488404,-2.5956e-07,4876.0913,0.0,47.0514659,0.620852968,0.0,10437.430199999999,4870.75246,903.694537,0.0,0.0
1667.5,53.139404,10407.7288,-22.2803131,-22.2803131,-24.2831979,-24.2831979,-22.5799969,-22.5799969,924.910618,418.226609,191.566486,40.5092448,18.5537605,49.2992727,22.5801235,-2.5956e-07,4876.0913,0.0,48.1560945,0.606640453,0.0,10407.7288,4870.781300000001,924.910618,0.0,0.0
1668.0,53.139404,10378.698,-22.2765507,-22.2765507,-24.2113751,-24.2113751,-22.5129645,-22.5129645,945.647235,421.0,187.902166,41.690766,18.6069348,50.4424564,22.5130874,-2.5956e-07,4876.0913,0.0,49.2357609,0.593104865,0.0,10378.698,4870.80939,945.647235,0.0,0.0
1668.5,53.139404,10337.5133,-24.3983134,-24.3983134,-26.3837656,-26.3837656,-24.6401805,-24.6401805,966.03022,421.0,199.455283,42.5893908,20.1923967,51.6550195,24.6155743,-2.5956e-07,4862.94024,0.0,50.2970141,0.632543484,0.0,10337.5133,4865.57353,966.03022,0.0,0.0
1669.0,53.139404,8356.11167,-53.6623342,-53.6623342,-47.0331101,-47.0331101,-45.1045536,-45.1045536,998.522946,421.0,334.074278,44.0218978,34.8870217,56.7938876,45.1319024,-2.5956e-07,4025.21861,0.0,51.9887693,1.11612195,0.0,8356.11167,4060.0699,998.522946,0.0,0.0
1669.5,53.2109293,5090.11596,-50.0080254,-50.0080254,-26.9035648,-26.9035648,-25.6161833,-25.6161833,1029.459685,421.0,197.554552,45.385806,21.2677237,54.5288092,25.6533726,-2.5956e-07,2726.68833,0.0,53.5995128,0.66554036,0.0,5090.11596,2719.12874,1029.459685,0.0,0.0
1670.0,57.7709505,3482.88661,-28.3389491,-28.3389491,-10.3158173,-10.3158173,-9.6705401,-9.6705401,1043.50742,421.0,75.9143089,46.0051285,8.29583713,53.6418712,9.67268915,-2.5956e-07,2087.35916,0.0,54.3309165,0.238332902,0.0,3482.88661,2058.55109,1043.50742,0.0,0.0
1670.5,64.5955488,2918.45757,-32.3885301,-32.3885301,-9.8946017,-9.8946017,-9.21635335,-9.21635335,1051.95913,421.0,71.7494017,46.3777397,7.90288108,54.1176123,9.2200664,-2.5956e-07,1827.43021,0.0,54.770961,0.239099015,0.0,2918.45757,1828.62289,1051.95913,0.0,0.0
1671.0,52.487927,2633.03495,-21.851335,-21.851335,-6.02454367,-6.02454367,-5.54080553,-5.54080553,1058.15762,421.0,41.4230452,46.6510126,4.58937474,56.5369302,5.54613392,-2.5956e-07,1732.9066,0.0,55.0936899,0.1080051213,0.0,2633.03495,1713.47567,1058.15762,0.0,0.0
1671.5,29.7910064,2636.92712,-12.32860185,-12.32860185,-3.40416278,-3.40416278,-3.0294369,-3.0294369,1059.91341,421.0,20.0386831,46.7284218,2.22419642,64.494227,3.03385876,-2.5956e-07,1732.9066,0.0,55.1851069,-0.00435852969,0.0,2636.92712,1716.12043,1059.91341,0.0,0.0
1672.0,21.536808,2667.1369,-8.6656094,-8.6656094,-2.42052766,-2.42052766,-2.05782914,-2.05782914,1058.76063,421.0,12.7156386,46.6775962,1.40980294,68.123488,2.05744587,-2.5956e-07,1732.9066,0.0,55.1250854,-0.0439730436,0.0,2667.1369,1728.01787,1058.76063,0.0,0.0
1672.5,21.536808,2670.09976,-10.34576,-10.34576,-2.88179899,-2.88179899,-2.5063929,-2.5063929,1057.32466,420.923352,16.2865782,46.6058071,1.80315842,66.6387064,2.50264547,-2.5956e-07,1724.20412,0.0,55.05032,-0.0293844395,0.0,2670.09976,1728.41226,1057.32466,0.0,0.0
1673.0,21.536808,1387.385625,-29.6457318,-29.6457318,-4.33942145,-4.33942145,-3.8267126,-3.8267126,1058.26322,415.938055,27.51035114,46.0946056,3.04805505,60.954353,3.837815874,-2.5956e-07,1169.711963,0.0,55.0991883,0.0404920217,0.0,1387.385625,1195.213502,1058.26322,0.0,0.0
1673.5,21.536808,5.1443089,-150.6937138,-2.8552708,0.23454862365,-0.056115377,0.80158865995,-0.029328957,1057.16465,408.281056,0.18610201,45.1993431,0.02062608,66.0781375,0.030146176,-2.5956e-07,311.965410338,0.0,55.0419893,-0.091753888,0.0,5.1443089,619.411201,1057.16465,0.0,0.0
1674.0,21.536808,-18.12915921,-299.754016,0.0,0.5684926589,0.0,1.624273786,0.0,1054.26433,410.4414,0.0,45.3134797,0.0,66.2857661,0.0,-2.5956e-07,0.0,0.0,54.8909845,-0.075932285,0.0,-18.12915921,608.033492,1054.26433,0.0,0.0
1674.5,21.536808,-18.637799634,-299.392273,0.0,0.5829702836,0.0,1.6665301185,0.0,1051.35958,418.177203,0.0,46.0403396,0.0,67.390449,0.0,-2.5956e-07,0.0,0.0,54.7397473,-0.0984031925,0.0,-18.637799634,606.125782,1051.35958,0.0,0.0
1675.0,21.536808,-18.339773893,-299.727732,0.0,0.5751342337,0.0,1.6435251107,0.0,1048.46351,421.0,0.0,46.2236287,0.0,67.7001799,0.0,-2.5956e-07,0.0,0.0,54.5889593,-0.08189305,0.0,-18.339773893,604.558778,1048.46351,0.0,0.0
1675.5,21.536808,-27.6581162,-299.740326,0.0,0.867819005,0.0,2.48082373,0.0,1045.5818,421.0,0.0,46.0965845,0.0,67.5553451,0.0,-2.5956e-07,0.0,0.0,54.4389235,-0.0989840754,0.0,-27.6581162,598.998775,1045.5818,0.0,0.0
1676.0,21.536808,-15.80999644,-299.978992,0.0,0.496611076,0.0,1.419656047,0.0,1042.6973,421.0,0.0,45.9694127,0.0,67.4101921,0.0,-2.5956e-07,0.0,0.0,54.2887372,-0.0987273716,0.0,-15.80999644,602.244593,1042.6973,0.0,0.0
1676.5,21.536808,-17.10339486,-299.623526,0.0,0.5357136627,0.0,1.531438174,0.0,1039.82908,421.0,0.0,45.8429611,0.0,67.265678,0.0,-2.5956e-07,6.890762429,0.0,54.1394006,-0.0916745671,0.0,-17.10339486,600.031667,1039.82908,0.0,0.0
1677.0,21.536808,-29.22438631,-276.105967,0.0,0.8585555132,0.0,2.45396388,0.0,1036.97577,421.0,0.0,45.7171682,0.0,67.121747,0.0,-2.5956e-07,446.4679,0.0,53.9908419,-0.0818816245,0.0,-29.22438631,593.322017,1036.97577,0.0,0.0
1677.5,21.536808,103.14727361,-14.01882045,0.0,1.5559909242,0.0,4.219455365,0.0,1034.05038,421.0,0.0,45.588197,0.0,66.9739951,0.0,-2.5956e-07,1126.469267,0.0,53.8385298,-0.0823255119,0.0,103.14727361,646.694713,1034.05038,0.0,0.0
1678.0,21.536808,944.078876,261.089609,0.0,26.8677682,0.0,45.2967797,0.0,1030.73744,421.0,0.0,45.4421402,0.0,66.8064475,0.0,-2.5956e-07,1373.7474,0.0,53.6660408,-0.0976575566,0.0,944.078876,994.678184,1030.73744,0.0,0.0
1678.5,21.536808,1907.10208,266.228633,0.0,52.2787111,0.0,73.9567556,0.0,1027.36645,421.0,0.0,45.2935225,0.0,66.635721,0.0,-2.5956e-07,1373.7474,0.0,53.4905276,-0.097358158,0.0,1907.10208,1393.43094,1027.36645,0.0,0.0
1679.0,21.536808,2723.4053,57.57353893,-8.64337087,15.56732577,-2.47208303,21.89668632,-2.26744928,1024.407984,421.0,17.5403567,45.1630932,1.88115271,62.585752,2.24816765,-2.5956e-07,1373.7474,0.0,53.3364913,-0.02537521,0.0,2723.4053,1731.37327,1024.407984,0.0,0.0
1679.5,21.536808,2018.54331,-13.19048281,-13.19048281,-2.86244513,-2.86244513,-2.534879776,-2.534879776,1024.96786,420.87145,17.52815969,45.173985,1.88155407,63.4819182,2.545000818,-2.5956e-07,1378.82985,0.0,53.3656419,-0.01742934474,0.0,2018.54331,1438.40193,1024.96786,0.0,0.0
1680.0,21.536808,2455.35865,33.25987066,0.0,9.178721386,0.0,12.27456049,0.0,1022.548693,412.50249,0.0,44.1715793,0.0,65.051686,0.0,-2.5956e-07,1702.77693,0.0,53.2396872,-0.0969319646,0.0,2455.35865,1618.75149,1022.548693,0.0,0.0
1680.5,21.536808,3418.3684,139.3340944,0.0,50.9775161,0.0,66.1052988,0.0,1019.202699,399.518259,0.0,42.6412039,0.0,62.8426882,0.0,-2.5956e-07,2203.90691,0.0,53.0654756,-0.0966371511,0.0,3418.3684,2017.51322,1019.202699,0.0,0.0
1681.0,21.536808,4381.37267,157.567962,0.0,71.3454996,0.0,91.1433048,0.0,1015.866858,394.77444,0.0,41.996629,0.0,61.936896,0.0,-2.5956e-07,2386.146,0.0,52.8917938,-0.0963441925,0.0,4381.37267,2416.27866,1015.866858,0.0,0.0
1681.5,21.7293825,4850.31826,-0.555395,-13.1188169,-0.04792918,-6.58132853,2.1341654,-6.1602156,1014.786776,394.59991,49.2238476,41.9333909,5.2328501,53.1482405,6.1493324,-2.5956e-07,2386.146,0.0,52.8355573,0.085991852,0.0,4850.31826,2610.7798,1014.786776,0.0,0.0
1682.0,33.9935127,4357.49333,-15.11998515,-15.11998515,-6.89635218,-6.89635218,-6.37414385,-6.37414385,1018.693079,383.237345,50.0185669,40.8821725,5.33639484,48.8475722,6.3708581,-2.5956e-07,2386.146,0.0,53.0389417,0.1060294761,0.0,4357.49333,2407.9925,1018.693079,0.0,0.0
1682.5,52.9654697,4324.97175,-22.165162,-22.165162,-10.03790055,-10.03790055,-9.42933441,-9.42933441,1024.248699,365.608619,75.1610306,39.2137302,8.06349467,45.8394858,9.42306583,-2.5956e-07,2386.146,0.0,53.3282005,0.221239734,0.0,4324.97175,2397.70398,1024.248699,0.0,0.0
1683.0,59.865128,4288.49887,-25.2216967,-25.2216967,-11.32703,-11.32703,-10.6772009,-10.6772009,1033.04158,359.16794,84.7652721,38.8547368,9.1696101,45.2456465,10.6778465,-2.5956e-07,2386.146,0.0,53.7860068,0.264921804,0.0,4288.49887,2387.66141,1033.04158,0.0,0.0
1683.5,60.8700229,4269.66864,-25.1575277,-25.1575277,-11.2485549,-11.2485549,-10.6015433,-10.6015433,1042.05055,359.168056,83.4632262,39.1935938,9.10795575,45.6102267,10.5989552,-2.5956e-07,2386.146,0.0,54.2550637,0.260946365,0.0,4269.66864,2385.08628,1042.05055,0.0,0.0
1684.0,124.9878471,4373.94473,-50.9494031,-50.9494031,-23.3723775,-23.3723775,-22.0948586,-22.0948586,1056.02126,359.1757,167.8446025,39.7199095,18.5885383,46.984653,22.0563614,-2.5956e-07,2386.146,0.0,54.982459,0.652190927,0.0,4373.94473,2436.63365,1056.02126,0.0,0.0
1684.5,224.169905,4367.3196,-93.831896,-93.831896,-42.8908341,-42.8908341,-39.9864575,-39.9864575,1088.72159,359.187577,282.922691,40.9512158,32.2900621,50.6218741,39.956614,-2.5956e-07,2386.146,0.0,56.6850219,1.21172048,0.0,4367.3196,2452.97046,1088.72159,0.0,0.0
1685.0,260.24274,4180.12751,-109.9009015,-109.9009015,-48.1137507,-48.1137507,-44.4556886,-44.4556886,1134.51972,359.19193,302.484823,42.6743804,35.9256883,52.8052688,44.4622605,-2.5956e-07,2386.146,0.0,59.0695346,1.34060668,0.0,4180.12751,2401.8196,1134.51972,0.0,0.0
1685.5,260.24274,4076.24939,-108.6791274,-108.6791274,-46.3912613,-46.3912613,-42.8110351,-42.8110351,1179.57913,359.19193,284.496055,44.3692668,35.1376661,54.0583531,42.8125982,-2.5956e-07,2386.146,0.0,61.4155823,1.27578914,0.0,4076.24939,2384.90497,1179.57913,0.0,0.0
1686.0,260.24274,4014.60974,-108.6323601,-108.6323601,-45.6700232,-45.6700232,-42.1017199,-42.1017199,1222.93701,359.19193,272.785958,46.0001499,34.9304308,55.4439209,42.1030476,-2.5956e-07,2386.146,0.0,63.6730403,1.23332783,0.0,4014.60974,2384.57267,1222.93701,0.0,0.0
1686.5,260.24274,3955.85734,-108.6208848,-108.6208848,-44.9969047,-44.9969047,-41.4395203,-41.4395203,1264.89305,359.007467,262.133951,47.5535166,34.7184292,56.7595069,41.4408004,-2.5956e-07,2386.146,0.0,65.8575109,1.19434183,0.0,3955.85734,2384.62317,1264.89305,0.0,0.0
1687.0,260.24274,3898.94373,-108.6107688,-108.6107688,-44.3453955,-44.3453955,-40.7997239,-40.7997239,1305.54754,346.998223,252.293522,47.4339161,34.4894445,56.1149174,40.8009617,-2.5956e-07,2386.146,0.0,67.9742115,1.1579783,0.0,3898.94373,2384.67883,1305.54754,0.0,0.0
1687.5,260.24274,3843.73329,-108.6012955,-108.6012955,-43.7136344,-43.7136344,-40.1772177,-40.1772177,1344.98532,328.393701,243.149208,46.2471848,34.2437485,54.2627525,40.1784284,-2.5956e-07,2386.146,0.0,70.0275662,1.12386666,0.0,3843.73329,2384.73274,1344.98532,0.0,0.0
1688.0,260.24274,3790.13429,-108.5922353,-108.5922353,-43.1004726,-43.1004726,-39.5710032,-39.5710032,1383.27147,323.375907,234.470238,46.8438052,33.9616372,54.5812205,39.572176,-2.5956e-07,2386.146,0.0,72.0209601,1.09126448,0.0,3790.13429,2384.78478,1383.27147,0.0,0.0
1688.5,260.24274,3738.07291,-108.583658,-108.583658,-42.505087,-42.505087,-38.983511,-38.983511,1420.45955,326.152188,226.332178,48.5160372,33.6644634,56.1821183,38.984648,-2.5956e-07,2386.146,0.0,73.957185,1.0604211,0.0,3738.07291,2384.83561,1420.45955,0.0,0.0
1689.0,260.24274,3687.46064,-108.5755824,-108.5755824,-41.926462,-41.926462,-38.413641,-38.413641,1456.61258,327.1665,218.737843,49.9047077,33.3631581,57.4600092,38.414746,-2.5956e-07,2386.146,0.0,75.8395152,1.03134851,0.0,3687.46064,2384.88497,1456.61258,0.0,0.0
1689.5,260.24274,3638.21724,-108.567925,-108.567925,-41.3636486,-41.3636486,-37.8603678,-37.8603678,1491.78761,326.969522,211.612338,51.0787398,33.0559314,58.5036014,37.8614416,-2.5956e-07,2386.146,0.0,77.6709285,1.003806623,0.0,3638.21724,2384.93286,1491.78761,0.0,0.0
1690.0,260.24274,3590.27202,-108.560669,-108.560669,-40.8158191,-40.8158191,-37.3228013,-37.3228013,1526.03537,314.145377,204.923675,50.1964648,32.7461514,57.2143165,37.3238439,-2.5956e-07,2386.146,0.0,79.45406,0.977693968,0.0,3590.27202,2384.9795,1526.03537,0.0,0.0
1690.5,260.24274,3539.27984,-109.2673815,-109.2673815,-40.4936245,-40.4936245,-36.9747354,-36.9747354,1559.41068,294.332708,199.478015,48.0595675,32.5745799,54.5514568,36.9745454,-2.5956e-07,2381.72468,0.0,81.1917715,0.956858201,0.0,3539.27984,2383.24887,1559.41068,0.0,0.0
1691.0,260.24274,2842.14647,-119.0451356,-119.0451356,-35.4404537,-35.4404537,-31.6263955,-31.6263955,1591.7532,292.511083,168.931927,48.7603104,28.1386289,54.8062981,31.6538769,-2.5956e-07,2099.75315,0.0,82.8757056,0.870673903,0.0,2842.14647,2112.0511,1591.7532,0.0,0.0
1691.5,258.878509,1712.82237,-118.6308706,-118.6308706,-21.2645389,-21.2645389,-17.7955294,-17.7955294,1617.5517,300.962831,94.5806,50.9814931,16.00746965,56.7942407,17.8236792,-2.5956e-07,1656.02277,0.0,84.2189196,0.624272913,0.0,1712.82237,1657.19453,1617.5517,0.0,0.0
1692.0,171.779011,254.103059906,-125.9528345,-72.7831785,-2.9343153267,-3.0033307337,-1.81754884328,-2.01194561958,1632.09181,304.0507,9.8318507303,51.9659901,1.6777060869,68.2524718,2.03055482394,-2.5956e-07,1015.8327,0.0,84.9759591,0.1795075458,0.0,254.103059906,1058.700491,1632.09181,0.0,0.0
1692.5,37.04518198,-34.13022169,-290.373158,0.0,1.0292454567,0.0,2.9393076465,0.0,1632.54119,304.0507,0.0,51.980299,0.0,70.161331,0.0,-2.5956e-07,270.906578524,0.0,84.9993578,-0.1062714446,0.0,-34.13022169,939.026906,1632.54119,0.0,0.0
1693.0,-11.953342,-368.110334,-300.0,0.0,11.56452716,0.0,28.43047865,0.0,1626.22254,304.0507,0.0,51.7791113,0.0,69.927199,0.0,-2.5956e-07,0.0,0.0,84.6703725,-0.205521184,0.0,-368.110334,796.365892,1626.22254,0.0,0.0
1693.5,-11.953342,-897.790113,-300.0,0.0,28.204909,0.0,49.0441315,0.0,1619.13451,304.0507,0.0,51.5534281,0.0,69.664271,0.0,-2.5956e-07,0.0,0.0,84.3013283,-0.204528574,0.0,-897.790113,571.823577,1619.13451,0.0,0.0
1694.0,-11.953342,-1427.48828,-300.0,0.0,44.8458668,0.0,67.4475684,0.0,1612.08061,304.0507,0.0,51.3288321,0.0,69.4022965,0.0,-2.5956e-07,0.0,0.0,83.9340645,-0.203545049,0.0,-1427.48828,347.293564,1612.08061,0.0,0.0
1694.5,-11.953342,-1957.20426,-298.981104,0.0,61.2556501,0.0,85.925461,0.0,1605.05984,304.0507,0.0,51.1052896,0.0,69.1412389,0.0,-2.5956e-07,0.0,0.003523870193,83.568523,-0.203023942,0.0,-1957.20426,122.7754623,1605.05984,-0.086050254,0.0057740044
1695.0,-11.953342,-2486.72304,-244.620612,0.0,63.1709953,0.0,85.249831,0.0,1597.67236,304.0507,0.0,50.8700712,0.0,68.8662045,0.0,-2.5956e-07,0.0,0.227987434,83.1838871,-0.231558177,0.0,-2486.72304,-101.874724575,1597.67236,-5.68331388,0.380102613
1695.5,-11.953342,-2970.81397,-66.039636906,3.953452094,19.922451083,-1.241147517,26.833669838,-1.142052362,1588.92698,304.0507,5.510568182,50.5916176,0.9147447944,67.2925804,1.1251878653,-2.5956e-07,0.0,0.571693881,82.7285544,-0.264713228,0.0,-2970.81397,-308.41489,1588.92698,-14.27996045,0.950174994
1696.0,-11.953342,-2389.31884,10.63362423,10.63362423,-2.74218243,-2.74218243,-2.38943136,-2.38943136,1580.17443,304.0507,11.00249721,50.3129357,1.822240733,67.2467732,2.39835535,-2.5956e-07,0.0,0.473512364,82.2728472,-0.244233139,0.0,-2389.31884,-71.5610236,1580.17443,-11.85418155,0.784889125
1696.5,-11.953342,-2204.94218,5.17705954,5.17705954,-1.19549319,-1.19549319,-0.912640413,-0.912640413,1572.19916,304.0507,4.08675743,50.059001,0.672874557,67.9152091,0.912885707,-2.5956e-07,0.0,0.126277935908,81.8576078,-0.210434197,0.0,-2204.94218,0.502769108,1572.19916,-3.1714840737,0.20907033868
1697.0,-11.953342,-2191.54806,5.02983812,5.02983812,-1.15434032,-1.15434032,-0.876745304,-0.876745304,1565.34946,304.0507,3.94004174,49.8409062,0.645864245,67.658785,0.876757397,-2.5956e-07,0.0,0.0,81.500974,-0.192974689,0.0,-2191.54806,2.07668098,1565.34946,0.0,0.0
1697.5,-11.953342,-2167.84284,7.4161414,7.4161414,-1.65027531,-1.65027531,-1.345444681,-1.345444681,1558.69979,304.0507,6.31031434,49.6291798,1.029282983,66.7842819,1.341190709,-2.5956e-07,14.771210715,0.0,81.1547563,-0.188538151,0.0,-2167.84284,8.05789652,1558.69979,0.0,0.0
1698.0,-11.953342,-459.19289975,108.3258277,20.5890247,-1.849742602,-1.99015118,-1.275462383,-1.676170778,1551.94878,304.0507,8.24016093,49.4142273,1.341438143,65.6936812,1.688407668,-2.5956e-07,959.518478,0.0,80.8032591,-0.232869049,0.0,-459.19289975,715.097894,1551.94878,0.0,0.0
1698.5,-11.5077805,18.24578959,299.979132,0.0,0.573132319,0.0,1.638406358,0.0,1544.77106,304.0507,0.0,49.1856881,0.0,66.8927164,0.0,-2.5956e-07,2420.88744,0.0,80.4295454,-0.194139032,0.0,18.24578959,909.572637,1544.77106,0.0,0.0
1699.0,16.90748651,251.0300383,300.0,0.0,7.886341145,0.0,18.75001266,0.0,1538.37346,304.0507,0.0,48.9819865,0.0,66.6628775,0.0,-2.5956e-07,2952.3645,0.0,80.0964506,-0.159356081,0.0,251.0300383,1002.700368,1538.37346,0.0,0.0
1699.5,60.9090561,1998.01421,300.0,0.0,62.7694681,0.0,88.0245179,0.0,1533.76983,304.0507,0.0,48.8354069,0.0,66.4972873,0.0,-2.5956e-07,2952.3645,0.0,79.856761,-0.1074549905,0.0,1998.01421,1726.94536,1533.76983,0.0,0.0
1700.0,79.7291946,5237.42664,162.1093012,-6.3043064,77.09410145,-4.29507775,99.6659242,-4.0834072,1530.73465,304.0507,21.8157763,48.7387673,3.4969133,64.4221323,3.98998785,-2.5956e-07,2952.3645,0.0,79.6987331,-0.0040646509,0.0,5237.42664,3073.11654,1530.73465,0.0,0.0
1700.5,84.1156034,5381.57883,-50.5736912,-50.5736912,-28.7502428,-28.7502428,-27.4069484,-27.4069484,1541.52496,304.0507,150.991508,49.0823318,24.3603818,55.1673057,27.4301509,-2.5956e-07,2937.59228,0.0,80.2605372,0.495078486,0.0,5381.57883,3139.39973,1541.52496,0.0,0.0
1701.0,85.7107,2720.58809,-71.4541385,-71.4541385,-20.5023934,-20.5023934,-18.77149057,-18.77149057,1557.23673,304.0507,102.7196172,49.5825959,16.7325671,56.1186615,18.8157423,-2.5956e-07,1992.84609,0.0,81.0785805,0.375051729,0.0,2720.58809,2041.31579,1557.23673,0.0,0.0
1701.5,85.7107,74.89442118,-189.5078004,-13.8103714,-0.09325443794,-0.69210372,1.2378911509,-0.47387807,1562.48032,303.82304,2.20511054,49.7123077,0.360789276,67.336838,0.48106702,-2.5956e-07,531.452738153,0.0,81.351589,-0.0351721783,0.0,74.89442118,943.48484,1562.48032,0.0,0.0
1702.0,85.7107,-35.79923456,-299.176436,0.0,1.1182851567,0.0,3.194125161,0.0,1561.8571,289.001965,0.0,47.2685187,0.0,64.1858661,0.0,-2.5956e-07,0.0,0.0,81.3191426,-0.0078974129,0.0,-35.79923456,897.06051,1561.8571,0.0,0.0
1702.5,85.5056686,-40.7899685,-298.742423,0.0,1.271909666,0.0,3.63045353,0.0,1561.16062,266.209978,0.0,43.5212928,0.0,59.1010216,0.0,-2.5956e-07,0.0,0.0,81.2828812,-0.0178721677,0.0,-40.7899685,894.577156,1561.16062,0.0,0.0
1703.0,72.4327032,-24.01341357,-299.485667,0.0,0.7520903196,0.0,2.1473388672,0.0,1560.12026,269.867773,0.0,44.0895038,0.0,59.8780186,0.0,-2.5956e-07,0.0,0.0,81.2287119,-0.0273419292,0.0,-24.01341357,900.950533,1560.12026,0.0,0.0
1703.5,52.2093136,-21.411306983,-299.643191,0.0,0.6712451005,0.0,1.890146467,0.0,1557.8982,288.549008,0.0,47.0742257,0.0,63.9437153,0.0,-2.5956e-07,0.0,0.0,81.1130194,-0.0290459605,0.0,-21.411306983,900.735836,1557.8982,0.0,0.0
1704.0,44.855312,-27.2162948,-299.273013,0.0,0.851236826,0.0,2.433420401,0.0,1554.69551,295.36838,0.0,48.0881363,0.0,65.3387279,0.0,-2.5956e-07,0.0,0.0,80.9462703,-0.1215643385,0.0,-27.2162948,896.45032,1554.69551,0.0,0.0
1704.5,44.855312,-22.35603176,-299.458192,0.0,0.70031145,0.0,2.000180564,0.0,1551.36337,295.464388,0.0,48.000652,0.0,65.2384031,0.0,-2.5956e-07,0.0,0.012570937084,80.7727795,-0.0963651586,0.0,-22.35603176,896.527097,1551.36337,-0.30656369,0.019902068
1705.0,44.855312,-26.01622555,-299.836713,0.0,0.816788866,0.0,2.334944422,0.0,1546.62337,301.717076,0.0,48.866117,0.0,66.4448924,0.0,-2.5956e-07,0.0,0.813332286,80.5259886,-0.234730942,0.0,-26.01622555,892.236418,1546.62337,-20.27210524,1.312568589
1705.5,44.855312,-22.86068113,-299.595181,0.0,0.716697525,0.0,2.046795103,0.0,1536.79045,311.418668,0.0,50.1163193,0.0,68.2188138,0.0,-2.5956e-07,7.9797401874,2.05208252,80.0140311,-0.353933523,0.0,-22.86068113,887.808104,1536.79045,-51.2502659,3.2978392
1706.0,44.855312,-19.08514105,-291.483992,0.0,0.5839220189,0.0,1.667857921,0.0,1522.73234,314.96185,0.0,50.2238674,0.0,68.4715538,0.0,-2.5956e-07,517.963628,2.5025609,79.2820874,-0.41621346,0.0,-19.08514105,881.170727,1522.73234,-62.564022,3.99058748
1706.5,44.855312,106.0526334706,-80.3347417,-1.1060772,0.95575247904,-0.0008903886,2.343611168,-0.0003161746,1508.08865,314.96185,0.0012670379,49.7408788,0.00019981617,67.9234015,0.0002729229,-2.5956e-07,1306.858304,2.49004217,78.5196525,-0.435338778,0.0,106.0526334706,924.691109,1508.08865,-62.2574581,3.93293252
1707.0,44.855312,1605.35209,29.5890681,-6.4974564,3.19533496,-1.41688581,5.96993431,-1.282149,1494.26385,314.96185,6.365506,49.2848992,0.99354168,66.2960727,1.27616052,-2.5956e-07,1593.7343,1.68922858,77.7998544,-0.312523631,0.0,1605.35209,1540.4885,1494.26385,-42.2864958,2.64798793
1707.5,44.855312,1817.69173,-21.0194504,-21.0194504,-4.0151091,-4.0151091,-3.59457983,-3.59457983,1487.91694,314.96185,17.4732943,49.0755603,2.72284615,65.043845,3.5976941,-2.5956e-07,1593.7343,0.450497224608,77.4693974,-0.0868465517,0.0,1817.69173,1625.13864,1487.91694,-11.31172735,0.70532460224
1708.0,44.855312,1746.21576,-18.7164984,-18.7164984,-3.42256863,-3.42256863,-3.03887038,-3.03887038,1486.04387,314.96185,14.43207135,49.013782,2.24589474,66.321594,3.03896116,-2.5956e-07,1593.7343,0.0,77.3718765,-0.0406855732,0.0,1746.21576,1594.30334,1486.04387,0.0,0.0
1708.5,44.855312,1744.90523,-18.9212439,-18.9212439,-3.45702526,-3.45702526,-3.0705178,-3.0705178,1484.63546,314.862835,14.612627,48.9519419,2.27182031,66.1669256,3.07010777,-2.5956e-07,1592.08233,0.0,77.2985475,-0.0395672949,0.0,1744.90523,1592.93565,1484.63546,0.0,0.0
1709.0,44.855312,1502.8617,-22.585293,-22.585293,-3.5556001,-3.5556001,-3.13464368,-3.13464368,1483.47606,308.426956,14.9894591,47.9139918,2.32865234,64.595292,3.13624154,-2.5956e-07,1486.67094,0.0,77.2381814,-0.031818957,0.0,1502.8617,1491.54255,1483.47606,0.0,0.0
1709.5,44.6300932,1099.784905,-21.9701162,-21.9701162,-2.53685901,-2.53685901,-2.15332064,-2.15332064,1482.09289,298.425418,10.13938005,46.3170762,1.57374715,63.4312739,2.15523301,-2.5956e-07,1324.07676,0.0,77.1661666,-0.0486664945,0.0,1099.784905,1323.01169,1482.09289,0.0,0.0
1710.0,30.2773356,992.040686,-11.50016428,-11.50016428,-1.184087724,-1.184087724,-0.926851264,-0.926851264,1479.58192,293.532007,4.37335771,45.4803365,0.677726001,62.3028015,0.92838126,-2.5956e-07,1294.37766,0.0,77.0354315,-0.1019313892,0.0,992.040686,1276.71245,1479.58192,0.0,0.0
1710.5,8.07407767074,1112.2156,-2.011714931,-2.50540283,-0.225082565,-0.284522785,-0.0894569513,-0.1846068945,1475.13082,291.714167,0.87552933,45.0626995,0.1353728563,61.7613207,0.1855090083,-2.5956e-07,1340.17474,0.0,76.8036815,-0.15420308,0.0,1112.2156,1324.11914,1475.13082,0.0,0.0
1711.0,0.0,1151.77835,9.64153166,0.0,1.16324102,0.0,1.860873735,0.0,1469.39065,298.662529,0.0,45.9558568,0.0,63.0259394,0.0,-2.5956e-07,1356.8286,0.0,76.5048156,-0.170081602,0.0,1151.77835,1337.22984,1469.39065,0.0,0.0
1711.5,0.0,1154.93271,22.641704,0.0,2.73875503,0.0,4.37772406,0.0,1463.52349,310.536123,0.0,47.5921374,0.0,65.3127511,0.0,-2.5956e-07,1356.8286,0.0,76.1993376,-0.169339012,0.0,1154.93271,1335.1166,1463.52349,0.0,0.0
1712.0,0.0,1158.07326,36.9018527,0.0,4.47560708,0.0,7.14796093,0.0,1457.68191,314.87225,0.0,48.0646504,0.0,66.004118,0.0,-2.5956e-07,1356.8286,0.0,75.8951928,-0.168602604,0.0,1158.07326,1333.01257,1457.68191,0.0,0.0
1712.5,0.0,1161.20026,52.4165095,0.0,6.37431434,0.0,10.1717909,0.0,1451.86572,314.917902,0.0,47.8797984,0.0,65.7930279,0.0,-2.5956e-07,1356.8286,0.0,75.5923649,-0.167872325,0.0,1161.20026,1330.91767,1451.86572,0.0,0.0
1713.0,0.0,1164.31365,69.180246,0.0,8.43538176,0.0,13.4494073,0.0,1446.07462,317.885025,0.0,48.1379161,0.0,66.1906166,0.0,-2.5956e-07,1356.8286,0.0,75.2908495,-0.167148097,0.0,1164.31365,1328.83179,1446.07462,0.0,0.0
1713.5,0.0,1167.41367,87.1876842,0.0,10.6593034,0.0,16.9809884,0.0,1440.30846,322.48714,0.0,48.6401126,0.0,66.924313,0.0,-2.5956e-07,1356.8286,0.0,74.9906297,-0.166429877,0.0,1167.41367,1326.75495,1440.30846,0.0,0.0
1714.0,0.0,1170.50042,106.4334885,0.0,13.0465621,0.0,20.7667015,0.0,1434.56702,324.1678,0.0,48.6989198,0.0,67.0482663,0.0,-2.5956e-07,1356.8286,0.0,74.6916983,-0.165717573,0.0,1170.50042,1324.68696,1434.56702,0.0,0.0
1714.5,0.0,1173.57398,126.9123648,0.0,15.5976292,0.0,24.8066977,0.0,1428.85011,324.1678,0.0,48.5048506,0.0,66.8238627,0.0,-2.5956e-07,1356.8286,0.0,74.3940448,-0.165011141,0.0,1173.57398,1322.62783,1428.85011,0.0,0.0
1715.0,0.0,1176.63446,148.619067,0.0,18.3129656,0.0,29.1011184,0.0,1423.15753,324.1678,0.0,48.3116049,0.0,66.600128,0.0,-2.5956e-07,1356.8286,0.0,74.0976555,-0.164310526,0.0,1176.63446,1320.57748,1423.15753,0.0,0.0
1715.5,0.0,1179.68197,171.548393,0.0,21.1930216,0.0,33.6500919,0.0,1417.48908,324.28242,0.0,48.136162,0.0,66.4004931,0.0,-2.5956e-07,1356.8286,0.0,73.8025238,-0.163615651,0.0,1179.68197,1318.53578,1417.48908,0.0,0.0
1716.0,0.0,1182.7166,195.695173,0.0,24.2382366,0.0,38.4537319,0.0,1411.84451,331.732551,0.0,49.04543,0.0,67.6977646,0.0,-2.5956e-07,1356.8286,0.0,73.5086379,-0.162926464,0.0,1182.7166,1316.50269,1411.84451,0.0,0.0
1716.5,0.4336223438,1186.70124,220.954104,0.0,27.4599586,0.0,43.5175138,0.0,1406.22458,343.288021,0.0,50.5518852,0.0,69.821189,0.0,-2.5956e-07,1356.8286,0.0,73.216032,-0.161738933,0.0,1186.70124,1314.8793,1406.22458,0.0,0.0
1717.0,28.0603651,1674.98398,164.606287,0.0,26.45900385,0.0,39.1046014,0.0,1401.06501,347.508,0.0,50.9860898,0.0,70.461639,0.0,-2.5956e-07,1356.8286,0.0,72.9473959,-0.1289285255,0.0,1674.98398,1515.04475,1401.06501,0.0,0.0
1717.5,71.4880677,1918.58372,-39.3559338,-39.3559338,-7.72542006,-7.72542006,-6.96060079,-6.96060079,1400.96424,347.508,40.2869918,50.9824207,5.90989262,60.994448,6.94444405,-2.5956e-07,1356.8286,0.0,72.942149,0.1204379224,0.0,1918.58372,1616.34955,1400.96424,0.0,0.0
1718.0,131.140648,1408.86289,-54.9402984,-54.9402984,-8.09765774,-8.09765774,-7.01055862,-7.01055862,1406.3574,347.508,40.6405635,51.1786828,5.98658893,60.0303089,7.00514065,-2.5956e-07,1356.8286,0.0,73.2229458,0.217562977,0.0,1408.86289,1407.39994,1406.3574,0.0,0.0
1718.5,199.373413,1386.21367,-83.248795,-83.248795,-12.07849945,-12.07849945,-10.10924475,-10.10924475,1417.19585,347.508,59.8399209,51.5731044,8.88286057,58.6931421,10.1046393,-2.5956e-07,1356.8286,0.0,73.7872569,0.407122975,0.0,1386.21367,1404.30393,1417.19585,0.0,0.0
1719.0,224.18901,1279.30644,-94.2648948,-94.2648948,-12.6307016,-12.6307016,-10.30399,-10.30399,1432.71635,347.508,60.4995315,52.1379094,9.07582565,59.2120354,10.3062554,-2.5956e-07,1356.8286,0.0,74.5953407,0.455474675,0.0,1279.30644,1368.88133,1432.71635,0.0,0.0
1719.5,224.18901,1229.69875,-93.4333219,-93.4333219,-12.03177595,-12.03177595,-9.74695,-9.74695,1448.10474,347.508,56.396727,52.6979075,8.5520275,60.063924,9.7473756,-2.5956e-07,1356.8286,0.0,75.3965482,0.438834508,0.0,1229.69875,1357.2244,1448.10474,0.0,0.0
1720.0,224.18901,1208.00138,-93.4069356,-93.4069356,-11.81612835,-11.81612835,-9.53677625,-9.53677625,1463.13635,347.508,54.5491736,53.2449225,8.35775905,60.7585523,9.53713245,-2.5956e-07,1356.8286,0.0,76.1791792,0.430922343,0.0,1208.00138,1356.97281,1463.13635,0.0,0.0
1720.5,224.18901,1187.31386,-93.404421,-93.404421,-11.61345935,-11.61345935,-9.3396786,-9.3396786,1477.90479,347.508,52.8334497,53.7823611,8.1766006,61.4350591,9.3400257,-2.5956e-07,1356.8286,0.0,76.9481088,0.423492543,0.0,1187.31386,1356.98775,1477.90479,0.0,0.0
1721.0,224.18901,1166.99134,-93.4024195,-93.4024195,-11.4144345,-11.4144345,-9.14724725,-9.14724725,1492.42091,347.508,51.1927399,54.3106164,8.0005066,62.0975971,9.1475864,-2.5956e-07,1356.8286,0.0,77.7038995,0.416320014,0.0,1166.99134,1357.00726,1492.42091,0.0,0.0
1721.5,224.281131,1147.15697,-93.4159645,-93.4159645,-11.2220478,-11.2220478,-8.96180465,-8.96180465,1506.6935,347.508,49.6362783,54.8300084,7.83146229,62.7456876,8.96205535,-2.5956e-07,1356.8286,0.0,78.4470125,0.409567343,0.0,1147.15697,1357.08769,1506.6935,0.0,0.0
1722.0,230.15065,1138.52143,-95.7706394,-95.7706394,-11.4179983,-11.4179983,-9.0733659,-9.0733659,1520.94909,347.508,49.8339804,55.3487837,7.93735269,63.2675021,9.072913,-2.5956e-07,1356.8286,0.0,79.18924,0.419274632,0.0,1138.52143,1361.81812,1520.94909,0.0,0.0
1722.5,239.23063,1121.39156,-99.6863075,-99.6863075,-11.7056493,-11.7056493,-9.22076555,-9.22076555,1535.74621,347.493598,50.2278547,55.8849398,8.0777932,63.7917765,9.2206729,-2.5956e-07,1356.8286,0.0,79.959662,0.435990619,0.0,1121.39156,1363.33021,1535.74621,0.0,0.0
1723.0,242.5325,1088.97642,-101.1537144,-101.1537144,-11.5353859,-11.5353859,-9.0135165,-9.0135165,1550.87456,346.557569,48.5801076,56.2832556,7.88944536,64.3072998,9.01414065,-2.5956e-07,1356.8286,0.0,80.7473311,0.435050011,0.0,1088.97642,1358.67533,1550.87456,0.0,0.0
1723.5,241.314716,1062.46256,-100.8368941,-100.8368941,-11.219773,-11.219773,-8.72823165,-8.72823165,1565.75949,345.105772,46.5269257,56.5854206,7.62850328,64.7539864,8.72961265,-2.5956e-07,1356.8286,0.0,81.522326,0.424441695,0.0,1062.46256,1356.33395,1565.75949,0.0,0.0
1724.0,163.7094396,896.097496,-69.6768311,-69.6768311,-6.6130355,-6.6130355,-5.19366381,-5.19366381,1577.61337,344.5756,25.5665007,56.9263966,4.22199036,71.2264655,5.20245514,-2.5956e-07,1356.8286,0.0,82.1395029,0.210461203,0.0,896.097496,1294.02957,1577.61337,0.0,0.0
1724.5,43.6593452473,843.864051,-17.6747734966,-18.19494325,-1.56185845564,-1.607886672,-1.2087040687,-1.29083109,1579.6375,344.81659,5.7811935201,57.0392535,0.95670785694,77.320877,1.2964891314,-2.5956e-07,1356.8286,0.0,82.2448919,-0.0833075974,0.0,843.864051,1273.47673,1579.6375,0.0,0.0
1725.0,0.0,846.871927,33.56907115,0.0,2.978580173,0.0,5.30865233,0.0,1574.25386,360.480722,0.0,59.425875,0.0,80.6094209,0.0,-2.5956e-07,1356.8286,0.0,81.9645865,-0.183854968,0.0,846.871927,1271.58488,1574.25386,0.0,0.0
1725.5,0.0,850.281168,86.1854458,0.0,7.67562483,0.0,13.6593305,0.0,1567.91255,384.776495,0.0,63.1757283,0.0,85.7422471,0.0,-2.5956e-07,1356.8286,0.0,81.6344234,-0.1829951,0.0,850.281168,1269.30084,1567.91255,0.0,0.0
1726.0,0.0,853.674488,140.1632365,0.0,12.5317131,0.0,22.2653623,0.0,1561.60088,393.6491,0.0,64.373618,0.0,87.4147914,0.0,-2.5956e-07,1356.8286,0.0,81.3058024,-0.182142697,0.0,853.674488,1267.02746,1561.60088,0.0,0.0
1726.5,0.0,857.05203,195.496117,0.0,17.5474616,0.0,31.126787,0.0,1555.3185,393.6491,0.0,64.1146423,0.0,87.1097649,0.0,-2.5956e-07,1356.8286,0.0,80.9787071,-0.181297671,0.0,857.05203,1264.76469,1555.3185,0.0,0.0
1727.0,0.0,860.413931,252.177807,0.0,22.7234715,0.0,40.2436265,0.0,1549.06524,393.6491,0.0,63.8568664,0.0,86.8068695,0.0,-2.5956e-07,1356.8286,0.0,80.6531272,-0.180459939,0.0,860.413931,1262.51234,1549.06524,0.0,0.0
1727.5,0.0,863.760343,296.907152,0.0,26.8564936,0.0,47.4881602,0.0,1542.84082,393.6491,0.0,63.6002771,0.0,86.5150921,0.0,-2.5956e-07,1356.8286,0.0,80.3290475,-0.179629423,0.0,863.760343,1260.27043,1542.84082,0.0,0.0
1728.0,0.0,867.091375,300.0,0.0,27.2404789,0.0,48.0907071,0.0,1536.64502,393.6491,0.0,63.3448676,0.0,86.2267857,0.0,-2.5956e-07,1356.8286,0.0,80.006458,-0.178806037,0.0,867.091375,1258.03878,1536.64502,0.0,0.0
1728.5,0.0,870.407178,300.0,0.0,27.3446474,0.0,48.1981774,0.0,1530.47749,393.6491,0.0,63.0906261,0.0,85.9394004,0.0,-2.5956e-07,1356.8286,0.0,79.6853436,-0.177989713,0.0,870.407178,1255.81736,1530.47749,0.0,0.0
1729.0,0.0,873.70786,300.0,0.0,27.4483419,0.0,48.3048201,0.0,1524.33812,393.6491,0.0,62.837542,0.0,85.6529384,0.0,-2.5956e-07,1356.8286,0.0,79.3656916,-0.177180369,0.0,873.70786,1253.60606,1524.33812,0.0,0.0
1729.5,0.0,876.993561,300.0,0.0,27.5515654,0.0,48.4106472,0.0,1518.22661,393.6491,0.0,62.5856078,0.0,85.3673861,0.0,-2.5956e-07,1356.8286,0.0,79.047492,-0.176377928,0.0,876.993561,1251.4048,1518.22661,0.0,0.0
1730.0,0.0,880.264407,300.0,0.0,27.6543223,0.0,48.5156664,0.0,1512.14268,393.6491,0.0,62.3348118,0.0,85.0827421,0.0,-2.5956e-07,1356.8286,0.0,78.7307265,-0.17558232,0.0,880.264407,1249.21348,1512.14268,0.0,0.0
1730.5,0.0,883.520559,300.0,0.0,27.7566168,0.0,48.6198891,0.0,1506.08619,393.6491,0.0,62.0851455,0.0,84.7989926,0.0,-2.5956e-07,1356.8286,0.0,78.4153916,-0.17479346,0.0,883.520559,1247.03202,1506.08619,0.0,0.0
1731.0,0.0,886.762095,300.0,0.0,27.8584524,0.0,48.7233253,0.0,1500.0568,393.6491,0.0,61.8365977,0.0,84.5161391,0.0,-2.5956e-07,1356.8286,0.0,78.101467,-0.174011288,0.0,886.762095,1244.86034,1500.0568,0.0,0.0
1731.5,0.0,889.989139,300.0,0.0,27.9598334,0.0,48.8259833,0.0,1494.05438,393.6491,0.0,61.5891597,0.0,84.2341726,0.0,-2.5956e-07,1356.8286,0.0,77.788948,-0.173235722,0.0,889.989139,1242.69836,1494.05438,0.0,0.0
1732.0,0.0,893.20184,300.0,0.0,28.0607632,0.0,48.9278762,0.0,1488.07863,393.6491,0.0,61.3428235,0.0,83.9530835,0.0,-2.5956e-07,1356.8286,0.0,77.477817,-0.172466694,0.0,893.20184,1240.54601,1488.07863,0.0,0.0
1732.5,0.0,896.400299,300.0,0.0,28.1612464,0.0,49.0290096,0.0,1482.12938,393.6491,0.0,61.0975785,0.0,83.6728694,0.0,-2.5956e-07,1356.8286,0.0,77.1680662,-0.171704137,0.0,896.400299,1238.40318,1482.12938,0.0,0.0
1733.0,0.0,899.584666,300.0,0.0,28.2612856,0.0,49.1293939,0.0,1476.20637,393.6491,0.0,60.8534151,0.0,83.3935224,0.0,-2.5956e-07,1356.8286,0.0,76.8596784,-0.170947978,0.0,899.584666,1236.26982,1476.20637,0.0,0.0
1733.5,0.0,902.755027,300.0,0.0,28.3608851,0.0,49.2290391,0.0,1470.30938,393.6491,0.0,60.6103246,0.0,83.115036,0.0,-2.5956e-07,1356.8286,0.0,76.5526494,-0.170198151,0.0,902.755027,1234.14581,1470.30938,0.0,0.0
1734.0,0.0,905.911505,300.0,0.0,28.4600494,0.0,49.3279524,0.0,1464.43822,393.6491,0.0,60.3682986,0.0,82.8374069,0.0,-2.5956e-07,1356.8286,0.0,76.2469635,-0.169454589,0.0,905.911505,1232.03115,1464.43822,0.0,0.0
1734.5,0.0,909.054214,298.972278,0.0,28.460794,0.0,49.2566722,0.0,1458.59265,393.6491,0.0,60.1273284,0.0,82.560622,0.0,-2.5956e-07,1350.03512,0.0,75.9426106,-0.168717224,0.0,909.054214,1229.92566,1458.59265,0.0,0.0
1735.0,0.0,900.564817,144.2117515,-2.6087675,13.79815854,-0.2178412,24.05205222,-0.17615477,1452.78294,393.6491,0.836548,59.8878342,0.12704772,82.2851782,0.17461125,-2.5956e-07,915.859311,0.0,75.6401241,-0.1607539324,0.0,900.564817,1223.00089,1452.78294,0.0,0.0
1735.5,0.967207323,36.60223555,-183.7970905,-7.71512,0.0282408895,-0.18151042,0.4766662662,-0.1229472528,1447.62884,393.6491,0.605936355,59.6753675,0.0920056605,82.04052,0.1264544898,-2.5956e-07,249.246467922,0.0,75.3717694,-0.150831982,0.0,36.60223555,860.490241,1447.62884,0.0,0.0
1736.0,62.6224844,-22.909508535,-298.846857,0.0,0.7141813614,0.0,2.0124013705,0.0,1443.47714,393.6491,0.0,59.5042237,0.0,81.8432495,0.0,-2.5956e-07,323.124268,0.0,75.1556105,-0.0026772002,0.0,-22.909508535,833.302823,1443.47714,0.0,0.0
1736.5,158.0006315,-33.9970214,-265.067058,0.0,0.963881456,0.0,2.743420876,0.0,1444.94728,393.6491,0.0,59.5648268,0.0,81.9131215,0.0,-2.5956e-07,815.263695,0.0,75.2321534,0.09390148472,0.0,-33.9970214,829.547635,1444.94728,0.0,0.0
1737.0,192.68457,-6.96594987,-162.050728,-70.638362,0.156085263,-0.060426417,0.5898652897,-0.0212112853,1451.0887,393.6491,0.1069630804,59.8179919,0.01627704064,82.2047785,0.0223635266,-2.5956e-07,994.2285,0.0,75.5519088,0.177544594,0.0,-6.96594987,844.381376,1451.0887,0.0,0.0
1737.5,192.68457,73.82188562,-87.5050965,-87.5050965,-0.6004041984,-0.6004041984,-0.2777105262,-0.2777105262,1457.84854,393.6491,1.3119780678,60.0966537,0.20056736078,82.5253596,0.27536001357,-2.5956e-07,994.2285,0.0,75.9038673,0.1814052475,0.0,73.82188562,881.944839,1457.84854,0.0,0.0
1738.0,192.68457,312.883437,-79.4520654,-79.4520654,-2.60477194,-2.60477194,-1.45507942,-1.45507942,1464.93679,393.6491,6.9076848,60.3888513,1.059814731,82.860987,1.45416982,-2.5956e-07,994.2285,0.0,76.272923,0.215567749,0.0,312.883437,985.558886,1464.93679,0.0,0.0
1738.5,192.68457,324.27893,-80.2214778,-80.2214778,-2.72418978,-2.72418978,-1.53658769,-1.53658769,1472.44859,393.6491,7.26931891,60.6985087,1.12086971,83.2160955,1.53668782,-2.5956e-07,994.2285,0.0,76.6640281,0.217126623,0.0,324.27893,994.686707,1472.44859,0.0,0.0
1739.0,192.68457,314.248426,-80.2369684,-80.2369684,-2.64043956,-2.64043956,-1.47282269,-1.47282269,1479.92124,393.6491,6.93841286,61.0065522,1.07527222,83.5687635,1.47294791,-2.5956e-07,994.2285,0.0,77.0530965,0.215130977,0.0,314.248426,994.876177,1479.92124,0.0,0.0
1739.5,192.68457,310.687365,-79.104366,-79.104366,-2.56696757,-2.56696757,-1.42957815,-1.42957815,1487.31965,393.6491,6.70173926,61.3115369,1.04382151,83.9173512,1.42867955,-2.5956e-07,1001.255974,0.0,77.4383026,0.211448806,0.0,310.687365,997.714279,1487.31965,0.0,0.0
1740.0,192.68457,1334.154455,-63.5712493,-63.5712493,-8.90295989,-8.90295989,-7.62024863,-7.62024863,1495.40049,393.6491,41.6567864,61.6446506,6.52959367,74.1400526,7.59865124,-2.5956e-07,1448.88299,0.0,77.8590361,0.296409552,0.0,1334.154455,1428.30483,1495.40049,0.0,0.0
1740.5,192.68457,3034.83161,-65.748209,-65.748209,-20.9795235,-20.9795235,-19.3987395,-19.3987395,1509.43826,393.6491,109.4068664,62.2233283,17.304831,69.6527422,19.37451485,-2.5956e-07,2141.33636,0.0,78.589922,0.517595301,0.0,3034.83161,2144.16567,1509.43826,0.0,0.0
1741.0,192.68457,3649.45971,-81.4112521,-81.4112521,-31.1146387,-31.1146387,-28.8791747,-28.8791747,1531.4378,393.6491,160.041657,63.1302123,25.6636647,71.0411921,28.8804423,-2.5956e-07,2393.1653,0.0,79.7353422,0.705822805,0.0,3649.45971,2412.76237,1531.4378,0.0,0.0
1741.5,192.68457,3563.15521,-81.1694026,-81.1694026,-30.2825945,-30.2825945,-28.0683746,-28.0683746,1555.26469,393.6491,153.599948,64.112421,25.016742,71.9302049,28.0675338,-2.5956e-07,2388.52042,0.0,80.9759041,0.681383344,0.0,3563.15521,2390.76275,1555.26469,0.0,0.0
1742.0,192.68457,2843.29693,-91.4148386,-91.4148386,-27.2285814,-27.2285814,-24.6738368,-24.6738368,1578.62253,393.6491,133.755752,65.0752997,22.0994364,72.6863955,24.694643,-2.5956e-07,2091.86193,0.0,82.1920461,0.631877526,0.0,2843.29693,2104.86294,1578.62253,0.0,0.0
1742.5,192.68457,1677.5051,-89.9539928,-89.9539928,-15.8405506,-15.8405506,-13.5639779,-13.5639779,1596.92801,393.6491,72.5944502,65.8299035,12.1323275,73.8464141,13.58316955,-2.5956e-07,1632.97515,0.0,83.145132,0.428966373,0.0,1677.5051,1630.45675,1596.92801,0.0,0.0
1743.0,192.68457,1232.68146,-79.578006,-79.578006,-10.27285205,-10.27285205,-8.4841151,-8.4841151,1609.1926,393.6491,43.9593229,66.335486,7.40808491,75.96635,8.4833829,-2.5956e-07,1466.078,0.0,83.7836986,0.316526042,0.0,1232.68146,1452.52354,1609.1926,0.0,0.0
1743.5,192.68457,1249.32553,-80.23095,-80.23095,-10.49652885,-10.49652885,-8.6837042,-8.6837042,1620.21513,393.442433,44.7579268,66.7546921,7.59393618,76.3357401,8.6838614,-2.5956e-07,1466.078,0.0,84.3575926,0.318711461,0.0,1249.32553,1465.88522,1620.21513,0.0,0.0
1744.0,192.68457,1234.94206,-80.2641621,-80.2641621,-10.3799885,-10.3799885,-8.5673056,-8.5673056,1631.15874,379.998545,43.8411786,64.9073015,7.48862089,74.2586893,8.5675414,-2.5956e-07,1466.078,0.0,84.9273791,0.31426798,0.0,1234.94206,1466.29005,1631.15874,0.0,0.0
1744.5,192.68457,1219.86024,-80.263538,-80.263538,-10.2531427,-10.2531427,-8.4423017,-8.4423017,1641.94398,359.143614,42.8954663,61.7507349,7.37553082,70.683992,8.44253415,-2.5956e-07,1466.078,0.0,85.4889195,0.309683768,0.0,1219.86024,1466.31183,1641.94398,0.0,0.0
1745.0,192.68457,1204.98075,-80.2623026,-80.2623026,-10.12792235,-10.12792235,-8.3194114,-8.3194114,1652.57248,351.5259,41.9785128,60.8340119,7.26459265,69.6690793,8.3196397,-2.5956e-07,1466.078,0.0,86.042301,0.305203851,0.0,1204.98075,1466.32627,1652.57248,0.0,0.0
1745.5,191.631799,1188.63868,-80.084464,-80.084464,-9.9688299,-9.9688299,-8.16939716,-8.16939716,1663.04487,351.5259,40.9415064,61.2195183,7.12996226,70.154937,8.17056034,-2.5956e-07,1466.078,0.0,86.587552,0.298820802,0.0,1188.63868,1465.64097,1663.04487,0.0,0.0
1746.0,124.5574821,1048.186123,-53.1549347,-53.1549347,-5.88897547,-5.88897547,-4.8816407,-4.8816407,1670.93778,351.5259,22.41442005,61.51007,3.92120235,77.8697065,4.8907995,-2.5956e-07,1466.078,0.0,86.9985016,0.1128114377,0.0,1048.186123,1411.80623,1670.93778,0.0,0.0
1746.5,20.79879996,985.647734,-6.1767206,-10.34481098,-0.693337331,-1.089473956,-0.203755528,-0.889745214,1670.20992,351.54443,3.80023313,61.4865119,0.665207215,82.7284994,0.894918148,-2.5956e-07,1464.4514,0.0,86.9606039,-0.1429110522,0.0,985.647734,1385.35855,1670.20992,0.0,0.0
1747.0,-16.937231,457.7816776,100.0813777,0.0,3.77899688,0.0,9.03138339,0.0,1663.36952,352.749915,0.0,61.4445558,0.0,82.719846,0.0,-2.5956e-07,1360.76159,0.0,86.6044544,-0.216841045,0.0,457.7816776,1161.715516,1663.36952,0.0,0.0
1747.5,-16.937231,28.73972302,248.063084,0.0,0.723292312,0.0,2.048901965,0.0,1655.7034,354.62013,0.0,61.4856379,0.0,82.828807,0.0,-2.5956e-07,1200.36154,0.0,86.205315,-0.257884583,0.0,28.73972302,978.711799,1655.7034,0.0,0.0
1748.0,-16.937231,19.62198266,299.34254,0.0,0.614326553,0.0,1.755036595,0.0,1647.83076,355.303,0.0,61.3112398,0.0,82.6488629,0.0,-2.5956e-07,1142.0275,0.0,85.7954185,-0.237895821,0.0,19.62198266,970.321053,1647.83076,0.0,0.0
1748.5,-16.937231,24.33406257,298.925178,0.0,0.7604289565,0.0,2.173828981,0.0,1639.98868,355.303,0.0,61.0194573,0.0,82.3101504,0.0,-2.5956e-07,1142.0275,0.0,85.3871149,-0.217076302,0.0,24.33406257,967.702872,1639.98868,0.0,0.0
1749.0,-16.937231,20.9722204,299.254261,0.0,0.655968869,0.0,1.871950057,0.0,1632.18957,355.303,0.0,60.7292738,0.0,81.9728445,0.0,-2.5956e-07,1142.0275,0.0,84.98105,-0.261366394,0.0,20.9722204,961.750137,1632.18957,0.0,0.0
1749.5,-16.937231,23.57432943,298.805902,0.0,0.7363337676,0.0,2.104948479,0.0,1624.42489,355.303,0.0,60.4403702,0.0,81.6365845,0.0,-2.5956e-07,1142.0275,0.0,84.5767733,-0.211335925,0.0,23.57432943,958.299126,1624.42489,0.0,0.0
1750.0,-16.937231,23.07807627,299.217593,0.0,0.722196469,0.0,2.0637045,0.0,1616.69948,355.303,0.0,60.1529292,0.0,81.301588,0.0,-2.5956e-07,1142.0275,0.0,84.1745498,-0.230299146,0.0,23.07807627,953.58184,1616.69948,0.0,0.0
1750.5,-16.937231,15.136261327,299.516421,0.0,0.47377545407,0.0,1.3543761538,0.0,1609.0156,355.117036,0.0,59.8357676,0.0,80.9256545,0.0,-2.5956e-07,1142.0275,0.0,83.7744822,-0.209169893,0.0,15.136261327,945.790646,1609.0156,0.0,0.0
1751.0,-16.937231,23.62611099,299.292792,0.0,0.739543256,0.0,2.114043951,0.0,1601.35895,343.037731,0.0,57.5265888,0.0,77.8529593,0.0,-2.5956e-07,1142.0275,0.0,83.3758338,-0.214795162,0.0,23.62611099,944.852683,1601.35895,0.0,0.0
1751.5,-16.7034817,21.6715536,299.089797,0.0,0.677321976,0.0,1.936252114,0.0,1593.74567,324.2753,0.0,54.1216436,0.0,73.2923146,0.0,-2.5956e-07,1142.0275,0.0,82.9794421,-0.206851357,0.0,21.6715536,939.594016,1593.74567,0.0,0.0
1752.0,-1.80405224,44.13769526,299.217185,0.0,1.38334301,0.0,3.953633265,0.0,1586.55118,316.325081,0.0,52.5553744,0.0,71.2149968,0.0,-2.5956e-07,1142.0275,0.0,82.604856,-0.209512782,0.0,44.13769526,944.741538,1586.55118,0.0,0.0
1752.5,21.244149,520.62087,277.124319,0.0,14.37150916,0.0,30.6476329,0.0,1580.52604,314.609782,0.0,52.0718654,0.0,70.5960014,0.0,-2.5956e-07,1146.31193,0.0,82.2911534,-0.159957698,0.0,520.62087,1139.49167,1580.52604,0.0,0.0
1753.0,29.626394,1739.71863,144.0673586,0.0,24.3744284,0.0,35.6109086,0.0,1575.25079,313.98303,0.0,51.7946022,0.0,70.251653,0.0,-2.5956e-07,1419.57117,0.0,82.016492,-0.149466133,0.0,1739.71863,1643.68705,1575.25079,0.0,0.0
1753.5,29.626394,2709.9796,-1.46448708,-8.9841703,-0.60460342,-2.59417015,0.35196876,-2.32365786,1570.73195,314.024659,10.6626339,51.6528629,1.75335316,69.0882611,2.32143187,-2.5956e-07,1841.69036,0.0,81.781217,-0.0987413457,0.0,2709.9796,2044.78128,1570.73195,0.0,0.0
1754.0,29.626394,2562.84321,-15.1990036,-15.1990036,-4.08879304,-4.08879304,-3.69189138,-3.69189138,1568.20773,316.733748,17.0917484,52.0146689,2.8069939,68.578082,3.69390852,-2.5956e-07,1958.2076,0.0,81.6497924,-0.0667674544,0.0,2562.84321,1982.08287,1568.20773,0.0,0.0
1754.5,29.4775936,2370.08052,-13.54137745,-13.54137745,-3.36184259,-3.36184259,-2.99393679,-2.99393679,1565.59012,320.936563,13.5361184,52.6168805,2.21926598,71.0143995,2.99484777,-2.5956e-07,1900.63705,0.0,81.5135061,-0.0809788026,0.0,2370.08052,1900.34454,1565.59012,0.0,0.0
1755.0,19.9978163,2301.48391,-8.38584292,-8.38584292,-2.02118088,-2.02118088,-1.69595978,-1.69595978,1562.24452,322.4719,7.64683931,52.7557158,1.25125675,71.6345815,1.69897933,-2.5956e-07,1879.6987,0.0,81.3393142,-0.1195877475,0.0,2301.48391,1869.8475,1562.24452,0.0,0.0
1755.5,5.33345579717,2306.34002,-0.980168965,-2.18383538,-0.2359399722,-0.527053816,0.0046564473,-0.392029009,1557.28306,322.4719,1.776381865,52.5881704,0.289924578,71.4372852,0.39379946,-2.5956e-07,1883.99668,0.0,81.0809915,-0.165792583,0.0,2306.34002,1868.97119,1557.28306,0.0,0.0
1756.0,0.0,2311.40483,135.4537114,0.0,32.79454873,0.0,44.6807598,0.0,1551.17317,322.4719,0.0,52.381846,0.0,71.1940976,0.0,-2.5956e-07,2157.74466,0.0,80.7628771,-0.180741967,0.0,2311.40483,1867.51115,1551.17317,0.0,0.0
1756.5,0.0,2314.75644,300.0,0.0,72.7202165,0.0,99.060302,0.0,1544.93905,322.4719,0.0,52.1713235,0.0,70.9518749,0.0,-2.5956e-07,2581.2094,0.0,80.438292,-0.17990902,0.0,2314.75644,1865.26573,1544.93905,0.0,0.0
1757.0,0.0,2318.09265,300.0,0.0,72.8250295,0.0,99.1827346,0.0,1538.7336,322.4719,0.0,51.9617709,0.0,70.715439,0.0,-2.5956e-07,2735.2246,0.0,80.1152005,-0.17908324,0.0,2318.09265,1863.03065,1538.7336,0.0,0.0
1757.5,0.0,2321.41357,300.0,0.0,72.9293574,0.0,99.304554,0.0,1532.55652,322.4719,0.0,51.7531774,0.0,70.479766,0.0,-2.5956e-07,2735.2246,0.0,79.7935905,-0.17826454,0.0,2321.41357,1860.80576,1532.55652,0.0,0.0
1758.0,0.0,2324.71933,300.0,0.0,73.0332115,0.0,99.42577,0.0,1526.40773,322.4719,0.0,51.5455351,0.0,70.2448446,0.0,-2.5956e-07,2735.2246,0.0,79.4734466,-0.177452852,0.0,2324.71933,1858.59107,1526.40773,0.0,0.0
1758.5,0.0,2328.01006,300.0,0.0,73.1365938,0.0,99.5463875,0.0,1520.28679,322.4719,0.0,51.3388378,0.0,70.0106746,0.0,-2.5956e-07,2721.4902,0.0,79.154758,-0.176648085,0.0,2328.01006,1856.38642,1520.28679,0.0,0.0
1759.0,0.0,2331.28594,200.0145452,0.0,48.82057194,0.0,66.43823847,0.0,1514.1936,322.4719,0.0,51.1330751,0.0,69.7772462,0.0,-2.5956e-07,1846.27662,0.0,78.8375097,-0.175850179,0.0,2331.28594,1854.19177,1514.1936,0.0,0.0
1759.5,0.0,467.0878133,-147.3231397,-21.2125057,-2.390269443,-2.54791191,-1.72349368,-2.1741443,1510.34736,322.4719,11.6787742,51.0031906,1.84851678,67.036713,2.18704457,-2.5956e-07,492.357421808,0.0,78.637252,-0.10063418076,0.0,467.0878133,1076.239355,1510.34736,0.0,0.0
1760.0,0.0,-9.5587986,-300.0,0.0,0.300298516,0.0,0.858459721,0.0,1504.73909,322.4719,0.0,50.8138034,0.0,69.4144245,0.0,-2.5956e-07,0.0,0.0,78.3452542,-0.174618427,0.0,-9.5587986,874.628564,1504.73909,0.0,0.0
1760.5,1.50107698,-7.45209759,-300.0,0.0,0.234114552,0.0,0.669260436,0.0,1498.72125,322.4719,0.0,50.6105865,0.0,69.1830869,0.0,-2.5956e-07,0.0,0.0,78.0319326,-0.172093825,0.0,-7.45209759,871.991394,1498.72125,0.0,0.0
1761.0,97.1557496,-24.2642065,-299.573234,0.0,0.759693321,0.0,2.171587604,0.0,1495.19199,322.4719,0.0,50.4914071,0.0,69.0472855,0.0,-2.5956e-07,0.0,0.0,77.8481786,-0.0310796093,0.0,-24.2642065,862.935035,1495.19199,0.0,0.0
1761.5,243.93099,-30.9950126,-299.602093,0.0,0.972046066,0.0,2.74997866,0.0,1500.40923,322.496857,0.0,50.6715233,0.0,69.2533598,0.0,-2.5956e-07,11.26223076,0.0,78.1198171,0.2461549022,0.0,-30.9950126,863.180616,1500.40923,0.0,0.0
1762.0,221.630102,-23.61489185,-247.365103,-12.738475,0.6514749742,-0.0033665378,1.85197506345,-0.00117765255,1510.93075,324.122863,0.00068402803,51.2842966,0.00010846613,70.0089135,0.00014801456,-2.5956e-07,729.043974,0.0,78.6676283,0.2045576463,0.0,-23.61489185,872.394971,1510.93075,0.0,0.0
1762.5,103.8809643,1580.0501051,-13.692181283,-14.743070473,-0.324132813,-0.636249273,-0.0685050944,-0.4818730944,1514.6213,326.643889,2.180106511,51.8092128,0.3457060564,70.696582,0.4717541732,-2.5956e-07,1839.42517,0.0,78.859778,-0.0229043237,0.0,1580.0501051,1541.846704,1514.6213,0.0,0.0
1763.0,61.061806,3279.52183,-24.8940327,-24.8940327,-8.5511212,-8.5511212,-7.97890003,-7.97890003,1514.87839,327.5651,43.5411559,51.9641726,6.90748566,60.0651567,7.97236134,-2.5956e-07,2243.2122,0.0,78.873165,0.0793541134,0.0,3279.52183,2249.15956,1514.87839,0.0,0.0
1763.5,61.061806,3259.8521,-25.4694893,-25.4694893,-8.69455105,-8.69455105,-8.11627175,-8.11627175,1517.79436,327.5651,44.3882725,52.0641978,7.05519747,59.8954327,8.1164027,-2.5956e-07,2243.2122,0.0,79.024988,0.0827498821,0.0,3259.8521,2242.67741,1517.79436,0.0,0.0
1764.0,61.061806,3254.84372,-25.4316904,-25.4316904,-8.6683012,-8.6683012,-8.09110925,-8.09110925,1520.63191,327.5651,44.164297,52.161533,7.0327281,60.0116768,8.09113115,-2.5956e-07,2243.2122,0.0,79.172724,0.081587054,0.0,3254.84372,2242.2502,1520.63191,0.0,0.0
1764.5,61.061806,3250.8952,-25.4307334,-25.4307334,-8.65745985,-8.65745985,-8.08059805,-8.08059805,1523.43832,327.707623,44.0267909,52.2805557,7.02377087,60.1470603,8.08061755,-2.5956e-07,2243.2122,0.0,79.3188434,0.0807718386,0.0,3250.8952,2242.24592,1523.43832,0.0,0.0
1765.0,61.061806,3247.00492,-25.4304982,-25.4304982,-8.6470194,-8.6470194,-8.07047095,-8.07047095,1526.21688,336.982214,43.8927949,53.8585493,7.01516514,61.9607428,8.0704903,-2.5956e-07,2243.2122,0.0,79.4635102,0.0799722254,0.0,3247.00492,2242.24951,1526.21688,0.0,0.0
1765.5,60.7557692,3236.8703,-26.3446805,-26.3446805,-8.92432515,-8.92432515,-8.3316003,-8.3316003,1528.97622,351.370424,45.321789,56.2596597,7.25686363,64.6062406,8.32918395,-2.5956e-07,2237.23413,0.01960268134,79.607178,0.0829282442,0.0,3236.8703,2239.64361,1528.97622,-0.4795267,0.030737782
1766.0,41.2167197,2315.54115,-31.7270205,-31.7270205,-7.89615825,-7.89615825,-7.26728311,-7.26728311,1529.85735,356.62656,38.7605661,57.1338182,6.21140921,68.2866466,7.28203341,-2.5956e-07,1855.56168,1.271142701,79.6530535,-0.11652699477,0.0,2315.54115,1856.78618,1529.85735,-31.684824,2.029756251
1766.5,10.9920914722,853.059608,-16.78319117,-16.78319117,-1.708771237,-1.708771237,-1.415369863,-1.415369863,1518.21886,356.648221,6.567600125,56.7025926,1.0467573766,77.2174591,1.4218707322,-2.5956e-07,1265.15893,3.20712898,79.047088,-0.536133268,0.0,853.059608,1241.441186,1518.21886,-80.0954007,5.09070635
1767.0,0.0,276.649725,19.18615419,0.0,0.5602178724,0.0,1.601488012,0.0,1495.9773,358.057776,0.0,56.092296,0.0,76.6997114,0.0,-2.5956e-07,1050.4413,3.9112084,77.8890659,-0.68998238,0.0,276.649725,988.606111,1495.9773,-97.780205,6.12723548
1767.5,0.8441735704,291.318924,61.1018203,0.0,1.87249317,0.0,5.35287357,0.0,1472.18234,360.00723,0.0,55.5009169,0.0,76.0924264,0.0,-2.5956e-07,1050.4413,3.89157819,76.650165,-0.68342575,0.0,291.318924,980.816355,1472.18234,-97.3006785,6.00041853
1768.0,54.6639874,810.388358,6.14190936,-18.3656973,-0.51918143,-1.85603793,1.42977803,-1.54581011,1452.01852,345.365714,7.5559199,52.5174803,1.14606086,71.472976,1.54190178,-2.5956e-07,1050.4413,2.64006563,75.6003204,-0.397025683,0.0,810.388358,1185.031443,1452.01852,-66.0953845,4.0223903
1768.5,137.91786,679.637082,-59.1449369,-59.1449369,-4.17198072,-4.17198072,-3.1480635,-3.1480635,1446.48742,321.412213,15.4007441,48.6858215,2.33290939,65.7262639,3.14751893,-2.5956e-07,1050.4413,0.704100970045,75.312344,0.0527282594,0.0,679.637082,1127.39535,1446.48742,-17.684807025,1.0712422464
1769.0,168.19688,524.328476,-71.1154014,-71.1154014,-3.90778001,-3.90778001,-2.6436178,-2.6436178,1451.93635,312.66177,12.72321795,47.5391064,1.93425508,65.0640143,2.64546103,-2.5956e-07,1050.4413,0.0,75.596045,0.19299182,0.0,524.328476,1065.95187,1451.93635,0.0,0.0
1769.5,168.19688,484.658215,-69.3110112,-69.3110112,-3.5148811,-3.5148811,-2.31900308,-2.31900308,1458.4127,312.66177,11.0559142,47.7511529,1.68849587,65.5682555,2.31851754,-2.5956e-07,1055.1518,0.0,75.93324,0.183640067,0.0,484.658215,1053.22624,1458.4127,0.0,0.0
1770.0,168.19688,1168.005063,-58.8664441,-58.8664441,-7.2096608,-7.2096608,-6.07850455,-6.07850455,1465.20882,312.66177,33.0269916,47.9736692,5.07070352,58.7922204,6.06480742,-2.5956e-07,1355.22463,0.0,76.2870835,0.235641471,0.0,1168.005063,1341.54012,1465.20882,0.0,0.0
1770.5,167.775576,2305.76056,-60.2529041,-60.2529041,-14.58256935,-14.58256935,-13.2556208,-13.2556208,1475.78106,312.874373,76.1499499,48.352818,11.77344625,54.4225606,13.2417441,-2.5956e-07,1819.41077,0.0,76.8375355,0.375758868,0.0,2305.76056,1821.14166,1475.78106,0.0,0.0
1771.0,140.941946,2666.87453,-59.9668351,-59.9668351,-16.7736437,-16.7736437,-15.4128169,-15.4128169,1489.87158,326.709459,88.246559,50.9753442,13.7641745,57.1284116,15.4230276,-2.5956e-07,1988.2362,0.0,77.5711685,0.381402072,0.0,2666.87453,1979.63119,1489.87158,0.0,0.0
1771.5,99.4462635,2604.02031,-41.3790617,-41.3790617,-11.28535505,-11.28535505,-10.43569175,-10.43569175,1499.88273,348.172577,58.6748649,54.6877952,9.21431602,62.0461282,10.44358425,-2.5956e-07,1988.2362,0.0,78.0924028,0.203746736,0.0,2604.02031,1959.32252,1499.88273,0.0,0.0
1772.0,85.2205685,2648.41533,-34.9673908,-34.9673908,-9.69872735,-9.69872735,-8.988088,-8.988088,1505.42687,356.01324,49.8212988,56.1247538,7.85438867,64.2190774,8.9868811,-2.5956e-07,1988.2362,0.0,78.3810655,0.146609477,0.0,2648.41533,1981.03282,1505.42687,0.0,0.0
1772.5,86.1311602,2657.95736,-35.9794519,-35.9794519,-10.01456585,-10.01456585,-9.28261035,-9.28261035,1510.67309,356.01324,51.3933087,56.3203396,8.130281,64.3062424,9.28308655,-2.5956e-07,1988.2362,0.0,78.6542108,0.153841695,0.0,2657.95736,1988.06654,1510.67309,0.0,0.0
1773.0,58.7646325,2597.35852,-25.0192341,-25.0192341,-6.81477947,-6.81477947,-6.28058964,-6.28058964,1514.62314,356.01324,33.2395988,56.4676051,5.2717459,68.2171774,6.29048487,-2.5956e-07,1988.2362,0.0,78.859874,0.0436973026,0.0,2597.35852,1965.15733,1514.62314,0.0,0.0
1773.5,15.672469617,2581.16287,-6.3149426036,-6.51156925,-1.7062271235,-1.759421896,-1.439443801,-1.510731744,1513.11079,356.01324,7.07611991084,56.4112213,1.12195019874,76.6941201,1.51769229354,-2.5956e-07,1988.2362,0.0,78.7811351,-0.1231945522,0.0,2581.16287,1957.53514,1513.11079,0.0,0.0
1774.0,0.0,2585.23593,12.50439865,0.0,3.38580482,0.0,4.53695565,0.0,1507.55138,356.01324,0.0,56.2039577,0.0,76.7536773,0.0,-2.5956e-07,1988.2362,0.0,78.4916784,-0.174984023,0.0,2585.23593,1955.98387,1507.55138,0.0,0.0
1774.5,1.037348957,2590.78527,32.4217701,0.0,8.79853803,0.0,11.7868056,0.0,1501.51756,356.01324,0.0,55.9790062,0.0,76.4977587,0.0,-2.5956e-07,1988.2362,0.0,78.1775222,-0.172994703,0.0,2590.78527,1954.76988,1501.51756,0.0,0.0
1775.0,67.163672,2930.37409,-19.9861703607,-25.465803886,-6.3415295225,-7.9064956601,-5.274035493,-7.3573531003,1498.3933,356.01324,41.1004091,55.8625297,6.45156528,67.7355516,7.33408333,-2.5956e-07,1988.2362,0.0,78.0148571,0.08161901115,0.0,2930.37409,2094.25115,1498.3933,0.0,0.0
1775.5,168.526631,2838.90203,-71.1260978,-71.1260978,-21.1197326,-21.1197326,-19.3474917,-19.3474917,1509.01164,356.235662,109.2898994,56.2937452,17.2785538,62.9788452,19.3311392,-2.5956e-07,1988.2362,0.0,78.5677067,0.498456608,0.0,2838.90203,2062.38885,1509.01164,0.0,0.0
1776.0,146.471935,2561.96956,-63.4849979,-63.4849979,-17.1336374,-17.1336374,-15.6432705,-15.6432705,1526.5336,370.709725,87.5904233,59.263599,13.9938058,66.4030302,15.6672527,-2.5956e-07,1988.2362,0.0,79.4800001,0.387123969,0.0,2561.96956,1957.38617,1526.5336,0.0,0.0
1776.5,54.6995354,2473.89882,-22.63089594,-22.63089594,-5.86290259,-5.86290259,-5.34719578,-5.34719578,1533.26297,393.260455,27.84641756,63.1431397,4.47086166,78.8783458,5.36435068,-2.5956e-07,1988.2362,0.0,79.8303674,0.01493990116,0.0,2473.89882,1924.66849,1533.26297,0.0,0.0
1777.0,14.4930892,2577.4376,-4.98210611,-4.98210611,-1.34319407,-1.34319407,-1.042866184,-1.042866184,1530.23147,407.72888,4.78122908,65.336303,0.766242434,89.000894,1.043755147,-2.5956e-07,1988.2362,0.0,79.6725309,-0.136928185,0.0,2577.4376,1965.98167,1530.23147,0.0,0.0
1777.5,3.86500740254,2617.95809,-1.4812829675,-1.543436738,-0.40570751875,-0.422772162,-0.293112907,-0.315941281,1525.03411,417.44911,1.456725493,66.6666671,0.2328306508,90.8654536,0.3172998235,-2.5956e-07,1988.2362,0.0,79.4019295,-0.165364377,0.0,2617.95809,1979.80785,1525.03411,0.0,0.0
1778.0,0.0,2623.64466,3.66044539,0.0,1.00586489,0.0,1.34546356,0.0,1519.03499,421.0,0.0,66.9697222,0.0,91.339166,0.0,-2.5956e-07,1988.2362,0.0,79.0895819,-0.176483902,0.0,2623.64466,1978.67128,1519.03499,0.0,0.0
1778.5,0.0,2626.91753,10.20536815,0.0,2.80759953,0.0,3.75497291,0.0,1512.94745,421.0,0.0,66.7013393,0.0,91.0346161,0.0,-2.5956e-07,1988.2362,0.0,78.772629,-0.175687389,0.0,2626.91753,1976.47861,1512.94745,0.0,0.0
1779.0,0.0,2630.17562,18.0574287,0.0,4.97382072,0.0,6.65116642,0.0,1506.88733,421.0,0.0,66.434166,0.0,90.7310286,0.0,-2.5956e-07,1988.2362,0.0,78.457103,-0.174897643,0.0,2630.17562,1974.29587,1506.88733,0.0,0.0
1779.5,0.0,2633.41907,27.2107603,0.0,7.50421272,0.0,10.03340835,0.0,1500.85439,421.0,0.0,66.168192,0.0,90.428394,0.0,-2.5956e-07,1988.2362,0.0,78.1429941,-0.174114585,0.0,2633.41907,1972.12293,1500.85439,0.0,0.0
1780.0,0.0,2636.6481,37.6595467,0.0,10.3984538,0.0,13.9010569,0.0,1494.84839,421.0,0.0,65.9034054,0.0,90.1267109,0.0,-2.5956e-07,1988.2362,0.0,77.830288,-0.173338147,0.0,2636.6481,1969.95961,1494.84839,0.0,0.0
1780.5,0.0,2639.86266,49.3980191,0.0,13.6562166,0.0,18.2534664,0.0,1488.86912,421.0,0.0,65.6397968,0.0,89.8259678,0.0,-2.5956e-07,1988.2362,0.0,77.5189758,-0.172568257,0.0,2639.86266,1967.80601,1488.86912,0.0,0.0
1781.0,0.0,2643.06298,62.4204579,0.0,17.2771682,0.0,23.0899851,0.0,1482.91635,421.0,0.0,65.377356,0.0,89.5261614,0.0,-2.5956e-07,1988.2362,0.0,77.2090404,-0.171804849,0.0,2643.06298,1965.66193,1482.91635,0.0,0.0
1781.5,0.2860199393,2646.88547,76.6551904,0.0,21.2481917,0.0,28.3919791,0.0,1476.99043,420.845752,0.0,65.0922893,0.0,89.1946702,0.0,-2.5956e-07,1988.2362,0.0,76.9005045,-0.170715404,0.0,2646.88547,1963.7924,1476.99043,0.0,0.0
1782.0,18.5452774,2941.70826,40.6781549,-3.2901779,11.788871,-1.10347419,16.09395143,-1.01242929,1471.44114,410.808016,5.2650597,63.3016315,0.81031124,85.3488155,1.00245218,-2.5956e-07,1988.2362,0.0,76.6115745,-0.1260331627,0.0,2941.70826,2083.23016,1471.44114,0.0,0.0
1782.5,46.7902362,2876.09841,-22.9971028,-22.9971028,-6.92056047,-6.92056047,-6.40446861,-6.40446861,1470.23836,395.342033,35.1266896,60.8678978,5.40821364,72.1144244,6.40442102,-2.5956e-07,1988.2362,0.0,76.5489505,0.0379777114,0.0,2876.09841,2055.22709,1470.23836,0.0,0.0
1783.0,57.062393,2725.63917,-24.2096858,-24.2096858,-6.91066738,-6.91066738,-6.38911256,-6.38911256,1471.91755,396.560536,34.9694379,61.1255473,5.39009995,72.47902,6.38997033,-2.5956e-07,1988.2362,0.0,76.6363789,0.0513492246,0.0,2725.63917,1993.60034,1471.91755,0.0,0.0
1783.5,57.5660464,2709.88559,-23.8535822,-23.8535822,-6.7691877,-6.7691877,-6.25340279,-6.25340279,1473.57834,407.275976,33.9717276,62.8480245,5.24228168,74.9630581,6.25261321,-2.5956e-07,1988.2362,0.0,76.7228505,0.0478645459,0.0,2709.88559,1988.01492,1473.57834,0.0,0.0
1784.0,89.6741849,2766.93538,-36.7437764,-36.7437764,-10.65690432,-10.65690432,-9.89177719,-9.89177719,1476.89423,411.19043,56.1542464,63.5947122,8.68680054,72.4752596,9.8799162,-2.5956e-07,1988.2362,0.0,76.8954963,0.1789990905,0.0,2766.93538,2013.68988,1476.89423,0.0,0.0
1784.5,139.3422886,2772.891,-58.194663,-58.194663,-16.8946379,-16.8946379,-15.5770636,-15.5770636,1486.65139,411.19043,89.2336151,64.0148523,13.8953975,71.7291151,15.5677024,-2.5956e-07,1988.2362,0.0,77.4035085,0.379982395,0.0,2772.891,2021.8652,1486.65139,0.0,0.0
1785.0,157.40637,2690.6793,-66.2400023,-66.2400023,-18.6654835,-18.6654835,-17.1056794,-17.1056794,1501.41711,411.19043,97.300065,64.6506606,15.2974609,72.2999009,17.1074952,-2.5956e-07,1988.2362,0.0,78.1722942,0.439264924,0.0,2690.6793,1996.27791,1501.41711,0.0,0.0
1785.5,157.167455,2644.59231,-66.3318952,-66.3318952,-18.3661757,-18.3661757,-16.8084907,-16.8084907,1516.32275,411.189234,94.740689,65.2923034,15.0440692,72.9488435,16.8081942,-2.5956e-07,1983.65952,0.0,78.9483665,0.428919039,0.0,2644.59231,1985.80405,1516.32275,0.0,0.0
1786.0,141.948228,1921.18184,-70.323729,-70.323729,-14.2704233,-14.2704233,-12.6625098,-12.6625098,1530.33831,411.111477,70.3972247,65.8833388,11.27533737,74.2787145,12.6821985,-2.5956e-07,1692.11942,0.0,79.6781001,0.337587143,0.0,1921.18184,1692.97121,1530.33831,0.0,0.0
1786.5,118.004195,779.928664,-58.6758777,-58.6758777,-4.92304006,-4.92304006,-3.885476095,-3.885476095,1538.09304,410.990867,19.37257888,66.197771,3.118888647,85.478492,3.89846799,-2.5956e-07,1241.13254,0.0,80.0818515,0.1233109168,0.0,779.928664,1222.61526,1538.09304,0.0,0.0
1787.0,83.8865585,337.152333,-34.4276402,-34.4276402,-1.20637986,-1.20637986,-0.780349788,-0.780349788,1539.75452,410.9468,3.55853561,66.2621804,0.573790794,90.1668764,0.780790499,-2.5956e-07,1077.1077,0.0,80.1683569,-0.01004965035,0.0,337.152333,1039.34287,1539.75452,0.0,0.0
1787.5,44.2044189,373.230097,-16.6946844,-17.1584813,-0.631453292,-0.653559144,-0.36896156,-0.422340714,1538.04168,410.9468,1.92971601,66.1884694,0.310880232,90.0836516,0.423096299,-2.5956e-07,1086.52619,0.0,80.0791769,-0.0913740438,0.0,373.230097,1053.355,1538.04168,0.0,0.0
1788.0,20.2346883,1026.958296,150.980409,0.0,18.79150885,0.0,29.75094319,0.0,1533.55588,410.9468,0.0,65.9954273,0.0,89.8655455,0.0,-2.5956e-07,1686.40037,0.0,79.8456201,-0.154813087,0.0,1026.958296,1322.75687,1533.55588,0.0,0.0
1788.5,5.39661045224,1598.9557,300.0,0.0,50.2326747,0.0,73.4727641,0.0,1527.91467,410.703414,0.0,65.7137866,0.0,89.5379773,0.0,-2.5956e-07,2614.35675,0.0,79.5519071,-0.171359412,0.0,1598.9557,1557.47539,1527.91467,0.0,0.0
1789.0,0.0,1670.45673,300.0,0.0,52.4789462,0.0,76.0009716,0.0,1521.84832,394.864919,0.0,62.9299785,0.0,85.8023224,0.0,-2.5956e-07,2951.8545,0.0,79.2360577,-0.176853082,0.0,1670.45673,1583.68536,1521.84832,0.0,0.0
1789.5,0.0,1673.73639,300.0,0.0,52.5819799,0.0,76.1206241,0.0,1515.74804,370.293748,0.0,58.7775038,0.0,80.194867,0.0,-2.5956e-07,2951.8545,0.0,78.918443,-0.176053431,0.0,1673.73639,1581.48815,1515.74804,0.0,0.0
1790.0,0.0,1677.00126,300.0,0.0,52.6845479,0.0,76.2396404,0.0,1509.67531,361.3177,0.0,57.1217342,0.0,77.9886139,0.0,-2.5956e-07,2951.8545,0.0,78.6022633,-0.175260576,0.0,1677.00126,1579.30086,1509.67531,0.0,0.0
1790.5,0.17749716817,1680.64573,300.0,0.0,52.7990426,0.0,76.3723775,0.0,1503.63021,361.3177,0.0,56.8930055,0.0,77.7285244,0.0,-2.5956e-07,2951.8545,0.0,78.2875211,-0.174268168,0.0,1680.64573,1577.2877,1503.63021,0.0,0.0
1791.0,11.49282065,1882.63651,300.0,0.0,59.1447693,0.0,83.5849025,0.0,1497.7911,361.3177,0.0,56.67207,0.0,77.4769617,0.0,-2.5956e-07,2951.8545,0.0,77.9835034,-0.16032972,0.0,1882.63651,1657.92809,1497.7911,0.0,0.0
1791.5,28.819303,2792.11697,300.0,0.0,87.7169414,0.0,116.4787041,0.0,1492.61566,361.3177,0.0,56.4762467,0.0,77.2537215,0.0,-2.5956e-07,2951.8545,0.0,77.7140389,-0.139469866,0.0,2792.11697,2033.34776,1492.61566,0.0,0.0
1792.0,23.86970455,4093.61493,300.0,0.0,128.604706,0.0,164.824943,0.0,1487.81614,361.3177,0.0,56.2946456,0.0,77.0464624,0.0,-2.5956e-07,2951.8545,0.0,77.464149,-0.144612676,0.0,4093.61493,2572.10825,1487.81614,0.0,0.0
1792.5,6.3656982014,4767.6629,300.0,0.0,149.78055,0.0,190.433903,0.0,1482.47228,361.122963,0.0,56.0622707,0.0,76.7740951,0.0,-2.5956e-07,2951.8545,0.0,77.1859184,-0.16432602,0.0,4767.6629,2849.46436,1482.47228,0.0,0.0
1793.0,0.0,4851.30743,300.0,0.0,152.408317,0.0,193.635207,0.0,1476.62016,348.450506,0.0,53.8823696,0.0,73.836767,0.0,-2.5956e-07,2951.8545,0.0,76.881223,-0.171000719,0.0,4851.30743,2880.85247,1476.62016,0.0,0.0
1793.5,0.0,4854.47869,300.0,0.0,152.507944,0.0,193.757735,0.0,1470.72139,328.791021,0.0,50.6392383,0.0,69.4382659,0.0,-2.5956e-07,2951.8545,0.0,76.5740983,-0.170250449,0.0,4854.47869,2878.72776,1470.72139,0.0,0.0
1794.0,0.0,4857.6362,300.0,0.0,152.607139,0.0,193.879724,0.0,1464.8484,321.60925,0.0,49.3343969,0.0,67.6935805,0.0,-2.5956e-07,2951.8545,0.0,76.2683196,-0.16950645,0.0,4857.6362,2876.6124,1464.8484,0.0,0.0
1794.5,0.0,4860.779710000001,300.0,0.0,152.705904,0.0,194.001164,0.0,1459.00106,321.784958,0.0,49.164262,0.0,67.5042082,0.0,-2.5956e-07,2952.40013,0.0,75.9638729,-0.168768652,0.0,4860.779710000001,2874.50637,1459.00106,0.0,0.0
1795.0,0.0,4863.909949999999,300.0,0.0,152.804236,0.0,194.122084,0.0,1453.17913,333.219249,0.0,50.7072602,0.0,69.6682919,0.0,-2.5956e-07,2987.30129,0.0,75.6607506,-0.168036997,0.0,4863.909949999999,2872.40938,1453.17913,0.0,0.0
1795.5,0.0,4867.02621,300.0,0.0,152.902142,0.0,194.24247,0.0,1447.38233,350.957931,0.0,53.1936803,0.0,73.1318266,0.0,-2.5956e-07,3041.28906,0.0,75.3589396,-0.167311406,0.0,4867.02621,2870.32148,1447.38233,0.0,0.0
1796.0,0.0,4870.12945,300.0,0.0,152.999629,0.0,194.362335,0.0,1441.6106,357.43802,0.0,53.9606693,0.0,74.2340319,0.0,-2.5956e-07,3060.9214,0.0,75.0584253,-0.16659183,0.0,4870.12945,2868.24255,1441.6106,0.0,0.0
1796.5,0.0,4873.219,300.0,0.0,153.096695,0.0,194.481678,0.0,1435.86357,357.243531,0.0,53.7163634,0.0,73.9454902,0.0,-2.5956e-07,3060.9214,0.0,74.759205,-0.165878189,0.0,4873.219,2866.17256,1435.86357,0.0,0.0
1797.0,0.0,4876.29555,300.0,0.0,153.193345,0.0,194.600506,0.0,1430.14114,344.587029,0.0,51.6077209,0.0,71.0881045,0.0,-2.5956e-07,3060.9214,0.0,74.4612607,-0.165170441,0.0,4876.29555,2864.11147,1430.14114,0.0,0.0
1797.5,0.0,4879.35898,300.0,0.0,153.289586,0.0,194.718823,0.0,1424.44309,325.147862,0.0,48.5023065,0.0,66.8531916,0.0,-2.5956e-07,3060.9214,0.0,74.1645888,-0.164468509,0.0,4879.35898,2862.05909,1424.44309,0.0,0.0
1798.0,0.0,4882.40935,300.0,0.0,153.385416,0.0,194.836637,0.0,1418.76918,330.703763,0.0,49.1327275,0.0,67.7656575,0.0,-2.5956e-07,3060.9214,0.0,73.8691725,-0.163772341,0.0,4882.40935,2860.01544,1418.76918,0.0,0.0
1798.5,1.489021009,4888.75669,300.0,0.0,153.584822,0.0,195.081728,0.0,1413.12219,350.398941,0.0,51.8517659,0.0,71.56117,0.0,-2.5956e-07,3060.9214,0.0,73.575162,-0.16135131,0.0,4888.75669,2859.35939,1413.12219,0.0,0.0
1799.0,96.4660173,6253.13652,120.1117934,-23.4921862,65.9373971,-17.5983223,88.9524172,-16.8347318,1410.4512,354.258792,90.97849,52.3245232,13.4715039,69.3321738,16.181086,1.21457e-07,3060.9214,0.0,73.4360925,0.2847649786,0.0,6253.13652,3425.52823,1410.4512,0.0,0.0
1799.5,243.386296,5904.277599999999,-112.6434604,-112.6434604,-69.3829871,-69.3829871,-65.4878388,-65.4878388,1444.33643,349.055173,349.055173,52.7926509,52.7926509,63.9257373,63.9257373,1.0971373e-05,3060.9214,0.0,75.2003484,1.44190022,0.0,5904.277599999999,3300.15085,1444.33643,0.0,0.0
1800.0,296.8185,5331.5048,-126.237695111111,-126.237695111111,-70.494103222222,-70.494103222222,-66.061813,-66.061813,1493.436811111111,347.15552,347.15552,54.292464444444,54.292464444444,65.327494555556,65.327494555556,3.3559601e-05,3060.9214,0.0,77.756792666667,1.515479166667,0.0,5331.5048,3090.485255555556,1493.436811111111,0.0,0.0
