"","T","Speed","Speed.1","grade"
"1",0,0,0,4.60852948518901
"2",1,0,0,4.60772439312229
"3",2,0,0,4.60692038524
"4",3,0,0,4.6061174799062
"5",4,0,0,4.60531566837841
"6",5,0,0,4.6045149420421
"7",6,0,0,4.60371529240818
"8",7,0,10.2642774582003,4.60291671111062
"9",8,10.2642774582003,18.4249418792274,4.60211918977245
"10",9,18.4249418792274,25.3739729515132,4.60132271601302
"11",10,25.3739729515132,27.1567255046319,4.60052727762851
"12",11,27.1567255046319,27.3714065552007,4.59973286258865
"13",12,27.3714065552007,29.031760740686,4.59893945997947
"14",13,29.031760740686,30.6021628390643,4.59814706011783
"15",14,30.6021628390643,29.2326749969262,4.5973556534563
"16",15,29.2326749969262,24.672252434699,4.59656523058072
"17",16,24.672252434699,25.3739729515132,4.59577599569776
"18",17,25.3739729515132,27.3714065552007,4.59498815398781
"19",18,27.3714065552007,27.3714065552007,4.5942019078077
"20",19,27.3714065552007,28.2138000681148,4.59341745674222
"21",20,28.2138000681148,27.7957947336244,4.5926349970076
"22",21,27.7957947336244,28.8294463833228,4.59185471796231
"23",22,28.8294463833228,29.2326749969262,4.59107680640595
"24",23,29.2326749969262,30.2172146660142,4.59030135419462
"25",24,30.2172146660142,32.4584952895901,4.58952833432199
"26",25,32.4584952895901,34.2142581940008,4.58875772014183
"27",26,34.2142581940008,33.870387556292,4.58798948536163
"28",27,33.870387556292,32.9950356874134,4.58722360758496
"29",28,32.9950356874134,32.4584952895901,4.58646007990268
"30",29,32.4584952895901,33.1719540294859,4.58569889549618
"31",30,33.1719540294859,32.8171636022883,4.58494004763578
"32",31,32.8171636022883,32.9950356874134,4.58418352913255
"33",32,32.9950356874134,33.5229897976198,4.58342933278352
"34",33,33.5229897976198,32,4.58267745823083
"35",34,32,33.1719540294859,4.58192790901735
"36",35,33.1719540294859,33.5229897976198,4.58118068864073
"37",36,33.5229897976198,33.870387556292,4.58043580055416
"38",37,33.870387556292,34.3849039178565,4.57969324458896
"39",38,34.3849039178565,36.5308311902814,4.57895300525669
"40",39,36.5308311902814,39,4.57821506780003
"41",40,39,40,4.57747941780456
"42",41,40,41,4.57674602205407
"43",42,41,40,4.57601484454717
"44",43,40,41,4.57528587947881
"45",44,41,41,4.57455913655714
"46",45,41,40,4.57383463329143
"47",46,40,39,4.57311238228639
"48",47,39,39,4.57239239656109
"49",48,39,37,4.57167468957247
"50",49,37,36,4.57095927461537
"51",50,36,35,4.57024616482508
"52",51,35,33,4.56953537048168
"53",52,33,32,4.56882689546563
"54",53,32,30,4.56812074361137
"55",54,30,25,4.56741691870804
"56",55,25,20,4.56671542449077
"57",56,20,16,4.56601626210023
"58",57,16,12,4.565319432243
"59",58,12,7,4.56462493561743
"60",59,7,4,4.56393277291379
"61",60,4,1,4.5632429446549
"62",61,1,0,4.56255545032288
"63",62,0,0,4.56187028998439
"64",63,0,0,4.56118746506866
"65",64,0,0,4.56050697698863
"66",65,0,0,4.55982882714127
"67",66,0,0,4.55915300819904
"68",67,0,0,4.5584795065709
"69",68,0,0,4.55780830881792
"70",69,0,0,4.55713940157153
"71",70,0,0,4.55647277137241
"72",71,0,0,4.55580840491025
"73",72,0,0,4.55514628634669
"74",73,0,0,4.55448639696899
"75",74,0,0,4.55382871826929
"76",75,0,0,4.55317323194166
"77",76,0,0,4.55251991987912
"78",77,0,0,4.55186876387587
"79",78,0,0,4.55121974471034
"80",79,0,0,4.55057283091372
"81",80,0,0,4.54992799135436
"82",81,0,0,4.54928519523297
"83",82,0,0,4.54864441207793
"84",83,0,0,4.54800561174062
"85",84,0,0,4.54736876439888
"86",85,0,0,4.54673385510389
"87",86,0,0,4.54610086956105
"88",87,0,0,4.54546979362521
"89",88,0,0,4.54484061329855
"90",89,0,0,4.54421331472855
"91",90,0,0,4.54358788420601
"92",91,0,0,4.54296430820911
"93",92,0,0,4.54234257512411
"94",93,0,0,4.54172267241048
"95",94,0,0,4.5411045876557
"96",95,0,0,4.54048830857344
"97",96,0,0,4.53987382300193
"98",97,0,0,4.53926111890222
"99",98,0,0,4.53865018435658
"100",99,0,0,4.53804100802503
"101",100,0,0,4.53743358042556
"102",101,0,0,4.53682789252225
"103",102,0,3,4.53622393536892
"104",103,3,8,4.53562170010801
"105",104,8,15,4.53502117796933
"106",105,15,16,4.53442236026898
"107",106,16,17,4.53382523840818
"108",107,17,20,4.5332298038722
"109",108,20,22,4.5326360484339
"110",109,22,23,4.53204396432266
"111",110,23,22,4.53145354384301
"112",111,22,25,4.53086477937374
"113",112,25,28,4.53027766336692
"114",113,28,32,4.52969218834695
"115",114,32,35,4.52910834690967
"116",115,35,38,4.52852613172142
"117",116,38,39,4.52794553601779
"118",117,39,39,4.52736655399961
"119",118,39,39,4.52678917564691
"120",119,39,40,4.52621338856415
"121",120,40,43,4.52563918047199
"122",121,43,46,4.52506653920587
"123",122,46,49,4.52449545271454
"124",123,49,50,4.5239259090587
"125",124,50,51,4.52335789640958
"126",125,51,52,4.52279140455085
"127",126,52,54,4.522226423419
"128",127,54,55,4.52166294304282
"129",128,55,56,4.52110095349026
"130",129,56,58,4.52054044430253
"131",130,58,59,4.51998140511594
"132",131,59,60,4.51942382566072
"133",132,60,59,4.5188676957599
"134",133,59,59,4.5183130053282
"135",134,59,59,4.51775974259158
"136",135,59,58,4.5172078957802
"137",136,58,59,4.51665745322928
"138",137,59,60,4.51610840337793
"139",138,60,60,4.51556073476781
"140",139,60,59,4.51501443648549
"141",140,59,58,4.51446949908209
"142",141,58,59,4.51392591319187
"143",142,59,60,4.51338366953123
"144",143,60,60,4.51284275889223
"145",144,60,60,4.5123031721402
"146",145,60,59,4.51176490021992
"147",146,59,58,4.51122793415469
"148",147,58,59,4.51069226504541
"149",148,59,60,4.51015788406969
"150",149,60,60,4.50962478248099
"151",150,60,59,4.50909295152269
"152",151,59,58,4.50856238239142
"153",152,58,57,4.50803306638285
"154",153,57,57,4.50750499555496
"155",154,57,58,4.50697816203303
"156",155,58,59,4.50645255800888
"157",156,59,59,4.50592817574014
"158",157,59,58,4.50540500754949
"159",158,58,55,4.50488304582396
"160",159,55,52,4.50436228301419
"161",160,52,49,4.50384271163372
"162",161,49,46,4.5033243158831
"163",162,46,46,4.50280707566349
"164",163,46,46,4.50229097129602
"165",164,46,48,4.50177598326398
"166",165,48,49,4.50126209221111
"167",166,49,51,4.50074927893978
"168",167,51,52,4.50023752440931
"169",168,52,52,4.49972680973421
"170",169,52,53,4.49921711618258
"171",170,53,53,4.49870842517435
"172",171,53,54,4.49820071936209
"173",172,54,54,4.49769398667456
"174",173,54,53,4.49718822078316
"175",174,53,53,4.49668341541004
"176",175,53,53,4.49617956432758
"177",176,53,53,4.49567666135786
"178",177,53,53,4.49517470037211
"179",178,53,53,4.49467367529021
"180",179,53,53,4.49417358008015
"181",180,53,53,4.49367440904923
"182",181,53,53,4.49317615671487
"183",182,53,53,4.49267881763755
"184",183,53,53,4.49218238642039
"185",184,53,52,4.49168685982866
"186",185,52,52,4.4911922365891
"187",186,52,52,4.49069851543835
"188",187,52,51,4.49020569512282
"189",188,51,51,4.48971377439864
"190",189,51,51,4.48922275185714
"191",190,51,50,4.48873262594109
"192",191,50,49,4.48824339510519
"193",192,49,48,4.48775505781597
"194",193,48,47,4.48726761255167
"195",194,47,47,4.48678105780212
"196",195,47,47,4.48629539206861
"197",196,47,47,4.48581061386379
"198",197,47,47,4.48532672443946
"199",198,47,46,4.48484372585386
"200",199,46,45,4.48436161993499
"201",200,45,45,4.48388040849716
"202",201,45,45,4.48340128784125
"203",202,45,46,4.48292426110914
"204",203,46,47,4.48244933147359
"205",204,47,47,4.48197650213781
"206",205,47,48,4.48150577633499
"207",206,48,49,4.48103715732791
"208",207,49,50,4.48057064842116
"209",208,50,50,4.48010625322018
"210",209,50,49,4.47964397535689
"211",210,49,49,4.47918381852195
"212",211,49,48,4.47872578664397
"213",212,48,48,4.478269883677
"214",213,48,48,4.47781611360009
"215",214,48,49,4.47736448041696
"216",215,49,49,4.4769149881557
"217",216,49,48,4.47646764085332
"218",217,48,48,4.47602244248914
"219",218,48,48,4.47557939706639
"220",219,48,48.8677352075437,4.4751385086119
"221",220,48.8677352075437,49.1066986469799,4.47469978117574
"222",221,49.1066986469799,48.3862679520716,4.47426321883097
"223",222,48.3862679520716,48,4.47382882567324
"224",223,48,47.6549472418737,4.47339660582057
"225",224,47.6549472418737,47.7776114360038,4.47296656227038
"226",225,47.7776114360038,48.1437287536825,4.47253869450599
"227",226,48.1437287536825,48.1437287536825,4.47211300021186
"228",227,48.1437287536825,48.6275974716555,4.47168947699046
"229",228,48.6275974716555,48.5070827809647,4.47126812247591
"230",229,48.5070827809647,48.1437287536825,4.47084893433356
"231",230,48.1437287536825,49.225745377885,4.47043191025956
"232",231,49.225745377885,49.1066986469799,4.47001704798049
"233",232,49.1066986469799,49.225745377885,4.46960434525295
"234",233,49.225745377885,49.3445048693418,4.46919379986317
"235",234,49.3445048693418,48.8677352075437,4.46878540962665
"236",235,48.8677352075437,48.8677352075437,4.46837916939439
"237",236,48.8677352075437,49.816711890043,4.46797507230299
"238",237,49.816711890043,49.5811705461418,4.46757311154234
"239",238,49.5811705461418,49.5811705461418,4.46717328020077
"240",239,49.5811705461418,49.1066986469799,4.46677556958551
"241",240,49.1066986469799,49.1066986469799,4.46637997105506
"242",241,49.1066986469799,47.8999614715467,4.46598647601857
"243",242,47.8999614715467,47.1611002924756,4.46559507593522
"244",243,47.1611002924756,46.66202695147,4.46520576231357
"245",244,46.66202695147,46.4104778459086,4.46481852727326
"246",245,46.4104778459086,45.9032442840359,4.46443336495826
"247",246,45.9032442840359,45.5191099560895,4.46405026954733
"248",247,45.5191099560895,45.131706227345,4.46366923525364
"249",248,45.131706227345,45.131706227345,4.46329025632431
"250",249,45.131706227345,46.7872943996763,4.46291332704007
"251",250,46.7872943996763,48.1437287536825,4.46253844171479
"252",251,48.1437287536825,47.6549472418737,4.4621655946951
"253",252,47.6549472418737,47.8999614715467,4.46179478036003
"254",253,47.8999614715467,46.9122272960085,4.46142599140634
"255",254,46.9122272960085,47.2850455928987,4.46105921800191
"256",255,47.2850455928987,46.9122272960085,4.4606944495815
"257",256,46.9122272960085,46.7872943996763,4.46033167562184
"258",257,46.7872943996763,46.9122272960085,4.45997088564119
"259",258,46.9122272960085,46.4104778459086,4.4596120691988
"260",259,46.4104778459086,46.4104778459086,4.45925521589449
"261",260,46.4104778459086,45.9032442840359,4.45890031536813
"262",261,45.9032442840359,45.6475138918456,4.45854735729922
"263",262,45.6475138918456,45.6475138918456,4.45819633140643
"264",263,45.6475138918456,45,4.45784722744711
"265",264,45,44,4.45750003472033
"266",265,44,45,4.45715474211158
"267",266,45,45,4.45681133854805
"268",267,45,44,4.45646981299814
"269",268,44,44,4.45613015670803
"270",269,44,44,4.4557923622605
"271",270,44,44,4.4554564222782
"272",271,44,44,4.4551223294232
"273",272,44,44,4.45479007639655
"274",273,44,44,4.45445965593789
"275",274,44,45,4.45413106082497
"276",275,45,44,4.45380428758487
"277",276,44,42,4.45347933444035
"278",277,42,41,4.45315619962814
"279",278,41,40,4.4528348813988
"280",279,40,39,4.45251537801661
"281",280,39,38,4.45219768775936
"282",281,38,39,4.45188180891827
"283",282,39,40,4.45156773979781
"284",283,40,41,4.45125547873919
"285",284,41,42,4.45094502413958
"286",285,42,43.2779937024099,4.45063637440894
"287",286,43.2779937024099,44.2145657601897,4.45032952769566
"288",287,44.2145657601897,44.0819880323377,4.45002448196161
"289",288,44.0819880323377,45.131706227345,4.44972123518299
"290",289,45.131706227345,44.7409481597619,4.44941978535022
"291",290,44.7409481597619,44.6099348519434,4.44912013046777
"292",291,44.6099348519434,45.131706227345,4.44882226855403
"293",292,45.131706227345,44.3467470935245,4.44852619764116
"294",293,44.3467470935245,44.0819880323377,4.44823191577496
"295",294,44.0819880323377,44.6099348519434,4.44793942101471
"296",295,44.6099348519434,44,4.44764871143303
"297",296,44,42,4.44735978511579
"298",297,42,41.9037372469771,4.4470726389759
"299",298,41.9037372469771,38,4.44678726485354
"300",299,38,25,4.44650364791236
"301",300,25,14.5158803958181,4.44622177167188
"302",301,14.5158803958181,6.84285163879239,4.44594161968774
"303",302,6.84285163879239,4.83862676461723,4.44566317555136
"304",303,4.83862676461723,0,4.44538642288956
"305",304,0,0,4.44511134536423
"306",305,0,0,4.44483792667197
"307",306,0,0,4.44456615054377
"308",307,0,0,4.44429600074466
"309",308,0,0,4.44402746124396
"310",309,0,0,4.44376051806888
"311",310,0,0,4.44349515727168
"312",311,0,0,4.44323136492948
"313",312,0,0,4.44296912714396
"314",313,0,0,4.44270843004117
"315",314,0,0,4.44244925977128
"316",315,0,0,4.44219160705735
"317",316,0,0,4.44193546470251
"318",317,0,0,4.44168082553338
"319",318,0,0,4.44142768239976
"320",319,0,0,4.44117602817448
"321",320,0,0,4.44092585842126
"322",321,0,0,4.44067716992124
"323",322,0,0,4.44042995946462
"324",323,0,0,4.44018422385059
"325",324,0,0,4.43993995988723
"326",325,0,0,4.43969716439143
"327",326,0,0,4.43945583418883
"328",327,0,0,4.4392159661137
"329",328,0,0,4.43897755700892
"330",329,0,0,4.43874060372582
"331",330,0,0,4.43850510312419
"332",331,0,0,4.43827105074864
"333",332,0,0,4.43803843907287
"334",333,0,0,4.43780726059741
"335",334,0,2,4.4375775078493
"336",335,2,3,4.43734917338193
"337",336,3,6,4.43712224977475
"338",337,6,11.8521666982518,4.43689672963307
"339",338,11.8521666982518,13,4.43667260558783
"340",339,13,16.0479095675664,4.43644987029532
"341",340,16.0479095675664,16.0479095675664,4.43622851643706
"342",341,16.0479095675664,16.7614948987908,4.43600853671946
"343",342,16.7614948987908,18.1044837037229,4.43578992541176
"344",343,18.1044837037229,18.4249418792064,4.43557268340642
"345",344,18.4249418792064,19.9501693289052,4.43535681159471
"346",345,19.9501693289052,20.2414280900783,4.43514231086678
"347",346,20.2414280900783,19.9501693289052,4.43492918211161
"348",347,19.9501693289052,19.3545071604353,4.43471742621707
"349",348,19.3545071604353,19.049692726438,4.43450704144948
"350",349,19.049692726438,18.7399209902559,4.43429802455561
"351",350,18.7399209902559,19.6545949403246,4.43409037228111
"352",351,19.6545949403246,19.3545071604353,4.43388408137053
"353",352,19.3545071604353,19.9501693289052,4.43367914856735
"354",353,19.9501693289052,18.7399209902559,4.4334755681031
"355",354,18.7399209902559,17.4459170137893,4.43327332966743
"356",355,17.4459170137893,17.4459170137893,4.43307242297
"357",356,17.4459170137893,18.1044837037229,4.43287283774029
"358",357,18.1044837037229,18.4249418792064,4.43267456372747
"359",358,18.4249418792064,18.7399209902559,4.43247759070022
"360",359,18.7399209902559,18.7399209902559,4.43228190844655
"361",360,18.7399209902559,18.4249418792064,4.43208750677365
"362",361,18.4249418792064,18.7399209902559,4.43189437550777
"363",362,18.7399209902559,18.1044837037229,4.43170250449398
"364",363,18.1044837037229,16.0479095675664,4.43151188359608
"365",364,16.0479095675664,13.6857032775848,4.43132249042508
"366",365,13.6857032775848,10.2642774581886,4.43113429263704
"367",366,10.2642774581886,6.84285163879239,4.43094725797627
"368",367,6.84285163879239,6.84285163879239,4.43076135427463
"369",368,6.84285163879239,6.84285163879239,4.43057654945079
"370",369,6.84285163879239,6.84285163879239,4.43039281150956
"371",370,6.84285163879239,4.83862676461723,4.43021010854116
"372",371,4.83862676461723,3,4.43002840872052
"373",372,3,2,4.42984768030664
"374",373,2,0,4.42966789164188
"375",374,0,0,4.42948901573653
"376",375,0,0,4.42931103983979
"377",376,0,0,4.42913395123079
"378",377,0,0,4.42895773721838
"379",378,0,0,4.42878238514089
"380",379,0,0,4.42860788236588
"381",380,0,0,4.42843421628991
"382",381,0,0,4.42826137822736
"383",382,0,0,4.42808936017885
"384",383,0,0,4.42791815417336
"385",384,0,0,4.42774775215197
"386",385,0,0,4.4275781457254
"387",386,0,0,4.42740932653331
"388",387,0,0,4.42724128624405
"389",388,0,0,4.42707401655446
"390",389,0,0,4.42690750918964
"391",390,0,0,4.42674175590273
"392",391,0,0,4.42657674847467
"393",392,0,0,4.42641247871406
"394",393,0,0,4.42624893845688
"395",394,0,0,4.42608611383445
"396",395,0,0,4.42592398577789
"397",396,0,0,4.42576253527291
"398",397,0,0,4.42560174099135
"399",398,0,0,4.42544157895011
"400",399,0,0,4.42528202521952
"401",400,0,0,4.42512305592285
"402",401,0,0,4.42496463867056
"403",402,0,0,4.42480674107312
"404",403,0,0,4.42464933787506
"405",404,0,0,4.42449242261898
"406",405,0,0,4.42433598884745
"407",406,0,0,4.42418003010305
"408",407,0,0,4.42402453992835
"409",408,0,0,4.42386951193435
"410",409,0,0,4.42371494188682
"411",410,0,0,4.42356082555151
"412",411,0,0,4.42340715869419
"413",412,0,0,4.42325393607776
"414",413,0,0,4.42310114931682
"415",414,0,0,4.42294878639532
"416",415,0,0,4.42279683529721
"417",416,0,0,4.4226451687218
"418",417,0,0,4.4224936573086
"419",418,0,0,4.42234217169711
"420",419,0,0,4.42219058252683
"421",420,0,0,4.42203876114895
"422",421,0,0,4.4218865835492
"423",422,0,0,4.42173392571329
"424",423,0,0,4.42158071515696
"425",424,0,0,4.42142694526998
"426",425,0,0,4.42127260944208
"427",426,0,0,4.42111770106303
"428",427,0,0,4.42096220949492
"429",428,0,6.84285163880017,4.42080610678025
"430",429,6.84285163880017,13.6857032776003,4.42064936496152
"431",430,13.6857032776003,18.7399209902772,4.42049195497008
"432",431,18.7399209902772,18.7399209902772,4.42033384801441
"433",432,18.7399209902772,19.0496927264596,4.42017501536503
"434",433,19.0496927264596,19.3545071604573,4.42001542042598
"435",434,19.3545071604573,20.8117207545542,4.4198550220428
"436",435,20.8117207545542,21.9078145589155,4.419693779061
"437",436,21.9078145589155,21.9078145589155,4.41953165032614
"438",437,21.9078145589155,19.9501693289278,4.41936859892383
"439",438,19.9501693289278,20.5285549164005,4.4192046061728
"440",439,20.5285549164005,20.5285549164005,4.41903965307107
"441",440,20.5285549164005,21.6389968767211,4.41887372052159
"442",441,21.6389968767211,21.9078145589155,4.41870681229972
"443",442,21.9078145589155,23.7043333965306,4.41853893604908
"444",443,23.7043333965306,25.6036063601537,4.41837006326481
"445",444,25.6036063601537,28.0055773166416,4.418200146603
"446",445,28.0055773166416,31.3578855957425,4.41802912901774
"447",446,31.3578855957425,33.5229897976198,4.41785695933891
"448",447,33.5229897976198,34,4.41768358592242
"449",448,34,33,4.41750895633089
"450",449,33,35,4.41733301812694
"451",450,35,38,4.4171557188732
"452",451,38,41.057109832801,4.41697700951855
"453",452,41.057109832801,44.0819880323878,4.41679684892121
"454",453,44.0819880323878,45.9032442840881,4.41661519593939
"455",454,45.9032442840881,46,4.41643200943131
"456",455,46,46,4.41624724826121
"457",456,46,47,4.41606087452428
"458",457,47,47,4.4158728508564
"459",458,47,48,4.41568313989346
"460",459,48,48,4.41549170427134
"461",460,48,47,4.41529850683328
"462",461,47,39,4.41510351177275
"463",462,39,29,4.41490668290424
"464",463,29,28,4.41470798111252
"465",464,28,29,4.41450736610402
"466",465,29,30,4.41430479758522
"467",466,30,32.638322122263,4.4141002468452
"468",467,32.638322122263,33.5229897976198,4.41389369364475
"469",468,33.5229897976198,35.2257347951497,4.41368511774465
"470",469,35.2257347951497,36.5308311902814,4.4134744989592
"471",470,36.5308311902814,37.1661976101426,4.41326181726419
"472",471,37.1661976101426,37.7908833518059,4.41304705263541
"473",472,37.7908833518059,39.1600083973672,4.41283018868645
"474",473,39.1600083973672,41.4825834439285,4.41261121319199
"475",474,41.4825834439285,44,4.41239011392674
"476",475,44,45.6475138918975,4.41216687866538
"477",476,45.6475138918975,47.2850455929525,4.41194149518258
"478",477,47.2850455929525,47,4.4117139514573
"479",478,47,46,4.41148423704136
"480",479,46,46,4.41125235920773
"481",480,46,46,4.41101832630589
"482",481,46,47,4.41078214668531
"483",482,47,47,4.41054382869549
"484",483,47,46,4.41030338068588
"485",484,46,45,4.41006081100032
"486",485,45,45,4.40981610736303
"487",486,45,44,4.40956925678691
"488",487,44,45,4.40932024628485
"489",488,45,45,4.40906906286976
"490",489,45,46,4.40881569355452
"491",490,46,46,4.40856012535203
"492",491,46,45,4.40830234520816
"493",492,45,46,4.40804233728792
"494",493,46,46,4.40778008652228
"495",494,46,47,4.40751557784219
"496",495,47,47,4.40724879669781
"497",496,47,46,4.40697973192021
"498",497,46,45,4.40670837234051
"499",498,45,45,4.4064347067898
"500",499,45,45,4.40615872341415
"501",500,45,45,4.40588040799129
"502",501,45,46,4.40559974603442
"503",502,46,46,4.40531672305669
"504",503,46,47,4.40503132457127
"505",504,47,47,4.40474353609134
"506",505,47,48,4.40445334313005
"507",506,48,49,4.40416073120057
"508",507,49,50,4.40386568581608
"509",508,50,50,4.40356819216755
"510",509,50,51,4.40326823485647
"511",510,51,51,4.40296579848431
"512",511,51,51,4.40266086765257
"513",512,51,51,4.40235342954948
"514",513,51,50,4.4020434722523
"515",514,50,48,4.40173098383826
"516",515,48,44,4.40141595238461
"517",516,44,41,4.4010983655739
"518",517,41,38,4.40077821037445
"519",518,38,32,4.40045548055264
"520",519,32,27,4.40013017381419
"521",520,27,20,4.39980228786481
"522",521,20,14,4.39947182041024
"523",522,14,9,4.39913876915619
"524",523,9,4,4.39880313180839
"525",524,4,2,4.39846490607256
"526",525,2,1,4.39812408843303
"527",526,1,0,4.39778067532624
"528",527,0,0,4.3974346631886
"529",528,0,0,4.39708604812213
"530",529,0,0,4.39673482225183
"531",530,0,0,4.39638097770268
"532",531,0,0,4.39602450659967
"533",532,0,0,4.3956654010678
"534",533,0,0,4.39530365323204
"535",534,0,0,4.39493925670313
"536",535,0,0,4.39457220517661
"537",536,0,0,4.39420249234802
"538",537,0,0,4.39383011191289
"539",538,0,0,4.39345505756675
"540",539,0,0,4.39307732225348
"541",540,0,0,4.39269689659086
"542",541,0,0,4.39231377119669
"543",542,0,0,4.39192793668878
"544",543,0,0,4.39153938368968
"545",544,0,0,4.39114810282798
"546",545,0,0,4.39075408308862
"547",546,0,0,4.39035731109999
"548",547,0,0,4.3899577734905
"549",548,0,0,4.38955545688856
"550",549,0,0,4.38915034792257
"551",550,0,0,4.38874243336977
"552",551,0,0,4.38833170022077
"553",552,0,0,4.38791813544506
"554",553,0,0,4.38750172540468
"555",554,0,0,4.38708245646168
"556",555,0,0,4.38666031497808
"557",556,0,0,4.38623528731594
"558",557,0,4.83862676462273,4.38580735983729
"559",558,4.83862676462273,14.1069000085658,4.38537651890417
"560",559,14.1069000085658,20.2414280901013,4.38494275087862
"561",560,20.2414280901013,24.1931339760633,4.38450604212269
"562",561,24.1931339760633,25.6036063601537,4.38406639411569
"563",562,25.6036063601537,28.6257021506374,4.38362382358419
"564",563,28.6257021506374,32.2776665857072,4.38317834898656
"565",564,32.2776665857072,36.2089673565037,4.38272998878113
"566",565,36.2089673565037,40.1926527716344,4.38227876142624
"567",566,40.1926527716344,44.6099348519941,4.38182468538023
"568",567,44.6099348519941,45.2612092083754,4.38136777910146
"569",568,45.2612092083754,45.9032442840881,4.38090806104826
"570",569,45.9032442840881,47.5319665439825,4.38044554967899
"571",570,47.5319665439825,49.1066986470357,4.37998026345197
"572",571,49.1066986470357,49.9340658762125,4.37951221982166
"573",572,49.9340658762125,50.1679503675069,4.37904142686331
"574",573,50.1679503675069,49.3445048693979,4.3785678821232
"575",574,49.3445048693979,47.8999614716012,4.37809158314762
"576",575,47.8999614716012,46.9122272960619,4.37761252748287
"577",576,46.9122272960619,46.662026951523,4.37713071267522
"578",577,46.662026951523,46.1575578016771,4.37664613627096
"579",578,46.1575578016771,46.2841905804522,4.3761587985067
"580",579,46.2841905804522,44.3467470935749,4.37566870449977
"581",580,44.3467470935749,44.3467470935749,4.37517585909046
"582",581,44.3467470935749,43.5476411365206,4.37468026696157
"583",582,43.5476411365206,43.0066556649003,4.37418193279591
"584",583,43.0066556649003,42.3207001276638,4.37368086127628
"585",584,42.3207001276638,41.6234415600917,4.37317705301502
"586",585,41.6234415600917,41.3412454737208,4.37267050489721
"587",586,41.3412454737208,41,4.37216121380795
"588",587,41,40.4828562311858,4.3716491766323
"589",588,40.4828562311858,40.1926527716344,4.37113439025536
"590",589,40.1926527716344,39.6058672402054,4.37061685173178
"591",590,39.6058672402054,39.9003387088389,4.37009655827165
"592",591,39.9003387088389,39.6058672402054,4.36957350708506
"593",592,39.6058672402054,39.3091898806939,4.3690476953821
"594",593,39.3091898806939,35.8842166999931,4.36851912037287
"595",594,35.8842166999931,32.4584952895901,4.36798777791517
"596",595,32.4584952895901,31.7289977392545,4.36745365968221
"597",596,31.7289977392545,32.638322122263,4.36691675734721
"598",597,32.638322122263,32.2776665857072,4.36637705716847
"599",598,32.2776665857072,33.5229897976198,4.36583454366203
"600",599,33.5229897976198,34.2142581940008,4.36528920155814
"601",600,34.2142581940008,35.2257347951497,4.36474101558708
"602",601,35.2257347951497,33,4.36418997047909
"603",602,33,26,4.36363605096444
"604",603,26,17,4.36307924177339
"605",604,17,9.67725358022867,4.3625195276362
"606",605,9.67725358022867,4.83862676462273,4.36195689328314
"607",606,4.83862676462273,0,4.36139132344445
"608",607,0,0,4.36082280284607
"609",608,0,0,4.36025131612079
"610",609,0,0,4.35967684790143
"611",610,0,0,4.3590993827556
"612",611,0,0,4.35851890955715
"613",612,0,0,4.35793541797998
"614",613,0,0,4.35734889769801
"615",614,0,0,4.35675933838515
"616",615,0,0,4.35616672971532
"617",616,0,0,4.35557106136771
"618",617,0,0,4.35497232305016
"619",618,0,0,4.3543705044705
"620",619,0,0,4.35376559533659
"621",620,0,0,4.35315758535625
"622",621,0,0,4.35254646423733
"623",622,0,0,4.35193222168766
"624",623,0,0,4.3513148474151
"625",624,0,0,4.35069433341271
"626",625,0,0,4.35007067874527
"627",626,0,0,4.34944388313475
"628",627,0,0,4.34881394554501
"629",628,0,0,4.34818086150349
"630",629,0,0,4.34754462653764
"631",630,0,0,4.3469052361749
"632",631,0,0,4.34626268594273
"633",632,0,0,4.34561697136855
"634",633,0,0,4.34496808797983
"635",634,0,0,4.344316031304
"636",635,0,0,4.3436607979763
"637",636,0,0,4.34300238528463
"638",637,0,0,4.34234079051688
"639",638,0,0,4.34167601126921
"640",639,0,0,4.34100804880392
"641",640,0,0,4.34033690438331
"642",641,0,0,4.33966257926966
"643",642,0,0,4.33898507472526
"644",643,0,3,4.33830439201241
"645",644,3,12.3361262173355,4.33762053194146
"646",645,12.3361262173355,18.7399209902559,4.33693349435227
"647",646,18.7399209902559,23.4561136480043,4.33624327908473
"648",647,23.4561136480043,24.1931339760358,4.3355498859787
"649",648,24.1931339760358,26.5022504218166,4.33485331487406
"650",649,26.5022504218166,30.9823284803646,4.33415356561069
"651",650,30.9823284803646,35.8842166999523,4.33345063802846
"652",651,35.8842166999523,39.9003387087935,4.33274453196724
"653",652,39.9003387087935,44.0819880323377,4.33203524726691
"654",653,44.0819880323377,46.2841905803996,4.33132278719586
"655",654,46.2841905803996,46.1575578016246,4.33060715761787
"656",655,46.1575578016246,45.9032442840359,4.32988836469724
"657",656,45.9032442840359,48.5070827809647,4.32916641459825
"658",657,48.5070827809647,51.2072127712323,4.3284413134852
"659",658,51.2072127712323,50,4.32771306752238
"660",659,50,50.2844846963725,4.32698168287409
"661",660,50.2844846963725,50.5167467997146,4.32624716561728
"662",661,50.5167467997146,51.4353083730786,4.32550952126017
"663",662,51.4353083730786,51.6623969034267,4.32476875531095
"664",663,51.6623969034267,52.7831867234991,4.32402487327783
"665",664,52.7831867234991,52.5609407321129,4.32327788086647
"666",665,52.5609407321129,53.0045008436332,4.32252778396329
"667",666,53.0045008436332,51.6623969034267,4.32177458845472
"668",667,51.6623969034267,52,4.32101830022721
"669",668,52,53,4.3202589206932
"670",669,53,53,4.31949644867255
"671",670,53,52,4.31873088298514
"672",671,52,51,4.31796222245081
"673",672,51,50,4.31719046588943
"674",673,50,50,4.31641561212086
"675",674,50,50,4.31563765996496
"676",675,50,50,4.31485660672945
"677",676,50,49,4.31407244913258
"678",677,49,49,4.31328518807348
"679",678,49,49,4.31249482445131
"680",679,49,50,4.31170135916524
"681",680,50,50,4.31090479311443
"682",681,50,50,4.31010512719802
"683",682,50,50,4.30930236231517
"684",683,50,50,4.30849649931773
"685",684,50,51,4.30768753897169
"686",685,51,51,4.30687548204302
"687",686,51,50,4.30606032941209
"688",687,50,50,4.30524208204287
"689",688,50,50,4.30442074089937
"690",689,50,49,4.30359630694557
"691",690,49,48,4.30276878114546
"692",691,48,47,4.30193816446303
"693",692,47,44,4.30110445728977
"694",693,44,41,4.3002676575552
"695",694,41,38,4.29942776318889
"696",695,38,35,4.29858477212039
"697",696,35,34,4.29773868227924
"698",697,34,34,4.29688949210038
"699",698,34,35,4.29603720219192
"700",699,35,35,4.29518182658882
"701",700,35,35,4.29432338268722
"702",701,35,35,4.29346188788327
"703",702,35,34,4.29259735957313
"704",703,34,34,4.29172981515295
"705",704,34,33,4.29085927201888
"706",705,33,33,4.28998574756708
"707",706,33,32,4.28910925919369
"708",707,32,32,4.28822982429487
"709",708,32,33,4.28734746044375
"710",709,33,34,4.28646218478661
"711",710,34,35,4.2855740144697
"712",711,35,37,4.2846829666393
"713",712,37,37,4.28378905844167
"714",713,37,37,4.28289230702308
"715",714,37,38,4.2819927295298
"716",715,38,40,4.28109033401011
"717",716,40,40,4.28018512439943
"718",717,40,40,4.27927710463316
"719",718,40,41,4.27836627864672
"720",719,41,42,4.2774526503755
"721",720,42,43,4.2765362225691
"722",721,43,45,4.27561699744102
"723",722,45,48,4.27469497720475
"724",723,48,50,4.27377016407381
"725",724,50,52,4.27284256186037
"726",725,52,51,4.27191217932376
"727",726,51,50,4.27097902522327
"728",727,50,51,4.27004310831823
"729",728,51,51,4.26910443736793
"730",729,51,52,4.26816302113171
"731",730,52,50,4.26721886836886
"732",731,50,48,4.26627198785011
"733",732,48,46,4.26532238837285
"734",733,46,44,4.26437007873447
"735",734,44,43,4.26341506773237
"736",735,43,42,4.26245736416392
"737",736,42,41,4.26149697682651
"738",737,41,40,4.26053391451754
"739",738,40,39,4.2595681860344
"740",739,39,39,4.25859980017447
"741",740,39,39,4.25762876573514
"742",741,39,39,4.25665508634542
"743",742,39,39,4.25567876405131
"744",743,39,39,4.2546997978503
"745",744,39,40,4.25371818673993
"746",745,40,42,4.25273392971771
"747",746,42,44,4.25174702578115
"748",747,44,45,4.25075747392778
"749",748,45,46,4.24976527839588
"750",749,46,46,4.24877044646071
"751",750,46,46,4.24777298539751
"752",751,46,46,4.24677290248152
"753",752,46,46,4.245770204988
"754",753,46,46,4.24476490136926
"755",754,46,46,4.24375700221304
"756",755,46,47,4.2427465181071
"757",756,47,48,4.24173345963919
"758",757,48,48,4.24071783384102
"759",758,48,48,4.23969964367673
"760",759,48,47,4.23867889211046
"761",760,47,45,4.23765558210637
"762",761,45,44,4.23662971662859
"763",762,44,45,4.23560129864128
"764",763,45,46,4.23457033110857
"765",764,46,45,4.2335368219953
"766",765,45,45,4.23250078142599
"767",766,45,45,4.23146221952514
"768",767,45,45,4.23042114641728
"769",768,45,45,4.22937757222692
"770",769,45,45,4.22833150707857
"771",770,45,44,4.22728296109675
"772",771,44,44,4.22623194440598
"773",772,44,44,4.22517846713076
"774",773,44,44,4.2241225372681
"775",774,44,45,4.22306415673964
"776",775,45,45,4.22200332061082
"777",776,45,45,4.22094002394708
"778",777,45,45,4.21987426181385
"779",778,45,45,4.21880602927658
"780",779,45,45,4.2177353214007
"781",780,45,45,4.21666213325164
"782",781,45,45,4.21558645211684
"783",782,45,45,4.21450826396823
"784",783,45,45,4.2134275547778
"785",784,45,46,4.2123443105743
"786",785,46,46,4.21125851756238
"787",786,46,47,4.21017016194665
"788",787,47,47,4.20907922993175
"789",788,47,45,4.2079857092155
"790",789,45,45,4.20688960525415
"791",790,45,45,4.20579092350395
"792",791,45,46,4.20468966942116
"793",792,46,47,4.20358584846201
"794",793,47,48,4.20247946608277
"795",794,48,49,4.20137053058393
"796",795,49,50,4.20025905287045
"797",796,50,51,4.19914504384728
"798",797,51,52,4.19802851915551
"799",798,52,52,4.1969094998537
"800",799,52,50,4.19578800700037
"801",800,50,49,4.19466406165405
"802",801,49,48,4.19353768487328
"803",802,48,49,4.1924088977166
"804",803,49,50,4.19127771427407
"805",804,50,49,4.1901441411189
"806",805,49,47,4.18900818482427
"807",806,47,46,4.18786985196339
"808",807,46,45,4.18672914910946
"809",808,45,44,4.18558608283566
"810",809,44,43,4.18444065971519
"811",810,43,44,4.18329288632127
"812",811,44,44,4.18214276922707
"813",812,44,45,4.18099031550722
"814",813,45,46,4.17983553681235
"815",814,46,46,4.17867845205432
"816",815,46,47,4.17751908014501
"817",816,47,46,4.17635743986694
"818",817,46,46,4.17519354425495
"819",818,46,46,4.17402740634387
"820",819,46,46.9122272960085,4.17285903916854
"821",820,46.9122272960085,47.0368283935602,4.17168845540795
"822",821,47.0368283935602,47.1611002924756,4.17051566542383
"823",822,47.1611002924756,46.4104778459086,4.16934067957789
"824",823,46.4104778459086,45.3903427649077,4.16816350823187
"825",824,45.3903427649077,44.8715789404983,4.16698416174748
"826",825,44.8715789404983,45.3903427649077,4.16580265048646
"827",826,45.3903427649077,45.6475138918456,4.16461898481051
"828",827,45.6475138918456,45.9032442840359,4.16343317709522
"829",828,45.9032442840359,45.3903427649077,4.16224524837591
"830",829,45.3903427649077,44.3467470935245,4.16105522101855
"831",830,44.3467470935245,42.4587778230211,4.15986312372889
"832",831,42.4587778230211,39.4578073876221,4.15866898528987
"833",832,39.4578073876221,34.8918340275786,4.1574728344844
"834",833,34.8918340275786,30.9823284803646,4.15627470402864
"835",834,30.9823284803646,26.2804703660564,4.15507462891803
"836",835,26.2804703660564,19,4.15387264414796
"837",836,19,13.6857032775848,4.15266878471386
"838",837,13.6857032775848,6.84285163879239,4.15146308349109
"839",838,6.84285163879239,4.83862676461723,4.15025556423847
"840",839,4.83862676461723,2,4.14904625071484
"841",840,2,0,4.14783516667901
"842",841,0,0,4.14662232445361
"843",842,0,0,4.14540773274482
"844",843,0,0,4.14419141640872
"845",844,0,0,4.14297340972094
"846",845,0,0,4.14175375180809
"847",846,0,0,4.14053247870015
"848",847,0,0,4.1393096263035
"849",848,0,0,4.13808523094864
"850",849,0,0,4.13685932896608
"851",850,0,0,4.13563195668633
"852",851,0,0,4.13440314874676
"853",852,0,0,4.13317293583009
"854",853,0,0,4.13194134861902
"855",854,0,0,4.13070841779627
"856",855,0,0,4.12947417406214
"857",856,0,0,4.12823864652639
"858",857,0,0,4.12700186402844
"859",858,0,0,4.12576385540769
"860",859,0,0,4.12452464950355
"861",860,0,0,4.12328427505176
"862",861,0,0,4.12204276011294
"863",862,0,0,4.12080013274769
"864",863,0,0,4.11955642508336
"865",864,0,0,4.1183116716039
"866",865,0,0,4.11706590679326
"867",866,0,0,4.11581915934409
"868",867,0,0,4.11457145371316
"869",868,0,0,4.1133228148351
"870",869,0,0,4.11207326851141
"871",870,0,0,4.11082284054359
"872",871,0,0,4.10957155673314
"873",872,0,0,4.10831944106265
"874",873,0,0,4.10706651543419
"875",874,0,0,4.10581280174981
"876",875,0,0,4.10455832191154
"877",876,0,0,4.10330309782146
"878",877,0,0,4.1020471513816
"879",878,0,0,4.10079050376362
"880",879,0,0,4.09953316675677
"881",880,0,8.38074744939541,4.09827514999727
"882",881,8.38074744939541,14.5158803958181,4.09701646312135
"883",882,14.5158803958181,19.9501693289052,4.09575711574316
"884",883,19.9501693289052,19.9501693289052,4.09449711746922
"885",884,19.9501693289052,22.4357894702492,4.0932364779061
"886",885,22.4357894702492,25.6036063601245,4.09197521690632
"887",886,25.6036063601245,29.432217753595,4.09071335467811
"888",887,29.432217753595,33.5229897975817,4.08945091142967
"889",888,33.5229897975817,36.5308311902398,4.08818790736921
"890",889,36.5308311902398,40.7709940546446,4.08692436270495
"891",890,40.7709940546446,40.1926527715888,4.0856602976451
"892",891,40.1926527715888,40.338015509947,4.08439573243137
"893",892,40.338015509947,42.4587778230211,4.08313068879489
"894",893,42.4587778230211,44.3467470935245,4.08186518846677
"895",894,44.3467470935245,46.1575578016246,4.08059925317811
"896",895,46.1575578016246,46.4104778459086,4.07933290362168
"897",896,46.4104778459086,46.9122272960085,4.07806615413193
"898",897,46.9122272960085,47.1611002924756,4.07679901933851
"899",898,47.1611002924756,48.9873626372978,4.0755315138711
"900",899,48.9873626372978,49.816711890043,4.07426365270187
"901",900,49.816711890043,49.5811705461418,4.07299545186293
"902",901,49.5811705461418,48.8677352075437,4.07172692738639
"903",902,48.8677352075437,48.7478142164224,4.07045809530433
"904",903,48.7478142164224,49.3445048693418,4.06918897164888
"905",904,49.3445048693418,49.816711890043,4.06791957245212
"906",905,49.816711890043,49.816711890043,4.06664991374617
"907",906,49.816711890043,48.9873626372978,4.06538001156312
"908",907,48.9873626372978,48.7478142164224,4.06410988193508
"909",908,48.7478142164224,48.1437287536825,4.06283954105873
"910",909,48.1437287536825,47.8999614715467,4.06156900542932
"911",910,47.8999614715467,48.1437287536825,4.06029829142465
"912",911,48.1437287536825,46.66202695147,4.05902741465755
"913",912,46.66202695147,46.66202695147,4.05775638556735
"914",913,46.66202695147,45.3903427649077,4.05648521281535
"915",914,45.3903427649077,44.0819880323377,4.0552139050629
"916",915,44.0819880323377,40.1926527715888,4.0539424709713
"917",916,40.1926527715888,36.2089673564625,4.05267091920189
"918",917,36.2089673564625,29.432217753595,4.05139925841599
"919",918,29.432217753595,23.4561136480043,4.0501274938759
"920",919,23.4561136480043,18.1044837037229,4.04885562887424
"921",920,18.1044837037229,12,4.04758366670364
"922",921,12,6.84285163879239,4.04631161065672
"923",922,6.84285163879239,4.83862676461723,4.04503946402611
"924",923,4.83862676461723,2,4.04376723010443
"925",924,2,0,4.04249491218431
"926",925,0,0,4.04122251916969
"927",926,0,0,4.03995006250122
"928",927,0,0,4.03867755361954
"929",928,0,0,4.03740500476217
"930",929,0,0,4.03613243764384
"931",930,0,0,4.0348598739793
"932",931,0,0,4.03358733548328
"933",932,0,0,4.0323148438705
"934",933,0,0,4.0310424208557
"935",934,0,0,4.02977008815361
"936",935,0,0,4.02849786747897
"937",936,0,0,4.02722578054651
"938",937,0,0,4.02595384907096
"939",938,0,0,4.02468209476706
"940",939,0,0,4.02341053972537
"941",940,0,0,4.02213920050559
"942",941,0,0,4.02086809343504
"943",942,0,0,4.01959723484104
"944",943,0,0,4.01832664105091
"945",944,0,0,4.01705632839199
"946",945,0,0,4.0157863164789
"947",946,0,0,4.01451662963934
"948",947,0,0,4.013247292201
"949",948,0,0,4.01197832849155
"950",949,0,0,4.01070976283869
"951",950,0,0,4.00944161949567
"952",951,0,0,4.0081739226091
"953",952,0,0,4.00690669632554
"954",953,0,0,4.00563996479158
"955",954,0,0,4.00437375253691
"956",955,0,0,4.00310808527678
"957",956,0,0,4.00184298872642
"958",957,0,0,4.00057848860108
"959",958,0,0,3.999314610616
"960",959,0,0,3.99805138048642
"961",960,0,0,3.99678882392757
"962",961,0,0,3.99552695909607
"963",962,0,4.83862676461723,3.99426578720135
"964",963,4.83862676461723,13.6857032775848,3.99300530552858
"965",964,13.6857032775848,20.2414280900783,3.99174551136292
"966",965,20.2414280900783,22.1733735467623,3.99048640198955
"967",966,22.1733735467623,21.6389968766965,3.98922797469362
"968",967,21.6389968766965,22.1733735467623,3.98797022676031
"969",968,22.1733735467623,25.3739729514844,3.98671315547478
"970",969,25.3739729514844,28.4204973507005,3.98545675831379
"971",970,28.4204973507005,32.0958191351328,3.98420103334696
"972",971,32.0958191351328,34.8918340275786,3.98294597864393
"973",972,34.8918340275786,35.3915038722307,3.98169159687678
"974",973,35.3915038722307,34.8918340275786,3.98043789598205
"975",974,34.8918340275786,34.8918340275786,3.97918488389632
"976",975,34.8918340275786,34.7236796496367,3.97793256855613
"977",976,34.7236796496367,33.1719540294482,3.97668095789805
"978",977,33.1719540294482,32.4584952895532,3.97543005985864
"979",978,32.4584952895532,31.7289977392184,3.97417987699384
"980",979,31.7289977392184,33.1719540294482,3.97293040209807
"981",980,33.1719540294482,35.2257347951097,3.97168162796577
"982",981,35.2257347951097,38.0993855038592,3.97043354739135
"983",982,38.0993855038592,41.1994226020833,3.96918615316925
"984",983,41.1994226020833,44.2145657601897,3.96793943809389
"985",984,44.2145657601897,46.1575578016246,3.96669339643651
"986",985,46.1575578016246,45.6475138918456,3.96544802260396
"987",986,45.6475138918456,44.8715789404983,3.96420331100309
"988",987,44.8715789404983,45.131706227345,3.96295925604075
"989",988,45.131706227345,46.7872943996763,3.96171585212378
"990",989,46.7872943996763,47.8999614715467,3.96047309365904
"991",990,47.8999614715467,50.2844846964297,3.95923097505337
"992",991,50.2844846964297,52.1136054663346,3.95798949071362
"993",992,52.1136054663346,53.4443797629673,3.95674863504664
"994",993,53.4443797629673,53.8806676793061,3.95550840245928
"995",994,53.8806676793061,53.662967096689,3.95426879006293
"996",995,53.662967096689,52.7831867235591,3.9530298033382
"997",996,52.7831867235591,52.4494646012223,3.95179144776572
"998",997,52.4494646012223,52.5609407321726,3.95055373153354
"999",998,52.5609407321726,52.5609407321726,3.9493166637602
"1000",999,52.5609407321726,53.8806676793061,3.94808025290373
"1001",1000,53.8806676793061,53.4443797629673,3.94684450681732
"1002",1001,53.4443797629673,53.0045008436935,3.94560943335417
"1003",1002,53.0045008436935,52.7831867235591,3.94437504036749
"1004",1003,52.7831867235591,52.1136054663346,3.94314133571048
"1005",1004,52.1136054663346,53.2248947677325,3.94190832723633
"1006",1005,53.2248947677325,54.2055791878684,3.94067602279825
"1007",1006,54.2055791878684,55,3.93944443024943
"1008",1007,55,57,3.93821355744308
"1009",1008,57,56.2197629708315,3.9369834122324
"1010",1009,56.2197629708315,54.7428131104014,3.93575400247059
"1011",1010,54.7428131104014,52.893959541022,3.93452533604343
"1012",1011,52.893959541022,52.2257985232914,3.93329741158759
"1013",1012,52.2257985232914,50.516746799772,3.93207022613958
"1014",1013,50.516746799772,48.8677352075993,3.9308437767359
"1015",1014,48.8677352075993,47.6549472419279,3.92961806201082
"1016",1015,47.6549472419279,46.9122272960619,3.92839308099859
"1017",1016,46.9122272960619,45.9032442840881,3.92716883273343
"1018",1017,45.9032442840881,44.6099348519941,3.9259453162496
"1019",1018,44.6099348519941,43.4130267820731,3.92472253058133
"1020",1019,43.4130267820731,41.9037372470247,3.92350047476286
"1021",1020,41.9037372470247,39.7533756582617,3.92227914782845
"1022",1021,39.7533756582617,39.0102563608518,3.92105854881232
"1023",1022,39.0102563608518,37.3233492489009,3.91983867674872
"1024",1023,37.3233492489009,37.4798419805543,3.91861953067189
"1025",1024,37.4798419805543,39.0102563608518,3.91740110847345
"1026",1025,39.0102563608518,41.1994226021301,3.91618340450918
"1027",1026,41.1994226021301,41.6234415600917,3.91496641313484
"1028",1027,41.6234415600917,41.9037372470247,3.91375013030448
"1029",1028,41.9037372470247,42.7335947514675,3.91253455876753
"1030",1029,42.7335947514675,43.5476411365206,3.91131970035199
"1031",1030,43.5476411365206,45.0018305081131,3.91010555688587
"1032",1031,45.0018305081131,44.7409481598127,3.90889213019717
"1033",1032,44.7409481598127,44.8715789405493,3.90767942211391
"1034",1033,44.8715789405493,43.9490103921765,3.90646743446409
"1035",1034,43.9490103921765,43,3.90525616907571
"1036",1035,43,42,3.9040456277768
"1037",1036,42,41,3.90283581239534
"1038",1037,41,40,3.90162672475935
"1039",1038,40,38,3.90041836654271
"1040",1039,38,34,3.89921073758623
"1041",1040,34,31,3.89800383773071
"1042",1041,31,29,3.89679766681696
"1043",1042,29,25,3.8955922246858
"1044",1043,25,20,3.89438751250328
"1045",1044,20,11.8521666982653,3.89318353431758
"1046",1045,11.8521666982653,2,3.89198029461439
"1047",1046,2,0,3.89077779787942
"1048",1047,0,0,3.88957604859838
"1049",1048,0,0,3.88837505125697
"1050",1049,0,0,3.8871748103409
"1051",1050,0,0,3.88597533033587
"1052",1051,0,0,3.88477661572759
"1053",1052,0,0,3.88357867100176
"1054",1053,0,0,3.88238149892983
"1055",1054,0,0,3.88118510128987
"1056",1055,0,0,3.87998947985995
"1057",1056,0,0,3.87879463641813
"1058",1057,0,0,3.87760057274248
"1059",1058,0,0,3.87640729141221
"1060",1059,0,0,3.87521479547078
"1061",1060,0,0,3.87402308813633
"1062",1061,0,0,3.8728321737645
"1063",1062,0,0,3.87164205671092
"1064",1063,0,0,3.87045274133121
"1065",1064,0,0,3.86926423198102
"1066",1065,0,0,3.86807653301598
"1067",1066,0,0,3.86688964879171
"1068",1067,0,0,3.86570358366385
"1069",1068,0,0,3.86451834422503
"1070",1069,0,0,3.86333393836416
"1071",1070,0,0,3.86215037397016
"1072",1071,0,0,3.86096765893195
"1073",1072,0,0,3.85978580113845
"1074",1073,0,0,3.85860481048047
"1075",1074,0,0,3.85742469704466
"1076",1075,0,0,3.85624547091765
"1077",1076,0,0,3.85506714199793
"1078",1077,0,0,3.85388971182212
"1079",1078,0,0,3.85271318192681
"1080",1079,0,0,3.85153755384864
"1081",1080,0,0,3.85036282912421
"1082",1081,0,0,3.84918900929013
"1083",1082,0,0,3.84801609588303
"1084",1083,0,0,3.84684409046318
"1085",1084,0,0,3.84567299463377
"1086",1085,0,0,3.844502809998
"1087",1086,0,0,3.84333353815907
"1088",1087,0,0,3.84216518011704
"1089",1088,0,0,3.84099773427835
"1090",1089,0,0,3.83983119904944
"1091",1090,0,0,3.83866557283677
"1092",1091,0,0,3.83750085404678
"1093",1092,0,0,3.83633704223095
"1094",1093,0,0,3.83517414186461
"1095",1094,0,0,3.8340121574231
"1096",1095,0,0,3.83285109338174
"1097",1096,0,0,3.83169095421586
"1098",1097,0,6.84285163879239,3.83053174440078
"1099",1098,6.84285163879239,14.5158803958181,3.82937346841184
"1100",1099,14.5158803958181,20.5285549163772,3.82821612401095
"1101",1100,20.5285549163772,20.5285549163772,3.82705970727945
"1102",1101,20.5285549163772,21.0910852329929,3.82590421429863
"1103",1102,21.0910852329929,24.1931339760358,3.82474964186429
"1104",1103,24.1931339760358,28.2138000680827,3.82359598758944
"1105",1104,28.2138000680827,32.4584952895532,3.82244324908711
"1106",1105,32.4584952895532,36.3702553146516,3.82129142397032
"1107",1106,36.3702553146516,36.5308311902398,3.82014050985208
"1108",1107,36.5308311902398,36.5308311902398,3.81899050434541
"1109",1108,36.5308311902398,38.5575108068964,3.81784140456094
"1110",1109,38.5575108068964,41.1994226020833,3.81669320669784
"1111",1110,41.1994226020833,43.5476411364711,3.81554590695528
"1112",1111,43.5476411364711,45.9032442840359,3.81439950153244
"1113",1112,45.9032442840359,46.66202695147,3.81325398662848
"1114",1113,46.66202695147,46.9122272960085,3.81210935844258
"1115",1114,46.9122272960085,47.1611002924756,3.81096561317392
"1116",1115,47.1611002924756,45.6475138918456,3.80982275157065
"1117",1116,45.6475138918456,45.9032442840359,3.80868077643737
"1118",1117,45.9032442840359,45.2612092083239,3.80753968948835
"1119",1118,45.2612092083239,44.0819880323377,3.80639949206312
"1120",1119,44.0819880323377,45.131706227345,3.80526018550123
"1121",1120,45.131706227345,46,3.80412177114221
"1122",1121,46,45,3.80298425032562
"1123",1122,45,44.2145657601897,3.80184762439098
"1124",1123,44.2145657601897,43,3.80071189467785
"1125",1124,43,43.8156291687644,3.7995770593284
"1126",1125,43.8156291687644,44,3.79844310659056
"1127",1126,44,44,3.79731002471227
"1128",1127,44,44.0819880323377,3.79617780194143
"1129",1128,44.0819880323377,44,3.79504642652599
"1130",1129,44,44.0819880323377,3.79391588671387
"1131",1130,44.0819880323377,42.733594751419,3.792786170753
"1132",1131,42.733594751419,42.733594751419,3.79165726725367
"1133",1132,42.733594751419,43.5476411364711,3.79052916493203
"1134",1133,43.5476411364711,43,3.78940185250423
"1135",1134,43,42.1821704659859,3.78827531868642
"1136",1135,42.1821704659859,41.6234415600444,3.78714955219474
"1137",1136,41.6234415600444,41.3412454736738,3.78602454174534
"1138",1137,41.3412454736738,41.0571098327543,3.78490027605437
"1139",1138,41.0571098327543,40.6271805943042,3.78377674383798
"1140",1139,40.6271805943042,39.7533756582165,3.7826539338123
"1141",1140,39.7533756582165,39.3091898806492,3.78153183469349
"1142",1141,39.3091898806492,38.4054095656784,3.78041044553446
"1143",1142,38.4054095656784,37,3.7792897671363
"1144",1143,37,37,3.77816980030013
"1145",1144,37,37,3.77705054582705
"1146",1145,37,36,3.77593200451816
"1147",1146,36,34.5547069400684,3.77481417782309
"1148",1147,34.5547069400684,32.0958191351328,3.77369706870618
"1149",1148,32.0958191351328,28.4204973507005,3.7725806775114
"1150",1149,28.4204973507005,24,3.77146500306424
"1151",1150,24,20.5285549163772,3.77035004419017
"1152",1151,20.5285549163772,19.3545071604353,3.7692357997147
"1153",1152,19.3545071604353,19.9501693289052,3.7681222684633
"1154",1153,19.9501693289052,21.6389968766965,3.76700944926146
"1155",1154,21.6389968766965,23.7043333965036,3.76589734093468
"1156",1155,23.7043333965036,26.9403338141308,3.76478594230844
"1157",1156,26.9403338141308,29.6304167456295,3.76367525220823
"1158",1157,29.6304167456295,32.0958191351328,3.76256527657162
"1159",1158,32.0958191351328,34.8918340275786,3.76145602947131
"1160",1159,34.8918340275786,35,3.76034752498
"1161",1160,35,36,3.7592397771704
"1162",1161,36,37,3.75813280226332
"1163",1162,37,39,3.75702661684292
"1164",1163,39,41,3.75592123749331
"1165",1164,41,43,3.75481668135383
"1166",1165,43,42,3.75371296728188
"1167",1166,42,42,3.75261011413486
"1168",1167,42,44,3.75150814077014
"1169",1168,44,45.3903427649077,3.75040706604514
"1170",1169,45.3903427649077,45.9032442840359,3.74930690881723
"1171",1170,45.9032442840359,46.66202695147,3.74820768794382
"1172",1171,46.66202695147,47.6549472418737,3.74710942228231
"1173",1172,47.6549472418737,48.6275974716555,3.74601213069008
"1174",1173,48.6275974716555,47.6549472418737,3.74491583627956
"1175",1174,47.6549472418737,47.5319665439285,3.74382056988268
"1176",1175,47.5319665439285,49,3.74272636319598
"1177",1176,49,50.0511447568261,3.7416332491556
"1178",1177,50.0511447568261,48.8677352075437,3.74054126069768
"1179",1178,48.8677352075437,48.3862679520716,3.73945043075836
"1180",1179,48.3862679520716,47.4086667930072,3.7383607922738
"1181",1180,47.4086667930072,47.4086667930072,3.73727237818013
"1182",1181,47.4086667930072,47.0368283935602,3.7361852253025
"1183",1182,47.0368283935602,45.3903427649077,3.73509937112381
"1184",1183,45.3903427649077,44.6099348519434,3.73401485312692
"1185",1184,44.6099348519434,40,3.73293170879473
"1186",1185,40,34.5547069400684,3.73184997561012
"1187",1186,34.5547069400684,27.7957947335928,3.73076969105597
"1188",1187,27.7957947335928,21.6389968766965,3.72969089261516
"1189",1188,21.6389968766965,18.7399209902559,3.72861361478416
"1190",1189,18.7399209902559,16.7614948987908,3.72753785654259
"1191",1190,16.7614948987908,16.4085817756339,3.72646361297641
"1192",1191,16.4085817756339,13.6857032775848,3.72539087903638
"1193",1192,13.6857032775848,7.65054072250319,3.72431964967329
"1194",1193,7.65054072250319,3.4214258193962,3.72324991983791
"1195",1194,3.4214258193962,0,3.72218168448103
"1196",1195,0,0,3.72111493855341
"1197",1196,0,0,3.72004967700585
"1198",1197,0,0,3.71898589242103
"1199",1198,0,0,3.71792357467294
"1200",1199,0,0,3.71686271363558
"1201",1200,0,0,3.71580329918292
"1202",1201,0,0,3.71474532118895
"1203",1202,0,0,3.71368876952766
"1204",1203,0,0,3.71263364237504
"1205",1204,0,0,3.71157994371439
"1206",1205,0,0,3.71052767777843
"1207",1206,0,0,3.70947684879989
"1208",1207,0,0,3.7084274610115
"1209",1208,0,0,3.70737951864598
"1210",1209,0,0,3.70633302593606
"1211",1210,0,0,3.70528798711447
"1212",1211,0,0,3.70424440641393
"1213",1212,0,0,3.70320228806719
"1214",1213,0,0,3.70216163430572
"1215",1214,0,0,3.70112244373043
"1216",1215,0,0,3.70008471494218
"1217",1216,0,0,3.69904844680054
"1218",1217,0,0,3.69801364966045
"1219",1218,0,0,3.69698033413979
"1220",1219,0,0,3.69594851100879
"1221",1220,0,0,3.69491819103768
"1222",1221,0,0,3.69388938499671
"1223",1222,0,0,3.69286210365609
"1224",1223,0,0,3.69183635778607
"1225",1224,0,0,3.69081215815688
"1226",1225,0,0,3.68978951553875
"1227",1226,0,0,3.68876844070191
"1228",1227,0,0,3.68774894441661
"1229",1228,0,0,3.68673103745306
"1230",1229,0,0,3.68571472792033
"1231",1230,0,0,3.68470001458125
"1232",1231,0,0,3.68368689616009
"1233",1232,0,0,3.68267537227411
"1234",1233,0,0,3.68166544356198
"1235",1234,0,0,3.68065711066238
"1236",1235,0,0,3.67965037421399
"1237",1236,0,0,3.6786452348555
"1238",1237,0,0,3.67764169322558
"1239",1238,0,0,3.67663974996291
"1240",1239,0,0,3.67563940570618
"1241",1240,0,0,3.67464066109406
"1242",1241,0,0,3.67364351676524
"1243",1242,0,0,3.67264797672304
"1244",1243,0,0,3.67165404881942
"1245",1244,0,8.38074744939541,3.67066174090635
"1246",1245,8.38074744939541,16.4085817756339,3.66967106083579
"1247",1246,16.4085817756339,16.7614948987908,3.66868201634326
"1248",1247,16.7614948987908,16.7614948987908,3.66769461524891
"1249",1248,16.7614948987908,16.0479095675664,3.6667088653729
"1250",1249,16.0479095675664,16.0479095675664,3.66572477453535
"1251",1250,16.0479095675664,18.1044837037229,3.66474235055642
"1252",1251,18.1044837037229,21.6389968766965,3.66376160125626
"1253",1252,21.6389968766965,26.2804703660564,3.66278253445502
"1254",1253,26.2804703660564,32.4584952895532,3.66180515797283
"1255",1254,32.4584952895532,39.3091898806492,3.66082947962986
"1256",1255,39.3091898806492,41.9037372469771,3.65985550721103
"1257",1256,41.9037372469771,41.6234415600444,3.65888324848539
"1258",1257,41.6234415600444,41.9037372469771,3.65791271122196
"1259",1258,41.9037372469771,42.733594751419,3.65694390318978
"1260",1259,42.733594751419,44.6099348519434,3.65597683215787
"1261",1260,44.6099348519434,46.4104778459086,3.65501150429996
"1262",1261,46.4104778459086,47.0368283935602,3.65404792573438
"1263",1262,47.0368283935602,47.6549472418737,3.65308610257947
"1264",1263,47.6549472418737,47.5319665439285,3.6521260389202
"1265",1264,47.5319665439285,47.0368283935602,3.65116773766325
"1266",1265,47.0368283935602,46.66202695147,3.65021120171526
"1267",1266,46.66202695147,46.1575578016246,3.64925643398292
"1268",1267,46.1575578016246,46.4104778459086,3.64830343737288
"1269",1268,46.4104778459086,46.1575578016246,3.64735221383616
"1270",1269,46.1575578016246,45.9032442840359,3.64640276358998
"1271",1270,45.9032442840359,45.7755576821522,3.64545508685159
"1272",1271,45.7755576821522,45.131706227345,3.64450918383822
"1273",1272,45.131706227345,44.6099348519434,3.6435650547671
"1274",1273,44.6099348519434,44.6099348519434,3.6426227008104
"1275",1274,44.6099348519434,45.3903427649077,3.64168212369367
"1276",1275,45.3903427649077,45.7755576821522,3.64074332514243
"1277",1276,45.7755576821522,45.9032442840359,3.63980630688222
"1278",1277,45.9032442840359,45.6475138918456,3.63887107063858
"1279",1278,45.6475138918456,45.6475138918456,3.63793761813705
"1280",1279,45.6475138918456,45.6475138918456,3.63700595145103
"1281",1280,45.6475138918456,45.9032442840359,3.63607607373046
"1282",1281,45.9032442840359,46.4104778459086,3.63514798812528
"1283",1282,46.4104778459086,46.9122272960085,3.63422169782959
"1284",1283,46.9122272960085,46.2841905803996,3.63329720605269
"1285",1284,46.2841905803996,46.66202695147,3.63237451600387
"1286",1285,46.66202695147,46.66202695147,3.63145363089244
"1287",1286,46.66202695147,46.0305766545235,3.63053455423123
"1288",1287,46.0305766545235,44.3467470935245,3.62961728975512
"1289",1288,44.3467470935245,42.733594751419,3.62870184119896
"1290",1289,42.733594751419,42.5964079367588,3.62778821229763
"1291",1290,42.5964079367588,43.0066556648514,3.62687640678599
"1292",1291,43.0066556648514,43.6818406914597,3.62596642839891
"1293",1292,43.6818406914597,44.4785356521505,3.62505828087125
"1294",1293,44.4785356521505,43.6818406914597,3.62415196793787
"1295",1294,43.6818406914597,44.0819880323377,3.62324749333366
"1296",1295,44.0819880323377,43.8156291687644,3.62234486131264
"1297",1296,43.8156291687644,43.8156291687644,3.62144407870259
"1298",1297,43.8156291687644,43.2779937024099,3.62054515174086
"1299",1298,43.2779937024099,42.733594751419,3.61964808666481
"1300",1299,42.733594751419,42.1821704659859,3.61875288912381
"1301",1300,42.1821704659859,41.6234415600444,3.61785956422887
"1302",1301,41.6234415600444,41.1994226020833,3.61696811709097
"1303",1302,41.1994226020833,41.0571098327543,3.6160785528211
"1304",1303,41.0571098327543,40.1926527715888,3.61519087653027
"1305",1304,40.1926527715888,39.9003387087935,3.61430509332945
"1306",1305,39.9003387087935,36.3702553146516,3.61342120832965
"1307",1306,36.3702553146516,32.0958191351328,3.61253922664186
"1308",1307,32.0958191351328,26.7221898814533,3.61165915337706
"1309",1308,26.7221898814533,21.9078145588906,3.61078099364626
"1310",1309,21.9078145588906,17.4459170137893,3.60990475256044
"1311",1310,17.4459170137893,16.7614948987908,3.60903043546552
"1312",1311,16.7614948987908,16.0479095675664,3.60815804923734
"1313",1312,16.0479095675664,15.3010813940232,3.60728760267283
"1314",1313,15.3010813940232,13.6857032775848,3.60641910469653
"1315",1314,13.6857032775848,13.6857032775848,3.60555256423302
"1316",1315,13.6857032775848,12.8018031545707,3.60468799020682
"1317",1316,12.8018031545707,11.8521666982518,3.6038253915425
"1318",1317,11.8521666982518,11.8521666982518,3.6029647771646
"1319",1318,11.8521666982518,11.3475856912269,3.60210615599768
"1320",1319,11.3475856912269,11.3475856912269,3.60124953696629
"1321",1320,11.3475856912269,8.38074744939541,3.60039492899498
"1322",1321,8.38074744939541,6.84285163879239,3.59954234100829
"1323",1322,6.84285163879239,3.4214258193962,3.59869178193078
"1324",1323,3.4214258193962,0,3.59784326068701
"1325",1324,0,0,3.59699678620151
"1326",1325,0,0,3.59615235716365
"1327",1326,0,0,3.59530996860513
"1328",1327,0,0,3.59446961555763
"1329",1328,0,0,3.59363129263308
"1330",1329,0,0,3.59279498945091
"1331",1330,0,0,3.59196069563057
"1332",1331,0,0,3.59112840079152
"1333",1332,0,0,3.59029809455319
"1334",1333,0,0,3.58946976653503
"1335",1334,0,0,3.5886434063565
"1336",1335,0,0,3.58781900363703
"1337",1336,0,0,3.58699654799608
"1338",1337,0,0,3.58617602905309
"1339",1338,0,0,3.58535743584451
"1340",1339,0,0,3.58454075634914
"1341",1340,0,0,3.58372599193359
"1342",1341,0,0,3.5829131444292
"1343",1342,0,0,3.58210221566731
"1344",1343,0,0,3.58129320747928
"1345",1344,0,0,3.58048612169644
"1346",1345,0,0,3.57968095850648
"1347",1346,0,0,3.57887771574057
"1348",1347,0,0,3.57807639122987
"1349",1348,0,0,3.57727698280554
"1350",1349,0,0,3.57647948829875
"1351",1350,0,0,3.57568390554067
"1352",1351,0,0,3.57489023209748
"1353",1352,0,0,3.57409846534158
"1354",1353,0,0,3.57330860264539
"1355",1354,0,0,3.57252064061507
"1356",1355,0,0,3.57173457348569
"1357",1356,0,0,3.57095039549235
"1358",1357,0,0,3.57016810087012
"1359",1358,0,0,3.56938768385408
"1360",1359,0,0,3.56860913867931
"1361",1360,0,0,3.5678324595809
"1362",1361,0,0,3.56705764079392
"1363",1362,0,0,3.56628468226279
"1364",1363,0,0,3.56551358617393
"1365",1364,0,5,3.56474435804206
"1366",1365,5,14.5158803958222,3.56397700338192
"1367",1366,14.5158803958222,18.4249418792117,3.56321152770824
"1368",1367,18.4249418792117,18.7399209902559,3.56244793653575
"1369",1368,18.7399209902559,18.7399209902559,3.56168623537919
"1370",1369,18.7399209902559,22.4357894702492,3.5609264293701
"1371",1370,22.4357894702492,28,3.5601685224543
"1372",1371,28,33,3.55941251857759
"1373",1372,33,37,3.55865842168578
"1374",1373,37,40.7709940546446,3.55790623572467
"1375",1374,40.7709940546446,40,3.55715596464006
"1376",1375,40,41.3412454736738,3.55640761237777
"1377",1376,41.3412454736738,43,3.55566118116213
"1378",1377,43,46.7872943996763,3.55491667195834
"1379",1378,46.7872943996763,47.0368283935602,3.55417408842192
"1380",1379,47.0368283935602,46.7872943996763,3.55343343908916
"1381",1380,46.7872943996763,46.4104778459086,3.55269473249634
"1382",1381,46.4104778459086,47.1611002924756,3.55195797717974
"1383",1382,47.1611002924756,49.1066986469799,3.55122318167563
"1384",1383,49.1066986469799,48.6275974716555,3.5504903545203
"1385",1384,48.6275974716555,50.9780965363519,3.54975950536686
"1386",1385,50.9780965363519,50.2844846963725,3.54903064732447
"1387",1386,50.2844846963725,49.5811705461418,3.54830379350229
"1388",1387,49.5811705461418,48.6275974716555,3.54757895700947
"1389",1388,48.6275974716555,47.6549472418737,3.54685615094803
"1390",1389,47.6549472418737,46.66202695147,3.54613538833498
"1391",1390,46.66202695147,45,3.54541668218737
"1392",1391,45,45.131706227345,3.54470004552222
"1393",1392,45.131706227345,45.131706227345,3.54398549135655
"1394",1393,45.131706227345,43.2779937024099,3.54327303270739
"1395",1394,43.2779937024099,42.733594751419,3.5425626812395
"1396",1395,42.733594751419,42.3207001276157,3.54185444443301
"1397",1396,42.3207001276157,41.9037372469771,3.54114832976808
"1398",1397,41.9037372469771,41.0571098327543,3.54044434472483
"1399",1398,41.0571098327543,40.1926527715888,3.53974249678343
"1400",1399,40.1926527715888,37.1661976101003,3.53904279474503
"1401",1400,37.1661976101003,35.2257347951097,3.53834524862045
"1402",1401,35.2257347951097,34.7236796496367,3.53764986900194
"1403",1402,34.7236796496367,34.2142581939619,3.53695666783987
"1404",1403,34.2142581939619,34.0427570736808,3.53626565708457
"1405",1404,34.0427570736808,33.1719540294482,3.53557684868641
"1406",1405,33.1719540294482,32,3.53489025459573
"1407",1406,32,32,3.53420588676288
"1408",1407,32,33,3.53352375713821
"1409",1408,33,34,3.53284387767208
"1410",1409,34,34,3.53216626031484
"1411",1410,34,35,3.53149091701684
"1412",1411,35,36,3.53081786445911
"1413",1412,36,36,3.53014712012275
"1414",1413,36,37,3.5294787014889
"1415",1414,37,37,3.5288126222379
"1416",1415,37,36,3.52814889337727
"1417",1416,36,36,3.52748752591454
"1418",1417,36,36,3.52682853085724
"1419",1418,36,35,3.52617191921287
"1420",1419,35,35,3.52551770198895
"1421",1420,35,34,3.52486589019302
"1422",1421,34,33,3.52421649483259
"1423",1422,33,33,3.52356952691518
"1424",1423,33,35,3.52292499744831
"1425",1424,35,36,3.5222829174395
"1426",1425,36,37,3.52164329789627
"1427",1426,37,38,3.52100614982615
"1428",1427,38,39,3.52037148421412
"1429",1428,39,40,3.51973931210332
"1430",1429,40,41,3.51910964637967
"1431",1430,41,41,3.51848249992912
"1432",1431,41,41,3.5178578856376
"1433",1432,41,41,3.51723581639105
"1434",1433,41,40.1926527715888,3.51661630507541
"1435",1434,40.1926527715888,39.7533756582165,3.51599936457661
"1436",1435,39.7533756582165,39.9003387087935,3.51538500778059
"1437",1436,39.9003387087935,40,3.5147732475733
"1438",1437,40,39.9003387087935,3.51416409684066
"1439",1438,39.9003387087935,40,3.51355756846862
"1440",1439,40,40,3.51295367534311
"1441",1440,40,40,3.51235243035007
"1442",1441,40,39,3.51175384587089
"1443",1442,39,39,3.51115793420164
"1444",1443,39,40.0467624588943,3.51056470498786
"1445",1444,40.0467624588943,41,3.50997416282764
"1446",1445,41,41,3.50938631210032
"1447",1446,41,40,3.5088011571852
"1448",1447,40,38,3.50821870246161
"1449",1448,38,35,3.50763895230888
"1450",1449,35,29,3.50706191110631
"1451",1450,29,23,3.50648758323324
"1452",1451,23,15,3.50591597306899
"1453",1452,15,6,3.50534708499287
"1454",1453,6,0,3.5047809233842
"1455",1454,0,0,3.5042174916048
"1456",1455,0,0,3.50365678986776
"1457",1456,0,0,3.50309881838617
"1458",1457,0,0,3.50254357737313
"1459",1458,0,0,3.50199106543945
"1460",1459,0,0,3.50144128026743
"1461",1460,0,0,3.50089421945203
"1462",1461,0,0,3.50034988001947
"1463",1462,0,0,3.49980825899597
"1464",1463,0,0,3.49926935340775
"1465",1464,0,0,3.49873316028103
"1466",1465,0,0,3.49819967664202
"1467",1466,0,0,3.49766889951694
"1468",1467,0,0,3.49714082593201
"1469",1468,0,0,3.49661545459408
"1470",1469,0,0,3.49609278725902
"1471",1470,0,0,3.49557282568267
"1472",1471,0,0,3.49505557162089
"1473",1472,0,0,3.49454102682955
"1474",1473,0,0,3.49402918906071
"1475",1474,0,0,3.49352005567479
"1476",1475,0,0,3.49301362403219
"1477",1476,0,0,3.49250989158741
"1478",1477,0,0,3.49200885997588
"1479",1478,0,0,3.49151053083303
"1480",1479,0,0,3.49101490579428
"1481",1480,0,0,3.49052198649506
"1482",1481,0,0,3.4900317745708
"1483",1482,0,0,3.48954427203255
"1484",1483,0,0,3.48905948132101
"1485",1484,0,0,3.48857740487689
"1486",1485,0,0,3.48809804514089
"1487",1486,0,0,3.48762140455373
"1488",1487,0,0,3.4871474867624
"1489",1488,0,0,3.4866763006011
"1490",1489,0,0,3.48620785490404
"1491",1490,0,0,3.48574215850544
"1492",1491,0,0,3.48527922023951
"1493",1492,0,0,3.48481904836793
"1494",1493,0,1,3.48436164869047
"1495",1494,1,6,3.4839070270069
"1496",1495,6,13,3.483455189117
"1497",1496,13,17,3.48300613872582
"1498",1497,17,17,3.48255987918417
"1499",1498,17,18,3.48211641384284
"1500",1499,18,18,3.48167574605264
"1501",1500,18,19,3.48123787916436
"1502",1501,19,22,3.48080281652881
"1503",1502,22,25,3.48037056006785
"1504",1503,25,28,3.47994111006887
"1505",1504,28,31,3.47951446681927
"1506",1505,31,33,3.47909063060645
"1507",1506,33,33,3.47866960171778
"1508",1507,33,34,3.47825138044068
"1509",1508,34,37,3.47783596731374
"1510",1509,37,39,3.47742336346976
"1511",1510,39,41,3.47701357047017
"1512",1511,41,42,3.4766065898764
"1513",1512,42,42,3.47620242324987
"1514",1513,42,43,3.47580107215198
"1515",1514,43,43,3.47540253814417
"1516",1515,43,43,3.47500682278785
"1517",1516,43,44,3.47461392764445
"1518",1517,44,44,3.47422385645607
"1519",1518,44,44,3.47383661371424
"1520",1519,44,45,3.47345220391051
"1521",1520,45,45,3.47307063153642
"1522",1521,45,44,3.47269190108351
"1523",1522,44,44,3.47231601704332
"1524",1523,44,45,3.47194298290263
"1525",1524,45,45,3.4715728036486
"1526",1525,45,45,3.47120548921554
"1527",1526,45,45,3.47084104953774
"1528",1527,45,45,3.4704794945495
"1529",1528,45,44,3.47012083418512
"1530",1529,44,45,3.4697650783789
"1531",1530,45,45,3.46941223706513
"1532",1531,45,45,3.46906232021328
"1533",1532,45,45,3.46871533935612
"1534",1533,45,44,3.46837130602637
"1535",1534,44,44,3.46803023175678
"1536",1535,44,44,3.4676921280801
"1537",1536,44,44,3.4673570053824
"1538",1537,44,44,3.46702487321106
"1539",1538,44,44,3.46669574111344
"1540",1539,44,44,3.46636961863694
"1541",1540,44,45,3.46604651532891
"1542",1541,45,45,3.46572643556837
"1543",1542,45,45,3.4654093828602
"1544",1543,45,44,3.4650953607093
"1545",1544,44,44.0819880323377,3.46478437262057
"1546",1545,44.0819880323377,44.3467470935245,3.46447642209891
"1547",1546,44.3467470935245,44.3467470935245,3.46417151135219
"1548",1547,44.3467470935245,44.0819880323377,3.46386963955882
"1549",1548,44.0819880323377,44.0819880323377,3.4635708058972
"1550",1549,44.0819880323377,43.9490103921265,3.46327500929945
"1551",1550,43.9490103921265,42.733594751419,3.4629822479355
"1552",1551,42.733594751419,42.4587778230211,3.46269251997531
"1553",1552,42.4587778230211,43.4130267820238,3.46240582358883
"1554",1553,43.4130267820238,43.2779937024099,3.46212215694601
"1555",1554,43.2779937024099,43.5476411364711,3.46184151821679
"1556",1555,43.5476411364711,43.8156291687644,3.46156390557112
"1557",1556,43.8156291687644,43.8156291687644,3.46128931717895
"1558",1557,43.8156291687644,43.8156291687644,3.46101774765419
"1559",1558,43.8156291687644,45.131706227345,3.46074918754317
"1560",1559,45.131706227345,44.8715789404983,3.46048362739224
"1561",1560,44.8715789404983,45.131706227345,3.46022105774775
"1562",1561,45.131706227345,45.5191099560895,3.45996146485976
"1563",1562,45.5191099560895,45.9032442840359,3.45970483425176
"1564",1563,45.9032442840359,46.0305766545235,3.45945114857407
"1565",1564,46.0305766545235,45.9032442840359,3.45920038881205
"1566",1565,45.9032442840359,45.6475138918456,3.45895253595109
"1567",1566,45.6475138918456,45.131706227345,3.45870757097657
"1568",1567,45.131706227345,44.0819880323377,3.45846547487387
"1569",1568,44.0819880323377,43.8156291687644,3.45822622862835
"1570",1569,43.8156291687644,42.8703426515585,3.45798981322539
"1571",1570,42.8703426515585,42.0431843516085,3.45775620965038
"1572",1571,42.0431843516085,40.338015509947,3.45752539888869
"1573",1572,40.338015509947,37.0083786520064,3.4572973619257
"1574",1573,37.0083786520064,32.817163602251,3.45707207761926
"1575",1574,32.817163602251,29.031760740653,3.4568495209675
"1576",1575,29.031760740653,23.2052388974627,3.45662966523928
"1577",1576,23.2052388974627,18.7399209902559,3.45641248125086
"1578",1577,18.7399209902559,12.8018031545707,3.45619794099983
"1579",1578,12.8018031545707,9.67725358021767,3.45598601648378
"1580",1579,9.67725358021767,4.83862676461723,3.45577667970028
"1581",1580,4.83862676461723,2,3.45556990264692
"1582",1581,2,0,3.4553656573213
"1583",1582,0,0,3.45516391572098
"1584",1583,0,0,3.45496464984357
"1585",1584,0,0,3.45476783168664
"1586",1585,0,0,3.45457343324777
"1587",1586,0,0,3.45438142652456
"1588",1587,0,0,3.45419178351459
"1589",1588,0,0,3.45400447770865
"1590",1589,0,0,3.45381950035596
"1591",1590,0,0,3.45363685500033
"1592",1591,0,0,3.45345654749346
"1593",1592,0,0,3.45327858368707
"1594",1593,0,0,3.45310296943285
"1595",1594,0,0,3.45292971058251
"1596",1595,0,0,3.45275881298776
"1597",1596,0,0,3.45259028250029
"1598",1597,0,0,3.45242412497181
"1599",1598,0,0,3.45226034625404
"1600",1599,0,0,3.45209895219866
"1601",1600,0,0,3.45193994865738
"1602",1601,0,0,3.45178334148192
"1603",1602,0,0,3.45162913652397
"1604",1603,0,0,3.4514773373133
"1605",1604,0,0,3.45132794629976
"1606",1605,0,0,3.45118096543429
"1607",1606,0,0,3.45103639666785
"1608",1607,0,0,3.4508942419514
"1609",1608,0,0,3.4507545032359
"1610",1609,0,0,3.45061718247229
"1611",1610,0,0,3.45048228161154
"1612",1611,0,0,3.45034980260459
"1613",1612,0,0,3.45021974740242
"1614",1613,0,0,3.45009211795596
"1615",1614,0,0,3.44996691621618
"1616",1615,0,0,3.44984414413404
"1617",1616,0,0,3.44972380423868
"1618",1617,0,0,3.44960592475405
"1619",1618,0,0,3.44949053337824
"1620",1619,0,0,3.44937765750462
"1621",1620,0,0,3.44926732452658
"1622",1621,0,0,3.44915956183749
"1623",1622,0,0,3.44905439683072
"1624",1623,0,0,3.44895185689965
"1625",1624,0,6.84285163879239,3.44885196943765
"1626",1625,6.84285163879239,16.0479095675664,3.4487547618381
"1627",1626,16.0479095675664,21.0910852329929,3.44866026149437
"1628",1627,21.0910852329929,21.6389968766965,3.44856849579985
"1629",1628,21.6389968766965,21.0910852329929,3.4484794921479
"1630",1629,21.0910852329929,23.2052388974627,3.44839327926249
"1631",1630,23.2052388974627,27.7957947335928,3.44830987307203
"1632",1631,27.7957947335928,32.2776665856705,3.44822926863494
"1633",1632,32.2776665856705,35.2257347951097,3.44815145922364
"1634",1633,35.2257347951097,34.8918340275786,3.44807643606773
"1635",1634,34.8918340275786,35.2257347951097,3.44800419039678
"1636",1635,35.2257347951097,37.945447949108,3.44793471344039
"1637",1636,37.945447949108,40.4828562311398,3.44786799642813
"1638",1637,40.4828562311398,42.0431843516085,3.44780403058958
"1639",1638,42.0431843516085,41.9037372469771,3.44774280715434
"1640",1639,41.9037372469771,41.3412454736738,3.44768431735198
"1641",1640,41.3412454736738,41.3412454736738,3.44762855241209
"1642",1641,41.3412454736738,41.7638245126189,3.44757550356424
"1643",1642,41.7638245126189,43.0066556648514,3.44752516035571
"1644",1643,43.0066556648514,43.8156291687644,3.44747751040943
"1645",1644,43.8156291687644,44.6099348519434,3.44743254551864
"1646",1645,44.6099348519434,45.6475138918456,3.44739025847468
"1647",1646,45.6475138918456,46.1575578016246,3.44735064251342
"1648",1647,46.1575578016246,47.0368283935602,3.44731369119586
"1649",1648,47.0368283935602,48.1437287536825,3.44727939808304
"1650",1649,48.1437287536825,48.3862679520716,3.44724775673595
"1651",1650,48.3862679520716,48.3862679520716,3.44721876071562
"1652",1651,48.3862679520716,48,3.44719240358306
"1653",1652,48,47,3.44716867889928
"1654",1653,47,47.2850455928987,3.44714758022529
"1655",1654,47.2850455928987,47.1611002924756,3.44712910112212
"1656",1655,47.1611002924756,46.66202695147,3.44711323516838
"1657",1656,46.66202695147,46.1575578016246,3.44709997595063
"1658",1657,46.1575578016246,45.131706227345,3.4470893183057
"1659",1658,45.131706227345,43.8156291687644,3.44708125923372
"1660",1659,43.8156291687644,43.0066556648514,3.44707579573484
"1661",1660,43.0066556648514,42.4587778230211,3.44707292799984
"1662",1661,42.4587778230211,43.2779937024099,3.44707265633023
"1663",1662,43.2779937024099,43.5476411364711,3.44707498102756
"1664",1663,43.5476411364711,41.9037372469771,3.44707990239334
"1665",1664,41.9037372469771,38.4054095656784,3.4470874207291
"1666",1665,38.4054095656784,33.1719540294482,3.44709753633638
"1667",1666,33.1719540294482,31.3578855957068,3.4471102495167
"1668",1667,31.3578855957068,32.2776665856705,3.44712556057159
"1669",1668,32.2776665856705,35.8842166999523,3.44714347028041
"1670",1669,35.8842166999523,39.3091898806492,3.4471639802894
"1671",1670,39.3091898806492,40.4828562311398,3.44718709236561
"1672",1671,40.4828562311398,41.1994226020833,3.44721281182444
"1673",1672,41.1994226020833,40.7709940546446,3.44724114398132
"1674",1673,40.7709940546446,40.0467624588943,3.44727209224177
"1675",1674,40.0467624588943,38.4054095656784,3.44730565890461
"1676",1675,38.4054095656784,34.8918340275786,3.44734184626864
"1677",1676,34.8918340275786,30.9823284803646,3.44738065663268
"1678",1677,30.9823284803646,29.432217753595,3.44742209229554
"1679",1678,29.432217753595,28.6257021506048,3.44746615555601
"1680",1679,28.6257021506048,27.3714065551696,3.44751284871292
"1681",1680,27.3714065551696,27.7957947335928,3.44756217406508
"1682",1681,27.7957947335928,31.7289977392184,3.44761413391128
"1683",1682,31.7289977392184,35.5565000947554,3.44766873052825
"1684",1683,35.5565000947554,39.6058672401603,3.44772596618512
"1685",1684,39.6058672401603,42.4587778230211,3.44778582660048
"1686",1685,42.4587778230211,44.8715789404983,3.44784829323665
"1687",1686,44.8715789404983,46.7872943996763,3.44791334694885
"1688",1687,46.7872943996763,48,3.44798096814825
"1689",1688,48,48,3.44805113724603
"1690",1689,48,48,3.44812383465337
"1691",1690,48,51,3.44819904078144
"1692",1691,51,50,3.44827673604142
"1693",1692,50,50,3.44835690084448
"1694",1693,50,50,3.4484395156018
"1695",1694,50,50,3.44852456072456
"1696",1695,50,50,3.44861201662393
"1697",1696,50,50,3.44870186411471
"1698",1697,50,50,3.44879409083631
"1699",1698,50,50,3.44888869036232
"1700",1699,50,49,3.44898565744226
"1701",1700,49,49,3.44908498790244
"1702",1701,49,49,3.44918667756916
"1703",1702,49,48,3.44929072226873
"1704",1703,48,47,3.44939711782746
"1705",1704,47,47,3.44950586007164
"1706",1705,47,46,3.44961694482759
"1707",1706,46,45,3.4497303679216
"1708",1707,45,44,3.44984612518
"1709",1708,44,41,3.44996421242907
"1710",1709,41,37,3.45008462549512
"1711",1710,37,30,3.45020736052661
"1712",1711,30,22,3.45033241538604
"1713",1712,22,14,3.45045978926722
"1714",1713,14,8,3.4505894828867
"1715",1714,8,6,3.45072149696106
"1716",1715,6,3,3.45085583220688
"1717",1716,3,0,3.45099248934071
"1718",1717,0,0,3.45113146907914
"1719",1718,0,0,3.45127277213873
"1720",1719,0,0,3.45141639923605
"1721",1720,0,0,3.45156235108768
"1722",1721,0,0,3.45171062841018
"1723",1722,0,0,3.45186123192012
"1724",1723,0,0,3.45201416233408
"1725",1724,0,0,3.45216940918606
"1726",1725,0,0,3.45232696244382
"1727",1726,0,0,3.45248681178035
"1728",1727,0,0,3.45264894686863
"1729",1728,0,0,3.45281335738165
"1730",1729,0,0,3.45298003299242
"1731",1730,0,0,3.45314896337391
"1732",1731,0,0,3.45332013819913
"1733",1732,0,0,3.45349354714105
"1734",1733,0,0,3.45366917987268
"1735",1734,0,0,3.45384702606701
"1736",1735,0,0,3.45402707539703
"1737",1736,0,0,3.45420931753572
"1738",1737,0,0,3.45439374416951
"1739",1738,0,0,3.45458035360291
"1740",1739,0,0,3.45476914625574
"1741",1740,0,0,3.45496011585393
"1742",1741,0,0,3.45515325589104
"1743",1742,0,0,3.45534855986062
"1744",1743,0,0,3.45554602125622
"1745",1744,0,0,3.4557456335714
"1746",1745,0,0,3.45594739029973
"1747",1746,0,0,3.45615128493475
"1748",1747,0,0,3.45635731097002
"1749",1748,0,0,3.45656546189909
"1750",1749,0,0,3.45677573121553
"1751",1750,0,3.42142581940008,3.45698811241289
"1752",1751,3.42142581940008,12.8018031545852,3.45720259839785
"1753",1752,12.8018031545852,19.3545071604573,3.45741918217762
"1754",1753,19.3545071604573,19.9501693289278,3.4576378567594
"1755",1754,19.9501693289278,19,3.45785861553351
"1756",1755,19,21.0910852330169,3.4580814530758
"1757",1756,21.0910852330169,23.2052388974891,3.45830636396214
"1758",1757,23.2052388974891,23.7043333965306,3.45853334276839
"1759",1758,23.7043333965306,24.4338676037996,3.45876238407042
"1760",1759,24.4338676037996,23.4561136480309,3.45899348244408
"1761",1760,23.4561136480309,23,3.45922663246523
"1762",1761,23,24.1931339760633,3.45946182870974
"1763",1762,24.1931339760633,26.2804703660863,3.45969906575346
"1764",1763,26.2804703660863,27.3714065552007,3.45993833761255
"1765",1764,27.3714065552007,26.5022504218467,3.46017963203409
"1766",1765,26.5022504218467,24.672252434699,3.46042293729551
"1767",1766,24.672252434699,22.9516221165524,3.46066824167424
"1768",1767,22.9516221165524,21.3667973757338,3.46091553344769
"1769",1768,21.3667973757338,19,3.46116480089331
"1770",1769,19,18.4249418792274,3.4614160324801
"1771",1770,18.4249418792274,17.7782500473979,3.46166921726994
"1772",1771,17.7782500473979,17.1071290970004,3.46192434432474
"1773",1772,17.1071290970004,18.1044837037434,3.46218140270637
"1774",1773,18.1044837037434,19.6545949403469,3.46244038147673
"1775",1774,19.6545949403469,20.5285549164005,3.4627012696977
"1776",1775,20.5285549164005,21.6389968767211,3.46296405643117
"1777",1776,21.6389968767211,24.672252434699,3.463228734182
"1778",1777,24.672252434699,27.7957947336244,3.46349529797325
"1779",1778,27.7957947336244,31.3578855957425,3.46376374207794
"1780",1779,31.3578855957425,33.1719540294859,3.464034060517
"1781",1780,33.1719540294859,32.8171636022883,3.46430624731134
"1782",1781,32.8171636022883,33.870387556292,3.46458029648187
"1783",1782,33.870387556292,35.2257347951497,3.46485620204951
"1784",1783,35.2257347951497,36.5308311902814,3.46513395803517
"1785",1784,36.5308311902814,38.4054095657221,3.46541355790135
"1786",1785,38.4054095657221,39.6058672402054,3.46569499338253
"1787",1786,39.6058672402054,40.4828562311858,3.46597825621318
"1788",1787,40.4828562311858,40,3.46626333812778
"1789",1788,40,38.7090143718979,3.46655023087509
"1790",1789,38.7090143718979,38.0993855039025,3.46683892637386
"1791",1790,38.0993855039025,38.5575108069402,3.46712941654282
"1792",1791,38.5575108069402,38.4054095657221,3.46742169372789
"1793",1792,38.4054095657221,38.0993855039025,3.46771575381486
"1794",1793,38.0993855039025,38.5575108069402,3.46801159268952
"1795",1794,38.5575108069402,39.6058672402054,3.46830920623767
"1796",1795,39.6058672402054,40.770994054691,3.46860859034508
"1797",1796,40.770994054691,41.7638245126664,3.46890974089757
"1798",1797,41.7638245126664,42.1821704660338,3.4692126537809
"1799",1798,42.1821704660338,42.0431843516563,3.46951732488089
"1800",1799,42.0431843516563,41.4825834439285,3.46982374942279
"1801",1800,41.4825834439285,42.3207001276638,3.47013192202707
"1802",1801,42.3207001276638,43.1425380229539,3.47044183615129
"1803",1802,43.1425380229539,43.9490103921765,3.47075348253684
"1804",1803,43.9490103921765,44.0819880323878,3.47106685192508
"1805",1804,44.0819880323878,45.1317062273963,3.47138193505741
"1806",1805,45.1317062273963,45.0018305081131,3.47169872055604
"1807",1806,45.0018305081131,44.8715789405493,3.47201719427794
"1808",1807,44.8715789405493,44.6099348519941,3.4723373420801
"1809",1808,44.6099348519941,43.0066556649003,3.47265914981949
"1810",1809,43.0066556649003,41.3412454737208,3.47298260335311
"1811",1810,41.3412454737208,39,3.47330768853792
"1812",1811,39,37.4798419805543,3.4736343912309
"1813",1812,37.4798419805543,35.2257347951497,3.47396269728905
"1814",1813,35.2257347951497,33.870387556292,3.47429259256933
"1815",1814,33.870387556292,31.7289977392545,3.47462406573695
"1816",1815,31.7289977392545,27,3.47495710960286
"1817",1816,27,21,3.47529171697803
"1818",1817,21,13.6857032776003,3.47562788067341
"1819",1818,13.6857032776003,6.84285163880017,3.47596559349995
"1820",1819,6.84285163880017,7.65054072251189,3.4763048490054
"1821",1820,7.65054072251189,12.8018031545852,3.47664564101409
"1822",1821,12.8018031545852,16.7614948988099,3.47698796335034
"1823",1822,16.7614948988099,21.6389968767211,3.47733180983849
"1824",1823,21.6389968767211,20.5285549164005,3.47767717430285
"1825",1824,20.5285549164005,23,3.47802405056777
"1826",1825,23,28,3.47837243245757
"1827",1826,28,32,3.47872231379658
"1828",1827,32,35,3.47907368685589
"1829",1828,35,36,3.47942653714994
"1830",1829,36,35.2257347951497,3.47978084927176
"1831",1830,35.2257347951497,33.1719540294859,3.48013660781439
"1832",1831,33.1719540294859,30.7928323746008,3.48049379737086
"1833",1832,30.7928323746008,28.6257021506374,3.48085240317449
"1834",1833,28.6257021506374,26.0568027076757,3.48121241401182
"1835",1834,26.0568027076757,24.1931339760633,3.48157381866936
"1836",1835,24.1931339760633,21.6389968767211,3.48193660593365
"1837",1836,21.6389968767211,19.3545071604573,3.48230076459122
"1838",1837,19.3545071604573,16.7614948988099,3.48266628342859
"1839",1838,16.7614948988099,14.9136493696098,3.4830331512323
"1840",1839,14.9136493696098,15.3010813940406,3.48340135678888
"1841",1840,15.3010813940406,13.6857032776003,3.48377088888484
"1842",1841,13.6857032776003,12.8018031545852,3.48414173731583
"1843",1842,12.8018031545852,11.8521666982653,3.48451389204812
"1844",1843,11.8521666982653,8.38074744940494,3.48488734437324
"1845",1844,8.38074744940494,5,3.48526208798702
"1846",1845,5,3.42142581940008,3.48563811658526
"1847",1846,3.42142581940008,2,3.4860154242139
"1848",1847,2,0,3.48639400517412
"1849",1848,0,0,3.48677385376715
"1850",1849,0,0,3.48715496429418
"1851",1850,0,0,3.48753733105644
"1852",1851,0,0,3.48792094835512
"1853",1852,0,0,3.48830581049143
"1854",1853,0,0,3.48869191176659
"1855",1854,0,0,3.48907924851682
"1856",1855,0,0,3.48946782337579
"1857",1856,0,0,3.48985763897716
"1858",1857,0,0,3.49024869795458
"1859",1858,0,0,3.49064100374286
"1860",1859,0,0,3.49103456024105
"1861",1860,0,0,3.49142936156575
"1862",1861,0,0,3.49182539840258
"1863",1862,0,0,3.49222266143712
"1864",1863,0,0,3.49262114135497
"1865",1864,0,0,3.49302082884173
"1866",1865,0,0,3.493421714583
"1867",1866,0,0,3.49382378926436
"1868",1867,0,0,3.49422704357143
"1869",1868,0,0,3.49463146482853
"1870",1869,0,0,3.49503703426197
"1871",1870,0,0,3.49544373309808
"1872",1871,0,0,3.49585154256316
"1873",1872,0,0,3.49626044388354
"1874",1873,0,0,3.49667042028743
"1875",1874,0,0,3.49708146289957
"1876",1875,0,0,3.497493563101
"1877",1876,0,0,3.49790671227274
"1878",1877,0,0,3.49832090179583
"1879",1878,0,0,3.49873612305128
"1880",1879,0,0,3.49915236742012
"1881",1880,0,0,3.49956962628338
"1882",1881,0,0,3.4999878910221
"1883",1882,0,0,3.50040715226604
"1884",1883,0,0,3.50082739978569
"1885",1884,0,0,3.5012486233515
"1886",1885,0,0,3.50167081273395
"1887",1886,0,0,3.50209395770351
"1888",1887,0,0,3.50251804872149
"1889",1888,0,0,3.50294307898913
"1890",1889,0,0,3.50336904170765
"1891",1890,0,0,3.50379593007829
"1892",1891,0,0,3.50422373730227
"1893",1892,0,0,3.50465245658084
"1894",1893,0,0,3.50508208111521
"1895",1894,0,0,3.50551260410663
"1896",1895,0,4,3.50594401875632
"1897",1896,4,13.2511251854318,3.50637632245492
"1898",1897,13.2511251854318,20.5285549164005,3.5068095133016
"1899",1898,20.5285549164005,19.9501693289278,3.50724358939553
"1900",1899,19.9501693289278,21.6389968767211,3.50767854883588
"1901",1900,21.6389968767211,26.9403338141615,3.50811438972182
"1902",1901,26.9403338141615,32.0958191351693,3.50855111014463
"1903",1902,32.0958191351693,36.849883809438,3.50898870890372
"1904",1903,36.849883809438,40.1926527716344,3.50942718561572
"1905",1904,40.1926527716344,44.3467470935749,3.50986653989727
"1906",1905,44.3467470935749,54,3.51030677136503
"1907",1906,54,56.323777452963,3.51074787963562
"1908",1907,56.323777452963,56.5312321932455,3.51118986432569
"1909",1908,56.5312321932455,57.0465685688827,3.51163272505188
"1910",1909,57.0465685688827,57.2514043012747,3.51207646115383
"1911",1910,57.2514043012747,57.0465685688827,3.51252107111397
"1912",1911,57.0465685688827,55.8017664054546,3.51296655341473
"1913",1912,55.8017664054546,54.7428131104014,3.51341290653855
"1914",1913,54.7428131104014,55.1688336185046,3.51386012896787
"1915",1914,55.1688336185046,54.0974921663112,3.51430821918512
"1916",1915,54.0974921663112,53.7719275627309,3.5147571673578
"1917",1916,53.7719275627309,53.0045008436935,3.51520696286853
"1918",1917,53.0045008436935,50.7479459540096,3.51565759400956
"1919",1918,50.7479459540096,49.1066986470357,3.51610904869844
"1920",1919,49.1066986470357,48.1437287537372,3.51656131485272
"1921",1920,48.1437287537372,47.0368283936137,3.51701438038993
"1922",1921,47.0368283936137,46.662026951523,3.51746823322763
"1923",1922,46.662026951523,45.3903427649593,3.51792286128336
"1924",1923,45.3903427649593,44.6099348519941,3.51837825448419
"1925",1924,44.6099348519941,44.6099348519941,3.51883440295377
"1926",1925,44.6099348519941,44.7409481598127,3.51929129681575
"1927",1926,44.7409481598127,43.8156291688142,3.51974892619376
"1928",1927,43.8156291688142,42.4587778230694,3.52020728121146
"1929",1928,42.4587778230694,42.0431843516563,3.52066635692777
"1930",1929,42.0431843516563,42.1821704660338,3.52112615158092
"1931",1930,42.1821704660338,42.1821704660338,3.52158666340912
"1932",1931,42.1821704660338,41.7638245126664,3.52204789063301
"1933",1932,41.7638245126664,41,3.52250983069157
"1934",1933,41,41,3.5229724810238
"1935",1934,41,40,3.52343583906869
"1936",1935,40,37,3.52389990226525
"1937",1936,37,31,3.52436467034581
"1938",1937,31,27,3.5248301447201
"1939",1938,27,25,3.52529632679787
"1940",1939,25,26,3.52576321798883
"1941",1940,26,28.0055773166416,3.52623081970272
"1942",1941,28.0055773166416,29.8272987902029,3.52669913125207
"1943",1942,29.8272987902029,30.9823284803998,3.5271681499174
"1944",1943,30.9823284803998,29.8272987902029,3.52763787297921
"1945",1944,29.8272987902029,30.9823284803998,3.52810829771804
"1946",1945,30.9823284803998,32.4584952895901,3.52857942141439
"1947",1946,32.4584952895901,34.0427570737195,3.5290512419973
"1948",1947,34.0427570737195,35.8842166999931,3.52952375891052
"1949",1948,35.8842166999931,37.1661976101426,3.52999697159782
"1950",1949,37.1661976101426,38.8599272452959,3.53047087999556
"1951",1950,38.8599272452959,40.1926527716344,3.5309454855644
"1952",1951,40.1926527716344,40.6271805943504,3.53142078976503
"1953",1952,40.6271805943504,38.4054095657221,3.53189679405812
"1954",1953,38.4054095657221,36.2089673565037,3.53237349990435
"1955",1954,36.2089673565037,34.5547069401077,3.53285090858264
"1956",1955,34.5547069401077,34.2142581940008,3.53332902122093
"1957",1956,34.2142581940008,34.0427570737195,3.53380783894716
"1958",1957,34.0427570737195,32.0958191351693,3.53428736288927
"1959",1958,32.0958191351693,29.8272987902029,3.53476759417519
"1960",1959,29.8272987902029,27.3714065552007,3.53524853393287
"1961",1960,27.3714065552007,25.1422423482148,3.53573018329025
"1962",1961,25.1422423482148,22.6951713824797,3.53621254552338
"1963",1962,22.6951713824797,20.5285549164005,3.53669562427165
"1964",1963,20.5285549164005,19.6545949403469,3.53717942892073
"1965",1964,19.6545949403469,18.7399209902772,3.53766397218619
"1966",1965,18.7399209902772,17.4459170138091,3.5381492667836
"1967",1966,17.4459170138091,15.6789427978712,3.53863532542851
"1968",1967,15.6789427978712,13.6857032776003,3.53912216222161
"1969",1968,13.6857032776003,11.8521666982653,3.53960979199503
"1970",1969,11.8521666982653,0,3.5400982295809
"1971",1970,0,0,3.54058748981132
"1972",1971,0,0,3.54107758751842
"1973",1972,0,0,3.54156853753434
"1974",1973,0,0,3.54206035469118
"1975",1974,0,0,3.54255305382107
"1976",1975,0,0,3.54304665062075
"1977",1976,0,0,3.5435411619734
"1978",1977,0,0,3.54403660239953
"1979",1978,0,0,3.54453298641966
"1980",1979,0,0,3.5450303285543
"1981",1980,0,0,3.54552863678266
"1982",1981,0,0,3.54602791838547
"1983",1982,0,0,3.54652818064342
"1984",1983,0,0,3.54702943083724
"1985",1984,0,0,3.54753167624765
"1986",1985,0,0,3.54803492415536
"1987",1986,0,0,3.54853918184109
"1988",1987,0,0,3.54904445658555
"1989",1988,0,0,3.54955075566946
"1990",1989,0,0,3.55005808637354
"1991",1990,0,0,3.55056644307036
"1992",1991,0,0,3.55107581592221
"1993",1992,0,0,3.55158619592226
"1994",1993,0,0,3.5520975764368
"1995",1994,0,0,3.55260995083211
"1996",1995,0,0,3.55312331247449
"1997",1996,0,0,3.55363765473021
"1998",1997,0,0,3.55415297096556
"1999",1998,0,0,3.55466925454683
"2000",1999,0,0,3.55518649884031
"2001",2000,0,0,3.55570469721229
"2002",2001,0,1,3.55622384302905
"2003",2002,1,10,3.55674392965687
"2004",2003,10,17,3.5572649468039
"2005",2004,17,22.1733735467875,3.55778687853803
"2006",2005,22.1733735467875,24.1931339760633,3.55830970832976
"2007",2006,24.1931339760633,27,3.55883341932472
"2008",2007,27,33,3.55935799466853
"2009",2008,33,39.6058672402054,3.55988341750681
"2010",2009,39.6058672402054,39.6058672402054,3.56040967098518
"2011",2010,39.6058672402054,41.057109832801,3.56093673824928
"2012",2011,41.057109832801,43.0066556649003,3.56146460244471
"2013",2012,43.0066556649003,44,3.56199324671712
"2014",2013,44,46.662026951523,3.56252265421211
"2015",2014,46.662026951523,45.6475138918975,3.56305280807531
"2016",2015,45.6475138918975,43.5476411365206,3.56358369145235
"2017",2016,43.5476411365206,42.5964079368072,3.56411528607378
"2018",2017,42.5964079368072,44.3467470935749,3.56464751011344
"2019",2018,44.3467470935749,44.8715789405493,3.56518027907127
"2020",2019,44.8715789405493,44.8715789405493,3.56571350859957
"2021",2020,44.8715789405493,45.9032442840881,3.56624711435064
"2022",2021,45.9032442840881,45.0018305081131,3.56678101197679
"2023",2022,45.0018305081131,45,3.56731511713031
"2024",2023,45,46,3.56784934546352
"2025",2024,46,48,3.5683836126287
"2026",2025,48,50,3.56891783427816
"2027",2026,50,53,3.56945192606421
"2028",2027,53,55,3.56998580363913
"2029",2028,55,57,3.57051938265524
"2030",2029,57,57.5572911162725,3.57105257876484
"2031",2030,57.5572911162725,56.8409947014656,3.5715853429174
"2032",2031,56.8409947014656,55.8017664054546,3.57211767408652
"2033",2032,55.8017664054546,55.0626375135067,3.57264957213874
"2034",2033,55.0626375135067,55.8017664054546,3.57318103796209
"2035",2034,55.8017664054546,55.3806149475864,3.57371207244454
"2036",2035,55.3806149475864,55.3806149475864,3.5742426764741
"2037",2036,55.3806149475864,55.4862025168983,3.57477285093876
"2038",2037,55.4862025168983,55.5915895182321,3.57530259672652
"2039",2038,55.5915895182321,56.0111546332832,3.57583191472539
"2040",2039,56.0111546332832,54.9562362010579,3.57636080582334
"2041",2040,54.9562362010579,53.4443797629673,3.57688927090839
"2042",2041,53.4443797629673,52.2257985232914,3.57741731086853
"2043",2042,52.2257985232914,51.2072127712905,3.57794492659176
"2044",2043,51.2072127712905,50.7479459540096,3.57847211896606
"2045",2044,50.7479459540096,49.8167118900996,3.57899887809044
"2046",2045,49.8167118900996,49.5811705461982,3.57952519151717
"2047",2046,49.5811705461982,48.3862679521266,3.58005104657627
"2048",2047,48.3862679521266,47.6549472419279,3.58057643043519
"2049",2048,47.6549472419279,46.7872943997295,3.58110133026137
"2050",2049,46.7872943997295,48.1437287537372,3.58162573322225
"2051",2050,48.1437287537372,47.4086667930612,3.58214962648528
"2052",2051,47.4086667930612,46.662026951523,3.5826729972179
"2053",2052,46.662026951523,46.7872943997295,3.58319583258755
"2054",2053,46.7872943997295,48.3862679521266,3.58371811976169
"2055",2054,48.3862679521266,50.2844846964297,3.58423984590774
"2056",2055,50.2844846964297,51.8884916689554,3.58476099819317
"2057",2056,51.8884916689554,52.5609407321726,3.58528156378541
"2058",2057,52.5609407321726,52.5609407321726,3.58580152580155
"2059",2058,52.5609407321726,53.2248947677325,3.58632086190481
"2060",2059,53.2248947677325,53.8806676793061,3.5868395497584
"2061",2060,53.8806676793061,53.4443797629673,3.58735756543024
"2062",2061,53.4443797629673,53.662967096689,3.58787488493285
"2063",2062,53.662967096689,53.662967096689,3.58839148427875
"2064",2063,53.662967096689,53.4443797629673,3.58890733948047
"2065",2064,53.4443797629673,54.7428131104014,3.58942242655054
"2066",2065,54.7428131104014,57.0465685688827,3.58993672150148
"2067",2066,57.0465685688827,60.4344292810452,3.59045020034582
"2068",2067,60.4344292810452,63.4579955294923,3.59096283909608
"2069",2068,63.4579955294923,65,3.59147461376479
"2070",2069,65,67.0459795952395,3.59198550036447
"2071",2070,67.0459795952395,67.1332222812111,3.59249547463199
"2072",2071,67.1332222812111,68.5993743549924,3.59300450511696
"2073",2072,68.5993743549924,71.4414684913499,3.59351256036897
"2074",2073,71.4414684913499,70.9481958169148,3.59401960989257
"2075",2074,70.9481958169148,70,3.59452562374567
"2076",2075,70,69.1940549945568,3.59503057198616
"2077",2076,69.1940549945568,69.2785926639496,3.59553442467196
"2078",2077,69.2785926639496,69.7836680552366,3.59603715186097
"2079",2078,69.7836680552366,70.1183638040808,3.59653872361111
"2080",2079,70.1183638040808,71,3.59703910998026
"2081",2080,71,71,3.59753828102635
"2082",2081,71,71,3.59803620680727
"2083",2082,71,71,3.59853285738093
"2084",2083,71,71,3.5990282034766
"2085",2084,71,71.1130002405749,3.59952225102493
"2086",2085,71.1130002405749,70.1183638040808,3.60001501446911
"2087",2086,70.1183638040808,70,3.60050650855592
"2088",2087,70,69.6157167434504,3.60099674825413
"2089",2088,69.6157167434504,69.1940549945568,3.60148574853253
"2090",2089,69.1940549945568,69.5315889791274,3.60197352435989
"2091",2090,69.5315889791274,69.7836680552366,3.60246009070499
"2092",2091,69.7836680552366,69.6157167434504,3.60294546253661
"2093",2092,69.6157167434504,69.4473592483692,3.60342965482354
"2094",2093,69.4473592483692,69.4473592483692,3.60391268253455
"2095",2094,69.4473592483692,69.699743000187,3.60439456063843
"2096",2095,69.699743000187,69.6157167434504,3.60487530410395
"2097",2096,69.6157167434504,69.2785926639496,3.60535492806697
"2098",2097,69.2785926639496,69.2785926639496,3.60583343599185
"2099",2098,69.2785926639496,69.2785926639496,3.6063108194746
"2100",2099,69.2785926639496,69.1094138802153,3.60678706952328
"2101",2100,69.1094138802153,69.1094138802153,3.60726217660753
"2102",2101,69.1094138802153,68.9398199911229,3.60773613119702
"2103",2102,68.9398199911229,69.0246690150259,3.6082089237614
"2104",2103,69.0246690150259,69.1094138802153,3.60868054477034
"2105",2104,69.1094138802153,69.4473592483692,3.60915098469348
"2106",2105,69.4473592483692,69.4473592483692,3.60962023400049
"2107",2106,69.4473592483692,69.9512161407544,3.61008828316103
"2108",2107,69.9512161407544,69.3630272962596,3.61055512264474
"2109",2108,69.3630272962596,69.2785926639496,3.61102074292129
"2110",2109,69.2785926639496,68.2572307227981,3.61148513418668
"2111",2110,68.2572307227981,68.085514147439,3.61194828244531
"2112",2111,68.085514147439,67.5677460762529,3.61241016874352
"2113",2112,67.5677460762529,68.085514147439,3.61287077346204
"2114",2113,68.085514147439,69.6157167434504,3.6133300762202
"2115",2114,69.6157167434504,70.2017884588492,3.61378805663734
"2116",2115,70.2017884588492,70.1183638040808,3.61424469433277
"2117",2116,70.1183638040808,70.2017884588492,3.61469996892584
"2118",2117,70.2017884588492,70.4514695902995,3.61515386003587
"2119",2118,70.4514695902995,70.6174332193793,3.61560634728219
"2120",2119,70.6174332193793,71.1130002405749,3.61605741028413
"2121",2120,71.1130002405749,71.6051375697363,3.61650702866103
"2122",2121,71.6051375697363,72,3.61695518203222
"2123",2122,72,73.0616623805627,3.61740185003684
"2124",2123,73.0616623805627,73.3016028113989,3.61784701254238
"2125",2124,73.3016028113989,73.3814086263954,3.61829067178147
"2126",2125,73.3814086263954,73.5407603949281,3.61873283737954
"2127",2126,73.5407603949281,73.3016028113989,3.61917352037774
"2128",2127,73.3016028113989,71.1952593680047,3.61961273181722
"2129",2128,71.1952593680047,69.2785926639496,3.62005048273915
"2130",2129,69.2785926639496,65.9900713748268,3.62048678418467
"2131",2130,65.9900713748268,63.4579955294923,3.62092164719494
"2132",2131,63.4579955294923,62.1532865558315,3.62135508281112
"2133",2132,62.1532865558315,59.85050808875,3.62178710207436
"2134",2133,59.85050808875,58.8644355582402,3.62221771602582
"2135",2134,58.8644355582402,56.8409947014656,3.62264693570664
"2136",2135,56.8409947014656,54.7428131104014,3.62307477219547
"2137",2136,54.7428131104014,53,3.62350123730367
"2138",2137,53,46,3.62392633881572
"2139",2138,46,38,3.62435007302896
"2140",2139,38,31,3.62477243518303
"2141",2140,31,26,3.62519342051758
"2142",2141,26,24,3.62561302427226
"2143",2142,24,24,3.62603124168674
"2144",2143,24,23,3.62644806800065
"2145",2144,23,23.9499807358006,3.62686349845366
"2146",2145,23.9499807358006,27,3.62727752828541
"2147",2146,27,32,3.62769015273557
"2148",2147,32,38,3.62810136704377
"2149",2148,38,45,3.62851116644914
"2150",2149,45,55,3.628919546188
"2151",2150,55,62,3.62932650149665
"2152",2151,62,61,3.62973202958002
"2153",2152,61,61,3.63013612802344
"2154",2153,61,62.4351623146459,3.6305387944122
"2155",2154,62.4351623146459,63.0879748856868,3.63094002633161
"2156",2155,63.0879748856868,64,3.63133982136698
"2157",2156,64,65.0970658020894,3.63173817710362
"2158",2157,65.0970658020894,65,3.63213509112684
"2159",2158,65,65,3.63253056102194
"2160",2159,65,66,3.63292458437424
"2161",2160,66,67.8271241647166,3.63331715876904
"2162",2161,67.8271241647166,68.085514147439,3.63370828189147
"2163",2162,68.085514147439,66.6958676430094,3.63409795170348
"2164",2163,66.6958676430094,65,3.63448616644684
"2165",2164,65,61.0127623558036,3.63487292691649
"2166",2165,61.0127623558036,57,3.63525823284669
"2167",2166,57,54,3.63564208397171
"2168",2167,54,51,3.63602448002581
"2169",2168,51,50,3.63640542074326
"2170",2169,50,46.662026951523,3.63678490585832
"2171",2170,46.662026951523,46,3.63716293510527
"2172",2171,46,45,3.63753950821836
"2173",2172,45,47.1611002925292,3.63791462493186
"2174",2173,47.1611002925292,48,3.63828828498005
"2175",2174,48,53,3.63866048795066
"2176",2175,53,60.3375015171499,3.63903123329305
"2177",2176,60.3375015171499,57.9626291605061,3.63940051873504
"2178",2177,57.9626291605061,56,3.63976834074538
"2179",2178,56,53.114812110087,3.64013469729289
"2180",2179,53.114812110087,52.5609407321726,3.64049958685062
"2181",2180,52.5609407321726,51.5489777001441,3.64086300789163
"2182",2181,51.5489777001441,50.9780965364099,3.64122495888897
"2183",2182,50.9780965364099,48.9873626373535,3.64158543831568
"2184",2183,48.9873626373535,47.4086667930612,3.64194444464482
"2185",2184,47.4086667930612,46.7872943997295,3.64230197634943
"2186",2185,46.7872943997295,47.1611002925292,3.64265803190258
"2187",2186,47.1611002925292,48,3.64301260977731
"2188",2187,48,49,3.64336570718991
"2189",2188,49,49,3.64371732109991
"2190",2189,49,50,3.64406744838188
"2191",2190,50,55,3.64441608591037
"2192",2191,55,61,3.64476322970556
"2193",2192,61,67,3.64510886870792
"2194",2193,67,66.4320727764345,3.64545299185788
"2195",2194,66.4320727764345,66.6958676430094,3.6457955880959
"2196",2195,66.6958676430094,69.1094138802153,3.64613664636243
"2197",2196,69.1094138802153,68.5993743549924,3.64647615559791
"2198",2197,68.5993743549924,67.39427272118,3.6468141047428
"2199",2198,67.39427272118,66.6958676430094,3.64715048273755
"2200",2199,66.6958676430094,67,3.64748527884128
"2201",2200,67,68.4285163880017,3.64781848405798
"2202",2201,68.4285163880017,67.5677460762529,3.64815008997308
"2203",2202,67.5677460762529,66.6958676430094,3.64848008953011
"2204",2203,66.6958676430094,65.5450894433321,3.64880847567258
"2205",2204,65.5450894433321,63.7341012116661,3.64913524134401
"2206",2205,63.7341012116661,63.4579955294923,3.64946038372625
"2207",2206,63.4579955294923,63,3.64978390553164
"2208",2207,63,63,3.65010580947248
"2209",2208,63,64.1003921781845,3.65042609826109
"2210",2209,64.1003921781845,64.7364144461576,3.6507447746098
"2211",2210,64.7364144461576,65,3.65106184123094
"2212",2211,65,65,3.65137730083681
"2213",2212,65,65,3.6516911547443
"2214",2213,65,65.6343272045767,3.65200340353344
"2215",2214,65.6343272045767,65.4557300361303,3.65231404717905
"2216",2215,65.4557300361303,66.1672262790292,3.65262308378304
"2217",2216,66.1672262790292,64.9169905791802,3.65293051144732
"2218",2217,64.9169905791802,66.5201206403624,3.65323632827381
"2219",2218,66.5201206403624,67.2203517334563,3.65354053236442
"2220",2219,67.2203517334563,67.5677460762529,3.65384312034752
"2221",2220,67.5677460762529,67.2203517334563,3.65414408829828
"2222",2221,67.2203517334563,67.7407751125839,3.65444343229187
"2223",2222,67.7407751125839,67.39427272118,3.65474114840347
"2224",2223,67.39427272118,67.8271241647166,3.65503723270824
"2225",2224,67.8271241647166,68.2572307227981,3.65533168419694
"2226",2225,68.2572307227981,68.5993743549924,3.65562450569038
"2227",2226,68.5993743549924,68.9398199911229,3.65591570000938
"2228",2227,68.9398199911229,69.2785926639496,3.65620527075141
"2229",2228,69.2785926639496,68.9398199911229,3.65649322485349
"2230",2229,68.9398199911229,69.1940549945568,3.65677956925264
"2231",2230,69.1940549945568,68.769807835713,3.6570643108859
"2232",2231,68.769807835713,68.2572307227981,3.6573474566903
"2233",2232,68.2572307227981,67.9133633989984,3.65762901232229
"2234",2233,67.9133633989984,68.769807835713,3.65790897633192
"2235",2234,68.769807835713,68.769807835713,3.65818734726921
"2236",2235,68.769807835713,69.4473592483692,3.65846412368421
"2237",2236,69.4473592483692,69.1094138802153,3.65873930412696
"2238",2237,69.1094138802153,68.5993743549924,3.65901288268712
"2239",2238,68.5993743549924,68.2572307227981,3.65928485313
"2240",2239,68.2572307227981,68.1714264773293,3.65955520922093
"2241",2240,68.1714264773293,68.4285163880017,3.65982394472522
"2242",2241,68.4285163880017,68.5993743549924,3.66009105290366
"2243",2242,68.5993743549924,68.085514147439,3.66035652693168
"2244",2243,68.085514147439,67.9994932232951,3.66062035998472
"2245",2244,67.9994932232951,67.5677460762529,3.66088254523823
"2246",2245,67.5677460762529,66.8711527377046,3.66114307586765
"2247",2246,66.8711527377046,66.5201206403624,3.66140194434821
"2248",2247,66.5201206403624,65.9900713748268,3.66165914264455
"2249",2248,65.9900713748268,65.8124396755729,3.66191466272132
"2250",2249,65.8124396755729,67.6543159367012,3.66216849690927
"2251",2250,67.6543159367012,68,3.66242063802003
"2252",2251,68,69.1094138802153,3.66267107886525
"2253",2252,69.1094138802153,68.769807835713,3.66291981225658
"2254",2253,68.769807835713,69.1094138802153,3.66316683100565
"2255",2254,69.1094138802153,68.769807835713,3.6634121269066
"2256",2255,68.769807835713,68.5139986234679,3.66365568860485
"2257",2256,68.5139986234679,68.2572307227981,3.66389750474581
"2258",2257,68.2572307227981,68.4285163880017,3.66413756397491
"2259",2258,68.4285163880017,67.8271241647166,3.66437585493757
"2260",2259,67.8271241647166,67.9133633989984,3.6646123662792
"2261",2260,67.9133633989984,67.0459795952395,3.66484710621012
"2262",2261,67.0459795952395,67.2203517334563,3.66508008985315
"2263",2262,67.2203517334563,67.0459795952395,3.66531133252108
"2264",2263,67.0459795952395,67.0459795952395,3.6655408495267
"2265",2264,67.0459795952395,67.7407751125839,3.66576865618281
"2266",2265,67.7407751125839,69.3630272962596,3.66599476780218
"2267",2266,69.3630272962596,70.5345001957787,3.66621919969762
"2268",2267,70.5345001957787,73.2217100700163,3.6664419671819
"2269",2268,73.2217100700163,75.2713680268019,3.66666308724846
"2270",2269,75.2713680268019,75.4267270446445,3.66688257993971
"2271",2270,75.4267270446445,75,3.6671004652981
"2272",2271,75,74,3.66731676336605
"2273",2272,74,74,3.66753149418598
"2274",2273,74,76,3.66774467780034
"2275",2274,76,78,3.667956317186
"2276",2275,78,80,3.66816641478669
"2277",2276,80,81,3.66837497304614
"2278",2277,81,81,3.66858199440806
"2279",2278,81,81,3.66878748131619
"2280",2279,81,81,3.66899143621425
"2281",2280,81,82,3.66919386154596
"2282",2281,82,83,3.66939475975506
"2283",2282,83,83,3.66959413366088
"2284",2283,83,84,3.66979198651243
"2285",2284,84,84,3.66998832155871
"2286",2285,84,84,3.67018314204874
"2287",2286,84,84,3.67037645104737
"2288",2287,84,83,3.67056824897511
"2289",2288,83,81.6137364856782,3.67075852558541
"2290",2289,81.6137364856782,81,3.67094727063171
"2291",2290,81,80,3.67113447386746
"2292",2291,80,79,3.67132012504611
"2293",2292,79,78,3.67150421392112
"2294",2293,78,78,3.67168673024591
"2295",2294,78,78,3.67186766377396
"2296",2295,78,77,3.6720470042587
"2297",2296,77,76,3.67222473935888
"2298",2297,76,76,3.67240085637898
"2299",2298,76,75,3.67257533822134
"2300",2299,75,74.3323952712683,3.67274816408822
"2301",2300,74.3323952712683,73.699767618876,3.67291931318188
"2302",2301,73.699767618876,72.9012633657563,3.67308876472036
"2303",2302,72.9012633657563,72.4179347639905,3.67325649793438
"2304",2303,72.4179347639905,71.9313585822438,3.67342249205467
"2305",2304,71.9313585822438,71.9313585822438,3.67358672631194
"2306",2305,71.9313585822438,72.5794019281899,3.67374917993693
"2307",2306,72.5794019281899,73.2217100700163,3.67390983216035
"2308",2307,73.2217100700163,73.8584325415005,3.67406866221292
"2309",2308,73.8584325415005,74.1747442009099,3.67422564932537
"2310",2309,74.1747442009099,75.1156876617384,3.67438077286692
"2311",2310,75.1156876617384,76.1987709568217,3.67453401590681
"2312",2311,76.1987709568217,77.1150215628973,3.67468536843087
"2313",2312,77.1150215628973,77.719854541575,3.67483482042497
"2314",2313,77.719854541575,78.9156148263171,3.67498236187494
"2315",2314,78.9156148263171,79.6538499314763,3.67512798276663
"2316",2315,79.6538499314763,80.2395478889066,3.67527168971577
"2317",2316,80.2395478889066,79.5067513165234,3.67541349090784
"2318",2317,79.5067513165234,78.7671375231926,3.67555339452837
"2319",2318,78.7671375231926,77.1908848966563,3.67569140876286
"2320",2319,77.1908848966563,75.7364890430324,3.67582754179682
"2321",2320,75.7364890430324,73.8584325415005,3.67596180181576
"2322",2321,73.8584325415005,72.7405106803691,3.67609419700519
"2323",2322,72.7405106803691,72.0126829323779,3.67622473470186
"2324",2323,72.0126829323779,71.9313585822438,3.67635341350281
"2325",2324,71.9313585822438,71.3594931874929,3.67648023190683
"2326",2325,71.3594931874929,71.7684334509694,3.67660518841266
"2327",2326,71.7684334509694,72.6600009400865,3.67672828151908
"2328",2327,72.6600009400865,73.0616623805627,3.67684950972485
"2329",2328,73.0616623805627,73.699767618876,3.67696886165816
"2330",2329,73.699767618876,74.8033549875503,3.67708631958864
"2331",2330,74.8033549875503,75.5817667036117,3.67720186578589
"2332",2331,75.5817667036117,77.1908848966563,3.67731548251955
"2333",2332,77.1908848966563,77.1150215628973,3.67742715205923
"2334",2333,77.1150215628973,77.719854541575,3.67753685667455
"2335",2334,77.719854541575,78.1704082249935,3.67764457863513
"2336",2335,78.1704082249935,78.1704082249935,3.67775030320338
"2337",2336,78.1704082249935,78.0954964420086,3.67785401491608
"2338",2337,78.0954964420086,78.1704082249935,3.67795569747132
"2339",2338,78.1704082249935,78.0205127726869,3.67805533456721
"2340",2339,78.0205127726869,77.719854541575,3.67815290990183
"2341",2340,77.719854541575,77.5690884488606,3.6782484071733
"2342",2341,77.5690884488606,77.719854541575,3.67834181427411
"2343",2342,77.719854541575,78.5438953197332,3.67843312316079
"2344",2343,78.5438953197332,79.0638133022243,3.67852232578988
"2345",2344,79.0638133022243,79.6538499314763,3.67860941411789
"2346",2345,79.6538499314763,79.4330998386788,3.67869438010135
"2347",2346,79.4330998386788,79.4330998386788,3.67877721569679
"2348",2347,79.4330998386788,79.0638133022243,3.67885791202815
"2349",2348,79.0638133022243,78.3200167947344,3.67893645884156
"2350",2349,78.3200167947344,77.719854541575,3.67901284563681
"2351",2350,77.719854541575,77.6445080756765,3.67908706115155
"2352",2351,77.6445080756765,76.1219189565061,3.67915909412344
"2353",2352,76.1219189565061,75.8137317787281,3.67922893329013
"2354",2353,75.8137317787281,74.4897127077892,3.67929656738927
"2355",2354,74.4897127077892,72.2561067918885,3.679361985522
"2356",2355,72.2561067918885,71.4414684916748,3.67942517709145
"2357",2356,71.4414684916748,72.1750567314649,3.67948613150074
"2358",2357,72.1750567314649,72.4987132881262,3.67954483815299
"2359",2358,72.4987132881262,73.5407603952625,3.67960128645134
"2360",2359,73.5407603952625,73.5407603952625,3.67965546543076
"2361",2360,73.5407603952625,73.9376373156804,3.67970736211051
"2362",2361,73.9376373156804,74.4897127077892,3.67975696350986
"2363",2362,74.4897127077892,75.4267270449875,3.67980425664807
"2364",2363,75.4267270449875,76.6582652105852,3.67984922567128
"2365",2364,76.6582652105852,77,3.67989185306064
"2366",2365,77,78,3.67993212129733
"2367",2366,78,79,3.67997001286252
"2368",2367,79,80,3.68000550746714
"2369",2368,80,80,3.68003858335925
"2370",2369,80,80,3.68006921878691
"2371",2370,80,79.6538499318386,3.68009739199817
"2372",2371,79.6538499318386,79.3593799927002,3.68012308322076
"2373",2372,79.3593799927002,79.3593799927002,3.68014627476133
"2374",2373,79.3593799927002,79.2855916249159,3.68016694892655
"2375",2374,79.2855916249159,78.7671375235507,3.68018508802308
"2376",2375,78.7671375235507,77.4180287441479,3.68020067435757
"2377",2376,77.4180287441479,75.8908958986473,3.68021369026328
"2378",2377,75.8908958986473,74.7250678099977,3.68022411925477
"2379",2378,74.7250678099977,73.6997676192111,3.68023194484663
"2380",2379,73.6997676192111,72.2561067918885,3.68023715055343
"2381",2380,72.2561067918885,71.5233498334621,3.68023973297235
"2382",2381,71.5233498334621,70.6174332197004,3.68023969009757
"2383",2382,70.6174332197004,69.447359248685,3.68023701973386
"2384",2383,69.447359248685,68.5993743553044,3.68023171796005
"2385",2384,68.5993743553044,67.9133633993072,3.68022378085492
"2386",2385,67.9133633993072,67.4810651236802,3.6802132044973
"2387",2386,67.4810651236802,66.1672262793301,3.68019998496597
"2388",2387,66.1672262793301,65.7234437790118,3.68018411833976
"2389",2388,65.7234437790118,64.7364144464519,3.68016560069747
"2390",2389,64.7364144464519,64.1916383216138,3.68014442811789
"2391",2390,64.1916383216138,63.4579955297808,3.68012060118706
"2392",2391,63.4579955297808,62.5288385221536,3.68009412252858
"2393",2392,62.5288385221536,61.8701265810292,3.68006499310428
"2394",2393,61.8701265810292,61.1086191155236,3.68003320912978
"2395",2394,61.1086191155236,60.2404177958659,3.67999876742404
"2396",2395,60.2404177958659,57.149078230622,3.67996166481353
"2397",2396,57.149078230622,54.0974921665572,3.6799218981247
"2398",2397,54.0974921665572,52.3377510416654,3.67987946418399
"2399",2398,52.3377510416654,52,3.67983435981786
"2400",2399,52,51,3.67978658185277
"2401",2400,51,51,3.67973612711516
"2402",2401,51,50,3.67968299243148
"2403",2402,50,46,3.67962717462819
"2404",2403,46,43,3.67956867236081
"2405",2404,43,42,3.6795074879894
"2406",2405,42,42,3.67944362768223
"2407",2406,42,45,3.67937709825732
"2408",2407,45,51,3.6793079065327
"2409",2408,51,56,3.67923605932637
"2410",2409,56,61.5856647494816,3.67916156345637
"2411",2410,61.5856647494816,62.9021483482472,3.67908442574071
"2412",2411,62.9021483482472,64.373742625603,3.67900465299742
"2413",2412,64.373742625603,66.1672262793301,3.67892225204451
"2414",2413,66.1672262793301,67.1332222815164,3.67883722970001
"2415",2414,67.1332222815164,68.4285163883129,3.67874959278193
"2416",2415,68.4285163883129,69.363027296575,3.67865933723374
"2417",2416,69.363027296575,69.699743000504,3.6785664524228
"2418",2417,69.699743000504,70.9481958172375,3.6784709605025
"2419",2418,70.9481958172375,71.7684334512957,3.67837288949984
"2420",2419,71.7684334512957,72.9012633660879,3.6782722674418
"2421",2420,72.9012633660879,74.0167573554167,3.67816912235541
"2422",2421,74.0167573554167,74.9596840124327,3.67806348226766
"2423",2422,74.9596840124327,76.0449892581125,3.67795537520556
"2424",2423,76.0449892581125,77.4180287441479,3.6778448291961
"2425",2424,77.4180287441479,77,3.6777318722663
"2426",2425,77,78,3.67761653244314
"2427",2426,78,79,3.67749884832667
"2428",2427,79,80.6034479468167,3.67737886175494
"2429",2428,80.6034479468167,81,3.67725661456602
"2430",2429,81,82.8239495443189,3.67713214859799
"2431",2430,82.8239495443189,82,3.67700548583382
"2432",2431,82,83,3.67687661481827
"2433",2432,83,84,3.67674552409612
"2434",2433,84,84.7795903691137,3.67661220221212
"2435",2434,84.7795903691137,85.467189554307,3.67647663771107
"2436",2435,85.467189554307,86.4206379238483,3.67633881913772
"2437",2436,86.4206379238483,87,3.67619873503684
"2438",2437,87,87,3.67605637607157
"2439",2438,87,88,3.67591173402361
"2440",2439,88,88,3.67576480067466
"2441",2440,88,88.0310988619034,3.67561556780642
"2442",2441,88.0310988619034,86.9607721286861,3.67546402720059
"2443",2442,86.9607721286861,86.2850760463002,3.67531017063887
"2444",2443,86.2850760463002,85.8771065032858,3.67515398990295
"2445",2444,85.8771065032858,85.6040466604994,3.67499548584167
"2446",2445,85.6040466604994,84.9175556465249,3.67483466140296
"2447",2446,84.9175556465249,84.5722205158875,3.67467151953479
"2448",2447,84.5722205158875,83.1765435125354,3.67450606318512
"2449",2448,83.1765435125354,83.2468830695787,3.67433829587511
"2450",2449,83.2468830695787,83,3.6741682227113
"2451",2450,83,82,3.6739958488002
"2452",2451,82,81.8286040842125,3.67382117924837
"2453",2452,81.8286040842125,81,3.67364421916233
"2454",2453,81,80,3.67346497364861
"2455",2454,80,80,3.67328344781375
"2456",2455,80,78.170408225349,3.67309964676428
"2457",2456,78.170408225349,77.2666736933025,3.67291357560674
"2458",2457,77.2666736933025,76.0449892581125,3.67272524379763
"2459",2458,76.0449892581125,75,3.67253466521123
"2460",2459,75,74.8033549878905,3.67234185372181
"2461",2460,74.8033549878905,73.9376373156804,3.67214679126461
"2462",2461,73.9376373156804,73.2217100703493,3.67194943838268
"2463",2462,73.2217100703493,72,3.67174975561906
"2464",2463,72,73,3.67154770351679
"2465",2464,73,73,3.67134324261891
"2466",2465,73,73,3.67113633346848
"2467",2466,73,73,3.67092693660852
"2468",2467,73,73,3.67071501258209
"2469",2468,73,73,3.67050052193222
"2470",2469,73,72,3.67028342520197
"2471",2470,72,71,3.67006368312329
"2472",2471,71,71.4414684916748,3.66984126015759
"2473",2472,71.4414684916748,70.6174332197004,3.66961617226256
"2474",2473,70.6174332197004,70.6174332197004,3.66938847311471
"2475",2474,70.6174332197004,71.2774235650073,3.66915821639051
"2476",2475,71.2774235650073,71.5233498334621,3.66892545576644
"2477",2476,71.5233498334621,72.660000940417,3.66869024491899
"2478",2477,72.660000940417,71.4414684916748,3.66845263752465
"2479",2478,71.4414684916748,71.1952593683284,3.66821268725988
"2480",2479,71.1952593683284,70.4514695906199,3.66797044780118
"2481",2480,70.4514695906199,70.7002689163389,3.66772597282504
"2482",2481,70.7002689163389,70.6174332197004,3.66747931600792
"2483",2482,70.6174332197004,70.9481958172375,3.66723053102632
"2484",2483,70.9481958172375,71.6868320073733,3.666979670214
"2485",2484,71.6868320073733,72.5794019285199,3.66672674956688
"2486",2485,72.5794019285199,72.9012633660879,3.66647174364508
"2487",2486,72.9012633660879,72.9012633660879,3.66621462700876
"2488",2487,72.9012633660879,72.9012633660879,3.66595537421807
"2489",2488,72.9012633660879,72.5794019285199,3.66569395983314
"2490",2489,72.5794019285199,72.0126829327054,3.66543035841412
"2491",2490,72.0126829327054,72.5794019285199,3.66516454452116
"2492",2491,72.5794019285199,71.7684334512957,3.6648964927144
"2493",2492,71.7684334512957,72.0126829327054,3.66462617755398
"2494",2493,72.0126829327054,71.6868320073733,3.66435357360005
"2495",2494,71.6868320073733,71.2774235650073,3.66407865541275
"2496",2495,71.2774235650073,71.8499422077285,3.66380139755223
"2497",2496,71.8499422077285,72.4179347643198,3.66352177730287
"2498",2497,72.4179347643198,72.4179347643198,3.66323983333378
"2499",2498,72.4179347643198,71.9313585825709,3.66295561024822
"2500",2499,71.9313585825709,72.2561067918885,3.66266915264948
"2501",2500,72.2561067918885,71.7684334512957,3.66238050514083
"2502",2501,71.7684334512957,71.5233498334621,3.66208971232554
"2503",2502,71.5233498334621,71.6051375700619,3.66179681880689
"2504",2503,71.6051375700619,71.2774235650073,3.66150186918817
"2505",2504,71.2774235650073,71.1130002408983,3.66120490807263
"2506",2505,71.1130002408983,70.9481958172375,3.66090598006356
"2507",2506,70.9481958172375,70.7830077448638,3.66060512976423
"2508",2507,70.7830077448638,70.5345001960994,3.66030240177792
"2509",2508,70.5345001960994,70.4514695906199,3.6599978407079
"2510",2509,70.4514695906199,70.1183638043997,3.65969146109577
"2511",2510,70.1183638043997,69.9512161410725,3.65938325558389
"2512",2511,69.9512161410725,70,3.65907321929366
"2513",2512,70,70,3.65876134734647
"2514",2513,70,69,3.65844763486371
"2515",2514,69,69,3.65813207696679
"2516",2515,69,69,3.65781466877708
"2517",2516,69,69,3.65749540541598
"2518",2517,69,68,3.65717428200489
"2519",2518,68,68,3.65685129366519
"2520",2519,68,68,3.65652643551829
"2521",2520,68,68,3.65619970268556
"2522",2521,68,69.2785926642646,3.65587109185255
"2523",2522,69.2785926642646,69,3.65554061633763
"2524",2523,69,70,3.65520828900249
"2525",2524,70,71,3.65487411152625
"2526",2525,71,71,3.65453808238535
"2527",2526,71,71,3.65420020005624
"2528",2527,71,71,3.65386046301535
"2529",2528,71,70,3.65351886973914
"2530",2529,70,70,3.65317541870403
"2531",2530,70,70,3.65283010838647
"2532",2531,70,70,3.65248293726291
"2533",2532,70,69,3.65213390380979
"2534",2533,69,69,3.65178300650354
"2535",2534,69,69,3.65143023846278
"2536",2535,69,69,3.65107559037009
"2537",2536,69,69,3.65071905144262
"2538",2537,69,69,3.65036061291096
"2539",2538,69,69,3.65000027145776
"2540",2539,69,69,3.64963802376571
"2541",2540,69,70,3.64927386651747
"2542",2541,70,70.7830077448638,3.6489077963957
"2543",2542,70.7830077448638,71.1130002408983,3.6485398100831
"2544",2543,71.1130002408983,71.4414684916748,3.64816990426231
"2545",2544,71.4414684916748,71.6051375700619,3.64779807561602
"2546",2545,71.6051375700619,71.9313585825709,3.64742432082688
"2547",2546,71.9313585825709,72.0939155130482,3.64704863749995
"2548",2547,72.0939155130482,72.1750567314649,3.64667102817289
"2549",2548,72.1750567314649,72.2561067918885,3.6462914953844
"2550",2549,72.2561067918885,72.5794019285199,3.64591004167886
"2551",2550,72.5794019285199,72.0939155130482,3.64552666960061
"2552",2551,72.0939155130482,72.7405106806999,3.64514138057721
"2553",2552,72.7405106806999,73.3814086267291,3.64475417574915
"2554",2553,73.3814086267291,74.1747442012472,3.64436505625688
"2555",2554,74.1747442012472,74.6466985491244,3.6439740232409
"2556",2555,74.6466985491244,74.1747442012472,3.64358107784166
"2557",2556,74.1747442012472,73.5407603952625,3.64318622119966
"2558",2557,73.5407603952625,72.8209314042848,3.64278945445535
"2559",2558,72.8209314042848,72.4179347643198,3.64239077874922
"2560",2559,72.4179347643198,72.4179347643198,3.64199018795644
"2561",2560,72.4179347643198,72.5794019285199,3.64158767455795
"2562",2561,72.5794019285199,73.1417299947145,3.64118323083504
"2563",2562,73.1417299947145,73.3814086267291,3.64077684851539
"2564",2563,73.3814086267291,73.4611277192728,3.64036851932672
"2565",2564,73.4611277192728,74.0167573554167,3.63995823538429
"2566",2565,74.0167573554167,75.11568766208,3.63954598933374
"2567",2566,75.11568766208,75.8908958986473,3.63913177382067
"2568",2567,75.8908958986473,76.1219189568522,3.63871558149072
"2569",2568,76.1219189568522,76.1987709571682,3.63829740498949
"2570",2569,76.1987709571682,76.1987709571682,3.6378772369626
"2571",2570,76.1987709571682,76.1987709571682,3.63745507005568
"2572",2571,76.1987709571682,76.1987709571682,3.63703090101609
"2573",2572,76.1987709571682,76.0449892581125,3.63660472939482
"2574",2573,76.0449892581125,76.4288634187014,3.63617655474282
"2575",2574,76.4288634187014,76.1987709571682,3.63574637690408
"2576",2575,76.1987709571682,76.35224298416,3.63531419599946
"2577",2576,76.35224298416,76.0449892581125,3.63488001214979
"2578",2577,76.0449892581125,75.9679816570162,3.63444382547592
"2579",2578,75.9679816570162,75.8908958986473,3.63400563534866
"2580",2579,75.8908958986473,75.659167436643,3.63356544088669
"2581",2580,75.659167436643,75.3490875578917,3.63312324120871
"2582",2581,75.3490875578917,74.8033549878905,3.63267903543341
"2583",2582,74.8033549878905,73.9376373156804,3.63223282267947
"2584",2583,73.9376373156804,73.3016028117323,3.63178460126855
"2585",2584,73.3016028117323,72.5794019285199,3.63133436638048
"2586",2585,72.5794019285199,72.4179347643198,3.63088211319505
"2587",2586,72.4179347643198,72.0939155130482,3.63042783689209
"2588",2587,72.0939155130482,71.7684334512957,3.62997153516492
"2589",2588,71.7684334512957,71.7684334512957,3.6295132062061
"2590",2589,71.7684334512957,71.7684334512957,3.62905284820817
"2591",2590,71.7684334512957,71.5233498334621,3.62859045936367
"2592",2591,71.5233498334621,71.4414684916748,3.62812603829233
"2593",2592,71.4414684916748,71.2774235650073,3.62765958715373
"2594",2593,71.2774235650073,71.4414684916748,3.62719110810749
"2595",2594,71.4414684916748,71.2774235650073,3.62672060331319
"2596",2595,71.2774235650073,69.7836680555539,3.62624807493044
"2597",2596,69.7836680555539,69.0246690153399,3.62577353253614
"2598",2597,69.0246690153399,68.7698078360257,3.62529698585761
"2599",2598,68.7698078360257,69.1094138805296,3.62481844462217
"2600",2599,69.1094138805296,68.5993743553044,3.62433791791975
"2601",2600,68.5993743553044,68.6846439907534,3.62385541135061
"2602",2601,68.6846439907534,68.7698078360257,3.62337093051497
"2603",2602,68.7698078360257,67.827124165025,3.6228844810131
"2604",2603,67.827124165025,67.5677460765601,3.62239606844522
"2605",2604,67.5677460765601,65.9900713751269,3.62190569841159
"2606",2605,65.9900713751269,67.3073684111301,3.62141337439327
"2607",2606,67.3073684111301,67.4810651236802,3.62091909710612
"2608",2607,67.4810651236802,67.6543159370088,3.62042286693818
"2609",2608,67.6543159370088,67.827124165025,3.61992468355961
"2610",2609,67.827124165025,67.9994932236044,3.61942454664054
"2611",2610,67.9994932236044,67.3942727214865,3.61892245585111
"2612",2611,67.3942727214865,66.8711527380087,3.61841841086146
"2613",2612,66.8711527380087,66.3439081102567,3.61791241413262
"2614",2613,66.3439081102567,65.6343272048752,3.61740446959929
"2615",2614,65.6343272048752,65.2766442448228,3.61689458119619
"2616",2615,65.2766442448228,64.8267654262542,3.61638275285801
"2617",2616,64.8267654262542,64.373742625603,3.61586898851946
"2618",2617,64.373742625603,63.6421990677567,3.61535329211525
"2619",2618,63.6421990677567,64.1916383216138,3.61483566758009
"2620",2619,64.1916383216138,63.4579955297808,3.61431611877982
"2621",2620,63.4579955297808,63.8258710037222,3.61379464946641
"2622",2621,63.8258710037222,63.2732556993385,3.6132712633918
"2623",2622,63.2732556993385,63,3.61274596430794
"2624",2623,63,63,3.61221875596677
"2625",2624,63,63,3.61168963628914
"2626",2625,63,63,3.61115859553568
"2627",2626,63,63,3.61062562396703
"2628",2627,63,63,3.61009071184385
"2629",2628,63,63,3.60955384942678
"2630",2629,63,63,3.60901502786382
"2631",2630,63,63,3.60847424493697
"2632",2631,63,62,3.60793149842823
"2633",2632,62,62,3.60738678675991
"2634",2633,62,61,3.60684011190749
"2635",2634,61,60,3.60629147584648
"2636",2635,60,60,3.60574088055238
"2637",2636,60,59,3.60518831957801
"2638",2637,59,58,3.60463375528329
"2639",2638,58,57,3.60407715067679
"2640",2639,57,56,3.60351846876709
"2641",2640,56,54,3.6029576785688
"2642",2641,54,54,3.60239478558285
"2643",2642,54,53,3.60182979538426
"2644",2643,53,54,3.60126271378197
"2645",2644,54,54,3.60069354027174
"2646",2645,54,54,3.60012227850245
"2647",2646,54,54,3.59954893529519
"2648",2647,54,54,3.59897351448312
"2649",2648,54,53,3.59839601928593
"2650",2649,53,52,3.59781645219113
"2651",2650,52,52,3.59723481506533
"2652",2651,52,52,3.59665111005555
"2653",2652,52,51,3.59606533930883
"2654",2653,51,51,3.59547750497218
"2655",2654,51,51,3.59488760887043
"2656",2655,51,50,3.59429565280696
"2657",2656,50,50,3.59370163858513
"2658",2657,50,49,3.59310556800831
"2659",2658,49,49,3.59250744239464
"2660",2659,49,48,3.59190726253617
"2661",2660,48,48,3.59130501944251
"2662",2661,48,48,3.59070070059127
"2663",2662,48,48,3.59009429310069
"2664",2663,48,47,3.58948578500081
"2665",2664,47,47.5319665441987,3.58887516432165
"2666",2665,47.5319665441987,47.2850455931675,3.58826241909324
"2667",2666,47.2850455931675,47.2850455931675,3.58764753734562
"2668",2667,47.2850455931675,47.1611002927437,3.58703050778589
"2669",2668,47.1611002927437,46.7872943999423,3.58641132029359
"2670",2669,46.7872943999423,47.6549472421446,3.58578996474827
"2671",2670,47.6549472421446,47.899961471819,3.58516643102948
"2672",2671,47.899961471819,47.6549472421446,3.58454070901677
"2673",2672,47.6549472421446,47.1611002927437,3.58391278777569
"2674",2673,47.1611002927437,47.6549472421446,3.58328265477078
"2675",2674,47.6549472421446,47.5319665441987,3.58265030849551
"2676",2675,47.5319665441987,47.6549472421446,3.58201574774088
"2677",2676,47.6549472421446,48.3862679523466,3.58137897129784
"2678",2677,48.3862679523466,48.8677352078215,3.58073997810056
"2679",2678,48.8677352078215,48.9873626375763,3.58009876759382
"2680",2679,48.9873626375763,49.106698647259,3.57945533922238
"2681",2680,49.106698647259,48.9873626375763,3.578809692431
"2682",2681,48.9873626375763,49.2257453781648,3.57816182666447
"2683",2682,49.2257453781648,48.6275974719319,3.57751174136755
"2684",2683,48.6275974719319,47.6549472421446,3.57685943652805
"2685",2684,47.6549472421446,47.1611002927437,3.57620491239254
"2686",2685,47.1611002927437,47,3.57554816920757
"2687",2686,47,47,3.57488920758796
"2688",2687,47,47,3.57422802955533
"2689",2688,47,46,3.57356464247574
"2690",2689,46,46,3.57289905390483
"2691",2690,46,44,3.57223127139822
"2692",2691,44,44,3.57156130251153
"2693",2692,44,42,3.57088915480037
"2694",2693,42,41,3.57021483582038
"2695",2694,41,40.1926527718172,3.56953835272769
"2696",2695,40.1926527718172,41.9037372472153,3.5688597122992
"2697",2696,41.9037372472153,43.1425380231501,3.56817892131177
"2698",2697,43.1425380231501,44,3.56749598654229
"2699",2698,44,46,3.56681092357192
"2700",2699,46,46,3.56612375519335
"2701",2700,46,46.2841905806627,3.56543450300835
"2702",2701,46.2841905806627,45.9032442842968,3.56474318861075
"2703",2702,45.9032442842968,46,3.56404983358807
"2704",2703,46,45.3903427651657,3.56335445952783
"2705",2704,45.3903427651657,45,3.56265708801754
"2706",2705,45,44.609934852197,3.56195774194669
"2707",2706,44.609934852197,44,3.56125644444333
"2708",2707,44,44.609934852197,3.56055321863554
"2709",2708,44.609934852197,45,3.55984808765137
"2710",2709,45,43.8156291690134,3.5591410746189
"2711",2710,43.8156291690134,43,3.55843219608654
"2712",2711,43,42,3.55772145474869
"2713",2712,42,43,3.55700885329978
"2714",2713,43,43.0066556650959,3.55629439443421
"2715",2714,43.0066556650959,42,3.5555780808464
"2716",2715,42,39.3091898808726,3.55485990677986
"2717",2716,39.3091898808726,37,3.55413986507384
"2718",2717,37,34,3.55341794856758
"2719",2718,34,26,3.5526941501003
"2720",2719,26,17,3.55196846251125
"2721",2720,17,5,3.55124087863967
"2722",2721,5,0,3.55051139143606
"2723",2722,0,0,3.54977999557565
"2724",2723,0,0,3.5490467012035
"2725",2724,0,0,3.5483115184647
"2726",2725,0,0,3.54757445750431
"2727",2726,0,0,3.5468355286257
"2728",2727,0,0,3.54609474257799
"2729",2728,0,0,3.54535211504561
"2730",2729,0,0,3.54460766489225
"2731",2730,0,0,3.54386141098161
"2732",2731,0,0,3.54311337217716
"2733",2732,0,0,3.54236356733811
"2734",2733,0,0,3.54161201532372
"2735",2734,0,0,3.54085873499322
"2736",2735,0,0,3.54010373922029
"2737",2736,0,0,3.53934704012031
"2738",2737,0,0,3.53858865012318
"2739",2738,0,0,3.53782858165883
"2740",2739,0,0,3.53706684715718
"2741",2740,0,0,3.53630345904815
"2742",2741,0,0,3.53553842763406
"2743",2742,0,0,3.53477176113225
"2744",2743,0,0,3.53400346776001
"2745",2744,0,0,3.53323355573468
"2746",2745,0,0,3.53246203327357
"2747",2746,0,0,3.53168890848261
"2748",2747,0,0,3.53091419091204
"2749",2748,0,0,3.53013789286781
"2750",2749,0,0,3.52936002665584
"2751",2750,0,0,3.52858060458209
"2752",2751,0,0,3.52779963909314
"2753",2752,0,0,3.52701714314233
"2754",2753,0,0,3.526233129683
"2755",2754,0,0,3.52544761148675
"2756",2755,0,0,3.52466060117417
"2757",2756,0,0,3.52387211136432
"2758",2757,0,7,3.52308215454519
"2759",2758,7,17,3.5222907432048
"2760",2759,17,23,3.52149789056745
"2761",2760,23,24,3.52070361388886
"2762",2761,24,27,3.51990793042474
"2763",2762,27,32,3.51911085813195
"2764",2763,32,39,3.51831241513587
"2765",2764,39,42,3.51751261956192
"2766",2765,42,43,3.51671148953549
"2767",2766,43,45.1317062273963,3.51590904318198
"2768",2767,45.1317062273963,48.1437287537372,3.51510529981551
"2769",2768,48.1437287537372,49.1066986470357,3.51430027939261
"2770",2769,49.1066986470357,50.1679503675069,3.51349400186982
"2771",2770,50.1679503675069,51.2072127712905,3.5126864872037
"2772",2771,51.2072127712905,51.3213872910013,3.51187775139144
"2773",2772,51.3213872910013,50.9780965364099,3.5110678062842
"2774",2773,50.9780965364099,51.2072127712905,3.51025666374584
"2775",2774,51.2072127712905,51.6623969034854,3.50944433564017
"2776",2775,51.6623969034854,51.4353083731371,3.50863083383104
"2777",2776,51.4353083731371,51.8884916689554,3.50781617018228
"2778",2777,51.8884916689554,51.6623969034854,3.50700035655103
"2779",2778,51.6623969034854,52.5609407321726,3.50618340478639
"2780",2779,52.5609407321726,52.3377510414274,3.50536532673744
"2781",2780,52.3377510414274,53.4443797629673,3.50454612771195
"2782",2781,53.4443797629673,53.7719275627309,3.50372581231923
"2783",2782,53.7719275627309,52.3377510414274,3.50290438531123
"2784",2783,52.3377510414274,49.5811705461982,3.50208185489089
"2785",2784,49.5811705461982,49.5811705461982,3.50125822926116
"2786",2785,49.5811705461982,50.051144756883,3.50043351665987
"2787",2786,50.051144756883,50.6324783469497,3.49960772546963
"2788",2787,50.6324783469497,51.2072127712905,3.49878086407306
"2789",2788,51.2072127712905,51.6623969034854,3.49795294108312
"2790",2789,51.6623969034854,52.0011703920436,3.49712396555384
"2791",2790,52.0011703920436,51.2072127712905,3.49629394713401
"2792",2791,51.2072127712905,49.9340658762125,3.49546289622243
"2793",2792,49.9340658762125,51.2072127712905,3.49463082272762
"2794",2793,51.2072127712905,50,3.49379773781252
"2795",2794,50,50.051144756883,3.49296365324371
"2796",2795,50.051144756883,50.2844846964297,3.4921285817881
"2797",2796,50.2844846964297,51.2072127712905,3.4912925359309
"2798",2797,51.2072127712905,49.4629792627019,3.49045552919831
"2799",2798,49.4629792627019,49.3445048693979,3.4896175804859
"2800",2799,49.3445048693979,48.8677352075993,3.48877870167545
"2801",2800,48.8677352075993,48.3862679521266,3.48793890473364
"2802",2801,48.3862679521266,46.9122272960619,3.48709820234229
"2803",2802,46.9122272960619,46.1575578016771,3.48625660718319
"2804",2803,46.1575578016771,45.9032442840881,3.48541413193816
"2805",2804,45.9032442840881,43.5476411365206,3.48457078824697
"2806",2805,43.5476411365206,43.0066556649003,3.4837265820579
"2807",2806,43.0066556649003,44.21456576024,3.48288151899431
"2808",2807,44.21456576024,45.3903427649593,3.48203560467962
"2809",2808,45.3903427649593,46.9122272960619,3.48118884473719
"2810",2809,46.9122272960619,47.8999614716012,3.48034124480293
"2811",2810,47.8999614716012,49.1066986470357,3.47949281062662
"2812",2811,49.1066986470357,50.2844846964297,3.47864354795802
"2813",2812,50.2844846964297,50.1679503675069,3.4777934625469
"2814",2813,50.1679503675069,49.5811705461982,3.47694256014304
"2815",2814,49.5811705461982,50.051144756883,3.47609084649621
"2816",2815,50.051144756883,50.2844846964297,3.47523834910543
"2817",2816,50.2844846964297,50.516746799772,3.47438511003695
"2818",2817,50.516746799772,49.8167118900996,3.47353117068526
"2819",2818,49.8167118900996,49.8167118900996,3.47267656950804
"2820",2819,49.8167118900996,49.8167118900996,3.47182134496296
"2821",2820,49.8167118900996,48.8677352075993,3.47096553534209
"2822",2821,48.8677352075993,47.7776114360581,3.47010917882794
"2823",2822,47.7776114360581,46.4104778459613,3.46925231360305
"2824",2823,46.4104778459613,35.2257347951497,3.46839497784992
"2825",2824,35.2257347951497,21.0910852330169,3.4675372097511
"2826",2825,21.0910852330169,16.0479095675847,3.46667904753226
"2827",2826,16.0479095675847,14.9136493696098,3.46582050842109
"2828",2827,14.9136493696098,15.3010813940406,3.4649616031692
"2829",2828,15.3010813940406,19.3545071604573,3.46410234252821
"2830",2829,19.3545071604573,24.1931339760633,3.46324273724972
"2831",2830,24.1931339760633,29.4322177536285,3.46238279955635
"2832",2831,29.4322177536285,32.0958191351693,3.46152254747187
"2833",2832,32.0958191351693,33.870387556292,3.46066199841684
"2834",2833,33.870387556292,34.0427570737195,3.45980116981182
"2835",2834,34.0427570737195,35.8842166999931,3.45894007907737
"2836",2835,35.8842166999931,36.5308311902814,3.45807874363405
"2837",2836,36.5308311902814,37.0083786520484,3.45721718090242
"2838",2837,37.0083786520484,38.0993855039025,3.45635540436037
"2839",2838,38.0993855039025,38.8599272452959,3.45549342577339
"2840",2839,38.8599272452959,39.4578073876669,3.45463125690696
"2841",2840,39.4578073876669,39,3.45376890952656
"2842",2841,39,39,3.4529063953977
"2843",2842,39,39,3.45204372628586
"2844",2843,39,37,3.45118091391147
"2845",2844,37,35,3.45031796742695
"2846",2845,35,33,3.44945489543422
"2847",2846,33,31,3.44859170653516
"2848",2847,31,30,3.44772840933167
"2849",2848,30,29,3.44686501127925
"2850",2849,29,28,3.44600151649369
"2851",2850,28,28,3.44513792902889
"2852",2851,28,28,3.44427425293877
"2853",2852,28,27,3.44341049227723
"2854",2853,27,27,3.44254665109818
"2855",2854,27,26,3.44168273348514
"2856",2855,26,25,3.44081874449442
"2857",2856,25,25,3.43995468918235
"2858",2857,25,27,3.43909057105538
"2859",2858,27,29,3.43822639249275
"2860",2859,29,30,3.4373621558737
"2861",2860,30,31.7289977392545,3.43649792731527
"2862",2861,31.7289977392545,31.7289977392545,3.43563381543054
"2863",2862,31.7289977392545,32.0958191351693,3.43476992883256
"2864",2863,32.0958191351693,32.4584952895901,3.43390637613439
"2865",2864,32.4584952895901,32.0958191351693,3.4330432659491
"2866",2865,32.0958191351693,32.4584952895901,3.43218070688973
"2867",2866,32.4584952895901,33.3479338215047,3.43131880744288
"2868",2867,33.3479338215047,33.870387556292,3.43045767582178
"2869",2868,33.870387556292,33.870387556292,3.42959742023969
"2870",2869,33.870387556292,35.5565000947959,3.42873814890984
"2871",2870,35.5565000947959,37.1661976101426,3.42787997001142
"2872",2871,37.1661976101426,41.3412454737208,3.42702299163307
"2873",2872,41.3412454737208,47.8999614716012,3.42616721935816
"2874",2873,47.8999614716012,55.5915895182321,3.42531258495661
"2875",2874,55.5915895182321,55.6967770732184,3.42445902019832
"2876",2875,55.6967770732184,59.4580415225597,3.42360645685322
"2877",2876,59.4580415225597,63.4579955294923,3.42275482669121
"2878",2877,63.4579955294923,63.9175090545633,3.42190406148222
"2879",2878,63.9175090545633,66.6958676430094,3.42105409299616
"2880",2879,66.6958676430094,68.085514147439,3.42020485264912
"2881",2880,68.085514147439,67.8271241647166,3.41935627166354
"2882",2881,67.8271241647166,69.6157167434504,3.41850828126186
"2883",2882,69.6157167434504,72.3370659998893,3.41766081266653
"2884",2883,72.3370659998893,75.2713680268019,3.41681379777135
"2885",2884,75.2713680268019,76.5054071231524,3.4159672017438
"2886",2885,76.5054071231524,76.6582652102366,3.41512106411034
"2887",2886,76.6582652102366,77.5690884488606,3.41427542393141
"2888",2887,77.5690884488606,78.4693401133726,3.41343031986107
"2889",2888,78.4693401133726,78.5438953197332,3.4125857905534
"2890",2889,78.5438953197332,78.618379812371,3.41174187466246
"2891",2890,78.618379812371,78.618379812371,3.41089861084231
"2892",2891,78.618379812371,78.4693401133726,3.41005603774703
"2893",2892,78.4693401133726,78.1704082249935,3.40921419403068
"2894",2893,78.1704082249935,77.8703287553683,3.40837311834733
"2895",2894,77.8703287553683,77.1908848966563,3.40753284859115
"2896",2895,77.1908848966563,76.6582652102366,3.40669342240953
"2897",2896,76.6582652102366,75.6591674362989,3.40585487150016
"2898",2897,75.6591674362989,75.2713680268019,3.40501711368812
"2899",2898,75.2713680268019,74.646698548785,3.40418006679848
"2900",2899,74.646698548785,74.0167573550801,3.40334364865631
"2901",2900,74.0167573550801,73.5407603949281,3.4025077770867
"2902",2901,73.5407603949281,74.3323952712683,3.40167236991471
"2903",2902,74.3323952712683,75.2713680268019,3.40083734500402
"2904",2903,75.2713680268019,76.0449892577667,3.40000262105047
"2905",2904,76.0449892577667,76.0449892577667,3.39916811674992
"2906",2905,76.0449892577667,75.7364890430324,3.39833375079819
"2907",2906,75.7364890430324,75.5042866920211,3.39749944189115
"2908",2907,75.5042866920211,75.4267270446445,3.39666510872463
"2909",2908,75.4267270446445,75.7364890430324,3.39583066999448
"2910",2909,75.7364890430324,75.8908958983022,3.39499610534088
"2911",2910,75.8908958983022,75.7364890430324,3.39416144901886
"2912",2911,75.7364890430324,75.5817667036117,3.39332673528343
"2913",2912,75.5817667036117,75.1156876617384,3.39249199666143
"2914",2913,75.1156876617384,75.1156876617384,3.39165726504823
"2915",2914,75.1156876617384,75.4267270446445,3.39082257233919
"2916",2915,75.4267270446445,75.349087557549,3.38998795042965
"2917",2916,75.349087557549,75.8137317787281,3.389153431215
"2918",2917,75.8137317787281,76.3522429838128,3.38831904659057
"2919",2918,76.3522429838128,76.8108191314442,3.38748482845174
"2920",2919,76.8108191314442,76.1987709568217,3.38665080869387
"2921",2920,76.1987709568217,77.4180287437958,3.3858170192123
"2922",2921,77.4180287437958,78,3.38498348922698
"2923",2922,78,77.8703287553683,3.38415021575251
"2924",2923,77.8703287553683,77.8703287553683,3.38331719603184
"2925",2924,77.8703287553683,77.4180287437958,3.38248442730793
"2926",2925,77.4180287437958,76.963070671188,3.38165190682376
"2927",2926,76.963070671188,76.8108191314442,3.38081963182227
"2928",2927,76.8108191314442,76.6582652102366,3.37998759954643
"2929",2928,76.6582652102366,76.3522429838128,3.37915580723919
"2930",2929,76.3522429838128,76.1987709568217,3.37832425214353
"2931",2930,76.1987709568217,75.8137317787281,3.37749293123892
"2932",2931,75.8137317787281,75.5817667036117,3.37666183959571
"2933",2932,75.5817667036117,75.4267270446445,3.37583097228423
"2934",2933,75.4267270446445,75.1935681465037,3.37500032437483
"2935",2934,75.1935681465037,74.9596840120919,3.37416990165352
"2936",2935,74.9596840120919,74.9596840120919,3.3733397146659
"2937",2936,74.9596840120919,75.5042866920211,3.37250977469029
"2938",2937,75.5042866920211,75,3.371680093005
"2939",2938,75,76,3.37085068088835
"2940",2939,76,76,3.37002154961867
"2941",2940,76,76,3.36919270873318
"2942",2941,76,76,3.36836416514708
"2943",2942,76,77,3.36753592577559
"2944",2943,77,76,3.3667079975339
"2945",2944,76,76,3.36588038733723
"2946",2945,76,75,3.36505310210077
"2947",2946,75,75.349087557549,3.36422614689501
"2948",2947,75.349087557549,74.5682469500156,3.36339951692516
"2949",2948,74.5682469500156,75.1156876617384,3.3625732073959
"2950",2949,75.1156876617384,75.7364890430324,3.36174721350911
"2951",2950,75.7364890430324,76.6582652102366,3.36092153046665
"2952",2951,76.6582652102366,76.6582652102366,3.36009616404957
"2953",2952,76.6582652102366,77.2666736929512,3.3592711220018
"2954",2953,77.2666736929512,78.0205127726869,3.35844641206731
"2955",2954,78.0205127726869,78.9156148263171,3.35762204199006
"2956",2955,78.9156148263171,79.0638133022243,3.35679801951401
"2957",2956,79.0638133022243,79.6538499314763,3.35597435238312
"2958",2957,79.6538499314763,79.8739899590915,3.35515104834134
"2959",2958,79.8739899590915,79.6538499314763,3.35432811513264
"2960",2959,79.6538499314763,79.9472353046243,3.35350557503157
"2961",2960,79.9472353046243,80,3.35268345310116
"2962",2961,80,80,3.35186177450426
"2963",2962,80,78,3.35104056083059
"2964",2963,78,77,3.3502198287448
"2965",2964,77,75,3.34939959491155
"2966",2965,75,75,3.34857987599549
"2967",2966,75,73,3.34776068866129
"2968",2967,73,71,3.34694204957361
"2969",2968,71,68,3.34612397539709
"2970",2969,68,67,3.3453064827964
"2971",2970,67,64,3.34448958843619
"2972",2971,64,65,3.3436733007776
"2973",2972,65,65,3.34285762267459
"2974",2973,65,66,3.34204255698111
"2975",2974,66,66,3.34122810656317
"2976",2975,66,66,3.34041427480818
"2977",2976,66,66,3.33960106510356
"2978",2977,66,65,3.33878848083672
"2979",2978,65,65,3.33797652539507
"2980",2979,65,64,3.33716520216603
"2981",2980,64,64,3.33635451453701
"2982",2981,64,63,3.33554446589543
"2983",2982,63,62,3.33473505962869
"2984",2983,62,61,3.33392630071828
"2985",2984,61,61,3.33311820042935
"2986",2985,61,61,3.33231077002707
"2987",2986,61,62,3.33150402077662
"2988",2987,62,62,3.33069796346361
"2989",2988,62,63,3.32989260960189
"2990",2989,63,62,3.32908797070532
"2991",2990,62,62,3.32828405828775
"2992",2991,62,62,3.32748088386303
"2993",2992,62,62,3.32667845894502
"2994",2993,62,61,3.32587679504758
"2995",2994,61,61,3.32507590368454
"2996",2995,61,62,3.32427579636978
"2997",2996,62,62,3.32347646978249
"2998",2997,62,62.0590434662112,3.32267792030111
"2999",2998,62.0590434662112,63.2732556990508,3.32188014430405
"3000",2999,63.2732556990508,65.7234437787129,3.32108313848842
"3001",3000,65.7234437787129,69.6157167434504,3.32028690282708
"3002",3001,69.6157167434504,73.4611277189387,3.3194914380639
"3003",3002,73.4611277189387,77.719854541575,3.31869674494273
"3004",3003,77.719854541575,81.9715362992638,3.31790282420743
"3005",3004,81.9715362992638,85.7406852522311,3.31710967660185
"3006",3005,85.7406852522311,84.8486010482032,3.31631730286985
"3007",3006,84.8486010482032,84.2254694789466,3.3155257037553
"3008",3007,84.2254694789466,84.5029841333234,3.31473488065761
"3009",3008,84.5029841333234,83.6676787661756,3.31394483641205
"3010",3009,83.6676787661756,83.2468830692001,3.31315557385388
"3011",3010,83.2468830692001,82.8945883214897,3.31236709581837
"3012",3011,82.8945883214897,82.5407898747579,3.31157940514078
"3013",3012,82.5407898747579,82.6824909474417,3.31079250326093
"3014",3013,82.6824909474417,82.2566555084185,3.31000638882472
"3015",3014,82.2566555084185,81,3.30922106021673
"3016",3015,81,80,3.30843651582156
"3017",3016,80,81,3.30765275402379
"3018",3017,81,80.2395478889066,3.30686977320801
"3019",3018,80.2395478889066,80.0935249688628,3.3060875717588
"3020",3019,80.0935249688628,81.1101652522615,3.30530614967202
"3021",3020,81.1101652522615,80.3853055942521,3.3045255077245
"3022",3021,80.3853055942521,80.8210014934676,3.30374564669309
"3023",3022,80.8210014934676,81.1822952379419,3.30296656735462
"3024",3023,81.1822952379419,81.5419881603652,3.30218827048593
"3025",3024,81.5419881603652,81.8286040838403,3.30141075977943
"3026",3025,81.8286040838403,81.8286040838403,3.30063404275762
"3027",3026,81.8286040838403,81.8286040838403,3.29985812581875
"3028",3027,81.8286040838403,81.6854218467175,3.29908301513364
"3029",3028,81.6854218467175,81.9715362992638,3.29830871687313
"3030",3029,81.9715362992638,82.114219665602,3.29753523543331
"3031",3030,82.114219665602,81.9715362992638,3.29676256194231
"3032",3031,81.9715362992638,81.8286040838403,3.29599068752823
"3033",3032,81.8286040838403,81.9715362992638,3.29521960331917
"3034",3033,81.9715362992638,81.9715362992638,3.29444930044324
"3035",3034,81.9715362992638,81.2543611887008,3.29367977002854
"3036",3035,81.2543611887008,81.1822952379419,3.29291100320318
"3037",3036,81.1822952379419,81.3983016992198,3.29214300794061
"3038",3037,81.3983016992198,81.4701766158622,3.29137586798125
"3039",3038,81.4701766158622,81.6854218467175,3.29060966674122
"3040",3039,81.6854218467175,82.114219665602,3.28984448770342
"3041",3040,82.114219665602,82.2566555084185,3.2890804023579
"3042",3041,82.2566555084185,82.1854684573486,3.28831740922215
"3043",3042,82.1854684573486,82.6116707716059,3.28755550666542
"3044",3043,82.6116707716059,82.7532504532484,3.28679469258913
"3045",3044,82.7532504532484,82.9651669388402,3.28603497752112
"3046",3045,82.9651669388402,82.8239495439423,3.28527636368289
"3047",3046,82.8239495439423,82.8239495439423,3.28451884765181
"3048",3047,82.8239495439423,82.6824909474417,3.28376243249166
"3049",3048,82.6824909474417,82.6824909474417,3.28300712249317
"3050",3049,82.6824909474417,82.8239495439423,3.28225292231316
"3051",3050,82.8239495439423,82.8945883214897,3.28149983640753
"3052",3051,82.8945883214897,83.6676787661756,3.28074786867137
"3053",3052,83.6676787661756,83.6676787661756,3.27999702273923
"3054",3053,83.6676787661756,84.1559477946811,3.27924730191791
"3055",3054,84.1559477946811,84.0863687033125,3.27849871015862
"3056",3055,84.0863687033125,84.2254694789466,3.27775125145545
"3057",3056,84.2254694789466,83.6676787661756,3.27700492980252
"3058",3057,83.6676787661756,84.0863687033125,3.27625974919394
"3059",3058,84.0863687033125,83.9470374325515,3.27551571459429
"3060",3059,83.9470374325515,83.8772849982429,3.2747728320203
"3061",3060,83.8772849982429,83.7376058180046,3.27403110748873
"3062",3061,83.7376058180046,83.8074744940494,3.27329054706681
"3063",3062,83.8074744940494,84,3.27255115697063
"3064",3063,84,83.9470374325515,3.27181294159269
"3065",3064,83.9470374325515,84.0167319499248,3.27107590532551
"3066",3065,84.0167319499248,84,3.27034005232052
"3067",3066,84,83,3.26960538476891
"3068",3067,83,83,3.26887190350772
"3069",3068,83,83,3.26813960702909
"3070",3069,83,83,3.26740849382518
"3071",3070,83,82,3.26667856238812
"3072",3071,82,82,3.26594981121006
"3073",3072,82,81.7570442944662,3.26522224041112
"3074",3073,81.7570442944662,81.6854218467175,3.2644958533135
"3075",3074,81.6854218467175,81.4701766158622,3.26377065157524
"3076",3075,81.4701766158622,81.3983016992198,3.2630466368338
"3077",3076,81.3983016992198,81.5419881603652,3.26232381072663
"3078",3077,81.5419881603652,81.3983016992198,3.26160217460481
"3079",3078,81.3983016992198,81.5419881603652,3.2608817289081
"3080",3079,81.5419881603652,81.9715362992638,3.26016247600367
"3081",3080,81.9715362992638,81.9715362992638,3.25944441825867
"3082",3081,81.9715362992638,81.6854218467175,3.25872755804024
"3083",3082,81.6854218467175,81.3983016992198,3.25801189771555
"3084",3083,81.3983016992198,81.3263633084713,3.25729743856565
"3085",3084,81.3263633084713,82.114219665602,3.25658418135411
"3086",3085,82.114219665602,81,3.25587212684452
"3087",3086,81,81,3.25516127561632
"3088",3087,81,81,3.25445162819256
"3089",3088,81,81,3.25374318507438
"3090",3089,81,81,3.25303594631429
"3091",3090,81,80,3.25232991171915
"3092",3091,80,80,3.25162508109585
"3093",3092,80,80,3.25092145425123
"3094",3093,80,80,3.25021903099218
"3095",3094,80,80,3.24951781192449
"3096",3095,80,80,3.24881779841251
"3097",3096,80,80,3.2481189918206
"3098",3097,80,81,3.24742139346213
"3099",3098,81,81,3.24672499999047
"3100",3099,81,81,3.24602980473616
"3101",3100,81,81,3.24533580341164
"3102",3101,81,81,3.24464299172936
"3103",3102,81,81.9715362992638,3.24395136540177
"3104",3103,81.9715362992638,82.5407898747579,3.24326092014132
"3105",3104,82.5407898747579,83.1061443557327,3.24257165166046
"3106",3105,83.1061443557327,83.5976932365959,3.241883551019
"3107",3106,83.5976932365959,84.6414002553277,3.24119660555845
"3108",3107,84.6414002553277,85.1240842252895,3.24051080262031
"3109",3108,85.1240842252895,85.3986787648923,3.23982612954608
"3110",3109,85.3986787648923,85.8089229751434,3.23914257367727
"3111",3110,85.8089229751434,86.4883391499683,3.23846012570046
"3112",3111,86.4883391499683,86.8260536151294,3.23777878326039
"3113",3112,86.8260536151294,86.5559874559013,3.2370985440018
"3114",3113,86.5559874559013,86.0133113298006,3.23641940615621
"3115",3114,86.0133113298006,85.3986787648923,3.23574136913719
"3116",3115,85.3986787648923,84.7795903687281,3.23506443263022
"3117",3116,84.7795903687281,84.0167319499248,3.23438859755958
"3118",3117,84.0167319499248,83.8074744940494,3.23371386484952
"3119",3118,83.8074744940494,83.2468830692001,3.23304023542431
"3120",3119,83.2468830692001,82.4698481039481,3.23236771020821
"3121",3120,82.4698481039481,82.327781073728,3.2316962901255
"3122",3121,82.327781073728,81.6854218467175,3.23102597587786
"3123",3122,81.6854218467175,80.1665696954342,3.23035674449781
"3124",3123,80.1665696954342,78.8414111492421,3.22968856524635
"3125",3124,78.8414111492421,77.7951280504891,3.2290214073845
"3126",3125,77.7951280504891,77.1150215628973,3.22835524017328
"3127",3126,77.1150215628973,76.5054071231524,3.22769003255716
"3128",3127,76.5054071231524,76.1987709568217,3.22702575258904
"3129",3128,76.1987709568217,75.5817667036117,3.22636236832183
"3130",3129,75.5817667036117,75.0377263685732,3.22569984780844
"3131",3130,75.0377263685732,74.4897127074504,3.22503815910179
"3132",3131,74.4897127074504,73.8584325415005,3.22437729768799
"3133",3132,73.8584325415005,73.5407603949281,3.22371726105688
"3134",3133,73.5407603949281,73.8584325415005,3.22305804669831
"3135",3134,73.8584325415005,73.6203069602629,3.22239965210214
"3136",3135,73.6203069602629,74.2536115678192,3.221742077751
"3137",3136,74.2536115678192,74.5682469500156,3.22108532438093
"3138",3137,74.5682469500156,74.646698548785,3.2204293920989
"3139",3138,74.646698548785,74.8033549875503,3.21977428101185
"3140",3139,74.8033549875503,75.1156876617384,3.21911999122673
"3141",3140,75.1156876617384,75.5817667036117,3.21846652415465
"3142",3141,75.5817667036117,75.8908958983022,3.21781388206588
"3143",3142,75.8908958983022,76.1987709568217,3.21716206733675
"3144",3143,76.1987709568217,76.5054071231524,3.21651108234355
"3145",3144,76.5054071231524,77.1150215628973,3.2158609294626
"3146",3145,77.1150215628973,77.2666736929512,3.21521161107021
"3147",3146,77.2666736929512,77.719854541575,3.21456312976546
"3148",3147,77.719854541575,77.6445080756765,3.21391548775652
"3149",3148,77.6445080756765,77.2666736929512,3.21326868587373
"3150",3149,77.2666736929512,77.2666736929512,3.21262272494741
"3151",3150,77.2666736929512,77,3.21197760521498
"3152",3151,77,76,3.21133332651568
"3153",3152,76,76,3.21068988767526
"3154",3153,76,76,3.21004728751946
"3155",3154,76,76,3.20940552487402
"3156",3155,76,76,3.20876459856469
"3157",3156,76,77,3.20812450742032
"3158",3157,77,77,3.20748525053184
"3159",3158,77,77,3.2068468269902
"3160",3159,77,77,3.20620923551819
"3161",3160,77,78,3.2055724734884
"3162",3161,78,78,3.20493653857541
"3163",3162,78,78,3.20430142705153
"3164",3163,78,78,3.20366713485196
"3165",3164,78,78,3.20303365791192
"3166",3165,78,78,3.2024009921666
"3167",3166,78,78,3.20176913355122
"3168",3167,78,78,3.20113807839379
"3169",3168,78,78,3.20050782320035
"3170",3169,78,78,3.19987836447696
"3171",3170,78,77,3.19924969838426
"3172",3171,77,78,3.19862182245895
"3173",3172,78,78,3.19799473629298
"3174",3173,78,78,3.197368439453
"3175",3174,78,78,3.1967429315056
"3176",3175,78,78,3.19611821201741
"3177",3176,78,78,3.19549428055505
"3178",3177,78,78,3.19487113669852
"3179",3178,78,78,3.19424878004394
"3180",3179,78,78,3.19362721018742
"3181",3180,78,78,3.19300642672508
"3182",3181,78,78,3.19238642884748
"3183",3182,78,78,3.19176721596547
"3184",3183,78,79,3.19114878576592
"3185",3184,79,79,3.19053113593569
"3186",3185,79,79,3.18991426409183
"3187",3186,79,79,3.18929816756184
"3188",3187,79,79,3.18868284367323
"3189",3188,79,79,3.18806828929281
"3190",3189,79,78,3.18745450040524
"3191",3190,78,78,3.18684147180567
"3192",3191,78,77,3.18622919678926
"3193",3192,77,77,3.18561767185803
"3194",3193,77,77,3.18500689575789
"3195",3194,77,77,3.18439686421737
"3196",3195,77,76,3.18378757094188
"3197",3196,76,75,3.18317901020027
"3198",3197,75,75,3.18257117417936
"3199",3198,75,75,3.18196404432727
"3200",3199,75,75,3.1813576161197
"3201",3200,75,76,3.18075188486251
"3202",3201,76,76,3.18014684443135
"3203",3202,76,76,3.17954248870184
"3204",3203,76,77,3.17893881119978
"3205",3204,77,78,3.17833580597505
"3206",3205,78,78,3.17773347042332
"3207",3206,78,79,3.17713180194025
"3208",3207,79,80,3.17653079792151
"3209",3208,80,80,3.17593045576275
"3210",3209,80,80,3.17533077283461
"3211",3210,80,80,3.17473174627999
"3212",3211,80,80,3.17413337324178
"3213",3212,80,80,3.17353565086288
"3214",3213,80,78,3.17293857628618
"3215",3214,78,76,3.17234214665458
"3216",3215,76,74,3.17174634861552
"3217",3216,74,73,3.17115116271124
"3218",3217,73,73,3.170556569484
"3219",3218,73,73,3.16996254947605
"3220",3219,73,72,3.16936908322962
"3221",3220,72,70,3.16877615161822
"3222",3221,70,70,3.16818373573438
"3223",3222,70,71,3.16759181667067
"3224",3223,71,71,3.16700037551962
"3225",3224,71,72,3.16640939337381
"3226",3225,72,71,3.16581885123946
"3227",3226,71,71,3.16522874039973
"3228",3227,71,70,3.16463905537579
"3229",3228,70,71,3.16404978968798
"3230",3229,71,69,3.16346093608184
"3231",3230,69,67,3.16287248730294
"3232",3231,67,68,3.16228443706269
"3233",3232,68,68,3.16169678027894
"3234",3233,68,67,3.16110951186956
"3235",3234,67,68,3.16052262675239
"3236",3235,68,69,3.15993611984529
"3237",3236,69,69,3.15934998606611
"3238",3237,69,69,3.15876422186297
"3239",3238,69,69,3.15817882375307
"3240",3239,69,68,3.15759378825361
"3241",3240,68,67,3.15700911188181
"3242",3241,67,66,3.1564247914918
"3243",3242,66,66,3.15584082438633
"3244",3243,66,66,3.15525720795826
"3245",3244,66,66,3.15467393983964
"3246",3245,66,67,3.15409101766254
"3247",3246,67,67,3.153508439059
"3248",3247,67,68,3.15292620166109
"3249",3248,68,68,3.15234430367407
"3250",3249,68,69,3.15176274522649
"3251",3250,69,69,3.15118152657064
"3252",3251,69,70,3.15060064795886
"3253",3252,70,70,3.15002010964344
"3254",3253,70,70,3.14943991187671
"3255",3254,70,70,3.1488600557983
"3256",3255,70,71,3.14828054219083
"3257",3256,71,71,3.14770137183693
"3258",3257,71,71,3.14712254551924
"3259",3258,71,72,3.14654406402037
"3260",3259,72,72,3.14596592812296
"3261",3260,72,72,3.14538810695107
"3262",3261,72,71,3.14481054881336
"3263",3262,71,71,3.14423320201851
"3264",3263,71,70,3.14365601487519
"3265",3264,70,70,3.14307893569205
"3266",3265,70,69,3.14250191277777
"3267",3266,69,68,3.14192489469396
"3268",3267,68,67,3.14134782679257
"3269",3268,67,66,3.14077065187491
"3270",3269,66,66,3.14019331274233
"3271",3270,66,63,3.13961575219615
"3272",3271,63,60,3.13903791303771
"3273",3272,60,60,3.13845978858993
"3274",3273,60,60,3.13788140664631
"3275",3274,60,61,3.13730279500039
"3276",3275,61,61,3.13672398144569
"3277",3276,61,62,3.13614499377572
"3278",3277,62,63,3.13556585978401
"3279",3278,63,65,3.13498660726408
"3280",3279,65,66,3.13440726471709
"3281",3280,66,66,3.13382786253763
"3282",3281,66,68,3.1332484314558
"3283",3282,68,69,3.13266900220173
"3284",3283,69,70,3.1320896055055
"3285",3284,70,70,3.13151025651057
"3286",3285,70,70,3.13093093318085
"3287",3286,70,70,3.13035161441233
"3288",3287,70,70.4514695902995,3.12977227991369
"3289",3288,70.4514695902995,70.6174332193793,3.12919290939367
"3290",3289,70.6174332193793,69.9512161407544,3.12861348256096
"3291",3290,69.9512161407544,69.4473592483692,3.12803397912429
"3292",3291,69.4473592483692,69.0246690150259,3.12745437879236
"3293",3292,69.0246690150259,67.9133633989984,3.1268746613395
"3294",3293,67.9133633989984,67.39427272118,3.1262948081135
"3295",3294,67.39427272118,66.343908109955,3.12571480198191
"3296",3295,66.343908109955,65.0970658020894,3.12513462630587
"3297",3296,65.0970658020894,63.2732556990508,3.1245542675049
"3298",3297,63.2732556990508,61.2998828601839,3.12397376962852
"3299",3298,61.2998828601839,58.4653499938524,3.12339317672621
"3300",3299,58.4653499938524,53.4443797629673,3.12281253284747
"3301",3300,53.4443797629673,49.1066986470357,3.1222318820418
"3302",3301,49.1066986470357,46.662026951523,3.12165126835871
"3303",3302,46.662026951523,44.6099348519941,3.1210707357705
"3304",3303,44.6099348519941,43.2779937024591,3.12049032658512
"3305",3304,43.2779937024591,41.7638245126664,3.11991008311055
"3306",3305,41.7638245126664,39.9003387088389,3.11933004765473
"3307",3306,39.9003387088389,35.2257347951497,3.11875026067736
"3308",3307,35.2257347951497,30.0228896847556,3.11817076260902
"3309",3308,30.0228896847556,25.1422423482148,3.11759159388024
"3310",3309,25.1422423482148,19.3545071604573,3.11701276431259
"3311",3310,19.3545071604573,14.5158803958346,3.11643425476401
"3312",3311,14.5158803958346,10.819498412869,3.11585604609246
"3313",3312,10.819498412869,6.84285163880017,3.1152781226122
"3314",3313,6.84285163880017,3.42142581940008,3.11470046990051
"3315",3314,3.42142581940008,0,3.11412307353463
"3316",3315,0,0,3.11354591909182
"3317",3316,0,0,3.11296899214934
"3318",3317,0,0,3.11239227828446
"3319",3318,0,0,3.11181576307441
"3320",3319,0,0,3.11123942939549
"3321",3320,0,0,3.1106632599173
"3322",3321,0,0,3.1100872379679
"3323",3322,0,0,3.10951136130817
"3324",3323,0,0,3.10893562769897
"3325",3324,0,0,3.10836003490116
"3326",3325,0,0,3.10778458067562
"3327",3326,0,0,3.1072092627832
"3328",3327,0,0,3.10663407898477
"3329",3328,0,0,3.1060590270412
"3330",3329,0,0,3.10548410471335
"3331",3330,0,0,3.10490931028904
"3332",3331,0,0,3.10433464375558
"3333",3332,0,0,3.10376009320081
"3334",3333,0,0,3.10318564671254
"3335",3334,0,0,3.10261128702076
"3336",3335,0,0,3.10203699449443
"3337",3336,0,0,3.10146274950247
"3338",3337,0,0,3.10088853241383
"3339",3338,0,0,3.10031432359745
"3340",3339,0,0,3.09974010342227
"3341",3340,0,0,3.0991658557394
"3342",3341,0,0,3.09859156964401
"3343",3342,0,0,3.09801723423128
"3344",3343,0,0,3.09744283859636
"3345",3344,0,0,3.09686837903589
"3346",3345,0,0,3.09629385570477
"3347",3346,0,0,3.09571926968024
"3348",3347,0,0,3.09514462697218
"3349",3348,0,0,3.09456993359048
"3350",3349,0,6,3.09399519554501
"3351",3350,6,12,3.09342041884566
"3352",3351,12,16,3.09284558834399
"3353",3352,16,17,3.0922706849657
"3354",3353,17,18,3.09169568963649
"3355",3354,18,19,3.09112058328208
"3356",3355,19,19,3.09054534682814
"3357",3356,19,19,3.0899699619333
"3358",3357,19,21,3.08939441437222
"3359",3358,21,21,3.08881868991958
"3360",3359,21,22,3.08824276708476
"3361",3360,22,24,3.08766662298292
"3362",3361,24,27,3.08709023472918
"3363",3362,27,30,3.08651358713858
"3364",3363,30,29.8272987900673,3.08593667487623
"3365",3364,29.8272987900673,29.4322177534946,3.08535949260727
"3366",3365,29.4322177534946,29.4322177534946,3.08478203499682
"3367",3366,29.4322177534946,31.3578855955999,3.08420429671
"3368",3367,31.3578855955999,32.8171636021391,3.08362627241195
"3369",3368,32.8171636021391,33.5229897974673,3.08304795676778
"3370",3369,33.5229897974673,33.171954029335,3.08246935691526
"3371",3370,33.171954029335,32.0958191350234,3.08189048094647
"3372",3371,32.0958191350234,31.1706726712376,3.0813113410553
"3373",3372,31.1706726712376,30.6021628389252,3.0807319522392
"3374",3373,30.6021628389252,29.8272987900673,3.08015232949562
"3375",3374,29.8272987900673,27.3714065550762,3.07957248750491
"3376",3375,27.3714065550762,23,3.07899243962773
"3377",3376,23,20,3.07841219922474
"3378",3377,20,18,3.07783177965661
"3379",3378,18,18,3.07725119428399
"3380",3379,18,20,3.07667045646755
"3381",3380,20,20,3.07608957956796
"3382",3381,20,20,3.07550857741686
"3383",3382,20,22,3.07492746447298
"3384",3383,22,23.7043333964228,3.07434625439804
"3385",3384,23.7043333964228,26.940333814039,3.0737649577119
"3386",3385,26.940333814039,29.4322177534946,3.07318358493441
"3387",3386,29.4322177534946,32.4584952894425,3.07260214658542
"3388",3387,32.4584952894425,34.8918340274596,3.07202065163039
"3389",3388,34.8918340274596,35.8842166998299,3.07143910707906
"3390",3389,35.8842166998299,37.4798419803839,3.07085751994118
"3391",3390,37.4798419803839,37.790883351634,3.07027589722653
"3392",3391,37.790883351634,37.1661976099735,3.06969424594484
"3393",3392,37.1661976099735,35.2257347949895,3.06911257310589
"3394",3393,35.2257347949895,34.7236796495183,3.06853088571942
"3395",3394,34.7236796495183,34.2142581938453,3.06794918238907
"3396",3395,34.2142581938453,34.2142581938453,3.06736746107527
"3397",3396,34.2142581938453,33.5229897974673,3.06678572715578
"3398",3397,33.5229897974673,33.6971363349452,3.06620398615874
"3399",3398,33.6971363349452,29.4322177534946,3.0656222436123
"3400",3399,29.4322177534946,26.2804703659668,3.0650405050446
"3401",3400,26.2804703659668,26.5022504217262,3.06445877292197
"3402",3401,26.5022504217262,27.795794733498,3.06387704816877
"3403",3402,27.795794733498,29.4322177534946,3.06329533170932
"3404",3403,29.4322177534946,31.3578855955999,3.06271362446798
"3405",3404,31.3578855955999,31.7289977391102,3.06213192736909
"3406",3405,31.7289977391102,32.4584952894425,3.06155024133701
"3407",3406,32.4584952894425,33.171954029335,3.0609685667162
"3408",3407,33.171954029335,33.5229897974673,3.0603869002667
"3409",3408,33.5229897974673,33.8703875561379,3.05980523803063
"3410",3409,33.8703875561379,33.5229897974673,3.05922357605012
"3411",3410,33.5229897974673,32.4584952894425,3.05864191036727
"3412",3411,32.4584952894425,30.6021628389252,3.0580602370242
"3413",3412,30.6021628389252,28.8294463831917,3.05747855206305
"3414",3413,28.8294463831917,29.2326749967933,3.05689685564007
"3415",3414,29.2326749967933,30.0228896846191,3.05631514843418
"3416",3415,30.0228896846191,31.3578855955999,3.05573343112427
"3417",3416,31.3578855955999,31.7289977391102,3.05515170438926
"3418",3417,31.7289977391102,32.6383221221145,3.05456996890804
"3419",3418,32.6383221221145,34.8918340274596,3.05398822535952
"3420",3419,34.8918340274596,35.5565000946342,3.05340647567528
"3421",3420,35.5565000946342,37.1661976099735,3.05282472485095
"3422",3421,37.1661976099735,38.2527035614023,3.05224297788216
"3423",3422,38.2527035614023,39.3091898805151,3.05166123976452
"3424",3423,39.3091898805151,39.7533756580809,3.05107951549367
"3425",3424,39.7533756580809,41.0571098326143,3.05049781006522
"3426",3425,41.0571098326143,42.182170465842,3.04991612847479
"3427",3426,42.182170465842,42.3207001274714,3.04933447796647
"3428",3427,42.3207001274714,43.0066556647047,3.04875286623923
"3429",3428,43.0066556647047,43.815629168615,3.04817130099203
"3430",3429,43.815629168615,43.815629168615,3.04758979081119
"3431",3430,43.815629168615,45.0018305079084,3.04700835091703
"3432",3431,45.0018305079084,46.6620269513108,3.04642699652989
"3433",3432,46.6620269513108,48.2651506905667,3.04584573329729
"3434",3433,48.2651506905667,49.8167118898731,3.0452645654788
"3435",3434,49.8167118898731,51.8884916687194,3.04468349733396
"3436",3435,51.8884916687194,53.662967096445,3.04410253312231
"3437",3436,53.662967096445,55.1688336182537,3.04352166868074
"3438",3437,55.1688336182537,57.0465685686233,3.04294085973242
"3439",3438,57.0465685686233,59.3595194112123,3.04236006200056
"3440",3439,59.3595194112123,61.0127623555262,3.04177923107475
"3441",3440,61.0127623555262,62.5288385215849,3.04119832851212
"3442",3441,62.5288385215849,62.5288385215849,3.04061735235611
"3443",3442,62.5288385215849,60.8205956978044,3.04003630072423
"3444",3443,60.8205956978044,60.1431773513494,3.03945517196795
"3445",3444,60.1431773513494,60.9167548387099,3.03887395770008
"3446",3445,60.9167548387099,62.5288385215849,3.03829264966146
"3447",3446,62.5288385215849,62.9021483476751,3.03771124241496
"3448",3447,62.9021483476751,63.8258710031417,3.03712972728029
"3449",3448,63.8258710031417,64.916990578885,3.03654809496364
"3450",3449,64.916990578885,64.916990578885,3.03596633617125
"3451",3450,64.916990578885,65.5450894430341,3.03538444195021
"3452",3451,65.5450894430341,66.8711527374005,3.03480240362807
"3453",3452,66.8711527374005,68,3.0342202130534
"3454",3453,68,68,3.03363786273026
"3455",3454,68,68.3429271894341,3.03305534484056
"3456",3455,68.3429271894341,67.9994932229859,3.03247265154471
"3457",3456,67.9994932229859,68.0855141471294,3.03188977500315
"3458",3457,68.0855141471294,67.3942727208736,3.03130670901175
"3459",3458,67.3942727208736,67.3942727208736,3.03072345039174
"3460",3459,67.3942727208736,67.5677460759456,3.03013999543823
"3461",3460,67.5677460759456,67.7407751122759,3.02955634044635
"3462",3461,67.7407751122759,67.9994932229859,3.02897248171122
"3463",3462,67.9994932229859,68.3429271894341,3.02838841554852
"3464",3463,68.3429271894341,68.5139986231563,3.02780413918572
"3465",3464,68.5139986231563,68.7698078354003,3.02721964985029
"3466",3465,68.7698078354003,69.109413879901,3.02663494525182
"3467",3466,69.109413879901,69.109413879901,3.02605002702045
"3468",3467,69.109413879901,69.1940549942421,3.02546489746337
"3469",3468,69.1940549942421,69.2785926636346,3.02487956006022
"3470",3469,69.2785926636346,69.2785926636346,3.02429401829064
"3471",3470,69.2785926636346,70.118363803762,3.02370827616603
"3472",3471,70.118363803762,70.78300774422,3.0231223391936
"3473",3472,70.78300774422,71.768433450643,3.02253621206655
"3474",3473,71.768433450643,72.5794019278598,3.02194989787708
"3475",3474,72.5794019278598,73.5407603945937,3.02136339971739
"3476",3475,73.5407603945937,74.4897127071117,3.02077672067967
"3477",3476,74.4897127071117,75.4267270443015,3.02018986385611
"3478",3477,75.4267270443015,76.3522429834656,3.01960283248209
"3479",3478,76.3522429834656,73.9376373150079,3.01901563008377
"3480",3479,73.9376373150079,71.768433450643,3.01842825633255
"3481",3480,71.768433450643,71.6051375694106,3.01784071089983
"3482",3481,71.6051375694106,71.9313585819167,3.01725299345703
"3483",3482,71.9313585819167,72.8209314036225,3.01666510367554
"3484",3483,72.8209314036225,73.7791427273143,3.01607704280889
"3485",3484,73.7791427273143,74.411095565835,3.0154888163572
"3486",3485,74.411095565835,75.2713680264596,3.0149004298206
"3487",3486,75.2713680264596,75.7364890426879,3.01431188869921
"3488",3487,75.7364890426879,76.8108191310949,3.01372319849316
"3489",3488,76.8108191310949,77.3423882573294,3.01313436471353
"3490",3489,77.3423882573294,78.3200167943782,3.01254539320003
"3491",3490,78.3200167943782,78.7671375228344,3.01195629028365
"3492",3491,78.7671375228344,78.6183798120134,3.01136706229542
"3493",3492,78.6183798120134,78.170408224638,3.01077771556634
"3494",3493,78.170408224638,79,3.01018825642742
"3495",3494,79,80,3.0095986908102
"3496",3495,80,79.8006774682981,3.00900902426695
"3497",3496,79.8006774682981,80.6760309686357,3.00841926069919
"3498",3497,80.6760309686357,81.685421846346,3.00782940191251
"3499",3498,81.685421846346,82.2566555080445,3.00723945022822
"3500",3499,82.2566555080445,82.5407898743826,3.00664940777901
"3501",3500,82.5407898743826,83.1765435117789,3.00605927550663
"3502",3501,83.1765435117789,84.0863687029301,3.0054690543528
"3503",3502,84.0863687029301,84.4336909554554,3.00487874525925
"3504",3503,84.4336909554554,84.5722205151183,3.00428834916772
"3505",3504,84.5722205151183,85.2614920518107,3.00369786701994
"3506",3505,85.2614920518107,85.398678764504,3.00310730515699
"3507",3506,85.398678764504,85.0552971068371,3.00251667664084
"3508",3507,85.0552971068371,86.6911257134992,3.00192599453346
"3509",3508,86.6911257134992,87,3.00133527189684
"3510",3509,87,86,3.00074452623761
"3511",3510,86,86,3.00015377536569
"3512",3511,86,86,2.99956303707019
"3513",3512,86,86,2.99897232914026
"3514",3513,86,87,2.99838166819148
"3515",3514,87,86,2.99779106847529
"3516",3515,86,86.5559874555077,2.99720054410721
"3517",3516,86.5559874555077,86.0133113294094,2.99661010858335
"3518",3517,86.0133113294094,85.8771065025048,2.99601977539982
"3519",3518,85.8771065025048,85.6040466597209,2.99542955805273
"3520",3519,85.6040466597209,85.1928158732269,2.9948394700382
"3521",3520,85.1928158732269,85.0552971068371,2.99424952485234
"3522",3521,85.0552971068371,84.3643409316841,2.99365973566515
"3523",3522,84.3643409316841,84.2254694785636,2.99307016062365
"3524",3523,84.2254694785636,84.2254694785636,2.99248085794796
"3525",3524,84.2254694785636,84.1559477942984,2.99189188585817
"3526",3525,84.1559477942984,84.5029841329391,2.9913033025744
"3527",3526,84.5029841329391,84.5029841329391,2.99071516647505
"3528",3527,84.5029841329391,84.4336909554554,2.99012753638426
"3529",3528,84.4336909554554,84.9175556457526,2.98954047112622
"3530",3529,84.9175556457526,85.5356454846131,2.98895402952507
"3531",3530,85.5356454846131,86.0133113294094,2.98836827040499
"3532",3531,86.0133113294094,86.2850760455155,2.9877831977245
"3533",3532,86.2850760455155,86.9607721278952,2.98719881144728
"3534",3533,86.9607721278952,86.8260536147346,2.986615111537
"3535",3534,86.8260536147346,87.0952823236284,2.98603209693721
"3536",3535,87.0952823236284,87.3636813826214,2.9854497665134
"3537",3536,87.3636813826214,86.6911257134992,2.98486811921488
"3538",3537,86.6911257134992,86.2850760455155,2.9842871543055
"3539",3538,86.2850760455155,86.4206379230623,2.98370687104912
"3540",3539,86.4206379230623,86.8260536147346,2.98312726870961
"3541",3540,86.8260536147346,86.5559874555077,2.98254834394254
"3542",3541,86.5559874555077,86.623582942827,2.98197009177623
"3543",3542,86.623582942827,86.2850760455155,2.98139250718598
"3544",3543,86.2850760455155,86.2850760455155,2.9808155851471
"3545",3544,86.2850760455155,86.2850760455155,2.98023932063489
"3546",3545,86.2850760455155,86,2.97966370862467
"3547",3546,86,85,2.97908874511256
"3548",3547,85,84,2.97851442738137
"3549",3548,84,83,2.9779407527139
"3550",3549,83,82,2.97736771839293
"3551",3550,82,82,2.97679532288707
"3552",3551,82,82,2.97622356503931
"3553",3552,82,82.3988452038855,2.97565244419942
"3554",3553,82.3988452038855,83.1061443553548,2.97508195971715
"3555",3554,83.1061443553548,82,2.97451211094226
"3556",3555,82,81,2.9739428972245
"3557",3556,81,82,2.97337431791208
"3558",3557,82,82.6116707712302,2.97280637222216
"3559",3558,82.6116707712302,83.6676787657951,2.97223905937189
"3560",3559,83.6676787657951,83.6676787657951,2.97167238087683
"3561",3560,83.6676787657951,84.2254694785636,2.9711063381529
"3562",3561,84.2254694785636,84,2.97054093201207
"3563",3562,84,84.9175556457526,2.96997616396744
"3564",3563,84.9175556457526,85.0552971068371,2.96941203570065
"3565",3564,85.0552971068371,85.7406852518413,2.96884854889337
"3566",3565,85.7406852518413,85.6040466597209,2.96828570522725
"3567",3566,85.6040466597209,86.0133113294094,2.96772350638392
"3568",3567,86.0133113294094,85.8771065025048,2.96716195384865
"3569",3568,85.8771065025048,83.0356855995492,2.96660104901766
"3570",3569,83.0356855995492,82.3277810733536,2.96604079328719
"3571",3570,82.3277810733536,82.6824909470657,2.96548118874423
"3572",3571,82.6824909470657,82.3988452038855,2.96492223868306
"3573",3572,82.3988452038855,83.5276490759361,2.96436393786019
"3574",3573,83.5276490759361,83.5276490759361,2.96380627980517
"3575",3574,83.5276490759361,84.3643409316841,2.96324925804757
"3576",3575,84.3643409316841,84,2.96269286611692
"3577",3576,84,84,2.96213709754279
"3578",3577,84,85,2.96158194584803
"3579",3578,85,85,2.96102740454746
"3580",3579,85,82,2.96047346715586
"3581",3580,82,78,2.95992012718805
"3582",3581,78,74,2.95936737896996
"3583",3582,74,69,2.9588152167164
"3584",3583,69,66,2.95826363464121
"3585",3584,66,66,2.95771262695826
"3586",3585,66,66,2.95716218459969
"3587",3586,66,67,2.95661229790362
"3588",3587,67,66,2.95606295720812
"3589",3588,66,65,2.95551415308163
"3590",3589,65,64,2.95496587653368
"3591",3590,64,64,2.95441811916853
"3592",3591,64,65,2.95387087334043
"3593",3592,65,65,2.95332412895331
"3594",3593,65,66,2.95277787477944
"3595",3594,66,66,2.95223210140146
"3596",3595,66,66,2.95168680041731
"3597",3596,66,67,2.95114196314324
"3598",3597,67,67,2.95059758193647
"3599",3598,67,68,2.95005365455583
"3600",3599,68,69,2.9495101717564
"3601",3600,69,69,2.94896712437818
"3602",3601,69,70,2.94842450397628
"3603",3602,70,70,2.94788230210581
"3604",3603,70,71,2.9473405110216
"3605",3604,71,70,2.94679912351151
"3606",3605,70,69,2.94625813174775
"3607",3606,69,65,2.94571752790257
"3608",3607,65,64,2.94517730414819
"3609",3608,64,64,2.94463745265684
"3610",3609,64,59,2.94409796561328
"3611",3610,59,54,2.9435588353161
"3612",3611,54,51,2.9430200547302
"3613",3612,51,51,2.94248161770754
"3614",3613,51,51,2.94194351810008
"3615",3614,51,49,2.94140574975978
"3616",3615,49,48,2.94086830578001
"3617",3616,48,47,2.9403311768973
"3618",3617,47,47,2.93979435384814
"3619",3618,47,48,2.93925782736907
"3620",3619,48,47,2.93872158819659
"3621",3620,47,47,2.9381856269016
"3622",3621,47,48,2.93764993394547
"3623",3622,48,49,2.93711449978955
"3624",3623,49,49,2.93657931489521
"3625",3624,49,49,2.93604436972382
"3626",3625,49,49,2.93550966056004
"3627",3626,49,49,2.9349751851243
"3628",3627,49,50,2.93444094113702
"3629",3628,50,50,2.93390692832031
"3630",3629,50,50,2.93337314794586
"3631",3630,50,50,2.93283960128537
"3632",3631,50,50,2.9323062891276
"3633",3632,50,50,2.93177321165807
"3634",3633,50,50,2.93124036906233
"3635",3634,50,50,2.93070776152593
"3636",3635,50,49,2.93017538923439
"3637",3636,49,49,2.92964325237326
"3638",3637,49,49,2.92911135142213
"3639",3638,49,49,2.92857968738533
"3640",3639,49,49,2.92804825195557
"3641",3640,49,49,2.92751703611306
"3642",3641,49,49,2.92698603016417
"3643",3642,49,48,2.92645522351802
"3644",3643,48,48,2.9259246055387
"3645",3644,48,47,2.92539416547069
"3646",3645,47,46,2.92486389255848
"3647",3646,46,46,2.92433377604654
"3648",3647,46,47,2.92380380517936
"3649",3648,47,47,2.92327396920142
"3650",3649,47,47,2.92274425718825
"3651",3650,47,48,2.92221465815349
"3652",3651,48,48,2.92168516111078
"3653",3652,48,48,2.92115575496005
"3654",3653,48,48,2.92062642587446
"3655",3654,48,48,2.92009715816369
"3656",3655,48,48,2.91956793393304
"3657",3656,48,47,2.91903873528779
"3658",3657,47,47,2.91850954433324
"3659",3658,47,47,2.91798034317467
"3660",3659,47,47,2.91745111391738
"3661",3660,47,47,2.91692183852642
"3662",3661,47,47,2.91639249867844
"3663",3662,47,47,2.9158630760501
"3664",3663,47,47,2.91533355231806
"3665",3664,47,47,2.91480390915897
"3666",3665,47,47,2.91427412824948
"3667",3666,47,47,2.91374419113979
"3668",3667,47,46,2.91321409568623
"3669",3668,46,46,2.91268384616099
"3670",3669,46,47,2.91215344683628
"3671",3670,47,47,2.91162290198428
"3672",3671,47,48,2.91109221587719
"3673",3672,48,48,2.91056139327457
"3674",3673,48,48,2.91003044056007
"3675",3674,48,48,2.90949936411735
"3676",3675,48,48,2.90896817033004
"3677",3676,48,48,2.90843686558179
"3678",3677,48,48,2.90790545625625
"3679",3678,48,49,2.90737394873707
"3680",3679,49,50,2.90684234905406
"3681",3680,50,51,2.90631066003118
"3682",3681,51,52,2.90577888744071
"3683",3682,52,53,2.90524703855713
"3684",3683,53,55,2.90471512065488
"3685",3684,55,56,2.90418314100843
"3686",3685,56,57,2.90365110689223
"3687",3686,57,59,2.90311902511473
"3688",3687,59,60,2.90258690207802
"3689",3688,60,61,2.90205474418415
"3690",3689,61,63,2.90152255783522
"3691",3690,63,64,2.90099034943329
"3692",3691,64,65,2.90045812538044
"3693",3692,65,67,2.89992589194751
"3694",3693,67,68,2.89939365225844
"3695",3694,68,70,2.89886140867726
"3696",3695,70,70,2.89832915745325
"3697",3696,70,68,2.89779688983766
"3698",3697,68,66,2.89726459708176
"3699",3698,66,67,2.89673227043679
"3700",3699,67,68,2.89619990115403
"3701",3700,68,68,2.89566748048473
"3702",3701,68,68,2.89513499968016
"3703",3702,68,68,2.89460245003017
"3704",3703,68,69,2.89406982365678
"3705",3704,69,70,2.89353711268204
"3706",3705,70,70,2.89300430922796
"3707",3706,70,72,2.89247140911311
"3708",3707,72,74,2.89193840821432
"3709",3708,74,75,2.89140530240841
"3710",3709,75,77,2.89087208698047
"3711",3710,77,76,2.89033875622238
"3712",3711,76,74,2.88980530442604
"3713",3712,74,73,2.88927172415516
"3714",3713,73,73,2.88873800734198
"3715",3714,73,74,2.88820414591874
"3716",3715,74,75,2.88767013181767
"3717",3716,75,76,2.88713595697101
"3718",3717,76,77,2.88660161331099
"3719",3718,77,78,2.88606709276984
"3720",3719,78,79,2.88553239268177
"3721",3720,79,80,2.88499751079432
"3722",3721,80,81,2.88446244530785
"3723",3722,81,82,2.88392719554258
"3724",3723,82,83,2.88339175986403
"3725",3724,83,84,2.88285613562183
"3726",3725,84,85,2.88232032016559
"3727",3726,85,86,2.88178431084495
"3728",3727,86,87,2.88124810500953
"3729",3728,87,87,2.88071170000895
"3730",3729,87,87,2.88017509319286
"3731",3730,87,87,2.87963828164738
"3732",3731,87,88,2.87910126478712
"3733",3732,88,89,2.87856406582562
"3734",3733,89,90,2.87802670797644
"3735",3734,90,90,2.87748921445316
"3736",3735,90,91,2.87695160846933
"3737",3736,91,89,2.87641391265853
"3738",3737,89,87,2.87587614639709
"3739",3738,87,87,2.87533832906133
"3740",3739,87,87,2.87480048002758
"3741",3740,87,87,2.87426261693105
"3742",3741,87,87,2.87372475478497
"3743",3742,87,87,2.87318690860254
"3744",3743,87,87,2.87264909339697
"3745",3744,87,87,2.87211130977852
"3746",3745,87,87,2.87157355064095
"3747",3746,87,88,2.87103580887804
"3748",3747,88,88,2.87049807738356
"3749",3748,88,88,2.86996034905127
"3750",3749,88,89,2.86942262368152
"3751",3750,89,89,2.86888490160313
"3752",3751,89,88,2.86834719372407
"3753",3752,88,88,2.86780951291522
"3754",3753,88,87,2.8672718720475
"3755",3754,87,87,2.86673428399181
"3756",3755,87,87,2.86619676161905
"3757",3756,87,87,2.86565931633433
"3758",3757,87,87,2.86512195131059
"3759",3758,87,87,2.86458466972078
"3760",3759,87,88,2.86404747473785
"3761",3760,88,88,2.86351037112404
"3762",3761,88,88,2.86297336499522
"3763",3762,88,88,2.86243645861735
"3764",3763,88,88,2.86189964933133
"3765",3764,88,89,2.86136293447806
"3766",3765,89,89,2.86082631139842
"3767",3766,89,88,2.86028977743332
"3768",3767,88,85,2.85975332992366
"3769",3768,85,85,2.85921696621032
"3770",3769,85,85,2.85868065868897
"3771",3770,85,84,2.85814437784654
"3772",3771,84,82,2.85760809106096
"3773",3772,82,80,2.85707176566113
"3774",3773,80,79,2.85653536897595
"3775",3774,79,76,2.8559988684929
"3776",3775,76,72,2.85546223235927
"3777",3776,72,67,2.85492542872237
"3778",3777,67,63,2.8543884257295
"3779",3778,63,61,2.85385119152796
"3780",3779,61,57,2.85331369490862
"3781",3780,57,53,2.85277591075125
"3782",3781,53,48,2.85223781299368
"3783",3782,48,43,2.85169937431956
"3784",3783,43,38,2.85116056741255
"3785",3784,38,34,2.85062136495628
"3786",3785,34,29,2.8500817396344
"3787",3786,29,21,2.84954166413058
"3788",3787,21,19,2.84900112261148
"3789",3788,19,18,2.84846010749101
"3790",3789,18,19,2.84791861118306
"3791",3790,19,21,2.84737662610153
"3792",3791,21,22,2.8468341446603
"3793",3792,22,23,2.8462911586374
"3794",3793,23,25,2.84574764456312
"3795",3794,25,28,2.84520359578
"3796",3795,28,31,2.84465900691698
"3797",3796,31,35,2.84411387319578
"3798",3797,35,37,2.84356819316722
"3799",3798,37,37,2.84302196538213
"3800",3799,37,40,2.84247521743974
"3801",3800,40,44,2.84192796782359
"3802",3801,44,49,2.84138029564827
"3803",3802,49,51,2.8408322195858
"3804",3803,51,52,2.84028373111742
"3805",3804,52,54,2.83973482172442
"3806",3805,54,58,2.83918548288807
"3807",3806,58,60,2.83863569783219
"3808",3807,60,60,2.83808544450384
"3809",3808,60,61,2.83753470085003
"3810",3809,61,64,2.8369834448178
"3811",3810,64,66,2.8364316543542
"3812",3811,66,67,2.83587930740626
"3813",3812,67,68,2.83532639982478
"3814",3813,68,69.2785926636346,2.83477292929548
"3815",3814,69.2785926636346,70.118363803762,2.83421889324273
"3816",3815,70.118363803762,71.1952593676809,2.83366428909092
"3817",3816,71.1952593676809,72.5794019278598,2.83310911426443
"3818",3817,72.5794019278598,73.6997676185408,2.83255336618764
"3819",3818,73.6997676185408,74.959684011751,2.83199704223106
"3820",3819,74.959684011751,76.581874301793,2.83144013516954
"3821",3820,76.581874301793,78.4693401130157,2.83088263086889
"3822",3821,78.4693401130157,79.2117345310337,2.83032451519491
"3823",3822,79.2117345310337,81.2543611883313,2.82976577401338
"3824",3823,81.2543611883313,82.8239495435656,2.82920639319012
"3825",3824,82.8239495435656,84.2254694785636,2.82864635859091
"3826",3825,84.2254694785636,86,2.82808565608156
"3827",3826,86,86.1493008541859,2.82752427077233
"3828",3827,86.1493008541859,86.8260536147346,2.82696218755014
"3829",3828,86.8260536147346,87,2.8263993913019
"3830",3829,87,87.4975721322603,2.82583586691453
"3831",3830,87.4975721322603,88.2966533114672,2.82527159927494
"3832",3831,88.2966533114672,88.5614115059383,2.82470657327004
"3833",3832,88.5614115059383,88.5614115059383,2.82414079293233
"3834",3833,88.5614115059383,88.5614115059383,2.82357426507468
"3835",3834,88.5614115059383,88.7594618309095,2.82300699662381
"3836",3835,88.7594618309095,89.0885674228868,2.82243899450642
"3837",3836,89.0885674228868,89.2198697035825,2.82187026564921
"3838",3837,89.2198697035825,89.4818963192185,2.82130081697889
"3839",3838,89.4818963192185,89.3509790637826,2.82073065542215
"3840",3839,89.3509790637826,89.4164616536128,2.8201597879725
"3841",3840,89.4164616536128,89.4818963192185,2.81958822164268
"3842",3841,89.4818963192185,89.938606022233,2.81901596344546
"3843",3842,89.938606022233,90.1336303402872,2.81844302043894
"3844",3843,90.1336303402872,90.0036610668001,2.81786940027116
"3845",3844,90.0036610668001,90.3930082248168,2.81729511144099
"3846",3845,90.3930082248168,90.1985447221568,2.81672017049763
"3847",3846,90.1985447221568,90.3930082248168,2.81614459399028
"3848",3847,90.3930082248168,90.0036610668001,2.81556839846812
"3849",3848,90.0036610668001,88.9570713039977,2.81499160048035
"3850",3849,88.9570713039977,88.230339644206,2.81441421657617
"3851",3850,88.230339644206,87.4975721322603,2.81383626330478
"3852",3851,87.4975721322603,87.6312583372299,2.81325775721536
"3853",3852,87.6312583372299,87.6312583372299,2.81267871459236
"3854",3853,87.6312583372299,87.7647409152283,2.81209915107975
"3855",3854,87.7647409152283,87.6312583372299,2.81151908232146
"3856",3855,87.6312583372299,87.7647409152283,2.81093852396145
"3857",3856,87.7647409152283,87.9645849827459,2.81035749164367
"3858",3857,87.9645849827459,87.8980207839532,2.80977599774116
"3859",3858,87.8980207839532,88.0975625209902,2.80919404760584
"3860",3859,88.0975625209902,88.1639760643748,2.80861164658963
"3861",3860,88.1639760643748,88.4291314690946,2.80802880004446
"3862",3861,88.4291314690946,86.5559874555077,2.80744551332227
"3863",3862,86.5559874555077,83.0356855995492,2.80686179177496
"3864",3863,83.0356855995492,79.4330998383176,2.80627764075448
"3865",3864,79.4330998383176,75.2713680264596,2.80569306619824
"3866",3865,75.2713680264596,71.768433450643,2.80510807390694
"3867",3866,71.768433450643,71.1130002402516,2.80452266772103
"3868",3867,71.1130002402516,69.4473592480534,2.80393685148095
"3869",3868,69.4473592480534,69.6157167431338,2.80335062902713
"3870",3869,69.6157167431338,69.7836680549192,2.80276400420002
"3871",3870,69.7836680549192,70.285114052906,2.80217697977658
"3872",3871,70.285114052906,70.78300774422,2.80158955554211
"3873",3872,70.78300774422,70.78300774422,2.80100173128194
"3874",3873,70.78300774422,71.277423564359,2.80041350678136
"3875",3874,71.277423564359,71.277423564359,2.79982488182569
"3876",3875,71.277423564359,71.277423564359,2.79923585620024
"3877",3876,71.277423564359,71.6051375694106,2.79864642978103
"3878",3877,71.6051375694106,72.0126829320505,2.79805660255181
"3879",3878,72.0126829320505,72.0126829320505,2.79746637460624
"3880",3879,72.0126829320505,72.4987132874669,2.79687574796539
"3881",3880,72.4987132874669,72.7405106800383,2.79628472465029
"3882",3881,72.7405106800383,73.5407603945937,2.795693306682
"3883",3882,73.5407603945937,73.6997676185408,2.79510149608155
"3884",3883,73.6997676185408,73.6203069599281,2.79450929279186
"3885",3884,73.6203069599281,73.8584325411646,2.7939166887801
"3886",3885,73.8584325411646,74.0957928643042,2.79332367601347
"3887",3886,74.0957928643042,74.0167573547435,2.79273024645913
"3888",3887,74.0167573547435,74.4897127071117,2.79213639208426
"3889",3888,74.4897127071117,74.411095565835,2.79154210485605
"3890",3889,74.411095565835,73.7791427273143,2.79094737722812
"3891",3890,73.7791427273143,74.0167573547435,2.790352201481
"3892",3891,74.0167573547435,73.9376373150079,2.78975656989525
"3893",3892,73.9376373150079,73.8584325411646,2.7891604747514
"3894",3893,73.8584325411646,73.3814086260617,2.78856390833001
"3895",3894,73.3814086260617,73.1417299940493,2.78796686291161
"3896",3895,73.1417299940493,72.5794019278598,2.78736933077675
"3897",3896,72.5794019278598,72.4179347636612,2.78677130750749
"3898",3897,72.4179347636612,72.1750567308085,2.78617279303064
"3899",3898,72.1750567308085,71.9313585819167,2.78557378701516
"3900",3899,71.9313585819167,72.0939155123925,2.78497428913
"3901",3900,72.0939155123925,72.0939155123925,2.78437429904411
"3902",3901,72.0939155123925,71.277423564359,2.78377381660838
"3903",3902,71.277423564359,71.4414684910251,2.7831728428532
"3904",3903,71.4414684910251,72.0126829320505,2.78257137880897
"3905",3904,72.0126829320505,71.1130002402516,2.78196942550608
"3906",3905,71.1130002402516,71.3594931871684,2.78136698192624
"3907",3906,71.3594931871684,71.6051375694106,2.78076404381
"3908",3907,71.6051375694106,71.277423564359,2.78016060689792
"3909",3908,71.277423564359,71.4414684910251,2.77955666693054
"3910",3909,71.4414684910251,71.1952593676809,2.77895221075906
"3911",3910,71.1952593676809,71.6051375694106,2.77834722455451
"3912",3911,71.6051375694106,71.277423564359,2.7777416944879
"3913",3912,71.277423564359,70.9481958165922,2.77713560673025
"3914",3913,70.9481958165922,71.1130002402516,2.77652894803936
"3915",3914,71.1130002402516,70,2.77592170635509
"3916",3915,70,70.9481958165922,2.77531386954977
"3917",3916,70.9481958165922,72.0939155123925,2.77470542549069
"3918",3917,72.0939155123925,71.5233498328117,2.77409636204514
"3919",3918,71.5233498328117,71.6051375694106,2.77348666708038
"3920",3919,71.6051375694106,71.1130002402516,2.77287632846371
"3921",3920,71.1130002402516,71,2.77226533406241
"3922",3921,71,71,2.77165367261854
"3923",3922,71,70.6174332190581,2.77104131127279
"3924",3923,70.6174332190581,71.0306458251884,2.77042821712929
"3925",3924,71.0306458251884,70.6174332190581,2.76981435729218
"3926",3925,70.6174332190581,70.2017884585299,2.76919969886559
"3927",3926,70.2017884585299,70.9481958165922,2.76858420895366
"3928",3927,70.9481958165922,71.4414684910251,2.76796785466052
"3929",3928,71.4414684910251,71.277423564359,2.76735060331026
"3930",3929,71.277423564359,70.9481958165922,2.7667324227666
"3931",3930,70.9481958165922,71.1130002402516,2.76611328089329
"3932",3931,71.1130002402516,71.9313585819167,2.76549317298676
"3933",3932,71.9313585819167,72,2.76487209633876
"3934",3933,72,72,2.76425004824102
"3935",3934,72,71,2.76362702802558
"3936",3935,71,71,2.76300303518056
"3937",3936,71,71,2.76237806919409
"3938",3937,71,70,2.7617521295543
"3939",3938,70,70,2.76112521574933
"3940",3939,70,71,2.7604973272673
"3941",3940,71,71,2.75986846490049
"3942",3941,71,71,2.75923863023962
"3943",3942,71,71,2.7586078251209
"3944",3943,71,72,2.75797605172102
"3945",3944,72,73,2.75734331221669
"3946",3945,73,74,2.75670960878458
"3947",3946,74,75,2.75607494133694
"3948",3947,75,75,2.75543930677103
"3949",3948,75,77,2.75480270198412
"3950",3949,77,78,2.75416512387351
"3951",3950,78,79,2.75352656874356
"3952",3951,79,81,2.75288703278176
"3953",3952,81,82,2.75224651217561
"3954",3953,82,83,2.75160500311261
"3955",3954,83,85,2.75096250178026
"3956",3955,85,85.8089229747532,2.75031900436604
"3957",3956,85.8089229747532,86.4206379230623,2.74967450717986
"3958",3957,86.4206379230623,86.6911257134992,2.74902900666243
"3959",3958,86.6911257134992,86.2850760455155,2.74838249925447
"3960",3959,86.2850760455155,86.4206379230623,2.74773497679987
"3961",3960,86.4206379230623,86.6911257134992,2.74708642934529
"3962",3961,86.6911257134992,87.7647409152283,2.74643684723934
"3963",3962,87.7647409152283,87.6312583372299,2.74578622083066
"3964",3963,87.6312583372299,87.5644407518455,2.74513454046785
"3965",3964,87.5644407518455,86.9607721278952,2.74448179649955
"3966",3965,86.9607721278952,86.0813329344618,2.74382797927438
"3967",3966,86.0813329344618,85.1928158732269,2.74317307914096
"3968",3967,85.1928158732269,84.3643409316841,2.74251708644791
"3969",3968,84.3643409316841,83.5976932362158,2.74185999154386
"3970",3969,83.5976932362158,83.9470374321697,2.74120178477742
"3971",3970,83.9470374321697,84.7795903683426,2.74054245667202
"3972",3971,84.7795903683426,84.7795903683426,2.73988199729702
"3973",3972,84.7795903683426,85.3301129645865,2.73922041382097
"3974",3973,85.3301129645865,86.0133113294094,2.73855771589171
"3975",3974,86.0133113294094,85.9452358860792,2.73789391315705
"3976",3975,85.9452358860792,86.0133113294094,2.73722901526484
"3977",3976,86.0133113294094,86.2850760455155,2.7365630318629
"3978",3977,86.2850760455155,86.9607721278952,2.73589597259906
"3979",3978,86.9607721278952,87.1624595446301,2.73522784712115
"3980",3979,87.1624595446301,87.6980250413631,2.73455866507699
"3981",3980,87.6980250413631,86.9607721278952,2.73388843611443
"3982",3981,86.9607721278952,87.0952823236284,2.73321716947572
"3983",3982,87.0952823236284,87.2966589466685,2.73254487434063
"3984",3983,87.2966589466685,87.6312583372299,2.73187156018621
"3985",3984,87.6312583372299,87.229585068649,2.73119723682326
"3986",3985,87.229585068649,87.4975721322603,2.73052192069574
"3987",3986,87.4975721322603,87.4975721322603,2.7298456297253
"3988",3987,87.4975721322603,87.7647409152283,2.72916838183362
"3989",3988,87.7647409152283,87.8980207839532,2.72849019494236
"3990",3989,87.8980207839532,87.8980207839532,2.72781108697318
"3991",3990,87.8980207839532,88.1639760643748,2.72713107584774
"3992",3991,88.1639760643748,88.1639760643748,2.72645017948771
"3993",3992,88.1639760643748,88.4291314690946,2.72576841637937
"3994",3993,88.4291314690946,88.0975625209902,2.72508580501545
"3995",3994,88.0975625209902,88.2966533114672,2.72440236388871
"3996",3995,88.2966533114672,88.1639760643748,2.72371811149188
"3997",3996,88.1639760643748,88.2966533114672,2.72303306637013
"3998",3997,88.2966533114672,88.230339644206,2.72234724713537
"3999",3998,88.230339644206,88.4291314690946,2.72166067233507
"4000",3999,88.4291314690946,88.4291314690946,2.72097336049656
"4001",4000,88.4291314690946,88.2966533114672,2.72028533014721
"4002",4001,88.2966533114672,88.230339644206,2.71959659981436
"4003",4002,88.230339644206,88.0310988611028,2.71890718802538
"4004",4003,88.0310988611028,88.1639760643748,2.71821711295775
"4005",4004,88.1639760643748,88.0310988611028,2.71752639238765
"4006",4005,88.0310988611028,87.6312583372299,2.71683504409126
"4007",4006,87.6312583372299,87.0952823236284,2.71614308584476
"4008",4007,87.0952823236284,87.1624595446301,2.71545053542431
"4009",4008,87.1624595446301,86.9607721278952,2.71475741060609
"4010",4009,86.9607721278952,87.229585068649,2.71406372923271
"4011",4010,87.229585068649,86.9607721278952,2.71336950921921
"4012",4011,86.9607721278952,86.6911257134992,2.71267476714814
"4013",4012,86.6911257134992,86.488339149575,2.71197951782785
"4014",4013,86.488339149575,85.3301129645865,2.7112837760667
"4015",4014,85.3301129645865,82.2566555080445,2.71058755667306
"4016",4015,82.2566555080445,77,2.70989087483466
"4017",4016,77,74.3323952709303,2.70919374691763
"4018",4017,74.3323952709303,70.285114052906,2.70849618928815
"4019",4018,70.285114052906,66.6958676427061,2.70779821831237
"4020",4019,66.6958676427061,62,2.70709985035643
"4021",4020,62,60.6278199945646,2.7064011017865
"4022",4021,60.6278199945646,59.3595194112123,2.70570198896874
"4023",4022,59.3595194112123,56.9438743988797,2.70500252848166
"4024",4023,56.9438743988797,53.8806676790611,2.7043027370148
"4025",4024,53.8806676790611,51.6623969032505,2.70360263125772
"4026",4025,51.6623969032505,50.9780965361781,2.70290221633964
"4027",4026,50.9780965361781,50.6324783467195,2.70220149481443
"4028",4027,50.6324783467195,50.284484696201,2.70150046923596
"4029",4028,50.284484696201,50.1679503672787,2.70079914115724
"4030",4029,50.1679503672787,49.5811705459727,2.7000975113565
"4031",4030,49.5811705459727,49.1066986468124,2.69939558061198
"4032",4031,49.1066986468124,48.6275974714897,2.6986933497019
"4033",4032,48.6275974714897,48,2.69799081940449
"4034",4033,48,48.3862679519065,2.69728799049798
"4035",4034,48.3862679519065,47.8999614713834,2.6965848637606
"4036",4035,47.8999614713834,48.0219997955332,2.69588143981366
"4037",4036,48.0219997955332,47.8999614713834,2.69517771923919
"4038",4037,47.8999614713834,47,2.69447370261927
"4039",4038,47,46.2841905802417,2.69376939053593
"4040",4039,46.2841905802417,46,2.69306480219448
"4041",4040,46,46,2.69235995822518
"4042",4041,46,46,2.69165487959525
"4043",4042,46,46.9122272958485,2.69094958772049
"4044",4043,46.9122272958485,46.6620269513108,2.69024410401672
"4045",4044,46.6620269513108,47.1611002923148,2.68953844989976
"4046",4045,47.1611002923148,49.5811705459727,2.68883264678541
"4047",4046,49.5811705459727,50.0511447566554,2.68812671608949
"4048",4047,50.0511447566554,51.4353083729032,2.6874206795334
"4049",4048,51.4353083729032,54.7428131101524,2.68671455916772
"4050",4049,54.7428131101524,56.0111546330285,2.686008377043
"4051",4050,56.0111546330285,58.0635215320912,2.68530215520981
"4052",4051,58.0635215320912,60.4344292807703,2.68459591571873
"4053",4052,60.4344292807703,62.3413453424752,2.68388968084774
"4054",4053,62.3413453424752,65.2766442442291,2.68318347832839
"4055",4054,65.2766442442291,65.9900713745267,2.68247733683876
"4056",4055,65.9900713745267,65.9013153537061,2.68177128664551
"4057",4056,65.9013153537061,66.5201206400599,2.68106535801534
"4058",4057,66.5201206400599,68.4285163876905,2.68035958121491
"4059",4058,68.4285163876905,69.9512161404363,2.67965398651091
"4060",4059,69.9512161404363,69.9512161404363,2.67894860423131
"4061",4060,69.9512161404363,69.6157167431338,2.6782434650191
"4062",4061,69.6157167431338,69.9512161404363,2.67753859951724
"4063",4062,69.9512161404363,70.285114052906,2.67683403836873
"4064",4063,70.285114052906,70.4514695899791,2.67612981221655
"4065",4064,70.4514695899791,70.78300774422,2.67542595170367
"4066",4065,70.78300774422,72.1750567308085,2.67472248747308
"4067",4066,72.1750567308085,73.6203069599281,2.67401945016775
"4068",4067,73.6203069599281,74.8033549872101,2.67331684854074
"4069",4068,74.8033549872101,75.7364890426879,2.67261468616522
"4070",4069,75.7364890426879,76.4288634180063,2.67191296661439
"4071",4070,76.4288634180063,78.3200167943782,2.67121169346141
"4072",4071,78.3200167943782,78.6183798120134,2.67051087027509
"4073",4072,78.6183798120134,79.7272974760878,2.66981050056279
"4074",4073,79.7272974760878,80.5307995120633,2.66911058783182
"4075",4074,80.5307995120633,81.8286040834682,2.66841113558954
"4076",4075,81.8286040834682,82.3988452038855,2.66771214734327
"4077",4076,82.3988452038855,83.6676787657951,2.66701362660036
"4078",4077,83.6676787657951,84.4336909554554,2.66631557686814
"4079",4078,84.4336909554554,85.8089229747532,2.66561800165395
"4080",4079,85.8089229747532,86.9607721278952,2.66492090446512
"4081",4080,86.9607721278952,88.0310988611028,2.66422429031511
"4082",4081,88.0310988611028,88.1639760643748,2.66352815731408
"4083",4082,88.1639760643748,88.6934941867465,2.66283250056787
"4084",4083,88.6934941867465,89.2198697035825,2.66213731519556
"4085",4084,89.2198697035825,89.7431578806906,2.66144259641337
"4086",4085,89.7431578806906,89.0885674228868,2.66074833943753
"4087",4086,89.0885674228868,88.1639760643748,2.66005453948423
"4088",4087,88.1639760643748,87.5644407518455,2.6593611917697
"4089",4088,87.5644407518455,88,2.65866829151015
"4090",4089,88,89,2.6579758339218
"4091",4090,89,89,2.65728381422086
"4092",4091,89,89,2.65659222762355
"4093",4092,89,89,2.65590106941169
"4094",4093,89,89,2.65521033644057
"4095",4094,89,90,2.65452002556548
"4096",4095,90,90,2.65383014559042
"4097",4096,90,90.3930082248168,2.6531407156866
"4098",4097,90.3930082248168,90.2634124543822,2.65245175502523
"4099",4098,90.2634124543822,90.2634124543822,2.65176328277753
"4100",4099,90.2634124543822,90.3930082248168,2.65107531811472
"4101",4100,90.3930082248168,90.4577364669587,2.650387880208
"4102",4101,90.4577364669587,89.938606022233,2.6497009882286
"4103",4102,89.938606022233,89.1542427292798,2.64901466134772
"4104",4103,89.1542427292798,88.9570713039977,2.64832891873658
"4105",4104,88.9570713039977,88.495296214377,2.64764377956639
"4106",4105,88.495296214377,88.8253805311835,2.64695926300838
"4107",4106,88.8253805311835,88.6934941867465,2.64627538638548
"4108",4107,88.6934941867465,89.2198697035825,2.64559216875646
"4109",4108,89.2198697035825,88.9570713039977,2.64490962961523
"4110",4109,88.9570713039977,88.9570713039977,2.64422778963923
"4111",4110,88.9570713039977,89.0885674228868,2.64354667149225
"4112",4111,89.0885674228868,89.0885674228868,2.64286629783809
"4113",4112,89.0885674228868,88.8253805311835,2.64218669134055
"4114",4113,88.8253805311835,88.4291314690946,2.64150787466343
"4115",4114,88.4291314690946,88.0310988611028,2.64082987047052
"4116",4115,88.0310988611028,88.230339644206,2.64015270142561
"4117",4116,88.230339644206,87.7647409152283,2.63947639019251
"4118",4117,87.7647409152283,87.9645849827459,2.63880095943502
"4119",4118,87.9645849827459,88.0310988611028,2.63812643208861
"4120",4119,88.0310988611028,88.0310988611028,2.63745282896908
"4121",4120,88.0310988611028,88.0310988611028,2.63678017068552
"4122",4121,88.0310988611028,87.8980207839532,2.63610847784704
"4123",4122,87.8980207839532,87.8314061117751,2.63543777106275
"4124",4123,87.8314061117751,88.0310988611028,2.63476807285116
"4125",4124,88.0310988611028,87.7647409152283,2.63409940776258
"4126",4125,87.7647409152283,87.9645849827459,2.6334318003473
"4127",4126,87.9645849827459,88.0310988611028,2.63276527515561
"4128",4127,88.0310988611028,88.3629172191079,2.6320998567378
"4129",4128,88.3629172191079,88.8253805311835,2.63143556964418
"4130",4129,88.8253805311835,89.2198697035825,2.63077243842504
"4131",4130,89.2198697035825,89.7431578806906,2.63011048083921
"4132",4131,89.7431578806906,90.1336303402872,2.62944971201275
"4133",4132,90.1336303402872,90.2634124543822,2.62879013517226
"4134",4133,90.2634124543822,90,2.62813175354429
"4135",4134,90,89.4818963192185,2.62747457035544
"4136",4135,89.4818963192185,89,2.62681858883228
"4137",4136,89,88,2.62616381336133
"4138",4137,88,88.1639760643748,2.62551025484366
"4139",4138,88.1639760643748,88.8253805311835,2.62485792418033
"4140",4139,88.8253805311835,89.3509790637826,2.62420683227238
"4141",4140,89.3509790637826,90.0036610668001,2.62355699002088
"4142",4141,90.0036610668001,90.6516439466471,2.62290841157172
"4143",4142,90.6516439466471,90.9095438786803,2.62226111256706
"4144",4143,90.9095438786803,91.4231612021826,2.62161510864905
"4145",4144,91.4231612021826,91.5511153130089,2.62097042266132
"4146",4145,91.5511153130089,90.7806855295058,2.62032708130575
"4147",4146,90.7806855295058,89.5472831625661,2.61968511128421
"4148",4147,89.5472831625661,88.6934941867465,2.61904453929858
"4149",4148,88.6934941867465,87.8980207839532,2.61840539205073
"4150",4149,87.8980207839532,87.3636813826214,2.61776768242939
"4151",4150,87.3636813826214,86.623582942827,2.61713142226635
"4152",4151,86.623582942827,87.6980250413631,2.61649662339339
"4153",4152,87.6980250413631,87.7647409152283,2.61586329711997
"4154",4153,87.7647409152283,88.1639760643748,2.61523145427298
"4155",4154,88.1639760643748,88.1639760643748,2.6146011056793
"4156",4155,88.1639760643748,87.9645849827459,2.61397226216581
"4157",4156,87.9645849827459,87.0280532017112,2.61334493529229
"4158",4157,87.0280532017112,86.1493008541859,2.6127191407346
"4159",4158,86.1493008541859,84.2949338067089,2.6120948941686
"4160",4159,84.2949338067089,84.6414002549428,2.61147221127015
"4161",4160,84.6414002549428,83.3171632813989,2.61085110453654
"4162",4161,83.3171632813989,82.3277810733536,2.61023158375774
"4163",4162,82.3277810733536,81.685421846346,2.60961365872374
"4164",4163,81.685421846346,80.7485487836524,2.60899734373971
"4165",4164,80.7485487836524,79.3593799919785,2.6083826573097
"4166",4165,79.3593799919785,75.8908958979571,2.60776961793777
"4167",4166,75.8908958979571,73.0616623802305,2.60715824412796
"4168",4167,73.0616623802305,69.6157167431338,2.60654855438431
"4169",4168,69.6157167431338,67.0459795949346,2.60594056721088
"4170",4169,67.0459795949346,65.0970658017934,2.60533431358433
"4171",4170,65.0970658017934,62.809028877189,2.60472982543568
"4172",4171,62.809028877189,61.2998828599051,2.604127140914
"4173",4172,61.2998828599051,58,2.60352629826637
"4174",4173,58,55,2.60292733573987
"4175",4174,55,53,2.60233028727262
"4176",4175,53,52,2.60173518119966
"4177",4176,52,51,2.60114204585607
"4178",4177,51,50,2.60055090957692
"4179",4178,50,49,2.59996180069726
"4180",4179,49,49,2.59937474626506
"4181",4180,49,48.2651506905667,2.5987897611504
"4182",4181,48.2651506905667,47.1611002923148,2.59820686069435
"4183",4182,47.1611002923148,46.9122272958485,2.59762606086507
"4184",4183,46.9122272958485,47.4086667928456,2.59704737763071
"4185",4184,47.4086667928456,47.7776114358409,2.59647082695942
"4186",4185,47.7776114358409,47.1611002923148,2.5958964250683
"4187",4186,47.1611002923148,48.0219997955332,2.59532418850029
"4188",4187,48.0219997955332,48.3862679519065,2.59475411238669
"4189",4188,48.3862679519065,47.4086667928456,2.59418617732005
"4190",4189,47.4086667928456,48.9873626371308,2.59362036389293
"4191",4190,48.9873626371308,48.5070827807992,2.5930566526979
"4192",4191,48.5070827807992,49,2.59249502432751
"4193",4192,49,49,2.59193546064606
"4194",4193,49,49,2.59137797401331
"4195",4194,49,49,2.5908225683829
"4196",4195,49,49,2.59026924706525
"4197",4196,49,50.0511447566554,2.58971801198119
"4198",4197,50.0511447566554,49,2.58916885820025
"4199",4198,49,48,2.58862178079197
"4200",4199,48,48.1437287535183,2.58807671672903
"4201",4200,48.1437287535183,47.7776114358409,2.58753362427741
"4202",4201,47.7776114358409,48.2651506905667,2.58699234198286
"4203",4202,48.2651506905667,47.8999614713834,2.58645282927639
"4204",4203,47.8999614713834,48.0219997955332,2.58591509997045
"4205",4204,48.0219997955332,47.4086667928456,2.58537916787749
"4206",4205,47.4086667928456,46.9122272958485,2.58484504680994
"4207",4206,46.9122272958485,45.9032442838794,2.58431276859629
"4208",4207,45.9032442838794,45.0018305079084,2.58378238519038
"4209",4208,45.0018305079084,44.0819880321874,2.58325394854604
"4210",4209,44.0819880321874,42.4587778228763,2.58272751061708
"4211",4210,42.4587778228763,40,2.58220312335735
"4212",4211,40,37.790883351634,2.58168083872066
"4213",4212,37.790883351634,34.2142581938453,2.58116067285329
"4214",4213,34.2142581938453,29,2.58064263411759
"4215",4214,29,26.940333814039,2.58012673087589
"4216",4215,26.940333814039,26.0568027075572,2.57961297116188
"4217",4216,26.0568027075572,26.0568027075572,2.57910136271751
"4218",4217,26.0568027075572,28.4204973506036,2.57859191328476
"4219",4218,28.4204973506036,30.9823284802589,2.57808463071336
"4220",4219,30.9823284802589,33.8703875561379,2.57757952586938
"4221",4220,33.8703875561379,36.6907043130309,2.5770766130734
"4222",4221,36.6907043130309,39.6058672400253,2.57657590664602
"4223",4222,39.6058672400253,41.6234415599024,2.57607742090784
"4224",4223,41.6234415599024,42.182170465842,2.57558117017946
"4225",4224,42.182170465842,42.182170465842,2.575087167858
"4226",4225,42.182170465842,43.5476411363226,2.57459542697462
"4227",4226,43.5476411363226,44.3467470933733,2.57410595982309
"4228",4227,44.3467470933733,44.6099348517912,2.57361877868899
"4229",4228,44.6099348517912,45.1317062271911,2.57313389585791
"4230",4229,45.1317062271911,45.9032442838794,2.57265132361541
"4231",4230,45.9032442838794,46.1575578014672,2.57217107424708
"4232",4231,46.1575578014672,46.9122272958485,2.57169316003849
"4233",4232,46.9122272958485,46.9122272958485,2.57121758370244
"4234",4233,46.9122272958485,46.9122272958485,2.57074434687478
"4235",4234,46.9122272958485,48,2.570273451136
"4236",4235,48,48,2.56980489806661
"4237",4236,48,48,2.56933868924712
"4238",4237,48,48,2.56887482625802
"4239",4238,48,47,2.56841331067981
"4240",4239,47,46,2.567954144093
"4241",4240,46,46.1575578014672,2.56749732807809
"4242",4241,46.1575578014672,45.0018305079084,2.56704286421558
"4243",4242,45.0018305079084,43.5476411363226,2.56659075396108
"4244",4243,43.5476411363226,43.2779937022623,2.56614099757461
"4245",4244,43.2779937022623,43.9490103919766,2.56569359489074
"4246",4245,43.9490103919766,45.1317062271911,2.56524854171889
"4247",4246,45.1317062271911,46.1575578014672,2.5648058338685
"4248",4247,46.1575578014672,47.1611002923148,2.56436546714899
"4249",4248,47.1611002923148,47.6549472417112,2.56392743736977
"4250",4249,47.6549472417112,48.1437287535183,2.56349174034028
"4251",4250,48.1437287535183,48.3862679519065,2.56305837186993
"4252",4251,48.3862679519065,48.7478142162561,2.56262732780626
"4253",4252,48.7478142162561,49.3445048691735,2.56219860406957
"4254",4253,49.3445048691735,49.5811705459727,2.56177219720567
"4255",4254,49.5811705459727,49.6990807589896,2.56134810376035
"4256",4255,49.6990807589896,50.5167467995423,2.56092632027938
"4257",4256,50.5167467995423,50.9780965361781,2.56050684330858
"4258",4257,50.9780965361781,50.6324783467195,2.56008967102918
"4259",4258,50.6324783467195,50.284484696201,2.55967480513299
"4260",4259,50.284484696201,50.6324783467195,2.55926224731181
"4261",4260,50.6324783467195,50.6324783467195,2.55885199925745
"4262",4261,50.6324783467195,49.8167118898731,2.55844406209724
"4263",4262,49.8167118898731,49.3445048691735,2.55803843687268
"4264",4263,49.3445048691735,48.8677352073771,2.5576351246253
"4265",4264,48.8677352073771,49.1066986468124,2.55723412522565
"4266",4265,49.1066986468124,48.8677352073771,2.55683543833554
"4267",4266,48.8677352073771,49.2257453777171,2.55643906361682
"4268",4267,49.2257453777171,49.8167118898731,2.55604500073132
"4269",4268,49.8167118898731,50.0511447566554,2.55565324934087
"4270",4269,50.0511447566554,50.0511447566554,2.55526380910731
"4271",4270,50.0511447566554,49.8167118898731,2.55487668029289
"4272",4271,49.8167118898731,48.7478142162561,2.55449186541309
"4273",4272,48.7478142162561,48.1437287535183,2.5541093669834
"4274",4273,48.1437287535183,47.7776114358409,2.55372918751931
"4275",4274,47.7776114358409,47.6549472417112,2.55335132953631
"4276",4275,47.6549472417112,47.5319665437664,2.55297579554988
"4277",4276,47.5319665437664,47.1611002923148,2.55260258789412
"4278",4277,47.1611002923148,46.6620269513108,2.55223170868761
"4279",4278,46.6620269513108,46.1575578014672,2.55186316004896
"4280",4279,46.1575578014672,47.0368283933998,2.55149694409676
"4281",4280,47.0368283933998,46.9122272958485,2.55113306265463
"4282",4281,46.9122272958485,46.9122272958485,2.55077151751929
"4283",4282,46.9122272958485,47,2.55041231048745
"4284",4283,47,47,2.5500554443949
"4285",4284,47,47,2.5497009260653
"4286",4285,47,47,2.54934876232229
"4287",4286,47,47,2.54899895998954
"4288",4287,47,47.4086667928456,2.54865152715939
"4289",4288,47.4086667928456,46.6620269513108,2.54830647248299
"4290",4289,46.6620269513108,46.9122272958485,2.54796380349952
"4291",4290,46.9122272958485,46.6620269513108,2.54762352760299
"4292",4291,46.6620269513108,46.4104778457503,2.54728565218742
"4293",4292,46.4104778457503,46.0305766543665,2.54695018029385
"4294",4293,46.0305766543665,46.7872943995168,2.54661711483803
"4295",4294,46.7872943995168,46.4104778457503,2.54628645639523
"4296",4295,46.4104778457503,45.1317062271911,2.54595819963696
"4297",4296,45.1317062271911,44.6099348517912,2.54563234928271
"4298",4297,44.6099348517912,43.4130267818757,2.54530890428148
"4299",4298,43.4130267818757,42.4587778228763,2.54498786358228
"4300",4299,42.4587778228763,42.0431843514651,2.54466922613412
"4301",4300,42.0431843514651,41.9037372468341,2.54435299918038
"4302",4301,41.9037372468341,41,2.54403919350754
"4303",4302,41,39.9003387086575,2.54372781754304
"4304",4303,39.9003387086575,39,2.5434188797143
"4305",4304,39,38.7090143717219,2.54311238844876
"4306",4305,38.7090143717219,37.790883351634,2.54280834413307
"4307",4306,37.790883351634,35.8842166998299,2.5425067382403
"4308",4307,35.8842166998299,35.5565000946342,2.54220756224352
"4309",4308,35.5565000946342,33.171954029335,2.5419108076158
"4310",4309,33.171954029335,32.4584952894425,2.54161647027488
"4311",4310,32.4584952894425,32.9950356872633,2.54132454647859
"4312",4311,32.9950356872633,33.8703875561379,2.54103503248478
"4313",4312,33.8703875561379,34.8918340274596,2.54074795577312
"4314",4313,34.8918340274596,35.059181901881,2.54046334516922
"4315",4314,35.059181901881,36.0469577816879,2.54018122949866
"4316",4315,36.0469577816879,36.208967356339,2.53990163772209
"4317",4316,36.208967356339,36.5308311901152,2.53962459881024
"4318",4317,36.5308311901152,36.8498838092704,2.53935014173386
"4319",4318,36.8498838092704,36.5308311901152,2.53907827667404
"4320",4319,36.5308311901152,35.5565000946342,2.53880895377215
"4321",4320,35.5565000946342,34.5547069399505,2.53854212316954
"4322",4321,34.5547069399505,32.4584952894425,2.53827773457018
"4323",4322,32.4584952894425,32.0958191350234,2.53801573709568
"4324",4323,32.0958191350234,32.8171636021391,2.53775607986764
"4325",4324,32.8171636021391,34.5547069399505,2.53749871200769
"4326",4325,34.5547069399505,35.2257347949895,2.53724358263742
"4327",4326,35.2257347949895,36.3702553145276,2.53699070863276
"4328",4327,36.3702553145276,34.2142581938453,2.53674011640553
"4329",4328,34.2142581938453,33.5229897974673,2.53649183192765
"4330",4329,33.5229897974673,34.2142581938453,2.53624588009173
"4331",4330,34.2142581938453,34.5547069399505,2.53600228579037
"4332",4331,34.5547069399505,34.8918340274596,2.53576107391618
"4333",4332,34.8918340274596,33.8703875561379,2.53552226936177
"4334",4333,33.8703875561379,33.5229897974673,2.53528589701974
"4335",4334,33.5229897974673,34,2.53505197382052
"4336",4335,34,35,2.53482049788716
"4337",4336,35,36,2.53459146734272
"4338",4337,36,37,2.53436488031025
"4339",4338,37,37,2.53414073491281
"4340",4339,37,37,2.53391902927344
"4341",4340,37,37,2.5336997615152
"4342",4341,37,36,2.53348292976115
"4343",4342,36,36.208967356339,2.53326853164332
"4344",4343,36.208967356339,35.5565000946342,2.53305656411281
"4345",4344,35.5565000946342,35.8842166998299,2.53284702433626
"4346",4345,35.8842166998299,35.8842166998299,2.53263990997704
"4347",4346,35.8842166998299,36,2.53243521983077
"4348",4347,36,37,2.53223295420054
"4349",4348,37,38,2.53203311338945
"4350",4349,38,38,2.5318356977006
"4351",4350,38,39,2.53164070743706
"4352",4351,39,39,2.53144814290194
"4353",4352,39,39,2.53125800439833
"4354",4353,39,39,2.53107029222932
"4355",4354,39,38,2.530885006698
"4356",4355,38,37,2.53070214801732
"4357",4356,37,34,2.53052171583416
"4358",4357,34,31,2.53034370953382
"4359",4358,31,27.795794733498,2.53016812850157
"4360",4359,27.795794733498,25,2.52999497442112
"4361",4360,25,22,2.52982425020754
"4362",4361,22,19,2.52965595877589
"4363",4362,19,17,2.52949010304127
"4364",4363,17,15,2.52932668591874
"4365",4364,15,12,2.52916571032338
"4366",4365,12,10,2.52900717917026
"4367",4366,10,8,2.52885109537447
"4368",4367,8,6,2.52869746185107
"4369",4368,6,2,2.52854627092343
"4370",4369,2,0,2.52839751463394
"4371",4370,0,0,2.52825118398466
"4372",4371,0,0,2.52810726967841
"4373",4372,0,0,2.52796575386847
"4374",4373,0,0,2.52782661746843
"4375",4374,0,0,2.52768984139191
"4376",4375,0,0,2.52755540655252
"4377",4376,0,0,2.52742329386387
"4378",4377,0,0,2.52729348423957
"4379",4378,0,3.42142581941564,2.52716595859325
"4380",4379,3.42142581941564,8.38074744944305,2.5270406978385
"4381",4380,8.38074744944305,10.8194984129182,2.52691768441275
"4382",4381,10.8194984129182,10.2642774582469,2.52679691220504
"4383",4382,10.2642774582469,10.8194984129182,2.52667837510438
"4384",4383,10.8194984129182,13.6857032776626,2.52656206640528
"4385",4384,13.6857032776626,16.7614948988861,2.52644797873467
"4386",4385,16.7614948988861,21.3667973758309,2.52633610140294
"4387",4386,21.3667973758309,21.6389968768195,2.52622642298161
"4388",4387,21.6389968768195,21.6389968768195,2.52611893204219
"4389",4388,21.6389968768195,22.6951713825829,2.52601361715622
"4390",4389,22.6951713825829,23.2052388975946,2.5259104668952
"4391",4390,23.2052388975946,23.4561136481376,2.52580946983068
"4392",4391,23.4561136481376,23.4561136481376,2.52571061453415
"4393",4392,23.4561136481376,25.6036063602701,2.52561388957716
"4394",4393,25.6036063602701,27.3714065553251,2.52551928351254
"4395",4394,27.3714065553251,29.4322177537623,2.52542678484865
"4396",4395,29.4322177537623,30.6021628392035,2.52533638209388
"4397",4396,30.6021628392035,31.3578855958851,2.52524806365176
"4398",4397,31.3578855958851,33.1719540296367,2.52516181779231
"4399",4398,33.1719540296367,34.5547069402648,2.5250776328178
"4400",4399,34.5547069402648,34.2142581941564,2.52499549704054
"4401",4400,34.2142581941564,32.9950356875634,2.52491539877284
"4402",4401,32.9950356875634,32.4584952897377,2.52483732632701
"4403",4402,32.4584952897377,31.3578855958851,2.52476126801537
"4404",4403,31.3578855958851,29.630416745798,2.52468721215023
"4405",4404,29.630416745798,28.420497350862,2.5246151470439
"4406",4405,28.420497350862,26.7221898816052,2.5245450610087
"4407",4406,26.7221898816052,26.5022504219673,2.52447694227665
"4408",4407,26.5022504219673,26.940333814284,2.52441077901274
"4409",4408,26.940333814284,28.8294463834539,2.52434655938196
"4410",4409,28.8294463834539,29.031760740818,2.52428427141646
"4411",4410,29.031760740818,28.2138000682431,2.52422390300347
"4412",4411,28.2138000682431,28.2138000682431,2.52416544269647
"4413",4412,28.2138000682431,27.5844167838861,2.52410887993604
"4414",4413,27.5844167838861,27.3714065553251,2.52405420416274
"4415",4414,27.3714065553251,27.3714065553251,2.52400140481714
"4416",4415,27.3714065553251,27.5844167838861,2.52395047133981
"4417",4416,27.5844167838861,28.2138000682431,2.52390139317133
"4418",4417,28.2138000682431,29.8272987903385,2.52385415975226
"4419",4418,29.8272987903385,30.9823284805407,2.52380876052317
"4420",4419,30.9823284805407,32.4584952897377,2.5237651849076
"4421",4420,32.4584952897377,34.0427570738743,2.52372342210545
"4422",4421,34.0427570738743,35.2257347953099,2.52368346131663
"4423",4422,35.2257347953099,35.0591819021998,2.52364529131631
"4424",4423,35.0591819021998,34.7236796498341,2.52360890065763
"4425",4424,34.7236796498341,35.8842167001563,2.52357427789372
"4426",4425,35.8842167001563,36.8498838096056,2.52354141735786
"4427",4426,36.8498838096056,37.3233492490706,2.52351031467103
"4428",4427,37.3233492490706,37.7908833519777,2.52348096545419
"4429",4428,37.7908833519777,37.7908833519777,2.52345336532831
"4430",4429,37.7908833519777,37.4798419807248,2.52342750991436
"4431",4430,37.4798419807248,38,2.52340339483332
"4432",4431,38,39,2.52338101570615
"4433",4432,39,39.6058672403855,2.52336036815382
"4434",4433,39.6058672403855,39.3091898808726,2.5233414477973
"4435",4434,39.3091898808726,39.9003387090203,2.52332425172266
"4436",4435,39.9003387090203,39.3091898808726,2.52330877759539
"4437",4436,39.3091898808726,38.7090143720739,2.52329502315942
"4438",4437,38.7090143720739,39.1600083975453,2.5232829861587
"4439",4438,39.1600083975453,40.4828562313699,2.52327266433718
"4440",4439,40.4828562313699,41.3412454739088,2.52326404612719
"4441",4440,41.3412454739088,41.623441560281,2.52325711924857
"4442",4441,41.623441560281,44.0819880325883,2.52325187142115
"4443",4442,44.0819880325883,43.8156291690134,2.52324829036478
"4444",4443,43.8156291690134,43.5476411367187,2.52324636379929
"4445",4444,43.5476411367187,46.9122272962752,2.52324607944453
"4446",4445,46.9122272962752,49.3445048696223,2.52324742502032
"4447",4446,49.3445048696223,53.4443797632104,2.52325038824652
"4448",4447,53.4443797632104,58.2647821688411,2.52325495623178
"4449",4448,58.2647821688411,61.3952912734892,2.52326112968837
"4450",4449,61.3952912734892,60.8205956983576,2.52326890995866
"4451",4450,60.8205956983576,62.5288385221536,2.52327829838503
"4452",4451,62.5288385221536,62.1532865561142,2.52328929630984
"4453",4452,62.1532865561142,61.6806311380111,2.52330190496176
"4454",4453,61.6806311380111,60.8205956983576,2.52331612284266
"4455",4454,60.8205956983576,60.627819995116,2.52333194845444
"4456",4455,60.627819995116,62.1532865561142,2.52334938029898
"4457",4456,62.1532865561142,62.5288385221536,2.52336841687816
"4458",4457,62.5288385221536,62.5288385221536,2.52338905669388
"4459",4458,62.5288385221536,62.7157711917701,2.52341129824801
"4460",4459,62.7157711917701,63.0879748859737,2.52343513991984
"4461",4460,63.0879748859737,63.0879748859737,2.52346057945867
"4462",4461,63.0879748859737,63.1806831768104,2.52348761461377
"4463",4462,63.1806831768104,63.8258710037222,2.52351622575756
"4464",4463,63.8258710037222,63.2732556993385,2.52354639308297
"4465",4464,63.2732556993385,62,2.52357809678293
"4466",4465,62,62,2.52361131705038
"4467",4466,62,62,2.52364603407824
"4468",4467,62,63,2.52368223712624
"4469",4468,63,64,2.52371991676871
"4470",4469,64,64,2.52375906358
"4471",4470,64,65,2.52379966813447
"4472",4471,65,65,2.52384172101518
"4473",4472,65,66,2.52388521292819
"4474",4473,66,66,2.5239301345795
"4475",4474,66,66,2.52397647667516
"4476",4475,66,66,2.52402422992119
"4477",4476,66,66,2.5240733819047
"4478",4477,66,66,2.52412392007383
"4479",4478,66,66,2.52417583187673
"4480",4479,66,65,2.52422910476153
"4481",4480,65,65,2.52428372617638
"4482",4481,65,65,2.52433968718884
"4483",4482,65,65,2.52439698036862
"4484",4483,65,65,2.52445559825893
"4485",4484,65,64,2.52451553320874
"4486",4485,64,64,2.52457677756703
"4487",4486,64,63,2.52463932368275
"4488",4487,63,63,2.52470316390488
"4489",4488,63,63,2.52476829058238
"4490",4489,63,63,2.52483469606423
"4491",4490,63,63,2.52490237343366
"4492",4491,63,63,2.52497131613593
"4493",4492,63,63,2.52504151761634
"4494",4493,63,63,2.52511297132015
"4495",4494,63,64,2.52518567069264
"4496",4495,64,64,2.52525960288565
"4497",4496,64,64,2.52533474931059
"4498",4497,64,64,2.52541109137886
"4499",4498,64,64,2.52548861050188
"4500",4499,64,64,2.52556728809104
"4501",4500,64,64,2.52564710555776
"4502",4501,64,65,2.52572804431343
"4503",4502,65,65,2.52581008576948
"4504",4503,65,66,2.52589321133729
"4505",4504,66,66,2.52597740516474
"4506",4505,66,66,2.52606265723888
"4507",4506,66,66,2.52614895754678
"4508",4507,66,66,2.52623629254559
"4509",4508,66,66,2.5263246478222
"4510",4509,66,66,2.52641400837169
"4511",4510,66,66,2.52650435819599
"4512",4511,66,66,2.52659568129703
"4513",4512,66,66,2.52668796167672
"4514",4513,66,66,2.52678118333698
"4515",4514,66,66,2.52687533027975
"4516",4515,66,66,2.52697038650693
"4517",4516,66,66,2.52706633602046
"4518",4517,66,65,2.52716316282225
"4519",4518,65,65,2.52726085037083
"4520",4519,65,66,2.52735937749658
"4521",4520,66,66,2.52745872122137
"4522",4521,66,66,2.52755885856706
"4523",4522,66,67,2.52765976655553
"4524",4523,67,67,2.52776142125393
"4525",4524,67,67,2.52786379771355
"4526",4525,67,67,2.52796687098564
"4527",4526,67,66,2.5280706161215
"4528",4527,66,66,2.52817500817238
"4529",4528,66,66,2.52828002218957
"4530",4529,66,65,2.52838563322435
"4531",4530,65,65,2.5284918299109
"4532",4531,65,65,2.52859860191138
"4533",4532,65,66,2.52870593888794
"4534",4533,66,66,2.52881383066546
"4535",4534,66,66,2.5289222697687
"4536",4535,66,66,2.52903124872244
"4537",4536,66,66,2.52914075947149
"4538",4537,66,66,2.52925079070338
"4539",4538,66,66,2.52936133110566
"4540",4539,66,66,2.52947236936586
"4541",4540,66,65,2.52958389417152
"4542",4541,65,65,2.52969588772051
"4543",4542,65,65,2.52980832921816
"4544",4543,65,66,2.52992119786983
"4545",4544,66,66,2.53003447288084
"4546",4545,66,66,2.53014813345654
"4547",4546,66,66,2.53026215880228
"4548",4547,66,67,2.53037652812339
"4549",4548,67,67,2.53049121951308
"4550",4549,67,67,2.53060621574719
"4551",4550,67,69,2.53072150013001
"4552",4551,69,71,2.53083705596584
"4553",4552,71,74,2.53095286760365
"4554",4553,74,76,2.53106892035755
"4555",4554,76,76.886982552772,2.53118519954165
"4556",4555,76.886982552772,77.6445080760296,2.53130169047007
"4557",4556,77.6445080760296,77.1908848970073,2.53141837845693
"4558",4557,77.1908848970073,76.6582652105852,2.53153524881634
"4559",4558,76.6582652105852,76.1987709571682,2.53165228686241
"4560",4559,76.1987709571682,76.0449892581125,2.53176947790926
"4561",4560,76.0449892581125,74.8033549878905,2.5318868088603
"4562",4561,74.8033549878905,74.0167573554167,2.53200426797256
"4563",4562,74.0167573554167,73.5407603952625,2.53212184350312
"4564",4563,73.5407603952625,73.2217100703493,2.5322395219943
"4565",4564,73.2217100703493,72.9012633660879,2.53235728171947
"4566",4565,72.9012633660879,71.9313585825709,2.53247510095203
"4567",4566,71.9313585825709,70.9481958172375,2.53259295796537
"4568",4567,70.9481958172375,70.2851140535453,2.53271083103286
"4569",4568,70.2851140535453,69.1094138805296,2.53282869842789
"4570",4569,69.1094138805296,67.6543159370088,2.53294653842385
"4571",4570,67.6543159370088,67.3942727214865,2.53306432929412
"4572",4571,67.3942727214865,67.3073684111301,2.53318204620308
"4573",4572,67.3073684111301,67.0459795955444,2.53329966426609
"4574",4573,67.0459795955444,65.8124396758722,2.53341715859848
"4575",4574,65.8124396758722,66.1672262793301,2.53353451293361
"4576",4575,66.1672262793301,65.3662484734362,2.53365172221087
"4577",4576,65.3662484734362,65.8124396758722,2.53376878136966
"4578",4577,65.8124396758722,65.8124396758722,2.53388567952452
"4579",4578,65.8124396758722,65.6343272048752,2.53400240079306
"4580",4579,65.6343272048752,65.4557300364279,2.53411892993647
"4581",4580,65.4557300364279,65,2.53423525780486
"4582",4581,65,65,2.53435137524836
"4583",4582,65,65,2.53446727311708
"4584",4583,65,65,2.53458294226114
"4585",4584,65,64,2.53469837353066
"4586",4585,64,64,2.53481355727787
"4587",4586,64,63,2.53492848320333
"4588",4587,63,63,2.53504315171337
"4589",4588,63,64,2.53515757048375
"4590",4589,64,64,2.53527174719017
"4591",4590,64,64,2.53538568950838
"4592",4591,64,64,2.5354994051141
"4593",4592,64,64,2.5356129025146
"4594",4593,64,64,2.53572617530025
"4595",4594,64,64,2.5358392170614
"4596",4595,64,64,2.53595202138843
"4597",4596,64,64,2.53606458287261
"4598",4597,64,64,2.53617689982047
"4599",4598,64,64,2.53628897053852
"4600",4599,64,64.9169905794754,2.53640082238169
"4601",4600,64.9169905794754,65.2766442448228,2.53651247205829
"4602",4601,65.2766442448228,65.8124396758722,2.53662399613671
"4603",4602,65.8124396758722,65.9013153543055,2.53673541074274
"4604",4603,65.9013153543055,65.9900713751269,2.53684670481144
"4605",4604,65.9900713751269,66.5201206406649,2.53695786727787
"4606",4605,66.5201206406649,67,2.53706888707709
"4607",4606,67,67,2.53717974329531
"4608",4607,67,67,2.53729039484879
"4609",4608,67,67,2.53740080065379
"4610",4609,67,67,2.53751091962656
"4611",4610,67,66.5201206406649,2.53762071068337
"4612",4611,66.5201206406649,66,2.53773013274048
"4613",4612,66,66,2.53783916261793
"4614",4613,66,66,2.53794778102771
"4615",4614,66,64.9169905794754,2.53805596868183
"4616",4615,64.9169905794754,66.6958676433127,2.53816370694962
"4617",4616,66.6958676433127,67.3073684111301,2.53827097778386
"4618",4617,67.3073684111301,67.5677460765601,2.5383777631373
"4619",4618,67.5677460765601,68,2.53848404490882
"4620",4619,68,67.9133633993072,2.5385898045183
"4621",4620,67.9133633993072,68.0855141477486,2.5386950233856
"4622",4621,68.0855141477486,68.2572307231085,2.53879969032698
"4623",4622,68.2572307231085,69.1940549948714,2.53890379815244
"4624",4623,69.1940549948714,69,2.53900733967201
"4625",4624,69,68.5993743553044,2.53911030954263
"4626",4625,68.5993743553044,69.447359248685,2.5392127031532
"4627",4626,69.447359248685,69.8674923167826,2.5393145162613
"4628",4627,69.8674923167826,70.1183638043997,2.53941574462861
"4629",4628,70.1183638043997,70.6174332197004,2.53951638401682
"4630",4629,70.6174332197004,71,2.5396164301876
"4631",4630,71,71.4414684916748,2.53971587890265
"4632",4631,71.4414684916748,71.4414684916748,2.53981472592364
"4633",4632,71.4414684916748,72.0939155130482,2.53991296701226
"4634",4633,72.0939155130482,71.9313585825709,2.54001059729482
"4635",4634,71.9313585825709,72.7405106806999,2.54010761166691
"4636",4635,72.7405106806999,73.2217100703493,2.54020401609209
"4637",4636,73.2217100703493,73.2217100703493,2.54029982839524
"4638",4637,73.2217100703493,73.6203069605977,2.54039506640126
"4639",4638,73.6203069605977,73.5407603952625,2.54048974793504
"4640",4639,73.5407603952625,71.9313585825709,2.54058389082147
"4641",4640,71.9313585825709,69.615716743767,2.54067751288545
"4642",4641,69.615716743767,69.447359248685,2.54077063195186
"4643",4642,69.447359248685,69.2785926642646,2.54086326595928
"4644",4643,69.2785926642646,69,2.5409554334678
"4645",4644,69,68.5993743553044,2.54104715303747
"4646",4645,68.5993743553044,68.0855141477486,2.54113844322836
"4647",4646,68.0855141477486,67.220351733762,2.54122932260055
"4648",4647,67.220351733762,66.6080521099073,2.54131980971409
"4649",4648,66.6080521099073,65.6343272048752,2.54140992312905
"4650",4649,65.6343272048752,64.5553332226913,2.54149967541108
"4651",4650,64.5553332226913,64.5553332226913,2.54158907502537
"4652",4651,64.5553332226913,64.9169905794754,2.54167813036094
"4653",4652,64.9169905794754,65.0070905688972,2.5417668496739
"4654",4653,65.0070905688972,64.1916383216138,2.54185524090765
"4655",4654,64.1916383216138,62.7157711917701,2.54194331200557
"4656",4655,62.7157711917701,61.204325678407,2.54203107091105
"4657",4656,61.204325678407,59.6545975296938,2.54211852556747
"4658",4657,59.6545975296938,57.8615608458359,2.54220568391823
"4659",4658,57.8615608458359,56.5312321935026,2.54229255390671
"4660",4659,56.5312321935026,55.5915895184849,2.54237914347631
"4661",4660,55.5915895184849,54.9562362013078,2.54246546057039
"4662",4661,54.9562362013078,54.3134510604941,2.54255151426133
"4663",4662,54.3134510604941,53.8806676795512,2.54263731379307
"4664",4663,53.8806676795512,53.662967096933,2.54272286288577
"4665",4664,53.662967096933,54,2.54280816353283
"4666",4665,54,55,2.542893217832
"4667",4666,55,55,2.54297802788104
"4668",4667,55,54,2.5430625957777
"4669",4668,54,54,2.54314692361975
"4670",4669,54,54,2.54323101350492
"4671",4670,54,54,2.54331486739363
"4672",4671,54,54,2.54339848573146
"4673",4672,54,53.8806676795512,2.54348186896398
"4674",4673,53.8806676795512,53.8806676795512,2.54356501753676
"4675",4674,53.8806676795512,53.662967096933,2.54364793189538
"4676",4675,53.662967096933,53.2248947679746,2.54373061248542
"4677",4676,53.2248947679746,53.2248947679746,2.54381305984314
"4678",4677,53.2248947679746,53.3347501424363,2.54389527294192
"4679",4678,53.3347501424363,53.4443797632104,2.54397725037851
"4680",4679,53.4443797632104,53.662967096933,2.54405899074964
"4681",4680,53.662967096933,54,2.54414049324203
"4682",4681,54,54,2.54422175709618
"4683",4682,54,55,2.5443027815526
"4684",4683,55,56,2.54438356585178
"4685",4684,56,58,2.54446410923423
"4686",4685,58,60,2.54454441094045
"4687",4686,60,62,2.54462447021093
"4688",4687,62,63.6421990677567,2.54470428374876
"4689",4688,63.6421990677567,64.9169905794754,2.54478384713948
"4690",4689,64.9169905794754,65.9900713751269,2.54486315652459
"4691",4690,65.9900713751269,67.220351733762,2.5449422081182
"4692",4691,67.220351733762,68.5139986237795,2.54502098415211
"4693",4692,68.5139986237795,69.447359248685,2.54509947446528
"4694",4693,69.447359248685,69.9512161410725,2.54517766914731
"4695",4694,69.9512161410725,70.4514695906199,2.54525556296873
"4696",4695,70.4514695906199,70.2851140535453,2.54533316250761
"4697",4696,70.2851140535453,70.7830077448638,2.54541045094453
"4698",4697,70.7830077448638,70.7830077448638,2.54548741860531
"4699",4698,70.7830077448638,69.9512161410725,2.54556405581578
"4700",4699,69.9512161410725,69.1094138805296,2.54564035290175
"4701",4700,69.1094138805296,68.4285163883129,2.54571628360029
"4702",4701,68.4285163883129,67.9994932236044,2.54579181401653
"4703",4702,67.9994932236044,67.740775112892,2.54586691143511
"4704",4703,67.740775112892,67.3073684111301,2.54594154314068
"4705",4704,67.3073684111301,66.9586232169971,2.54601568062945
"4706",4705,66.9586232169971,66.6958676433127,2.54608932059406
"4707",4706,66.6958676433127,66.2556260804098,2.54616247755428
"4708",4707,66.2556260804098,65.9900713751269,2.54623516602988
"4709",4708,65.9900713751269,65.9900713751269,2.54630740054063
"4710",4709,65.9900713751269,65.9900713751269,2.54637919560631
"4711",4710,65.9900713751269,66.8711527380087,2.5464505657467
"4712",4711,66.8711527380087,67.3942727214865,2.54652152548156
"4713",4712,67.3942727214865,67.740775112892,2.54659202688697
"4714",4713,67.740775112892,67.4810651236802,2.54666201934719
"4715",4714,67.4810651236802,67.0459795955444,2.54673145224646
"4716",4715,67.0459795955444,66.9586232169971,2.54680027490152
"4717",4716,66.9586232169971,67.3073684111301,2.54686843662405
"4718",4717,67.3073684111301,67.6543159370088,2.54693588672572
"4719",4718,67.6543159370088,67.740775112892,2.54700261138659
"4720",4719,67.740775112892,67.9994932236044,2.54706871656855
"4721",4720,67.9994932236044,68.2572307231085,2.54713430823352
"4722",4721,68.2572307231085,68.4285163883129,2.54719949234341
"4723",4722,68.4285163883129,68.5993743553044,2.54726437486011
"4724",4723,68.5993743553044,68.7698078360257,2.54732906174555
"4725",4724,68.7698078360257,69.1094138805296,2.54739365896161
"4726",4725,69.1094138805296,69.2785926642646,2.54745827247023
"4727",4726,69.2785926642646,69.2785926642646,2.54752287272466
"4728",4727,69.2785926642646,68.9398199914365,2.54758741110641
"4729",4728,68.9398199914365,68.9398199914365,2.54765183921694
"4730",4729,68.9398199914365,68.7698078360257,2.54771610919734
"4731",4730,68.7698078360257,68.6846439907534,2.54778017318873
"4732",4731,68.6846439907534,68.5139986237795,2.54784398351858
"4733",4732,68.5139986237795,68.1714264776393,2.54790749431481
"4734",4733,68.1714264776393,67.9133633993072,2.5479706597053
"4735",4734,67.9133633993072,67.9133633993072,2.54803344770204
"4736",4735,67.9133633993072,67.5677460765601,2.54809586377565
"4737",4736,67.5677460765601,67.5677460765601,2.54815791339674
"4738",4737,67.5677460765601,67.0459795955444,2.54821960203594
"4739",4738,67.0459795955444,66.1672262793301,2.54828093516386
"4740",4739,66.1672262793301,65.0970658023855,2.54834191825111
"4741",4740,65.0970658023855,60,2.54840255676832
"4742",4741,60,56.2197629710871,2.54846285618609
"4743",4742,56.2197629710871,48,2.54852282222056
"4744",4743,48,41,2.54858246092832
"4745",4744,41,34,2.5486417779349
"4746",4745,34,28,2.54870077820507
"4747",4746,28,26.5022504219673,2.5487594679945
"4748",4747,26.5022504219673,24.9083559196715,2.54881785355885
"4749",4748,24.9083559196715,22.1733735468883,2.54887594115382
"4750",4749,22.1733735468883,21.0910852331128,2.54893373703507
"4751",4750,21.0910852331128,20.2414280901933,2.54899124745828
"4752",4751,20.2414280901933,19.3545071605454,2.54904847867912
"4753",4752,19.3545071605454,21.3667973758309,2.54910543695328
"4754",4753,21.3667973758309,26.2804703662058,2.54916212853643
"4755",4754,26.2804703662058,32.0958191353153,2.54921855968424
"4756",4755,32.0958191353153,32.4584952897377,2.5492747368327
"4757",4756,32.4584952897377,30.2172146661516,2.54933066718266
"4758",4757,30.2172146661516,25.8311984518602,2.54938635806575
"4759",4758,25.8311984518602,22.6951713825829,2.54944181681362
"4760",4759,22.6951713825829,21.6389968768195,2.54949704904002
"4761",4760,21.6389968768195,21.3667973758309,2.54955205664081
"4762",4761,21.3667973758309,20.5285549164939,2.54960684151182
"4763",4762,20.5285549164939,21.0910852331128,2.54966140554892
"4764",4763,21.0910852331128,22.4357894703767,2.54971575064795
"4765",4764,22.4357894703767,23.7043333966384,2.54976987870475
"4766",4765,23.7043333966384,25,2.54982379161519
"4767",4766,25,26.940333814284,2.5498774912751
"4768",4767,26.940333814284,29.031760740818,2.54993097958034
"4769",4768,29.031760740818,30.6021628392035,2.54998427961018
"4770",4769,30.6021628392035,30.6021628392035,2.55003741500585
"4771",4770,30.6021628392035,30.2172146661516,2.55009040992872
"4772",4771,30.2172146661516,29.8272987903385,2.55014328868981
"4773",4772,29.8272987903385,29.031760740818,2.5501960756001
"4774",4773,29.031760740818,28.6257021507675,2.55024879705116
"4775",4774,28.6257021507675,28.2138000682431,2.55030148222483
"4776",4775,28.2138000682431,28.005577316769,2.55035416030297
"4777",4776,28.005577316769,28.420497350862,2.55040686046744
"4778",4777,28.420497350862,29.031760740818,2.5504596119001
"4779",4778,29.031760740818,30.0228896848922,2.5505124437828
"4780",4779,30.0228896848922,30.9823284805407,2.55056538529739
"4781",4780,30.9823284805407,31.7289977393988,2.55061846257811
"4782",4781,31.7289977393988,32.0958191353153,2.55067167885597
"4783",4782,32.0958191353153,32.277666585854,2.550725037362
"4784",4783,32.277666585854,32.8171636024376,2.55077854162448
"4785",4784,32.8171636024376,34.0427570738743,2.55083219550547
"4786",4785,34.0427570738743,39.7533756584425,2.55088600286703
"4787",4786,39.7533756584425,45.1317062276016,2.55093996757121
"4788",4787,45.1317062276016,49.106698647259,2.55099408842653
"4789",4788,49.106698647259,50.9780965366417,2.55104835990626
"4790",4789,50.9780965366417,50.2844846966583,2.55110277648369
"4791",4790,50.2844846966583,49.4629792629268,2.55115733263212
"4792",4791,49.4629792629268,51.2072127715234,2.55121202282484
"4793",4792,51.2072127715234,50.5167468000017,2.55126684153513
"4794",4793,50.5167468000017,48.6275974719319,2.55132178327364
"4795",4794,48.6275974719319,46.9122272962752,2.55137684263996
"4796",4795,46.9122272962752,45.1317062276016,2.55143201423368
"4797",4796,45.1317062276016,43.8156291690134,2.55148729270679
"4798",4797,43.8156291690134,44.0819880325883,2.55154267277806
"4799",4798,44.0819880325883,46.157557801887,2.55159814916622
"4800",4799,46.157557801887,46.157557801887,2.55165371659004
"4801",4800,46.157557801887,48.8677352078215,2.55170936976827
"4802",4801,48.8677352078215,55,2.55176510364168
"4803",4802,55,57.0465685691421,2.55182091327094
"4804",4803,57.0465685691421,55.5915895184849,2.5518767937167
"4805",4804,55.5915895184849,53.662967096933,2.55193274003962
"4806",4805,53.662967096933,51.6623969037204,2.55198874730036
"4807",4806,51.6623969037204,48.7478142166995,2.55204481072017
"4808",4807,48.7478142166995,46.157557801887,2.55210092565433
"4809",4808,46.157557801887,46.5364223515098,2.55215708745816
"4810",4809,46.5364223515098,47.6549472421446,2.55221329155337
"4811",4810,47.6549472421446,47.0368283938276,2.55226953343416
"4812",4811,47.0368283938276,48.6275974719319,2.55232580859471
"4813",4812,48.6275974719319,49.2257453781648,2.5523821125292
"4814",4813,49.2257453781648,49.5811705464236,2.55243844073182
"4815",4814,49.5811705464236,52.5609407324116,2.55249478869677
"4816",4815,52.5609407324116,59,2.55255115168431
"4817",4816,59,62.8090288777602,2.55260752470406
"4818",4817,62.8090288777602,70,2.55266390276562
"4819",4818,70,76,2.5527202808786
"4820",4819,76,79.580334630168,2.55277665408669
"4821",4820,79.580334630168,87,2.5528330178808
"4822",4821,87,93,2.55288936775188
"4823",4822,93,94.5700911353518,2.55294569940322
"4824",4823,94.5700911353518,94.6937930928778,2.55300200864914
"4825",4824,94.6937930928778,97.6156230952705,2.55305829130396
"4826",4825,97.6156230952705,103,2.55311454318199
"4827",4826,103,107,2.55317076009756
"4828",4827,107,111,2.55322693786498
"4829",4828,111,115,2.55328307229857
"4830",4829,115,115.317785533815,2.55333916148871
"4831",4830,115.317785533815,112.958879897331,2.55339520845169
"4832",4831,112.958879897331,113.165954098878,2.55345121620378
"4833",4832,113.165954098878,112,2.55350718776127
"4834",4833,112,110,2.55356312614045
"4835",4834,110,110,2.55361903142737
"4836",4835,110,110,2.55367490302014
"4837",4836,110,111,2.5537307402776
"4838",4837,111,112,2.55378654255861
"4839",4838,112,115,2.55384230922202
"4840",4839,115,117,2.55389803962669
"4841",4840,117,118.768330519957,2.55395373313146
"4842",4841,118.768330519957,117.529836510043,2.5540093890952
"4843",4842,117.529836510043,115.419253047343,2.55406500687676
"4844",4843,115.419253047343,113.475856912914,2.55412058761408
"4845",4844,113.475856912914,111.340997638182,2.55417613483112
"4846",4845,111.340997638182,109.16439631285,2.55423165205181
"4847",4846,109.16439631285,106.72435741133,2.55428714280011
"4848",4847,106.72435741133,104.675502083331,2.55434261090554
"4849",4848,104.675502083331,101.726302862175,2.55439803200294
"4850",4849,101.726302862175,100.335900786453,2.55445338046691
"4851",4850,100.335900786453,98.0344477810536,2.55450863067208
"4852",4851,98.0344477810536,98.2133973455012,2.55456375699307
"4853",4852,98.2133973455012,98.0941339359204,2.55461873380449
"4854",4853,98.0941339359204,98.3325161156935,2.55467353548098
"4855",4854,98.3325161156935,99.1623410928473,2.55472813639714
"4856",4855,99.1623410928473,99.5158621398934,2.5547825109276
"4857",4856,99.5158621398934,99.7508467980425,2.55483663344698
"4858",4857,99.7508467980425,99.8681318038624,2.55489047711395
"4859",4858,99.8681318038624,99.2803213058231,2.55494401404408
"4860",4859,99.2803213058231,99.7508467980425,2.55499721641424
"4861",4860,99.7508467980425,99.7508467980425,2.55505005671628
"4862",4861,99.7508467980425,99.7508467980425,2.55510250744209
"4863",4862,99.7508467980425,99.6334237806523,2.55515457583726
"4864",4863,99.6334237806523,99.6334237806523,2.55520626950636
"4865",4864,99.6334237806523,99.4570292401572,2.55525759605396
"4866",4865,99.4570292401572,99.7508467980425,2.55530856308463
"4867",4866,99.7508467980425,98.9259585258535,2.55535917820295
"4868",4867,98.9259585258535,98.8075552031545,2.55540944901347
"4869",4868,98.8075552031545,98.3325161156935,2.55545938312078
"4870",4869,98.3325161156935,98.4514908073128,2.55550898812944
"4871",4870,98.4514908073128,99.2213487630537,2.55555827164403
"4872",4871,99.2213487630537,99.7508467980425,2.55560723834592
"4873",4872,99.7508467980425,100.335900786453,2.55565589127897
"4874",4873,100.335900786453,101,2.55570423348704
"4875",4874,101,101.033493650987,2.55575226801397
"4876",4875,101.033493650987,100.45250266814,2.55579999790362
"4877",4876,100.45250266814,101.380490069771,2.5558474324377
"4878",4877,101.380490069771,101.033493650987,2.55589458117584
"4879",4878,101.033493650987,100.685301369849,2.55594145367765
"4880",4879,100.685301369849,100.568969393317,2.55598805950278
"4881",4880,100.568969393317,100.219163238424,2.55603440821084
"4882",4881,100.219163238424,100,2.55608050936147
"4883",4882,100,99.8681318038624,2.55612637251429
"4884",4883,99.8681318038624,99.2803213058231,2.55617200724218
"4885",4884,99.2803213058231,99.1032983461872,2.55621742321324
"4886",4885,99.1032983461872,99.5158621398934,2.55626263004778
"4887",4886,99.5158621398934,99.7508467980425,2.55630763736613
"4888",4887,99.7508467980425,100.45250266814,2.5563524547886
"4889",4888,100.45250266814,100.219163238424,2.55639709193551
"4890",4889,100.219163238424,100.975545004177,2.55644155842719
"4891",4890,100.975545004177,102,2.55648586241543
"4892",4891,102,102,2.55653001132792
"4893",4892,102,101,2.55657401259237
"4894",4893,101,101,2.5566178736365
"4895",4894,101,101,2.556661601888
"4896",4895,101,101,2.55670520498729
"4897",4896,101,101,2.55674869094602
"4898",4897,101,101,2.55679206777583
"4899",4898,101,101,2.55683534239331
"4900",4899,101,101,2.55687852125668
"4901",4900,101,101,2.55692161082417
"4902",4901,101,101,2.55696461755399
"4903",4902,101,101,2.55700754790436
"4904",4903,101,101,2.5570504083335
"4905",4904,101,101,2.55709319982673
"4906",4905,101,101,2.55713591169095
"4907",4906,101,101,2.55717853323307
"4908",4907,101,101,2.55722105552496
"4909",4908,101,101,2.55726347007361
"4910",4909,101,101,2.55730576838604
"4911",4910,101,102,2.55734794196924
"4912",4911,102,102,2.55738997975776
"4913",4912,102,102,2.55743186929704
"4914",4913,102,102,2.55747359813258
"4915",4914,102,102,2.55751515380984
"4916",4915,102,102,2.55755652387429
"4917",4916,102,102,2.55759769587141
"4918",4917,102,105,2.55763865734667
"4919",4918,105,108,2.55767939611723
"4920",4919,108,110,2.5577199075128
"4921",4920,110,111,2.55776019048006
"4922",4921,111,112,2.55780024396571
"4923",4922,112,113,2.55784006691646
"4924",4923,113,114,2.55787966464984
"4925",4924,114,114,2.5579190510275
"4926",4925,114,114,2.55795823991112
"4927",4926,114,115,2.55799724516234
"4928",4927,115,116,2.55803608064283
"4929",4928,116,117,2.55807476021424
"4930",4929,117,118,2.55811329773825
"4931",4930,118,118,2.55815170028503
"4932",4931,118,119,2.55818997441083
"4933",4932,119,118,2.55822812667185
"4934",4933,118,118,2.55826616329891
"4935",4934,118,118,2.55830408482778
"4936",4935,118,118,2.55834188437312
"4937",4936,118,119,2.55837955504959
"4938",4937,119,119,2.55841708997182
"4939",4938,119,118,2.55845448225447
"4940",4939,118,118,2.55849172501219
"4941",4940,118,117,2.55852881135963
"4942",4941,117,117,2.55856573765628
"4943",4942,117,116,2.55860250175789
"4944",4943,116,116,2.5586391015202
"4945",4944,116,115,2.55867553479898
"4946",4945,115,115,2.55871179815354
"4947",4946,115,114,2.5587478867539
"4948",4947,114,114,2.55878379577005
"4949",4948,114,113,2.55881952259625
"4950",4949,113,113,2.55885506907467
"4951",4950,113,114,2.55889043704747
"4952",4951,114,115,2.55892562835682
"4953",4952,115,115,2.55896064432256
"4954",4953,115,114,2.55899548578193
"4955",4954,114,113,2.5590301535722
"4956",4955,113,113,2.55906465121697
"4957",4956,113,112,2.55909898308591
"4958",4957,112,112,2.55913315354873
"4959",4958,112,111,2.5591671669751
"4960",4959,111,111,2.55920102773474
"4961",4960,111,110,2.55923474019731
"4962",4961,110,109,2.55926830873252
"4963",4962,109,109,2.55930173771005
"4964",4963,109,108,2.55933502138345
"4965",4964,108,107,2.55936815679934
"4966",4965,107,107,2.5594011385193
"4967",4966,107,106,2.55943396110497
"4968",4967,106,105,2.55946661911793
"4969",4968,105,105,2.55949910711981
"4970",4969,105,105,2.5595314196722
"4971",4970,105,105,2.55956355133671
"4972",4971,105,106,2.55959549667496
"4973",4972,106,106,2.55962725024855
"4974",4973,106,106,2.55965880661909
"4975",4974,106,106,2.55969016025832
"4976",4975,106,106,2.55972130065654
"4977",4976,106,107,2.55975221730407
"4978",4977,107,107,2.55978291134097
"4979",4978,107,108,2.55981339390109
"4980",4979,108,109,2.55984367611831
"4981",4980,109,109,2.55987376912648
"4982",4981,109,110,2.55990368405947
"4983",4982,110,110,2.55993343205113
"4984",4983,110,111,2.55996302425038
"4985",4984,111,112,2.55999247189196
"4986",4985,112,113,2.56002178645951
"4987",4986,113,114,2.56005097976253
"4988",4987,114,115,2.56008006361054
"4989",4988,115,115,2.56010904981305
"4990",4989,115,115,2.56013795017955
"4991",4990,115,115,2.56016677651957
"4992",4991,115,116,2.5601955406426
"4993",4992,116,117,2.56022425142332
"4994",4993,117,117,2.56025291569623
"4995",4994,117,118,2.56028153844704
"4996",4995,118,119,2.56031012466145
"4997",4996,119,119,2.56033867912108
"4998",4997,119,119,2.56036720641449
"4999",4998,119,119,2.56039571113025
"5000",4999,119,118,2.56042419785693
"5001",5000,118,118,2.56045267118308
"5002",5001,118,118,2.56048113569728
"5003",5002,118,118,2.56050959598808
"5004",5003,118,118,2.56053805863467
"5005",5004,118,118,2.56056653104945
"5006",5005,118,119,2.56059502064486
"5007",5006,119,118,2.56062353641197
"5008",5007,118,118,2.56065210469623
"5009",5008,118,118,2.56068075184308
"5010",5009,118,117,2.56070950419795
"5011",5010,117,117,2.5607383881063
"5012",5011,117,117,2.56076742991356
"5013",5012,117,116,2.56079665596517
"5014",5013,116,116,2.56082609641042
"5015",5014,116,115,2.56085578146556
"5016",5015,115,114,2.56088574101815
"5017",5016,114,114,2.56091600466407
"5018",5017,114,113,2.56094660199918
"5019",5018,113,112,2.56097756261935
"5020",5019,112,112,2.56100891612044
"5021",5020,112,111,2.56104069209832
"5022",5021,111,110,2.56107290535611
"5023",5022,110,110,2.56110556036248
"5024",5023,110,109,2.56113865957285
"5025",5024,109,109,2.56117220451912
"5026",5025,109,108,2.56120619636725
"5027",5026,108,109,2.5612406362832
"5028",5027,109,110,2.56127552543293
"5029",5028,110,110,2.56131086498237
"5030",5029,110,111,2.5613466560975
"5031",5030,111,112,2.56138289994426
"5032",5031,112,113,2.56141959735894
"5033",5032,113,114,2.56145674599339
"5034",5033,114,115,2.56149434381936
"5035",5034,115,115,2.56153238898084
"5036",5035,115,115,2.56157085748592
"5037",5036,115,115,2.56160970162
"5038",5037,115,115,2.56164887366848
"5039",5038,115,115,2.56168832591675
"5040",5039,115,116,2.56172801065022
"5041",5040,116,117,2.56176788015429
"5042",5041,117,117,2.56180788383859
"5043",5042,117,118,2.56184797085261
"5044",5043,118,118,2.56188809033006
"5045",5044,118,118,2.56192819140464
"5046",5045,118,118,2.56196822321005
"5047",5046,118,118,2.56200813488
"5048",5047,118,118,2.56204787554819
"5049",5048,118,118,2.56208739434833
"5050",5049,118,118,2.56212665240297
"5051",5050,118,118,2.56216561897455
"5052",5051,118,118,2.56220426334438
"5053",5052,118,118,2.56224255485807
"5054",5053,118,118,2.56228046286127
"5055",5054,118,118,2.5623179566996
"5056",5055,118,118,2.5623550057187
"5057",5056,118,119,2.5623915792642
"5058",5057,119,119,2.56242764668172
"5059",5058,119,119,2.56246317731689
"5060",5059,119,119.35824305606,2.56249814503409
"5061",5060,119.35824305606,119.260126975327,2.56253252436341
"5062",5061,119.260126975327,119.260126975327,2.5625662892705
"5063",5062,119.260126975327,119.456278634292,2.56259941363517
"5064",5063,119.456278634292,119.35824305606,2.56263188238485
"5065",5064,119.35824305606,119.407270914362,2.56266368507144
"5066",5065,119.407270914362,119.309195110371,2.56269481124687
"5067",5066,119.309195110371,119.211038599947,2.56272525046304
"5068",5067,119.211038599947,119.063652133746,2.56275499227186
"5069",5068,119.063652133746,118.81760177214,2.56278402635963
"5070",5069,118.81760177214,118.571040813608,2.56281234241501
"5071",5070,118.571040813608,118,2.56283993019534
"5072",5071,118,118.620393995822,2.56286678021535
"5073",5072,118.620393995822,118.81760177214,2.56289288298981
"5074",5073,118.81760177214,118.719038823504,2.56291822903346
"5075",5074,118.719038823504,119.161930035212,2.56294280886106
"5076",5075,119.161930035212,119.309195110371,2.56296661298734
"5077",5076,119.309195110371,119.309195110371,2.56298963192707
"5078",5077,119.309195110371,119.65210869112,2.56301185701525
"5079",5078,119.65210869112,119.896446526446,2.56303327977179
"5080",5079,119.896446526446,119.798771195629,2.56305389171662
"5081",5080,119.798771195629,119.896446526446,2.56307368407466
"5082",5081,119.896446526446,120.286354703793,2.56309264804396
"5083",5082,120.286354703793,120.529406793353,2.56311077482255
"5084",5083,120.529406793353,120.868858613623,2.56312805560848
"5085",5084,120.868858613623,120.868858613623,2.56314448159977
"5086",5085,120.868858613623,121.014046479546,2.56316004399448
"5087",5086,121.014046479546,120.771969749923,2.56317473481961
"5088",5087,120.771969749923,121.255639939249,2.56318854877278
"5089",5088,121.255639939249,120.675003085832,2.5632014811104
"5090",5089,120.675003085832,119.994042374425,2.56321352708885
"5091",5090,119.994042374425,120.091558841535,2.56322468196454
"5092",5091,120.091558841535,119,2.56323496895846
"5093",5092,119,119,2.56324440913615
"5094",5093,119,119,2.56325302343783
"5095",5094,119,119,2.56326083046326
"5096",5095,119,119.211038599947,2.56326784290841
"5097",5096,119.211038599947,118.81760177214,2.56327408367927
"5098",5097,118.81760177214,119.603181269757,2.56327957130534
"5099",5098,119.603181269757,119.896446526446,2.56328432431611
"5100",5099,119.896446526446,120.188996233674,2.56328836124107
"5101",5100,120.188996233674,120.286354703793,2.56329170890411
"5102",5101,120.286354703793,120.188996233674,2.56329439803601
"5103",5102,120.188996233674,120.286354703793,2.5632964593676
"5104",5103,120.286354703793,120.38363440484,2.56329792362966
"5105",5104,120.38363440484,120.237685308495,2.56329881312985
"5106",5105,120.237685308495,120.091558841535,2.56329912390539
"5107",5106,120.091558841535,119.896446526446,2.56329884325726
"5108",5107,119.896446526446,119.798771195629,2.56329795878639
"5109",5108,119.798771195629,119.407270914362,2.56329645809371
"5110",5109,119.407270914362,119.161930035212,2.56329432878012
"5111",5110,119.161930035212,119,2.56329155844654
"5112",5111,119,119,2.56328813469391
"5113",5112,119,118,2.56328407634498
"5114",5113,118,118,2.56327940356843
"5115",5114,118,118,2.56327413653295
"5116",5115,118,119,2.56326829540722
"5117",5116,119,119,2.56326190021672
"5118",5117,119,119,2.56325496960369
"5119",5118,119,119.847618828257,2.56324750484259
"5120",5119,119.847618828257,120.188996233674,2.56323944776336
"5121",5120,120.188996233674,120.091558841535,2.56323074019593
"5122",5121,120.091558841535,120.286354703793,2.56322132397024
"5123",5122,120.286354703793,120.577958417418,2.56321114091623
"5124",5123,120.577958417418,120.675003085832,2.56320013286384
"5125",5124,120.675003085832,121.207359800817,2.56318824164299
"5126",5125,121.207359800817,121.44856869411,2.56317540908362
"5127",5126,121.44856869411,121.833509678528,2.56316164476999
"5128",5127,121.833509678528,122.217238180064,2.56314696815822
"5129",5128,122.217238180064,121.352142656059,2.56313139878018
"5130",5129,121.352142656059,120.335004419569,2.56311495616773
"5131",5130,120.335004419569,119.603181269757,2.56309765985274
"5132",5131,119.603181269757,119.798771195629,2.56307952899431
"5133",5132,119.798771195629,120.480835591732,2.56306057915075
"5134",5133,120.480835591732,121.15906039073,2.56304082588032
"5135",5134,121.15906039073,121.737388520119,2.56302027779929
"5136",5135,121.737388520119,122.885879918557,2.56299892479457
"5137",5136,122.885879918557,123.456119050634,2.5629767567531
"5138",5137,123.456119050634,123.787545500648,2.5629537630936
"5139",5138,123.787545500648,123.740253213042,2.56292993190553
"5140",5139,123.740253213042,122.504245807602,2.56290525127833
"5141",5140,122.504245807602,121.641191447698,2.56287970930145
"5142",5141,121.641191447698,120.965669880867,2.56285329406434
"5143",5142,120.965669880867,120.820423894076,2.56282599365646
"5144",5143,120.820423894076,120.965669880867,2.56279779616725
"5145",5144,120.965669880867,121.062403755585,2.56276868990169
"5146",5145,121.062403755585,120.868858613623,2.56273866299606
"5147",5146,120.868858613623,121.15906039073,2.5627077010048
"5148",5147,121.15906039073,121.544918257334,2.56267578948235
"5149",5148,121.544918257334,121.544918257334,2.5626429142204
"5150",5149,121.544918257334,121.833509678528,2.56260906236185
"5151",5150,121.833509678528,122.26511957875,2.56257422104959
"5152",5151,122.26511957875,122,2.5625383774265
"5153",5152,122,123,2.56250151863549
"5154",5153,123,123,2.56246363181944
"5155",5154,123,123.408699763832,2.56242470412124
"5156",5155,123.408699763832,122.885879918557,2.56238472259364
"5157",5156,122.885879918557,122.552015043209,2.56234367396814
"5158",5157,122.552015043209,122.552015043209,2.56230154497627
"5159",5158,122.552015043209,122.599765720925,2.56225832234954
"5160",5159,122.599765720925,122.599765720925,2.56221399626874
"5161",5160,122.599765720925,122.312982215612,2.56216856468998
"5162",5161,122.312982215612,122.408651356814,2.56212202556933
"5163",5162,122.408651356814,121.977549351406,2.56207437686291
"5164",5163,121.977549351406,122.217238180064,2.56202561652679
"5165",5164,122.217238180064,122.217238180064,2.56197574251708
"5166",5165,122.217238180064,123.456119050634,2.56192475278986
"5167",5166,123.456119050634,122.98110336447,2.56187264530123
"5168",5167,122.98110336447,122.599765720925,2.56181941800729
"5169",5168,122.599765720925,122.408651356814,2.56176505827241
"5170",5169,122.408651356814,121,2.56170955318
"5171",5170,121,121.593064360886,2.56165288981348
"5172",5171,121.593064360886,121.593064360886,2.56159505711405
"5173",5172,121.593064360886,121.641191447698,2.56153604416894
"5174",5173,121.641191447698,121.977549351406,2.56147583590425
"5175",5174,121.977549351406,122,2.56141441166547
"5176",5175,122,122,2.5613517507981
"5177",5176,122,123,2.56128783264763
"5178",5177,123,124,2.56122263655957
"5179",5178,124,123,2.56115614187942
"5180",5179,123,122,2.56108832795266
"5181",5180,122,122,2.56101917564861
"5182",5181,122,121,2.56094867728819
"5183",5182,121,120,2.56087682594798
"5184",5183,120,116,2.56080361535284
"5185",5184,116,114,2.56072903922762
"5186",5185,114,114,2.56065309129718
"5187",5186,114,112,2.56057576528636
"5188",5187,112,111,2.56049706502713
"5189",5188,111,109,2.56041700302187
"5190",5189,109,109,2.56033559177297
"5191",5190,109,109.271577872462,2.56025284378283
"5192",5191,109.271577872462,109,2.56016877155383
"5193",5192,109,108,2.56008338758838
"5194",5193,108,108,2.55999670437016
"5195",5194,108,107,2.55990873343047
"5196",5195,107,109,2.55981948616685
"5197",5196,109,108,2.5597289739768
"5198",5197,108,109,2.55963720825786
"5199",5198,109,109,2.55954420040754
"5200",5199,109,109,2.55944996182338
"5201",5200,109,111,2.55935450390288
"5202",5201,111,111,2.55925783759954
"5203",5202,111,111,2.55915997362705
"5204",5203,111,112,2.55906092269914
"5205",5204,112,112,2.5589606955295
"5206",5205,112,110,2.55885930283184
"5207",5206,110,109,2.55875675460043
"5208",5207,109,109,2.55865306071224
"5209",5208,109,111,2.55854823104428
"5210",5209,111,112,2.55844227547352
"5211",5210,112,112,2.55833520387697
"5212",5211,112,112.33536707557,2.5582270261316
"5213",5212,112.33536707557,112.231111493802,2.55811775211443
"5214",5213,112.231111493802,111.340997638182,2.55800739170242
"5215",5214,111.340997638182,110.072112940094,2.55789595477258
"5216",5215,110.072112940094,108.734613549181,2.55778345166971
"5217",5216,108.734613549181,107.978377544448,2.55766989323997
"5218",5217,107.978377544448,106.119370310383,2.5575552903295
"5219",5218,106.119370310383,104.954711725763,2.55743965480214
"5220",5219,104.954711725763,103.720567451029,2.55732299986951
"5221",5220,103.720567451029,102.357258672897,2.55720533851963
"5222",5221,102.357258672897,101.322739849645,2.55708668374049
"5223",5222,101.322739849645,101.380490069771,2.5569670485201
"5224",5223,101.380490069771,101.956193124267,2.55684644584647
"5225",5224,101.956193124267,101.898769196733,2.5567248887076
"5226",5225,101.898769196733,100.859547783452,2.5566023900915
"5227",5226,100.859547783452,100.219163238424,2.55647896298617
"5228",5227,100.219163238424,99.2803213058231,2.55635462037963
"5229",5228,99.2803213058231,99.2803213058231,2.55622937525987
"5230",5229,99.2803213058231,100.568969393317,2.55610323606278
"5231",5230,100.568969393317,101.956193124267,2.55597620137245
"5232",5231,101.956193124267,102.070944060237,2.55584826963553
"5233",5232,102.070944060237,101.611162720321,2.55571943797134
"5234",5233,101.611162720321,101.783824116671,2.5555897034992
"5235",5234,101.783824116671,101.380490069771,2.55545906480352
"5236",5235,101.380490069771,100.801499107569,2.55532752073426
"5237",5236,100.801499107569,100.219163238424,2.55519507014135
"5238",5237,100.219163238424,100.102289514221,2.55506171187473
"5239",5238,100.102289514221,100.917563065327,2.55492744478434
"5240",5239,100.917563065327,101.033493650987,2.55479226772013
"5241",5240,101.033493650987,101.264956745343,2.55465617953204
"5242",5241,101.264956745343,102.357258672897,2.55451917907001
"5243",5242,102.357258672897,103.664120871778,2.55438126518397
"5244",5243,103.664120871778,105.010464576371,2.55424243316569
"5245",5244,105.010464576371,106.009001738852,2.55410267353492
"5246",5245,106.009001738852,107.216807675484,2.55396197720199
"5247",5246,107.216807675484,107.216807675484,2.5538203365926
"5248",5247,107.216807675484,107.869911054801,2.55367774413246
"5249",5248,107.869911054801,107.761335359102,2.55353420650924
"5250",5249,107.761335359102,107.325934244849,2.55338973104067
"5251",5250,107.325934244849,106,2.55324432504451
"5252",5251,106,105,2.55309799583851
"5253",5252,105,104,2.55295075074042
"5254",5253,104,103,2.55280259706799
"5255",5254,103,102,2.55265354213897
"5256",5255,102,101,2.55250359327111
"5257",5256,101,100,2.55235275778215
"5258",5257,100,99,2.55220104542175
"5259",5258,99,99.1623410928473,2.55204846802576
"5260",5259,99.1623410928473,99.3392588741052,2.55189503743002
"5261",5260,99.3392588741052,100.277548964359,2.55174076547041
"5262",5261,100.277548964359,101.207140603916,2.55158566398277
"5263",5262,101.207140603916,101.898769196733,2.55142972742609
"5264",5263,101.898769196733,102.300059836269,2.55127295007988
"5265",5264,102.300059836269,102.756758781829,2.55111532622364
"5266",5265,102.756758781829,102.528663587847,2.55095685013687
"5267",5266,102.528663587847,101.783824116671,2.55079751609909
"5268",5267,101.783824116671,100.685301369849,2.55063731838979
"5269",5268,100.685301369849,99.6334237806523,2.55047625128849
"5270",5269,99.6334237806523,99.5158621398934,2.55031430907467
"5271",5270,99.5158621398934,99.3981615188832,2.55015148602786
"5272",5271,99.3981615188832,99.0442203191404,2.54998778226519
"5273",5272,99.0442203191404,99.4570292401572,2.54982320105592
"5274",5273,99.4570292401572,100.102289514221,2.5496577456693
"5275",5274,100.102289514221,100.685301369849,2.54949141912307
"5276",5275,100.685301369849,100.102289514221,2.54932422426289
"5277",5276,100.102289514221,99.8681318038624,2.5491561608155
"5278",5277,99.8681318038624,100,2.54898722836868
"5279",5278,100,100,2.54881742651021
"5280",5279,100,101,2.54864675482787
"5281",5280,101,100,2.54847521290945
"5282",5281,100,100,2.54830280034272
"5283",5282,100,100,2.54812951671547
"5284",5283,100,100,2.54795536161547
"5285",5284,100,99,2.54778033463431
"5286",5285,99,99,2.54760443545913
"5287",5286,99,99.3981615188832,2.54742766377706
"5288",5287,99.3981615188832,98.6890097902278,2.54725001927526
"5289",5288,98.6890097902278,98.8667746066638,2.54707150130514
"5290",5289,98.8667746066638,99.1623410928473,2.54689210907762
"5291",5290,99.1623410928473,99.5158621398934,2.54671184253787
"5292",5291,99.5158621398934,99.7508467980425,2.5465307019931
"5293",5292,99.7508467980425,100.160743404717,2.54634868775053
"5294",5293,100.160743404717,100,2.54616580011736
"5295",5294,100,99.9852792059779,2.54598203940083
"5296",5295,99.9852792059779,99.8095065077884,2.54579740590813
"5297",5296,99.8095065077884,99.2803213058231,2.54561189994648
"5298",5297,99.2803213058231,98.8667746066638,2.5454255218231
"5299",5298,98.8667746066638,97.9747253261358,2.54523827403528
"5300",5299,97.9747253261358,97.6755651349067,2.54505015999709
"5301",5300,97.6755651349067,97.4355756582141,2.54486118312258
"5302",5301,97.4355756582141,96.8934260867827,2.5446713468258
"5303",5302,96.8934260867827,98.3325161156935,2.54448065750112
"5304",5303,98.3325161156935,97.495628433399,2.54428912409954
"5305",5304,97.495628433399,97.3754859201963,2.54409675830854
"5306",5305,97.3754859201963,97.8551710063151,2.54390357765478
"5307",5306,97.8551710063151,97.8551710063151,2.54370959966493
"5308",5307,97.8551710063151,98.6890097902278,2.54351484186566
"5309",5308,98.6890097902278,99.9852792059779,2.54331932178364
"5310",5309,99.9852792059779,100.102289514221,2.54312305694555
"5311",5310,100.102289514221,99.2803213058231,2.54292606487804
"5312",5311,99.2803213058231,98.1537837397531,2.54272836825277
"5313",5312,98.1537837397531,97.9747253261358,2.54252999251947
"5314",5313,97.9747253261358,98.3325161156935,2.54233096312787
"5315",5314,98.3325161156935,97.6156230952705,2.54213130552773
"5316",5315,97.6156230952705,96.590916960936,2.54193104516878
"5317",5316,96.590916960936,96.1049218859018,2.54173020628212
"5318",5317,96.1049218859018,95.9220388642462,2.54152881103797
"5319",5318,95.9220388642462,95.9220388642462,2.54132688160655
"5320",5319,95.9220388642462,96.0439995409566,2.54112443669245
"5321",5320,96.0439995409566,96.3482258325569,2.54092149319176
"5322",5321,96.3482258325569,97.014165613464,2.54071806800056
"5323",5322,97.014165613464,97.014165613464,2.54051417801493
"5324",5323,97.014165613464,97.1949936545659,2.5403098273893
"5325",5324,97.1949936545659,97.2551949438639,2.54010500318981
"5326",5325,97.2551949438639,97.6755651349067,2.53989969248264
"5327",5326,97.6755651349067,97.735470415643,2.53969388233395
"5328",5327,97.735470415643,97.9747253261358,2.5394875598099
"5329",5328,97.9747253261358,97.9149664182174,2.53928071197665
"5330",5329,97.9149664182174,98.1537837397531,2.53907332590037
"5331",5330,98.1537837397531,98.272974804148,2.53886538864722
"5332",5331,98.272974804148,98.9259585258535,2.53865688713721
"5333",5332,98.9259585258535,98.2133973455012,2.53844780827885
"5334",5333,98.2133973455012,98.3325161156935,2.53823813914339
"5335",5334,98.3325161156935,97.6156230952705,2.53802787009233
"5336",5335,97.6156230952705,97.1347550455526,2.53781700632948
"5337",5336,97.1347550455526,97.1347550455526,2.53760555305861
"5338",5337,97.1347550455526,96,2.53739351548352
"5339",5338,96,97,2.53718089880799
"5340",5339,97,97,2.53696770823582
"5341",5340,97,97,2.53675394897079
"5342",5341,97,96,2.53653962621668
"5343",5342,96,95,2.5363247451773
"5344",5343,95,94,2.53610931105642
"5345",5344,94,93,2.53589332914134
"5346",5345,93,93,2.53567680941147
"5347",5346,93,94,2.53545976462492
"5348",5347,94,93.6996050027951,2.53524220753979
"5349",5348,93.6996050027951,94.3222005854874,2.53502414980204
"5350",5349,94.3222005854874,93.5745887998846,2.5348056008337
"5351",5350,93.5745887998846,93.3867506683226,2.53458657005677
"5352",5351,93.3867506683226,93.5745887998846,2.53436706689328
"5353",5352,93.5745887998846,93.3240539544536,2.53414710076524
"5354",5353,93.3240539544536,92,2.53392668109466
"5355",5354,92,91,2.53370581730357
"5356",5355,91,91,2.53348451344131
"5357",5356,91,92,2.53326277186502
"5358",5357,92,93,2.53304059493188
"5359",5358,93,94,2.53281798569753
"5360",5359,94,94,2.53259494751007
"5361",5360,94,94,2.53237148371758
"5362",5361,94,93.3240539544536,2.53214759766813
"5363",5362,93.3240539544536,92.3784971242224,2.53192329270979
"5364",5363,92.3784971242224,92.9469855435885,2.53169857950633
"5365",5364,92.9469855435885,92.3151156547572,2.53147347114671
"5366",5365,92.3151156547572,92.2516905946409,2.53124798568991
"5367",5366,92.2516905946409,92.4418351559861,2.53102214119493
"5368",5367,92.4418351559861,93.1985339863696,2.53079595572072
"5369",5368,93.1985339863696,93.5745887998846,2.53056944732629
"5370",5369,93.5745887998846,93.6996050027951,2.5303426340706
"5371",5370,93.6996050027951,93.0728447540029,2.53011553401263
"5372",5371,93.0728447540029,92.8209556413616,2.52988816502373
"5373",5372,92.8209556413616,93.3240539544536,2.52966054496046
"5374",5373,93.3240539544536,93.1357105792048,2.52943269167943
"5375",5374,93.1357105792048,93.1985339863696,2.52920461459897
"5376",5375,93.1985339863696,93.1985339863696,2.52897632189421
"5377",5376,93.1985339863696,93.0728447540029,2.5287478217403
"5378",5377,93.0728447540029,93.0728447540029,2.52851911648748
"5379",5378,93.0728447540029,94.1980106675853,2.52829020348912
"5380",5379,94.1980106675853,92.3784971242224,2.52806108009858
"5381",5380,92.3784971242224,91.8064885176105,2.52783174366921
"5382",5381,91.8064885176105,92,2.52760219155437
"5383",5382,92,92.6947544355232,2.52737242110742
"5384",5383,92.6947544355232,93.0728447540029,2.52714242676913
"5385",5384,93.0728447540029,93.1985339863696,2.5269122016021
"5386",5385,93.1985339863696,93.0728447540029,2.52668173866893
"5387",5386,93.0728447540029,92.6947544355232,2.52645103103224
"5388",5387,92.6947544355232,92.1882219438736,2.52622007175461
"5389",5388,92.1882219438736,91.5511153138415,2.52598885389865
"5390",5389,91.5511153138415,91.2950277842101,2.52575737052697
"5391",5390,91.2950277842101,91,2.52552561470216
"5392",5391,91,91,2.52529357948683
"5393",5392,91,91,2.52506125941099
"5394",5393,91,92,2.52482865209257
"5395",5394,92,92,2.52459575884708
"5396",5395,92,92,2.52436258457034
"5397",5396,92,92,2.52412913528586
"5398",5397,92,91,2.52389541701714
"5399",5398,91,91,2.52366143578769
"5400",5399,91,90.9095438795072,2.52342719762099
"5401",5400,90.9095438795072,90.9095438795072,2.52319270854056
"5402",5401,90.9095438795072,90.3930082256389,2.5229579745699
"5403",5402,90.3930082256389,90.7806855303315,2.5227230017325
"5404",5403,90.7806855303315,90.9739046346169,2.52248779207066
"5405",5404,90.9739046346169,91.102489713746,2.52225234596017
"5406",5405,91.102489713746,91.423161203014,2.52201666377679
"5407",5406,91.423161203014,91.2308935985196,2.52178074502295
"5408",5407,91.2308935985196,92.4418351559861,2.52154458076457
"5409",5408,92.4418351559861,93.0099364087975,2.52130816206759
"5410",5409,93.0099364087975,92.4418351559861,2.52107147999793
"5411",5410,92.4418351559861,92.1882219438736,2.52083452562151
"5412",5411,92.1882219438736,91.5511153138415,2.52059729000429
"5413",5412,91.5511153138415,92.0611533605534,2.52035976421217
"5414",5413,92.0611533605534,92.4418351559861,2.52012193170341
"5415",5414,92.4418351559861,93.0099364087975,2.51988377580234
"5416",5415,93.0099364087975,92.5051298010316,2.51964527983326
"5417",5416,92.5051298010316,92.5683811613254,2.5194064271205
"5418",5417,92.5683811613254,93.1985339863696,2.51916720098838
"5419",5418,93.1985339863696,95,2.51892758279972
"5420",5419,95,97,2.5186875530963
"5421",5420,97,96,2.51844709241988
"5422",5421,96,95,2.51820618870859
"5423",5422,95,94,2.51796483858812
"5424",5423,94,93,2.51772304271076
"5425",5424,93,93,2.51748080172877
"5426",5425,93,93,2.51723811629444
"5427",5426,93,92.5683811613254,2.51699498706003
"5428",5427,92.5683811613254,93.5745887998846,2.51675141467784
"5429",5428,93.5745887998846,94.5081794610682,2.51650739980013
"5430",5429,94.5081794610682,96.2266507419216,2.51626294230924
"5431",5430,96.2266507419216,97.6156230952705,2.51601804156083
"5432",5431,97.6156230952705,98.272974804148,2.51577269756988
"5433",5432,98.272974804148,98.8667746066638,2.51552691672026
"5434",5433,98.8667746066638,99.6334237806523,2.51528070539586
"5435",5434,99.6334237806523,100.685301369849,2.51503406998055
"5436",5435,100.685301369849,101.264956745343,2.51478702792617
"5437",5436,101.264956745343,101.726302862175,2.51453960854591
"5438",5437,101.726302862175,101.726302862175,2.51429184115294
"5439",5438,101.726302862175,101.956193124267,2.51404375506045
"5440",5439,101.956193124267,102.070944060237,2.51379537958162
"5441",5440,102.070944060237,102.185566161616,2.51354674664506
"5442",5441,102.185566161616,102.128271221623,2.51329789475468
"5443",5442,102.128271221623,102.300059836269,2.51304886286635
"5444",5443,102.300059836269,102.070944060237,2.51279968993594
"5445",5444,102.070944060237,102.357258672897,2.51255041491931
"5446",5445,102.357258672897,101.956193124267,2.51230107677233
"5447",5446,101.956193124267,101.611162720321,2.51205171445088
"5448",5447,101.611162720321,102,2.51180236691081
"5449",5448,102,102,2.511553073108
"5450",5449,102,102.300059836269,2.51130386600388
"5451",5450,102.300059836269,102.300059836269,2.51105477458147
"5452",5451,102.300059836269,102.300059836269,2.5108058219883
"5453",5452,102.300059836269,102.185566161616,2.51055703091034
"5454",5453,102.185566161616,102.471560497703,2.51030842403354
"5455",5454,102.471560497703,103.097955400757,2.51006002404388
"5456",5455,103.097955400757,103.438026565156,2.5098118536273
"5457",5456,103.438026565156,103.438026565156,2.50956393546977
"5458",5457,103.438026565156,103.324793858424,2.50931629225726
"5459",5458,103.324793858424,103.211436956574,2.50906894667572
"5460",5459,103.211436956574,103.097955400757,2.50882191237365
"5461",5460,103.097955400757,102.642774582469,2.50857520166806
"5462",5461,102.642774582469,102.185566161616,2.50832882708821
"5463",5462,102.185566161616,101.726302862175,2.50808280321381
"5464",5463,101.726302862175,101.149291374381,2.50783713910078
"5465",5464,101.149291374381,101.033493650987,2.50759184149277
"5466",5465,101.033493650987,100.801499107569,2.50734691713344
"5467",5466,100.801499107569,101.380490069771,2.50710237276648
"5468",5467,101.380490069771,102.185566161616,2.50685821513553
"5469",5468,102.185566161616,102.185566161616,2.50661445071549
"5470",5469,102.185566161616,102.300059836269,2.50637108597655
"5471",5470,102.300059836269,102.414425492064,2.50612812738886
"5472",5471,102.414425492064,102.642774582469,2.50588558142259
"5473",5472,102.642774582469,102.528663587847,2.50564345600955
"5474",5473,102.528663587847,103.494596421827,2.50540176323131
"5475",5474,103.494596421827,102.528663587847,2.50516051516941
"5476",5475,102.528663587847,103.551135433652,2.50491972390544
"5477",5476,103.551135433652,104.675502083331,2.50467940152094
"5478",5477,104.675502083331,104.227210933143,2.50443956346892
"5479",5478,104.227210933143,102.642774582469,2.50420022596244
"5480",5479,102.642774582469,100,2.50396140521456
"5481",5480,100,99.9852792059779,2.50372311743834
"5482",5481,99.9852792059779,99.7508467980425,2.50348537884684
"5483",5482,99.7508467980425,99.0442203191404,2.50324820565312
"5484",5483,99.0442203191404,99.1032983461872,2.50301161256247
"5485",5484,99.1032983461872,98.3920214330874,2.50277561225803
"5486",5485,98.3920214330874,98.3920214330874,2.50254021742297
"5487",5486,98.3920214330874,97,2.50230543908251
"5488",5487,97,96.4089559197883,2.50207128545806
"5489",5488,96.4089559197883,95.5552228725508,2.50183776477101
"5490",5489,95.5552228725508,96.0439995409566,2.50160488524277
"5491",5490,96.0439995409566,96.165805585568,2.50137265509476
"5492",5491,96.165805585568,94,2.50114106856606
"5493",5492,94,93.8244546435336,2.50091011879704
"5494",5493,93.8244546435336,95,2.50067979892806
"5495",5494,95,96,2.50045010316232
"5496",5495,96,98,2.50022102643011
"5497",5496,98,99,2.49999256663915
"5498",5497,99,101,2.49976472330495
"5499",5498,101,103,2.49953749594298
"5500",5499,103,104,2.49931088406872
"5501",5500,104,104.451596996075,2.49908488719767
"5502",5501,104.451596996075,104.171038898519,2.49885950484531
"5503",5502,104.171038898519,104,2.49863473652711
"5504",5503,104,103,2.49841058175858
"5505",5504,103,103,2.49818704426676
"5506",5505,103,103,2.49796413553664
"5507",5506,103,103,2.49774186524433
"5508",5507,103,103,2.49752024246608
"5509",5508,103,102,2.49729927627814
"5510",5509,102,102,2.49707897575678
"5511",5510,102,102,2.49685934997824
"5512",5511,102,102.070944060237,2.49664040801879
"5513",5512,102.070944060237,102.070944060237,2.49642215895467
"5514",5513,102.070944060237,101.726302862175,2.49620461186215
"5515",5514,101.726302862175,101.495891908481,2.49598777581748
"5516",5515,101.495891908481,101.380490069771,2.49577165989692
"5517",5516,101.380490069771,101.322739849645,2.49555627346311
"5518",5517,101.322739849645,100.801499107569,2.49534162793438
"5519",5518,100.801499107569,100.859547783452,2.49512773385787
"5520",5519,100.859547783452,100.45250266814,2.49491460148312
"5521",5520,100.45250266814,99.2803213058231,2.49470224105966
"5522",5521,99.2803213058231,100.685301369849,2.49449066283704
"5523",5522,100.685301369849,100.685301369849,2.49427987706478
"5524",5523,100.685301369849,100,2.49406989399243
"5525",5524,100,100,2.49386072386953
"5526",5525,100,99.8681318038624,2.49365237694561
"5527",5526,99.8681318038624,99.9852792059779,2.4934448634702
"5528",5527,99.9852792059779,100.394218653725,2.49323819302088
"5529",5528,100.394218653725,100.743416986696,2.49303237502373
"5530",5529,100.743416986696,100.685301369849,2.49282742020048
"5531",5530,100.685301369849,100.394218653725,2.49262334015918
"5532",5531,100.394218653725,100.394218653725,2.49242014669423
"5533",5532,100.394218653725,100.335900786453,2.49221785340046
"5534",5533,100.335900786453,100.510752880682,2.4920164738727
"5535",5534,100.510752880682,100.568969393317,2.49181602170576
"5536",5535,100.568969393317,100,2.49161651049446
"5537",5536,100,100.568969393317,2.49141795383363
"5538",5537,100.568969393317,100.568969393317,2.4912203662545
"5539",5538,100.568969393317,100.335900786453,2.49102376494684
"5540",5539,100.335900786453,100.277548964359,2.49082816710044
"5541",5540,100.277548964359,100.219163238424,2.49063358990508
"5542",5541,100.219163238424,100.917563065327,2.49044005035763
"5543",5542,100.917563065327,101.149291374381,2.49024756359149
"5544",5543,101.149291374381,99.5746603200585,2.49005614474006
"5545",5544,99.5746603200585,101.841312843874,2.48986580893672
"5546",5545,101.841312843874,101.726302862175,2.48967657164761
"5547",5546,101.726302862175,102.070944060237,2.48948844962977
"5548",5547,102.070944060237,101.956193124267,2.48930145964023
"5549",5548,101.956193124267,101.611162720321,2.48911561796153
"5550",5549,101.611162720321,101.438207405722,2.4889309381738
"5551",5550,101.438207405722,101.149291374381,2.48874743385717
"5552",5551,101.149291374381,100.917563065327,2.48856511859176
"5553",5552,100.917563065327,100.568969393317,2.48838400595772
"5554",5553,100.568969393317,100.627152206045,2.48820410953517
"5555",5554,100.627152206045,100.219163238424,2.48802544385001
"5556",5555,100.219163238424,99.7508467980425,2.48784802547494
"5557",5556,99.7508467980425,100.335900786453,2.48767187098267
"5558",5557,100.335900786453,100,2.48749699694592
"5559",5558,100,100,2.4873234199374
"5560",5559,100,100,2.48715115478494
"5561",5560,100,100,2.48698021191945
"5562",5561,100,100,2.4868106017719
"5563",5562,100,100,2.4866423347732
"5564",5563,100,100,2.48647542135431
"5565",5564,100,100,2.48630987194616
"5566",5565,100,100,2.48614569697968
"5567",5566,100,101,2.48598290688582
"5568",5567,101,101,2.4858215108152
"5569",5568,101,101,2.48566151682013
"5570",5569,101,101,2.48550293295289
"5571",5570,101,102,2.4853457672658
"5572",5571,102,102,2.48519002409552
"5573",5572,102,102,2.48503570748673
"5574",5573,102,102,2.48488282356469
"5575",5574,102,102,2.48473138124494
"5576",5575,102,103,2.48458138944302
"5577",5576,103,103,2.48443285707448
"5578",5577,103,103,2.48428579305487
"5579",5578,103,103,2.48414020629973
"5580",5579,103,104,2.48399610572461
"5581",5580,104,104,2.48385349919464
"5582",5581,104,104,2.48371239424408
"5583",5582,104,102,2.48357279689588
"5584",5583,102,102,2.48343471187643
"5585",5584,102,102,2.48329814391215
"5586",5585,102,102.300059836269,2.48316309772944
"5587",5586,102.300059836269,103,2.48302957805472
"5588",5587,103,103,2.48289758456083
"5589",5588,103,102,2.48276711258542
"5590",5589,102,102,2.48263815746612
"5591",5590,102,102,2.48251071454058
"5592",5591,102,103,2.48238477914643
"5593",5592,103,103,2.48226034662131
"5594",5593,103,104,2.48213741396177
"5595",5594,104,104,2.48201598000949
"5596",5595,104,104,2.48189604387366
"5597",5596,104,104,2.48177760466349
"5598",5597,104,104,2.48166066148817
"5599",5598,104,103,2.48154521345691
"5600",5599,103,103,2.48143125967892
"5601",5600,103,103,2.48131879926339
"5602",5601,103,102.300059836269,2.48120783154155
"5603",5602,102.300059836269,102.01358472844,2.48109835596451
"5604",5603,102.01358472844,101.841312843874,2.48099037198338
"5605",5604,101.841312843874,102.070944060237,2.48088387904927
"5606",5605,102.070944060237,102.185566161616,2.48077887798129
"5607",5606,102.185566161616,102.414425492064,2.48067537618465
"5608",5607,102.414425492064,102.642774582469,2.48057338116498
"5609",5608,102.642774582469,102.756758781829,2.48047290042796
"5610",5609,102.756758781829,103,2.48037394147922
"5611",5610,103,102.927498467756,2.48027651182442
"5612",5611,102.927498467756,102.756758781829,2.48018061896921
"5613",5612,102.756758781829,103.438026565156,2.48008627041924
"5614",5613,103.438026565156,102,2.47999347368018
"5615",5614,102,102,2.47990223625766
"5616",5615,102,102,2.47981256542343
"5617",5616,102,102,2.47972446819857
"5618",5617,102,102,2.47963795160414
"5619",5618,102,102,2.4795530187904
"5620",5619,102,103,2.47946966771632
"5621",5620,103,103,2.47938789634089
"5622",5621,103,103,2.47930770262308
"5623",5622,103,103,2.47922908452187
"5624",5623,103,103,2.47915203999624
"5625",5624,103,103,2.47907656700516
"5626",5625,103,103,2.47900266350762
"5627",5626,103,103,2.47893032746259
"5628",5627,103,103,2.47885955682904
"5629",5628,103,103,2.47879034956597
"5630",5629,103,103,2.47872270590839
"5631",5630,103,104,2.47865663101727
"5632",5631,104,104,2.47859212924801
"5633",5632,104,104.731403550019,2.47852920702743
"5634",5633,104.731403550019,103.889723139366,2.47846787078231
"5635",5634,103.889723139366,104.114836579864,2.47840812693944
"5636",5635,104.114836579864,103.324793858424,2.47834998192562
"5637",5636,103.324793858424,102.642774582469,2.47829344216764
"5638",5637,102.642774582469,102.414425492064,2.47823851409228
"5639",5638,102.414425492064,102.414425492064,2.47818520412636
"5640",5639,102.414425492064,102.642774582469,2.47813351869664
"5641",5640,102.642774582469,102.642774582469,2.47808346422994
"5642",5641,102.642774582469,102.070944060237,2.47803504715304
"5643",5642,102.070944060237,101.495891908481,2.47798827389273
"5644",5643,101.495891908481,101.380490069771,2.4779431526549
"5645",5644,101.380490069771,99.2803213058231,2.47789969216771
"5646",5645,99.2803213058231,100.102289514221,2.47785789910334
"5647",5646,100.102289514221,100.102289514221,2.47781777710319
"5648",5647,100.102289514221,99.8095065077884,2.47777932980866
"5649",5648,99.8095065077884,99.4570292401572,2.47774256086115
"5650",5649,99.4570292401572,99.1623410928473,2.47770747390207
"5651",5650,99.1623410928473,99.2803213058231,2.47767407257281
"5652",5651,99.2803213058231,99.3981615188832,2.47764236051479
"5653",5652,99.3981615188832,99.6334237806523,2.47761234136939
"5654",5653,99.6334237806523,100.801499107569,2.47758401877803
"5655",5654,100.801499107569,101,2.47755739638211
"5656",5655,101,101,2.47753247782303
"5657",5656,101,100,2.47750926674219
"5658",5657,100,99,2.47748776648447
"5659",5658,99,98,2.47746798196196
"5660",5659,98,98,2.47744991808676
"5661",5660,98,97,2.47743357977097
"5662",5661,97,96,2.47741897192669
"5663",5662,96,95,2.47740609946601
"5664",5663,95,94.8173336375367,2.47739496730103
"5665",5664,94.8173336375367,92.1882219438736,2.47738558034384
"5666",5665,92.1882219438736,89,2.47737794350655
"5667",5666,89,87,2.47737206170125
"5668",5667,87,87.0952823244205,2.47736793984003
"5669",5668,87.0952823244205,86,2.477365582835
"5670",5669,86,85.3301129653625,2.47736499559825
"5671",5670,85.3301129653625,84,2.47736618304188
"5672",5671,84,83,2.47736914531844
"5673",5672,83,83,2.47737388085978
"5674",5673,83,83,2.47738038809776
"5675",5674,83,83,2.47738866596729
"5676",5675,83,82,2.4773987137474
"5677",5676,82,82,2.47741053071712
"5678",5677,82,81,2.47742411615547
"5679",5678,81,82,2.47743946934149
"5680",5679,82,82,2.4774565895542
"5681",5680,82,82,2.47747547607264
"5682",5681,82,82,2.47749612817583
"5683",5682,82,81.8286040842125,2.4775185451428
"5684",5683,81.8286040842125,81.4701766162327,2.47754272625258
"5685",5684,81.4701766162327,81.1101652526303,2.47756867088171
"5686",5685,81.1101652526303,81.182295238311,2.47759637842696
"5687",5686,81.182295238311,80.6760309693694,2.47762584828511
"5688",5687,80.6760309693694,80.3853055946177,2.47765707985292
"5689",5688,80.3853055946177,80.6760309693694,2.47769007319858
"5690",5689,80.6760309693694,81,2.47772482867131
"5691",5690,81,81,2.47776134662036
"5692",5691,81,82,2.47779962739497
"5693",5692,82,81.8286040842125,2.47783967134436
"5694",5693,81.8286040842125,81.3983016995899,2.47788147881777
"5695",5694,81.3983016995899,80.8210014938352,2.47792505016445
"5696",5695,80.8210014938352,77.4935954065638,2.47797038573362
"5697",5696,77.4935954065638,70,2.47801748587452
"5698",5697,70,68.2572307231085,2.47806635117085
"5699",5698,68.2572307231085,65.4557300364279,2.47811698131241
"5700",5699,65.4557300364279,63.365692912407,2.47816937553063
"5701",5700,63.365692912407,61.3952912734892,2.47822353305692
"5702",5701,61.3952912734892,60,2.47827945312269
"5703",5702,60,59,2.47833712899879
"5704",5703,59,59,2.4783965488427
"5705",5704,59,59,2.47845770081195
"5706",5705,59,59,2.47852057306403
"5707",5706,59,59,2.47858515375645
"5708",5707,59,59,2.47865143104672
"5709",5708,59,59,2.47871939309234
"5710",5709,59,59,2.4787890279968
"5711",5710,59,59,2.47886032250566
"5712",5711,59,58,2.47893326079195
"5713",5712,58,58,2.4790078256397
"5714",5713,58,58,2.47908399983291
"5715",5714,58,58,2.47916176615559
"5716",5715,58,58,2.47924110739176
"5717",5716,58,57,2.47932200876268
"5718",5717,57,56,2.4794044596114
"5719",5718,56,56,2.47948844928099
"5720",5719,56,56,2.47957396711448
"5721",5720,56,55,2.47966100245492
"5722",5721,55,56,2.47974954464538
"5723",5722,56,56,2.47983958315689
"5724",5723,56,57,2.47993111386016
"5725",5724,57,58,2.48002414117005
"5726",5725,58,59,2.4801186695014
"5727",5726,59,60,2.48021470326907
"5728",5727,60,60,2.48031224688789
"5729",5728,60,60,2.48041130477273
"5730",5729,60,61,2.48051188133844
"5731",5730,61,61,2.48061398099984
"5732",5731,61,62,2.48071760846412
"5733",5732,62,62,2.4808227684614
"5734",5733,62,64,2.4809294657218
"5735",5734,64,64,2.48103770480041
"5736",5735,64,64,2.48114748309121
"5737",5736,64,65,2.48125879798815
"5738",5737,65,66,2.4813716468852
"5739",5738,66,66,2.48148602717634
"5740",5739,66,67,2.48160193625552
"5741",5740,67,67,2.48171937151673
"5742",5741,67,68,2.48183833035391
"5743",5742,68,68,2.48195881016105
"5744",5743,68,68,2.48208080833211
"5745",5744,68,68,2.48220432209404
"5746",5745,68,69,2.4823293431788
"5747",5746,69,69,2.48245586192898
"5748",5747,69,69,2.48258386818713
"5749",5748,69,67,2.4827133513668
"5750",5749,67,66,2.48284430088157
"5751",5750,66,66,2.48297670614499
"5752",5751,66,65,2.48311055657062
"5753",5752,65,65,2.48324584157203
"5754",5753,65,64,2.48338255056277
"5755",5754,64,64,2.48352067295642
"5756",5755,64,64,2.48366020085286
"5757",5756,64,63,2.4838011271981
"5758",5757,63,62,2.48394344493813
"5759",5758,62,61,2.48408714562188
"5760",5759,61,59,2.48423222030652
"5761",5760,59,58,2.48437866238746
"5762",5761,58,57,2.48452646526012
"5763",5762,57,55,2.48467562231993
"5764",5763,55,52,2.48482612696231
"5765",5764,52,47,2.48497797143445
"5766",5765,47,38,2.48513114549858
"5767",5766,38,36,2.48528563891688
"5768",5767,36,34,2.48544144145157
"5769",5768,34,35,2.48559854286484
"5770",5769,35,36,2.48575693291891
"5771",5770,36,38,2.48591660137596
"5772",5771,38,41,2.48607753837352
"5773",5772,41,44,2.48623973483858
"5774",5773,44,47,2.48640318235015
"5775",5774,47,50,2.48656787670636
"5776",5775,50,51,2.48673381432692
"5777",5776,51,49,2.48690099163157
"5778",5777,49,48,2.48706940504003
"5779",5778,48,48,2.48723905097204
"5780",5779,48,47,2.48740992584731
"5781",5780,47,46,2.48758202608558
"5782",5781,46,46,2.48775534810657
"5783",5782,46,47,2.48792988833001
"5784",5783,47,47,2.48810564895561
"5785",5784,47,47,2.48828263468205
"5786",5785,47,47,2.48846085020817
"5787",5786,47,48,2.48864030023282
"5788",5787,48,47,2.48882098945484
"5789",5788,47,44.0819880325883,2.48900292257307
"5790",5789,44.0819880325883,37,2.48918610428636
"5791",5790,37,32.4584952897377,2.48937053929354
"5792",5791,32.4584952897377,28.005577316769,2.48955623229347
"5793",5792,28.005577316769,23,2.48974318798498
"5794",5793,23,16,2.48993140968839
"5795",5794,16,9,2.49012089887518
"5796",5795,9,9,2.49031164985624
